event,sym,side,size,frac,entry_b,entry_px,entry_fill,qty,pnl,trimmed,exit_b,exit_px,exit_fill,exit_reason,pnl_pct,bars_held
2017-07-05 09:30:00-04:00,IWM,1,1.0,1.0,1,125.31,125.322531,79.79411140363898,39.48898861610193,False,6,125.83,125.817417,vertical,0.003948898861610095,6
2017-07-06 09:30:00-04:00,TLT,-1,1.0,1.0,8,94.57,94.560543,106.16995916167807,-26.429631123830436,False,13,94.8,94.80948,vertical,-0.002632567370092209,6
2017-07-07 09:30:00-04:00,GLD,-1,1.0,1.0,15,115.44,115.428456,86.74688811130136,12.745633523305406,False,20,115.27,115.281527,vertical,0.0012729010253762496,6
2017-07-07 11:30:00-04:00,IWM,-1,1.0,1.0,17,125.26,125.24747400000001,80.11135357064158,-10.018886100250421,False,20,125.36,125.372536,vertical,-0.0009985191397949844,4
2017-07-10 11:30:00-04:00,IWM,1,1.0,1.0,24,125.36,125.372536,79.88819899850576,-45.138270421738454,False,27,124.82,124.80751799999999,vertical,-0.004506712698226112,4
2017-07-11 09:30:00-04:00,GLD,-1,1.0,1.0,29,114.92,114.908508,86.77031847366419,-62.41478879191605,False,29,115.6162567317143,115.62781835738747,upper,-0.0062598529030371,1
2017-07-11 10:30:00-04:00,GLD,-1,1.0,1.0,30,115.52,115.508448,85.77929335265308,-12.276389347457615,False,34,115.64,115.651564,vertical,-0.001239008942445441,5
2017-07-12 09:30:00-04:00,GLD,1,1.0,1.0,36,116.01,116.021601,85.29408809273555,-1.978993431927456,False,41,116.01,115.998399,vertical,-0.00019998000199983323,6
2017-07-12 09:30:00-04:00,IWM,1,1.0,1.0,36,126.77,126.78267699999999,78.05448575876196,-49.587468421140386,False,41,126.16,126.147384,vertical,-0.005010881731105865,6
2017-07-14 13:30:00-04:00,IWM,1,1.0,1.0,54,126.88,126.89268799999999,77.58043705797412,-32.99775277648949,False,55,126.48,126.467352,vertical,-0.0033519346678193562,2
2017-07-17 10:30:00-04:00,IWM,1,1.0,1.0,58,127.07,127.08270699999998,77.20478004709688,-23.57725895946152,False,62,126.79,126.777321,vertical,-0.0024030492205362464,5
2017-07-18 09:30:00-04:00,IWM,1,1.0,1.0,64,126.46,126.472646,77.39076782472944,-4.278858162260515,False,69,126.43,126.41735700000001,vertical,-0.00043716172428298616,6
2017-07-19 09:30:00-04:00,IWM,1,1.0,1.0,71,127.37,127.382737,76.80425585927657,25.690255542369602,False,76,127.73,127.71722700000001,vertical,0.0026258660151101676,6
2017-07-19 10:30:00-04:00,TLT,1,1.0,1.0,72,95.89,95.899589,101.99232432246262,-7.055115050358356,False,76,95.84,95.830416,vertical,-0.0007213065323982137,5
2017-07-20 09:30:00-04:00,TLT,1,1.0,1.0,78,96.26,96.269626,101.81998073925152,-16.213610092957136,False,83,96.12,96.110388,vertical,-0.0016540835008541643,6
2017-07-20 12:30:00-04:00,IWM,1,1.0,1.0,81,127.96,127.97279599999999,76.69947402933862,-15.767417674106058,False,83,127.78,127.767222,vertical,-0.0016063882827095366,3
2017-07-21 09:30:00-04:00,IWM,1,1.0,1.0,85,127.52,127.53275199999999,76.60926533858445,-27.23237215917152,False,90,127.19,127.177281,vertical,-0.002787291847979545,6
2017-07-21 09:30:00-04:00,SPY,1,1.0,1.0,85,214.63,214.651463,45.51653317791682,14.885590460905929,False,90,215.0,214.9785,vertical,0.0015235721920050516,6
2017-07-24 14:30:00-04:00,IWM,-1,1.0,1.0,97,127.36,127.347264,76.62389712298507,-4.2507106928976945,False,97,127.39,127.402739,vertical,-0.00043561988108353766,1
2017-07-25 09:30:00-04:00,IWM,1,1.0,1.0,99,128.24,128.252824,76.04973240150036,20.862114691843146,False,104,128.54,128.527146,vertical,0.002138915865119495,6
2017-07-25 09:30:00-04:00,TLT,-1,1.0,1.0,99,95.27,95.26047299999999,102.3886680148725,35.936681865862475,False,104,94.9,94.90949,vertical,0.0036844557763217045,6
2017-07-26 11:30:00-04:00,TLT,-1,1.0,1.0,108,94.57,94.560543,103.7472018481792,-52.71536319820637,False,110,95.05915067507392,95.06865659014143,upper,-0.00537342081613712,3
2017-07-26 12:30:00-04:00,IWM,1,1.0,1.0,109,128.03,128.042803,76.4564536739749,-16.483017478210087,False,111,127.84,127.827216,vertical,-0.0016837104073704756,3
2017-07-27 09:30:00-04:00,TLT,-1,1.0,1.0,113,94.34,94.330566,103.26656325605012,-25.702118195360146,False,118,94.57,94.57945699999999,vertical,-0.0026384978968534423,6
2017-07-28 10:30:00-04:00,GLD,1,1.0,1.0,121,120.75,120.762075,80.45150965336303,-5.965077183247576,False,125,120.7,120.68793000000001,vertical,-0.0006139758694937436,5
2017-07-31 13:30:00-04:00,IWM,-1,1.0,1.0,131,126.55,126.537345,76.73249478594168,19.545147606886346,False,132,126.27,126.28262699999999,vertical,0.002012986758968327,2
2017-08-01 14:30:00-04:00,IWM,1,1.0,1.0,139,126.51,126.52265100000001,76.8958857259977,0.3610261834834144,False,139,126.54,126.52734600000001,vertical,3.710797997746873e-05,1
2017-08-10 09:30:00-04:00,GLD,1,1.0,1.0,183,122.31,122.322231,79.53936303883938,-8.308204626858121,False,188,122.23,122.21777700000001,vertical,-0.0008539249092014423,6
2017-08-14 09:30:00-04:00,GLD,1,1.0,1.0,197,121.99,122.00219899999999,79.67990916789063,-9.911224541574143,False,202,121.89,121.87781100000001,vertical,-0.0010195553934235768,6
2017-08-22 13:30:00-04:00,TLT,-1,1.0,1.0,243,97.2,97.19028,99.91958979911718,-9.936803366342136,False,244,97.28,97.289728,vertical,-0.001023229895005917,2
2017-08-24 14:30:00-04:00,QQQ,-1,1.0,1.0,258,133.72,133.706628,72.5564338268631,9.669741048974073,False,258,133.56,133.573356,vertical,0.0009967493907632186,1
2017-08-28 11:30:00-04:00,TLT,-1,1.0,1.0,269,97.56,97.550244,99.54814513579252,-40.66421068497734,False,270,97.9489369855031,97.95873187920165,upper,-0.004187461378380997,2
2017-08-29 09:30:00-04:00,GLD,1,1.0,1.0,274,125.42,125.432542,77.09547684251665,-55.361895411735176,False,277,124.72691944590541,124.71444675396081,lower,-0.005724951711806869,4
2017-08-31 09:30:00-04:00,SPY,1,1.0,1.0,288,215.27,215.291527,44.66000067734789,6.561759919520923,False,293,215.46,215.438454,vertical,0.000682456026241951,6
2017-09-07 09:30:00-04:00,IWM,-1,1.0,1.0,316,123.75,123.73762500000001,77.75712117932426,-31.47514956793492,False,321,124.13,124.14241299999999,vertical,-0.0032713412755416282,6
2017-09-13 14:30:00-04:00,TLT,-1,1.0,1.0,349,97.47,97.460253,98.39915305779934,4.97043641840814,False,349,97.4,97.40974,vertical,0.0005182933395421196,1
2017-09-20 13:30:00-04:00,TLT,-1,1.0,1.0,383,96.81,96.800319,99.12133438751638,-31.658561232696986,False,384,97.11,97.119711,vertical,-0.0032994932589012205,2
2017-09-21 12:30:00-04:00,TLT,-1,1.0,1.0,389,97.08,97.070292,98.51951642614365,2.0283198041804007,False,391,97.04,97.049704,vertical,0.0002120937268839107,3
2017-09-27 09:30:00-04:00,TLT,-1,1.0,1.0,414,96.3,96.29037,99.33855843516584,-3.9002304812808544,False,419,96.32,96.32963199999999,vertical,-0.00040774586285197145,6
2017-10-03 10:30:00-04:00,IWM,1,1.0,1.0,443,133.7,133.71337,71.50703266627309,49.020567114067156,False,447,134.41234614336727,134.39890490875294,upper,0.005126898744328479,5
2017-10-04 13:30:00-04:00,IWM,1,1.0,1.0,453,133.9,133.91339,71.76628777466934,8.84196548527906,False,454,134.05,134.036595,vertical,0.0009200349569227217,2
2017-10-18 09:30:00-04:00,TLT,-1,1.0,1.0,519,96.5,96.49035,99.69192617818055,-18.873376388273453,False,524,96.67,96.679667,vertical,-0.0019620303999310362,6
2017-10-19 13:30:00-04:00,TLT,-1,1.0,1.0,530,96.96,96.95030399999999,99.02429468110314,12.934850444128323,False,531,96.81,96.819681,vertical,0.0013473191378542415,2
2017-10-20 09:30:00-04:00,TLT,-1,1.0,1.0,533,95.78,95.770422,100.37932508183643,-5.938440871840584,False,538,95.82,95.82958199999999,vertical,-0.0006177272561249669,6
2017-10-24 09:30:00-04:00,TLT,-1,1.0,1.0,547,95.43,95.42045700000001,100.68524281214475,2.1061339091453375,False,552,95.39,95.399539,vertical,0.00021921923932943788,6
2017-11-09 12:30:00-05:00,TLT,-1,1.0,1.0,634,97.65,97.640235,98.41780917671863,5.952112263391319,False,636,97.57,97.57975699999999,vertical,0.0006193962970287847,3
2017-11-09 13:30:00-05:00,QQQ,-1,1.0,1.0,635,144.11,144.09558900000002,66.763925045579,-33.306452523561944,False,636,144.58,144.594458,vertical,-0.003462069890286301,2
2017-11-10 09:30:00-05:00,TLT,-1,1.0,1.0,638,96.51,96.500349,99.29688105003426,37.80609589722874,False,643,96.11,96.11961099999999,vertical,0.003945457233527794,6
2017-11-16 09:30:00-05:00,IWM,1,1.0,1.0,666,131.75,131.763175,73.00969919582631,70.04928116148851,False,668,132.7359003058033,132.72262671577275,upper,0.007281637800339524,3
2017-11-16 09:30:00-05:00,SPY,-1,1.0,1.0,666,225.81,225.787419,42.606403024771815,-23.65562884259181,False,671,226.32,226.34263199999998,vertical,-0.0024590076916553016,6
2017-11-20 12:30:00-05:00,IWM,1,1.0,1.0,683,133.41,133.423341,72.44896846164208,23.421519871185293,False,685,133.76,133.746624,vertical,0.002422986844558217,3
2017-11-21 09:30:00-05:00,IWM,1,1.0,1.0,687,135.11,135.123511,71.71072504197363,1.647410486387757,False,692,135.16,135.146484,vertical,0.00017001482443701477,6
2017-11-22 09:30:00-05:00,IWM,1,1.0,1.0,694,135.26,135.27352599999998,71.64337798449559,-22.712598618777143,False,699,134.97,134.956503,vertical,-0.002343570167602338,6
2017-11-27 10:30:00-05:00,IWM,-1,1.0,1.0,706,134.78,134.766522,71.74437399144806,11.698852856167061,False,710,134.59,134.60345900000002,vertical,0.001209966671099516,5
2017-11-28 09:30:00-05:00,SPY,1,1.0,1.0,712,228.36,228.382836,42.3868920199891,32.44908238652365,False,713,229.17129834535118,229.14838121551665,upper,0.003352026049438628,2
2017-11-28 10:30:00-05:00,IWM,1,1.0,1.0,713,135.57,135.58355699999998,71.45996160824362,56.80136826694149,False,716,136.39206604684244,136.37842684023775,upper,0.005862582881180467,4
2017-11-28 11:30:00-05:00,DIA,1,1.0,1.0,714,200.88,200.90008799999998,48.34203411816266,36.69358057782811,False,716,201.67929681919304,201.65912888951112,upper,0.00377820088118197,3
2017-11-28 11:30:00-05:00,SPY,1,1.0,1.0,714,229.16,229.182916,42.376277769490805,32.91895125040067,False,716,229.982739256749,229.95974098282332,upper,0.0033895414037898863,3
2017-11-28 14:30:00-05:00,DIA,1,1.0,1.0,717,201.65,201.670165,48.789078896387934,4.862124446498933,False,717,201.79,201.769821,vertical,0.000494153411338738,1
2017-11-28 14:30:00-05:00,IWM,1,1.0,1.0,717,136.58,136.593658,72.03337062129613,10.997046559269513,False,717,136.76,136.746324,vertical,0.0011176653604223485,1
2017-11-28 14:30:00-05:00,SPY,1,1.0,1.0,717,229.83,229.85298300000002,42.80693451445253,6.592867212308439,False,717,230.03,230.006997,vertical,0.0006700543886348775,1
2017-11-29 09:30:00-05:00,IWM,1,1.0,1.0,719,137.38,137.39373799999998,71.7773151309898,-14.173076868448733,False,724,137.21,137.196279,vertical,-0.0014371761251592563,6
2017-11-29 09:30:00-05:00,TLT,-1,1.0,1.0,719,97.1,97.09029,101.5730165132955,-14.16252883848175,False,724,97.22,97.229722,vertical,-0.001436106535473325,6
2017-11-30 09:30:00-05:00,DIA,1,1.0,1.0,726,204.08,204.10040800000002,48.17931585782875,44.44250117039721,False,727,205.04335177581933,205.02284744064175,upper,0.004519537465313306,2
2017-11-30 09:30:00-05:00,SPY,1,1.0,1.0,726,231.11,231.133111,42.544393493426035,35.57643318363667,False,727,231.99252932346945,231.9693300705371,upper,0.0036179111980934042,2
2017-11-30 11:30:00-05:00,DIA,1,1.0,1.0,728,205.2,205.22052,48.306265660460035,15.88904181983565,False,731,205.57,205.549443,vertical,0.0016027783186594036,4
2017-11-30 11:30:00-05:00,IWM,1,1.0,1.0,728,137.75,137.763775,71.95967850109908,-27.885382854675637,False,731,137.39,137.376261,vertical,-0.0028128874952796368,4
2017-11-30 11:30:00-05:00,SPY,1,1.0,1.0,728,232.21,232.23322100000001,42.68741963535764,-19.055749500063186,False,731,231.81,231.786819,vertical,-0.0019222142210222337,4
2017-11-30 11:30:00-05:00,TLT,-1,1.0,1.0,728,96.92,96.910308,102.29496905631288,52.920724542595835,False,728,96.3833350895241,96.39297342303304,lower,0.0053382822492624715,1
2017-11-30 12:30:00-05:00,TLT,-1,1.0,1.0,729,96.45,96.44035500000001,103.63867623867496,-59.902212808848276,False,730,97.00864504567357,97.01834591017814,upper,-0.005993247434418203,2
2017-12-01 11:30:00-05:00,DIA,1,1.0,1.0,735,204.69,204.710469,48.24083217403304,28.413801909673342,False,738,205.32,205.299468,vertical,0.0028772294982137847,4
2017-12-01 11:30:00-05:00,IWM,-1,1.0,1.0,735,135.27,135.256473,73.0124271338688,-112.86791199914762,False,738,136.78866675295703,136.80234561963232,upper,-0.011429195108705326,4
2017-12-01 11:30:00-05:00,SPY,1,1.0,1.0,735,230.44,230.463044,42.850268780171945,40.014180890686795,False,738,231.42,231.39685799999998,vertical,0.004051903436630644,4
2017-12-04 09:30:00-05:00,DIA,1,1.0,1.0,740,207.84,207.860784,47.29590286784353,-81.69093384480679,False,745,206.15416875012843,206.13355333325342,lower,-0.00830955523936916,6
2017-12-04 09:30:00-05:00,IWM,1,1.0,1.0,740,138.17,138.18381699999998,71.14410112218717,-114.47385992807791,False,745,136.5884336582453,136.57477481487948,lower,-0.011644215799310964,6
2017-12-04 09:30:00-05:00,SPY,1,1.0,1.0,740,233.13,233.153313,42.165231639225325,-71.98805721744624,False,745,231.46917516135989,231.44602824384376,lower,-0.0073225841579881434,6
2017-12-05 11:30:00-05:00,IWM,-1,1.0,1.0,749,136.02,136.00639800000002,70.31147607561427,69.10893890029563,False,752,135.01,135.02350099999998,vertical,0.0072268438430377335,4
2017-12-05 13:30:00-05:00,QQQ,-1,1.0,1.0,751,144.24,144.22557600000002,66.4051620577097,31.954363197657546,False,752,143.73,143.744373,vertical,0.0033364609339471274,2
2017-12-06 14:30:00-05:00,QQQ,-1,1.0,1.0,759,144.45,144.435555,66.90786005707132,2.7510504819656405,False,759,144.38,144.394438,vertical,0.0002846736733208566,1
2017-12-08 09:30:00-05:00,SPY,1,1.0,1.0,768,231.88,231.903188,41.68388125689498,17.23953624246416,False,773,232.34,232.316766,vertical,0.001783407996961195,6
2017-12-08 11:30:00-05:00,DIA,1,1.0,1.0,770,206.15,206.170615,46.96069369312885,3.2289703376458476,False,773,206.26,206.239374,vertical,0.0003335053348898498,4
2017-12-11 10:30:00-05:00,SPY,1,1.0,1.0,776,232.69,232.713269,41.62673447841732,14.711803752832171,False,780,233.09,233.06669100000002,vertical,0.0015187015399624748,5
2017-12-11 13:30:00-05:00,IWM,-1,1.0,1.0,779,135.31,135.296469,71.65646325938775,-6.238984943067508,False,780,135.37,135.383537,vertical,-0.0006435349025997184,2
2017-12-12 09:30:00-05:00,DIA,1,1.0,1.0,782,207.58,207.600758,46.70294256380927,8.801683258517572,False,787,207.81,207.789219,vertical,0.0009078049705386615,6
2017-12-12 09:30:00-05:00,SPY,1,1.0,1.0,782,233.39,233.41333899999998,41.538184229810746,1.7991433735462883,False,787,233.48,233.456652,vertical,0.0001855635165735059,6
2017-12-12 10:30:00-05:00,IWM,1,1.0,1.0,783,135.78,135.793578,71.55589117603492,-59.18216025031063,False,787,134.98,134.966502,vertical,-0.006090685672926366,5
2017-12-13 09:30:00-05:00,DIA,1,1.0,1.0,789,208.55,208.57085500000002,46.2527947323178,-2.8541674573423337,False,794,208.53,208.509147,vertical,-0.0002958610875906098,6
2017-12-13 09:30:00-05:00,IWM,1,1.0,1.0,789,135.91,135.923591,70.97358797310632,-11.864512754286487,False,794,135.77,135.756423,vertical,-0.001229867448101607,6
2017-12-13 10:30:00-05:00,SPY,1,1.0,1.0,790,234.05,234.073405,41.29050122956351,-27.53035911380953,False,794,233.43,233.406657,vertical,-0.0028484568761667495,5
2017-12-14 11:30:00-05:00,IWM,-1,1.0,1.0,798,135.47,135.456453,70.90644772850787,65.86041747313395,False,799,134.5141662012253,134.5276176178454,lower,0.006857077397077638,2
2017-12-15 09:30:00-05:00,DIA,1,1.0,1.0,803,208.99,209.010899,46.26838297847194,-1.9339258717328551,False,808,208.99,208.96910100000002,vertical,-0.0001999800019996112,6
2017-12-15 09:30:00-05:00,IWM,1,1.0,1.0,803,135.66,135.673566,71.27841190233562,82.54347595350144,False,806,136.84529366964625,136.83160914027928,upper,0.00853551044924461,4
2017-12-15 09:30:00-05:00,SPY,1,1.0,1.0,803,234.09,234.113409,41.307314958652015,12.522188607771476,False,808,234.44,234.416556,vertical,0.0012948724350940743,6
2017-12-15 13:30:00-05:00,IWM,1,1.0,1.0,807,136.79,136.803679,71.51712838870232,-45.577651370734074,False,808,136.18,136.166382,vertical,-0.004658478519426246,2
2017-12-18 09:30:00-05:00,DIA,1,1.0,1.0,810,210.6,210.62106,46.14044962514918,-15.784186412266576,False,815,210.3,210.27897000000002,vertical,-0.001624196554703472,6
2017-12-18 09:30:00-05:00,IWM,1,1.0,1.0,810,138.03,138.043803,70.39903420311829,-2.647355681207208,False,815,138.02,138.006198,vertical,-0.00027241353239149113,6
2017-12-18 09:30:00-05:00,SPY,1,1.0,1.0,810,236.04,236.063604,41.167508435250035,-7.706310574027238,False,815,235.9,235.87641000000002,vertical,-0.0007929812001005176,6
2017-12-19 09:30:00-05:00,TLT,-1,1.0,1.0,817,97.69,97.68023099999999,99.22184312051864,60.45826080392251,False,820,97.06120077443816,97.0709068945156,lower,0.00623794701595648,4
2017-12-19 14:30:00-05:00,IWM,1,1.0,1.0,822,136.94,136.95369399999998,71.2099873484387,-1.2382704700026084,False,822,136.95,136.93630499999998,vertical,-0.00012696992313332434,1
2017-12-21 10:30:00-05:00,IWM,1,1.0,1.0,832,138.02,138.033802,70.64380177394476,-17.49013373079638,False,836,137.8,137.78622000000001,vertical,-0.0017936331276305895,5
2017-12-27 09:30:00-05:00,IWM,-1,1.0,1.0,852,137.97,137.956203,70.55675787815895,31.21804919346509,False,857,137.5,137.51375,vertical,0.0032071990267810158,6
2017-12-28 11:30:00-05:00,IWM,1,1.0,1.0,861,137.85,137.86378499999998,70.83049737865974,12.211886053057695,False,864,138.05,138.03619500000002,vertical,0.0012505822323103377,4
2018-01-02 09:30:00-05:00,IWM,1,1.0,1.0,873,138.01,138.023801,70.83685768157962,15.043906813268581,False,878,138.25,138.236175,vertical,0.0015386766518623585,6
2018-01-02 09:30:00-05:00,SPY,1,1.0,1.0,873,236.1,236.12360999999999,41.40700859226939,12.121736137353421,False,878,236.44,236.416356,vertical,0.001239799781140194,6
2018-01-03 09:30:00-05:00,SPY,1,1.0,1.0,880,237.4,237.42374,41.29468262549604,19.09751057913047,False,885,237.91,237.886209,vertical,0.0019478633434044657,6
2018-01-03 14:30:00-05:00,IWM,1,1.0,1.0,885,138.53,138.543853,70.88216663910171,-15.430126209166998,False,885,138.34,138.326166,vertical,-0.0015712497904906142,1
2018-01-04 09:30:00-05:00,DIA,1,1.0,1.0,887,212.89,212.91128899999998,46.06615939199097,-12.555562073083307,False,892,212.66,212.638734,vertical,-0.001280134093782026,6
2018-01-04 09:30:00-05:00,SPY,1,1.0,1.0,887,239.22,239.243922,40.99583928166941,-13.849009446936241,False,892,238.93,238.90610700000002,vertical,-0.0014120107929010972,6
2018-01-04 09:30:00-05:00,TLT,-1,1.0,1.0,887,97.58,97.570242,100.52250742012357,-44.1854723165752,False,892,98.0,98.0098,vertical,-0.0045050416088954215,6
2018-01-04 12:30:00-05:00,IWM,1,1.0,1.0,890,138.83,138.843883,70.31899129010935,-11.796151426898932,False,892,138.69,138.676131,vertical,-0.00120820590994275,3
2018-01-05 10:30:00-05:00,DIA,1,1.0,1.0,895,213.5,213.52134999999998,45.54869655968717,37.261551425654474,False,899,214.36084574906664,214.33940966449174,upper,0.003831278064192478,5
2018-01-05 10:30:00-05:00,SPY,1,1.0,1.0,895,239.82,239.84398199999998,40.54977364478864,24.815244977401857,False,899,240.48,240.455952,vertical,0.0025515336882624418,5
2018-01-05 10:30:00-05:00,TLT,-1,1.0,1.0,895,97.56,97.550244,99.69856333895751,-19.892854343020353,False,899,97.74,97.74977399999999,vertical,-0.002045407492778706,5
2018-01-08 11:30:00-05:00,TLT,-1,1.0,1.0,903,97.41,97.40025899999999,100.2851863281472,-28.030511860208467,False,906,97.67,97.679767,vertical,-0.0028696843609010703,4
2018-01-08 12:30:00-05:00,DIA,1,1.0,1.0,904,214.67,214.691467,45.43632850515384,-14.671663092284707,False,906,214.39,214.368561,vertical,-0.0015040467351223885,3
2018-01-08 12:30:00-05:00,SPY,1,1.0,1.0,904,241.0,241.0241,40.47226821660321,-3.9741743775295153,False,906,240.95,240.925905,vertical,-0.000407407392040926,3
2018-01-09 09:30:00-05:00,DIA,1,1.0,1.0,908,215.25,215.271525,45.15751339102918,3.474328765279572,False,913,215.37,215.348463,vertical,0.00035739980008964167,6
2018-01-09 09:30:00-05:00,SPY,1,1.0,1.0,908,241.52,241.544152,40.24575504065514,-3.5537001700900026,False,913,241.48,241.455852,vertical,-0.00036556463598425015,6
2018-01-09 09:30:00-05:00,TLT,-1,1.0,1.0,908,96.61,96.600339,100.63242917703188,23.216203308429332,False,913,96.36,96.369636,vertical,0.0023882214326391704,6
2018-01-10 09:30:00-05:00,SPY,1,1.0,1.0,915,240.7,240.72406999999998,40.47897497245868,14.241312974810558,False,920,241.1,241.07589,vertical,0.0014615073598580608,6
2018-01-10 09:30:00-05:00,TLT,-1,1.0,1.0,915,95.63,95.620437,101.90565856542143,-65.4812625968447,False,919,96.25337914576257,96.26300448367714,upper,-0.006719980621685995,5
2018-01-11 12:30:00-05:00,SPY,1,1.0,1.0,925,242.48,242.504248,39.97053138292389,12.449541468777303,False,927,242.84,242.815716,vertical,0.0012843816245231565,3
2018-01-12 09:30:00-05:00,DIA,1,1.0,1.0,929,218.34,218.361834,44.446747029268565,22.057942722192145,False,934,218.88,218.858112,vertical,0.0022727323310538505,6
2018-01-12 09:30:00-05:00,SPY,1,1.0,1.0,929,243.8,243.82438000000002,39.80517943548194,23.9298787471252,False,934,244.45,244.425555,vertical,0.002465606597666703,6
2018-01-16 09:30:00-05:00,DIA,1,1.0,1.0,936,221.0,221.0221,44.119846015916295,-54.351727354262344,False,938,219.8121701324946,219.79018891548137,lower,-0.005573700930896153,3
2018-01-16 09:30:00-05:00,SPY,1,1.0,1.0,936,245.97,245.994597,39.64095609024475,-40.77942880789138,False,936,244.99037642969367,244.96587739205071,lower,-0.004181878872523748,1
2018-01-16 11:30:00-05:00,SPY,1,1.0,1.0,938,245.07,245.094507,39.46136366546934,-41.91117759761857,False,939,244.05683135333342,244.03242567019808,lower,-0.004333354275466994,2
2018-01-16 13:30:00-05:00,DIA,1,1.0,1.0,940,218.65,218.671865,43.96733290016382,5.11137831897555,False,941,218.81,218.788119,vertical,0.000531636751714748,2
2018-01-17 09:30:00-05:00,DIA,1,1.0,1.0,943,219.64,219.66196399999998,43.792424903720054,55.67066060700082,False,945,220.95529903603725,220.93320350613365,upper,0.00578725366460664,3
2018-01-18 09:30:00-05:00,TLT,-1,1.0,1.0,950,96.5,96.49035,100.27117450896029,27.146314803638024,False,955,96.21,96.21962099999999,vertical,0.0028057624415293025,6
2018-01-18 12:30:00-05:00,DIA,1,1.0,1.0,953,220.69,220.71206899999999,43.89552014429216,2.4516525910996987,False,955,220.79,220.767921,vertical,0.00025305367419670155,3
2018-01-18 13:30:00-05:00,SPY,1,1.0,1.0,954,246.12,246.144612,39.44709159799698,-23.635474425679828,False,955,245.57,245.545443,vertical,-0.002434215379047089,2
2018-01-22 09:30:00-05:00,SPY,1,1.0,1.0,964,247.44,247.464744,39.121383756587626,37.889301986314685,False,969,248.45809599082367,248.4332501812246,upper,0.00391371379037575,6
2018-01-22 11:30:00-05:00,DIA,1,1.0,1.0,966,221.85,221.872185,43.69484218456667,24.275543472479214,False,969,222.45,222.427755,vertical,0.0025040092339649878,4
2018-01-22 12:30:00-05:00,TLT,-1,1.0,1.0,967,95.73,95.720427,101.27410404589108,-7.003205568877927,False,969,95.78,95.789578,vertical,-0.0007224267814851526,3
2018-01-23 12:30:00-05:00,TLT,-1,1.0,1.0,974,95.83,95.820417,101.61012820618002,-37.51456094385026,False,976,96.18,96.18961800000001,vertical,-0.0038530514848418296,3
2018-01-24 09:30:00-05:00,DIA,1,1.0,1.0,978,223.69,223.712369,43.353929595174876,-49.27066300270345,False,979,222.59815368006247,222.57589386469445,lower,-0.0050800728649275095,2
2018-01-24 09:30:00-05:00,IWM,1,1.0,1.0,978,143.75,143.764375,67.46323833839769,-59.89012142792069,False,979,142.89091955281071,142.87663046085544,lower,-0.006174996685684886,2
2018-01-24 09:30:00-05:00,SPY,1,1.0,1.0,978,250.13,250.155013,38.771201020048245,-40.430801859975006,False,978,249.13712172299827,249.11220801082598,lower,-0.004168635186111658,1
2018-01-24 09:30:00-05:00,TLT,-1,1.0,1.0,978,95.39,95.380461,101.68550448918236,-30.41474450574229,False,983,95.67,95.679567,vertical,-0.0031359252918687908,6
2018-01-24 10:30:00-05:00,SPY,1,1.0,1.0,979,249.27,249.294927,38.50283853557803,-42.665374290894185,False,980,248.21163832274954,248.18681715891725,lower,-0.00444497549315459,2
2018-01-24 11:30:00-05:00,DIA,1,1.0,1.0,980,222.74,222.76227400000002,42.731139725884944,-49.13752769714207,False,980,221.63451428035532,221.61235082892728,lower,-0.005162109141841231,1
2018-01-24 12:30:00-05:00,DIA,1,1.0,1.0,981,221.95,221.972195,42.464508572990724,46.8606645254771,False,983,223.09803021989876,223.07572041687678,upper,0.004971457875058594,3
2018-01-24 13:30:00-05:00,SPY,1,1.0,1.0,982,249.39,249.41493899999998,37.997702398680985,-13.293420188772991,False,983,249.09,249.065091,vertical,-0.0014026746008184432,2
2018-01-25 10:30:00-05:00,DIA,1,1.0,1.0,986,223.89,223.912389,42.25120525487363,1.065364140502961,False,990,223.96,223.93760400000002,vertical,0.00011261100876391872,5
2018-01-26 09:30:00-05:00,DIA,1,1.0,1.0,992,224.45,224.472445,42.15053509524793,44.21629366312576,False,997,225.54400847186395,225.52145407101676,upper,0.004673219784355975,6
2018-01-26 12:30:00-05:00,SPY,1,1.0,1.0,995,250.91,250.935091,37.792438089417445,36.710649879342476,False,997,251.9316597039149,251.9064665379445,upper,0.0038710231162708553,3
2018-01-29 09:30:00-05:00,TLT,-1,1.0,1.0,999,95.28,95.270472,100.16283549462291,-18.9380877954756,False,1004,95.45,95.459545,vertical,-0.001984591826101223,6
2018-01-29 10:30:00-05:00,DIA,1,1.0,1.0,1000,224.95,224.97249499999998,42.43903697233817,-28.643251906629146,False,1004,224.32,224.29756799999998,vertical,-0.0030000422940590354,5
2018-01-29 10:30:00-05:00,SPY,1,1.0,1.0,1000,251.01,251.035101,38.03299217930549,-24.72684560143758,False,1004,250.41,250.384959,vertical,-0.0025898449954214753,5
2018-01-30 09:30:00-05:00,TLT,-1,1.0,1.0,1006,95.02,95.010498,99.67585296866392,11.064916762197983,False,1011,94.89,94.899489,vertical,0.0011683866765964668,6
2018-01-30 12:30:00-05:00,QQQ,-1,1.0,1.0,1009,158.66,158.644134,59.82719787688925,-27.028372493633785,False,1011,159.08,159.095908,vertical,-0.0028477195381204634,3
2018-02-01 11:30:00-05:00,DIA,1,1.0,1.0,1022,223.03,223.052303,42.3859733624723,-62.43172077713747,False,1023,221.60152963688657,221.57936948392287,lower,-0.0066035342216445025,2
2018-02-01 11:30:00-05:00,SPY,1,1.0,1.0,1022,248.66,248.684866,38.01714646116061,-52.25684749592361,False,1023,247.3350395392993,247.31030603534535,lower,-0.0055273165060822915,2
2018-02-01 12:30:00-05:00,TLT,-1,1.0,1.0,1023,94.65,94.640535,99.9347946975617,50.21385619123825,False,1025,94.12865593789074,94.13806880348453,lower,0.005309207059274068,3
2018-02-02 09:30:00-05:00,TLT,-1,1.0,1.0,1027,93.41,93.400659,100.53263394334589,21.24666739022111,False,1032,93.18,93.189318,vertical,0.00226273564086954,6
2018-02-05 14:30:00-05:00,QQQ,-1,1.0,1.0,1039,152.26,152.244774,61.81532988911985,76.97759043190514,False,1039,150.9843923831101,150.9994908223484,lower,0.008179480614891932,1
2018-02-06 11:30:00-05:00,QQQ,-1,1.0,1.0,1043,150.58,150.564942,63.01625327319823,-119.06860810747695,False,1045,152.43918852088052,152.4544324397326,upper,-0.012549338608536242,3
2018-02-06 14:30:00-05:00,QQQ,-1,1.0,1.0,1046,152.3,152.28477,61.522697975831235,-46.17475355719612,False,1046,153.02,153.035302,vertical,-0.004928477089337191,1
2018-02-06 14:30:00-05:00,SPY,-1,1.0,1.0,1046,235.78,235.75642200000001,39.74004114733691,-41.220556380280456,False,1046,236.77,236.793677,vertical,-0.004399689269122042,1
2018-02-07 09:30:00-05:00,DIA,-1,1.0,1.0,1048,212.88,212.858712,43.60439144765402,70.53402756181096,False,1053,211.22,211.241122,vertical,0.007599360086328111,6
2018-02-07 09:30:00-05:00,SPY,-1,1.0,1.0,1048,237.86,237.836214,39.025068743700444,92.59360985611681,False,1053,235.44,235.46354399999998,vertical,0.009976066975233788,6
2018-02-07 12:30:00-05:00,QQQ,-1,1.0,1.0,1051,151.93,151.914807,61.57122583314712,52.93296756243384,False,1053,151.04,151.055104,vertical,0.005659112610398753,3
2018-02-08 10:30:00-05:00,DIA,1,1.0,1.0,1056,207.76,207.78077599999997,45.70988418135377,-146.09793769131704,False,1060,204.60503637519975,204.58457587156224,lower,-0.015382559397303153,5
2018-02-08 10:30:00-05:00,QQQ,-1,1.0,1.0,1056,148.47,148.455153,63.976460325845416,143.73205362009512,False,1060,146.19389394207712,146.20851333147132,lower,0.01513345696076085,5
2018-02-09 09:30:00-05:00,QQQ,-1,1.0,1.0,1062,146.55,146.535345,64.79849159941985,157.91663266818307,False,1063,144.08389480953988,144.09830319902085,lower,0.016631085155456193,2
2018-02-09 11:30:00-05:00,QQQ,-1,1.0,1.0,1064,142.77,142.75572300000002,67.62030797650593,-173.04692052919168,False,1065,145.30028987115296,145.31481990014007,upper,-0.01792640495498765,2
2018-02-09 13:30:00-05:00,QQQ,-1,1.0,1.0,1066,145.36,145.34546400000002,65.22487027279763,-189.66530426695383,False,1067,148.2385080142276,148.25333186502903,upper,-0.020006595218059253,2
2018-02-12 11:30:00-05:00,DIA,-1,1.0,1.0,1071,209.21,209.18907900000002,44.41184871736361,5.2483258103261905,False,1074,209.05,209.070905,vertical,0.0005649147678498112,4
2018-02-12 11:30:00-05:00,SPY,-1,1.0,1.0,1071,233.63,233.606637,39.76973363934273,10.073832609779505,False,1074,233.33,233.35333300000002,vertical,0.0010843185076114814,4
2018-02-14 09:30:00-05:00,SPY,1,1.0,1.0,1083,234.71,234.733471,39.64409442185061,98.42855585104333,False,1088,237.24,237.21627600000002,vertical,0.010577123873399374,6
2018-02-14 12:30:00-05:00,DIA,1,1.0,1.0,1086,210.63,210.651063,44.47117132223206,39.92532818967401,False,1088,211.57,211.548843,vertical,0.004261929596813818,3
2018-02-14 12:30:00-05:00,TLT,-1,1.0,1.0,1086,91.68,91.670832,102.19062386041504,-5.961800996015281,False,1088,91.72,91.72917199999999,vertical,-0.0006364074452818169,3
2018-02-15 09:30:00-05:00,DIA,1,1.0,1.0,1090,213.08,213.10130800000002,44.289676398126254,55.240520335944765,False,1095,214.37,214.348563,vertical,0.005852873507468104,6
2018-02-15 13:30:00-05:00,SPY,1,1.0,1.0,1094,239.41,239.433941,39.52395018209902,26.957112601949255,False,1095,240.14,240.115986,vertical,0.002848572751011913,2
2018-02-16 11:30:00-05:00,SPY,1,1.0,1.0,1099,241.64,241.66416399999997,39.395107022468295,-58.23325627400603,False,1102,240.21,240.185979,vertical,-0.006116690929814372,4
2018-02-20 09:30:00-05:00,SPY,1,1.0,1.0,1104,239.49,239.513949,39.50564210354747,-31.123492984585205,False,1109,238.75,238.726125,vertical,-0.0032892614534112408,6
2018-02-20 12:30:00-05:00,IWM,1,1.0,1.0,1107,137.17,137.18371699999997,69.03940821128556,-46.074829857964055,False,1109,136.53,136.516347,vertical,-0.0048647901849748765,3
2018-02-20 14:30:00-05:00,QQQ,1,1.0,1.0,1109,155.43,155.44554300000001,60.304733933670946,19.229913252033928,False,1109,155.78,155.764422,vertical,0.0020513872179659387,1
2018-02-21 10:30:00-05:00,SPY,1,1.0,1.0,1112,240.46,240.484046,39.10523003430676,-103.77054822440051,False,1116,237.85420815524816,237.83042273443263,lower,-0.01103450856597521,5
2018-02-21 12:30:00-05:00,DIA,-1,1.0,1.0,1114,213.57,213.548643,44.01678236534762,107.2074491637963,False,1116,211.0919298531874,211.1130390461727,lower,0.011405382490898286,3
2018-02-21 13:30:00-05:00,TLT,-1,1.0,1.0,1115,91.37,91.36086300000001,102.7670986372878,38.205210424892385,False,1116,90.98,90.989098,vertical,0.004069193173011243,2
2018-02-22 13:30:00-05:00,TLT,-1,1.0,1.0,1122,91.18,91.170882,103.60573291125006,-9.142480689286549,False,1123,91.25,91.259125,vertical,-0.0009678857773909311,2
2018-02-23 10:30:00-05:00,SPY,1,1.0,1.0,1126,239.5,239.52394999999999,39.397661774890615,81.62754265945574,False,1130,241.62,241.59583800000001,vertical,0.008650024350383534,5
2018-02-23 14:30:00-05:00,DIA,1,1.0,1.0,1130,214.75,214.771475,44.231033041802334,21.982646497643405,False,1130,215.29,215.268471,vertical,0.00231406894234909,1
2018-02-26 09:30:00-05:00,DIA,1,1.0,1.0,1132,216.6,216.62166,44.04127342687204,90.56955756415911,False,1137,218.7,218.67812999999998,vertical,0.009493371992440602,6
2018-02-26 10:30:00-05:00,SPY,1,1.0,1.0,1133,243.17,243.19431699999998,39.37367363921797,48.08466582148592,False,1137,244.44,244.415556,vertical,0.005021659284908386,5
2018-02-27 09:30:00-05:00,SPY,1,1.0,1.0,1139,245.07,245.094507,39.49067688256495,-90.69690738954314,False,1140,242.82212289635757,242.79784068406795,lower,-0.009370533611885667,2
2018-02-27 11:30:00-05:00,DIA,1,1.0,1.0,1141,217.84,217.861784,44.01070668841585,-74.08779968210581,False,1144,216.2,216.17838,vertical,-0.007726935716270478,4
2018-02-28 14:30:00-05:00,QQQ,-1,1.0,1.0,1151,158.68,158.664132,59.96417183032208,67.06267052742405,False,1151,157.53,157.545753,vertical,0.007048719744674248,1
2018-03-01 12:30:00-05:00,QQQ,-1,1.0,1.0,1156,155.76,155.74442399999998,61.51890192283436,105.56115342352628,False,1156,154.013108553422,154.02850986427734,lower,0.011017499642379747,1
2018-03-02 09:30:00-05:00,QQQ,-1,1.0,1.0,1160,153.65,153.634635,63.05080295538734,-115.90604703384412,False,1161,155.45738539094646,155.47293112948554,upper,-0.011965375707668757,2
2018-03-02 11:30:00-05:00,QQQ,-1,1.0,1.0,1162,155.44,155.424456,61.57899019105469,-65.96292166073603,False,1165,156.48,156.495648,vertical,-0.006892042781220908,4
2018-03-05 10:30:00-05:00,SPY,-1,1.0,1.0,1168,238.18,238.156182,39.91044049326116,-52.19335748034808,False,1172,239.44,239.463944,vertical,-0.00549119484960503,5
2018-03-05 14:30:00-05:00,DIA,1,1.0,1.0,1172,211.9,211.92119,44.607532090184876,-4.120620776831011,False,1172,211.85,211.828815,vertical,-0.0004358931733066118,1
2018-03-06 09:30:00-05:00,QQQ,1,1.0,1.0,1174,159.31,159.325931,59.30361801278974,-27.980514443557524,False,1179,158.87,158.854113,vertical,-0.0029613384151508937,6
2018-03-06 09:30:00-05:00,SPY,1,1.0,1.0,1174,239.92,239.94399199999998,39.37837356459459,2.8354004101458976,False,1179,240.04,240.015996,vertical,0.00030008669689896017,6
2018-03-06 12:30:00-05:00,DIA,1,1.0,1.0,1177,212.19,212.211219,44.447481223843845,-16.996894609923146,False,1179,211.85,211.828815,vertical,-0.0018019970942253494,3
2018-03-06 14:30:00-05:00,IWM,1,1.0,1.0,1179,139.39,139.40393899999998,67.41125088754993,5.535205221629366,False,1179,139.5,139.48605,vertical,0.000589014920159725,1
2018-03-07 14:30:00-05:00,IWM,1,1.0,1.0,1186,140.62,140.634062,66.92544618482533,5.4788516519202854,False,1186,140.73,140.715927,vertical,0.0005821135991932458,1
2018-03-08 13:30:00-05:00,TLT,-1,1.0,1.0,1192,92.46,92.45075399999999,101.86478522161443,-20.22117851434401,False,1193,92.64,92.649264,vertical,-0.002147197198629769,2
2018-03-09 09:30:00-05:00,DIA,1,1.0,1.0,1195,213.84,213.86138400000002,43.940868825911856,85.11495690533059,False,1200,215.82,215.798418,vertical,0.009057427590574152,6
2018-03-09 09:30:00-05:00,IWM,1,1.0,1.0,1195,141.41,141.424141,66.44731907031321,79.9855465612382,False,1199,142.64214898786574,142.62788477296695,upper,0.008511586243023173,5
2018-03-09 09:30:00-05:00,QQQ,1,1.0,1.0,1195,161.73,161.746173,58.09877814711551,82.93647059523192,False,1200,163.19,163.173681,vertical,0.008825606031494626,6
2018-03-09 09:30:00-05:00,SPY,1,1.0,1.0,1195,243.14,243.164314,38.6456995547133,79.65500873989237,False,1200,245.25,245.225475,vertical,0.008476412373568998,6
2018-03-09 09:30:00-05:00,TLT,-1,1.0,1.0,1195,91.93,91.92080700000001,102.23207702334427,-15.171137998187035,False,1200,92.06,92.06920600000001,vertical,-0.0016144222928764496,6
2018-03-12 09:30:00-04:00,IWM,1,1.0,1.0,1202,143.2,143.21432,67.7989174970455,-18.21187402238503,False,1207,142.96,142.945704,vertical,-0.0018756224936163912,6
2018-03-12 09:30:00-04:00,QQQ,1,1.0,1.0,1202,164.12,164.136412,59.15674497670554,-13.77192685755789,False,1207,163.92,163.903608,vertical,-0.0014183568238351763,6
2018-03-12 09:30:00-04:00,SPY,1,1.0,1.0,1202,245.75,245.774575,39.506836156976256,-32.75401166633648,False,1207,244.97,244.945503,vertical,-0.0033733025476699874,6
2018-03-12 10:30:00-04:00,DIA,1,1.0,1.0,1203,214.56,214.581456,44.59415103230758,-3.6972118737867046,False,1207,214.52,214.498548,vertical,-0.0003863707588972476,5
2018-03-13 09:30:00-04:00,IWM,1,1.0,1.0,1209,143.74,143.754374,67.06815642114239,-81.46326250506038,False,1210,142.55399540850752,142.53974000896667,lower,-0.008449370667728995,2
2018-03-13 09:30:00-04:00,QQQ,1,1.0,1.0,1209,164.74,164.756474,58.51873742852378,-93.07055205483452,False,1209,163.18235204212053,163.16603380691632,lower,-0.00965327889381562,1
2018-03-13 09:30:00-04:00,SPY,1,1.0,1.0,1209,246.06,246.084606,39.178967747602236,-77.30998388799604,False,1210,244.1357673872977,244.11135381055897,lower,-0.008018592554469017,2
2018-03-13 10:30:00-04:00,QQQ,1,1.0,1.0,1210,163.09,163.106309,57.84433530822133,-68.40110003497747,False,1214,161.94,161.923806,vertical,-0.007249891235047157,5
2018-03-15 10:30:00-04:00,DIA,-1,1.0,1.0,1224,213.31,213.288669,43.701786817247836,87.11592556012452,False,1226,211.27412365430325,211.29525106666867,lower,0.009346103300646225,3
2018-03-21 11:30:00-04:00,DIA,1,1.0,1.0,1253,211.84,211.861184,44.4074355250118,-69.81803624395643,False,1256,210.31,210.288969,vertical,-0.00742096768419831,4
2018-03-21 13:30:00-04:00,TLT,-1,1.0,1.0,1255,92.33,92.320767,101.97944310468901,-48.876846099721035,False,1255,92.79076928225263,92.80004835918085,upper,-0.005191479390339593,1
2018-03-21 14:30:00-04:00,TLT,-1,1.0,1.0,1256,92.75,92.740725,100.58840184521978,-22.991591598162533,False,1256,92.96,92.96929599999999,vertical,-0.0024646238208725357,1
2018-03-26 13:30:00-04:00,DIA,-1,1.0,1.0,1276,205.12,205.099488,45.180636407979826,-53.81641807036435,False,1277,206.27,206.290627,vertical,-0.005807615667962951,2
2018-03-26 14:30:00-04:00,SPY,-1,1.0,1.0,1277,233.63,233.606637,39.500790874336836,-23.57332147877733,False,1277,234.18,234.203418,vertical,-0.0025546406029550717,1
2018-03-27 10:30:00-04:00,DIA,1,1.0,1.0,1280,207.03,207.050703,44.38108889319579,-107.98729141002975,False,1283,204.63798424019737,204.61752044177337,lower,-0.011751626644931679,4
2018-03-29 10:30:00-04:00,DIA,-1,1.0,1.0,1294,205.45,205.429455,44.20567811870819,-18.616248814775794,False,1298,205.83,205.850583,vertical,-0.0020499884011278002,5
2018-03-29 10:30:00-04:00,SPY,-1,1.0,1.0,1294,231.92,231.896808,39.1602991095576,-32.364499122682886,False,1298,232.7,232.72326999999999,vertical,-0.003563921414562854,5
2018-04-03 10:30:00-04:00,DIA,-1,1.0,1.0,1308,203.08,203.059692,44.470507794792624,-76.96888783361004,False,1312,204.77,204.790477,vertical,-0.00852352814560553,5
2018-04-03 14:30:00-04:00,SPY,-1,1.0,1.0,1312,230.58,230.55694200000002,38.825294274509446,9.081702234339197,False,1312,230.3,230.32303000000002,vertical,0.00101455197128697,1
2018-04-03 14:30:00-04:00,TLT,-1,1.0,1.0,1312,94.55,94.540545,94.68362087590047,-6.525121732663065,False,1312,94.6,94.60946,vertical,-0.000728946506496353,1
2018-04-04 11:30:00-04:00,DIA,1,1.0,1.0,1316,204.38,204.40043799999998,43.81475595743224,104.23013428152976,False,1319,206.8,206.77932,vertical,0.01163834100981731,4
2018-04-04 11:30:00-04:00,SPY,1,1.0,1.0,1316,230.41,230.433041,38.86489224677749,108.90634336226184,False,1319,233.2585447859327,233.2352189314541,upper,0.012160486704916984,4
2018-04-05 09:30:00-04:00,DIA,1,1.0,1.0,1321,208.54,208.56085399999998,43.962668978168125,11.793469542753407,False,1326,208.85,208.829115,vertical,0.001286248089490627,6
2018-04-05 09:30:00-04:00,SPY,1,1.0,1.0,1321,234.08,234.103408,39.16599021149683,18.92230401687124,False,1326,234.61,234.58653900000002,vertical,0.0020637503918781164,6
2018-04-05 09:30:00-04:00,TLT,-1,1.0,1.0,1321,93.96,93.950604,97.59268589913536,20.614600635160063,False,1326,93.73,93.739373,vertical,0.002248319765991047,6
2018-04-16 09:30:00-04:00,TLT,-1,1.0,1.0,1370,94.2,94.19058,97.88900504064033,-42.96172231024696,False,1375,94.62,94.629462,vertical,-0.004659510537041056,6
2018-04-17 09:30:00-04:00,DIA,1,1.0,1.0,1377,211.28,211.301128,43.43214125241484,0.3361213411530916,False,1382,211.33,211.30886700000002,vertical,3.662545521287974e-05,6
2018-04-17 09:30:00-04:00,SPY,1,1.0,1.0,1377,237.92,237.94379199999997,38.56902657956544,23.617743425998786,False,1382,238.58,238.55614200000002,vertical,0.002573506939824055,6
2018-04-18 10:30:00-04:00,SPY,1,1.0,1.0,1385,239.46,239.483946,38.421006737786676,-28.34790245429366,False,1389,238.77,238.746123,vertical,-0.0030808871004656124,5
2018-04-18 13:30:00-04:00,TLT,-1,1.0,1.0,1388,94.43,94.420557,97.40697243388826,28.359552989264415,False,1389,94.12,94.129412,vertical,0.0030834916595545714,2
2018-04-19 09:30:00-04:00,TLT,-1,1.0,1.0,1391,93.3,93.29066999999999,98.62964810299586,-9.731590119026743,False,1396,93.38,93.389338,vertical,-0.0010576405979290104,6
2018-04-20 09:30:00-04:00,TLT,-1,1.0,1.0,1398,92.94,92.930706,98.90696798616472,22.890731949813972,False,1403,92.69,92.699269,vertical,0.0024904255004798426,6
2018-04-24 14:30:00-04:00,TLT,-1,1.0,1.0,1417,92.19,92.180781,99.95993736724252,-11.840054661276639,False,1417,92.29,92.29922900000001,vertical,-0.0012849533136416458,1
2018-04-25 13:30:00-04:00,TLT,-1,1.0,1.0,1423,91.57,91.56084299999999,100.50743024026355,-12.897615985583629,False,1424,91.68,91.68916800000001,vertical,-0.0014015270698197746,2
2018-05-04 11:30:00-04:00,DIA,1,1.0,1.0,1470,206.53,206.550653,44.491011241570064,16.4017447672383,False,1473,206.94,206.919306,vertical,0.0017848067514945054,4
2018-05-04 11:30:00-04:00,SPY,1,1.0,1.0,1470,234.36,234.38343600000002,39.207751116749726,19.72436097755554,False,1473,234.91,234.886509,vertical,0.0021463675445050345,4
2018-05-07 09:30:00-04:00,DIA,1,1.0,1.0,1475,208.6,208.62086,44.22267998665825,-41.64140215583716,False,1480,207.7,207.67923,vertical,-0.0045135946616268185,6
2018-05-07 09:30:00-04:00,IWM,1,1.0,1.0,1475,141.13,141.144113,65.36421062294984,9.919411147296769,False,1480,141.31,141.295869,vertical,0.0010751847652334945,6
2018-05-07 09:30:00-04:00,SPY,1,1.0,1.0,1475,236.16,236.183616,39.061869263282986,-19.03047396264044,False,1480,235.72,235.696428,vertical,-0.0020627510419689576,6
2018-05-09 12:30:00-04:00,SPY,1,1.0,1.0,1492,237.97,237.993797,38.551513447009086,-1.063867565083216,False,1494,237.99,237.966201,vertical,-0.00011595260190744305,3
2018-05-10 09:30:00-04:00,DIA,1,1.0,1.0,1496,210.55,210.571055,43.567038203732075,26.481134996183066,False,1501,211.2,211.17888,vertical,0.0028865553245196462,6
2018-05-10 09:30:00-04:00,SPY,1,1.0,1.0,1496,239.2,239.22392,38.34882898744059,37.277286007873684,False,1501,240.22,240.195978,vertical,0.004063381287289447,6
2018-05-11 09:30:00-04:00,DIA,1,1.0,1.0,1503,212.13,212.15121299999998,43.54307235937994,-3.1535199294827794,False,1508,212.1,212.07879,vertical,-0.000341374432773045,6
2018-05-14 09:30:00-04:00,DIA,1,1.0,1.0,1510,213.18,213.20131800000001,43.313813373610294,-22.20218428336515,False,1515,212.71,212.68872900000002,vertical,-0.0024042487392127443,6
2018-05-15 09:30:00-04:00,TLT,-1,1.0,1.0,1517,92.18,92.170782,99.94880931547674,50.277310129506915,False,1520,91.65858553534078,91.6677513938943,lower,0.005457592907323838,4
2018-05-16 09:30:00-04:00,IWM,1,1.0,1.0,1524,143.84,143.854384,64.38898118465323,54.19588197606631,False,1525,144.71055003105258,144.69607897604948,upper,0.0058510206824802236,2
2018-05-16 11:30:00-04:00,IWM,1,1.0,1.0,1526,144.7,144.71446999999998,64.38079831741739,5.861742925206092,False,1529,144.82,144.805518,vertical,0.0006291561583304794,4
2018-05-16 14:30:00-04:00,TLT,-1,1.0,1.0,1529,91.65,91.64083500000001,101.60748601481072,4.234593587154226,False,1529,91.59,91.599159,vertical,0.00045477542844307717,1
2018-05-21 09:30:00-04:00,DIA,1,1.0,1.0,1545,214.03,214.051403,43.573316093584815,-9.271922358237234,False,1550,213.86,213.838614,vertical,-0.0009941023371847768,6
2018-05-21 09:30:00-04:00,SPY,1,1.0,1.0,1545,241.59,241.614159,38.602578101369915,-8.812968580542373,False,1550,241.41,241.385859,vertical,-0.0009448949554318187,6
2018-05-24 12:30:00-04:00,DIA,-1,1.0,1.0,1569,212.12,212.098788,43.88919257876914,-2.739826735920463,False,1571,212.14,212.16121399999997,vertical,-0.0002943251142009107,3
2018-05-29 13:30:00-04:00,TLT,1,1.0,1.0,1584,95.75,95.759575,97.18197606369505,6.884468366328365,False,1585,95.84,95.830416,vertical,0.0007397798079200602,2
2018-05-30 11:30:00-04:00,DIA,-1,1.0,1.0,1589,211.01,210.988899,44.13971179538663,-6.2771966938455535,False,1592,211.11,211.131111,vertical,-0.0006740259827604511,4
2018-06-01 09:30:00-04:00,SPY,1,1.0,1.0,1601,241.15,241.174115,38.58918274538747,18.203212106287967,False,1606,241.67,241.64583299999998,vertical,0.001955923006082161,6
2018-06-04 14:30:00-04:00,IWM,1,1.0,1.0,1613,147.95,147.96479499999998,63.02117479565583,15.149219060904668,False,1613,148.22,148.205178,vertical,0.0016245959047218594,1
2018-06-05 09:30:00-04:00,IWM,1,1.0,1.0,1615,148.76,148.77487599999998,62.77985019701368,22.613867059617732,False,1620,149.15,149.135085,vertical,0.0024211682085355513,6
2018-06-06 09:30:00-04:00,IWM,1,1.0,1.0,1622,149.45,149.464945,62.64129890402664,46.98297869958519,False,1627,150.23,150.214977,vertical,0.005018113110067501,6
2018-06-06 11:30:00-04:00,DIA,1,1.0,1.0,1624,214.3,214.32143000000002,43.68377223964875,38.74955911386226,False,1627,215.23,215.208477,vertical,0.004138862828602763,4
2018-06-07 09:30:00-04:00,DIA,1,1.0,1.0,1629,216.1,216.12161,43.71802909127111,-2.7637663630910065,False,1634,216.08,216.05839200000003,vertical,-0.00029251123938955903,6
2018-06-07 12:30:00-04:00,QQQ,-1,1.0,1.0,1632,164.19,164.173581,57.50298643951175,-35.24335037683136,False,1634,164.77,164.78647700000002,vertical,-0.0037332194148826936,3
2018-06-11 09:30:00-04:00,SPY,1,1.0,1.0,1643,246.08,246.104608,38.237413728118526,-4.558243853115744,False,1648,246.01,245.985399,vertical,-0.0004843834537222591,6
2018-06-11 14:30:00-04:00,IWM,1,1.0,1.0,1648,150.27,150.285027,62.73545203503329,-11.922119833832845,False,1648,150.11,150.09498900000003,vertical,-0.0012645171897263108,1
2018-06-12 12:30:00-04:00,TLT,-1,1.0,1.0,1653,93.81,93.800619,100.14777570716755,1.1257611467240982,False,1655,93.78,93.789378,vertical,0.00011983929445069652,3
2018-06-12 13:30:00-04:00,IWM,1,1.0,1.0,1654,150.38,150.395038,62.43543376245136,21.845284177408928,False,1655,150.76,150.744924,vertical,0.0023264464350212233,2
2018-06-13 13:30:00-04:00,TLT,-1,1.0,1.0,1661,93.51,93.50064900000001,100.71474902949188,-24.043027747315474,False,1662,93.73,93.739373,vertical,-0.0025531801388885,2
2018-06-14 14:30:00-04:00,IWM,1,1.0,1.0,1669,150.91,150.925091,62.23518772224757,3.099934700445643,False,1669,150.99,150.97490100000002,vertical,0.0003300312735938782,1
2018-06-15 13:30:00-04:00,DIA,-1,1.0,1.0,1675,215.06,215.03849400000001,43.69427598894337,3.8014457053147166,False,1676,214.93,214.951493,vertical,0.00040458337659310395,2
2018-06-18 13:30:00-04:00,IWM,1,1.0,1.0,1682,151.49,151.50514900000002,62.04246398772926,13.008939764017128,False,1683,151.73,151.71482699999999,vertical,0.0013839661647405688,2
2018-06-19 13:30:00-04:00,IWM,1,1.0,1.0,1689,151.62,151.635162,62.07505941499289,8.669340722838161,False,1690,151.79,151.774821,vertical,0.0009210198885136744,2
2018-06-20 10:30:00-04:00,IWM,1,1.0,1.0,1693,152.86,152.87528600000002,61.62821524516991,6.126769018598158,False,1697,152.99,152.974701,vertical,0.0006503013181606843,5
2018-06-22 12:30:00-04:00,QQQ,-1,1.0,1.0,1709,166.43,166.41335700000002,56.651448959674,37.77427974312927,False,1711,165.73,165.74657299999998,vertical,0.004006793757546978,3
2018-06-29 14:30:00-04:00,TLT,-1,1.0,1.0,1746,95.81,95.800419,98.80261671962664,12.928618805614896,False,1746,95.66,95.66956599999999,vertical,0.0013658917295551465,1
2018-07-06 09:30:00-04:00,SPY,1,1.0,1.0,1766,241.97,241.99419699999999,39.16730573023722,45.883871986082035,False,1771,243.19,243.165681,vertical,0.004840959058204364,6
2018-07-06 10:30:00-04:00,DIA,1,1.0,1.0,1767,209.71,209.730971,45.35789430813256,-6.891270240129745,False,1771,209.6,209.57904,vertical,-0.0007244089858337022,5
2018-07-06 13:30:00-04:00,TLT,1,1.0,1.0,1770,96.5,96.50965,98.82052405712281,13.902466606452993,False,1771,96.66,96.650334,vertical,0.0014577195130227594,2
2018-07-09 09:30:00-04:00,DIA,1,1.0,1.0,1773,211.54,211.561154,45.0515398833316,36.38393897055734,False,1778,212.39,212.36876099999998,vertical,0.0038173690430900464,6
2018-07-09 09:30:00-04:00,SPY,1,1.0,1.0,1773,244.43,244.454443,38.989496980403246,36.689701501013886,False,1778,245.42,245.395458,vertical,0.00384944936345466,6
2018-07-10 09:30:00-04:00,DIA,1,1.0,1.0,1780,213.54,213.561354,44.97175742604736,-0.5716360086423046,False,1785,213.57,213.548643,vertical,-5.951919559377128e-05,6
2018-07-13 10:30:00-04:00,DIA,1,1.0,1.0,1802,214.35,214.371435,44.79914859765522,1.2150873074137054,False,1806,214.42,214.39855799999998,vertical,0.00012652338684948639,5
2018-07-13 10:30:00-04:00,IWM,1,1.0,1.0,1802,152.23,152.24522299999998,63.08019117064571,-59.67367586320164,False,1805,151.31435736826168,151.29922593252485,lower,-0.006213640394320485,4
2018-07-16 09:30:00-04:00,TLT,-1,1.0,1.0,1808,95.93,95.92040700000001,99.51166265486965,-34.751363320670016,False,1813,96.26,96.269626,vertical,-0.0036407164118892332,6
2018-07-16 14:30:00-04:00,QQQ,-1,1.0,1.0,1813,169.38,169.36306199999999,56.136356654555826,-11.44581016736859,False,1813,169.55,169.566955,vertical,-0.0012038811627059776,1
2018-07-17 11:30:00-04:00,DIA,1,1.0,1.0,1817,215.37,215.391537,44.10109209450397,-4.1044445401440095,False,1820,215.32,215.29846799999999,vertical,-0.0004320921856832971,4
2018-07-17 11:30:00-04:00,SPY,1,1.0,1.0,1817,247.81,247.834781,38.32796176261378,-5.3487820478572,False,1820,247.72,247.69522800000001,vertical,-0.0005630888426430003,4
2018-07-18 11:30:00-04:00,DIA,1,1.0,1.0,1824,216.01,216.031601,43.926669705261126,-2.7761655253722757,False,1827,215.99,215.968401,vertical,-0.0002925497922871001,4
2018-07-18 14:30:00-04:00,TLT,-1,1.0,1.0,1827,95.72,95.710428,99.12026363778506,-1.8975583270828846,False,1827,95.72,95.729572,vertical,-0.00020002000200025627,1
2018-07-19 12:30:00-04:00,GLD,-1,1.0,1.0,1832,115.96,115.948404,81.80254951308605,10.37444473689825,False,1834,115.81,115.821581,vertical,0.0010937882336008453,3
2018-07-20 09:30:00-04:00,TLT,-1,1.0,1.0,1836,95.65,95.64043500000001,99.2807017650035,41.69035763852054,False,1836,95.21098981811636,95.22051091709817,lower,0.0043906542551991334,1
2018-07-23 14:30:00-04:00,TLT,-1,1.0,1.0,1848,93.92,93.910608,101.55338214346057,-8.00139097908449,False,1848,93.98,93.98939800000001,vertical,-0.0008389893503832901,1
2018-07-24 09:30:00-04:00,DIA,1,1.0,1.0,1850,216.5,216.52165,44.009171695161385,-5.866026504419123,False,1855,216.41,216.388359,vertical,-0.0006156012574261016,6
2018-07-24 09:30:00-04:00,SPY,1,1.0,1.0,1850,249.41,249.43494099999998,38.202099643167635,-47.326686581169675,False,1853,248.2209126871487,248.19609059588,lower,-0.004966627366452148,4
2018-07-25 13:30:00-04:00,DIA,1,1.0,1.0,1861,216.42,216.44164199999997,43.77967968605621,45.72590410615337,False,1862,217.50784775644405,217.48609697166842,upper,0.004825573129169092,2
2018-07-26 09:30:00-04:00,DIA,1,1.0,1.0,1864,218.92,218.941892,43.48857852014088,-2.7737885151705344,False,1869,218.9,218.87811000000002,vertical,-0.00029131930585479804,6
2018-07-26 10:30:00-04:00,IWM,1,1.0,1.0,1865,152.75,152.765275,62.361083110164,-60.55082652339367,False,1865,151.80948457490987,151.79430362645238,lower,-0.006355969139895334,1
2018-07-26 13:30:00-04:00,GLD,-1,1.0,1.0,1868,115.84,115.828416,81.75486290324714,1.3764248718400551,False,1869,115.8,115.81157999999999,vertical,0.00014535293308348685,2
2018-07-26 14:30:00-04:00,TLT,-1,1.0,1.0,1869,93.88,93.870612,100.76251630201524,-11.96917626145262,False,1869,93.98,93.98939800000001,vertical,-0.0012654226649764233,1
2018-07-27 12:30:00-04:00,DIA,1,1.0,1.0,1874,217.91,217.931791,43.350968905505056,12.848533568088738,False,1876,218.25,218.228175,vertical,0.0013599851524186413,3
2018-07-31 11:30:00-04:00,DIA,-1,1.0,1.0,1887,218.49,218.468151,43.30335010126998,22.360031251591423,False,1890,217.93,217.951793,vertical,0.002363539022216532,4
2018-08-01 09:30:00-04:00,TLT,-1,1.0,1.0,1892,93.47,93.460653,101.46262149464874,-8.999835989198317,False,1897,93.54,93.54935400000001,vertical,-0.0009490731891206305,6
2018-08-03 09:30:00-04:00,GLD,-1,1.0,1.0,1906,115.42,115.408458,82.08898366870572,39.974626110199196,False,1911,114.91,114.92149099999999,vertical,0.004219508764253699,6
2018-08-06 11:30:00-04:00,DIA,1,1.0,1.0,1915,218.93,218.951893,43.45126922516586,-12.32981905787257,False,1918,218.69,218.668131,vertical,-0.0012960015833251015,4
2018-08-06 11:30:00-04:00,SPY,1,1.0,1.0,1915,251.42,251.44514199999998,37.83623566727214,-2.2808817947290274,False,1918,251.41,251.384859,vertical,-0.0002397461311858251,4
2018-08-07 09:30:00-04:00,IWM,1,1.0,1.0,1920,152.0,152.0152,62.48800744432205,-33.76533233453147,False,1925,151.49,151.474851,vertical,-0.0035545721743615033,6
2018-08-07 09:30:00-04:00,SPY,1,1.0,1.0,1920,252.4,252.42524,37.631446638418986,-10.554002629871547,False,1925,252.17,252.144783,vertical,-0.0011110497508094452,6
2018-08-07 13:30:00-04:00,TLT,-1,1.0,1.0,1924,93.68,93.67063200000001,101.12547984690356,-4.928754762256557,False,1925,93.71,93.719371,vertical,-0.0005203231680979137,2
2018-08-10 09:30:00-04:00,QQQ,-1,1.0,1.0,1941,171.16,171.142884,55.21631188313646,16.88525860648846,False,1946,170.82,170.83708199999998,vertical,0.0017868227579945772,6
2018-08-10 13:30:00-04:00,TLT,1,1.0,1.0,1945,95.47,95.479547,99.50651640920964,-22.79425623340543,False,1946,95.26,95.25047400000001,vertical,-0.00239918398439809,2
2018-08-13 09:30:00-04:00,QQQ,-1,1.0,1.0,1948,172.09,172.072791,54.88357460242816,62.56766166739618,False,1949,170.91569238638368,170.9327839556223,lower,0.006625144148313833,2
2018-08-16 09:30:00-04:00,DIA,1,1.0,1.0,1969,219.07,219.091907,43.3906375353423,21.527483781685188,False,1974,219.61,219.588039,vertical,0.0022644925903174684,6
2018-08-17 11:30:00-04:00,DIA,1,1.0,1.0,1978,220.29,220.312029,43.24804710207453,11.500131452959241,False,1981,220.6,220.57793999999998,vertical,0.0012069744952509787,4
2018-08-17 13:30:00-04:00,SPY,1,1.0,1.0,1980,251.86,251.885186,37.92453536313255,-7.598446131751026,False,1981,251.71,251.684829,vertical,-0.0007954298670029836,2
2018-08-20 09:30:00-04:00,DIA,1,1.0,1.0,1983,221.53,221.552153,43.02357961137402,-8.789287078807,False,1988,221.37,221.34786300000002,vertical,-0.0009220853746340074,6
2018-08-21 09:30:00-04:00,IWM,1,1.0,1.0,1990,153.96,153.97539600000002,61.84869565516824,14.174607767641545,False,1995,154.22,154.204578,vertical,0.001488432606466361,6
2018-08-21 11:30:00-04:00,DIA,1,1.0,1.0,1992,222.3,222.32223000000002,43.02547374605013,-19.981804466194113,False,1995,221.88,221.857812,vertical,-0.0020889409034805517,4
2018-08-22 09:30:00-04:00,IWM,1,1.0,1.0,1997,153.95,153.965395,61.814995563707406,39.508621709575785,False,2002,154.62,154.60453800000002,vertical,0.004151212030469642,6
2018-08-23 14:30:00-04:00,GLD,-1,1.0,1.0,2009,112.2,112.18878000000001,85.18569174741926,-1.9115669228111436,False,2009,112.2,112.21122,vertical,-0.00020002000200003422,1
2018-08-24 09:30:00-04:00,IWM,1,1.0,1.0,2011,154.89,154.905489,61.68256093027294,0.556253334470802,False,2016,154.93,154.91450700000001,vertical,5.821614236034556e-05,6
2018-08-27 09:30:00-04:00,DIA,1,1.0,1.0,2018,223.61,223.632361,42.72871544297963,14.324374565104442,False,2023,223.99,223.967601,vertical,0.0014990674806674154,6
2018-08-27 09:30:00-04:00,IWM,1,1.0,1.0,2018,156.03,156.045603,61.23545510609931,-50.28208554490539,False,2023,155.24,155.224476,vertical,-0.005262096362945834,6
2018-08-27 09:30:00-04:00,SPY,1,1.0,1.0,2018,255.75,255.775575,37.35901489816099,2.198167077593122,False,2023,255.86,255.834414,vertical,0.00023004151197780764,6
2018-08-28 09:30:00-04:00,TLT,-1,1.0,1.0,2025,95.32,95.310468,99.9026043299723,-11.89580270798689,False,2030,95.42,95.429542,vertical,-0.0012493276184522006,6
2018-08-29 12:30:00-04:00,TLT,-1,1.0,1.0,2035,95.6,95.59044,99.48555703269597,5.0625215407230995,False,2037,95.53,95.539553,vertical,0.0005323440293820703,3
2018-08-31 13:30:00-04:00,QQQ,-1,1.0,1.0,2050,176.17,176.152383,54.0153390484716,-24.591887500633373,False,2051,176.59,176.607659,vertical,-0.002584557712171476,2
2018-08-31 14:30:00-04:00,TLT,-1,1.0,1.0,2051,95.56,95.550444,99.5871831206212,2.080575429756363,False,2051,95.52,95.529552,vertical,0.00021864890549339044,1
2018-09-04 09:30:00-04:00,TLT,-1,1.0,1.0,2053,94.84,94.830516,100.09878444477036,-12.910641118902143,False,2058,94.95,94.959495,vertical,-0.0013601001601637464,6
2018-09-05 12:30:00-04:00,DIA,1,1.0,1.0,2063,223.68,223.702368,42.375540426784596,-8.251407607444579,False,2065,223.53,223.507647,vertical,-0.000870446753607923,3
2018-09-05 12:30:00-04:00,QQQ,-1,1.0,1.0,2063,174.17,174.152583,54.432202930641836,28.58899048763676,False,2065,173.61,173.627361,vertical,0.003015872581114576,3
2018-09-07 09:30:00-04:00,TLT,-1,1.0,1.0,2074,94.31,94.30056900000001,100.74007423679105,3.137348131956398,False,2079,94.26,94.26942600000001,vertical,0.0003302525141709589,6
2018-09-11 09:30:00-04:00,TLT,-1,1.0,1.0,2088,94.01,94.00059900000001,101.09492674364334,6.187616086271286,False,2093,93.93,93.93939300000001,vertical,0.0006511235103937585,6
2018-09-11 11:30:00-04:00,SPY,1,1.0,1.0,2090,255.46,255.485546,37.1485314257875,-7.098267087776793,False,2093,255.32,255.294468,vertical,-0.000747901409655527,4
2018-09-12 10:30:00-04:00,DIA,1,1.0,1.0,2096,224.85,224.87248499999998,42.255383173099595,-46.72923492506981,False,2098,223.78898740642146,223.76660850768081,lower,-0.004917793710151663,3
2018-09-12 10:30:00-04:00,SPY,1,1.0,1.0,2096,255.75,255.775575,37.150040690015416,-16.015828341953355,False,2100,255.37,255.34446300000002,vertical,-0.0016855088684679664,5
2018-09-13 09:30:00-04:00,SPY,1,1.0,1.0,2102,256.52,256.54565199999996,36.79395024591985,9.517307140361142,False,2107,256.83,256.80431699999997,vertical,0.0010082610949881943,6
2018-09-14 09:30:00-04:00,IWM,1,1.0,1.0,2109,154.73,154.74547299999998,61.06056015373988,4.215865315257737,False,2114,154.83,154.81451700000002,vertical,0.000446177834230177,6
2018-09-17 09:30:00-04:00,GLD,-1,1.0,1.0,2116,113.92,113.908608,82.98811910642158,23.838088248962926,False,2121,113.61,113.621361,vertical,0.002521732159171064,6
2018-09-17 14:30:00-04:00,QQQ,-1,1.0,1.0,2121,171.89,171.87281099999998,55.13002519431433,14.094046070951668,False,2121,171.6,171.61715999999998,vertical,0.001487442944073325,1
2018-09-18 09:30:00-04:00,TLT,-1,1.0,1.0,2123,93.1,93.09069,101.95426913551293,25.63201694055194,False,2128,92.83,92.839283,vertical,0.002700667488875652,6
2018-09-18 12:30:00-04:00,DIA,1,1.0,1.0,2126,225.83,225.852583,42.10452345882932,6.939372824819237,False,2128,226.04,226.017396,vertical,0.0007297370603902564,3
2018-09-19 09:30:00-04:00,TLT,-1,1.0,1.0,2130,92.39,92.380761,103.0903463983802,10.467175231214693,False,2135,92.27,92.27922699999999,vertical,0.001099081658355372,6
2018-09-20 09:30:00-04:00,DIA,1,1.0,1.0,2137,228.87,228.892887,41.652809539980105,27.663921720026412,False,2142,229.58,229.55704200000002,vertical,0.0029015973746708834,6
2018-09-20 09:30:00-04:00,SPY,1,1.0,1.0,2137,258.56,258.585856,36.86988907570873,23.16240171514379,False,2142,259.24,259.21407600000003,vertical,0.002429444555544613,6
2018-09-21 11:30:00-04:00,DIA,1,1.0,1.0,2146,230.25,230.273025,41.62388604007074,-7.743541263349476,False,2149,230.11,230.08698900000002,vertical,-0.0008078931520527632,4
2018-09-24 09:30:00-04:00,GLD,-1,1.0,1.0,2151,113.85,113.83861499999999,84.12887498182414,30.056554907005555,False,2156,113.47,113.481347,vertical,0.003138372686631752,6
2018-09-26 13:30:00-04:00,DIA,1,1.0,1.0,2169,228.82,228.842882,41.98151622800317,-39.71506885498375,False,2170,227.9196607578036,227.89686879172783,lower,-0.0041338983323596645,2
2018-10-01 09:30:00-04:00,DIA,1,1.0,1.0,2186,230.01,230.03300099999998,41.59166751683178,-18.96417831264104,False,2191,229.6,229.57704,vertical,-0.001982154725703733,6
2018-10-01 09:30:00-04:00,SPY,1,1.0,1.0,2186,259.77,259.795977,36.82680619604449,-48.515256047568165,False,2190,258.5044377198491,258.4785872760771,lower,-0.005070862678997035,5
2018-10-01 13:30:00-04:00,TLT,-1,1.0,1.0,2190,92.34,92.33076600000001,103.16395455479918,21.824850405842433,False,2191,92.11,92.11921099999999,vertical,0.0022912730952542315,2
2018-10-02 10:30:00-04:00,DIA,1,1.0,1.0,2194,230.32,230.343032,41.337484485038225,8.015834291463213,False,2198,230.56,230.536944,vertical,0.0008418400952541205,5
2018-10-02 12:30:00-04:00,TLT,-1,1.0,1.0,2196,92.51,92.50074900000001,103.07474155127183,-23.55494916351937,False,2198,92.72,92.729272,vertical,-0.002470498914554531,3
2018-10-03 09:30:00-04:00,DIA,1,1.0,1.0,2200,231.89,231.913189,40.99060703556885,-37.969189390976844,False,2205,231.01,230.986899,vertical,-0.003994123852956055,6
2018-10-03 09:30:00-04:00,TLT,-1,1.0,1.0,2200,91.89,91.88081100000001,103.46297875695294,54.78965406290102,False,2202,91.34211873053799,91.35125294241104,lower,0.005763532687896866,3
2018-10-03 13:30:00-04:00,TLT,-1,1.0,1.0,2204,90.69,90.680931,105.34434422904812,-41.94558960774465,False,2205,91.07,91.079107,vertical,-0.004390956241946853,2
2018-10-08 13:30:00-04:00,DIA,-1,1.0,1.0,2225,227.65,227.627235,41.652033737214204,-24.80732651337753,False,2226,228.2,228.22281999999998,vertical,-0.002616492705716844,2
2018-10-09 09:30:00-04:00,SPY,-1,1.0,1.0,2228,255.95,255.92440499999998,36.949699835056414,33.5838038782808,False,2233,254.99,255.015499,vertical,0.0035514627844889235,6
2018-10-11 09:30:00-04:00,GLD,1,1.0,1.0,2242,114.75,114.761475,82.69250416216495,85.62752654030588,False,2244,115.8085490644528,115.79696820954636,upper,0.009023003665179052,3
2018-10-11 13:30:00-04:00,TLT,1,1.0,1.0,2246,90.99,90.99909899999999,105.22677016432874,9.65887046015546,False,2247,91.1,91.09089,vertical,0.001008702294953645,2
2018-10-12 14:30:00-04:00,SPY,-1,1.0,1.0,2254,244.64,244.615536,39.184756221265324,-10.538740185710015,False,2254,244.86,244.884486,vertical,-0.0010994804516424317,1
2018-10-16 09:30:00-04:00,IWM,1,1.0,1.0,2263,140.6,140.61406,68.09177834640748,92.46829101159594,False,2264,141.98625357360464,141.9720549482473,upper,0.00965760428400464,2
2018-10-16 09:30:00-04:00,SPY,1,1.0,1.0,2263,245.63,245.654563,38.97611869684034,96.66108779192012,False,2266,248.15938698012866,248.13457104143066,upper,0.010095509772520161,4
2018-10-16 12:30:00-04:00,DIA,1,1.0,1.0,2266,221.06,221.082106,44.07468673158997,46.52867713943145,False,2268,222.16,222.137784,vertical,0.004775049501292594,3
2018-10-17 11:30:00-04:00,DIA,1,1.0,1.0,2272,221.99,222.012199,44.18820004504071,-26.704785191620108,False,2275,221.43,221.407857,vertical,-0.0027221116799982514,4
2018-10-17 12:30:00-04:00,SPY,1,1.0,1.0,2273,249.08,249.10490800000002,39.360604280001105,-14.948488375272909,False,2275,248.75,248.725125,vertical,-0.0015245905953809036,3
2018-10-17 14:30:00-04:00,IWM,1,1.0,1.0,2275,143.19,143.204319,68.32667395394874,-6.739128178750774,False,2275,143.12,143.10568800000001,vertical,-0.00068874319356238,1
2018-10-17 14:30:00-04:00,TLT,-1,1.0,1.0,2275,90.5,90.49095,108.12876661268632,8.856827273244432,False,2275,90.4,90.40904,vertical,0.0009051733902670778,1
2018-10-18 11:30:00-04:00,GLD,-1,1.0,1.0,2279,116.23,116.218377,84.07262379321465,25.792388035648933,False,2282,115.9,115.91159,vertical,0.0026397460360335634,4
2018-10-24 09:30:00-04:00,IWM,-1,1.0,1.0,2305,136.57,136.556343,71.74017742562597,133.84187488326765,False,2307,134.67722788566402,134.6906956084526,lower,0.01366210716075933,3
2018-10-25 14:30:00-04:00,SPY,-1,1.0,1.0,2317,240.74,240.71592600000002,41.25368152956322,42.98472726022583,False,2317,239.65,239.673965,vertical,0.004328591868906995,1
2018-10-26 09:30:00-04:00,GLD,1,1.0,1.0,2319,116.85,116.861685,85.34365115100071,52.41787364221581,False,2319,117.48763145606445,117.47588269291884,upper,0.005255766189909528,1
2018-10-26 10:30:00-04:00,GLD,1,1.0,1.0,2320,117.39,117.401739,85.39754893409498,-58.685564351499245,False,2321,116.72620730299526,116.71453468226497,lower,-0.005853442407143916,2
2018-10-26 12:30:00-04:00,GLD,1,1.0,1.0,2322,116.73,116.741673,85.37769701868885,-1.9932277145986208,False,2324,116.73,116.718327,vertical,-0.00019998000199983323,3
2018-10-26 12:30:00-04:00,QQQ,-1,1.0,1.0,2322,159.66,159.644034,62.43349617968717,94.16357247511947,False,2324,158.12,158.13581200000002,vertical,0.009447405970711031,3
2018-10-29 09:30:00-04:00,GLD,-1,1.0,1.0,2326,116.4007,116.38905993,86.4282737368903,6.6921351854689535,False,2331,116.3,116.31163,vertical,0.0006652681106503744,6
2018-10-29 09:30:00-04:00,IWM,1,1.0,1.0,2326,136.29,136.303629,73.80071686579504,-185.62370702125713,False,2330,133.8018072300589,133.7884270493359,lower,-0.018452934592549264,5
2018-10-29 09:30:00-04:00,SPY,1,1.0,1.0,2326,239.31,239.333931,42.03041954635914,-164.86113875764312,False,2329,235.43505021002193,235.41150670500093,lower,-0.016388918523212115,4
2018-10-29 14:30:00-04:00,IWM,-1,1.0,1.0,2331,132.59,132.576741,73.328878089285,-24.67876059207219,False,2331,132.9,132.91329000000002,vertical,-0.002538522198249016,1
2018-10-30 09:30:00-04:00,IWM,-1,1.0,1.0,2333,134.39,134.37656099999998,72.11699710356382,-84.15995868388372,False,2338,135.53,135.543553,vertical,-0.008684490742399742,6
2018-10-30 09:30:00-04:00,SPY,-1,1.0,1.0,2333,235.87,235.846413,41.08959698455904,-72.20859781282935,False,2338,237.58,237.603758,vertical,-0.007451226319901583,6
2018-10-30 14:30:00-04:00,DIA,-1,1.0,1.0,2338,213.86,213.838614,44.80315740173759,-24.32013950712605,False,2338,214.36,214.381436,vertical,-0.002538465760912656,1
2018-10-31 09:30:00-04:00,DIA,1,1.0,1.0,2340,217.37,217.391737,43.7465816118854,-41.707247216884234,False,2345,216.46,216.438354,vertical,-0.004385553071872272,6
2018-10-31 09:30:00-04:00,IWM,1,1.0,1.0,2340,137.17,137.18371699999997,69.32415575545332,-79.53712902965643,False,2345,136.05,136.036395,vertical,-0.008363397822206409,6
2018-10-31 09:30:00-04:00,SPY,1,1.0,1.0,2340,241.29,241.31412899999998,39.40981576101591,-47.2185948853504,False,2345,240.14,240.115986,vertical,-0.004965076039952887,6
2018-10-31 09:30:00-04:00,TLT,-1,1.0,1.0,2340,90.08,90.070992,105.58499638174325,-0.8462637459982063,False,2345,90.07,90.07900699999999,vertical,-8.898536390034018e-05,6
2018-11-01 14:30:00-04:00,SPY,1,1.0,1.0,2352,242.41,242.434241,38.529359924624416,6.992886179520186,False,2352,242.64,242.615736,vertical,0.0007486359981634383,1
2018-11-02 09:30:00-04:00,TLT,-1,1.0,1.0,2354,89.79,89.78102100000001,104.11809658214574,46.32202637930427,False,2355,89.32718938356061,89.33612210249896,lower,0.004955378013589806,2
2018-11-02 11:30:00-04:00,TLT,-1,1.0,1.0,2356,89.36,89.351064,105.13753973988447,30.716878472864703,False,2359,89.05,89.058905,vertical,0.003269787587532269,4
2018-11-02 13:30:00-04:00,IWM,1,1.0,1.0,2358,139.31,139.323931,67.56332238139638,5.548772977217889,False,2359,139.42,139.406058,vertical,0.0005894680074740588,2
2018-11-05 09:30:00-05:00,QQQ,-1,1.0,1.0,2361,158.56,158.54414400000002,59.481330912802704,-97.06591843933641,False,2366,160.16,160.176016,vertical,-0.010292855723513794,6
2018-11-06 09:30:00-05:00,IWM,1,1.0,1.0,2368,139.74,139.753974,66.78415295089717,18.83453359936594,False,2373,140.05,140.035995,vertical,0.0020179819716612535,6
2018-11-07 09:30:00-05:00,DIA,1,1.0,1.0,2375,222.58,222.602258,42.012984920894525,95.80437613224193,False,2379,224.9051000801864,224.88260957017837,upper,0.010244063068661102,5
2018-11-07 09:30:00-05:00,SPY,1,1.0,1.0,2375,246.59,246.614659,37.92226036616531,97.47613649039913,False,2380,249.21,249.185079,vertical,0.010422819188538268,6
2018-11-07 10:30:00-05:00,IWM,1,1.0,1.0,2376,141.15,141.164115,66.52685603212528,85.92861527162074,False,2380,142.47,142.455753,vertical,0.009149903288098171,5
2018-11-07 14:30:00-05:00,TLT,-1,1.0,1.0,2380,89.42,89.411058,107.57280767042305,-6.227174690424511,False,2380,89.46,89.46894599999999,vertical,-0.0006474366962527789,1
2018-11-08 09:30:00-05:00,DIA,1,1.0,1.0,2382,225.72,225.742572,42.63780277082566,9.586214559163162,False,2387,225.99,225.96740100000002,vertical,0.000995953036275532,6
2018-11-09 13:30:00-05:00,QQQ,-1,1.0,1.0,2393,161.41,161.393859,59.69715041310261,-74.76494996597212,False,2394,162.63,162.646263,vertical,-0.007759923504896182,2
2018-11-12 09:30:00-05:00,QQQ,-1,1.0,1.0,2396,159.9,159.88401000000002,59.793274677737315,122.47025940663393,False,2401,157.82,157.835782,vertical,0.01281071196550565,6
2018-11-14 10:30:00-05:00,IWM,-1,1.0,1.0,2411,135.97,135.956403,71.21737977956607,42.9347505303271,False,2415,135.34,135.353534,vertical,0.004434281774871596,5
2018-11-15 09:30:00-05:00,IWM,-1,1.0,1.0,2417,134.99,134.976501,72.05249405928119,-128.33595277697694,False,2420,136.74397178665618,136.75764618383485,upper,-0.01319596500604825,4
2018-11-15 13:30:00-05:00,DIA,-1,1.0,1.0,2421,218.63,218.608137,43.90073359285837,5.544267546174826,False,2422,218.46,218.48184600000002,vertical,0.0005777049369392051,2
2018-11-15 13:30:00-05:00,SPY,-1,1.0,1.0,2421,242.21,242.185779,39.6268419363636,-2.3159115232873386,False,2422,242.22,242.244222,vertical,-0.0002413147470563537,2
2018-11-16 11:30:00-05:00,IWM,-1,1.0,1.0,2426,136.2,136.18637999999999,70.49373028118505,-120.00535211968442,False,2428,137.87494747555982,137.88873497030738,upper,-0.01250018518964513,3
2018-11-16 12:30:00-05:00,DIA,1,1.0,1.0,2427,219.06,219.081906,43.63274249049242,20.33883568629081,False,2429,219.57,219.548043,vertical,0.002127683698351701,3
2018-11-16 14:30:00-05:00,IWM,1,1.0,1.0,2429,137.79,137.803779,69.02287489632094,-13.634847729892249,False,2429,137.62,137.60623800000002,vertical,-0.00143349479552346,1
2018-11-16 14:30:00-05:00,SPY,1,1.0,1.0,2429,243.16,243.184316,39.112773202681616,-16.763499918030277,False,2429,242.78,242.755722,vertical,-0.0017624245142520145,1
2018-11-19 09:30:00-05:00,IWM,-1,1.0,1.0,2431,136.05,136.036395,69.6153487131856,83.74120796662389,False,2436,134.82,134.833482,vertical,0.008842582163398172,6
2018-11-19 12:30:00-05:00,QQQ,-1,1.0,1.0,2434,153.95,153.93460499999998,61.99881035140556,19.172760108308715,False,2436,153.61,153.625361,vertical,0.0020089310002775473,3
2018-11-20 11:30:00-05:00,QQQ,-1,1.0,1.0,2440,152.51,152.49474899999998,62.77681760494319,159.1446694886957,False,2442,149.94466792703048,149.95966239382318,lower,0.01662409114281571,3
2018-11-26 09:30:00-05:00,IWM,1,1.0,1.0,2456,135.92,135.93359199999998,71.59584007147615,-19.84343143836906,False,2461,135.67,135.656433,vertical,-0.0020389294207717734,6
2018-11-26 09:30:00-05:00,SPY,1,1.0,1.0,2456,236.63,236.653663,41.124568239509095,24.3708303844158,False,2461,237.27,237.246273,vertical,0.0025041235047353894,6
2018-11-28 10:30:00-05:00,IWM,1,1.0,1.0,2471,135.42,135.433542,71.89361636956475,118.27821759059901,False,2472,137.0924351077164,137.07872586420564,upper,0.01214753627432752,2
2018-11-28 11:30:00-05:00,DIA,1,1.0,1.0,2472,217.99,218.011799,45.086069997738484,57.091182942107096,False,2475,219.3,219.27807,vertical,0.005808268202951883,4
2018-11-28 11:30:00-05:00,GLD,-1,1.0,1.0,2472,115.41,115.398459,85.17700596025198,-0.2623451783573278,False,2475,115.39,115.401539,vertical,-2.6690131104789572e-05,4
2018-11-28 11:30:00-05:00,SPY,1,1.0,1.0,2472,241.61,241.634161,40.67841727911515,75.3156014512739,False,2475,243.51,243.485649,vertical,0.0076623602901908505,4
2018-11-28 14:30:00-05:00,TLT,-1,1.0,1.0,2475,91.07,91.060893,108.81338308296907,11.076984771078786,False,2475,90.95,90.959095,vertical,0.001117911286022455,1
2018-11-29 12:30:00-05:00,TLT,-1,1.0,1.0,2480,91.2,91.19088,109.64152066189115,-16.254684362687005,False,2482,91.33,91.339133,vertical,-0.0016257437147222387,3
2018-11-29 13:30:00-05:00,DIA,1,1.0,1.0,2481,219.65,219.671965,45.56007397254261,-23.868102672884234,False,2482,219.17,219.14808299999999,vertical,-0.0023848377739053017,2
2018-11-29 13:30:00-05:00,SPY,1,1.0,1.0,2481,243.81,243.834381,41.04536421011847,-33.60322399836151,False,2482,243.04,243.015696,vertical,-0.00335754538241273,2
2018-11-30 14:30:00-05:00,SPY,1,1.0,1.0,2489,244.75,244.774475,40.54581566424401,-6.44431139585943,False,2489,244.64,244.615536,vertical,-0.0006493283255943894,1
2018-12-03 09:30:00-05:00,DIA,1,1.0,1.0,2491,223.95,223.97239499999998,44.28285205087995,-21.90871963791111,False,2496,223.5,223.47765,vertical,-0.0022089552598656415,6
2018-12-03 09:30:00-05:00,SPY,1,1.0,1.0,2491,248.02,248.044802,39.98526214335362,-14.377620664671424,False,2496,247.71,247.68522900000002,vertical,-0.001449629248832185,6
2018-12-03 12:30:00-05:00,IWM,1,1.0,1.0,2494,139.28,139.293928,70.86621210369982,19.28368844038732,False,2496,139.58,139.566042,vertical,0.00195352377456115,3
2018-12-03 13:30:00-05:00,TLT,1,1.0,1.0,2495,92.08,92.089208,106.80922958608986,24.73263839372584,False,2496,92.33,92.320767,vertical,0.0025145074545542823,2
2018-12-04 12:30:00-05:00,TLT,1,1.0,1.0,2501,94.48,94.489448,105.04735320072751,-64.34610671619804,False,2501,93.88629281208246,93.87690418280125,lower,-0.0064826690192828496,1
2018-12-04 13:30:00-05:00,TLT,1,1.0,1.0,2502,93.9,93.90939,105.01101445852834,-4.072117118673626,False,2503,93.88,93.870612,vertical,-0.0004129299530111208,2
2018-12-04 14:30:00-05:00,QQQ,-1,1.0,1.0,2503,157.6,157.58424,62.63307326263768,23.08154015874836,False,2503,157.2,157.21571999999998,vertical,0.0023385587289694865,1
2018-12-06 09:30:00-05:00,TLT,1,1.0,1.0,2505,94.76,94.769476,104.25856669421334,-63.4823114501391,False,2510,94.17,94.160583,vertical,-0.006424990679488318,6
2018-12-07 14:30:00-05:00,IWM,-1,1.0,1.0,2517,130.37,130.356963,75.3089608467751,-11.001584854261747,False,2517,130.49,130.503049,vertical,-0.0011206612722329812,1
2018-12-10 10:30:00-05:00,IWM,-1,1.0,1.0,2520,128.66,128.647134,76.22436297583783,-149.84773261699596,False,2523,130.59995114399,130.6130111391044,upper,-0.015281157675105295,4
2018-12-11 09:30:00-05:00,DIA,-1,1.0,1.0,2526,213.74,213.718626,45.181827554891036,143.52506296718363,False,2527,210.52096351105652,210.54201560740762,lower,0.0148635168213761,2
2018-12-11 09:30:00-05:00,IWM,1,1.0,1.0,2526,132.3,132.31323,72.9798381099173,-155.61923866556305,False,2527,130.19389005941713,130.1808706704112,lower,-0.01611599482220194,2
2018-12-11 09:30:00-05:00,QQQ,-1,1.0,1.0,2526,156.93,156.914307,61.53803493011158,162.31832757781962,False,2529,154.2611897723911,154.27661589136835,lower,0.0168097553311799,4
2018-12-11 09:30:00-05:00,SPY,1,1.0,1.0,2526,237.36,237.383736,40.677589239728924,-143.76059619222747,False,2527,233.8729758990066,233.8495886014167,lower,-0.01488790874275936,2
2018-12-11 11:30:00-05:00,IWM,-1,1.0,1.0,2528,130.19,130.176981,73.80951582180096,20.96138582678142,False,2531,129.88,129.892988,vertical,0.002181591536525307,4
2018-12-11 11:30:00-05:00,SPY,-1,1.0,1.0,2528,234.27,234.246573,41.017889037607326,-2.332072081232531,False,2531,234.28,234.303428,vertical,-0.00024271432991240793,4
2018-12-12 09:30:00-05:00,DIA,1,1.0,1.0,2533,213.63,213.651363,45.31349970668342,-54.94755756582106,False,2538,212.46,212.43875400000002,vertical,-0.005675643641926964,6
2018-12-12 09:30:00-05:00,IWM,1,1.0,1.0,2533,132.09,132.103209,73.28581226692997,-70.8178392530278,False,2538,131.15,131.136885,vertical,-0.007314916929837656,6
2018-12-12 09:30:00-05:00,QQQ,1,1.0,1.0,2533,157.67,157.685767,61.396099082506375,-76.21791555031113,False,2538,156.46,156.444354,vertical,-0.007872701662414383,6
2018-12-12 09:30:00-05:00,SPY,1,1.0,1.0,2533,237.3,237.32373,40.79360700522031,-73.72563324282298,False,2538,235.54,235.516446,vertical,-0.00761526881445862,6
2018-12-19 09:30:00-05:00,QQQ,-1,1.0,1.0,2568,151.76,151.744824,61.98288535377675,143.6046517608672,False,2571,149.41303908771093,149.42798039161968,lower,0.015268023958301957,4
2018-12-19 09:30:00-05:00,SPY,-1,1.0,1.0,2568,228.34,228.31716600000001,41.19524691814469,119.34897083208567,False,2571,225.39747233913056,225.42001208636447,lower,0.012689163782085289,4
2018-12-19 13:30:00-05:00,DIA,-1,1.0,1.0,2572,206.1,206.07939,46.916557990655846,123.833461137157,False,2572,203.4196075849392,203.4399495456977,lower,0.012807881730930504,1
2018-12-19 13:30:00-05:00,QQQ,-1,1.0,1.0,2572,150.35,150.33496499999998,64.31328634435764,143.19884924288496,False,2572,148.09357296620718,148.1083823235038,lower,0.014810810489071402,1
2018-12-19 13:30:00-05:00,TLT,1,1.0,1.0,2572,96.4,96.40964000000001,100.285984385109,47.51166320979586,False,2572,96.89309105658322,96.88340174747756,upper,0.004914049543982779,1
2018-12-19 14:30:00-05:00,QQQ,-1,1.0,1.0,2573,146.41,146.39535899999998,68.19259635958693,-23.820628604752244,False,2573,146.73,146.74467299999998,vertical,-0.0023861002314971014,1
2018-12-19 14:30:00-05:00,TLT,1,1.0,1.0,2573,96.86,96.869686,103.05679761575587,-10.240135638291372,False,2573,96.78,96.77032200000001,vertical,-0.0010257491698691945,1
2018-12-20 09:30:00-05:00,TLT,1,1.0,1.0,2575,97.31,97.319731,102.23023387683611,-57.518057386336466,False,2579,96.76677512542788,96.75709844791534,lower,-0.005781279359317826,5
2018-12-20 14:30:00-05:00,TLT,1,1.0,1.0,2580,96.53,96.539653,102.46049676162023,-15.296634943032583,False,2580,96.4,96.39036,vertical,-0.0015464422686499724,1
2018-12-21 09:30:00-05:00,SPY,-1,1.0,1.0,2582,221.72,221.69782800000002,44.548042070269666,142.48811100168726,False,2583,218.47745335247393,218.49930109780917,lower,0.014427416502207913,2
2018-12-21 10:30:00-05:00,IWM,-1,1.0,1.0,2583,119.13,119.118087,83.44875947231442,165.5350272087905,False,2584,117.12270201548196,117.1344142856835,lower,0.016652993380564474,2
2018-12-26 10:30:00-05:00,SPY,-1,1.0,1.0,2594,211.03,211.008897,48.26444501457153,-155.28488458941126,False,2594,214.20485287825534,214.22627336354316,upper,-0.015247586283260617,1
2018-12-26 11:30:00-05:00,IWM,-1,1.0,1.0,2595,116.71,116.698329,85.9390405003355,-172.58435357591046,False,2597,118.6946778294092,118.70654729719215,upper,-0.017208629415697452,3
2018-12-26 11:30:00-05:00,QQQ,-1,1.0,1.0,2595,140.58,140.565942,71.34688730113925,-191.9259564325815,False,2598,143.24165749389974,143.25598165964914,upper,-0.019137207927999667,4
2018-12-26 11:30:00-05:00,SPY,-1,1.0,1.0,2595,213.31,213.288669,47.02051200972367,-159.38840165199787,False,2598,216.6567665317746,216.67843220842778,upper,-0.015892842429561016,4
2018-12-26 14:30:00-05:00,DIA,-1,1.0,1.0,2598,195.41,195.390459,48.84605492032653,-137.22610400491365,False,2598,198.18,198.199818,vertical,-0.014378179028690541,1
2018-12-26 14:30:00-05:00,IWM,-1,1.0,1.0,2598,119.01,118.99809900000001,80.20340804958413,-72.49505850193778,False,2598,119.89,119.901989,vertical,-0.007595835627592695,1
2018-12-26 14:30:00-05:00,TLT,-1,1.0,1.0,2598,95.9,95.89041,99.53084037519298,2.0726302199734783,False,2598,95.86,95.869586,vertical,0.0002171645736002148,1
2018-12-27 09:30:00-05:00,DIA,-1,1.0,1.0,2600,193.95,193.93060499999999,47.941866516144295,-178.49481700022133,False,2604,197.6339927830002,197.6537561822785,upper,-0.019198368314679026,5
2018-12-27 09:30:00-05:00,IWM,1,1.0,1.0,2600,118.04,118.051804,78.75690894401838,167.5101112960905,False,2605,120.19074899850561,120.17872992360576,upper,0.0180168862443284,6
2018-12-27 09:30:00-05:00,QQQ,1,1.0,1.0,2600,141.33,141.344133,65.77843014046508,201.09672171372,False,2605,144.4157579303409,144.40131635454787,upper,0.021629361542356174,6
2018-12-27 09:30:00-05:00,SPY,-1,1.0,1.0,2600,215.04,215.018496,43.23997865888293,-173.02321777663437,False,2605,218.99806018964122,219.01995999566017,upper,-0.01860985947767113,6
2018-12-27 14:30:00-05:00,DIA,1,1.0,1.0,2605,197.5,197.51975,46.45462256940644,136.58597418781392,False,2605,200.48,200.459952,vertical,0.014885610173159813,1
2018-12-27 14:30:00-05:00,TLT,-1,1.0,1.0,2605,96.09,96.080391,95.50029241922543,22.042135992404035,False,2605,95.84,95.84958400000001,vertical,0.0024022279426402227,1
2018-12-28 11:30:00-05:00,QQQ,1,1.0,1.0,2609,146.01,146.024601,64.87339819348851,-34.32788840088151,False,2612,145.51,145.49544899999998,vertical,-0.0036237181706115784,4
2018-12-28 13:30:00-05:00,IWM,1,1.0,1.0,2611,121.48,121.492148,78.34970303538108,-58.30972939180255,False,2612,120.76,120.74792400000001,vertical,-0.006125696287796245,2
2019-01-02 10:30:00-05:00,IWM,1,1.0,1.0,2622,122.36,122.372236,76.65525102381554,1.1899961168936515,False,2626,122.4,122.38776,vertical,0.00012685884075858134,5
2019-01-02 12:30:00-05:00,DIA,1,1.0,1.0,2624,202.61,202.63026100000002,46.24730971284417,-19.446253777296313,False,2626,202.23,202.209777,vertical,-0.0020751293411205296,3
2019-01-02 14:30:00-05:00,TLT,1,1.0,1.0,2626,97.51,97.519751,94.95724919531686,1.9460538650087618,False,2626,97.55,97.540245,vertical,0.00021015230032728205,1
2019-01-03 09:30:00-05:00,IWM,-1,1.0,1.0,2628,120.51,120.497949,77.71222948475415,26.10618009973098,False,2633,120.15,120.16201500000001,vertical,0.0027878814767211546,6
2019-01-03 09:30:00-05:00,TLT,1,1.0,1.0,2628,98.15,98.15981500000001,95.39712625915404,59.84572669565782,False,2630,98.79702729693261,98.78714759420292,upper,0.006390930893695357,3
2019-01-04 09:30:00-05:00,DIA,1,1.0,1.0,2635,201.91,201.930191,46.7989265256803,50.0517795117015,False,2640,203.02,202.99969800000002,vertical,0.005296419493804327,6
2019-01-04 09:30:00-05:00,IWM,1,1.0,1.0,2635,124.37,124.38243700000001,75.97629054273627,22.42014748141759,False,2640,124.69,124.677531,vertical,0.0023724732134007276,6
2019-01-07 09:30:00-05:00,IWM,1,1.0,1.0,2642,125.62,125.63256200000001,75.79713369945213,92.83261529553752,False,2647,126.87,126.857313,vertical,0.009748674869815899,6
2019-01-07 10:30:00-05:00,SPY,1,1.0,1.0,2643,226.68,226.70266800000002,42.298114393244326,7.809966139681788,False,2647,226.91,226.887309,vertical,0.0008144632863340551,5
2019-01-07 11:30:00-05:00,DIA,1,1.0,1.0,2644,204.57,204.590457,47.2628651393791,-33.12408450720258,False,2647,203.91,203.889609,vertical,-0.003425614323741333,4
2019-01-07 14:30:00-05:00,TLT,-1,1.0,1.0,2647,97.15,97.140285,99.32633104524218,-12.856899616827185,False,2647,97.26,97.269726,vertical,-0.0013325161646375872,1
2019-01-08 11:30:00-05:00,IWM,1,1.0,1.0,2651,128.31,128.322831,74.6340274882955,32.412961065946774,False,2654,128.77,128.757123,vertical,0.0033843704710661004,4
2019-01-08 14:30:00-05:00,DIA,1,1.0,1.0,2654,206.24,206.260624,46.5185762935308,-7.500469167263843,False,2654,206.12,206.099388,vertical,-0.000781710036909411,1
2019-01-09 09:30:00-05:00,IWM,1,1.0,1.0,2656,129.72,129.732972,74.01481705150934,7.700723610491559,False,2661,129.85,129.837015,vertical,0.0008019780815629041,6
2019-01-10 12:30:00-05:00,TLT,-1,1.0,1.0,2666,96.44,96.430356,99.65599330297063,21.001005748702898,False,2668,96.21,96.21962099999999,vertical,0.0021853595562792982,3
2019-01-11 13:30:00-05:00,IWM,1,1.0,1.0,2674,130.73,130.74307299999998,73.66251761183385,-12.237701375887427,False,2675,130.59,130.576941,vertical,-0.0012706753496606327,2
2019-01-15 10:30:00-05:00,SPY,1,1.0,1.0,2685,231.44,231.463144,41.5557572142539,35.4729085847459,False,2689,232.34,232.316766,vertical,0.0036879391908717363,5
2019-01-15 11:30:00-05:00,DIA,1,1.0,1.0,2686,208.65,208.670865,46.27532120440571,-7.946259331255666,False,2689,208.52,208.49914800000002,vertical,-0.0008229083633691792,4
2019-01-15 14:30:00-05:00,IWM,-1,1.0,1.0,2689,130.36,130.346964,73.79328518166216,-7.08998504696915,False,2689,130.43,130.44304300000002,vertical,-0.0007371019397122147,1
2019-01-16 09:30:00-05:00,SPY,1,1.0,1.0,2691,233.23,233.253323,41.32443969648575,-17.62933657003787,False,2696,232.85,232.826715,vertical,-0.0018289471485899433,6
2019-01-16 10:30:00-05:00,IWM,1,1.0,1.0,2692,131.47,131.483147,73.32806709887382,-13.659405683043085,False,2696,131.31,131.29686900000002,vertical,-0.0014167443071619878,5
2019-01-17 14:30:00-05:00,IWM,1,1.0,1.0,2703,132.6,132.61326,72.44957358008791,-6.26790240870729,False,2703,132.54,132.526746,vertical,-0.0006523782010938728,1
2019-01-17 14:30:00-05:00,SPY,1,1.0,1.0,2703,234.41,234.433441,40.98295062804342,8.323350391902203,False,2703,234.66,234.636534,vertical,0.000866314119409406,1
2019-01-18 09:30:00-05:00,SPY,1,1.0,1.0,2705,236.26,236.283626,40.67073858959878,57.858233388301244,False,2710,237.73,237.70622699999998,vertical,0.006020734589539334,6
2019-01-18 10:30:00-05:00,IWM,1,1.0,1.0,2706,133.91,133.92339099999998,72.13771375138862,-0.4893822500881158,False,2710,133.93,133.916607,vertical,-5.0655826060896914e-05,5
2019-01-18 10:30:00-05:00,TLT,-1,1.0,1.0,2706,95.39,95.380461,101.28832617587467,-14.088193287803437,False,2710,95.51,95.519551,vertical,-0.0014582651262295965,5
2019-01-18 11:30:00-05:00,DIA,1,1.0,1.0,2707,214.39,214.41143899999997,45.28871484006906,-12.357252287685428,False,2710,214.16,214.138584,vertical,-0.0012725766930744564,4
2019-01-22 09:30:00-05:00,IWM,1,1.0,1.0,2712,132.34,132.35323400000001,72.8410836686563,-47.81325152552481,False,2717,131.71,131.696829,vertical,-0.004959493471840659,6
2019-01-25 09:30:00-05:00,IWM,1,1.0,1.0,2733,133.71,133.72337100000001,71.73719648516578,9.558407534076146,False,2738,133.87,133.856613,vertical,0.0009964002477920175,6
2019-01-25 09:30:00-05:00,SPY,1,1.0,1.0,2733,237.47,237.49374699999998,40.3923886892303,-12.823250460003614,False,2738,237.2,237.17628,vertical,-0.0013367383521049048,6
2019-01-28 14:30:00-05:00,TLT,-1,1.0,1.0,2745,96.2,96.19038,99.69473971471776,0.07596739166207661,False,2745,96.18,96.18961800000001,vertical,7.921790100007264e-06,1
2019-01-30 11:30:00-05:00,IWM,1,1.0,1.0,2756,133.73,133.743373,71.7026245820154,38.948650565078495,False,2759,134.3,134.28657,vertical,0.00406148721851074,4
2019-01-30 13:30:00-05:00,DIA,1,1.0,1.0,2758,216.8,216.82168000000001,44.373137254608615,2.5128507627277843,False,2759,216.9,216.87831,vertical,0.0002611823688478676,2
2019-01-30 13:30:00-05:00,SPY,1,1.0,1.0,2758,238.67,238.69386699999998,40.30710251308983,2.5093186669532823,False,2759,238.78,238.756122,vertical,0.0002608152475069847,2
2019-01-30 13:30:00-05:00,TLT,-1,1.0,1.0,2758,96.33,96.320367,99.8860206420811,-27.897366477167928,False,2759,96.59,96.599659,vertical,-0.002899615197687,2
2019-01-31 09:30:00-05:00,IWM,1,1.0,1.0,2761,135.28,135.293528,70.99988048259814,5.178305283116051,False,2766,135.38,135.36646199999998,vertical,0.0005390797407542891,6
2019-01-31 09:30:00-05:00,SPY,1,1.0,1.0,2761,240.09,240.114009,40.00526399136106,27.679962197735136,False,2766,240.83,240.80591700000002,vertical,0.00288158114089887,6
2019-01-31 13:30:00-05:00,TLT,1,1.0,1.0,2765,97.53,97.539753,98.50809611489414,-46.04683597522975,False,2765,97.08201905459684,97.07231085269139,lower,-0.004792324492646771,1
2019-02-01 09:30:00-05:00,SPY,1,1.0,1.0,2768,241.81,241.834181,39.66617005879193,-33.6480980698126,False,2773,241.01,240.985899,vertical,-0.003507701006087327,6
2019-02-01 11:30:00-05:00,IWM,1,1.0,1.0,2770,135.83,135.84358300000002,70.42720270769081,-16.70145898611721,False,2773,135.62,135.606438,vertical,-0.0017457210326969896,4
2019-02-04 10:30:00-05:00,IWM,1,1.0,1.0,2776,136.22,136.233622,70.0435476384731,64.62644970766158,False,2780,137.17,137.156283,vertical,0.006772637961574679,5
2019-02-05 09:30:00-05:00,SPY,1,1.0,1.0,2782,243.48,243.504348,39.45273553072818,9.51895876517763,False,2787,243.77,243.74562300000002,vertical,0.0009908447302140466,6
2019-02-05 13:30:00-05:00,TLT,-1,1.0,1.0,2786,96.71,96.700329,99.35364497511613,-13.845327841862066,False,2787,96.83,96.839683,vertical,-0.0014410912707443213,2
2019-02-12 09:30:00-05:00,IWM,1,1.0,1.0,2817,138.59,138.603859,69.28080027807678,26.48196237909189,False,2822,139.0,138.9861,vertical,0.0027577947883832277,6
2019-02-12 09:30:00-05:00,SPY,1,1.0,1.0,2817,243.61,243.634361,39.41392434850236,37.09555790439819,False,2822,244.6,244.57554,vertical,0.003863079887980181,6
2019-02-13 09:30:00-05:00,SPY,1,1.0,1.0,2824,245.87,245.894587,39.31019349129961,-21.58617069071665,False,2829,245.37,245.345463,vertical,-0.0022331683128917756,6
2019-02-15 09:30:00-05:00,IWM,1,1.0,1.0,2838,141.1,141.11410999999998,68.34594799019382,55.47613259984918,False,2843,141.94,141.925806,vertical,0.005752054135479412,6
2019-02-15 09:30:00-05:00,SPY,1,1.0,1.0,2838,246.97,246.994697,39.047711306702624,19.545370942281366,False,2843,247.52,247.495248,vertical,0.002026565776835243,6
2019-02-21 09:30:00-05:00,IWM,1,1.0,1.0,2859,142.3,142.31423,68.29674816274255,10.34845987511313,False,2864,142.48,142.46575199999998,vertical,0.001064700276282693,6
2019-02-21 09:30:00-05:00,TLT,-1,1.0,1.0,2859,96.94,96.930306,100.274099271745,15.104187299204604,False,2864,96.77,96.77967699999999,vertical,0.0015539928244939771,6
2019-02-22 09:30:00-05:00,IWM,1,1.0,1.0,2866,143.15,143.16431500000002,68.06900010983139,36.846634656451386,False,2871,143.72,143.705628,vertical,0.0037810609438531095,6
2019-02-25 09:30:00-05:00,IWM,1,1.0,1.0,2873,144.46,144.474446,67.70677222818621,-50.023185164400864,False,2878,143.75,143.735625,vertical,-0.005113852452495293,6
2019-02-25 09:30:00-05:00,SPY,1,1.0,1.0,2873,250.37,250.395037,39.06586378593194,-37.11194554281479,False,2878,249.47,249.445053,vertical,-0.0037939410116982764,6
2019-02-26 13:30:00-05:00,TLT,-1,1.0,1.0,2884,97.5,97.49025,99.44341385326403,-1.9391465701380155,False,2885,97.5,97.50975,vertical,-0.00020002000200003422,2
2019-02-27 09:30:00-05:00,TLT,-1,1.0,1.0,2887,96.65,96.64033500000001,100.29791526320801,20.128989210004107,False,2892,96.43,96.439643,vertical,0.0020766898210773377,6
2019-03-01 09:30:00-05:00,TLT,-1,1.0,1.0,2901,95.79,95.780421,101.40854486375709,48.74052898834976,False,2905,95.29025664864506,95.29978567430992,lower,0.005018095772309161,5
2019-03-04 09:30:00-05:00,IWM,1,1.0,1.0,2908,143.85,143.864385,67.85344162167996,-56.59925392767001,False,2908,143.04454968880577,143.0302452338369,lower,-0.005798097744366015,1
2019-03-04 09:30:00-05:00,SPY,1,1.0,1.0,2908,251.21,251.235121,38.854813014126286,-51.373720743936,False,2908,249.93791770063342,249.91292390886335,lower,-0.005262787646384215,1
2019-03-04 09:30:00-05:00,TLT,-1,1.0,1.0,2908,95.58,95.570442,102.14134668369945,-52.37998093387216,False,2912,96.07365322024134,96.08326058556337,upper,-0.005365870187807209,5
2019-03-08 14:30:00-05:00,TLT,1,1.0,1.0,2941,97.62,97.629762,98.34440335346626,-11.753533022387096,False,2941,97.52,97.51024799999999,vertical,-0.0012241553963842078,1
2019-03-11 09:30:00-04:00,IWM,-1,1.0,1.0,2943,138.71,138.696129,69.14098633862035,-72.54958212482347,False,2945,139.73145506132772,139.74542820683385,upper,-0.007565454165154417,3
2019-03-12 09:30:00-04:00,QQQ,1,1.0,1.0,2950,166.73,166.746673,57.07482738371459,15.788209975365323,False,2955,167.04,167.023296,vertical,0.0016589416449706018,6
2019-03-12 09:30:00-04:00,SPY,1,1.0,1.0,2950,249.5,249.52495,38.140625129004945,-7.623738853910954,False,2955,249.35,249.325065,vertical,-0.0008010621783512972,6
2019-03-13 10:30:00-04:00,QQQ,1,1.0,1.0,2958,168.85,168.866885,56.406571657937306,-33.48937128532091,False,2962,168.29,168.273171,vertical,-0.0035158699113801983,5
2019-03-14 13:30:00-04:00,TLT,-1,1.0,1.0,2968,97.11,97.100289,97.75164189387569,3.967152634622001,False,2969,97.05,97.059705,vertical,0.00041795962110890983,2
2019-03-15 09:30:00-04:00,IWM,1,1.0,1.0,2971,141.12,141.13411200000002,67.28125253485464,-34.86346303224922,False,2976,140.63,140.615937,vertical,-0.0036715078492152164,6
2019-03-18 09:30:00-04:00,IWM,1,1.0,1.0,2978,141.71,141.724171,66.75513641016259,-69.42227163967016,False,2978,140.6982868210516,140.6842169923695,lower,-0.007337873280842899,1
2019-03-18 09:30:00-04:00,SPY,1,1.0,1.0,2978,253.07,253.095307,37.38044960162857,-1.1444398450027373,False,2983,253.09,253.064691,vertical,-0.00012096628879798565,6
2019-03-18 10:30:00-04:00,IWM,-1,1.0,1.0,2979,140.7,140.68592999999998,66.5828646140482,-57.80884104666725,False,2983,141.54,141.55415399999998,vertical,-0.006171363404997132,5
2019-03-19 09:30:00-04:00,SPY,1,1.0,1.0,2985,253.88,253.905388,36.75558399410914,-52.00458468640041,False,2990,252.5157638205041,252.49051224412204,lower,-0.005572452664446614,6
2019-03-19 11:30:00-04:00,IWM,1,1.0,1.0,2987,141.97,141.984197,65.89042296038481,-69.62786132388939,False,2989,140.94156912971104,140.92747497279808,lower,-0.007442532686943393,3
2019-03-19 13:30:00-04:00,DIA,1,1.0,1.0,2989,226.06,226.082606,41.06880265673772,-49.89886548479852,False,2990,224.890088428255,224.8675994194122,lower,-0.005374170981503168,2
2019-03-19 14:30:00-04:00,IWM,-1,1.0,1.0,2990,140.77,140.75592300000002,65.31074905468998,-3.798277232773229,False,2990,140.8,140.81408000000002,vertical,-0.0004131762185239918,1
2019-03-20 13:30:00-04:00,TLT,1,1.0,1.0,2996,98.3,98.30982999999999,93.14542835099002,8.413733397517621,False,2997,98.41,98.400159,vertical,0.0009188196134608528,2
2019-03-21 09:30:00-04:00,IWM,-1,1.0,1.0,2999,140.89,140.875911,65.06098093563013,-40.22310567070074,False,3004,141.48,141.494148,vertical,-0.004388521753729835,6
2019-03-22 09:30:00-04:00,QQQ,1,1.0,1.0,3006,172.58,172.597258,52.87049145467783,-76.4369543129701,False,3007,171.16863543101874,171.15151856747565,lower,-0.008376375437692984,2
2019-03-22 09:30:00-04:00,TLT,1,1.0,1.0,3006,99.95,99.959995,91.28953892194397,19.169616409602078,False,3011,100.18,100.169982,vertical,0.0021007103891912404,6
2019-03-25 12:30:00-04:00,TLT,1,1.0,1.0,3016,100.6,100.61005999999999,90.13049506467304,-25.245010884643737,False,3018,100.34,100.329966,vertical,-0.0027839561968255877,3
2019-03-26 09:30:00-04:00,IWM,-1,1.0,1.0,3020,138.35,138.336165,65.36822460996959,-2.4624863892832973,False,3025,138.36,138.373836,vertical,-0.00027231490767443134,6
2019-03-27 10:30:00-04:00,IWM,1,1.0,1.0,3028,136.65,136.663665,66.15018716944645,76.24153052252079,False,3032,137.83,137.81621700000002,vertical,0.00843349254536685,5
2019-03-27 13:30:00-04:00,TLT,1,1.0,1.0,3031,101.24,101.250124,90.21894478103417,-10.847745482582033,False,3032,101.14,101.129886,vertical,-0.001187534348106034,2
2019-03-28 09:30:00-04:00,IWM,1,1.0,1.0,3034,138.9,138.91389,65.54939037451523,8.010463250718166,False,3039,139.05,139.03609500000002,vertical,0.0008797176437864707,6
2019-03-28 13:30:00-04:00,TLT,1,1.0,1.0,3038,101.5,101.51015,89.6419360210797,-0.9234015829517193,False,3039,101.51,101.49984900000001,vertical,-0.00010147753697520301,2
2019-03-29 09:30:00-04:00,IWM,1,1.0,1.0,3041,140.19,140.204019,64.99676636031549,-47.31556601378457,False,3046,139.49,139.476051,vertical,-0.005192204939574396,6
2019-04-01 09:30:00-04:00,IWM,1,1.0,1.0,3048,140.9,140.91409000000002,64.3334694188952,5.2630567996880995,False,3053,141.01,140.99589899999998,vertical,0.0005805594032504136,6
2019-04-01 09:30:00-04:00,QQQ,1,1.0,1.0,3048,172.48,172.49724799999998,52.55441698238831,50.736244372465954,False,3053,173.48,173.462652,vertical,0.005596634214129592,6
2019-04-01 09:30:00-04:00,SPY,1,1.0,1.0,3048,255.23,255.25552299999998,35.51536199162456,33.698893287202345,False,3053,256.23,256.204377,vertical,0.00371727118319809,6
2019-04-01 09:30:00-04:00,TLT,-1,1.0,1.0,3048,100.23,100.219977,90.45594073231975,19.898316930415298,False,3053,99.99,99.99999899999999,vertical,0.002194951611294127,6
2019-04-03 09:30:00-04:00,IWM,1,1.0,1.0,3062,141.62,141.634162,64.78019625728585,-18.676001020582834,False,3067,141.36,141.345864,vertical,-0.002035511743275542,6
2019-04-03 09:30:00-04:00,TLT,-1,1.0,1.0,3062,99.43,99.42005700000001,92.28609485806489,10.163190768435943,False,3067,99.3,99.30993,vertical,0.0011076939937785246,6
2019-04-03 10:30:00-04:00,SPY,1,1.0,1.0,3063,257.63,257.655763,35.57006550558779,-31.70865033443161,False,3067,256.79,256.764321,vertical,-0.0034598178190176077,5
2019-04-05 09:30:00-04:00,SPY,1,1.0,1.0,3076,258.33,258.35583299999996,35.357697344923665,7.3652912185259405,False,3081,258.59,258.56414099999995,vertical,0.000806283324750634,6
2019-04-10 10:30:00-04:00,QQQ,1,1.0,1.0,3098,176.35,176.36763499999998,51.836226310616276,14.239359531301362,False,3102,176.66,176.642334,vertical,0.0015575363359610073,5
2019-04-11 09:30:00-04:00,SPY,1,1.0,1.0,3104,258.63,258.655863,35.400210515465744,-12.450112437447382,False,3109,258.33,258.304167,vertical,-0.0013597062750516642,6
2019-04-11 14:30:00-04:00,TLT,-1,1.0,1.0,3109,99.3,99.29007,91.98201099953911,-4.586499014470202,False,3109,99.33,99.339933,vertical,-0.0005021952346291325,1
2019-04-12 09:30:00-04:00,SPY,1,1.0,1.0,3111,260.05,260.076005,35.14140179832257,-0.7735676777870152,False,3116,260.08,260.053992,vertical,-8.46406418770762e-05,6
2019-04-12 09:30:00-04:00,TLT,-1,1.0,1.0,3111,98.82,98.81011799999999,92.49493447429695,13.897641389564503,False,3116,98.65,98.65986500000001,vertical,0.0015206236268231477,6
2019-04-16 09:30:00-04:00,TLT,-1,1.0,1.0,3125,98.45,98.440155,92.97587415947616,14.906635952241137,False,3130,98.27,98.279827,vertical,0.0016286849609288279,6
2019-04-17 09:30:00-04:00,QQQ,1,1.0,1.0,3132,178.46,178.477846,51.36472847992332,-13.132420130461007,False,3137,178.24,178.22217600000002,vertical,-0.0014325027208137442,6
2019-04-18 09:30:00-04:00,QQQ,1,1.0,1.0,3139,177.59,177.607759,51.542419829423714,45.45127695497083,False,3142,178.50743246529544,178.4895817220489,upper,0.004965001118272694,4
2019-04-18 11:30:00-04:00,DIA,1,1.0,1.0,3141,231.56,231.583156,39.685653475525406,-2.63155568196271,False,3144,231.54,231.516846,vertical,-0.0002863334326440592,4
2019-04-23 09:30:00-04:00,QQQ,1,1.0,1.0,3153,180.4,180.41804,50.97690563878266,47.53787138405944,False,3157,181.3687142780901,181.3505774066623,upper,0.005168759214224439,5
2019-04-23 09:30:00-04:00,SPY,1,1.0,1.0,3153,261.27,261.29612699999996,35.19820024203465,32.90210368407035,False,3154,262.25711936073697,262.2308936488009,upper,0.0035774225187843456,2
2019-04-23 11:30:00-04:00,DIA,1,1.0,1.0,3155,232.55,232.57325500000002,39.82079251319286,-11.009931459596407,False,3158,232.32,232.296768,vertical,-0.0011888168310669744,4
2019-04-25 10:30:00-04:00,QQQ,1,1.0,1.0,3168,181.64,181.65816399999997,51.01110371358069,-16.644872130636514,False,3172,181.35,181.331865,vertical,-0.0017962253543417628,5
2019-04-25 12:30:00-04:00,TLT,1,1.0,1.0,3170,99.03,99.039903,93.51358098803581,14.043589052041522,False,3172,99.2,99.19008000000001,vertical,0.0015163282217673935,3
2019-04-29 09:30:00-04:00,QQQ,1,1.0,1.0,3181,181.74,181.758174,50.968723756787156,7.320841668081938,False,3186,181.92,181.901808,vertical,0.0007902478157597592,6
2019-04-29 13:30:00-04:00,TLT,-1,1.0,1.0,3185,98.82,98.81011799999999,93.93172262086502,-12.189989303124966,False,3186,98.93,98.93989300000001,vertical,-0.0013133776441802691,2
2019-04-30 14:30:00-04:00,TLT,-1,1.0,1.0,3193,99.43,99.42005700000001,93.13123823203009,0.9422087371942072,False,3193,99.4,99.40994,vertical,0.00010176015087182133,1
2019-05-01 14:30:00-04:00,TLT,1,1.0,1.0,3200,99.68,99.68996800000001,92.88853640966367,10.222476320419764,False,3200,99.81,99.800019,vertical,0.001103932544145314,1
2019-05-06 14:30:00-04:00,TLT,1,1.0,1.0,3221,99.87,99.879987,92.81416605076878,0.9302763863272164,False,3221,99.9,99.89001,vertical,0.0001003504335659322,1
2019-05-07 12:30:00-04:00,TLT,1,1.0,1.0,3226,100.76,100.770076,92.00358224353182,-11.05349437790252,False,3228,100.66,100.649934,vertical,-0.001192238854717198,3
2019-05-10 13:30:00-04:00,TLT,-1,1.0,1.0,3248,100.63,100.619937,92.03101052006275,10.113011653018182,False,3249,100.5,100.51004999999999,vertical,0.0010920996700684027,2
2019-05-15 10:30:00-04:00,QQQ,-1,1.0,1.0,3266,174.14,174.12258599999998,53.239890959510966,-11.438377613086791,False,3270,174.32,174.33743199999998,vertical,-0.0012338778382259274,5
2019-05-16 09:30:00-04:00,QQQ,1,1.0,1.0,3272,176.52,176.537652,52.446767076153144,-22.828189624634167,False,3277,176.12,176.10238800000002,vertical,-0.002465559018537289,6
2019-05-16 09:30:00-04:00,SPY,1,1.0,1.0,3272,258.43,258.455843,35.82364015123071,-24.776417648674318,False,3277,257.79,257.764221,vertical,-0.0026759774202512743,6
2019-05-23 11:30:00-04:00,TLT,1,1.0,1.0,3309,102.98,102.99029800000001,89.43778866764396,-14.362098979828058,False,3312,102.84,102.829716,vertical,-0.0015591954108143957,4
2019-05-24 09:30:00-04:00,TLT,1,1.0,1.0,3314,102.71,102.720271,89.5330816286675,18.7513609508999,False,3319,102.94,102.929706,vertical,0.0020388867548839507,6
2019-05-29 14:30:00-04:00,TLT,1,1.0,1.0,3333,104.08,104.090408,88.5347069569825,-8.925006738919553,False,3333,104.0,103.9896,vertical,-0.0009684657975401745,1
2019-05-30 14:30:00-04:00,TLT,1,1.0,1.0,3340,104.77,104.78047699999999,87.86645209272933,7.823189562077013,False,3340,104.88,104.869512,vertical,0.0008497289051281331,1
2019-05-31 09:30:00-04:00,TLT,1,1.0,1.0,3342,105.73,105.740573,87.14263305662156,39.11022371424335,False,3347,106.2,106.18938,vertical,0.004244416190178901,6
2019-06-03 09:30:00-04:00,QQQ,-1,1.0,1.0,3349,164.46,164.443554,56.27233145210513,90.71899466495907,False,3350,162.81513038579095,162.83141189882951,lower,0.009803619916719186,2
2019-06-03 09:30:00-04:00,TLT,1,1.0,1.0,3349,106.43,106.44064300000001,86.93692479713927,45.965939190954344,False,3353,106.98006846411745,106.96937045727104,upper,0.004967345577488125,5
2019-06-03 11:30:00-04:00,QQQ,-1,1.0,1.0,3351,162.61,162.59373900000003,57.47548888903055,26.87140036931158,False,3354,162.11,162.126211,vertical,0.0028754366734872194,4
2019-06-03 14:30:00-04:00,TLT,1,1.0,1.0,3354,106.98,106.99069800000001,88.30671895839066,-9.836220504618938,False,3354,106.89,106.879311,vertical,-0.0010410905067654852,1
2019-06-04 09:30:00-04:00,DIA,1,1.0,1.0,3356,220.14,220.16201399999997,42.729179837402626,62.206080049247674,False,3361,221.64,221.61783599999998,vertical,0.006612503099649114,6
2019-06-04 09:30:00-04:00,IWM,1,1.0,1.0,3356,135.11,135.123511,69.6203215854179,-114.36855608869354,False,3359,133.49411367472143,133.48076426335396,lower,-0.012157371611266399,4
2019-06-04 09:30:00-04:00,QQQ,-1,1.0,1.0,3356,164.58,164.563542,57.16540963593718,-119.06842736208017,False,3361,166.62975445779924,166.646417433245,upper,-0.012656967685132692,6
2019-06-04 09:30:00-04:00,TLT,1,1.0,1.0,3356,106.03,106.040603,88.71453031600313,-30.267091166032888,False,3361,105.71,105.699429,vertical,-0.0032173902292880197,6
2019-06-05 10:30:00-04:00,QQQ,1,1.0,1.0,3364,167.37,167.386737,54.997453561707175,24.005233533159913,False,3368,167.84,167.823216,vertical,0.0026076080328871765,5
2019-06-05 10:30:00-04:00,SPY,1,1.0,1.0,3364,252.5,252.52525,36.45514377276408,36.43308841078233,False,3368,253.55,253.52464500000002,vertical,0.00395760423957614,5
2019-06-05 10:30:00-04:00,TLT,-1,1.0,1.0,3364,105.29,105.279471,87.44196952702387,17.397804024975102,False,3368,105.07,105.080507,vertical,0.0018898651190981663,5
2019-06-06 09:30:00-04:00,TLT,-1,1.0,1.0,3370,106.1,106.08939,87.50809502224597,61.55229674583401,False,3374,105.37546270755563,105.38600025382638,lower,0.0066301610950314505,5
2019-06-07 09:30:00-04:00,DIA,1,1.0,1.0,3377,227.22,227.242722,41.12445333988714,7.177615339224792,False,3382,227.44,227.417256,vertical,0.0007680510005509955,6
2019-06-07 09:30:00-04:00,QQQ,1,1.0,1.0,3377,171.84,171.857184,54.377899720025354,28.57971902325364,False,3382,172.4,172.38276000000002,vertical,0.003058213731699677,6
2019-06-07 09:30:00-04:00,TLT,1,1.0,1.0,3377,106.42,106.430642,87.80584747123807,-7.136683670768318,False,3382,106.36,106.349364,vertical,-0.0007636710487944898,6
2019-06-07 11:30:00-04:00,IWM,1,1.0,1.0,3379,137.57,137.583757,68.3048393923022,-12.807020776378222,False,3382,137.41,137.396259,vertical,-0.0013627916847771537,4
2019-06-10 09:30:00-04:00,DIA,1,1.0,1.0,3384,228.96,228.982896,40.88098504804166,-36.208615504930634,False,3389,228.12,228.09718800000002,vertical,-0.003868009425472496,6
2019-06-10 09:30:00-04:00,IWM,1,1.0,1.0,3384,139.16,139.173916,67.26149997556496,-62.40131851033025,False,3389,138.26,138.246174,vertical,-0.006666062338865242,6
2019-06-18 09:30:00-04:00,DIA,1,1.0,1.0,3426,231.5,231.52315,40.0065238124914,10.948505358717494,False,3431,231.82,231.796818,vertical,0.001182032984606618,6
2019-06-18 09:30:00-04:00,IWM,1,1.0,1.0,3426,141.48,141.494148,65.46162187299801,-48.979956564301624,False,3431,140.76,140.745924,vertical,-0.005288020816238914,6
2019-06-18 09:30:00-04:00,SPY,1,1.0,1.0,3426,262.47,262.49624700000004,35.28597654052561,-19.846350503383913,False,3431,261.96,261.933804,vertical,-0.0021426706340682555,6
2019-06-19 11:30:00-04:00,IWM,1,1.0,1.0,3435,140.68,140.69406800000002,65.42250673929657,37.40885104355581,False,3438,141.28,141.265872,vertical,0.004064165661909591,4
2019-06-19 14:30:00-04:00,DIA,1,1.0,1.0,3438,232.4,232.42324,39.761872788594765,-13.77550082760883,False,3438,232.1,232.07679,vertical,-0.0014905996491573203,1
2019-06-20 09:30:00-04:00,DIA,1,1.0,1.0,3440,233.88,233.903388,39.45300682059807,13.934170760926063,False,3445,234.28,234.256572,vertical,0.0015099567518876977,6
2019-06-20 09:30:00-04:00,IWM,1,1.0,1.0,3440,142.37,142.384237,64.81189320222992,-26.471510411945637,False,3445,141.99,141.97580100000002,vertical,-0.002868547871629934,6
2019-06-21 10:30:00-04:00,DIA,1,1.0,1.0,3448,235.04,235.063504,39.20495723774277,-41.82800410669075,False,3452,234.02,233.996598,vertical,-0.004538799013223183,5
2019-06-21 13:30:00-04:00,TLT,-1,1.0,1.0,3451,106.14,106.129386,86.67031266080451,1.627321790519488,False,3452,106.1,106.11061,vertical,0.00017691612764070275,2
2019-07-01 09:30:00-04:00,IWM,1,1.0,1.0,3489,142.91,142.92429099999998,64.19800214477053,-12.10556047242953,False,3494,142.75,142.735725,vertical,-0.0013193418605097484,6
2019-07-10 09:30:00-04:00,QQQ,1,1.0,1.0,3528,183.44,183.45834399999998,49.94784199995492,16.146938570378484,False,3533,183.8,183.78162,vertical,0.001762122086962803,6
2019-07-10 12:30:00-04:00,TLT,-1,1.0,1.0,3531,106.41,106.399359,86.25912837963352,-20.81467271451782,False,3533,106.63,106.64066299999999,vertical,-0.0022679083997112492,3
2019-07-11 09:30:00-04:00,QQQ,1,1.0,1.0,3535,184.01,184.028401,49.76775647548683,-19.746153665752274,False,3540,183.65,183.63163500000002,vertical,-0.0021560041702475274,6
2019-07-11 12:30:00-04:00,TLT,-1,1.0,1.0,3538,105.04,105.02949600000001,87.0880686948143,-16.635998322425333,False,3540,105.21,105.22052099999999,vertical,-0.0018187747944633514,3
2019-07-16 11:30:00-04:00,QQQ,1,1.0,1.0,3558,184.13,184.148413,49.53775242990044,9.072938433040058,False,3561,184.35,184.33156499999998,vertical,0.0009945890763662923,4
2019-07-18 10:30:00-04:00,QQQ,-1,1.0,1.0,3571,182.36,182.341764,50.078332202523285,-53.656452763626405,False,3573,183.39487498626383,183.41321447376245,upper,-0.005876056314572331,3
2019-07-18 13:30:00-04:00,TLT,1,1.0,1.0,3574,106.73,106.740673,85.04457320802611,1.5860812903291628,False,3575,106.77,106.759323,vertical,0.00017472252587347192,2
2019-07-19 09:30:00-04:00,QQQ,-1,1.0,1.0,3577,184.21,184.19157900000002,49.2927044211549,49.36346355339921,False,3580,183.1718263284226,183.19014351105545,lower,0.005436923307685859,4
2019-07-23 10:30:00-04:00,QQQ,1,1.0,1.0,3592,184.2,184.21841999999998,49.553483978780214,36.82230198192072,False,3596,184.98,184.961502,vertical,0.004033700864441325,5
2019-07-23 13:30:00-04:00,TLT,-1,1.0,1.0,3595,106.01,105.99939900000001,86.28899936313084,-13.048191038695263,False,3596,106.14,106.150614,vertical,-0.0014265646921260977,2
2019-07-24 10:30:00-04:00,QQQ,1,1.0,1.0,3599,185.18,185.198518,49.41961055546584,46.512161863934516,False,3602,186.1583019482991,186.1396861181043,upper,0.005081941952171931,4
2019-07-25 13:30:00-04:00,TLT,-1,1.0,1.0,3609,106.21,106.199379,86.61962888571472,8.555420745040967,False,3610,106.09,106.100609,vertical,0.0009300431031709078,2
2019-07-31 14:30:00-04:00,QQQ,-1,1.0,1.0,3638,183.65,183.63163500000002,50.14117647876089,55.82643377380631,False,3638,182.5,182.51825,vertical,0.006063143749714062,1
2019-08-01 09:30:00-04:00,TLT,1,1.0,1.0,3640,108.29,108.30082900000001,85.53334943901686,48.00572813107752,False,3642,108.8729678839872,108.8620805871988,upper,0.005182338790765906,3
2019-08-01 12:30:00-04:00,TLT,1,1.0,1.0,3643,109.2,109.21092,85.26014046510448,34.7961127461962,False,3645,109.63,109.61903699999999,vertical,0.0037369614686881825,3
2019-08-02 09:30:00-04:00,TLT,1,1.0,1.0,3647,110.02,110.031002,84.94091958073312,46.542442534147284,False,3652,110.59,110.578941,vertical,0.004979860130692959,6
2019-08-05 09:30:00-04:00,TLT,1,1.0,1.0,3654,111.91,111.921191,83.92223895118875,52.665652820535854,False,3659,112.56,112.548744,vertical,0.005607097229692659,6
2019-08-06 10:30:00-04:00,TLT,1,1.0,1.0,3662,112.8,112.81128,83.72693393448041,49.17944272750105,False,3666,113.41,113.398659,vertical,0.005206739964301432,5
2019-08-06 12:30:00-04:00,DIA,-1,1.0,1.0,3664,226.99,226.96730100000002,41.71456261583268,-54.45936264447198,False,3666,228.25,228.272825,vertical,-0.00575203562032045,3
2019-08-07 09:30:00-04:00,QQQ,-1,1.0,1.0,3668,173.66,173.642634,54.364889832915125,-112.25996378713167,False,3673,175.69,175.707569,vertical,-0.01189186637194184,6
2019-08-07 09:30:00-04:00,TLT,1,1.0,1.0,3668,115.74,115.75157399999999,81.55450799923638,-96.04323151369256,False,3671,114.58537560761407,114.57391707005331,lower,-0.010174003594514258,4
2019-08-07 12:30:00-04:00,DIA,-1,1.0,1.0,3671,226.54,226.517346,41.26082802061544,-64.17952629211902,False,3673,228.05,228.07280500000002,vertical,-0.006866842771502402,3
2019-08-07 13:30:00-04:00,TLT,1,1.0,1.0,3672,114.61,114.621461,80.53314747503492,-95.22458349699602,False,3673,113.45037884507529,113.43903380719078,lower,-0.01031593195980296,2
2019-08-08 09:30:00-04:00,QQQ,1,1.0,1.0,3675,177.56,177.577756,51.08948083912752,108.52795364109606,False,3680,179.72,179.702028,vertical,0.01196248926582899,6
2019-08-08 09:30:00-04:00,SPY,1,1.0,1.0,3675,261.72,261.746172,34.66089033239906,90.0278846013609,False,3680,264.37,264.343563,vertical,0.00992331991009987,6
2019-08-08 10:30:00-04:00,DIA,1,1.0,1.0,3676,230.13,230.153013,39.66157182542056,55.67806471410952,False,3680,231.58,231.55684200000002,vertical,0.006099546478672613,5
2019-08-09 09:30:00-04:00,DIA,1,1.0,1.0,3682,229.85,229.872985,40.57279399566603,35.45810643898477,False,3687,230.77,230.746923,vertical,0.0038018299540505396,6
2019-08-09 09:30:00-04:00,QQQ,1,1.0,1.0,3682,177.74,177.757774,52.46796838023988,10.201294624200889,False,3687,177.97,177.952203,vertical,0.0010937861991902054,6
2019-08-09 13:30:00-04:00,TLT,-1,1.0,1.0,3686,113.72,113.708628,82.79375395107787,15.505365858695564,False,3687,113.51,113.52135100000001,vertical,0.0016469902354286914,2
2019-08-13 09:30:00-04:00,DIA,1,1.0,1.0,3696,231.79,231.813179,40.49706782415382,-43.1802415499102,False,3701,230.77,230.746923,vertical,-0.004599634950004261,6
2019-08-13 09:30:00-04:00,QQQ,1,1.0,1.0,3696,180.77,180.78807700000002,51.9268426783239,-48.60684806484341,False,3701,179.87,179.852013,vertical,-0.005177686579408758,6
2019-08-19 09:30:00-04:00,QQQ,1,1.0,1.0,3724,179.28,179.297928,51.8464828153561,21.98798966902619,False,3729,179.74,179.722026,vertical,0.002365325716424227,6
2019-08-19 09:30:00-04:00,SPY,1,1.0,1.0,3724,262.79,262.816279,35.3705903540357,15.117178093772468,False,3729,263.27,263.243673,vertical,0.001626208245646632,6
2019-08-22 11:30:00-04:00,TLT,-1,1.0,1.0,3747,116.47,116.458353,80.1408561105424,3.7436198114915182,False,3750,116.4,116.41164,vertical,0.00040111334907855234,4
2019-08-23 10:30:00-04:00,QQQ,-1,1.0,1.0,3753,176.23,176.212377,52.9861516507166,114.5038129515715,False,3756,174.033959652571,174.05136304853627,lower,0.012263689919259968,4
2019-08-27 09:30:00-04:00,QQQ,-1,1.0,1.0,3766,177.14,177.12228599999997,53.3604198367608,50.40798780719142,False,3771,176.16,176.177616,vertical,0.005333433874040949,6
2019-08-27 12:30:00-04:00,TLT,1,1.0,1.0,3769,119.65,119.66196500000001,79.55083520915981,-1.1082226852998938,False,3771,119.66,119.648034,vertical,-0.00011641961587383065,3
2019-08-29 09:30:00-04:00,DIA,1,1.0,1.0,3780,231.4,231.42314,41.05302221950973,18.624524590325663,False,3785,231.9,231.87681,vertical,0.0019603484768204726,6
2019-08-29 09:30:00-04:00,QQQ,1,1.0,1.0,3780,179.36,179.377936,52.96425814894375,-1.3703442510870942,False,3785,179.37,179.35206300000002,vertical,-0.0001442373603852687,6
2019-08-29 12:30:00-04:00,GLD,-1,1.0,1.0,3783,144.07,144.055593,66.14976188813067,-5.875421850903656,False,3785,144.13,144.144413,vertical,-0.0006165675219564903,3
2019-08-30 10:30:00-04:00,QQQ,1,1.0,1.0,3788,178.29,178.307829,53.34593618442321,35.96961773700746,False,3792,179.0,178.9821,vertical,0.0037814996895060293,5
2019-08-30 12:30:00-04:00,TLT,-1,1.0,1.0,3790,118.73,118.71812700000001,80.22686751423326,-53.25539692462302,False,3792,119.37,119.38193700000001,vertical,-0.005591479724069481,3
2019-09-03 09:30:00-04:00,GLD,1,1.0,1.0,3794,145.44,145.454544,65.27614763158881,17.68213342274006,False,3799,145.74,145.725426,vertical,0.001862313768623114,6
2019-09-03 09:30:00-04:00,QQQ,1,1.0,1.0,3794,177.53,177.547753,53.47694987629289,-18.47494925851193,False,3799,177.22,177.202278,vertical,-0.0019458145437638574,6
2019-09-03 14:30:00-04:00,TLT,1,1.0,1.0,3799,119.76,119.77197600000001,79.11247382386054,-21.671042617148682,False,3799,119.51,119.49804900000001,vertical,-0.002287070892109222,1
2019-09-05 09:30:00-04:00,DIA,1,1.0,1.0,3808,235.86,235.883586,40.156454249328355,-23.57657710595732,False,3813,235.32,235.296468,vertical,-0.0024890159165208425,6
2019-09-05 09:30:00-04:00,QQQ,1,1.0,1.0,3808,183.25,183.268325,51.685136694387914,-9.646255486956854,False,3813,183.1,183.08169,vertical,-0.0010183701957225955,6
2019-09-05 09:30:00-04:00,SPY,1,1.0,1.0,3808,268.56,268.586856,35.266984283759996,-13.883835838860861,False,3813,268.22,268.19317800000005,vertical,-0.0014657381446840922,6
2019-09-10 13:30:00-04:00,TLT,-1,1.0,1.0,3833,114.91,114.898509,82.03014854565897,53.900862187273425,False,3834,114.23,114.241423,vertical,0.0057188383532462694,2
2019-09-12 09:30:00-04:00,DIA,1,1.0,1.0,3843,240.03,240.054003,39.48712583281524,-28.744179404487646,False,3848,239.35,239.326065,vertical,-0.003032392673743445,6
2019-09-12 09:30:00-04:00,QQQ,1,1.0,1.0,3843,185.6,185.61856,51.067321194238374,-61.63840988340859,False,3848,184.43,184.41155700000002,vertical,-0.006502598662547432,6
2019-09-12 09:30:00-04:00,SPY,1,1.0,1.0,3843,272.0,272.0272,34.84593681489207,-25.240061950941268,False,3848,271.33,271.302867,vertical,-0.002662722698318354,6
2019-09-12 12:30:00-04:00,TLT,-1,1.0,1.0,3846,113.22,113.208678,83.5274307223393,-9.409615653163236,False,3848,113.31,113.321331,vertical,-0.0009950915600303034,3
2019-09-13 14:30:00-04:00,TLT,-1,1.0,1.0,3855,111.02,111.008898,84.26360881665546,9.084375402915075,False,3855,110.89,110.901089,vertical,0.0009711744008125134,1
2019-09-18 13:30:00-04:00,GLD,-1,1.0,1.0,3875,141.23,141.21587699999998,66.30341382678185,70.92682282759502,False,3875,140.13213270149654,140.1461459147667,lower,0.00757514741230747,1
2019-09-18 14:30:00-04:00,GLD,-1,1.0,1.0,3876,140.32,140.305968,67.2389185502823,-26.76788071378573,False,3876,140.69,140.704069,vertical,-0.0028373775233851983,1
2019-09-18 14:30:00-04:00,TLT,1,1.0,1.0,3876,113.4,113.41134000000001,83.1841115224502,-3.5501315115559047,False,3876,113.38,113.368662,vertical,-0.00037631157519180114,1
2019-09-19 09:30:00-04:00,GLD,1,1.0,1.0,3878,141.6,141.61416,66.40369538078096,-23.127610256781214,False,3883,141.28,141.265872,vertical,-0.0024594150754415622,6
2019-09-19 09:30:00-04:00,QQQ,1,1.0,1.0,3878,184.99,185.008499,50.82849486955286,-49.14632583184486,False,3883,184.06,184.041594,vertical,-0.005226273415687821,6
2019-09-19 09:30:00-04:00,SPY,1,1.0,1.0,3878,272.18,272.207218,34.5461211915592,-37.80492589580166,False,3883,271.14,271.112886,vertical,-0.00402021668653918,6
2019-09-20 12:30:00-04:00,GLD,-1,1.0,1.0,3888,142.12,142.10578800000002,65.39933954175565,-58.10796717624323,False,3890,142.98,142.994298,vertical,-0.0062524546853781615,3
2019-09-24 10:30:00-04:00,QQQ,-1,1.0,1.0,3900,181.9,181.88181,50.77757205673566,60.78259061441774,False,3900,180.66670715460288,180.68477382531833,lower,0.006581395768393006,1
2019-09-24 11:30:00-04:00,QQQ,-1,1.0,1.0,3901,180.11,180.091989,51.61972698129799,19.823007555359133,False,3904,179.69,179.707969,vertical,0.0021323547045727365,4
2019-09-25 11:30:00-04:00,GLD,-1,1.0,1.0,3908,141.88,141.865812,65.66855100546903,2.7338474469083733,False,3911,141.81,141.824181,vertical,0.0002934533656353544,4
2019-09-25 13:30:00-04:00,TLT,-1,1.0,1.0,3910,114.98,114.968502,81.06954450822583,11.108148988517655,False,3911,114.82,114.831482,vertical,0.0011918046909927815,2
2019-09-27 09:30:00-04:00,QQQ,1,1.0,1.0,3920,180.5,180.51805,51.68438451273824,-78.34068750419824,False,3922,179.02020043970174,179.00229841965776,lower,-0.00839667601296501,3
2019-09-27 12:30:00-04:00,GLD,-1,1.0,1.0,3923,141.355,141.34086449999998,65.45611315533951,18.770227736480788,False,3925,141.04,141.054104,vertical,0.0020288576910465483,3
2019-10-01 09:30:00-04:00,GLD,-1,1.0,1.0,3934,139.175,139.16108250000002,66.61628151622051,-30.835244463805076,False,3939,139.61,139.623961,vertical,-0.0033262065204184843,6
2019-10-01 09:30:00-04:00,QQQ,-1,1.0,1.0,3934,180.93,180.911907,51.24258541988609,72.15827670085294,False,3935,179.48578831988252,179.5037368987145,lower,0.007783733667046655,2
2019-10-02 09:30:00-04:00,GLD,-1,1.0,1.0,3941,140.75,140.735925,66.16446284173026,-36.271490858762434,False,3946,141.27,141.284127,vertical,-0.003895252757957879,6
2019-10-02 09:30:00-04:00,IWM,-1,1.0,1.0,3941,134.83,134.816517,69.06955532873643,-19.13164520006269,False,3946,135.08,135.093508,vertical,-0.0020545776301281737,6
2019-10-04 09:30:00-04:00,QQQ,-1,1.0,1.0,3955,179.2,179.18207999999998,51.65870238865523,-77.79733423418396,False,3960,180.67,180.688067,vertical,-0.008404785791079172,6
2019-10-04 13:30:00-04:00,DIA,1,1.0,1.0,3959,233.45,233.473345,39.40541139116992,24.559146811667002,False,3960,234.12,234.096588,vertical,0.0026694396313207136,2
2019-10-07 13:30:00-04:00,GLD,-1,1.0,1.0,3966,140.5,140.48595,65.50886801618022,-16.254191349910343,False,3967,140.72,140.734072,vertical,-0.001766169499512138,2
2019-10-08 09:30:00-04:00,GLD,-1,1.0,1.0,3969,141.9,141.88581000000002,64.7479925253116,-3.7801820476047543,False,3974,141.93,141.944193,vertical,-0.00041147878001335236,6
2019-10-08 09:30:00-04:00,IWM,-1,1.0,1.0,3969,134.54,134.526546,68.29002630698467,8.406980268574271,False,3974,134.39,134.403439,vertical,0.0009151130662345963,6
2019-10-08 12:30:00-04:00,TLT,-1,1.0,1.0,3972,118.0,117.9882,77.97670140885438,-8.079010079568128,False,3974,118.08,118.091808,vertical,-0.0008781217104760763,3
2019-10-09 14:30:00-04:00,IWM,-1,1.0,1.0,3981,135.4,135.38646,67.83077978011379,25.976543255371787,False,3981,134.99,135.003499,vertical,0.0028286506641801434,1
2019-10-11 09:30:00-04:00,DIA,1,1.0,1.0,3990,237.11,237.133711,38.83608812044677,-34.46073676062098,False,3995,236.27,236.246373,vertical,-0.0037419310660558036,6
2019-10-11 11:30:00-04:00,GLD,-1,1.0,1.0,3992,139.8301,139.81611698999998,65.81374820984905,-15.656235778534407,False,3995,140.04,140.054004,vertical,-0.001701427668864719,4
2019-10-25 11:30:00-04:00,TLT,-1,1.0,1.0,4062,112.68,112.668732,81.293439285226,0.6070181111432249,False,4065,112.65,112.661265,vertical,6.627393303770823e-05,4
2019-10-28 09:30:00-04:00,TLT,-1,1.0,1.0,4067,111.5,111.48885,82.15920912536585,-15.800612621363209,False,4072,111.67,111.681167,vertical,-0.0017249886423620353,6
2019-10-31 09:30:00-04:00,IWM,-1,1.0,1.0,4088,141.82,141.805818,64.4827924456187,-52.13059769032175,False,4093,142.6,142.61426,vertical,-0.005701049585991047,6
2019-10-31 09:30:00-04:00,TLT,1,1.0,1.0,4088,114.8,114.81147999999999,79.6439095609183,3.745891998379722,False,4093,114.87,114.858513,vertical,0.00040965415653571036,6
2019-11-06 09:30:00-05:00,TLT,-1,1.0,1.0,4116,112.3,112.28877,81.00231593936988,-11.540561956513738,False,4121,112.42,112.431242,vertical,-0.001268800076801968,6
2019-11-08 14:30:00-05:00,TLT,-1,1.0,1.0,4135,109.83,109.819017,82.71891435730775,-9.262450435159622,False,4135,109.92,109.930992,vertical,-0.0010196321462248026,1
2019-11-13 09:30:00-05:00,IWM,-1,1.0,1.0,4151,144.63,144.615537,62.75153831909199,-34.44921400333882,False,4156,145.15,145.164515,vertical,-0.0037961204680241334,6
2019-11-13 09:30:00-05:00,TLT,1,1.0,1.0,4151,111.43,111.44114300000001,81.43175103284399,-19.727981732222545,False,4156,111.21,111.19887899999999,vertical,-0.0021739188371391327,6
2019-11-14 09:30:00-05:00,TLT,1,1.0,1.0,4158,112.31,112.321231,80.31135463477963,1.4081792921660428,False,4163,112.35,112.338765,vertical,0.00015610583897540664,6
2019-11-20 12:30:00-05:00,IWM,-1,1.0,1.0,4189,144.71,144.69552900000002,62.352157371415174,-62.04914920392858,False,4190,145.67610176378565,145.69066937396204,upper,-0.0068774783909322235,2
2019-11-21 09:30:00-05:00,IWM,-1,1.0,1.0,4193,144.39,144.37556099999998,62.06056748028319,-23.515555805659016,False,4198,144.74,144.75447400000002,vertical,-0.0026244954296665846,6
2019-12-02 09:30:00-05:00,IWM,-1,1.0,1.0,4232,147.28,147.265272,60.683103142868475,18.23994509337595,False,4237,146.95,146.96469499999998,vertical,0.0020410582611767314,6
2019-12-03 09:30:00-05:00,IWM,-1,1.0,1.0,4239,145.66,145.645434,61.48324317006709,-54.67200652520244,False,4244,146.52,146.53465200000002,vertical,-0.006105361325642544,6
2019-12-12 09:30:00-05:00,DIA,1,1.0,1.0,4288,249.69,249.714969,35.6409616305651,-60.70116882381638,False,4289,248.03664328603034,248.01183962170174,lower,-0.006820293493492002,2
2019-12-12 14:30:00-05:00,DIA,1,1.0,1.0,4293,249.16,249.184916,35.47317631330035,-3.541180771826995,False,4293,249.11,249.085089,vertical,-0.0004006141366919014,1
2019-12-16 09:30:00-05:00,TLT,-1,1.0,1.0,4302,112.77,112.758723,78.3605830576062,21.7431811444929,False,4307,112.47,112.481247,vertical,0.0024607940974997744,6
2019-12-17 12:30:00-05:00,TLT,-1,1.0,1.0,4312,112.13,112.118787,79.00176854620808,-15.993434031568537,False,4314,112.31,112.321231,vertical,-0.0018056206762209204,3
2019-12-23 12:30:00-05:00,TLT,-1,1.0,1.0,4340,111.25,111.23887500000001,79.48290582967542,-23.231025267178797,False,4342,111.52,111.53115199999999,vertical,-0.002627471735937581,3
2019-12-30 11:30:00-05:00,QQQ,-1,1.0,1.0,4364,203.73,203.70962699999998,43.288862342067205,14.25463276948094,False,4367,203.36,203.380336,vertical,0.0016164724507594652,4
2019-12-31 12:30:00-05:00,TLT,-1,1.0,1.0,4372,110.97,110.958903,79.602559099979,11.767089093837525,False,4374,110.8,110.81107999999999,vertical,0.001332231988631083,3
2020-01-02 09:30:00-05:00,TLT,-1,1.0,1.0,4376,112.25,112.238775,78.79968150775144,17.14476190436744,False,4381,112.01,112.021201,vertical,0.0019384922902089263,6
2020-01-02 13:30:00-05:00,DIA,1,1.0,1.0,4380,254.57,254.59545699999998,34.880948589368955,37.5297121714153,False,4381,255.69696395410097,255.67139425770557,upper,0.004226066208658175,2
2020-01-08 11:30:00-05:00,TLT,-1,1.0,1.0,4406,111.84,111.828816,79.57746952177297,0.607573979799342,False,4409,111.81,111.821181,vertical,6.827399478148699e-05,4
2020-01-09 09:30:00-05:00,TLT,-1,1.0,1.0,4411,111.32,111.30886799999999,79.95465168934929,-64.89581828206303,False,4413,112.10931488842392,112.12052581991277,upper,-0.007291942093174297,3
2020-01-09 12:30:00-05:00,TLT,-1,1.0,1.0,4414,112.04,112.02879600000001,78.86156299130175,-14.386241767123911,False,4416,112.2,112.21122,vertical,-0.0016283670494858793,3
2020-01-15 14:30:00-05:00,QQQ,-1,1.0,1.0,4444,210.72,210.698928,41.86248024397433,-15.161585644841864,False,4444,211.04,211.061104,vertical,-0.0017189266382979795,1
2020-01-24 14:30:00-05:00,QQQ,-1,1.0,1.0,4486,213.66,213.638634,41.21547662199398,6.482699886919946,False,4486,213.46,213.481346,vertical,0.0007362338779979272,1
2020-01-27 09:30:00-05:00,QQQ,-1,1.0,1.0,4488,209.7,209.67902999999998,42.024711889732835,27.23743449237994,False,4493,209.01,209.030901,vertical,0.003091053025187973,6
2020-01-28 09:30:00-05:00,QQQ,-1,1.0,1.0,4495,211.14,211.11888599999997,41.86711301404379,-48.245107143490706,False,4500,212.25,212.271225,vertical,-0.005458246876122841,6
2020-02-05 13:30:00-05:00,DIA,1,1.0,1.0,4541,259.04,259.06590400000005,33.93226594734572,19.61722697987269,False,4542,259.67,259.64403300000004,vertical,0.002231590460472166,2
2020-02-06 14:30:00-05:00,TLT,-1,1.0,1.0,4549,116.96,116.948304,75.33508463190206,5.7720235143267935,False,4549,116.86,116.871686,vertical,0.0006551441737880914,1
2020-02-20 13:30:00-05:00,QQQ,1,1.0,1.0,4611,224.49,224.512449,39.267677325597816,18.261472607946132,False,4612,225.0,224.9775,vertical,0.002071381796739491,2
2020-02-24 09:30:00-05:00,IWM,-1,1.0,1.0,4621,149.25,149.235075,59.197503505926356,4.153296845975031,False,4626,149.15,149.164915,vertical,0.000470130765170218,6
2020-02-24 09:30:00-05:00,TLT,1,1.0,1.0,4621,123.29,123.302329,71.64782650228514,-18.960450918605794,False,4626,123.05,123.037695,vertical,-0.0021462206119399196,6
2020-02-25 12:30:00-05:00,IWM,-1,1.0,1.0,4631,145.08,145.065492,60.796931095418955,62.07907757529132,False,4633,144.03,144.044403,vertical,0.0070388138896604335,3
2020-02-28 10:30:00-05:00,QQQ,-1,1.0,1.0,4650,194.93,194.910507,45.56766043927197,-146.2404293507371,False,4654,198.1,198.11981,vertical,-0.016465520763331742,5
2020-03-02 10:30:00-05:00,DIA,-1,1.0,1.0,4657,231.13,231.106887,37.79798812171099,-230.4629177073948,False,4661,237.18039606584927,237.20411410545586,upper,-0.026382714875372137,5
2020-03-03 10:30:00-05:00,DIA,1,1.0,1.0,4664,232.63,232.65326299999998,36.556170939945986,-77.36451912745467,False,4668,230.56,230.536944,vertical,-0.009096450970472625,5
2020-03-03 10:30:00-05:00,SPY,1,1.0,1.0,4664,275.82,275.847582,30.831926784713342,-86.48013228724791,False,4668,273.07,273.042693,vertical,-0.010168256613538151,5
2020-03-04 09:30:00-05:00,DIA,1,1.0,1.0,4670,236.23,236.25362299999998,35.3055656655454,165.66359966112677,False,4675,240.97,240.94590300000002,vertical,0.01986119806509823,6
2020-03-04 09:30:00-05:00,SPY,1,1.0,1.0,4670,278.91,278.93789100000004,29.902957144497467,165.472767929261,False,4675,284.5,284.47155,vertical,0.019838319491703338,6
2020-03-04 14:30:00-05:00,TLT,-1,1.0,1.0,4675,127.01,126.99729900000001,67.50660588176912,11.7878685058634,False,4675,126.81,126.822681,vertical,0.001374974124449757,1
2020-03-05 09:30:00-05:00,DIA,1,1.0,1.0,4677,234.82,234.843482,36.97778606708684,-92.32314105163042,False,4682,232.37,232.346763,vertical,-0.010631417055892545,6
2020-03-05 09:30:00-05:00,SPY,1,1.0,1.0,4677,277.81,277.837781,31.255619755492358,-89.8686583705713,False,4682,274.99,274.96250100000003,vertical,-0.010348772545084373,6
2020-03-05 13:30:00-05:00,QQQ,-1,1.0,1.0,4681,202.6,202.57974,41.73929421271898,-10.457404511349944,False,4682,202.81,202.830281,vertical,-0.0012367525005216873,2
2020-03-06 09:30:00-05:00,QQQ,-1,1.0,1.0,4684,199.06,199.040094,42.6614691646609,-18.764732535014506,False,4689,199.46,199.479946,vertical,-0.00220986631969744,6
2020-03-06 09:30:00-05:00,TLT,1,1.0,1.0,4684,135.29,135.303529,62.757733633926186,172.78599906386648,False,4688,138.0705584725736,138.05675141672634,upper,0.020348489334127695,5
2020-03-06 14:30:00-05:00,TLT,1,1.0,1.0,4689,137.2,137.21372,64.13515301960653,-30.617801375795146,False,4689,136.75,136.736325,vertical,-0.003479207472838697,1
2020-03-09 09:30:00-04:00,TLT,1,1.0,1.0,4691,143.47,143.48434699999999,60.03962437704278,-172.21825895935226,False,4696,140.63,140.615937,vertical,-0.019991100492655067,6
2020-03-09 13:30:00-04:00,QQQ,-1,1.0,1.0,4695,186.96,186.941304,46.66575676600777,60.793441300862256,False,4696,185.62,185.638562,vertical,0.006968722118253723,2
2020-03-10 14:30:00-04:00,DIA,-1,1.0,1.0,4703,219.18,219.158082,38.79994478235475,-135.18599161178403,False,4703,222.62,222.642262,vertical,-0.015898021958414388,1
2020-03-11 09:30:00-04:00,DIA,-1,1.0,1.0,4705,214.27,214.24857300000002,39.05806872559655,179.18314760816693,False,4710,209.64,209.66096399999998,vertical,0.021412553352222474,6
2020-03-11 09:30:00-04:00,SPY,-1,1.0,1.0,4705,253.52,253.494648,33.011093348980644,132.69479096817824,False,4710,249.45,249.474945,vertical,0.015857151350982424,6
2020-03-16 09:30:00-04:00,DIA,-1,1.0,1.0,4726,186.03,186.01139700000002,46.66387956417172,280.6085267073116,False,4731,179.98,179.997998,vertical,0.03232812127097795,6
2020-03-17 10:30:00-04:00,SPY,1,1.0,1.0,4734,225.92,225.942592,39.658843755668016,204.0168709557526,False,4738,231.11,231.086889,vertical,0.02276815962171508,5
2020-03-17 13:30:00-04:00,DIA,-1,1.0,1.0,4737,188.8,188.78112000000002,48.263421492716915,-49.60799215208146,False,4738,189.79,189.808979,vertical,-0.005444712903493576,2
2020-03-18 09:30:00-04:00,DIA,-1,1.0,1.0,4740,181.35,181.331865,50.267121185139295,570.6647485336072,False,4743,169.96222444306542,169.97922066550973,lower,0.06260700144726505,4
2020-03-20 12:30:00-04:00,TLT,1,1.0,1.0,4757,128.78,128.792878,75.20365824277896,117.62491380265736,False,4759,130.37,130.356963,vertical,0.01214418859403077,3
2020-03-23 14:30:00-04:00,TLT,1,1.0,1.0,4766,135.87,135.883587,72.14499345692562,16.7953544767721,False,4766,136.13,136.116387,vertical,0.0017132311939924705,1
2020-03-24 09:30:00-04:00,DIA,-1,1.0,1.0,4768,178.73,178.71212699999998,54.94935354608227,-322.3509862386357,False,4773,184.56,184.578456,vertical,-0.032825578758849394,6
2020-03-24 09:30:00-04:00,TLT,1,1.0,1.0,4768,132.83,132.843283,73.92256219304181,71.95134314960173,False,4773,133.83,133.816617,vertical,0.0073269342492836564,6
2020-03-25 09:30:00-04:00,DIA,1,1.0,1.0,4775,185.17,185.188517,51.67553777865352,522.2477042640411,False,4778,195.3143332774455,195.29480184411776,upper,0.05457295629252101,4
2020-03-25 10:30:00-04:00,SPY,1,1.0,1.0,4776,224.42,224.44244199999997,43.510679363442065,53.30010360274449,False,4780,225.69,225.667431,vertical,0.005457920476555911,5
2020-03-26 09:30:00-04:00,DIA,1,1.0,1.0,4782,196.12,196.139612,51.72470726756156,230.19186131992626,False,4787,200.61,200.58993900000002,vertical,0.022689588067503763,6
2020-03-26 09:30:00-04:00,SPY,1,1.0,1.0,4782,233.55,233.57335500000002,43.43502286154645,237.27419335166013,False,4787,239.06,239.036094,vertical,0.02338768049977258,6
2020-03-27 09:30:00-04:00,DIA,1,1.0,1.0,4789,193.26,193.279326,54.90877006133958,-20.24041591124068,False,4794,192.93,192.910707,vertical,-0.0019071827682179965,6
2020-04-06 09:30:00-04:00,SPY,1,1.0,1.0,4831,237.51,237.533751,44.593619258062624,212.35557299842225,False,4836,242.32,242.295768,vertical,0.0200477489196893,6
2020-04-07 09:30:00-04:00,SPY,1,1.0,1.0,4838,246.62,246.644662,43.807334561458596,-184.81907043268092,False,4843,242.45,242.42575499999998,vertical,-0.017105202949821097,6
2020-04-08 10:30:00-04:00,SPY,1,1.0,1.0,4846,247.44,247.464744,42.915309809138684,135.6205758210529,False,4850,250.65,250.62493500000002,vertical,0.012770267590118012,5
2020-04-09 09:30:00-04:00,SPY,1,1.0,1.0,4852,255.3,255.32553000000001,42.12523021657977,-37.11135894051186,False,4857,254.47,254.444553,vertical,-0.00345040701570265,6
2020-04-13 09:30:00-04:00,SPY,1,1.0,1.0,4859,250.11,250.13501100000002,42.85100006444013,79.69373285684418,False,4864,252.02,251.994798,vertical,0.007435132701195446,6
2020-04-13 14:30:00-04:00,TLT,-1,1.0,1.0,4864,134.81,134.79651900000002,79.9090063015523,14.628062784557004,False,4864,134.6,134.61346,vertical,0.0013580395202936746,1
2020-04-15 09:30:00-04:00,SPY,-1,1.0,1.0,4873,252.41,252.384759,42.84275013659258,-71.14651311508122,False,4878,254.02,254.045402,vertical,-0.0065798069843037155,6
2020-04-17 13:30:00-04:00,TLT,-1,1.0,1.0,4891,137.75,137.736225,77.98754942649295,-6.828277877586516,False,4892,137.81,137.823781,vertical,-0.0006356788128905055,2
2020-04-23 09:30:00-04:00,SPY,1,1.0,1.0,4915,258.31,258.335831,41.55398163535614,-130.5357248721701,False,4920,255.22,255.194478,vertical,-0.012159958561845707,6
2020-04-24 14:30:00-04:00,SPY,1,1.0,1.0,4927,258.76,258.785876,40.97730067871361,1.976663030140861,False,4927,258.86,258.834114,vertical,0.00018640120838764318,1
2020-04-27 10:30:00-04:00,SPY,1,1.0,1.0,4930,262.13,262.156213,40.45802765424612,16.083239275365617,False,4934,262.58,262.553742,vertical,0.0015163821427341961,5
2020-04-29 13:30:00-04:00,TLT,-1,1.0,1.0,4947,138.2,138.18617999999998,76.87025254306764,-27.494413837839236,False,4948,138.53,138.543853,vertical,-0.0025883413232787866,2
2020-04-30 10:30:00-04:00,SPY,1,1.0,1.0,4951,265.95,265.976595,39.834001712534004,-16.855877326664437,False,4955,265.58,265.55344199999996,vertical,-0.0015909407367216133,5
2020-04-30 14:30:00-04:00,TLT,-1,1.0,1.0,4955,137.44,137.426256,77.02377684706525,31.776621280917468,False,4955,137.0,137.0137,vertical,0.003002017314653438,1
2020-05-01 14:30:00-04:00,TLT,-1,1.0,1.0,4962,137.84,137.82621600000002,76.97978797210985,-21.36905028254158,False,4962,138.09,138.103809,vertical,-0.0020140798177321617,1
2020-05-15 13:30:00-04:00,SPY,1,1.0,1.0,5031,261.41,261.436141,40.50114798166208,13.676387149298863,False,5032,261.8,261.77382,vertical,0.0012916309072967813,2
2020-05-18 09:30:00-04:00,SPY,1,1.0,1.0,5034,268.27,268.29682699999995,39.51645772368741,57.93879321572757,False,5039,269.79,269.76302100000004,vertical,0.005464820498976897,6
2020-05-28 09:30:00-04:00,SPY,1,1.0,1.0,5083,278.45,278.477845,38.27981006805299,-54.95265790281474,False,5088,277.07,277.042293,vertical,-0.00515499536417352,6
2020-05-28 09:30:00-04:00,TLT,-1,1.0,1.0,5083,133.32,133.306668,79.96658512806502,-22.12587447249728,False,5088,133.57,133.58335699999998,vertical,-0.0020755825957632368,6
2020-06-01 09:30:00-04:00,TLT,-1,1.0,1.0,5097,133.19,133.176681,79.46586746958643,-34.701075540751376,False,5102,133.6,133.61336,vertical,-0.0032789449077801347,6
2020-06-02 12:30:00-04:00,TLT,-1,1.0,1.0,5107,132.8,132.78672,79.43790920390711,-25.94362676690257,False,5109,133.1,133.11330999999998,vertical,-0.0024595079989926383,3
2020-06-03 09:30:00-04:00,SPY,1,1.0,1.0,5111,284.34,284.368434,37.002545015519324,42.29435298328083,False,5116,285.54,285.51144600000003,vertical,0.004019475663744165,6
2020-06-03 09:30:00-04:00,TLT,-1,1.0,1.0,5111,131.14,131.12688599999998,80.24560104384493,-19.76047925704937,False,5116,131.36,131.37313600000002,vertical,-0.0018779520166445351,6
2020-06-04 13:30:00-04:00,TLT,-1,1.0,1.0,5122,129.56,129.547044,81.3981494923494,6.031440081083473,False,5123,129.46,129.472946,vertical,0.0005719775435399921,2
2020-06-11 09:30:00-04:00,TLT,1,1.0,1.0,5153,134.6,134.61346,78.37939158450463,23.752639481508773,False,5158,134.93,134.916507,vertical,0.0022512384719923784,6
2020-06-15 13:30:00-04:00,SPY,1,1.0,1.0,5171,281.61,281.638161,37.54702024689956,-32.524768365694605,False,5172,280.8,280.77192,vertical,-0.0030757231084178605,2
2020-06-15 13:30:00-04:00,TLT,-1,1.0,1.0,5171,133.68,133.66663200000002,79.11229283735193,-4.4887523832979745,False,5172,133.71,133.72337100000001,vertical,-0.0004244814068479208,2
2020-06-16 09:30:00-04:00,QQQ,1,1.0,1.0,5174,234.38,234.403438,44.95522891015603,-185.19198432640937,False,5174,230.30699274917978,230.28396204990486,lower,-0.017574298334716132,1
2020-06-16 09:30:00-04:00,SPY,1,1.0,1.0,5174,288.45,288.478845,36.528363848023474,-223.72530240186802,False,5174,282.38238235284444,282.35414411460914,lower,-0.02123102262625476,1
2020-06-22 12:30:00-04:00,TLT,1,1.0,1.0,5205,133.54,133.55335399999998,75.84042349014528,10.866036675551848,False,5207,133.71,133.696629,vertical,0.0010727922265434398,3
2020-06-23 10:30:00-04:00,SPY,1,1.0,1.0,5210,288.43,288.458843,35.150972863622144,-65.29314300001533,False,5214,286.63,286.601337,vertical,-0.006439414304937774,5
2020-06-30 11:30:00-04:00,TLT,-1,1.0,1.0,5246,134.85,134.836515,74.71504154171313,-10.981766235884706,False,5249,134.97,134.983497,vertical,-0.0010900756371521325,4
2020-07-01 09:30:00-04:00,QQQ,1,1.0,1.0,5251,239.63,239.653963,41.99110220150601,54.669853609125525,False,5256,240.98,240.95590199999998,vertical,0.00543257863839286,6
2020-07-01 09:30:00-04:00,SPY,1,1.0,1.0,5251,285.61,285.63856100000004,35.23100668935571,-13.637535148378126,False,5256,285.28,285.251472,vertical,-0.0013551706696913746,6
2020-07-01 09:30:00-04:00,TLT,-1,1.0,1.0,5251,133.75,133.736625,75.24740551310413,-72.75250253591018,False,5256,134.69,134.70346899999998,vertical,-0.0072294631332290304,6
2020-07-07 14:30:00-04:00,TLT,1,1.0,1.0,5277,136.03,136.043603,73.7382254515398,9.053505582715225,False,5277,136.18,136.166382,vertical,0.0009024974147444631,1
2020-07-20 12:30:00-04:00,TLT,-1,1.0,1.0,5338,137.58,137.56624200000002,72.98787281574859,-17.337320345032634,False,5340,137.79,137.803779,vertical,-0.0017267099583919698,3
2020-08-06 13:30:00-04:00,TLT,-1,1.0,1.0,5430,140.84,140.825916,71.17532297458274,-22.64777424454315,False,5431,141.13,141.144113,vertical,-0.0022595059846797216,2
2020-08-24 10:30:00-04:00,QQQ,1,1.0,1.0,5511,271.36,271.387136,36.850244369161686,54.743764928472466,False,5515,272.9,272.87271,vertical,0.005474003012434503,5
2020-09-08 09:30:00-04:00,QQQ,-1,1.0,1.0,5580,267.0,266.9733,37.6645381585926,253.17973006476635,False,5584,260.2253118628978,260.2513343940841,lower,0.025178418987651163,5
2020-09-10 13:30:00-04:00,QQQ,-1,1.0,1.0,5598,261.64,261.613836,39.40390131063311,-13.096123023996947,False,5599,261.92,261.946192,vertical,-0.0012704068144162584,2
2020-09-11 12:30:00-04:00,QQQ,-1,1.0,1.0,5604,257.57,257.544243,39.9756932334774,-109.20487921273575,False,5606,260.25,260.276025,vertical,-0.010607039661142847,3
2020-09-15 09:30:00-04:00,QQQ,1,1.0,1.0,5615,268.47,268.496847,37.938265893317634,-0.14033364554090275,False,5620,268.52,268.49314799999996,vertical,-1.37766980929932e-05,6
2020-09-16 14:30:00-04:00,QQQ,1,1.0,1.0,5627,265.1,265.12651,38.42001480484876,-41.22152544438932,False,5627,264.08,264.053592,vertical,-0.004046815235488999,1
2020-09-18 10:30:00-04:00,QQQ,-1,1.0,1.0,5637,257.51,257.484249,39.400246629895776,30.282241554804738,False,5641,256.69,256.715669,vertical,0.002984959285800781,5
2020-09-21 09:30:00-04:00,QQQ,-1,1.0,1.0,5643,251.75,251.724825,40.422016999985196,-214.32077228012284,False,5648,257.00120498797776,257.02690510847657,upper,-0.021063000474730975,6
2020-09-22 13:30:00-04:00,QQQ,1,1.0,1.0,5654,261.46,261.48614599999996,38.093430705840056,39.14480939332366,False,5655,262.54,262.513746,vertical,0.003929844910407043,2
2020-09-23 11:30:00-04:00,QQQ,1,1.0,1.0,5659,258.75,258.775875,38.643668744551626,-187.4623317008173,False,5661,253.95022099411995,253.92482597202053,lower,-0.01874614095297511,3
2020-09-24 14:30:00-04:00,QQQ,-1,1.0,1.0,5669,254.6,254.57453999999998,38.5450440601039,-47.064924964018005,False,5669,255.77,255.795577,vertical,-0.004796383016149264,1
2020-09-25 14:30:00-04:00,QQQ,1,1.0,1.0,5676,261.99,262.01619900000003,37.27068010751756,-10.896977825757281,False,5676,261.75,261.723825,vertical,-0.0011158623059028816,1
2020-09-28 09:30:00-04:00,QQQ,1,1.0,1.0,5678,265.53,265.55655299999995,36.73275936101983,50.57186318304389,False,5683,266.96,266.93330399999996,vertical,0.005184398518683908,6
2020-09-30 09:30:00-04:00,QQQ,1,1.0,1.0,5692,269.23,269.25692300000003,36.41576495796897,-47.111876272953616,False,5697,267.99,267.963201,vertical,-0.004804786393551752,6
2020-10-01 09:30:00-04:00,QQQ,1,1.0,1.0,5699,270.39,270.417039,36.08531837004915,56.140130992706695,False,5704,272.0,271.9728,vertical,0.005753191462169793,6
2020-10-02 09:30:00-04:00,QQQ,1,1.0,1.0,5706,269.53,269.55695299999996,36.40872537980389,-139.54796107099378,False,5707,265.7507116345737,265.72413656341024,lower,-0.014218948515083318,2
2020-10-02 11:30:00-04:00,QQQ,-1,1.0,1.0,5708,266.36,266.333364,36.32544180579159,70.72301976406672,False,5711,264.36,264.386436,vertical,0.007310116805343325,4
2020-10-06 14:30:00-04:00,QQQ,1,1.0,1.0,5725,266.31,266.336631,36.59053618759177,-44.3896626138341,False,5725,265.15,265.12348499999996,vertical,-0.004554934841088598,1
2020-10-07 09:30:00-04:00,QQQ,1,1.0,1.0,5727,267.51,267.536751,36.260477993443764,85.80157361485504,False,5732,269.93,269.903007,vertical,0.008844601689881548,6
2020-10-09 09:30:00-04:00,QQQ,1,1.0,1.0,5741,273.43,273.457343,35.78917259386887,66.39331722985551,False,5746,275.34,275.312466,vertical,0.006783957525689832,6
2020-10-12 09:30:00-04:00,QQQ,1,1.0,1.0,5748,280.11,280.138011,35.172682663609166,128.0274535200537,False,5749,283.80636003831495,283.77797940231113,upper,0.01299348270988876,2
2020-10-12 11:30:00-04:00,QQQ,1,1.0,1.0,5750,284.02,284.04840199999995,35.13919721483843,-9.023183617614437,False,5753,283.82,283.79161799999997,vertical,-0.0009040149431996936,4
2020-10-13 13:30:00-04:00,QQQ,1,1.0,1.0,5759,283.09,283.11830899999995,35.22276488596891,20.898265193850882,False,5760,283.74,283.711626,vertical,0.002095650408819205,2
2020-10-14 11:30:00-04:00,QQQ,1,1.0,1.0,5764,280.49,280.518049,35.62376087256312,34.69038271394057,False,5767,281.52,281.491848,vertical,0.0034714308169168095,4
2020-10-16 09:30:00-04:00,QQQ,-1,1.0,1.0,5776,282.44,282.411756,35.50772256353197,134.81147893931492,False,5781,278.58721674782646,278.6150754695012,lower,0.013443776506594118,6
2020-10-26 10:30:00-04:00,QQQ,-1,1.0,1.0,5819,270.13,270.102987,37.62494399836904,117.34554933554074,False,5821,266.9574680241018,266.9841637709042,lower,0.011546792813127094,3
2020-10-27 10:30:00-04:00,QQQ,-1,1.0,1.0,5826,271.71,271.68282899999997,37.83807518068337,-25.51814925415503,False,5830,272.33,272.357233,vertical,-0.0024823210303070997,5
2020-11-04 09:30:00-05:00,QQQ,1,1.0,1.0,5867,276.48,276.507648,37.08554621877435,-4.2755926235630834,False,5872,276.42,276.392358,vertical,-0.0004169504924508294,6
2020-11-05 09:30:00-05:00,QQQ,1,1.0,1.0,5874,282.53,282.558253,36.27627739871759,37.12463442196459,False,5879,283.61,283.581639,vertical,0.00362185846328833,6
2020-11-09 09:30:00-05:00,QQQ,1,1.0,1.0,5888,287.49,287.518749,35.779531725588406,-218.77228486583388,False,5892,281.43243869138246,281.40429544751333,lower,-0.021266277673205547,5
2020-11-20 09:30:00-05:00,QQQ,1,1.0,1.0,5951,281.75,281.778175,35.73205737698159,-71.32676072540552,False,5956,279.81,279.782019,vertical,-0.007084139855757066,6
2020-11-24 10:30:00-05:00,QQQ,1,1.0,1.0,5966,282.44,282.46824399999997,35.39225158335233,46.83718554686735,False,5970,283.82,283.79161799999997,vertical,0.004685036382355179,5
2020-11-25 09:30:00-05:00,QQQ,1,1.0,1.0,5972,284.27,284.298427,35.32915903717827,46.7407600394577,False,5977,285.65,285.62143499999996,vertical,0.0046535888853158625,6
2020-11-27 09:30:00-05:00,QQQ,1,1.0,1.0,5979,288.78,288.808878,34.93924830642525,-24.027476485591347,False,5981,288.15,288.12118499999997,vertical,-0.0023811352502813854,3
2020-11-30 09:30:00-05:00,QQQ,1,1.0,1.0,5983,286.88,286.908688,35.08690411304828,54.12028646583073,False,5988,288.48,288.45115200000004,vertical,0.005376149501614469,6
2020-12-01 09:30:00-05:00,QQQ,1,1.0,1.0,5990,291.55,291.579155,34.7104988061383,35.11255051380887,False,5995,292.62,292.590738,vertical,0.0034693255078539487,6
2020-12-02 09:30:00-05:00,QQQ,1,1.0,1.0,5997,291.84,291.86918399999996,34.796309507056854,31.718053986517564,False,6002,292.81,292.78071900000003,vertical,0.0031230943517492893,6
2020-12-03 09:30:00-05:00,QQQ,1,1.0,1.0,6004,294.23,294.259423,34.62145209202915,-40.11712291131064,False,6009,293.13,293.100687,vertical,-0.003937804227938102,6
2020-12-07 09:30:00-05:00,QQQ,1,1.0,1.0,6018,295.91,295.939591,34.28933370767323,4.142151511886044,False,6023,296.09,296.060391,vertical,0.0004081914136320197,6
2020-12-08 09:30:00-05:00,QQQ,1,1.0,1.0,6025,294.29,294.319429,34.492162407066964,76.23028614961093,False,6027,296.55916050510643,296.52950458905593,upper,0.007509105316509501,3
2020-12-14 09:30:00-05:00,QQQ,1,1.0,1.0,6053,294.65,294.679465,34.708709107955066,-66.5971273486323,False,6058,292.79,292.76072100000005,vertical,-0.006511291854014778,6
2020-12-15 09:30:00-05:00,QQQ,1,1.0,1.0,6060,294.96,294.989496,34.4464695903077,36.54412180247955,False,6065,296.08,296.050392,vertical,0.0035963856828313823,6
2020-12-16 14:30:00-05:00,QQQ,1,1.0,1.0,6072,298.23,298.25982300000004,34.19129912521497,-17.423920225511708,False,6072,297.78,297.75022199999995,vertical,-0.0017085807765669925,1
2020-12-18 13:30:00-05:00,QQQ,1,1.0,1.0,6085,297.99,298.019799,34.16037101951458,18.458283197426876,False,6086,298.59,298.560141,vertical,0.0018131077257723671,2
2020-12-22 09:30:00-05:00,QQQ,-1,1.0,1.0,6095,298.86,298.83011400000004,34.12950941148651,-7.842585838153536,False,6100,299.03,299.05990299999996,vertical,-0.0007689619928998859,6
2020-12-28 09:30:00-05:00,QQQ,1,1.0,1.0,6113,300.29,300.32002900000003,33.93407571347974,50.21523803189633,False,6118,301.83,301.79981699999996,vertical,0.004927370328670078,6
2021-01-04 10:30:00-05:00,QQQ,-1,1.0,1.0,6142,299.25,299.220075,34.226640175771394,78.89829475201991,False,6142,296.88521441531077,296.9149029367523,lower,0.0077039351829842895,1
2021-01-04 11:30:00-05:00,QQQ,-1,1.0,1.0,6143,296.35,296.32036500000004,34.827832825949535,-91.94290416729143,False,6146,298.9303980396272,298.96029107943116,upper,-0.00890902682112693,4
2021-01-06 09:30:00-05:00,QQQ,-1,1.0,1.0,6155,298.88,298.850112,34.225361879660454,64.70027437918613,False,6160,296.93,296.959693,vertical,0.0063256426017334055,6
2021-01-07 09:30:00-05:00,QQQ,1,1.0,1.0,6162,302.91,302.940291,33.976839037750324,39.389213589107236,False,6167,304.13,304.099587,vertical,0.0038268135155385963,6
2021-01-08 10:30:00-05:00,QQQ,1,1.0,1.0,6170,306.56,306.590656,33.70077501300415,47.805897386947144,False,6174,308.04,308.00919600000003,vertical,0.004626820720850633,5
2021-01-11 09:30:00-05:00,QQQ,1,1.0,1.0,6176,305.68,305.710568,33.95417006432142,-78.12555735103926,False,6181,303.44,303.409656,vertical,-0.0075264391906793016,6
2021-01-12 13:30:00-05:00,TLT,1,1.0,1.0,6187,125.25,125.262525,82.24345676395441,-2.0601985919364934,False,6188,125.25,125.237475,vertical,-0.0001999800019997222,2
2021-01-13 09:30:00-05:00,TLT,1,1.0,1.0,6190,126.0,126.01259999999999,81.73756323089376,50.24702267030734,False,6195,126.64,126.627336,vertical,0.004878369305926666,6
2021-01-14 09:30:00-05:00,QQQ,1,1.0,1.0,6197,305.97,306.000597,33.82414931386434,-96.24398968252123,False,6202,303.1854932213445,303.1551746720223,lower,-0.009298747636030558,6
2021-01-15 09:30:00-05:00,QQQ,-1,1.0,1.0,6204,300.97,300.939903,34.073134839074854,-6.821714179860649,False,6209,301.11,301.140111,vertical,-0.0006652756846272645,6
2021-01-20 09:30:00-05:00,QQQ,1,1.0,1.0,6218,311.26,311.29112599999996,32.91820204086784,40.08186116900372,False,6223,312.54,312.50874600000003,vertical,0.00391151529324385,6
2021-01-25 09:30:00-05:00,QQQ,1,1.0,1.0,6239,318.0,318.0318,32.34653276925845,-106.95241572608266,False,6239,314.75681880475486,314.7253431228744,lower,-0.010396623473267752,1
2021-01-25 10:30:00-05:00,QQQ,1,1.0,1.0,6240,313.63,313.661363,32.45625641383241,107.00626510850819,False,6244,316.99,316.958301,vertical,0.010511138408845211,5
2021-01-26 12:30:00-05:00,QQQ,1,1.0,1.0,6249,317.55,317.581755,32.39254059084306,-12.421826680694286,False,6251,317.23,317.198277,vertical,-0.0012074937995099067,3
2021-01-27 09:30:00-05:00,QQQ,-1,1.0,1.0,6253,314.07,314.038593,32.71845655947128,112.83824695064814,False,6257,310.5587727610693,310.5898286383454,lower,0.010981976223713996,5
2021-01-29 09:30:00-05:00,QQQ,-1,1.0,1.0,6267,309.26,309.22907399999997,33.592236899492285,121.62048429749014,False,6267,305.5780224312543,305.6085802334974,lower,0.011708128604047685,1
2021-01-29 10:30:00-05:00,QQQ,-1,1.0,1.0,6268,305.76,305.729424,34.37456773645744,63.90369640478556,False,6272,303.84,303.87038399999994,vertical,0.006080670861434823,5
2021-02-01 09:30:00-05:00,QQQ,1,1.0,1.0,6274,307.84,307.87078399999996,34.343045979708506,136.5763752902004,False,6276,311.87879954314104,311.84761166318674,upper,0.012917197310891249,3
2021-02-02 09:30:00-05:00,QQQ,1,1.0,1.0,6281,314.92,314.95149200000003,34.00459162140151,48.18001772143074,False,6286,316.4,316.36836,vertical,0.004498686419939224,6
2021-02-04 12:30:00-05:00,QQQ,1,1.0,1.0,6298,317.68,317.711768,33.86080708138118,38.13895075207879,False,6300,318.87,318.838113,vertical,0.0035451787231248755,3
2021-02-05 11:30:00-05:00,QQQ,1,1.0,1.0,6304,320.03,320.06200299999995,33.73132622207771,-5.53180257511385,False,6307,319.93,319.898007,vertical,-0.0005123882199785657,4
2021-02-10 09:30:00-05:00,QQQ,1,1.0,1.0,6323,320.31,320.342031,33.6845714507863,28.49199370793297,False,6328,321.22,321.187878,vertical,0.0026404496386551735,6
2021-02-11 10:30:00-05:00,QQQ,1,1.0,1.0,6331,322.9,322.93228999999997,33.50261451283622,0.5163422948746134,False,6335,322.98,322.94770200000005,vertical,4.772517483497829e-05,5
2021-02-16 10:30:00-05:00,QQQ,1,1.0,1.0,6345,324.37,324.402437,33.3523769672307,-17.837751716255223,False,6349,323.9,323.86760999999996,vertical,-0.0016486528428886205,5
2021-02-19 10:30:00-05:00,QQQ,-1,1.0,1.0,6366,322.24,322.207776,33.52418973338512,101.53646370265545,False,6367,319.14710908030884,319.1790237912169,lower,0.009399997251410719,2
2021-02-19 12:30:00-05:00,QQQ,-1,1.0,1.0,6368,319.39,319.35806099999996,34.14127404756102,-9.009813938602688,False,6370,319.59,319.62195899999995,vertical,-0.0008263389349674188,3
2021-02-23 09:30:00-05:00,QQQ,-1,1.0,1.0,6379,306.61,306.579339,35.53494929402306,-137.92430102985,False,6383,310.4296664523369,310.4607094189821,upper,-0.012660247855065254,5
2021-02-24 09:30:00-05:00,QQQ,-1,1.0,1.0,6386,307.96,307.92920399999997,34.931266100146374,-143.61040446536296,False,6389,312.00923122571226,312.04043214883484,upper,-0.013351212211865748,4
2021-02-25 09:30:00-05:00,QQQ,-1,1.0,1.0,6393,309.54,309.509046,34.28897054099315,137.63721588424843,False,6394,305.4644619868321,305.49500843303076,lower,0.012969047654165289,2
2021-02-25 11:30:00-05:00,QQQ,-1,1.0,1.0,6395,304.72,304.68952800000005,35.28307601155606,144.65971497666058,False,6398,300.5594974638746,300.589553413621,lower,0.013456237282887695,4
2021-02-26 10:30:00-05:00,QQQ,-1,1.0,1.0,6401,304.42,304.389558,35.79309212481527,31.469644527058847,False,6405,303.48,303.510348,vertical,0.002888436797164995,5
2021-03-01 09:30:00-05:00,QQQ,-1,1.0,1.0,6407,309.23,309.19907700000005,35.33811692410989,-114.21855401177828,False,6412,312.4,312.43123999999995,vertical,-0.01045333974266649,6
2021-03-02 13:30:00-05:00,QQQ,1,1.0,1.0,6418,309.26,309.290926,34.95833104990956,-68.57642960402733,False,6419,307.36,307.329264,vertical,-0.006342449244695847,2
2021-03-03 09:30:00-05:00,QQQ,-1,1.0,1.0,6421,302.43,302.399757,35.52819704229145,138.55677092720205,False,6426,298.47,298.49984700000005,vertical,0.012896538141067282,6
2021-03-04 12:30:00-05:00,QQQ,-1,1.0,1.0,6431,294.13,294.100587,37.00188100326456,18.54645281526707,False,6433,293.57,293.599357,vertical,0.0017042808554477151,3
2021-03-05 09:30:00-05:00,QQQ,-1,1.0,1.0,6435,290.86,290.830914,37.48164603980003,-172.77457802133057,False,6437,295.4109510925154,295.44049218762467,upper,-0.01584968435516676,3
2021-03-05 12:30:00-05:00,QQQ,-1,1.0,1.0,6438,296.47,296.440353,36.189562889766876,-59.33105125875429,False,6440,298.05,298.079805,vertical,-0.0055304616372522375,3
2021-03-08 13:30:00-05:00,QQQ,-1,1.0,1.0,6446,293.71,293.680629,36.327611334213806,149.36733133260321,False,6447,289.54,289.568954,vertical,0.014000497799260714,2
2021-03-09 09:30:00-05:00,QQQ,1,1.0,1.0,6449,300.11,300.140011,36.04345532602797,29.912067097061307,False,6454,301.0,300.9699,vertical,0.0027650062290427435,6
2021-03-11 09:30:00-05:00,QQQ,1,1.0,1.0,6463,304.89,304.920489,35.57647169170421,77.15821622849765,False,6468,307.12,307.089288,vertical,0.007112670608369731,6
2021-03-12 09:30:00-05:00,QQQ,-1,1.0,1.0,6470,301.47,301.439853,36.24322813532423,-114.18802329283655,False,6475,304.56,304.590456,vertical,-0.010451846259359687,6
2021-03-16 09:30:00-04:00,QQQ,1,1.0,1.0,6484,312.32,312.351232,34.61156618093559,-98.71858988777247,False,6489,309.53,309.49904699999996,vertical,-0.00913133904334984,6
2021-03-17 10:30:00-04:00,QQQ,1,1.0,1.0,6492,306.46,306.49064599999997,34.95130075903521,176.03371926202502,False,6495,311.55834455072346,311.52718871626837,upper,0.01643294104404225,4
2021-03-17 14:30:00-04:00,QQQ,1,1.0,1.0,6496,311.35,311.38113500000003,34.96769471098182,-21.058105238068574,False,6496,310.81,310.77891900000003,vertical,-0.0019340156878804304,1
2021-03-18 09:30:00-04:00,QQQ,-1,1.0,1.0,6498,305.37,305.339463,35.590625120739624,145.54220252187014,False,6503,301.22,301.25012200000003,vertical,0.013392769345376032,6
2021-03-22 09:30:00-04:00,QQQ,-1,1.0,1.0,6512,306.8,306.76932,35.89917194041053,-45.28608741938929,False,6517,308.0,308.0308,vertical,-0.004112145243207577,6
2021-03-23 10:30:00-04:00,QQQ,1,1.0,1.0,6520,309.88,309.910988,35.389124303341674,-123.91969011255793,False,6524,306.44,306.409356,vertical,-0.01129883139219312,5
2021-03-25 10:30:00-04:00,QQQ,-1,1.0,1.0,6534,298.44,298.41015600000003,36.3377672279722,-92.65901715199375,False,6538,300.93,300.96009300000003,vertical,-0.008545074451152379,5
2021-03-29 09:30:00-04:00,QQQ,-1,1.0,1.0,6547,302.47,302.43975300000005,35.547244247481174,-103.82568005315531,False,6552,305.33,305.360533,vertical,-0.009657394476181524,6
2021-03-30 09:30:00-04:00,QQQ,1,1.0,1.0,6554,302.22,302.250222,35.226025706560854,57.39682834793636,False,6559,303.91,303.879609,vertical,0.00539085460125821,6
2021-03-31 09:30:00-04:00,QQQ,1,1.0,1.0,6561,308.1,308.13081,34.74002135110624,4.806629354140249,False,6566,308.3,308.26917000000003,vertical,0.00044903007265006956,6
2021-04-01 09:30:00-04:00,QQQ,1,1.0,1.0,6568,313.57,313.601357,34.14933420612654,2.9802465455043663,False,6573,313.72,313.68862800000005,vertical,0.000278286423359031,6
2021-04-05 09:30:00-04:00,QQQ,1,1.0,1.0,6575,318.44,318.471844,33.63643598657754,51.334347690224014,False,6580,320.03,319.997997,vertical,0.004792112799773873,6
2021-04-06 10:30:00-04:00,QQQ,1,1.0,1.0,6583,321.2,321.23212,33.50721011934775,-51.06813789963688,False,6587,319.74,319.708026,vertical,-0.0047445255474452,5
2021-04-08 09:30:00-04:00,QQQ,1,1.0,1.0,6596,322.92,322.952292,33.17060838206993,32.02001948912042,False,6601,323.95,323.917605,vertical,0.0029890266268801646,6
2021-04-09 14:30:00-04:00,QQQ,1,1.0,1.0,6608,325.07,325.102507,33.049711374612734,23.627503059402855,False,6608,325.85,325.81741500000004,vertical,0.0021990233375839274,1
2021-04-13 09:30:00-04:00,QQQ,1,1.0,1.0,6617,328.1,328.13281,32.81650355711889,35.58178622936005,False,6622,329.25,329.217075,vertical,0.0033043480168899464,6
2021-04-14 10:30:00-04:00,QQQ,1,1.0,1.0,6625,327.03,327.06270299999994,33.03266686694563,-60.62250818155677,False,6629,325.26,325.227474,vertical,-0.005611245131793452,5
2021-04-15 09:30:00-04:00,QQQ,1,1.0,1.0,6631,329.54,329.57295400000004,32.597125080294724,19.03760116926717,False,6636,330.19,330.156981,vertical,0.0017720719886495928,6
2021-04-19 09:30:00-04:00,QQQ,1,1.0,1.0,6645,328.2,328.23282,32.78821540694648,-22.478879142264237,False,6650,327.58,327.547242,vertical,-0.002088694238437272,6
2021-04-20 10:30:00-04:00,QQQ,-1,1.0,1.0,6653,324.03,323.997597,33.147435740541084,-37.28794823376338,False,6657,325.09,325.122509,vertical,-0.003471976367775298,5
2021-04-21 10:30:00-04:00,QQQ,-1,1.0,1.0,6660,326.27,326.237373,32.80556571430417,-57.91573304561146,False,6664,327.97,328.00279700000004,vertical,-0.005411470745260161,5
2021-04-22 12:30:00-04:00,QQQ,1,1.0,1.0,6669,326.39,326.422639,32.60952082851046,-88.01449150815213,False,6669,323.75597182464344,323.723596227461,lower,-0.00826855263718096,1
2021-04-22 13:30:00-04:00,QQQ,-1,1.0,1.0,6670,324.64,324.607536,32.52072174276231,17.728118605797935,False,6671,324.03,324.06240299999996,vertical,0.0016793602721534295,2
2021-04-23 09:30:00-04:00,QQQ,1,1.0,1.0,6673,325.96,325.992596,32.43693139725632,86.38931539394653,False,6675,328.6887659865567,328.65589710995806,upper,0.008169820856784415,3
2021-04-26 10:30:00-04:00,QQQ,1,1.0,1.0,6681,329.39,329.422939,32.36140391504261,25.048956363592353,False,6685,330.23,330.196977,vertical,0.002349678508575259,5
2021-04-29 11:30:00-04:00,QQQ,-1,1.0,1.0,6703,326.36,326.32736400000005,32.74514773521424,-74.87427071031792,False,6704,328.5810819462417,328.6139400544363,upper,-0.007007000658505014,2
2021-04-30 10:30:00-04:00,QQQ,-1,1.0,1.0,6709,326.8,326.76732000000004,32.471923671904264,4.047917533016183,False,6713,326.61,326.64266100000003,vertical,0.000381491637535869,5
2021-05-03 09:30:00-04:00,QQQ,-1,1.0,1.0,6715,328.13,328.097187,32.35264370323825,69.81161788953064,False,6715,325.9067628393835,325.9393535156674,lower,0.006576811901568114,1
2021-05-03 10:30:00-04:00,QQQ,-1,1.0,1.0,6716,324.75,324.717525,32.9043620572535,-7.402362714571923,False,6720,324.91,324.942491,vertical,-0.0006928052312544786,5
2021-05-04 09:30:00-04:00,QQQ,-1,1.0,1.0,6722,319.18,319.148082,33.45538089813961,107.50916476392177,False,6723,315.90298278692967,315.93457308520834,lower,0.010069021548409718,2
2021-05-06 11:30:00-04:00,QQQ,1,1.0,1.0,6738,320.07,320.102007,33.69154074371241,10.981656630790328,False,6741,320.46,320.427954,vertical,0.0010182597824199835,4
2021-05-07 09:30:00-04:00,QQQ,1,1.0,1.0,6743,324.68,324.712468,33.24698781697352,-57.67584380826428,False,6748,323.01,322.977699,vertical,-0.005342477332900053,6
2021-05-10 09:30:00-04:00,QQQ,1,1.0,1.0,6750,318.49,318.52184900000003,33.712084924532576,-128.5550688206742,False,6755,314.74,314.708526,vertical,-0.011971935400889921,6
2021-05-13 09:30:00-04:00,QQQ,-1,1.0,1.0,6771,310.58,310.548942,34.16363451976103,62.45361784744371,False,6776,308.69,308.720869,vertical,0.0058865858251740955,6
2021-05-14 09:30:00-04:00,QQQ,-1,1.0,1.0,6778,313.19,313.158681,34.07835969533257,-79.50021259065099,False,6783,315.46,315.49154599999997,vertical,-0.0074494661701554055,6
2021-05-17 09:30:00-04:00,QQQ,1,1.0,1.0,6785,312.97,313.001297,33.841501814106735,19.538120340359583,False,6790,313.61,313.578639,vertical,0.0018445354876597264,6
2021-05-18 09:30:00-04:00,QQQ,1,1.0,1.0,6792,315.43,315.461543,33.639511110181886,-141.46366357644555,False,6797,311.2873887574109,311.25626001853516,lower,-0.013330572536585983,6
2021-05-20 09:30:00-04:00,QQQ,1,1.0,1.0,6806,316.32,316.351632,33.097690537620416,49.86428551247723,False,6811,317.89,317.858211,vertical,0.004762355706766197,6
2021-05-24 09:30:00-04:00,QQQ,1,1.0,1.0,6820,321.31,321.342131,32.73885272927269,1.8244053071912156,False,6825,321.43,321.397857,vertical,0.00017341641392176754,6
2021-05-28 10:30:00-04:00,QQQ,1,1.0,1.0,6849,323.46,323.492346,32.52688120116092,-28.448368094229068,False,6853,322.65,322.617735,vertical,-0.002703652840058246,5
2021-06-01 09:30:00-04:00,QQQ,-1,1.0,1.0,6855,322.06,322.02779400000003,32.58646904165239,8.981547770198267,False,6860,321.72,321.75217200000003,vertical,0.0008558950660016995,6
2021-06-03 09:30:00-04:00,QQQ,-1,1.0,1.0,6869,318.59,318.558141,32.96958682183801,-11.003434753855041,False,6874,318.86,318.891886,vertical,-0.001047673743173938,6
2021-06-04 09:30:00-04:00,QQQ,1,1.0,1.0,6876,323.47,323.50234700000004,32.431686972425446,30.65459268477098,False,6881,324.48,324.44755200000003,vertical,0.002921787148579824,6
2021-06-09 09:30:00-04:00,QQQ,1,1.0,1.0,6897,326.55,326.582655,32.219657977346436,-32.709880073470316,False,6902,325.6,325.56744000000003,vertical,-0.003108600485840163,6
2021-06-10 09:30:00-04:00,QQQ,1,1.0,1.0,6904,328.39,328.422839,31.939531359328686,17.38344127715978,False,6909,329.0,328.9671,vertical,0.0016571959540243597,6
2021-06-11 09:30:00-04:00,QQQ,1,1.0,1.0,6911,329.46,329.49294599999996,31.888558265637098,9.377532106293335,False,6916,329.82,329.787018,vertical,0.0008924986211997776,6
2021-06-14 10:30:00-04:00,QQQ,1,1.0,1.0,6919,330.85,330.883085,31.78292579913449,65.90558346389855,False,6923,332.99,332.956701,vertical,0.006266914490355546,5
2021-06-15 09:30:00-04:00,QQQ,1,1.0,1.0,6925,331.53,331.56315299999994,31.91650829248692,-26.37037664649996,False,6930,330.77,330.736923,vertical,-0.00249192346171212,6
2021-06-16 09:30:00-04:00,QQQ,1,1.0,1.0,6932,332.05,332.083205,31.787117164088762,-69.56604398556252,False,6933,329.92769971818393,329.8947069482121,lower,-0.00659020998001969,2
2021-06-17 09:30:00-04:00,QQQ,1,1.0,1.0,6939,332.32,332.353232,31.5519775104084,44.9106746126074,False,6944,333.81,333.776619,vertical,0.004282753597533828,6
2021-06-18 09:30:00-04:00,QQQ,1,1.0,1.0,6946,332.69,332.723269,31.651866152433577,-50.21207733809464,False,6951,331.17,331.136883,vertical,-0.004767884148192847,6
2021-06-21 10:30:00-04:00,QQQ,1,1.0,1.0,6954,332.68,332.713268,31.501900606049944,13.968352253429293,False,6958,333.19,333.156681,vertical,0.0013327181169100477,5
2021-06-22 10:30:00-04:00,QQQ,1,1.0,1.0,6961,335.13,335.16351299999997,31.31327917279435,34.84717060711992,False,6965,336.31,336.276369,vertical,0.003320337557149333,5
2021-06-24 09:30:00-04:00,QQQ,1,1.0,1.0,6974,339.72,339.75397200000003,30.992767383189285,-38.05378759056793,False,6979,338.56,338.526144,vertical,-0.003613873865174533,6
2021-06-25 11:30:00-04:00,QQQ,1,1.0,1.0,6983,337.89,337.923789,31.048012527227073,7.525758804487029,False,6986,338.2,338.16618,vertical,0.0007172948691103187,4
2021-06-28 09:30:00-04:00,QQQ,1,1.0,1.0,6988,341.16,341.194116,30.772476137673273,32.05436517613991,False,6993,342.27,342.235773,vertical,0.0030529746884615516,6
2021-06-29 11:30:00-04:00,QQQ,1,1.0,1.0,6997,343.09,343.124309,30.692789411491876,10.78360463183335,False,7000,343.51,343.475649,vertical,0.0010239437742662894,4
2021-07-01 10:30:00-04:00,QQQ,-1,1.0,1.0,7010,341.8,341.76582,30.846343156060776,-43.7553835351549,False,7014,343.15,343.18431499999997,vertical,-0.004150488191007273,5
2021-07-02 09:30:00-04:00,QQQ,1,1.0,1.0,7016,345.46,345.49454599999996,30.386790473958293,47.12219378032904,False,7021,347.08,347.04529199999996,vertical,0.004488481852908954,6
2021-07-06 09:30:00-04:00,QQQ,1,1.0,1.0,7023,348.32,348.354832,30.27256005732016,-62.5255346333104,False,7024,346.32404494492715,346.28941254043264,lower,-0.005929067921088382,2
2021-07-06 11:30:00-04:00,QQQ,1,1.0,1.0,7025,345.85,345.884585,30.30799143114274,62.17635349962823,False,7027,347.9708658888358,347.93606880224695,upper,0.0059311223778502065,3
2021-07-09 09:30:00-04:00,TLT,1,1.0,1.0,7044,122.77,122.782277,85.88571290174063,-23.57811887720205,False,7049,122.52,122.50774799999999,vertical,-0.002235900870286023,6
2021-07-09 10:30:00-04:00,QQQ,1,1.0,1.0,7045,349.04,349.074904,30.183949456262088,7.249007485365374,False,7049,349.35,349.315065,vertical,0.0006879927409504383,5
2021-07-13 09:30:00-04:00,QQQ,1,1.0,1.0,7058,352.72,352.75527200000005,29.84764542499071,-68.13074516496157,False,7061,350.5077056932465,350.4726549226772,lower,-0.006470823424923555,4
2021-07-14 09:30:00-04:00,QQQ,1,1.0,1.0,7065,352.71,352.745271,29.655347343514617,-44.79137731695006,False,7070,351.27,351.234873,vertical,-0.00428183770038415,6
2021-07-16 10:30:00-04:00,QQQ,-1,1.0,1.0,7080,346.94,346.905306,30.025462216395862,24.34164221883204,False,7084,346.06,346.094606,vertical,0.002336948977079034,5
2021-07-19 09:30:00-04:00,QQQ,-1,1.0,1.0,7086,342.18,342.145782,30.51428469806206,-34.4366518817198,False,7091,343.24,343.274324,vertical,-0.0032984244125504603,6
2021-07-20 10:30:00-04:00,QQQ,-1,1.0,1.0,7094,345.82,345.785418,30.093510618505483,-86.16533692042927,False,7097,348.61380969750104,348.6486710784708,upper,-0.008280433267058074,4
2021-07-22 09:30:00-04:00,QQQ,1,1.0,1.0,7107,351.61,351.64516100000003,29.3470036159176,14.955819982743456,False,7112,352.19,352.154781,vertical,0.0014492450245888744,6
2021-07-23 09:30:00-04:00,QQQ,1,1.0,1.0,7114,353.78,353.81537799999995,29.209266397035105,70.47571098248343,False,7116,356.2637904457852,356.22816406674065,upper,0.006819336345354365,3
2021-07-27 09:30:00-04:00,QQQ,1,1.0,1.0,7128,353.52,353.55535199999997,29.4300829657704,-75.4247684316704,False,7128,351.0276088280529,350.9925060671701,lower,-0.007248782738918602,1
2021-07-28 09:30:00-04:00,QQQ,-1,1.0,1.0,7135,355.08,355.044492,29.094208772912005,81.42047592727985,False,7138,352.21075948960066,352.24598056554964,lower,0.007882142935624947,4
2021-07-29 09:30:00-04:00,QQQ,-1,1.0,1.0,7142,355.36,355.32446400000003,29.30042849469482,18.42991092230676,False,7147,354.66,354.695466,vertical,0.0017702074124567035,6
2021-07-30 09:30:00-04:00,QQQ,1,1.0,1.0,7149,352.51,352.545251,29.5836887071557,5.013666059955905,False,7154,352.75,352.714725,vertical,0.0004807155947195163,6
2021-08-02 09:30:00-04:00,QQQ,-1,1.0,1.0,7156,354.05,354.01459500000004,29.475063384971534,35.93950481150132,False,7161,352.76,352.795276,vertical,0.0034442619519685636,6
2021-08-03 10:30:00-04:00,QQQ,-1,1.0,1.0,7164,351.22,351.184878,29.81490032051303,-72.34226252764786,False,7164,353.5758998964404,353.61125748643,upper,-0.006909122910554233,1
2021-08-03 11:30:00-04:00,QQQ,1,1.0,1.0,7165,353.54,353.575354,29.408723632682506,39.08866383382786,False,7168,354.94,354.904506,vertical,0.003759176042570145,4
2021-08-04 11:30:00-04:00,QQQ,1,1.0,1.0,7172,355.3,355.33553,29.37305068521493,3.493072560536453,False,7175,355.49,355.454451,vertical,0.00033467241511142554,4
2021-08-04 11:30:00-04:00,TLT,1,1.0,1.0,7172,126.09,126.102609,82.76822038588996,29.361529572571868,False,7175,126.47,126.457353,vertical,0.0028131376726709956,4
2021-08-05 09:30:00-04:00,QQQ,1,1.0,1.0,7177,356.86,356.895686,29.336704100931104,26.65327577681849,False,7182,357.84,357.804216,vertical,0.0025456457885006945,6
2021-08-06 10:30:00-04:00,QQQ,1,1.0,1.0,7185,355.96,355.995596,29.485747938459436,4.681894486408961,False,7189,356.19,356.154381,vertical,0.0004460307986506873,5
2021-08-10 10:30:00-04:00,QQQ,-1,1.0,1.0,7199,354.71,354.674529,29.608774937836163,-11.280143814391757,False,7203,355.02,355.055502,vertical,-0.0010741481805138786,5
2021-08-11 10:30:00-04:00,QQQ,-1,1.0,1.0,7206,353.82,353.784618,29.651368736245207,-19.890849781122416,False,7210,354.42,354.455442,vertical,-0.0018961367054119993,5
2021-08-12 10:30:00-04:00,QQQ,-1,1.0,1.0,7213,354.96,354.92450399999996,29.500097045281866,-24.51658665123046,False,7217,355.72,355.75557200000003,vertical,-0.0023415345816757416,5
2021-08-13 09:30:00-04:00,QQQ,1,1.0,1.0,7219,356.62,356.655662,29.288167378364232,6.696622318394232,False,7224,356.92,356.88430800000003,vertical,0.0006410833315189102,6
2021-08-13 09:30:00-04:00,TLT,1,1.0,1.0,7219,123.59,123.602359,84.51125698254108,63.82323931824228,False,7224,124.37,124.357563,vertical,0.0061099481119126775,6
2021-08-16 09:30:00-04:00,QQQ,-1,1.0,1.0,7226,352.73,352.694727,29.817033773612206,-69.87642535854063,False,7229,355.00273365925125,355.0382339326172,upper,-0.006644576040449879,4
2021-08-16 14:30:00-04:00,QQQ,1,1.0,1.0,7231,356.68,356.715668,29.285044360247714,9.330947259283848,False,7231,357.07,357.034293,vertical,0.0008932184049734726,1
2021-08-17 09:30:00-04:00,QQQ,-1,1.0,1.0,7233,354.25,354.214575,29.518167366869868,71.44344803466709,False,7235,351.75907783220345,351.7942537399867,lower,0.0068329239699223,3
2021-08-18 09:30:00-04:00,QQQ,-1,1.0,1.0,7240,354.36,354.324564,29.710637156585467,66.49181766810594,False,7245,352.05137866273003,352.0865838005963,lower,0.006316186984438588,6
2021-08-18 09:30:00-04:00,TLT,1,1.0,1.0,7240,124.42,124.432442,84.60179988004532,51.188572822820895,False,7245,125.05,125.03749499999999,vertical,0.004862502015350545,6
2021-08-19 11:30:00-04:00,QQQ,-1,1.0,1.0,7249,352.99,352.954701,30.159362991910605,69.08309750752358,False,7251,350.6290360857968,350.6640989894054,lower,0.006489790344497037,3
2021-08-19 14:30:00-04:00,QQQ,1,1.0,1.0,7252,353.24,353.275324,30.327541486219957,-33.073579057630035,False,7252,352.22,352.18477800000005,vertical,-0.0030869577519656577,1
2021-08-20 09:30:00-04:00,QQQ,1,1.0,1.0,7254,355.61,355.645561,30.032424517201175,6.272271860416985,False,7259,355.89,355.85441099999997,vertical,0.000587241970384067,6
2021-08-23 09:30:00-04:00,QQQ,1,1.0,1.0,7261,359.63,359.665963,29.714156569968736,43.32089286064705,False,7266,361.16,361.12388400000003,vertical,0.004053541758134216,6
2021-08-26 09:30:00-04:00,QQQ,-1,1.0,1.0,7282,360.92,360.883908,29.733915512606423,13.614238161842081,False,7287,360.39,360.426039,vertical,0.0012687431881834854,6
2021-08-27 09:30:00-04:00,QQQ,1,1.0,1.0,7289,363.1,363.13631000000004,29.586977596630508,23.29364993996086,False,7294,363.96,363.923604,vertical,0.0021680398746133367,6
2021-08-30 09:30:00-04:00,QQQ,1,1.0,1.0,7296,367.36,367.39673600000003,29.30728137561089,18.066737369526642,False,7301,368.05,368.013195,vertical,0.0016779109327742514,6
2021-09-01 09:30:00-04:00,QQQ,1,1.0,1.0,7310,369.74,369.776974,29.16749017423286,-43.86221756146224,False,7315,368.31,368.273169,vertical,-0.004066789188447384,6
2021-09-03 09:30:00-04:00,QQQ,1,1.0,1.0,7324,368.61,368.646861,29.13792351060083,17.372350514178322,False,7329,369.28,369.243072,vertical,0.0016172957458058246,6
2021-09-07 11:30:00-04:00,QQQ,1,1.0,1.0,7333,370.19,370.227019,29.06048407222077,-13.774611329262692,False,7336,369.79,369.75302100000005,vertical,-0.001280290134632045,4
2021-09-08 09:30:00-04:00,QQQ,1,1.0,1.0,7338,368.72,368.75687200000004,29.138987211676998,-57.59896835958139,False,7338,366.8168560076355,366.7801743220348,lower,-0.005360436179112749,1
2021-09-09 09:30:00-04:00,QQQ,1,1.0,1.0,7345,369.44,369.476944,28.926305098665186,-54.81646530169521,False,7347,367.6186672465234,367.58190537979874,lower,-0.005128976654633299,3
2021-09-09 12:30:00-04:00,QQQ,-1,1.0,1.0,7348,367.67,367.633233,28.922266512735902,11.757306249158773,False,7350,367.19,367.226719,vertical,0.0011057596634633793,3
2021-09-10 10:30:00-04:00,QQQ,-1,1.0,1.0,7353,366.71,366.67332899999997,29.03004611500908,53.10817128430214,False,7357,364.80742741948524,364.8439081622272,lower,0.00498923890309122,5
2021-09-13 09:30:00-04:00,QQQ,-1,1.0,1.0,7359,363.15,363.113685,29.46088859553227,-33.66604745099476,False,7364,364.22,364.25642200000004,vertical,-0.0031470502137644907,6
2021-09-14 13:30:00-04:00,QQQ,-1,1.0,1.0,7370,362.95,362.913705,29.384356740804822,-5.9533588287575885,False,7371,363.08,363.116308,vertical,-0.0005582677016839899,2
2021-09-15 09:30:00-04:00,QQQ,-1,1.0,1.0,7373,361.8,361.76382,29.461299958128603,-59.880389013581784,False,7375,363.7599540804775,363.7963300758855,upper,-0.005618334293035376,3
2021-09-15 12:30:00-04:00,QQQ,1,1.0,1.0,7376,364.54,364.576454,29.06976550384919,35.086160451586984,False,7378,365.82,365.783418,vertical,0.0033105922962319845,3
2021-09-16 09:30:00-04:00,QQQ,-1,1.0,1.0,7380,363.53,363.49364699999995,29.252885914829896,-65.25393106718815,False,7383,365.6877617624385,365.72433053861477,upper,-0.006136788241074331,4
2021-09-16 13:30:00-04:00,QQQ,1,1.0,1.0,7384,365.34,365.376534,28.923543993630584,21.02313579885861,False,7385,366.14,366.103386,vertical,0.00198932315669742,2
2021-09-17 09:30:00-04:00,QQQ,1,1.0,1.0,7387,363.34,363.376334,29.140608235615364,-70.41993494788318,False,7390,360.99587678905255,360.95977720137364,lower,-0.006650286693206442,4
2021-09-22 09:30:00-04:00,QQQ,-1,1.0,1.0,7408,356.97,356.93430300000006,29.469253495201983,-33.34446032981819,False,7413,358.03,358.06580299999996,vertical,-0.003170051156444531,6
2021-09-23 09:30:00-04:00,QQQ,1,1.0,1.0,7415,361.8,361.83618,28.977873345640607,-17.16382620561142,False,7420,361.28,361.24387199999995,vertical,-0.0016369507327875787,6
2021-09-24 09:30:00-04:00,QQQ,1,1.0,1.0,7422,359.84,359.87598399999996,29.088018192691646,51.71404587982416,False,7427,361.69,361.653831,vertical,0.00494016572108924,6
2021-09-27 09:30:00-04:00,QQQ,1,1.0,1.0,7429,358.76,358.79587599999996,29.31971608164368,-0.9310769038878859,False,7434,358.8,358.76412,vertical,-8.850714883901212e-05,6
2021-09-29 11:30:00-04:00,QQQ,-1,1.0,1.0,7445,348.03,347.99519699999996,30.227032526201054,-5.4292889012588805,False,7448,348.14,348.17481399999997,vertical,-0.0005161479283291026,4
2021-09-30 11:30:00-04:00,QQQ,-1,1.0,1.0,7452,347.11,347.075289,30.291504993256616,14.256151577987053,False,7455,346.57,346.604657,vertical,0.0013559939728235992,4
2021-10-01 09:30:00-04:00,QQQ,-1,1.0,1.0,7457,343.62,343.585638,30.640655012935873,-128.12319048781853,False,7460,347.7323416446336,347.76711487879805,upper,-0.012170115442363239,4
2021-10-01 09:30:00-04:00,TLT,1,1.0,1.0,7457,121.5,121.51215,86.63898220348722,41.20983188508884,False,7462,122.0,121.98780000000001,vertical,0.0039144233724774935,6
2021-10-01 14:30:00-04:00,QQQ,1,1.0,1.0,7462,349.07,349.10490699999997,29.87059245542219,-7.760230566956315,False,7462,348.88,348.845112,vertical,-0.0007441745870389038,1
2021-10-04 09:30:00-04:00,QQQ,-1,1.0,1.0,7464,342.75,342.715725,30.442184735432793,29.880678637988172,False,7469,341.7,341.73417,vertical,0.002864050081156977,6
2021-10-05 09:30:00-04:00,QQQ,-1,1.0,1.0,7471,345.6,345.56544,30.277611357275113,-21.169591141613836,False,7476,346.23,346.26462300000003,vertical,-0.002023301288462287,6
2021-10-06 10:30:00-04:00,QQQ,-1,1.0,1.0,7479,344.86,344.825514,30.28118882086016,-110.8088929690273,False,7483,348.45,348.484845,vertical,-0.010612123672496088,5
2021-10-07 09:30:00-04:00,QQQ,1,1.0,1.0,7485,353.85,353.88538500000004,29.192834868597725,-67.4513878343003,False,7490,351.61,351.574839,vertical,-0.006529080029682666,6
2021-10-08 10:30:00-04:00,QQQ,1,1.0,1.0,7493,350.72,350.75507200000004,29.26106288458982,-27.79964835988405,False,7497,349.84,349.80501599999997,vertical,-0.0027086023149511806,5
2021-10-12 09:30:00-04:00,TLT,1,1.0,1.0,7506,120.07,120.08200699999999,85.2389698193581,60.17129690209335,False,7511,120.8,120.78792,vertical,0.005878590953264151,6
2021-10-14 09:30:00-04:00,IWM,1,1.0,1.0,7520,211.88,211.901188,48.58791951380207,15.916770789768972,False,7525,212.25,212.228775,vertical,0.001545942253046828,6
2021-10-14 09:30:00-04:00,QQQ,1,1.0,1.0,7520,353.62,353.655362,29.112630469386296,43.061103092509725,False,7525,355.17,355.13448300000005,vertical,0.0041823796807016755,6
2021-10-15 09:30:00-04:00,TLT,1,1.0,1.0,7527,121.58,121.592158,85.16022670890766,13.256551850869734,False,7532,121.76,121.74782400000001,vertical,0.0012802305885550869,6
2021-10-18 09:30:00-04:00,TLT,1,1.0,1.0,7534,122.2,122.21222,84.83662511945359,5.561125613205238,False,7539,122.29,122.277771,vertical,0.0005363702582279473,6
2021-10-19 09:30:00-04:00,QQQ,1,1.0,1.0,7541,362.78,362.81627799999995,28.59197353534781,25.085139389266576,False,7546,363.73,363.69362700000005,vertical,0.00241816327766875,6
2021-10-20 09:30:00-04:00,QQQ,1,1.0,1.0,7548,364.62,364.656462,28.51647959596191,-81.63748157390935,False,7550,361.8298273162245,361.79364433349286,lower,-0.007850725175157058,3
2021-10-21 09:30:00-04:00,QQQ,1,1.0,1.0,7555,364.39,364.42643899999996,28.310462613237434,29.64133746068734,False,7560,365.51,365.473449,vertical,0.0028730352355144095,6
2021-10-22 09:30:00-04:00,TLT,1,1.0,1.0,7562,120.68,120.692068,85.72827183676593,21.075181163534555,False,7567,120.95,120.937905,vertical,0.0020368944212638684,6
2021-10-25 09:30:00-04:00,QQQ,1,1.0,1.0,7569,364.03,364.066403,28.477765346584242,72.19780346931051,False,7573,366.638300988771,366.60163715867213,upper,0.006963658656171434,5
2021-10-26 09:30:00-04:00,QQQ,1,1.0,1.0,7576,370.35,370.387035,28.18671932908851,-85.36402745359075,False,7578,367.3952550849543,367.3585155594458,lower,-0.008176634585911557,3
2021-10-29 09:30:00-04:00,TLT,1,1.0,1.0,7597,124.0,124.0124,83.49674202922203,-0.4009513552241551,False,7602,124.02,124.007598,vertical,-3.872193425813464e-05,6
2021-11-01 09:30:00-04:00,IWM,1,1.0,1.0,7604,218.23,218.25182299999997,47.44166750840597,78.572130660743,False,7609,219.93,219.908007,vertical,0.007588408551345793,6
2021-11-04 09:30:00-04:00,TLT,1,1.0,1.0,7625,123.17,123.182317,84.69399508478325,36.86898994030822,False,7630,123.63,123.617637,vertical,0.00353394878909441,6
2021-11-05 09:30:00-04:00,QQQ,1,1.0,1.0,7632,387.8,387.83878,26.994906338325737,-77.01721428194683,False,7634,385.02425477216013,384.98575234668294,lower,-0.007356220678388703,3
2021-11-05 09:30:00-04:00,TLT,1,1.0,1.0,7632,124.86,124.872486,83.84290147367228,47.36864020267957,False,7637,125.45,125.437455,vertical,0.004524367361437909,6
2021-11-05 12:30:00-04:00,QQQ,1,1.0,1.0,7635,384.8,384.83848,27.07659080823161,34.195188991260196,False,7637,386.14,386.101386,vertical,0.00328165208427178,3
2021-11-08 09:30:00-05:00,TLT,1,1.0,1.0,7639,124.94,124.952494,83.82560299582747,25.565048576064715,False,7644,125.27,125.257473,vertical,0.002440759605806697,6
2021-11-10 09:30:00-05:00,TLT,1,1.0,1.0,7653,126.41,126.422641,83.0530284837079,-86.81209565212218,False,7654,125.38991894317589,125.37737995128157,lower,-0.008267989344712623,2
2021-11-12 10:30:00-05:00,QQQ,-1,1.0,1.0,7668,382.18,382.14178200000003,27.24897302202473,-8.078176044161118,False,7672,382.4,382.43823999999995,vertical,-0.0007757801265497744,5
2021-11-15 11:30:00-05:00,QQQ,1,1.0,1.0,7676,380.38,380.41803799999997,27.351208126104414,50.97526712086546,False,7679,382.32,382.281768,vertical,0.0048991630622940985,4
2021-11-16 09:30:00-05:00,TLT,-1,1.0,1.0,7681,122.9,122.88771000000001,85.08473466861058,72.31441801648673,False,7685,122.02559683886525,122.03779939854914,lower,0.006916156232798842,5
2021-11-16 10:30:00-05:00,QQQ,1,1.0,1.0,7682,384.93,384.968493,27.248222750551736,2.5340029711337495,False,7686,385.1,385.06149000000005,vertical,0.00024157041859540485,5
2021-11-17 10:30:00-05:00,QQQ,1,1.0,1.0,7689,386.26,386.298626,27.260559348639216,-29.63634435643263,False,7693,385.25,385.211475,vertical,-0.002814276124295634,5
2021-11-17 12:30:00-05:00,TLT,-1,1.0,1.0,7691,122.49,122.477751,85.82070121166993,-41.58390584790736,False,7693,122.95,122.962295,vertical,-0.003956179763620948,3
2021-11-18 09:30:00-05:00,TLT,1,1.0,1.0,7695,123.19,123.202319,84.89691147912924,14.885994252573527,False,7700,123.39,123.377661,vertical,0.0014232037304426903,6
2021-11-18 10:30:00-05:00,QQQ,1,1.0,1.0,7696,386.98,387.01869800000003,27.045050459711497,62.04865835075047,False,7697,389.3519035761047,389.31296838574707,upper,0.005928060834277993,2
2021-11-19 09:30:00-05:00,QQQ,1,1.0,1.0,7702,390.79,390.82907900000004,26.959178804527404,13.527684577250614,False,7707,391.37,391.330863,vertical,0.0012838962783523478,6
2021-11-22 09:30:00-05:00,QQQ,1,1.0,1.0,7709,395.39,395.429539,26.67974358725644,-78.61120476987172,False,7709,392.52231595859433,392.48306372699847,lower,-0.00745132819478489,1
2021-11-22 09:30:00-05:00,TLT,1,1.0,1.0,7709,123.76,123.77237600000001,85.23677938724404,-76.54703452269447,False,7713,122.88661296256971,122.87432430127346,lower,-0.007255671481385728,5
2021-11-22 10:30:00-05:00,QQQ,1,1.0,1.0,7710,392.33,392.36923299999995,26.680450443492614,-85.46115700363387,False,7710,389.20501578901906,389.16609528744016,lower,-0.00816358022791197,1
2021-11-22 11:30:00-05:00,QQQ,1,1.0,1.0,7711,389.82,389.85898199999997,26.641777335733057,-80.1297010811405,False,7714,386.89,386.851311,vertical,-0.007714766463941425,4
2021-11-26 09:30:00-05:00,QQQ,-1,1.0,1.0,7730,382.04,382.001796,26.777909729957596,100.8224587660334,False,7732,378.1988406075004,378.23666049156117,lower,0.00985632933631242,3
2021-11-29 09:30:00-05:00,QQQ,1,1.0,1.0,7734,384.1,384.13841,26.891432358289062,80.21375440429863,False,7739,387.16,387.121284,vertical,0.0077651021672109355,6
2021-11-30 10:30:00-05:00,QQQ,-1,1.0,1.0,7742,381.84,381.801816,27.266098239668953,10.461402040399019,False,7746,381.38,381.418138,vertical,0.0010049140258672207,5
2021-12-01 09:30:00-05:00,QQQ,1,1.0,1.0,7748,385.23,385.268523,27.047907116928954,-131.01748782446944,False,7752,380.46266444016385,380.42461817371986,lower,-0.012572801921531873,5
2021-12-01 09:30:00-05:00,TLT,1,1.0,1.0,7748,126.32,126.33263199999999,82.48626708877885,112.0261195379901,False,7751,127.70352078186987,127.69075042979168,upper,0.010750337488351303,4
2021-12-03 09:30:00-05:00,QQQ,-1,1.0,1.0,7762,373.45,373.412655,27.855820411051493,136.8549581155037,False,7763,368.4628333996161,368.49967968295607,lower,0.013156959870692875,2
2021-12-03 10:30:00-05:00,TLT,1,1.0,1.0,7763,129.04,129.05290399999998,81.09742498349777,100.65981310718166,False,7766,130.3071555450403,130.2941248294858,upper,0.009617922503207144,4
2021-12-06 09:30:00-05:00,DIA,1,1.0,1.0,7769,323.61,323.642361,32.87341803848914,20.22405551146046,False,7774,324.29,324.25757100000004,vertical,0.0019008945494625173,6
2021-12-06 09:30:00-05:00,QQQ,-1,1.0,1.0,7769,372.45,372.412755,28.568384098757882,-53.556292618417885,False,7774,374.25,374.287425,vertical,-0.00503385014296831,6
2021-12-06 10:30:00-05:00,TLT,1,1.0,1.0,7770,129.07,129.082907,82.75921833134664,-101.57389316208716,False,7772,127.86835148936443,127.8555646542155,lower,-0.009508170944620198,3
2021-12-07 09:30:00-05:00,DIA,1,1.0,1.0,7776,328.91,328.94289100000003,31.9335811329255,-5.293693611567455,False,7781,328.81,328.777119,vertical,-0.0005039537394957438,6
2021-12-07 09:30:00-05:00,QQQ,1,1.0,1.0,7776,383.48,383.518348,27.38936625229615,54.31579743619711,False,7781,385.54,385.50144600000004,vertical,0.005170803457883233,6
2021-12-09 09:30:00-05:00,TLT,-1,1.0,1.0,7790,125.78,125.767422,83.91160790170447,14.673119404123605,False,7795,125.58,125.592558,vertical,0.0013903759592051035,6
2021-12-10 09:30:00-05:00,QQQ,1,1.0,1.0,7797,384.89,384.92848899999996,27.454501350447785,18.749941879283334,False,7802,385.65,385.611435,vertical,0.0017742152620976448,6
2021-12-10 10:30:00-05:00,TLT,-1,1.0,1.0,7798,126.21,126.197379,83.3028640959331,77.87601571153957,False,7802,125.25,125.262525,vertical,0.007407871759365192,5
2021-12-13 09:30:00-05:00,TLT,1,1.0,1.0,7804,126.7,126.71267,84.16400410998479,29.004851588395166,False,7809,127.07,127.057293,vertical,0.00271972013532662,6
2021-12-13 10:30:00-05:00,QQQ,-1,1.0,1.0,7805,381.73,381.69182700000005,28.02807344999861,46.07327586701873,False,7809,380.01,380.048001,vertical,0.004306683779215503,5
2021-12-14 09:30:00-05:00,TLT,1,1.0,1.0,7811,125.79,125.80257900000001,85.3696632572418,98.80100011899535,False,7811,126.97260775710927,126.95991049633356,upper,0.009199584821973694,1
2021-12-14 10:30:00-05:00,TLT,1,1.0,1.0,7812,126.69,126.702669,85.54298730866952,5.530610758468006,False,7816,126.78,126.76732200000001,vertical,0.0005102733865851583,5
2021-12-15 10:30:00-05:00,QQQ,-1,1.0,1.0,7819,373.6,373.56264000000004,29.02874713863255,-130.2216599324227,False,7821,378.01079414664196,378.0485952260566,upper,-0.012008575659644416,3
2021-12-15 13:30:00-05:00,QQQ,-1,1.0,1.0,7822,376.0,375.9624,28.497088424447767,-127.82001617613571,False,7822,380.40973010323194,380.44777107624225,upper,-0.011930371431404518,1
2021-12-15 14:30:00-05:00,DIA,1,1.0,1.0,7823,330.58,330.61305799999997,32.019345530180075,2.6854304902722643,False,7823,330.73,330.696927,vertical,0.0002536772156169764,1
2021-12-15 14:30:00-05:00,QQQ,1,1.0,1.0,7823,382.83,382.86828299999996,27.649231369973432,48.75250721310799,False,7823,384.67,384.63153300000005,vertical,0.00460536972711334,1
2021-12-16 09:30:00-05:00,DIA,1,1.0,1.0,7825,332.7,332.73327,31.96990694256347,-98.06680071259166,False,7829,329.6987676789671,329.6657978021992,lower,-0.009219012567636464,5
2021-12-16 10:30:00-05:00,QQQ,-1,1.0,1.0,7826,379.42,379.38205800000003,28.00237874457901,146.07596861118896,False,7828,374.1280894854235,374.16550229437206,lower,0.013750138140765644,3
2021-12-16 10:30:00-05:00,TLT,-1,1.0,1.0,7826,125.39,125.377461,84.73293359333415,-22.46287016145997,False,7830,125.63,125.642563,vertical,-0.0021144310778473674,5
2021-12-16 13:30:00-05:00,QQQ,1,1.0,1.0,7829,374.6,374.63746000000003,28.52651427098762,3.5675258747286334,False,7830,374.8,374.76252,vertical,0.00033381605779614354,2
2021-12-17 09:30:00-05:00,QQQ,-1,1.0,1.0,7832,371.82,371.782818,28.690313230684886,-148.43752280365786,False,7832,376.9189114771104,376.9566033682581,upper,-0.013916149745946793,1
2021-12-17 09:30:00-05:00,TLT,1,1.0,1.0,7832,127.08,127.092708,83.927439032983,-7.168242567807934,False,7837,127.02,127.00729799999999,vertical,-0.0006720291143691437,6
2021-12-17 10:30:00-05:00,DIA,1,1.0,1.0,7833,327.86,327.892786,31.962073591741998,-74.96205752595091,False,7837,325.58,325.547442,vertical,-0.00715277706658668,5
2021-12-17 10:30:00-05:00,QQQ,-1,1.0,1.0,7833,376.18,376.142382,27.862144384286136,88.743437456946,False,7837,372.92,372.957292,vertical,0.00846777750240335,5
2021-12-21 10:30:00-05:00,QQQ,-1,1.0,1.0,7847,371.6,371.56284000000005,28.32560198098992,-143.98053896552463,False,7849,376.6082322770084,376.64589310023615,upper,-0.013680197675946637,3
2021-12-21 11:30:00-05:00,DIA,1,1.0,1.0,7848,326.39,326.422639,32.00429415077472,9.751228363328996,False,7851,326.76,326.727324,vertical,0.0009334064602057879,4
2021-12-21 12:30:00-05:00,TLT,-1,1.0,1.0,7849,125.33,125.317467,83.11073972826364,-25.356588026655785,False,7851,125.61,125.622561,vertical,-0.0024345688378779595,3
2021-12-22 10:30:00-05:00,QQQ,1,1.0,1.0,7854,380.89,380.928089,27.210267547734947,31.39245845955473,False,7858,382.12,382.081788,vertical,0.003028653001223125,5
2021-12-22 12:30:00-05:00,DIA,1,1.0,1.0,7856,328.81,328.842881,31.439151497890855,7.677660869845972,False,7858,329.12,329.087088,vertical,0.0007426251687656649,3
2021-12-23 10:30:00-05:00,QQQ,1,1.0,1.0,7861,385.11,385.148511,27.013541634766415,-2.0806370037914292,False,7865,385.11,385.07148900000004,vertical,-0.0001999800019996112,5
2021-12-27 09:30:00-05:00,QQQ,1,1.0,1.0,7867,390.05,390.089005,26.666080220494806,32.048948505964475,False,7872,391.33,391.290867,vertical,0.0030809942976988136,6
2021-12-29 09:30:00-05:00,QQQ,1,1.0,1.0,7881,388.3,388.33883000000003,26.868787880338832,32.03331820518189,False,7886,389.57,389.531043,vertical,0.003070032940048817,6
2021-12-30 09:30:00-05:00,QQQ,1,1.0,1.0,7888,391.25,391.289125,26.748065045697718,-84.73629192893227,False,7893,388.16,388.121184,vertical,-0.0080961641854983,6
2021-12-31 11:30:00-05:00,TLT,1,1.0,1.0,7897,125.22,125.232522,82.8977210508083,-36.88965166305199,False,7900,124.8,124.78752,vertical,-0.0035534060393673794,4
2022-01-03 09:30:00-05:00,QQQ,-1,1.0,1.0,7902,388.0,387.9612,26.66400924520844,-48.735809498160165,False,7907,389.75,389.788975,vertical,-0.004711231432421581,6
2022-01-03 09:30:00-05:00,TLT,-1,1.0,1.0,7902,123.36,123.347664,83.86539872844419,84.3789452716226,False,7903,122.32930760770485,122.34154053846562,lower,0.008156810018991267,2
2022-01-04 09:30:00-05:00,QQQ,-1,1.0,1.0,7909,387.71,387.671229,26.775895095778758,83.40116169460107,False,7909,384.5179920032826,384.55644380248293,lower,0.00803460500680342,1
2022-01-04 10:30:00-05:00,QQQ,-1,1.0,1.0,7910,382.78,382.741722,27.33865873407505,-52.40110074195113,False,7914,384.62,384.658462,vertical,-0.005007920197422244,5
2022-01-04 10:30:00-05:00,TLT,-1,1.0,1.0,7910,120.42,120.40795800000001,86.90160928607578,-56.84642700965816,False,7914,121.05,121.062105,vertical,-0.005432755532653433,5
2022-01-05 10:30:00-05:00,QQQ,-1,1.0,1.0,7917,382.25,382.211775,27.090734693609626,95.73326498802886,False,7919,378.64011000239856,378.6779740133988,lower,0.009245662268257404,3
2022-01-05 11:30:00-05:00,DIA,1,1.0,1.0,7918,340.22,340.254022,30.503969907294383,-70.6003405429484,False,7919,337.9733553245361,337.9395579890037,lower,-0.0068021650336181905,2
2022-01-05 13:30:00-05:00,QQQ,-1,1.0,1.0,7920,377.58,377.542242,27.49236923200688,96.5111471621153,False,7920,373.9943722083451,374.0317716455659,lower,0.009298218752523235,1
2022-01-07 09:30:00-05:00,QQQ,-1,1.0,1.0,7930,370.21,370.172979,28.300395920864364,48.001292035236034,False,7935,368.44,368.47684399999997,vertical,0.004582006511069547,6
2022-01-07 09:30:00-05:00,TLT,-1,1.0,1.0,7930,120.03,120.01799700000001,87.28725796770138,10.998980089252997,False,7935,119.88,119.891988,vertical,0.0010499175386172732,6
2022-01-10 09:30:00-05:00,QQQ,-1,1.0,1.0,7937,360.14,360.10398599999996,29.255555468998057,-133.67741665203366,False,7940,364.6368225586399,364.6732862408958,upper,-0.012688835499021112,4
2022-01-10 09:30:00-05:00,TLT,-1,1.0,1.0,7937,119.42,119.408058,88.22722949761312,-79.00442158237405,False,7941,120.29149413984246,120.30352328925643,upper,-0.007499203188250814,5
2022-01-10 14:30:00-05:00,TLT,-1,1.0,1.0,7942,120.1,120.08798999999999,85.95664144928975,-9.801549867821246,False,7942,120.19,120.20201899999999,vertical,-0.0009495454124930358,1
2022-01-11 10:30:00-05:00,QQQ,-1,1.0,1.0,7945,372.37,372.332763,27.697156344331884,-56.63157235972125,False,7949,374.34,374.377434,vertical,-0.005491515126215152,5
2022-01-11 10:30:00-05:00,TLT,-1,1.0,1.0,7945,120.71,120.697929,85.4410579731494,-20.861630478955863,False,7949,120.93,120.942093,vertical,-0.002022934461452186,5
2022-01-12 09:30:00-05:00,QQQ,1,1.0,1.0,7951,377.71,377.747771,27.09497270889096,-53.25118589833679,False,7956,375.82,375.782418,vertical,-0.005202818258324027,6
2022-01-12 11:30:00-05:00,TLT,1,1.0,1.0,7953,121.06,121.072106,84.15251806823503,-50.84108040099596,False,7956,120.48,120.46795200000001,vertical,-0.004990034616231043,4
2022-01-13 10:30:00-05:00,QQQ,1,1.0,1.0,7959,373.77,373.807377,27.10212238478659,-127.82739463339045,False,7960,369.1277811291392,369.09086835102624,lower,-0.012617484135348467,2
2022-01-13 11:30:00-05:00,TLT,1,1.0,1.0,7960,120.98,120.992098,82.78335143626967,44.351014965279624,False,7963,121.54,121.52784600000001,vertical,0.004427958592800207,4
2022-01-14 09:30:00-05:00,TLT,-1,1.0,1.0,7965,120.32,120.30796799999999,83.51480842999484,68.71104851895964,False,7970,119.47327977360393,119.48522710158129,lower,0.0068386235101127735,6
2022-01-18 09:30:00-05:00,QQQ,-1,1.0,1.0,7972,364.59,364.553541,27.749580818475465,126.79263595528556,False,7976,359.94837314401184,359.9843679813262,lower,0.012533613049375836,5
2022-01-19 10:30:00-05:00,QQQ,-1,1.0,1.0,7980,358.2,358.16418,28.598618054424637,73.7451114805904,False,7984,355.55,355.585555,vertical,0.007199561385507591,5
2022-01-20 09:30:00-05:00,QQQ,-1,1.0,1.0,7986,361.06,361.023894,28.57635150341818,144.3187309442103,False,7990,355.9380147928786,355.9736085943579,lower,0.013988784370161489,5
2022-01-20 14:30:00-05:00,QQQ,-1,1.0,1.0,7991,353.96,353.924604,29.55732466404341,91.90926953328474,False,7991,350.78,350.81507799999997,vertical,0.008785842987056092,1
2022-01-21 09:30:00-05:00,QQQ,-1,1.0,1.0,7993,345.96,345.92540399999996,30.506501039034077,-160.2288713647517,False,7993,351.14257584234355,351.17769009992776,upper,-0.015183291077193628,1
2022-01-21 09:30:00-05:00,TLT,1,1.0,1.0,7993,121.18,121.19211800000001,87.07640291057774,-13.429184086079424,False,7998,121.05,121.03789499999999,vertical,-0.0012725497544321396,6
2022-01-21 10:30:00-05:00,QQQ,-1,1.0,1.0,7994,350.67,350.63493300000005,29.438106530619397,163.51732265483346,False,7995,345.04581428315663,345.08031886458497,lower,0.015841587966978432,2
2022-01-25 09:30:00-05:00,QQQ,-1,1.0,1.0,8007,336.05,336.016395,31.375948080623523,43.39089675887631,False,8012,334.6,334.63346,vertical,0.004115677153193609,6
2022-01-25 13:30:00-05:00,DIA,-1,1.0,1.0,8011,316.85,316.81831500000004,33.03720007194137,24.33883566500047,False,8012,316.05,316.081605,vertical,0.002325339051184594,2
2022-01-26 09:30:00-05:00,QQQ,-1,1.0,1.0,8014,340.14,340.105986,31.197812249567882,234.0333130672274,False,8018,332.5711351466721,332.6043922601867,lower,0.02205663542720837,5
2022-01-26 10:30:00-05:00,DIA,1,1.0,1.0,8015,319.16,319.19191600000005,33.127204975428626,-147.04350833117388,False,8018,314.78464062291454,314.75316215885226,lower,-0.01390622261607588,4
2022-01-26 14:30:00-05:00,DIA,1,1.0,1.0,8019,313.92,313.951392,34.073913266542284,24.09499295338889,False,8019,314.69,314.658531,vertical,0.0022523837065833163,1
2022-01-26 14:30:00-05:00,QQQ,1,1.0,1.0,8019,335.0,335.0335,31.929799560098367,-13.313608873576566,False,8019,334.65,334.616535,vertical,-0.0012445471870723424,1
2022-01-27 09:30:00-05:00,DIA,1,1.0,1.0,8021,317.78,317.81177799999995,33.693949143061744,-105.90843825602957,False,8026,314.7,314.66853,vertical,-0.009890281662248479,6
2022-01-27 09:30:00-05:00,TLT,-1,1.0,1.0,8021,120.21,120.19797899999999,89.08913422744013,-34.21717649580696,False,8026,120.57,120.58205699999999,vertical,-0.003195378185185671,6
2022-01-27 12:30:00-05:00,QQQ,-1,1.0,1.0,8024,330.88,330.846912,31.791613371762992,0.12179367082693904,False,8026,330.81,330.843081,vertical,1.1579373604631016e-05,3
2022-01-28 10:30:00-05:00,QQQ,1,1.0,1.0,8029,336.33,336.363633,31.419359963676627,157.48093291330076,False,8033,341.41,341.37585900000005,vertical,0.014901212581444723,5
2022-01-28 14:30:00-05:00,TLT,1,1.0,1.0,8033,120.8,120.81208,87.66633311963302,-22.279258900024182,False,8033,120.57,120.557943,vertical,-0.002103572755307259,1
2022-01-31 09:30:00-05:00,QQQ,1,1.0,1.0,8035,346.77,346.80467699999997,30.863285439285743,171.6024286951208,False,8040,352.4,352.36476,vertical,0.01603231838767849,6
2022-01-31 09:30:00-05:00,TLT,1,1.0,1.0,8035,120.07,120.08200699999999,89.13518357442423,-13.726907405644356,False,8040,119.94,119.928006,vertical,-0.001282465240608377,6
2022-01-31 13:30:00-05:00,DIA,1,1.0,1.0,8039,322.38,322.412238,33.580703583714914,33.09106334476197,False,8040,323.43,323.39765700000004,vertical,0.0030563945280515092,2
2022-02-01 09:30:00-05:00,TLT,-1,1.0,1.0,8042,119.38,119.368062,91.26811761897027,-17.696249129495254,False,8047,119.55,119.561955,vertical,-0.001624328959952459,6
2022-02-02 09:30:00-05:00,QQQ,1,1.0,1.0,8049,356.29,356.325629,30.524894052555055,34.75628539101431,False,8054,357.5,357.46425,vertical,0.0031954507543996424,6
2022-02-02 09:30:00-05:00,TLT,-1,1.0,1.0,8049,120.48,120.46795200000001,90.28793046498407,43.87587124911299,False,8054,119.97,119.98199699999999,vertical,0.004033894425299223,6
2022-02-03 09:30:00-05:00,QQQ,1,1.0,1.0,8056,350.63,350.665063,31.241875470426226,-217.10128167403124,False,8061,343.7503903776852,343.7160153386475,lower,-0.019816766466274727,6
2022-02-03 09:30:00-05:00,SPY,1,1.0,1.0,8056,424.7,424.74246999999997,25.793121724030016,-157.5753537232514,False,8061,418.67513695204127,418.6332694383461,lower,-0.014383305162899984,6
2022-02-03 09:30:00-05:00,TLT,-1,1.0,1.0,8056,118.63,118.61813699999999,92.35884584897137,-40.06221948737237,False,8061,119.04,119.05190400000001,vertical,-0.003656835379230561,6
2022-02-07 11:30:00-05:00,QQQ,-1,1.0,1.0,8072,345.16,345.12548400000003,30.54163156259568,17.134802097196783,False,8075,344.53,344.56445299999996,vertical,0.0016255855507907313,4
2022-02-08 09:30:00-05:00,QQQ,-1,1.0,1.0,8077,343.06,343.025694,30.778540389128132,-173.91330195327293,False,8079,348.6413025612528,348.6761666915089,upper,-0.01647244737156317,3
2022-02-09 09:30:00-05:00,QQQ,1,1.0,1.0,8084,352.44,352.475244,29.459989182486915,96.6045189474617,False,8089,355.79,355.75442100000004,vertical,0.009303283154830755,6
2022-02-09 09:30:00-05:00,TLT,1,1.0,1.0,8084,117.23,117.24172300000001,88.5684431244194,-42.81398540634462,False,8089,116.77,116.758323,vertical,-0.004123105560296159,6
2022-02-10 12:30:00-05:00,QQQ,1,1.0,1.0,8094,349.58,349.614958,29.85486510241233,-57.61182883407664,False,8096,347.72,347.68522800000005,vertical,-0.0055195864932070515,3
2022-02-11 09:30:00-05:00,QQQ,-1,1.0,1.0,8098,346.45,346.415355,29.96430565279497,150.17518905551827,False,8101,341.3694153223843,341.40355226391654,lower,0.014467611391196677,4
2022-02-11 10:30:00-05:00,TLT,-1,1.0,1.0,8099,114.42,114.408558,91.16186171339872,-92.66552640905755,False,8101,115.41351109807538,115.42505244918519,upper,-0.008884776339766365,3
2022-02-11 13:30:00-05:00,TLT,-1,1.0,1.0,8102,116.01,115.998399,89.98059742779671,-60.580966888420015,False,8103,116.66,116.671666,vertical,-0.005804105968738371,2
2022-02-14 13:30:00-05:00,QQQ,-1,1.0,1.0,8109,336.02,335.986398,30.885251121979998,-40.37715357879537,False,8110,337.26,337.293726,vertical,-0.0038910146594683948,2
2022-02-14 13:30:00-05:00,TLT,1,1.0,1.0,8109,115.99,116.001599,89.4558727229227,-74.52720831530205,False,8110,115.18,115.16848200000001,vertical,-0.007181944104063476,2
2022-02-15 09:30:00-05:00,QQQ,-1,1.0,1.0,8112,342.94,342.905706,29.92694415503667,-79.87046505428206,False,8117,345.54,345.57455400000003,vertical,-0.0077830375910981076,6
2022-02-16 09:30:00-05:00,QQQ,1,1.0,1.0,8119,341.4,341.43413999999996,29.822001539890362,115.74888012681677,False,8124,345.35,345.315465,vertical,0.01136771208643661,6
2022-02-17 09:30:00-05:00,QQQ,1,1.0,1.0,8126,339.28,339.313928,30.3494713278553,-128.907497797841,False,8131,335.1,335.06649000000004,vertical,-0.012517723705111061,6
2022-02-17 09:30:00-05:00,TLT,1,1.0,1.0,8126,115.81,115.821581,88.91260367942964,-34.953767321475574,False,8131,115.44,115.428456,vertical,-0.0033942292671691465,6
2022-02-18 09:30:00-05:00,TLT,1,1.0,1.0,8133,116.14,116.151614,87.24921432308844,41.59361995053219,False,8138,116.64,116.628336,vertical,0.004104308012456981,6
2022-02-22 10:30:00-05:00,QQQ,-1,1.0,1.0,8141,328.65,328.61713499999996,30.96530764839506,19.332849211890196,False,8145,327.96,327.992796,vertical,0.0018998978857264204,5
2022-02-22 12:30:00-05:00,TLT,1,1.0,1.0,8143,116.75,116.761675,87.64474382116612,9.346172546858245,False,8145,116.88,116.868312,vertical,0.0009132876862207873,3
2022-02-23 09:30:00-05:00,QQQ,-1,1.0,1.0,8147,326.56,326.527344,31.25131751773879,157.1941170774215,False,8151,321.4651978013841,321.49734432116423,lower,0.015404528200357426,5
2022-02-23 09:30:00-05:00,TLT,1,1.0,1.0,8147,115.78,115.791578,88.1273913165595,-48.74352451936239,False,8152,115.25,115.23847500000001,vertical,-0.004776711826139812,6
2022-02-24 09:30:00-05:00,QQQ,-1,1.0,1.0,8154,316.28,316.24837199999996,32.61000280540885,-166.37610589621016,False,8157,321.3182362384131,321.3503680620369,upper,-0.016132876921298278,4
2022-02-24 09:30:00-05:00,TLT,1,1.0,1.0,8154,116.54,116.551654,88.4831741480561,-105.00219150732228,False,8158,115.37650059248456,115.36496294242531,lower,-0.010181674964258258,5
2022-02-24 13:30:00-05:00,QQQ,-1,1.0,1.0,8158,323.32,323.287668,31.11116093333839,-171.98058663052078,False,8159,328.7827283019797,328.8156065748099,upper,-0.01709913220324233,2
2022-02-25 10:30:00-05:00,QQQ,1,1.0,1.0,8162,334.12,334.153412,29.53583910761302,39.077007965418986,False,8166,335.51,335.476449,vertical,0.003959370015350849,5
2022-02-28 09:30:00-05:00,DIA,1,1.0,1.0,8168,310.15,310.181015,31.94450318649368,88.73179927807942,False,8173,312.99,312.958701,vertical,0.008955048393274545,6
2022-02-28 09:30:00-05:00,SPY,1,1.0,1.0,8168,406.32,406.360632,24.38370659404168,83.59673393141338,False,8173,409.83,409.789017,vertical,0.008436803986464847,6
2022-02-28 09:30:00-05:00,TLT,1,1.0,1.0,8168,117.08,117.091708,84.62237498540327,76.70942132289342,False,8173,118.01,117.998199,vertical,0.007741718141134335,6
2022-02-28 10:30:00-05:00,QQQ,1,1.0,1.0,8169,337.46,337.493746,29.940012953522643,-174.10626862343636,False,8171,331.71174705792225,331.67857588321647,lower,-0.01723045296603365,3
2022-02-28 13:30:00-05:00,QQQ,1,1.0,1.0,8172,331.62,331.653162,29.324670625620037,148.47558729882547,False,8173,336.75,336.716325,vertical,0.015266439703053303,2
2022-03-01 11:30:00-05:00,QQQ,1,1.0,1.0,8177,332.58,332.613258,30.461761374722837,-40.09958851783308,False,8180,331.33,331.29686699999996,vertical,-0.003957722575207767,4
2022-03-02 09:30:00-05:00,TLT,1,1.0,1.0,8182,118.57,118.58185699999999,85.10480744746044,-105.33825340236544,False,8183,117.35584519325242,117.34410960873309,lower,-0.010437915399375886,2
2022-03-02 10:30:00-05:00,QQQ,-1,1.0,1.0,8183,335.15,335.11648499999995,29.877911246872035,-50.7085818228133,False,8187,336.78,336.813678,vertical,-0.005064486756000797,5
2022-03-03 09:30:00-05:00,TLT,-1,1.0,1.0,8189,116.11,116.098389,85.5811984740125,-32.7996789647529,False,8194,116.47,116.481647,vertical,-0.003301148304478252,6
2022-03-03 10:30:00-05:00,QQQ,-1,1.0,1.0,8190,333.62,333.586638,29.57410067924446,45.64576123007053,False,8194,332.01,332.043201,vertical,0.004626795033678688,5
2022-03-07 10:30:00-05:00,TLT,1,1.0,1.0,8204,117.79,117.80177900000001,84.45275986695775,-18.03395788923126,False,8208,117.6,117.58824,vertical,-0.0018126975824364067,5
2022-03-08 09:30:00-05:00,QQQ,-1,1.0,1.0,8210,311.8,311.76882,31.85261244501036,-159.55723810246639,False,8211,316.74638089566525,316.7780555337548,upper,-0.016067147233500778,2
2022-03-08 11:30:00-05:00,QQQ,-1,1.0,1.0,8212,319.65,319.61803499999996,30.57116022190591,179.66118342298182,False,8215,313.70984474799064,313.74121573246543,lower,0.018387007690396806,4
2022-03-09 09:30:00-05:00,QQQ,-1,1.0,1.0,8217,322.4,322.36776,30.867712519448943,-82.87184424489128,False,8222,325.02,325.052502,vertical,-0.008328196343207583,6
2022-03-10 09:30:00-05:00,QQQ,1,1.0,1.0,8224,319.78,319.81197799999995,30.855265517834425,50.783848423636286,False,8229,321.49,321.457851,vertical,0.005146376975286637,6
2022-03-11 11:30:00-05:00,QQQ,-1,1.0,1.0,8233,317.51,317.478249,31.242037451823844,88.0021337057742,False,8236,314.63,314.66146299999997,vertical,0.00887237474967939,4
2022-03-15 09:30:00-04:00,QQQ,-1,1.0,1.0,8245,313.78,313.74862199999995,31.893907343131634,-147.77126612299514,False,8250,318.35,318.381835,vertical,-0.014767277607358187,6
2022-03-16 09:30:00-04:00,QQQ,1,1.0,1.0,8252,327.02,327.05270199999995,30.144677456235286,-208.84328913989523,False,8255,320.15668569864414,320.1246700300743,lower,-0.021183228047220504,4
2022-03-16 13:30:00-04:00,QQQ,1,1.0,1.0,8256,320.15,320.182015,30.139278509570065,197.60862778800583,False,8256,326.7712069929866,326.7385298722873,upper,0.020477461459811552,1
2022-03-16 14:30:00-04:00,QQQ,1,1.0,1.0,8257,327.64,327.672764,30.053347832193786,74.9595410166229,False,8257,330.2,330.16697999999997,vertical,0.0076119112542414324,1
2022-03-16 14:30:00-04:00,TLT,1,1.0,1.0,8257,111.76,111.771176,88.10557340497469,43.84098090402192,False,8257,112.28,112.268772,vertical,0.0044519170130230545,1
2022-03-17 12:30:00-04:00,QQQ,1,1.0,1.0,8262,332.05,332.083205,30.01194858243129,58.02480126978607,False,8264,334.05,334.016595,vertical,0.005822004759319155,3
2022-03-18 09:30:00-04:00,QQQ,1,1.0,1.0,8266,336.25,336.283625,29.80962535662799,138.38459779094254,False,8271,340.96,340.925904,vertical,0.013804653735369987,6
2022-03-21 09:30:00-04:00,QQQ,1,1.0,1.0,8273,336.76,336.793676,30.175369066638055,97.23466507544089,False,8278,340.05,340.01599500000003,vertical,0.009567635112008643,6
2022-03-22 09:30:00-04:00,QQQ,1,1.0,1.0,8280,345.12,345.154512,29.72613070660122,44.91077334188501,False,8285,346.7,346.66533,vertical,0.004377222222144983,6
2022-03-23 12:30:00-04:00,QQQ,1,1.0,1.0,8290,343.07,343.104307,30.034653313247517,-42.603524997121745,False,8292,341.72,341.685828,vertical,-0.0041342500547507655,3
2022-03-24 10:30:00-04:00,QQQ,1,1.0,1.0,8295,346.04,346.074604,29.65376617473475,94.60933275244172,False,8299,349.3,349.26507000000004,vertical,0.009219012210442301,5
2022-03-25 10:30:00-04:00,QQQ,-1,1.0,1.0,8302,345.32,345.285468,29.995541888204706,-113.3662008562463,False,8306,349.03,349.06490299999996,vertical,-0.010945827004801734,5
2022-03-28 14:30:00-04:00,QQQ,1,1.0,1.0,8313,353.54,353.575354,28.971641835437765,26.0511554802154,False,8313,354.51,354.47454899999997,vertical,0.0025431495431662565,1
2022-03-29 09:30:00-04:00,QQQ,1,1.0,1.0,8315,357.06,357.095706,28.758983938626063,97.15483617777586,False,8320,360.51,360.473949,vertical,0.009460329382958266,6
2022-03-30 10:30:00-04:00,QQQ,1,1.0,1.0,8323,357.57,357.605757,28.989646577709067,-29.0308408654958,False,8327,356.64,356.604336,vertical,-0.0028003492124988316,5
2022-03-31 09:30:00-04:00,QQQ,1,1.0,1.0,8329,355.18,355.215518,29.10299000146332,-106.53664612958735,False,8334,351.59,351.55484099999995,vertical,-0.010305509794760748,6
2022-04-01 10:30:00-04:00,TLT,1,1.0,1.0,8337,111.57,111.58115699999999,91.69377068378155,31.87724768444635,False,8341,111.94,111.928806,vertical,0.0031156604694464463,5
2022-04-04 09:30:00-04:00,QQQ,1,1.0,1.0,8343,355.83,355.86558299999996,28.8400305074556,79.26832353132862,False,8348,358.65,358.614135,vertical,0.007723567918058505,6
2022-04-05 09:30:00-04:00,QQQ,-1,1.0,1.0,8350,353.92,353.884608,29.225466041757883,90.58529643680818,False,8355,350.75,350.785075,vertical,0.00875859794388123,6
2022-04-07 11:30:00-04:00,QQQ,-1,1.0,1.0,8366,340.12,340.085988,30.677617597822376,-156.57278962735168,False,8368,345.1552843672584,345.1897998956951,upper,-0.015007415994142903,3
2022-04-07 14:30:00-04:00,QQQ,-1,1.0,1.0,8369,344.75,344.715525,29.811407828568953,21.79601460570184,False,8369,343.95,343.984395,vertical,0.002120966266314861,1
2022-04-08 09:30:00-04:00,QQQ,-1,1.0,1.0,8371,340.79,340.755921,30.221781869551016,49.9268067534447,False,8376,339.07,339.103907,vertical,0.004848085970603044,6
2022-04-12 09:30:00-04:00,QQQ,-1,1.0,1.0,8385,335.63,335.596437,30.8351841112467,157.32423709179457,False,8388,330.4612894364029,330.49433556534655,lower,0.01520308582612706,4
2022-04-12 09:30:00-04:00,TLT,-1,1.0,1.0,8385,104.54,104.52954600000001,98.99763576867925,49.41407590812315,False,8390,104.02,104.030402,vertical,0.004775147497531607,6
2022-04-13 09:30:00-04:00,QQQ,-1,1.0,1.0,8392,332.92,332.886708,31.707232464725873,-112.46339746057411,False,8397,336.4,336.43363999999997,vertical,-0.010655072475888705,6
2022-04-13 09:30:00-04:00,TLT,-1,1.0,1.0,8392,105.02,105.009498,100.51391955966994,72.27654413777064,False,8397,104.28,104.290428,vertical,0.0068476662939573885,6
2022-04-14 09:30:00-04:00,QQQ,1,1.0,1.0,8399,332.69,332.723269,31.602025951634047,-129.13017591390647,False,8404,328.67,328.637133,vertical,-0.012280884388641944,6
2022-04-14 09:30:00-04:00,TLT,-1,1.0,1.0,8399,102.87,102.859713,102.22398133320202,72.52781253192488,False,8404,102.14,102.150214,vertical,0.006897734587301363,6
2022-04-18 11:30:00-04:00,QQQ,-1,1.0,1.0,8408,326.27,326.237373,32.05680245061481,-151.08612398434482,False,8409,330.91735656925226,330.9504483049092,upper,-0.014446766970837466,2
2022-04-18 13:30:00-04:00,QQQ,-1,1.0,1.0,8410,330.4,330.36696,31.198764229583343,34.75660890479637,False,8411,329.22,329.252922,vertical,0.0033721229265784025,2
2022-04-19 09:30:00-04:00,QQQ,-1,1.0,1.0,8413,333.12,333.086688,31.048366313543543,-97.0860680768092,False,8418,336.18,336.213618,vertical,-0.009387736324064644,6
2022-04-20 09:30:00-04:00,TLT,-1,1.0,1.0,8420,101.84,101.82981600000001,100.60620589859631,-114.51599828734697,False,8422,102.95778000691527,102.96807578491597,upper,-0.01117805992024934,3
2022-04-20 10:30:00-04:00,QQQ,1,1.0,1.0,8421,332.25,332.283225,30.86148433812797,-33.2177278058595,False,8425,331.24,331.206876,vertical,-0.003239251695597911,5
2022-04-20 12:30:00-04:00,TLT,1,1.0,1.0,8423,102.92,102.930292,98.59694946887664,0.9280930853514449,False,8425,102.95,102.939705,vertical,9.145024090684295e-05,3
2022-04-21 09:30:00-04:00,QQQ,1,1.0,1.0,8427,335.25,335.283525,30.11751263980037,-145.5781089301277,False,8428,330.482903568982,330.44985527862514,lower,-0.014416663393690077,2
2022-04-21 09:30:00-04:00,TLT,1,1.0,1.0,8427,101.82,101.830182,99.1641731731789,27.72689780426138,False,8432,102.12,102.10978800000001,vertical,0.002745806739302692,6
2022-04-21 11:30:00-04:00,DIA,1,1.0,1.0,8429,325.57,325.602557,30.322176821099525,-81.36391140445845,False,8431,322.9515384892494,322.9192433354005,lower,-0.008241070614809387,3
2022-04-21 11:30:00-04:00,QQQ,-1,1.0,1.0,8429,329.74,329.707026,29.94470098661512,142.42702114911452,False,8431,324.91819945449566,324.9506912744411,lower,0.014425942884089049,3
2022-04-22 09:30:00-04:00,QQQ,-1,1.0,1.0,8434,321.49,321.457851,31.236187479904213,144.3726340129423,False,8438,316.80420337877297,316.83588379911083,lower,0.014378143780004238,5
2022-04-25 09:30:00-04:00,TLT,1,1.0,1.0,8441,102.89,102.900289,98.98407899258724,-36.67785758215004,False,8446,102.54,102.529746,vertical,-0.003600990858247277,6
2022-04-25 13:30:00-04:00,QQQ,-1,1.0,1.0,8445,318.07,318.038193,31.92008810551803,-68.11175432140496,False,8446,320.14,320.172014,vertical,-0.006709323115793309,2
2022-04-26 09:30:00-04:00,QQQ,-1,1.0,1.0,8448,312.64,312.60873599999996,32.24702179414622,154.07485126347044,False,8453,307.8,307.83078,vertical,0.015284141003660157,6
2022-04-26 09:30:00-04:00,TLT,1,1.0,1.0,8448,103.47,103.480347,97.41657247083354,5.7766079143753215,False,8453,103.55,103.539645,vertical,0.0005730363466986965,6
2022-04-27 10:30:00-04:00,QQQ,-1,1.0,1.0,8456,310.14,310.108986,33.02242967577324,81.17652916729898,False,8460,307.62,307.650762,vertical,0.00792696797247927,5
2022-04-27 10:30:00-04:00,TLT,1,1.0,1.0,8456,102.41,102.42024099999999,99.98562864161147,-17.044250157648374,False,8460,102.26,102.249774,vertical,-0.0016643878039692694,5
2022-04-28 10:30:00-04:00,QQQ,-1,1.0,1.0,8463,311.77,311.73882299999997,33.05550576554271,-166.19651609575192,False,8464,316.73495084229523,316.7666243373795,upper,-0.01612824892644027,2
2022-04-28 12:30:00-04:00,DIA,1,1.0,1.0,8465,313.66,313.691366,32.31994579322991,9.60652212801174,False,8467,314.02,313.98859799999997,vertical,0.0009475300636738737,3
2022-04-28 12:30:00-04:00,QQQ,1,1.0,1.0,8465,317.22,317.25172200000003,31.957235349298575,39.19321627773242,False,8467,318.51,318.478149,vertical,0.0038657851634922302,3
2022-04-29 09:30:00-04:00,QQQ,1,1.0,1.0,8469,313.04,313.071304,32.53983215060167,-177.7300375193572,False,8473,307.6401456328871,307.6093816183238,lower,-0.01744625684913037,5
2022-04-29 09:30:00-04:00,TLT,-1,1.0,1.0,8469,101.72,101.709828,100.1603078448819,63.073049216387226,False,8474,101.07,101.080107,vertical,0.006191348588260315,6
2022-05-02 12:30:00-04:00,QQQ,-1,1.0,1.0,8479,302.77,302.73972299999997,33.27158588642502,-171.6678967208324,False,8481,307.8685308024565,307.8993176555368,upper,-0.017043005141207823,3
2022-05-03 10:30:00-04:00,QQQ,-1,1.0,1.0,8484,310.27,310.238973,31.913987796453245,14.935714374751155,False,8488,309.74,309.770974,vertical,0.0015085113113753046,5
2022-05-04 09:30:00-04:00,QQQ,1,1.0,1.0,8490,306.77,306.80067699999995,32.32032800462478,169.4721521284994,False,8493,312.0754003887718,312.04419284873296,upper,0.017090952666747317,4
2022-05-04 14:30:00-04:00,QQQ,1,1.0,1.0,8495,318.62,318.651862,31.650123120289308,49.88413885136616,False,8495,320.26,320.227974,vertical,0.004946187949782077,1
2022-05-04 14:30:00-04:00,TLT,1,1.0,1.0,8495,100.29,100.30002900000001,100.55202142373695,21.107779785247935,False,8495,100.52,100.509948,vertical,0.0020929106610725334,1
2022-05-05 09:30:00-04:00,IWM,1,1.0,1.0,8497,177.41,177.427741,57.24224704774916,-221.04335242310924,False,8501,173.58355715876607,173.56619880305018,lower,-0.021764027289001064,5
2022-05-05 09:30:00-04:00,QQQ,1,1.0,1.0,8497,308.01,308.040801,32.97083552073367,-121.70323393671731,False,8502,304.38,304.349562,vertical,-0.011982954816430302,6
2022-05-05 09:30:00-04:00,SPY,1,1.0,1.0,8497,393.62,393.659362,25.79987563828357,-187.94817724813035,False,8501,386.4131551292976,386.3745138137847,lower,-0.018505461547273727,5
2022-05-06 10:30:00-04:00,TLT,-1,1.0,1.0,8505,96.82,96.810318,99.42811901349293,46.799324197866234,False,8509,96.33,96.33963299999999,vertical,0.004861930109557155,5
2022-05-09 10:30:00-04:00,TLT,-1,1.0,1.0,8512,96.34,96.330366,100.40932621429012,-84.27856795796401,False,8516,97.16,97.169716,vertical,-0.008713244170586831,5
2022-05-10 09:30:00-04:00,QQQ,-1,1.0,1.0,8518,294.15,294.120585,32.59951552210464,62.635665939674254,False,8523,292.17,292.19921700000003,vertical,0.0065325859459989255,6
2022-05-10 09:30:00-04:00,TLT,1,1.0,1.0,8518,98.41,98.41984099999999,97.42129715570256,-30.16679692815312,False,8523,98.12,98.11018800000001,vertical,-0.003146245684343074,6
2022-05-11 10:30:00-04:00,TLT,1,1.0,1.0,8526,98.72,98.729872,97.44424104074113,114.0231118786894,False,8530,99.91,99.900009,vertical,0.011851904355755671,5
2022-05-11 11:30:00-04:00,IWM,-1,1.0,1.0,8527,165.0,164.9835,58.484204468047935,225.9547667534417,False,8530,161.10387178251784,161.1199821696961,lower,0.023417601337733074,4
2022-05-11 11:30:00-04:00,QQQ,-1,1.0,1.0,8527,288.91,288.88110900000004,33.40103747612719,180.7919666144708,False,8530,283.44,283.468344,vertical,0.01873699882535429,4
2022-05-12 12:30:00-04:00,QQQ,-1,1.0,1.0,8535,280.66,280.631934,36.13782346785994,-82.26247900235573,False,8537,282.88,282.90828799999997,vertical,-0.008111528747116736,3
2022-05-13 09:30:00-04:00,QQQ,-1,1.0,1.0,8539,291.7,291.67082999999997,34.48807277482553,-54.439146970481275,False,8544,293.22,293.249322,vertical,-0.005411895320488691,6
2022-05-13 09:30:00-04:00,TLT,1,1.0,1.0,8539,98.77,98.779877,101.83414999933403,-54.96009442293968,False,8544,98.25,98.24017500000001,vertical,-0.005463683660994922,6
2022-05-16 10:30:00-04:00,QQQ,1,1.0,1.0,8547,289.54,289.568954,34.36060887224928,12.783830170311612,False,8551,289.97,289.941003,vertical,0.0012848373241007849,5
2022-05-17 09:30:00-04:00,QQQ,1,1.0,1.0,8553,293.7,293.72936999999996,33.91744380247252,125.18538456889004,False,8558,297.45,297.420255,vertical,0.012565597372847126,6
2022-05-17 10:30:00-04:00,IWM,1,1.0,1.0,8554,170.76,170.777076,58.48763932104173,112.62683963384346,False,8558,172.72,172.702728,vertical,0.01127582252315884,5
2022-05-18 09:30:00-04:00,IWM,1,1.0,1.0,8560,170.25,170.267025,59.90802754857196,-226.6957929796596,False,8563,166.49961125120143,166.4829612900763,lower,-0.022224289817266096,4
2022-05-18 09:30:00-04:00,TLT,-1,1.0,1.0,8560,97.86,97.850214,104.24465320345023,-117.44678299986946,False,8563,98.96696293387292,98.9768596301663,upper,-0.011513982280777713,4
2022-05-19 09:30:00-04:00,TLT,1,1.0,1.0,8567,99.89,99.899989,98.66086219823167,-61.16164437220322,False,8572,99.29,99.280071,vertical,-0.006205386068661167,6
2022-05-20 10:30:00-04:00,QQQ,-1,1.0,1.0,8575,278.53,278.502147,35.170491536503874,205.31914047187104,False,8576,272.6370592688169,272.6643229747438,lower,0.020961504563396294,2
2022-05-20 10:30:00-04:00,TLT,1,1.0,1.0,8575,100.22,100.23002199999999,97.72578323849572,21.493026959208844,False,8579,100.46,100.44995399999999,vertical,0.002194272690072774,5
2022-05-20 12:30:00-04:00,QQQ,-1,1.0,1.0,8577,272.33,272.30276699999996,36.861579860835306,-216.22383425211896,False,8579,278.1407849088638,278.1685989873547,upper,-0.021541580542788763,3
2022-05-23 09:30:00-04:00,QQQ,-1,1.0,1.0,8581,281.7,281.67183,34.81230528853602,-116.85342079287048,False,8586,285.0,285.0285,vertical,-0.011916953143663811,6
2022-05-23 09:30:00-04:00,TLT,1,1.0,1.0,8581,99.92,99.929992,98.12515282839829,-99.89370937422576,False,8585,98.9218607079426,98.91196852187181,lower,-0.01018736675299825,5
2022-05-24 09:30:00-04:00,QQQ,-1,1.0,1.0,8588,275.8,275.77242,34.77105726154023,-112.84873615012593,False,8593,278.99,279.017899,vertical,-0.011768685933132739,6
2022-05-24 09:30:00-04:00,TLT,1,1.0,1.0,8588,101.02,101.030102,94.9113028409446,-23.74500465605015,False,8593,100.79,100.779921,vertical,-0.0024763015680216993,6
2022-05-25 09:30:00-04:00,QQQ,1,1.0,1.0,8595,281.52,281.54815199999996,33.572604895546775,47.12082960114644,False,8600,282.98,282.951702,vertical,0.004985115299211973,6
2022-05-26 09:30:00-04:00,IWM,1,1.0,1.0,8602,172.06,172.077206,55.20443942917397,25.69976432297931,False,8607,172.56,172.542744,vertical,0.002705401899656623,6
2022-05-26 09:30:00-04:00,QQQ,1,1.0,1.0,8602,287.9,287.92879,32.99227456819616,90.46943578443361,False,8607,290.7,290.67093,vertical,0.009523674239036772,6
2022-05-26 10:30:00-04:00,TLT,1,1.0,1.0,8603,100.03,100.040003,95.58478011519485,60.21162495318497,False,8607,100.68,100.669932,vertical,0.006296771102655807,5
2022-05-27 09:30:00-04:00,IWM,1,1.0,1.0,8609,175.33,175.347533,55.18073938815603,105.10496154219652,False,8614,177.27,177.252273,vertical,0.010862656391065428,6
2022-05-27 09:30:00-04:00,QQQ,1,1.0,1.0,8609,297.56,297.589756,32.51390992379821,88.44466291381356,False,8614,300.34,300.309966,vertical,0.009140805236588667,6
2022-05-27 09:30:00-04:00,TLT,1,1.0,1.0,8609,101.28,101.290128,95.52566189697271,-37.27592825977497,False,8614,100.91,100.899909,vertical,-0.003852487973951435,6
2022-05-31 10:30:00-04:00,IWM,1,1.0,1.0,8617,174.61,174.627461,56.30317339965976,20.55279781146331,False,8621,175.01,174.99249899999998,vertical,0.002090381420594367,5
2022-05-31 13:30:00-04:00,QQQ,1,1.0,1.0,8620,301.61,301.64016100000003,32.758260368519984,-72.72681039371487,False,8621,299.45,299.420055,vertical,-0.00736011409303039,2
2022-06-01 10:30:00-04:00,QQQ,1,1.0,1.0,8624,297.44,297.469744,32.87697791693085,-10.502945119298143,False,8628,297.18,297.150282,vertical,-0.0010739310684315662,5
2022-06-02 10:30:00-04:00,QQQ,-1,1.0,1.0,8631,300.2,300.16998,32.546236833289505,-170.56044180658884,False,8635,305.38,305.410538,vertical,-0.01745863460429975,5
2022-06-03 09:30:00-04:00,QQQ,-1,1.0,1.0,8637,299.37,299.340063,32.066682692978475,64.46471041822359,False,8642,297.3,297.32973,vertical,0.006715883533437994,6
2022-06-03 10:30:00-04:00,IWM,1,1.0,1.0,8638,175.91,175.927591,55.06076388152756,45.410373917540625,False,8642,176.77,176.75232300000002,vertical,0.004687905946486826,5
2022-06-06 09:30:00-04:00,QQQ,1,1.0,1.0,8644,302.67,302.700267,32.0737011502304,-138.24114799091694,False,8649,298.42,298.39015800000004,vertical,-0.014238867519730136,6
2022-06-08 12:30:00-04:00,QQQ,-1,1.0,1.0,8661,298.99,298.960101,32.01255526021525,2.567919132753656,False,8663,298.85,298.879885,vertical,0.00026831674103566794,3
2022-06-15 09:30:00-04:00,QQQ,-1,1.0,1.0,8693,272.33,272.30276699999996,35.155884673749156,-210.60225844789395,False,8698,278.26546694417067,278.2932934908651,upper,-0.021999506493685983,6
2022-06-16 09:30:00-04:00,QQQ,-1,1.0,1.0,8700,265.56,265.53344400000003,35.25899515146157,59.13148566770661,False,8705,263.83,263.856383,vertical,0.006315818356952607,6
2022-06-16 09:30:00-04:00,TLT,-1,1.0,1.0,8700,92.6,92.59074,101.11640121406194,-136.39250239342272,False,8704,93.93021324325605,93.93960626458038,upper,-0.014568047134955187,5
2022-06-16 14:30:00-04:00,TLT,1,1.0,1.0,8705,94.09,94.09940900000001,98.71403502122287,73.1575636384372,False,8705,94.85,94.840515,vertical,0.007875777413224538,1
2022-06-17 10:30:00-04:00,QQQ,-1,1.0,1.0,8708,266.8,266.77332,35.07974096307537,-2.222687467160936,False,8712,266.81,266.836681,vertical,-0.00023750875837214025,5
2022-06-17 10:30:00-04:00,TLT,1,1.0,1.0,8708,95.47,95.479547,98.01406956255893,-23.432419638459407,False,8712,95.25,95.240475,vertical,-0.0025039079835600386,5
2022-06-21 09:30:00-04:00,QQQ,-1,1.0,1.0,8714,274.91,274.882509,33.95153765259758,41.59559054893108,False,8719,273.63,273.657363,vertical,0.004456980564012669,6
2022-06-21 09:30:00-04:00,TLT,1,1.0,1.0,8714,93.9,93.90939,99.37966644607098,-37.639452388450465,False,8719,93.54,93.530646,vertical,-0.004033079120203009,6
2022-06-24 09:30:00-04:00,QQQ,1,1.0,1.0,8735,284.72,284.74847200000005,32.789078469627306,74.85162969019001,False,8740,287.06,287.031294,vertical,0.008016977172751849,6
2022-06-27 10:30:00-04:00,SPY,1,1.0,1.0,8743,369.61,369.64696100000003,25.46075746637794,-55.85351826156821,False,8747,367.49,367.453251,vertical,-0.0059346085087927936,5
2022-06-28 10:30:00-04:00,QQQ,1,1.0,1.0,8750,280.33,280.358033,33.37032295394617,-151.3550374557295,False,8754,275.85,275.82241500000003,vertical,-0.01617794914405013,5
2022-06-29 09:30:00-04:00,TLT,1,1.0,1.0,8756,96.06,96.06960600000001,95.80848147214603,55.63866782835579,False,8761,96.66,96.650334,vertical,0.006044867093552897,6
2022-06-30 10:30:00-04:00,QQQ,-1,1.0,1.0,8764,273.62,273.592638,33.84565389627087,28.950455436293485,False,8768,272.71,272.73727099999996,vertical,0.0031264254997974694,5
2022-07-01 09:30:00-04:00,QQQ,-1,1.0,1.0,8770,270.67,270.642933,34.32150282583591,-135.0387079413121,False,8775,274.55,274.577455,vertical,-0.014537686081017798,6
2022-07-05 11:30:00-04:00,QQQ,1,1.0,1.0,8779,275.16,275.187516,33.263985281260744,135.86854413651554,False,8782,279.3,279.27207000000004,vertical,0.014842802680046008,4
2022-07-06 09:30:00-04:00,TLT,1,1.0,1.0,8784,98.51,98.519851,94.29269260615531,-84.82702636619378,False,8789,97.63,97.620237,vertical,-0.009131296798246313,6
2022-07-06 14:30:00-04:00,QQQ,1,1.0,1.0,8789,282.7,282.72827,32.607268300774464,-57.596467901170605,False,8789,280.99,280.961901,vertical,-0.006247585358195695,1
2022-07-07 09:30:00-04:00,IWM,1,1.0,1.0,8791,165.67,165.686567,55.20832918023981,37.364721147540315,False,8796,166.38,166.363362,vertical,0.004084791013866607,6
2022-07-07 09:30:00-04:00,QQQ,1,1.0,1.0,8791,284.62,284.648462,32.135352031797936,74.96653822780287,False,8796,287.01,286.981299,vertical,0.008195501860817966,6
2022-07-08 10:30:00-04:00,QQQ,1,1.0,1.0,8799,288.59,288.618859,32.08248353256501,-38.74290336137629,False,8803,287.44,287.411256,vertical,-0.004184075164679446,5
2022-07-08 10:30:00-04:00,SPY,1,1.0,1.0,8799,369.11,369.146911,25.0838067856816,-41.981814232536905,False,8803,367.51,367.473249,vertical,-0.004533864296645818,5
2022-07-08 11:30:00-04:00,IWM,1,1.0,1.0,8800,165.44,165.456544,55.079312141460356,47.19322146698358,False,8803,166.33,166.31336700000003,vertical,0.005178537997264199,4
2022-07-11 09:30:00-04:00,QQQ,-1,1.0,1.0,8805,281.82,281.791818,32.74076004196925,18.12846061295824,False,8810,281.21,281.238121,vertical,0.0019649151062292036,6
2022-07-12 09:30:00-04:00,QQQ,-1,1.0,1.0,8812,280.02,279.99199799999997,33.01596767612348,48.34026304105972,False,8817,278.5,278.52785,vertical,0.0052292494444786675,6
2022-07-13 12:30:00-04:00,QQQ,-1,1.0,1.0,8822,279.4,279.37206,33.26226330071192,46.70906543623776,False,8824,277.94,277.96779399999997,vertical,0.005026508377394712,3
2022-07-14 09:30:00-04:00,QQQ,-1,1.0,1.0,8826,273.29,273.262671,34.17684548658505,-154.06590851185615,False,8829,277.74279984326705,277.7705741232514,upper,-0.016496593211047683,4
2022-07-14 14:30:00-04:00,QQQ,-1,1.0,1.0,8831,279.6,279.57204,32.85446633185017,18.206006827598294,False,8831,278.99,279.017899,vertical,0.001982104505157345,1
2022-07-15 09:30:00-04:00,QQQ,1,1.0,1.0,8833,283.09,283.11830899999995,32.50724481522059,29.363339140162545,False,8838,284.05,284.021595,vertical,0.003190489527824969,6
2022-07-18 09:30:00-04:00,IWM,1,1.0,1.0,8840,166.41,166.426641,55.47645176275853,-152.96758570947952,False,8845,163.68566693123338,163.66929836454025,lower,-0.016567916163492957,6
2022-07-18 09:30:00-04:00,QQQ,1,1.0,1.0,8840,286.79,286.81867900000003,32.19023096286706,-146.26978974771725,False,8844,282.30299068237844,282.2747603833102,lower,-0.015842478016188877,5
2022-07-19 09:30:00-04:00,IWM,1,1.0,1.0,8847,167.69,167.706769,53.268703459532,81.83697546839473,False,8852,169.26,169.24307399999998,vertical,0.009160661845437845,6
2022-07-19 09:30:00-04:00,QQQ,1,1.0,1.0,8847,285.84,285.868584,31.2504508925585,144.45894475889585,False,8852,290.5202555600887,290.4912035345327,upper,0.016170435624128343,6
2022-07-20 09:30:00-04:00,IWM,1,1.0,1.0,8854,170.85,170.867085,53.607855873730884,56.59493921087134,False,8859,171.94,171.922806,vertical,0.006178609531496404,6
2022-07-20 09:30:00-04:00,QQQ,1,1.0,1.0,8854,293.09,293.119309,31.249452987228914,53.78668347943036,False,8859,294.87,294.840513,vertical,0.005872025305572848,6
2022-07-21 10:30:00-04:00,QQQ,1,1.0,1.0,8862,295.88,295.909588,31.327811145257062,101.2043372656978,False,8866,299.17,299.140083,vertical,0.010917169064491583,5
2022-07-21 11:30:00-04:00,IWM,1,1.0,1.0,8863,171.59,171.607159,54.43801609416339,66.71683725229914,False,8866,172.85,172.832715,vertical,0.0071416367891739,4
2022-07-22 10:30:00-04:00,QQQ,1,1.0,1.0,8869,295.39,295.419539,31.94819440650749,-50.12438480561774,False,8873,293.88,293.850612,vertical,-0.0053108437082760585,5
2022-07-22 11:30:00-04:00,IWM,-1,1.0,1.0,8870,170.68,170.662932,55.03883313956698,30.597353235447883,False,8873,170.09,170.107009,vertical,0.00325743260991207,4
2022-07-25 10:30:00-04:00,IWM,-1,1.0,1.0,8876,170.9,170.88291,55.11723689561847,-3.53758961567069,False,8880,170.93,170.947093,vertical,-0.0003755963659559658,5
2022-07-27 09:30:00-04:00,QQQ,-1,1.0,1.0,8889,293.58,293.550642,32.07302214745958,-158.62181152727283,False,8893,298.4664412883932,298.496287932522,upper,-0.016847675409008334,5
2022-07-27 14:30:00-04:00,QQQ,1,1.0,1.0,8894,300.16,300.190016,30.83525079907956,-53.34082112355032,False,8894,298.49,298.460151,vertical,-0.0057625667337317665,1
2022-07-28 09:30:00-04:00,IWM,1,1.0,1.0,8896,172.49,172.507249,53.34902540597673,131.4026182599903,False,8897,174.98782217317458,174.97032339095728,upper,0.014278092110536544,2
2022-07-28 09:30:00-04:00,QQQ,1,1.0,1.0,8896,295.2,295.22952,31.172674093079024,160.1898353447096,False,8897,300.3983501379052,300.3683103028914,upper,0.01740608562074497,2
2022-07-29 09:30:00-04:00,IWM,1,1.0,1.0,8903,176.88,176.897688,53.6733191403884,22.78851049398918,False,8908,177.34,177.322266,vertical,0.00240013312101639,6
2022-07-29 09:30:00-04:00,QQQ,1,1.0,1.0,8903,305.68,305.710568,31.057762004553453,38.161759196665884,False,8908,306.97,306.93930300000005,vertical,0.0040192755129093705,6
2022-08-01 11:30:00-04:00,IWM,1,1.0,1.0,8912,177.73,177.747773,53.7595277377203,-25.02522144049115,False,8915,177.3,177.28227,vertical,-0.0026188963841475843,4
2022-08-01 12:30:00-04:00,QQQ,1,1.0,1.0,8913,306.21,306.240621,31.159537693875535,15.539323767012272,False,8915,306.77,306.739323,vertical,0.001628464566103549,3
2022-08-02 11:30:00-04:00,IWM,1,1.0,1.0,8919,178.65,178.667865,53.429588108852315,-82.57964935969356,False,8922,177.14,177.12228599999997,vertical,-0.008650570711191019,4
2022-08-02 11:30:00-04:00,QQQ,1,1.0,1.0,8919,309.47,309.500947,30.84368732234616,-113.55202187521007,False,8922,305.85,305.81941500000005,vertical,-0.011895058918834134,4
2022-08-03 09:30:00-04:00,IWM,1,1.0,1.0,8924,178.62,178.637862,52.34063293929887,56.22247598124015,False,8929,179.73,179.71202699999998,vertical,0.006013086968091663,6
2022-08-03 09:30:00-04:00,QQQ,1,1.0,1.0,8924,310.77,310.80107699999996,30.08361120963274,99.80262085684726,False,8929,314.15,314.118585,vertical,0.010674055675811145,6
2022-08-05 10:30:00-04:00,QQQ,1,1.0,1.0,8939,309.96,309.990996,30.665548301413295,95.91229810129829,False,8943,313.15,313.11868499999997,vertical,0.01008961240925843,5
2022-08-08 09:30:00-04:00,QQQ,1,1.0,1.0,8945,316.24,316.27162400000003,30.359840815003096,-142.39525226659498,False,8946,311.6125349608718,311.58137370737575,lower,-0.014829816957035225,2
2022-08-08 11:30:00-04:00,QQQ,-1,1.0,1.0,8947,311.84,311.808816,30.337695476435535,-9.17387641051022,False,8950,312.08,312.111208,vertical,-0.0009697993914321579,4
2022-08-10 09:30:00-04:00,QQQ,1,1.0,1.0,8959,314.46,314.491446,30.04974268923489,79.23630341319709,False,8964,317.16,317.128284,vertical,0.008384450621909734,6
2022-08-11 09:30:00-04:00,QQQ,1,1.0,1.0,8966,320.26,320.29202599999996,29.75292095994487,-144.03956507281762,False,8970,315.4823835106664,315.4508352723154,lower,-0.015114927424651481,5
2022-08-12 10:30:00-04:00,QQQ,1,1.0,1.0,8974,318.97,319.00189700000004,29.42171772917635,76.96538943302362,False,8978,321.65,321.61783499999996,vertical,0.00820038383658872,5
2022-08-15 14:30:00-04:00,QQQ,1,1.0,1.0,8985,324.49,324.522449,29.158380836817898,-11.80517869911837,False,8985,324.15,324.11758499999996,vertical,-0.0012475685464830022,1
2022-08-16 09:30:00-04:00,QQQ,1,1.0,1.0,8987,321.31,321.342131,29.410223769692045,119.0228293008321,False,8990,325.42166139148844,325.3891192253493,upper,0.012594016890207671,4
2022-08-16 13:30:00-04:00,QQQ,1,1.0,1.0,8991,324.73,324.762473,29.466972339013218,-41.69019660193122,False,8992,323.38,323.347662,vertical,-0.004356448535850377,2
2022-08-24 10:30:00-04:00,QQQ,-1,1.0,1.0,9030,307.83,307.799217,30.95549334044796,37.7211878759218,False,9034,306.55,306.58065500000004,vertical,0.003958950941710726,5
2022-08-25 09:30:00-04:00,QQQ,1,1.0,1.0,9036,310.42,310.45104200000003,30.812580747963853,43.99318597677863,False,9041,311.91,311.87880900000005,vertical,0.0045990085612275244,6
2022-08-26 09:30:00-04:00,QQQ,1,1.0,1.0,9043,307.83,307.86078299999997,31.214729243027026,-129.92247492443985,False,9043,303.7289389509606,303.6985660570655,lower,-0.01351980236772965,1
2022-08-26 10:30:00-04:00,QQQ,-1,1.0,1.0,9044,304.03,303.999597,31.183819335677793,130.9802118820307,False,9048,299.7693580477919,299.7993349835967,lower,0.013816669685924987,5
2022-08-31 09:30:00-04:00,QQQ,-1,1.0,1.0,9064,293.65,293.620635,32.7321978676631,77.6248327617351,False,9069,291.22,291.249122,vertical,0.008076792695445256,6
2022-09-01 09:30:00-04:00,QQQ,-1,1.0,1.0,9071,288.59,288.56114099999996,33.57511521487442,113.10900534850678,False,9073,285.16379015460575,285.1923065336212,lower,0.01167459504320012,3
2022-09-02 09:30:00-04:00,QQQ,1,1.0,1.0,9078,294.3,294.32943,33.301401633398086,-131.11386977607737,False,9080,290.42128440224604,290.39224227380583,lower,-0.013376806139277941,3
2022-09-02 12:30:00-04:00,QQQ,-1,1.0,1.0,9081,287.98,287.951202,33.58370662812184,21.912528982185076,False,9083,287.27,287.298727,vertical,0.0022659221266249086,3
2022-09-06 09:30:00-04:00,QQQ,-1,1.0,1.0,9085,284.49,284.461551,34.0727285852605,-25.45120385314766,False,9090,285.18,285.208518,vertical,-0.0026258979372577596,6
2022-09-07 10:30:00-04:00,QQQ,-1,1.0,1.0,9093,287.69,287.661231,33.60525845873227,-130.02268097734336,False,9096,291.5011980047416,291.53034812454206,upper,-0.013450255743854722,4
2022-09-08 10:30:00-04:00,QQQ,1,1.0,1.0,9100,293.26,293.28932599999996,32.51706247002915,-127.7450226065512,False,9100,289.38971137794977,289.360772406812,lower,-0.01339480589616815,1
2022-09-08 11:30:00-04:00,QQQ,1,1.0,1.0,9101,288.95,288.97889499999997,32.56003284505671,111.41593911125251,False,9104,292.43,292.400757,vertical,0.011841217677851734,4
2022-09-09 09:30:00-04:00,QQQ,1,1.0,1.0,9106,297.23,297.259723,32.0278110863995,48.05446369841223,False,9111,298.79,298.760121,vertical,0.005047431198743402,6
2022-09-12 09:30:00-04:00,QQQ,1,1.0,1.0,9113,302.34,302.370234,31.645418892449108,0.30142261495226436,False,9118,302.41,302.37975900000004,vertical,3.15011166081014e-05,6
2022-09-12 13:30:00-04:00,GLD,1,1.0,1.0,9117,160.68,160.696068,59.316427235759086,-6.057927397160294,False,9118,160.61,160.593939,vertical,-0.0006355413749139505,2
2022-09-13 09:30:00-04:00,QQQ,1,1.0,1.0,9120,291.77,291.799177,32.772115086382335,-194.85229506460354,False,9125,285.88209174406535,285.85350353489093,lower,-0.02037590895984276,6
2022-09-15 10:30:00-04:00,QQQ,-1,1.0,1.0,9135,284.22,284.19157800000005,32.96376332338407,31.75260873135804,False,9139,283.2,283.22832,vertical,0.0033894670868819254,5
2022-09-19 14:30:00-04:00,QQQ,-1,1.0,1.0,9153,283.9,283.87161,33.11277420247274,-14.795416656376714,False,9153,284.29,284.31842900000004,vertical,-0.0015740179160574908,1
2022-09-20 12:30:00-04:00,QQQ,1,1.0,1.0,9158,280.94,280.968094,33.40230192744243,31.52215315655072,False,9160,281.94,281.911806,vertical,0.0033587870656943686,3
2022-09-21 09:30:00-04:00,QQQ,1,1.0,1.0,9162,283.7,283.72837,33.1884445003599,-145.69389635710635,False,9165,279.36640833283855,279.33847169200527,lower,-0.015472186683322176,4
2022-09-21 13:30:00-04:00,QQQ,-1,1.0,1.0,9166,280.18,280.15198200000003,33.0920713049443,-142.38734244403898,False,9166,284.4263024434822,284.45474507372654,upper,-0.01535867439883587,1
2022-09-26 09:30:00-04:00,QQQ,-1,1.0,1.0,9183,272.55,272.522745,33.49600057096678,142.45308627807535,False,9184,268.2430820289763,268.2699063371792,lower,0.015605444832947124,2
2022-09-27 09:30:00-04:00,QQQ,-1,1.0,1.0,9190,270.48,270.45295200000004,34.27906791122586,146.25211831742942,False,9191,266.15982215876716,266.18643814098306,lower,0.01577543830624184,2
2022-09-27 11:30:00-04:00,QQQ,-1,1.0,1.0,9192,266.81,266.783319,35.29878577872006,-47.77662416121197,False,9195,268.11,268.136811,vertical,-0.005073375670838098,4
2022-09-28 09:30:00-04:00,QQQ,1,1.0,1.0,9197,269.85,269.87698500000005,34.71711603179398,141.17941932380117,False,9202,273.9709473933808,273.94355029864147,upper,0.01506821820557036,6
2022-09-29 09:30:00-04:00,QQQ,-1,1.0,1.0,9204,265.1,265.07349000000005,35.87884258768965,-22.71410590772777,False,9209,265.68,265.706568,vertical,-0.0023883112566251974,6
2022-09-30 09:30:00-04:00,QQQ,-1,1.0,1.0,9211,266.45,266.423355,35.61180256127245,163.53199903003102,False,9216,261.8051014334967,261.83128194364,lower,0.017236000411300245,6
2022-10-03 09:30:00-04:00,QQQ,-1,1.0,1.0,9218,265.18,265.153482,36.39909927715688,-73.27983143594763,False,9223,267.14,267.16671399999996,vertical,-0.007592704364334679,6
2022-10-04 09:30:00-04:00,QQQ,1,1.0,1.0,9225,275.02,275.04750199999995,34.82332329477359,17.23549045483992,False,9230,275.57,275.542443,vertical,0.001799474623114472,6
2022-10-04 10:30:00-04:00,GLD,1,1.0,1.0,9226,160.7599,160.77597598999998,59.743485960830576,-6.693898543558112,False,9230,160.68,160.66393200000002,vertical,-0.0006968951008384794,5
2022-10-05 09:30:00-04:00,GLD,1,1.0,1.0,9232,158.62,158.635862,60.44414897482112,71.21257633543061,False,9237,159.83,159.814017,vertical,0.007426788527804762,6
2022-10-05 09:30:00-04:00,QQQ,1,1.0,1.0,9232,269.5,269.52695,35.57569911089472,201.90027867121742,False,9236,275.2297030772935,275.2021801069858,upper,0.021056262117705726,5
2022-10-11 14:30:00-04:00,QQQ,-1,1.0,1.0,9265,256.01,255.984399,38.524701384180105,-30.09838607392507,False,9265,256.74,256.765674,vertical,-0.003052041464448818,1
2022-10-13 10:30:00-04:00,QQQ,-1,1.0,1.0,9275,258.69,258.664131,38.009228826589364,-145.65577393403592,False,9279,262.47,262.49624700000004,vertical,-0.01481502667256196,5
2022-10-14 09:30:00-04:00,QQQ,1,1.0,1.0,9281,258.62,258.645862,37.44876602926611,-154.3382360654371,False,9286,254.55,254.52454500000002,vertical,-0.015934208141323403,6
2022-10-17 09:30:00-04:00,QQQ,1,1.0,1.0,9288,262.64,262.66626399999996,36.28798761309681,18.050261934545276,False,9293,263.19,263.163681,vertical,0.0018937224462143298,6
2022-10-17 14:30:00-04:00,GLD,-1,1.0,1.0,9293,153.61,153.59463900000003,62.218587836968986,7.422241998837246,False,9293,153.46,153.475346,vertical,0.000776674243168296,1
2022-10-18 09:30:00-04:00,QQQ,1,1.0,1.0,9295,266.67,266.696667,35.835103399862874,-49.9254660566882,False,9300,265.33,265.303467,vertical,-0.005223912303335854,6
2022-10-19 12:30:00-04:00,QQQ,1,1.0,1.0,9305,262.67,262.69626700000003,36.190758554963054,55.63630646185247,False,9307,264.26,264.233574,vertical,0.005852032149356479,3
2022-10-20 09:30:00-04:00,QQQ,1,1.0,1.0,9309,268.03,268.05680299999995,35.67457856590554,-200.7711590379219,False,9312,262.4551990228993,262.42895350299705,lower,-0.020994988502503698,4
2022-10-21 12:30:00-04:00,QQQ,1,1.0,1.0,9319,266.4,266.42663999999996,35.13928757165965,90.53486343901568,False,9321,269.03,269.00309699999997,vertical,0.009670418093325805,3
2022-10-24 11:30:00-04:00,QQQ,1,1.0,1.0,9325,270.85,270.877085,34.8961861545064,39.283055508360476,False,9328,272.03,272.002797,vertical,0.004155803729207985,4
2022-10-25 09:30:00-04:00,QQQ,1,1.0,1.0,9330,276.07,276.097607,34.37864000993828,51.03962907523583,False,9335,277.61,277.582239,vertical,0.00537719981035556,6
2022-10-26 09:30:00-04:00,QQQ,1,1.0,1.0,9337,274.4,274.42744,34.77385449404641,-105.87181668933613,False,9342,271.41,271.38285900000005,vertical,-0.011094302377342213,6
2022-10-28 09:30:00-04:00,QQQ,-1,1.0,1.0,9351,269.84,269.813016,34.9761779136864,-163.59173488354187,False,9355,274.4628027578009,274.4902490380767,upper,-0.017335090454185798,5
2022-10-31 09:30:00-04:00,QQQ,-1,1.0,1.0,9358,270.21,270.182979,34.32279986875404,-43.38961365048359,False,9363,271.42,271.447142,vertical,-0.004678914284974356,6
2022-11-01 11:30:00-04:00,QQQ,-1,1.0,1.0,9367,268.94,268.913106,34.323528666208965,9.481703176397485,False,9370,268.61,268.636861,vertical,0.0010272649188024507,4
2022-11-02 13:30:00-04:00,QQQ,-1,1.0,1.0,9376,271.13,271.102887,34.081261575376324,146.7126542068071,False,9376,266.77142043922146,266.7980975812654,lower,0.015878803307375455,1
2022-11-02 14:30:00-04:00,QQQ,-1,1.0,1.0,9377,261.36,261.333864,35.91666581677106,66.73025583763084,False,9377,259.45,259.47594499999997,vertical,0.007109369492198869,1
2022-11-04 09:30:00-04:00,QQQ,-1,1.0,1.0,9386,259.18,259.154082,36.47625861332613,200.90691898449742,False,9387,253.62083817002448,253.64620025384147,lower,0.021253308856460706,2
2022-11-04 11:30:00-04:00,QQQ,-1,1.0,1.0,9388,255.77,255.744423,37.74814762907117,-104.61619779104586,False,9391,258.49,258.515849,vertical,-0.010836701608151866,4
2022-11-07 14:30:00-05:00,QQQ,1,1.0,1.0,9398,261.54,261.56615400000004,36.508018682434646,-9.940622374967775,False,9398,261.32,261.293868,vertical,-0.001040983307037724,1
2022-11-08 10:30:00-05:00,QQQ,1,1.0,1.0,9401,265.44,265.466544,35.9341756245925,-185.46319979753758,False,9403,260.331384580847,260.3053514423889,lower,-0.019441969898892908,3
2022-11-08 13:30:00-05:00,QQQ,1,1.0,1.0,9404,259.7,259.72596999999996,36.01433547346873,125.60741391683189,False,9405,263.24,263.213676,vertical,0.013428406870518383,2
2022-11-09 10:30:00-05:00,TLT,1,1.0,1.0,9408,81.45,81.458145,116.37222562174605,-95.38794786567128,False,9409,80.64652997981104,80.63846532681305,lower,-0.010062587027816039,2
2022-11-09 11:30:00-05:00,QQQ,1,1.0,1.0,9409,260.08,260.106008,36.382817376369054,-109.93865053970313,False,9412,257.11,257.084289,vertical,-0.011617259529045465,4
2022-11-10 09:30:00-05:00,QQQ,1,1.0,1.0,9414,271.17,271.197117,34.19704137291228,165.0102314018043,False,9419,276.05,276.022395,vertical,0.017792512152701168,6
2022-11-11 09:30:00-05:00,GLD,1,1.0,1.0,9421,164.17,164.18641699999998,57.49043942937946,19.381694354387523,False,9426,164.54,164.52354599999998,vertical,0.0020533306357493064,6
2022-11-11 12:30:00-05:00,QQQ,1,1.0,1.0,9424,280.58,280.60805799999997,33.681832999700696,20.337697038214845,False,9426,281.24,281.211876,vertical,0.0021518198882231054,3
2022-11-15 09:30:00-05:00,QQQ,1,1.0,1.0,9435,285.83,285.85858299999995,33.15929349953414,-107.33159284537848,False,9440,282.65,282.621735,vertical,-0.011323249300511429,6
2022-11-17 09:30:00-05:00,GLD,-1,1.0,1.0,9449,164.03,164.013597,57.13878136708727,2.697064758090799,False,9454,163.95,163.96639499999998,vertical,0.00028779321265681723,6
2022-11-18 11:30:00-05:00,GLD,-1,1.0,1.0,9458,163.055,163.03869450000002,57.4969896178275,14.51324637685838,False,9461,162.77,162.786277,vertical,0.0015482060916527374,4
2022-11-21 11:30:00-05:00,QQQ,-1,1.0,1.0,9465,274.64,274.612536,34.18907056503608,-22.393430951251958,False,9468,275.24,275.267524,vertical,-0.0023851351054127168,4
2022-11-22 09:30:00-05:00,TLT,1,1.0,1.0,9470,86.68,86.688668,108.04588600203498,41.340949085641846,False,9475,87.08,87.071292,vertical,0.004413771820787282,6
2022-11-22 12:30:00-05:00,QQQ,-1,1.0,1.0,9473,277.75,277.722225,33.866192655186836,-52.00824432818596,False,9475,279.23,279.257923,vertical,-0.005529618668437486,3
2022-11-23 09:30:00-05:00,QQQ,1,1.0,1.0,9477,281.89,281.918189,33.18582131340846,5.429200366874648,False,9482,282.11,282.081789,vertical,0.0005803101977219782,6
2022-11-28 09:30:00-05:00,QQQ,1,1.0,1.0,9488,278.13,278.157813,33.65397413992678,-72.87482041220942,False,9493,276.02,275.992398,vertical,-0.007784843347182879,6
2022-11-29 10:30:00-05:00,QQQ,-1,1.0,1.0,9496,273.21,273.182679,34.00010959372859,-28.04053638403079,False,9500,273.98,274.007398,vertical,-0.003018928590271308,5
2022-11-29 14:30:00-05:00,GLD,-1,1.0,1.0,9500,162.78,162.763722,56.94101813207334,0.4240967030466776,False,9500,162.74,162.75627400000002,vertical,4.575958271579861e-05,1
2022-11-30 13:30:00-05:00,QQQ,1,1.0,1.0,9506,283.27,283.298327,32.68859609406516,105.68278687824686,False,9507,286.56,286.531344,vertical,0.011412058215225507,2
2022-12-01 10:30:00-05:00,TLT,1,1.0,1.0,9510,89.38,89.388938,104.78150408617275,88.03384674085542,False,9512,90.23812771331477,90.22910390054344,upper,0.00939899185896409,3
2022-12-02 09:30:00-05:00,GLD,1,1.0,1.0,9516,165.84,165.856584,57.003110705852336,80.18559179259415,False,9521,167.28,167.263272,vertical,0.00848135157540697,6
2022-12-02 09:30:00-05:00,QQQ,1,1.0,1.0,9516,283.28,283.30832799999996,33.37120827258738,81.19531999199224,False,9521,285.77,285.741423,vertical,0.008588152057429133,6
2022-12-05 09:30:00-05:00,GLD,1,1.0,1.0,9523,165.15,165.166515,58.21835092198369,-45.58234894612098,False,9528,164.4,164.38356000000002,vertical,-0.004740397894815396,6
2022-12-08 09:30:00-05:00,QQQ,-1,1.0,1.0,9544,277.31,277.282269,34.51407050439624,0.15683193637231727,False,9549,277.25,277.277725,vertical,1.6387632777226102e-05,6
2022-12-12 09:30:00-05:00,GLD,-1,1.0,1.0,9558,166.31,166.293369,57.550680892281,34.92186826679882,False,9563,165.67,165.686567,vertical,0.0036489849453950063,6
2022-12-12 14:30:00-05:00,QQQ,1,1.0,1.0,9563,278.13,278.157813,34.533936211290296,26.048706346623423,False,9563,278.94,278.912106,vertical,0.002711744789279047,1
2022-12-13 09:30:00-05:00,QQQ,1,1.0,1.0,9565,285.62,285.648562,33.717191226170975,-149.8610065907486,False,9566,281.2320383889397,281.2039151851008,lower,-0.01555984312954184,2
2022-12-13 11:30:00-05:00,QQQ,1,1.0,1.0,9567,280.23,280.25802300000004,33.83098931602756,56.96394319054133,False,9570,281.97,281.94180300000005,vertical,0.0060079635971741485,4
2022-12-14 09:30:00-05:00,QQQ,1,1.0,1.0,9572,283.71,283.738371,33.616779046900746,-152.8360580209896,False,9575,279.21987115985644,279.19194917274046,lower,-0.016023288676946357,4
2022-12-14 10:30:00-05:00,TLT,1,1.0,1.0,9573,92.49,92.49924899999999,103.23160665090543,61.05540466921849,False,9577,93.1,93.09069,vertical,0.006394008669194706,5
2022-12-14 13:30:00-05:00,QQQ,1,1.0,1.0,9576,280.04,280.06800400000003,33.449241209358206,-12.576111912928996,False,9577,279.72,279.69202800000005,vertical,-0.0013424453869425035,2
2022-12-15 09:30:00-05:00,TLT,1,1.0,1.0,9579,93.42,93.429342,100.97484535179373,-1.8866140105536686,False,9584,93.42,93.410658,vertical,-0.00019998000199983323,6
2022-12-16 12:30:00-05:00,TLT,1,1.0,1.0,9589,92.96,92.96929599999999,101.45421285925728,-62.752677188260876,False,9591,92.36,92.350764,vertical,-0.006653078237787158,3
2022-12-20 10:30:00-05:00,QQQ,-1,1.0,1.0,9601,262.46,262.43375399999996,35.701863520845095,-53.2898867583003,False,9605,263.9,263.92638999999997,vertical,-0.005687667753287551,5
2022-12-21 09:30:00-05:00,QQQ,-1,1.0,1.0,9607,266.7,266.67332999999996,34.93444275740936,-38.19885682643389,False,9612,267.74,267.766774,vertical,-0.004100312543440454,6
2022-12-22 09:30:00-05:00,QQQ,-1,1.0,1.0,9614,260.56,260.533944,35.61104239448469,-24.64910888044344,False,9619,261.2,261.22612,vertical,-0.0026567593818023205,6
2022-12-28 10:30:00-05:00,QQQ,-1,1.0,1.0,9636,255.92,255.894408,36.16036899136091,47.69382716226221,False,9640,254.55,254.575455,vertical,0.005154286138210562,5
2022-12-29 09:30:00-05:00,QQQ,-1,1.0,1.0,9642,259.94,259.91400600000003,35.784643491925245,-36.2170651238802,False,9647,260.9,260.92609,vertical,-0.003893918667853491,6
2022-12-29 10:30:00-05:00,TLT,-1,1.0,1.0,9643,86.53,86.521347,107.1859996296184,-30.79807483157603,False,9647,86.8,86.80868,vertical,-0.0033209492219299364,5
2022-12-30 09:30:00-05:00,QQQ,-1,1.0,1.0,9649,258.39,258.36416099999997,35.73992177387429,-85.12931281233281,False,9654,260.72,260.746072,vertical,-0.009219200491201507,6
2022-12-30 13:30:00-05:00,GLD,1,1.0,1.0,9653,169.53,169.546953,54.56434701942784,4.697008120126641,False,9654,169.65,169.633035,vertical,0.0005077177647656583,2
2023-01-03 10:30:00-05:00,QQQ,1,1.0,1.0,9657,258.24,258.265824,35.44209782328946,21.204546380401343,False,9661,258.89,258.864111,vertical,0.002316555054531655,5
2023-01-03 12:30:00-05:00,GLD,1,1.0,1.0,9659,171.23,171.247123,53.37617863878712,-12.502088817847392,False,9661,171.03,171.012897,vertical,-0.001367766044162888,3
2023-01-04 10:30:00-05:00,QQQ,-1,1.0,1.0,9664,260.08,260.053992,35.23185699138589,-5.003804489203218,False,9668,260.17,260.19601700000004,vertical,-0.0005461365884360525,5
2023-01-05 09:30:00-05:00,GLD,1,1.0,1.0,9670,170.14,170.15701399999998,53.816066916253064,19.154914145703863,False,9675,170.53,170.512947,vertical,0.0020917915261491338,6
2023-01-05 09:30:00-05:00,QQQ,-1,1.0,1.0,9670,257.38,257.354262,35.58200738752019,44.073760196576046,False,9675,256.09,256.11560899999995,vertical,0.004813026955038602,6
2023-01-05 11:30:00-05:00,TLT,1,1.0,1.0,9672,89.0,89.0089,103.29274182661585,2.292685697584402,False,9675,89.04,89.031096,vertical,0.00024936832159494493,4
2023-01-06 09:30:00-05:00,TLT,1,1.0,1.0,9677,89.7,89.70897000000001,102.80691676354851,100.95227998513418,False,9682,90.7,90.69093000000001,vertical,0.010946062584376914,6
2023-01-06 10:30:00-05:00,QQQ,1,1.0,1.0,9678,260.05,260.076005,35.75449269632915,124.06102350672249,False,9681,263.5721645867622,263.5458073703035,upper,0.013341493654147385,4
2023-01-06 12:30:00-05:00,DIA,1,1.0,1.0,9680,314.52,314.551452,29.688706686074283,34.05220435126167,False,9682,315.73,315.69842700000004,vertical,0.0036463827863686404,3
2023-01-09 09:30:00-05:00,GLD,1,1.0,1.0,9684,174.46,174.47744600000001,54.34380395261397,-21.457977053513574,False,9689,174.1,174.08259,vertical,-0.0022630776014453957,6
2023-01-09 09:30:00-05:00,QQQ,1,1.0,1.0,9684,267.54,267.566754,35.43701890398832,-97.21221230115658,False,9689,264.85,264.82351500000004,vertical,-0.010252540567876278,6
2023-01-09 09:30:00-05:00,TLT,1,1.0,1.0,9684,90.07,90.07900699999999,105.26057552540286,112.65871570702647,False,9687,91.15840689665929,91.14929105596963,upper,0.011881614724834177,4
2023-01-10 09:30:00-05:00,TLT,1,1.0,1.0,9691,90.01,90.019001,105.26396139331904,-37.68112973204359,False,9696,89.67,89.661033,vertical,-0.00397658267725054,6
2023-01-11 09:30:00-05:00,QQQ,1,1.0,1.0,9698,269.65,269.676965,34.997707409667356,71.25046760475318,False,9703,271.74,271.712826,vertical,0.007549258053983321,6
2023-01-12 11:30:00-05:00,QQQ,1,1.0,1.0,9707,273.38,273.407338,34.78080015468297,-9.552685885682257,False,9710,273.16,273.13268400000004,vertical,-0.001004559723996712,4
2023-01-12 11:30:00-05:00,TLT,1,1.0,1.0,9707,91.67,91.679167,103.7239570883302,106.85839383657463,False,9709,92.71865788978529,92.70938602399632,upper,0.011237220599924491,3
2023-01-12 13:30:00-05:00,GLD,1,1.0,1.0,9709,176.41,176.427641,54.32146253818238,10.032956844952263,False,9710,176.63,176.612337,vertical,0.001046865439866096,2
2023-01-13 11:30:00-05:00,TLT,1,1.0,1.0,9714,92.21,92.21922099999999,104.28048018967439,-18.606348958321544,False,9717,92.05,92.040795,vertical,-0.0019348027240436716,4
2023-01-13 13:30:00-05:00,QQQ,1,1.0,1.0,9716,274.12,274.147412,34.97603746644364,29.907484996993055,False,9717,275.03,275.00249699999995,vertical,0.0031190701154601985,2
2023-01-17 09:30:00-05:00,GLD,1,1.0,1.0,9719,177.745,177.7627745,54.161878445683094,-9.778087644253343,False,9724,177.6,177.58223999999998,vertical,-0.0010155922718230181,6
2023-01-17 09:30:00-05:00,QQQ,1,1.0,1.0,9719,276.26,276.287626,34.8476184910155,-27.36161823915803,False,9724,275.53,275.50244699999996,vertical,-0.002841889849963919,6
2023-01-17 09:30:00-05:00,TLT,1,1.0,1.0,9719,91.59,91.599159,105.1097618116382,-12.435325700411184,False,9724,91.49,91.480851,vertical,-0.0012915839107212612,6
2023-01-18 09:30:00-05:00,QQQ,1,1.0,1.0,9726,277.73,277.75777300000004,34.484690201820385,-104.81713326415101,False,9726,274.74572096911135,274.7182463970144,lower,-0.010943083861007286,1
2023-01-18 09:30:00-05:00,TLT,1,1.0,1.0,9726,93.65,93.65936500000001,102.26837170049734,-129.97767252339133,False,9727,92.3976578409221,92.388418075138,lower,-0.013569886202645098,2
2023-01-18 10:30:00-05:00,GLD,1,1.0,1.0,9727,177.6,177.61776,52.807510117456566,-29.860904323588464,False,9731,177.07,177.052293,vertical,-0.003183617449065923,5
2023-01-18 10:30:00-05:00,QQQ,1,1.0,1.0,9727,274.05,274.077405,34.22227256654,-71.33998894811744,False,9731,272.02,271.992798,vertical,-0.0076059060760590436,5
2023-01-20 09:30:00-05:00,QQQ,-1,1.0,1.0,9740,272.42,272.392758,33.93039933166396,-115.32134794808559,False,9744,275.76394348937777,275.7915198837267,upper,-0.012477431150084817,5
2023-01-20 09:30:00-05:00,TLT,1,1.0,1.0,9740,92.3,92.30923,100.12427851465455,-73.93056576387879,False,9745,91.58,91.570842,vertical,-0.0079990700821575,6
2023-01-23 09:30:00-05:00,QQQ,1,1.0,1.0,9747,281.01,281.038101,32.2132234315138,59.710656445218355,False,9752,282.92,282.891708,vertical,0.006595571893648788,6
2023-01-24 10:30:00-05:00,TLT,-1,1.0,1.0,9755,92.29,92.280771,98.75138339195887,-17.6245543994959,False,9759,92.45,92.459245,vertical,-0.0019340323890444377,5
2023-01-25 09:30:00-05:00,TLT,1,1.0,1.0,9761,92.8,92.80928,97.99913588734945,-14.557477638657467,False,9766,92.67,92.66073300000001,vertical,-0.00160056192656588,6
2023-01-26 09:30:00-05:00,QQQ,1,1.0,1.0,9768,285.23,285.258523,31.833130415137173,61.207342504485446,False,9773,287.21,287.18127899999996,vertical,0.006740398077430765,6
2023-01-26 10:30:00-05:00,TLT,1,1.0,1.0,9769,91.92,91.929192,98.14233787955168,29.59815882706585,False,9773,92.24,92.23077599999999,vertical,0.003280611886592011,5
2023-01-27 11:30:00-05:00,QQQ,1,1.0,1.0,9777,289.69,289.718969,31.656461079080945,7.028810679232906,False,9780,289.97,289.941003,vertical,0.0007663771577206546,4
2023-01-30 09:30:00-05:00,QQQ,1,1.0,1.0,9782,286.02,286.04860199999996,32.087225780950305,-65.68271160973276,False,9787,284.03,284.001597,vertical,-0.007156144045758928,6
2023-02-01 11:30:00-05:00,TLT,1,1.0,1.0,9798,92.81,92.819281,98.17812923038544,81.63689087648831,False,9800,93.66016511037203,93.650799093861,upper,0.008958462992845195,3
2023-02-01 14:30:00-05:00,DIA,1,1.0,1.0,9801,320.98,321.01209800000004,28.642098890509565,-19.308641335554675,False,9801,320.37,320.337963,vertical,-0.0021000298873472545,1
2023-02-01 14:30:00-05:00,QQQ,1,1.0,1.0,9801,295.05,295.079505,31.15926419886718,-11.497114144832802,False,9801,294.74,294.710526,vertical,-0.0012504392672069153,1
2023-02-01 14:30:00-05:00,TLT,1,1.0,1.0,9801,93.63,93.63936299999999,98.19011963981376,-12.638541249437202,False,9801,93.52,93.510648,vertical,-0.0013745821829221905,1
2023-02-02 09:30:00-05:00,QQQ,1,1.0,1.0,9803,302.32,302.350232,30.266277286124673,85.32814170635118,False,9808,305.2,305.16947999999996,vertical,0.009324444639420504,6
2023-02-02 10:30:00-05:00,TLT,1,1.0,1.0,9804,94.2,94.20942000000001,97.69697045911664,-55.56857134258919,False,9808,93.65,93.640635,vertical,-0.006037453579482821,5
2023-02-03 09:30:00-05:00,TLT,1,1.0,1.0,9810,91.85,91.859185,99.94401245340775,38.13763571209614,False,9815,92.25,92.240775,vertical,0.004154075610403041,6
2023-02-03 12:30:00-05:00,QQQ,1,1.0,1.0,9813,301.37,301.40013700000003,30.6165443774272,-51.74535843427791,False,9815,299.74,299.710026,vertical,-0.005607532288547046,3
2023-02-06 09:30:00-05:00,QQQ,1,1.0,1.0,9817,296.51,296.539651,30.913801159352225,19.804246609113264,False,9822,297.21,297.180279,vertical,0.0021603451607219437,6
2023-02-07 10:30:00-05:00,GLD,-1,1.0,1.0,9825,174.57,174.552543,52.63155663957768,30.7972501045358,False,9829,173.95,173.96739499999998,vertical,0.00335227427766549,5
2023-02-07 13:30:00-05:00,QQQ,-1,1.0,1.0,9828,300.09,300.05999099999997,30.697372292483873,-104.07486684919704,False,9829,303.42,303.45034200000003,vertical,-0.011298910556856168,2
2023-02-08 10:30:00-05:00,QQQ,-1,1.0,1.0,9832,297.82,297.790218,30.604411716244336,-6.414042003079362,False,9836,297.97,297.999797,vertical,-0.0007037806728762419,5
2023-02-09 09:30:00-05:00,TLT,1,1.0,1.0,9838,91.63,91.639163,99.38196832656662,-89.24845730085895,False,9841,90.75020330836387,90.74112828803302,lower,-0.009799682609136995,4
2023-02-10 10:30:00-05:00,GLD,-1,1.0,1.0,9846,172.84,172.822716,52.1808252188226,-29.98425014888906,False,9850,173.38,173.397338,vertical,-0.003324921707630102,5
2023-02-10 10:30:00-05:00,TLT,-1,1.0,1.0,9846,89.6,89.59103999999999,100.65774364755914,21.349809400876712,False,9850,89.37,89.37893700000001,vertical,0.0023674577279154674,5
2023-02-13 09:30:00-05:00,QQQ,-1,1.0,1.0,9852,296.18,296.15038200000004,30.42169804356424,-62.6515401320442,False,9857,298.18,298.209818,vertical,-0.0069540210824377,6
2023-02-13 09:30:00-05:00,TLT,-1,1.0,1.0,9852,90.05,90.040995,100.05883982834935,-10.808255819418344,False,9857,90.14,90.149014,vertical,-0.001199664663856792,6
2023-02-14 09:30:00-05:00,QQQ,1,1.0,1.0,9859,299.34,299.36993399999994,29.849148781716814,-116.4507800565764,False,9859,295.4981739037252,295.46862408633484,lower,-0.013031735891237184,1
2023-02-14 10:30:00-05:00,GLD,-1,1.0,1.0,9860,171.82,171.802818,51.33493747862834,-42.3227298596929,False,9864,172.61,172.627261,vertical,-0.0047987746045004,5
2023-02-14 10:30:00-05:00,QQQ,1,1.0,1.0,9860,296.47,296.49964700000004,29.74535386439149,115.5450726794755,False,9863,300.4141630541344,300.38412163782897,upper,0.013101110497541146,4
2023-02-15 13:30:00-05:00,QQQ,1,1.0,1.0,9870,302.12,302.150212,29.431418249350582,16.467290550366517,False,9871,302.74,302.709726,vertical,0.001851774308865961,2
2023-02-16 09:30:00-05:00,QQQ,1,1.0,1.0,9873,300.08,300.110008,29.686369386429504,-96.17487152847787,False,9878,296.9,296.87030999999996,vertical,-0.010795034866014963,6
2023-02-16 09:30:00-05:00,TLT,-1,1.0,1.0,9873,88.28,88.271172,100.92962801096958,41.622066506560685,False,9878,87.85,87.858785,vertical,0.004671819696695612,6
2023-02-17 11:30:00-05:00,TLT,-1,1.0,1.0,9882,88.24,88.23117599999999,100.35708635494554,-24.85553993461683,False,9885,88.47,88.478847,vertical,-0.002807069011524943,4
2023-02-21 09:30:00-05:00,QQQ,-1,1.0,1.0,9887,290.0,289.971,30.450521635252425,64.3181094568493,False,9892,287.83,287.85878299999996,vertical,0.007284235320083932,6
2023-02-21 09:30:00-05:00,TLT,-1,1.0,1.0,9887,87.11,87.101289,101.3735653107933,30.67665459869786,False,9892,86.79,86.798679,vertical,0.003474231018555707,6
2023-02-22 09:30:00-05:00,QQQ,-1,1.0,1.0,9894,287.0,286.9713,31.099845082596513,-33.51014527618732,False,9899,288.02,288.04880199999997,vertical,-0.003754737843122191,6
2023-02-22 09:30:00-05:00,TLT,-1,1.0,1.0,9894,87.61,87.601239,101.87941489219493,-1.7851311077395504,False,9899,87.61,87.61876099999999,vertical,-0.00020002000200003422,6
2023-02-23 09:30:00-05:00,QQQ,-1,1.0,1.0,9901,290.23,290.200977,30.632108095099216,107.47681481183834,False,9902,286.66367797531285,286.6923443431104,lower,0.012090354392189528,2
2023-02-23 10:30:00-05:00,TLT,-1,1.0,1.0,9902,88.18,88.171182,101.706808240129,-26.205776211151775,False,9906,88.42,88.428842,vertical,-0.002922269999737548,5
2023-02-23 13:30:00-05:00,QQQ,1,1.0,1.0,9905,290.05,290.079005,30.872158216511146,14.569713732224649,False,9906,290.58,290.55094199999996,vertical,0.0016269257404546433,2
2023-02-24 09:30:00-05:00,QQQ,-1,1.0,1.0,9908,284.79,284.761521,31.553801291503536,-29.88293285171448,False,9913,285.68,285.708568,vertical,-0.003325754816431159,6
2023-02-24 09:30:00-05:00,TLT,1,1.0,1.0,9908,87.64,87.648764,102.51494760496921,-38.69857260129542,False,9913,87.28,87.271272,vertical,-0.004306871914360411,6
2023-02-27 09:30:00-05:00,QQQ,1,1.0,1.0,9915,289.47,289.49894700000004,30.800550523754755,-54.754816278191576,False,9920,287.75,287.721225,vertical,-0.006140685547985858,6
2023-03-01 10:30:00-05:00,QQQ,-1,1.0,1.0,9930,284.78,284.75152199999997,31.1217726427784,-9.242544039452923,False,9934,285.02,285.048502,vertical,-0.00104294438152297,5
2023-03-02 09:30:00-05:00,QQQ,-1,1.0,1.0,9936,284.02,283.991598,31.17250526309464,-106.53810864513527,False,9941,287.38055472863124,287.4092927841041,upper,-0.012034492598277824,6
2023-03-03 09:30:00-05:00,QQQ,1,1.0,1.0,9943,291.33,291.359133,30.018593838568712,60.08305608852298,False,9948,293.39,293.360661,vertical,0.006869625054794604,6
2023-03-03 09:30:00-05:00,TLT,1,1.0,1.0,9943,87.75,87.758775,99.66173154404812,52.062889911684614,False,9948,88.29,88.281171,vertical,0.005952635505680259,6
2023-03-06 09:30:00-05:00,QQQ,1,1.0,1.0,9950,296.39,296.41963899999996,29.884448448048783,-81.55498854365678,False,9955,293.72,293.690628,vertical,-0.009206579595085307,6
2023-03-07 09:30:00-05:00,QQQ,1,1.0,1.0,9957,291.75,291.779175,30.080222250752033,-51.68335658768637,False,9962,290.09,290.060991,vertical,-0.005888645068655163,6
2023-03-07 10:30:00-05:00,TLT,1,1.0,1.0,9958,88.28,88.288828,99.21596786449017,-14.64854314341573,False,9962,88.15,88.14118500000001,vertical,-0.0016722727364779644,5
2023-03-08 09:30:00-05:00,TLT,1,1.0,1.0,9964,88.97,88.978897,97.89344244635859,-90.00380877844913,False,9966,88.06829792752542,88.05949109773267,lower,-0.010332853443522971,3
2023-03-08 14:30:00-05:00,GLD,-1,1.0,1.0,9969,168.68,168.66313200000002,51.11043902369559,3.8984487365343266,False,9969,168.57,168.58685699999998,vertical,0.0004522327973848217,1
2023-03-09 09:30:00-05:00,QQQ,1,1.0,1.0,9971,293.63,293.659363,29.368534632311572,-96.22931000180603,False,9973,290.41179160020164,290.38275042104164,lower,-0.011157868577676977,3
2023-03-09 12:30:00-05:00,QQQ,-1,1.0,1.0,9974,290.22,290.19097800000003,29.38794279940105,94.59193839205194,False,9975,286.9435507435543,286.97224509862866,lower,0.011091774539494392,2
2023-03-09 12:30:00-05:00,TLT,1,1.0,1.0,9974,88.54,88.548854,96.30972595496547,-9.409460225801807,False,9976,88.46,88.45115399999999,vertical,-0.0011033457304825411,3
2023-03-10 09:30:00-05:00,TLT,1,1.0,1.0,9978,91.23,91.239123,94.4035634859456,22.81998459433017,False,9983,91.49,91.480851,vertical,0.0026493897798645083,6
2023-03-10 10:30:00-05:00,QQQ,-1,1.0,1.0,9979,287.32,287.291268,29.813768356787804,103.8967117304662,False,9980,283.7780334523777,283.80641125572294,lower,0.012130047559527846,2
2023-03-13 09:30:00-04:00,GLD,1,1.0,1.0,9985,177.15,177.16771500000002,49.331871988399776,34.754106488338586,False,9990,177.89,177.872211,vertical,0.0039764355486549,6
2023-03-13 10:30:00-04:00,QQQ,-1,1.0,1.0,9986,287.26,287.231274,30.537071343945232,79.48231681301844,False,9990,284.6,284.62846,vertical,0.009061736083794125,5
2023-03-14 09:30:00-04:00,QQQ,1,1.0,1.0,9992,290.52,290.54905199999996,30.474205299278193,16.816733081328387,False,9997,291.13,291.100887,vertical,0.001899283429773746,6
2023-03-14 09:30:00-04:00,TLT,1,1.0,1.0,9992,89.97,89.97899699999999,98.40353588469823,148.46578703973785,False,9994,91.4968911229881,91.48774143387581,upper,0.01676774007467352,3
2023-03-14 12:30:00-04:00,TLT,1,1.0,1.0,9995,91.14,91.149114,98.50865096298773,-98.32443978568726,False,9997,90.16,90.150984,vertical,-0.010950517851440744,3
2023-03-15 09:30:00-04:00,QQQ,1,1.0,1.0,9999,288.2,288.22882,30.951830356499514,138.2135201126684,False,10003,292.72353166711815,292.6942593139514,upper,0.01549268846172791,5
2023-03-16 10:30:00-04:00,QQQ,1,1.0,1.0,10007,297.53,297.55975299999994,30.445727183429618,83.73223469432246,False,10011,300.34,300.309966,vertical,0.009242557073906532,5
2023-03-17 10:30:00-04:00,QQQ,1,1.0,1.0,10014,297.88,297.909788,30.691020112776634,29.473261816740727,False,10018,298.9,298.87010999999995,vertical,0.0032235328904330895,5
2023-03-20 09:30:00-04:00,TLT,1,1.0,1.0,10020,92.02,92.029202,99.67084748944974,-24.756344770276502,False,10025,91.79,91.780821,vertical,-0.0026989368005168046,6
2023-03-21 09:30:00-04:00,QQQ,1,1.0,1.0,10027,301.3,301.33013,30.358305730487313,88.02220740042756,False,10032,304.26,304.229574,vertical,0.009622150961140274,6
2023-03-21 09:30:00-04:00,TLT,-1,1.0,1.0,10027,91.07,91.060893,100.4588458444778,7.2124428374037315,False,10032,90.98,90.989098,vertical,0.0007884284640168326,6
2023-03-22 13:30:00-04:00,QQQ,1,1.0,1.0,10038,306.85,306.880685,30.11954585080947,-110.44121029897168,False,10038,303.2442472880745,303.2139228633457,lower,-0.011948494368924867,1
2023-03-23 09:30:00-04:00,QQQ,1,1.0,1.0,10041,305.73,305.760573,29.868683076697224,-61.557742912186875,False,10046,303.73,303.699627,vertical,-0.006740391606997687,6
2023-03-23 14:30:00-04:00,TLT,1,1.0,1.0,10046,92.29,92.29922900000001,97.9008469419957,-12.575070087159345,False,10046,92.18,92.170782,vertical,-0.0013916367600428359,1
2023-03-29 09:30:00-04:00,QQQ,1,1.0,1.0,10069,304.88,304.910488,29.708826674689526,52.253132126164736,False,10074,306.7,306.66933,vertical,0.005768387999825153,6
2023-03-30 09:30:00-04:00,QQQ,1,1.0,1.0,10076,309.7,309.73097,29.415159780157484,-7.116174284336584,False,10081,309.52,309.48904799999997,vertical,-0.0007810713923765977,6
2023-03-30 10:30:00-04:00,TLT,1,1.0,1.0,10077,90.76,90.769076,100.262740191196,2.1901392967366387,False,10081,90.8,90.79092,vertical,0.00024065464762479394,5
2023-03-31 09:30:00-04:00,QQQ,1,1.0,1.0,10083,311.05,311.081105,29.271658709151,104.62320484394101,False,10088,314.686788788569,314.65532010969014,upper,0.011489656723735031,6
2023-03-31 09:30:00-04:00,TLT,1,1.0,1.0,10083,91.21,91.21912099999999,99.82402632914614,91.79251860062412,False,10088,92.14787912808984,92.13866434017703,upper,0.010080598564165655,6
2023-04-03 09:30:00-04:00,TLT,1,1.0,1.0,10090,92.61,92.619261,100.43564977127308,-1.8602691050625313,False,10095,92.61,92.600739,vertical,-0.0001999800019997222,6
2023-04-03 10:30:00-04:00,QQQ,1,1.0,1.0,10091,311.96,311.991196,29.912640793705908,56.45750709837198,False,10095,313.91,313.87860900000004,vertical,0.006049571347519711,5
2023-04-04 09:30:00-04:00,TLT,1,1.0,1.0,10097,93.08,93.089308,100.5150118621941,-0.8661378572166256,False,10102,93.09,93.080691,vertical,-9.256702176796416e-05,6
2023-04-05 10:30:00-04:00,TLT,1,1.0,1.0,10105,93.94,93.949394,99.58559988163654,8.086549881589114,False,10109,94.04,94.030596,vertical,0.0008643163786665742,5
2023-04-06 11:30:00-04:00,QQQ,-1,1.0,1.0,10113,311.15,311.118885,30.098119276455414,-24.147841487977054,False,10116,311.89,311.92118899999997,vertical,-0.0025787698487027555,4
2023-04-06 11:30:00-04:00,TLT,1,1.0,1.0,10113,94.48,94.489448,99.10200036185854,-22.681970332820587,False,10116,94.27,94.260573,vertical,-0.0024222281412841218,4
2023-04-10 09:30:00-04:00,QQQ,-1,1.0,1.0,10118,307.75,307.719225,30.27845757140139,-102.76046614556923,False,10121,311.0819642577665,311.11307245419226,upper,-0.011029039391972528,4
2023-04-11 10:30:00-04:00,QQQ,-1,1.0,1.0,10126,309.65,309.619035,29.76077692355526,-2.140722444888444,False,10130,309.66,309.690966,vertical,-0.0002323209876291532,5
2023-04-12 10:30:00-04:00,QQQ,-1,1.0,1.0,10133,308.55,308.51914500000004,29.859937247902582,46.535278923869626,False,10137,306.93,306.960693,vertical,0.005051394784592822,5
2023-04-12 12:30:00-04:00,DIA,1,1.0,1.0,10135,319.65,319.681965,28.671480660860823,-58.811342002967486,False,10136,317.6625172701885,317.6307510184615,lower,-0.00641642071218651,2
2023-04-13 09:30:00-04:00,QQQ,-1,1.0,1.0,10139,311.07,311.038893,29.578571855312838,-60.11581480302895,False,10144,313.04,313.071304,vertical,-0.006534266439792269,6
2023-04-13 12:30:00-04:00,DIA,1,1.0,1.0,10142,320.13,320.162013,28.65709029897123,29.398305939554415,False,10144,321.22,321.187878,vertical,0.003204205865609655,3
2023-04-14 11:30:00-04:00,QQQ,-1,1.0,1.0,10148,310.63,310.598937,29.521571535623085,-52.61623790479871,False,10151,312.35,312.381235,vertical,-0.0057382617507155675,4
2023-04-17 11:30:00-04:00,QQQ,-1,1.0,1.0,10155,310.34,310.308966,29.379597428806452,-67.05276141579036,False,10158,312.56,312.591256,vertical,-0.007354895443143494,4
2023-04-18 09:30:00-04:00,TLT,-1,1.0,1.0,10160,90.78,90.770922,99.69822426408093,22.11984562102317,False,10165,90.54,90.549054,vertical,0.002444262932572161,6
2023-04-18 11:30:00-04:00,DIA,1,1.0,1.0,10162,320.68,320.712068,28.354589009891466,-2.9526200627778136,False,10165,320.64,320.607936,vertical,-0.00032468999576273916,4
2023-04-19 09:30:00-04:00,QQQ,-1,1.0,1.0,10167,310.99,310.958901,29.164198016546386,-46.43963987584423,False,10172,312.52,312.551252,vertical,-0.005120776394820004,6
2023-04-19 10:30:00-04:00,TLT,-1,1.0,1.0,10168,89.99,89.98100099999999,100.54950430887013,-48.06708723783064,False,10172,90.45,90.459045,vertical,-0.005312721515511987,5
2023-04-20 09:30:00-04:00,QQQ,-1,1.0,1.0,10174,311.48,311.44885200000004,28.814876597002097,72.62197756593734,False,10178,308.897667644381,308.92855741114545,lower,0.00809216207627761,5
2023-04-20 09:30:00-04:00,TLT,1,1.0,1.0,10174,91.22,91.229122,98.37166071441497,-1.7946925780747625,False,10179,91.22,91.210878,vertical,-0.00019998000199994426,6
2023-04-21 09:30:00-04:00,TLT,1,1.0,1.0,10181,90.79,90.799079,99.61761309986231,-9.777468725753296,False,10186,90.71,90.70092899999999,vertical,-0.0010809581009078029,6
2023-04-24 09:30:00-04:00,TLT,1,1.0,1.0,10188,91.15,91.159115,99.11691280592271,39.818039147696865,False,10193,91.57,91.56084299999999,vertical,0.004406887890475719,6
2023-04-24 10:30:00-04:00,QQQ,-1,1.0,1.0,10189,308.32,308.289168,29.446762929712992,-44.51788121800562,False,10193,309.77,309.800977,vertical,-0.004903866748895869,5
2023-04-25 09:30:00-04:00,QQQ,-1,1.0,1.0,10195,307.23,307.199277,29.396912320369072,74.44834315408617,False,10198,304.63629082763975,304.6667544567225,lower,0.00824390788939744,4
2023-04-25 09:30:00-04:00,TLT,1,1.0,1.0,10195,92.95,92.959295,97.14693093197158,-2.7773336084138096,False,10200,92.94,92.930706,vertical,-0.00030754321017600894,6
2023-04-26 09:30:00-04:00,QQQ,-1,1.0,1.0,10202,306.55,306.519345,29.69594372712575,23.423418013363225,False,10207,305.7,305.73057,vertical,0.0025733286099772767,6
2023-04-27 09:30:00-04:00,QQQ,1,1.0,1.0,10209,310.48,310.511048,29.389629442134392,93.82683456854006,False,10212,313.7349365525224,313.7035630588672,upper,0.010281486212584623,4
2023-04-27 13:30:00-04:00,DIA,1,1.0,1.0,10213,318.99,319.021899,28.899682128020135,8.559103257128017,False,10214,319.35,319.31806500000005,vertical,0.0009283563320523491,2
2023-04-28 09:30:00-04:00,QQQ,1,1.0,1.0,10216,315.55,315.581555,29.24185659784354,20.668524387491907,False,10221,316.32,316.288368,vertical,0.002239715816090726,6
2023-05-02 09:30:00-04:00,QQQ,-1,1.0,1.0,10230,313.74,313.70862600000004,29.482323194459962,16.43091146879783,False,10235,313.12,313.151312,vertical,0.0017765338719121226,6
2023-05-02 09:30:00-04:00,TLT,1,1.0,1.0,10230,91.54,91.549154,101.02615585745299,48.65843975949617,False,10235,92.04,92.03079600000001,vertical,0.005261020762682422,6
2023-05-03 14:30:00-04:00,QQQ,-1,1.0,1.0,10242,311.71,311.678829,29.88316043708654,14.873267313785,False,10242,311.15,311.181115,vertical,0.0015968809995754452,1
2023-05-04 12:30:00-04:00,QQQ,-1,1.0,1.0,10247,311.48,311.44885200000004,29.952981554621513,40.971095960545576,False,10249,310.05,310.081005,vertical,0.004391883261782081,3
2023-05-05 09:30:00-04:00,GLD,-1,1.0,1.0,10251,186.61,186.591339,50.21558270249935,-44.56165959927664,False,10256,187.46,187.478746,vertical,-0.004755885266464643,6
2023-05-05 09:30:00-04:00,QQQ,1,1.0,1.0,10251,314.49,314.521449,29.790632228470344,60.97817699276638,False,10256,316.6,316.56834000000003,vertical,0.006507953611774253,6
2023-05-05 09:30:00-04:00,TLT,-1,1.0,1.0,10251,91.15,91.14088500000001,102.8055939452924,-24.493638368652633,False,10256,91.37,91.379137,vertical,-0.002614106720600695,6
2023-05-09 10:30:00-04:00,QQQ,1,1.0,1.0,10266,315.57,315.601557,29.663084628411482,-9.583786686423743,False,10270,315.31,315.27846900000003,vertical,-0.0010237211852538453,5
2023-05-10 09:30:00-04:00,QQQ,1,1.0,1.0,10272,318.47,318.501847,29.362881237743675,-90.57388754165925,False,10274,315.44875291195837,315.41720803666715,lower,-0.009684838541400564,3
2023-05-10 12:30:00-04:00,QQQ,-1,1.0,1.0,10275,315.59,315.55844099999996,29.349739435179135,-90.27902425754951,False,10276,318.60255436459977,318.63441462003624,upper,-0.009747714592227563,2
2023-05-10 14:30:00-04:00,QQQ,1,1.0,1.0,10277,319.28,319.31192799999997,28.722005636018075,-15.61925644091045,False,10277,318.8,318.76812,vertical,-0.0017030619664165636,1
2023-05-12 10:30:00-04:00,QQQ,1,1.0,1.0,10287,318.23,318.261823,28.76769715236278,11.113220319233257,False,10291,318.68,318.64813200000003,vertical,0.0012138087954081112,5
2023-05-12 11:30:00-04:00,TLT,1,1.0,1.0,10288,91.07,91.079107,100.3341707930839,-26.90852093082562,False,10291,90.82,90.810918,vertical,-0.0029445721289295124,4
2023-05-15 11:30:00-04:00,QQQ,1,1.0,1.0,10295,319.61,319.64196100000004,28.59406947078295,23.04656264682599,False,10298,320.48,320.44795200000004,vertical,0.002521543158721995,4
2023-05-16 09:30:00-04:00,QQQ,1,1.0,1.0,10300,321.33,321.362133,28.512727730924425,-18.36812730608313,False,10305,320.75,320.717925,vertical,-0.0020046170156581278,6
2023-05-17 11:30:00-04:00,QQQ,1,1.0,1.0,10309,322.52,322.55225199999995,28.350578293131992,64.18991846921563,False,10310,324.8488853586489,324.816400470113,upper,0.007019478103389876,2
2023-05-17 12:30:00-04:00,DIA,1,1.0,1.0,10310,315.98,316.011598,29.125561533552645,-1.2581660071252774,False,10312,316.0,315.96840000000003,vertical,-0.00013669751450062773,3
2023-05-18 09:30:00-04:00,QQQ,1,1.0,1.0,10314,327.9,327.93278999999995,28.077322265986673,72.63474503033609,False,10319,330.55279941831157,330.51974413836973,upper,0.00788867175609309,6
2023-05-19 09:30:00-04:00,TLT,-1,1.0,1.0,10321,88.16,88.151184,105.2749259890198,6.5666287834911445,False,10326,88.08,88.088808,vertical,0.000707602520687689,6
2023-05-19 13:30:00-04:00,QQQ,1,1.0,1.0,10325,329.23,329.262923,28.15609844299969,16.727200211804778,False,10326,329.89,329.857011,vertical,0.0018042966835958296,2
2023-05-22 09:30:00-04:00,QQQ,1,1.0,1.0,10328,331.02,331.05310199999997,28.102449861471964,-0.45551260980309916,False,10333,331.07,331.036893,vertical,-4.8961933605262686e-05,6
2023-05-23 09:30:00-04:00,QQQ,1,1.0,1.0,10335,329.92,329.952992,28.194766871003125,-67.25329229622805,False,10338,327.60044087609936,327.5676808320118,lower,-0.007229245455632083,4
2023-05-24 13:30:00-04:00,TLT,1,1.0,1.0,10346,88.07,88.078807,104.85716950655033,-52.17336240269538,False,10347,87.59,87.581241,vertical,-0.005649100129160423,2
2023-05-25 09:30:00-04:00,QQQ,-1,1.0,1.0,10349,330.93,330.896907,27.753420593716935,-62.345395035407655,False,10354,333.11,333.143311,vertical,-0.006788833477975098,6
2023-05-26 09:30:00-04:00,QQQ,1,1.0,1.0,10356,338.48,338.513848,26.94476368392359,103.79500539944597,False,10360,342.4002281498176,342.36598812700265,upper,0.011379564380487706,5
2023-05-30 09:30:00-04:00,QQQ,1,1.0,1.0,10363,343.85,343.884385,26.82579100965889,-21.157447717736236,False,10368,343.13,343.095687,vertical,-0.002293497566049685,6
2023-05-30 09:30:00-04:00,TLT,1,1.0,1.0,10363,88.49,88.49884899999999,104.23831211064764,54.13367467732477,False,10366,89.02707779414065,89.01817508636124,upper,0.005868167690646908,4
2023-05-31 09:30:00-04:00,QQQ,1,1.0,1.0,10370,340.83,340.864083,27.16022993380228,-0.7651036772349035,False,10375,340.87,340.835913,vertical,-8.264291078152741e-05,6
2023-05-31 10:30:00-04:00,TLT,1,1.0,1.0,10371,89.35,89.35893499999999,103.38092108398752,36.39969864722552,False,10375,89.72,89.711028,vertical,0.003940210343823081,5
2023-06-01 10:30:00-04:00,QQQ,1,1.0,1.0,10378,343.0,343.0343,27.092280467068907,89.82001009803655,False,10381,346.3842743293779,346.34963590194496,upper,0.009664735864445495,4
2023-06-02 09:30:00-04:00,DIA,1,1.0,1.0,10384,317.36,317.39173600000004,29.564101428030533,75.82454779190729,False,10388,319.9884854795283,319.95648663098035,upper,0.008080710176336492,5
2023-06-02 09:30:00-04:00,TLT,1,1.0,1.0,10384,89.4,89.40894,104.94925312303994,-36.50628285109024,False,10389,89.07,89.061093,vertical,-0.00389051698856957,6
2023-06-02 10:30:00-04:00,QQQ,1,1.0,1.0,10385,347.95,347.98479499999996,27.096917420276565,-8.388284338124283,False,10389,347.71,347.675229,vertical,-0.0008895963399778717,5
2023-06-05 10:30:00-04:00,QQQ,1,1.0,1.0,10392,349.99,350.024999,26.896168796576113,-83.50677081578944,False,10395,346.9549113732376,346.9202158821003,lower,-0.008870175349674603,4
2023-06-05 14:30:00-04:00,QQQ,1,1.0,1.0,10396,348.07,348.104807,26.804641871290205,-4.54617447993658,False,10396,347.97,347.93520300000006,vertical,-0.00048722107994314534,1
2023-06-07 10:30:00-04:00,QQQ,-1,1.0,1.0,10406,345.68,345.645432,26.982212543256345,70.69175510315657,False,10406,342.99119372664484,343.02549284601747,lower,0.007579846025514869,1
2023-06-07 11:30:00-04:00,QQQ,-1,1.0,1.0,10407,343.35,343.315665,27.37122486366247,35.3490062897751,False,10410,341.99,342.024199,vertical,0.0037617450400930785,4
2023-06-08 09:30:00-04:00,QQQ,-1,1.0,1.0,10412,344.11,344.07558900000004,27.413509047927807,-58.364128341290225,False,10417,346.17,346.204617,vertical,-0.006187675232025791,6
2023-06-08 09:30:00-04:00,TLT,-1,1.0,1.0,10412,88.59,88.581141,106.48225080124662,-59.53346664154439,False,10416,89.13132073263962,89.14023386471288,upper,-0.006311646682366501,5
2023-06-09 09:30:00-04:00,QQQ,1,1.0,1.0,10419,350.25,350.285025,26.59097881001266,-86.90861644641265,False,10420,347.05138048204805,347.01667534399985,lower,-0.009330543479556863,2
2023-06-09 12:30:00-04:00,TLT,1,1.0,1.0,10422,89.25,89.258925,103.37916416530159,-24.58645985510612,False,10424,89.03,89.021097,vertical,-0.0026644730484935986,3
2023-06-12 09:30:00-04:00,QQQ,1,1.0,1.0,10426,349.29,349.324929,26.344889347814725,83.97265666067958,False,10430,352.5476200632958,352.5123653012895,upper,0.009124560077673483,5
2023-06-12 09:30:00-04:00,TLT,1,1.0,1.0,10426,88.32,88.32883199999999,104.18938406134745,55.79920486112874,False,10430,88.87327489645503,88.86438756896538,upper,0.0060632022052029555,5
2023-06-12 14:30:00-04:00,TLT,1,1.0,1.0,10431,89.3,89.30892999999999,104.61102223999373,-7.098380914094194,False,10431,89.25,89.241075,vertical,-0.000759778445447612,1
2023-06-13 10:30:00-04:00,QQQ,1,1.0,1.0,10434,356.07,356.10560699999996,26.215818841476285,0.7543864029836407,False,10438,356.17,356.134383,vertical,8.080748922334458e-05,5
2023-06-14 09:30:00-04:00,QQQ,1,1.0,1.0,10440,357.42,357.455742,26.11891031799101,-81.28706697313483,False,10443,354.3789877750064,354.3435498762289,lower,-0.008706510367851639,4
2023-06-14 13:30:00-04:00,QQQ,1,1.0,1.0,10444,354.92,354.955492,26.073881400814603,79.21276673204743,False,10444,358.0293070131515,357.99350408245016,upper,0.008558853577197656,1
2023-06-14 14:30:00-04:00,QQQ,1,1.0,1.0,10445,357.34,357.37573399999997,26.118953470153194,34.957372253873324,False,10445,358.75,358.714125,vertical,0.003745052818835415,1
2023-06-15 09:30:00-04:00,QQQ,1,1.0,1.0,10447,360.45,360.486045,25.99056931582946,82.23133074651366,False,10451,363.68630472293984,363.64993609246756,upper,0.008776736676360253,5
2023-06-15 09:30:00-04:00,TLT,1,1.0,1.0,10447,90.42,90.429042,103.60872273712374,-86.50047541717491,False,10447,89.60312593218802,89.5941656195948,lower,-0.009232392182206173,1
2023-06-15 10:30:00-04:00,DIA,1,1.0,1.0,10448,325.78,325.812578,28.540807317211684,13.836269438504727,False,10452,326.33,326.297367,vertical,0.0014879382587864587,5
2023-06-16 14:30:00-04:00,QQQ,1,1.0,1.0,10459,361.21,361.24612099999996,25.96236781385277,-15.115056879913878,False,10459,360.7,360.66393,vertical,-0.0016116186891871331,1
2023-06-20 09:30:00-04:00,QQQ,1,1.0,1.0,10461,357.63,357.66576299999997,26.179999811303297,83.00777624433684,False,10463,360.87250635616,360.8364191055244,upper,0.008864857734578235,3
2023-06-22 09:30:00-04:00,QQQ,-1,1.0,1.0,10475,357.73,357.694227,26.409980008131313,-49.69637245076123,False,10480,359.54,359.575954,vertical,-0.005260713922564886,6
2023-06-23 09:30:00-04:00,QQQ,-1,1.0,1.0,10482,355.69,355.654431,26.42171780405352,-9.014165354619642,False,10487,355.96,355.995596,vertical,-0.0009592598046388456,6
2023-06-26 10:30:00-04:00,QQQ,-1,1.0,1.0,10490,354.58,354.544542,26.479005411648966,86.83575344806343,False,10494,351.23,351.265123,vertical,0.00924966714055342,5
2023-06-27 10:30:00-04:00,QQQ,-1,1.0,1.0,10497,354.21,354.174579,26.751842626561483,-95.29613522576075,False,10500,357.70103586358124,357.7368059671676,upper,-0.010057827914203843,4
2023-06-30 09:30:00-04:00,QQQ,1,1.0,1.0,10517,363.21,363.24632099999997,25.821394250296915,-12.203242565477222,False,10522,362.81,362.773719,vertical,-0.0013010510297775113,6
2023-06-30 10:30:00-04:00,TLT,-1,1.0,1.0,10518,89.64,89.631036,104.47129508720253,-31.127849199002437,False,10522,89.92,89.928992,vertical,-0.003324250318829325,5
2023-07-05 09:30:00-04:00,QQQ,1,1.0,1.0,10528,364.74,364.776474,25.594291403634834,-32.321213418961044,False,10533,363.55,363.513645,vertical,-0.003461925562666668,6
2023-07-05 10:30:00-04:00,TLT,1,1.0,1.0,10529,88.84,88.848884,104.740588011906,-34.327366093257936,False,10533,88.53,88.521147,vertical,-0.003688701368494418,5
2023-07-07 12:30:00-04:00,QQQ,1,1.0,1.0,10545,363.7,363.73636999999997,25.484245068026077,-86.90092725537026,False,10547,360.36241991422685,360.3263836722354,lower,-0.00937488414415244,3
2023-07-10 10:30:00-04:00,QQQ,-1,1.0,1.0,10550,358.96,358.924104,25.583809400493305,-23.3292617808844,False,10554,359.8,359.83598,vertical,-0.00254058167127158,5
2023-07-11 11:30:00-04:00,TLT,1,1.0,1.0,10558,87.36,87.368736,104.83517358197734,-9.16940845734708,False,10561,87.29,87.281271,vertical,-0.0010011018128955884,4
2023-07-12 09:30:00-04:00,DIA,1,1.0,1.0,10563,327.65,327.68276499999996,27.92379756604107,-50.412395478634956,False,10568,325.91,325.87740900000006,vertical,-0.005509462787888442,6
2023-07-12 09:30:00-04:00,QQQ,1,1.0,1.0,10563,366.94,366.976694,24.933864589615073,-22.27357084109057,False,10568,366.12,366.083388,vertical,-0.002434230877887855,6
2023-07-12 09:30:00-04:00,TLT,1,1.0,1.0,10563,87.7,87.70877,104.32419923048296,65.51761162132081,False,10564,88.34562387242836,88.33678931004113,upper,0.007160279525538105,2
2023-07-13 09:30:00-04:00,QQQ,1,1.0,1.0,10570,368.82,368.856882,24.787334294720306,87.68234509432274,False,10574,372.4315101740208,372.3942670230034,upper,0.009590128842989598,5
2023-07-13 10:30:00-04:00,TLT,1,1.0,1.0,10571,88.82,88.828882,103.17163632417372,35.30533395013427,False,10575,89.18,89.17108200000001,vertical,0.003852350635236146,5
2023-07-14 09:30:00-04:00,QQQ,1,1.0,1.0,10577,374.99,375.027499,24.707432241086565,-88.73148275262446,False,10581,371.47335923304615,371.43621189712286,lower,-0.009576063388559986,5
2023-07-14 11:30:00-04:00,TLT,1,1.0,1.0,10579,88.81,88.818881,104.01620645937983,-13.288174391392596,False,10582,88.7,88.69113,vertical,-0.0014383315637583882,4
2023-07-17 09:30:00-04:00,TLT,1,1.0,1.0,10584,88.47,88.478847,103.57217768607045,26.129085414462846,False,10589,88.74,88.73112599999999,vertical,0.0028512916765290885,6
2023-07-17 10:30:00-04:00,QQQ,1,1.0,1.0,10585,374.11,374.14741100000003,24.49596531737159,35.642241935908054,False,10589,375.64,375.602436,vertical,0.003888908374672706,5
2023-07-17 13:30:00-04:00,DIA,1,1.0,1.0,10588,328.24,328.272824,28.084045202691144,-8.3023458630464,False,10589,328.01,327.977199,vertical,-0.0009005466745551916,2
2023-07-18 09:30:00-04:00,DIA,1,1.0,1.0,10591,330.28,330.313028,27.905093239101564,33.87164865511354,False,10596,331.56,331.526844,vertical,0.0036747445517044675,6
2023-07-18 09:30:00-04:00,QQQ,1,1.0,1.0,10591,373.87,373.907387,24.65160134541542,76.16930297145524,False,10592,377.03492234145887,376.99721884922474,upper,0.00826362879325715,2
2023-07-18 09:30:00-04:00,TLT,1,1.0,1.0,10591,89.23,89.238923,103.28918743707793,-11.138396105652536,False,10596,89.14,89.131086,vertical,-0.0012084076810295885,6
2023-07-18 11:30:00-04:00,QQQ,1,1.0,1.0,10593,377.2,377.23771999999997,24.702751858971975,36.42186085462874,False,10596,378.75,378.712125,vertical,0.003908424109869024,4
2023-07-19 09:30:00-04:00,DIA,1,1.0,1.0,10598,333.77,333.80337699999995,28.018710729836357,-34.0886562036354,False,10603,332.62,332.586738,vertical,-0.003644777386419107,6
2023-07-19 11:30:00-04:00,TLT,1,1.0,1.0,10600,89.74,89.74897399999999,103.9310932854767,43.85975281521948,False,10603,90.18,90.17098200000001,vertical,0.004702092750386466,4
2023-07-19 12:30:00-04:00,QQQ,1,1.0,1.0,10601,378.1,378.13781,24.679407696871063,5.043286321670296,False,10603,378.38,378.342162,vertical,0.0005404167332538901,3
2023-07-20 09:30:00-04:00,DIA,1,1.0,1.0,10605,334.25,334.283425,28.02279126982967,-2.153523486294622,False,10610,334.24,334.20657600000004,vertical,-0.0002298917453056326,6
2023-07-20 09:30:00-04:00,TLT,1,1.0,1.0,10605,89.19,89.198919,105.01870144568413,-18.67463552847509,False,10610,89.03,89.021097,vertical,-0.0019935443388053864,6
2023-07-21 09:30:00-04:00,TLT,1,1.0,1.0,10612,89.39,89.398939,104.55075406123099,-34.27665106671298,False,10617,89.08,89.071092,vertical,-0.003667235916524736,6
2023-07-24 09:30:00-04:00,DIA,1,1.0,1.0,10619,335.82,335.853582,27.727707348547135,5.068929908094094,False,10624,336.07,336.036393,vertical,0.000544317553236473,6
2023-07-25 09:30:00-04:00,QQQ,1,1.0,1.0,10626,371.02,371.057102,25.110740943493305,20.48300716279489,False,10631,371.91,371.872809,vertical,0.0021983328053913898,6
2023-07-25 13:30:00-04:00,DIA,1,1.0,1.0,10630,336.92,336.953692,27.791797040339176,-19.379803703966022,False,10631,336.29,336.256371,vertical,-0.002069486153604694,2
2023-07-26 09:30:00-04:00,QQQ,1,1.0,1.0,10633,370.54,370.57705400000003,25.146246553690283,1.9080217497541392,False,10638,370.69,370.652931,vertical,0.00020475363809224767,6
2023-07-27 09:30:00-04:00,QQQ,1,1.0,1.0,10640,374.61,374.647461,24.878134670646954,-82.04921800865532,False,10643,371.38655423944414,371.3494155840202,lower,-0.008803063571221736,4
2023-07-27 12:30:00-04:00,DIA,1,1.0,1.0,10643,336.83,336.863683,27.611872279688527,-44.024596926668316,False,10644,335.302805031735,335.2692747512318,lower,-0.004733096291558825,2
2023-07-27 13:30:00-04:00,QQQ,-1,1.0,1.0,10644,370.89,370.852911,24.812887082422023,27.937871707356642,False,10645,369.69,369.726969,vertical,0.003036087803555132,2
2023-07-28 09:30:00-04:00,QQQ,1,1.0,1.0,10647,375.21,375.24752099999995,24.576828704875005,30.102387948936094,False,10652,376.51,376.472349,vertical,0.0032640535418755334,6
2023-07-31 14:30:00-04:00,TLT,1,1.0,1.0,10659,87.41,87.418741,105.84110829844738,23.549011549755996,False,10659,87.65,87.64123500000001,vertical,0.002545152188819788,1
2023-08-01 09:30:00-04:00,QQQ,1,1.0,1.0,10661,375.01,375.047501,24.73298827564959,18.67130384411158,False,10666,375.84,375.802416,vertical,0.0020128517000836954,6
2023-08-01 09:30:00-04:00,TLT,-1,1.0,1.0,10661,86.5,86.49135,107.24824442033426,32.46747552985575,False,10666,86.18,86.188618,vertical,0.0035001419217065566,6
2023-08-02 11:30:00-04:00,QQQ,-1,1.0,1.0,10670,366.69,366.653331,25.438700363037604,-24.508330774660845,False,10673,367.58,367.616758,vertical,-0.0026276237484939013,4
2023-08-03 09:30:00-04:00,QQQ,-1,1.0,1.0,10675,365.14,365.103486,25.4795592218585,-48.74779845797147,False,10680,366.98,367.016698,vertical,-0.005240190996149696,6
2023-08-04 10:30:00-04:00,QQQ,-1,1.0,1.0,10683,369.64,369.603036,25.03747857521932,94.98196364779685,False,10686,365.772867303398,365.80944459012835,lower,0.010263961711265868,4
2023-08-04 11:30:00-04:00,DIA,1,1.0,1.0,10684,336.67,336.703667,27.397862090476472,-47.67490184799982,False,10685,334.99707101311753,334.9635713060162,lower,-0.005168033094168245,2
2023-08-07 09:30:00-04:00,DIA,1,1.0,1.0,10689,335.77,335.80357699999996,27.69843978459411,21.95821512363604,False,10694,336.63,336.596337,vertical,0.002360784858465248,6
2023-08-08 09:30:00-04:00,QQQ,-1,1.0,1.0,10696,363.69,363.653631,25.63756436714761,-40.068616061077954,False,10701,365.18,365.216518,vertical,-0.004297735170970984,6
2023-08-09 10:30:00-04:00,QQQ,-1,1.0,1.0,10704,361.0,360.9639,25.717598784943224,-6.486441330340058,False,10708,361.18,361.216118,vertical,-0.0006987346934137495,5
2023-08-10 09:30:00-04:00,DIA,1,1.0,1.0,10710,337.37,337.403737,27.494177738517543,-82.8574379782284,False,10711,334.4235435669459,334.39010121258923,lower,-0.008931838794099534,2
2023-08-10 09:30:00-04:00,QQQ,-1,1.0,1.0,10710,366.55,366.513345,25.310506264698294,108.35150333390843,False,10711,362.1962349746764,362.23245459817383,lower,0.011680039649923701,2
2023-08-10 11:30:00-04:00,DIA,1,1.0,1.0,10712,334.53,334.563453,27.80379116924558,-15.482735739132018,False,10715,334.04,334.006596,vertical,-0.0016644286607120362,4
2023-08-10 11:30:00-04:00,QQQ,-1,1.0,1.0,10712,362.67,362.633733,25.65159149183098,18.91925435002563,False,10715,361.86,361.896186,vertical,0.0020338620841983124,4
2023-08-11 10:30:00-04:00,QQQ,-1,1.0,1.0,10718,358.53,358.494147,25.957380271217097,-28.340475439157373,False,10722,359.55,359.585955,vertical,-0.003045539262318986,5
2023-08-14 10:30:00-04:00,QQQ,1,1.0,1.0,10725,362.47,362.50624700000003,25.591913242933558,30.131432405879004,False,10729,363.72,363.68362800000006,vertical,0.0032478916149547565,5
2023-08-15 09:30:00-04:00,QQQ,-1,1.0,1.0,10731,360.52,360.483948,25.81906880261787,17.762796402274674,False,10736,359.76,359.795976,vertical,0.0019084677800965677,6
2023-08-16 11:30:00-04:00,QQQ,-1,1.0,1.0,10740,357.58,357.544242,26.081031538618923,42.21613994308,False,10743,355.89,355.925589,vertical,0.004527140448258082,4
2023-08-17 10:30:00-04:00,QQQ,-1,1.0,1.0,10746,354.39,354.354561,26.434932192100888,59.461520466030436,False,10750,352.07,352.105207,vertical,0.006347749535527969,5
2023-08-18 09:30:00-04:00,QQQ,-1,1.0,1.0,10752,348.91,348.875109,27.02055855885869,-93.70914501662075,False,10757,352.30794659528493,352.34317738994446,upper,-0.00994071603412805,6
2023-08-18 09:30:00-04:00,TLT,-1,1.0,1.0,10752,82.65,82.64173500000001,114.06827691193448,31.197559667138908,False,10757,82.36,82.368236,vertical,0.003309453752392999,6
2023-08-21 09:30:00-04:00,QQQ,-1,1.0,1.0,10759,353.62,353.584638,26.483867568684435,-90.3528644306266,False,10762,356.9605608925519,356.99625694864113,upper,-0.009648662815043396,4
2023-08-22 10:30:00-04:00,QQQ,1,1.0,1.0,10767,358.19,358.225819,25.888518835887147,-38.87148158949125,False,10771,356.76,356.72432399999997,vertical,-0.004191476215174905,5
2023-08-22 10:30:00-04:00,TLT,-1,1.0,1.0,10767,81.6,81.59183999999999,113.66254104188116,-31.410188566760116,False,10771,81.86,81.868186,vertical,-0.0033869318304380336,5
2023-08-23 09:30:00-04:00,QQQ,1,1.0,1.0,10773,360.76,360.79607599999997,25.509296815429746,41.52092122194514,False,10778,362.46,362.423754,vertical,0.004511351725455137,6
2023-08-24 09:30:00-04:00,QQQ,1,1.0,1.0,10780,359.65,359.68596499999995,25.70346361373398,-89.1663002003691,False,10784,356.2525519364541,356.2169266812605,lower,-0.009644630750992644,5
2023-08-28 09:30:00-04:00,DIA,1,1.0,1.0,10794,329.12,329.152912,27.816885343392993,-16.01621152482057,False,10799,328.61,328.57713900000005,vertical,-0.0017492568924925012,6
2023-08-28 09:30:00-04:00,QQQ,-1,1.0,1.0,10794,360.2,360.16398,25.421778195442876,-1.3228984937354393,False,10799,360.18,360.216018,vertical,-0.0001444841874527203,6
2023-08-29 09:30:00-04:00,QQQ,1,1.0,1.0,10801,364.98,365.016498,25.03631960090025,71.77186776309705,False,10806,367.92,367.883208,vertical,0.007853645015245325,6
2023-08-29 09:30:00-04:00,TLT,1,1.0,1.0,10801,84.33,84.338433,108.3571199802748,23.09209419611765,False,10806,84.56,84.551544,vertical,0.0025268551053114763,6
2023-08-30 11:30:00-04:00,QQQ,1,1.0,1.0,10810,370.28,370.317028,24.934132020222904,-6.832849802294395,False,10813,370.08,370.04299199999997,vertical,-0.0007400037786002844,4
2023-08-31 09:30:00-04:00,QQQ,1,1.0,1.0,10815,372.51,372.54725099999996,24.766525027146926,-38.74358772579195,False,10820,371.02,370.982898,vertical,-0.004199072723797936,6
2023-09-01 11:30:00-04:00,QQQ,1,1.0,1.0,10824,370.25,370.28702499999997,24.813068262277067,11.808415120677259,False,10827,370.8,370.76292,vertical,0.0012852057130547934,4
2023-09-05 13:30:00-04:00,QQQ,1,1.0,1.0,10833,372.23,372.267223,24.712800576270908,-27.53851161976342,False,10834,371.19,371.152881,vertical,-0.0029933927328327226,2
2023-09-07 09:30:00-04:00,QQQ,-1,1.0,1.0,10843,363.7,363.66363,25.22173342289249,-41.436710175268495,False,10848,365.27,365.30652699999996,vertical,-0.0045176280069578745,6
2023-09-08 09:30:00-04:00,QQQ,-1,1.0,1.0,10850,367.7,367.66323,24.83465757858391,45.860970086807285,False,10855,365.78,365.816578,vertical,0.005022672514735871,6
2023-09-08 09:30:00-04:00,TLT,1,1.0,1.0,10850,83.43,83.438343,109.43158855978407,-37.9347884690152,False,10855,83.1,83.09169,vertical,-0.004154600721157697,6
2023-09-11 09:30:00-04:00,QQQ,1,1.0,1.0,10857,367.85,367.88678500000003,24.841111384046943,54.307737072248344,False,10862,370.11,370.072989,vertical,0.00594259997678348,6
2023-09-12 09:30:00-04:00,QQQ,1,1.0,1.0,10864,368.04,368.07680400000004,24.97583178313018,-52.03482276779788,False,10869,366.03,365.99339699999996,vertical,-0.005660250733974692,6
2023-09-13 10:30:00-04:00,QQQ,1,1.0,1.0,10872,368.37,368.406837,24.81221464738555,-24.90106718803776,False,10876,367.44,367.403256,vertical,-0.0027241106820175,5
2023-09-13 11:30:00-04:00,TLT,1,1.0,1.0,10873,83.14,83.148314,109.9219809497393,-21.611760674528995,False,10876,82.96,82.95170399999999,vertical,-0.0023645698937444504,4
2023-09-14 10:30:00-04:00,QQQ,1,1.0,1.0,10879,370.12,370.157012,24.56924060470267,5.551321637670684,False,10883,370.42,370.38295800000003,vertical,0.0006104058350244745,5
2023-09-14 11:30:00-04:00,DIA,1,1.0,1.0,10880,332.4,332.43323999999996,27.368609373501425,6.663955327744788,False,10883,332.71,332.67672899999997,vertical,0.00073244480606105,4
2023-09-15 09:30:00-04:00,QQQ,1,1.0,1.0,10885,366.42,366.456642,24.85066696188094,-79.22938440861545,False,10888,363.30475283795386,363.26842236267004,lower,-0.008700127851223205,4
2023-09-18 11:30:00-04:00,QQQ,-1,1.0,1.0,10894,365.34,365.30346599999996,24.712228112017463,20.19040932430749,False,10897,364.45,364.486445,vertical,0.002236554196832996,4
2023-09-19 09:30:00-04:00,QQQ,-1,1.0,1.0,10899,361.87,361.833813,25.00499584660686,-46.82320499254655,False,10904,363.67,363.706367,vertical,-0.0051751769257673,6
2023-09-20 09:30:00-04:00,TLT,1,1.0,1.0,10906,82.21,82.218221,109.47487888644996,-25.882050866335554,False,10911,81.99,81.98180099999999,vertical,-0.002875518311202696,6
2023-09-20 14:30:00-04:00,QQQ,-1,1.0,1.0,10911,360.85,360.813915,24.961615701512617,58.611670903482185,False,10911,358.43,358.465843,vertical,0.006507709105398551,1
2023-09-21 09:30:00-04:00,QQQ,-1,1.0,1.0,10913,354.28,354.24457199999995,25.500911292076268,62.4618301151659,False,10918,351.76,351.79517599999997,vertical,0.006914420695767198,6
2023-09-22 09:30:00-04:00,QQQ,-1,1.0,1.0,10920,353.97,353.93460300000004,25.699722941152174,50.35626842840134,False,10925,351.94,351.975194,vertical,0.005536076392056111,6
2023-09-25 11:30:00-04:00,QQQ,-1,1.0,1.0,10929,353.44,353.404656,25.880749869959523,-6.488459276899017,False,10932,353.62,353.655362,vertical,-0.0007094020855231697,4
2023-09-26 09:30:00-04:00,QQQ,-1,1.0,1.0,10934,349.66,349.625034,26.141975421411583,34.25137304898731,False,10939,348.28,348.314828,vertical,0.0037474604864823347,6
2023-09-27 09:30:00-04:00,QQQ,-1,1.0,1.0,10941,349.62,349.585038,26.24294355122595,81.42562609195244,False,10943,346.4476305482624,346.4822753113172,lower,0.0088755591670453,3
2023-09-28 09:30:00-04:00,TLT,-1,1.0,1.0,10948,77.07,77.062293,120.10499148629188,-95.83235747961332,False,10949,77.85241262758319,77.86019786884594,upper,-0.010354024488292257,2
2023-09-28 10:30:00-04:00,QQQ,-1,1.0,1.0,10949,351.33,351.294867,26.214446505832246,-20.718273222526964,False,10953,352.05,352.08520500000003,vertical,-0.0022497852210292546,5
2023-09-28 11:30:00-04:00,TLT,-1,1.0,1.0,10950,77.71,77.70222899999999,116.96312899787907,-46.26827456898212,False,10953,78.09,78.097809,vertical,-0.005090973645041963,4
2023-09-29 09:30:00-04:00,QQQ,1,1.0,1.0,10955,355.0,355.0355,25.61081114257027,-93.63516781599552,False,10957,351.41456171333357,351.3794202571622,lower,-0.01029778639836798,3
2023-09-29 09:30:00-04:00,TLT,1,1.0,1.0,10955,78.71,78.71787099999999,115.51058258940984,-96.53341689994119,False,10959,77.88994940690672,77.88216041196603,lower,-0.010616529352451165,5
2023-09-29 12:30:00-04:00,QQQ,1,1.0,1.0,10958,352.3,352.33523,25.39450321631791,-1.0275377836430197,False,10960,352.33,352.294767,vertical,-0.00011484233353575846,3
2023-10-02 09:30:00-04:00,QQQ,1,1.0,1.0,10962,353.94,353.975394,25.1473722970372,30.90818263758721,False,10967,355.24,355.204476,vertical,0.0034722243998688285,6
2023-10-02 09:30:00-04:00,TLT,-1,1.0,1.0,10962,77.27,77.262273,115.21212968855355,47.76568163544684,False,10967,76.84,76.847684,vertical,0.005365995380436139,6
2023-10-03 09:30:00-04:00,QQQ,-1,1.0,1.0,10969,350.33,350.294967,25.636180154371054,33.585241807196965,False,10974,348.95,348.984895,vertical,0.003739910999063789,6
2023-10-03 09:30:00-04:00,TLT,-1,1.0,1.0,10969,75.85,75.84241499999999,118.40636774529746,79.91233918493307,False,10974,75.16,75.16751599999999,vertical,0.008898701340140591,6
2023-10-04 10:30:00-04:00,QQQ,-1,1.0,1.0,10977,351.82,351.784818,25.850241388682083,-51.19782483356222,False,10981,353.73,353.765373,vertical,-0.005630018405171855,5
2023-10-04 10:30:00-04:00,TLT,-1,1.0,1.0,10977,75.93,75.922407,119.77653003247897,-35.35970853700672,False,10981,76.21,76.217621,vertical,-0.0038883646036140807,5
2023-10-05 09:30:00-04:00,QQQ,-1,1.0,1.0,10983,351.14,351.10488599999996,25.653772670093304,-40.79924697906398,False,10988,352.66,352.695266,vertical,-0.0045296436005737295,6
2023-10-06 09:30:00-04:00,TLT,-1,1.0,1.0,10990,74.65,74.64253500000001,120.12407780394862,-103.07659779198737,False,10990,75.49307009768566,75.50061940469543,upper,-0.011495917236672426,1
2023-10-06 10:30:00-04:00,TLT,1,1.0,1.0,10991,75.4,75.40754000000001,117.5384992539469,-58.1853183626809,False,10995,74.92,74.912508,vertical,-0.0065647546651171895,5
2023-10-06 11:30:00-04:00,QQQ,1,1.0,1.0,10992,356.92,356.955692,24.791518407359263,39.38008741416898,False,10995,358.58,358.54414199999997,vertical,0.004449992073525921,4
2023-10-09 09:30:00-04:00,QQQ,1,1.0,1.0,10997,356.73,356.765673,24.79073667236887,89.39766117587487,False,11000,360.40780513460845,360.371764354095,upper,0.010107730723563746,4
2023-10-09 09:30:00-04:00,TLT,-1,1.0,1.0,10997,75.65,75.642435,116.92489609943756,-106.94279389026971,False,11001,76.54940814488697,76.55706308570146,upper,-0.012091468045700271,5
2023-10-09 13:30:00-04:00,QQQ,1,1.0,1.0,11001,360.58,360.61605799999995,24.54776653099495,-5.6975366118425965,False,11002,360.42,360.383958,vertical,-0.0006436208118051345,2
2023-10-10 09:30:00-04:00,QQQ,1,1.0,1.0,11004,362.86,362.89628600000003,24.30788499102254,-13.916798930830018,False,11009,362.36,362.32376400000004,vertical,-0.0015776463471438573,6
2023-10-12 11:30:00-04:00,QQQ,1,1.0,1.0,11020,367.15,367.186715,23.985955986524168,-77.40577042221177,False,11020,363.99598575427586,363.95958615570044,lower,-0.008788795216350787,1
2023-10-12 12:30:00-04:00,QQQ,-1,1.0,1.0,11021,363.53,363.49364699999995,24.016702042674716,-4.62845078426051,False,11023,363.65,363.68636499999997,vertical,-0.0005301825811552252,3
2023-10-13 12:30:00-04:00,GLD,1,1.0,1.0,11028,178.81,178.827881,48.79155372656862,-0.2812833072335066,False,11030,178.84,178.822116,vertical,-3.223770235250001e-05,3
2023-10-16 09:30:00-04:00,QQQ,-1,1.0,1.0,11032,363.37,363.333663,24.01376412048197,0.17611694605859515,False,11037,363.29,363.32632900000004,vertical,2.018530278591335e-05,6
2023-10-17 09:30:00-04:00,QQQ,-1,1.0,1.0,11039,360.72,360.68392800000004,24.19066756215083,-34.8897402022046,False,11044,362.09,362.12620899999996,vertical,-0.003998739306177113,6
2023-10-18 10:30:00-04:00,QQQ,1,1.0,1.0,11047,359.53,359.565953,24.168849093052316,-86.16961781059753,False,11051,356.0362392404261,356.00063561650205,lower,-0.009915614517312044,5
2023-10-19 10:30:00-04:00,GLD,1,1.0,1.0,11054,181.38,181.398138,47.432270993023884,84.65971879696667,False,11057,183.2013129785266,183.18299284722875,upper,0.009839433121572316,4
2023-10-19 14:30:00-04:00,QQQ,-1,1.0,1.0,11058,354.19,354.154581,24.53387821077743,5.132241982911997,False,11058,353.91,353.94539100000003,vertical,0.000590674273954872,1
2023-10-20 09:30:00-04:00,QQQ,-1,1.0,1.0,11060,351.11,351.07488900000004,24.763712451179675,58.44288142274594,False,11065,348.68,348.714868,vertical,0.006722272295584308,6
2023-10-23 11:30:00-04:00,QQQ,-1,1.0,1.0,11069,351.61,351.574839,24.89472940197683,45.55406870133736,False,11072,349.71,349.74497099999996,vertical,0.005204775191549049,4
2023-10-24 09:30:00-04:00,QQQ,-1,1.0,1.0,11074,353.17,353.134683,24.91376512612302,-1.7597588859195934,False,11079,353.17,353.20531700000004,vertical,-0.00020002000200025627,6
2023-10-25 09:30:00-04:00,QQQ,-1,1.0,1.0,11081,347.65,347.615235,25.30428446631227,79.72853706218014,False,11086,344.43,344.464443,vertical,0.009064021604231365,6
2023-10-26 09:30:00-04:00,QQQ,-1,1.0,1.0,11088,340.82,340.785918,26.045334796745237,97.26673129993024,False,11090,337.01769977788257,337.05140154786034,lower,0.010958540992705101,3
2023-10-27 09:30:00-04:00,QQQ,-1,1.0,1.0,11095,341.08,341.045892,26.310682140179832,36.359494659296935,False,11100,339.63,339.66396299999997,vertical,0.004052032387477089,6
2023-10-30 09:30:00-04:00,QQQ,-1,1.0,1.0,11102,341.47,341.435853,26.387122134726127,-50.09534446896882,False,11107,343.3,343.33433,vertical,-0.005560274304292179,6
2023-10-31 14:30:00-04:00,QQQ,1,1.0,1.0,11114,344.97,345.004497,25.968978050209085,0.025943009073086522,False,11114,345.04,345.00549600000005,vertical,2.8956144302316744e-06,1
2023-11-01 09:30:00-04:00,QQQ,1,1.0,1.0,11116,348.45,348.484845,25.70969808694407,66.33217800073066,False,11121,351.1,351.06489000000005,vertical,0.007403607465340523,6
2023-11-02 09:30:00-04:00,QQQ,1,1.0,1.0,11123,355.67,355.70556700000003,25.374279089723185,40.81955202307961,False,11128,357.35,357.31426500000003,vertical,0.00452255502652843,6
2023-11-03 09:30:00-04:00,QQQ,1,1.0,1.0,11130,359.24,359.27592400000003,25.235734646247295,56.980244736719,False,11135,361.57,361.533843,vertical,0.006284637653593439,6
2023-11-07 09:30:00-05:00,QQQ,1,1.0,1.0,11144,365.56,365.596556,24.955301076703876,19.634880797753333,False,11149,366.42,366.38335800000004,vertical,0.002152104518183817,6
2023-11-08 11:30:00-05:00,QQQ,1,1.0,1.0,11153,365.06,365.096506,25.043260776600757,39.739197152048185,False,11156,366.72,366.683328,vertical,0.0043463083703134675,4
2023-11-09 10:30:00-05:00,QQQ,1,1.0,1.0,11159,367.47,367.506747,24.987149978870537,-75.71590981545268,False,11161,364.5130043855872,364.4765530851486,lower,-0.008245274242139056,3
2023-11-10 10:30:00-05:00,QQQ,1,1.0,1.0,11166,368.17,368.206817,24.734007832669697,74.40447112909463,False,11168,371.2521272037034,371.21500199098307,upper,0.00816982427292512,3
2023-11-14 09:30:00-05:00,QQQ,1,1.0,1.0,11179,378.94,378.977894,24.227362366548675,-4.500886698371041,False,11184,378.83,378.79211699999996,vertical,-0.000490205373298136,6
2023-11-15 10:30:00-05:00,QQQ,1,1.0,1.0,11187,380.78,380.81807799999996,24.098472237316166,-41.11182494755519,False,11191,379.15,379.112085,vertical,-0.004479810961075192,5
2023-11-16 10:30:00-05:00,QQQ,1,1.0,1.0,11194,377.47,377.507747,24.20088628062922,47.053879998973606,False,11198,379.49,379.45205100000004,vertical,0.005150368477073952,5
2023-11-20 10:30:00-05:00,QQQ,1,1.0,1.0,11208,382.34,382.37823399999996,24.01568687406648,42.588146271066556,False,11212,384.19,384.151581,vertical,0.004637677677019836,5
2023-11-21 09:30:00-05:00,QQQ,1,1.0,1.0,11214,380.46,380.498046,24.24628504261382,33.55108788313853,False,11219,381.92,381.88180800000004,vertical,0.0036367124997012112,6
2023-11-22 09:30:00-05:00,QQQ,1,1.0,1.0,11221,383.85,383.888385,24.119550189977026,-10.292656250320036,False,11226,383.5,383.46165,vertical,-0.0011116121682087643,6
2023-11-27 12:30:00-05:00,QQQ,1,1.0,1.0,11235,384.06,384.098406,24.079564946453864,-36.52070560820784,False,11237,382.62,382.58173800000003,vertical,-0.003948644348188202,3
2023-11-28 09:30:00-05:00,QQQ,-1,1.0,1.0,11239,382.16,382.12178400000005,24.10854914122927,-38.250214222138034,False,11244,383.67,383.708367,vertical,-0.004152034943917249,6
2023-11-29 09:30:00-05:00,QQQ,1,1.0,1.0,11246,385.19,385.228519,23.814829745967117,-48.745169932064414,False,11251,383.22,383.18167800000003,vertical,-0.005313316379880972,6
2023-11-29 12:30:00-05:00,GLD,1,1.0,1.0,11249,189.64,189.658964,48.30295659886991,-7.144828431235366,False,11251,189.53,189.511047,vertical,-0.0007799104080311592,3
2023-11-30 09:30:00-05:00,QQQ,-1,1.0,1.0,11253,381.58,381.541842,23.898457760532487,-19.271453455058612,False,11258,382.31,382.348231,vertical,-0.0021135008306638614,6
2023-12-01 09:30:00-05:00,QQQ,-1,1.0,1.0,11260,379.98,379.942002,23.948366049452204,-67.47906863051328,False,11261,382.72141973679186,382.7596918787655,upper,-0.00741610525799552,2
2023-12-04 09:30:00-05:00,GLD,-1,1.0,1.0,11267,188.4997,188.48085003,47.91739357812566,30.287004644267043,False,11272,187.83,187.848783,vertical,0.003353481427420313,6
2023-12-04 09:30:00-05:00,QQQ,-1,1.0,1.0,11267,376.99,376.95230100000003,23.959294183555567,-69.138832080308,False,11272,379.8,379.83798,vertical,-0.007655289521630859,6
2023-12-06 14:30:00-05:00,QQQ,1,1.0,1.0,11286,378.85,378.88788500000004,23.73435414909386,-8.680626420844073,False,11286,378.56,378.522144,vertical,-0.0009653013846036007,1
2023-12-07 09:30:00-05:00,QQQ,1,1.0,1.0,11288,382.95,382.988295,23.45758013040661,23.300484716272546,False,11293,384.02,383.98159799999996,vertical,0.0025935596804596006,6
2023-12-11 09:30:00-05:00,QQQ,1,1.0,1.0,11302,386.79,386.828679,23.284931011246393,47.32501562011792,False,11307,388.9,388.86111,vertical,0.005254085620678639,6
2023-12-12 12:30:00-05:00,QQQ,1,1.0,1.0,11312,390.36,390.399036,23.19320306750628,37.845671457824686,False,11314,392.07,392.030793,vertical,0.004179715751142288,3
2023-12-13 13:30:00-05:00,QQQ,1,1.0,1.0,11320,395.02,395.05950199999995,23.015393237559742,43.517482518186384,False,11321,396.99,396.950301,vertical,0.004786111941183169,2
2023-12-14 12:30:00-05:00,GLD,1,1.0,1.0,11326,188.13,188.148813,48.557134789272915,27.789879482653554,False,11328,188.74,188.721126,vertical,0.003041810314264426,3
2023-12-14 12:30:00-05:00,QQQ,1,1.0,1.0,11326,394.97,395.009497,23.128474992799234,36.09989516471027,False,11328,396.61,396.570339,vertical,0.003951403730427128,3
2023-12-15 09:30:00-05:00,QQQ,1,1.0,1.0,11330,399.18,399.219918,23.04458428331742,-25.57333565047882,False,11335,398.15,398.110185,vertical,-0.002779753589348677,6
2023-12-18 09:30:00-05:00,QQQ,1,1.0,1.0,11337,400.26,400.300026,22.91851890181888,17.18579517631241,False,11342,401.09,401.049891,vertical,0.001873257435161868,6
2023-12-19 09:30:00-05:00,QQQ,1,1.0,1.0,11344,402.4,402.44023999999996,22.839340090483752,14.147829219052118,False,11349,403.1,403.05969000000005,vertical,0.0015392347445177812,6
2023-12-20 09:30:00-05:00,QQQ,1,1.0,1.0,11351,403.88,403.920388,22.790672642835137,-59.208609325028725,False,11355,401.3625926293844,401.3224563701215,lower,-0.006431791281302002,5
2023-12-22 09:30:00-05:00,QQQ,1,1.0,1.0,11365,403.55,403.590355,22.662604826990787,-27.88848818707059,False,11370,402.4,402.35976,vertical,-0.0030491189513188743,6
2023-12-26 09:30:00-05:00,QQQ,1,1.0,1.0,11372,403.96,404.00039599999997,22.570572527762707,16.682496990155112,False,11377,404.78,404.73952199999997,vertical,0.0018295180086902452,6
2024-01-02 14:30:00-05:00,QQQ,-1,1.0,1.0,11405,395.05,395.010495,23.126481072744685,-42.765188155464884,False,11405,396.82,396.85968199999996,vertical,-0.004681361693946728,1
2024-01-03 09:30:00-05:00,QQQ,-1,1.0,1.0,11407,393.55,393.510645,23.105950661125174,18.978765754035766,False,11412,392.65,392.689265,vertical,0.002087313292376214,6
2024-01-04 09:30:00-05:00,QQQ,-1,1.0,1.0,11414,392.07,392.030793,23.24158325428171,32.81095653548389,False,11419,390.58,390.619058,vertical,0.003601081918072735,6
2024-01-05 09:30:00-05:00,QQQ,-1,1.0,1.0,11421,392.91,392.87070900000003,23.27541112332471,40.303678625738335,False,11426,391.1,391.13911,vertical,0.004407554343788034,6
2024-01-08 09:30:00-05:00,QQQ,1,1.0,1.0,11428,395.38,395.419538,23.227306863407453,84.59918445777167,False,11433,399.1016777622476,399.0617675944714,upper,0.009211051160733064,6
2024-01-09 11:30:00-05:00,QQQ,1,1.0,1.0,11437,399.9,399.93998999999997,23.176302358187723,0.46375781018764706,False,11440,400.0,399.96,vertical,5.003250612678478e-05,4
2024-01-10 12:30:00-05:00,QQQ,1,1.0,1.0,11445,401.82,401.860182,23.06671401243919,18.44294505521678,False,11447,402.7,402.65972999999997,vertical,0.001989617373935104,3
2024-01-11 10:30:00-05:00,QQQ,1,1.0,1.0,11450,399.48,399.519948,23.247992704073887,71.13420484840263,False,11452,402.62000986215605,402.57974786116984,upper,0.007658691077847779,3
2024-01-12 09:30:00-05:00,QQQ,1,1.0,1.0,11456,403.62,403.660362,23.185756943567277,0.21486240959524314,False,11461,403.71,403.669629,vertical,2.295741884106306e-05,6
2024-01-12 11:30:00-05:00,GLD,1,1.0,1.0,11458,189.3602,189.37913601999998,49.3443347293995,16.376939610789698,False,11461,189.73,189.711027,vertical,0.0017525213546489837,4
2024-01-16 11:30:00-05:00,QQQ,1,1.0,1.0,11465,402.53,402.570253,23.28975569664052,24.905575657118355,False,11468,403.68,403.639632,vertical,0.002656378587416519,4
2024-01-18 09:30:00-05:00,QQQ,1,1.0,1.0,11477,405.48,405.520548,23.18173139468603,40.07479224181587,False,11482,407.29,407.249271,vertical,0.0042629726373322185,6
2024-01-19 09:30:00-05:00,QQQ,1,1.0,1.0,11484,409.87,409.910987,23.031203140216633,87.77456367703958,False,11487,413.7634783444179,413.72210199658343,upper,0.009297420946132062,4
2024-01-22 09:30:00-05:00,QQQ,1,1.0,1.0,11491,416.36,416.401636,22.88299793010597,-17.006781359642027,False,11496,415.7,415.65843,vertical,-0.001784829683041833,6
2024-01-22 13:30:00-05:00,GLD,1,1.0,1.0,11495,187.16,187.178716,50.83121581707378,1.9092458816978148,False,11496,187.235,187.21627650000002,vertical,0.00020066651167760519,2
2024-01-24 09:30:00-05:00,QQQ,1,1.0,1.0,11505,421.96,422.00219599999997,22.543532544088457,-52.62036972783686,False,11510,419.71,419.668029,vertical,-0.005531172638731929,6
2024-01-25 09:30:00-05:00,QQQ,1,1.0,1.0,11512,422.41,422.452241,22.394957231331052,-84.00325140137596,False,11515,418.7431257244408,418.7012514118684,lower,-0.00887908554882455,4
2024-01-29 14:30:00-05:00,QQQ,1,1.0,1.0,11531,421.94,421.982194,22.220834792080307,0.5688755915131923,False,11531,422.05,422.00779500000004,vertical,6.066843664043198e-05,1
2024-01-30 11:30:00-05:00,QQQ,1,1.0,1.0,11535,419.25,419.291925,22.36476529726895,-4.335163740457884,False,11538,419.14,419.09808599999997,vertical,-0.0004623008182187416,4
2024-02-01 09:30:00-05:00,QQQ,-1,1.0,1.0,11547,414.32,414.278568,22.624946241304563,-41.019864658496296,False,11552,416.05,416.091605,vertical,-0.004376371697799364,6
2024-02-02 09:30:00-05:00,GLD,-1,1.0,1.0,11554,188.16,188.141184,49.601104164764585,-24.189317675759444,False,11559,188.61,188.628861,vertical,-0.002592079998816166,6
2024-02-02 09:30:00-05:00,QQQ,1,1.0,1.0,11554,419.59,419.631959,22.238559921662546,85.86939351330922,False,11556,423.53559646542965,423.4932429057831,upper,0.009201596358353381,3
2024-02-05 09:30:00-05:00,QQQ,1,1.0,1.0,11561,420.65,420.69206499999996,22.329136493467473,35.630647760899414,False,11566,422.33,422.287767,vertical,0.0037930404035551035,6
2024-02-06 11:30:00-05:00,QQQ,1,1.0,1.0,11570,420.16,420.202016,22.439971322899577,29.078388039353488,False,11573,421.54,421.49784600000004,vertical,0.0030838262327614885,4
2024-02-07 09:30:00-05:00,QQQ,1,1.0,1.0,11575,426.43,426.472643,22.178209393149615,-14.531805962463208,False,11580,425.86,425.81741400000004,vertical,-0.001536391632041778,6
2024-02-07 09:30:00-05:00,SPY,1,1.0,1.0,11575,482.16,482.208216,19.614762384936103,-0.1263386845212804,False,11580,482.25,482.201775,vertical,-1.3357300407301764e-05,6
2024-02-08 10:30:00-05:00,DIA,1,1.0,1.0,11583,369.46,369.496946,25.55837479711391,43.345240128044956,False,11587,371.23,371.192877,vertical,0.004589837665397223,5
2024-02-09 09:30:00-05:00,QQQ,1,1.0,1.0,11589,429.21,429.25292099999996,22.101391063999316,34.12443729585952,False,11594,430.84,430.79691599999995,vertical,0.003596935336870999,6
2024-02-09 09:30:00-05:00,SPY,1,1.0,1.0,11589,483.81,483.858381,19.607155822697226,26.922409195742922,False,11594,485.28,485.231472,vertical,0.002837795218431971,6
2024-02-12 09:30:00-05:00,SPY,1,1.0,1.0,11596,485.43,485.478543,19.667467608092835,-9.578981096118032,False,11601,485.04,484.99149600000004,vertical,-0.0010032307442267019,6
2024-02-12 10:30:00-05:00,DIA,1,1.0,1.0,11597,372.19,372.227219,25.728048658388534,-8.089258690878555,False,11601,371.95,371.912805,vertical,-0.0008446829891824992,5
2024-02-12 10:30:00-05:00,QQQ,1,1.0,1.0,11597,432.23,432.27322300000003,22.154229068240582,-73.13750232462453,False,11599,429.01483595311464,428.97193446951934,lower,-0.007637041470136774,3
2024-02-12 13:30:00-05:00,QQQ,1,1.0,1.0,11600,429.45,429.49294499999996,22.02536111339402,-9.820095353851112,False,11601,429.09,429.04709099999997,vertical,-0.0010380938853372657,2
2024-02-15 12:30:00-05:00,QQQ,1,1.0,1.0,11620,428.51,428.552851,22.045140195348118,-6.077470384473233,False,11622,428.32,428.277168,vertical,-0.0006432882183764477,3
2024-02-15 12:30:00-05:00,SPY,1,1.0,1.0,11620,485.56,485.608556,19.454986047262175,7.059086047359607,False,11622,486.02,485.97139799999997,vertical,0.0007471902945630493,3
2024-02-15 14:30:00-05:00,DIA,1,1.0,1.0,11622,371.83,371.86718299999995,25.371608631009757,3.6944106759807522,False,11622,372.05,372.01279500000004,vertical,0.00039156991166944266,1
2024-02-16 09:30:00-05:00,QQQ,1,1.0,1.0,11624,424.91,424.952491,22.24291869782215,-12.343374087575945,False,11629,424.44,424.397556,vertical,-0.0013058753901974418,6
2024-02-16 09:30:00-05:00,TLT,1,1.0,1.0,11624,82.98,82.988298,113.89778963475068,6.081800273127228,False,11629,83.05,83.041695,vertical,0.0006434280650027269,6
2024-02-16 13:30:00-05:00,SPY,1,1.0,1.0,11628,486.67,486.718667,19.557312309676302,-64.45657470036367,False,11629,483.47123535395093,483.42288823041554,lower,-0.006771424629958611,2
2024-02-22 09:30:00-05:00,DIA,1,1.0,1.0,11645,373.26,373.297326,25.131349478874082,58.70671701340193,False,11648,375.6708884981991,375.63332140934926,upper,0.006257734108037205,4
2024-02-22 09:30:00-05:00,QQQ,1,1.0,1.0,11645,429.75,429.792975,21.82787087023744,44.612610115813396,False,11650,431.88,431.836812,vertical,0.00475539880566922,6
2024-02-22 09:30:00-05:00,SPY,1,1.0,1.0,11645,489.31,489.358931,19.17092948536621,38.7622007706287,False,11650,491.43,491.380857,vertical,0.004131785223308926,6
2024-02-22 09:30:00-05:00,TLT,-1,1.0,1.0,11645,82.81,82.801719,113.30037193110915,-9.808299897702264,False,11650,82.88,82.88828799999999,vertical,-0.0010454976182316944,6
2024-02-22 13:30:00-05:00,DIA,1,1.0,1.0,11649,375.66,375.697566,25.443376382316057,-22.51868571054459,False,11650,374.85,374.812515,vertical,-0.0023557538831645575,2
2024-02-23 09:30:00-05:00,DIA,1,1.0,1.0,11652,376.81,376.847681,25.185825945222636,-34.3845207126753,False,11657,375.52,375.482448,vertical,-0.0036227713976566545,6
2024-02-23 09:30:00-05:00,TLT,1,1.0,1.0,11652,83.32,83.32833199999999,113.90147712937282,63.61686748941893,False,11653,83.8952469195572,83.88685739486525,upper,0.006702707008046982,2
2024-02-26 10:30:00-05:00,TLT,1,1.0,1.0,11660,83.72,83.728372,113.70640824478862,2.643901404509371,False,11664,83.76,83.751624,vertical,0.0002777075374165161,5
2024-02-27 11:30:00-05:00,TLT,1,1.0,1.0,11668,83.32,83.32833199999999,114.28401506594466,-15.617139226789616,False,11671,83.2,83.19168,vertical,-0.0016399224215838393,4
2024-02-29 09:30:00-05:00,QQQ,1,1.0,1.0,11680,431.66,431.703166,22.023186205869166,23.643035597683397,False,11685,432.82,432.776718,vertical,0.0024867827816672516,6
2024-02-29 09:30:00-05:00,SPY,1,1.0,1.0,11680,491.58,491.62915799999996,19.33872117992084,3.899730480816126,False,11685,491.88,491.830812,vertical,0.0004101750205791621,6
2024-02-29 09:30:00-05:00,TLT,1,1.0,1.0,11680,84.32,84.32843199999999,112.74346012364191,-4.155949427077608,False,11685,84.3,84.29157,vertical,-0.0004371242192668934,6
2024-03-01 09:30:00-05:00,DIA,1,1.0,1.0,11687,374.8,374.83748,25.4266623154458,16.39938354026715,False,11692,375.52,375.482448,vertical,0.0017206603779322815,6
2024-03-01 09:30:00-05:00,QQQ,1,1.0,1.0,11687,435.61,435.653561,21.8771677322125,87.30778669925675,False,11690,439.68834746561856,439.644378630872,upper,0.00916053026563457,4
2024-03-01 09:30:00-05:00,SPY,1,1.0,1.0,11687,494.17,494.219417,19.2846855046423,44.372634279454665,False,11692,496.57,496.520343,vertical,0.004655677055278584,6
2024-03-01 09:30:00-05:00,TLT,1,1.0,1.0,11687,84.54,84.548454,112.72667418771098,28.527175803312215,False,11692,84.81,84.801519,vertical,0.0029931357467516406,6
2024-03-04 09:30:00-05:00,GLD,1,1.0,1.0,11694,194.58,194.599458,49.88437844187089,65.50106001782312,False,11694,195.93210876644287,195.91251555556622,upper,0.006747488246170885,1
2024-03-04 09:30:00-05:00,TLT,1,1.0,1.0,11694,84.24,84.248424,115.22438695654367,26.861915658017704,False,11699,84.49,84.481551,vertical,0.002767137816132914,6
2024-03-04 10:30:00-05:00,GLD,1,1.0,1.0,11695,195.73,195.749573,49.95626161827926,12.030766660483643,False,11699,196.01,195.990399,vertical,0.0012302759914577521,5
2024-03-05 09:30:00-05:00,GLD,1,1.0,1.0,11701,197.37,197.389737,49.70808968549001,-10.163191746870552,False,11706,197.205,197.1852795,vertical,-0.001035806132109074,6
2024-03-05 09:30:00-05:00,SPY,1,1.0,1.0,11701,492.28,492.32922799999994,19.92948253275608,-62.84281883226304,False,11705,489.2248915558654,489.1759690667098,lower,-0.006404777035277198,5
2024-03-05 09:30:00-05:00,TLT,1,1.0,1.0,11701,85.61,85.618561,114.59976242524428,8.350770088164802,False,11706,85.7,85.69143,vertical,0.0008510888193973276,6
2024-03-06 09:30:00-05:00,GLD,1,1.0,1.0,11708,198.24,198.259824,49.1638260977187,25.57974206333874,False,11713,198.8,198.78012,vertical,0.00262431383980255,6
2024-03-06 11:30:00-05:00,TLT,1,1.0,1.0,11710,86.13,86.13861299999999,113.31719531449933,4.8463498092115795,False,11713,86.19,86.181381,vertical,0.0004965020739307047,4
2024-03-07 09:30:00-05:00,QQQ,-1,1.0,1.0,11715,437.42,437.376258,22.355208867265187,-40.6341018840453,False,11720,439.15,439.19391499999995,vertical,-0.004155819998807431,6
2024-03-07 09:30:00-05:00,SPY,1,1.0,1.0,11715,497.86,497.909786,19.637367804562224,11.200388738377743,False,11720,498.53,498.480147,vertical,0.0011455107251094887,6
2024-03-08 09:30:00-05:00,QQQ,1,1.0,1.0,11722,442.09,442.134209,22.048065247145804,-100.09667739628566,False,11722,437.6380425984,437.59427879414017,lower,-0.010268217463036966,1
2024-03-08 10:30:00-05:00,DIA,1,1.0,1.0,11723,373.75,373.787375,25.811752498678995,-38.57845177854634,False,11727,372.33,372.29276699999997,vertical,-0.003998551315437138,5
2024-03-08 10:30:00-05:00,QQQ,1,1.0,1.0,11723,436.54,436.583654,22.09910316667722,-86.11859180601007,False,11727,432.73,432.686727,vertical,-0.008925957177498889,5
2024-03-08 10:30:00-05:00,SPY,1,1.0,1.0,11723,498.42,498.469842,19.355448209103315,-58.05461522569624,False,11727,495.52,495.470448,vertical,-0.0060172025412121855,5
2024-03-08 11:30:00-05:00,TLT,1,1.0,1.0,11724,86.16,86.168616,111.89659385108007,-24.305282943581197,False,11727,85.96,85.951404,vertical,-0.002520778562812298,4
2024-03-11 11:30:00-04:00,DIA,-1,1.0,1.0,11731,371.82,371.782818,25.393992975966622,-27.030965945176085,False,11734,372.81,372.847281,vertical,-0.0028631312380875684,4
2024-03-12 09:30:00-04:00,DIA,1,1.0,1.0,11736,374.61,374.647461,25.12767410141851,8.167448934575601,False,11741,375.01,374.97249899999997,vertical,0.0008675836188303254,6
2024-03-12 09:30:00-04:00,QQQ,-1,1.0,1.0,11736,434.7,434.65653,21.658524957469066,-59.283822806209486,False,11741,437.35,437.393735,vertical,-0.006297397625660839,6
2024-03-12 09:30:00-04:00,SPY,1,1.0,1.0,11736,498.72,498.769872,18.87447464535689,30.012056765411277,False,11741,500.41,500.359959,vertical,0.003188017338785709,6
2024-03-12 09:30:00-04:00,TLT,-1,1.0,1.0,11736,85.45,85.441455,110.18093386789704,27.86883486974459,False,11741,85.18,85.188518,vertical,0.002960354549205735,6
2024-03-13 09:30:00-04:00,DIA,1,1.0,1.0,11743,376.47,376.507647,25.02149397431873,-53.155302833556775,False,11747,374.4207034166268,374.3832613462851,lower,-0.005642343975326813,5
2024-03-13 09:30:00-04:00,QQQ,1,1.0,1.0,11743,434.3,434.34343,21.689711804079604,-9.691483787145899,False,11748,433.94,433.896606,vertical,-0.0010287343358686973,6
2024-03-13 12:30:00-04:00,SPY,1,1.0,1.0,11746,500.72,500.770072,18.861104069453557,-22.63396616088294,False,11748,499.62,499.570038,vertical,-0.0023963772339813394,3
2024-03-13 14:30:00-04:00,DIA,1,1.0,1.0,11748,374.74,374.777474,24.851267637939525,16.525546251342227,False,11748,375.48,375.442452,vertical,0.0017743275573707251,1
2024-03-14 09:30:00-04:00,SPY,1,1.0,1.0,11750,498.72,498.769872,18.749786503073263,-3.932448972649597,False,11755,498.61,498.560139,vertical,-0.0004205005389740224,6
2024-03-15 09:30:00-04:00,QQQ,-1,1.0,1.0,11757,428.93,428.887107,21.795703374204088,25.377587471017065,False,11762,427.68,427.72276800000003,vertical,0.002714791330857058,6
2024-03-18 09:30:00-04:00,QQQ,1,1.0,1.0,11764,435.11,435.15351100000004,21.54015425757083,-73.38062810772453,False,11769,431.79,431.746821,vertical,-0.007828708522128913,6
2024-03-18 09:30:00-04:00,SPY,1,1.0,1.0,11764,500.38,500.43003799999997,18.73043790521533,-43.82645259339297,False,11769,498.14,498.090186,vertical,-0.004675682557648497,6
2024-03-18 10:30:00-04:00,TLT,-1,1.0,1.0,11765,83.2,83.19168,112.22949807067431,-0.7450916376903913,False,11769,83.19,83.198319,vertical,-7.980365344217866e-05,5
2024-03-19 09:30:00-04:00,QQQ,-1,1.0,1.0,11771,428.24,428.197176,21.614625455457784,-106.90177673824367,False,11773,433.0996735350037,433.1429835023572,upper,-0.011550303877662982,3
2024-03-19 10:30:00-04:00,DIA,1,1.0,1.0,11772,374.82,374.857482,24.612235954403552,31.132066483197118,False,11776,376.16,376.122384,vertical,0.0033743544166473516,5
2024-03-19 11:30:00-04:00,SPY,1,1.0,1.0,11773,499.24,499.289924,18.43755329912804,29.68411049808355,False,11776,500.95,500.899905,vertical,0.0032245413388314326,4
2024-03-19 12:30:00-04:00,QQQ,1,1.0,1.0,11774,432.41,432.45324100000005,21.22751731130878,8.35239123647902,False,11776,432.89,432.84671099999997,vertical,0.0009098555929192287,3
2024-03-19 12:30:00-04:00,TLT,-1,1.0,1.0,11774,83.48,83.471652,109.9763625099823,3.663202658845297,False,11776,83.43,83.438343,vertical,0.0003990456544457066,3
2024-03-20 09:30:00-04:00,SPY,1,1.0,1.0,11778,501.51,501.56015099999996,18.385135972381306,61.11524043324099,False,11782,504.93481029220675,504.88431681117754,upper,0.006627651348596775,5
2024-03-20 11:30:00-04:00,TLT,1,1.0,1.0,11780,83.72,83.728372,109.9967644659888,-52.4267270659776,False,11781,83.26007737875393,83.25175137101606,lower,-0.00569246263362122,2
2024-03-20 13:30:00-04:00,DIA,1,1.0,1.0,11782,377.73,377.76777300000003,24.329455531423655,43.783777761984645,False,11782,379.60535365861256,379.5673931232467,upper,0.004763826487778955,1
2024-03-20 13:30:00-04:00,QQQ,1,1.0,1.0,11782,435.36,435.40353600000003,21.10888744460827,54.93923588769588,False,11783,438.05,438.006195,vertical,0.0059775789234746135,2
2024-03-20 14:30:00-04:00,DIA,1,1.0,1.0,11783,380.05,380.088005,24.547528257088487,-4.074914238206201,False,11783,379.96,379.92200399999996,vertical,-0.00043674359047463085,1
2024-03-20 14:30:00-04:00,SPY,1,1.0,1.0,11783,505.43,505.480543,18.458121033786043,-1.1276066139535976,False,11783,505.47,505.41945300000003,vertical,-0.00012085529472094514,1
2024-03-21 09:30:00-04:00,DIA,1,1.0,1.0,11785,383.41,383.448341,24.314776160755066,-21.80062830573384,False,11790,382.59,382.551741,vertical,-0.0023382549984746204,6
2024-03-21 09:30:00-04:00,QQQ,1,1.0,1.0,11785,442.39,442.434239,21.073099138305793,-51.80275629884769,False,11790,440.02,439.975998,vertical,-0.005556172608964793,6
2024-03-21 09:30:00-04:00,SPY,1,1.0,1.0,11785,508.73,508.780873,18.32510040256148,-31.548199651442488,False,11790,507.11,507.05928900000004,vertical,-0.0033837435551551387,6
2024-03-21 11:30:00-04:00,TLT,1,1.0,1.0,11787,83.58,83.588358,111.74409232077986,-4.102572605463911,False,11790,83.56,83.55164400000001,vertical,-0.0004392238450238173,4
2024-03-22 09:30:00-04:00,DIA,1,1.0,1.0,11792,381.51,381.54815099999996,24.149524508549888,-49.65393394012757,False,11797,379.53,379.49204699999996,vertical,-0.005388845404206921,6
2024-03-22 09:30:00-04:00,TLT,1,1.0,1.0,11792,84.34,84.348434,109.2398043070532,2.5264981940135063,False,11797,84.38,84.371562,vertical,0.0002741959619547707,6
2024-03-22 10:30:00-04:00,GLD,1,1.0,1.0,11793,200.83,200.850083,45.846594767013386,-24.304059278105676,False,11797,200.34,200.319966,vertical,-0.002639366596627335,5
2024-03-25 10:30:00-04:00,TLT,1,1.0,1.0,11800,84.0,84.0084,108.83167550795126,-5.092995918745375,False,11804,83.97,83.961603,vertical,-0.0005570514377133406,5
2024-03-27 09:30:00-04:00,DIA,-1,1.0,1.0,11813,380.0,379.962,24.048936295796494,-50.46874622819179,False,11818,382.02238314639584,382.06058538471046,upper,-0.005523145432202448,6
2024-03-27 09:30:00-04:00,TLT,1,1.0,1.0,11813,84.47,84.478447,108.16583705454987,48.23734599680942,False,11815,84.93289760225699,84.92440431249676,upper,0.005278947806613532,3
2024-03-28 10:30:00-04:00,TLT,1,1.0,1.0,11821,85.21,85.218521,107.20029431855599,-26.4805095022748,False,11825,84.98,84.971502,vertical,-0.002898653920548444,5
2024-03-28 14:30:00-04:00,DIA,1,1.0,1.0,11825,383.32,383.35833199999996,23.752171895974723,-18.20829621459328,False,11825,382.63,382.591737,vertical,-0.001999682636348532,1
2024-04-01 09:30:00-04:00,DIA,1,1.0,1.0,11827,380.66,380.69806600000004,23.879190725584547,-10.413619558665006,False,11832,380.3,380.26197,vertical,-0.0011455167203292538,6
2024-04-01 09:30:00-04:00,TLT,-1,1.0,1.0,11827,83.53,83.521647,108.84318082083767,15.598316243434203,False,11832,83.37,83.378337,vertical,0.001715842600661377,6
2024-04-01 10:30:00-04:00,SPY,1,1.0,1.0,11828,507.07,507.120707,17.918460158238872,0.8703175283465031,False,11832,507.22,507.169278,vertical,9.577798604865073e-05,5
2024-04-01 12:30:00-04:00,QQQ,1,1.0,1.0,11830,438.13,438.173813,20.728670682481475,20.775621121577764,False,11832,439.22,439.176078,vertical,0.0022873685516209274,3
2024-04-02 09:30:00-04:00,DIA,-1,1.0,1.0,11834,376.48,376.442352,24.220421304268836,-7.879411679125412,False,11839,376.73,376.767673,vertical,-0.0008641987233146686,6
2024-04-02 09:30:00-04:00,TLT,-1,1.0,1.0,11834,82.82,82.811718,110.10026820370842,-17.239279794799828,False,11839,82.96,82.968296,vertical,-0.001890771062133867,6
2024-04-02 10:30:00-04:00,GLD,1,1.0,1.0,11835,208.79,208.810879,43.68957752381116,77.6126203389972,False,11838,210.6083960275047,210.58733518790197,upper,0.008507488673049401,4
2024-04-03 09:30:00-04:00,QQQ,-1,1.0,1.0,11841,437.26,437.216274,20.97379909302036,17.88314200627113,False,11846,436.32,436.363632,vertical,0.0019501607115384179,6
2024-04-03 09:30:00-04:00,TLT,-1,1.0,1.0,11841,82.25,82.241775,111.50156098983688,-75.43259003459963,False,11846,82.91,82.918291,vertical,-0.008225941135146853,6
2024-04-04 09:30:00-04:00,DIA,-1,1.0,1.0,11848,377.98,377.942202,24.110927001072543,50.68806305232578,False,11851,375.80233581739316,375.83991605097486,lower,0.005562453565387093,4
2024-04-04 09:30:00-04:00,QQQ,1,1.0,1.0,11848,439.8,439.84398,20.717657299860313,-77.75363901793335,False,11851,436.13458036912664,436.0909669110897,lower,-0.008532600784737943,4
2024-04-04 09:30:00-04:00,SPY,1,1.0,1.0,11848,507.9,507.95079,17.939802481745552,-56.75450850363962,False,11851,504.8376654402322,504.78718167368817,lower,-0.006228178769663528,4
2024-04-04 09:30:00-04:00,TLT,-1,1.0,1.0,11848,83.21,83.201679,109.52347299441654,-30.301640226419323,False,11853,83.47,83.478347,vertical,-0.003325269433565259,6
2024-04-04 13:30:00-04:00,DIA,-1,1.0,1.0,11852,374.2,374.16258,24.136810041101413,59.42373528473348,False,11852,371.66345885629545,371.7006252021811,lower,0.006579906515020606,1
2024-04-04 13:30:00-04:00,QQQ,1,1.0,1.0,11852,435.69,435.733569,20.72617709641832,-84.7210226634063,False,11852,431.6891040805279,431.64593517011986,lower,-0.009381039517476597,1
2024-04-04 13:30:00-04:00,SPY,1,1.0,1.0,11852,503.12,503.170312,17.948378317575322,-65.5367527687007,False,11852,499.56886642514405,499.51890953850153,lower,-0.0072567923313776594,1
2024-04-04 14:30:00-04:00,QQQ,-1,1.0,1.0,11853,430.4,430.35695999999996,20.710426548120502,14.994369531265523,False,11853,429.59,429.63295899999997,vertical,0.0016823266899180789,1
2024-04-05 09:30:00-04:00,TLT,1,1.0,1.0,11855,82.94,82.94829399999999,107.56791993497585,-67.39420617310016,False,11860,82.33,82.321767,vertical,-0.007553223457495095,6
2024-04-05 10:30:00-04:00,DIA,-1,1.0,1.0,11856,374.0,373.9626,23.762231479373483,-5.579752147061121,False,11860,374.16,374.19741600000003,vertical,-0.0006279130586857029,5
2024-04-05 11:30:00-04:00,QQQ,-1,1.0,1.0,11857,436.22,436.17637800000006,20.332892452427224,27.30502094147299,False,11860,434.79,434.833479,vertical,0.0030787980911705093,4
2024-04-09 09:30:00-04:00,DIA,1,1.0,1.0,11869,373.41,373.447341,23.77016927362765,15.575284565697661,False,11874,374.14,374.102586,vertical,0.0017545847247042445,6
2024-04-09 10:30:00-04:00,QQQ,1,1.0,1.0,11870,433.28,433.32332799999995,20.413927019151377,64.3655201699252,False,11874,436.52,436.476348,vertical,0.007276368005740164,5
2024-04-10 09:30:00-04:00,TLT,-1,1.0,1.0,11876,81.96,81.951804,109.29408357004284,77.78398846534466,False,11878,81.23198639005743,81.24010958869643,lower,0.00868430439070711,3
2024-04-11 09:30:00-04:00,TLT,-1,1.0,1.0,11883,80.74,80.731926,111.90902721133043,-18.595139688516007,False,11888,80.89,80.898089,vertical,-0.002058206811515806,6
2024-04-11 10:30:00-04:00,QQQ,-1,1.0,1.0,11884,434.1,434.05659,20.838109272324473,-80.67712622008017,False,11885,437.88441606841155,437.9282045100184,upper,-0.00891960771755218,2
2024-04-11 12:30:00-04:00,DIA,-1,1.0,1.0,11886,370.19,370.152981,24.108827254794917,4.483952563465012,False,11888,369.93,369.966993,vertical,0.0005024625210299227,3
2024-04-11 12:30:00-04:00,QQQ,1,1.0,1.0,11886,437.99,438.033799,20.37275273540338,32.64189673350382,False,11888,439.68,439.636032,vertical,0.0036577839510507637,3
2024-04-11 12:30:00-04:00,SPY,1,1.0,1.0,11886,502.66,502.71026600000005,17.751684977080583,7.26784160826073,False,11888,503.17,503.119683,vertical,0.0008144194135075722,3
2024-04-12 12:30:00-04:00,QQQ,-1,1.0,1.0,11893,431.63,431.586837,20.806363769045504,-21.98032123198626,False,11895,432.6,432.64326,vertical,-0.00244776464301677,3
2024-04-15 09:30:00-04:00,TLT,-1,1.0,1.0,11897,79.83,79.822017,112.22182480457442,-29.849995401593517,False,11902,80.08,80.088008,vertical,-0.0033323011619714737,6
2024-04-15 12:30:00-04:00,QQQ,-1,1.0,1.0,11900,427.19,427.147281,20.940159372724285,35.697548229218825,False,11902,425.4,425.44253999999995,vertical,0.003990991107350794,3
2024-04-16 09:30:00-04:00,GLD,1,1.0,1.0,11904,219.07,219.091907,40.91260185228744,105.63208659304502,False,11906,221.69597268333058,221.67380308606226,upper,0.011784534268818314,3
2024-04-16 14:30:00-04:00,DIA,1,1.0,1.0,11909,364.92,364.956492,24.85022802866713,-33.61878008995127,False,11909,363.64,363.603636,vertical,-0.0037068966566020656,1
2024-04-17 10:30:00-04:00,QQQ,-1,1.0,1.0,11912,422.96,422.91770399999996,21.364991773086143,55.67026766831887,False,11916,420.27,420.312027,vertical,0.006161191587288006,5
2024-04-18 09:30:00-04:00,DIA,1,1.0,1.0,11918,365.65,365.686565,24.860917530073323,-69.7377073155852,False,11920,362.91774279442626,362.8814510201468,lower,-0.007670814977447038,3
2024-04-18 12:30:00-04:00,QQQ,-1,1.0,1.0,11921,418.9,418.85810999999995,21.538477139681532,20.382356302253765,False,11923,417.87,417.911787,vertical,0.0022592925322609814,3
2024-04-19 09:30:00-04:00,DIA,1,1.0,1.0,11925,365.35,365.38653500000004,24.746254492677092,3.3879849563365916,False,11930,365.56,365.523444,vertical,0.00037469634725306733,6
2024-04-19 09:30:00-04:00,QQQ,-1,1.0,1.0,11925,413.92,413.87860800000004,21.846860428474876,78.48898702557449,False,11926,410.2448939668338,410.2859184562305,lower,0.008680539352180161,2
2024-04-19 11:30:00-04:00,QQQ,-1,1.0,1.0,11927,409.97,409.929003,22.18021198656979,13.930881003889214,False,11930,409.26,409.300926,vertical,0.0015321604360841734,4
2024-04-22 09:30:00-04:00,DIA,1,1.0,1.0,11932,366.52,366.556652,24.928632413123594,62.37670444900823,False,11935,369.0957728263911,369.05886324910847,upper,0.006826260648813642,4
2024-04-23 09:30:00-04:00,QQQ,1,1.0,1.0,11939,418.6,418.64186,21.976141470282677,20.573580169365943,False,11944,419.62,419.578038,vertical,0.002236226449022549,6
2024-04-23 09:30:00-04:00,SPY,1,1.0,1.0,11939,489.84,489.888984,18.78003596982755,22.19619963288365,False,11944,491.12,491.070888,vertical,0.002412595585125521,6
2024-04-23 09:30:00-04:00,TLT,1,1.0,1.0,11939,80.53,80.538053,114.23336420539336,-41.81752186803151,False,11944,80.18,80.17198200000001,vertical,-0.004545317230353119,6
2024-04-23 10:30:00-04:00,DIA,1,1.0,1.0,11940,370.14,370.177014,24.860303530110848,11.582862900143297,False,11944,370.68,370.64293200000003,vertical,0.0012586356861155057,5
2024-04-24 09:30:00-04:00,QQQ,1,1.0,1.0,11946,422.54,422.58225400000003,21.80088674896564,-37.59222826025908,False,11951,420.9,420.85791,vertical,-0.004080493167136212,6
2024-04-25 09:30:00-04:00,QQQ,1,1.0,1.0,11953,415.7,415.74156999999997,22.06918022009773,68.1174737240825,False,11958,418.87,418.82811300000003,vertical,0.007424186616700412,6
2024-04-25 14:30:00-04:00,DIA,-1,1.0,1.0,11958,367.12,367.083288,25.228908779856553,10.763308437115052,False,11958,366.62,366.656662,vertical,0.0011622049108375165,1
2024-04-26 09:30:00-04:00,QQQ,1,1.0,1.0,11960,424.43,424.472443,21.801077002960053,20.602257579643528,False,11965,425.46,425.41745399999996,vertical,0.0022263188472755324,6
2024-04-26 12:30:00-04:00,DIA,-1,1.0,1.0,11963,368.66,368.62313400000005,25.234079651802226,16.057429011550138,False,11965,367.95,367.986795,vertical,0.0017262589927415917,3
2024-04-29 09:30:00-04:00,TLT,1,1.0,1.0,11967,79.98,79.987998,116.15012669861754,19.04699467679882,False,11972,80.16,80.151984,vertical,0.0020501325711388407,6
2024-04-29 11:30:00-04:00,QQQ,1,1.0,1.0,11969,427.15,427.19271499999996,21.75404989562238,-2.511004717301008,False,11972,427.12,427.077288,vertical,-0.0002701988960648327,4
2024-04-30 09:30:00-04:00,DIA,1,1.0,1.0,11974,367.5,367.53675,25.323051618724566,-74.13162127302493,False,11979,364.64577824869735,364.6093136708725,lower,-0.0079650166388191,6
2024-04-30 10:30:00-04:00,QQQ,1,1.0,1.0,11975,424.03,424.07240299999995,21.88815991132413,-92.56697904656193,False,11979,419.88530240527155,419.843313875031,lower,-0.009972563871289974,5
2024-04-30 10:30:00-04:00,TLT,1,1.0,1.0,11975,79.78,79.787978,116.3353778791523,-33.26365826160766,False,11979,79.51,79.502049,vertical,-0.0035836100521308145,5
2024-05-01 09:30:00-04:00,TLT,1,1.0,1.0,11981,79.96,79.967996,113.88543278547422,65.62478943109303,False,11985,80.55228637852494,80.54423114988708,upper,0.007205822062704703,5
2024-05-01 14:30:00-04:00,DIA,-1,1.0,1.0,11986,368.2,368.16318,24.9150787508902,64.89118443973517,False,11986,365.5221333321824,365.55868554551563,lower,0.007074293671855969,1
2024-05-02 09:30:00-04:00,TLT,-1,1.0,1.0,11988,79.77,79.762023,115.81584142265173,-66.54139685381023,False,11990,80.32853501045221,80.33656786395326,upper,-0.0072032383626134955,3
2024-05-02 12:30:00-04:00,DIA,1,1.0,1.0,11991,367.34,367.376734,24.963922757460438,13.891649132922492,False,11993,367.97,367.93320300000005,vertical,0.001514709420874949,3
2024-05-03 09:30:00-04:00,DIA,1,1.0,1.0,11995,371.44,371.477144,24.72576363835997,17.941805320430884,False,12000,372.24,372.20277600000003,vertical,0.0019533691687907417,6
2024-05-03 09:30:00-04:00,QQQ,1,1.0,1.0,11995,428.44,428.482844,21.436228283615975,27.956550149328116,False,12000,429.83,429.787017,vertical,0.003043699457894622,6
2024-05-03 09:30:00-04:00,SPY,1,1.0,1.0,11995,495.03,495.079503,18.552689020528913,27.287981460888005,False,12000,496.6,496.55034,vertical,0.0029709107145161617,6
2024-05-03 09:30:00-04:00,TLT,1,1.0,1.0,11995,80.8,80.80807999999999,113.66506987416372,42.48811678403392,False,12000,81.19,81.181881,vertical,0.004625787421258076,6
2024-05-06 09:30:00-04:00,DIA,1,1.0,1.0,12002,373.47,373.50734700000004,24.901064431569782,8.846426853150849,False,12007,373.9,373.86260999999996,vertical,0.0009511539809146097,6
2024-05-06 09:30:00-04:00,QQQ,1,1.0,1.0,12002,432.11,432.153211,21.521835952091752,51.93924931459045,False,12007,434.61,434.56653900000003,vertical,0.005584426861981573,6
2024-05-06 09:30:00-04:00,SPY,1,1.0,1.0,12002,499.54,499.58995400000003,18.616728456696894,39.465044153496834,False,12007,501.76,501.70982399999997,vertical,0.004243219830637246,6
2024-05-06 12:30:00-04:00,TLT,1,1.0,1.0,12005,81.46,81.46814599999999,114.23544576343237,3.850077228566893,False,12007,81.51,81.501849,vertical,0.0004136954337958798,3
2024-05-07 09:30:00-04:00,TLT,1,1.0,1.0,12009,82.2,82.20822,114.40256595826426,-20.183358296618874,False,12014,82.04,82.03179600000001,vertical,-0.0021460627659859455,6
2024-05-07 10:30:00-04:00,QQQ,1,1.0,1.0,12010,435.78,435.82357799999994,21.632412601184598,-27.841693784577,False,12014,434.58,434.536542,vertical,-0.002953112371538391,5
2024-05-08 10:30:00-04:00,TLT,1,1.0,1.0,12017,81.67,81.678167,114.55700589828737,-16.76209566004335,False,12021,81.54,81.531846,vertical,-0.0017914334438969837,5
2024-05-08 13:30:00-04:00,DIA,1,1.0,1.0,12020,375.7,375.73757,24.903062639629336,1.1168525532621407,False,12021,375.82,375.782418,vertical,0.00011935990324318801,2
2024-05-09 09:30:00-04:00,DIA,1,1.0,1.0,12023,377.46,377.49774599999995,24.74494514113873,42.9158264717973,False,12028,379.27,379.232073,vertical,0.004594271140363482,6
2024-05-09 10:30:00-04:00,SPY,1,1.0,1.0,12024,504.42,504.470442,18.534534816275084,12.400326638945828,False,12028,505.19,505.139481,vertical,0.0013262204170922942,5
2024-05-10 09:30:00-04:00,QQQ,1,1.0,1.0,12030,435.82,435.863582,21.55829841453527,8.898963769341984,False,12035,436.32,436.276368,vertical,0.0009470531997783915,6
2024-05-10 14:30:00-04:00,DIA,1,1.0,1.0,12035,380.54,380.578054,24.724364450589707,-7.56775709285865,False,12035,380.31,380.271969,vertical,-0.0008042634008528227,1
2024-05-13 09:30:00-04:00,GLD,1,1.0,1.0,12037,217.03,217.051703,43.29755650643638,-34.34929380080746,False,12042,216.28,216.258372,vertical,-0.003655032368025224,6
2024-05-13 09:30:00-04:00,TLT,1,1.0,1.0,12037,81.8,81.80818,114.87614533730915,-13.36583950999395,False,12042,81.7,81.69183000000001,vertical,-0.0014222294152000936,6
2024-05-13 12:30:00-04:00,DIA,1,1.0,1.0,12040,379.8,379.83798,24.66516556886966,-4.093208891319658,False,12042,379.71,379.672029,vertical,-0.0004368994380182789,3
2024-05-14 09:30:00-04:00,QQQ,1,1.0,1.0,12044,439.05,439.093905,21.284740978717583,22.180339024879213,False,12049,440.18,440.135982,vertical,0.002373244055847268,6
2024-05-14 12:30:00-04:00,TLT,1,1.0,1.0,12047,82.02,82.028202,113.66814590349091,10.637633434378705,False,12049,82.13,82.121787,vertical,0.0011408881057761722,3
2024-05-14 14:30:00-04:00,DIA,1,1.0,1.0,12049,381.08,381.118108,24.626076180442226,-9.017748958286811,False,12049,380.79,380.75192100000004,vertical,-0.0009608228848574374,1
2024-05-15 09:30:00-04:00,DIA,1,1.0,1.0,12051,382.34,382.37823399999996,24.504010489152467,46.62563001532039,False,12056,384.31944141169004,384.28100946754887,upper,0.0049761605090443695,6
2024-05-15 09:30:00-04:00,QQQ,1,1.0,1.0,12051,443.12,443.164312,21.142948570189912,66.1719549671733,False,12054,446.33868696168975,446.2940530929936,upper,0.007062258869332316,4
2024-05-15 09:30:00-04:00,TLT,1,1.0,1.0,12051,83.01,83.01830100000001,112.86427382752142,29.725063797953727,False,12056,83.29,83.281671,vertical,0.0031724330277489443,6
2024-05-16 09:30:00-04:00,TLT,1,1.0,1.0,12058,83.5,83.50835,113.90864393249349,-36.07145027410132,False,12063,83.2,83.19168,vertical,-0.00379207588223196,6
2024-05-16 10:30:00-04:00,DIA,1,1.0,1.0,12059,385.73,385.768573,24.62906689500931,-38.59367393727927,False,12063,384.24,384.201576,vertical,-0.004062013107532292,5
2024-05-17 09:30:00-04:00,TLT,1,1.0,1.0,12065,82.84,82.848284,113.91494579813701,-26.94612476876659,False,12070,82.62,82.611738,vertical,-0.0028551707842253693,6
2024-05-20 09:30:00-04:00,QQQ,1,1.0,1.0,12072,448.7,448.74487,20.971184933122235,4.828153964783096,False,12077,449.02,448.975098,vertical,0.0005130487619835478,6
2024-05-23 09:30:00-04:00,QQQ,1,1.0,1.0,12093,452.49,452.535249,20.80620201703819,-60.871031512167434,False,12096,449.6545949032484,449.6096294437581,lower,-0.006464953973655985,4
2024-05-24 09:30:00-04:00,QQQ,1,1.0,1.0,12100,451.11,451.15511100000003,20.73492807889859,18.032793721511748,False,12105,452.07,452.024793,vertical,0.0019276784830659643,6
2024-05-24 09:30:00-04:00,TLT,-1,1.0,1.0,12100,82.5,82.49175,113.4012647205631,-13.212381352591787,False,12105,82.6,82.60825999999999,vertical,-0.0014123836626085406,6
2024-05-28 10:30:00-04:00,QQQ,1,1.0,1.0,12108,453.32,453.36533199999997,20.64447484348325,6.385253491191531,False,12112,453.72,453.67462800000004,vertical,0.0006822224333642435,5
2024-05-29 09:30:00-04:00,QQQ,1,1.0,1.0,12114,451.65,451.695165,20.73494509261046,-23.435174052239432,False,12119,450.61,450.56493900000004,vertical,-0.002502187509578313,6
2024-05-31 09:30:00-04:00,TLT,1,1.0,1.0,12128,81.86,81.868186,114.11562570618557,-4.1503853069329315,False,12133,81.84,81.831816,vertical,-0.0004442507129691631,6
2024-05-31 11:30:00-04:00,QQQ,-1,1.0,1.0,12130,437.75,437.706225,21.295023409094167,-71.49850367303368,False,12132,441.01964475782955,441.0637467223053,upper,-0.007670719607209886,3
2024-05-31 12:30:00-04:00,DIA,-1,1.0,1.0,12131,369.52,369.483048,25.083476768168538,-57.76368489671989,False,12133,371.74873111705426,371.785905990166,upper,-0.006232648568401888,3
2024-06-03 09:30:00-04:00,TLT,1,1.0,1.0,12135,82.74,82.748274,111.28965296537417,34.880291742754174,False,12140,83.07,83.06169299999999,vertical,0.003787619787694929,6
2024-06-03 10:30:00-04:00,DIA,1,1.0,1.0,12136,371.23,371.267123,24.855791025398243,25.990259039379136,False,12140,372.35,372.312765,vertical,0.0028164142075137732,5
2024-06-03 11:30:00-04:00,QQQ,-1,1.0,1.0,12137,443.69,443.645631,20.713724023777495,-76.00064196074642,False,12140,447.27,447.314727,vertical,-0.008270330515212532,4
2024-06-04 09:30:00-04:00,DIA,1,1.0,1.0,12142,373.21,373.247321,24.632183778661553,6.78180673449279,False,12147,373.56,373.522644,vertical,0.0007376422669622684,6
2024-06-04 09:30:00-04:00,TLT,1,1.0,1.0,12142,83.57,83.578357,110.00331827251739,49.85779397051868,False,12147,84.04,84.03159600000001,vertical,0.005422923066075613,6
2024-06-05 09:30:00-04:00,QQQ,1,1.0,1.0,12149,453.07,453.115307,20.415413170913013,85.38780069029812,False,12154,457.34355776999064,457.29782341421367,upper,0.00923057850750042,6
2024-06-05 10:30:00-04:00,TLT,1,1.0,1.0,12150,84.58,84.588458,109.76350645852334,8.02096823445691,False,12154,84.67,84.661533,vertical,0.0008638885461182966,5
2024-06-05 13:30:00-04:00,DIA,1,1.0,1.0,12153,374.55,374.58745500000003,24.832487254663707,-2.108501660305792,False,12154,374.54,374.50254600000005,vertical,-0.00022667336790549442,2
2024-06-06 09:30:00-04:00,TLT,1,1.0,1.0,12156,84.28,84.288428,110.83177958585895,30.269821481592334,False,12161,84.57,84.561543,vertical,0.003240243132782261,6
2024-06-07 11:30:00-04:00,QQQ,1,1.0,1.0,12165,458.72,458.765872,20.42895269074447,-37.82559507569724,False,12168,456.96,456.91430399999996,vertical,-0.00403597589316762,4
2024-06-11 10:30:00-04:00,QQQ,1,1.0,1.0,12178,458.95,458.99589499999996,20.336305404518786,59.74617400207464,False,12182,461.98,461.933802,vertical,0.006400726089282438,5
2024-06-12 09:30:00-04:00,DIA,1,1.0,1.0,12184,376.0,376.0376,24.981615865388225,-58.37965819596211,False,12187,373.73806900015984,373.70069519325983,lower,-0.006214550903261173,4
2024-06-12 09:30:00-04:00,IWM,1,1.0,1.0,12184,202.06,202.080206,46.48662558342063,-146.76200962657057,False,12188,198.9430200066541,198.92312570465344,lower,-0.015622907150770415,5
2024-06-12 09:30:00-04:00,QQQ,1,1.0,1.0,12184,469.2,469.24692,20.01936821267258,-26.0996307068573,False,12189,467.99,467.943201,vertical,-0.0027783219120542935,6
2024-06-12 09:30:00-04:00,SPY,1,1.0,1.0,12184,528.3,528.3528299999999,17.779836391039133,-46.501544115651264,False,12189,525.79,525.7374209999999,vertical,-0.0049501182760769424,6
2024-06-12 09:30:00-04:00,TLT,1,1.0,1.0,12184,84.5,84.50845,111.16079959036655,-64.12244027890475,False,12189,83.94,83.931606,vertical,-0.006825873625655121,6
2024-06-12 14:30:00-04:00,GLD,1,1.0,1.0,12189,214.29,214.31142899999998,42.24830670449483,15.509395639527577,False,12189,214.7,214.67853,vertical,0.001712932444680959,1
2024-06-13 09:30:00-04:00,QQQ,1,1.0,1.0,12191,470.03,470.077003,19.289756633463924,7.637682690236552,False,12196,470.52,470.472948,vertical,0.0008422981713060995,6
2024-06-13 09:30:00-04:00,TLT,1,1.0,1.0,12191,84.45,84.458445,107.3625140370284,73.33289158785246,False,12196,85.15,85.141485,vertical,0.008087290738066688,6
2024-06-13 12:30:00-04:00,DIA,-1,1.0,1.0,12194,372.41,372.37275900000003,24.526794729113533,-14.582013377477638,False,12196,372.93,372.967293,vertical,-0.0015966098100101966,3
2024-06-14 09:30:00-04:00,QQQ,1,1.0,1.0,12198,471.52,471.56715199999996,19.369583969153776,25.869105978755318,False,12203,472.95,472.90270499999997,vertical,0.002832158674190177,6
2024-06-14 09:30:00-04:00,TLT,1,1.0,1.0,12198,85.86,85.868586,106.37253940292788,1.3642278178432443,False,12203,85.89,85.881411,vertical,0.0001493561335690341,6
2024-06-17 09:30:00-04:00,TLT,1,1.0,1.0,12205,84.71,84.718471,108.13808102787054,29.52483212495935,False,12210,85.0,84.9915,vertical,0.0032227800711843724,6
2024-06-17 10:30:00-04:00,GLD,-1,1.0,1.0,12206,214.505,214.4835495,42.72412037036784,-4.18296909104114,False,12210,214.56,214.581456,vertical,-0.00045647556760530783,5
2024-06-17 10:30:00-04:00,QQQ,1,1.0,1.0,12206,474.51,474.55745099999996,19.309824273103136,65.26783878262975,False,12207,477.98528229598196,477.9374837677524,upper,0.00712249435896517,2
2024-06-17 10:30:00-04:00,SPY,1,1.0,1.0,12206,528.2,528.25282,17.347036569159723,52.53039952169795,False,12208,531.334159375628,531.2810259596905,upper,0.005732493694383889,3
2024-06-17 11:30:00-04:00,DIA,1,1.0,1.0,12207,373.8,373.83738,24.75810963212394,18.696259795465743,False,12210,374.63,374.592537,vertical,0.0020200146919497897,4
2024-06-17 12:30:00-04:00,QQQ,1,1.0,1.0,12208,477.92,477.96779200000003,19.46951973524444,14.491786563573687,False,12210,478.76,478.712124,vertical,0.0015572848473437428,3
2024-06-18 10:30:00-04:00,QQQ,1,1.0,1.0,12213,477.85,477.897785,19.538950215583416,19.232618554103894,False,12217,478.93,478.882107,vertical,0.0020596914882122785,5
2024-06-18 10:30:00-04:00,TLT,1,1.0,1.0,12213,85.32,85.328532,109.43140366287547,49.56027897347745,False,12217,85.79,85.78142100000001,vertical,0.005307591603709083,5
2024-06-20 11:30:00-04:00,QQQ,1,1.0,1.0,12221,475.82,475.86758199999997,19.766872723807793,-15.518872941097003,False,12224,475.13,475.082487,vertical,-0.0016498182050987964,4
2024-06-20 12:30:00-04:00,DIA,1,1.0,1.0,12222,376.82,376.857682,24.892062008006153,49.55340319573503,False,12223,378.88630177891906,378.8484131487412,upper,0.005282448106606941,2
2024-06-24 09:30:00-04:00,DIA,1,1.0,1.0,12233,381.27,381.30812699999996,24.758057299509925,-17.236361427460324,False,12238,380.65,380.61193499999996,vertical,-0.001825799007950324,6
2024-06-25 14:30:00-04:00,QQQ,1,1.0,1.0,12245,474.17,474.217417,19.871079715335185,-7.447799903786616,False,12245,473.89,473.842611,vertical,-0.0007903674276055206,1
2024-06-25 14:30:00-04:00,TLT,1,1.0,1.0,12245,85.71,85.718571,109.9319783994923,0.31396573030987424,False,12245,85.73,85.721427,vertical,3.3318334250020953e-05,1
2024-06-27 09:30:00-04:00,QQQ,1,1.0,1.0,12254,476.73,476.777673,19.74941108753192,-14.718860844726429,False,12259,476.08,476.032392,vertical,-0.0015631625434775476,6
2024-06-28 09:30:00-04:00,DIA,1,1.0,1.0,12261,380.15,380.18801499999995,24.728184555184214,-56.930826203415464,False,12264,377.9235426620739,377.88575030780765,lower,-0.006055595130194491,4
2024-06-28 09:30:00-04:00,QQQ,1,1.0,1.0,12261,480.25,480.298025,19.574012199173925,-69.80987678280798,False,12262,476.7792457224175,476.7315677978453,lower,-0.0074255087810422005,2
2024-06-28 09:30:00-04:00,SPY,1,1.0,1.0,12261,535.46,535.513546,17.555782614300373,-48.73267110534441,False,12262,532.7909493521103,532.7376702571751,lower,-0.005183577079532875,2
2024-06-28 14:30:00-04:00,QQQ,1,1.0,1.0,12266,475.01,475.057501,19.420566998893833,-30.778743869898072,False,12266,473.52,473.472648,vertical,-0.003336128777387759,1
2024-07-01 09:30:00-04:00,DIA,1,1.0,1.0,12268,378.6,378.63786000000005,24.284701172322478,-11.066101199606843,False,12273,378.22,378.182178,vertical,-0.0012034771166307134,6
2024-07-02 10:30:00-04:00,QQQ,1,1.0,1.0,12276,478.31,478.357831,19.199102818551054,58.442529758137745,False,12280,481.45,481.401855,vertical,0.006363487336742413,5
2024-07-02 13:30:00-04:00,DIA,1,1.0,1.0,12279,379.29,379.32792900000004,24.324833763019956,13.72110357937665,False,12280,379.93,379.89200700000004,vertical,0.001487045790398378,2
2024-07-03 09:30:00-04:00,SPY,1,1.0,1.0,12282,535.11,535.163511,17.296031258688682,37.988068758480345,False,12284,537.4135983417713,537.3598569819371,upper,0.0041040652749906315,3
2024-07-03 10:30:00-04:00,QQQ,1,1.0,1.0,12283,483.76,483.808376,19.160439077240753,29.75775220339859,False,12284,485.41,485.361459,vertical,0.0032101201158203363,2
2024-07-05 09:30:00-04:00,QQQ,1,1.0,1.0,12286,488.07,488.118807,19.101805753056066,45.88513526442279,False,12291,490.57,490.520943,vertical,0.004921211732782149,6
2024-07-05 10:30:00-04:00,TLT,1,1.0,1.0,12287,84.29,84.298429,110.81519781910218,-10.732451908780426,False,12291,84.21,84.201579,vertical,-0.0011488944829565195,5
2024-07-05 13:30:00-04:00,DIA,1,1.0,1.0,12290,379.92,379.957992,24.617963645621018,9.206404482517522,False,12291,380.37,380.33196300000003,vertical,0.0009842430160016402,2
2024-07-05 13:30:00-04:00,GLD,1,1.0,1.0,12290,221.02,221.042102,42.31678919665341,-6.948078251776311,False,12291,220.9,220.87791,vertical,-0.0007428087161421848,2
2024-07-08 09:30:00-04:00,DIA,1,1.0,1.0,12293,381.96,381.99819599999995,24.506298048888823,-47.079981663941616,False,12294,380.1150694562282,380.07705794928256,lower,-0.005029180951203749,2
2024-07-08 09:30:00-04:00,GLD,1,1.0,1.0,12293,219.79,219.81197899999998,42.58804132468982,-76.58950598629117,False,12294,218.03540197128632,218.0135984310892,lower,-0.008181449332708035,2
2024-07-08 11:30:00-04:00,DIA,1,1.0,1.0,12295,379.92,379.957992,24.312403876646496,3.257740557451908,False,12298,380.13,380.091987,vertical,0.0003526574064010024,4
2024-07-09 09:30:00-04:00,QQQ,1,1.0,1.0,12300,492.67,492.719267,18.755000092620836,-12.724817442841879,False,12305,492.09,492.04079099999996,vertical,-0.0013770031850612874,6
2024-07-09 09:30:00-04:00,TLT,1,1.0,1.0,12300,83.97,83.978397,110.03960814137795,3.653425029900916,False,12305,84.02,84.01159799999999,vertical,0.0003953516759791498,6
2024-07-09 11:30:00-04:00,DIA,1,1.0,1.0,12302,380.39,380.42803899999996,24.25270757242862,-20.032809212947726,False,12305,379.64,379.602036,vertical,-0.002171246373351421,4
2024-07-09 13:30:00-04:00,GLD,-1,1.0,1.0,12304,218.61,218.588139,42.10830206659823,-0.15655866708328026,False,12305,218.57,218.591857,vertical,-1.7009157116110174e-05,2
2024-07-10 09:30:00-04:00,QQQ,1,1.0,1.0,12307,494.34,494.389434,18.632455518715833,50.29574951537361,False,12311,497.1385102332307,497.08879638220736,upper,0.005459992055993901,5
2024-07-11 09:30:00-04:00,QQQ,1,1.0,1.0,12314,492.49,492.539249,18.8045620856572,-64.00374203404215,False,12314,489.184539028923,489.1356205750201,lower,-0.006910369948974204,1
2024-07-12 09:30:00-04:00,DIA,1,1.0,1.0,12321,386.07,386.108607,23.822263939869718,43.33203517881307,False,12323,387.96637580950335,387.9275791719224,upper,0.004711037617253666,3
2024-07-12 10:30:00-04:00,SPY,1,1.0,1.0,12322,547.34,547.394734,16.860702423607396,-44.148093183137114,False,12326,544.8308153047858,544.7763322232553,lower,-0.004783388684818202,5
2024-07-12 13:30:00-04:00,DIA,1,1.0,1.0,12325,388.42,388.458842,23.841563644807703,-47.34047901800723,False,12326,386.51186507405276,386.47321388754534,lower,-0.005111553394515522,2
2024-07-15 09:30:00-04:00,DIA,1,1.0,1.0,12328,388.1,388.13881000000003,23.573588552989836,12.784381396880883,False,12333,388.72,388.68112800000006,vertical,0.0013972269353843547,6
2024-07-15 09:30:00-04:00,TLT,1,1.0,1.0,12328,84.51,84.518451,108.25830928192352,-2.9122567779925026,False,12333,84.5,84.49155,vertical,-0.00031828553033930174,6
2024-07-15 12:30:00-04:00,QQQ,1,1.0,1.0,12331,490.77,490.819077,18.658198237272344,-6.308896569969553,False,12333,490.53,490.48094699999996,vertical,-0.0006889096529555383,3
2024-07-16 09:30:00-04:00,DIA,1,1.0,1.0,12335,393.75,393.789375,23.244374829656124,44.42118576258885,False,12340,395.74,395.700426,vertical,0.004852977559386851,6
2024-07-17 11:30:00-04:00,DIA,1,1.0,1.0,12344,397.67,397.709767,23.126937745530917,6.022994650943651,False,12347,398.01,397.970199,vertical,0.0006548292790606869,4
2024-07-17 11:30:00-04:00,TLT,1,1.0,1.0,12344,85.76,85.76857600000001,107.23984763602236,-5.056251576191306,False,12347,85.73,85.721427,vertical,-0.0005497234791447259,4
2024-07-18 09:30:00-04:00,DIA,1,1.0,1.0,12349,399.73,399.769973,23.010171815163712,-59.596308707759825,False,12349,397.219696546936,397.1799745772813,lower,-0.006478721759121897,1
2024-07-18 10:30:00-04:00,DIA,1,1.0,1.0,12350,396.8,396.83968,23.02990330141784,-66.3186078711454,False,12352,393.99940619630723,393.96000625568763,lower,-0.007256516647509481,3
2024-07-18 10:30:00-04:00,QQQ,-1,1.0,1.0,12350,472.29,472.242771,19.352714361752714,-36.08574854392608,False,12354,474.06,474.10740599999997,vertical,-0.003948467005755241,5
2024-07-18 11:30:00-04:00,TLT,1,1.0,1.0,12351,85.31,85.31853100000001,106.47011616402006,-25.23767633552011,False,12354,85.09,85.081491,vertical,-0.0027782944364104223,4
2024-07-19 10:30:00-04:00,QQQ,-1,1.0,1.0,12357,470.81,470.762919,19.14241130749511,17.150394559603313,False,12361,469.82,469.866982,vertical,0.0019031596666602146,5
2024-07-22 09:30:00-04:00,QQQ,-1,1.0,1.0,12363,475.88,475.832412,18.974512014483388,-19.83350714789133,False,12368,476.83,476.877683,vertical,-0.002196720890883741,6
2024-07-25 09:30:00-04:00,TLT,1,1.0,1.0,12384,84.3,84.30843,106.85591359282479,-37.06051594365914,False,12389,83.97,83.961603,vertical,-0.004113787909465372,6
2024-07-25 11:30:00-04:00,DIA,-1,1.0,1.0,12386,390.1,390.06099,23.033436937348462,63.56878469006382,False,12388,387.26241576600387,387.30114200758044,lower,0.007075426825993492,3
2024-07-26 09:30:00-04:00,DIA,1,1.0,1.0,12391,392.12,392.159212,23.04003655528847,6.025937240742406,False,12396,392.46,392.420754,vertical,0.0006669281047004816,6
2024-07-26 09:30:00-04:00,TLT,1,1.0,1.0,12391,84.6,84.60846,106.79029709290445,3.532089076348973,False,12396,84.65,84.641535,vertical,0.0003909183549730688,6
2024-07-26 11:30:00-04:00,QQQ,-1,1.0,1.0,12393,459.07,459.024093,19.726460675106317,24.8222197231598,False,12396,457.72,457.765772,vertical,0.002741296195971077,4
2024-07-26 12:30:00-04:00,SPY,1,1.0,1.0,12394,533.05,533.103305,16.959471491358048,-45.89826567063566,False,12396,530.45,530.396955,vertical,-0.005076595801633443,3
2024-07-29 09:30:00-04:00,DIA,1,1.0,1.0,12398,391.24,391.279124,23.062422722922307,14.568094248037312,False,12403,391.95,391.910805,vertical,0.0016143999545448207,6
2024-07-29 09:30:00-04:00,TLT,1,1.0,1.0,12398,85.03,85.038503,106.11480966854197,4.561663438030648,False,12403,85.09,85.081491,vertical,0.0005055121913422056,6
2024-07-30 10:30:00-04:00,QQQ,1,1.0,1.0,12406,454.16,454.205416,19.909437447194165,-41.62330702910185,False,12410,452.16,452.11478400000004,vertical,-0.004602833709935306,5
2024-07-30 12:30:00-04:00,TLT,1,1.0,1.0,12408,85.34,85.348534,105.3200505240511,4.520968488796308,False,12410,85.4,85.39146000000001,vertical,0.00050294947069629,3
2024-07-31 09:30:00-04:00,DIA,1,1.0,1.0,12412,395.05,395.08950500000003,22.794510776712475,68.74446540071987,False,12416,398.1451537253768,398.1053392100043,upper,0.007633293650774808,5
2024-07-31 09:30:00-04:00,QQQ,1,1.0,1.0,12412,464.22,464.26642200000003,19.398068765542767,26.323392693597956,False,12417,465.67,465.62343300000003,vertical,0.002922914377813779,6
2024-07-31 09:30:00-04:00,SPY,1,1.0,1.0,12412,536.21,536.2636210000001,16.793740292684326,0.5498942321433143,False,12417,536.35,536.296365,vertical,6.105952132062775e-05,6
2024-07-31 09:30:00-04:00,TLT,1,1.0,1.0,12412,86.22,86.228622,104.44179404245261,6.553513692575726,False,12417,86.3,86.29137,vertical,0.0007276934101996257,6
2024-08-01 09:30:00-04:00,TLT,1,1.0,1.0,12419,87.35,87.358735,104.26024650548722,-31.01137624108552,False,12424,87.07,87.06129299999999,vertical,-0.0034048341015927575,6
2024-08-01 10:30:00-04:00,QQQ,1,1.0,1.0,12420,460.19,460.236019,19.695081343007747,-138.67108143665794,False,12422,453.2404438969541,453.1951198525644,lower,-0.015298453090946795,3
2024-08-05 09:30:00-04:00,DIA,-1,1.0,1.0,12433,373.11,373.072689,23.95876474310825,-25.988623168438533,False,12438,374.12,374.157412,vertical,-0.002907537946311489,6
2024-08-05 09:30:00-04:00,SPY,-1,1.0,1.0,12433,501.48,501.42985200000004,17.82574522074882,-49.74390071193819,False,12438,504.17,504.220417,vertical,-0.0055652151320260135,6
2024-08-05 11:30:00-04:00,QQQ,-1,1.0,1.0,12435,437.1,437.05629000000005,19.87403439404526,123.87906967337751,False,12438,430.78,430.82307799999995,vertical,0.014261805956390816,4
2024-08-06 11:30:00-04:00,QQQ,-1,1.0,1.0,12442,438.43,438.386157,20.499067295190144,77.13182001254579,False,12445,434.58,434.62345799999997,vertical,0.008583069834479429,4
2024-08-06 13:30:00-04:00,SPY,-1,1.0,1.0,12444,515.37,515.3184630000001,17.32124297511608,111.50688735174919,False,12445,508.83,508.880883,vertical,0.012492430336228932,2
2024-08-07 09:30:00-04:00,QQQ,-1,1.0,1.0,12447,440.95,440.905905,20.8097599441021,202.0944645869396,False,12450,431.15126676446533,431.1943818911418,lower,0.022026294043075323,4
2024-08-07 12:30:00-04:00,DIA,1,1.0,1.0,12450,377.03,377.067703,24.64061284375821,-56.308358861363914,False,12452,374.82,374.782518,vertical,-0.0060604103237131834,3
2024-08-07 12:30:00-04:00,SPY,1,1.0,1.0,12450,510.24,510.291024,18.207608694892908,-90.33817941145053,False,12452,505.38,505.329462,vertical,-0.009723004651557399,3
2024-08-08 09:30:00-04:00,DIA,1,1.0,1.0,12454,380.17,380.208017,24.277746798014554,27.769955008428195,False,12459,381.39,381.351861,vertical,0.00300846891400508,6
2024-08-08 09:30:00-04:00,QQQ,1,1.0,1.0,12454,439.72,439.763972,20.989882198219757,68.88289521765856,False,12459,443.09,443.045691,vertical,0.007462455337291507,6
2024-08-08 09:30:00-04:00,SPY,1,1.0,1.0,12454,514.31,514.3614309999999,17.945735062902127,47.32046274090543,False,12459,517.05,516.998295,vertical,0.005126480799451771,6
2024-08-09 12:30:00-04:00,QQQ,1,1.0,1.0,12464,446.49,446.534649,20.994042234487846,-24.965863096746165,False,12466,445.39,445.345461,vertical,-0.002663148319314468,3
2024-08-09 12:30:00-04:00,SPY,1,1.0,1.0,12464,520.46,520.512046,18.010279209308067,-23.304815019306904,False,12466,519.27,519.218073,vertical,-0.002485961679357662,3
2024-08-12 12:30:00-04:00,TLT,1,1.0,1.0,12471,88.27,88.27882699999999,105.64590535567667,-7.146839851404982,False,12473,88.22,88.211178,vertical,-0.000766310589967234,3
2024-08-13 09:30:00-04:00,QQQ,1,1.0,1.0,12475,452.56,452.605256,20.590016661893888,96.1350348745827,False,12480,457.32,457.274268,vertical,0.01031585899214571,6
2024-08-13 09:30:00-04:00,SPY,1,1.0,1.0,12475,523.71,523.762371,17.792705773246066,76.77225155369362,False,12480,528.13,528.077187,vertical,0.008238117587106908,6
2024-08-13 10:30:00-04:00,TLT,1,1.0,1.0,12476,88.71,88.718871,105.60712008582313,8.685974412819517,False,12480,88.81,88.801119,vertical,0.0009270631949318542,5
2024-08-13 11:30:00-04:00,DIA,1,1.0,1.0,12477,383.46,383.49834599999997,24.52232012493687,24.110394191478317,False,12480,384.52,384.481548,vertical,0.0025637711616102177,4
2024-08-14 09:30:00-04:00,TLT,1,1.0,1.0,12482,89.42,89.428942,106.50750421863788,-5.099685809493009,False,12487,89.39,89.381061,vertical,-0.0005354083245221464,6
2024-08-14 10:30:00-04:00,DIA,1,1.0,1.0,12483,385.98,386.018598,24.67488911576428,15.85934083115399,False,12487,386.7,386.66133,vertical,0.0016650285849699742,5
2024-08-14 10:30:00-04:00,QQQ,1,1.0,1.0,12483,457.54,457.585754,20.81569633453402,-2.112938887830095,False,12487,457.53,457.484247,vertical,-0.00022183164382350018,5
2024-08-15 09:30:00-04:00,DIA,1,1.0,1.0,12489,390.38,390.419038,24.41863537778389,46.68171571759366,False,12494,392.37,392.330763,vertical,0.004896597793471402,6
2024-08-15 09:30:00-04:00,QQQ,1,1.0,1.0,12489,466.36,466.406636,20.440318378032583,53.68559684589433,False,12494,469.08,469.033092,vertical,0.00563125778510587,6
2024-08-15 09:30:00-04:00,TLT,1,1.0,1.0,12489,88.42,88.428842,107.80984934154348,20.731294979130727,False,12494,88.63,88.62113699999999,vertical,0.0021745733139870715,6
2024-08-16 11:30:00-04:00,DIA,1,1.0,1.0,12498,393.04,393.07930400000004,24.561452721534714,7.892871954970385,False,12501,393.44,393.400656,vertical,0.0008175245980388546,4
2024-08-19 10:30:00-04:00,DIA,1,1.0,1.0,12504,395.4,395.43953999999997,24.434814012186905,7.107672004307159,False,12508,395.77,395.730423,vertical,0.0007355941188886828,5
2024-08-19 10:30:00-04:00,QQQ,1,1.0,1.0,12504,470.98,471.027098,20.513663978127948,96.31831931810297,False,12508,475.77,475.722423,vertical,0.009968269383940909,5
2024-08-20 09:30:00-04:00,TLT,1,1.0,1.0,12510,89.86,89.86898599999999,108.66838537921363,25.211391413134347,False,12515,90.11,90.100989,vertical,0.0025815691299777566,6
2024-08-21 11:30:00-04:00,TLT,1,1.0,1.0,12519,90.28,90.289028,108.44206890454385,-18.222713700788706,False,12522,90.13,90.120987,vertical,-0.0018611452988507304,4
2024-08-21 13:30:00-04:00,QQQ,1,1.0,1.0,12521,477.67,477.71776700000004,20.55487573964659,-15.117494460239472,False,12522,477.03,476.98229699999996,vertical,-0.0015395491874181655,2
2024-08-23 09:30:00-04:00,DIA,1,1.0,1.0,12531,398.04,398.079804,24.51214226265862,6.8721261561895135,False,12536,398.4,398.36016,vertical,0.0007042708451494573,6
2024-08-23 09:30:00-04:00,QQQ,1,1.0,1.0,12531,476.76,476.80767599999996,20.464831584505074,-123.88791681317089,False,12531,470.80105777449126,470.7539776687138,lower,-0.0126963105587381,1
2024-08-26 09:30:00-04:00,DIA,1,1.0,1.0,12538,400.74,400.780074,24.05502075156131,-36.08267545746748,False,12543,399.32,399.28006799999997,vertical,-0.0037427160113754354,6
2024-08-27 10:30:00-04:00,DIA,1,1.0,1.0,12546,398.66,398.69986600000004,24.090026459714963,17.83110032511044,False,12550,399.48,399.44005200000004,vertical,0.0018564992444718431,5
2024-08-28 10:30:00-04:00,QQQ,-1,1.0,1.0,12553,465.12,465.073488,20.690324583176242,-18.06476377421952,False,12557,465.9,465.94658999999996,vertical,-0.0018773420169673205,5
2024-08-29 09:30:00-04:00,DIA,1,1.0,1.0,12559,400.66,400.700066,23.96919160471439,-8.15206587991279,False,12564,400.4,400.35996,vertical,-0.0008487794958336181,6
2024-08-29 09:30:00-04:00,QQQ,1,1.0,1.0,12559,470.28,470.327028,20.420805282693006,-110.93549753455149,False,12563,464.94104791982085,464.89455381502887,lower,-0.011550418882095626,5
2024-08-29 09:30:00-04:00,SPY,1,1.0,1.0,12559,547.36,547.4147360000001,17.54511894976773,-77.0753040508759,False,12563,543.0760666042506,543.0217589975902,lower,-0.008024952040037725,5
2024-08-30 09:30:00-04:00,QQQ,-1,1.0,1.0,12566,469.37,469.323063,20.04651919377412,-33.758999857449005,False,12571,470.96,471.007096,vertical,-0.003588217014598216,6
2024-08-30 11:30:00-04:00,DIA,-1,1.0,1.0,12568,399.22,399.18007800000004,23.72236892177686,-67.3743063290449,False,12571,401.97999712987087,402.02019512958384,upper,-0.007114876934273706,4
2024-08-30 14:30:00-04:00,SPY,1,1.0,1.0,12571,547.45,547.5047450000001,17.08616192694152,27.172806758891653,False,12571,549.15,549.095085,vertical,0.002904705419493503,1
2024-09-03 09:30:00-04:00,DIA,1,1.0,1.0,12573,398.44,398.479844,23.42485681931445,-38.640027494021155,False,12578,396.87,396.830313,vertical,-0.004139559440301421,6
2024-09-04 09:30:00-04:00,TLT,1,1.0,1.0,12580,90.11,90.119011,103.1490820908891,54.867369193031166,False,12585,90.66,90.65093399999999,vertical,0.005902450482950794,6
2024-09-05 09:30:00-04:00,QQQ,-1,1.0,1.0,12587,459.03,458.98409699999996,20.372297632747326,103.41768313909537,False,12587,453.8623229687708,453.9077092010677,lower,0.011060051605518373,1
2024-09-05 10:30:00-04:00,QQQ,-1,1.0,1.0,12588,453.36,453.314664,20.855222799324366,-54.451401732103406,False,12592,455.88,455.925588,vertical,-0.00575962837151911,5
2024-09-05 11:30:00-04:00,TLT,1,1.0,1.0,12589,91.02,91.029102,103.43388230393892,13.630620443895758,False,12592,91.17,91.160883,vertical,0.0014476798859337503,4
2024-09-06 09:30:00-04:00,TLT,1,1.0,1.0,12594,91.61,91.619161,102.74223679730765,65.42265688862935,False,12594,92.26515248093301,92.25592596568492,upper,0.006950128758381968,1
2024-09-06 10:30:00-04:00,TLT,1,1.0,1.0,12595,92.16,92.16921599999999,102.83889353600757,-71.63737731613647,False,12595,91.48176608173414,91.47261790512596,lower,-0.007557817296330649,1
2024-09-06 11:30:00-04:00,TLT,1,1.0,1.0,12596,91.48,91.489148,102.82031278950318,-28.61180843993569,False,12599,91.22,91.210878,vertical,-0.0030415629184786797,4
2024-09-09 09:30:00-04:00,DIA,-1,1.0,1.0,12601,394.96,394.920504,23.74738943857221,-19.9256745614452,False,12606,395.72,395.75957200000005,vertical,-0.0021246503828022956,6
2024-09-10 09:30:00-04:00,DIA,-1,1.0,1.0,12608,393.83,393.790617,23.764927164843463,-27.540556203231414,False,12613,394.91,394.949491,vertical,-0.0029428684939947214,6
2024-09-10 09:30:00-04:00,QQQ,-1,1.0,1.0,12608,451.63,451.584837,20.723471127538698,-39.38510194218529,False,12613,453.44,453.485344,vertical,-0.004208527045827193,6
2024-09-10 10:30:00-04:00,TLT,1,1.0,1.0,12609,92.08,92.089208,101.48925985524274,10.308467102017165,False,12613,92.2,92.19078,vertical,0.0011029739771462044,5
2024-09-11 09:30:00-04:00,QQQ,1,1.0,1.0,12615,448.71,448.754871,20.727993702736583,118.78025208496531,False,12616,454.5307509455583,454.48529787046374,upper,0.012769614862773837,2
2024-09-11 09:30:00-04:00,TLT,1,1.0,1.0,12615,92.59,92.599259,100.45207964526334,-63.38297250800833,False,12618,91.97747954238677,91.96828179443254,lower,-0.0068140632266556755,4
2024-09-11 11:30:00-04:00,DIA,-1,1.0,1.0,12617,391.72,391.680828,23.918474114900548,-99.99053398223187,False,12620,395.82171877559784,395.8613009474754,upper,-0.010673162045795603,4
2024-09-11 11:30:00-04:00,QQQ,1,1.0,1.0,12617,454.86,454.905486,20.594185021151436,125.42100591100339,False,12619,461.0417076375238,460.9956034667601,upper,0.013387654478099753,3
2024-09-11 11:30:00-04:00,SPY,1,1.0,1.0,12617,532.79,532.8432789999999,17.581919703299505,96.26368512790401,False,12619,538.3722683576829,538.3184311308471,upper,0.010275351771580121,3
2024-09-12 09:30:00-04:00,QQQ,1,1.0,1.0,12622,465.17,465.216517,20.375199999173716,52.50075746267015,False,12627,467.84,467.793216,vertical,0.005538709194196523,6
2024-09-12 09:30:00-04:00,SPY,1,1.0,1.0,12622,541.6,541.65416,17.499874046557675,52.52357946724196,False,12627,544.71,544.655529,vertical,0.005541116863202911,6
2024-09-12 09:30:00-04:00,TLT,1,1.0,1.0,12622,91.66,91.66916599999999,103.40313968596594,3.2740536118776578,False,12627,91.71,91.700829,vertical,0.00034540512782688104,6
2024-09-12 13:30:00-04:00,DIA,1,1.0,1.0,12626,397.96,397.999796,24.097203930082326,12.29798392851405,False,12627,398.55,398.510145,vertical,0.001282284576849424,2
2024-09-13 09:30:00-04:00,DIA,1,1.0,1.0,12629,401.03,401.07010299999996,23.934658503489366,6.935234843995777,False,12634,401.4,401.35985999999997,vertical,0.0007224597341777272,6
2024-09-13 09:30:00-04:00,IWM,1,1.0,1.0,12629,210.67,210.69106699999998,45.56185550697461,42.72645011506611,False,12634,211.65,211.628835,vertical,0.004450914855350874,6
2024-09-16 09:30:00-04:00,QQQ,1,1.0,1.0,12636,466.64,466.686664,20.67583751701841,22.465413957465973,False,12641,467.82,467.773218,vertical,0.0023282302320084547,6
2024-09-16 10:30:00-04:00,TLT,1,1.0,1.0,12637,92.59,92.599259,104.17266938998876,19.94500345407556,False,12641,92.8,92.79072,vertical,0.0020676299364337236,5
2024-09-16 13:30:00-04:00,DIA,1,1.0,1.0,12640,403.44,403.480344,23.9797927606779,5.258336916147476,False,12641,403.74,403.699626,vertical,0.0005434762888969491,2
2024-09-17 09:30:00-04:00,QQQ,1,1.0,1.0,12643,470.93,470.977093,20.58870067073741,-107.9051384683627,False,12646,465.7826830100314,465.7361047417304,lower,-0.01112790480931014,4
2024-09-17 14:30:00-04:00,DIA,1,1.0,1.0,12648,403.18,403.220318,23.78079879417855,10.447190279867517,False,12648,403.7,403.65963,vertical,0.0010895085896935885,1
2024-09-18 13:30:00-04:00,DIA,1,1.0,1.0,12654,405.23,405.270523,23.686273482965746,-73.70660269359881,False,12655,402.19895738221686,402.1587374864786,lower,-0.0076782922441200885,2
2024-09-18 13:30:00-04:00,QQQ,1,1.0,1.0,12654,471.32,471.36713199999997,20.36490834995801,-96.18687097545028,False,12654,466.6906336754991,466.6439646121316,lower,-0.010020145799789049,1
2024-09-18 13:30:00-04:00,SPY,1,1.0,1.0,12654,551.45,551.5051450000001,17.40572781485576,-72.86850507631966,False,12654,547.3734153433473,547.318678001813,lower,-0.007590984483357821,1
2024-09-19 09:30:00-04:00,DIA,1,1.0,1.0,12657,407.23,407.27072300000003,22.973874465357014,8.006647963795432,False,12662,407.66,407.619234,vertical,0.000855723184403745,6
2024-09-19 09:30:00-04:00,QQQ,1,1.0,1.0,12657,478.95,478.99789499999997,19.533669273467666,-22.379431881573087,False,12662,477.9,477.85220999999996,vertical,-0.0023918372334392757,6
2024-09-19 09:30:00-04:00,SPY,1,1.0,1.0,12657,556.71,556.765671,16.805250307210823,-8.592558092577518,False,12662,556.31,556.254369,vertical,-0.0009183432575533557,6
2024-09-20 10:30:00-04:00,QQQ,1,1.0,1.0,12665,473.95,473.997395,19.69129201987879,56.61075141474676,False,12669,476.92,476.87230800000003,vertical,0.006065250632864894,5
2024-09-20 10:30:00-04:00,SPY,1,1.0,1.0,12665,553.19,553.245319,16.8706734626829,33.052264267782675,False,12669,555.26,555.204474,vertical,0.0035412048375595973,5
2024-09-23 09:30:00-04:00,QQQ,1,1.0,1.0,12671,478.7,478.74787,19.683187597867253,-12.118702405755247,False,12676,478.18,478.132182,vertical,-0.0012860380976733587,6
2024-09-23 09:30:00-04:00,TLT,-1,1.0,1.0,12671,89.97,89.961003,104.7485446253791,-62.59155780848928,False,12672,90.54948912463983,90.5585440735523,upper,-0.0066422233370639905,2
2024-09-23 11:30:00-04:00,TLT,-1,1.0,1.0,12673,90.66,90.65093399999999,103.06806621218439,23.90076307814202,False,12676,90.41,90.41904099999999,vertical,0.0025580872669221932,4
2024-09-23 13:30:00-04:00,DIA,1,1.0,1.0,12675,408.7,408.74087,22.882311724078445,-4.616002979474961,False,12676,408.58,408.53914199999997,vertical,-0.0004935351828164736,2
2024-09-24 09:30:00-04:00,TLT,-1,1.0,1.0,12678,90.2,90.19098000000001,103.8669126022778,-20.57167297618079,False,12683,90.38,90.389038,vertical,-0.0021959845651968735,6
2024-09-24 11:30:00-04:00,QQQ,1,1.0,1.0,12680,480.85,480.89808500000004,19.458538154685954,-8.875700842649913,False,12683,480.49,480.441951,vertical,-0.0009485045048578389,4
2024-09-24 14:30:00-04:00,GLD,1,1.0,1.0,12683,245.82,245.844582,37.925074930528424,6.478133749182475,False,12683,246.04,246.01539599999998,vertical,0.0006948048177850552,1
2024-09-25 09:30:00-04:00,DIA,1,1.0,1.0,12685,407.77,407.810777,22.914768133025916,-28.218139154964526,False,12690,406.62,406.579338,vertical,-0.003019633294291224,6
2024-09-26 09:30:00-04:00,QQQ,1,1.0,1.0,12692,484.75,484.798475,19.217616676597785,-5.898443868930872,False,12697,484.54,484.491546,vertical,-0.0006331063644537949,6
2024-09-26 09:30:00-04:00,SPY,1,1.0,1.0,12692,559.68,559.735968,16.644760727524258,-7.188938737259267,False,12697,559.36,559.304064,vertical,-0.0007716209511122729,6
2024-09-26 10:30:00-04:00,GLD,1,1.0,1.0,12693,246.61,246.63466100000002,37.51263322465946,11.652999410173651,False,12697,246.97,246.945303,vertical,0.0012595228859579866,5
2024-09-27 09:30:00-04:00,DIA,1,1.0,1.0,12699,412.41,412.45124100000004,22.585062060107017,-48.835092480956405,False,12704,410.33,410.288967,vertical,-0.005242496045732681,6
2024-09-27 09:30:00-04:00,GLD,1,1.0,1.0,12699,245.895,245.9195895,37.879198211467234,-35.3825991969484,False,12704,245.01,244.985499,vertical,-0.003798357430163102,6
2024-09-27 09:30:00-04:00,SPY,1,1.0,1.0,12699,560.89,560.946089,16.606296144001025,-41.54793996822566,False,12704,558.5,558.44415,vertical,-0.00446021293144272,6
2024-09-30 09:30:00-04:00,DIA,1,1.0,1.0,12706,409.52,409.560952,22.437371527320373,-62.036173672150824,False,12709,406.8367764517499,406.79609277410475,lower,-0.006750788160818755,4
2024-09-30 10:30:00-04:00,TLT,1,1.0,1.0,12707,89.92,89.928992,102.09829553849296,-12.044944317858556,False,12711,89.82,89.81101799999999,vertical,-0.0013118572484388524,5
2024-09-30 13:30:00-04:00,DIA,-1,1.0,1.0,12710,407.58,407.539242,22.33908894727474,-59.96952153566759,False,12711,410.1827343472629,410.2237526206976,upper,-0.006587121788624195,2
2024-10-01 09:30:00-04:00,DIA,-1,1.0,1.0,12713,407.45,407.409255,22.22684068279536,-66.4739476017978,False,12716,410.35892518894644,410.39996108146534,upper,-0.0073407907276563655,4
2024-10-01 09:30:00-04:00,TLT,1,1.0,1.0,12713,91.11,91.119111,99.38003679141852,-60.43926131517993,False,12718,90.52,90.510948,vertical,-0.00667437372166646,6
2024-10-01 13:30:00-04:00,DIA,-1,1.0,1.0,12717,410.32,410.278968,21.76665508022171,27.16628743931818,False,12718,408.99,409.030899,vertical,0.0030420009246002744,2
2024-10-03 09:30:00-04:00,DIA,-1,1.0,1.0,12727,407.02,406.979298,22.00523153416931,-11.474583973029977,False,12732,407.46,407.500746,vertical,-0.0012812641885289189,6
2024-10-03 14:30:00-04:00,QQQ,1,1.0,1.0,12732,475.23,475.27752300000003,18.846712119718493,27.79507449402385,False,12732,476.8,476.75232,vertical,0.0031030228206267996,1
2024-10-04 10:30:00-04:00,QQQ,1,1.0,1.0,12735,478.63,478.677863,18.74328199845056,72.79658311501498,False,12739,482.61,482.56173900000005,vertical,0.008113757289001766,5
2024-10-04 11:30:00-04:00,DIA,-1,1.0,1.0,12736,408.59,408.54914099999996,22.005682404254024,-49.555366405023854,False,12739,410.76,410.80107599999997,vertical,-0.005512029702199328,4
2024-10-04 11:30:00-04:00,SPY,1,1.0,1.0,12736,556.92,556.975692,16.141463213760495,47.26724042641351,False,12739,559.96,559.904004,vertical,0.005257522082310118,4
2024-10-07 11:30:00-04:00,DIA,1,1.0,1.0,12743,408.46,408.50084599999997,22.13582350759951,-60.13399335982595,False,12745,405.8248368312794,405.7842543475963,lower,-0.006650149391376536,3
2024-10-07 13:30:00-04:00,QQQ,1,1.0,1.0,12745,479.79,479.837979,18.797353272116826,-49.920168679467565,False,12746,477.23,477.182277,vertical,-0.005534580663111743,2
2024-10-08 09:30:00-04:00,QQQ,1,1.0,1.0,12748,481.67,481.718167,18.542893084872578,49.38695601331864,False,12753,484.43,484.381557,vertical,0.005528938251564863,6
2024-10-09 10:30:00-04:00,DIA,1,1.0,1.0,12756,410.84,410.881084,21.859938978682973,32.30190719026377,False,12760,412.4,412.35875999999996,vertical,0.003596359281411887,5
2024-10-09 11:30:00-04:00,QQQ,1,1.0,1.0,12757,487.15,487.198715,18.467030818926396,18.143156032425082,False,12760,488.23,488.18117700000005,vertical,0.0020165529377476066,4
2024-10-11 09:30:00-04:00,DIA,1,1.0,1.0,12769,415.02,415.06150199999996,21.761306320714375,18.864898210735745,False,12774,415.97,415.92840300000006,vertical,0.0020886085455358305,6
2024-10-14 09:30:00-04:00,QQQ,1,1.0,1.0,12776,492.98,493.02929800000004,18.358230275330484,-10.253989520286305,False,12781,492.52,492.470748,vertical,-0.0011328941348228705,6
2024-10-14 11:30:00-04:00,DIA,1,1.0,1.0,12778,417.65,417.691765,21.62947187406397,7.276759963647857,False,12781,418.07,418.028193,vertical,0.0008054456137052135,4
2024-10-15 09:30:00-04:00,DIA,1,1.0,1.0,12783,416.04,416.081604,21.746138422432868,-28.554528170420284,False,12788,414.81,414.768519,vertical,-0.003155835267352969,6
2024-10-15 09:30:00-04:00,QQQ,1,1.0,1.0,12783,489.98,490.028998,18.464556572245748,-71.36943032822796,False,12783,486.21240698667117,486.1637857459725,lower,-0.007887721481387722,1
2024-10-15 09:30:00-04:00,TLT,1,1.0,1.0,12783,86.89,86.898689,104.12318367210233,36.7122727150287,False,12788,87.26,87.25127400000001,vertical,0.004057425998682307,6
2024-10-15 10:30:00-04:00,QQQ,-1,1.0,1.0,12784,487.23,487.181277,18.491858874250727,23.5344223625292,False,12788,485.86,485.908586,vertical,0.002612356139458094,5
2024-10-16 10:30:00-04:00,TLT,1,1.0,1.0,12791,87.83,87.83878299999999,102.5571004574461,-28.463697660959784,False,12795,87.57,87.56124299999999,vertical,-0.00315965215501679,5
2024-10-16 13:30:00-04:00,DIA,1,1.0,1.0,12794,418.02,418.061802,21.474931531881097,-4.157396420050692,False,12795,417.91,417.86820900000004,vertical,-0.0004630726822537623,2
2024-10-17 09:30:00-04:00,TLT,1,1.0,1.0,12797,86.44,86.448644,103.82892527625764,-26.711444632270332,False,12802,86.2,86.19138000000001,vertical,-0.002975917123697047,6
2024-10-17 10:30:00-04:00,DIA,1,1.0,1.0,12798,419.53,419.57195299999995,21.368510534365594,-1.5792825080613497,False,12802,419.54,419.49804600000004,vertical,-0.00017614857111269977,5
2024-10-17 13:30:00-04:00,QQQ,1,1.0,1.0,12801,487.21,487.258721,18.334000694583334,-16.08559218540137,False,12802,486.43,486.38135700000004,vertical,-0.0018006122049479822,2
2024-10-18 09:30:00-04:00,DIA,1,1.0,1.0,12804,418.31,418.351831,21.349239603983147,42.46314620543666,False,12807,420.3828462689647,420.34080798433786,upper,0.0047543164316588005,4
2024-10-18 09:30:00-04:00,QQQ,1,1.0,1.0,12804,489.93,489.978993,18.228319185888168,-8.529923734716744,False,12809,489.56,489.511044,vertical,-0.0009550389030656969,6
2024-10-18 10:30:00-04:00,SPY,1,1.0,1.0,12805,571.05,571.1071049999999,15.66965772593334,3.067476526772025,False,12809,571.36,571.302864,vertical,0.0003427710814420948,5
2024-10-21 10:30:00-04:00,QQQ,1,1.0,1.0,12812,486.64,486.68866399999996,18.427579767466202,63.91500574942473,False,12816,490.2061273792843,490.15710676654635,upper,0.007126615068532516,5
2024-10-22 13:30:00-04:00,QQQ,1,1.0,1.0,12822,491.3,491.34913,18.38287407475613,-6.21774979554912,False,12823,491.06,491.010894,vertical,-0.0006883822100183234,2
2024-10-24 10:30:00-04:00,TLT,1,1.0,1.0,12833,85.11,85.118511,106.0426378198208,2.4362235612730863,False,12837,85.15,85.141485,vertical,0.00026990603724263984,5
2024-10-24 13:30:00-04:00,GLD,-1,1.0,1.0,12836,252.79,252.764721,35.78599485816184,-1.8092683280377582,False,12837,252.79,252.81527899999998,vertical,-0.00020002000200003422,2
2024-10-25 09:30:00-04:00,QQQ,1,1.0,1.0,12839,494.95,494.99949499999997,18.23601534981095,-84.84933594791161,False,12842,490.39569049536914,490.3466509263196,lower,-0.00939969458692147,4
2024-10-25 09:30:00-04:00,SPY,1,1.0,1.0,12839,571.01,571.067101,15.806931222551144,-54.51109914345954,False,12841,567.6753117951515,567.618544263972,lower,-0.006038794267764991,3
2024-10-28 09:30:00-04:00,SPY,1,1.0,1.0,12846,569.24,569.296924,15.611287500786316,-26.75287605464824,False,12851,567.64,567.5832359999999,vertical,-0.003010183135997546,6
2024-10-29 09:30:00-04:00,TLT,-1,1.0,1.0,12853,84.12,84.11158800000001,105.34464142827322,50.71332352631222,False,12853,83.62182189599022,83.63018407817982,lower,0.0057233959465868844,1
2024-10-29 10:30:00-04:00,QQQ,1,1.0,1.0,12854,492.8,492.84928,18.081427249622767,40.34340704934877,False,12858,495.13,495.080487,vertical,0.0045271588912536576,5
2024-10-30 09:30:00-04:00,TLT,1,1.0,1.0,12860,85.28,85.288528,104.95856850054102,-47.96732530756839,False,12865,84.84,84.83151600000001,vertical,-0.005358422881914349,6
2024-10-30 12:30:00-04:00,QQQ,1,1.0,1.0,12863,493.43,493.47934300000003,18.06596554627405,-37.91117577533911,False,12865,491.43,491.380857,vertical,-0.0042524292653117746,3
2024-10-31 12:30:00-04:00,TLT,1,1.0,1.0,12870,85.29,85.298529,103.9394630980729,-36.069592181608975,False,12872,84.96,84.951504,vertical,-0.004068358552818729,3
2024-11-01 09:30:00-04:00,DIA,-1,1.0,1.0,12874,410.44,410.398956,21.51519536305495,50.0906666300834,False,12879,408.03,408.07080299999996,vertical,0.005672901857966872,6
2024-11-01 09:30:00-04:00,TLT,1,1.0,1.0,12874,84.75,84.758475,104.17617489146416,-64.47708880632818,False,12874,84.14796623878061,84.13955144215673,lower,-0.007302202615647291,1
2024-11-05 09:30:00-05:00,DIA,1,1.0,1.0,12888,408.35,408.39083500000004,21.585761817983858,31.260003792282127,False,12893,409.88,409.839012,vertical,0.003546056561235078,6
2024-11-05 09:30:00-05:00,QQQ,1,1.0,1.0,12888,485.44,485.488544,18.157848216821254,32.370431804485,False,12893,487.32,487.271268,vertical,0.0036720207346438993,6
2024-11-05 09:30:00-05:00,SPY,1,1.0,1.0,12888,561.08,561.136108,15.709962640574801,38.607657358202516,False,12893,563.65,563.593635,vertical,0.0043795559846595555,6
2024-11-06 09:30:00-05:00,DIA,1,1.0,1.0,12895,423.24,423.282324,21.067889869912257,22.23163797054593,False,12900,424.38,424.337562,vertical,0.00249298858035929,6
2024-11-06 09:30:00-05:00,IWM,1,1.0,1.0,12895,231.2,231.22312,38.56736033106256,41.407769284724324,False,12900,232.32,232.296768,vertical,0.00464334189418425,6
2024-11-06 09:30:00-05:00,QQQ,1,1.0,1.0,12895,498.16,498.20981600000005,17.899417272646666,40.99197457918866,False,12900,500.55,500.499945,vertical,0.0045967159346373965,6
2024-11-06 09:30:00-05:00,SPY,1,1.0,1.0,12895,575.51,575.567551,15.49369030693066,31.83459109353397,False,12900,577.68,577.6222319999999,vertical,0.0035698346726289465,6
2024-11-07 09:30:00-05:00,QQQ,1,1.0,1.0,12902,505.81,505.860581,17.898471829811363,45.43659522689124,False,12907,508.45,508.399155,vertical,0.005018327371904885,6
2024-11-08 09:30:00-05:00,DIA,1,1.0,1.0,12909,426.72,426.762672,21.322314605030407,7.774350450455272,False,12914,427.17,427.12728300000003,vertical,0.0008543647884931005,6
2024-11-08 13:30:00-05:00,GLD,1,1.0,1.0,12913,247.8896,247.91438896,36.798854496421605,1.869824866626757,False,12914,247.99,247.965201,vertical,0.0002049580107599258,2
2024-11-11 09:30:00-05:00,DIA,1,1.0,1.0,12916,430.73,430.773073,21.1461966876107,-17.891162631486733,False,12921,429.97,429.927003,vertical,-0.0019640735529447007,6
2024-11-12 11:30:00-05:00,DIA,1,1.0,1.0,12925,427.54,427.582754,21.26213202404556,-25.41668883514829,False,12928,426.43,426.387357,vertical,-0.002795709108511013,4
2024-11-13 12:30:00-05:00,QQQ,1,1.0,1.0,12933,508.86,508.910886,17.814325704791166,-32.4505757038474,False,12935,507.14,507.089286,vertical,-0.0035794085961053934,3
2024-11-19 11:30:00-05:00,SPY,1,1.0,1.0,12960,575.66,575.7175659999999,15.690773107683848,18.432563109749907,False,12963,576.95,576.8923050000001,vertical,0.0020404779519966887,4
2024-11-19 12:30:00-05:00,QQQ,1,1.0,1.0,12961,497.39,497.439739,18.176059287134407,15.639153988193272,False,12963,498.35,498.30016500000005,vertical,0.0017297090130550252,3
2024-11-20 09:30:00-05:00,QQQ,1,1.0,1.0,12965,492.57,492.619257,18.40676199816513,91.87875051209352,False,12970,497.6605990101552,497.6108329502542,upper,0.01013272599340187,6
2024-11-21 10:30:00-05:00,DIA,1,1.0,1.0,12973,425.78,425.82257799999996,21.50990727838775,8.276947791002819,False,12977,426.25,426.207375,vertical,0.0009036557004735712,5
2024-11-21 10:30:00-05:00,QQQ,1,1.0,1.0,12973,498.87,498.919887,18.358466776899665,17.44276481253513,False,12977,499.92,499.87000800000004,vertical,0.0019043558389966186,5
2024-11-21 10:30:00-05:00,SPY,1,1.0,1.0,12973,579.35,579.4079350000001,15.808213206165417,11.44587353907194,False,12977,580.19,580.1319810000001,vertical,0.001249630797686585,5
2024-11-22 09:30:00-05:00,DIA,1,1.0,1.0,12979,427.94,427.982794,21.488176358712785,50.371916886627865,False,12984,430.37,430.32696300000003,vertical,0.005477250564423386,6
2024-11-22 11:30:00-05:00,TLT,1,1.0,1.0,12981,83.54,83.548354,110.54990795229212,-23.954838454366815,False,12984,83.34,83.331666,vertical,-0.002593563961774792,4
2024-11-25 09:30:00-05:00,DIA,1,1.0,1.0,12986,435.31,435.353531,21.185051177175144,-15.825148489144432,False,12991,434.65,434.606535,vertical,-0.0017158376969726996,6
2024-11-25 09:30:00-05:00,GLD,-1,1.0,1.0,12986,243.47,243.445653,37.88519828036899,35.28642521912828,False,12991,242.49,242.514249,vertical,0.0038259216729574774,6
2024-11-25 09:30:00-05:00,IWM,1,1.0,1.0,12986,239.13,239.153913,38.565067653310386,-70.48336876643674,False,12991,237.35,237.326265,vertical,-0.0076421413184235565,6
2024-11-25 09:30:00-05:00,QQQ,1,1.0,1.0,12986,502.81,502.860281,18.341052540594085,-26.0521812602352,False,12991,501.49,501.43985100000003,vertical,-0.0028247011220994267,6
2024-11-26 09:30:00-05:00,DIA,1,1.0,1.0,12993,432.23,432.27322300000003,21.157712470897643,72.22346062821303,False,12997,435.73037209027035,435.68679905306135,upper,0.007896802002610448,5
2024-11-26 09:30:00-05:00,QQQ,1,1.0,1.0,12993,503.38,503.430338,18.167185945599922,13.066603153885332,False,12998,504.2,504.14958,vertical,0.0014286822738125426,6
2024-11-27 09:30:00-05:00,DIA,1,1.0,1.0,13000,436.95,436.993695,21.124338246766506,-46.625174642821584,False,13005,434.83,434.786517,vertical,-0.005050823444947006,6
2024-11-29 09:30:00-05:00,QQQ,1,1.0,1.0,13007,503.53,503.58035299999995,18.23855397758438,17.676569413874724,False,13009,504.6,504.54954000000004,vertical,0.001924592558518734,3
2024-11-29 10:30:00-05:00,DIA,1,1.0,1.0,13008,437.33,437.37373299999996,21.03981495704087,-7.099696198917896,False,13009,437.08,437.036292,vertical,-0.0007715163818490245,2
2024-12-02 09:30:00-05:00,DIA,1,1.0,1.0,13011,435.27,435.31352699999997,21.12306131818516,8.93283701615475,False,13016,435.78,435.736422,vertical,0.0009714722235132367,6
2024-12-02 09:30:00-05:00,QQQ,1,1.0,1.0,13011,509.25,509.300925,18.05446224833864,14.228017573887467,False,13016,510.14,510.088986,vertical,0.00154733863874279,6
2024-12-02 10:30:00-05:00,TLT,1,1.0,1.0,13012,87.04,87.048704,105.79453250798751,-22.998461832846356,False,13016,86.84,86.831316,vertical,-0.0024973146067746033,5
2024-12-04 09:30:00-05:00,DIA,-1,1.0,1.0,13025,436.31,436.266369,21.07729903015661,-35.77709215166583,False,13030,437.92,437.963792,vertical,-0.0038907949835573774,6
2024-12-04 09:30:00-05:00,QQQ,1,1.0,1.0,13025,516.06,516.1116059999999,17.816527683769326,32.8998753051564,False,13030,518.01,517.958199,vertical,0.0035778947393019234,6
2024-12-04 10:30:00-05:00,TLT,1,1.0,1.0,13026,86.65,86.658665,105.87878153193061,41.571080114100326,False,13030,87.06,87.051294,vertical,0.004530752925861581,5
2024-12-05 11:30:00-05:00,QQQ,1,1.0,1.0,13034,518.57,518.6218570000001,17.804900535615555,-37.452857545275144,False,13037,516.57,516.5183430000001,vertical,-0.004055968663117859,4
2024-12-05 11:30:00-05:00,TLT,1,1.0,1.0,13034,87.18,87.18871800000001,105.90831923324339,-0.7876401701387039,False,13037,87.19,87.181281,vertical,-8.529773313115108e-05,4
2024-12-05 12:30:00-05:00,DIA,1,1.0,1.0,13035,436.4,436.44363999999996,21.073008227064477,-15.956755778638529,False,13037,435.73,435.68642700000004,vertical,-0.0017349617008965978,3
2024-12-06 09:30:00-05:00,QQQ,1,1.0,1.0,13039,520.62,520.672062,17.630700773008222,8.91787291150088,False,13044,521.23,521.1778770000001,vertical,0.0009714656055428428,6
2024-12-09 09:30:00-05:00,QQQ,1,1.0,1.0,13046,518.83,518.881883,17.70871464189989,-31.939366893271547,False,13051,517.13,517.078287,vertical,-0.0034759278731648635,6
2024-12-10 09:30:00-05:00,QQQ,1,1.0,1.0,13053,519.04,519.091904,17.640020507824012,-67.82032337954132,False,13057,515.2987488106285,515.2472189357474,lower,-0.007406559483256081,5
2024-12-11 09:30:00-05:00,QQQ,1,1.0,1.0,13060,522.17,522.222217,17.404413701200063,40.99296367871064,False,13065,524.63,524.577537,vertical,0.004510187279144429,6
2024-12-12 09:30:00-05:00,SPY,1,1.0,1.0,13067,592.85,592.9092850000001,15.398585758873017,-35.083429458071926,False,13072,590.69,590.630931,vertical,-0.0038426687819538285,6
2024-12-13 09:30:00-05:00,QQQ,1,1.0,1.0,13074,525.31,525.362531,17.311628649144208,-4.0690810023527595,False,13079,525.18,525.127482,vertical,-0.00044740343311622244,6
2024-12-16 09:30:00-05:00,QQQ,1,1.0,1.0,13081,530.02,530.073002,17.150113149592475,46.02605021148489,False,13086,532.81,532.756719,vertical,0.005062919616494632,6
2024-12-17 09:30:00-05:00,QQQ,1,1.0,1.0,13088,528.86,528.912886,17.274750254535572,26.15511201888488,False,13093,530.48,530.426952,vertical,0.0028625999480755837,6
2024-12-18 09:30:00-05:00,DIA,-1,1.0,1.0,13095,424.55,424.507545,21.584994735663717,37.37186130862568,False,13098,422.7338900764452,422.77616346545284,lower,0.0040785648098367044,4
2024-12-18 09:30:00-05:00,SPY,1,1.0,1.0,13095,591.7,591.75917,15.484328065544853,-41.334826715605715,False,13098,589.1486227751508,589.0897079128732,lower,-0.004511061631925051,4
2024-12-18 09:30:00-05:00,TLT,1,1.0,1.0,13095,83.55,83.55835499999999,109.65980749710222,-57.05276307447719,False,13099,83.04638913710761,83.0380844981939,lower,-0.006226433033609813,5
2024-12-19 10:30:00-05:00,DIA,-1,1.0,1.0,13103,414.73,414.688527,21.948949158154722,51.08167963102877,False,13107,412.32,412.361232,vertical,0.005612151888639172,5
2024-12-20 09:30:00-05:00,DIA,-1,1.0,1.0,13109,414.69,414.648531,22.07425901919836,-74.39771381615289,False,13109,417.97707128480357,418.01886899193204,upper,-0.008128180229660664,1
2024-12-20 10:30:00-05:00,DIA,-1,1.0,1.0,13110,418.25,418.208175,21.708474162199117,17.289453744792812,False,13114,417.37,417.411737,vertical,0.0019044056228694206,5
2024-12-20 10:30:00-05:00,QQQ,-1,1.0,1.0,13110,516.24,516.1883760000001,17.587884159189098,44.268950659057495,False,13114,513.62,513.671362,vertical,0.004876153972130592,5
2024-12-20 10:30:00-05:00,SPY,-1,1.0,1.0,13110,580.9,580.84191,15.63017613761367,20.693790519858492,False,13114,579.46,579.517946,vertical,0.0022793878630416042,5
2024-12-23 09:30:00-05:00,DIA,-1,1.0,1.0,13116,415.1,415.05849,22.07137976223943,-59.223691888421115,False,13121,417.7,417.74177,vertical,-0.006464823789051888,6
2024-12-23 12:30:00-05:00,QQQ,1,1.0,1.0,13119,517.53,517.5817529999999,17.618792138519588,15.617209257624953,False,13121,518.52,518.468148,vertical,0.0017125700333568972,3
2024-12-23 12:30:00-05:00,SPY,1,1.0,1.0,13119,581.81,581.8681809999999,15.672218585875186,21.368913319656052,False,13121,583.29,583.231671,vertical,0.002343297063704064,3
2024-12-24 09:30:00-05:00,QQQ,1,1.0,1.0,13123,522.75,522.802275,17.480176395599116,47.286831299905685,False,13125,525.56,525.507444,vertical,0.0051743634818726125,3
2024-12-24 09:30:00-05:00,SPY,1,1.0,1.0,13123,586.68,586.738668,15.575377055293242,44.42669152507674,False,13125,589.65,589.591035,vertical,0.004861392568045408,3
2024-12-24 11:30:00-05:00,DIA,1,1.0,1.0,13125,420.76,420.802076,21.85226337094761,7.993623497882121,False,13125,421.21,421.16787899999997,vertical,0.0008692994185703906,1
2024-12-27 09:30:00-05:00,DIA,1,1.0,1.0,13134,418.01,418.051801,22.098656461339782,16.271594330987597,False,13139,418.83,418.788117,vertical,0.0017613032601191403,6
2024-12-27 09:30:00-05:00,SPY,1,1.0,1.0,13134,581.71,581.768171,15.879835979104092,26.574572034474013,False,13139,583.5,583.44165,vertical,0.0028765392873304485,6
2024-12-30 11:30:00-05:00,DIA,-1,1.0,1.0,13143,415.62,415.578438,22.333279234542108,18.69224005437653,False,13146,414.7,414.74147,vertical,0.0020139832182535233,4
2025-01-02 12:30:00-05:00,QQQ,-1,1.0,1.0,13158,503.34,503.28966599999995,18.478268416827024,-48.614864421468035,False,13160,505.87,505.920587,vertical,-0.0052274488783166095,3
2025-01-03 09:30:00-05:00,QQQ,-1,1.0,1.0,13162,509.96,509.909004,18.143054158231248,-78.60323998093493,False,13167,514.19,514.2414190000001,vertical,-0.008496447338670832,6
2025-01-03 13:30:00-05:00,SPY,1,1.0,1.0,13166,580.65,580.7080649999999,15.779520458687603,-5.145843637259952,False,13167,580.44,580.3819560000001,vertical,-0.0005615713293044555,2
2025-01-06 09:30:00-05:00,DIA,1,1.0,1.0,13169,418.76,418.801876,21.889963051940956,-79.42227369754632,False,13174,415.21514681781713,415.17362530313534,lower,-0.008663406027495046,6
2025-01-06 09:30:00-05:00,QQQ,1,1.0,1.0,13169,523.0,523.0523,17.527038102544545,-52.656655841854175,False,13174,520.1,520.04799,vertical,-0.00574380420466547,6
2025-01-06 09:30:00-05:00,SPY,1,1.0,1.0,13169,587.34,587.398734,15.607043497175052,-55.516188992846004,False,13174,583.9,583.84161,vertical,-0.006055722959729892,6
2025-01-07 09:30:00-05:00,QQQ,1,1.0,1.0,13176,516.03,516.081603,17.400276276058833,-115.81523360951277,False,13181,509.4766084348649,509.4256607740214,lower,-0.012897073228898992,6
2025-01-10 09:30:00-05:00,QQQ,-1,1.0,1.0,13190,503.36,503.309664,17.61171674935651,5.6246539782418505,False,13195,502.94,502.990294,vertical,0.0006345397731126745,6
2025-01-14 11:30:00-05:00,DIA,1,1.0,1.0,13206,411.46,411.50114599999995,21.55467118324876,55.98696511821902,False,13209,414.14,414.098586,vertical,0.006312108788149251,4
2025-01-15 09:30:00-05:00,DIA,1,1.0,1.0,13211,420.86,420.902086,21.206259497317532,0.1233992240143402,False,13216,420.95,420.90790499999997,vertical,1.3825068094330817e-05,6
2025-01-15 09:30:00-05:00,IWM,1,1.0,1.0,13211,221.16,221.182116,40.35479459233612,-44.55677793405803,False,13216,220.1,220.07799,vertical,-0.004991931626153745,6
2025-01-15 09:30:00-05:00,QQQ,1,1.0,1.0,13211,511.99,512.041199,17.431720096175816,1.5267223411832807,False,13216,512.18,512.128782,vertical,0.0001710467832882756,6
2025-01-15 09:30:00-05:00,SPY,1,1.0,1.0,13211,580.9,580.95809,15.363860168774414,4.820825952178648,False,13216,581.33,581.271867,vertical,0.0005401026432045875,6
2025-01-17 09:30:00-05:00,DIA,1,1.0,1.0,13225,423.88,423.922388,20.965330635619974,-9.114488805860711,False,13230,423.53,423.487647,vertical,-0.001025520265752089,6
2025-01-17 09:30:00-05:00,QQQ,1,1.0,1.0,13225,515.71,515.761571,17.232135017406282,26.652822606477258,False,13230,517.36,517.308264,vertical,0.002998852739263036,6
2025-01-17 09:30:00-05:00,SPY,1,1.0,1.0,13225,585.46,585.518546,15.179148617884389,6.87389263075771,False,13230,586.03,585.971397,vertical,0.0007734187125132408,6
2025-01-21 09:30:00-05:00,DIA,1,1.0,1.0,13232,426.5,426.54265,20.893772884594192,47.939967920331966,False,13237,428.88,428.837112,vertical,0.005379208855198936,6
2025-01-21 11:30:00-05:00,QQQ,1,1.0,1.0,13234,519.75,519.801975,17.20051812572576,6.639417197049618,False,13237,520.24,520.187976,vertical,0.0007425924074260237,4
2025-01-22 09:30:00-05:00,QQQ,1,1.0,1.0,13239,527.39,527.442739,17.000261785403655,-7.912635845920812,False,13244,527.03,526.977297,vertical,-0.000882450293812731,6
2025-01-23 09:30:00-05:00,QQQ,1,1.0,1.0,13246,524.85,524.9024850000001,17.067459690087787,55.89067370745226,False,13251,528.23,528.177177,vertical,0.0062386673593286535,6
2025-01-23 10:30:00-05:00,DIA,1,1.0,1.0,13247,432.48,432.523248,20.75488847063193,29.12647650970436,False,13251,433.97,433.92660300000006,vertical,0.0032445770406313024,5
2025-01-27 11:30:00-05:00,DIA,1,1.0,1.0,13262,434.06,434.103406,20.83321399736165,31.31292480123985,False,13265,435.65,435.606435,vertical,0.0034623755059870476,4
2025-01-28 09:30:00-05:00,DIA,1,1.0,1.0,13267,437.08,437.12370799999997,20.760901119970384,-5.759011687975404,False,13272,436.89,436.846311,vertical,-0.0006345960992807376,6
2025-01-29 13:30:00-05:00,QQQ,1,1.0,1.0,13278,513.3,513.35133,17.666893095017077,52.771557348501986,False,13279,516.39,516.338361,vertical,0.005818687564323577,2
2025-01-29 14:30:00-05:00,DIA,1,1.0,1.0,13279,436.77,436.813677,20.939951546009265,-24.442074682272658,False,13279,435.69,435.646431,vertical,-0.0026721828126273772,1
2025-01-29 14:30:00-05:00,SPY,1,1.0,1.0,13279,591.71,591.769171,15.4567991697799,-25.475726366842153,False,13279,590.18,590.1209819999999,vertical,-0.0027851890243199007,1
2025-01-30 09:30:00-05:00,IWM,1,1.0,1.0,13281,224.27,224.292427,40.447985448898905,5.870094784242442,False,13286,224.46,224.437554,vertical,0.000647043691760496,6
2025-01-30 12:30:00-05:00,DIA,1,1.0,1.0,13284,437.76,437.80377599999997,20.8030934925709,-58.43523250368357,False,13286,435.0383114186049,434.9948075874631,lower,-0.006416044279473954,3
2025-01-30 14:30:00-05:00,QQQ,1,1.0,1.0,13286,520.27,520.3220269999999,17.558603143959644,-29.040156181190135,False,13286,518.72,518.668128,vertical,-0.0031786065439814992,1
2025-01-31 09:30:00-05:00,QQQ,1,1.0,1.0,13288,525.39,525.442539,17.110475194498076,-117.89229795053205,False,13292,518.6043337507784,518.5524733174034,lower,-0.013112881373688379,5
2025-01-31 09:30:00-05:00,SPY,1,1.0,1.0,13288,597.2,597.25972,15.05303510120118,-77.79891077495638,False,13291,592.1506145033758,592.0913994419254,lower,-0.008653388777121296,4
2025-02-05 13:30:00-05:00,DIA,1,1.0,1.0,13313,436.68,436.723668,20.13831849609786,7.503899961378762,False,13314,437.14,437.09628599999996,vertical,0.0008532122880045012,2
2025-02-05 13:30:00-05:00,QQQ,1,1.0,1.0,13313,521.37,521.422137,16.867101906277718,15.781231619754807,False,13314,522.41,522.357759,vertical,0.0017943657041166183,2
2025-02-05 13:30:00-05:00,SPY,1,1.0,1.0,13313,591.64,591.699164,14.863770064356727,11.022763786945807,False,13314,592.5,592.44075,vertical,0.0012533159502654545,2
2025-02-06 12:30:00-05:00,DIA,1,1.0,1.0,13319,435.68,435.723568,20.263278979520752,2.8944270327143853,False,13321,435.91,435.86640900000003,vertical,0.0003278248194278355,3
2025-02-07 10:30:00-05:00,QQQ,1,1.0,1.0,13324,520.28,520.3320279999999,16.97393619477311,-31.46765780670219,False,13328,518.53,518.4781469999999,vertical,-0.003562880815016878,5
2025-02-10 09:30:00-05:00,QQQ,1,1.0,1.0,13330,525.18,525.2325179999999,16.755655226895517,-8.796618460186753,False,13335,524.76,524.707524,vertical,-0.0009995458811251634,6
2025-02-11 14:30:00-05:00,DIA,1,1.0,1.0,13342,434.77,434.813477,20.21974670095611,-3.577783080000462,False,13342,434.68,434.636532,vertical,-0.00040694460811296906,1
2025-02-12 09:30:00-05:00,QQQ,1,1.0,1.0,13344,521.36,521.412136,16.85469128402106,40.54357222581345,False,13349,523.87,523.817613,vertical,0.004613388975664323,6
2025-02-12 09:30:00-05:00,SPY,1,1.0,1.0,13344,589.82,589.8789820000001,14.898378908543659,26.397647973966055,False,13349,591.71,591.650829,vertical,0.003003746622726622,6
2025-02-12 11:30:00-05:00,DIA,-1,1.0,1.0,13346,432.98,432.936702,20.45865933561959,12.141641473229233,False,13349,432.3,432.34323,vertical,0.0013708054716968787,4
2025-02-13 09:30:00-05:00,QQQ,1,1.0,1.0,13351,528.04,528.092804,16.791221880946164,54.1358900262616,False,13356,531.37,531.316863,vertical,0.006105099284783977,6
2025-02-13 09:30:00-05:00,SPY,1,1.0,1.0,13351,594.38,594.439438,14.917118345191312,51.0280309216793,False,13356,597.92,597.860208,vertical,0.0057546148208287295,6
2025-02-13 10:30:00-05:00,DIA,1,1.0,1.0,13352,433.39,433.433339,20.50166499415251,48.254973535715365,False,13354,435.830632044783,435.7870489815785,upper,0.00543038518220329,3
2025-02-13 13:30:00-05:00,DIA,1,1.0,1.0,13355,435.78,435.82357799999994,20.57607267071473,-2.410548641590526,False,13356,435.75,435.706425,vertical,-0.0002688083112381001,2
2025-02-14 11:30:00-05:00,DIA,1,1.0,1.0,13360,434.86,434.903486,20.73639803277429,-12.377991450120668,False,13363,434.35,434.30656500000003,vertical,-0.0013725367103633035,4
2025-02-18 10:30:00-05:00,DIA,1,1.0,1.0,13366,433.56,433.603356,20.770027896386853,17.928542689965173,False,13370,434.51,434.466549,vertical,0.0019907433557777576,5
2025-02-19 12:30:00-05:00,QQQ,1,1.0,1.0,13375,534.97,535.023497,16.866329036716916,-1.130010312802168,False,13377,535.01,534.956499,vertical,-0.00012522440673290447,3
2025-02-19 13:30:00-05:00,DIA,-1,1.0,1.0,13376,434.65,434.606535,20.78726332365676,-13.241174928219117,False,13377,435.2,435.24352,vertical,-0.0014656590472115205,2
2025-02-19 13:30:00-05:00,SPY,1,1.0,1.0,13376,600.98,601.0400980000001,15.031077818749868,-0.6043094526269841,False,13377,601.06,600.9998939999999,vertical,-6.689071184085016e-05,2
2025-02-20 12:30:00-05:00,DIA,-1,1.0,1.0,13382,428.84,428.79711599999996,21.009718843545766,-47.3976105652568,False,13384,431.01,431.05310099999997,vertical,-0.005261194433966221,3
2025-02-24 09:30:00-05:00,QQQ,-1,1.0,1.0,13393,517.44,517.3882560000001,17.32066612180316,32.67909129933321,False,13398,515.45,515.5015450000001,vertical,0.0036466057706574517,6
2025-02-25 09:30:00-05:00,QQQ,-1,1.0,1.0,13400,506.54,506.489346,17.75790231294886,-97.60558661311175,False,13402,511.93461179921024,511.9858052603902,upper,-0.010852072810215052,3
2025-02-25 11:30:00-05:00,DIA,-1,1.0,1.0,13402,424.16,424.117584,21.059416623970165,-59.175894240218156,False,13404,426.88484487435966,426.9275333588471,upper,-0.006625401692486932,3
2025-02-25 14:30:00-05:00,DIA,1,1.0,1.0,13405,426.39,426.432639,20.724039484144708,-19.173756986493288,False,13405,425.55,425.507445,vertical,-0.0021696134755763152,1
2025-02-26 09:30:00-05:00,DIA,1,1.0,1.0,13407,427.42,427.462742,20.629243731790627,-60.417283741994844,False,13409,424.57647940363546,424.5340217556951,lower,-0.006851404710974562,3
2025-02-26 12:30:00-05:00,QQQ,-1,1.0,1.0,13410,509.6,509.54904000000005,17.187385550241714,-11.37763673700649,False,13412,510.16,510.21101600000003,vertical,-0.0012991409031013479,3
2025-02-27 09:30:00-05:00,DIA,1,1.0,1.0,13414,427.37,427.412737,20.46368162046264,-68.20779385005666,False,13418,424.1220347075018,424.0796225040311,lower,-0.007798350885291683,5
2025-02-28 12:30:00-05:00,QQQ,-1,1.0,1.0,13424,495.92,495.870408,17.50100477189289,-101.75967490168625,False,13426,501.63474924797634,501.6849127229011,upper,-0.01172585544346716,3
2025-02-28 14:30:00-05:00,DIA,1,1.0,1.0,13426,425.13,425.172513,20.234511741795032,51.288659726069035,False,13426,427.75,427.707225,vertical,0.005961608341318092,1
2025-03-04 09:30:00-05:00,QQQ,-1,1.0,1.0,13435,485.59,485.54144099999996,17.769357325511702,-129.18332894945425,False,13437,492.7621704777549,492.81144669480267,upper,-0.014972987022137119,3
2025-03-04 13:30:00-05:00,DIA,-1,1.0,1.0,13439,418.34,418.298166,20.317029151218904,60.070059801542165,False,13440,415.3,415.34153000000003,vertical,0.007068249971719842,2
2025-03-04 14:30:00-05:00,QQQ,1,1.0,1.0,13440,498.01,498.059801,17.00699645676335,-133.23603803469052,False,13440,490.2746386718357,490.22561120796854,lower,-0.015729415978366523,1
2025-03-05 12:30:00-05:00,QQQ,-1,1.0,1.0,13445,494.07,494.020593,17.054774990503798,-66.49987631432188,False,13447,497.87,497.919787,vertical,-0.007892776243034083,3
2025-03-06 09:30:00-05:00,QQQ,1,1.0,1.0,13449,493.09,493.13930899999997,16.950403314889538,-132.88037390719344,False,13450,485.34848029787344,485.2999454498437,lower,-0.01589685390534601,2
2025-03-06 11:30:00-05:00,QQQ,1,1.0,1.0,13451,485.85,485.898585,16.929519982176405,-29.237399515858773,False,13454,484.22,484.171578,vertical,-0.003554254021958081,4
2025-03-07 12:30:00-05:00,DIA,1,1.0,1.0,13459,416.12,416.161612,19.696176120523297,32.62872475361154,False,13461,417.86,417.818214,vertical,0.003980669894175781,3
2025-03-12 09:30:00-04:00,QQQ,-1,1.0,1.0,13477,473.55,473.50264500000003,17.379884180597326,6.870946032073782,False,13482,473.06,473.107306,vertical,0.0008349245863241705,6
2025-03-13 09:30:00-04:00,QQQ,1,1.0,1.0,13484,469.88,469.926988,17.52674837934306,-96.98307033820512,False,13489,464.44,464.393556,vertical,-0.011775088771875386,6
2025-03-14 09:30:00-04:00,QQQ,-1,1.0,1.0,13491,470.02,469.97299799999996,17.318673710272098,-98.44909178248592,False,13496,475.61,475.657561,vertical,-0.012095509793522252,6
2025-03-14 12:30:00-04:00,SPY,1,1.0,1.0,13494,550.61,550.665061,14.644784353258004,17.570036093466598,False,13496,551.92,551.8648079999999,vertical,0.002178723665200666,3
2025-03-17 10:30:00-04:00,IWM,1,1.0,1.0,13499,200.77,200.790077,40.13360654924866,36.51158869178552,False,13503,201.72,201.699828,vertical,0.004530856372947145,5
2025-03-17 13:30:00-04:00,DIA,1,1.0,1.0,13502,409.95,409.990995,19.775534814073694,-19.21986206133309,False,13503,409.06,409.019094,vertical,-0.0023705423091060496,2
2025-03-17 13:30:00-04:00,QQQ,1,1.0,1.0,13502,480.77,480.81807699999996,16.862492453833458,-37.197697191085624,False,13503,478.66,478.612134,vertical,-0.004587895309102419,2
2025-03-18 09:30:00-04:00,QQQ,1,1.0,1.0,13505,470.66,470.707066,17.07755111275663,-0.4122350063106791,False,13510,470.73,470.682927,vertical,-5.128242540552996e-05,6
2025-03-18 09:30:00-04:00,SPY,1,1.0,1.0,13505,550.45,550.505045,14.602089575311174,-5.11169508927044,False,13510,550.21,550.154979,vertical,-0.0006358997127809962,6
2025-03-20 12:30:00-04:00,QQQ,1,1.0,1.0,13522,474.04,474.087404,16.944133045675958,18.89391137937494,False,13524,475.25,475.202475,vertical,0.002352036756496423,3
2025-03-21 09:30:00-04:00,SPY,1,1.0,1.0,13526,550.74,550.795074,14.618674603532316,60.0744199759951,False,13531,554.96,554.9045040000001,vertical,0.00746090550548395,6
2025-03-21 11:30:00-04:00,DIA,1,1.0,1.0,13528,409.29,409.330929,19.755326242864818,17.741152200446706,False,13531,410.27,410.228973,vertical,0.002193931453442488,4
2025-03-24 09:30:00-04:00,DIA,1,1.0,1.0,13533,415.45,415.491545,19.56648608146995,8.547775976580484,False,13538,415.97,415.92840300000006,vertical,0.0010514245241743936,6
2025-03-24 09:30:00-04:00,IWM,1,1.0,1.0,13533,204.61,204.63046100000003,39.7287358513596,39.687974168375135,False,13538,205.65,205.629435,vertical,0.004881844057420093,6
2025-03-24 09:30:00-04:00,QQQ,1,1.0,1.0,13533,486.35,486.398635,16.714087884335743,9.905788039618656,False,13538,487.04,486.99129600000003,vertical,0.0012184676463986577,6
2025-03-24 09:30:00-04:00,SPY,1,1.0,1.0,13533,563.77,563.826377,14.418817323636748,10.77316355152855,False,13538,564.63,564.573537,vertical,0.001325159713129187,6
2025-03-25 10:30:00-04:00,DIA,1,1.0,1.0,13541,416.92,416.961692,19.662775720765847,-14.812303217640917,False,13545,416.25,416.208375,vertical,-0.001806681559609613,5
2025-03-26 09:30:00-04:00,QQQ,1,1.0,1.0,13547,485.21,485.258521,16.864849511276088,-71.95598854604698,False,13552,481.04,480.99189600000005,vertical,-0.008792478267475756,6
2025-03-31 11:30:00-04:00,QQQ,-1,1.0,1.0,13570,461.59,461.543841,17.575483023688232,-73.33767497550271,False,13573,465.67,465.716567,vertical,-0.009040800958277861,4
2025-04-01 10:30:00-04:00,QQQ,-1,1.0,1.0,13576,468.5,468.45315,17.159705868575884,-16.195073003174716,False,13580,469.35,469.39693500000004,vertical,-0.0020146838589942817,5
2025-04-02 09:30:00-04:00,DIA,1,1.0,1.0,13582,410.54,410.581054,19.538951240075203,38.05580040183133,False,13587,412.57,412.528743,vertical,0.004743738126796293,6
2025-04-02 11:30:00-04:00,IWM,1,1.0,1.0,13584,198.99,199.00989900000002,40.438708211002975,20.6296856777181,False,13587,199.54,199.520046,vertical,0.0025634252495148058,4
2025-04-02 12:30:00-04:00,QQQ,1,1.0,1.0,13585,474.83,474.877483,17.06483374228775,-35.576202246407995,False,13587,472.84,472.792716,vertical,-0.004390115502696967,3
2025-04-02 12:30:00-04:00,SPY,1,1.0,1.0,13585,556.77,556.8256769999999,14.553397284067914,-21.41122004547049,False,13587,555.41,555.354459,vertical,-0.0026421518632659957,3
2025-04-03 09:30:00-04:00,SPY,-1,1.0,1.0,13589,534.15,534.096585,15.023539717993806,78.17800865406444,False,13594,528.84,528.892884,vertical,0.00974299620357999,6
2025-04-07 09:30:00-04:00,QQQ,-1,1.0,1.0,13603,416.26,416.218374,19.46622199491467,-202.88440674049053,False,13603,426.5980964478622,426.64075625750695,upper,-0.02504065872283423,1
2025-04-07 09:30:00-04:00,TLT,-1,1.0,1.0,13603,85.44,85.431456,94.83859512644172,87.53659233327654,False,13608,84.5,84.50845,vertical,0.010804053251767143,6
2025-04-07 12:30:00-04:00,DIA,-1,1.0,1.0,13606,371.96,371.922804,21.4613420764069,16.00350817295639,False,13608,371.14,371.17711399999996,vertical,0.0020049590720983,3
2025-04-07 12:30:00-04:00,QQQ,-1,1.0,1.0,13606,422.74,422.697726,18.883381744666487,31.074965083566703,False,13608,421.01,421.052101,vertical,0.0038931484575812636,3
2025-04-08 09:30:00-04:00,DIA,-1,1.0,1.0,13610,384.72,384.681528,20.88462621864112,207.67268608090424,False,13612,374.70025127674046,374.73772130186813,lower,0.025849452012501883,3
2025-04-08 09:30:00-04:00,IWM,-1,1.0,1.0,13610,182.19,182.171781,44.100847460539065,272.9463693045774,False,13612,175.96504335617027,175.98263986050588,lower,0.03397420338934998,3
2025-04-08 09:30:00-04:00,QQQ,-1,1.0,1.0,13610,438.32,438.276168,18.330747852791596,240.31506831171978,False,13612,425.1237121479401,425.1662245191549,lower,0.02991251735331646,3
2025-04-08 09:30:00-04:00,SPY,-1,1.0,1.0,13610,514.8,514.74852,15.607485234723413,221.2564771811548,False,13612,500.52216238582935,500.5722146020679,lower,0.02754025479846367,3
2025-04-08 12:30:00-04:00,GLD,-1,1.0,1.0,13613,274.43,274.402557,32.71150467586235,-27.967224306703013,False,13615,275.23,275.257523,vertical,-0.0031157362720930504,3
2025-04-08 12:30:00-04:00,QQQ,-1,1.0,1.0,13613,419.65,419.608035,21.391679323714776,132.9856528517365,False,13615,413.35,413.391335,vertical,0.0148154932257194,3
2025-04-09 12:30:00-04:00,DIA,1,1.0,1.0,13620,386.43,386.468643,23.497738094417965,277.9659200448028,False,13622,398.3379524208486,398.2981186256065,upper,0.030609147313425122,3
2025-04-09 12:30:00-04:00,QQQ,1,1.0,1.0,13620,441.08,441.124108,20.586358329160095,328.9001009306376,False,13620,457.1464269391788,457.1007122964849,upper,0.03621793505895843,1
2025-04-09 12:30:00-04:00,SPY,1,1.0,1.0,13620,515.45,515.5015450000001,17.616123643080673,301.15646303734934,False,13621,532.650311240077,532.597046208953,upper,0.033162851546745475,2
2025-04-09 12:30:00-04:00,TLT,-1,1.0,1.0,13620,82.33,82.321767,110.31273119926007,-118.75959765264967,False,13622,83.39,83.39833899999999,vertical,-0.013077610445363819,3
2025-04-09 13:30:00-04:00,QQQ,1,1.0,1.0,13621,456.35,456.395635,21.67047594503155,118.49793313024645,False,13622,461.91,461.863809,vertical,0.011981214500440984,2
2025-04-10 09:30:00-04:00,DIA,1,1.0,1.0,13624,387.6,387.63876,25.768578390895435,-19.26080122401015,False,13629,386.93,386.891307,vertical,-0.00192822049064445,6
2025-04-10 09:30:00-04:00,IWM,1,1.0,1.0,13624,179.97,179.987997,55.4975883997948,-56.934698451408586,False,13629,178.98,178.962102,vertical,-0.005699796748113273,6
2025-04-10 09:30:00-04:00,QQQ,1,1.0,1.0,13624,447.03,447.07470299999994,22.342797987408165,-90.0194012048426,False,13629,443.09,443.045691,vertical,-0.009011943581160198,6
2025-04-10 09:30:00-04:00,SPY,1,1.0,1.0,13624,519.48,519.531948,19.22672862152743,-355.51373219649435,False,13625,501.091457980715,501.04134883491696,lower,-0.03559087989923404,2
2025-04-10 13:30:00-04:00,SPY,1,1.0,1.0,13628,519.74,519.791974,18.60557348163307,-69.46549006742204,False,13629,516.11,516.058389,vertical,-0.007182844650848619,2
2025-04-11 13:30:00-04:00,DIA,1,1.0,1.0,13635,392.71,392.74927099999996,23.928002787471307,4.102049301865428,False,13636,392.96,392.920704,vertical,0.00043649476309282065,2
2025-04-11 13:30:00-04:00,QQQ,1,1.0,1.0,13635,449.93,449.974993,20.884950936074183,22.344767236604383,False,13636,451.09,451.044891,vertical,0.0023776832416106952,2
2025-04-11 13:30:00-04:00,SPY,1,1.0,1.0,13635,524.44,524.4924440000001,17.91771408486739,12.453384655833002,False,13636,525.24,525.1874760000001,vertical,0.0013251515974175287,2
2025-04-14 09:30:00-04:00,GLD,1,1.0,1.0,13638,295.46,295.48954599999996,31.93549815958507,22.70074209227734,False,13643,296.23,296.200377,vertical,0.0024056045624032407,6
2025-04-22 09:30:00-04:00,QQQ,1,1.0,1.0,13673,438.85,438.893885,21.55260512356399,50.69142551415101,False,13678,441.29,441.245871,vertical,0.005358894439825734,6
2025-04-22 09:30:00-04:00,SPY,1,1.0,1.0,13673,514.51,514.561451,18.383239895193594,68.14146783459279,False,13678,518.32,518.2681680000001,vertical,0.007203643010560423,6
2025-04-23 09:30:00-04:00,DIA,1,1.0,1.0,13680,393.66,393.699366,24.328562134135236,-158.08918631820262,False,13685,387.24,387.201276,vertical,-0.016505208189743437,6
2025-04-23 09:30:00-04:00,IWM,1,1.0,1.0,13680,191.31,191.329131,50.061061992178544,-206.64470492759955,False,13685,187.22,187.201278,vertical,-0.021574618451593697,6
2025-04-23 09:30:00-04:00,QQQ,1,1.0,1.0,13680,458.61,458.655861,20.883063539224345,-156.4346530771865,False,13685,451.21,451.164879,vertical,-0.016332467623258018,6
2025-04-23 09:30:00-04:00,SPY,1,1.0,1.0,13680,534.92,534.973492,17.90395156233395,-149.9663092065051,False,13685,526.65,526.5973349999999,vertical,-0.01565714399920215,6
2025-04-24 09:30:00-04:00,QQQ,1,1.0,1.0,13687,459.63,459.67596299999997,19.37670305021182,82.1115112904026,False,13692,463.96,463.91360399999996,vertical,0.009218756996436595,6
2025-04-24 11:30:00-04:00,SPY,1,1.0,1.0,13689,535.53,535.5835529999999,16.703332246000272,32.78341305590676,False,13692,537.6,537.54624,vertical,0.0036645766827720916,4
2025-04-24 12:30:00-04:00,IWM,1,1.0,1.0,13690,190.46,190.479046,47.06978673471272,25.034113144643175,False,13692,191.03,191.010897,vertical,0.00279217589109515,3
2025-04-25 12:30:00-04:00,QQQ,1,1.0,1.0,13697,469.65,469.696965,19.26121381657663,-9.512920891868355,False,13699,469.25,469.203075,vertical,-0.0010515077524504424,3
2025-04-29 10:30:00-04:00,QQQ,1,1.0,1.0,13709,469.9,469.94698999999997,19.230723769440978,40.8806341276307,False,13713,472.12,472.072788,vertical,0.004523484659408217,5
2025-04-29 11:30:00-04:00,IWM,1,1.0,1.0,13710,192.52,192.539252,46.96733497926919,21.67288885684362,False,13713,193.02,193.000698,vertical,0.0023966333888114644,4
2025-05-01 09:30:00-04:00,QQQ,1,1.0,1.0,13722,480.79,480.838079,18.925236314228588,-57.45444361785825,False,13727,477.85,477.80221500000005,vertical,-0.006313692971891216,6
2025-05-01 09:30:00-04:00,SPY,1,1.0,1.0,13722,552.85,552.905285,16.45846860363202,-59.912397204907656,False,13727,549.32,549.265068,vertical,-0.006583798525275464,6
2025-05-01 10:30:00-04:00,DIA,1,1.0,1.0,13723,401.71,401.75017099999997,22.782197461468797,-74.72610888196121,False,13727,398.51,398.470149,vertical,-0.008164332554820408,5
2025-05-01 10:30:00-04:00,IWM,1,1.0,1.0,13723,194.37,194.38943700000002,47.08461461257719,-65.38824061245656,False,13727,193.02,193.000698,vertical,-0.007144107321016668,5
2025-05-02 09:30:00-04:00,IWM,1,1.0,1.0,13729,196.67,196.689667,44.95657152969572,27.450527532603854,False,13734,197.32,197.300268,vertical,0.003104387786675211,6
2025-05-02 09:30:00-04:00,QQQ,1,1.0,1.0,13729,485.24,485.288524,18.221104860986845,2.239920420561052,False,13734,485.46,485.411454,vertical,0.000253313222795315,6
2025-05-02 09:30:00-04:00,SPY,1,1.0,1.0,13729,557.03,557.085703,15.872769730077836,3.310456600444954,False,13734,557.35,557.294265,vertical,0.000374380456861223,6
2025-05-07 09:30:00-04:00,GLD,1,1.0,1.0,13750,311.85,311.881185,28.457933389573157,-30.230008901742227,False,13755,310.85,310.818915,vertical,-0.003406008605488675,6
2025-05-08 11:30:00-04:00,DIA,1,1.0,1.0,13759,407.64,407.68076399999995,21.696544846764958,-62.94701395049653,False,13762,404.82,404.779518,vertical,-0.007116465274285,4
2025-05-08 12:30:00-04:00,QQQ,1,1.0,1.0,13760,488.39,488.438839,18.11321988701506,-66.24587758361706,False,13762,484.83,484.781517,vertical,-0.007487778833247027,3
2025-05-08 12:30:00-04:00,SPY,1,1.0,1.0,13760,559.89,559.9459889999999,15.800095484147397,-68.28101324018532,False,13762,555.68,555.624432,vertical,-0.007717810440463713,3
2025-05-09 09:30:00-04:00,SPY,1,1.0,1.0,13764,555.21,555.265521,15.574152810606623,-4.065274385696185,False,13769,555.06,555.0044939999999,vertical,-0.0004700940183176572,6
2025-05-09 11:30:00-04:00,QQQ,1,1.0,1.0,13766,483.82,483.868382,17.852383370655875,13.267034406669818,False,13769,484.66,484.611534,vertical,0.0015358556740745488,4
2025-05-12 09:30:00-04:00,DIA,1,1.0,1.0,13771,412.57,412.61125699999997,20.980988006674956,46.939799341885724,False,13776,414.89,414.848511,vertical,0.00542218362210134,6
2025-05-12 09:30:00-04:00,IWM,1,1.0,1.0,13771,203.11,203.130311,42.61792241600062,64.74608532868065,False,13776,204.67,204.649533,vertical,0.007479051218505672,6
2025-05-12 09:30:00-04:00,QQQ,1,1.0,1.0,13771,499.25,499.299925,17.33825983357814,85.29813531374293,False,13776,504.27,504.21957299999997,vertical,0.009853091806492742,6
2025-05-12 09:30:00-04:00,SPY,1,1.0,1.0,13771,568.81,568.8668809999999,15.217957177113423,66.5905696180848,False,13776,573.3,573.24267,vertical,0.007692114176708564,6
2025-05-13 09:30:00-04:00,QQQ,1,1.0,1.0,13778,510.58,510.631058,17.46969026732893,23.020544592250726,False,13783,512.0,511.9488,vertical,0.0025806146715032785,6
2025-05-13 09:30:00-04:00,SPY,1,1.0,1.0,13778,577.24,577.297724,15.452280605454929,-2.2474569526603174,False,13783,577.21,577.152279,vertical,-0.00025194105909898123,6
2025-05-15 10:30:00-04:00,QQQ,1,1.0,1.0,13793,515.4,515.45154,17.34661518671195,3.068477453607027,False,13797,515.68,515.628432,vertical,0.000343178720544568,5
2025-05-15 12:30:00-04:00,DIA,-1,1.0,1.0,13795,413.41,413.36865900000004,21.74156441849517,-20.27981381794552,False,13797,414.26,414.301426,vertical,-0.0022565015022097956,3
2025-05-15 12:30:00-04:00,SPY,1,1.0,1.0,13795,581.01,581.068101,15.466829641428664,-5.818250107193864,False,13797,580.75,580.691925,vertical,-0.0006473871123756636,3
2025-05-16 12:30:00-04:00,DIA,1,1.0,1.0,13802,416.61,416.651661,21.404714681568333,18.548961862897347,False,13804,417.56,417.518244,vertical,0.002079874103753987,3
2025-05-16 12:30:00-04:00,SPY,1,1.0,1.0,13802,583.39,583.448339,15.285517721401092,16.25162358346516,False,13804,584.57,584.5115430000001,vertical,0.0018222761621402572,3
2025-05-16 14:30:00-04:00,QQQ,1,1.0,1.0,13804,517.7,517.7517700000001,17.277253149425164,1.6662182937291101,False,13804,517.9,517.84821,vertical,0.00018626686684219962,1
2025-05-19 12:30:00-04:00,DIA,1,1.0,1.0,13809,419.34,419.38193399999994,21.35231874114688,-8.836336826241434,False,13811,419.01,418.968099,vertical,-0.000986773550431308,3
2025-05-21 10:30:00-04:00,QQQ,1,1.0,1.0,13821,518.42,518.4718419999999,17.254438269417886,-102.73367677071,False,13822,512.5690553622701,512.5177984567339,lower,-0.011483832025088181,2
2025-05-22 11:30:00-04:00,QQQ,-1,1.0,1.0,13829,512.47,512.418753,17.257773381002064,33.095370074935765,False,13832,510.45,510.501045,vertical,0.0037424625636214293,4
2025-05-23 09:30:00-04:00,SPY,-1,1.0,1.0,13834,568.26,568.203174,15.621704509388412,-23.960476646272006,False,13839,569.68,569.7369679999999,vertical,-0.0026993759806064332,6
2025-05-27 09:30:00-04:00,DIA,1,1.0,1.0,13841,412.23,412.271223,21.47213076009027,55.33986494241053,False,13846,414.89,414.848511,vertical,0.006251438024816869,6
2025-05-27 09:30:00-04:00,GLD,-1,1.0,1.0,13841,303.73,303.699627,29.14834534478482,-24.945897228872568,False,13846,304.525,304.5554525,vertical,-0.0028179998390316374,6
2025-05-27 09:30:00-04:00,IWM,1,1.0,1.0,13841,202.95,202.970295,43.61397616768669,64.08022701016014,False,13846,204.46,204.43955400000002,vertical,0.007238788316290323,6
2025-05-27 09:30:00-04:00,QQQ,1,1.0,1.0,13841,515.26,515.311526,17.17862140129646,38.25189395359002,False,13846,517.59,517.5382410000001,vertical,0.004321104589459779,6
2025-05-27 09:30:00-04:00,SPY,1,1.0,1.0,13841,578.25,578.307825,15.307317705546067,-100.89074430909228,False,13843,571.7739884635611,571.7168110647148,lower,-0.011397068568604007,3
2025-05-30 13:30:00-04:00,DIA,1,1.0,1.0,13866,413.83,413.871383,21.466033454278552,-3.0644909359330157,False,13867,413.77,413.72862299999997,vertical,-0.0003449380794710022,2
2025-05-30 14:30:00-04:00,SPY,1,1.0,1.0,13867,580.98,581.038098,15.337047878415019,-19.571300056687516,False,13867,579.82,579.762018,vertical,-0.0021962071065432243,1
2025-06-02 13:30:00-04:00,QQQ,1,1.0,1.0,13873,518.96,519.011896,17.07386907804886,8.81260922915944,False,13874,519.58,519.528042,vertical,0.0009944781689552595,2
2025-06-02 14:30:00-04:00,DIA,1,1.0,1.0,13874,414.52,414.561452,21.39662629179508,4.430535216364241,False,13874,414.81,414.768519,vertical,0.0004994844527899112,1
2025-06-02 14:30:00-04:00,SPY,1,1.0,1.0,13874,582.7,582.75827,15.22109066496464,2.0310262328789954,False,13874,582.95,582.891705,vertical,0.00022897143956446264,1
2025-06-03 10:30:00-04:00,QQQ,1,1.0,1.0,13877,522.96,523.012296,16.972479233896085,11.801440040746797,False,13881,523.76,523.707624,vertical,0.0013294677875030914,5
2025-06-03 11:30:00-04:00,DIA,1,1.0,1.0,13878,416.6,416.64166,21.340167883040795,6.543770419823796,False,13881,416.99,416.948301,vertical,0.0007359825707300427,4
2025-06-03 11:30:00-04:00,SPY,1,1.0,1.0,13878,586.33,586.388633,15.162645506924079,-1.3232289107436368,False,13881,586.36,586.301364,vertical,-0.00014882450833586525,4
2025-06-04 13:30:00-04:00,QQQ,1,1.0,1.0,13887,526.02,526.072602,16.906102466978766,-17.161604393561007,False,13888,525.11,525.057489,vertical,-0.0019296062865481467,2
2025-06-05 10:30:00-04:00,DIA,1,1.0,1.0,13891,417.4,417.44174,21.264466054804622,-57.41797926090441,False,13894,414.78303391536497,414.7415556119734,lower,-0.006468410149944703,4
2025-06-05 10:30:00-04:00,QQQ,1,1.0,1.0,13891,529.08,529.132908,16.775890472660937,-77.83291122351368,False,13892,524.5457929927933,524.493338413494,lower,-0.008768249935621086,2
2025-06-05 10:30:00-04:00,SPY,1,1.0,1.0,13891,588.85,588.908885,15.073088445742462,-63.94763462217696,False,13892,584.724853711021,584.6663812256498,lower,-0.007204007075475194,2
2025-06-05 12:30:00-04:00,QQQ,1,1.0,1.0,13893,525.53,525.582553,16.597131426738606,-77.1149789921255,False,13894,520.9883682707471,520.93626943392,lower,-0.008840254570018025,2
2025-06-06 09:30:00-04:00,DIA,1,1.0,1.0,13897,419.88,419.921988,20.480857044308564,-13.802397736728482,False,13902,419.29,419.24807100000004,vertical,-0.0016048623774375104,6
2025-06-06 09:30:00-04:00,IWM,1,1.0,1.0,13897,207.87,207.890787,41.36961685555531,28.063245072433904,False,13902,208.59,208.569141,vertical,0.0032630306026981692,6
2025-06-06 09:30:00-04:00,QQQ,1,1.0,1.0,13897,526.03,526.082603,16.347931212600578,0.40511808338068817,False,13902,526.16,526.107384,vertical,4.71047699710514e-05,6
2025-06-06 09:30:00-04:00,SPY,1,1.0,1.0,13897,589.36,589.418936,14.591255354561355,-3.6165739609271306,False,13902,589.23,589.171077,vertical,-0.00042051414513777363,6
2025-06-09 12:30:00-04:00,DIA,1,1.0,1.0,13907,420.36,420.402036,20.48375331238409,-23.63753439112471,False,13909,419.29,419.24807100000004,vertical,-0.0027449082097213973,3
2025-06-09 12:30:00-04:00,SPY,1,1.0,1.0,13907,591.0,591.0591,14.569459462595223,-19.93211325428961,False,13909,589.75,589.691025,vertical,-0.0023146162541105575,3
2025-06-10 11:30:00-04:00,QQQ,1,1.0,1.0,13913,529.18,529.2329179999999,16.1891705115036,20.78729966603594,False,13916,530.57,530.5169430000001,vertical,0.002426200178274218,4
2025-06-10 14:30:00-04:00,SPY,1,1.0,1.0,13916,592.77,592.8292769999999,14.489793616255245,4.367281755116135,False,13916,593.19,593.1306810000001,vertical,0.0005084161860653413,1
2025-06-11 09:30:00-04:00,DIA,1,1.0,1.0,13918,421.85,421.89218500000004,20.367754693592516,-56.82416184412525,False,13921,419.14419141509427,419.10227699595276,lower,-0.0066128458957998015,4
2025-06-11 09:30:00-04:00,QQQ,1,1.0,1.0,13918,532.42,532.4732419999999,16.13789361310996,-67.09039543335254,False,13921,528.3687584075207,528.3159215316799,lower,-0.00780756691679918,4
2025-06-11 13:30:00-04:00,DIA,1,1.0,1.0,13922,419.92,419.961992,20.16630584499722,10.404926498560581,False,13923,420.52,420.47794799999997,vertical,0.0012285778471112785,2
2025-06-11 13:30:00-04:00,QQQ,1,1.0,1.0,13922,527.89,527.942789,16.041666162327818,12.100806286227005,False,13923,528.75,528.697125,vertical,0.0014288214854281112,2
2025-06-11 13:30:00-04:00,SPY,1,1.0,1.0,13922,590.9,590.95909,14.331079963498448,7.763919894544694,False,13923,591.56,591.5008439999999,vertical,0.0009167368929039466,2
2025-06-12 11:30:00-04:00,QQQ,1,1.0,1.0,13927,530.41,530.463041,16.0225142370015,-9.06931986865442,False,13930,529.95,529.897005,vertical,-0.001067060202597503,4
2025-06-12 11:30:00-04:00,SPY,1,1.0,1.0,13927,593.12,593.179312,14.328469409981055,8.615765970099641,False,13930,593.84,593.780616,vertical,0.0010136968498997145,4
2025-06-13 10:30:00-04:00,QQQ,-1,1.0,1.0,13933,526.82,526.767318,16.134064856178213,55.420351440324964,False,13937,523.28,523.332328,vertical,0.006520886703909157,5
2025-06-13 11:30:00-04:00,DIA,-1,1.0,1.0,13934,416.9,416.85830999999996,20.36581298858379,75.10822853625817,False,13936,413.12904078509996,413.17035368917846,lower,0.008847026009440762,3
2025-06-16 09:30:00-04:00,DIA,-1,1.0,1.0,13939,418.74,418.698126,20.610139183435557,28.367754351803395,False,13944,417.28,417.32172799999995,vertical,0.0032873278252982807,6
2025-06-16 09:30:00-04:00,IWM,-1,1.0,1.0,13939,208.44,208.419156,41.40419152596338,14.837274841711881,False,13944,208.04,208.060804,vertical,0.0017193813029354743,6
2025-06-16 09:30:00-04:00,QQQ,1,1.0,1.0,13939,531.1,531.15311,16.246589712528724,-10.497993888185736,False,13944,530.56,530.506944,vertical,-0.0012165343435530662,6
2025-06-16 09:30:00-04:00,SPY,1,1.0,1.0,13939,594.19,594.2494190000001,14.52155673492318,-21.182652895461203,False,13944,592.85,592.790715,vertical,-0.002454699917847303,6
2025-06-18 09:30:00-04:00,DIA,1,1.0,1.0,13953,416.7,416.74167,20.734550099378126,-60.1936015424002,False,13958,413.88,413.838612,vertical,-0.006966085248926501,6
2025-06-18 09:30:00-04:00,QQQ,1,1.0,1.0,13953,528.29,528.3428289999999,16.35481842626373,-50.78756623854587,False,13958,525.29,525.2374709999999,vertical,-0.005877543575026012,6
2025-06-18 09:30:00-04:00,SPY,1,1.0,1.0,13953,590.95,591.009095,14.620673536527399,-49.53283890948089,False,13958,587.68,587.621232,vertical,-0.0057323364879858785,6
2025-06-23 09:30:00-04:00,DIA,1,1.0,1.0,13967,415.81,415.851581,20.392941654881145,-68.61258871243744,False,13969,412.5283075219146,412.4870546911624,lower,-0.008090690194676897,3
2025-06-23 09:30:00-04:00,QQQ,1,1.0,1.0,13967,526.47,526.522647,16.106500027572565,-77.55842912662406,False,13969,521.7594733062632,521.7072973589326,lower,-0.009145569841115364,3
2025-06-23 09:30:00-04:00,SPY,1,1.0,1.0,13967,589.51,589.568951,14.384131006286797,-64.7189288882424,False,13969,585.1281354314563,585.0696226179131,lower,-0.007631555858658046,3
2025-06-23 12:30:00-04:00,DIA,-1,1.0,1.0,13970,416.14,416.098386,19.87401864542627,-36.039565285634616,False,13972,417.87,417.911787,vertical,-0.004358106306136866,3
2025-06-23 12:30:00-04:00,QQQ,-1,1.0,1.0,13970,527.27,527.217273,15.685273425584024,-22.517574621214756,False,13972,528.6,528.65286,vertical,-0.0027229513779607473,3
2025-06-24 09:30:00-04:00,DIA,1,1.0,1.0,13974,420.98,421.022098,19.502515380532177,35.604045611399016,False,13979,422.89,422.847711,vertical,0.004336145320334106,6
2025-06-24 09:30:00-04:00,IWM,1,1.0,1.0,13974,210.88,210.901088,38.93289512944062,29.111877668563924,False,13979,211.67,211.648833,vertical,0.0035454772049350325,6
2025-06-24 09:30:00-04:00,QQQ,1,1.0,1.0,13974,534.28,534.3334279999999,15.36679068072254,33.85170295884377,False,13979,536.59,536.536341,vertical,0.00412273102254801,6
2025-06-24 09:30:00-04:00,SPY,1,1.0,1.0,13974,596.46,596.5196460000001,13.764827356229144,27.94938559303149,False,13979,598.61,598.5501390000001,vertical,0.0034038996261323007,6
2025-06-25 09:30:00-04:00,QQQ,1,1.0,1.0,13981,538.64,538.693864,15.477263638593747,-11.417035681963144,False,13986,538.01,537.956199,vertical,-0.0013693584599656639,6
2025-06-25 13:30:00-04:00,DIA,1,1.0,1.0,13985,421.03,421.07210299999997,19.74428340627215,17.487452580086014,False,13986,422.0,421.9578,vertical,0.002103433102525143,2
2025-06-26 09:30:00-04:00,DIA,1,1.0,1.0,13988,424.01,424.052401,19.675816835002163,36.49871893219651,False,13993,425.95,425.907405,vertical,0.004374468805330434,6
2025-06-26 09:30:00-04:00,QQQ,1,1.0,1.0,13988,540.58,540.634058,15.432948122774182,36.138393209264606,False,13993,543.03,542.975697,vertical,0.004331282806456116,6
2025-06-26 09:30:00-04:00,SPY,1,1.0,1.0,13988,601.72,601.780172,13.8648259925036,25.22652402997162,False,13993,603.66,603.5996339999999,vertical,0.003023466183594836,6
2025-06-27 09:30:00-04:00,DIA,1,1.0,1.0,13995,428.87,428.912887,19.681015102468393,19.36846090162539,False,14000,429.94,429.897006,vertical,0.0022944495953090005,6
2025-06-27 09:30:00-04:00,QQQ,1,1.0,1.0,13995,545.82,545.874582,15.464066811395002,-68.16879722969516,False,13999,541.5205277212098,541.4663756684376,lower,-0.008075492937244633,5
2025-06-27 09:30:00-04:00,SPY,1,1.0,1.0,13995,606.64,606.700664,13.91368348113481,-56.113077763885,False,13999,602.7279948513685,602.6677220518834,lower,-0.006647333994209359,5
2025-06-30 09:30:00-04:00,DIA,1,1.0,1.0,14002,431.64,431.683164,19.311681084227704,15.518538620707014,False,14007,432.53,432.486747,vertical,0.001861511096596713,6
2025-06-30 09:30:00-04:00,QQQ,1,1.0,1.0,14002,547.31,547.3647309999999,15.230297314494615,15.2368006514488,False,14007,548.42,548.365158,vertical,0.0018277154945156582,6
2025-06-30 14:30:00-04:00,SPY,1,1.0,1.0,14007,609.59,609.6509590000001,13.712902327657224,-1.9460802467323162,False,14007,609.57,609.509043,vertical,-0.00023278237802304425,1
2025-07-01 09:30:00-04:00,DIA,1,1.0,1.0,14009,434.91,434.95349100000004,19.232715737931134,33.711758057779825,False,14014,436.75,436.706325,vertical,0.004029934317735906,6
2025-07-01 09:30:00-04:00,QQQ,1,1.0,1.0,14009,545.64,545.694564,15.329705303100265,-64.0000348186871,False,14009,541.5738182409435,541.5196608591194,lower,-0.007650622557567877,1
2025-07-02 09:30:00-04:00,QQQ,1,1.0,1.0,14016,546.25,546.304625,15.257144445487498,18.928242256239205,False,14021,547.6,547.54524,vertical,0.0022709216492540207,6
2025-07-02 12:30:00-04:00,SPY,1,1.0,1.0,14019,611.13,611.191113,13.652497052393443,10.753839835720635,False,14021,612.04,611.978796,vertical,0.0012887671028685155,3
2025-07-03 09:30:00-04:00,DIA,1,1.0,1.0,14023,439.73,439.773973,19.0205222921522,0.609455575284949,False,14025,439.85,439.806015,vertical,7.286015536900337e-05,3
2025-07-03 09:30:00-04:00,QQQ,1,1.0,1.0,14023,552.96,553.015296,15.125676843764625,-2.2777454245501025,False,14025,552.92,552.864708,vertical,-0.00027230349881690596,3
2025-07-03 09:30:00-04:00,SPY,1,1.0,1.0,14023,616.59,616.651659,13.564758214580333,3.07441175506095,False,14025,616.94,616.8783060000001,vertical,0.00036754462051979964,3
2025-07-07 09:30:00-04:00,DIA,1,1.0,1.0,14027,438.19,438.233819,19.090577714771563,-56.59303581903265,False,14028,435.3129017195431,435.2693704293712,lower,-0.006764536286572587,2
2025-07-07 09:30:00-04:00,QQQ,1,1.0,1.0,14027,550.14,550.195014,15.205766257381304,-21.43857943474936,False,14032,548.84,548.785116,vertical,-0.00256254230613584,6
2025-07-07 09:30:00-04:00,SPY,1,1.0,1.0,14027,614.66,614.721466,13.609638253401476,-50.08494958047191,False,14028,611.1024674409164,611.0413571941723,lower,-0.005986628106179781,2
2025-07-07 11:30:00-04:00,SPY,1,1.0,1.0,14029,612.21,612.2712210000001,13.461432932866362,1.3129743225384014,False,14032,612.43,612.368757,vertical,0.00015930195092384025,4
2025-07-08 11:30:00-04:00,QQQ,1,1.0,1.0,14036,550.42,550.4750419999999,14.967678022991858,-21.403061124330915,False,14039,549.1,549.0450900000001,vertical,-0.002597669087420429,4
2025-07-09 14:30:00-04:00,DIA,1,1.0,1.0,14046,436.14,436.183614,18.840529225438967,2.3126938029528135,False,14046,436.35,436.306365,vertical,0.0002814204753689431,1
2025-07-10 09:30:00-04:00,QQQ,1,1.0,1.0,14048,550.39,550.445039,14.933812167625952,25.83158239120664,False,14053,552.23,552.1747770000001,vertical,0.0031424354430418244,6
2025-07-10 10:30:00-04:00,DIA,1,1.0,1.0,14049,439.02,439.063902,18.768967780775004,-15.160295883500716,False,14053,438.3,438.25617,vertical,-0.0018396684316808187,5
2025-07-10 12:30:00-04:00,SPY,1,1.0,1.0,14051,617.67,617.731767,13.349088244833101,-4.986004601239537,False,14053,617.42,617.358258,vertical,-0.0006046459320263597,3
2025-07-11 09:30:00-04:00,DIA,1,1.0,1.0,14055,436.07,436.113607,18.861892797887425,-13.338225215811836,False,14060,435.45,435.406455,vertical,-0.0016214857519912806,6
2025-07-11 09:30:00-04:00,SPY,1,1.0,1.0,14055,615.6,615.66156,13.361120195540561,-6.72173907021226,False,14060,615.22,615.1584780000001,vertical,-0.0008171405081712768,6
2025-07-14 12:30:00-04:00,QQQ,1,1.0,1.0,14065,553.32,553.3753320000001,14.82875665778319,-7.275373563981835,False,14067,552.94,552.884706,vertical,-0.0008866061994972085,3
2025-07-15 09:30:00-04:00,QQQ,1,1.0,1.0,14069,556.51,556.565651,14.730684062793523,-46.710940240381206,False,14074,553.45,553.3946550000001,vertical,-0.005697433886375336,6
2025-07-16 10:30:00-04:00,QQQ,1,1.0,1.0,14077,551.8,551.8551799999999,14.771777307306643,-49.04124379720235,False,14077,548.5901105571555,548.5352515460999,lower,-0.006015941453879292,1
2025-07-17 09:30:00-04:00,QQQ,1,1.0,1.0,14083,556.06,556.115606,14.570424734756354,34.21925444741512,False,14088,558.52,558.464148,vertical,0.00422311831328126,6
2025-07-17 09:30:00-04:00,SPY,1,1.0,1.0,14083,617.04,617.1017039999999,13.130478377428721,31.957488919613354,False,14087,619.5975041636146,619.5355444131983,upper,0.003943985889882429,5
2025-07-17 13:30:00-04:00,DIA,1,1.0,1.0,14087,437.1,437.14371,18.683114352101995,-4.2486523023546745,False,14088,436.96,436.91630399999997,vertical,-0.0005202087890044949,2
2025-07-18 09:30:00-04:00,DIA,1,1.0,1.0,14090,435.13,435.173513,18.76209931947557,2.3068563976263277,False,14095,435.34,435.29646599999995,vertical,0.0002825378758746222,6
2025-07-21 09:30:00-04:00,DIA,1,1.0,1.0,14097,437.06,437.103706,18.684525929205275,-31.151850593570412,False,14102,435.48,435.43645200000003,vertical,-0.003814321354667194,6
2025-07-21 09:30:00-04:00,QQQ,1,1.0,1.0,14097,562.59,562.646259,14.515471129274353,-26.597365461841772,False,14102,560.87,560.813913,vertical,-0.003256657217017067,6
2025-07-21 09:30:00-04:00,SPY,1,1.0,1.0,14097,622.76,622.822276,13.113011276604885,-36.030197457031605,False,14102,620.1366219681017,620.0746083059049,lower,-0.004411640045602794,6
2025-07-22 12:30:00-04:00,SPY,1,1.0,1.0,14107,620.59,620.652059,13.007764975442184,-4.475919896990221,False,14109,620.37,620.307963,vertical,-0.0005544104704243713,3
2025-07-22 14:30:00-04:00,DIA,1,1.0,1.0,14109,436.9,436.94368999999995,18.47906295020813,-0.13652331707493454,False,14109,436.98,436.936302,vertical,-1.69083572300055e-05,1
2025-07-23 09:30:00-04:00,DIA,1,1.0,1.0,14111,439.27,439.313927,18.366555612934647,37.51785827088289,False,14114,441.400794037117,441.3566539577133,upper,0.004649811517842828,4
2025-07-23 09:30:00-04:00,SPY,1,1.0,1.0,14111,622.25,622.312225,12.965651882834553,32.529247698944424,False,14114,624.8835920482903,624.8211036890855,upper,0.004031543312660313,4
2025-07-23 13:30:00-04:00,SPY,1,1.0,1.0,14115,624.71,624.772471,13.026711571854833,10.355792791431734,False,14116,625.63,625.567437,vertical,0.001272408815848891,2
2025-07-24 09:30:00-04:00,DIA,1,1.0,1.0,14118,440.2,440.24402,18.510385605109345,-22.729383754538908,False,14123,439.06,439.016094,vertical,-0.0027891940474283894,6
2025-07-24 09:30:00-04:00,SPY,1,1.0,1.0,14118,626.28,626.342628,13.010589102907858,-6.703276685832968,False,14123,625.89,625.827411,vertical,-0.0008225801294176049,6
2025-07-24 10:30:00-04:00,QQQ,1,1.0,1.0,14119,561.97,562.026197,14.521773494208196,-4.100614833975632,False,14123,561.8,561.7438199999999,vertical,-0.00050242675787604,5
2025-07-25 10:30:00-04:00,QQQ,1,1.0,1.0,14126,563.05,563.1063049999999,14.41211583533792,-1.0465213792645869,False,14130,563.09,563.0336910000001,vertical,-0.00012895256074219041,5
2025-07-25 10:30:00-04:00,SPY,1,1.0,1.0,14126,627.46,627.522746,12.932683870026798,11.308442237422609,False,14130,628.46,628.397154,vertical,0.0013934283746266374,5
2025-07-25 12:30:00-04:00,DIA,1,1.0,1.0,14128,440.54,440.58405400000004,18.465906049957017,6.681832706457961,False,14130,440.99,440.945901,vertical,0.0008212893696781798,3
2025-07-28 09:30:00-04:00,QQQ,1,1.0,1.0,14132,565.13,565.186513,14.389050095457142,-5.079363461795796,False,14137,564.89,564.833511,vertical,-0.0006245761211218781,6
2025-07-28 09:30:00-04:00,SPY,1,1.0,1.0,14132,629.16,629.2229159999999,12.924667621027552,-12.094270651042452,False,14137,628.35,628.2871650000001,vertical,-0.001487153401768193,6
2025-07-28 13:30:00-04:00,DIA,1,1.0,1.0,14136,439.73,439.773973,18.407343640560374,8.68822938365694,False,14137,440.29,440.245971,vertical,0.0010732740657208861,2
2025-07-29 09:30:00-04:00,QQQ,1,1.0,1.0,14139,566.56,566.6166559999999,14.337756502704288,-39.99274408648438,False,14140,563.8837136919883,563.8273253206191,lower,-0.004922782713575602,2
2025-07-29 09:30:00-04:00,SPY,1,1.0,1.0,14139,629.17,629.2329169999999,12.910976880925888,-28.982341955679846,False,14139,627.0508390420805,626.9881339581763,lower,-0.0035674914346918163,1
2025-07-29 10:30:00-04:00,SPY,1,1.0,1.0,14140,626.74,626.802674,12.860432352160304,-2.2549867899248186,False,14144,626.69,626.627331,vertical,-0.0002797419463466122,5
2025-07-30 11:30:00-04:00,QQQ,1,1.0,1.0,14148,566.02,566.076602,14.225603995680551,-39.30881970677504,False,14150,563.3696946306841,563.3133576612211,lower,-0.0048813964912454155,3
2025-07-31 09:30:00-04:00,QQQ,1,1.0,1.0,14153,568.6,568.65686,14.091930151982503,-49.805219301564556,False,14153,565.179070060997,565.1225521539909,lower,-0.006215185456496797,1
2025-07-31 09:30:00-04:00,SPY,1,1.0,1.0,14153,630.21,630.2730210000001,12.714288069718428,-45.74380679315438,False,14153,626.7378679527391,626.6751941659438,lower,-0.005708362430535074,1
2025-07-31 10:30:00-04:00,QQQ,1,1.0,1.0,14154,566.11,566.166611,13.98514778447607,-51.012931592258624,False,14156,562.5752180015186,562.5189604797184,lower,-0.006442715711968305,3
2025-07-31 12:30:00-04:00,DIA,-1,1.0,1.0,14156,435.16,435.116484,18.1317916230829,44.21310633726112,False,14158,432.63479042776254,432.6780539068053,lower,0.0056040857629166,3
2025-08-01 09:30:00-04:00,DIA,-1,1.0,1.0,14160,428.07,428.027193,18.48276004327598,1.0054621463539712,False,14165,427.93,427.972793,vertical,0.0001270947287687063,6
2025-08-01 09:30:00-04:00,SPY,-1,1.0,1.0,14160,614.98,614.918502,12.865320972592848,19.518853289346357,False,14165,613.34,613.401334,vertical,0.0024672667923724134,6
2025-08-04 09:30:00-04:00,DIA,-1,1.0,1.0,14167,432.33,432.286767,18.34811708601683,-29.661914695479705,False,14172,433.86,433.903386,vertical,-0.003739691157374825,6
2025-08-04 09:30:00-04:00,IWM,-1,1.0,1.0,14167,214.81,214.788519,36.92771034773826,-77.29586468544403,False,14172,216.86,216.881686,vertical,-0.009745246206572133,6
2025-08-04 09:30:00-04:00,QQQ,-1,1.0,1.0,14167,559.57,559.514043,14.175959146840711,-19.166435452974515,False,14172,560.81,560.8660809999999,vertical,-0.002416450519723279,6
2025-08-06 10:30:00-04:00,DIA,1,1.0,1.0,14182,434.46,434.503446,17.964239576635666,-9.464423692471877,False,14186,434.02,433.97659799999997,vertical,-0.001212528933545065,5
2025-08-06 10:30:00-04:00,QQQ,1,1.0,1.0,14182,561.57,561.626157,13.898077757830958,32.34696989284186,False,14186,564.01,563.953599,vertical,0.004144112539972156,5
2025-08-06 10:30:00-04:00,SPY,1,1.0,1.0,14182,623.41,623.4723409999999,12.519439095402918,7.827691658327866,False,14186,624.16,624.097584,vertical,0.0010028399960730905,5
2025-08-07 09:30:00-04:00,QQQ,1,1.0,1.0,14188,567.7,567.7567700000001,13.802097399343165,-74.3769182564094,False,14191,562.4241996834384,562.36795726347,lower,-0.009491410796440336,4
2025-08-07 12:30:00-04:00,SPY,1,1.0,1.0,14191,621.52,621.582152,12.51661467112999,26.85400876185519,False,14193,623.79,623.727621,vertical,0.0034516258118042487,3
2025-08-08 09:30:00-04:00,DIA,1,1.0,1.0,14195,434.16,434.203416,17.93793195118926,-4.606729994044981,False,14200,433.99,433.946601,vertical,-0.000591462412631083,6
2025-08-08 09:30:00-04:00,QQQ,1,1.0,1.0,14195,570.27,570.3270269999999,13.65657063483671,11.14175412214582,False,14200,571.2,571.1428800000001,vertical,0.0014305003294192709,6
2025-08-08 09:30:00-04:00,SPY,1,1.0,1.0,14195,627.87,627.932787,12.403734110450142,7.124159108742691,False,14200,628.57,628.507143,vertical,0.0009146775130888241,6
2025-08-11 09:30:00-04:00,GLD,-1,1.0,1.0,14202,308.64,308.609136,25.28237048827604,-0.5492342164888994,False,14207,308.6,308.63086000000004,vertical,-7.039324979696282e-05,6
2025-08-11 11:30:00-04:00,QQQ,1,1.0,1.0,14204,572.99,573.047299,13.635429352345275,-50.23620787251449,False,14207,569.42,569.3630579999999,vertical,-0.006429209257995394,4
2025-08-12 09:30:00-04:00,DIA,1,1.0,1.0,14209,436.25,436.293625,17.766899689010497,5.9111896617317505,False,14214,436.67,436.62633300000005,vertical,0.0007625781834423861,6
2025-08-12 09:30:00-04:00,QQQ,1,1.0,1.0,14209,572.29,572.347229,13.543500654092908,61.65515792705157,False,14214,576.9573044660668,576.8996087356202,upper,0.007953877480238791,6
2025-08-12 09:30:00-04:00,SPY,1,1.0,1.0,14209,630.69,630.7530690000001,12.28941316547088,39.000845941842016,False,14214,633.99,633.926601,vertical,0.005031338182834855,6
2025-08-13 09:30:00-04:00,DIA,1,1.0,1.0,14216,439.85,439.89398500000004,17.86374110994127,25.578697893020188,False,14221,441.37,441.325863,vertical,0.0032550524645158507,6
2025-08-14 11:30:00-04:00,DIA,1,1.0,1.0,14225,439.31,439.353931,17.943918115878674,30.18097045810143,False,14228,441.08,441.035892,vertical,0.003828259818164703,4
2025-08-15 13:30:00-04:00,DIA,1,1.0,1.0,14234,442.68,442.724268,17.875487079040152,-18.38390168254193,False,14235,441.74,441.695826,vertical,-0.0023229853756288055,2
2025-08-18 09:30:00-04:00,DIA,1,1.0,1.0,14237,441.12,441.164112,17.897031548497687,0.9263861470132752,False,14242,441.26,441.215874,vertical,0.00011733048675544033,6
2025-08-19 09:30:00-04:00,DIA,1,1.0,1.0,14244,443.94,443.984394,17.785432378679463,-47.37006868431993,False,14245,441.3651109396302,441.32097442853626,lower,-0.005998903581876269,2
2025-08-20 09:30:00-04:00,QQQ,-1,1.0,1.0,14251,557.04,556.984296,14.092110683119978,-70.04820122431569,False,14252,561.8988449068404,561.9550347913311,upper,-0.008924378706955727,2
2025-08-20 10:30:00-04:00,DIA,1,1.0,1.0,14252,441.88,441.924188,17.659888704093365,-7.387890820136407,False,14256,441.55,441.505845,vertical,-0.0009466397435571317,5
2025-08-21 09:30:00-04:00,QQQ,-1,1.0,1.0,14258,563.12,563.063688,13.802431983408614,65.72783951113358,False,14260,558.2458157162449,558.3016402978166,lower,0.00845738733232504,3
2025-08-22 09:30:00-04:00,DIA,1,1.0,1.0,14265,447.44,447.484744,17.514286689197927,20.673601293628916,False,14270,448.71,448.665129,vertical,0.002637821771193094,6
2025-08-22 09:30:00-04:00,IWM,1,1.0,1.0,14265,230.3,230.32303000000002,34.027756996155965,48.44848221682752,False,14270,231.77,231.746823,vertical,0.0061817222533064875,6
2025-08-22 09:30:00-04:00,QQQ,1,1.0,1.0,14265,568.38,568.436838,13.787593575098914,2.29282166116449,False,14270,568.66,568.603134,vertical,0.00029254965351133144,6
2025-08-22 09:30:00-04:00,SPY,1,1.0,1.0,14265,635.47,635.533547,12.331962856176876,12.243098731835309,False,14270,636.59,636.526341,vertical,0.001562142556732704,6
2025-08-25 09:30:00-04:00,DIA,1,1.0,1.0,14272,447.0,447.0447,17.718662360524124,-32.942944589919485,False,14277,445.23,445.18547700000005,vertical,-0.0041589196785017934,6
2025-08-26 10:30:00-04:00,DIA,1,1.0,1.0,14280,444.8,444.84448000000003,17.732244659463635,30.514692812439254,False,14284,446.61,446.565339,vertical,0.0038684508347726076,5
2025-08-27 12:30:00-04:00,QQQ,1,1.0,1.0,14289,569.75,569.806975,13.896997044629575,4.669460491982342,False,14291,570.2,570.1429800000001,vertical,0.0005896821463093893,3
2025-08-28 11:30:00-04:00,QQQ,1,1.0,1.0,14295,573.45,573.507345,13.815473118441579,2.0071671965405034,False,14298,573.71,573.652629,vertical,0.00025332543910150385,4
2025-08-28 11:30:00-04:00,SPY,1,1.0,1.0,14295,639.43,639.493943,12.389914548535922,7.459236544714937,False,14298,640.16,640.0959839999999,vertical,0.0009414334671813407,4
2025-08-28 14:30:00-04:00,DIA,1,1.0,1.0,14298,448.81,448.854881,17.68798724069017,0.0040505490779458525,False,14298,448.9,448.85510999999997,vertical,5.101871667356761e-07,1
2025-08-29 09:30:00-04:00,DIA,1,1.0,1.0,14300,447.2,447.24472,17.736924345057968,16.858166165306965,False,14305,448.24,448.195176,vertical,0.002125136323577026,6
2025-08-29 09:30:00-04:00,SPY,1,1.0,1.0,14300,636.0,636.0636,12.471623533191703,2.9029449800809353,False,14305,636.36,636.296364,vertical,0.00036594453762184287,6
2025-09-02 11:30:00-04:00,DIA,-1,1.0,1.0,14309,443.11,443.065689,17.948821294334127,-48.800780984845645,False,14312,445.74,445.784574,vertical,-0.006136527985582729,4
2025-09-03 11:30:00-04:00,DIA,-1,1.0,1.0,14316,443.99,443.945601,17.80332111574899,-27.220245393354997,False,14319,445.43,445.474543,vertical,-0.003443985021038598,4
2025-09-04 09:30:00-04:00,QQQ,1,1.0,1.0,14321,567.41,567.466741,13.880083673721103,62.83962594515894,False,14326,572.0512694069964,571.9940642800557,upper,0.00797812973510581,6
2025-09-04 10:30:00-04:00,DIA,-1,1.0,1.0,14322,447.59,447.545241,17.645618104115556,-27.87420061367442,False,14326,449.08,449.124908,vertical,-0.003529625287647775,5
2025-09-04 10:30:00-04:00,SPY,1,1.0,1.0,14322,637.52,637.583752,12.386156927976984,32.355391622713576,False,14326,640.26,640.195974,vertical,0.0040970648825442435,5
2025-09-05 09:30:00-04:00,DIA,1,1.0,1.0,14328,446.82,446.864682,17.776761028717903,3.9216423667399174,False,14333,447.13,447.085287,vertical,0.0004936729369897641,6
2025-09-05 09:30:00-04:00,SPY,1,1.0,1.0,14328,637.82,637.883782,12.453376129396592,6.878846465842552,False,14333,638.5,638.43615,vertical,0.0008659383034761436,6
2025-09-08 09:30:00-04:00,QQQ,1,1.0,1.0,14335,576.86,576.917686,13.788114571548432,-21.030059776076868,False,14340,575.45,575.392455,vertical,-0.002643758437317123,6
2025-09-08 09:30:00-04:00,SPY,1,1.0,1.0,14335,640.03,640.0940029999999,12.427248366081947,-1.093722128696716,False,14340,640.07,640.0059930000001,vertical,-0.0001374954297139741,6
2025-09-08 10:30:00-04:00,DIA,1,1.0,1.0,14336,447.84,447.88478399999997,17.795265518656723,5.879377774709397,False,14340,448.26,448.215174,vertical,0.0007376673908172648,5
2025-09-09 10:30:00-04:00,DIA,1,1.0,1.0,14343,449.53,449.574953,17.657484465756124,7.946574308968909,False,14347,450.07,450.024993,vertical,0.001001034414833235,5
2025-09-09 12:30:00-04:00,SPY,1,1.0,1.0,14345,640.82,640.884082,12.385893743543882,7.824912231421105,False,14347,641.58,641.515842,vertical,0.0009857632881573597,3
2025-09-10 09:30:00-04:00,QQQ,1,1.0,1.0,14349,579.44,579.4979440000001,13.725905877124092,-53.243009912765785,False,14353,575.6764955474918,575.618927897937,lower,-0.006693753001586145,5
2025-09-10 09:30:00-04:00,SPY,1,1.0,1.0,14349,645.11,645.174511,12.328655425339528,-22.054189229551287,False,14354,643.45,643.385655,vertical,-0.0027726699823080736,6
2025-09-10 10:30:00-04:00,DIA,1,1.0,1.0,14350,447.57,447.614757,17.72138109880991,5.678727966208258,False,14354,447.98,447.935202,vertical,0.0007158946281120571,5
2025-09-11 09:30:00-04:00,QQQ,1,1.0,1.0,14356,579.54,579.597954,13.603422354653135,13.929605215872229,False,14361,580.68,580.6219319999999,vertical,0.0017667039590687494,6
2025-09-12 09:30:00-04:00,QQQ,1,1.0,1.0,14363,582.34,582.398234,13.561932211097144,10.624987295326862,False,14368,583.24,583.181676,vertical,0.0013451998207811844,6
