event,sym,side,size,frac,entry_b,entry_px,entry_fill,qty,pnl,trimmed,exit_b,exit_px,exit_fill,exit_reason,pnl_pct,bars_held
2017-07-05 09:30:00-04:00,DIA,1,1.0,0.2,1,179.67,179.6987740606769,11.129736474021142,4.36708389828726,False,6,180.12,180.09115387204807,vertical,0.002183541949143608,6
2017-07-05 09:30:00-04:00,IWM,1,1.0,0.2,1,125.31,125.34285385485697,15.956234747263185,7.2466190515161895,False,6,125.83,125.79700981121498,vertical,0.003623309525758067,6
2017-07-05 09:30:00-04:00,TLT,-1,1.0,0.2,1,95.64,95.62392188520175,20.915268486906825,0.3733830529109752,False,6,95.59,95.60606970925934,vertical,0.0001866915264554514,6
2017-07-05 10:30:00-04:00,QQQ,1,1.0,0.2,2,128.91,128.94044979831511,15.520396329378336,1.8478255708910793,False,6,129.09,129.05950768393066,vertical,0.0009233555940109106,5
2017-07-05 12:30:00-04:00,SPY,1,1.0,0.19965322681780673,4,211.41,211.4475144066756,9.455658449264766,-0.7094468329022751,False,6,211.41,211.37248559332443,vertical,-0.0003548342176624697,3
2017-07-06 09:30:00-04:00,DIA,1,1.0,0.2,8,179.26,179.28905118037622,11.169812544400006,-5.004513392771231,False,13,178.87,178.84101202368686,vertical,-0.002498976673364184,6
2017-07-06 09:30:00-04:00,IWM,-1,1.0,0.2,8,124.66,124.62708430300661,16.068939622138203,6.978750567593469,False,13,124.16,124.19278367510589,vertical,0.003484801320111197,6
2017-07-06 09:30:00-04:00,QQQ,-1,1.0,0.2,8,127.67,127.6394288846286,15.689705841274833,-5.353473200779387,False,13,127.95,127.98063816254228,vertical,-0.0026732278645815732,6
2017-07-06 09:30:00-04:00,SPY,-1,1.0,0.2,8,210.03,209.99236871797012,9.536656523160435,4.337580341622136,False,13,209.5,209.53753632140766,vertical,0.0021659472643662525,6
2017-07-06 09:30:00-04:00,TLT,-1,1.0,0.2,8,94.57,94.55395426869272,21.179707484864227,-5.551847033509162,False,13,94.8,94.81608475550311,vertical,-0.0027722847641622472,6
2017-07-07 09:30:00-04:00,GLD,-1,1.0,0.2,15,115.44,115.4200729994725,17.342792638969485,2.257603997239026,False,20,115.27,115.28989765549899,vertical,0.0011278397300450438,6
2017-07-07 09:30:00-04:00,QQQ,1,1.0,0.2,15,128.89,128.92175656962564,15.526521245648155,5.067713233756633,False,20,129.28,129.24814734020325,vertical,0.002531696582968479,6
2017-07-07 09:30:00-04:00,TLT,-1,1.0,0.2,15,94.4,94.38381549903546,21.20815292135576,2.071045823799087,False,20,94.27,94.28616221298651,vertical,0.0010346401608435363,6
2017-07-07 10:30:00-04:00,DIA,-1,1.0,0.2,16,179.43,179.40073402089973,11.171820752124804,-3.000373561636149,False,20,179.64,179.66930023120753,vertical,-0.0014970184585560986,5
2017-07-07 10:30:00-04:00,SPY,-1,1.0,0.2,16,210.49,210.4518759282336,9.523473404269277,-3.9647145895140175,False,20,210.83,210.86818565276505,vertical,-0.0019781706515813458,5
2017-07-10 09:30:00-04:00,IWM,-1,1.0,0.2,22,124.65,124.6170948890476,16.06675752767264,-16.81763400816113,False,24,125.63066568829164,125.66382967540355,upper,-0.008399608314476392,3
2017-07-10 10:30:00-04:00,QQQ,1,1.0,0.2,23,129.8,129.83223799974377,15.417598435919812,4.400754157315928,False,27,130.15,130.1176750719056,vertical,0.0021985069082950393,5
2017-07-10 11:30:00-04:00,SPY,1,1.0,0.2,24,211.26,211.2984084919283,9.467105853896026,-2.7149652982984356,False,27,211.05,211.01162968748713,vertical,-0.0013572217911529405,4
2017-07-11 09:30:00-04:00,GLD,-1,1.0,0.2,29,114.92,114.90029511968162,17.39913963034747,-12.802041207678148,False,29,115.6162567317143,115.63608099643548,upper,-0.006403690051339339,1
2017-07-11 09:30:00-04:00,QQQ,1,1.0,0.2,29,130.53,130.56237115341045,15.311963628528598,-16.810559057203456,False,29,129.49661514482446,129.4645002685892,lower,-0.008408784821556714,1
2017-07-11 10:30:00-04:00,DIA,-1,1.0,0.2,30,178.76,178.73087256642518,11.152207392495713,-9.812020658713681,False,30,179.58143895748896,179.61070023761036,upper,-0.0049226396008232864,1
2017-07-11 10:30:00-04:00,GLD,-1,1.0,0.2,30,115.52,115.50019224004194,17.257492993258175,-2.754918805499782,False,34,115.64,115.65982833588599,vertical,-0.001382128399511906,5
2017-07-11 10:30:00-04:00,IWM,1,1.0,0.2,30,124.21,124.24243551862335,16.043180013190568,14.334320202437661,False,34,125.16860508484365,125.13591924134242,upper,0.007191453700898576,5
2017-07-11 10:30:00-04:00,QQQ,1,1.0,0.2,30,129.8,129.83219011501325,15.352461947509008,9.909149713510796,False,34,130.51,130.47763380654564,vertical,0.004971368741146787,5
2017-07-11 10:30:00-04:00,SPY,1,1.0,0.2,30,210.1,210.13810496529032,9.485398941004684,9.053427996293108,False,34,211.13085627312853,211.092564345713,upper,0.004542057617681117,5
2017-07-11 11:30:00-04:00,DIA,1,1.0,0.09931125793887274,31,179.43,179.45923660442116,5.518459822419688,0.7256544671475494,False,34,179.62,179.5907324366821,vertical,0.0007327337101672438,4
2017-07-11 11:30:00-04:00,TLT,1,1.0,0.09931125793887274,31,94.59,94.60602131333857,10.468029129811615,-0.7540733931623441,False,34,94.55,94.5339854617173,vertical,-0.0007614298817482101,4
2017-07-12 09:30:00-04:00,DIA,1,1.0,0.16666666666666669,36,180.86,180.88937838605065,9.20168302135887,-2.3806988574417596,False,41,180.66,180.63065410138276,vertical,-0.0014302900865507118,6
2017-07-12 09:30:00-04:00,GLD,1,1.0,0.16666666666666669,36,116.01,116.02988084677946,14.34532820073375,-0.570394543919645,False,41,116.01,115.99011915322055,vertical,-0.000342684946918248,6
2017-07-12 09:30:00-04:00,IWM,1,1.0,0.16666666666666669,36,126.77,126.80267087231773,13.126590397414539,-8.862870857779129,False,41,126.16,126.12748633547679,vertical,-0.0053246870290359904,6
2017-07-12 09:30:00-04:00,QQQ,1,1.0,0.16666666666666669,36,131.76,131.79204984761523,12.629644381156888,3.4834782243253315,False,41,132.1,132.06786744937784,vertical,0.0020928242794731045,6
2017-07-12 09:30:00-04:00,SPY,1,1.0,0.16666666666666669,36,212.46,212.49833741520456,7.83293997536936,-0.6005893442161356,False,41,212.46,212.42166258479546,vertical,-0.0003608255544103045,6
2017-07-12 09:30:00-04:00,TLT,1,1.0,0.16666666666666669,36,94.9,94.9160964466734,17.536400928310815,4.344811933766032,False,41,95.18,95.16385606117626,vertical,0.002610301348012767,6
2017-07-13 09:30:00-04:00,TLT,1,1.0,0.2,43,94.63,94.64611538951308,21.094017491383028,-1.3125893726104474,False,48,94.6,94.58388971945537,vertical,-0.0006574561438853488,6
2017-07-13 11:30:00-04:00,QQQ,1,1.0,0.2,45,132.57,132.60115311648,15.051531110353267,-3.796923081850109,False,48,132.38,132.34889153232538,vertical,-0.0019024086761373349,4
2017-07-14 09:30:00-04:00,GLD,1,1.0,0.2,50,116.79,116.80995005912949,17.082833354665883,-0.8524062237130745,False,55,116.78,116.76005164906977,vertical,-0.00042717602425534906,6
2017-07-14 09:30:00-04:00,SPY,1,1.0,0.2,50,213.12,213.15791787558229,9.361345479981985,8.528049102697205,False,55,214.10699676053662,214.0689032805044,upper,0.004273758225832536,6
2017-07-14 09:30:00-04:00,TLT,1,1.0,0.2,50,94.77,94.78614046319787,21.05207471551935,-2.152974725067842,False,55,94.7,94.6838714586384,vertical,-0.0010789447071027913,6
2017-07-14 10:30:00-04:00,QQQ,1,1.0,0.2,51,132.91,132.9412413076956,15.013317897357288,6.71692098394656,False,55,133.42,133.38863881368786,vertical,0.0033653778285156477,5
2017-07-14 11:30:00-04:00,DIA,1,1.0,0.19992015358739823,52,181.0,181.02899597802798,11.02033789589334,7.958192881428619,False,55,181.78025387321497,181.7511328994734,upper,0.003989067704562865,4
2017-07-17 09:30:00-04:00,GLD,1,1.0,0.2,57,117.4265,117.44585561826646,17.024734137317907,-2.982541671206123,False,62,117.29,117.27066688127066,vertical,-0.0014916553340563743,6
2017-07-17 10:30:00-04:00,IWM,1,1.0,0.2,58,127.07,127.10182827140255,15.729460661645017,-5.404428902585197,False,62,126.79,126.75824186250784,vertical,-0.002703237345736964,5
2017-07-17 13:30:00-04:00,TLT,1,1.0,0.2,61,95.06,95.07599903486314,21.025521111644483,-2.56475450834539,False,62,94.97,94.95401611255046,vertical,-0.001283004370724039,2
2017-07-18 09:30:00-04:00,DIA,1,1.0,0.2,64,180.89,180.91834174230328,11.039754748909274,-8.700452931902149,False,64,180.1584668562014,180.13023973009493,lower,-0.004356120029725408,1
2017-07-18 09:30:00-04:00,GLD,1,1.0,0.2,64,118.02,118.03925358180454,16.920592614813533,0.5326842270891549,False,69,118.09,118.07073499851467,vertical,0.00026670294630681823,6
2017-07-18 09:30:00-04:00,IWM,1,1.0,0.2,64,126.46,126.49120235472486,15.78998448297838,-1.4589520491867793,False,69,126.43,126.39880504738365,vertical,-0.0007304642980789922,6
2017-07-18 09:30:00-04:00,SPY,1,1.0,0.2,64,213.54,213.57740796773572,9.351617015204656,3.1338413318519995,False,69,213.95,213.91252020840562,vertical,0.0015690434857253965,6
2017-07-18 09:30:00-04:00,TLT,1,1.0,0.2,64,95.61,95.62603053818867,20.88651082946244,3.298127667005459,False,69,95.8,95.78393760528736,vertical,0.001651297938542351,6
2017-07-18 11:30:00-04:00,QQQ,1,1.0,0.19923186827857375,66,133.9,133.93057771188842,14.847943639579794,6.068907591150732,False,69,134.37,134.33931495783088,vertical,0.0030518590520958178,4
2017-07-19 09:30:00-04:00,DIA,-1,1.0,0.2,71,181.2,181.1715053205509,11.027500986133058,-4.709267205949068,False,76,181.57,181.59855286394907,vertical,-0.002357145195888144,6
2017-07-19 09:30:00-04:00,IWM,1,1.0,0.2,71,127.37,127.40119187465768,15.681713209929526,4.665750173310388,False,76,127.73,127.69871996427713,vertical,0.002335363470635121,6
2017-07-19 09:30:00-04:00,QQQ,1,1.0,0.2,71,134.92,134.95041318349624,14.80446711093075,2.6517692362084477,False,76,135.16,135.12953271656275,vertical,0.0013272988858725743,6
2017-07-19 09:30:00-04:00,SPY,1,1.0,0.2,71,214.48,214.51739850903937,9.313318954394271,4.8904085179785435,False,76,215.08,215.04249686999168,vertical,0.002447812459977161,6
2017-07-19 10:30:00-04:00,TLT,1,1.0,0.19992899243239137,72,95.89,95.90608077190119,20.820362872295764,-1.7104585771653509,False,76,95.84,95.82392761310868,vertical,-0.0008566001043031068,5
2017-07-20 09:30:00-04:00,TLT,1,1.0,0.2,78,96.26,96.27621479172555,20.76345230579493,-3.5797437737978286,False,83,96.12,96.10380879097592,vertical,-0.0017907434470975092,6
2017-07-20 10:30:00-04:00,GLD,1,1.0,0.2,79,118.54,118.55918350992468,16.86603795905805,-5.537459078815979,False,83,118.25,118.23086342121991,vertical,-0.002769250588481764,5
2017-07-20 11:30:00-04:00,QQQ,1,1.0,0.2,80,135.44,135.47041361881284,14.76325747240664,-2.374002402518867,False,83,135.34,135.30960883660566,vertical,-0.0011870103435253077,4
2017-07-20 12:30:00-04:00,IWM,1,1.0,0.2,81,127.96,127.99115027460206,15.61700058854417,-3.7833235018150666,False,83,127.78,127.74889354416496,vertical,-0.0018927615691971544,3
2017-07-20 14:30:00-04:00,DIA,1,1.0,0.2,83,181.61,181.63850863909386,10.994102984222119,-2.605481717098298,False,83,181.43,181.40151961681187,vertical,-0.0013047289589503963,1
2017-07-21 09:30:00-04:00,DIA,1,1.0,0.16666666666666669,85,181.02,181.04849607737637,9.184696527677122,0.21120440832715348,False,90,181.1,181.07149132906386,vertical,0.00012701155870220582,6
2017-07-21 09:30:00-04:00,GLD,1,1.0,0.16666666666666669,85,118.94,118.9592880119373,13.978525939867579,3.7934043705041587,False,90,119.25,119.23066171663424,vertical,0.002281231749383883,6
2017-07-21 09:30:00-04:00,IWM,1,1.0,0.16666666666666669,85,127.52,127.55077657382536,13.036968789449784,-5.103627842194246,False,90,127.19,127.15930307069598,vertical,-0.003069158131724814,6
2017-07-21 09:30:00-04:00,QQQ,1,1.0,0.16666666666666669,85,134.91,134.94011217044135,12.32306292411173,3.6931641191688906,False,90,135.27,135.239807476869,vertical,0.0022209504765278165,6
2017-07-21 09:30:00-04:00,SPY,1,1.0,0.16666666666666669,85,214.63,214.66723887565513,7.74629376132357,2.2887048704091573,False,90,215.0,214.9626969283611,vertical,0.0013763537196149755,6
2017-07-21 09:30:00-04:00,TLT,1,1.0,0.16666666666666669,85,96.49,96.5063255939522,17.230740918057002,-0.045769392392946195,False,90,96.52,96.50366933020761,vertical,-2.7524244947008114e-05,6
2017-07-24 09:30:00-04:00,DIA,-1,1.0,0.2,92,180.55,180.52184878571555,11.059148914391082,-2.6136141264629766,False,97,180.73,180.75817927974316,vertical,-0.0013091517487622273,6
2017-07-24 09:30:00-04:00,QQQ,1,1.0,0.2,92,135.29,135.3200457110876,14.753305746621088,8.283034528307075,False,97,135.91166531876962,135.88148154591426,upper,0.004148948013403153,6
2017-07-24 10:30:00-04:00,TLT,1,1.0,0.2,93,96.29,96.30631252883882,20.725934545085053,-3.784548313343604,False,97,96.14,96.12371288272341,vertical,-0.0018960298792535246,5
2017-07-24 14:30:00-04:00,IWM,-1,1.0,0.1995844405457698,97,127.36,127.32937038693807,15.649547260698528,-1.4282784819625622,False,97,127.39,127.42063682795195,vertical,-0.0007167744624554384,1
2017-07-24 14:30:00-04:00,SPY,-1,1.0,0.1995844405457698,97,215.04,215.00309208880722,9.267992288791412,0.33552965513937666,False,97,214.93,214.9668890315879,vertical,0.0001683838909831703,1
2017-07-25 09:30:00-04:00,DIA,-1,1.0,0.2,99,181.35,181.32188143480155,11.011227199253762,-1.1698865450876283,False,104,181.4,181.42812631776673,vertical,-0.0005859462858230913,6
2017-07-25 09:30:00-04:00,GLD,1,1.0,0.2,99,119.03,119.04918393781693,16.771021578086803,-2.4879835173126184,False,104,118.92,118.90083379076546,vertical,-0.0012461248548243375,6
2017-07-25 09:30:00-04:00,IWM,1,1.0,0.2,99,128.24,128.27056574794307,15.565351419733405,3.7169592185090967,False,104,128.54,128.50936274765596,vertical,0.001861666379348037,6
2017-07-25 09:30:00-04:00,SPY,1,1.0,0.2,99,215.53,215.56677535176217,9.261985894703562,-1.6072661330797757,False,104,215.43,215.39324171099094,vertical,-0.0008050110713400116,6
2017-07-25 09:30:00-04:00,TLT,-1,1.0,0.2,99,95.27,95.25386227350843,20.960582437506382,7.080216893961196,False,104,94.9,94.91607505241996,vertical,0.003546178737808714,6
2017-07-25 10:30:00-04:00,QQQ,1,1.0,0.000716825767532292,100,135.51,135.54001249046095,0.05282604892895323,-0.0015864521055821085,False,104,135.54,135.50998086519752,vertical,-0.00022157018220392288,5
2017-07-26 09:30:00-04:00,DIA,1,1.0,0.2,106,182.34,182.36822692592807,10.954114963124153,-2.3707890592536205,False,111,182.18,182.15179784268085,vertical,-0.0011867696851334264,6
2017-07-26 09:30:00-04:00,QQQ,1,1.0,0.2,106,135.98,136.01028541176356,14.68773127943859,-0.7428033790027593,False,111,135.99,135.95971236104043,vertical,-0.0003718325461197214,6
2017-07-26 10:30:00-04:00,GLD,-1,1.0,0.2,107,118.66,118.64092793779288,16.829242952990416,-9.916141566203839,False,109,119.2109882092848,119.23014883108576,upper,-0.004966421820316702,3
2017-07-26 11:30:00-04:00,TLT,-1,1.0,0.2,108,94.57,94.55388838804734,21.116254578340612,-11.01122370775252,False,110,95.05915067507392,95.07534562218426,upper,-0.005514921099774028,3
2017-07-26 12:30:00-04:00,IWM,1,1.0,0.1989838516573037,109,128.03,128.06042307317742,15.497347916244285,-3.8867503189013735,False,111,127.84,127.80962207549011,vertical,-0.001958458293894516,3
2017-07-26 13:30:00-04:00,GLD,1,1.0,0.19902652939613152,110,119.43,119.44919582327151,16.608858210131483,9.01152733727242,False,110,120.01105859995248,119.9917693839137,upper,0.00454229563374331,1
2017-07-26 14:30:00-04:00,GLD,1,1.0,0.2,111,119.92,119.93927458031249,16.621163415854248,-0.9731017366635974,False,111,119.9,119.88072863426063,vertical,-0.00048812989954050146,1
2017-07-27 09:30:00-04:00,DIA,1,1.0,0.2,113,182.82,182.8482566788418,10.9036022716006,-8.270288462765553,False,116,182.11791345129788,182.08976528702846,lower,-0.004148201386166783,4
2017-07-27 09:30:00-04:00,QQQ,1,1.0,0.2,113,136.83,136.86015828751454,14.567458432228852,-10.09898137785903,False,115,136.1969208055294,136.16690205309027,lower,-0.005065434989252937,3
2017-07-27 09:30:00-04:00,SPY,1,1.0,0.2,113,215.86,215.8965782353778,9.234535735476198,-6.243523587202337,False,115,215.25694843648608,215.2204723903144,lower,-0.003131619086275128,3
2017-07-27 09:30:00-04:00,TLT,-1,1.0,0.2,113,94.34,94.32381733741992,21.13681065037527,-5.546400113393183,False,118,94.57,94.58622211575363,vertical,-0.002781956728861168,6
2017-07-27 11:30:00-04:00,GLD,1,1.0,0.19990448956446316,115,119.47,119.48925794406534,16.665344287368672,5.023423156685784,False,118,119.81,119.7906872496989,vertical,0.0025226477326913965,4
2017-07-27 12:30:00-04:00,IWM,-1,1.0,0.13274309881237875,116,126.63,126.60008989217363,10.428958260244428,-4.796431167590073,False,118,127.03,127.06000458814803,vertical,-0.003632814924271477,3
2017-07-27 12:30:00-04:00,QQQ,-1,1.0,0.13274309881237875,116,134.35,134.32038832180385,9.829535707308178,-8.939084971141455,False,118,135.2,135.22979902413186,vertical,-0.006770459151363317,3
2017-07-27 12:30:00-04:00,SPY,-1,1.0,0.13274309881237875,116,214.52,214.48364883233,6.155746885212706,-5.1266975729103725,False,118,215.28,215.3164799523401,vertical,-0.0038829585590516302,3
2017-07-28 09:30:00-04:00,GLD,1,1.0,0.2,120,120.3851,120.4045399019849,16.485300900432843,4.54943770274199,False,125,120.7,120.68050924765954,vertical,0.002292017775237465,6
2017-07-28 09:30:00-04:00,SPY,-1,1.0,0.2,120,214.54,214.50356794547898,9.253482769885222,-5.024122226965867,False,125,215.01,215.04651186744925,vertical,-0.002531164992594759,6
2017-07-28 09:30:00-04:00,TLT,-1,1.0,0.2,120,94.85,94.83363083541049,20.930392019971446,-6.965427316699366,False,125,95.15,95.16642093843642,vertical,-0.0035091992165048325,6
2017-07-28 10:30:00-04:00,IWM,-1,1.0,0.2,121,126.41,126.38026092192744,15.705625062352528,-5.175658006448469,False,125,126.68,126.70980259797668,vertical,-0.0026075407159731334,5
2017-07-31 09:30:00-04:00,DIA,1,1.0,0.2,127,183.71,183.738510167975,10.78914765489615,-0.07582716016873264,False,132,183.76,183.73148207246697,vertical,-3.8250530613237466e-05,6
2017-07-31 09:30:00-04:00,IWM,-1,1.0,0.2,127,126.11,126.08046035113621,15.72314941246211,-3.445205802698732,False,132,126.27,126.29957712681018,vertical,-0.0017379122432112926,6
2017-07-31 09:30:00-04:00,QQQ,-1,1.0,0.2,127,134.52,134.48986415638703,14.74000980317575,0.5859259328292835,False,132,134.42,134.45011344111253,vertical,0.000295566625216237,6
2017-07-31 14:30:00-04:00,TLT,1,1.0,0.2,132,95.17,95.186452491663,20.813311035450088,0.5637211237680304,False,132,95.23,95.21353713585094,vertical,0.0002845430571152274,1
2017-08-01 09:30:00-04:00,DIA,1,1.0,0.2,134,184.24,184.2681901800329,10.755560343732206,0.14637166115511854,False,139,184.31,184.28179910941242,vertical,7.385392653080913e-05,6
2017-08-01 09:30:00-04:00,GLD,1,1.0,0.2,134,121.04,121.05939310978764,16.37136605429942,-7.182480607759828,False,139,120.64,120.62067097847999,vertical,-0.003624023878178284,6
2017-08-01 09:30:00-04:00,IWM,-1,1.0,0.2,134,125.96,125.93108223684239,15.738033880978112,-10.040372733890887,False,139,126.54,126.56905091894227,vertical,-0.0050660144482839176,6
2017-08-01 09:30:00-04:00,TLT,1,1.0,0.2,134,95.56,95.57643891331595,20.73636203070066,6.782039617105194,False,139,95.92,95.90349915691434,vertical,0.003421975617809103,6
2017-08-01 11:30:00-04:00,SPY,1,1.0,0.19907366402583881,136,215.33,215.3658104989646,9.158830171666203,-0.3812453464414236,False,139,215.36,215.3241845118794,vertical,-0.0001932803864679311,4
2017-08-02 09:30:00-04:00,IWM,-1,1.0,0.2,141,125.37,125.34147351797118,15.795031332114059,2.2585717065933264,False,146,125.17,125.19848097436025,vertical,0.001140823859793083,6
2017-08-02 09:30:00-04:00,SPY,-1,1.0,0.2,141,214.82,214.7846550605911,9.21747645739032,-7.060235133167135,False,146,215.51515757471952,215.55061689036137,upper,-0.003566185068268446,6
2017-08-02 10:30:00-04:00,DIA,1,1.0,0.2,142,184.73,184.75823900059265,10.716530075689235,-0.1766525231625955,False,146,184.77,184.7417548847534,vertical,-8.921992290267244e-05,5
2017-08-02 10:30:00-04:00,TLT,1,1.0,0.2,142,96.21,96.22656815547501,20.57609725603185,-5.824954427410621,False,146,95.96,95.9434748965868,vertical,-0.002941944873590452,5
2017-08-02 13:30:00-04:00,QQQ,1,1.0,0.19949779973334025,145,135.06,135.089274219172,14.605034736689664,0.16702886115658053,False,146,135.13,135.10071060834656,vertical,8.465801034640563e-05,2
2017-08-03 09:30:00-04:00,DIA,1,1.0,0.2,148,184.95,184.97821043816927,10.691233569845505,-1.4583769939621425,False,153,184.87,184.84180176423706,vertical,-0.0007374310390888539,6
2017-08-03 09:30:00-04:00,TLT,1,1.0,0.2,148,96.58,96.59657623822905,20.47324377469839,7.304455931372024,False,153,96.97,96.95335682521151,vertical,0.0036935117255352257,6
2017-08-03 12:30:00-04:00,IWM,-1,1.0,0.2,151,124.66,124.6315803931848,15.863371968509423,1.1610469105040953,False,153,124.53,124.55838996981146,vertical,0.0005872542347810095,3
2017-08-03 12:30:00-04:00,QQQ,1,1.0,0.2,151,134.59,134.61897918027213,14.6864664316962,-0.1170383054528149,False,153,134.64,134.61101005400224,vertical,-5.9197642995223454e-05,3
2017-08-03 12:30:00-04:00,SPY,1,1.0,0.2,151,215.03,215.065081514937,9.19292478757395,-0.1854322070593014,False,153,215.08,215.0449103277094,vertical,-9.379108447316042e-05,3
2017-08-04 09:30:00-04:00,DIA,1,1.0,0.2,155,185.21,185.23791454098026,10.683483395381076,1.0058319096948505,False,160,185.36,185.33206285127105,vertical,0.0005082561554641263,6
2017-08-04 09:30:00-04:00,GLD,-1,1.0,0.2,155,119.47,119.45102585033982,16.567343562817562,-3.61129797247239,False,160,119.65,119.66900273714606,vertical,-0.001824822225297229,6
2017-08-04 09:30:00-04:00,IWM,-1,1.0,0.2,155,125.03,125.00189210981537,15.83164983178833,-2.473509443007277,False,160,125.13,125.15813037110136,vertical,-0.00124988717089769,6
2017-08-04 09:30:00-04:00,SPY,1,1.0,0.2,155,215.53,215.5649806885853,9.180462326821592,-1.4683852971976867,False,160,215.44,215.40503391848554,vertical,-0.0007419886550628085,6
2017-08-04 09:30:00-04:00,TLT,-1,1.0,0.2,155,95.78,95.7636379251002,20.665319604309623,-7.4969754668693325,False,160,96.11,96.12641844872229,vertical,-0.0037882909576372192,6
2017-08-07 09:30:00-04:00,QQQ,1,1.0,0.2,162,135.23,135.25812803811013,14.61041451337258,5.021025617825668,False,167,135.63,135.60178876130385,vertical,0.002540776869963013,6
2017-08-07 11:30:00-04:00,IWM,1,1.0,0.2,164,125.48,125.50805413623266,15.74988948974783,-2.9307269587501112,False,167,125.35,125.32197492846058,vertical,-0.001482607702371852,4
2017-08-07 11:30:00-04:00,SPY,1,1.0,0.2,164,215.66,215.69456968792744,9.1645236390464,0.9240898362006909,False,167,215.83,215.7954030615535,vertical,0.00046748220769732285,4
2017-08-08 10:30:00-04:00,DIA,1,1.0,0.2,170,186.02,186.04790300000002,10.625114084939007,-5.422296520440345,False,173,185.56540950086833,185.5375746894432,lower,-0.0027429941554182324,4
2017-08-08 10:30:00-04:00,GLD,-1,1.0,0.2,170,119.16,119.14121229731252,16.591909352959107,-9.8728186589858,False,174,119.7173748411776,119.7362504239658,upper,-0.004994393754936599,5
2017-08-08 10:30:00-04:00,IWM,1,1.0,0.2,170,126.3,126.32815741215607,15.647977736184794,-12.330850738594755,False,171,125.56813605091943,125.54014180103461,lower,-0.0062378461561067855,2
2017-08-08 10:30:00-04:00,SPY,1,1.0,0.2,170,216.25,216.2843754086146,9.139727226731196,-5.749182635680627,False,173,215.68962954969686,215.65534321836873,lower,-0.0029083570602707054,4
2017-08-08 10:30:00-04:00,TLT,-1,1.0,0.2,170,95.6,95.58391984257956,20.681095710390338,-7.0773285891356545,False,174,95.91,95.9261323001903,vertical,-0.0035802304213339298,5
2017-08-08 12:30:00-04:00,IWM,1,1.0,0.19734711668527993,172,125.37,125.39795007729222,15.511392076109242,-7.380421476094648,False,174,124.95,124.92214355780762,vertical,-0.0037943723895911274,3
2017-08-08 14:30:00-04:00,QQQ,1,1.0,0.2,174,135.57,135.59804661326424,14.528443720702189,-2.2674910935190344,False,174,135.47,135.44197407465586,vertical,-0.0011509940040177469,1
2017-08-08 14:30:00-04:00,SPY,1,1.0,0.2,174,215.41,215.4442418810158,9.144029896821085,-1.17477214839105,False,174,215.35,215.31576765666978,vertical,-0.0005963223858960198,1
2017-08-09 09:30:00-04:00,DIA,-1,1.0,0.16666666666666669,176,185.02,184.99224700000002,8.858592698511385,-2.5294869884292566,False,181,185.25,185.27778750000002,vertical,-0.0015435268484522702,6
2017-08-09 09:30:00-04:00,GLD,1,1.0,0.16666666666666669,176,120.96,120.97914244610179,13.545896717572738,4.086272831336912,False,181,121.3,121.2808037474194,vertical,0.002493498426408447,6
2017-08-09 09:30:00-04:00,IWM,-1,1.0,0.16666666666666669,176,124.11,124.08245749873171,13.207112444336989,2.4428965857755265,False,181,123.87,123.8974892404488,vertical,0.001490688224681569,6
2017-08-09 09:30:00-04:00,QQQ,-1,1.0,0.16666666666666669,176,134.61,134.58209525589712,12.17673840966306,-9.083268771144876,False,181,135.3,135.3280477815699,vertical,-0.005542732294770758,6
2017-08-09 09:30:00-04:00,SPY,-1,1.0,0.16666666666666669,176,214.74,214.70599428799676,7.632627929135704,-4.7177160319680205,False,181,215.29,215.32409280868572,vertical,-0.002878813527021906,6
2017-08-09 09:30:00-04:00,TLT,1,1.0,0.16666666666666669,176,96.9,96.9163390624724,16.909129919765757,-8.4985096679736,False,181,96.43,96.41374018788221,vertical,-0.005185904455864976,6
2017-08-10 09:30:00-04:00,DIA,-1,1.0,0.16666666666666669,183,184.35,184.3223475,8.874241360677555,4.84484377900221,False,188,183.7488406157091,183.77640294180148,lower,0.002961901069529982,6
2017-08-10 09:30:00-04:00,GLD,1,1.0,0.16666666666666669,183,122.31,122.3293191887427,13.371455107650167,-1.5861987740481096,False,188,122.23,122.21069344746937,vertical,-0.0009697245276931721,6
2017-08-10 09:30:00-04:00,IWM,-1,1.0,0.16666666666666669,183,122.6,122.57268508268207,13.34490632050931,11.899227314316656,False,188,121.65391284697411,121.68101697887312,lower,0.007274606925739446,6
2017-08-10 09:30:00-04:00,QQQ,-1,1.0,0.16666666666666669,183,133.97,133.94193685886324,12.212164750202668,10.77714684368633,False,184,133.03157754303035,133.05944410969627,lower,0.006588621680877038,2
2017-08-10 09:30:00-04:00,SPY,-1,1.0,0.16666666666666669,183,213.87,213.83598402935525,7.649418816512802,6.127082373891488,False,185,213.00111960109868,213.03499737653073,lower,0.0037457991762254172,3
2017-08-10 09:30:00-04:00,TLT,1,1.0,0.16666666666666669,183,96.93,96.94640909622203,16.872424828630653,5.0132351291400425,False,188,97.26,97.24353503870263,vertical,0.0030648473239034413,6
2017-08-10 11:30:00-04:00,QQQ,-1,1.0,0.17031995851758874,185,133.06,133.03212747958756,12.590213167563093,7.8612963803033535,False,188,132.38,132.40773007855253,vertical,0.004693583518994959,4
2017-08-10 14:30:00-04:00,SPY,-1,1.0,0.16656605978134542,188,212.78,212.74615739358586,7.70892433016045,3.179092023717508,False,188,212.3,212.33376626253278,vertical,0.0019384187056791236,1
2017-08-11 09:30:00-04:00,QQQ,-1,1.0,0.2,190,133.12,133.0917560728425,14.820514831831176,-4.691330496668563,False,195,133.38,133.40829909107777,vertical,-0.002378381859069023,6
2017-08-11 09:30:00-04:00,SPY,-1,1.0,0.2,190,212.86,212.82561205308753,9.268096663008768,1.958064671718167,False,195,212.58,212.61434271236806,vertical,0.0009926875749651787,6
2017-08-11 10:30:00-04:00,IWM,-1,1.0,0.2,191,121.21,121.18271701279593,16.287351070168043,-10.174614966832074,False,195,121.78,121.80741128769665,vertical,-0.005154978286505685,5
2017-08-11 14:30:00-04:00,GLD,1,1.0,0.2,195,122.68,122.69936961657174,16.06142538365374,0.9836816462682068,False,195,122.78,122.76061459469612,vertical,0.0004991466404087319,1
2017-08-14 09:30:00-04:00,DIA,-1,1.0,0.2,197,184.92,184.8917390320682,10.65544364154212,0.1437287443691521,False,202,184.85,184.87825026996646,vertical,7.295492038927875e-05,6
2017-08-14 09:30:00-04:00,GLD,1,1.0,0.2,197,121.99,122.00933908050114,16.1471533235915,-2.2390015474385785,False,202,121.89,121.87067677250364,vertical,-0.0011364892969873974,6
2017-08-14 09:30:00-04:00,IWM,-1,1.0,0.2,197,122.88,122.85214155086305,16.036379017676765,-12.763108152353103,False,202,123.62,123.64802621649015,vertical,-0.006478394723771208,6
2017-08-14 09:30:00-04:00,QQQ,-1,1.0,0.2,197,134.87,134.84118881901932,14.610546838823431,-4.203037851751265,False,202,135.1,135.1288603140097,vertical,-0.002133409661468466,6
2017-08-14 09:30:00-04:00,SPY,-1,1.0,0.2,197,214.47,214.4351063601869,9.187411233558608,-2.478945636480231,False,202,214.67,214.7049261792264,vertical,-0.001258281927896121,6
2017-08-15 09:30:00-04:00,GLD,-1,1.0,0.2,204,120.83,120.81083403801554,16.27168165675943,-2.9021216362939115,False,209,120.97,120.98918816867716,vertical,-0.0014763090751073182,6
2017-08-15 09:30:00-04:00,TLT,-1,1.0,0.2,204,96.29,96.27356313396294,20.418849870746097,-2.5092539861816756,False,209,96.38,96.39645222918944,vertical,-0.0012764573287424863,6
2017-08-15 10:30:00-04:00,IWM,1,1.0,0.2,205,123.03,123.05769741635929,15.965509231616513,-7.428791846353543,False,209,122.62,122.59239488584919,vertical,-0.0037811737118383926,5
2017-08-16 09:30:00-04:00,DIA,1,1.0,0.2,211,185.69,185.71862185664526,10.570977638288847,-4.832861313352265,False,216,185.29,185.2614397984932,vertical,-0.0024616920671797216,6
2017-08-16 09:30:00-04:00,QQQ,1,1.0,0.2,211,135.47,135.49920743720014,14.488847837507219,-1.2809359475524293,False,216,135.44,135.41079903082317,vertical,-0.000652464380044071,6
2017-08-16 09:30:00-04:00,SPY,1,1.0,0.2,211,215.33,215.365194538734,9.115806306888311,-3.4670912731949666,False,216,215.02,214.9848561291108,vertical,-0.001766016140341553,6
2017-08-16 11:30:00-04:00,IWM,1,1.0,0.2,213,123.37,123.39783936845299,15.924216005733335,-14.915056999576343,False,215,122.4888525015376,122.46121197064538,lower,-0.007590306301968108,3
2017-08-16 12:30:00-04:00,GLD,-1,1.0,0.1000471207231361,214,121.435,121.41557580485173,8.077386017298894,-3.6664448309899353,False,216,121.85,121.86949057667738,vertical,-0.0037385217573338014,3
2017-08-16 12:30:00-04:00,TLT,-1,1.0,0.1000471207231361,214,96.73,96.71347717274426,10.14047372670403,-0.33509859135542963,False,216,96.73,96.74652282725575,vertical,-0.00034168613803897685,3
2017-08-17 09:30:00-04:00,DIA,-1,1.0,0.16666666666666669,218,184.24,184.21162615669357,8.855430489152498,6.360343071487669,False,222,183.4651295380566,183.49338404759692,lower,0.0038990053129747126,5
2017-08-17 09:30:00-04:00,GLD,1,1.0,0.16666666666666669,218,122.47,122.48978308926303,13.317627067194449,0.005691422532733141,False,223,122.51,122.49021044937035,vertical,3.4889449269659423e-06,6
2017-08-17 09:30:00-04:00,IWM,-1,1.0,0.16666666666666669,218,121.85,121.82235662520343,13.390590166820475,11.192087918612573,False,222,120.9590979892969,120.98653925052605,lower,0.0068609522737179685,5
2017-08-17 09:30:00-04:00,QQQ,-1,1.0,0.16666666666666669,218,134.06,134.0309245587121,12.170872178157428,12.266633708789497,False,222,132.99421217846492,133.0230564676476,lower,0.007519668273443858,5
2017-08-17 09:30:00-04:00,SPY,-1,1.0,0.16666666666666669,218,213.74,213.70486553144005,7.6332995351683035,7.7074900381182685,False,221,212.6601892387072,212.6951462085433,lower,0.004724830763145227,4
2017-08-17 09:30:00-04:00,TLT,1,1.0,0.16666666666666669,218,97.07,97.08669754853437,16.8022323543229,5.486650978881965,False,223,97.43,97.41324052587098,vertical,0.0033634162617732777,6
2017-08-17 14:30:00-04:00,IWM,-1,1.0,0.2,223,120.95,120.92256080277683,16.258116784845335,7.889155443642811,False,223,120.41,120.43731669067914,vertical,0.0040128501156133645,1
2017-08-17 14:30:00-04:00,SPY,-1,1.0,0.2,223,212.18,212.14512196341792,9.267114403851892,3.6171358441519974,False,223,211.72,211.75480242202448,vertical,0.001839870451797343,1
2017-08-18 09:30:00-04:00,DIA,-1,1.0,0.2,225,182.51,182.4813464143782,10.787036468289458,-8.922681832574867,False,227,183.27973909654793,183.308513529165,upper,-0.0045328858595139465,3
2017-08-18 09:30:00-04:00,GLD,1,1.0,0.2,225,123.04,123.06025279748741,15.995684177520639,-12.650835809983066,False,227,122.28949148667057,122.26936222540661,lower,-0.0064268563902782905,3
2017-08-18 09:30:00-04:00,IWM,-1,1.0,0.2,225,120.05,120.02227249375632,16.40056380916183,-6.486973078405105,False,230,120.39,120.41780603479113,vertical,-0.003295501183377292,6
2017-08-18 09:30:00-04:00,SPY,-1,1.0,0.2,225,211.33,211.29428647394516,9.316072722095058,-10.408694190726466,False,227,212.37567971845067,212.41156995822283,upper,-0.0052878073653706,3
2017-08-21 09:30:00-04:00,DIA,-1,1.0,0.2,232,181.85,181.82115744584414,10.783888570042418,-8.665979823421596,False,237,182.59580095839976,182.62476180128004,upper,-0.004419751621453916,6
2017-08-21 09:30:00-04:00,GLD,1,1.0,0.2,232,122.825,122.84552533829222,15.961013607721036,-1.5329194571458196,False,237,122.77,122.74948385278128,vertical,-0.0007818069502040226,6
2017-08-21 09:30:00-04:00,IWM,-1,1.0,0.2,232,120.02,119.99204107439364,16.340576291693267,-6.143932430685252,False,237,120.34,120.36803347031719,vertical,-0.003133477792001571,6
2017-08-21 09:30:00-04:00,QQQ,-1,1.0,0.2,232,131.78,131.74980867005027,14.882291833019124,-10.72319530753847,False,237,132.44,132.47034253861392,vertical,-0.005468955711109391,6
2017-08-21 09:30:00-04:00,TLT,1,1.0,0.2,232,97.61,97.62698404015254,20.083987238258825,0.723419993796398,False,237,97.68,97.66300377991907,vertical,0.00036895270422077076,6
2017-08-22 09:30:00-04:00,DIA,1,1.0,0.16666666666666669,239,183.57,183.5994846441713,8.875617597533756,5.422319795842985,False,244,184.24,184.21040774177632,vertical,0.003327477191937822,6
2017-08-22 09:30:00-04:00,GLD,-1,1.0,0.16666666666666669,239,122.235,122.21447856812833,13.333598734764797,-0.21385314490520604,False,244,122.21,122.23051723474484,vertical,-0.00013123376873536152,6
2017-08-22 09:30:00-04:00,IWM,1,1.0,0.16666666666666669,239,121.06,121.08831795970953,13.457605525151886,6.772312374882166,False,244,121.62,121.59155104691995,vertical,0.004155917727570291,6
2017-08-22 09:30:00-04:00,QQQ,1,1.0,0.16666666666666669,239,133.87,133.9008585718663,12.169890725019737,6.062476943190085,False,244,134.43,134.39901234170472,vertical,0.0037203179662290697,6
2017-08-22 09:30:00-04:00,SPY,1,1.0,0.16666666666666669,239,212.88,212.91707262460815,7.65349061359205,5.707299405405632,False,244,213.7,213.6627845740381,vertical,0.0035023586424407505,6
2017-08-22 09:30:00-04:00,TLT,-1,1.0,0.16666666666666669,239,97.34,97.32307235039583,16.743807788342057,0.43793655193739744,False,244,97.28,97.29691721546635,vertical,0.0002687454711182147,6
2017-08-23 09:30:00-04:00,GLD,1,1.0,0.2,246,122.51,122.53072524320916,15.99850384188464,1.7362238355996888,False,251,122.66,122.63924938101349,vertical,0.0008856891819493118,6
2017-08-23 09:30:00-04:00,TLT,1,1.0,0.2,246,97.66,97.67701507620987,20.069289351470406,5.537434769332551,False,251,97.97,97.9529309132062,vertical,0.002824777526023503,6
2017-08-23 12:30:00-04:00,DIA,1,1.0,0.2,249,183.75,183.77972535726278,10.670381195751673,-2.768092794593844,False,251,183.55,183.52030699686756,vertical,-0.001411572249827464,3
2017-08-23 12:30:00-04:00,SPY,1,1.0,0.2,249,213.01,213.0474048168435,9.204522943137523,-1.2407613866981742,False,251,212.95,212.91260571922996,vertical,-0.0006327187966895798,3
2017-08-24 09:30:00-04:00,IWM,1,1.0,0.2,253,121.96,121.98849505927272,16.074968696714507,-3.3267963063714445,False,258,121.81,121.78153998712683,vertical,-0.0016965130362935898,6
2017-08-24 09:30:00-04:00,QQQ,1,1.0,0.2,253,133.65,133.6810621240054,14.668953165692924,-2.2311966351994985,False,258,133.56,133.5289587932498,vertical,-0.0011378076171663087,6
2017-08-24 10:30:00-04:00,SPY,1,1.0,0.2,254,212.55,212.58761777476573,9.213393267764154,-1.0616452116348027,False,258,212.51,212.47238930456146,vertical,-0.0005420281360241086,5
2017-08-24 11:30:00-04:00,TLT,1,1.0,0.2,255,97.69,97.70695812859614,20.054217033593353,-2.685237562412899,False,258,97.59,97.57305923052823,vertical,-0.0013704131275039666,4
2017-08-24 14:30:00-04:00,GLD,1,1.0,0.2,258,122.225,122.24574522102832,16.037855581778793,0.05616328888300652,False,258,122.27,122.24924714113207,vertical,2.864656023349177e-05,1
2017-08-25 09:30:00-04:00,DIA,1,1.0,0.2,260,184.25,184.27976099128895,10.63118101745521,-6.904172622367223,False,265,183.66,183.6303343084932,vertical,-0.0035241346054625255,6
2017-08-25 09:30:00-04:00,GLD,1,1.0,0.2,260,122.66,122.6806353086329,15.969199148856328,0.6980948667776278,False,265,122.745,122.72435039166683,vertical,0.00035633238223753416,6
2017-08-25 09:30:00-04:00,SPY,1,1.0,0.2,260,213.67,213.70807097788114,9.167232140495727,-7.297242087660072,False,265,212.95,212.9120573092161,vertical,-0.0037247712031776015,6
2017-08-25 09:30:00-04:00,TLT,1,1.0,0.2,260,97.89,97.90686625627892,20.00994998475026,0.9255342956062511,False,265,97.97,97.95311995987696,vertical,0.0004724255342518635,6
2017-08-25 10:30:00-04:00,QQQ,-1,1.0,0.2,261,133.31,133.27863222968003,14.683892793610022,-0.3337080368834752,False,265,133.27,133.30135835834182,vertical,-0.00017051592053118902,5
2017-08-28 09:30:00-04:00,DIA,-1,1.0,0.2,267,183.29,183.26069110718618,10.676207682151142,-3.4020735156917636,False,272,183.55,183.57935046797957,vertical,-0.0017388309455135254,6
2017-08-28 09:30:00-04:00,GLD,1,1.0,0.2,267,123.41,123.43101109679205,15.851196395860347,8.905207476944264,False,267,124.01392535153227,123.99281143378553,upper,0.004551533135809249,1
2017-08-28 10:30:00-04:00,GLD,1,1.0,0.2,268,124.21,124.23114730032039,15.760530003128972,6.739602628221502,False,272,124.68,124.6587726801067,vertical,0.003442175244124268,5
2017-08-28 10:30:00-04:00,QQQ,-1,1.0,0.2,268,133.87,133.8391351586041,14.629119666901582,2.16977251517088,False,272,133.66,133.6908164241501,vertical,0.001108186587415072,5
2017-08-28 11:30:00-04:00,SPY,-1,1.0,0.2,269,212.68,212.64222421890685,9.213094353116128,-3.552630207742343,False,272,212.99,213.0278308426511,vertical,-0.0018134057107457302,4
2017-08-28 11:30:00-04:00,TLT,-1,1.0,0.2,269,97.56,97.54322239681188,20.08435672973313,-8.486827266153986,False,270,97.9489369855031,97.96578147502174,upper,-0.004332018850995656,2
2017-08-28 14:30:00-04:00,IWM,1,1.0,0.19936278070757674,272,122.57,122.59870090028089,15.914938346962625,0.9957992890707654,False,272,122.69,122.6612710006081,vertical,0.0005103651169853229,1
2017-08-29 09:30:00-04:00,GLD,1,1.0,0.2,274,125.42,125.44136707708968,15.602532195109438,-11.478730389182266,False,277,124.72691944590541,124.70567044492505,lower,-0.0058648645921765,4
2017-08-29 09:30:00-04:00,IWM,-1,1.0,0.2,274,121.93,121.90165087224197,16.055590342004994,-12.468734910813884,False,276,122.64973212799667,122.67824859585185,upper,-0.006370690782717903,3
2017-08-29 09:30:00-04:00,SPY,-1,1.0,0.2,274,212.31,212.27233452471063,9.220245176090032,-9.454539088332494,False,278,213.25991133913695,213.2977453362203,upper,-0.004830638028293199,5
2017-08-29 09:30:00-04:00,TLT,1,1.0,0.2,274,98.69,98.70688887881487,19.828433361137986,-10.756904962962814,False,275,98.18119170044454,98.16438989429875,lower,-0.005496060008356229,2
2017-08-29 11:30:00-04:00,DIA,-1,1.0,0.13230936354968312,276,183.8,183.7707685115863,7.020974792646038,-2.8681990787250897,False,279,184.15,184.17928715229263,vertical,-0.00222297944343941,4
2017-08-29 11:30:00-04:00,QQQ,-1,1.0,0.13230936354968312,276,134.04,134.00940412300582,9.628055148732182,-2.32260309358789,False,279,134.22,134.25063696366874,vertical,-0.0018001187471998747,4
2017-08-29 11:30:00-04:00,TLT,1,1.0,0.13230936354968312,276,98.14,98.15679475698542,13.14478469411529,0.7413012406046725,False,279,98.23,98.21318984126067,vertical,0.0005745408090684911,4
2017-08-29 14:30:00-04:00,GLD,1,1.0,0.2,279,124.2,124.22115923277418,15.672883509066999,2.784194569579582,False,279,124.42,124.39880328710336,vertical,0.001430062764076201,1
2017-08-30 09:30:00-04:00,QQQ,1,1.0,0.2,281,134.92,134.95072706246242,14.435180659489838,11.631013708141234,False,284,135.78739244623438,135.75646784136254,upper,0.0059706294025905216,4
2017-08-30 09:30:00-04:00,SPY,1,1.0,0.2,281,213.54,213.57814787336764,9.120961786929431,7.610693358710084,False,284,214.45087632410738,214.41256572715324,upper,0.0039068503126094,4
2017-08-30 10:30:00-04:00,IWM,1,1.0,0.2,282,123.25,123.27899114409365,15.807584537250971,2.40225198851438,False,286,123.46,123.43095945923082,vertical,0.0012327186792073785,5
2017-08-31 09:30:00-04:00,DIA,1,1.0,0.16666666666666669,288,185.06,185.08958640356926,8.790188916185533,-1.5747941839805908,False,293,184.94,184.91043278138932,vertical,-0.0009679292371927994,6
2017-08-31 09:30:00-04:00,GLD,1,1.0,0.16666666666666669,288,125.07,125.09154665808265,13.006254014534516,8.572247902622333,False,292,125.77230091903355,125.75063327080318,upper,0.005268834148497881,5
2017-08-31 09:30:00-04:00,IWM,1,1.0,0.16666666666666669,288,124.24,124.26924750292827,13.09231739628649,5.386105415988304,False,293,124.71,124.68064185374931,vertical,0.003310508103071541,6
2017-08-31 09:30:00-04:00,QQQ,1,1.0,0.16666666666666669,288,136.69,136.72101286208635,11.899944250319326,4.139767517894324,False,293,137.1,137.0688941152093,vertical,0.002544460766055412,6
2017-08-31 09:30:00-04:00,SPY,1,1.0,0.16666666666666669,288,215.27,215.30865193679085,7.556465642558837,0.8513266208933087,False,293,215.46,215.42131394852535,vertical,0.0005232581724936569,6
2017-08-31 09:30:00-04:00,TLT,1,1.0,0.16666666666666669,288,98.33,98.34682384360882,16.543212757874436,2.2552241399523023,False,293,98.5,98.48314707011625,vertical,0.001386147728819509,6
2017-08-31 14:30:00-04:00,GLD,1,1.0,0.16720216474626293,293,125.71,125.73165691522803,13.008217014998637,1.1273411738236996,False,293,125.84,125.8183206887893,vertical,0.000689275681936552,1
2017-09-01 09:30:00-04:00,DIA,1,1.0,0.2,295,185.39,185.41947135615263,10.551849525266917,-2.0989787252749483,False,300,185.25,185.2205508995778,vertical,-0.0010728132009002467,6
2017-09-01 09:30:00-04:00,GLD,1,1.0,0.2,295,125.41,125.43176383409885,15.598268739905727,9.997337648290177,False,300,126.09457257620713,126.07268994038611,upper,0.005109759176590956,6
2017-09-01 09:30:00-04:00,SPY,1,1.0,0.2,295,215.9,215.93862157603255,9.060530008596755,-1.0622202653604753,False,300,215.86,215.8213855794239,vertical,-0.0005429135175217814,6
2017-09-01 09:30:00-04:00,TLT,-1,1.0,0.2,295,97.7,97.6833231107364,20.029195347773957,-1.2690277725711647,False,300,97.73,97.74668201010986,vertical,-0.0006486153148337337,6
2017-09-01 10:30:00-04:00,IWM,1,1.0,0.19880183084432623,296,125.04,125.06933759515957,15.542041171932443,4.371121943667472,False,300,125.38,125.35058263210885,vertical,0.002248712932818586,5
2017-09-05 09:30:00-04:00,DIA,-1,1.0,0.2,302,184.25,184.22076976368916,10.6312985766084,7.125848615081783,False,303,183.52138435458497,183.55049900008174,lower,0.00363841039458912,2
2017-09-05 09:30:00-04:00,GLD,1,1.0,0.2,302,127.0,127.02220335595226,15.418611515359425,10.62176873020398,False,306,127.73342762462468,127.71109604383294,upper,0.005423403701715124,5
2017-09-05 09:30:00-04:00,QQQ,1,1.0,0.2,302,136.59,136.62020091902983,14.335405702785874,-12.072127303147116,False,303,135.80810927424628,135.77808123623626,lower,-0.006163947038056672,2
2017-09-05 09:30:00-04:00,SPY,1,1.0,0.2,302,215.2,215.23836556452378,9.099242145951413,-8.584376649190272,False,303,214.3331599282894,214.2949489028395,lower,-0.004383125002877075,2
2017-09-05 09:30:00-04:00,TLT,1,1.0,0.2,302,98.85,98.86685208467318,19.809531365407246,8.047044052197073,False,307,99.29,99.27307290351847,vertical,0.004108766591429225,6
2017-09-05 10:30:00-04:00,IWM,1,1.0,0.0008487551732576648,303,124.85,124.8792803284327,0.06653449670055274,-0.048387544052163015,False,303,124.1811488153996,124.15202534865976,lower,-0.005823664084708469,1
2017-09-05 11:30:00-04:00,DIA,-1,1.0,0.14973568544125165,304,183.39,183.36090619789934,7.9923511243220045,-0.06537481054436782,False,307,183.34,183.36908586987914,vertical,-4.4609683434782e-05,4
2017-09-05 11:30:00-04:00,IWM,-1,1.0,0.14973568544125165,304,124.19,124.16087445744445,11.803112302577818,-0.8056029034766536,False,307,124.2,124.2291278877961,vertical,-0.0005497177001201337,4
2017-09-05 11:30:00-04:00,QQQ,-1,1.0,0.14973568544125165,304,135.33,135.30007767499592,10.831366618485768,-5.848404865659092,False,307,135.81,135.8400284560615,vertical,-0.003990764753015075,4
2017-09-05 11:30:00-04:00,SPY,-1,1.0,0.14973568544125165,304,213.99,213.95185015263735,6.849600710449466,-2.714885434553298,False,307,214.31,214.34820689652923,vertical,-0.0018525511399369865,4
2017-09-05 14:30:00-04:00,GLD,1,1.0,0.19931703174794135,307,127.52,127.54229426733096,15.293911922773594,-1.5994074075646907,False,307,127.46,127.4377162224435,vertical,-0.0008199479669721566,1
2017-09-06 09:30:00-04:00,DIA,-1,1.0,0.2,309,183.95,183.9204168406027,10.64219655375514,0.6476093720671339,False,314,183.83,183.85956386078826,vertical,0.00033086582153185606,6
2017-09-06 12:30:00-04:00,GLD,1,1.0,0.19998708630701478,312,126.77,126.79235341104538,15.435525469271063,0.08156689477411384,False,314,126.82,126.79763777243214,vertical,4.167728766435452e-05,3
2017-09-06 12:30:00-04:00,QQQ,-1,1.0,0.19998708630701478,312,136.16,136.12959874660115,14.376789606410805,-1.8807448196168755,False,314,136.23,136.26041688271536,vertical,-0.0009609823089078429,3
2017-09-06 12:30:00-04:00,SPY,-1,1.0,0.19998708630701478,312,214.99,214.95133735168395,9.104882177043486,-0.8861681061445968,False,314,215.01,215.04866624500877,vertical,-0.0004527950117638735,3
2017-09-06 12:30:00-04:00,TLT,1,1.0,0.19998708630701478,312,98.82,98.83694890330264,19.80136600837151,-3.4429386501266217,False,314,98.68,98.66307510850126,vertical,-0.0017591983234073183,3
2017-09-07 09:30:00-04:00,DIA,-1,1.0,0.2,316,183.56,183.53021725064622,10.658850191044351,-2.23398666691545,False,321,183.71,183.73980708696763,vertical,-0.0011419908909886534,6
2017-09-07 09:30:00-04:00,GLD,1,1.0,0.2,316,127.9446,127.96745054805764,15.28686461148033,2.2878933967914077,False,321,128.14,128.11711455404833,vertical,0.0011695474540573958,6
2017-09-07 09:30:00-04:00,IWM,-1,1.0,0.2,316,123.75,123.7208394738611,15.811573050454113,-6.931961160186651,False,321,124.13,124.15925006957268,vertical,-0.0035435468881068743,6
2017-09-07 09:30:00-04:00,SPY,-1,1.0,0.2,316,214.67,214.63107815671958,9.114342191283527,-3.7177722522849668,False,321,215.0,215.03898167561977,vertical,-0.0019004867440601814,6
2017-09-07 09:30:00-04:00,TLT,1,1.0,0.2,316,99.63,99.64723917856087,19.63146302226247,0.5008233761485081,False,321,99.69,99.67275043951888,vertical,0.00025601573278200007,6
2017-09-08 09:30:00-04:00,DIA,1,1.0,0.2,323,183.92,183.94986957192097,10.623557902437739,-1.8030438375522653,False,328,183.81,183.78014829265553,vertical,-0.0009226496309043819,6
2017-09-08 09:30:00-04:00,QQQ,1,1.0,0.2,323,136.04,136.07076910194863,14.36165977043182,-11.949701756482611,False,328,135.26930812973364,135.2387133404631,lower,-0.006114875126943087,6
2017-09-08 10:30:00-04:00,IWM,1,1.0,0.2,324,124.55,124.57936756958856,15.687119623793466,-6.096914007597801,False,328,124.22,124.19071024091298,vertical,-0.003119756796473361,5
2017-09-08 10:30:00-04:00,TLT,-1,1.0,0.2,324,99.25,99.23271585156941,19.694023538001996,-5.014228557100748,False,328,99.47,99.48732246090067,vertical,-0.0025657527071223374,5
2017-09-11 09:30:00-04:00,DIA,1,1.0,0.16666666666666669,330,185.52,185.54987528083907,8.754291849029674,3.3281942682440486,False,335,185.96,185.9300538636005,vertical,0.0020489293360397287,6
2017-09-11 09:30:00-04:00,GLD,1,1.0,0.16666666666666669,330,126.79,126.81279930143405,12.809099473456326,-8.524290652308917,False,335,126.17,126.1473121865925,vertical,-0.005247791378374167,6
2017-09-11 09:30:00-04:00,IWM,1,1.0,0.16666666666666669,330,125.43,125.45914191739362,12.947304882963824,0.7986970320539009,False,335,125.55,125.52083020227404,vertical,0.0004917001976709745,6
2017-09-11 09:30:00-04:00,QQQ,1,1.0,0.16666666666666669,330,137.02,137.0507191071217,11.852238144696564,-2.268625868611261,False,335,136.89,136.85931003814122,vertical,-0.0013966294392870893,6
2017-09-11 09:30:00-04:00,SPY,1,1.0,0.16666666666666669,330,216.55,216.5894604965095,7.499708236198776,2.6324024723218065,False,335,216.98,216.9404611473903,vertical,0.0016205804755049513,6
2017-09-11 09:30:00-04:00,TLT,1,1.0,0.16666666666666669,330,98.66,98.67714575773458,16.461337103806535,-6.654120444960348,False,335,98.29,98.27291854320158,vertical,-0.004096462371595444,6
2017-09-12 09:30:00-04:00,DIA,1,1.0,0.2,337,186.32,186.3494479400881,10.448604950516245,1.0561327820113147,False,342,186.48,186.45052677185686,vertical,0.0005424155149698073,6
2017-09-12 09:30:00-04:00,IWM,1,1.0,0.2,337,126.04,126.06874774714852,15.444682358374692,3.2811134640578445,False,342,126.31,126.28119067008625,vertical,0.0016851355053022488,6
2017-09-12 09:30:00-04:00,SPY,1,1.0,0.2,337,217.34,217.37896838359447,8.95713039191937,3.152785708715705,False,342,217.77,217.73095451874775,vertical,0.001619228105508963,6
2017-09-12 09:30:00-04:00,TLT,-1,1.0,0.2,337,97.84,97.82308813336223,19.90421485793112,0.7203010198597825,False,342,97.77,97.78689976697848,vertical,0.000369936863314102,6
2017-09-12 13:30:00-04:00,GLD,-1,1.0,0.2,341,126.48,126.45733403394523,15.407422109999445,-1.7771610378722773,False,342,126.55,126.57267851046988,vertical,-0.000912121684407019,2
2017-09-13 09:30:00-04:00,GLD,-1,1.0,0.2,344,125.8241,125.801636609737,15.487703110766397,2.7756012698917556,False,349,125.6,125.62242338166561,vertical,0.0014245699253289112,6
2017-09-13 09:30:00-04:00,IWM,1,1.0,0.2,344,126.71,126.73844647029682,15.373222987365253,-1.1820232959468842,False,349,126.69,126.66155801971503,vertical,-0.0006066702940044078,6
2017-09-13 14:30:00-04:00,TLT,-1,1.0,0.2,349,97.47,97.45321656047962,19.99498833973319,0.7287208355050195,False,349,97.4,97.41677138616276,vertical,0.0003739761046700485,1
2017-09-14 09:30:00-04:00,QQQ,1,1.0,0.2,351,136.89,136.9196261730649,14.233480713412858,-4.40096719032434,False,356,136.64,136.61042793273728,vertical,-0.0022582463082158055,6
2017-09-14 12:30:00-04:00,DIA,1,1.0,0.2,354,187.29,187.31942647144342,10.403701806813825,-0.5082677961798494,False,356,187.3,187.27057195738507,vertical,-0.0002608085823164741,3
2017-09-14 13:30:00-04:00,GLD,1,1.0,0.2,355,126.235,126.25764080584422,15.431516632054405,-1.8559201129909944,False,356,126.16,126.13737264573766,vertical,-0.0009525614397587479,2
2017-09-14 14:30:00-04:00,IWM,1,1.0,0.2,356,126.35,126.37819762889937,15.413604788856647,2.6750837165109536,False,356,126.58,126.55175104181968,vertical,0.001373286026992826,1
2017-09-14 14:30:00-04:00,TLT,1,1.0,0.2,356,97.75,97.76667017305766,19.924413797992738,-0.2658665339444946,False,356,97.77,97.75332641616524,vertical,-0.00013648574579461226,1
2017-09-15 09:30:00-04:00,GLD,-1,1.0,0.2,358,125.57,125.54744992706117,15.515820289224019,0.07616457386821907,False,363,125.52,125.54254109385425,vertical,3.909942583268933e-05,6
2017-09-15 10:30:00-04:00,DIA,1,1.0,0.2,359,187.63,187.65935944658628,10.379077419764881,1.2584936649901768,False,363,187.81,187.7806123878731,vertical,0.0006461331939127124,5
2017-09-15 10:30:00-04:00,IWM,1,1.0,0.2,359,126.74,126.76803306973656,15.364528210105899,4.054131753438661,False,363,127.06,127.03189615085428,vertical,0.0020814638732506996,5
2017-09-15 10:30:00-04:00,QQQ,1,1.0,0.2,359,137.31,137.33948757705727,14.181871904442549,-4.38108466148675,False,363,137.06,137.03056611090622,vertical,-0.0022493273537060876,5
2017-09-18 09:30:00-04:00,DIA,1,1.0,0.16666666666666669,365,188.39,188.41941307611356,8.616297281063664,-0.7653121763963092,False,370,188.36,188.3305916077459,vertical,-0.00047140295640224483,6
2017-09-18 09:30:00-04:00,GLD,-1,1.0,0.16666666666666669,365,124.56,124.53777327363777,13.03602621045889,2.1585576257971986,False,370,124.35,124.37218925355768,vertical,0.001329588732217557,6
2017-09-18 09:30:00-04:00,IWM,1,1.0,0.16666666666666669,365,127.99,128.0180529604113,12.681630746949244,-0.9650915941098185,False,370,127.97,127.94195142320623,vertical,-0.0005944594175995022,6
2017-09-18 09:30:00-04:00,QQQ,1,1.0,0.16666666666666669,365,137.51,137.53933338647622,11.803733787377508,-9.485361979415707,False,369,136.76491787189846,136.73574342500496,lower,-0.005842619283410566,5
2017-09-18 09:30:00-04:00,SPY,1,1.0,0.16666666666666669,365,218.72,218.75823682212211,7.421332792636374,-2.1257437954358953,False,370,218.51,218.47179989026196,vertical,-0.0013093766708910382,6
2017-09-18 09:30:00-04:00,TLT,-1,1.0,0.16666666666666669,365,97.4,97.38357790795277,16.670959431392472,1.620046069632089,False,370,97.27,97.2864001734439,vertical,0.0009978862616931705,6
2017-09-19 10:30:00-04:00,TLT,-1,1.0,0.2,373,97.09,97.07375097363328,20.049298715812917,0.35106954184096517,False,377,97.04,97.0562406583441,vertical,0.0001803815667320574,5
2017-09-19 11:30:00-04:00,SPY,1,1.0,0.2,374,218.79,218.82724836658534,8.893386412112019,-1.0182031280755974,False,377,218.75,218.71275844329932,vertical,-0.000523197746809978,4
2017-09-19 13:30:00-04:00,DIA,1,1.0,0.2,376,188.71,188.7389237292204,10.31082420326743,-0.8026398516926262,False,377,188.69,188.66107933619523,vertical,-0.0004124448284809068,2
2017-09-20 10:30:00-04:00,IWM,1,1.0,0.2,380,128.25,128.27665887851765,15.170076092254007,1.1628655251201898,False,384,128.38,128.35331409883747,vertical,0.0005975773066588808,5
2017-09-20 10:30:00-04:00,QQQ,-1,1.0,0.2,380,136.48,136.45252735269554,14.261125930026841,8.789308295474136,False,382,135.80887743032116,135.83621498447164,lower,0.004516679758014952,3
2017-09-20 13:30:00-04:00,DIA,-1,1.0,0.16006518822707574,383,188.42,188.3916152731423,8.272826793470689,-4.870857068493161,False,384,188.95192825078178,188.980393110524,upper,-0.003125286847443176,2
2017-09-20 13:30:00-04:00,GLD,-1,1.0,0.16006518822707574,383,123.86,123.83853656188158,12.58518750113041,2.7324729877700684,False,384,123.6,123.62141838326687,vertical,0.0017532359848763113,2
2017-09-20 13:30:00-04:00,QQQ,-1,1.0,0.16006518822707574,383,135.89,135.86264611633788,11.471373825314117,-8.94277463740803,False,384,136.6147194667372,136.64221923230363,upper,-0.005737950336240472,2
2017-09-20 13:30:00-04:00,SPY,-1,1.0,0.16006518822707574,383,218.09,218.0535487009427,7.147470021844846,-5.079575512298818,False,384,218.72767243344921,218.76423031230647,upper,-0.003259206812260773,2
2017-09-20 13:30:00-04:00,TLT,-1,1.0,0.16006518822707574,383,96.81,96.79394094052417,16.101536804401068,-5.348413403397815,False,384,97.11,97.1261088241473,vertical,-0.0034317012035622874,2
2017-09-21 09:30:00-04:00,GLD,-1,1.0,0.2,386,122.75,122.7284181409215,15.837043373709886,0.5836005503172104,False,391,122.67,122.69156779350843,vertical,0.0003002592877124899,6
2017-09-21 09:30:00-04:00,QQQ,-1,1.0,0.2,386,135.62,135.59278569656968,14.334503648550301,-4.794673489949041,False,391,135.9,135.92727048987007,vertical,-0.0024668332579942387,6
2017-09-21 09:30:00-04:00,SPY,-1,1.0,0.2,386,218.23,218.19384238965864,8.907929114761751,-0.9114610107214758,False,391,218.26,218.2961625809151,vertical,-0.0004689416994350104,6
2017-09-21 09:30:00-04:00,TLT,1,1.0,0.2,386,97.37,97.38629048642406,19.958202243626154,-7.235362480571187,False,391,97.04,97.02376472422111,vertical,-0.003722554380007792,6
2017-09-21 10:30:00-04:00,IWM,1,1.0,0.19789174308411295,387,128.56,128.58645948908307,14.936798539459616,-5.569231902153383,False,391,128.24,128.21360637149962,vertical,-0.002899629704907647,5
2017-09-22 09:30:00-04:00,GLD,-1,1.0,0.2,393,123.225,123.2033059512009,15.746897704079435,-0.9194729841856226,False,398,123.24,123.26169668958408,vertical,-0.0004739380809011262,6
2017-09-22 09:30:00-04:00,IWM,1,1.0,0.2,393,128.64,128.66633897464686,15.078301528422628,0.8639795645730587,False,398,128.75,128.723638502909,vertical,0.0004453342553987216,6
2017-09-22 09:30:00-04:00,QQQ,-1,1.0,0.2,393,135.81,135.782817164099,14.288036558214207,-0.2051428519160323,False,398,135.77,135.79717482976426,vertical,-0.00010573993061235853,6
2017-09-22 09:30:00-04:00,TLT,1,1.0,0.2,393,97.49,97.5062658735533,19.896873685367623,-3.8302486965357727,False,398,97.33,97.31376082190026,vertical,-0.0019742839080996166,6
2017-09-22 10:30:00-04:00,DIA,-1,1.0,0.10055119733243711,394,188.3,188.271755,5.181812188939528,-0.9146313058452559,False,398,188.42,188.448263,vertical,-0.0009375171543919425,5
2017-09-22 10:30:00-04:00,SPY,-1,1.0,0.10055119733243711,394,217.99,217.9539602374116,4.476123644779626,-1.6209273316949508,False,398,218.28,218.31608770759115,vertical,-0.0016614860761654526,5
2017-09-25 09:30:00-04:00,IWM,1,1.0,0.2,400,129.23,129.25632424184144,14.99922404778746,-8.814854876609186,False,400,128.6948520807461,128.66863684891197,lower,-0.004546681923507934,1
2017-09-25 09:30:00-04:00,QQQ,-1,1.0,0.2,400,134.92,134.89319920716505,14.372441148195868,11.180577448019594,False,400,134.08864578067735,134.11528143155996,lower,0.005766916198720939,1
2017-09-25 09:30:00-04:00,TLT,1,1.0,0.2,400,97.65,97.66620618044035,19.850720558500758,8.059163643402574,False,400,98.08847359956019,98.07219464920409,upper,0.0041568981190245324,1
2017-09-25 10:30:00-04:00,DIA,-1,1.0,0.2,401,187.9,187.871815,10.330605174276961,-2.028837880781484,False,405,188.04,188.068206,vertical,-0.001045345732141989,5
2017-09-25 10:30:00-04:00,GLD,1,1.0,0.2,401,123.88,123.90179419065544,15.664256977209934,9.653811163963322,False,405,124.54,124.51808969563909,vertical,0.004974064411329859,5
2017-09-25 10:30:00-04:00,IWM,1,1.0,0.2,401,128.67,128.6962101694478,15.080704719932402,3.5819778510329097,False,405,128.96,128.93373075734834,vertical,0.0018455911606707343,5
2017-09-25 10:30:00-04:00,QQQ,-1,1.0,0.2,401,134.42,134.39329852821766,14.441416092873864,0.23988580503058465,False,405,134.35,134.37668756683493,vertical,0.0001235996256110372,5
2017-09-25 10:30:00-04:00,SPY,-1,1.0,0.2,401,217.74,217.70437077732186,8.91497739439037,-1.7052397698636879,False,405,217.86,217.89564885851325,vertical,-0.0008786138767375995,5
2017-09-25 12:30:00-04:00,TLT,1,1.0,0.0008846234281117971,403,97.94,97.95625430939403,0.08773884803214776,-0.003729511630834147,False,405,97.93,97.91374735022507,vertical,-0.00043393818463799416,3
2017-09-26 09:30:00-04:00,DIA,-1,1.0,0.2,407,188.44,188.411734,10.311338240066055,4.854065952416767,False,412,187.91279674339296,187.9409836629045,lower,0.0024985192116299126,6
2017-09-26 09:30:00-04:00,GLD,1,1.0,0.2,407,123.67,123.69200835289224,15.70656943436982,-9.171389561321842,False,412,123.13,123.10808774568106,vertical,-0.004720762602101636,6
2017-09-26 09:30:00-04:00,IWM,1,1.0,0.2,407,129.36,129.38599063752065,15.015359144361398,-0.7805175135265155,False,412,129.36,129.33400936247938,vertical,-0.0004017535034909203,6
2017-09-26 09:30:00-04:00,QQQ,-1,1.0,0.2,407,134.98,134.9531134179711,14.39594143822578,3.257551187187041,False,412,134.7,134.72683080900347,vertical,0.0016767498224868893,6
2017-09-26 09:30:00-04:00,SPY,-1,1.0,0.2,407,218.32,218.28450607535228,8.900206215280818,2.661805182330457,False,412,217.95,217.9854337709645,vertical,0.0013701032187989348,6
2017-09-26 10:30:00-04:00,TLT,1,1.0,0.0032718946007274097,408,97.63,97.64618547264301,0.326008253110283,0.03833993560913469,False,412,97.78,97.7637896597866,vertical,0.001204391001802474,5
2017-09-27 09:30:00-04:00,GLD,-1,1.0,0.2,414,122.14,122.11834279943702,15.910378770033965,1.6978314586693988,False,419,121.99,122.01163060337873,vertical,0.0008738424843640624,6
2017-09-27 09:30:00-04:00,IWM,1,1.0,0.2,414,130.36,130.38592341875963,14.901524932777718,9.247664273112433,False,416,131.03256567955447,131.0065085142334,upper,0.004759601950899528,3
2017-09-27 09:30:00-04:00,QQQ,-1,1.0,0.2,414,135.45,135.42326532238772,14.347232612376619,-13.641200360105525,False,418,136.34714322558455,136.37405497838995,upper,-0.007020873804355343,5
2017-09-27 09:30:00-04:00,SPY,1,1.0,0.2,414,218.37,218.40528447687893,8.8960717839846,5.137243377832486,False,417,219.0181469200022,218.98275771479513,upper,0.0026440442560689004,4
2017-09-27 09:30:00-04:00,TLT,-1,1.0,0.2,414,96.3,96.28401641259723,20.17935230684549,-1.0487309149690256,False,419,96.32,96.33598690694323,vertical,-0.0005397624266452183,6
2017-09-27 12:30:00-04:00,IWM,1,1.0,0.2,417,131.42,131.4461342105967,14.793193999511896,10.468916863526797,False,417,132.18010426257894,132.15381889747854,upper,0.005383837958657711,1
2017-09-27 13:30:00-04:00,DIA,1,1.0,0.1334136685350313,418,188.49,188.51827350000002,6.887119070888368,-0.9403328023438066,False,419,188.41,188.3817385,vertical,-0.0007242533971116849,2
2017-09-27 13:30:00-04:00,IWM,1,1.0,0.1334136685350313,418,131.98,132.00624557232197,9.835502790066675,-1.3029605515817129,False,419,131.9,131.87377033649594,vertical,-0.001003552788367501,2
2017-09-27 13:30:00-04:00,SPY,1,1.0,0.1334136685350313,418,218.92,218.9553733465143,5.929737081985472,-1.1309627628658243,False,419,218.8,218.7646460432243,vertical,-0.0008710784319878595,2
2017-09-28 09:30:00-04:00,GLD,-1,1.0,0.2,421,121.89,121.8683078143922,15.956950722462498,-6.1186110454330835,False,426,122.23,122.25175269379638,vertical,-0.0031463871639882957,6
2017-09-28 09:30:00-04:00,TLT,-1,1.0,0.2,421,95.76,95.7440055102191,20.310896458333243,-5.728297082462222,False,426,96.01,96.02603624648982,vertical,-0.0029456751341014886,6
2017-09-28 10:30:00-04:00,QQQ,1,1.0,0.2,422,135.72,135.74655246217273,14.317676712676736,1.2437434427334262,False,426,135.86,135.83342014801957,vertical,0.0006399255397004922,5
2017-09-28 11:30:00-04:00,DIA,1,1.0,0.19940791409231184,423,188.8,188.82832000000002,10.258822577052296,-1.2990695735212077,False,426,188.73,188.70169049999998,vertical,-0.0006706065064818745,4
2017-09-28 11:30:00-04:00,IWM,1,1.0,0.19940791409231184,423,132.08,132.10625770545556,14.663622042204421,2.0154681724456744,False,426,132.27,132.24370452225463,vertical,0.0010404262385927954,4
2017-09-29 09:30:00-04:00,QQQ,1,1.0,0.2,428,136.14,136.1667263827013,14.266842427767275,9.222226957190697,False,433,136.84,136.81313619649737,vertical,0.004747193613065859,6
2017-09-29 09:30:00-04:00,SPY,1,1.0,0.2,428,219.21,219.2450434856802,8.860721311283756,4.75787838973413,False,433,219.8171469064411,219.78200636066367,upper,0.002449144876648157,6
2017-09-29 10:30:00-04:00,IWM,1,1.0,0.2,429,132.6,132.6262783040085,14.660638123645422,-1.796554701447849,False,433,132.53,132.50373556839932,vertical,-0.0009239702506640413,5
2017-09-29 10:30:00-04:00,TLT,-1,1.0,0.2,429,96.18,96.1640254905037,20.219472531263417,-1.4549055430355315,False,433,96.22,96.2359811530852,vertical,-0.0007482596762611315,5
2017-09-29 12:30:00-04:00,GLD,-1,1.0,0.19911807731566133,431,121.84,121.81853576184832,15.893834240367669,3.116997491090739,False,433,121.601,121.6224221341389,vertical,0.0016098833111310995,3
2017-10-02 09:30:00-04:00,DIA,1,1.0,0.2,435,189.37,189.39840550000002,10.271672312075543,4.402764108860277,False,437,189.855515502392,189.82703717506664,upper,0.002263121877584151,3
2017-10-02 09:30:00-04:00,GLD,-1,1.0,0.2,435,121.2289,121.20744898582507,16.05048513110049,6.838805821078192,False,440,120.76,120.78136804402058,vertical,0.0035153032702991416,6
2017-10-02 09:30:00-04:00,IWM,1,1.0,0.2,435,133.24,133.26649984055436,14.598105000530596,9.693387556551208,False,440,133.95715915575897,133.93051668083595,upper,0.0049826238482744145,6
2017-10-02 09:30:00-04:00,QQQ,1,1.0,0.2,435,137.36,137.38703480765162,14.160276189447663,-11.898532190266836,False,436,136.5736394141769,136.54675937579714,lower,-0.00611611883924057,2
2017-10-02 09:30:00-04:00,SPY,1,1.0,0.2,435,220.43,220.46514880357694,8.824244413609751,2.555898174532602,False,440,220.79,220.7547937923978,vertical,0.0013137903672879592,6
2017-10-02 11:30:00-04:00,QQQ,1,1.0,0.1989789216798552,437,136.73,136.7569108128291,14.140264895676376,2.631943599749563,False,440,136.97,136.94304195104803,vertical,0.0013610364340101988,4
2017-10-02 12:30:00-04:00,TLT,1,1.0,0.2,438,96.08,96.09625399363793,20.248144172334186,-1.4680151636844418,False,440,96.04,96.0237527732204,vertical,-0.0007544645852931575,3
2017-10-02 13:30:00-04:00,DIA,1,1.0,0.0006780080644901432,439,190.1,190.12851500000002,0.03471269423580094,0.002185233527531004,False,440,190.22,190.191467,vertical,0.0003311023598957519,2
2017-10-03 09:30:00-04:00,DIA,1,1.0,0.2,442,190.75,190.7786125,10.210735991979583,1.4575315091750316,False,447,190.95,190.9213575,vertical,0.0007482232842006553,6
2017-10-03 10:30:00-04:00,IWM,1,1.0,0.2,443,133.7,133.72645369747306,14.567302636947835,9.604190647430729,False,447,134.41234614336727,134.38575150206944,upper,0.004930197327208674,5
2017-10-03 10:30:00-04:00,QQQ,1,1.0,0.2,443,137.19,137.217185958327,14.196718202401422,0.5055486657904259,False,447,137.28,137.2527962070185,vertical,0.000259517409884058,5
2017-10-03 13:30:00-04:00,SPY,1,1.0,0.2,446,221.15,221.1852950488458,8.813358533848476,0.5234179124865145,False,447,221.28,221.24468420344292,vertical,0.0002685040819914164,2
2017-10-04 09:30:00-04:00,DIA,1,1.0,0.2,449,191.13,191.1586695,10.203085154349502,-0.7890657934965087,False,454,191.11,191.08133350000003,vertical,-0.0004045644395949122,6
2017-10-04 09:30:00-04:00,TLT,-1,1.0,0.2,449,95.87,95.85379220572956,20.347741471871252,-6.154403010462242,False,454,96.14,96.15625344050444,vertical,-0.0031554435960730043,6
2017-10-04 10:30:00-04:00,SPY,1,1.0,0.2,450,221.49,221.5253269939044,8.805725677590985,-0.09390036323430348,False,454,221.55,221.5146634362747,vertical,-4.813696823924296e-05,5
2017-10-04 11:30:00-04:00,QQQ,1,1.0,0.2,451,137.55,137.57744199207315,14.180446654054723,-3.1884743972460603,False,454,137.38,137.35259192387488,vertical,-0.001634352732123201,4
2017-10-04 13:30:00-04:00,GLD,-1,1.0,0.09969877265149168,453,121.12,121.09875661363003,8.021799147480138,-0.7419806623813048,False,454,121.17,121.1912521559317,vertical,-0.0007638025764111767,2
2017-10-04 13:30:00-04:00,IWM,1,1.0,0.09969877265149168,453,133.9,133.9265736142285,7.253451472314202,0.7023009518104623,False,454,134.05,134.02339661697292,vertical,0.0007229558715011741,2
2017-10-05 09:30:00-04:00,QQQ,1,1.0,0.2,456,137.88,137.90707057430978,14.128028897516174,8.659558182301705,False,460,138.54720677542946,138.5200052055395,upper,0.004444548264836312,5
2017-10-05 09:30:00-04:00,SPY,1,1.0,0.2,456,222.02,222.05489721119,8.774204499496477,3.9633781116743716,False,457,222.54158437627268,222.50660518219772,upper,0.002034217559174545,2
2017-10-05 10:30:00-04:00,DIA,1,1.0,0.19993932364998268,457,191.59,191.61873850000003,10.167873421448556,3.815176596466211,False,457,192.02276064847084,191.99395723437357,upper,0.001958152617592468,1
2017-10-05 10:30:00-04:00,IWM,1,1.0,0.19993932364998268,457,134.42,134.44651125757798,14.491674495836602,-1.2030495209683383,False,461,134.39,134.3634946592329,vertical,-0.0006174693383156349,5
2017-10-05 10:30:00-04:00,TLT,-1,1.0,0.19993932364998268,457,95.71,95.69386979082829,20.36029144295709,-2.2859293440262816,False,461,95.79,95.80614369174128,vertical,-0.001173261162479955,5
2017-10-05 11:30:00-04:00,DIA,1,1.0,0.19997960679811322,458,192.0,192.02880000000002,10.16152332929571,0.9386961213519919,False,461,192.15,192.12117750000002,vertical,0.0004810606534020323,4
2017-10-05 11:30:00-04:00,SPY,1,1.0,0.19997960679811322,458,222.71,222.74500566572436,8.760264344714436,0.6129264656806664,False,461,222.85,222.81497232900782,vertical,0.0003141110305675543,4
2017-10-05 12:30:00-04:00,GLD,-1,1.0,8.346273494685974e-05,459,120.72,120.69900868079021,0.0067474593753480356,0.0011339367099160685,False,461,120.51,120.53095480349546,vertical,0.0013923385049433579,3
2017-10-06 09:30:00-04:00,GLD,-1,1.0,0.2,463,120.08,120.05923006260876,16.252440194210337,-9.261410752615756,False,463,120.60821615879186,120.62907746041152,upper,-0.004746385575732814,1
2017-10-06 09:30:00-04:00,TLT,-1,1.0,0.2,463,95.38,95.36382949456757,20.46116925774927,-10.376624889054193,False,463,95.85471594162323,95.8709669293026,upper,-0.005317922292161326,1
2017-10-06 10:30:00-04:00,GLD,1,1.0,0.2,464,120.85,120.87090312236619,16.11080747246289,3.5145530548270374,False,468,121.11,121.08905190608384,vertical,0.0018048080893116047,5
2017-10-06 10:30:00-04:00,IWM,-1,1.0,0.2,464,134.1,134.07379515089093,14.524298704572137,-2.7950132832082244,False,468,134.24,134.2662322068934,vertical,-0.0014353069948223052,5
2017-10-06 10:30:00-04:00,SPY,1,1.0,0.2,464,222.43,222.46474356560563,8.753422308703408,1.229681350559936,False,468,222.64,222.60522363239474,vertical,0.0006314711470121193,5
2017-10-06 10:30:00-04:00,TLT,-1,1.0,0.2,464,95.79,95.77375998411226,20.332582218242177,5.033685303540894,False,468,95.51,95.5261925453329,vertical,0.0025849192808178323,5
2017-10-09 09:30:00-04:00,GLD,1,1.0,0.2,470,121.65,121.67112142521361,16.016326698444235,6.049113972745388,False,475,122.07,122.04880565247984,vertical,0.003104140266335653,6
2017-10-09 10:30:00-04:00,DIA,1,1.0,0.2,471,192.24,192.26883600000002,10.136562468519646,-2.6116042275146687,False,475,192.04,192.011194,vertical,-0.0013400091526014624,5
2017-10-09 12:30:00-04:00,IWM,-1,1.0,0.2,473,133.81,133.7839350693954,14.569079711332533,1.4263035413758935,False,475,133.66,133.68603571201413,vertical,0.0007317721468611538,3
2017-10-09 13:30:00-04:00,TLT,1,1.0,0.2,474,95.79,95.8061820510998,20.34512214271747,-0.6584516122901303,False,475,95.79,95.7738179489002,vertical,-0.00033780807779537625,2
2017-10-09 14:30:00-04:00,SPY,-1,1.0,0.2,475,222.2,222.1654906491562,8.77663587024629,-1.0446519603782911,False,475,222.25,222.28451711622427,vertical,-0.0005357558760377135,1
2017-10-10 09:30:00-04:00,DIA,1,1.0,0.2,477,192.39,192.4188585,10.130797925168476,2.251478661687335,False,482,192.67,192.6410995,vertical,0.0011549855442054557,6
2017-10-10 09:30:00-04:00,GLD,1,1.0,0.2,477,122.82,122.8411054903091,15.868927299818797,-7.4923091418858405,False,482,122.39,122.36896840124629,vertical,-0.0038434780212887043,6
2017-10-10 09:30:00-04:00,IWM,-1,1.0,0.2,477,134.12,134.09404956454847,14.537233969630625,0.2633081676230035,False,482,134.05,134.07593689138292,vertical,0.0001350743990831127,6
2017-10-10 09:30:00-04:00,SPY,-1,1.0,0.2,477,222.61,222.5757256943857,8.758172376495851,-2.35226472024557,False,482,222.81,222.8443050987553,vertical,-0.0012066877622511907,6
2017-10-10 09:30:00-04:00,TLT,1,1.0,0.2,477,96.35,96.36609253133466,20.22865637953753,-8.943424453639919,False,482,95.94,95.92397594752207,vertical,-0.004587885346381881,6
2017-10-10 10:30:00-04:00,QQQ,-1,1.0,2.886193761086897e-05,478,138.62,138.5934668749321,0.002028938253170077,-0.0006149997974406735,False,482,138.87,138.89658097733505,vertical,-0.0021870735268965102,5
2017-10-11 09:30:00-04:00,IWM,-1,1.0,0.2,484,134.16,134.13409885211084,14.50862848307874,2.4409342353322874,False,489,133.94,133.96585867433117,vertical,0.0012542685209758764,6
2017-10-11 10:30:00-04:00,TLT,1,1.0,0.2,485,96.27,96.28612141174871,20.21087380609747,-3.4807041367988023,False,489,96.13,96.1139020327059,vertical,-0.0017886210028790206,5
2017-10-11 13:30:00-04:00,GLD,1,1.0,0.2,488,122.51,122.53101524543527,15.885565054080535,3.938345520365096,False,489,122.8,122.77893500824871,vertical,0.002023322522194393,2
2017-10-11 14:30:00-04:00,DIA,1,1.0,0.13349980604469472,489,192.91,192.9389365,6.735134218063047,0.014265014273829552,False,489,192.97,192.9410545,vertical,1.0977566469616562e-05,1
2017-10-11 14:30:00-04:00,QQQ,1,1.0,0.13349980604469472,489,139.21,139.2367660223209,9.332805338279165,0.15356661184142523,False,489,139.28,139.25322051872098,vertical,0.000118176375896617,1
2017-10-11 14:30:00-04:00,SPY,1,1.0,0.13349980604469472,489,223.06,223.09442527136565,5.824751701604403,0.18134795973605483,False,489,223.16,223.12555929544536,vertical,0.0001395553655894055,1
2017-10-12 12:30:00-04:00,GLD,1,1.0,0.2,494,122.94,122.96106587453036,15.832258319761577,-1.5376657342717939,False,496,122.885,122.86394354976684,vertical,-0.0007898624176096991,3
2017-10-12 12:30:00-04:00,TLT,1,1.0,0.2,494,96.36,96.37617924926785,20.199507527308143,3.3855974542638827,False,496,96.56,96.543787169891,vertical,0.001739101113249708,3
2017-10-12 14:30:00-04:00,DIA,1,1.0,0.2,496,192.76,192.788914,10.098473263963792,-0.8868832666978569,False,496,192.73,192.7010905,vertical,-0.0004555422725188718,1
2017-10-13 09:30:00-04:00,DIA,1,1.0,0.16666666666666669,498,193.23,193.2589845,8.39522663041419,-1.8296976679657422,False,503,193.07,193.04103949999998,vertical,-0.001127735409372499,6
2017-10-13 09:30:00-04:00,GLD,1,1.0,0.16666666666666669,498,123.39,123.41093315968313,13.146752331431516,5.364628759253462,False,503,123.84,123.81899049764846,vertical,0.0033064926057835287,6
2017-10-13 09:30:00-04:00,IWM,1,1.0,0.16666666666666669,498,134.13,134.15604330045585,12.093774781412998,-6.448895196280225,False,503,133.6487522722442,133.62280241307042,lower,-0.003974780966006786,6
2017-10-13 09:30:00-04:00,QQQ,1,1.0,0.16666666666666669,498,139.68,139.70656206745903,11.613291095501884,-2.0102759632738354,False,503,139.56,139.53346075218653,vertical,-0.001239034965221708,6
2017-10-13 09:30:00-04:00,SPY,1,1.0,0.16666666666666669,498,223.36,223.39435768061438,7.262730312825603,-3.8368192914650385,False,498,222.9003558289615,222.8660688517301,lower,-0.002364826195116243,1
2017-10-13 09:30:00-04:00,TLT,1,1.0,0.16666666666666669,498,96.77,96.78633514685889,16.76324422016157,6.54718699682585,False,500,97.19330976364402,97.17690316047474,upper,0.0040353631845158056,3
2017-10-16 09:30:00-04:00,IWM,-1,1.0,0.2,505,133.91,133.88404351171687,14.538706348875058,6.101140422066323,False,506,133.4385303159819,133.4643954167859,lower,0.003134414556983822,2
2017-10-16 09:30:00-04:00,QQQ,1,1.0,0.2,505,139.87,139.89668215552874,13.913845299439338,1.6223997080936774,False,510,140.04,140.01328541459753,vertical,0.0008334955287871981,6
2017-10-16 10:30:00-04:00,DIA,1,1.0,0.2,506,193.37,193.39900550000002,10.067490640131851,2.4357689554356687,False,510,193.67,193.64094949999998,vertical,0.0012510095353099882,5
2017-10-16 11:30:00-04:00,IWM,-1,1.0,0.2,507,133.42,133.3941384910258,14.595709135567656,-2.068802572550334,False,510,133.51,133.53587895415336,vertical,-0.0010625689009347017,4
2017-10-16 12:30:00-04:00,GLD,1,1.0,0.2,508,123.55,123.57085448346388,15.75960959688045,-8.79382639157201,False,509,123.03362407514662,123.0128567527769,lower,-0.004515609550645672,2
2017-10-16 14:30:00-04:00,GLD,-1,1.0,0.2,510,122.83,122.80926704812731,15.846031827115885,-3.0343760115279066,False,510,122.98,123.00075827095418,vertical,-0.0015592571100666586,1
2017-10-17 09:30:00-04:00,DIA,1,1.0,0.2,512,193.94,193.96909100000002,10.031254176671126,0.5196340132326495,False,517,194.05,194.0208925,vertical,0.00026706059059677933,6
2017-10-17 09:30:00-04:00,GLD,-1,1.0,0.2,512,122.16,122.13936365544586,15.930599243400398,-0.1794999584594161,False,517,122.13,122.15063127668954,vertical,-9.225216921437962e-05,6
2017-10-17 10:30:00-04:00,IWM,-1,1.0,0.2,513,133.84,133.81427193477145,14.544720288893696,5.857794041175202,False,515,133.38588749270994,133.41152826388435,lower,0.0030097213478351703,3
2017-10-17 10:30:00-04:00,TLT,1,1.0,0.2,513,97.32,97.33650570918383,19.99549030215057,-1.059921476196118,False,517,97.3,97.2834976828649,vertical,-0.0005445852605115986,5
2017-10-17 14:30:00-04:00,IWM,-1,1.0,0.2,517,132.85,132.82446224248645,14.657563507402655,-4.413737887947812,False,517,133.1,133.12558581501736,vertical,-0.0022670791768850673,1
2017-10-18 09:30:00-04:00,DIA,1,1.0,0.2,519,194.97,194.99924550000003,9.979003267400913,4.296361945242031,False,522,195.4591045539279,195.4297856882448,upper,0.0022079069441567345,4
2017-10-18 09:30:00-04:00,GLD,-1,1.0,0.2,519,121.63,121.60941560074336,16.001212557206944,-1.1388683127743273,False,524,121.66,121.68058947639202,vertical,-0.0005852661596723596,6
2017-10-18 09:30:00-04:00,IWM,-1,1.0,0.2,519,133.51,133.48420910807553,14.57774010115096,-8.134112892057315,False,521,134.0163021580743,134.04219085528854,upper,-0.00418013299806308,3
2017-10-18 09:30:00-04:00,TLT,-1,1.0,0.2,519,96.5,96.48370678184257,20.168152456922545,-4.086373021368454,False,524,96.67,96.68632192123606,vertical,-0.0020999933165049,6
2017-10-18 11:30:00-04:00,SPY,1,1.0,0.19798293240103948,521,223.84,223.87433731163927,8.597574932119405,-1.2781357039167431,False,524,223.76,223.7256749604521,vertical,-0.000664043735304154,4
2017-10-19 09:30:00-04:00,DIA,1,1.0,0.16666666666666669,526,194.88,194.909232,8.310833810701855,3.800578575066782,False,530,195.3958455007715,195.36653612394636,upper,0.0023462414748336435,5
2017-10-19 09:30:00-04:00,GLD,-1,1.0,0.16666666666666669,526,122.16,122.13938289425462,13.262374485107449,-3.4650783690016875,False,531,122.38,122.40065423543811,vertical,-0.0021391244575854618,6
2017-10-19 09:30:00-04:00,IWM,-1,1.0,0.16666666666666669,526,133.04,133.01413448639667,12.178091009487375,-6.8420190752959735,False,531,133.55,133.57596466733108,vertical,-0.0042238381891051,6
2017-10-19 09:30:00-04:00,QQQ,-1,1.0,0.16666666666666669,526,139.02,138.99378010761833,11.654177863709647,-6.7890218068506,False,531,139.55,139.57631985312807,vertical,-0.004191120962813599,6
2017-10-19 09:30:00-04:00,SPY,-1,1.0,0.16666666666666669,526,223.03,222.99589997055517,7.264071830636443,-4.007347732797531,False,528,223.5133928979043,223.54756683539762,upper,-0.002473887927604501,3
2017-10-19 09:30:00-04:00,TLT,1,1.0,0.16666666666666669,526,97.27,97.28640704530072,16.650406614042765,-8.204263078060546,False,531,96.81,96.79367054533193,vertical,-0.005064803140888419,6
2017-10-19 14:30:00-04:00,SPY,1,1.0,0.2,531,223.7,223.734202468667,8.673128324199435,0.9676396058139004,False,531,223.88,223.8457700103479,vertical,0.0004986610918218393,1
2017-10-20 09:30:00-04:00,DIA,1,1.0,0.16666666666666669,533,196.13,196.1594195,8.237016202409169,3.8500131564384175,False,535,196.65632180688095,196.62682335860993,upper,0.002382775498629197,3
2017-10-20 09:30:00-04:00,GLD,-1,1.0,0.16666666666666669,533,121.8589,121.83865900756093,13.261540547457992,2.8838659168498078,False,538,121.601,121.62119815476412,vertical,0.0017848263807903608,6
2017-10-20 09:30:00-04:00,IWM,1,1.0,0.16666666666666669,533,134.16,134.18604999225434,12.041254040713953,-0.5069599892125868,False,538,134.17,134.14394806603482,vertical,-0.0003137578475701508,6
2017-10-20 09:30:00-04:00,QQQ,-1,1.0,0.16666666666666669,533,140.03,140.003848390395,11.540885020325822,1.0124002118096456,False,538,139.89,139.9161254635981,vertical,0.0006265751106520057,6
2017-10-20 09:30:00-04:00,SPY,1,1.0,0.16666666666666669,533,224.55,224.58420017207146,7.194487926749572,2.6010531819311384,False,538,224.98,224.9457343366171,vertical,0.001609793406075033,6
2017-10-20 09:30:00-04:00,TLT,-1,1.0,0.16666666666666669,533,95.78,95.76398646525722,16.87240032830997,-1.2153823872391054,False,538,95.82,95.83602022237474,vertical,-0.000752200903245237,6
2017-10-23 09:30:00-04:00,GLD,-1,1.0,0.2,540,121.05,121.0299593340525,16.03443468632246,-10.316446053233108,False,541,121.65321199034543,121.67335252221605,upper,-0.005315982850062184,2
2017-10-23 09:30:00-04:00,IWM,-1,1.0,0.2,540,133.63,133.6041286099216,14.525351860167095,8.029509724461333,False,545,133.0255814519467,133.0513358237805,lower,0.004137542693422702,6
2017-10-23 09:30:00-04:00,QQQ,-1,1.0,0.2,540,139.6,139.5741264634562,13.904059636283918,7.257467589687076,False,544,139.0263917152099,139.0521589388961,lower,0.0037397155030503004,5
2017-10-23 09:30:00-04:00,TLT,-1,1.0,0.2,540,96.03,96.01379668453419,20.212167886729617,0.5579264343071332,False,545,95.97,95.98619319155739,vertical,0.0002874950676878818,6
2017-10-23 10:30:00-04:00,DIA,1,1.0,0.19970283692727775,541,197.25,197.27958750000002,9.820801562669846,-5.454861659400684,False,544,196.7536609931625,196.72414794401354,lower,-0.0028154943094985674,4
2017-10-23 11:30:00-04:00,GLD,-1,1.0,0.19901403912813165,542,121.72,121.69984841091178,15.843040452499709,-2.0646345861961133,False,545,121.81,121.8301664892116,vertical,-0.0010708154529479597,4
2017-10-23 13:30:00-04:00,SPY,1,1.0,0.002227482184671059,544,224.63,224.66405599206084,0.09614675093009413,-0.05391802101537963,False,545,224.13724847907062,224.103267192712,lower,-0.002496121584169453,2
2017-10-23 14:30:00-04:00,QQQ,-1,1.0,0.2,545,139.1,139.074219133716,13.952071858549248,0.8156193537685548,False,545,138.99,139.0157604788268,vertical,0.00042034142095748184,1
2017-10-24 09:30:00-04:00,DIA,1,1.0,0.2,547,197.99,198.01969850000003,9.79903072919083,-1.2678622894428222,False,552,197.92,197.890312,vertical,-0.0006534021664518219,6
2017-10-24 09:30:00-04:00,GLD,-1,1.0,0.2,547,121.2,121.17989562022304,16.01256628135584,-2.725824340664979,False,552,121.33,121.3501259438807,vertical,-0.0014047736448887793,6
2017-10-24 09:30:00-04:00,IWM,1,1.0,0.2,547,133.8,133.8258152806239,14.499452938266886,-5.967410845527532,False,552,133.44,133.41425417753027,vertical,-0.003075349118782711,6
2017-10-24 09:30:00-04:00,TLT,-1,1.0,0.2,547,95.43,95.41377311710696,20.336698227047734,0.15360380975316898,False,552,95.39,95.40622008130742,vertical,7.916085437964515e-05,6
2017-10-24 10:30:00-04:00,QQQ,-1,1.0,0.1001429773557243,548,139.35,139.32430959070695,6.972070682087501,0.2693713451821716,False,552,139.26,139.28567381699423,vertical,0.00027730820146332213,5
2017-10-24 10:30:00-04:00,SPY,1,1.0,0.1001429773557243,548,224.54,224.57400780754222,4.3254290364355645,-0.3806921949495566,False,552,224.52,224.48599522156687,vertical,-0.0003919090496473654,5
2017-10-25 09:30:00-04:00,DIA,1,1.0,0.2,554,197.47,197.49962050000002,9.814790239981619,-7.80298376286853,False,555,196.73410763836657,196.7045975222208,lower,-0.0040254405338424615,2
2017-10-25 09:30:00-04:00,IWM,-1,1.0,0.2,554,132.86,132.83439901806543,14.592736234082333,8.5533281272118,False,554,132.2227848164156,132.24826301245224,lower,0.004412531768472672,1
2017-10-25 09:30:00-04:00,SPY,-1,1.0,0.2,554,223.7,223.6662091255156,8.666563247359752,4.58174873294725,False,554,223.10383867988247,223.13753950156251,lower,0.002363654420665773,1
2017-10-25 09:30:00-04:00,TLT,-1,1.0,0.2,554,94.7,94.68390616582332,20.47251139268224,-5.3684402457256235,False,559,94.93,94.94613292163035,vertical,-0.0027694965958395823,6
2017-10-25 10:30:00-04:00,IWM,-1,1.0,0.2,555,132.03,132.0045589519432,14.693453543575341,-11.121540029101624,False,557,132.73588631224632,132.7614633785383,upper,-0.005733926408334478,3
2017-10-25 10:30:00-04:00,QQQ,-1,1.0,0.2,555,138.07,138.04500187485257,14.050511269208538,-10.090900198513165,False,558,138.73807019587417,138.76318927779977,upper,-0.005202559985462374,4
2017-10-25 10:30:00-04:00,SPY,-1,1.0,0.2,555,222.99,222.95631637415613,8.699474794181512,5.100678633793617,False,555,222.3364111800905,222.36999607845217,lower,0.0026297541385641443,1
2017-10-25 11:30:00-04:00,DIA,-1,1.0,0.2,556,196.33,196.3005505,9.884749194547023,-6.711665625103811,False,559,196.95,196.9795425,vertical,-0.003458940885649797,4
2017-10-25 11:30:00-04:00,SPY,-1,1.0,0.2,556,222.34,222.30641455953125,8.728410794122178,-6.627427091925214,False,557,223.03201825971246,223.06570823260037,upper,-0.0034155275032146104,2
2017-10-25 13:30:00-04:00,IWM,-1,1.0,0.19813167859436093,558,132.89,132.86439323732282,14.415603753649133,0.8477480785115602,False,559,132.78,132.80558556662106,vertical,0.0004426142269488009,2
2017-10-25 13:30:00-04:00,SPY,-1,1.0,0.19813167859436093,558,223.47,223.43624386803293,8.57211172512147,-0.15005234023364186,False,559,223.42,223.4537485792459,vertical,-7.834320390442961e-05,2
2017-10-25 14:30:00-04:00,QQQ,-1,1.0,0.2,559,138.76,138.73487694759572,13.924402786541902,0.4145069066151561,False,559,138.68,138.70510856808463,vertical,0.0002145702664394511,1
2017-10-26 09:30:00-04:00,DIA,1,1.0,0.2,561,197.79,197.8196685,9.77022336846447,-3.021925202754461,False,566,197.54,197.510369,vertical,-0.0015635427070792574,6
2017-10-26 09:30:00-04:00,GLD,-1,1.0,0.2,561,121.11,121.09029609307666,15.961166255923454,8.47454751173291,False,563,120.53973707679853,120.5593482051936,lower,0.004384726976593978,3
2017-10-26 10:30:00-04:00,IWM,1,1.0,0.2,562,133.45,133.47593442646553,14.483876069520045,-5.96444410565007,False,566,133.09,133.06413553526943,vertical,-0.0030851920457838355,5
2017-10-26 10:30:00-04:00,SPY,-1,1.0,0.2,562,223.99,223.95597575966835,8.632271971929514,2.088997805894228,False,566,223.68,223.71397715111115,vertical,0.0010805633014985272,5
2017-10-26 12:30:00-04:00,GLD,-1,1.0,0.2,564,120.49,120.47039696354393,16.04610350601954,1.9386895544882385,False,566,120.33,120.34957700536773,vertical,0.001002901635766662,3
2017-10-27 09:30:00-04:00,IWM,-1,1.0,0.2,568,132.87,132.84423739765649,14.554229516525835,-10.91306559981918,False,568,133.56816033528773,133.59405830624033,upper,-0.00564436157166015,1
2017-10-27 09:30:00-04:00,QQQ,1,1.0,0.2,568,141.29,141.31571268681355,13.681744827047465,12.838873563057666,False,573,142.28,142.2541071478531,vertical,0.006640411339956298,6
2017-10-27 09:30:00-04:00,SPY,1,1.0,0.2,568,224.73,224.76420479829034,8.602106028263998,6.48637619065946,False,570,225.5525799302674,225.51824993204562,upper,0.0033548274932477806,3
2017-10-27 09:30:00-04:00,TLT,-1,1.0,0.2,568,95.11,95.09386759820299,20.331968505084486,-2.6895486885109423,False,573,95.21,95.22614936363256,vertical,-0.001391065152471116,6
2017-10-27 10:30:00-04:00,GLD,-1,1.0,0.19932500146091464,569,120.6735,120.65389648162409,15.963300676005206,-4.082489751810817,False,573,120.89,120.90963868899523,vertical,-0.0021196348798406817,5
2017-10-27 10:30:00-04:00,IWM,1,1.0,0.19932500146091464,569,133.67,133.69591771698092,14.406082550291238,4.006339930774565,False,573,134.0,133.97401829823113,vertical,0.0020800977770982776,5
2017-10-30 09:30:00-04:00,IWM,1,1.0,0.2,575,133.5,133.52589774215542,14.488386529315529,-11.503848874485833,False,576,132.75764664535487,132.73189291275574,lower,-0.005946448163433704,2
2017-10-30 09:30:00-04:00,QQQ,1,1.0,0.2,575,143.08,143.10611252399315,13.518463914934848,-7.193680869159187,False,580,142.6,142.57397507742928,vertical,-0.003718481602067447,6
2017-10-30 09:30:00-04:00,TLT,1,1.0,0.2,575,95.5,95.51627825374578,20.253875606657033,9.634728112922009,False,578,96.00834115545798,95.9919762534785,upper,0.004980281983653079,4
2017-10-30 10:30:00-04:00,GLD,-1,1.0,0.2,576,121.0052,120.98534416150352,15.969117379576183,-2.6274333042642817,False,580,121.13,121.1498763170267,vertical,-0.001359934599215018,5
2017-10-30 10:30:00-04:00,SPY,1,1.0,0.2,576,224.96,224.9943557512933,8.587011686013666,-2.478880537919276,False,580,224.74,224.70567784696988,vertical,-0.0012830450939957938,5
2017-10-30 11:30:00-04:00,DIA,-1,1.0,0.19867460492116296,577,197.1,197.070435,9.726650270684111,-0.6724179231880504,False,580,197.11,197.13956650000003,vertical,-0.0003507958969086733,4
2017-10-30 13:30:00-04:00,IWM,-1,1.0,0.2,579,132.24,132.21434668597277,14.60805040516958,-5.424972762118131,False,580,132.56,132.58571539101217,vertical,-0.0028088381809385776,2
2017-10-31 09:30:00-04:00,GLD,1,1.0,0.2,582,120.5785,120.598215888649,16.007877916809797,0.9933148592212405,False,587,120.68,120.66026751500343,vertical,0.0005145318767545426,6
2017-10-31 09:30:00-04:00,IWM,1,1.0,0.2,582,133.28,133.30605692439283,14.481873978355674,3.009844910742557,False,587,133.54,133.51389224427209,vertical,0.0015590838456585043,6
2017-10-31 09:30:00-04:00,TLT,1,1.0,0.2,582,96.25,96.26629651354877,20.053970983072546,-2.2576656641828365,False,587,96.17,96.15371703160534,vertical,-0.0011694589489851248,6
2017-10-31 10:30:00-04:00,QQQ,1,1.0,0.19995096475087987,583,143.06,143.08619428755006,13.492018056269874,0.23744073554048728,False,587,143.13,143.1037928954492,vertical,0.00012299305315077724,5
2017-10-31 10:30:00-04:00,SPY,1,1.0,0.19995096475087987,583,225.13,225.1644377537288,8.57382958068206,-1.6192290300083558,False,587,225.01,224.9755806024674,vertical,-0.0008387521277580801,5
2017-10-31 14:30:00-04:00,DIA,-1,1.0,2.220446049250313e-16,587,197.52,197.490372,1.0865058626596506e-14,1.5295177631004236e-15,False,587,197.32,197.34959800000001,vertical,0.0007128144960909522,1
2017-11-01 09:30:00-04:00,DIA,1,1.0,0.2,589,198.29,198.31974350000002,9.734755723364614,-7.807820677048857,False,591,197.54731944993333,197.51768735201583,lower,-0.004044257691288244,3
2017-11-01 09:30:00-04:00,GLD,1,1.0,0.2,589,121.42,121.43972884861476,15.897550796572363,-5.554720731012607,False,594,121.11,121.09032152153075,vertical,-0.002877207734213405,6
2017-11-01 09:30:00-04:00,SPY,1,1.0,0.2,589,225.8,225.83450494452413,8.548712512142796,-7.084749247363743,False,591,225.0401433348439,225.00575450551938,lower,-0.0036697246030155117,3
2017-11-01 09:30:00-04:00,TLT,1,1.0,0.2,589,96.56,96.57631234096988,19.990349717192768,-0.052569621823286256,False,594,96.59,96.57368259098716,vertical,-2.722976182223391e-05,6
2017-11-01 10:30:00-04:00,IWM,-1,1.0,0.2,590,132.91,132.8839484944287,14.524554289691523,11.544379068868663,False,591,132.0632448309088,132.08913036516864,lower,0.005981295244951057,2
2017-11-01 12:30:00-04:00,IWM,-1,1.0,0.2,592,132.34,132.31406021934163,14.58953168255504,-5.718311564723027,False,594,132.68,132.70600642358892,vertical,-0.0029622415304733085,3
2017-11-01 12:30:00-04:00,SPY,1,1.0,0.2,592,225.23,225.26441784169694,8.569485549973347,0.5239764897258503,False,594,225.36,225.32556229274599,vertical,0.00027143412898888997,3
2017-11-02 09:30:00-04:00,DIA,1,1.0,0.2,596,197.46,197.48961900000003,9.761344948648421,6.417106798923892,False,598,198.1767453714237,198.147018859618,upper,0.003328781851657414,3
2017-11-02 09:30:00-04:00,GLD,1,1.0,0.2,596,121.78,121.7999616338368,15.827298046542296,-10.352923615442787,False,597,121.16570438099406,121.14584343975221,lower,-0.005370430214510558,2
2017-11-02 09:30:00-04:00,QQQ,1,1.0,0.2,596,142.44,142.46598203397548,13.53140074081977,4.437847730191932,False,601,142.82,142.7939486514155,vertical,0.0023020696783726535,6
2017-11-02 09:30:00-04:00,SPY,-1,1.0,0.2,596,224.6,224.5655489544745,8.5844169054932,-7.281696782257573,False,601,225.37922432434544,225.41379489388106,upper,-0.003777275469704966,6
2017-11-02 09:30:00-04:00,TLT,1,1.0,0.2,596,96.99,97.00642113882374,19.87254320079875,-0.25527600877638945,False,601,97.01,96.99357547502535,vertical,-0.0001324207577970693,6
2017-11-02 11:30:00-04:00,GLD,1,1.0,0.09894741448461475,598,121.12,121.13985344958378,7.863411691953559,0.3167381253641353,False,601,121.2,121.18013343717342,vertical,0.00033250814197494094,4
2017-11-02 11:30:00-04:00,IWM,1,1.0,0.09894741448461475,598,133.43,133.45660734229094,7.137694857878632,-3.0916133606179708,False,601,133.05,133.02346843369702,vertical,-0.003245541132954166,4
2017-11-03 09:30:00-04:00,QQQ,-1,1.0,0.2,603,143.03,143.0037016345504,13.466800575100258,-14.340260502350842,False,606,144.04207742312857,144.06856187528683,upper,-0.007446382356295356,4
2017-11-03 09:30:00-04:00,TLT,1,1.0,0.2,603,97.13,97.14642368215135,19.82370794950278,2.7183039571606726,False,608,97.3,97.28354757260036,vertical,0.0014115176375164573,6
2017-11-03 10:30:00-04:00,GLD,-1,1.0,0.2,604,120.35,120.3301682505331,15.992625536533152,-5.112996528027958,False,608,120.63,120.6498778889754,vertical,-0.0026569366858744115,5
2017-11-03 10:30:00-04:00,SPY,1,1.0,0.2,604,225.64,225.6750190678155,8.527285516703666,3.9215247290832536,False,608,226.17,226.1348986767956,vertical,0.00203779581311081,5
2017-11-06 09:30:00-05:00,DIA,1,1.0,0.2,610,198.86,198.88982900000002,9.669874298825011,-0.9636223136267061,False,615,198.82,198.790177,vertical,-0.0005010412070897141,6
2017-11-06 09:30:00-05:00,GLD,-1,1.0,0.2,610,120.8,120.78007999906484,15.923483787721391,-10.400717485592388,False,611,121.41322734294386,121.43324846547873,upper,-0.005407915497480653,2
2017-11-06 09:30:00-05:00,IWM,1,1.0,0.2,610,133.38,133.40734216348304,14.416295344434506,-4.535813829963182,False,615,133.12,133.09271113508126,vertical,-0.0023584236317084617,6
2017-11-06 09:30:00-05:00,QQQ,1,1.0,0.2,610,144.57,144.59655074296072,13.300729760584758,0.4905573193851538,False,615,144.66,144.6334327282514,vertical,0.0002550682232818069,6
2017-11-06 11:30:00-05:00,GLD,-1,1.0,0.2,612,121.74,121.71992499243504,15.770324206822211,0.7863844714387005,False,615,121.65,121.67006016650467,vertical,0.00040966855618318476,4
2017-11-06 12:30:00-05:00,TLT,1,1.0,0.1999178432457589,613,97.63,97.64658009671645,19.65934282179649,-0.0622274860130051,False,615,97.66,97.64341480850834,vertical,-3.2415761053505854e-05,3
2017-11-07 09:30:00-05:00,GLD,-1,1.0,0.2,617,121.0234,121.00371502549915,15.869781828394787,-3.4278518276081833,False,622,121.2,121.21971369924745,vertical,-0.0017850582000955573,6
2017-11-07 09:30:00-05:00,IWM,-1,1.0,0.2,617,132.38,132.35283546868436,14.508964247572052,10.561380932934233,False,618,131.5979103425216,131.62491438812194,lower,0.00549985255687746,2
2017-11-07 10:30:00-05:00,TLT,1,1.0,0.2,618,97.95,97.96650969479778,19.60931543089759,1.1170532953502401,False,622,98.04,98.02347513549797,vertical,0.0005814787204083682,5
2017-11-07 11:30:00-05:00,DIA,1,1.0,0.19999488541044474,619,198.42,198.44976300000002,9.688924261701837,3.5888695913145114,False,622,198.85,198.82017249999998,vertical,0.001866515204656416,4
2017-11-07 11:30:00-05:00,IWM,-1,1.0,0.19999488541044474,619,131.45,131.42302630577547,14.63034886280946,-1.9599371954518638,False,622,131.53,131.55699011031837,vertical,-0.0010193328240000188,4
2017-11-07 11:30:00-05:00,SPY,1,1.0,0.19999488541044474,619,226.11,226.14489140528758,8.502357543924262,1.8719847981108508,False,622,226.4,226.3650638443364,vertical,0.0009735901513434619,4
2017-11-08 09:30:00-05:00,GLD,1,1.0,0.2,624,121.93,121.94997083276922,15.765914863853503,-5.2010833452226555,False,629,121.64,121.62007666613592,vertical,-0.0027051598649883157,6
2017-11-08 09:30:00-05:00,IWM,-1,1.0,0.2,624,130.8,130.77251496485476,14.702270261572718,-13.097626302373044,False,626,131.6357117243341,131.66337236778296,upper,-0.006812267877295275,3
2017-11-08 10:30:00-05:00,QQQ,1,1.0,0.2,625,144.96,144.98668114205333,13.266787228867727,4.465148621854678,False,629,145.35,145.3232470750728,vertical,0.0023213575920792984,5
2017-11-08 11:30:00-05:00,SPY,1,1.0,0.19916173774679574,626,226.52,226.55516197657596,8.445807010861731,1.601626422189321,False,629,226.78,226.74479766445393,vertical,0.0008370398018013869,4
2017-11-08 11:30:00-05:00,TLT,1,1.0,0.19916173774679574,626,97.8,97.81673365010086,19.561491208786723,0.12765547026703092,False,629,97.84,97.82325950587047,vertical,6.671512660560985e-05,4
2017-11-08 12:30:00-05:00,DIA,1,1.0,0.2,627,199.0,199.02985,9.6497822180401,-1.5409254734876956,False,629,198.9,198.87016500000001,vertical,-0.000802316838403816,3
2017-11-09 09:30:00-05:00,DIA,-1,1.0,0.2,631,198.48,198.45022799999998,9.674586097615888,4.972552482169868,False,631,197.90656111453146,197.93624709869866,lower,0.0025899738512839,1
2017-11-09 09:30:00-05:00,QQQ,-1,1.0,0.2,631,144.5,144.47353474496265,13.289103919736727,10.159218647064623,False,632,143.68274184388724,143.70905741764065,lower,0.005291469670701376,2
2017-11-09 09:30:00-05:00,SPY,-1,1.0,0.2,631,225.89,225.85510392477752,8.500688200152192,5.358384415995059,False,632,225.18996886148128,225.2247567940712,lower,0.0027909359574015413,2
2017-11-09 09:30:00-05:00,TLT,-1,1.0,0.2,631,97.44,97.42330576882274,19.707028022979635,-3.2203399346036212,False,636,97.57,97.58671650385841,vertical,-0.0016773269367744703,6
2017-11-09 10:30:00-05:00,DIA,-1,1.0,0.2,632,198.05,198.0202925,9.707597081376907,5.187117903064804,False,632,197.4563381204643,197.48595657118238,lower,0.0026983897562803394,1
2017-11-09 10:30:00-05:00,IWM,-1,1.0,0.2,632,130.93,130.90236955260613,14.68499936323827,11.308768544611752,False,632,130.10482342212453,130.13227973068066,lower,0.005882932635653981,1
2017-11-09 11:30:00-05:00,DIA,-1,1.0,0.1600864571786108,633,197.15,197.1204275,7.823941671812921,-5.783685005146395,False,634,197.8299820572718,197.8596565545804,upper,-0.0037501392623571217,2
2017-11-09 11:30:00-05:00,GLD,1,1.0,0.1600864571786108,633,122.18,122.20008857246363,12.620766032982711,-1.011813984152655,False,636,122.14,122.11991800425022,vertical,-0.0006560598208229518,4
2017-11-09 11:30:00-05:00,IWM,-1,1.0,0.1600864571786108,633,130.13,130.102538378375,11.85417860639662,-10.92131076319473,False,633,130.9961986861055,131.02384310355447,upper,-0.007081373942913194,1
2017-11-09 11:30:00-05:00,QQQ,-1,1.0,0.1600864571786108,633,143.42,143.39373254756083,10.755412385763035,-9.879594696372756,False,635,144.28587609487028,144.31230213299582,upper,-0.006405925622518627,3
2017-11-09 11:30:00-05:00,SPY,-1,1.0,0.1600864571786108,633,224.61,224.57530166250956,6.8674458663336235,-6.043019895554914,False,634,225.4204297157227,225.45525325050528,upper,-0.003918291911361171,2
2017-11-09 12:30:00-05:00,IWM,-1,1.0,0.15608807634642097,634,131.04,131.0123463390629,11.446543415965943,-2.4649111019067473,False,636,131.2,131.22768742609085,vertical,-0.0016436701810578214,3
2017-11-09 14:30:00-05:00,DIA,-1,1.0,0.2,636,198.14,198.110279,9.695149920963466,-1.7398916048161612,False,636,198.26,198.289739,vertical,-0.0009058591048676234,1
2017-11-09 14:30:00-05:00,SPY,-1,1.0,0.2,636,225.8,225.76511782821183,8.507553665798794,-1.954942766508704,False,636,225.96,225.99490688900468,vertical,-0.0010178235814430892,1
2017-11-10 09:30:00-05:00,TLT,-1,1.0,0.2,638,96.51,96.49338952748718,19.884441128260562,7.294565461423624,False,643,96.11,96.12654162794746,vertical,0.003801793069308834,6
2017-11-10 10:30:00-05:00,DIA,-1,1.0,0.2,639,197.84,197.810324,9.703670531677918,-2.4199062090251138,False,643,198.03,198.0597045,vertical,-0.0012607051793718238,5
2017-11-10 10:30:00-05:00,GLD,1,1.0,0.2,639,121.25,121.27011143948607,15.828188735674471,-2.3774672886835213,False,643,121.14,121.11990680594357,vertical,-0.001238595658563879,5
2017-11-10 10:30:00-05:00,SPY,-1,1.0,0.2,639,225.42,225.38456477323166,8.516493637404729,-4.3514140226625635,False,643,225.86,225.89550439321224,vertical,-0.0022669681062439384,5
2017-11-13 09:30:00-05:00,IWM,-1,1.0,0.2,645,130.91,130.88135690317017,14.65713929244401,-4.504738288320746,False,650,131.16,131.18869779680847,vertical,-0.0023482404286629954,6
2017-11-13 09:30:00-05:00,QQQ,-1,1.0,0.2,645,144.73,144.70290783139072,13.257137037972448,-1.1161177435008112,False,650,144.76,144.7870977843424,vertical,-0.0005818124474028519,6
2017-11-13 10:30:00-05:00,GLD,-1,1.0,0.2,646,121.47,121.44971103010273,15.791963900559013,1.7283848812469882,False,650,121.32,121.34026391560003,vertical,0.0009011722924195942,5
2017-11-13 10:30:00-05:00,TLT,-1,1.0,0.2,646,96.46,96.44340079173838,19.886580487371216,2.3232974147661856,False,650,96.31,96.32657339568397,vertical,0.0012113570767449122,5
2017-11-13 13:30:00-05:00,DIA,1,1.0,0.19886901547330582,649,198.25,198.279957618106,9.613721829627766,-1.152744560129638,False,650,198.19,198.16005144851235,vertical,-0.0006047316684655302,2
2017-11-14 09:30:00-05:00,DIA,-1,1.0,0.2,652,197.09,197.06021885266222,9.732060110460734,-7.762606766019318,False,652,197.82795862775086,197.85785128381372,upper,-0.004047658303616641,1
2017-11-14 09:30:00-05:00,IWM,-1,1.0,0.2,652,130.56,130.53109959017152,14.692298626733235,-4.52311462186294,False,657,130.81,130.8389557491549,vertical,-0.0023584889727426006,6
2017-11-14 09:30:00-05:00,QQQ,-1,1.0,0.2,652,143.97,143.9430550332843,13.323337446264414,-4.182709827977289,False,657,144.23,144.25699362748767,vertical,-0.0021809916020663067,6
2017-11-14 09:30:00-05:00,SPY,-1,1.0,0.2,652,224.98,224.94434829503274,8.525672726568368,-5.638853553867986,False,657,225.57,225.6057451999709,vertical,-0.0029402690485500482,6
2017-11-14 09:30:00-05:00,TLT,-1,1.0,0.2,652,96.86,96.84329799117542,19.803145236022537,-2.0479638117212655,False,657,96.93,96.94671407924187,vertical,-0.0010678703659583455,6
2017-11-14 10:30:00-05:00,DIA,-1,1.0,0.19780959495164485,653,197.68,197.65012970112267,9.580771144205972,-2.68044913989792,False,657,197.9,197.9299035418243,vertical,-0.0014155004154294826,5
2017-11-14 12:30:00-05:00,GLD,1,1.0,0.0008828849752636758,655,121.84,121.86035334555872,0.06938788783250181,-0.0215561513995318,False,657,121.57,121.54969175788268,vertical,-0.0025493245271913656,3
2017-11-15 09:30:00-05:00,DIA,-1,1.0,0.2,659,196.83,196.80016249309858,9.717626348744364,-0.19113550864978723,False,664,196.79,196.8198314432918,vertical,-9.994377008659683e-05,6
2017-11-15 09:30:00-05:00,IWM,-1,1.0,0.2,659,130.11,130.08083837929905,14.701861306457028,-3.2102852367753214,False,664,130.27,130.2991974815826,vertical,-0.0016786415663070375,6
2017-11-15 09:30:00-05:00,QQQ,-1,1.0,0.2,659,143.4,143.37294037706673,13.338852083597294,-2.589680293546522,False,664,143.54,143.56708604097517,vertical,-0.0013541304474737892,6
2017-11-15 09:30:00-05:00,SPY,-1,1.0,0.2,659,224.32,224.28417012703102,8.526818648845955,-1.3785659128160104,False,664,224.41,224.44584424836378,vertical,-0.0007208449942819328,6
2017-11-15 09:30:00-05:00,TLT,1,1.0,0.2,659,97.58,97.59677426624576,19.595221859105326,7.963024553238706,False,664,98.02,98.0031500965627,vertical,0.0041638244027240034,6
2017-11-16 09:30:00-05:00,DIA,-1,1.0,0.2,666,198.22,198.18967427398815,9.650094653046283,-2.901669298483545,False,671,198.46,198.49036244367025,vertical,-0.001517173741687472,6
2017-11-16 09:30:00-05:00,IWM,1,1.0,0.2,666,131.75,131.77997201782202,14.513200198143487,13.435333644455273,False,668,132.7359003058033,132.7057040039469,upper,0.007024830647252456,3
2017-11-16 09:30:00-05:00,QQQ,-1,1.0,0.2,666,144.86,144.83229900953535,13.205266567469739,-7.731727557776201,False,671,145.39,145.41780234021576,vertical,-0.004042629542474252,6
2017-11-16 09:30:00-05:00,SPY,-1,1.0,0.2,666,225.81,225.7734122520229,8.471099838210739,-4.940837856589954,False,671,226.32,226.35667038272078,vertical,-0.0025833782856894416,6
2017-11-16 09:30:00-05:00,TLT,1,1.0,0.2,666,97.53,97.54690597570446,19.606455959523174,-8.112094329666633,False,671,97.15,97.13315989398455,vertical,-0.00424150902154663,6
2017-11-17 09:30:00-05:00,DIA,1,1.0,0.2,673,197.94,197.9703384924903,9.650430117303946,-3.769712828244535,False,678,197.61,197.579712086991,vertical,-0.0019731562236738887,6
2017-11-17 09:30:00-05:00,GLD,1,1.0,0.2,673,122.08,122.10048218406446,15.646939985386293,7.918705690699045,False,675,122.62714270415113,122.60656872226905,upper,0.0041448365244101115,3
2017-11-17 09:30:00-05:00,TLT,1,1.0,0.2,673,97.61,97.62696368934319,19.569377605557268,4.227556473797355,False,678,97.86,97.84299286303529,vertical,0.0022128023399305974,6
2017-11-17 10:30:00-05:00,SPY,1,1.0,0.2,674,225.92,225.9567079566187,8.459014292757402,-2.5662834258865623,False,678,225.69,225.6533294142649,vertical,-0.0013426401238418872,5
2017-11-17 11:30:00-05:00,IWM,1,1.0,0.1997163132707136,675,132.98,133.01040829763647,14.3569727823026,-3.743880162873684,False,678,132.78,132.7496374360041,vertical,-0.0019605297432728763,4
2017-11-17 12:30:00-05:00,GLD,1,1.0,0.2,676,123.08,123.10064996080156,15.53719396418785,-4.214639945084,False,678,122.85,122.82938862784798,vertical,-0.002203573523291369,3
2017-11-17 13:30:00-05:00,QQQ,1,1.0,0.0006050557769794462,677,145.02,145.04766179627458,0.03984171120960586,-0.010171008920299948,False,678,144.82,144.79237635266523,vertical,-0.001760010747142604,2
2017-11-20 09:30:00-05:00,DIA,1,1.0,0.2,680,198.21,198.24033771487035,9.635108847659135,-0.19926900541583675,False,685,198.25,198.21965616279175,vertical,-0.00010432564995099813,6
2017-11-20 09:30:00-05:00,GLD,1,1.0,0.2,680,122.12,122.14047404547189,15.638282451469607,-10.720779513684992,False,681,121.47529288137433,121.45492692436349,lower,-0.005612775998013353,2
2017-11-20 11:30:00-05:00,GLD,-1,1.0,0.2,682,121.37,121.34965169588175,15.72410881039675,0.46095425653729843,False,685,121.3,121.32033656825858,vertical,0.00024157570469696132,4
2017-11-20 12:30:00-05:00,IWM,1,1.0,0.2,683,133.41,133.44051091619926,14.305203111814375,4.132746320589556,False,685,133.76,133.72940903867166,vertical,0.002164995626057209,3
2017-11-21 09:30:00-05:00,DIA,1,1.0,0.16666666666666669,687,199.56,199.59052151295006,7.9696585281282095,-0.24743888345755866,False,692,199.59,199.55947389872867,vertical,-0.00015555655642385258,6
2017-11-21 09:30:00-05:00,GLD,1,1.0,0.16666666666666669,687,121.76,121.78063075927108,13.06175121603353,-3.5426414438570886,False,692,121.53,121.50940821144698,vertical,-0.0022271402778347715,6
2017-11-21 09:30:00-05:00,IWM,1,1.0,0.16666666666666669,687,135.11,135.1411937815079,11.770417719418571,-0.14594266711452034,False,692,135.16,135.1287946746458,vertical,-9.174927729393989e-05,6
2017-11-21 09:30:00-05:00,QQQ,1,1.0,0.16666666666666669,687,146.23,146.25788228475872,10.875778296941744,-0.06279786655244216,False,692,146.28,146.25210818153246,vertical,-3.9478919946489555e-05,6
2017-11-21 09:30:00-05:00,SPY,1,1.0,0.16666666666666669,687,227.51,227.54725195626403,6.990496647329213,-0.5907128711380053,False,692,227.5,227.46274968111257,vertical,-0.0003713614399866172,6
2017-11-21 09:30:00-05:00,TLT,1,1.0,0.16666666666666669,687,98.23,98.24706435705512,16.190491922774825,-2.009451810435175,False,692,98.14,98.12295127759961,vertical,-0.0012632751957295518,6
2017-11-22 09:30:00-05:00,GLD,-1,1.0,0.2,694,122.47,122.44920899143021,15.577741831848611,-3.140615747539627,False,699,122.63,122.65081817082479,vertical,-0.0016464718805058176,6
2017-11-22 09:30:00-05:00,IWM,1,1.0,0.2,694,135.26,135.2913755768573,14.099066973407773,-4.972513699321655,False,699,134.97,134.93869169297332,vertical,-0.0026068467585623756,6
2017-11-22 10:30:00-05:00,DIA,1,1.0,0.2,695,199.2,199.23038814361863,9.572743618829554,-1.4432113117436562,False,699,199.11,199.07962558596432,vertical,-0.0007567247098149155,5
2017-11-22 11:30:00-05:00,TLT,1,1.0,0.2,696,98.34,98.35713614550988,19.382164489711755,1.2736075248766106,False,699,98.44,98.42284642908284,vertical,0.0006680784551895691,4
2017-11-24 09:30:00-05:00,GLD,1,1.0,0.2,701,122.31,122.33082799537951,15.579275067179415,-0.49320391728421903,False,703,122.32,122.29917030173475,vertical,-0.0002587875367437986,3
2017-11-24 09:30:00-05:00,QQQ,1,1.0,0.2,701,146.72,146.74788684330383,12.987073678075204,2.9113524913516944,False,703,147.0,146.97205993752956,vertical,0.0015276069662597536,3
2017-11-24 09:30:00-05:00,TLT,1,1.0,0.2,701,98.16,98.17713717000184,19.412112366199217,-0.08307563979675923,False,703,98.19,98.17285759247676,vertical,-4.359036786405479e-05,3
2017-11-24 10:30:00-05:00,DIA,1,1.0,0.19997476715091556,702,199.64,199.67022556471449,9.544866357243327,-2.8674190542299045,False,703,199.4,199.36981077136812,vertical,-0.00150455478525513,2
2017-11-24 10:30:00-05:00,SPY,1,1.0,0.19997476715091556,702,227.88,227.91722664824078,8.361920011764676,-1.0406002099022271,False,703,227.83,227.79278151979682,vertical,-0.0005460101909542381,2
2017-11-27 09:30:00-05:00,DIA,1,1.0,0.2,705,199.96,199.98999400000002,9.52803183378193,-3.8106124675074593,False,710,199.62,199.590057,vertical,-0.001999785049246139,6
2017-11-27 09:30:00-05:00,GLD,1,1.0,0.2,705,122.86,122.88081602905113,15.506985474602983,-0.8006313017079594,False,710,122.85,122.8291856652374,vertical,-0.000420166186083315,6
2017-11-27 09:30:00-05:00,QQQ,1,1.0,0.2,705,147.2,147.22768748018984,12.94261332146681,-4.081143211218928,False,710,146.94,146.91236142432678,vertical,-0.00214175785315851,6
2017-11-27 10:30:00-05:00,IWM,-1,1.0,0.2,706,134.78,134.74898639217187,14.131376772866094,1.8090494564340096,False,710,134.59,134.6209698877993,vertical,0.000950036863357151,5
2017-11-27 10:30:00-05:00,TLT,1,1.0,0.2,706,98.24,98.25703500977933,19.379667789487712,-4.535527124001062,False,710,98.04,98.02299967061519,vertical,-0.0023818685261655093,5
2017-11-28 09:30:00-05:00,DIA,1,1.0,0.2,712,200.24,200.27003600000003,9.503305109208934,6.939177303052506,False,714,201.03037623639733,201.00022167996187,upper,0.003646005635919769,3
2017-11-28 09:30:00-05:00,QQQ,1,1.0,0.2,712,147.11,147.1375317316043,12.935022315121895,2.262251223635798,False,717,147.34,147.31242522374703,vertical,0.0011886395679230333,6
2017-11-28 09:30:00-05:00,SPY,1,1.0,0.2,712,228.36,228.39687414954915,8.332982942201157,6.144900305344019,False,713,229.17129834535118,229.13429319240163,upper,0.0032286739719986635,2
2017-11-28 10:30:00-05:00,IWM,1,1.0,0.2,713,135.57,135.60136082463663,14.038405870675115,10.657315235238366,False,716,136.39206604684244,136.3605150572052,upper,0.005598426357610986,4
2017-11-28 11:30:00-05:00,SPY,1,1.0,0.2,714,229.16,229.19700332856314,8.31584534295718,6.225239734924228,False,716,229.982739256749,229.9456030773784,upper,0.0032661847142132494,3
2017-11-28 11:30:00-05:00,TLT,-1,1.0,0.2,714,98.45,98.432947830459,19.36309817757782,4.9559054111740455,False,717,98.16,98.17700193968658,vertical,0.0026002054841764988,4
2017-11-28 14:30:00-05:00,DIA,1,1.0,0.2,717,201.65,201.68024750000004,9.473574464225052,0.7529975927140002,False,717,201.79,201.7597315,vertical,0.00039410899671743493,1
2017-11-28 14:30:00-05:00,IWM,1,1.0,0.2,717,136.58,136.61159446358985,13.985876163416105,1.6331228463233314,False,717,136.76,136.72836389778485,vertical,0.0008547549324309234,1
2017-11-28 14:30:00-05:00,SPY,1,1.0,0.2,717,229.83,229.8671115159874,8.311901733370426,1.0451773677293537,False,717,230.03,229.99285618925913,vertical,0.0005470320327358724,1
2017-11-29 09:30:00-05:00,DIA,1,1.0,0.2,719,202.59,202.62038850000002,9.433159653349911,0.7471251108644394,False,724,202.73,202.6995905,vertical,0.0003908886000383305,6
2017-11-29 09:30:00-05:00,GLD,-1,1.0,0.2,719,122.15,122.12933117859053,15.65021649835537,0.918343405193603,False,724,122.05,122.0706519005569,vertical,0.0004804683483268235,6
2017-11-29 09:30:00-05:00,IWM,1,1.0,0.2,719,137.38,137.41194853992604,13.909638092272068,-3.2528738207737447,False,724,137.21,137.17809099458984,vertical,-0.0017018719829029472,6
2017-11-29 09:30:00-05:00,QQQ,-1,1.0,0.2,719,145.29,145.26316312377386,13.15784699053873,13.528862721110777,False,720,144.20832874788374,144.23496582593032,lower,0.007078169549202595,2
2017-11-29 09:30:00-05:00,TLT,-1,1.0,0.2,719,97.1,97.08311831572831,19.68777380561981,-3.0276691664727906,False,724,97.22,97.23690254732125,vertical,-0.001584047095529062,6
2017-11-29 14:30:00-05:00,QQQ,-1,1.0,0.2,724,144.62,144.5932868811355,13.232240755022373,-2.6921515775197182,False,724,144.77,144.79674082573652,vertical,-0.001407077389203204,1
2017-11-30 09:30:00-05:00,DIA,1,1.0,0.2,726,204.08,204.110744193238,9.3703778732395,8.449440855424902,False,727,205.04335177581933,205.0124624558019,upper,0.004417789304174136,2
2017-11-30 09:30:00-05:00,GLD,-1,1.0,0.2,726,121.56,121.53939092461118,15.736419168540305,9.022195187587435,False,727,120.94555386169056,120.96605876492747,lower,0.004717253849324865,2
2017-11-30 09:30:00-05:00,QQQ,-1,1.0,0.2,726,145.57,145.54248593421602,13.141144242535763,-5.980583830084938,False,731,145.97,145.99758966945444,vertical,-0.003126947655986312,6
2017-11-30 09:30:00-05:00,SPY,1,1.0,0.2,726,231.11,231.14741202268695,8.274350918932395,6.682054806459819,False,727,231.99252932346945,231.95497443718048,upper,0.00349371168565904,2
2017-11-30 11:30:00-05:00,DIA,1,1.0,0.15990742662278745,728,205.2,205.23091291872026,7.463877222075092,2.299758078319313,False,731,205.57,205.53903134161146,vertical,0.0015013255971492168,4
2017-11-30 11:30:00-05:00,GLD,-1,1.0,0.15990742662278745,728,120.906,120.88550180265746,12.671646420431523,-2.7247321044248576,False,731,121.08,121.10052769700624,vertical,-0.0017787566841540592,4
2017-11-30 11:30:00-05:00,IWM,1,1.0,0.15990742662278745,728,137.75,137.78233965076961,11.117668201036071,-4.720503929754591,False,731,137.39,137.357744866648,vertical,-0.003081634302319225,4
2017-11-30 11:30:00-05:00,SPY,1,1.0,0.15990742662278745,728,232.21,232.2475900903818,6.595626398549876,-3.1336838650432974,False,731,231.81,231.77247466150726,vertical,-0.0020457281330223953,4
2017-11-30 11:30:00-05:00,TLT,-1,1.0,0.15990742662278745,728,96.92,96.90320739238044,15.807715527898623,7.954010573804197,False,728,96.3833350895241,96.40003471320574,lower,0.0051925286346534705,1
2017-11-30 12:30:00-05:00,TLT,-1,1.0,0.16051303358968871,729,96.45,96.43328882578511,15.964662448792284,-9.453701349754455,False,730,97.00864504567357,97.02545301216098,upper,-0.006140661524524527,2
2017-11-30 14:30:00-05:00,TLT,-1,1.0,0.16012920562512578,731,96.92,96.90320739238044,15.818524785543879,-0.05663059337748171,False,731,96.89,96.90678740974269,vertical,-3.694426075862012e-05,1
2017-12-01 09:30:00-05:00,TLT,-1,1.0,0.2,733,97.43,97.41296262471161,19.651002025463377,-12.486528434182075,False,733,98.03123445039235,98.04837696226052,upper,-0.006522893056819079,1
2017-12-01 10:30:00-05:00,DIA,1,1.0,0.16666666666666669,734,203.41,203.44098849787125,7.8309564289931854,10.233451973754484,False,734,204.77898020405814,204.74778314888812,upper,0.006423458029110707,1
2017-12-01 10:30:00-05:00,GLD,-1,1.0,0.16666666666666669,734,122.4,122.37918143110855,13.018043577084763,10.547706442126977,False,735,121.54827027902743,121.56894398032188,lower,0.0066207131091392535,2
2017-12-01 10:30:00-05:00,IWM,-1,1.0,0.16666666666666669,734,134.25,134.21814176886528,11.86976287856561,-18.22822392860659,False,734,135.7216199146331,135.75382736891405,upper,-0.011441714061973363,1
2017-12-01 10:30:00-05:00,QQQ,-1,1.0,0.16666666666666669,734,143.94,143.91211729628907,11.07021108943975,-14.527336875334075,False,736,145.19628210142898,145.22440816029908,upper,-0.00911869610887761,3
2017-12-01 10:30:00-05:00,SPY,-1,1.0,0.16666666666666669,734,229.02,228.9826895603751,6.957458312053219,-10.972811000983741,False,734,230.52226363055308,230.55981880913743,upper,-0.006887547926833548,1
2017-12-01 10:30:00-05:00,TLT,1,1.0,0.16666666666666669,734,98.93,98.94729967707362,16.100869068661083,-14.400428881161321,False,736,98.07006068049331,98.0529113791655,lower,-0.009039036950245882,3
2017-12-01 11:30:00-05:00,DIA,1,1.0,0.16629890715952778,735,204.69,204.7211834994802,7.740875150026461,4.39323324336467,False,738,205.32,205.28872052316538,vertical,0.002772243760922999,4
2017-12-01 11:30:00-05:00,IWM,-1,1.0,0.16629890715952778,735,135.27,135.23789971750026,11.718025238083944,-18.552302211443834,False,738,136.78866675295703,136.8211274230652,upper,-0.011706982353853146,4
2017-12-01 11:30:00-05:00,SPY,1,1.0,0.16629890715952778,735,230.44,230.477541776732,6.875815794539682,6.220941036177048,False,738,231.42,231.38229856808138,vertical,0.003925574632455131,4
2017-12-01 12:30:00-05:00,GLD,-1,1.0,0.16432285743493713,736,121.47,121.44933961141139,12.882272458845746,-2.078441136709405,False,738,121.59,121.61068079895026,vertical,-0.0013284649225355771,3
2017-12-04 09:30:00-05:00,DIA,1,1.0,0.2,740,207.84,207.87289691535167,9.15122753431696,-16.02707781426135,False,745,206.15416875012843,206.12153866814822,lower,-0.008425139944610582,6
2017-12-04 09:30:00-05:00,GLD,-1,1.0,0.2,740,120.98,120.95928477448739,15.726714831660669,-3.797446427352481,False,745,121.18,121.20074947121525,vertical,-0.0019962477223476327,6
2017-12-04 09:30:00-05:00,IWM,1,1.0,0.2,740,138.17,138.20320646881606,13.76445761639566,-22.67830909176792,False,745,136.5884336582453,136.55560728810048,lower,-0.011921569859432712,6
2017-12-04 09:30:00-05:00,SPY,1,1.0,0.2,740,233.13,233.16890640062053,8.158429900689944,-14.182292033051308,False,745,231.46917516135989,231.43054593105862,lower,-0.007455369999356365,6
2017-12-04 10:30:00-05:00,QQQ,-1,1.0,0.2,741,144.56,144.53143356670705,13.141032612405795,10.684172719870588,False,745,143.69,143.71839451300406,vertical,0.005625344145830713,5
2017-12-05 09:30:00-05:00,GLD,-1,1.0,0.2,747,120.17,120.149453840174,15.756143093908074,-2.6961052801624126,False,752,120.3,120.32056838667776,vertical,-0.0014241808101049802,6
2017-12-05 09:30:00-05:00,QQQ,-1,1.0,0.2,747,144.66,144.63050001321,13.089161602758592,11.40314248110634,False,752,143.73,143.75931033527806,vertical,0.0060235543530055,6
2017-12-05 09:30:00-05:00,TLT,1,1.0,0.2,747,98.45,98.46779289308486,19.22549426304478,4.698011169854573,False,752,98.73,98.71215650244523,vertical,0.002481660268608632,6
2017-12-05 11:30:00-05:00,DIA,-1,1.0,0.19996788075611371,749,205.51,205.47701649271175,9.213931595254158,5.013584780043299,False,752,204.9,204.9328856048044,vertical,0.0026481350430093142,4
2017-12-05 11:30:00-05:00,IWM,-1,1.0,0.19996788075611371,749,136.02,135.98720274021466,13.922274568567746,13.151662922964556,False,752,135.01,135.0425537277137,vertical,0.006946602279227498,4
2017-12-05 13:30:00-05:00,SPY,1,1.0,0.0018724401900942489,751,230.97,231.00924893106136,0.07684863356382138,-0.054438865445683375,False,752,230.34,230.30085812538135,vertical,-0.0030665040856932,2
2017-12-06 09:30:00-05:00,DIA,-1,1.0,0.2,754,204.73,204.69665889858527,9.279072599535644,0.5877268842316585,False,759,204.6,204.63331993039344,vertical,0.0003094284417373139,6
2017-12-06 09:30:00-05:00,TLT,1,1.0,0.2,754,99.43,99.44792719560014,19.099394148924915,-7.368379836605439,False,759,99.08,99.06213590928229,vertical,-0.003879329586820468,6
2017-12-06 14:30:00-05:00,QQQ,-1,1.0,0.2,759,144.45,144.42003660424388,13.142703088294192,0.1325800225069679,False,759,144.38,144.409948875592,vertical,6.984992449166061e-05,1
2017-12-07 09:30:00-05:00,GLD,-1,1.0,0.2,761,119.06,119.0394546161944,15.944844088341162,12.640174509698994,False,765,118.22630940861139,118.24671092803621,lower,0.006659503697443392,5
2017-12-07 09:30:00-05:00,IWM,-1,1.0,0.2,761,135.45,135.4165192770446,14.016499274606135,0.8840302480241508,False,766,135.32,135.35344858937114,vertical,0.0004657532774450246,6
2017-12-07 10:30:00-05:00,QQQ,1,1.0,0.2,762,145.08,145.1103610507416,13.074939866109675,-2.8854904108932193,False,766,144.92,144.8896724326339,vertical,-0.0015208329474870608,5
2017-12-07 10:30:00-05:00,SPY,-1,1.0,0.2,762,230.98,230.93971886489211,8.21560385547149,-1.4014009912124668,False,766,231.07,231.1102968304155,vertical,-0.0007386255008960951,5
2017-12-07 11:30:00-05:00,DIA,-1,1.0,0.1999675084660828,763,205.45,205.41611345584607,9.237185271677683,1.591257547502653,False,766,205.21,205.24384695899647,vertical,0.000838622121465793,4
2017-12-07 12:30:00-05:00,TLT,1,1.0,0.0008771106331262324,764,98.71,98.72798747638898,0.08434303852649604,-0.06150757222137075,False,765,98.01659371907671,97.9987325989749,lower,-0.007386506056233366,2
2017-12-07 14:30:00-05:00,TLT,-1,1.0,0.2,766,98.26,98.24209452507365,19.34715206052376,-2.0473873245433696,False,766,98.33,98.34791823070942,vertical,-0.0010771727348377613,1
2017-12-08 09:30:00-05:00,QQQ,1,1.0,0.2,768,146.09,146.12084588028947,13.001632094123565,-7.821492495193432,False,773,145.55,145.51926813692842,vertical,-0.004116987824269058,6
2017-12-08 09:30:00-05:00,SPY,1,1.0,0.2,768,231.88,231.92048237374038,8.191641634981197,3.1042630987311215,False,773,232.34,232.29943731794532,vertical,0.0016339865298928835,6
2017-12-08 11:30:00-05:00,DIA,1,1.0,0.2,770,206.15,206.18413566158338,9.215267003688531,0.3843730470873038,False,773,206.26,206.22584612389917,vertical,0.00020229714658670517,4
2017-12-08 11:30:00-05:00,IWM,1,1.0,0.2,770,136.05,136.08349548480294,13.962324051695271,-9.310681544234367,False,773,135.45,135.41665223508593,vertical,-0.004900250741953327,4
2017-12-11 09:30:00-05:00,TLT,-1,1.0,0.2,775,98.55,98.53176431702411,19.25349439329139,7.9634744362910155,False,780,98.1,98.11815241501708,vertical,0.004197751911518055,6
2017-12-11 10:30:00-05:00,SPY,1,1.0,0.2,776,232.69,232.73060910867093,8.153085848258064,2.5984860895564594,False,780,233.09,233.0493210832433,vertical,0.0013694458833455325,5
2017-12-11 11:30:00-05:00,QQQ,1,1.0,0.2,777,146.5,146.53111327613968,12.95080184304571,1.3952849877708777,False,780,146.67,146.63885061971737,vertical,0.0007352523376702447,4
2017-12-11 13:30:00-05:00,GLD,-1,1.0,0.2,779,117.88,117.85954509629943,16.110467375719594,-2.9149329254502083,False,780,118.02,118.04047919693535,vertical,-0.0015351671388863508,2
2017-12-11 13:30:00-05:00,IWM,-1,1.0,0.2,779,135.31,135.2765966518533,14.036222104831246,-1.7800948569521131,False,780,135.37,135.40341816006665,vertical,-0.0009374977738367818,2
2017-12-12 09:30:00-05:00,DIA,1,1.0,0.2,782,207.58,207.6140842556102,9.144529968630355,1.479527550548485,False,787,207.81,207.77587797881128,vertical,0.0007793003243550256,6
2017-12-12 09:30:00-05:00,SPY,1,1.0,0.2,782,233.39,233.4301742251098,8.133195383533893,0.07837194057201087,False,787,233.48,233.43981028288,vertical,4.128025779959188e-05,6
2017-12-12 09:30:00-05:00,TLT,-1,1.0,0.2,782,97.72,97.70200805691366,19.431875077523856,-7.112933812172511,False,787,98.05,98.06805270179714,vertical,-0.0037465416746629288,6
2017-12-12 10:30:00-05:00,GLD,-1,1.0,0.2,783,117.5,117.47973460100191,16.168884777338622,-11.334784284286531,False,787,118.16037980023142,118.18075909591158,upper,-0.005967195085097687,5
2017-12-12 10:30:00-05:00,IWM,1,1.0,0.2,783,135.78,135.81294045564738,13.986268805189802,-12.107728704842135,False,787,134.98,134.9472536256939,vertical,-0.006374111532002291,5
2017-12-13 09:30:00-05:00,DIA,1,1.0,0.2,789,208.55,208.58425740772577,9.074192508322223,-0.8031706638516208,False,794,208.53,208.49574587756868,vertical,-0.00042434424945159144,6
2017-12-13 09:30:00-05:00,IWM,1,1.0,0.2,789,135.91,135.94267742900342,13.923028012388725,-2.8586927801728717,False,794,135.77,135.73735623180198,vertical,-0.0015103512825004328,6
2017-12-13 10:30:00-05:00,SPY,1,1.0,0.2,790,234.05,234.0902677470356,8.088176553433179,-5.665191996014205,False,794,233.43,233.389838922493,vertical,-0.00299213133157461,5
2017-12-13 10:30:00-05:00,TLT,1,1.0,0.2,790,98.48,98.49825740938503,19.222303670908055,5.448097867854849,False,794,98.8,98.781683265158,vertical,0.002877470761690315,5
2017-12-13 13:30:00-05:00,GLD,1,1.0,0.19973288055576321,793,118.92,118.94054684045665,15.9026869983173,3.321484893095176,False,794,119.17,119.14940996487371,vertical,0.001756029629637057,2
2017-12-14 09:30:00-05:00,GLD,1,1.0,0.2,796,118.73,118.75082948859291,15.937759925871712,2.6823916361298683,False,801,118.94,118.91913366989606,vertical,0.0014172884688716803,6
2017-12-14 09:30:00-05:00,QQQ,1,1.0,0.2,796,147.22,147.251290862255,12.853009303380293,-8.257524415089334,False,801,146.64,146.60883241379517,vertical,-0.004363007242230599,6
2017-12-14 09:30:00-05:00,TLT,1,1.0,0.2,796,98.46,98.4783885545504,19.218655373700958,9.6026391997946,False,798,98.99652929165796,98.9780405339982,upper,0.005073722131135661,3
2017-12-14 11:30:00-05:00,IWM,-1,1.0,0.2,798,135.47,135.43749434563418,13.989853382791168,12.465684594393363,False,799,134.5141662012253,134.54644250589672,lower,0.00657906323535129,2
2017-12-14 13:30:00-05:00,DIA,1,1.0,0.15026514202873567,800,207.92,207.95449499539777,6.852382486469331,-0.47274580466916055,False,801,207.92,207.8855050046022,vertical,-0.00033175522749384623,2
2017-12-14 13:30:00-05:00,IWM,-1,1.0,0.15026514202873567,800,133.88,133.84787586176648,10.646293266250353,-4.730568162847287,False,801,134.26,134.29221531818965,vertical,-0.0033197348374960356,2
2017-12-14 13:30:00-05:00,SPY,-1,1.0,0.15026514202873567,800,232.46,232.41968916392614,6.131080136175527,-0.739583665665999,False,801,232.5,232.54031777246482,vertical,-0.0005190120035554191,2
2017-12-14 13:30:00-05:00,TLT,1,1.0,0.15026514202873567,800,99.19,99.20852489057337,14.36352108914823,0.04226822850590577,False,801,99.23,99.21146763895962,vertical,2.9662253213436074e-05,2
2017-12-15 09:30:00-05:00,DIA,1,1.0,0.2,803,208.99,209.02475753937912,9.064671314604793,-0.6301313403522137,False,808,208.99,208.9552424606209,vertical,-0.00033256863721098373,6
2017-12-15 09:30:00-05:00,IWM,1,1.0,0.2,803,135.66,135.69251315470805,13.963487591604762,15.638872703856158,False,806,136.84529366964625,136.81249643977637,upper,0.008253832573587694,4
2017-12-15 09:30:00-05:00,QQQ,1,1.0,0.2,803,147.34,147.3714176843441,12.856907760552259,10.26336631964233,False,805,148.20129544649228,148.16969410592134,upper,0.005416765571781834,3
2017-12-15 09:30:00-05:00,SPY,1,1.0,0.2,803,234.09,234.13050351030589,8.092669239170837,2.176381126849185,False,808,234.44,234.39943593081244,vertical,0.001148643241587255,6
2017-12-15 13:30:00-05:00,IWM,1,1.0,0.2,807,136.79,136.8227839778307,13.89439625431818,-9.384577559841775,False,808,136.18,136.14736221872224,vertical,-0.004936471393667263,2
2017-12-15 13:30:00-05:00,TLT,1,1.0,0.2,807,99.45,99.46874543392445,19.112234389945208,1.3854152557402513,False,808,99.56,99.54123383206115,vertical,0.0007287555283870262,2
2017-12-18 09:30:00-05:00,DIA,1,1.0,0.16666666666666669,810,210.6,210.63478745943377,7.511542497763134,-2.7757054763032944,False,815,210.3,210.26526209535177,vertical,-0.0017543415716796407,6
2017-12-18 09:30:00-05:00,GLD,1,1.0,0.16666666666666669,810,119.785,119.80601767195614,13.20628285835426,-1.1493090965607846,False,815,119.74,119.71899022381741,vertical,-0.000726402978997398,6
2017-12-18 09:30:00-05:00,IWM,1,1.0,0.16666666666666669,810,138.03,138.06303280609123,11.459926131935854,-0.8716788713391599,False,815,138.02,137.98696958707012,vertical,-0.0005509311035339914,6
2017-12-18 09:30:00-05:00,QQQ,1,1.0,0.16666666666666669,810,149.49,149.52156774341037,10.58169855618419,-0.5622860495036985,False,815,149.5,149.46843014489363,vertical,-0.0003553841717867101,6
2017-12-18 09:30:00-05:00,SPY,1,1.0,0.16666666666666669,810,236.04,236.08052204874267,6.701917395718791,-1.4812582053943628,False,815,235.9,235.8595019856872,vertical,-0.0009362062619034939,6
2017-12-18 09:30:00-05:00,TLT,1,1.0,0.16666666666666669,810,99.04,99.0586845532628,15.972271029483682,-9.13666053308637,False,813,98.50523556906748,98.48665190266347,lower,-0.005774684503222383,4
2017-12-19 09:30:00-05:00,QQQ,1,1.0,0.2,817,148.8,148.83168534319583,12.735427976868145,-2.2076515840303776,False,822,148.69,148.65833808010893,vertical,-0.0011647201514056738,6
2017-12-19 09:30:00-05:00,TLT,-1,1.0,0.2,817,97.69,97.6715045025993,19.40622517301072,11.487074088527791,False,820,97.06120077443816,97.0795772222489,lower,0.00606038868106773,4
2017-12-19 10:30:00-05:00,DIA,1,1.0,0.2,818,209.91,209.94497925777048,9.031143340391052,-0.4512126137938218,False,822,209.93,209.89501740944328,vertical,-0.00023797591399343787,5
2017-12-19 11:30:00-05:00,GLD,1,1.0,0.2,819,119.55,119.57098504312806,15.853409458095769,3.614300233601905,False,822,119.82,119.79896756279712,vertical,0.0019066709167514517,4
2017-12-19 11:30:00-05:00,SPY,1,1.0,0.2,819,235.23,235.27059961805602,8.057138411148394,-2.104268085723196,False,822,235.05,235.00943144911759,vertical,-0.0011100756718537275,4
2017-12-19 14:30:00-05:00,IWM,1,1.0,0.2,822,136.94,136.97277841859903,13.858704625176442,-0.7699789692985894,False,822,136.95,136.91721918776733,vertical,-0.00040562242712127716,1
2017-12-20 09:30:00-05:00,GLD,1,1.0,0.2,824,119.965,119.98600330391285,15.813084941017907,2.1025513138187537,False,829,120.14,120.11896605733264,vertical,0.0011081521990778942,6
2017-12-20 09:30:00-05:00,QQQ,-1,1.0,0.2,824,148.27,148.2383126693845,12.799315020602542,-4.139685359915722,False,829,148.53,148.56174289617806,vertical,-0.002181826148513366,6
2017-12-20 09:30:00-05:00,TLT,-1,1.0,0.2,824,96.51,96.49158517877679,19.66336088750824,3.01255688161325,False,829,96.32,96.33837856781909,vertical,0.0015877717282168913,6
2017-12-21 09:30:00-05:00,DIA,1,1.0,0.2,831,210.44,210.47497973427951,9.015532149905628,-3.1546512378984533,False,836,210.16,210.12506680784938,vertical,-0.0016624917929527472,6
2017-12-21 10:30:00-05:00,IWM,1,1.0,0.1999686434190758,832,138.02,138.05319623438083,13.745020023466628,-3.935742915573074,False,836,137.8,137.7668566794836,vertical,-0.002074124777314834,5
2017-12-21 10:30:00-05:00,QQQ,-1,1.0,0.1999686434190758,832,148.93,148.8980210071616,12.743916498754981,4.1561194161868436,False,836,148.54,148.5718952500921,vertical,0.0021902625358184435,5
2017-12-21 10:30:00-05:00,SPY,-1,1.0,0.1999686434190758,832,235.74,235.69947863889314,8.05069216742856,2.407338871553184,False,836,235.36,235.4004560428867,vertical,0.0012686604049072514,5
2017-12-21 10:30:00-05:00,TLT,-1,1.0,0.1999686434190758,832,96.84,96.82147384633963,19.59837906988099,-1.1182077317600017,False,836,96.86,96.87852997979704,vertical,-0.000589292139344666,5
2017-12-22 09:30:00-05:00,DIA,-1,1.0,0.2,838,210.0,209.96494595777773,9.035865054384596,-0.09124478882886833,False,843,209.94,209.9750440267816,vertical,-4.8094070930870814e-05,6
2017-12-22 09:30:00-05:00,GLD,1,1.0,0.2,838,120.71,120.7307549334794,15.714429342142086,3.1185107036807347,False,843,120.95,120.9292038008091,vertical,0.0016437308574690501,6
2017-12-22 09:30:00-05:00,IWM,1,1.0,0.2,838,137.39,137.42315950589986,13.805641819377488,1.4308161406560562,False,843,137.56,137.52679946406883,vertical,0.000754166608755158,6
2017-12-26 09:30:00-05:00,GLD,1,1.0,0.2,845,121.63,121.65087629140996,15.602900629255597,1.6885719867771118,False,850,121.78,121.75909796293756,vertical,0.0008896086475231879,6
2017-12-26 09:30:00-05:00,QQQ,-1,1.0,0.2,845,147.5,147.46828201992125,12.871286681025571,-1.9751673328014823,False,850,147.59,147.62173733342252,vertical,-0.0010405987741861633,6
2017-12-26 09:30:00-05:00,TLT,1,1.0,0.2,845,97.39,97.4084927317439,19.486047684404543,-2.0844648378492754,False,850,97.32,97.30152056008502,vertical,-0.0010981811611999737,6
2017-12-26 14:30:00-05:00,SPY,-1,1.0,0.2,850,234.82,234.77954067214216,8.086168557243514,-2.1909586312840412,False,850,235.01,235.05049206472987,vertical,-0.0011540673084715625,1
2017-12-27 09:30:00-05:00,GLD,1,1.0,0.2,852,122.06,122.08097187115733,15.540457299733637,2.144976759428252,False,857,122.24,122.21899720194763,vertical,0.0011306047836510125,6
2017-12-27 09:30:00-05:00,IWM,-1,1.0,0.2,852,137.97,137.93653838504957,13.754108611727592,5.545529481596676,False,857,137.5,137.53334762669914,vertical,0.0029230163600664216,6
2017-12-27 09:30:00-05:00,QQQ,-1,1.0,0.2,852,147.92,147.88804594222847,12.828583394866348,3.157869354236612,False,857,147.61,147.64188709077646,vertical,0.0016644945836133962,6
2017-12-27 09:30:00-05:00,SPY,-1,1.0,0.2,852,235.31,235.26930366780843,8.063925471350363,0.6341068379427449,False,857,235.15,235.1906686605535,vertical,0.0003342340289574919,6
2017-12-27 09:30:00-05:00,TLT,1,1.0,0.2,852,97.98,97.99860545685904,19.35939926521594,10.993711319164632,False,855,98.58520044604383,98.56648006745802,upper,0.0057947213427334,4
2017-12-28 09:30:00-05:00,DIA,1,1.0,0.2,859,210.39,210.4254001765376,9.037356553100262,0.9866024324679539,False,864,210.57,210.53456953670073,vertical,0.0005188031486291766,6
2017-12-28 09:30:00-05:00,GLD,1,1.0,0.2,859,122.69,122.71095828119175,15.497306808300383,1.6746050990340344,False,864,122.84,122.81901609534931,vertical,0.0008805881371241053,6
2017-12-28 11:30:00-05:00,IWM,1,1.0,0.2,861,137.85,137.883368235994,13.794769326354336,1.8376717908654778,False,864,138.05,138.01658335162153,vertical,0.0009661434684387071,4
2017-12-28 11:30:00-05:00,SPY,1,1.0,0.2,861,235.41,235.45057408958306,8.078422684298149,0.9598567741930576,False,864,235.61,235.56939143941779,vertical,0.0005046381827444879,4
2017-12-29 09:30:00-05:00,GLD,1,1.0,0.2,866,123.67,123.69089371987705,15.383356520591725,-0.6428310838201098,False,871,123.67,123.64910628012295,vertical,-0.00033783764105332903,6
2017-12-29 10:30:00-05:00,QQQ,-1,1.0,0.2,867,147.31,147.27841187393776,12.919601335665291,5.386526436483366,False,871,146.83,146.86148519821955,vertical,0.002830874331229638,5
2017-12-29 12:30:00-05:00,TLT,1,1.0,0.2,869,98.73,98.74853553833088,19.27618336057268,-2.25639402759648,False,871,98.65,98.6314794808433,vertical,-0.0011853953767461123,3
2017-12-29 13:30:00-05:00,SPY,1,1.0,0.2,870,235.3,235.3405719109492,8.084902857915365,-5.8950855517748995,False,871,234.65188471260657,234.6114245537854,lower,-0.0030982645756452154,2
2017-12-29 14:30:00-05:00,IWM,1,1.0,0.19968932377953352,871,137.47,137.5027409140851,13.816299094699636,-8.91626145238918,False,871,136.89,136.8573972231824,vertical,-0.004693315104939866,1
2018-01-02 09:30:00-05:00,DIA,1,1.0,0.16666666666666669,873,210.56,210.59471649271285,7.519642226215054,-5.660205756850317,False,874,209.87659756059347,209.84199374519733,lower,-0.0035742717578651773,2
2018-01-02 09:30:00-05:00,GLD,1,1.0,0.16666666666666669,873,124.54,124.56094064835449,12.713430988186035,7.371194855770695,False,878,125.16178172146988,125.1407365242766,upper,0.004654716582134011,6
2018-01-02 09:30:00-05:00,IWM,1,1.0,0.16666666666666669,873,138.01,138.04218644964865,11.471833093095883,2.014122680105092,False,878,138.25,138.21775757797315,vertical,0.0012718657451034066,6
2018-01-02 09:30:00-05:00,QQQ,1,1.0,0.16666666666666669,873,148.81,148.84094578757868,10.639524724711528,5.617517243277325,False,878,149.4,149.36893151895538,vertical,0.0035473150790792385,6
2018-01-02 09:30:00-05:00,SPY,1,1.0,0.16666666666666669,873,236.1,236.14023347562556,6.706171580540301,1.7400846073150316,False,878,236.44,236.39970858544297,vertical,0.0010988178761337508,6
2018-01-02 09:30:00-05:00,TLT,-1,1.0,0.16666666666666669,873,97.83,97.8116504449006,16.190268905118472,3.454157948472842,False,878,97.58,97.59830266366758,vertical,0.0021812103186337195,6
2018-01-03 09:30:00-05:00,DIA,1,1.0,0.2,880,211.13,211.16466417179754,9.012983725699858,1.087330515632616,False,885,211.32,211.28530463323898,vertical,0.0005713098918069814,6
2018-01-03 09:30:00-05:00,QQQ,1,1.0,0.2,880,150.35,150.38045051655962,12.656057852504622,5.68251525270426,False,885,150.86,150.82944619269583,vertical,0.002985731686491855,6
2018-01-03 09:30:00-05:00,SPY,1,1.0,0.2,880,237.4,237.44014520861438,8.015593487576075,3.4436860454551903,False,885,237.91,237.86976854851963,vertical,0.0018093963829401982,6
2018-01-03 10:30:00-05:00,TLT,-1,1.0,0.2,881,97.9,97.88179390084716,19.447396841694736,-3.0422440785467035,False,885,98.02,98.03822841510689,vertical,-0.0015981982759551983,5
2018-01-03 11:30:00-05:00,IWM,-1,1.0,0.1995198305118795,882,137.9,137.8680309114296,13.771812125160235,-6.941546682933831,False,885,138.34,138.37207109291393,vertical,-0.003655961270732533,4
2018-01-04 09:30:00-05:00,DIA,1,1.0,0.2,887,212.89,212.92365305711166,8.938742138353428,-2.657217698573527,False,892,212.66,212.62638330064647,vertical,-0.0013961330843100805,6
2018-01-04 09:30:00-05:00,QQQ,1,1.0,0.2,887,151.31,151.33973788053092,12.576139330545223,-3.011235637585866,False,892,151.13,151.10029749597092,vertical,-0.001582138226967289,6
2018-01-04 09:30:00-05:00,SPY,1,1.0,0.2,887,239.22,239.25932496540156,7.954839921532733,-2.932171958701331,False,892,238.93,238.89072270720095,vertical,-0.001540597250510145,6
2018-01-04 09:30:00-05:00,TLT,-1,1.0,0.2,887,97.58,97.56227727579574,19.508253425178427,-8.886433346811076,False,892,98.0,98.0177990056571,vertical,-0.004669035436449143,6
2018-01-04 12:30:00-05:00,GLD,1,1.0,0.09956613752720683,890,125.3,125.32093072664796,7.550350321727739,0.8917856145066396,False,892,125.46,125.43904254616716,vertical,0.0009424748031661156,3
2018-01-04 12:30:00-05:00,IWM,1,1.0,0.09956613752720683,890,138.83,138.86132549644242,6.814114198091879,-1.3806717534518214,False,892,138.69,138.65870609305196,vertical,-0.0014591492819622243,3
2018-01-05 09:30:00-05:00,QQQ,1,1.0,0.2,894,151.95,151.97893192885724,12.499590678574327,7.524884527554042,False,899,152.61,152.58094240432445,vertical,0.003961144270634875,6
2018-01-05 10:30:00-05:00,DIA,1,1.0,0.2,895,213.5,213.53320766214867,8.900264763313997,7.069449411680736,False,899,214.36084574906664,214.32750419148567,upper,0.003719779878892382,5
2018-01-05 10:30:00-05:00,SPY,1,1.0,0.2,895,239.82,239.85841251382058,7.923433095528077,4.619910261055973,False,899,240.48,240.44148177248113,vertical,0.0024308893423821143,5
2018-01-05 10:30:00-05:00,TLT,-1,1.0,0.2,895,97.56,97.54245547809698,19.483845005107412,-4.191392283225611,False,899,97.74,97.75757689186962,vertical,-0.0022054131477236005,5
2018-01-05 12:30:00-05:00,IWM,1,1.0,0.19956924808720256,897,138.44,138.47065374388697,13.69609943251127,6.828443963214723,False,899,139.0,138.9692222594605,vertical,0.00360053557987583,3
2018-01-08 09:30:00-05:00,GLD,1,1.0,0.2,901,125.16,125.18058877920245,15.21038300444566,1.6548557006831488,False,906,125.31,125.28938654584643,vertical,0.0008691264972069401,6
2018-01-08 09:30:00-05:00,IWM,1,1.0,0.2,901,138.55,138.57981593017644,13.739697136075263,9.378392432104528,False,903,139.29236797584983,139.2623922882448,upper,0.004925510641551778,3
2018-01-08 09:30:00-05:00,TLT,-1,1.0,0.2,901,97.79,97.77263774187927,19.47420816323253,1.661087430896542,False,906,97.67,97.68734095255806,vertical,0.0008723993879186098,6
2018-01-08 10:30:00-05:00,QQQ,1,1.0,0.2,902,153.18,153.20844100764862,12.428448015234649,-0.3341709575520882,False,906,153.21,153.1815534222363,vertical,-0.00017549676268147074,5
2018-01-08 12:30:00-05:00,DIA,1,1.0,0.13377905423140984,904,214.67,214.7030852493378,5.941258675715708,-2.056432089439005,False,906,214.39,214.3569579046651,vertical,-0.0016121209635656664,3
2018-01-08 12:30:00-05:00,IWM,1,1.0,0.13377905423140984,904,139.2,139.2299558100365,9.161868654766923,-0.6405013642293022,False,906,139.19,139.16004634196133,vertical,-0.0005021151351262132,3
2018-01-08 12:30:00-05:00,SPY,1,1.0,0.13377905423140984,904,241.0,241.03807133091905,5.292137299710171,-0.6675224852359678,False,906,240.95,240.9119365676973,vertical,-0.0005232980936384912,3
2018-01-09 09:30:00-05:00,DIA,1,1.0,0.2,908,215.25,215.2829412380333,8.852739705371645,0.4789257771572421,False,913,215.37,215.33704039751345,vertical,0.00025129329416007096,6
2018-01-09 09:30:00-05:00,GLD,-1,1.0,0.2,908,124.43,124.40966263164556,15.319098223342875,-4.913148858584746,False,913,124.71,124.73038313274517,vertical,-0.002577938837831306,6
2018-01-09 09:30:00-05:00,SPY,1,1.0,0.2,908,241.52,241.55771894200916,7.889807248281992,-0.9107333670086324,False,913,241.48,241.44228730491727,vertical,-0.00047786358307022603,6
2018-01-09 09:30:00-05:00,TLT,-1,1.0,0.2,908,96.61,96.59295242677496,19.730671792353665,4.260818210746596,False,913,96.36,96.37700345881342,vertical,0.002235659668082368,6
2018-01-09 12:30:00-05:00,QQQ,1,1.0,0.19973350749283802,911,153.66,153.6883010067837,12.393759785960697,-5.410273061624123,False,913,153.28,153.25176898138872,vertical,-0.0028403725106942446,3
2018-01-10 09:30:00-05:00,DIA,1,1.0,0.16666666666666669,915,214.81,214.84279108402905,7.387358875752558,2.4700134622301873,False,920,215.21,215.17714785534247,vertical,0.0015562857363113913,6
2018-01-10 09:30:00-05:00,GLD,1,1.0,0.16666666666666669,915,125.2621,125.2824704249565,12.668338948159,-3.5332265040622737,False,920,125.0239,125.00356831170228,vertical,-0.0022261862518210274,6
2018-01-10 09:30:00-05:00,IWM,-1,1.0,0.16666666666666669,915,138.55,138.5204972812131,11.457660279575885,-8.543537458713796,False,917,139.23650999174723,139.26615889538604,upper,-0.005383041707244018,3
2018-01-10 09:30:00-05:00,QQQ,-1,1.0,0.16666666666666669,915,152.26,152.23229799803485,10.425650932672268,-7.251253373640945,False,920,152.9,152.92781844279833,vertical,-0.004568809995711076,6
2018-01-10 09:30:00-05:00,SPY,1,1.0,0.16666666666666669,915,240.7,240.73746647798248,6.592745295636027,2.142673744320408,False,920,241.1,241.06247125948659,vertical,0.001350038223210337,6
2018-01-10 09:30:00-05:00,TLT,-1,1.0,0.16666666666666669,915,95.63,95.6133242918358,16.59936846000422,-10.90311698385742,False,919,96.25337914576257,96.27016355714449,upper,-0.006869746138141286,5
2018-01-11 09:30:00-05:00,DIA,1,1.0,0.2,922,215.98,216.01297273843258,8.793088887325792,6.547699769469862,False,927,216.79071084363554,216.75761433746243,upper,0.0034472077745604235,6
2018-01-11 09:30:00-05:00,IWM,1,1.0,0.2,922,139.97,139.9999116672923,13.567303346722582,9.689786065545526,False,922,140.74419010729156,140.71411299514028,upper,0.005101441274800722,1
2018-01-11 09:30:00-05:00,SPY,1,1.0,0.2,922,241.78,241.8179375134975,7.8547575487385055,6.014368035919375,False,927,242.62170457500807,242.58363499029426,upper,0.0031664213361095594,6
2018-01-11 10:30:00-05:00,GLD,1,1.0,0.2,923,125.44,125.46023663761432,15.158789006029654,-0.6135258395738442,False,927,125.44,125.41976336238568,vertical,-0.00032259842889936774,5
2018-01-11 10:30:00-05:00,IWM,1,1.0,0.2,923,140.83,140.86009544977335,13.50151900553186,7.151525322597171,False,927,141.42,141.38977846689662,vertical,0.0037603482762946783,5
2018-01-11 11:30:00-05:00,QQQ,1,1.0,0.2,924,153.5,153.52781946703175,12.397345283173147,4.888019229695595,False,927,153.95,153.92209897752744,vertical,0.0025681307261733455,4
2018-01-11 12:30:00-05:00,TLT,1,1.0,0.0001014376550433349,925,96.59,96.60688033640757,0.009996143111005348,0.000262187252454062,False,927,96.65,96.63310917782596,vertical,0.0002715007598532715,3
2018-01-12 09:30:00-05:00,DIA,1,1.0,0.2,929,218.34,218.3733205250824,8.72889093079372,4.131179308952543,False,934,218.88,218.84659706636424,vertical,0.002167281882895944,6
2018-01-12 09:30:00-05:00,GLD,1,1.0,0.2,929,126.1,126.12038331463873,15.113789277846694,8.714535121019825,False,932,126.71746142450405,126.69697830090027,upper,0.004571782697671223,4
2018-01-12 09:30:00-05:00,QQQ,1,1.0,0.2,929,154.47,154.49795234506158,12.337748611718936,6.5882164366913285,False,934,155.06,155.03194089062438,vertical,0.0034562823484558525,6
2018-01-12 09:30:00-05:00,SPY,1,1.0,0.2,929,243.8,243.83826021208384,7.81730026863208,4.482264628271228,False,934,244.45,244.4116377816083,vertical,0.0023514667838662184,6
2018-01-12 10:30:00-05:00,IWM,1,1.0,0.19978810338901298,930,142.48,142.51030443993213,13.37557241597321,-7.095860401180114,False,934,142.01,141.9797955255842,vertical,-0.0037226003862165236,5
2018-01-12 13:30:00-05:00,GLD,1,1.0,0.2,933,127.1,127.1205449586882,15.019015346068732,-2.4942035510962857,False,934,126.975,126.95447524681796,vertical,-0.0013063955312982989,2
2018-01-12 14:30:00-05:00,TLT,1,1.0,0.0005918812646362737,934,96.93,96.94704769482799,0.05823814936929867,-0.007808443061190338,False,934,96.83,96.81296989280726,vertical,-0.001383000361628084,1
2018-01-16 09:30:00-05:00,DIA,1,1.0,0.2,936,221.0,221.03370110005906,8.636785034036205,-10.839605098618168,False,938,219.8121701324946,219.77865016896595,lower,-0.005678097615191113,3
2018-01-16 09:30:00-05:00,GLD,1,1.0,0.2,936,126.609,126.62945928120152,15.07564331803177,7.839195576876616,False,941,127.17,127.14945006444725,vertical,0.004106396617322705,6
2018-01-16 09:30:00-05:00,IWM,1,1.0,0.2,936,142.98,143.010446863056,13.348818939826561,-12.432953178972545,False,937,142.10931856565128,142.07905710977388,lower,-0.006512739269837975,2
2018-01-16 09:30:00-05:00,QQQ,1,1.0,0.2,936,156.54,156.56831256715458,12.192892229452964,-11.88011564058043,False,937,155.62211149113298,155.59396493764933,lower,-0.006223147031027332,2
2018-01-16 09:30:00-05:00,SPY,1,1.0,0.2,936,245.97,246.00847052560937,7.759978986088992,-8.197730304569758,False,936,244.99037642969367,244.95205912046697,lower,-0.004294207442879228,1
2018-01-16 11:30:00-05:00,IWM,1,1.0,0.19972202538166367,938,141.93,141.9602232709018,13.371235863830362,-13.05061339517378,False,939,141.01423005490682,140.98420179255243,lower,-0.006875316591231528,2
2018-01-16 11:30:00-05:00,QQQ,1,1.0,0.19972202538166367,938,155.71,155.7381624494164,12.188301176686709,-12.125507702015401,False,939,154.77130706880007,154.74331439584117,lower,-0.0063879529456908335,2
2018-01-16 11:30:00-05:00,SPY,1,1.0,0.19972202538166367,938,245.07,245.10832976261773,7.744264058571974,-8.438689962797683,False,939,244.05683135333342,244.01866005365977,lower,-0.0044456657593533455,2
2018-01-16 13:30:00-05:00,DIA,1,1.0,0.15953499724310038,940,218.65,218.68334273994532,6.913299327439805,0.6449425316158562,False,941,218.81,218.77663286106824,vertical,0.0004265991179486228,2
2018-01-16 13:30:00-05:00,IWM,-1,1.0,0.15953499724310038,940,140.49,140.46008336976683,10.763366858514644,2.47803373743969,False,941,140.2,140.2298548762096,vertical,0.0016391026406494813,2
2018-01-16 13:30:00-05:00,QQQ,1,1.0,0.15953499724310038,940,154.61,154.63796349819708,9.776534636683692,-0.6445198814354877,False,941,154.6,154.57203831045038,vertical,-0.00042631955475458394,2
2018-01-16 13:30:00-05:00,SPY,1,1.0,0.15953499724310038,940,243.62,243.6581029777979,6.20469168810737,-0.47283445926978007,False,941,243.62,243.58189702220207,vertical,-0.0003127577316924812,2
2018-01-16 13:30:00-05:00,TLT,1,1.0,0.15953499724310038,940,97.3,97.3171049424656,15.53502241132379,-1.7740346425235611,False,941,97.22,97.20290912120754,vertical,-0.0011734403867190712,2
2018-01-17 09:30:00-05:00,DIA,1,1.0,0.2,943,219.64,219.67430541539125,8.627507307287605,10.75403920342334,False,945,220.95529903603725,220.920788185025,upper,0.005674231072572367,3
2018-01-17 09:30:00-05:00,TLT,1,1.0,0.2,943,97.6,97.6171822719724,19.415041810101233,-11.224169079886149,False,947,97.05615162785797,97.03906509923232,lower,-0.005922289081540799,5
2018-01-17 10:30:00-05:00,GLD,1,1.0,0.19997187224854307,944,126.71,126.73017789708402,14.954935806479483,-9.640919776674545,False,947,126.10559480762616,126.08551315887114,lower,-0.005086907861333589,4
2018-01-17 10:30:00-05:00,QQQ,1,1.0,0.19997187224854307,944,155.38,155.40837268945816,12.195235317094191,11.349529603706467,False,947,156.36757848881857,156.33902546561228,upper,0.005988433956604089,4
2018-01-17 10:30:00-05:00,SPY,1,1.0,0.19997187224854307,944,244.77,244.80869567590537,7.741725309070182,8.260558838711283,False,946,245.9145901169498,245.87571349285545,upper,0.004358578088919929,3
2018-01-17 11:30:00-05:00,IWM,-1,1.0,2.220446049250313e-16,945,141.15,141.11975840099743,1.492008678726222e-14,-6.573262269929161e-15,False,948,141.53,141.560323014572,vertical,-0.003121920123493105,4
2018-01-17 14:30:00-05:00,GLD,-1,1.0,0.2,948,126.1,126.0799192421885,15.047134344274365,-1.2062969418812821,False,948,126.14,126.16008712759987,vertical,-0.0006358497522302997,1
2018-01-18 09:30:00-05:00,IWM,-1,1.0,0.2,950,140.87,140.83932937985895,13.468540583915667,3.3499796436761775,False,955,140.56,140.5906031260526,vertical,0.0017660283878199179,6
2018-01-18 09:30:00-05:00,TLT,-1,1.0,0.2,950,96.5,96.48313149598097,19.66043384115401,5.0392382440787165,False,955,96.21,96.22681781110539,vertical,0.002656564737290479,6
2018-01-18 12:30:00-05:00,DIA,1,1.0,0.2,953,220.69,220.72490471951664,8.594311217523561,0.25933114763780635,False,955,220.79,220.75507946430702,vertical,0.00013670747679661588,3
2018-01-18 12:30:00-05:00,GLD,-1,1.0,0.2,953,125.96,125.93996503120214,15.062561944874107,1.0535894373850838,False,955,125.85,125.87001747239766,vertical,0.0005554039878218342,3
2018-01-18 13:30:00-05:00,QQQ,1,1.0,0.0996632944610728,954,156.63,156.65863056920765,6.034546390894106,-2.1555779950279264,False,955,156.33,156.30142426812085,vertical,-0.002280157178630393,2
2018-01-18 13:30:00-05:00,SPY,1,1.0,0.0996632944610728,954,246.12,246.1591430399445,3.8404576893998206,-2.4125701731494327,False,955,245.57,245.5309444323128,vertical,-0.0025520019279956507,2
2018-01-19 09:30:00-05:00,GLD,-1,1.0,0.2,957,126.64,126.61977882766452,14.989182884359513,2.542033316971739,False,962,126.43,126.450187640701,vertical,0.0013393735839195564,6
2018-01-19 09:30:00-05:00,IWM,1,1.0,0.2,957,141.41,141.44102128815248,13.41850478976987,12.321717245106198,False,960,142.39052073258998,142.35928434638086,upper,0.006492197594908822,4
2018-01-19 11:30:00-05:00,DIA,1,1.0,0.2,959,220.38,220.41528562530706,8.61611719317032,6.800624207936458,False,962,221.24,221.20457667781585,vertical,0.003580927022686309,4
2018-01-19 13:30:00-05:00,SPY,1,1.0,0.2,961,246.25,246.28968526566172,7.718052992620913,2.319801515227336,False,962,246.63,246.59025349413142,vertical,0.0012203849631196029,2
2018-01-19 14:30:00-05:00,QQQ,1,1.0,0.2,962,156.86,156.8891430303733,12.124551364954064,-1.1915842871313476,False,962,156.82,156.7908644012295,vertical,-0.0006264208424210382,1
2018-01-22 09:30:00-05:00,QQQ,1,1.0,0.2,964,157.6,157.62936607498494,12.069359836920347,9.59509606549984,False,969,158.45388752851161,158.42436234613334,upper,0.005043452821920313,6
2018-01-22 09:30:00-05:00,SPY,1,1.0,0.2,964,247.44,247.47988345574433,7.687435089506378,7.212082373112869,False,969,248.45809599082367,248.4180484339381,upper,0.0037908736867557913,6
2018-01-22 09:30:00-05:00,TLT,-1,1.0,0.2,964,96.07,96.05314364428273,19.80659318210537,5.077185883993716,False,969,95.78,95.79680547257833,vertical,0.002668711944022406,6
2018-01-22 11:30:00-05:00,DIA,1,1.0,0.1999784205858433,966,221.85,221.88543969048771,8.581601095676826,4.539879557159616,False,969,222.45,222.41446446180302,vertical,0.002384224814630631,4
2018-01-22 11:30:00-05:00,IWM,1,1.0,0.1999784205858433,966,142.89,142.92163147668612,13.322912093074114,2.7535431915598756,False,969,143.16,143.12830875357,vertical,0.0014460881445899076,4
2018-01-23 09:30:00-05:00,GLD,1,1.0,0.2,971,126.825,126.84531810003554,15.04447405724444,5.781526876501569,False,976,127.25,127.22961381250131,vertical,0.003029640496172714,6
2018-01-23 09:30:00-05:00,IWM,1,1.0,0.2,971,142.6,142.63156966132078,13.37937387894012,11.324365459364962,False,974,143.509745466917,143.4779744005732,upper,0.0059342033552753914,4
2018-01-23 09:30:00-05:00,QQQ,1,1.0,0.2,971,159.58,159.60973749686679,11.956169638311476,1.7992346266804298,False,976,159.79,159.760223369944,vertical,0.0009428364173593717,6
2018-01-23 09:30:00-05:00,TLT,1,1.0,0.2,971,96.5,96.51677658125415,19.77191080176982,-11.653199977575014,False,973,95.94407493716066,95.92739500380277,lower,-0.006106519491512419,3
2018-01-23 12:30:00-05:00,TLT,-1,1.0,0.2,974,95.83,95.81333989863643,19.916051373800926,-7.635436696129199,False,976,96.18,96.19672094906761,vertical,-0.004001332704159699,3
2018-01-24 09:30:00-05:00,DIA,1,1.0,0.16666666666666669,978,223.69,223.72646648673236,7.107803059179844,-8.277756668401198,False,979,222.59815368006247,222.56186518876726,lower,-0.005205469501455617,2
2018-01-24 09:30:00-05:00,GLD,1,1.0,0.16666666666666669,978,128.5,128.52075293393594,12.373127503628245,8.769432842285916,False,981,129.2503753350369,129.22950121441025,upper,0.00551466019529645,4
2018-01-24 09:30:00-05:00,IWM,1,1.0,0.16666666666666669,978,143.75,143.78165890258308,11.059850575178784,-10.19949431472851,False,979,142.89091955281071,142.85944985053504,lower,-0.006413954735860039,2
2018-01-24 09:30:00-05:00,QQQ,1,1.0,0.16666666666666669,978,160.3,160.3301104771492,9.918309531387335,-9.00780280587591,False,978,159.4518622374764,159.4219110730703,lower,-0.005664559210843412,1
2018-01-24 09:30:00-05:00,SPY,1,1.0,0.16666666666666669,978,250.13,250.17070413672135,6.356474345792413,-6.82764786333468,False,978,249.13712172299827,249.09657915927153,lower,-0.004293568190393726,1
2018-01-24 09:30:00-05:00,TLT,-1,1.0,0.16666666666666669,978,95.39,95.37335805171693,16.673457823007478,-5.22434032465242,False,983,95.67,95.6866907976962,vertical,-0.0032853278146016685,6
2018-01-24 10:30:00-05:00,QQQ,1,1.0,0.16626164635475243,979,159.24,159.26991136856668,9.931830253347258,-10.114809416912017,False,980,158.28121913242887,158.25148785961645,lower,-0.006394324578943844,2
2018-01-24 10:30:00-05:00,SPY,1,1.0,0.16626164635475243,979,249.27,249.31056418726476,6.344864403700509,-7.228817096770563,False,980,248.21163832274954,248.17124636471925,lower,-0.004569873828891291,2
2018-01-24 11:30:00-05:00,DIA,1,1.0,0.16634770185610304,980,222.74,222.77631161542658,7.0906603549634415,-8.352292557650603,False,980,221.63451428035532,221.59838288389398,lower,-0.005287495438770162,1
2018-01-24 11:30:00-05:00,IWM,1,1.0,0.16634770185610304,980,142.64,142.67141444079616,11.071812577087618,0.30061407362046744,False,983,142.73,142.69856573797784,vertical,0.00019030649754259166,4
2018-01-24 12:30:00-05:00,DIA,1,1.0,0.16565261197138995,981,221.95,221.9861828277091,7.073437000734548,7.607321703987661,False,983,223.09803021989876,223.06166023751675,upper,0.004844794374622818,3
2018-01-24 12:30:00-05:00,QQQ,1,1.0,0.16565261197138995,981,158.48,158.50976861146975,9.906047387616473,8.98323789993738,False,982,159.44656260503046,159.41661243609826,upper,0.0057210595446095525,2
2018-01-24 12:30:00-05:00,SPY,1,1.0,0.16565261197138995,981,248.5,248.54043888368153,6.317705425796754,6.21845146127954,False,982,249.5653406871629,249.52472843853923,upper,0.003960279298123925,2
2018-01-24 13:30:00-05:00,GLD,1,1.0,0.16866619074948663,982,129.03,129.05083852969457,12.429017520362772,-2.8791368424310653,False,983,128.84,128.81919215557738,vertical,-0.0017950009217793106,2
2018-01-25 09:30:00-05:00,IWM,-1,1.0,0.2,985,142.41,142.37835215297298,13.351733313167497,-6.053440412396707,False,990,142.8,142.8317345169262,vertical,-0.003184349004587972,6
2018-01-25 10:30:00-05:00,DIA,1,1.0,0.2,986,223.89,223.9270517126808,8.489103776071518,-0.03493274447260652,False,990,223.96,223.92293670297022,vertical,-1.8376563613475838e-05,5
2018-01-25 10:30:00-05:00,TLT,1,1.0,0.2,986,96.04,96.05697265162043,19.789713622903907,7.440580848652561,False,990,96.45,96.43295489120378,vertical,0.003914158745632834,5
2018-01-25 11:30:00-05:00,QQQ,-1,1.0,0.2,987,159.46,159.42923093664004,11.926820905973903,10.92177486753719,False,989,158.4829181317623,158.5134986594775,lower,0.005743816687709291,3
2018-01-25 12:30:00-05:00,GLD,1,1.0,0.19965196202011737,988,129.415,129.4361316564537,14.668039746379796,-10.748708070874333,False,988,128.7243526843534,128.70333380093064,lower,-0.005661462886329516,1
2018-01-25 13:30:00-05:00,GLD,1,1.0,0.19937851288925834,989,128.21,128.23093489683524,14.773553195668947,-13.16404880519697,False,989,127.36067608644167,127.33987987230287,lower,-0.006948830446017129,1
2018-01-25 14:30:00-05:00,QQQ,-1,1.0,0.1993795431443805,990,158.62,158.58939302125827,11.936923241986834,-1.8052367027022806,False,990,158.71,158.74062434495085,vertical,-0.0009536030172729859,1
2018-01-25 14:30:00-05:00,SPY,-1,1.0,0.1993795431443805,990,249.02,248.97830878935068,7.603350752493395,-1.8507255899808404,False,990,249.18,249.22171799803067,vertical,-0.0009776321875731853,1
2018-01-26 09:30:00-05:00,DIA,1,1.0,0.2,992,224.45,224.48803438256027,8.454521174872472,8.604625453695839,False,997,225.54400847186395,225.5057887030852,upper,0.004533668457315176,6
2018-01-26 09:30:00-05:00,QQQ,-1,1.0,0.2,992,159.65,159.61855404756093,11.89046506227173,-12.794123012228004,False,996,160.6629071218425,160.69455258464285,upper,-0.006741061798876569,5
2018-01-26 09:30:00-05:00,SPY,1,1.0,0.2,992,250.04,250.0828411656605,7.5892405546353245,7.310082876303362,False,995,251.0890787293265,251.0460578174029,upper,0.0038515903260405437,4
2018-01-26 09:30:00-05:00,TLT,-1,1.0,0.2,992,96.06,96.04267853564063,19.76141095948866,0.303655564834425,False,997,96.01,96.02731244839833,vertical,0.00015999228131269305,6
2018-01-26 10:30:00-05:00,GLD,1,1.0,0.19928274689053715,993,128.43,128.45144703903063,14.725400405558878,-6.079120774751975,False,997,128.06,128.03861474874824,vertical,-0.0032139170075440315,5
2018-01-29 09:30:00-05:00,GLD,-1,1.0,0.2,999,127.5411,127.5194728420103,14.879357810435831,2.349149805638862,False,1004,127.34,127.36159305744115,vertical,0.0012380837298845426,6
2018-01-29 09:30:00-05:00,TLT,-1,1.0,0.2,999,95.28,95.26262092946237,19.917653384944867,-4.0789192882266185,False,1004,95.45,95.46741007853501,vertical,-0.0021497324666752693,6
2018-01-29 10:30:00-05:00,DIA,1,1.0,0.2,1000,224.95,224.98835301461088,8.440456895412847,-5.964015168399545,False,1004,224.32,224.28175439769942,vertical,-0.0031406008686395426,5
2018-01-29 10:30:00-05:00,IWM,1,1.0,0.2,1000,142.84,142.8720682812162,13.291642785291854,-5.370624251048654,False,1004,142.5,142.46800805045288,vertical,-0.002828126138469611,5
2018-01-29 10:30:00-05:00,SPY,1,1.0,0.2,1000,251.01,251.05346240267275,7.564143817876839,-5.195212180416445,False,1004,250.41,250.36664148737785,vertical,-0.00273575559851591,5
2018-01-30 09:30:00-05:00,DIA,-1,1.0,0.16666666666666669,1006,222.02,221.9815109315683,7.109285558853503,4.643418593754909,False,1011,221.29,221.3283625166798,vertical,0.0029423550283422806,6
2018-01-30 09:30:00-05:00,GLD,-1,1.0,0.16666666666666669,1006,127.54,127.51817252079391,12.37572589695747,8.992507721835326,False,1008,126.76985217834203,126.79154785273738,lower,0.0056982048416514,3
2018-01-30 09:30:00-05:00,IWM,-1,1.0,0.16666666666666669,1006,141.41,141.3782160489121,11.162468972251705,2.1933195181380607,False,1011,141.15,141.18172551231214,vertical,0.0013898218699546216,6
2018-01-30 09:30:00-05:00,QQQ,1,1.0,0.16666666666666669,1006,159.01,159.04210514358448,9.922717940469482,0.05730944513038901,False,1011,159.08,159.04788072296446,vertical,3.631478201815419e-05,6
2018-01-30 09:30:00-05:00,SPY,-1,1.0,0.16666666666666669,1006,248.27,248.22637349127572,6.357624001841791,2.7518235337879062,False,1011,247.75,247.79353513326797,vertical,0.0017437242945620435,6
2018-01-30 09:30:00-05:00,TLT,-1,1.0,0.16666666666666669,1006,95.02,95.00257392676235,16.611444140606785,1.5809392904583999,False,1011,94.89,94.90740223205137,vertical,0.0010017801705494156,6
2018-01-30 12:30:00-05:00,GLD,-1,1.0,0.17155275711077256,1009,126.82,126.79829574319494,12.845990450316641,-0.17217968304730585,False,1011,126.79,126.81169912253834,vertical,-0.00010570630515838175,3
2018-01-31 09:30:00-05:00,DIA,-1,1.0,0.16666666666666669,1013,222.89,222.85000150839463,7.096572263991582,9.788392289866193,False,1017,221.43095214310424,221.47068880280392,lower,0.006189422015950741,5
2018-01-31 09:30:00-05:00,GLD,-1,1.0,0.16666666666666669,1013,127.51,127.48803542367025,12.404859283299688,9.372750629173664,False,1016,126.71063764879159,126.73246452882005,lower,0.005926602385386892,4
2018-01-31 09:30:00-05:00,IWM,-1,1.0,0.16666666666666669,1013,141.55,141.51735404689128,11.175103932560386,8.609944599941963,False,1016,140.7144431243447,140.74689637133844,lower,0.005444262866146854,4
2018-01-31 09:30:00-05:00,QQQ,-1,1.0,0.16666666666666669,1013,160.05,160.01645368360278,9.883178281540756,10.142052232581127,False,1017,158.95694308002209,158.99026029280623,lower,0.006413049203212728,5
2018-01-31 09:30:00-05:00,SPY,-1,1.0,0.16666666666666669,1013,248.7,248.6549332130934,6.360103615477676,7.884180637426849,False,1017,247.37047650051633,247.41530236521848,lower,0.00498534588417987,5
2018-01-31 09:30:00-05:00,TLT,-1,1.0,0.16666666666666669,1013,95.14,95.12230847480929,16.625659796237677,-5.743179485994659,False,1018,95.45,95.46774917047986,vertical,-0.003631542392203979,6
2018-01-31 13:30:00-05:00,GLD,-1,1.0,0.2,1017,126.75,126.72816633950438,15.033803795559445,-12.277541852151305,False,1017,127.52286191856525,127.54482871045921,upper,-0.006444205692734517,1
2018-01-31 14:30:00-05:00,GLD,1,1.0,0.2,1018,127.71,127.73199902786504,14.901874416371358,-1.2516257992186535,False,1018,127.67,127.64800786244201,vertical,-0.0006575577463929783,1
2018-01-31 14:30:00-05:00,IWM,-1,1.0,0.2,1018,140.46,140.4276054357213,13.554644064172898,-0.2003050669129696,False,1018,140.41,140.44238303268102,vertical,-0.00010523284872565597,1
2018-01-31 14:30:00-05:00,QQQ,-1,1.0,0.2,1018,159.26,159.2266192667952,11.954321565265149,-5.222114093801415,False,1018,159.63,159.66345828482656,vertical,-0.0027435049493791386,1
2018-02-01 10:30:00-05:00,TLT,-1,1.0,0.2,1021,95.08,95.06225469481413,20.007792626066195,9.67278802664571,False,1023,94.56115519082276,94.57880366113818,lower,0.005085625574819508,3
2018-02-01 11:30:00-05:00,DIA,1,1.0,0.2,1022,223.03,223.07090978714513,8.52731080235753,-12.876477368194788,False,1023,221.60152963688657,221.5608818701804,lower,-0.006769273135639242,2
2018-02-01 11:30:00-05:00,IWM,-1,1.0,0.2,1022,140.78,140.7471186969983,13.514983442145677,-2.1054131376732435,False,1025,140.87,140.90290232386593,vertical,-0.0011068335061479306,4
2018-02-01 11:30:00-05:00,SPY,1,1.0,0.2,1022,248.66,248.70578041184274,7.648374619881038,-10.832219722731688,False,1023,247.3350395392993,247.28950306389817,lower,-0.0056945895893505405,2
2018-02-01 12:30:00-05:00,QQQ,1,1.0,0.2,1023,159.9,159.93430567974087,11.897657899244477,-13.275209748043052,False,1023,158.85260319866168,158.8185222322368,lower,-0.006976511029086918,1
2018-02-01 13:30:00-05:00,DIA,1,1.0,0.2,1024,222.07,222.1107336969525,8.539943858854333,0.414262091743041,False,1025,222.2,222.15924245750057,vertical,0.0002183989928836727,2
2018-02-01 13:30:00-05:00,QQQ,-1,1.0,0.2,1024,158.88,158.84591315573962,11.941214970769813,5.516125083750929,False,1025,158.35,158.3839731356283,vertical,0.0029081013853873294,2
2018-02-01 13:30:00-05:00,SPY,-1,1.0,0.2,1024,247.81,247.76437608035576,7.655713974012708,0.14371622179729474,False,1025,247.7,247.74560366771271,vertical,7.576719841662083e-05,2
2018-02-01 14:30:00-05:00,GLD,1,1.0,0.2,1025,127.98,128.00238316172232,14.825078885687237,0.6703594672889583,False,1025,128.07,128.04760109765763,vertical,0.00035325854736778517,1
2018-02-02 09:30:00-05:00,DIA,-1,1.0,0.16666666666666669,1027,220.11,220.06898115108473,7.185063272578995,11.027753191020118,False,1030,218.4934471225857,218.53416471695445,lower,0.006974251555590949,4
2018-02-02 09:30:00-05:00,GLD,-1,1.0,0.16666666666666669,1027,126.2,126.1777932519779,12.53159936586347,-2.937994991064778,False,1032,126.39,126.41224018131942,vertical,-0.001858068074414021,6
2018-02-02 09:30:00-05:00,IWM,-1,1.0,0.16666666666666669,1027,139.17,139.13732888425326,11.364380548213111,11.466690634084772,False,1031,138.09590722119614,138.12832618626743,lower,0.00725184755289654,5
2018-02-02 09:30:00-05:00,QQQ,-1,1.0,0.16666666666666669,1027,157.02,156.9859199634478,10.07230173426192,11.329804942931975,False,1031,155.82725115356277,155.8610723127472,lower,0.007165277312529028,5
2018-02-02 09:30:00-05:00,SPY,-1,1.0,0.16666666666666669,1027,245.67,245.62388409150904,6.437523613597147,9.291271790060103,False,1030,244.13475730935093,244.18058502998244,lower,0.005876053409321069,4
2018-02-02 09:30:00-05:00,TLT,-1,1.0,0.16666666666666669,1027,93.41,93.39233870060683,16.93082725951978,3.2967857182125235,False,1032,93.18,93.19761781262666,vertical,0.0020849771050749366,6
2018-02-02 13:30:00-05:00,DIA,-1,1.0,0.16951983785995567,1031,217.5,217.45946754059756,7.4307064125232625,7.12700520506758,False,1032,216.46,216.5003386490219,vertical,0.004410609951468802,2
2018-02-02 13:30:00-05:00,SPY,-1,1.0,0.16951983785995567,1031,243.35,243.30431958997326,6.641384183564671,6.035868564734621,False,1032,242.35,242.3954926951715,vertical,0.00373535043000206,2
2018-02-05 09:30:00-05:00,QQQ,-1,1.0,0.2,1034,156.04,156.0051248992048,12.235360235295607,14.074589120677555,False,1035,154.82020164531548,154.85480411992145,lower,0.0073736089120569615,2
2018-02-05 09:30:00-05:00,TLT,-1,1.0,0.2,1034,92.62,92.60218754025745,20.612676140768716,-12.631035061402079,False,1038,93.19704407448143,93.21496750997811,upper,-0.006617337948461088,5
2018-02-05 10:30:00-05:00,IWM,-1,1.0,0.2,1035,137.41,137.3770623092744,13.910602850597435,13.530474723900076,False,1036,136.37170000566388,136.40438881199898,lower,0.007080319530240464,2
2018-02-05 11:30:00-05:00,DIA,-1,1.0,0.2,1036,214.21,214.1684121475607,8.928883932234084,13.85074737415401,False,1036,212.5759121332674,212.61718273532122,lower,0.0072430355003552105,1
2018-02-05 11:30:00-05:00,QQQ,-1,1.0,0.2,1036,154.42,154.38548697087415,12.386429136161013,14.565468441836334,False,1038,153.1753306175636,153.20956546179985,lower,0.007616787899863531,3
2018-02-05 11:30:00-05:00,SPY,-1,1.0,0.2,1036,240.4,240.3533595470926,7.956139650470609,11.707907220989265,False,1036,238.83546635808761,238.88180327290166,lower,0.0061224701704351014,1
2018-02-05 12:30:00-05:00,DIA,-1,1.0,0.2,1037,212.72,212.6787014239723,9.025984667089768,14.513104171461386,False,1038,211.02980623746345,211.0707766704129,lower,0.007560346864983192,2
2018-02-05 12:30:00-05:00,IWM,-1,1.0,0.2,1037,136.0,135.96740029154589,14.11834523535194,14.047817501145028,False,1038,134.94005012449935,134.9723957590055,lower,0.007317963941406935,2
2018-02-05 12:30:00-05:00,SPY,-1,1.0,0.2,1037,238.83,238.78366414572432,8.039221212795473,12.38569091702854,False,1038,237.19698706038713,237.24300609077304,lower,0.006452108273248713,2
2018-02-05 14:30:00-05:00,DIA,-1,1.0,0.16666666666666669,1039,210.22,210.17918678707906,7.644222865452543,13.180052925048201,False,1039,208.4145392888821,208.4550019801951,lower,0.008203404120269209,1
2018-02-05 14:30:00-05:00,GLD,-1,1.0,0.16666666666666669,1039,126.94,126.91751724491114,12.659060627381056,1.963039423451705,False,1039,126.74,126.76244733244025,vertical,0.0012218164666084608,1
2018-02-05 14:30:00-05:00,IWM,-1,1.0,0.16666666666666669,1039,135.1,135.06761602491065,11.895201772005018,11.871158124643046,False,1039,134.0375080226979,134.06963731448798,lower,0.007388734174730738,1
2018-02-05 14:30:00-05:00,QQQ,-1,1.0,0.16666666666666669,1039,152.26,152.2259697331,10.554418200107282,12.747965971835004,False,1039,150.9843923831101,151.01813755039328,lower,0.007934468637804781,1
2018-02-05 14:30:00-05:00,SPY,-1,1.0,0.16666666666666669,1039,236.71,236.66407545088305,6.78876395760139,10.738720318291445,False,1039,235.036638214148,235.08223811122016,lower,0.006683892925655188,1
2018-02-05 14:30:00-05:00,TLT,-1,1.0,0.16666666666666669,1039,93.77,93.75196637497235,17.137310369085945,-5.588871449442698,False,1039,94.06,94.078089397143,vertical,-0.0034785726079202828,1
2018-02-06 09:30:00-05:00,GLD,-1,1.0,0.2,1041,126.17,126.14724226154615,15.35483640318335,11.2800499864332,False,1046,125.39,125.41261704703754,vertical,0.005823553502544931,6
2018-02-06 10:30:00-05:00,IWM,-1,1.0,0.2,1042,132.01,131.97721510319224,14.674159478754683,-20.127211689988986,False,1042,133.31571509903617,133.3488242722986,upper,-0.010392772479961065,1
2018-02-06 11:30:00-05:00,DIA,-1,1.0,0.15996903549263322,1043,208.12,208.07662216417637,7.431847406396038,17.473503728854315,False,1044,205.68258678313666,205.72545659613522,lower,0.01129951814666641,2
2018-02-06 11:30:00-05:00,IWM,-1,1.0,0.15996903549263322,1043,133.66,133.6268053230261,11.57248129238942,-9.565559612555855,False,1046,134.42,134.45338342420192,vertical,-0.0061857207405180414,4
2018-02-06 11:30:00-05:00,QQQ,-1,1.0,0.15996903549263322,1043,150.58,150.5448433333743,10.271980564210148,-19.82426434449496,False,1045,152.43918852088052,152.47477926156006,upper,-0.012819674759048327,3
2018-02-06 11:30:00-05:00,SPY,-1,1.0,0.15996903549263322,1043,233.42,233.37211724168253,6.626300189756694,15.802673823176978,False,1044,230.93990202064415,230.9872760225048,lower,0.01021904950499275,2
2018-02-06 11:30:00-05:00,TLT,1,1.0,0.15996903549263322,1043,93.62,93.63839597424818,16.51452578478343,-2.7540680787342677,False,1046,93.49,93.47162957025783,vertical,-0.001780961775938783,4
2018-02-06 13:30:00-05:00,DIA,-1,1.0,0.16322290355577462,1045,205.81,205.76710363064163,7.7207875770769485,-19.131050194352746,False,1045,208.2015713173244,208.24496615481635,upper,-0.012042073200498438,1
2018-02-06 13:30:00-05:00,SPY,-1,1.0,0.16322290355577462,1045,231.11,231.06259110498354,6.8755573538978565,-17.522366375027925,False,1045,233.56318020554957,233.61109233522842,upper,-0.011029484340400852,1
2018-02-06 14:30:00-05:00,DIA,-1,1.0,0.15970751791361293,1046,210.4,210.35614695052234,7.323292924068693,-8.553102293929834,False,1046,211.48,211.52407815068221,vertical,-0.00555216102353584,1
2018-02-06 14:30:00-05:00,QQQ,-1,1.0,0.15970751791361293,1046,152.3,152.26444175636144,10.117264836934616,-8.005635751156637,False,1046,153.02,153.055726345644,vertical,-0.005196778579129369,1
2018-02-06 14:30:00-05:00,SPY,-1,1.0,0.15970751791361293,1046,235.78,235.73163312160017,6.534972256788552,-7.103102101283769,False,1046,236.77,236.8185699626717,vertical,-0.004610907864498692,1
2018-02-07 09:30:00-05:00,DIA,-1,1.0,0.2,1048,212.88,212.82903516674597,9.037132736852655,14.084079905744293,False,1053,211.22,211.27056741863925,vertical,0.007322627511259006,6
2018-02-07 09:30:00-05:00,SPY,-1,1.0,0.2,1048,237.86,237.8048888528108,8.087992851352313,18.686000538597458,False,1053,235.44,235.49455044351396,vertical,0.009715268766937846,6
2018-02-07 10:30:00-05:00,QQQ,-1,1.0,0.2,1049,153.74,153.69941326800435,12.493738582598931,27.84343198925892,False,1050,151.43084525326623,151.47082237784127,lower,0.014499670771527917,2
2018-02-07 11:30:00-05:00,TLT,1,1.0,0.2,1050,93.15,93.16886679255077,20.61885454811029,-13.486879019817792,False,1052,92.53350453529771,92.51476260900611,lower,-0.007020630453744681,3
2018-02-07 12:30:00-05:00,GLD,-1,1.0,0.2,1051,124.49,124.46715324702099,15.502814136401955,-5.360075706971293,False,1053,124.79,124.81290180981807,vertical,-0.0027778297629328375,3
2018-02-07 12:30:00-05:00,QQQ,-1,1.0,0.2,1051,151.93,151.88989110061078,12.703881271449974,10.29036179781069,False,1053,151.04,151.07987394302472,vertical,0.0053329234204896325,3
2018-02-08 09:30:00-05:00,IWM,-1,1.0,0.2,1055,133.86,133.82252958563487,14.450299444695819,21.835253585735767,False,1056,132.27444410375435,132.31147068548518,lower,0.011291513505450101,2
2018-02-08 09:30:00-05:00,TLT,-1,1.0,0.2,1055,92.04,92.02088705507644,21.014529275312068,-14.17181324001806,False,1056,92.67602369894615,92.69526871998802,upper,-0.007328571659040328,2
2018-02-08 10:30:00-05:00,DIA,1,1.0,0.2,1056,207.76,207.8125621570702,9.313630538988189,-30.355820552836555,False,1060,204.60503637519975,204.5532724068742,lower,-0.015683795610645146,5
2018-02-08 10:30:00-05:00,QQQ,-1,1.0,0.2,1056,148.47,148.42873105477454,13.03985698413886,28.612065113472386,False,1060,146.19389394207712,146.23453021742833,lower,0.014782857885758616,5
2018-02-08 10:30:00-05:00,SPY,-1,1.0,0.2,1056,232.2,232.14314746763074,8.337482481843873,25.31630572585051,False,1060,229.05062119062347,229.1067026198028,lower,0.013080053755415433,5
2018-02-08 11:30:00-05:00,GLD,-1,1.0,0.2,1057,125.3148,125.29142296863857,15.449551388017074,4.142096754486184,False,1060,125.0,125.02331830653823,vertical,0.0021398484888103253,4
2018-02-08 11:30:00-05:00,TLT,-1,1.0,0.2,1057,92.72,92.70074584687839,20.88112948766471,13.086230955424092,False,1058,92.0549285038288,92.07404454879226,lower,0.0067604774089014,2
2018-02-08 13:30:00-05:00,TLT,-1,1.0,0.2,1059,92.26,92.24084137007118,21.02560972347922,-6.694036998674862,False,1060,92.54,92.55921677448096,vertical,-0.003451566569438125,2
2018-02-09 09:30:00-05:00,GLD,-1,1.0,0.2,1062,124.48,124.45664209292636,15.604869684477533,-4.943099609416055,False,1067,124.75,124.77340857091451,vertical,-0.0025451954404460686,6
2018-02-09 09:30:00-05:00,QQQ,-1,1.0,0.2,1062,146.55,146.5066772186426,13.256253695040773,31.552384615813896,False,1063,144.08389480953988,144.126488566428,lower,0.016246281039208,2
2018-02-09 09:30:00-05:00,TLT,-1,1.0,0.2,1062,92.04,92.02059318968925,21.10538102296638,-14.917577631975277,False,1064,92.70785950541539,92.72740713518222,upper,-0.007681040960428875,3
2018-02-09 11:30:00-05:00,DIA,-1,1.0,0.14969791634641338,1064,200.06,200.0059773366407,7.278688254681246,-24.472970735974712,False,1065,203.31335379835323,203.36825497234452,upper,-0.01681088575690204,2
2018-02-09 11:30:00-05:00,IWM,-1,1.0,0.14969791634641338,1064,128.72,128.68253141317047,11.31296643078979,-19.502501944749493,False,1065,130.36848996730714,130.40643840644773,upper,-0.013396589065707731,2
2018-02-09 11:30:00-05:00,QQQ,-1,1.0,0.14969791634641338,1064,142.77,142.72779465374006,10.199703299823266,-26.676799331134248,False,1065,145.30028987115296,145.3432432160131,upper,-0.018324731833895047,2
2018-02-09 11:30:00-05:00,SPY,-1,1.0,0.14969791634641338,1064,224.16,224.1012955487796,6.496085417718496,-22.77653648618145,False,1065,227.54789797191992,227.60748966748022,upper,-0.01564557719362858,2
2018-02-09 13:30:00-05:00,DIA,-1,1.0,0.19953166489471114,1066,203.0,202.94518344165783,9.469614442328673,-35.667438021247335,False,1067,206.65589395363853,206.71169772145953,upper,-0.01855926913823258,2
2018-02-09 13:30:00-05:00,IWM,-1,1.0,0.19953166489471114,1066,131.0,130.9618677371452,14.67459706650987,-12.275091348555115,False,1067,131.76,131.79835348819654,vertical,-0.006387246650530809,2
2018-02-09 13:30:00-05:00,QQQ,-1,1.0,0.19953166489471114,1066,145.36,145.3170290037659,13.224965121399233,-39.21600156890586,False,1067,148.2385080142276,148.2823299485261,upper,-0.020405736100504557,2
2018-02-09 13:30:00-05:00,SPY,-1,1.0,0.19953166489471114,1066,227.58,227.52039989735576,8.44677066754092,-33.49588823599365,False,1067,231.42531870339508,231.48592584263932,upper,-0.017429320390930148,2
2018-02-12 09:30:00-05:00,GLD,1,1.0,0.2,1069,125.51,125.53395715928687,15.148501809396127,-2.9976716845471536,False,1074,125.36,125.33607147248662,vertical,-0.0015763518595144355,6
2018-02-12 09:30:00-05:00,TLT,1,1.0,0.2,1069,92.77,92.7900462372092,20.494131151812518,-10.24692365734615,False,1074,92.31,92.29005316204827,vertical,-0.005388434378863716,6
2018-02-12 11:30:00-05:00,DIA,-1,1.0,0.1501399720875086,1071,209.21,209.14876852989022,6.819253791935456,0.25629407413012006,False,1074,209.05,209.11118464139597,vertical,0.00017969930570682635,4
2018-02-12 11:30:00-05:00,IWM,-1,1.0,0.1501399720875086,1071,132.81,132.76975967297014,10.742194129062996,-3.228537572971258,False,1074,133.03,133.0703069852028,vertical,-0.0022636729400802302,4
2018-02-12 11:30:00-05:00,QQQ,-1,1.0,0.1501399720875086,1071,149.84,149.79209579340701,9.52145388794847,-0.8169904090326187,False,1074,149.83,149.8779010095691,vertical,-0.0005728287310995395,4
2018-02-12 11:30:00-05:00,SPY,-1,1.0,0.1501399720875086,1071,233.63,233.56417183668663,6.10640973596474,1.0284916131814004,False,1074,233.33,233.39574363457567,vertical,0.0007211217404898829,4
2018-02-13 09:30:00-05:00,GLD,1,1.0,0.2,1076,125.88,125.90401542509363,15.078552524564046,2.4416562277241827,False,1081,126.09,126.0659445110418,vertical,0.0012861312278360515,6
2018-02-13 14:30:00-05:00,TLT,1,1.0,0.2,1081,92.71,92.730157812917,20.478895216681785,-0.8256194770493863,False,1081,92.71,92.689842187083,vertical,-0.0004347628299666839,1
2018-02-14 09:30:00-05:00,GLD,1,1.0,0.2,1083,127.53,127.5543311116753,14.885997993502336,13.705520552801342,False,1085,128.49954600472842,128.47502991593308,upper,0.0072180912732136004,3
2018-02-14 09:30:00-05:00,IWM,1,1.0,0.2,1083,134.18,134.22294748672218,14.146414994937915,24.184546942784127,False,1087,135.97605824200602,135.9325358843083,upper,0.012736930827385029,5
2018-02-14 09:30:00-05:00,QQQ,1,1.0,0.2,1083,151.74,151.79163893047598,12.509078433895905,19.466092736261878,False,1088,153.4,153.34779615173974,vertical,0.010251929765225931,6
2018-02-14 09:30:00-05:00,SPY,1,1.0,0.2,1083,234.71,234.78072044288018,8.087433727135545,19.311148375751085,False,1088,237.24,237.16851724311323,vertical,0.01017032742607138,6
2018-02-14 09:30:00-05:00,TLT,-1,1.0,0.2,1083,92.25,92.22997228263527,20.587380327646756,12.963528300772753,False,1087,91.58040669802108,91.60028904492076,lower,0.006827316783581727,5
2018-02-14 12:30:00-05:00,DIA,1,1.0,0.10130494697355719,1086,210.63,210.69601635482417,4.591240737517231,3.708219676224962,False,1088,211.57,211.50368902725089,vertical,0.0038333552119302894,3
2018-02-14 12:30:00-05:00,GLD,1,1.0,0.10130494697355719,1086,128.56,128.58452762265333,7.523114572226667,-2.7007688005051143,False,1088,128.25,128.22553152142743,vertical,-0.0027919074546777223,3
2018-02-15 09:30:00-05:00,DIA,1,1.0,0.2,1090,213.08,213.14830282319156,8.993274397018475,10.369073104060016,False,1095,214.37,214.30128366713174,vertical,0.005409289347692248,6
2018-02-15 09:30:00-05:00,QQQ,1,1.0,0.2,1090,154.95,155.00387760899306,12.366794973886083,13.873282063443312,False,1095,156.18,156.12569470814756,vertical,0.007237348616428552,6
2018-02-15 09:30:00-05:00,TLT,1,1.0,0.2,1090,92.45,92.47008136303451,20.729960937549713,-10.159027894664048,False,1095,92.0,91.98001638291859,vertical,-0.00529971394955242,6
2018-02-15 12:30:00-05:00,IWM,1,1.0,0.2,1093,136.5,136.54445486923376,14.03032879864684,8.430341154671485,False,1095,137.19,137.14532041384484,vertical,0.00440051223747262,3
2018-02-15 13:30:00-05:00,SPY,1,1.0,0.19988590884674462,1094,239.41,239.48422908977523,8.009039922746389,4.655778918191522,False,1095,240.14,240.06554457366596,vertical,0.002427364365913176,2
2018-02-16 09:30:00-05:00,IWM,1,1.0,0.2,1097,137.77,137.81488375690117,13.948675292632373,-2.9254336203267726,False,1102,137.65,137.6051553376102,vertical,-0.0015218125471913035,6
2018-02-16 09:30:00-05:00,TLT,-1,1.0,0.2,1097,92.66,92.63962063963383,20.750679360991047,2.475067767350991,False,1102,92.5,92.5203441704497,vertical,0.0012875319259791906,6
2018-02-16 10:30:00-05:00,GLD,1,1.0,0.2,1098,128.56,128.5854491603861,14.943402569627267,-13.479547790353932,False,1100,127.70868973654841,127.68340909771983,lower,-0.007015102164018128,3
2018-02-16 11:30:00-05:00,SPY,1,1.0,0.2,1099,241.64,241.71589887489245,7.957185423468348,-12.583083935917253,False,1102,240.21,240.13455028663338,vertical,-0.006542178630448814,4
2018-02-16 13:30:00-05:00,GLD,1,1.0,0.2,1101,127.88,127.90531455063919,14.999268149426394,0.29034146107680087,False,1102,127.95,127.92467159247512,vertical,0.00015133883923379443,2
2018-02-20 09:30:00-05:00,DIA,1,1.0,0.2,1104,213.13,213.20022788213998,8.99197224992203,-8.903632265069989,False,1109,212.28,212.2100521990303,vertical,-0.004644346269916166,6
2018-02-20 09:30:00-05:00,GLD,-1,1.0,0.2,1104,127.14,127.11486900131432,15.081560071256762,12.486596741399486,False,1104,126.26197355291232,126.28693099739408,lower,0.0065133057243812464,1
2018-02-20 09:30:00-05:00,SPY,1,1.0,0.2,1104,239.49,239.56622783866857,8.00234052223874,-7.139849388973339,False,1109,238.75,238.67400769768213,vertical,-0.003724315188480154,6
2018-02-20 10:30:00-05:00,GLD,-1,1.0,0.2,1105,126.35,126.32502515586017,15.214568677801063,0.7617946422377817,False,1109,126.25,126.27495507774161,vertical,0.00039635913831637115,5
2018-02-20 10:30:00-05:00,TLT,1,1.0,0.2,1105,91.94,91.96026211855042,20.900122799574703,2.078410812368373,False,1109,92.08,92.05970702766888,vertical,0.0010813900137676136,5
2018-02-20 11:30:00-05:00,QQQ,1,1.0,0.19979275511544103,1106,156.95,157.00579624779013,12.226588564656073,-15.664418637246772,False,1109,155.78,155.72461969110705,vertical,-0.008160058974262974,4
2018-02-20 12:30:00-05:00,IWM,1,1.0,0.0006976797979469929,1107,137.17,137.21493097287868,0.048787767998465265,-0.035598107589304775,False,1109,136.53,136.48527866350423,vertical,-0.0053175868267474335,3
2018-02-21 09:30:00-05:00,IWM,1,1.0,0.2,1111,137.56,137.60536166115207,13.907940580581139,18.727613140590407,False,1114,138.99773849603457,138.95190272753675,upper,0.009785527614109002,4
2018-02-21 09:30:00-05:00,QQQ,1,1.0,0.2,1111,156.99,157.04641498895919,12.186252030568333,-21.840520938552515,False,1116,155.31,155.25418872580894,vertical,-0.011412080073755493,6
2018-02-21 10:30:00-05:00,SPY,1,1.0,0.2,1112,240.46,240.53767208598228,7.96883993758376,-21.996343520734882,False,1116,237.85420815524816,237.77737777802503,lower,-0.011475517676792668,5
2018-02-21 10:30:00-05:00,TLT,-1,1.0,0.2,1112,91.66,91.63985524572576,20.916731073749762,12.243287202296104,False,1115,91.03451332142497,91.05452060815128,lower,0.006387336994421733,4
2018-02-21 12:30:00-05:00,DIA,-1,1.0,0.19851012318023997,1114,213.57,213.4986244264627,8.90455271374549,20.802345678833074,False,1116,211.0919298531874,211.16247725011755,lower,0.01094221184150912,3
2018-02-21 14:30:00-05:00,GLD,-1,1.0,0.2,1116,125.63,125.60494987457557,15.276012234239555,-1.3764943733336712,False,1116,125.67,125.69505810126633,vertical,-0.0007173939146565278,1
2018-02-22 09:30:00-05:00,DIA,-1,1.0,0.2,1118,212.55,212.47794422591173,9.013261013831626,0.6846746455788552,False,1123,212.33,212.40198119271784,vertical,0.00035751020403851363,6
2018-02-22 09:30:00-05:00,GLD,-1,1.0,0.2,1118,126.1843,126.15878116020268,15.180228862219169,-2.531471331559294,False,1123,126.3,126.32554223834819,vertical,-0.0013218348862593654,6
2018-02-22 09:30:00-05:00,TLT,-1,1.0,0.2,1118,91.65,91.62968333920963,20.900641595593008,7.512847420342911,False,1123,91.25,91.27022799014863,vertical,0.0039229137978171735,6
2018-02-22 10:30:00-05:00,IWM,1,1.0,0.13327920019494982,1119,138.05,138.09612445032184,9.240652035046535,-14.636366699080085,False,1122,136.557839749975,136.51221385141935,lower,-0.01146962382331218,4
2018-02-22 10:30:00-05:00,QQQ,1,1.0,0.13327920019494982,1119,156.7,156.7575100371662,8.140587542704342,-11.352458840911963,False,1123,155.42,155.36295973212268,vertical,-0.008896226437335564,5
2018-02-22 10:30:00-05:00,SPY,-1,1.0,0.13327920019494982,1119,239.77,239.69136825856665,5.3239223535881255,9.760821375993611,False,1123,237.78,237.85797912782263,vertical,0.007648957674463497,5
2018-02-22 14:30:00-05:00,IWM,-1,1.0,0.13537648097364996,1123,136.83,136.7842831688697,9.468103372395223,2.5439526816944413,False,1123,136.47,136.51559655005738,vertical,0.001964309148592802,1
2018-02-23 09:30:00-05:00,TLT,-1,1.0,0.2,1125,91.83,91.80968970693584,20.84219625345661,-5.015983423854992,False,1130,92.03,92.05035452761294,vertical,-0.002621344451172014,6
2018-02-23 10:30:00-05:00,QQQ,1,1.0,0.2,1126,156.82,156.87883228736914,12.194214074648391,19.043767039067642,False,1130,158.5,158.44053744708577,vertical,0.009954849465324322,5
2018-02-23 10:30:00-05:00,SPY,1,1.0,0.2,1126,239.5,239.5803770487653,7.984852884272977,15.63860923609022,False,1130,241.62,241.53891147172158,vertical,0.008174853245838332,5
2018-02-23 13:30:00-05:00,IWM,-1,1.0,0.2,1129,137.56,137.513284106802,13.9190876493739,-11.186393607033601,False,1130,138.27,138.3169570118675,vertical,-0.005844329224522937,2
2018-02-23 14:30:00-05:00,DIA,1,1.0,0.19762730369370018,1130,214.75,214.82413304871434,8.819856586677947,3.4533927190799485,False,1130,215.29,215.2156805398942,vertical,0.0018226420170917024,1
2018-02-26 09:30:00-05:00,DIA,1,1.0,0.2,1132,216.6,216.67558836744914,8.85149205632297,17.243506823579093,False,1137,218.7,218.62367878134285,vertical,0.008990816310096017,6
2018-02-26 09:30:00-05:00,GLD,1,1.0,0.2,1132,126.49,126.51532413883156,15.159446195853494,-1.3740562871047104,False,1137,126.45,126.42468386943435,vertical,-0.0007164370799678244,6
2018-02-26 09:30:00-05:00,QQQ,1,1.0,0.2,1132,159.52,159.58007371345,12.018431904458597,11.531034678912672,False,1137,160.6,160.53951956883108,vertical,0.006012316156112973,6
2018-02-26 09:30:00-05:00,TLT,1,1.0,0.2,1132,92.59,92.61033268814488,20.709376519485218,-11.815713830295648,False,1137,92.06,92.03978369942094,vertical,-0.006160748721691811,6
2018-02-26 10:30:00-05:00,IWM,1,1.0,0.09997768059371437,1133,138.37,138.41730584073338,6.927971316824978,4.746503158219938,False,1137,139.15,139.10242749340142,vertical,0.004949682039443459,5
2018-02-26 10:30:00-05:00,SPY,1,1.0,0.09997768059371437,1133,243.17,243.2520577758518,3.9422117674352055,4.3579412040873,False,1137,244.44,244.35751366233822,vertical,0.004544487296814781,5
2018-02-27 09:30:00-05:00,GLD,-1,1.0,0.2,1139,125.67,125.64531688907478,15.30371477418955,10.59029762498496,False,1139,124.92877106577464,124.95330859035465,lower,0.005507633040800597,1
2018-02-27 09:30:00-05:00,SPY,1,1.0,0.2,1139,245.07,245.15258464165305,7.84344205546001,-18.92064811861022,False,1140,242.82212289635757,242.74029575307267,lower,-0.009839948830670076,2
2018-02-27 10:30:00-05:00,GLD,-1,1.0,0.2,1140,125.005,124.98044750313355,15.382461672183927,-2.5246862260274154,False,1144,125.12,125.1445750842601,vertical,-0.0013132260638004656,5
2018-02-27 10:30:00-05:00,IWM,1,1.0,0.2,1140,138.46,138.50740146255842,13.880174800687765,-19.353931013435997,False,1144,137.16,137.11304358945173,vertical,-0.010067027887196378,5
2018-02-27 10:30:00-05:00,QQQ,1,1.0,0.2,1140,159.59,159.64990156780675,12.04201771883221,-13.480169269958191,False,1144,158.59,158.5304737788178,vertical,-0.007011766233463779,5
2018-02-27 10:30:00-05:00,TLT,1,1.0,0.2,1140,91.51,91.5298615978628,21.004150011019323,8.405468169982907,False,1144,91.95,91.93004290325118,vertical,0.004372139304072986,5
2018-02-27 11:30:00-05:00,DIA,1,1.0,0.2,1141,217.84,217.91566590447465,8.807689857945174,-15.772477724480595,False,1144,216.2,216.12490374335556,vertical,-0.008217684367419875,4
2018-02-28 09:30:00-05:00,QQQ,1,1.0,0.2,1146,159.74,159.80075422924813,11.968835017685333,-22.66413396647096,False,1151,157.96723856718398,157.90715857578795,lower,-0.011849729136720222,6
2018-02-28 09:30:00-05:00,SPY,1,1.0,0.2,1146,242.77,242.85304571531157,7.875663479689948,-19.325624107495916,False,1150,240.4814678131754,240.39920494909123,lower,-0.010104220677952247,5
2018-02-28 11:30:00-05:00,DIA,-1,1.0,0.2,1148,215.88,215.80361722818216,8.841225707800225,18.15173829861032,False,1151,213.6749352617328,213.7505378364191,lower,0.009513646796717956,4
2018-02-28 11:30:00-05:00,GLD,-1,1.0,0.2,1148,125.25,125.22558799967065,15.236250984735657,3.5230870467086115,False,1151,124.97,124.99435742659607,vertical,0.0018465121766901849,4
2018-02-28 11:30:00-05:00,TLT,-1,1.0,0.2,1148,92.37,92.35000607602275,20.660188012369368,-4.339148658295566,False,1151,92.54,92.5600307212824,vertical,-0.002274224487725185,4
2018-02-28 14:30:00-05:00,IWM,-1,1.0,0.10118351998282404,1151,135.81,135.7628409131646,7.111827565126935,4.807234178249794,False,1151,135.04,135.0868917096403,vertical,0.004978897016133077,1
2018-02-28 14:30:00-05:00,SPY,-1,1.0,0.10118351998282404,1151,240.35,240.26778210785872,4.018524272608277,6.09264098185692,False,1151,238.67,238.75164320498172,vertical,0.006310204762269733,1
2018-03-01 09:30:00-05:00,GLD,-1,1.0,0.2,1153,123.83,123.80594140415108,15.426384228133246,-13.199502026440392,False,1157,124.6373705246926,124.66158598237755,upper,-0.006911175413087056,5
2018-03-01 12:30:00-05:00,DIA,-1,1.0,0.16003331516017846,1156,210.61,210.5348992823434,7.25975944472664,15.327812982375475,False,1156,208.34926574872566,208.42356031869366,lower,0.010028451201424149,1
2018-03-01 12:30:00-05:00,IWM,-1,1.0,0.16003331516017846,1156,134.83,134.7823827750656,11.340003730757017,14.075295661190276,False,1156,133.4940300459232,133.54117545314784,lower,0.009208972985654706,1
2018-03-01 12:30:00-05:00,QQQ,-1,1.0,0.16003331516017846,1156,155.76,155.70044617956128,9.816495463005301,15.985688903977096,False,1156,154.013108553422,154.0719944613059,lower,0.01045887637584142,1
2018-03-01 12:30:00-05:00,SPY,-1,1.0,0.16003331516017846,1156,236.68,236.59820167273236,6.460035252608238,13.877920588361604,False,1156,234.36892887089172,234.4499284751893,lower,0.00907983738825957,1
2018-03-01 12:30:00-05:00,TLT,1,1.0,0.16003331516017846,1156,92.78,92.80010691888178,16.470161234249378,8.949046546259044,False,1156,93.36368938788453,93.34345597412052,upper,0.005855047728702267,1
2018-03-01 13:30:00-05:00,DIA,-1,1.0,0.2,1157,209.15,209.07541989887525,9.192544788905094,-3.670117521850885,False,1158,209.4,209.47466924779118,vertical,-0.0019095948682492647,2
2018-03-01 13:30:00-05:00,SPY,-1,1.0,0.2,1157,235.22,235.13870625933794,8.17362310210136,-3.6183342238366807,False,1158,235.5,235.581390510696,vertical,-0.0018826515566086055,2
2018-03-01 14:30:00-05:00,GLD,1,1.0,0.2,1158,125.08,125.10430145496878,15.329037124389936,-6.109156421312454,False,1158,124.73,124.7057665455848,vertical,-0.0031856211556997582,1
2018-03-01 14:30:00-05:00,TLT,1,1.0,0.2,1158,93.2,93.22019793963982,20.572027562801548,-1.4480522201665709,False,1158,93.17,93.1498085618429,vertical,-0.0007550871951859106,1
2018-03-02 09:30:00-05:00,DIA,-1,1.0,0.2,1160,206.65,206.5745593533958,9.284357901007757,-24.129788337573377,False,1165,209.09719754882966,209.1735315811849,upper,-0.01258127930140196,6
2018-03-02 09:30:00-05:00,GLD,1,1.0,0.2,1160,125.456,125.4806323159027,15.284527236454093,-1.761567338310031,False,1165,125.39,125.36538064268714,vertical,-0.0009184817695642167,6
2018-03-02 09:30:00-05:00,QQQ,-1,1.0,0.2,1160,153.65,153.59034489136877,12.487192105964702,-24.067780742001766,False,1161,155.45738539094646,155.5177422227917,upper,-0.012548948521380998,2
2018-03-02 09:30:00-05:00,SPY,-1,1.0,0.2,1160,233.53,233.44740513968546,8.215607027768398,-20.899393048629687,False,1162,235.9078340289195,235.99126988126702,upper,-0.010896950171964459,3
2018-03-02 09:30:00-05:00,TLT,1,1.0,0.2,1160,92.69,92.71046609083069,20.687115739455685,-6.8447076975587615,False,1165,92.4,92.37959794160368,vertical,-0.003568832766980723,6
2018-03-02 11:30:00-05:00,IWM,-1,1.0,0.09582631627413984,1162,136.14,136.09078142663296,6.702351807475268,-5.219007322223114,False,1165,136.82,136.86946441316348,vertical,-0.005721790839670726,4
2018-03-02 11:30:00-05:00,QQQ,-1,1.0,0.09582631627413984,1162,155.44,155.37964991808892,5.870320182574483,-6.8160519351992095,False,1165,156.48,156.54075386526918,vertical,-0.007472689942295219,4
2018-03-05 09:30:00-05:00,TLT,1,1.0,0.2,1167,92.69,92.71061564096227,20.49349440579205,-12.815548094423605,False,1168,92.10575419794557,92.0852685019794,lower,-0.006745151401050364,2
2018-03-05 10:30:00-05:00,DIA,-1,1.0,0.2,1168,210.03,209.95138406625858,9.040552729027626,-23.822058696141024,False,1172,212.50686339443456,212.58640643824836,upper,-0.012550631107810073,5
2018-03-05 10:30:00-05:00,IWM,1,1.0,0.2,1168,137.58,137.63061205772692,13.791092910254761,4.394137021816606,False,1172,138.0,137.9492334353372,vertical,0.0023150473055850718,5
2018-03-05 10:30:00-05:00,QQQ,-1,1.0,0.2,1168,157.2,157.13774514156617,12.07906194958668,-13.346129211813663,False,1172,158.18,158.24264296124085,vertical,-0.007031396681168367,5
2018-03-05 10:30:00-05:00,SPY,-1,1.0,0.2,1168,238.18,238.0938770268575,7.971967116017998,-11.421449618676048,False,1172,239.44,239.52657857372253,vertical,-0.006017380895113833,5
2018-03-06 09:30:00-05:00,GLD,1,1.0,0.2,1174,126.57,126.59440786332343,14.91821246412969,-1.4740101628946711,False,1179,126.52,126.49560177871786,vertical,-0.0007804932798630704,6
2018-03-06 09:30:00-05:00,QQQ,1,1.0,0.2,1174,159.31,159.37369722840023,11.849899363062585,-6.72148250614745,False,1179,158.87,158.80647869765903,vertical,-0.0035590473246555066,6
2018-03-06 09:30:00-05:00,SPY,1,1.0,0.2,1174,239.92,240.00731125258042,7.868769761302197,-0.43015554751209917,False,1179,240.04,239.95264507723653,vertical,-0.00022776879195307576,6
2018-03-06 09:30:00-05:00,TLT,-1,1.0,0.2,1174,92.53,92.50955000577895,20.41478175126539,5.086630808849511,False,1179,92.24,92.26038590151248,vertical,0.0026933879177977182,6
2018-03-06 11:30:00-05:00,IWM,1,1.0,0.2,1176,138.53,138.58122981036286,13.601503353982077,11.794974302658924,False,1179,139.5,139.44841147371963,vertical,0.006257569402028373,4
2018-03-06 12:30:00-05:00,DIA,1,1.0,0.001421220168835502,1177,212.19,212.26989941377303,0.06326819497823831,-0.03161326970796035,False,1179,211.85,211.7702286120561,vertical,-0.0023539409171855485,3
2018-03-07 09:30:00-05:00,DIA,1,1.0,0.2,1181,210.69,210.76884559259557,8.968152464308998,3.426791439026003,False,1186,211.23,211.15095232557806,vertical,0.0018129184695592215,6
2018-03-07 09:30:00-05:00,GLD,1,1.0,0.2,1181,126.05,126.07401403688358,14.992836996907302,-5.966570319837194,False,1186,125.7,125.67605264231443,vertical,-0.003156569556456934,6
2018-03-07 11:30:00-05:00,SPY,1,1.0,0.2,1183,238.16,238.24648605477347,7.918717461517825,12.87879804315382,False,1186,239.96,239.87286028844707,vertical,0.006826435346877213,4
2018-03-07 11:30:00-05:00,TLT,-1,1.0,0.2,1183,92.6,92.57984650153054,20.378156591953392,8.554609887335804,False,1186,92.14,92.16005338389822,vertical,0.004534389864487176,4
2018-03-07 14:30:00-05:00,IWM,1,1.0,0.10109700364127128,1186,140.62,140.6717562186609,6.803469620676383,0.043862488254829274,False,1186,140.73,140.67820329503522,vertical,4.5830638271793234e-05,1
2018-03-07 14:30:00-05:00,QQQ,1,1.0,0.10109700364127128,1186,159.12,159.1835541860206,6.012279502205647,-0.04302568356684783,False,1186,159.24,159.17639788472903,vertical,-4.495628539114005e-05,1
2018-03-08 09:30:00-05:00,GLD,1,1.0,0.2,1188,125.31,125.33363333774982,15.111554534350308,0.796597506592797,False,1193,125.41,125.38634780235252,vertical,0.00042059312571463003,6
2018-03-08 09:30:00-05:00,TLT,1,1.0,0.2,1188,92.85,92.8699486845318,20.393960177638494,-5.095476854651597,False,1193,92.64,92.62009643365614,vertical,-0.00269034552527192,6
2018-03-08 11:30:00-05:00,IWM,1,1.0,0.2,1190,139.94,139.9906139312207,13.523884370728053,5.660882458695127,False,1193,140.46,140.40919799357397,vertical,0.0029900866250855973,4
2018-03-09 09:30:00-05:00,DIA,1,1.0,0.2,1195,213.84,213.9122621948403,8.855305518055944,16.247772265015353,False,1200,215.82,215.74706871076302,vertical,0.008577378861299056,6
2018-03-09 09:30:00-05:00,IWM,1,1.0,0.2,1195,141.41,141.45874522166213,13.390889568725825,15.188399726640515,False,1199,142.64214898786574,142.59297903403802,upper,0.008018124369748802,5
2018-03-09 09:30:00-05:00,QQQ,1,1.0,0.2,1195,161.73,161.78932275007162,11.708179523812,15.698549211765009,False,1200,163.19,163.13014172024862,vertical,0.008287437930921238,6
2018-03-09 09:30:00-05:00,SPY,1,1.0,0.2,1195,243.14,243.22167444328022,7.788197495678142,15.155383198221982,False,1200,245.25,245.1676167754607,vertical,0.008000694578863543,6
2018-03-09 09:30:00-05:00,TLT,-1,1.0,0.2,1195,91.93,91.91056813914925,20.609800093129238,-3.4808138833729134,False,1200,92.06,92.07945933982292,vertical,-0.001837560185875109,6
2018-03-12 09:30:00-04:00,GLD,-1,1.0,0.2,1202,124.95,124.92695732847021,15.257077692895043,-9.70646354366676,False,1207,125.54,125.5631514764614,vertical,-0.005092528959289799,6
2018-03-12 09:30:00-04:00,IWM,1,1.0,0.2,1202,143.2,143.2482384099111,13.305715414407354,-4.47598908761668,False,1207,142.96,142.91184243658597,vertical,-0.0023483428282203844,6
2018-03-12 09:30:00-04:00,QQQ,1,1.0,0.2,1202,164.12,164.17822496973272,11.609458527456002,-3.672988709059859,False,1207,163.92,163.86184598441025,vertical,-0.0019270459610633006,6
2018-03-12 09:30:00-04:00,SPY,1,1.0,0.2,1202,245.75,245.830088100544,7.753405242721531,-7.287596200376253,False,1207,244.97,244.89016609566525,vertical,-0.0038234620185887414,6
2018-03-12 09:30:00-04:00,TLT,1,1.0,0.2,1202,92.45,92.46912742758526,20.612504377637855,2.30270759387088,False,1207,92.6,92.58084153818936,vertical,0.0012081233349106046,6
2018-03-13 09:30:00-04:00,IWM,1,1.0,0.2,1209,143.74,143.78687901894762,13.224101120224736,-16.91859532942097,False,1210,142.55399540850752,142.5075031902536,lower,-0.008897723056673468,2
2018-03-13 09:30:00-04:00,QQQ,1,1.0,0.2,1209,164.74,164.7959674854738,11.538220606494454,-19.257910321204765,False,1209,163.18235204212053,163.1269137398412,lower,-0.010128001134370734,1
2018-03-13 09:30:00-04:00,SPY,1,1.0,0.2,1209,246.06,246.1367833071101,7.725185168831923,-16.046745114604835,False,1210,244.1357673872977,244.05958453919615,lower,-0.008439204981898984,2
2018-03-13 10:30:00-04:00,QQQ,1,1.0,0.2,1210,163.09,163.1454069273153,11.602891216592255,-14.624552842297122,False,1214,161.94,161.88498376473459,vertical,-0.007725765538359575,5
2018-03-13 11:30:00-04:00,DIA,1,1.0,0.2,1211,213.96,214.02688594890756,8.831520487679333,-9.480443345689492,False,1214,213.02,212.9534079041116,vertical,-0.005015622406673859,4
2018-03-13 11:30:00-04:00,SPY,1,1.0,0.2,1211,244.31,244.3862372175895,7.734407836105186,-8.370054170099182,False,1214,243.38,243.30405298998429,vertical,-0.004428171733098396,4
2018-03-13 11:30:00-04:00,TLT,1,1.0,0.2,1211,92.94,92.95882838592844,20.333548313718953,2.080424271799694,False,1214,93.08,93.06114325196666,vertical,0.0011006471124339612,4
2018-03-13 12:30:00-04:00,GLD,1,1.0,0.199903373055192,1212,125.79,125.81311746766218,15.03444977175052,-1.4467011511689227,False,1214,125.74,125.71689172125095,vertical,-0.0007648307930686604,3
2018-03-14 09:30:00-04:00,TLT,1,1.0,0.2,1216,93.53,93.54854102300801,20.146111224161412,5.899839763922791,False,1221,93.86,93.84139355907696,vertical,0.0031304874759823242,6
2018-03-14 10:30:00-04:00,IWM,-1,1.0,0.2,1217,141.7,141.65546503666044,13.314100701481859,0.01275969443263982,False,1221,141.61,141.6545066771949,vertical,6.76542528954549e-06,5
2018-03-14 11:30:00-04:00,DIA,-1,1.0,0.2,1218,210.82,210.75775847911356,8.947850514069504,-2.9039540965274244,False,1221,211.02,211.08230056796063,vertical,-0.00153988204841915,4
2018-03-14 11:30:00-04:00,SPY,-1,1.0,0.2,1218,242.26,242.1882792522891,7.786623379849826,-0.10436418398976229,False,1221,242.13,242.20168226138543,vertical,-5.534127884998519e-05,4
2018-03-15 09:30:00-04:00,GLD,-1,1.0,0.2,1223,125.07,125.04724443440988,15.076063267687234,2.3296325562207936,False,1228,124.87,124.89271917706276,vertical,0.0012357350059654104,6
2018-03-15 09:30:00-04:00,IWM,-1,1.0,0.2,1223,141.22,141.17675283116336,13.353616163687327,3.119453597080738,False,1228,140.9,140.94314917213626,vertical,0.0016546892766861054,6
2018-03-15 10:30:00-04:00,DIA,-1,1.0,0.2,1224,213.31,213.2488450352657,8.83581574765532,16.91307752905475,False,1226,211.27412365430325,211.33469494295048,lower,0.008976133455722457,3
2018-03-15 10:30:00-04:00,SPY,-1,1.0,0.2,1224,243.12,243.04964110467785,7.752438944439342,8.369806568691708,False,1228,241.9,241.97000582748612,vertical,0.004442036088943446,5
2018-03-15 13:30:00-04:00,DIA,-1,1.0,0.2,1227,211.65,211.58932094938817,8.94448434323144,-4.127482189031212,False,1228,211.99,212.05077652699836,vertical,-0.0021809020206675633,2
2018-03-15 13:30:00-04:00,QQQ,-1,1.0,0.2,1227,161.33,161.27926676528665,11.734660048901736,-4.594796092406617,False,1228,161.62,161.67082443063518,vertical,-0.002427823942914964,2
2018-03-16 09:30:00-04:00,GLD,-1,1.0,0.2,1230,124.49,124.46743061445869,15.181659150578858,-2.0518784725864854,False,1235,124.58,124.60258570207033,vertical,-0.0010858670974760454,6
2018-03-16 09:30:00-04:00,IWM,-1,1.0,0.2,1230,141.51,141.46710939048862,13.35732464654489,-3.0163998321343253,False,1235,141.65,141.69293304245133,vertical,-0.0015962979164250157,6
2018-03-16 09:30:00-04:00,SPY,-1,1.0,0.2,1230,242.94,242.8704321669094,7.780371163659884,5.065726192324041,False,1235,242.15,242.21934161020374,vertical,0.0026808144198393613,6
2018-03-16 09:30:00-04:00,TLT,1,1.0,0.2,1230,93.51,93.52845637484162,20.20371318183466,0.26421166808785246,False,1235,93.56,93.54153375649469,vertical,0.00013982248996669,6
2018-03-16 10:30:00-04:00,DIA,-1,1.0,0.1992796047321732,1231,213.0,212.93912263154502,8.840002704316198,3.963929473959765,False,1235,212.43,212.4907144571873,vertical,0.002105804554917823,5
2018-03-19 09:30:00-04:00,DIA,1,1.0,0.2,1237,211.05,211.10856035100542,8.95495294743012,-17.669390470236536,False,1239,209.19346393457195,209.13541871933361,lower,-0.009346573290969884,3
2018-03-19 09:30:00-04:00,IWM,-1,1.0,0.2,1237,140.58,140.53835126703336,13.45161094960433,13.811577921405535,False,1239,139.47027116781382,139.51159112855257,lower,0.007305907100972564,3
2018-03-19 09:30:00-04:00,QQQ,-1,1.0,0.2,1237,159.34,159.2919906260206,11.867936468829303,16.978933279594578,False,1238,157.81378520702376,157.86133473026408,lower,0.008981342314412832,2
2018-03-19 09:30:00-04:00,SPY,-1,1.0,0.2,1237,240.7,240.6332630313678,7.856217386274372,12.30344865637526,False,1238,239.00091922401324,239.0671851020744,lower,0.006508152320941707,2
2018-03-19 09:30:00-04:00,TLT,-1,1.0,0.2,1237,93.32,93.30183782577022,20.261843376259982,0.6826068158875522,False,1242,93.25,93.26814855065287,vertical,0.00036107836568299856,6
2018-03-19 11:30:00-04:00,GLD,-1,1.0,0.2,1239,124.98,124.95801071643888,15.166616595230606,0.8499224386941457,False,1242,124.88,124.90197168931918,vertical,0.0004484628620318176,4
2018-03-19 11:30:00-04:00,SPY,-1,1.0,0.2,1239,238.92,238.8537565577665,7.934521383927224,-0.7337511648787841,False,1242,238.88,238.94623235175266,vertical,-0.0003871649134552513,4
2018-03-19 12:30:00-04:00,DIA,-1,1.0,0.133732569058224,1240,208.72,208.66208615748945,6.076565923565978,-6.842869080942807,False,1242,209.73,209.78819408868213,vertical,-0.005396801843257526,3
2018-03-19 12:30:00-04:00,IWM,-1,1.0,0.133732569058224,1240,138.97,138.92882825138443,9.126607762000997,-11.147849264620616,False,1241,140.10878601911205,140.15029514854146,upper,-0.008792033392427623,2
2018-03-19 12:30:00-04:00,QQQ,-1,1.0,0.133732569058224,1240,156.78,156.73276195774764,8.089877996449811,-9.342154415001676,False,1242,157.84,157.8875574217956,vertical,-0.00736792646045048,3
2018-03-19 14:30:00-04:00,IWM,-1,1.0,0.13187514039215087,1242,139.77,139.72859124052678,8.933805717770321,-5.923018062094758,False,1242,140.35,140.39158059234504,vertical,-0.004744836729062785,1
2018-03-20 09:30:00-04:00,DIA,-1,1.0,0.2,1244,211.14,211.08168661755133,8.949429703470674,2.357979493530127,False,1249,210.76,210.81820843272178,vertical,0.0012482285367888535,6
2018-03-20 09:30:00-04:00,GLD,-1,1.0,0.2,1244,124.03,124.0084570646999,15.233321668442402,-4.617692492935655,False,1249,124.29,124.31158809504515,vertical,-0.002444438367514623,6
2018-03-20 09:30:00-04:00,IWM,-1,1.0,0.2,1244,140.67,140.62824789849645,13.433010396583342,3.581236274399909,False,1249,140.32,140.36164821840458,vertical,0.0018957761621569702,6
2018-03-20 09:30:00-04:00,TLT,-1,1.0,0.2,1244,92.85,92.83215095089032,20.34920764760848,-1.540552792649096,False,1249,92.89,92.90785673852231,vertical,-0.0008155125875737301,6
2018-03-21 09:30:00-04:00,GLD,1,1.0,0.2,1251,125.17,125.19158668840059,15.089008456071394,10.307678910248232,False,1254,125.89642365564774,125.8747116889768,upper,0.005456636653040414,4
2018-03-21 09:30:00-04:00,IWM,-1,1.0,0.2,1251,141.01,140.96855924155457,13.400271098276423,-15.785310897391758,False,1254,142.10478118694004,142.14654368542318,upper,-0.008356362937994577,4
2018-03-21 09:30:00-04:00,TLT,-1,1.0,0.2,1251,92.67,92.65224326709316,20.388247964215072,-9.733252694806637,False,1254,93.11179712840266,93.12963851517382,upper,-0.005152549266448592,4
2018-03-21 11:30:00-04:00,DIA,1,1.0,0.13295973912513728,1253,211.84,211.89788230763978,5.926368727309362,-9.750930423940542,False,1256,210.31,210.25253574339257,vertical,-0.00776480890855924,4
2018-03-21 11:30:00-04:00,QQQ,-1,1.0,0.13295973912513728,1253,158.69,158.64233501743152,7.915825135535803,10.224076238915007,False,1255,157.30348693831763,157.35073546035983,lower,0.00814158186041436,3
2018-03-21 11:30:00-04:00,SPY,-1,1.0,0.13295973912513728,1253,240.3,240.23375677924935,5.227346064629111,7.615136779139243,False,1255,238.71116321452635,238.7769684424933,lower,0.0060640451045964605,3
2018-03-21 13:30:00-04:00,TLT,-1,1.0,0.2,1255,92.33,92.31230841535245,20.436578960943553,-10.141463081246922,False,1255,92.79076928225263,92.80854915606685,upper,-0.005375672532005105,1
2018-03-21 14:30:00-04:00,GLD,1,1.0,0.2,1256,126.49,126.51181433423176,14.91284868026526,-1.247038803951545,False,1256,126.45,126.42819256412677,vertical,-0.0006609799293848528,1
2018-03-21 14:30:00-04:00,TLT,-1,1.0,0.2,1256,92.75,92.73222793809097,20.345154919514716,-4.996451899830706,False,1256,92.96,92.97781230053975,vertical,-0.002648317288491464,1
2018-03-22 09:30:00-04:00,DIA,-1,1.0,0.2,1258,208.19,208.13333547659457,9.053405090928345,16.116286848863172,False,1259,206.297050775238,206.35320008145888,lower,0.008552860554794983,2
2018-03-22 09:30:00-04:00,IWM,1,1.0,0.2,1258,140.73,140.77107428061817,13.385671798166687,-15.154463920758205,False,1258,139.67970130885243,139.63893357455112,lower,-0.0080424242824928,1
2018-03-22 09:30:00-04:00,QQQ,-1,1.0,0.2,1258,155.98,155.9331263318476,12.084125056183446,16.139241854532933,False,1258,154.55110817553032,154.5975524463163,lower,0.0085650427009909,1
2018-03-22 09:30:00-04:00,SPY,-1,1.0,0.2,1258,236.73,236.66502435860178,7.961951302700852,12.67502487867941,False,1258,235.00857163954734,235.07307479789802,lower,0.006726594117648754,1
2018-03-22 09:30:00-04:00,TLT,1,1.0,0.2,1258,94.05,94.06806579343574,20.03140367671076,-4.1284509054616265,False,1263,93.88,93.8619668613743,vertical,-0.002190955350501289,6
2018-03-22 10:30:00-04:00,IWM,-1,1.0,0.2,1259,139.52,139.47927887705646,13.548586561205203,-16.507438103089495,False,1261,140.65661422337666,140.697667085193,upper,-0.008735263172750418,3
2018-03-22 10:30:00-04:00,QQQ,-1,1.0,0.2,1259,154.71,154.66350798051127,12.218441880927735,12.308204943484704,False,1263,153.61,153.65616145765412,vertical,0.006513149326627721,5
2018-03-22 10:30:00-04:00,SPY,-1,1.0,0.2,1259,235.2,235.1354443000175,8.03684484483371,13.329850414138397,False,1263,233.41278666023425,233.47685182106636,lower,0.00705377483130476,5
2018-03-22 11:30:00-04:00,GLD,1,1.0,0.19557042557105697,1260,125.85,125.87173319718923,14.634089635905712,1.2660120078328636,False,1263,125.98,125.9582443529448,vertical,0.0006872961351858109,4
2018-03-22 13:30:00-04:00,DIA,-1,1.0,0.1018076650205304,1262,206.75,206.69372741143152,4.641212874987915,8.530882273791969,False,1263,204.79991384085793,204.85565566088417,lower,0.008892731161060374,2
2018-03-22 13:30:00-04:00,IWM,-1,1.0,0.1018076650205304,1262,139.69,139.6492292598625,6.869422723816636,7.712447265134408,False,1263,138.48608859242805,138.52650795194313,lower,0.008039581126725537,2
2018-03-23 09:30:00-04:00,GLD,1,1.0,0.2,1265,127.75,127.77187041548487,14.829343206339233,-2.8726684646933975,False,1270,127.6,127.57815526406364,vertical,-0.0015161017115216113,6
2018-03-23 13:30:00-04:00,IWM,-1,1.0,0.2,1269,137.06,137.0200968154231,13.829526640583042,15.19503754573276,False,1269,135.88179784573535,135.9213580125242,lower,0.008018814965362275,1
2018-03-23 13:30:00-04:00,QQQ,-1,1.0,0.2,1269,152.43,152.38424451099235,12.435164050489943,16.25014038084441,False,1269,151.03211924421856,151.07745512607835,lower,0.008575620065627843,1
2018-03-23 13:30:00-04:00,SPY,-1,1.0,0.2,1269,231.76,231.69639771460172,8.178474494619826,13.50266500644979,False,1269,229.9822828489862,230.04539727248596,lower,0.007125706132684151,1
2018-03-23 14:30:00-04:00,DIA,-1,1.0,0.2,1270,201.89,201.83456718351948,9.433292706302366,11.97569029698213,False,1270,200.51,200.56505391070635,vertical,0.006289870414807663,1
2018-03-23 14:30:00-04:00,IWM,-1,1.0,0.2,1270,136.0,135.96040542023596,14.003816365559384,12.338627205521492,False,1270,135.04,135.07931508861273,vertical,0.006480492088118517,1
2018-03-23 14:30:00-04:00,QQQ,-1,1.0,0.2,1270,150.92,150.87469777339737,12.619508629283903,15.393134965001463,False,1270,149.61,149.65490899895323,vertical,0.008084780234497435,1
2018-03-23 14:30:00-04:00,SPY,-1,1.0,0.2,1270,229.51,229.44701518587433,8.298057610161514,12.65024928668126,False,1270,227.86,227.92253200185905,vertical,0.006644162194833103,1
2018-03-26 09:30:00-04:00,DIA,-1,1.0,0.16666666666666669,1272,203.54,203.48375692645928,7.837069006787456,-20.12159513796443,False,1277,205.99432551401634,206.05124677764442,upper,-0.012617664869009948,6
2018-03-26 09:30:00-04:00,GLD,1,1.0,0.16666666666666669,1272,128.36,128.3821531689478,12.421634981416913,-1.5439164509604282,False,1277,128.28,128.25786063795087,vertical,-0.0009681449323674096,6
2018-03-26 09:30:00-04:00,IWM,-1,1.0,0.16666666666666669,1272,136.15,136.1100923063556,11.716370312964381,-16.636477840065993,False,1276,137.48972636828506,137.530026756674,upper,-0.010432249558118167,5
2018-03-26 09:30:00-04:00,QQQ,-1,1.0,0.16666666666666669,1272,152.2,152.15407388412854,10.480930310202979,19.060192501580957,False,1272,150.29016483314,150.33551465918777,lower,0.011952090262963844,1
2018-03-26 09:30:00-04:00,SPY,-1,1.0,0.16666666666666669,1272,230.95,230.88643404232778,6.906929163714622,-17.54380155536846,False,1276,233.36223331971877,233.4264632129662,upper,-0.011001205771027589,5
2018-03-26 09:30:00-04:00,TLT,1,1.0,0.16666666666666669,1272,93.9,93.91814887328228,16.979851753090603,-8.086021115514233,False,1277,93.46,93.44193616936144,vertical,-0.005070507773352273,6
2018-03-26 11:30:00-04:00,QQQ,-1,1.0,0.16738087511029154,1274,152.28,152.23404974425162,10.535387303624233,-21.91681847573248,False,1276,154.2678046326979,154.3143547054364,upper,-0.013665175200157975,3
2018-03-26 14:30:00-04:00,SPY,-1,1.0,0.2,1277,233.63,233.56569640748663,8.138563055501171,-5.524119383247628,False,1277,234.18,234.24445497279794,vertical,-0.00290607129279441,1
2018-03-27 09:30:00-04:00,GLD,1,1.0,0.2,1279,127.29,127.31207159643772,14.917650450935858,2.622801312194876,False,1284,127.51,127.48789025640842,vertical,0.001381005412652625,6
2018-03-27 09:30:00-04:00,TLT,1,1.0,0.2,1279,93.93,93.94823010811892,20.215356692451948,11.374457117830872,False,1284,94.529240699023,94.51089428916094,upper,0.005989087611278032,6
2018-03-27 10:30:00-04:00,DIA,1,1.0,0.2,1280,207.03,207.08795263943216,9.172925031666704,-22.998829644646317,False,1283,204.63798424019737,204.580701183081,lower,-0.012107181631741848,4
2018-03-27 13:30:00-04:00,IWM,-1,1.0,0.1333142568925085,1283,136.69,136.6500550924341,9.264513113901549,11.595899435282426,False,1284,135.35885225192965,135.39840815829757,lower,0.009159505521529887,2
2018-03-27 13:30:00-04:00,QQQ,-1,1.0,0.1333142568925085,1283,152.44,152.39372223512217,8.307404063967738,15.950846430252652,False,1283,150.42797936836772,150.47364632363048,lower,0.012599442308583342,1
2018-03-27 13:30:00-04:00,SPY,1,1.0,0.1333142568925085,1283,233.02,233.08439340512723,5.431492898019899,-13.748906445950972,False,1283,230.61679168303573,230.55306238728437,lower,-0.010860148038496553,1
2018-03-27 14:30:00-04:00,DIA,-1,1.0,0.15553426580305246,1284,203.49,203.43303829107833,7.263706556258507,0.5529842927148083,False,1284,203.3,203.35690852338578,vertical,0.00037422519140484223,1
2018-03-27 14:30:00-04:00,QQQ,-1,1.0,0.15553426580305246,1284,150.32,150.27436582513488,9.833199999752303,0.9714152447147574,False,1284,150.13,150.1755764946281,vertical,0.0006573930953848173,1
2018-03-27 14:30:00-04:00,SPY,-1,1.0,0.15553426580305246,1284,230.26,230.19636930107032,6.419205908768531,0.33885924875062345,False,1284,230.08,230.14358095722116,vertical,0.00022931875081022568,1
2018-03-28 09:30:00-04:00,GLD,-1,1.0,0.2,1286,126.25,126.22796472472777,15.056322042449095,7.167113559532835,False,1291,125.73,125.75194451611864,vertical,0.0037711152964179373,6
2018-03-28 10:30:00-04:00,QQQ,-1,1.0,0.2,1287,147.92,147.87360771726586,12.854382297763632,-27.799613148624733,False,1287,149.98922294040904,150.03626419539637,upper,-0.014625033577766677,1
2018-03-28 10:30:00-04:00,TLT,1,1.0,0.2,1287,94.93,94.94846657217381,20.01953221542951,-5.7432937355148175,False,1291,94.68,94.66158205990293,vertical,-0.003021475992482925,5
2018-03-28 11:30:00-04:00,QQQ,-1,1.0,0.2,1288,149.74,149.6930369090278,12.660856037178783,14.261902917160276,False,1291,148.52,148.56658046127419,vertical,0.007525109190203549,4
2018-03-28 12:30:00-04:00,IWM,1,1.0,0.2,1289,135.79,135.830062192515,13.95426775107225,-7.953651022127216,False,1291,135.3,135.26008237243335,vertical,-0.004196271509276039,3
2018-03-29 09:30:00-04:00,IWM,-1,1.0,0.2,1293,136.22,136.1790775687036,13.926628181305466,-20.542411114648225,False,1297,137.61278228933153,137.65412313229692,upper,-0.01083166070683017,5
2018-03-29 09:30:00-04:00,TLT,1,1.0,0.2,1293,95.06,95.078647897044,19.946806368409174,2.8457888304583325,False,1298,95.24,95.22131679239986,vertical,0.0015005355935473474,6
2018-03-29 10:30:00-04:00,DIA,-1,1.0,0.19965277715554036,1294,205.45,205.39018094920613,9.211980267858696,-4.603675557661015,False,1298,205.83,205.889929692017,vertical,-0.00243316764463275,5
2018-03-29 10:30:00-04:00,QQQ,-1,1.0,0.19965277715554036,1294,150.35,150.300676939987,12.588434946779937,-28.867489235096564,False,1297,152.54380958121934,152.5938523312997,upper,-0.015257252581958314,4
2018-03-29 10:30:00-04:00,SPY,-1,1.0,0.19965277715554036,1294,231.92,231.8530619487309,8.160557717949821,-7.459575851652707,False,1298,232.7,232.7671631792442,vertical,-0.003942588563766503,5
2018-04-02 09:30:00-04:00,DIA,1,1.0,0.16666666666666669,1300,204.25,204.309842643943,7.687628923452681,-18.64488237966165,False,1301,201.9436996916033,201.88453276422422,lower,-0.011870744200735528,2
2018-04-02 09:30:00-04:00,GLD,-1,1.0,0.16666666666666669,1300,126.76,126.7378161823211,12.392972381630292,-6.871368907814634,False,1305,127.27,127.29227307096872,vertical,-0.004374833852667903,6
2018-04-02 09:30:00-04:00,IWM,-1,1.0,0.16666666666666669,1300,135.17,135.12951391204743,11.62335458912363,15.70697763537028,False,1301,133.7381275689971,133.77818478284166,lower,0.010000251537094385,2
2018-04-02 09:30:00-04:00,QQQ,-1,1.0,0.16666666666666669,1300,148.59,148.54079890228962,10.573918191249419,23.419610153072423,False,1301,146.2775165923213,146.32595198088507,lower,0.014910697517262483,2
2018-04-02 09:30:00-04:00,SPY,-1,1.0,0.16666666666666669,1300,230.21,230.14314132287905,6.824701560200262,16.362988410804512,False,1301,227.67940529212893,227.74552902196484,lower,0.010417917679981903,2
2018-04-02 09:30:00-04:00,TLT,1,1.0,0.16666666666666669,1300,95.03,95.04866790319278,16.524779255774106,8.165266635294333,False,1303,95.56156281232798,95.54279048776172,upper,0.005198627139858525,4
2018-04-02 11:30:00-04:00,DIA,-1,1.0,0.16680354600383646,1302,201.03,200.9711007749725,7.853093328438293,-3.9101320123691043,False,1305,201.41,201.469010560179,vertical,-0.0024775193213675273,4
2018-04-02 11:30:00-04:00,IWM,-1,1.0,0.16680354600383646,1302,133.87,133.8299032877546,11.792916021999737,4.598616349232263,False,1305,133.4,133.43995593795125,vertical,0.0029137535051856345,4
2018-04-02 11:30:00-04:00,QQQ,-1,1.0,0.16680354600383646,1302,147.15,147.10127571486586,10.72896752958167,1.2083066755525331,False,1305,146.94,146.98865474996677,vertical,0.0007656015513923808,4
2018-04-02 11:30:00-04:00,SPY,-1,1.0,0.16680354600383646,1302,227.2,227.13401550131667,6.948518068601167,-2.5156122634172435,False,1305,227.43,227.49605129637126,vertical,-0.0015939303245950942,4
2018-04-03 09:30:00-04:00,GLD,1,1.0,0.2,1307,126.42,126.44184501779488,14.965724840377568,-2.74869248367666,False,1312,126.28,126.25817917380844,vertical,-0.0014525716859049576,6
2018-04-03 09:30:00-04:00,IWM,-1,1.0,0.2,1307,133.8,133.76031933178078,14.146899994701075,-20.48724992039773,False,1311,135.1684122923228,135.20849878650736,upper,-0.010826674621899679,5
2018-04-03 09:30:00-04:00,TLT,1,1.0,0.2,1307,94.92,94.93822186309471,19.931844347946168,-7.10335644328799,False,1312,94.6,94.58183956754362,vertical,-0.0037538336884485046,6
2018-04-03 10:30:00-04:00,DIA,-1,1.0,0.19876284517038928,1308,203.08,203.02065482354,9.240584141733942,-16.71791895918776,False,1312,204.77,204.8298390377374,vertical,-0.0089113307991735,5
2018-04-03 10:30:00-04:00,QQQ,-1,1.0,0.19876284517038928,1308,148.06,148.01028553816633,12.674993745100819,-6.585545842007781,False,1312,148.48,148.5298554862425,vertical,-0.0035103637979414515,5
2018-04-03 14:30:00-04:00,IWM,-1,1.0,0.09849978982496549,1312,135.49,135.44981813350506,6.83795078561907,1.3656707838457613,False,1312,135.21,135.25009882772738,vertical,0.001474489287101366,1
2018-04-03 14:30:00-04:00,SPY,-1,1.0,0.09849978982496549,1312,230.58,230.51297064999963,4.017991645790118,0.5867179713716354,False,1312,230.3,230.36694795431126,vertical,0.000633468456358921,1
2018-04-04 09:30:00-04:00,DIA,-1,1.0,0.2,1314,201.92,201.86130811399102,9.323013922036886,-26.510849069026627,False,1316,204.64541616959383,204.70490024961603,upper,-0.014086860737171358,3
2018-04-04 09:30:00-04:00,GLD,1,1.0,0.2,1314,127.22,127.24187535025713,14.790380766448774,-12.32948120400498,False,1319,126.43,126.40826048944342,vertical,-0.006551419165420458,6
2018-04-04 09:30:00-04:00,QQQ,-1,1.0,0.2,1314,146.61,146.5599069180346,12.840863681223691,-32.15026889580665,False,1315,149.0127394870393,149.06365352682525,upper,-0.017083434763580208,2
2018-04-04 09:30:00-04:00,SPY,-1,1.0,0.2,1314,228.01,227.94345067160157,8.25623978369377,-24.133313766648847,False,1316,230.79912662970636,230.86649002110212,upper,-0.012823528558895791,3
2018-04-04 09:30:00-04:00,TLT,-1,1.0,0.2,1314,94.96,94.94183549755678,19.822197201103673,9.484535423077029,False,1317,94.44528892202281,94.46335496753012,lower,0.00503972276835718,4
2018-04-04 11:30:00-04:00,IWM,1,1.0,0.09529873302129022,1316,135.71,135.75058229579074,6.551509252317201,8.976579317003187,False,1319,137.16175313279527,137.12073670926856,upper,0.010093175221100426,4
2018-04-04 11:30:00-04:00,QQQ,1,1.0,0.09529873302129022,1316,149.07,149.12093360431473,5.964093534166199,9.945293113672745,False,1319,150.84,150.78846162960468,vertical,0.011182387240913139,4
2018-04-04 13:30:00-04:00,DIA,1,1.0,0.2,1318,205.63,205.68977026802705,9.072416123289186,9.527120005441338,False,1319,206.8,206.7398896492341,vertical,0.0051053554089670605,2
2018-04-04 13:30:00-04:00,SPY,1,1.0,0.2,1318,231.65,231.71761173599182,8.05335068920634,9.779848169283913,False,1319,233.0,232.93199423921394,vertical,0.005240786378403195,2
2018-04-05 09:30:00-04:00,DIA,1,1.0,0.16666666666666669,1321,208.54,208.6015187317379,7.480265443696343,1.3978453372715405,False,1326,208.85,208.7883898191068,vertical,0.0008958280289859122,6
2018-04-05 09:30:00-04:00,GLD,-1,1.0,0.16666666666666669,1321,125.67,125.64813600150445,12.418765464637781,-2.2819773893319084,False,1326,125.81,125.83188835561967,vertical,-0.0014624359736861159,6
2018-04-05 09:30:00-04:00,IWM,1,1.0,0.16666666666666669,1321,137.37,137.41153904448657,11.355630996654664,6.549046022916988,False,1326,138.03,137.98826137940978,vertical,0.004197044432611152,6
2018-04-05 09:30:00-04:00,QQQ,1,1.0,0.16666666666666669,1321,151.47,151.52255386097548,10.2981021129256,0.7706051835899185,False,1326,151.65,151.59738368642678,vertical,0.0004938527205657905,6
2018-04-05 09:30:00-04:00,SPY,1,1.0,0.16666666666666669,1321,234.08,234.14915164726202,6.664105853444551,2.6092648953760382,False,1326,234.61,234.54069178074104,vertical,0.001672182584154136,6
2018-04-05 09:30:00-04:00,TLT,-1,1.0,0.16666666666666669,1321,93.96,93.94199870963254,16.610193028728865,3.2230665002761256,False,1326,93.73,93.74795722590616,vertical,0.002065545617420228,6
2018-04-06 09:30:00-04:00,DIA,1,1.0,0.2,1328,207.26,207.3213959728372,9.043578159398376,-26.14920772856711,False,1331,204.49050455580232,204.42992898182192,lower,-0.013946785267614725,4
2018-04-06 09:30:00-04:00,GLD,1,1.0,0.2,1328,126.21,126.2319829644373,14.853028563483367,2.3170611021040948,False,1333,126.41,126.38798220002758,vertical,0.001235813871625746,6
2018-04-06 09:30:00-04:00,QQQ,1,1.0,0.2,1328,150.77,150.82309616947592,12.431300617838577,-30.699658398257785,False,1331,148.40581458158292,148.3535509994231,lower,-0.016373786460913475,4
2018-04-06 09:30:00-04:00,SPY,1,1.0,0.2,1328,233.26,233.32914901862387,8.035546593650329,-23.203727673317992,False,1331,230.50984750573343,230.44151375910667,lower,-0.012375801616139714,4
2018-04-06 09:30:00-04:00,TLT,-1,1.0,0.2,1328,94.39,94.37203143539567,19.8674037220387,-7.668892478623983,False,1333,94.74,94.75803519239976,vertical,-0.00409023469276848,6
2018-04-06 13:30:00-04:00,DIA,-1,1.0,0.14901424872844043,1332,203.5,203.43971784004452,6.806988154096619,-3.9528219980862493,False,1333,203.96,204.0204184242974,vertical,-0.0028544110777299903,2
2018-04-06 13:30:00-04:00,IWM,-1,1.0,0.14901424872844043,1332,135.08,135.03904354932345,10.25489897597012,-3.814830928279212,False,1333,135.37,135.4110443790945,vertical,-0.0027547649923569395,2
2018-04-06 13:30:00-04:00,QQQ,-1,1.0,0.14901424872844043,1332,148.13,148.07783355054409,9.351917948862058,0.7082253388965796,False,1333,147.95,148.00210305945453,vertical,0.0005114235485064178,2
2018-04-06 13:30:00-04:00,SPY,-1,1.0,0.14901424872844043,1332,229.24,229.1720426947212,6.042673151256245,-2.0301804637159964,False,1333,229.44,229.50801659449996,vertical,-0.0014660335345804132,2
2018-04-09 09:30:00-04:00,DIA,-1,1.0,0.2,1335,205.93,205.8679807802377,9.015624648942653,11.958308774301182,False,1340,204.48,204.54158252832028,vertical,0.006442955562542485,6
2018-04-09 09:30:00-04:00,IWM,-1,1.0,0.2,1335,136.09,136.04801435926197,13.642451532215306,7.315355320624631,False,1340,135.47,135.51179436219252,vertical,0.003941402596685184,6
2018-04-09 09:30:00-04:00,QQQ,-1,1.0,0.2,1335,150.42,150.36557309001327,12.343440082786039,17.919103295027842,False,1340,148.86,148.91386245060914,vertical,0.00965454132599286,6
2018-04-09 09:30:00-04:00,SPY,-1,1.0,0.2,1335,231.65,231.58021389157867,8.014624439458027,9.063020500989712,False,1340,230.38,230.44940351244597,vertical,0.0048830181133787676,6
2018-04-09 09:30:00-04:00,TLT,-1,1.0,0.2,1335,94.27,94.2520926598004,19.692172232712462,-11.705451328462669,False,1339,94.82850076709968,94.84651419898528,upper,-0.0063067198022903614,5
2018-04-10 09:30:00-04:00,DIA,-1,1.0,0.2,1342,208.08,208.01698294701322,8.955703918354558,-1.0391399751699613,False,1347,208.07,208.13301402448556,vertical,-0.000557796175237657,6
2018-04-10 09:30:00-04:00,IWM,-1,1.0,0.2,1342,137.04,136.9980750091321,13.598282378337643,-14.334584987979857,False,1347,138.01,138.05222174540043,vertical,-0.007694609841766509,6
2018-04-10 09:30:00-04:00,QQQ,-1,1.0,0.2,1342,151.21,151.15484967885334,12.324702205856422,-12.702284134658079,False,1347,152.13,152.18548586969146,vertical,-0.006818412991894229,6
2018-04-10 09:30:00-04:00,SPY,-1,1.0,0.2,1342,233.77,233.69938410860658,7.971516554776629,-4.235662066883417,False,1347,234.16,234.23073370034083,vertical,-0.002273645665610058,6
2018-04-10 12:30:00-04:00,GLD,1,1.0,0.19645681629805256,1345,127.27,127.29225900892746,14.347610960371643,-2.7904924440844723,False,1347,127.12,127.09776722546665,vertical,-0.0015279152477540858,3
2018-04-11 09:30:00-04:00,GLD,1,1.0,0.2,1349,128.3,128.32226852577122,14.462946282533778,11.815359778621685,False,1349,129.161626631284,129.1392085563714,upper,0.0063663153713346965,1
2018-04-11 09:30:00-04:00,TLT,1,1.0,0.2,1349,95.11,95.12791122705917,19.509711215157928,-1.4791272198030396,False,1354,95.07,95.05209630578787,vertical,-0.0007969787236297154,6
2018-04-11 10:30:00-04:00,DIA,1,1.0,0.2,1350,206.72,206.78425619409145,8.988873553761767,-5.648221347768985,False,1354,206.22,206.15589922433463,vertical,-0.003038707981554589,5
2018-04-11 10:30:00-04:00,GLD,1,1.0,0.2,1350,129.23,129.25242994220898,14.380832396485308,-13.966348133743654,False,1352,128.30352107295866,128.2812519360487,lower,-0.007513808495472785,3
2018-04-12 09:30:00-04:00,DIA,1,1.0,0.16666666666666669,1356,208.83,208.89571356005385,7.396283922246668,-1.6375283801584033,False,1361,208.74,208.67431476068745,vertical,-0.0010598532425259988,6
2018-04-12 09:30:00-04:00,GLD,1,1.0,0.16666666666666669,1356,126.95,126.97220170120946,12.168427316604957,-4.55519832294198,False,1361,126.62,126.59785601097174,vertical,-0.0029482491854290194,6
2018-04-12 09:30:00-04:00,IWM,1,1.0,0.16666666666666669,1356,139.6,139.64419904832133,11.064204730021292,-4.738693206456343,False,1361,139.26,139.21590859979062,vertical,-0.003067012102540012,6
2018-04-12 09:30:00-04:00,QQQ,1,1.0,0.16666666666666669,1356,153.44,153.49818324587835,10.065604523511247,-4.692924789608452,False,1361,153.09,153.0319494713796,vertical,-0.003037389528916634,6
2018-04-12 09:30:00-04:00,SPY,1,1.0,0.16666666666666669,1356,235.25,235.32386587559583,6.565640938634183,-3.6610211878159964,False,1361,234.84,234.7662628598303,vertical,-0.0023695132395126217,6
2018-04-12 09:30:00-04:00,TLT,-1,1.0,0.16666666666666669,1356,94.49,94.47201875699061,16.35459925551917,1.0476191029758657,False,1361,94.39,94.40796221322526,vertical,0.0006780477924380746,6
2018-04-13 09:30:00-04:00,GLD,1,1.0,0.2,1363,127.51,127.53227988125958,14.509384302724103,-1.3718771723938143,False,1368,127.46,127.43772885526352,vertical,-0.0007413889729259715,6
2018-04-13 09:30:00-04:00,IWM,1,1.0,0.2,1363,138.63,138.67414273568374,13.343618523942851,-1.9784098290822785,False,1368,138.57,138.5258763695903,vertical,-0.0010691709583959819,6
2018-04-13 09:30:00-04:00,TLT,-1,1.0,0.2,1363,94.65,94.6321593139733,19.55376346914377,0.4757418414273377,False,1368,94.59,94.60782937655854,vertical,0.00025710009780122167,6
2018-04-13 14:30:00-04:00,DIA,-1,1.0,0.13342889463309146,1368,206.88,206.81523511828445,5.96618895677673,-5.726286108382551,False,1368,207.71,207.7750247176196,vertical,-0.0046408070410588476,1
2018-04-13 14:30:00-04:00,QQQ,-1,1.0,0.13342889463309146,1368,151.9,151.8422710451685,8.126187545554055,-5.084163320670102,False,1368,152.41,152.46792277818219,vertical,-0.004120405528099447,1
2018-04-13 14:30:00-04:00,SPY,-1,1.0,0.13342889463309146,1368,233.45,233.37676653119556,5.2871534308919985,-4.582337822878844,False,1368,234.17,234.24345933343295,vertical,-0.0037137064461021385,1
2018-04-16 09:30:00-04:00,DIA,1,1.0,0.2,1370,209.54,209.60564405973034,8.810647259055225,-1.3328910515936532,False,1375,209.52,209.45436220580936,vertical,-0.0007217451352495852,6
2018-04-16 09:30:00-04:00,IWM,1,1.0,0.2,1370,139.48,139.5244078937824,13.236117043573312,3.4555898571458354,False,1375,139.83,139.7854806725868,vertical,0.001871162062218934,6
2018-04-16 09:30:00-04:00,QQQ,1,1.0,0.2,1370,153.42,153.47800118275543,12.032743318818174,-0.6741350316937682,False,1375,153.48,153.42197613395052,vertical,-0.00036503634640250304,6
2018-04-16 09:30:00-04:00,SPY,1,1.0,0.2,1370,235.89,235.9639656157969,7.826455147496192,0.3287830573508893,False,1375,236.08,236.0059748078455,vertical,0.00017803223445134186,6
2018-04-16 09:30:00-04:00,TLT,-1,1.0,0.2,1370,94.2,94.18244869194947,19.608339122268177,-8.925340867610974,False,1375,94.62,94.63762956229024,vertical,-0.004832969164239476,6
2018-04-17 09:30:00-04:00,DIA,1,1.0,0.2,1377,211.28,211.34596197201137,8.73133215932683,-0.7154414638951835,False,1382,211.33,211.26402241790439,vertical,-0.00038770342874039354,6
2018-04-17 09:30:00-04:00,GLD,1,1.0,0.2,1377,127.15,127.17223747734512,14.510492471588552,8.059419329086596,False,1382,127.75,127.72765758764578,vertical,0.004367463538569982,6
2018-04-17 09:30:00-04:00,IWM,1,1.0,0.2,1377,140.84,140.88509761352412,13.098133342478851,4.972762341536529,False,1382,141.31,141.26475189032166,vertical,0.0026947795276333064,6
2018-04-17 09:30:00-04:00,QQQ,1,1.0,0.2,1377,155.54,155.59891322335986,11.859541665700084,12.947242455717845,False,1382,156.75,156.69062847009351,vertical,0.007016213828990647,6
2018-04-17 09:30:00-04:00,SPY,1,1.0,0.2,1377,237.92,237.99497178230837,7.753658746193993,3.9531909752471672,False,1382,238.58,238.50482024284162,vertical,0.0021422656819809482,6
2018-04-18 09:30:00-04:00,GLD,1,1.0,0.2,1384,128.3,128.32258489607176,14.425950277863327,-7.142152058048896,False,1389,127.85,127.82749431829481,vertical,-0.0038581717955410433,6
2018-04-18 09:30:00-04:00,IWM,1,1.0,0.2,1384,141.89,141.9356188865723,13.04235852676974,-3.7975888072288364,False,1389,141.69,141.6444454151918,vertical,-0.0020514475060218196,6
2018-04-18 10:30:00-04:00,SPY,1,1.0,0.2,1385,239.46,239.53547260258225,7.728896547531085,-6.497897666178124,False,1389,238.77,238.69474487046455,vertical,-0.0035098255927737965,5
2018-04-18 11:30:00-04:00,TLT,1,1.0,0.2,1386,94.72,94.73771186306409,19.53650176875403,-9.102955568793984,False,1388,94.2893971702996,94.27176582643266,lower,-0.004918274121977206,3
2018-04-18 14:30:00-04:00,TLT,-1,1.0,0.2,1389,94.13,94.11239846209645,19.631655838590664,-0.4947414007326333,False,1389,94.12,94.13759966798557,vertical,-0.000267777745556641,1
2018-04-19 09:30:00-04:00,IWM,1,1.0,0.2,1391,141.49,141.53533014371484,13.041041839258357,-16.57035560833677,False,1393,140.30965085655507,140.26469886957432,lower,-0.008977484793728396,3
2018-04-19 09:30:00-04:00,SPY,1,1.0,0.2,1391,238.01,238.08423946774676,7.752584405686693,-5.568690236381021,False,1396,237.44,237.3659383251889,vertical,-0.0030170041669439485,6
2018-04-19 09:30:00-04:00,TLT,-1,1.0,0.2,1391,93.3,93.28262017904339,19.786838733675438,-2.271025397308079,False,1396,93.38,93.39739472326823,vertical,-0.0012303958015389416,6
2018-04-19 10:30:00-04:00,GLD,-1,1.0,0.2,1392,127.43,127.40742112296381,14.479896606278372,-3.115898192206983,False,1396,127.6,127.62260899874298,vertical,-0.0016889744245862648,5
2018-04-19 10:30:00-04:00,QQQ,1,1.0,0.2,1392,155.99,156.04834622350987,11.82227386178568,-3.861318960941732,False,1396,155.78,155.72173232451848,vertical,-0.0020930301851681543,5
2018-04-19 11:30:00-04:00,DIA,-1,1.0,0.000394180203070027,1393,209.86,209.79505452926688,0.0172897357714814,-0.009855618088005518,False,1396,210.3,210.36508163773559,vertical,-0.0027170664711220205,4
2018-04-20 09:30:00-04:00,GLD,-1,1.0,0.2,1398,126.59,126.56726130492514,14.533685207133393,-1.097042946972403,False,1403,126.62,126.6427440838169,vertical,-0.0005963847057566252,6
2018-04-20 09:30:00-04:00,QQQ,-1,1.0,0.2,1398,154.79,154.73170926089549,11.888246708586326,19.291996189236453,False,1400,153.05129435974666,153.10893033796964,lower,0.010487694672781323,3
2018-04-20 09:30:00-04:00,TLT,-1,1.0,0.2,1398,92.94,92.92262023420328,19.795919752354248,4.261808498527617,False,1403,92.69,92.70733301583492,vertical,0.0023168440345929797,6
2018-04-20 10:30:00-04:00,DIA,-1,1.0,0.13365921757566407,1399,208.58,208.51510424461543,5.899211689449388,-1.0607199534475702,False,1403,208.63,208.69491131194692,vertical,-0.0008623215473184676,5
2018-04-20 10:30:00-04:00,IWM,-1,1.0,0.13365921757566407,1399,139.98,139.93493738534315,8.790333303250055,-1.0560256977962703,False,1403,140.01,140.05507227231107,vertical,-0.0008585053112011298,5
2018-04-20 10:30:00-04:00,SPY,-1,1.0,0.13365921757566407,1399,235.41,235.33641413582293,5.2268780626387175,-1.0829593930596173,False,1403,235.47,235.54360461933555,vertical,-0.0008804012939240824,5
2018-04-23 09:30:00-04:00,GLD,-1,1.0,0.2,1405,125.44,125.41768456830809,14.697609440159207,-3.302007337809034,False,1410,125.62,125.64234745319784,vertical,-0.0017913174339252436,6
2018-04-23 10:30:00-04:00,IWM,-1,1.0,0.2,1406,140.54,140.49475581508796,13.118835369952206,12.817751168163623,False,1408,139.47280572136555,139.51770634333974,lower,0.006954348339052285,3
2018-04-23 10:30:00-04:00,QQQ,-1,1.0,0.2,1406,154.49,154.43151139328867,11.934918950484825,18.896527137915143,False,1408,152.7903687692604,152.84821390996999,lower,0.010252424968415497,3
2018-04-23 10:30:00-04:00,SPY,-1,1.0,0.2,1406,236.48,236.40591079563606,7.796452997628676,14.091778338745467,False,1409,234.52497392107378,234.59845061559886,lower,0.00764557947791622,4
2018-04-23 13:30:00-04:00,DIA,-1,1.0,0.2,1409,207.67,207.60543520135283,8.919570710280553,-8.378879062563099,False,1410,208.48,208.54481662841027,vertical,-0.004524840239112038,2
2018-04-24 09:30:00-04:00,GLD,-1,1.0,0.2,1412,126.05,126.02772272495089,14.680620570768045,-3.297067168137365,False,1417,126.23,126.2523090871039,vertical,-0.001782039358460441,6
2018-04-24 09:30:00-04:00,IWM,-1,1.0,0.2,1412,140.35,140.30501198899813,13.186736186359788,12.936224322909583,False,1414,139.2793644217918,139.32400924957193,lower,0.006991929408075026,3
2018-04-24 09:30:00-04:00,QQQ,-1,1.0,0.2,1412,152.17,152.11274946439556,12.163117064398513,18.442379243732983,False,1413,150.53985787604287,150.59649510738424,lower,0.00996796364769037,2
2018-04-24 10:30:00-04:00,TLT,-1,1.0,0.2,1413,92.44,92.4232057523479,20.026958164841954,2.3319141009381386,False,1417,92.29,92.30676699606029,vertical,0.0012598432973598417,5
2018-04-24 11:30:00-04:00,DIA,-1,1.0,0.13383326995287306,1414,206.31,206.2467701867671,6.0162889694018675,10.648348425566269,False,1415,204.4142016875111,204.4768504771716,lower,0.008581563279719373,2
2018-04-24 11:30:00-04:00,QQQ,-1,1.0,0.13383326995287306,1414,150.36,150.30343043613408,8.25556785263566,12.678601016672582,False,1415,148.71171735167832,148.76766678631745,lower,0.010217755146108898,2
2018-04-24 11:30:00-04:00,SPY,-1,1.0,0.13383326995287306,1414,233.94,233.8669587802571,5.305752359893259,9.190475084212302,False,1415,232.06233192151433,232.13478689193377,lower,0.007406655037366372,2
2018-04-24 13:30:00-04:00,IWM,-1,1.0,0.2,1416,138.31,138.26566589382494,13.46839094586253,-10.490386754790512,False,1417,139.0,139.0445552798665,vertical,-0.005633281270562618,2
2018-04-24 13:30:00-04:00,QQQ,-1,1.0,0.2,1416,148.97,148.91395339233102,12.505315991053049,-10.15877566245497,False,1417,149.67,149.72630996690484,vertical,-0.005455207897365755,2
2018-04-24 13:30:00-04:00,SPY,-1,1.0,0.2,1416,231.19,231.1178173908166,8.057431762169454,-10.029155112604707,False,1417,232.29,232.36252605340718,vertical,-0.005385602359188946,2
2018-04-25 09:30:00-04:00,GLD,-1,1.0,0.2,1419,125.12,125.0980850391835,14.841279861643292,-4.880997743653793,False,1424,125.405,125.42696487900571,vertical,-0.0026289758130126906,6
2018-04-25 09:30:00-04:00,TLT,-1,1.0,0.2,1419,91.87,91.85329948546452,20.21283612698069,3.1660074681517996,False,1424,91.68,91.69666597553734,vertical,0.0017052573049045616,6
2018-04-25 10:30:00-04:00,QQQ,-1,1.0,0.2,1420,150.27,150.21349959854808,12.357707308060757,3.4248871006074504,False,1424,149.88,149.93635376435492,vertical,0.0018450128312957892,5
2018-04-25 14:30:00-04:00,DIA,-1,1.0,0.13359995091450277,1424,205.59,205.52705580399493,6.037221182057874,0.38740714959247846,False,1424,205.4,205.46288602490122,vertical,0.000312220592284973,1
2018-04-25 14:30:00-04:00,IWM,-1,1.0,0.13359995091450277,1424,139.05,139.00546584044184,8.926356149262087,1.7051246711617711,False,1424,138.77,138.81444448271765,vertical,0.001374200334995912,1
2018-04-25 14:30:00-04:00,SPY,-1,1.0,0.13359995091450277,1424,232.87,232.79727044097416,5.3300122137835695,-0.24213118841599698,False,1424,232.77,232.84269832719735,vertical,-0.00019513925630287865,1
2018-04-26 09:30:00-04:00,DIA,-1,1.0,0.2,1426,206.65,206.58727942990984,8.99052330249506,-8.322383114816738,False,1431,207.45,207.5129633789751,vertical,-0.0044808371145586,6
2018-04-26 09:30:00-04:00,QQQ,-1,1.0,0.2,1426,152.47,152.41243940890035,12.18619527984014,-7.254471201499051,False,1431,152.95,153.00774180106703,vertical,-0.0039058648655938555,6
2018-04-26 09:30:00-04:00,SPY,-1,1.0,0.2,1426,234.31,234.23677085997875,7.929274908011474,-8.14125065101409,False,1431,235.19,235.26350416730656,vertical,-0.004383313958599588,6
2018-04-26 09:30:00-04:00,TLT,-1,1.0,0.2,1426,92.28,92.26323849248514,20.13074524654738,-0.8761872929051412,False,1431,92.29,92.30676332388975,vertical,-0.0004717461918286592,6
2018-04-26 10:30:00-04:00,GLD,-1,1.0,0.19935520748494628,1427,124.8552,124.8333948438185,14.82517439340909,-1.903924832170029,False,1431,124.94,124.9618199659551,vertical,-0.0010287721670734218,5
2018-04-27 09:30:00-04:00,GLD,-1,1.0,0.2,1433,125.28,125.25813314788772,14.785691433773486,-3.7521702147942126,False,1438,125.49,125.5119035063184,vertical,-0.002025979088567942,6
2018-04-27 09:30:00-04:00,TLT,1,1.0,0.2,1433,92.84,92.85671233614488,19.945010540441803,2.723385991928742,False,1438,93.01,92.99325706177471,vertical,0.0014704884783722783,6
2018-04-27 11:30:00-04:00,IWM,1,1.0,0.2,1435,139.03,139.07448332524552,13.317668176486668,1.3447190234950037,False,1438,139.22,139.17545588332962,vertical,0.0007260322358915161,4
2018-04-30 09:30:00-04:00,DIA,1,1.0,0.2,1440,207.98,208.04019138131434,8.902564840755373,-15.842631448001256,False,1445,206.32034433415535,206.26063327290555,lower,-0.008553914974761101,6
2018-04-30 09:30:00-04:00,GLD,-1,1.0,0.2,1440,124.55,124.52839363703309,14.872843366579174,-1.386467276219414,False,1445,124.6,124.62161503673767,vertical,-0.0007485955369848085,6
2018-04-30 09:30:00-04:00,QQQ,1,1.0,0.2,1440,153.97,154.02476304049512,12.024633290741495,-21.903465150111412,False,1441,152.25736741048226,152.20321350792216,lower,-0.011826342054452987,2
2018-04-30 09:30:00-04:00,TLT,1,1.0,0.2,1440,93.24,93.2565438945979,19.860175124531875,-1.649961851172285,False,1445,93.19,93.17346497707445,vertical,-0.0008908642123532928,6
2018-04-30 11:30:00-04:00,IWM,-1,1.0,0.13263620554259284,1442,138.89,138.84639960834534,8.819350256112063,7.259073884019825,False,1445,137.98,138.02331472417384,vertical,0.005928024684062616,4
2018-04-30 11:30:00-04:00,QQQ,-1,1.0,0.13263620554259284,1442,152.11,152.05589851211465,8.053189925075722,0.578710647219854,False,1445,151.93,151.9840374666651,vertical,0.0004725962369940273,4
2018-04-30 11:30:00-04:00,SPY,1,1.0,0.13263620554259284,1442,234.84,234.91008218935636,5.212781922910508,-7.453128262823954,False,1445,233.55,233.4803027792362,vertical,-0.006086496572623168,4
2018-05-01 09:30:00-04:00,DIA,-1,1.0,0.2,1447,204.18,204.12129922794796,9.033901539616553,-12.627312381126785,False,1452,205.46,205.51906876592133,vertical,-0.0068477397667965345,6
2018-05-01 09:30:00-04:00,GLD,-1,1.0,0.2,1447,123.75,123.72847958139319,14.903696591137942,0.10384684010643903,False,1452,123.7,123.72151172348818,vertical,5.631571590136719e-05,6
2018-05-01 09:30:00-04:00,IWM,-1,1.0,0.2,1447,137.02,136.9773779143951,13.462162493111213,-13.983046719493801,False,1450,137.97315180007337,138.01607037755986,upper,-0.007582948943685386,4
2018-05-01 09:30:00-04:00,TLT,1,1.0,0.2,1447,92.81,92.82631483036789,19.865182871189738,0.34489036355673575,False,1452,92.86,92.84367638026114,vertical,0.00018703263104846712,6
2018-05-01 10:30:00-04:00,SPY,-1,1.0,0.2,1448,232.27,232.20133841386226,7.945418320904852,-13.779779758704509,False,1452,233.866510012271,233.93564354446175,upper,-0.007468971292096338,5
2018-05-01 13:30:00-04:00,IWM,-1,1.0,0.09786791873563838,1451,138.14,138.09702952192774,6.516297727614982,-3.8191792161495854,False,1452,138.64,138.68312601042373,vertical,-0.004244091929601845,2
2018-05-01 13:30:00-04:00,QQQ,-1,1.0,0.09786791873563838,1451,152.78,152.7259793231824,5.892130229919063,-5.6466752835095475,False,1452,153.63,153.68432122384795,vertical,-0.006274910823374835,2
2018-05-02 09:30:00-04:00,IWM,1,1.0,0.2,1454,139.23,139.27265963714748,13.169349051790622,-1.7818650042545348,False,1459,139.18,139.13735568269635,vertical,-0.0009715040611965042,6
2018-05-02 13:30:00-04:00,DIA,-1,1.0,0.2,1458,205.75,205.69258484201083,8.924756639561284,14.274398903412122,False,1459,204.03623187831306,204.0931688041396,lower,0.007775759340569954,2
2018-05-02 13:30:00-04:00,GLD,-1,1.0,0.2,1458,124.4,124.37817597372876,14.759472454918527,10.533483452694082,False,1459,123.6428086364817,123.6644998254201,lower,0.005737953163579168,2
2018-05-02 13:30:00-04:00,SPY,-1,1.0,0.2,1458,234.23,234.16259061048237,7.839664984450683,11.57192049075587,False,1459,232.61957134693245,232.68651726886537,lower,0.006303625774589983,2
2018-05-03 09:30:00-04:00,DIA,-1,1.0,0.2,1461,201.72,201.66510471032447,9.12924354635308,-18.537598538625673,False,1463,203.64026018627632,203.6956780480279,upper,-0.01006903668644199,3
2018-05-03 09:30:00-04:00,GLD,-1,1.0,0.2,1461,124.45,124.42803522629453,14.796101637007055,1.865795173796767,False,1466,124.28,124.30193476959516,vertical,0.0010134408734335798,6
2018-05-03 09:30:00-04:00,IWM,-1,1.0,0.2,1461,137.63,137.58856181270284,13.38083508865759,-16.601909261595928,False,1464,138.78749807703463,138.82928476845234,upper,-0.009017631548750904,4
2018-05-03 09:30:00-04:00,SPY,-1,1.0,0.2,1461,230.03,229.96519405183628,8.005776105780418,-15.966769237392631,False,1463,231.8942690534745,231.9596002188866,upper,-0.008672643594059615,3
2018-05-03 12:30:00-04:00,DIA,-1,1.0,0.2,1464,203.46,203.40463119354857,9.008449950869,-6.584333158081546,False,1466,204.08,204.13553753081987,vertical,-0.0035933613358871686,3
2018-05-03 12:30:00-04:00,SPY,-1,1.0,0.2,1464,231.43,231.36479963229348,7.919789193491005,-4.914536341829546,False,1466,231.92,231.9853384145465,vertical,-0.0026820794833062322,3
2018-05-04 09:30:00-04:00,DIA,1,1.0,0.2,1468,205.22,205.27497369527475,8.909522444482485,17.25385632686689,False,1471,207.26705929065741,207.21153723550714,upper,0.009433997264114424,4
2018-05-04 09:30:00-04:00,QQQ,1,1.0,0.2,1468,154.1,154.1528579902458,11.864210688486411,17.805254852017153,False,1471,155.7070206334164,155.65361141746672,upper,0.009735488830936223,4
2018-05-04 09:30:00-04:00,SPY,-1,1.0,0.2,1468,232.93,232.86512423815154,7.853911105890554,-16.358100633876763,False,1471,234.8825014284995,234.94792100186942,upper,-0.008944219408260512,4
2018-05-04 09:30:00-04:00,TLT,1,1.0,0.2,1468,93.17,93.18630229575793,19.626296358706984,2.107293342591842,False,1473,93.31,93.2936732079299,vertical,0.0011522177565452818,6
2018-05-04 10:30:00-04:00,IWM,1,1.0,0.19789144945057147,1469,139.81,139.8517949359137,12.947716567488905,2.8008558210593315,False,1473,140.11,140.06811538179772,vertical,0.0015467834787759038,5
2018-05-07 09:30:00-04:00,DIA,1,1.0,0.2,1475,208.6,208.65562716977533,8.787799506017548,-8.88459129460491,False,1480,207.7,207.6446128323953,vertical,-0.004845372976964635,6
2018-05-07 09:30:00-04:00,IWM,1,1.0,0.2,1475,141.13,141.17190699021413,12.988588568810917,1.2486264071387723,False,1480,141.31,141.26803956077973,vertical,0.0006809610539033617,6
2018-05-07 09:30:00-04:00,QQQ,1,1.0,0.2,1475,157.19,157.2419461201151,11.661162066575107,-4.708696781707981,False,1480,156.89,156.8381530200085,vertical,-0.0025679731780866577,6
2018-05-07 09:30:00-04:00,SPY,1,1.0,0.2,1475,236.16,236.22533454014234,7.762181058775222,-4.428691853892125,False,1480,235.72,235.65478718749003,vertical,-0.0024152674130528684,6
2018-05-07 10:30:00-04:00,GLD,1,1.0,0.19992154331896583,1476,124.64,124.66186921175547,14.708778465816751,-1.5257106425475406,False,1480,124.58,124.5581413157855,vertical,-0.0008320739663687515,5
2018-05-08 09:30:00-04:00,GLD,-1,1.0,0.2,1482,123.94,123.91852323269741,14.767477506981395,-10.836404708218689,False,1483,124.63072878553272,124.65232524479431,upper,-0.005921649104217774,2
2018-05-08 09:30:00-04:00,QQQ,1,1.0,0.2,1482,156.29,156.34042898358913,11.704995415672677,4.319030721097629,False,1487,156.76,156.70941936485102,vertical,0.002360172500873725,6
2018-05-08 09:30:00-04:00,SPY,1,1.0,0.2,1482,235.05,235.11277638362802,7.783345646649593,4.158415567047926,False,1487,235.71,235.64704734573516,vertical,0.002272402930733941,6
2018-05-08 09:30:00-04:00,TLT,-1,1.0,0.2,1482,92.95,92.93405601636697,19.69099470074704,-3.188174200512171,False,1487,93.08,93.09596628291085,vertical,-0.0017422059628535713,6
2018-05-08 11:30:00-04:00,GLD,1,1.0,0.2,1484,124.6,124.62159113446752,14.669067031798365,-0.7801088488260062,False,1487,124.59,124.56841059836833,vertical,-0.0004267361346863563,4
2018-05-09 09:30:00-04:00,SPY,1,1.0,0.2,1489,236.42,236.4836087998511,7.732876563935789,12.545441998057672,False,1492,238.17003970284946,238.10596005482478,upper,0.00686031164361478,4
2018-05-09 09:30:00-04:00,TLT,-1,1.0,0.2,1489,92.79,92.77394417490277,19.711337838518112,4.887166014120387,False,1494,92.51,92.52600737557653,vertical,0.0026724831150739536,6
2018-05-09 11:30:00-04:00,DIA,1,1.0,0.2,1491,208.69,208.7440770209261,8.767307396391965,5.362605870984477,False,1494,209.41,209.35573640829872,vertical,0.0029301879895318184,4
2018-05-09 11:30:00-04:00,QQQ,1,1.0,0.2,1491,157.69,157.74010680661536,11.602144359279889,8.695996253153627,False,1494,158.54,158.48962310152322,vertical,0.004751589878322804,4
2018-05-09 12:30:00-04:00,IWM,1,1.0,0.19926478068786546,1492,142.94,142.98173732563555,12.776405333318321,-2.5992269468339395,False,1494,142.82,142.77829771339535,vertical,-0.0014228363429161783,3
2018-05-10 09:30:00-04:00,DIA,1,1.0,0.2,1496,210.55,210.6030858347981,8.71058914265022,4.735637623411006,False,1501,211.2,211.14675028112396,vertical,0.0025814647690030057,6
2018-05-10 09:30:00-04:00,GLD,1,1.0,0.2,1496,124.95,124.9719806973331,14.679106009563089,2.583521245933456,False,1501,125.17,125.147980601159,vertical,0.0014083149106212112,6
2018-05-10 09:30:00-04:00,QQQ,1,1.0,0.2,1496,159.42,159.4688844165576,11.503667060774594,7.50040458430967,False,1501,160.17,160.12088560406454,vertical,0.004088579348205723,6
2018-05-10 09:30:00-04:00,SPY,1,1.0,0.2,1496,239.2,239.2625953135448,7.6672116277816444,6.858646297914948,False,1501,240.22,240.1571377666399,vertical,0.003738747596225167,6
2018-05-10 09:30:00-04:00,TLT,-1,1.0,0.2,1496,93.1,93.08392347335311,19.70777427969477,-3.7874535042537705,False,1501,93.26,93.27610415547895,vertical,-0.002064595850225892,6
2018-05-10 10:30:00-04:00,IWM,1,1.0,0.0009607591613493005,1497,143.67,143.71120906376038,0.06141529665664221,-0.013043432258512214,False,1501,143.54,143.49882822431846,vertical,-0.001477830719159079,5
2018-05-11 09:30:00-04:00,DIA,1,1.0,0.2,1503,212.13,212.1829238403025,8.662584444484462,-1.1767271685623482,False,1508,212.1,212.04708364433054,vertical,-0.0006402032430949944,6
2018-05-11 09:30:00-04:00,GLD,1,1.0,0.2,1503,125.34,125.361930326674,14.6619670792764,-5.480686024127584,False,1508,125.01,124.9881274123383,vertical,-0.0029817897136844573,6
2018-05-11 11:30:00-04:00,TLT,1,1.0,0.2,1505,93.41,93.4260974873316,19.6576882048738,0.9394652715526195,False,1508,93.49,93.47388872614674,vertical,0.0005115405662921013,4
2018-05-14 09:30:00-04:00,DIA,1,1.0,0.2,1510,213.18,213.23297724615372,8.614562951674692,-4.960590055110448,False,1515,212.71,212.6571395532913,vertical,-0.0027005095567261828,6
2018-05-14 09:30:00-04:00,IWM,1,1.0,0.2,1510,144.3,144.34081039659358,12.726192272392556,-12.67967078688281,False,1512,143.3850175911268,143.34446596650122,lower,-0.006902721602814799,3
2018-05-14 09:30:00-04:00,QQQ,1,1.0,0.2,1510,161.14,161.18765264129354,11.396089438363243,-10.883846177461578,False,1515,160.28,160.23260167961692,vertical,-0.005925087598378176,6
2018-05-14 09:30:00-04:00,SPY,1,1.0,0.2,1510,241.91,241.97220692020645,7.591404522196855,-7.623193902680612,False,1515,241.03,240.968019370934,vertical,-0.0041500119458082185,6
2018-05-14 09:30:00-04:00,TLT,1,1.0,0.2,1510,93.07,93.08603736074757,19.733452598709444,-2.014048652203903,False,1515,93.0,92.98397470130521,vertical,-0.0010964336041807687,6
2018-05-14 12:30:00-04:00,GLD,-1,1.0,0.19928219826484972,1513,124.92,124.89825910666353,14.605721874115362,5.792553203565322,False,1515,124.48,124.50166431638267,vertical,0.003175342819968119,3
2018-05-15 09:30:00-04:00,DIA,-1,1.0,0.16666666666666669,1517,210.87,210.81863955119903,7.235425792530226,-1.7564357639094188,False,1522,211.01,211.06139454783278,vertical,-0.0011514873502198597,6
2018-05-15 09:30:00-04:00,GLD,-1,1.0,0.16666666666666669,1517,122.66,122.6387725398689,12.437849715586438,1.5867524563975348,False,1522,122.49,122.51119804004124,vertical,0.0010402460591015794,6
2018-05-15 09:30:00-04:00,IWM,-1,1.0,0.16666666666666669,1517,142.87,142.83014377577956,10.679556722630295,-6.085736245876591,False,1522,143.36,143.399992918767,vertical,-0.003989698028183719,6
2018-05-15 09:30:00-04:00,QQQ,-1,1.0,0.16666666666666669,1517,158.4,158.35406602548395,9.63260786691389,-2.233884096567039,False,1522,158.54,158.58597457272586,vertical,-0.0014644937958498971,6
2018-05-15 09:30:00-04:00,SPY,-1,1.0,0.16666666666666669,1517,239.16,239.09965155517605,6.379610393547046,-2.046243170206863,False,1522,239.36,239.42039891182915,vertical,-0.001341479816331148,6
2018-05-15 09:30:00-04:00,TLT,-1,1.0,0.16666666666666669,1517,92.18,92.16426246240418,16.550478259152857,8.110204522203697,False,1520,91.65858553534078,91.67423405384635,lower,0.005316902620012054,4
2018-05-16 09:30:00-04:00,GLD,-1,1.0,0.2,1524,122.16,122.13884660116172,14.982539372603313,-2.7317819897692224,False,1529,122.3,122.3211776414368,vertical,-0.0014928177672290932,6
2018-05-16 09:30:00-04:00,IWM,1,1.0,0.2,1524,143.84,143.8799756729004,12.7185876253309,10.05222150439887,False,1525,144.71055003105258,144.67033241694472,upper,0.005493167067536442,2
2018-05-16 09:30:00-04:00,QQQ,-1,1.0,0.2,1524,159.19,159.14410192494213,11.498698701314924,-5.311281465459142,False,1529,159.56,159.60600475442072,vertical,-0.0029024187757611397,6
2018-05-16 09:30:00-04:00,SPY,-1,1.0,0.2,1524,239.82,239.759387483497,7.632443915265759,-5.353179577808857,False,1529,240.4,240.46075910669384,vertical,-0.002925314543711588,6
2018-05-16 11:30:00-04:00,DIA,-1,1.0,0.1990058192143495,1526,211.56,211.50822696598422,8.604120579676744,-1.149109640383226,False,1529,211.59,211.6417803756258,vertical,-0.0006314336399930731,4
2018-05-16 11:30:00-04:00,IWM,1,1.0,0.1990058192143495,1526,144.7,144.74021468206817,12.573162838029313,0.4971087318736131,False,1529,144.82,144.7797519678154,vertical,0.000273160336497158,4
2018-05-16 14:30:00-04:00,TLT,-1,1.0,0.0004447864617399544,1529,91.65,91.63433410749029,0.04439070955179284,0.001273057671402591,False,1529,91.59,91.60565563660626,vertical,0.00031296643516165457,1
2018-05-17 09:30:00-04:00,IWM,1,1.0,0.2,1531,145.47,145.51027350538902,12.570597829180928,-0.6355105494108664,False,1536,145.5,145.45971818908293,vertical,-0.00034743468683129386,6
2018-05-17 10:30:00-04:00,QQQ,-1,1.0,0.2,1532,159.87,159.82432609128898,11.447744959034411,13.051744059840766,False,1534,158.63888905077272,158.68421123840344,lower,0.0071335501970728465,3
2018-05-17 10:30:00-04:00,TLT,-1,1.0,0.2,1532,91.22,91.2043440805038,20.06075633554974,0.9769967736329457,False,1536,91.14,91.15564218924452,vertical,0.0005339865304694325,5
2018-05-17 13:30:00-04:00,DIA,1,1.0,0.2,1535,211.22,211.27109522889873,8.667946732279688,-0.01919645369786184,False,1536,211.32,211.26888058057534,vertical,-1.0482495586994212e-05,2
2018-05-17 13:30:00-04:00,QQQ,1,1.0,0.2,1535,158.79,158.83536535913066,11.529463827995105,0.682848955024666,False,1536,158.94,158.89459178676094,vertical,0.0003728793489810034,2
2018-05-17 13:30:00-04:00,SPY,1,1.0,0.2,1535,240.11,240.17048050336493,7.624944563030202,-0.08378833706108114,False,1536,240.22,240.15949178910367,vertical,-4.575380887039682e-05,2
2018-05-18 09:30:00-04:00,TLT,-1,1.0,0.2,1538,91.53,91.51426928435943,20.01814319740329,-8.238001203205405,False,1543,91.91,91.92579602397602,vertical,-0.004496858717604635,6
2018-05-18 12:30:00-04:00,IWM,1,1.0,0.2,1541,146.06,146.0999430011045,12.532804377399662,-5.887652681325399,False,1543,145.67,145.63016365212314,vertical,-0.0032154656554369554,3
2018-05-18 14:30:00-04:00,GLD,1,1.0,0.2,1543,122.5615,122.58241194233202,14.924362797777613,-3.0340681676050263,False,1543,122.4,122.3791156134558,vertical,-0.0016584461478198476,1
2018-05-21 09:30:00-04:00,DIA,1,1.0,0.2,1545,214.03,214.0809557200867,8.541225895499121,-2.322111343610335,False,1550,213.86,213.80908475308254,vertical,-0.0012699446622409516,6
2018-05-21 09:30:00-04:00,GLD,-1,1.0,0.2,1545,122.0799,122.05927441098858,14.98053967265752,-6.462860772654814,False,1550,122.47,122.49069149701324,vertical,-0.003534488371379485,6
2018-05-21 09:30:00-04:00,IWM,1,1.0,0.2,1545,146.6,146.63947366742423,12.46945148532545,-0.2364643249122351,False,1550,146.66,146.6205101769138,vertical,-0.0001293205031097644,6
2018-05-21 09:30:00-04:00,QQQ,1,1.0,0.2,1545,159.59,159.63550754902795,11.454305065356616,-15.15150341629484,False,1546,158.3578856985658,158.31272949048642,lower,-0.008286239564435749,2
2018-05-21 09:30:00-04:00,SPY,1,1.0,0.2,1545,241.59,241.65045464221276,7.5667716224118,-2.276571007436173,False,1550,241.41,241.34959040036182,vertical,-0.0012450390060155803,6
2018-05-22 10:30:00-04:00,TLT,1,1.0,0.2,1553,91.67,91.68575931275883,19.885573443714794,2.355557284129124,False,1557,91.82,91.80421490021254,vertical,0.001291973675537017,5
2018-05-22 14:30:00-04:00,DIA,1,1.0,0.2,1557,212.79,212.84006281249225,8.568864048491157,-4.456039054955994,False,1557,212.37,212.3200360003338,vertical,-0.0024432750361316202,1
2018-05-22 14:30:00-04:00,IWM,-1,1.0,0.2,1557,145.87,145.83108606325777,12.506233146487354,2.654441609750052,False,1557,145.58,145.6188365730509,vertical,0.0014554475039346704,1
2018-05-23 09:30:00-04:00,DIA,1,1.0,0.2,1559,211.74,211.78933075648473,8.609190491379744,8.102076369873082,False,1564,212.78,212.730426946421,vertical,0.004443548627188987,6
2018-05-23 09:30:00-04:00,QQQ,1,1.0,0.2,1559,158.42,158.4640197305491,11.506300897988016,11.869982302685578,False,1562,159.5399578129846,159.49562688283217,upper,0.006510040285720331,4
2018-05-23 09:30:00-04:00,TLT,1,1.0,0.2,1559,92.37,92.38579026295587,19.736094558856788,1.3499958300383825,False,1564,92.47,92.45419264246476,vertical,0.0007403993548598109,6
2018-05-23 10:30:00-04:00,SPY,1,1.0,0.2,1560,239.87,239.92815578735204,7.598338362728043,8.797293455602636,False,1563,241.1444123003737,241.08594753544736,upper,0.0048255768244285235,4
2018-05-23 12:30:00-04:00,IWM,-1,1.0,0.2,1562,145.28,145.241731200216,12.552724384107092,-7.364331176207369,False,1564,145.79,145.82840314097265,vertical,-0.00403927945438709,3
2018-05-23 13:30:00-04:00,GLD,1,1.0,0.10015717646425354,1563,122.66,122.68060000746895,7.456995985404245,-1.1273601450582036,False,1564,122.55,122.52941846636784,vertical,-0.001232318240144803,2
2018-05-23 13:30:00-04:00,QQQ,1,1.0,0.10015717646425354,1563,159.38,159.42428648311397,5.738327339727988,3.9090236181085083,False,1564,160.15,160.1054995590996,vertical,0.00427295671828376,2
2018-05-24 09:30:00-04:00,DIA,-1,1.0,0.16666666666666669,1566,211.2,211.1523776805556,7.216123764349288,-7.471982936992843,False,1571,212.14,212.18783427484345,vertical,-0.004903835825397884,6
2018-05-24 09:30:00-04:00,GLD,1,1.0,0.16666666666666669,1566,123.74,123.76087668682332,12.311658831693943,-2.237394726728654,False,1571,123.6,123.57914693315529,vertical,-0.0014683942012458928,6
2018-05-24 09:30:00-04:00,IWM,-1,1.0,0.16666666666666669,1566,144.95,144.91273007995335,10.514615863208393,-9.517376479067883,False,1567,145.780403485408,145.81788692095313,upper,-0.006246220332060348,2
2018-05-24 09:30:00-04:00,QQQ,1,1.0,0.16666666666666669,1566,159.13,159.17325646522093,9.572598590470124,10.261173392605697,False,1569,160.28875977521903,160.2451883231828,upper,0.00673437160089807,4
2018-05-24 09:30:00-04:00,SPY,-1,1.0,0.16666666666666669,1566,239.79,239.73354393117606,6.355813481474856,-9.667432654589955,False,1570,241.19779422745802,241.2545817468337,upper,-0.006344701666339603,5
2018-05-24 09:30:00-04:00,TLT,1,1.0,0.16666666666666669,1566,93.2,93.21595858657619,16.345931679330906,-0.3582846040050281,False,1571,93.21,93.19403970112911,vertical,-0.0002351409112713032,6
2018-05-24 11:30:00-04:00,IWM,-1,1.0,0.16374702473134328,1568,145.69,145.65253980923356,10.262258051079442,-2.2059378279050903,False,1571,145.83,145.86749618792967,vertical,-0.0014758162060040103,4
2018-05-25 09:30:00-04:00,QQQ,1,1.0,0.2,1573,160.72,160.76325711607583,11.347136243270759,-6.086525773252465,False,1578,160.27,160.22686399954284,vertical,-0.003336540489134898,6
2018-05-25 09:30:00-04:00,TLT,1,1.0,0.2,1573,93.86,93.87630409217324,19.431981255003084,-1.9936440325277425,False,1578,93.79,93.77370806728183,vertical,-0.001092885216174233,6
2018-05-25 12:30:00-04:00,SPY,1,1.0,0.2,1576,240.2,240.2556200547546,7.58975051539767,0.4456741406208189,False,1578,240.37,240.31434058051056,vertical,0.0002444085417963038,3
2018-05-25 14:30:00-04:00,GLD,1,1.0,0.2,1578,123.32,123.34086402915759,14.785040436547048,-2.0952049308586553,False,1578,123.22,123.19915288945184,vertical,-0.0011489390869862115,1
2018-05-29 09:30:00-04:00,DIA,-1,1.0,0.2,1580,210.55,210.50360681439068,8.656652818759689,10.669599816740432,False,1581,209.22497379620853,209.27107502177697,lower,0.005855157596898031,2
2018-05-29 09:30:00-04:00,QQQ,1,1.0,0.2,1580,160.08,160.1216997898951,11.380447769914785,-12.580094478380172,False,1581,159.05772032062634,159.01628682788171,lower,-0.0069035799861222324,2
2018-05-29 09:30:00-04:00,SPY,-1,1.0,0.2,1580,239.23,239.17519942577292,7.618919711006268,8.89841558006933,False,1581,237.95275477882956,238.00726277364956,lower,0.004883184606629065,2
2018-05-29 09:30:00-04:00,TLT,1,1.0,0.2,1580,94.54,94.5562527138383,19.2716672772946,10.525525591064644,False,1581,95.11877072703881,95.10241851462844,upper,0.005776093966445961,2
2018-05-29 10:30:00-04:00,GLD,1,1.0,0.2,1581,123.4,123.42077004515009,14.796212514724953,-3.4254432016922167,False,1585,123.21,123.18926193466011,vertical,-0.001875762972515016,5
2018-05-29 11:30:00-04:00,DIA,-1,1.0,0.15997430958721162,1582,208.03,207.9841620783552,7.0223007729633435,-2.750929771198661,False,1585,208.33,208.37590402449771,vertical,-0.001883518159401687,4
2018-05-29 11:30:00-04:00,IWM,-1,1.0,0.15997430958721162,1582,144.6,144.56389610560447,10.102988238917181,-9.3876833172685,False,1585,145.45677696832942,145.49309478378433,upper,-0.006427598475217344,4
2018-05-29 11:30:00-04:00,QQQ,-1,1.0,0.15997430958721162,1582,159.06,159.01856591341385,9.18463409437505,-5.170886631684075,False,1585,159.54,159.58155912343742,vertical,-0.0035404243950365455,4
2018-05-29 11:30:00-04:00,SPY,-1,1.0,0.15997430958721162,1582,237.13,237.075680474161,6.16059538121267,-3.8735246682783595,False,1585,237.65,237.7044386425827,vertical,-0.0026521411524123018,4
2018-05-29 11:30:00-04:00,TLT,1,1.0,0.15997430958721162,1582,95.47,95.4864125935069,15.29565623482522,5.156337103761916,False,1585,95.84,95.82352379845291,vertical,0.0035304625630991904,4
2018-05-30 09:30:00-04:00,DIA,-1,1.0,0.2,1587,209.65,209.60348297348372,8.691978199255317,-13.97957685408622,False,1589,211.16496067773508,211.211813842892,upper,-0.007673206793094023,3
2018-05-30 09:30:00-04:00,IWM,1,1.0,0.2,1587,147.4,147.43614357769852,12.357003244142659,1.9481612256815117,False,1592,147.63,147.59380002458866,vertical,0.001069320202390367,6
2018-05-30 09:30:00-04:00,QQQ,-1,1.0,0.2,1587,160.11,160.06880765169018,11.381785940817972,-7.540819213787153,False,1592,160.69,160.73134156798392,vertical,-0.00413905698439021,6
2018-05-30 09:30:00-04:00,SPY,-1,1.0,0.2,1587,239.21,239.15514942878113,7.617937179462841,-12.394665599209873,False,1588,240.72698800672018,240.78218642150202,upper,-0.006803269746050056,2
2018-05-30 09:30:00-04:00,TLT,1,1.0,0.2,1587,95.06,95.07655576849602,19.16212561306503,2.2393308159119214,False,1592,95.21,95.19341810731636,vertical,0.0012291393801104888,6
2018-05-30 11:30:00-04:00,SPY,-1,1.0,0.1947190545858315,1589,240.72,240.66480318755987,7.3429386453546535,-0.8840598380593946,False,1592,240.73,240.78519910542835,vertical,-0.0005002639200824,4
2018-05-31 09:30:00-04:00,DIA,-1,1.0,0.2,1594,209.5,209.45404795474855,8.668949568322862,3.972256140129062,False,1599,208.95,208.99583140742382,vertical,0.002187671003731184,6
2018-05-31 09:30:00-04:00,GLD,1,1.0,0.2,1594,123.62,123.64080788675692,14.685657669463327,-8.09957974085171,False,1599,123.11,123.08927795713765,vertical,-0.004460743495985686,6
2018-05-31 09:30:00-04:00,SPY,-1,1.0,0.2,1594,239.96,239.90557340717933,7.5685885609627785,5.686597524229803,False,1599,239.1,239.15423153168618,vertical,0.0031318233454207256,6
2018-05-31 09:30:00-04:00,TLT,1,1.0,0.2,1594,95.4,95.41685788409876,19.02962032984098,-7.4910510239008055,False,1599,95.04,95.02320573055822,vertical,-0.004125603821692692,6
2018-05-31 11:30:00-04:00,IWM,1,1.0,0.2,1596,146.78,146.81576441665587,12.362669815090545,-6.075343509750117,False,1599,146.36,146.32433792054948,vertical,-0.0033472324859593616,4
2018-06-01 09:30:00-04:00,DIA,1,1.0,0.16666666666666669,1601,210.72,210.7662285357445,7.169654135597732,0.12560371036282594,False,1606,210.83,210.78374733204726,vertical,8.311956058837389e-05,6
2018-06-01 09:30:00-04:00,GLD,-1,1.0,0.16666666666666669,1601,122.6352,122.61476033887476,12.324135837229536,1.039436655908608,False,1606,122.51,122.5304187939878,vertical,0.0006878580087247288,6
2018-06-01 09:30:00-04:00,IWM,1,1.0,0.16666666666666669,1601,147.2,147.23562370210448,10.263283599918884,2.3470076231955233,False,1606,147.5,147.46430369524177,vertical,0.001553156684417356,6
2018-06-01 09:30:00-04:00,QQQ,1,1.0,0.16666666666666669,1601,162.3,162.3407984524411,9.308325303748772,6.871377499191997,False,1606,163.12,163.07899541859405,vertical,0.0045472054664632555,6
2018-06-01 09:30:00-04:00,SPY,1,1.0,0.16666666666666669,1601,241.15,241.204716986942,6.26488976228207,2.571411711239702,False,1606,241.67,241.61516502494595,vertical,0.0017016584216558162,6
2018-06-01 09:30:00-04:00,TLT,-1,1.0,0.16666666666666669,1601,94.39,94.37312699756754,16.012195527913217,-2.942606304463033,False,1606,94.54,94.55689981618778,vertical,-0.0019473003011225565,6
2018-06-04 09:30:00-04:00,DIA,1,1.0,0.2,1608,212.36,212.40603377692833,8.54659148978957,-0.6159689957761818,False,1613,212.38,212.3339618876246,vertical,-0.00033931187368907434,6
2018-06-04 09:30:00-04:00,QQQ,1,1.0,0.2,1608,163.77,163.8105422750086,11.081994940290276,7.300067554730781,False,1613,164.51,164.46927453342087,vertical,0.004021305645312889,6
2018-06-04 09:30:00-04:00,SPY,1,1.0,0.2,1608,242.43,242.48381738340277,7.486469077594233,1.739030076135531,False,1613,242.77,242.71610713950957,vertical,0.0009579598284676916,6
2018-06-04 09:30:00-04:00,TLT,-1,1.0,0.2,1608,94.29,94.27308469714767,19.25626605398197,8.015423108736313,False,1613,93.84,93.85683457439457,vertical,0.0044153654682065335,6
2018-06-04 14:30:00-04:00,IWM,1,1.0,0.2,1613,147.95,147.98507837059572,12.28800185892996,2.454887707600054,False,1613,148.22,148.18485761345252,vertical,0.0013499958580722726,1
2018-06-05 09:30:00-04:00,IWM,1,1.0,0.2,1615,148.76,148.79424983016673,12.22578352741777,3.929495781185112,False,1620,149.15,149.11566037799565,vertical,0.002160100596600767,6
2018-06-05 09:30:00-04:00,QQQ,1,1.0,0.2,1615,165.26,165.2999897016319,11.004999406422696,-2.7505704752944116,False,1620,165.09,165.0500514350574,vertical,-0.0015120283251415234,6
2018-06-05 10:30:00-04:00,GLD,-1,1.0,0.2,1616,122.77,122.74977879643379,14.798830814181814,-1.9306144878976175,False,1620,122.86,122.88023602728796,vertical,-0.0010627899466160162,5
2018-06-05 10:30:00-04:00,TLT,-1,1.0,0.2,1616,94.34,94.3231667948045,19.258823368796445,3.5893216927048304,False,1620,94.12,94.13679395031804,vertical,0.0019758968111397435,5
2018-06-06 09:30:00-04:00,DIA,1,1.0,0.2,1622,213.18,213.22408605646626,8.53418508530215,11.386680056319655,False,1626,214.60270972420724,214.55832944848387,upper,0.0062574703294273615,5
2018-06-06 09:30:00-04:00,IWM,1,1.0,0.2,1622,149.45,149.4839836453942,12.173169129389493,8.665535497150225,False,1627,150.23,150.1958389893103,vertical,0.004762084382262222,6
2018-06-06 09:30:00-04:00,SPY,1,1.0,0.2,1622,243.28,243.33199000015503,7.4782350444309325,8.96666926780945,False,1626,244.5832940162238,244.5310254964366,upper,0.004927570338288945,5
2018-06-06 09:30:00-04:00,TLT,-1,1.0,0.2,1622,93.38,93.3632760004649,19.49046662674107,0.3227807551156723,False,1627,93.33,93.34671504472703,vertical,0.0001773819048270786,6
2018-06-06 10:30:00-04:00,QQQ,1,1.0,0.2,1623,165.39,165.42937074946252,11.0143434788495,6.730801945350184,False,1627,166.08,166.04046499745607,vertical,0.0036939888317597536,5
2018-06-06 13:30:00-04:00,GLD,1,1.0,0.0006478822027802256,1626,122.785,122.80539324854585,0.04813796453126646,0.003571567523822829,False,1627,122.9,122.87958765120912,vertical,0.000604162412583209,2
2018-06-07 09:30:00-04:00,DIA,1,1.0,0.2,1629,216.1,216.14420486235892,8.452269280277532,-0.9162736064249366,False,1634,216.08,216.03579922878984,vertical,-0.0005015430954445899,6
2018-06-07 09:30:00-04:00,QQQ,1,1.0,0.2,1629,165.0,165.03897984119934,11.069560806943812,-12.707868313828246,False,1632,163.9297057046134,163.89097871130295,lower,-0.006955939324158389,4
2018-06-07 10:30:00-04:00,IWM,1,1.0,0.2,1630,149.58,149.613570237426,12.213277421555054,-3.017901796837351,False,1634,149.4,149.36647015997167,vertical,-0.0016515886698124094,5
2018-06-07 10:30:00-04:00,TLT,-1,1.0,0.2,1630,93.6,93.58311636486665,19.525659224840663,-11.928983646008827,False,1632,94.17706748039424,94.19405520737358,upper,-0.006528301965548655,3
2018-06-07 12:30:00-04:00,SPY,1,1.0,0.19870571734311537,1632,244.46,244.5120507667031,7.403699089032228,2.63424000614202,False,1634,244.92,244.8678512894505,vertical,0.0014551451416473515,3
2018-06-08 09:30:00-04:00,GLD,1,1.0,0.2,1636,123.09,123.11013900548821,14.797494991988655,-1.631668841770227,False,1641,123.02,122.9998724473543,vertical,-0.0008956740608422331,6
2018-06-08 09:30:00-04:00,QQQ,-1,1.0,0.2,1636,163.94,163.9017215228851,11.114719531133035,-9.52241455256918,False,1641,164.72,164.75846059991682,vertical,-0.005227151179812761,6
2018-06-08 11:30:00-04:00,SPY,1,1.0,0.2,1638,245.38,245.4312694033681,7.414517970355812,1.537744499648751,False,1641,245.69,245.63866582560308,vertical,0.0008450285195491514,4
2018-06-08 14:30:00-04:00,IWM,1,1.0,0.2,1641,149.93,149.9632521679615,12.13505103894479,-1.5349750910131763,False,1641,149.87,149.83676113911565,vertical,-0.000843480166088928,1
2018-06-11 09:30:00-04:00,SPY,1,1.0,0.2,1643,246.08,246.13110535132955,7.3923667632436825,-1.2729372084827633,False,1648,246.01,245.958909186116,vertical,-0.000699611554450863,6
2018-06-11 09:30:00-04:00,TLT,1,1.0,0.2,1643,93.52,93.53714866476955,19.452072556974397,4.194972269979276,False,1648,93.77,93.75280549299144,vertical,0.002305574109328523,6
2018-06-11 10:30:00-04:00,GLD,1,1.0,0.2,1644,123.305,123.32512824698333,14.759836338551562,-1.8485605532780682,False,1648,123.22,123.19988562837449,vertical,-0.0010155482535401106,5
2018-06-11 11:30:00-04:00,QQQ,1,1.0,0.2,1645,165.52,165.55823300781253,10.995530476833483,-4.908190945601625,False,1648,165.15,165.11185245746594,vertical,-0.002696214753183046,4
2018-06-11 14:30:00-04:00,IWM,1,1.0,0.1997280096168519,1648,150.27,150.30274759236596,12.094355764170098,-2.726797281224355,False,1648,150.11,150.07728727563685,vertical,-0.0015000412190772083,1
2018-06-12 09:30:00-04:00,DIA,1,1.0,0.2,1650,216.59,216.632712269059,8.392911120448366,0.7934655259487443,False,1655,216.77,216.7272522343418,vertical,0.0004364066917343923,6
2018-06-12 09:30:00-04:00,GLD,1,1.0,0.2,1650,122.97,122.98984421073744,14.783164508611865,-2.8038372963827514,False,1655,122.82,122.8001799954235,vertical,-0.0015421128185914013,6
2018-06-12 10:30:00-04:00,IWM,1,1.0,0.2,1651,150.82,150.85266376319748,12.054553864079065,-1.510610775055124,False,1655,150.76,150.72734923127138,vertical,-0.0008307081147922446,5
2018-06-12 11:30:00-04:00,QQQ,1,1.0,0.2,1652,165.92,165.958373269718,10.958516202744427,0.36412979811153046,False,1655,166.03,165.9916012899513,vertical,0.00020021900419142646,4
2018-06-12 12:30:00-04:00,TLT,-1,1.0,0.1999762151961133,1653,93.81,93.79270694475572,19.376967308423147,-0.0887577537623994,False,1655,93.78,93.79728752500596,vertical,-4.883727530047288e-05,3
2018-06-13 09:30:00-04:00,QQQ,1,1.0,0.2,1657,166.79,166.82801023868936,10.894633192323132,-11.247390679427005,False,1661,165.83342346589055,165.7956312240978,lower,-0.006188283449011234,5
2018-06-13 09:30:00-04:00,SPY,1,1.0,0.2,1657,246.67,246.7200971357927,7.366769058765792,-7.94287612793341,False,1661,245.69179211113016,245.64189364324776,lower,-0.004370148622110492,5
2018-06-13 10:30:00-04:00,DIA,1,1.0,0.19992517017605882,1658,216.93,216.9721043658598,8.376791030661328,-9.42933193131534,False,1662,215.8883569024649,215.846454711141,lower,-0.005187992521014206,5
2018-06-13 10:30:00-04:00,GLD,-1,1.0,0.19992517017605882,1658,123.02,123.00017005965087,14.776646055645356,5.048628041794523,False,1660,122.6387389263686,122.65850741017124,lower,0.0027777412772188592,3
2018-06-13 10:30:00-04:00,IWM,1,1.0,0.19992517017605882,1658,150.97,151.00225939605397,12.036442269307821,-9.895345428242054,False,1659,150.2122414007177,150.18014392315592,lower,-0.005444391866626153,2
2018-06-13 13:30:00-04:00,GLD,-1,1.0,0.2,1661,122.57,122.55024259641851,14.78789977623318,-6.416310010733096,False,1661,122.9643108332461,122.98413179690155,upper,-0.003540500543209202,1
2018-06-13 13:30:00-04:00,TLT,-1,1.0,0.2,1661,93.51,93.49277935236803,19.383964383373502,-4.932866343228214,False,1662,93.73,93.74726116246975,vertical,-0.0027219407944072405,2
2018-06-13 14:30:00-04:00,GLD,-1,1.0,0.2,1662,123.07,123.05016200001002,14.710565289791353,-2.054950040867869,False,1662,123.17,123.18985411927167,vertical,-0.001135245309645594,1
2018-06-14 09:30:00-04:00,DIA,-1,1.0,0.16666666666666669,1664,216.52,216.4780808065031,6.960504124771958,6.704431250383084,False,1664,215.4731537018378,215.51487022143607,lower,0.004449460109210768,1
2018-06-14 09:30:00-04:00,GLD,1,1.0,0.16666666666666669,1664,123.45,123.47011624190436,12.203734962266054,-1.2230913507124874,False,1669,123.39,123.36989353512695,vertical,-0.000811716306973076,6
2018-06-14 09:30:00-04:00,IWM,1,1.0,0.16666666666666669,1664,150.65,150.6822797759307,9.999825969032562,2.753628040886976,False,1669,150.99,150.95764737226833,vertical,0.001827471662541269,6
2018-06-14 09:30:00-04:00,QQQ,1,1.0,0.16666666666666669,1664,167.66,167.69794617658536,8.98518204146478,-0.3225806711185423,False,1669,167.7,167.66204477028887,vertical,-0.0002140837566292353,6
2018-06-14 09:30:00-04:00,SPY,-1,1.0,0.16666666666666669,1664,246.5,246.45013473518642,6.114001828383874,1.5305808867183428,False,1669,246.15,246.19979446220634,vertical,0.0010157846870283427,6
2018-06-14 09:30:00-04:00,TLT,1,1.0,0.16666666666666669,1664,94.25,94.26741308476512,15.984278395562555,3.438660118965984,False,1669,94.5,94.48254072668111,vertical,0.002282099772087154,6
2018-06-14 10:30:00-04:00,DIA,-1,1.0,0.16787628910808128,1665,215.77,215.72822600969505,7.040157529841596,0.39762193000835466,False,1669,215.63,215.67174688570913,vertical,0.0002618068346020852,5
2018-06-15 09:30:00-04:00,DIA,-1,1.0,0.16666666666666669,1671,213.89,213.84953654584163,7.0564089458310635,-9.177942213067515,False,1674,215.10949577842808,215.15018993533798,upper,-0.006082095900252327,4
2018-06-15 09:30:00-04:00,GLD,-1,1.0,0.16666666666666669,1671,121.63,121.61012356029441,12.40858687225768,3.478119630198882,False,1676,121.31,121.32982414618667,vertical,0.0023049019760987832,6
2018-06-15 09:30:00-04:00,IWM,-1,1.0,0.16666666666666669,1671,150.32,150.28837162188248,10.040762079321025,-8.308614403660604,False,1675,151.08407090339153,151.11586004736486,upper,-0.005506004333883485,5
2018-06-15 09:30:00-04:00,QQQ,1,1.0,0.16666666666666669,1671,166.88,166.91719987601311,9.040469070082672,1.8581584136005729,False,1676,167.16,167.12273770808753,vertical,0.0012313759889759357,6
2018-06-15 09:30:00-04:00,SPY,-1,1.0,0.16666666666666669,1671,243.84,243.7917492905156,6.189749190181514,-6.602564368520952,False,1676,244.81,244.8584426516932,vertical,-0.004375428472382259,6
2018-06-15 09:30:00-04:00,TLT,1,1.0,0.16666666666666669,1671,95.05,95.06751934368835,15.873032063543466,-8.491223404069043,False,1676,94.55,94.53257281487919,vertical,-0.005627016803449125,6
2018-06-15 13:30:00-04:00,DIA,-1,1.0,0.1642296232545496,1675,215.06,215.01931520664223,6.901331256343014,0.3357843173348104,False,1676,214.93,214.97066020011343,vertical,0.00022628202718455448,2
2018-06-18 09:30:00-04:00,DIA,-1,1.0,0.2,1678,212.94,212.89966449165956,8.480192240780992,-9.844448190998166,False,1683,214.02,214.06054008403783,vertical,-0.005452688688589946,6
2018-06-18 09:30:00-04:00,QQQ,-1,1.0,0.2,1678,166.2,166.16278107397312,10.865430099435432,-9.720447192656101,False,1683,167.02,167.05740255731055,vertical,-0.005384006439680178,6
2018-06-18 09:30:00-04:00,SPY,-1,1.0,0.2,1678,243.36,243.31184850115437,7.420230843704605,-7.319902601074747,False,1683,244.25,244.29832759530345,vertical,-0.0040543816514730935,6
2018-06-18 10:30:00-04:00,IWM,1,1.0,0.1,1679,151.45,151.48173833996879,5.947131679856549,-4.653090012548496,False,1679,150.73091687528705,150.6993292286473,lower,-0.005165039165087704,1
2018-06-18 10:30:00-04:00,TLT,1,1.0,0.1,1679,94.4,94.41733428367716,9.541487819330573,0.8139785774957092,False,1683,94.52,94.50264368121647,vertical,0.0009035353326434237,5
2018-06-18 11:30:00-04:00,IWM,1,1.0,0.1,1680,150.69,150.72157907197027,5.977134217680916,4.254702724340541,False,1681,151.46515046548376,151.4334089505356,upper,0.004722813302171058,2
2018-06-18 13:30:00-04:00,IWM,1,1.0,0.1,1682,151.49,151.52174672249504,5.942308777213642,1.048557581715804,False,1683,151.73,151.69820298234754,vertical,0.0011645606236025952,2
2018-06-19 09:30:00-04:00,DIA,-1,1.0,0.1,1685,210.46,210.42032958817433,4.277975318705809,-5.088865761985243,False,1690,211.57,211.6098796399789,vertical,-0.0056532087661527175,6
2018-06-19 09:30:00-04:00,GLD,-1,1.0,0.1,1685,120.645,120.62500676022619,7.462573480484699,-1.6792069242422303,False,1690,120.83,120.85002389789773,vertical,-0.0018654269435094406,6
2018-06-19 09:30:00-04:00,IWM,-1,1.0,0.1,1685,150.25,150.2187761832738,5.992413194965049,-6.205533238387877,False,1687,151.22291516068577,151.25434116126996,upper,-0.006893711986660778,3
2018-06-19 09:30:00-04:00,QQQ,-1,1.0,0.1,1685,164.62,164.5830217739825,5.469415780737913,-8.299723963528013,False,1688,166.06319843387539,166.10050084236084,upper,-0.009220143438988915,4
2018-06-19 09:30:00-04:00,SPY,-1,1.0,0.1,1685,241.69,241.64229926501676,3.725229313204404,-6.569979195002284,False,1689,243.35791357815725,243.40594349806153,upper,-0.007298574125511603,5
2018-06-19 09:30:00-04:00,TLT,1,1.0,0.1,1685,95.26,95.27737588964368,9.44791948903787,-2.312033202699236,False,1690,95.05,95.03266241538283,vertical,-0.0025684321380166075,6
2018-06-19 13:30:00-04:00,IWM,1,1.0,0.1,1689,151.62,151.65150851974724,5.916685826813738,0.6327755407933142,False,1690,151.79,151.75845615214064,vertical,0.0007052197069274957,2
2018-06-20 09:30:00-04:00,TLT,1,1.0,0.1,1692,94.73,94.7472146724879,9.469626341619259,-4.870627666080601,False,1697,94.25,94.23287255481911,vertical,-0.005428572432938705,6
2018-06-20 10:30:00-04:00,IWM,1,1.0,0.1,1693,152.86,152.8923378787957,5.867838852455762,0.3831507515167366,False,1697,152.99,152.95763461941024,vertical,0.00042707660514884616,5
2018-06-20 10:30:00-04:00,QQQ,1,1.0,0.1,1693,167.76,167.79785046732928,5.346597694483985,-0.5651041841329545,False,1697,167.73,167.6921563013523,vertical,-0.0006298898685687115,5
2018-06-20 11:30:00-04:00,SPY,1,1.0,0.1,1694,244.02,244.06789436517926,3.676093451052988,-1.4179861857256084,False,1697,243.73,243.682162553786,vertical,-0.0015804283164591038,4
2018-06-20 13:30:00-04:00,DIA,-1,1.0,0.1,1696,211.55,211.50988072607868,4.242340047034474,0.9749756159288264,False,1697,211.24,211.28006048415574,vertical,0.0010865697674926622,2
2018-06-20 13:30:00-04:00,GLD,-1,1.0,0.1,1696,120.36,120.34012952085274,7.456339301947015,0.3748592563576145,False,1697,120.27,120.28985562086274,vertical,0.0004177650480365891,2
2018-06-21 09:30:00-04:00,DIA,-1,1.0,0.1,1699,209.69,209.65013456703025,4.277167045317268,0.30067479821749227,False,1704,209.54,209.57983691556333,vertical,0.0003353093553318809,6
2018-06-21 09:30:00-04:00,IWM,-1,1.0,0.1,1699,151.33,151.29783496401743,5.92677778125307,-1.4483167933097651,False,1704,151.51,151.5422032947976,vertical,-0.001615147571928377,6
2018-06-21 09:30:00-04:00,QQQ,-1,1.0,0.1,1699,166.6,166.5625241439079,5.383615859721767,1.3196333744704891,False,1704,166.28,166.31740387365542,vertical,0.00147164118406784,6
2018-06-21 09:30:00-04:00,SPY,-1,1.0,0.1,1699,242.29,242.24230811879886,3.701701216356783,0.054185094398805894,False,1704,242.18,242.22767022902013,vertical,6.04266442654211e-05,6
2018-06-21 09:30:00-04:00,TLT,1,1.0,0.1,1699,94.83,94.84725455950493,9.454239353379053,-1.36603457534875,False,1704,94.72,94.70276545527462,vertical,-0.001523387312593938,6
2018-06-22 09:30:00-04:00,DIA,-1,1.0,0.1,1706,210.6,210.5596384954842,4.258150646594618,-0.13078239703004682,False,1711,210.55,210.59035192201236,vertical,-0.00014586568797136934,6
2018-06-22 09:30:00-04:00,QQQ,-1,1.0,0.1,1706,165.45,165.41245830364022,5.420357511164224,-1.9250233109816435,False,1711,165.73,165.76760523020673,vertical,-0.002147038561718162,6
2018-06-22 10:30:00-04:00,SPY,-1,1.0,0.1,1707,243.11,243.0617990650917,3.68714954812866,1.4884921852252617,False,1711,242.61,242.6581018009054,vertical,0.0016608832228637294,5
2018-06-22 11:30:00-04:00,IWM,-1,1.0,0.1,1708,151.37,151.33731358859734,5.920613088603816,1.863271605924118,False,1711,150.99,151.02260435527307,vertical,0.002079521737644807,4
2018-06-25 09:30:00-04:00,DIA,-1,1.0,0.1,1713,208.17,208.13035034016752,4.3084742573535575,7.375346513766133,False,1717,206.37921849129197,206.41852706510022,lower,0.008224765260181899,5
2018-06-25 09:30:00-04:00,GLD,-1,1.0,0.1,1713,120.01,119.99012283423002,7.473317265067231,0.5998498755374062,False,1718,119.89,119.9098572902605,vertical,0.0006689345928948542,6
2018-06-25 09:30:00-04:00,IWM,-1,1.0,0.1,1713,149.23,149.1976848812491,6.010309458409616,7.014904246360888,False,1714,147.99849117201234,148.03053961278948,lower,0.007822810852518125,2
2018-06-25 09:30:00-04:00,QQQ,-1,1.0,0.1,1713,162.95,162.9128636476778,5.504318299590403,8.7289121537884,False,1714,161.29027571691395,161.32703381759003,lower,0.009734221071193927,2
2018-06-25 09:30:00-04:00,SPY,-1,1.0,0.1,1713,239.91,239.86269825658303,3.738489824104938,6.074501044867254,False,1714,238.19088122162404,238.23784401578766,lower,0.006774101403033694,2
2018-06-25 09:30:00-04:00,TLT,1,1.0,0.1,1713,95.02,95.03727264488097,9.435500742590907,-0.891979241178385,False,1718,94.96,94.94273826186173,vertical,-0.000994708501079078,6
2018-06-25 11:30:00-04:00,QQQ,-1,1.0,0.1,1715,161.59,161.55317359207277,5.5666581394789185,-3.583718312888606,False,1718,162.16,162.19695631109278,vertical,-0.003984958665346872,4
2018-06-25 11:30:00-04:00,SPY,-1,1.0,0.1,1715,238.8,238.7529171092161,3.7667028307912904,-2.389115081135447,False,1718,239.34,239.3871893596324,vertical,-0.0026566052389891404,4
2018-06-25 14:30:00-04:00,DIA,-1,1.0,0.1,1718,206.88,206.84059604349264,4.350918135388466,-4.215941469759355,False,1718,207.77,207.80957347275492,vertical,-0.004684657885333676,1
2018-06-25 14:30:00-04:00,IWM,-1,1.0,0.1,1718,148.02,147.98794690157806,6.081214850954834,-3.7960613150289033,False,1718,148.58,148.61217436402873,vertical,-0.004218096645842495,1
2018-06-26 09:30:00-04:00,DIA,-1,1.0,0.1,1720,207.96,207.92037205485852,4.319999611288853,-0.38559364332942464,False,1725,207.97,208.00962985069762,vertical,-0.00042928836148647953,6
2018-06-26 09:30:00-04:00,GLD,-1,1.0,0.1,1720,119.2037,119.18402859564928,7.536378296989459,-0.9469990661726677,False,1725,119.29,119.30968564587339,vertical,-0.0010543111497800517,6
2018-06-26 09:30:00-04:00,QQQ,-1,1.0,0.1,1720,162.71,162.6720098812813,5.521637847294959,-1.0822866017910104,False,1725,162.83,162.8680181367523,vertical,-0.0012049292045634985,6
2018-06-26 09:30:00-04:00,SPY,-1,1.0,0.1,1720,239.62,239.5725015247675,3.7492446784973064,-1.1061643848854437,False,1725,239.82,239.86753812006614,vertical,-0.0012315127713777851,6
2018-06-26 09:30:00-04:00,TLT,1,1.0,0.1,1720,94.91,94.92718669943844,9.462156813937645,1.1884244483251603,False,1725,95.07,95.05278432709291,vertical,0.0013230943844584342,6
2018-06-26 10:30:00-04:00,IWM,-1,1.0,0.1,1721,148.9,148.8670673386811,6.032085473087776,-3.8966886282678868,False,1725,149.48,149.51306094166517,vertical,-0.004339398998936428,5
2018-06-27 09:30:00-04:00,DIA,-1,1.0,0.1,1727,209.73,209.68974324703626,4.280576540221866,7.166440133577273,False,1729,207.97564685512305,208.01556686770073,lower,0.007984064234191846,3
2018-06-27 09:30:00-04:00,GLD,-1,1.0,0.1,1727,119.02,119.00034894838508,7.542776164948304,3.7567254771279393,False,1731,118.48273053067604,118.50229287526632,lower,0.004185332879442116,5
2018-06-27 09:30:00-04:00,SPY,-1,1.0,0.1,1727,241.31,241.26210198184307,3.7204060989900563,5.910570489504387,False,1729,239.6258486503571,239.6734123785471,lower,0.006584911555713502,3
2018-06-27 09:30:00-04:00,TLT,1,1.0,0.1,1727,95.68,95.69734806676742,9.379497068635226,2.394128684836608,False,1732,95.97,95.9525993523446,vertical,0.002667276478749425,6
2018-06-27 10:30:00-04:00,IWM,-1,1.0,0.1,1728,148.85,148.81672964045487,6.036641963113538,6.894033161434127,False,1731,147.64169820602203,147.67469849075945,lower,0.007674077722676698,4
2018-06-27 12:30:00-04:00,DIA,1,1.0,0.1,1730,207.84,207.87989397575922,4.327346274102637,-5.580354042085859,False,1732,206.63,206.5903382784299,vertical,-0.006203369035197248,3
2018-06-27 12:30:00-04:00,QQQ,-1,1.0,0.1,1730,161.84,161.80218922309757,5.5596793156889985,6.7532303242226845,False,1732,160.55,160.58750939342366,vertical,0.007507190326078161,3
2018-06-27 12:30:00-04:00,SPY,1,1.0,0.1,1730,239.33,239.37750500470557,3.7579482860729527,-6.105562320088757,False,1732,237.8,237.75279868750687,vertical,-0.006787213849383078,3
2018-06-27 14:30:00-04:00,GLD,-1,1.0,0.1,1732,118.65,118.6304100380263,7.585661945498186,0.15800920543068428,False,1732,118.59,118.60958005554541,vertical,0.000175587207986716,1
2018-06-28 12:30:00-04:00,GLD,-1,1.0,0.1,1737,118.35,118.33062755375394,7.603506686137426,0.6179731053352547,False,1739,118.23,118.249352803715,vertical,0.0006868445787800992,3
2018-06-28 13:30:00-04:00,DIA,-1,1.0,0.1,1738,207.55,207.51026160769715,4.336741111671824,0.13246261942868418,False,1739,207.44,207.47971733124214,vertical,0.000147194053047639,2
2018-06-28 13:30:00-04:00,IWM,-1,1.0,0.1,1738,147.5,147.46689819736415,6.102510418327635,-0.34296939152538297,False,1739,147.49,147.52309955844586,vertical,-0.0003811117055334545,2
2018-06-28 13:30:00-04:00,QQQ,-1,1.0,0.1,1738,161.91,161.87247703457217,5.559427390585208,-0.9176768254582073,False,1739,162.0,162.0375438231073,vertical,-0.001019733506023357,2
2018-06-28 13:30:00-04:00,SPY,-1,1.0,0.1,1738,239.23,239.18243506151595,3.762476464362541,-0.5837173955065468,False,1739,239.29,239.33757686799245,vertical,-0.0006486337779636475,2
2018-06-29 09:30:00-04:00,DIA,1,1.0,0.1,1741,209.35,209.39112010288923,4.29635375439505,-6.538867234402461,False,1746,207.91,207.86916273899354,vertical,-0.007268490483970158,6
2018-06-29 09:30:00-04:00,GLD,-1,1.0,0.1,1741,118.56,118.54057356394857,7.5891173624676265,-0.9779914839881937,False,1746,118.65,118.66944118283992,vertical,-0.0010871182331662066,6
2018-06-29 09:30:00-04:00,IWM,-1,1.0,0.1,1741,148.31,148.27640968776794,6.067170947053535,5.600263299645202,False,1746,147.32,147.35336608993344,vertical,0.0062251547618275005,6
2018-06-29 09:30:00-04:00,QQQ,1,1.0,0.1,1741,163.05,163.08896669314564,5.516120086061239,-4.952027401459974,False,1746,162.23,162.19122927550433,vertical,-0.005504587071977762,6
2018-06-29 09:30:00-04:00,SPY,1,1.0,0.1,1741,240.89,240.93907691354215,3.7337999983865187,-5.555411393648552,False,1746,239.5,239.45120627343042,vertical,-0.006175298167368837,6
2018-06-29 09:30:00-04:00,TLT,1,1.0,0.1,1741,96.1,96.11683524690935,9.359633228456305,-4.2390869215485605,False,1745,95.680685387111,95.66392359769425,lower,-0.004712094900457764,5
2018-06-29 14:30:00-04:00,TLT,-1,1.0,0.1,1746,95.81,95.79321555664531,9.387437183993564,1.0932364425427425,False,1746,95.66,95.676758165654,vertical,0.001215716481742346,1
2018-07-02 09:30:00-04:00,GLD,-1,1.0,0.1,1748,118.13,118.11076659146629,7.6035518389957995,3.501598290212894,False,1750,117.63109301904656,117.65024519773362,lower,0.0038990636249577326,3
2018-07-02 10:30:00-04:00,IWM,-1,1.0,0.1,1749,146.77,146.73712436922597,6.121245692263939,-7.18258925042425,False,1752,147.8773875481356,147.91051122731298,upper,-0.007996523464194993,4
2018-07-02 11:30:00-04:00,DIA,1,1.0,0.1,1750,206.78,206.82009421926816,4.3426652766322915,5.643484527325156,False,1753,208.16,208.11963820155307,vertical,0.006283451263237261,4
2018-07-02 11:30:00-04:00,SPY,1,1.0,0.1,1750,238.46,238.50767363920318,3.765708784005376,6.012637838230352,False,1753,240.15236719812964,240.10435521579473,upper,0.006694466271164545,4
2018-07-02 13:30:00-04:00,QQQ,1,1.0,0.1,1752,163.02,163.0586747609208,5.51135412903806,2.383823169056202,False,1753,163.53,163.49120424700416,vertical,0.0026526002785043357,2
2018-07-03 09:30:00-04:00,DIA,1,1.0,0.1,1755,208.88,208.9208560772465,4.303530288267412,-7.852635752684294,False,1757,207.1366748767857,207.09615978683286,lower,-0.008733911609758005,3
2018-07-03 09:30:00-04:00,GLD,1,1.0,0.1,1755,118.77,118.78933785350013,7.568837811757323,-1.1251667553825024,False,1757,118.66,118.64068005644248,vertical,-0.0012514405732355627,3
2018-07-03 09:30:00-04:00,IWM,1,1.0,0.1,1755,149.45,149.48331749984453,6.014699479626697,-3.046667281104727,False,1757,149.01,148.97678059115532,vertical,-0.00338858487462812,3
2018-07-03 09:30:00-04:00,SPY,1,1.0,0.1,1755,240.77,240.81860946745726,3.7335039595463058,-6.838429775351895,False,1757,239.0352301502056,238.98697091840296,lower,-0.0076058845830260235,3
2018-07-03 09:30:00-04:00,TLT,1,1.0,0.1,1755,95.99,96.00647274190175,9.3649647393699,0.6278024686310808,False,1757,96.09,96.07351009720452,vertical,0.0006982587047332789,3
2018-07-03 11:30:00-04:00,QQQ,-1,1.0,0.1,1757,162.46,162.4211981054506,5.530078863766966,4.2172206456283075,False,1757,161.62,161.65860126921748,vertical,0.004695180463685555,1
2018-07-05 09:30:00-04:00,TLT,1,1.0,0.1,1759,96.37,96.38654209244936,9.313493614836126,-0.3081293448062121,False,1764,96.37,96.35345790755065,vertical,-0.0003432448574302027,6
2018-07-05 10:30:00-04:00,GLD,1,1.0,0.1,1760,119.22,119.23936960906934,7.529167386128014,-1.4208656767289174,False,1764,119.07,119.05065476134969,vertical,-0.001582655530118604,5
2018-07-05 10:30:00-04:00,QQQ,-1,1.0,0.1,1760,162.69,162.65055480271786,5.519644085395195,-5.625170315576762,False,1764,163.63,163.6696731060992,vertical,-0.006265692143610835,5
2018-07-05 11:30:00-04:00,DIA,-1,1.0,0.1,1761,208.58,208.53819940757876,4.302276694867102,-0.9621148745185957,False,1764,208.72,208.76182864920017,vertical,-0.0010723658411586623,4
2018-07-05 11:30:00-04:00,IWM,1,1.0,0.1,1761,149.75,149.78449398979723,5.989865916039932,5.33571799225092,False,1764,150.71,150.67528488011794,vertical,0.005947150246282451,4
2018-07-05 11:30:00-04:00,SPY,-1,1.0,0.1,1761,240.72,240.67025343492475,3.727876721347148,-2.086075796534503,False,1764,241.18,241.22984162747116,vertical,-0.002325124042376503,4
2018-07-06 09:30:00-04:00,IWM,1,1.0,0.1,1766,151.71,151.7452868695224,5.912465546979481,1.1787295916220581,False,1771,151.98,151.9446503300375,vertical,0.0013138033122999104,6
2018-07-06 09:30:00-04:00,QQQ,1,1.0,0.1,1766,164.61,164.6502892345437,5.4490568143158695,7.534974638599888,False,1770,166.0737401918741,166.0330926985861,upper,0.008398427178421874,5
2018-07-06 09:30:00-04:00,SPY,1,1.0,0.1,1766,241.97,242.02043615440118,3.707078603726637,4.147751622003745,False,1771,243.19,243.13930954916387,vertical,0.004623053377396991,6
2018-07-06 09:30:00-04:00,TLT,1,1.0,0.1,1766,96.77,96.78648954083324,9.269772927904924,-1.3252098685726765,False,1771,96.66,96.64352920309041,vertical,-0.0014770691490212373,6
2018-07-06 10:30:00-04:00,DIA,1,1.0,0.1,1767,209.71,209.7525646917319,4.2801033311365595,-0.8350783639129715,False,1771,209.6,209.557457634891,vertical,-0.0009301772167965572,5
2018-07-09 09:30:00-04:00,DIA,1,1.0,0.1,1773,211.54,211.58328202435766,4.245415274308557,3.240364312328549,False,1778,212.39,212.34654406186382,vertical,0.003607383486084137,6
2018-07-09 09:30:00-04:00,GLD,1,1.0,0.1,1773,119.495,119.51426473737111,7.515913679998276,-2.807009369564951,False,1778,119.16,119.14078927063775,vertical,-0.0031249446880173837,6
2018-07-09 09:30:00-04:00,SPY,1,1.0,0.1,1773,244.43,244.480976203869,3.674146394709658,3.262058273770004,False,1778,245.42,245.36881733030506,vertical,0.003631534609448206,6
2018-07-09 09:30:00-04:00,TLT,1,1.0,0.1,1773,96.17,96.18630428758762,9.338740103880456,-1.2382386937414853,False,1778,96.07,96.05371266602327,vertical,-0.0013784875356881443,6
2018-07-09 10:30:00-04:00,IWM,1,1.0,0.1,1774,152.61,152.64549811916999,5.885979362731117,1.4063467819650861,False,1778,152.92,152.8844297727313,vertical,0.0015652715376825999,5
2018-07-09 10:30:00-04:00,QQQ,1,1.0,0.1,1774,166.95,166.99078565834802,5.3803462760002345,3.3802306939296067,False,1778,167.66,167.61904088961586,vertical,0.0037622149556995055,5
2018-07-10 09:30:00-04:00,DIA,1,1.0,0.1,1780,213.54,213.58332264709856,4.209051818056939,-0.23844859629196974,False,1785,213.57,213.52667126655032,vertical,-0.00026524252851822805,6
2018-07-10 09:30:00-04:00,GLD,-1,1.0,0.1,1780,118.8,118.78086400226238,7.568418364740042,-1.0466222200160007,False,1785,118.9,118.91915210547982,vertical,-0.0011642288038484772,6
2018-07-10 09:30:00-04:00,QQQ,1,1.0,0.1,1780,167.79,167.83070233888054,5.356488770923464,-0.4360432423279737,False,1785,167.79,167.74929766111944,vertical,-0.00048504044031660865,6
2018-07-10 10:30:00-04:00,IWM,1,1.0,0.1,1781,152.35,152.38534404203114,5.898437827028867,-1.4194510727817178,False,1785,152.18,152.14469539667672,vertical,-0.0015792112218353527,5
2018-07-11 09:30:00-04:00,DIA,1,1.0,0.1,1787,212.52,212.56304610000797,4.227777275822717,-3.5341693489084043,False,1792,211.77,211.7271058131061,vertical,-0.003932669870136185,6
2018-07-11 09:30:00-04:00,GLD,-1,1.0,0.1,1787,118.47,118.45090521687428,7.586849710737776,4.228689903897665,False,1789,117.87453542366735,117.8935342308756,lower,0.004705502123248162,3
2018-07-11 10:30:00-04:00,IWM,-1,1.0,0.1,1788,151.4,151.36488544086995,5.937915648467619,2.077488413870522,False,1792,150.98,151.01501714753934,vertical,0.0023114231039225164,5
2018-07-11 10:30:00-04:00,QQQ,1,1.0,0.1,1788,166.78,166.82058527368073,5.387775857597669,0.4783702942869244,False,1792,166.95,166.90937335747088,vertical,0.0005322369756974865,5
2018-07-11 10:30:00-04:00,SPY,1,1.0,0.1,1788,244.81,244.86076126574704,3.6706245510377737,-1.326815593157355,False,1792,244.55,244.49929264515978,vertical,-0.001476221092831409,5
2018-07-11 10:30:00-04:00,TLT,-1,1.0,0.1,1788,96.29,96.27429234203736,9.335741660864956,-1.693874961846663,False,1792,96.44,96.45573212726056,vertical,-0.0018846130239897896,5
2018-07-11 14:30:00-04:00,GLD,-1,1.0,0.1,1792,117.7028,117.68382887280077,7.636680095109444,0.11352883984295108,False,1792,117.65,117.66896261698948,vertical,0.00012632369250464848,1
2018-07-12 09:30:00-04:00,DIA,1,1.0,0.1,1794,213.37,213.41371476947447,4.211086146487032,0.768586994648124,False,1799,213.64,213.59622991352805,vertical,0.0008552175020744013,6
2018-07-12 09:30:00-04:00,GLD,-1,1.0,0.1,1794,118.105,118.08578890614116,7.610598583123248,-0.3304750300636391,False,1799,118.11,118.12921190716456,vertical,-0.0003677241895543304,6
2018-07-12 09:30:00-04:00,QQQ,1,1.0,0.1,1794,168.74,168.78083402419446,5.3246776681245755,4.888533095989655,False,1799,169.74,169.69892398206255,vertical,0.005439539170285723,6
2018-07-12 09:30:00-04:00,SPY,1,1.0,0.1,1794,246.09,246.1411327907875,3.651171697905281,1.7073462438490246,False,1799,246.66,246.60874877412473,vertical,0.0018997880526319122,6
2018-07-12 10:30:00-04:00,IWM,-1,1.0,0.1,1795,150.78,150.7453091893816,5.960565851483543,-5.900831168336204,False,1796,151.70038497419378,151.73528754300847,upper,-0.0065672249368844415,2
2018-07-12 13:30:00-04:00,TLT,1,1.0,0.1,1798,96.46,96.4755611456863,9.313843592144446,-0.5692383859275189,False,1799,96.43,96.41444369398165,vertical,-0.0006335019043045564,2
2018-07-13 09:30:00-04:00,GLD,-1,1.0,0.1,1801,117.66,117.64085451933273,7.639862304497163,0.24233970959734133,False,1806,117.59,117.6091340903592,vertical,0.0002696378660553833,6
2018-07-13 09:30:00-04:00,TLT,1,1.0,0.1,1801,96.73,96.74552071455088,9.28993842064161,-0.7527953554911194,False,1806,96.68,96.6644873081487,vertical,-0.0008375933666352475,6
2018-07-13 10:30:00-04:00,DIA,1,1.0,0.1,1802,214.35,214.39430499899652,4.191239621120724,-0.07805960241508711,False,1806,214.42,214.3756805323777,vertical,-8.687015552455435e-05,5
2018-07-13 10:30:00-04:00,IWM,1,1.0,0.1,1802,152.23,152.2651300852928,5.901403066815678,-5.816962839057983,False,1805,151.31435736826168,151.27943858562767,lower,-0.006473520885004969,4
2018-07-13 10:30:00-04:00,SPY,1,1.0,0.1,1802,247.08,247.13145409276856,3.6360321228762955,-1.0285269546138065,False,1806,246.9,246.84858339200034,vertical,-0.001144616341156035,5
2018-07-16 09:30:00-04:00,IWM,-1,1.0,0.1,1808,150.88,150.84522176224425,5.953231523782053,4.964113676880369,False,1812,149.97679977090993,150.01136981863183,lower,0.0055278644816917355,5
2018-07-16 09:30:00-04:00,TLT,-1,1.0,0.1,1808,95.93,95.9147505669082,9.362653023639453,-3.3757169472021116,False,1813,96.26,96.27530189126881,vertical,-0.0037590810822063503,6
2018-07-16 10:30:00-04:00,GLD,-1,1.0,0.1,1809,117.37,117.35102923114628,7.652561252816901,-1.5914956273367389,False,1813,117.54,117.55899824632417,vertical,-0.001772195919715669,5
2018-07-16 14:30:00-04:00,IWM,-1,1.0,0.1,1813,150.26,150.22536467387872,5.977812833742307,-2.6263875660602833,False,1813,150.63,150.6647206120967,vertical,-0.0029246455095766066,1
2018-07-16 14:30:00-04:00,QQQ,-1,1.0,0.1,1813,169.38,169.33867508585857,5.3030951874745345,-1.3400460406147705,False,1813,169.55,169.59136639032164,vertical,-0.001492224409662679,1
2018-07-17 09:30:00-04:00,GLD,-1,1.0,0.1,1815,116.48,116.46119637021785,7.7074562526647545,1.2518837890765138,False,1820,116.28,116.29877134332993,vertical,0.0013946707740455366,6
2018-07-17 09:30:00-04:00,IWM,1,1.0,0.1,1815,151.68,151.7152690346988,5.916474866818835,-2.605923401146585,False,1820,151.31,151.27481699867963,vertical,-0.00290314902924127,6
2018-07-17 11:30:00-04:00,DIA,1,1.0,0.1,1817,215.37,215.41476222151695,4.166482284298845,-0.5812828223137364,False,1820,215.32,215.2752481704182,vertical,-0.000647653158307171,4
2018-07-17 11:30:00-04:00,QQQ,1,1.0,0.1,1817,170.62,170.66163336289105,5.259071842257177,-0.3853278073123379,False,1820,170.63,170.58836419698687,vertical,-0.00042932418060470656,4
2018-07-17 11:30:00-04:00,SPY,1,1.0,0.1,1817,247.81,247.86190779709924,3.6210557666937406,-0.7017488110850114,False,1820,247.72,247.66811105485084,vertical,-0.0007818738424584248,4
2018-07-18 09:30:00-04:00,GLD,-1,1.0,0.1,1822,115.88,115.86137015084385,7.744749911751668,-3.3869650545236123,False,1827,116.28,116.2986941565402,vertical,-0.00377454543414224,6
2018-07-18 09:30:00-04:00,IWM,-1,1.0,0.1,1822,150.78,150.74479378834195,5.952559380001424,-5.88079158949746,False,1827,151.69731676141004,151.73273716094482,upper,-0.006553747879280092,6
2018-07-18 09:30:00-04:00,QQQ,1,1.0,0.1,1822,170.04,170.08111209114853,5.275820020334133,0.7793452336575705,False,1827,170.27,170.22883229969503,vertical,0.00086852800249404,6
2018-07-18 09:30:00-04:00,TLT,-1,1.0,0.1,1822,96.03,96.01492212529328,9.345602916599088,3.287668930963319,False,1827,95.64811642792466,95.66313434227888,lower,0.0036638865629171624,6
2018-07-18 11:30:00-04:00,DIA,1,1.0,0.1,1824,216.01,216.0550714125563,4.151140661288228,-0.4572010368081225,False,1827,215.99,215.94493276052944,vertical,-0.0005097711954029638,4
2018-07-19 09:30:00-04:00,DIA,1,1.0,0.1,1829,215.02,215.06500631053777,4.169676681871305,-0.6671398014080223,False,1834,214.95,214.90500834131666,vertical,-0.0007439516635732168,6
2018-07-19 09:30:00-04:00,GLD,-1,1.0,0.1,1829,115.27,115.25140675827453,7.780829467707748,-5.553591364891197,False,1831,115.94645753004367,115.965159885488,upper,-0.006193010109720287,3
2018-07-19 09:30:00-04:00,QQQ,1,1.0,0.1,1829,169.61,169.65066428200348,5.285871091013946,-1.169736836595382,False,1834,169.47,169.42936928323138,vertical,-0.0013044157516780563,6
2018-07-19 09:30:00-04:00,SPY,1,1.0,0.1,1829,247.18,247.23169727540568,3.6271705925337354,0.02387564322782269,False,1834,247.29,247.23827971828194,vertical,2.662459121860472e-05,6
2018-07-19 09:30:00-04:00,TLT,-1,1.0,0.1,1829,96.08,96.06494882306403,9.334846402210909,-2.24162568297603,False,1834,96.29,96.30508407397133,vertical,-0.0024997176790213516,6
2018-07-19 10:30:00-04:00,IWM,1,1.0,0.1,1830,152.38,152.4156696542904,5.885296456922794,1.874875354201456,False,1834,152.77,152.73423905311756,vertical,0.0020901354798343874,5
2018-07-19 12:30:00-04:00,GLD,-1,1.0,0.1,1832,115.96,115.94129546013285,7.7297237102003225,0.870483728514773,False,1834,115.81,115.82868034461895,vertical,0.0009713115164615704,3
2018-07-20 09:30:00-04:00,GLD,1,1.0,0.1,1836,116.46,116.47895814921644,7.69293673502513,0.5543976018521555,False,1841,116.57,116.55102394423696,vertical,0.0006187022631864991,6
2018-07-20 09:30:00-04:00,QQQ,-1,1.0,0.1,1836,170.1,170.0596221461425,5.269124114797332,3.3691580698987944,False,1841,169.38,169.42020694230678,vertical,0.0037599472218409202,6
2018-07-20 09:30:00-04:00,TLT,-1,1.0,0.1,1836,95.65,95.6350130933775,9.369635942106775,3.8331663633249473,False,1836,95.21098981811636,95.22590793849108,lower,0.004277775907103876,1
2018-07-20 10:30:00-04:00,TLT,-1,1.0,0.1,1837,95.15,95.13509143580625,9.420017327975565,-0.1866629330603238,False,1841,95.14,95.15490699734518,vertical,-0.0002082886686696206,5
2018-07-20 12:30:00-04:00,SPY,-1,1.0,0.1,1839,247.15,247.09864179026408,3.628959526280568,-0.009782365895132834,False,1841,247.05,247.10133742955801,vertical,-1.0909162731165267e-05,3
2018-07-20 14:30:00-04:00,DIA,-1,1.0,0.1,1841,214.83,214.78546763548988,4.175812417780096,-0.5389847225037545,False,1841,214.87,214.91454065615739,vertical,-0.0006009392632027044,1
2018-07-23 09:30:00-04:00,GLD,-1,1.0,0.1,1843,116.015,115.99605052090827,7.731016540457829,-0.254336076095821,False,1848,116.01,116.02894866240943,vertical,-0.0002836143243967193,6
2018-07-23 09:30:00-04:00,QQQ,-1,1.0,0.1,1843,168.88,168.8399383071963,5.311346321231757,-5.690960655933249,False,1847,169.87111383958504,169.9114106442917,upper,-0.006346083443514949,5
2018-07-23 09:30:00-04:00,TLT,-1,1.0,0.1,1843,94.28,94.26533572153265,9.513225390233018,2.575402349712023,False,1848,93.98,93.99461761657152,vertical,0.002871873344416409,6
2018-07-23 11:30:00-04:00,IWM,1,1.0,0.1,1845,152.58,152.61572313525156,5.875206441524908,-1.5945277678064687,False,1848,152.38,152.34432369019774,vertical,-0.0017783190321307707,4
2018-07-23 11:30:00-04:00,SPY,1,1.0,0.1,1845,247.43,247.48114698220772,3.6230997414387893,-0.15328018803351143,False,1848,247.49,247.438840615016,vertical,-0.00017094783868432106,4
2018-07-24 09:30:00-04:00,DIA,1,1.0,0.1,1850,216.5,216.54407629338567,4.138906177035351,-0.737281005871074,False,1855,216.41,216.3659420293229,vertical,-0.0008226235836691353,6
2018-07-24 09:30:00-04:00,GLD,1,1.0,0.1,1850,116.36,116.37885887830514,7.7011892332464225,-2.831452135584071,False,1855,116.03,116.01119460596645,vertical,-0.003159201558447511,6
2018-07-24 09:30:00-04:00,QQQ,1,1.0,0.1,1850,172.05,172.09046668144165,5.208049186304875,-7.133469089115489,False,1851,170.76092937874552,170.72076589062084,lower,-0.007959190402779703,2
2018-07-24 09:30:00-04:00,SPY,1,1.0,0.1,1850,249.41,249.4609788373692,3.592768773489834,-4.637552905825844,False,1853,248.2209126871487,248.1701768965248,lower,-0.005174364130455467,4
2018-07-24 10:30:00-04:00,IWM,-1,1.0,0.1,1851,152.04,152.00473434860484,5.89083298198595,4.217086231966295,False,1852,151.25377840871818,151.2888616961528,lower,0.004709541814732376,2
2018-07-24 11:30:00-04:00,QQQ,1,1.0,0.1,1852,170.98,171.02021501419873,5.236620521409569,-2.2535676355808882,False,1855,170.63,170.58986730686203,vertical,-0.002516355784612734,4
2018-07-24 12:30:00-04:00,IWM,-1,1.0,0.1,1853,150.68,150.64504980036688,5.939510317369584,-0.8310363016324726,False,1855,150.75,150.78496643612087,vertical,-0.0009287834943092488,3
2018-07-24 12:30:00-04:00,TLT,-1,1.0,0.1,1853,94.23,94.21539609963412,9.49693855347925,-0.7523052089627685,False,1855,94.28,94.2946116494375,vertical,-0.000840791983930167,3
2018-07-25 09:30:00-04:00,GLD,-1,1.0,0.1,1857,116.46,116.441084651376,7.684226403807157,-1.9815040261289456,False,1862,116.68,116.69895108086423,vertical,-0.0022145656772287747,6
2018-07-25 10:30:00-04:00,QQQ,1,1.0,0.1,1858,171.25,171.2903745149739,5.223983687749642,6.085373820186572,False,1862,172.4959342043133,172.4552659434171,upper,0.006800682360241783,5
2018-07-25 10:30:00-04:00,SPY,1,1.0,0.1,1858,248.93,248.9811490491669,3.5939191611572516,3.6892461180236764,False,1862,250.05905460491985,250.00767356254403,upper,0.004122900538042096,5
2018-07-25 10:30:00-04:00,TLT,-1,1.0,0.1,1858,94.63,94.6152868340386,9.457437083125056,4.298874046908291,False,1862,94.1460993261834,94.16073725478961,lower,0.004804187509850233,5
2018-07-25 11:30:00-04:00,IWM,-1,1.0,0.1,1859,150.92,150.88494123577667,5.9324565604528825,-2.3741346333985827,False,1862,151.25,151.28513542332877,vertical,-0.0026523136389517976,4
2018-07-25 13:30:00-04:00,DIA,1,1.0,0.1,1861,216.42,216.46442566286225,4.136949445258826,4.131873915203534,False,1862,217.50784775644405,217.46319878539555,upper,0.004614028930965519,2
2018-07-26 09:30:00-04:00,DIA,1,1.0,0.1,1864,218.92,218.96441903049106,4.092649545793729,-0.4454194328109721,False,1869,218.9,218.85558502752377,vertical,-0.0004970396717839387,6
2018-07-26 09:30:00-04:00,GLD,1,1.0,0.1,1864,116.1,116.11892015627389,7.717472991344455,-2.6068961856789112,False,1869,115.8,115.7811287330188,vertical,-0.0029090127844840774,6
2018-07-26 09:30:00-04:00,IWM,-1,1.0,0.1,1864,152.0,151.96538740696903,5.897031194940581,-5.723111859410572,False,1864,152.90107693189148,152.93589471314044,upper,-0.006386370756732651,1
2018-07-26 09:30:00-04:00,QQQ,1,1.0,0.1,1864,170.64,170.6792315350059,5.250460891056507,-1.2518478832174647,False,1869,170.48,170.44080525030586,vertical,-0.0013969261670312427,6
2018-07-26 10:30:00-04:00,IWM,1,1.0,0.1,1865,152.75,152.78478337885184,5.863988873258323,-5.9218547967456905,False,1865,151.80948457490987,151.77491536498994,lower,-0.006609742092953064,1
2018-07-26 11:30:00-04:00,IWM,-1,1.0,0.1,1866,151.91,151.87540790126752,5.89334978372059,-1.409824278531117,False,1869,152.08,152.11463081018522,vertical,-0.001575126034052854,4
2018-07-26 14:30:00-04:00,SPY,1,1.0,0.1,1869,250.19,250.24024692096745,3.5746929389965096,-0.394974377330949,False,1869,250.18,250.12975508738305,vertical,-0.00044154301693644094,1
2018-07-26 14:30:00-04:00,TLT,-1,1.0,0.1,1869,93.88,93.86558552207798,9.529925571185235,-1.2278766845332532,False,1869,93.98,93.99442983207405,vertical,-0.0013726469534007801,1
2018-07-27 09:30:00-04:00,IWM,-1,1.0,0.1,1871,150.79,150.75570998237342,5.9317584033457695,5.8677010586552765,False,1871,149.73245950022607,149.76650903053667,lower,0.00656161515840703,1
2018-07-27 09:30:00-04:00,TLT,-1,1.0,0.1,1871,94.27,94.25559663399788,9.487462617341787,1.2449231576910966,False,1876,94.11,94.1243789198521,vertical,0.0013921477220637524,6
2018-07-27 10:30:00-04:00,IWM,-1,1.0,0.1,1872,149.51,149.476001057528,5.986947304842968,0.8504450837966878,False,1876,149.3,149.33395118795445,vertical,0.0009503189044968163,5
2018-07-27 10:30:00-04:00,QQQ,-1,1.0,0.1,1872,169.68,169.64099810505078,5.275286939280439,7.099789901831097,False,1873,168.2564648920637,168.29513957952392,lower,0.007933568775004729,2
2018-07-27 11:30:00-04:00,SPY,1,1.0,0.1,1873,249.12,249.1698286660944,3.5924863134959626,-4.349415357444937,False,1873,248.00873723622865,247.95913084350133,lower,-0.004858926255535856,1
2018-07-27 12:30:00-04:00,DIA,1,1.0,0.1,1874,217.91,217.95407862305012,4.107951394598127,1.0342752682802396,False,1876,218.25,218.20585260208023,vertical,0.0011551698441283342,3
2018-07-27 12:30:00-04:00,QQQ,-1,1.0,0.1,1874,167.76,167.7214394277659,5.3382845049068095,-2.333918764696662,False,1876,168.12,168.15864332024321,vertical,-0.002606726331284781,3
2018-07-27 12:30:00-04:00,SPY,-1,1.0,0.1,1874,248.19,248.1403573513248,3.6082190369793485,-1.7296405843722813,False,1876,248.57,248.6197186557927,vertical,-0.0019318151613250123,3
2018-07-30 09:30:00-04:00,QQQ,-1,1.0,0.1,1878,166.65,166.61152020806063,5.37186662962442,7.659431338248667,False,1880,165.1475456559076,165.18567852837168,lower,0.008557881699347014,3
2018-07-30 09:30:00-04:00,TLT,-1,1.0,0.1,1878,93.94,93.9256679271714,9.528969931953606,1.0611195402604754,False,1883,93.8,93.81431071355462,vertical,0.0011855887328171555,6
2018-07-30 10:30:00-04:00,SPY,-1,1.0,0.1,1879,247.68,247.6306368643403,3.6155252012754486,1.4511755694751731,False,1883,247.18,247.2292634846268,vertical,0.0016208550961057666,5
2018-07-30 11:30:00-04:00,DIA,-1,1.0,0.1,1880,217.32,217.27608528055012,4.121709218424124,0.9572060668058661,False,1883,217.0,217.0438500557732,vertical,0.0010688485319360064,4
2018-07-30 11:30:00-04:00,IWM,-1,1.0,0.1,1880,148.72,148.68589253630566,6.023092227295723,1.9989246266726732,False,1883,148.32,148.3540157276435,vertical,0.0022320665599200318,4
2018-07-30 14:30:00-04:00,GLD,-1,1.0,0.1,1883,115.715,115.6961681265386,7.746726993449609,0.21184843706872267,False,1883,115.65,115.66882129512865,vertical,0.00023636765030998763,1
2018-07-31 09:30:00-04:00,DIA,-1,1.0,0.1,1885,217.78,217.73691361451608,4.116659969110405,-0.9723651602792518,False,1890,217.93,217.97311606202825,vertical,-0.0010848066301258896,6
2018-07-31 09:30:00-04:00,SPY,-1,1.0,0.1,1885,247.74,247.69117227806532,3.6188162372951314,-4.310338086203025,False,1886,248.83321971349926,248.88226290095497,upper,-0.004808773005250622,2
2018-07-31 09:30:00-04:00,TLT,1,1.0,0.1,1885,94.22,94.23435032338152,9.51191187712922,0.39273439771678637,False,1890,94.29,94.27563901515978,vertical,0.0004381490574993929,6
2018-07-31 10:30:00-04:00,IWM,-1,1.0,0.1,1886,149.66,149.62538570774396,5.98953934161352,-1.5529230119833544,False,1890,149.85,149.88465823663347,vertical,-0.0017328110979506484,5
2018-07-31 10:30:00-04:00,QQQ,-1,1.0,0.1,1886,166.62,166.58168640600647,5.379865899642589,-0.8427322338779921,False,1890,166.7,166.73833198966943,vertical,-0.0009403529706211167,5
2018-07-31 11:30:00-04:00,GLD,-1,1.0,0.1,1887,115.96,115.94119891532407,7.716363694665768,-0.44450431005357116,False,1890,115.98,115.99880432736042,vertical,-0.0004968502359408156,4
2018-07-31 11:30:00-04:00,SPY,-1,1.0,0.1,1887,249.04,248.99091605767896,3.59308071230592,2.0910513068459866,False,1890,248.36,248.4089499193497,vertical,0.0023372986755646474,4
2018-08-01 09:30:00-04:00,GLD,-1,1.0,0.1,1892,115.45,115.43119591292864,7.760336547500108,2.036628068804262,False,1897,115.15,115.16875522413399,vertical,0.0022735681348446946,6
2018-08-01 09:30:00-04:00,QQQ,1,1.0,0.1,1892,167.98,168.01873182356303,5.331458692983183,-2.3851791117985504,False,1897,167.61,167.57135348882366,vertical,-0.0026626693933695655,6
2018-08-01 09:30:00-04:00,TLT,-1,1.0,0.1,1892,93.47,93.4557265364546,9.585126150780319,-0.9446871876181886,False,1897,93.54,93.55428415299065,vertical,-0.001054591518237169,6
2018-08-01 10:30:00-04:00,IWM,1,1.0,0.1,1893,149.42,149.45484675019296,5.992257492209653,1.499453805692502,False,1897,149.74,149.70507862151055,vertical,0.001674297466818464,5
2018-08-01 11:30:00-04:00,DIA,-1,1.0,0.1,1894,217.18,217.1372604796717,4.119869800440116,-0.3933693237945532,False,1897,217.19,217.23274148825905,vertical,-0.0004397265046838239,4
2018-08-01 11:30:00-04:00,SPY,-1,1.0,0.1,1894,247.74,247.6912009243186,3.6116633883729867,-1.6168228510653277,False,1897,248.09,248.13886801762257,vertical,-0.0018073596947869586,4
2018-08-02 09:30:00-04:00,DIA,-1,1.0,0.1,1899,216.33,216.2878247831022,4.140799564667581,-4.762898680206687,False,1902,217.39567827537266,217.43806125454296,upper,-0.005318082386718936,4
2018-08-02 09:30:00-04:00,QQQ,1,1.0,0.1,1899,167.95,167.98900364480872,5.331328308836267,6.994570688730229,False,1900,169.34030539619292,169.30097887566015,upper,0.0078098875663636935,2
2018-08-02 11:30:00-04:00,IWM,1,1.0,0.1,1901,150.75,150.7858469436307,5.9425646189527335,0.1680695954177461,False,1904,150.85,150.81412927730221,vertical,0.00018756623545757023,4
2018-08-02 11:30:00-04:00,QQQ,1,1.0,0.1,1901,169.26,169.2993078709159,5.292724762757144,2.8646357970594507,False,1904,169.88,169.84054814420892,vertical,0.003196943213174208,4
2018-08-02 11:30:00-04:00,SPY,1,1.0,0.1,1901,248.82,248.8686739060321,3.600511968912466,1.5213980106054084,False,1904,249.34,249.2912243721162,vertical,0.0016978853121694115,4
2018-08-02 12:30:00-04:00,GLD,-1,1.0,0.1,1902,114.73,114.71125797412827,7.813810157710498,1.426425788517667,False,1904,114.51,114.52870608718358,vertical,0.0015914034085988682,3
2018-08-03 09:30:00-04:00,DIA,-1,1.0,0.1,1906,217.79,217.74830585448484,4.116797819882173,-2.402085708589945,False,1911,218.29,218.33178986649753,vertical,-0.002679625954943754,6
2018-08-03 09:30:00-04:00,GLD,-1,1.0,0.1,1906,115.42,115.40110112428641,7.7679133222423395,3.6686748158953453,False,1911,114.91,114.92881536829186,vertical,0.004092558488552833,6
2018-08-03 09:30:00-04:00,QQQ,1,1.0,0.1,1906,170.34,170.37933642646217,5.261352518600096,-0.045715986456202375,False,1911,170.41,170.37064740851582,vertical,-5.099807364317144e-05,6
2018-08-03 09:30:00-04:00,SPY,1,1.0,0.1,1906,249.99,250.03799811158174,3.5851580863511057,1.4480732320391299,False,1911,250.49,250.4419058883551,vertical,0.0016153855806873008,6
2018-08-03 09:30:00-04:00,TLT,-1,1.0,0.1,1906,94.1,94.08563061739234,9.527764706920822,-0.4644005855039876,False,1911,94.12,94.13437243667411,vertical,-0.0005180580601089613,6
2018-08-03 10:30:00-04:00,IWM,1,1.0,0.1,1907,150.02,150.05553717052214,5.9719782672493915,0.7696583014850521,False,1911,150.22,150.18441545290068,vertical,0.0008588705542540431,5
2018-08-06 09:30:00-04:00,GLD,-1,1.0,0.1,1913,114.635,114.6162017923768,7.823703431178509,2.170727508834438,False,1918,114.32,114.33874655293306,vertical,0.0024207331520751385,6
2018-08-06 09:30:00-04:00,IWM,1,1.0,0.1,1913,150.59,150.6260708555257,5.95330653012762,2.9035713791604127,False,1918,151.15,151.11379500755223,vertical,0.003237979648917033,6
2018-08-06 09:30:00-04:00,TLT,1,1.0,0.1,1913,94.58,94.59436790809433,9.479667670097463,-4.158479298651432,False,1918,94.17,94.15569437613404,vertical,-0.00463741702240128,6
2018-08-06 11:30:00-04:00,DIA,1,1.0,0.1,1915,218.93,218.97138247646902,4.095734229256151,-1.321773662116277,False,1918,218.69,218.6486628886904,vertical,-0.0014737980101727777,4
2018-08-06 11:30:00-04:00,QQQ,1,1.0,0.1,1915,171.0,171.03948332472996,5.243517865016508,1.8925521107442578,False,1918,171.44,171.40041508075026,vertical,0.0021102247797080143,4
2018-08-06 11:30:00-04:00,SPY,1,1.0,0.1,1915,251.42,251.46769979611557,3.5664563964420064,-0.37589628355821436,False,1918,251.41,251.36230210110008,vertical,-0.0004191301511126122,4
2018-08-07 09:30:00-04:00,DIA,1,1.0,0.1,1920,220.07,220.11119324175144,4.0744599499858305,-1.4763156665780395,False,1925,219.79,219.7488591693345,vertical,-0.001646141057528916,6
2018-08-07 09:30:00-04:00,GLD,1,1.0,0.1,1920,114.65,114.66884875064916,7.821080015875113,-0.764022826682158,False,1925,114.59,114.57116111350297,vertical,-0.0008519108564403188,6
2018-08-07 09:30:00-04:00,IWM,1,1.0,0.1,1920,152.0,152.0369083742771,5.898792937826156,-3.443083622715609,False,1925,151.49,151.45321546303134,vertical,-0.0038391527260528413,6
2018-08-07 09:30:00-04:00,QQQ,1,1.0,0.1,1920,172.18,172.21995724599043,5.207493113740091,-1.3532853997093588,False,1925,172.0,171.96008452601723,vertical,-0.0015089582190640494,6
2018-08-07 09:30:00-04:00,SPY,1,1.0,0.1,1920,252.4,252.44745487704267,3.5525580633954936,-1.154107142237392,False,1925,252.17,252.12258836630807,vertical,-0.0012868678390631771,6
2018-08-07 09:30:00-04:00,TLT,1,1.0,0.1,1920,93.85,93.86428245731648,9.554584746492164,-1.6103641946144283,False,1925,93.71,93.69573884842697,vertical,-0.0017956096235663965,6
2018-08-08 09:30:00-04:00,DIA,1,1.0,0.1,1927,219.36,219.4009755999117,4.083182041794963,-0.29379747423067787,False,1932,219.37,219.32902253212697,vertical,-0.0003279523602298662,6
2018-08-08 09:30:00-04:00,IWM,1,1.0,0.1,1927,150.68,150.7167417312728,5.94395893403241,5.320651626732787,False,1930,151.64885570820442,151.61187773166964,upper,0.005939194213691712,4
2018-08-08 09:30:00-04:00,SPY,1,1.0,0.1,1927,251.85,251.8971722484634,3.5564278690600473,0.4467381845538895,False,1932,252.07,252.02278654488717,vertical,0.0004986729120559641,6
2018-08-08 10:30:00-04:00,QQQ,1,1.0,0.1,1928,172.38,172.42004259213905,5.198296693908487,-1.6116370573597043,False,1932,172.15,172.1100108351506,vertical,-0.001798119014051247,5
2018-08-08 12:30:00-04:00,GLD,1,1.0,0.1,1930,114.86,114.87873742407695,7.801364874211798,0.09764964676335317,False,1932,114.91,114.89125441928712,vertical,0.00010895832850232878,3
2018-08-08 12:30:00-04:00,TLT,-1,1.0,0.1,1930,93.96,93.9456675666182,9.539672984903516,1.4439496107987775,False,1932,93.78,93.79430497661288,vertical,0.00161117158380919,3
2018-08-09 09:30:00-04:00,IWM,1,1.0,0.1,1934,152.24,152.27723273856392,5.886595539298698,-3.322074525594605,False,1939,151.75,151.7128870988106,vertical,-0.0037060408151901036,6
2018-08-09 09:30:00-04:00,TLT,-1,1.0,0.1,1934,94.1,94.08565523576141,9.527429837517523,-4.4363997313823775,False,1939,94.53688883625065,94.5513002005674,upper,-0.00494916003549295,6
2018-08-09 12:30:00-04:00,GLD,1,1.0,0.1,1937,114.8,114.8186914053608,7.803880276623799,-0.759887559553768,False,1939,114.74,114.7213183636664,vertical,-0.0008480591487550759,3
2018-08-10 09:30:00-04:00,DIA,-1,1.0,0.1,1941,217.16,217.12055684028476,4.124633133898481,-1.1917074095985312,False,1946,217.37,217.40948130239133,vertical,-0.001330709843007094,6
2018-08-10 09:30:00-04:00,GLD,1,1.0,0.1,1941,115.09,115.10857004244582,7.779982345916548,-3.8677861249710697,False,1943,114.62991997565162,114.61142416820086,lower,-0.004318930154910694,3
2018-08-10 09:30:00-04:00,IWM,-1,1.0,0.1,1941,151.6,151.5625692920508,5.908732261382274,1.1534155481692803,False,1946,151.33,151.3673640437596,vertical,0.0012879515648420714,6
2018-08-10 09:30:00-04:00,QQQ,-1,1.0,0.1,1941,171.16,171.12047014782718,5.233404525012627,1.3660170713393003,False,1946,170.82,170.85945132827854,vertical,0.001525351229593741,6
2018-08-10 09:30:00-04:00,SPY,-1,1.0,0.1,1941,250.25,250.2042298425921,3.5792466152843563,0.4599329133354846,False,1946,250.03,250.07572991990685,vertical,0.0005135801371787263,6
2018-08-10 09:30:00-04:00,TLT,1,1.0,0.1,1941,95.04,95.05452908801067,9.421356892576334,3.9953128220068588,False,1945,95.4931972460272,95.4785988762123,upper,0.0044613317457917745,5
2018-08-13 09:30:00-04:00,GLD,-1,1.0,0.1,1948,113.5,113.4816781342086,7.893205105908103,4.741164389339551,False,1950,112.86279509983606,112.8810141041062,lower,0.005293048534160905,3
2018-08-13 09:30:00-04:00,QQQ,-1,1.0,0.1,1948,172.09,172.0499636403038,5.206244409028889,5.6982766466138175,False,1949,170.91569238638368,170.9554555459985,lower,0.00636157120377856,2
2018-08-13 09:30:00-04:00,SPY,-1,1.0,0.1,1948,250.79,250.74375779451734,3.572308914704879,3.674348101548136,False,1949,249.669158325311,249.71519386309942,lower,0.004102051993098099,2
2018-08-13 09:30:00-04:00,TLT,1,1.0,0.1,1948,95.01,95.02452311714936,9.4263473458495,0.5744416865020476,False,1953,95.1,95.08546312555622,vertical,0.0006413082266325532,6
2018-08-13 10:30:00-04:00,DIA,-1,1.0,0.1,1949,216.95,216.91058899196204,4.133926491885552,2.4030427022196994,False,1953,216.29,216.32929111283028,vertical,0.0026798962735439247,5
2018-08-13 10:30:00-04:00,IWM,-1,1.0,0.1,1949,150.91,150.8723186469767,5.943386024990602,4.9157375175829445,False,1950,150.00776881197902,150.0452248830998,lower,0.00548207763554176,2
2018-08-13 12:30:00-04:00,GLD,-1,1.0,0.1,1951,112.87,112.8517798326707,7.955485366450678,-1.1651452039885584,False,1953,112.98,112.99823792420364,vertical,-0.0012977915966421172,3
2018-08-13 12:30:00-04:00,IWM,-1,1.0,0.1,1951,150.12,150.08251590540155,5.981980496666325,-5.851773077604924,False,1952,151.0230397199298,151.0607492983165,upper,-0.006517970377918791,2
2018-08-14 09:30:00-04:00,GLD,-1,1.0,0.1,1955,113.42,113.40181873977369,7.911982193258138,2.56107056077751,False,1960,113.06,113.0781235521177,vertical,0.0028544091378179814,6
2018-08-14 09:30:00-04:00,IWM,-1,1.0,0.1,1955,151.57,151.53188497272015,5.921084996162376,-2.701942737278661,False,1960,151.95,151.9882105851763,vertical,-0.0030114164589076786,6
2018-08-14 09:30:00-04:00,SPY,-1,1.0,0.1,1955,250.15,250.10360238988778,3.587446010287669,-2.270478002204843,False,1960,250.69,250.73649776885483,vertical,-0.0025305328388689485,6
2018-08-14 10:30:00-04:00,DIA,-1,1.0,0.1,1956,217.25,217.21022354204834,4.128422195218252,-0.32842802370960067,False,1960,217.25,217.28977645795166,vertical,-0.00036624848778310515,5
2018-08-14 10:30:00-04:00,QQQ,-1,1.0,0.1,1956,171.52,171.48000454362477,5.229388174358133,-1.4644250483899073,False,1960,171.72,171.76004209286822,vertical,-0.0016330624085807433,5
2018-08-14 10:30:00-04:00,TLT,1,1.0,0.1,1956,94.88,94.89460102177775,9.44980534449494,-0.46492064966222757,False,1960,94.86,94.8454020560093,vertical,-0.0005184590613026563,5
2018-08-15 09:30:00-04:00,DIA,-1,1.0,0.1,1962,214.78,214.74075044168103,4.176041372294971,-6.451483520341295,False,1967,216.24611313497064,216.28563061531682,upper,-0.007194163988242908,6
2018-08-15 09:30:00-04:00,GLD,-1,1.0,0.1,1962,111.98,111.96208307124297,8.009553176958178,5.381838253803354,False,1964,111.272351965431,111.29015566968882,lower,0.0060013835320177344,3
2018-08-15 09:30:00-04:00,IWM,-1,1.0,0.1,1962,149.75,149.71222132037323,5.989933555545311,-2.130188073632335,False,1967,150.03,150.06784931755865,vertical,-0.002375410598072669,6
2018-08-15 09:30:00-04:00,QQQ,-1,1.0,0.1,1962,168.68,168.6406120752823,5.317617429909513,-5.631381777086984,False,1967,169.66,169.69961676136833,vertical,-0.006279653951998698,6
2018-08-15 09:30:00-04:00,SPY,-1,1.0,0.1,1962,247.72,247.67404582719848,3.620751844090281,-4.352557423956619,False,1967,248.83,248.87616008726874,vertical,-0.004853614176872467,6
2018-08-15 09:30:00-04:00,TLT,1,1.0,0.1,1962,95.48,95.49480846515642,9.390733094033447,-1.4048378842908684,False,1967,95.36,95.34521014623674,vertical,-0.0015665597043872381,6
2018-08-16 09:30:00-04:00,DIA,1,1.0,0.1,1969,219.07,219.11029266356755,4.086103789265057,1.8768102036983474,False,1974,219.61,219.5696080164054,vertical,0.0020962746535284627,6
2018-08-16 09:30:00-04:00,GLD,-1,1.0,0.1,1969,111.71,111.69214962485572,8.015848921582036,4.5241060538336715,False,1974,111.11,111.12775449988612,vertical,0.005053131548324985,6
2018-08-16 09:30:00-04:00,IWM,1,1.0,0.1,1969,151.17,151.20819816001566,5.921024177353945,0.7907564288426309,False,1974,151.38,151.3417487764558,vertical,0.0008832233838196313,6
2018-08-16 09:30:00-04:00,QQQ,1,1.0,0.1,1969,170.85,170.89047144229988,5.239071491600829,-4.038168566334572,False,1974,170.16,170.1196920068964,vertical,-0.00451037105169283,6
2018-08-16 09:30:00-04:00,SPY,1,1.0,0.1,1969,250.7,250.74699725273436,3.5705607920687306,0.37836519211598285,False,1974,250.9,250.85296525444335,vertical,0.0004226092550259075,6
2018-08-16 10:30:00-04:00,TLT,-1,1.0,0.1,1970,95.09,95.07510007184523,9.423650311198145,-3.202612773585258,False,1974,95.4,95.41494850295473,vertical,-0.0035745261467270417,5
2018-08-17 09:30:00-04:00,GLD,-1,1.0,0.1,1976,111.56,111.54216513804003,8.026922569284896,-4.86239542736103,False,1981,112.13,112.14792598665804,vertical,-0.0054307790051264515,6
2018-08-17 09:30:00-04:00,QQQ,-1,1.0,0.1,1976,168.82,168.7795655553383,5.304791014406766,-8.800424415441594,False,1979,170.3977110268037,170.4385233524582,upper,-0.009829138922483827,4
2018-08-17 09:30:00-04:00,SPY,-1,1.0,0.1,1976,250.33,250.28288794154957,3.577313375825086,-6.21518430345069,False,1980,251.9728555288065,252.02027677235537,upper,-0.006941700429841324,5
2018-08-17 09:30:00-04:00,TLT,1,1.0,0.1,1976,95.79,95.80510360049962,9.345434524103654,-4.349014678816372,False,1980,95.35477608762297,95.33974111065504,lower,-0.0048573872618008496,5
2018-08-17 11:30:00-04:00,DIA,1,1.0,0.1,1978,220.29,220.33067922172464,4.0592027966744,0.927870075659557,False,1981,220.6,220.55926353301348,vertical,0.0010374602034373126,4
2018-08-17 13:30:00-04:00,IWM,1,1.0,0.1,1980,152.06,152.09850389503228,5.876240555177272,-0.276273720979823,False,1981,152.09,152.05148850851336,vertical,-0.00030911143314971135,2
2018-08-17 13:30:00-04:00,QQQ,1,1.0,0.1,1980,170.33,170.37079610803949,5.246012916456647,-1.0574045913343613,False,1981,170.21,170.16923263342102,vertical,-0.0011830870033068264,2
2018-08-17 14:30:00-04:00,TLT,1,1.0,0.1,1981,95.44,95.45504841457023,9.356359185551792,0.37324513132881454,False,1981,95.51,95.49494054824389,vertical,0.00041791538882685053,1
2018-08-20 09:30:00-04:00,DIA,1,1.0,0.1,1983,221.53,221.57103655830073,4.0299236689514215,-0.9754167407265512,False,1988,221.37,221.32899308034564,vertical,-0.0010923967397309386,6
2018-08-20 09:30:00-04:00,GLD,1,1.0,0.1,1983,112.32,112.3378079729955,7.948475946718147,2.577905176927114,False,1988,112.68,112.66213495016797,vertical,0.002887068770742074,6
2018-08-20 09:30:00-04:00,TLT,1,1.0,0.1,1983,95.96,95.97518323297365,9.303596351703796,1.4848862740316748,False,1988,96.15,96.13478670435165,vertical,0.0016629660501983334,6
2018-08-20 12:30:00-04:00,IWM,1,1.0,0.1,1986,152.65,152.68833990017555,5.848769773036057,-1.5594696473651515,False,1988,152.46,152.42170782063044,vertical,-0.001746250432216545,3
2018-08-21 09:30:00-04:00,GLD,1,1.0,0.1,1990,112.6901,112.70796367100102,7.923727179505981,2.3305295075629484,False,1995,113.02,113.00208403314457,vertical,0.00260957923968963,6
2018-08-21 09:30:00-04:00,IWM,1,1.0,0.1,1990,153.96,153.998349916866,5.799199508103783,1.0626186579787562,False,1995,154.22,154.18158531969942,vertical,0.0011898530272067553,6
2018-08-21 09:30:00-04:00,QQQ,1,1.0,0.1,1990,171.04,171.08097350143973,5.220143051612738,-2.4631431682073957,False,1995,170.65,170.60911992504273,vertical,-0.0027580716121715643,6
2018-08-21 09:30:00-04:00,SPY,1,1.0,0.1,1990,253.17,253.2175685954068,3.526876748878487,-1.6402363548209826,False,1995,252.8,252.75250092460072,vertical,-0.001836632716228137,6
2018-08-21 09:30:00-04:00,TLT,1,1.0,0.1,1990,95.72,95.73515217084704,9.328518677161902,0.9298208428189431,False,1995,95.85,95.8348272505674,vertical,0.0010411544501698344,6
2018-08-21 11:30:00-04:00,DIA,1,1.0,0.1,1992,222.3,222.34098547949287,4.019496197379731,-2.017359109325949,False,1995,221.88,221.83909195596098,vertical,-0.002257314468808058,4
2018-08-22 09:30:00-04:00,IWM,1,1.0,0.1,1997,153.95,153.9883685372929,5.798407935649014,3.439012223346648,False,2002,154.62,154.58146448044022,vertical,0.003851563262738722,6
2018-08-22 09:30:00-04:00,SPY,1,1.0,0.1,1997,252.36,252.40744720735887,3.5374842858370794,1.043671982967379,False,2002,252.75,252.70247946718993,vertical,0.0011688730387922064,6
2018-08-22 09:30:00-04:00,TLT,1,1.0,0.1,1997,96.17,96.18514307351862,9.283007225365463,-0.002700156504506206,False,2002,96.2,96.18485220263605,vertical,-3.0240728793318183e-06,6
2018-08-22 10:30:00-04:00,QQQ,1,1.0,0.1,1998,171.36,171.40110199212654,5.211632534709219,-0.6889360830775549,False,2002,171.31,171.26891000075162,vertical,-0.0007712435325006872,5
2018-08-22 12:30:00-04:00,GLD,1,1.0,0.1,2000,113.25,113.26805376201163,7.886555270002591,-0.12705802319517104,False,2002,113.27,113.251943049686,vertical,-0.00014223527102774636,3
2018-08-22 13:30:00-04:00,DIA,-1,1.0,0.1,2001,221.21,221.16918963424223,4.038063801239422,-0.006485019647294241,False,2002,221.13,221.170795606799,vertical,-7.261285170034881e-06,2
2018-08-23 09:30:00-04:00,GLD,-1,1.0,0.1,2004,112.67,112.6520067774034,7.929313948056969,4.347375448922087,False,2008,112.08584056570899,112.10374049895854,lower,0.004866902012036212,5
2018-08-23 09:30:00-04:00,QQQ,1,1.0,0.1,2004,172.25,172.29096725151302,5.184561575492744,-7.405488995959059,False,2004,170.9032409590206,170.86259401529483,lower,-0.008290470818084317,1
2018-08-23 09:30:00-04:00,SPY,1,1.0,0.1,2004,253.34,253.38718152288314,3.525249869579548,-3.751508849014537,False,2009,252.37,252.3229991279308,vertical,-0.004199827270489731,6
2018-08-23 10:30:00-04:00,DIA,-1,1.0,0.1,2005,220.34,220.29986351364516,4.049790806069497,-1.2162050177469865,False,2009,220.56,220.6001765609078,vertical,-0.0013632012406763483,5
2018-08-23 10:30:00-04:00,IWM,1,1.0,0.1,2005,154.05,154.0881142814965,5.789988189524235,0.19537864311882525,False,2009,154.16,154.121858502853,vertical,0.0002189930191167644,5
2018-08-23 10:30:00-04:00,QQQ,1,1.0,0.1,2005,171.15,171.19070563190976,5.211546728209911,-0.893206256727105,False,2009,171.06,171.0193157733305,vertical,-0.0010011633397187802,5
2018-08-23 10:30:00-04:00,TLT,1,1.0,0.1,2005,96.32,96.3351705697011,9.261086647377837,-0.003203080686787209,False,2009,96.35,96.33482470524602,vertical,-3.5902199896353792e-06,5
2018-08-23 14:30:00-04:00,GLD,-1,1.0,0.1,2009,112.2,112.18208183566753,7.959048237862847,-0.2852230685121815,False,2009,112.2,112.21791816433247,vertical,-0.00031944788399851376,1
2018-08-24 09:30:00-04:00,DIA,-1,1.0,0.1,2011,221.32,221.2799784704051,4.032682607199184,-1.8151506339613492,False,2016,221.69,221.73008843708607,vertical,-0.0020341197147268897,6
2018-08-24 09:30:00-04:00,GLD,1,1.0,0.1,2011,113.8,113.81815159464422,7.840154738033916,2.3806048062478977,False,2016,114.14,114.12179417387792,vertical,0.002667786947683881,6
2018-08-24 09:30:00-04:00,IWM,1,1.0,0.1,2011,154.89,154.92801838676672,5.759783993824278,-0.2076205818928097,False,2016,154.93,154.89197179506894,vertical,-0.00023266670595245564,6
2018-08-24 09:30:00-04:00,QQQ,1,1.0,0.1,2011,172.19,172.23072069672477,5.181142579495586,2.11620000891137,False,2016,172.68,172.63916342464472,vertical,0.002371485913010618,6
2018-08-24 09:30:00-04:00,SPY,1,1.0,0.1,2011,253.26,253.30729795501432,3.5228038343273003,1.9209305592057049,False,2016,253.9,253.85258252081601,vertical,0.0021526603070809447,6
2018-08-24 11:30:00-04:00,TLT,1,1.0,0.1,2013,96.48,96.49523075484821,9.253795254700854,0.2732554907264503,False,2016,96.54,96.52475977328933,vertical,0.0003060153150589162,4
2018-08-27 09:30:00-04:00,DIA,1,1.0,0.1,2018,223.61,223.65005371741316,3.992034554089723,1.1969097577513637,False,2023,223.99,223.94987821580713,vertical,0.0013405965856498891,6
2018-08-27 09:30:00-04:00,GLD,1,1.0,0.1,2018,114.77,114.78845155818621,7.777949178200793,-1.7646033201405016,False,2023,114.58,114.56157898808944,vertical,-0.001976440722190387,6
2018-08-27 09:30:00-04:00,IWM,1,1.0,0.1,2018,156.03,156.0679176092939,5.7207064471703335,-4.9520908459680335,False,2023,155.24,155.20227437244898,vertical,-0.0055465802972523015,6
2018-08-27 09:30:00-04:00,QQQ,1,1.0,0.1,2018,174.26,174.30084748892432,5.122285722223289,0.2984868856830735,False,2023,174.4,174.35911969431655,vertical,0.0003343196905334356,6
2018-08-27 09:30:00-04:00,SPY,1,1.0,0.1,2018,255.75,255.7973944878727,3.4903355612805678,0.053020429345506735,False,2023,255.86,255.81258512740138,vertical,5.938543494199422e-05,6
2018-08-27 09:30:00-04:00,TLT,1,1.0,0.1,2018,96.13,96.14524211621608,9.286145864448878,-1.8614755201818578,False,2023,95.96,95.94478483853015,vertical,-0.0020849422527182693,6
2018-08-28 09:30:00-04:00,TLT,-1,1.0,0.1,2025,95.32,95.30481301575804,9.360658071435276,-1.2205352803086533,False,2030,95.42,95.43520291687335,vertical,-0.001368135532606729,6
2018-08-28 11:30:00-04:00,IWM,-1,1.0,0.1,2027,154.81,154.77287080647156,5.762669986794154,-3.252312102118327,False,2030,155.3,155.33724671374569,vertical,-0.003646478251216445,4
2018-08-28 13:30:00-04:00,GLD,-1,1.0,0.1,2029,113.69,113.6717571751868,7.84502234278526,-0.36469354814896704,False,2030,113.7,113.71824442942443,vertical,-0.0004089604611812181,2
2018-08-29 09:30:00-04:00,QQQ,1,1.0,0.1,2032,175.72,175.75917440647237,5.073032552186893,4.572997477677281,False,2037,176.7,176.66060711573144,vertical,0.005128794626528821,6
2018-08-29 09:30:00-04:00,SPY,1,1.0,0.1,2032,256.58,256.62555548588637,3.4744474743419107,2.566719104073718,False,2037,257.41,257.3642971485618,vertical,0.002878675357474325,6
2018-08-29 10:30:00-04:00,DIA,1,1.0,0.1,2033,224.94,224.9786836833814,3.9657565406437207,-1.099835048020202,False,2037,224.74,224.70135071128684,vertical,-0.001232707772816699,5
2018-08-29 10:30:00-04:00,IWM,1,1.0,0.1,2033,155.73,155.76642883073959,5.727875338865778,0.09806858869696111,False,2037,155.82,155.78355011618928,vertical,0.00010991640225821442,5
2018-08-29 10:30:00-04:00,TLT,-1,1.0,0.1,2033,95.26,95.244786049035,9.367554102787805,-2.8146785695466185,False,2037,95.53,95.54525707259802,vertical,-0.003154724116954055,5
2018-08-29 14:30:00-04:00,GLD,-1,1.0,0.1,2037,114.175,114.1565287211528,7.815846286689105,-0.48416512081505025,False,2037,114.2,114.21847532335755,vertical,-0.0005426461622364265,1
2018-08-30 09:30:00-04:00,DIA,1,1.0,0.1,2039,224.14,224.17850732554848,3.978596942201547,-2.534041769406281,False,2044,223.58,223.54158888263527,vertical,-0.0028411217940187417,6
2018-08-30 09:30:00-04:00,GLD,-1,1.0,0.1,2039,113.65,113.63161088441642,7.849188415184677,-0.13167009697732548,False,2044,113.63,113.64838587948758,vertical,-0.00014762613097363264,6
2018-08-30 10:30:00-04:00,IWM,1,1.0,0.1,2040,155.29,155.32577257017599,5.741746536282043,4.9342339919995055,False,2041,156.22112079803722,156.1851337350794,upper,0.005532637312427813,2
2018-08-30 10:30:00-04:00,SPY,1,1.0,0.1,2040,256.65,256.69544520002006,3.4743164840934644,-1.4621034389493779,False,2044,256.32,256.27461323331715,vertical,-0.0016394212463528568,5
2018-08-30 10:30:00-04:00,TLT,-1,1.0,0.1,2040,95.78,95.76469450973384,9.312839363357345,0.08749795715334559,False,2044,95.74,95.75529909833035,vertical,9.810934448850617e-05,5
2018-08-30 12:30:00-04:00,IWM,1,1.0,0.1,2042,156.35,156.38601675154237,5.709203656994823,-4.121381455201788,False,2044,155.7,155.66413298231436,vertical,-0.0046160378288482296,3
2018-08-30 12:30:00-04:00,QQQ,1,1.0,0.1,2042,177.42,177.45917780881743,5.0312394645637575,-6.1376658802755015,False,2042,176.27819218323506,176.2392665079333,lower,-0.006874320708272208,1
2018-08-30 13:30:00-04:00,QQQ,1,1.0,0.1,2043,176.43,176.4689591974392,5.0499195680244435,-0.8478740272296474,False,2044,176.34,176.3010606763225,vertical,-0.0009514337358835778,2
2018-08-31 09:30:00-04:00,GLD,1,1.0,0.1,2046,113.93,113.94854140612401,7.818394270670024,-3.6512904531278894,False,2051,113.5,113.48152857372882,vertical,-0.004098453798813462,6
2018-08-31 09:30:00-04:00,TLT,1,1.0,0.1,2046,96.11,96.12539938762117,9.268045999875175,-3.987289480867148,False,2050,95.71051576732863,95.6951803877456,lower,-0.004475601689213682,5
2018-08-31 11:30:00-04:00,DIA,-1,1.0,0.1,2048,222.97,222.931544819993,3.9942300819923484,-1.9850636362335254,False,2051,223.39,223.42852761654822,vertical,-0.002229306745066051,4
2018-08-31 13:30:00-04:00,QQQ,-1,1.0,0.1,2050,176.17,176.1315134936012,5.056704081699359,-2.513509436009869,False,2051,176.59,176.62857826057194,vertical,-0.00282212283941341,2
2018-08-31 13:30:00-04:00,SPY,-1,1.0,0.1,2050,255.67,255.6246911258219,3.4841898068469126,-2.5111580101000555,False,2051,256.3,256.3454205204046,vertical,-0.0028194827010195045,2
2018-08-31 14:30:00-04:00,TLT,-1,1.0,0.1,2051,95.56,95.54468873706087,9.31626583800091,0.08742275038639369,False,2051,95.52,95.53530485387134,vertical,9.821459793912801e-05,1
2018-09-04 09:30:00-04:00,GLD,-1,1.0,0.1,2053,112.69,112.67154663439872,7.894082943055158,-2.1862349474198033,False,2058,112.93,112.94849266640655,vertical,-0.002457994411902975,6
2018-09-04 09:30:00-04:00,QQQ,-1,1.0,0.1,2053,175.78,175.74167674974126,5.061056380614965,-0.9447498366624709,False,2058,175.89,175.9283472322676,vertical,-0.0010621867617217617,6
2018-09-04 09:30:00-04:00,TLT,-1,1.0,0.1,2053,94.84,94.82477306420886,9.379811896327805,-1.3175965517875334,False,2058,94.95,94.9652445967247,vertical,-0.0014813801075035382,6
2018-09-04 10:30:00-04:00,IWM,-1,1.0,0.1,2054,155.14,155.10562142433662,5.732754546764699,-3.2611803261935557,False,2058,155.64,155.6744893742184,vertical,-0.0036676165870577204,5
2018-09-04 11:30:00-04:00,DIA,-1,1.0,0.1,2055,222.47,222.43169692987615,3.9995324274866833,-3.8265832523017993,False,2058,223.35,223.38845458134654,vertical,-0.004301354818922354,4
2018-09-04 11:30:00-04:00,SPY,-1,1.0,0.1,2055,255.2,255.1546820116087,3.4866018438629114,-3.070916144903615,False,2058,255.99,256.03545827526756,vertical,-0.003451930635624212,4
2018-09-05 09:30:00-04:00,GLD,-1,1.0,0.1,2060,113.24,113.22146019293847,7.842840101471386,-0.8398981745270397,False,2065,113.31,113.32855126755689,vertical,-0.0009458549151011297,6
2018-09-05 09:30:00-04:00,IWM,-1,1.0,0.1,2060,154.41,154.37622070263163,5.752037485480344,-6.198312084618898,False,2064,155.41980597811985,155.453806184344,upper,-0.0069802556171398855,5
2018-09-05 09:30:00-04:00,QQQ,-1,1.0,0.1,2060,173.71,173.67243434032827,5.11294617203467,0.12726279559422077,False,2065,173.61,173.6475440341697,vertical,0.00014331754059360158,6
2018-09-05 09:30:00-04:00,SPY,-1,1.0,0.1,2060,254.78,254.7345970430858,3.4858940193276196,-2.0597974026965944,False,2065,255.28,255.32549205919244,vertical,-0.0023196496391366672,6
2018-09-05 12:30:00-04:00,DIA,1,1.0,0.1,2063,223.68,223.71862960391533,3.9648073536102464,-0.9009362698674875,False,2065,223.53,223.49139630113024,vertical,-0.001015710239184786,3
2018-09-06 09:30:00-04:00,DIA,1,1.0,0.1,2067,223.96,223.9989814555817,3.959797649395116,-4.192997915171394,False,2067,222.97890018010264,222.9400894902784,lower,-0.0047272177686811245,1
2018-09-06 09:30:00-04:00,GLD,1,1.0,0.1,2067,113.94,113.95866171936872,7.783442055672696,-3.403371719034426,False,2072,113.54,113.52140379482954,vertical,-0.003836987184141938,6
2018-09-06 09:30:00-04:00,QQQ,-1,1.0,0.1,2067,172.57,172.5323265317885,5.14101129953341,6.867633496325563,False,2067,171.15910843692868,171.19647389576164,lower,0.007742622283486877,1
2018-09-06 10:30:00-04:00,DIA,-1,1.0,0.1,2068,223.08,223.0411717132025,3.9766451385761346,-4.422691394479973,False,2071,224.1143298677472,224.1533381852814,upper,-0.004986372980092524,4
2018-09-06 10:30:00-04:00,IWM,-1,1.0,0.1,2068,154.48,154.44626124560537,5.7428103732803635,1.6229120778297619,False,2072,154.13,154.1636623136642,vertical,0.0018297557329133296,5
2018-09-06 10:30:00-04:00,QQQ,-1,1.0,0.1,2068,171.68,171.6425208262007,5.167458430033967,-2.3514070263131304,False,2072,172.06,172.09756213096406,vertical,-0.002651098938497576,5
2018-09-06 10:30:00-04:00,SPY,-1,1.0,0.1,2068,253.94,253.89407084666726,3.4934080509949577,-2.3474416844319537,False,2072,254.52,254.56603405570704,vertical,-0.002646628205215551,5
2018-09-06 10:30:00-04:00,TLT,-1,1.0,0.1,2068,95.08,95.06458403279622,9.330031790699698,-0.0077165922245421665,False,2072,95.05,95.06541110309969,vertical,-8.700088596436117e-06,5
2018-09-06 14:30:00-04:00,DIA,1,1.0,0.1,2072,224.18,224.21901974777776,3.9512388548434174,-1.6910455791352097,False,2072,223.83,223.79104117162504,vertical,-0.0019087523290136632,1
2018-09-07 09:30:00-04:00,DIA,1,1.0,0.1,2074,223.41,223.44955159121378,3.9650919918690364,-4.341075753375428,False,2076,222.3940998666816,222.35472812626583,lower,-0.004899644940665859,3
2018-09-07 09:30:00-04:00,QQQ,-1,1.0,0.1,2074,172.33,172.2912864162679,5.142442464910356,3.7167134094087237,False,2079,171.53,171.56853386536045,vertical,0.004194945466720945,6
2018-09-07 09:30:00-04:00,TLT,-1,1.0,0.1,2074,94.31,94.2945278925193,9.396070455020944,0.1791265728159092,False,2079,94.26,94.27546390468807,vertical,0.0002021749114959892,6
2018-09-07 11:30:00-04:00,GLD,-1,1.0,0.1,2076,113.15,113.13127504726997,7.8308540798514565,-0.8415152443483097,False,2079,113.22,113.2387365368811,vertical,-0.0009498831297203303,4
2018-09-07 11:30:00-04:00,IWM,-1,1.0,0.1,2076,153.77,153.7362380061159,5.7625613729891585,-1.599514711854127,False,2079,153.98,154.01380810182917,vertical,-0.0018054955637865078,4
2018-09-07 11:30:00-04:00,SPY,-1,1.0,0.1,2076,253.57,253.52313203017187,3.494412914783959,-1.655674420502948,False,2079,253.95,253.99693820616733,vertical,-0.001868887356357929,4
2018-09-07 13:30:00-04:00,DIA,-1,1.0,0.1,2078,223.36,223.3204572605814,3.9642569049041545,0.360527826962143,False,2079,223.19,223.22951264331502,vertical,0.00040723818311128035,2
2018-09-10 09:30:00-04:00,IWM,-1,1.0,0.1,2081,154.44,154.40587389824387,5.735402831582508,0.2969465384889281,False,2086,154.32,154.35409958574854,vertical,0.00033531310168577466,6
2018-09-10 09:30:00-04:00,SPY,-1,1.0,0.1,2081,254.62,254.57202472073163,3.478700722675442,0.3620879579661248,False,2086,254.42,254.46793759544204,vertical,0.00040887102737929837,6
2018-09-10 12:30:00-04:00,TLT,-1,1.0,0.1,2084,94.51,94.49430995760044,9.37266191963847,-1.137794538506869,False,2086,94.6,94.615704983716,vertical,-0.0012846808042730196,3
2018-09-11 09:30:00-04:00,GLD,-1,1.0,0.1,2088,112.83,112.81118896931106,7.849682451318308,-3.357207783982324,False,2093,113.22,113.23887605153418,vertical,-0.003791176089274817,6
2018-09-11 09:30:00-04:00,QQQ,1,1.0,0.1,2088,172.42,172.46013050835018,5.134705672288001,4.00270239840889,False,2093,173.28,173.23966932788008,vertical,0.004520110342211225,6
2018-09-11 09:30:00-04:00,TLT,-1,1.0,0.1,2088,94.01,93.9943989073874,9.421114669154576,0.4598548843829928,False,2093,93.93,93.94558781649934,vertical,0.000519297867271451,6
2018-09-11 11:30:00-04:00,DIA,1,1.0,0.1,2090,223.74,223.78042494135678,3.9569627101708926,-0.9133571370074663,False,2093,223.59,223.54960216037384,vertical,-0.0010314699377456105,4
2018-09-11 11:30:00-04:00,IWM,1,1.0,0.1,2090,154.85,154.88415101456064,5.7171168964596015,-2.5053574154430818,False,2093,154.48,154.4459305861845,vertical,-0.0028293432575613453,4
2018-09-11 11:30:00-04:00,SPY,1,1.0,0.1,2090,255.46,255.5085711264181,3.4656011454153153,-0.8217482140098932,False,2093,255.32,255.27145549206503,vertical,-0.0009280144040090255,4
2018-09-12 09:30:00-04:00,IWM,-1,1.0,0.1,2095,153.23,153.19650383500152,5.778320502610187,-6.3157319305234285,False,2099,154.25578821225562,154.2895086151397,upper,-0.0071346587733842615,5
2018-09-12 09:30:00-04:00,QQQ,-1,1.0,0.1,2095,171.91,171.87011768639164,5.150508482534654,-4.892810326504134,False,2100,172.78,172.8200841495274,vertical,-0.00552723461136595,6
2018-09-12 09:30:00-04:00,SPY,1,1.0,0.1,2095,254.86,254.90802164210209,3.4726976943897854,3.290628744684356,False,2096,255.9038112847556,255.85559296395957,upper,0.0037173067985591945,2
2018-09-12 09:30:00-04:00,TLT,-1,1.0,0.1,2095,94.19,94.17433677369425,9.399784796628987,0.3636324416822734,False,2100,94.12,94.13565158572987,vertical,0.00041078269611116713,6
2018-09-12 10:30:00-04:00,DIA,1,1.0,0.1,2096,224.85,224.89035622933739,3.9336597195574496,-4.490408757103528,False,2098,223.78898740642146,223.74882160833852,lower,-0.005075960748778252,3
2018-09-12 10:30:00-04:00,GLD,1,1.0,0.1,2096,113.87,113.88900141238376,7.767581809002308,2.034695640957737,False,2100,114.17,114.15094852681256,vertical,0.002300021171318445,5
2018-09-12 13:30:00-04:00,DIA,1,1.0,0.1,2099,223.43,223.47010136678165,3.9591808695470765,1.1470968726379382,False,2100,223.8,223.75983222536937,vertical,0.0012965083777010111,2
2018-09-12 13:30:00-04:00,SPY,1,1.0,0.1,2099,255.04,255.08805555835247,3.468443664719988,0.8110147484061023,False,2100,255.37,255.3218822618551,vertical,0.000916650930561369,2
2018-09-13 09:30:00-04:00,DIA,1,1.0,0.1,2102,224.95,224.99007663809672,3.9308991934076203,0.31375737083643884,False,2107,225.11,225.06989485662612,vertical,0.0003547632843281523,6
2018-09-13 09:30:00-04:00,QQQ,1,1.0,0.1,2102,174.16,174.20097438765166,5.076971089801811,1.4619857928820248,False,2107,174.53,174.48893856294876,vertical,0.0016530572019435308,6
2018-09-13 09:30:00-04:00,SPY,1,1.0,0.1,2102,256.52,256.56843561168523,3.4470854089002874,0.7344713258104022,False,2107,256.83,256.7815058547126,vertical,0.000830461636948332,6
2018-09-13 10:30:00-04:00,GLD,1,1.0,0.1,2103,113.91,113.92923138559726,7.76152891306279,-1.4625626912291556,False,2107,113.76,113.74079393885044,vertical,-0.001653986816684827,5
2018-09-13 10:30:00-04:00,TLT,-1,1.0,0.1,2103,94.53,94.51436488905858,9.355879653640887,2.3275191556532575,False,2107,94.25,94.26558879938887,vertical,0.002632151101705338,5
2018-09-14 09:30:00-04:00,GLD,1,1.0,0.1,2109,113.38,113.39920712313888,7.802090070312994,-3.185995702024103,False,2114,113.01,112.99085555665968,vertical,-0.00360100900913507,6
2018-09-14 09:30:00-04:00,IWM,1,1.0,0.1,2109,154.73,154.7638680932206,5.716778979340882,0.18431995936609288,False,2114,154.83,154.79611001826828,vertical,0.00020832979586860034,6
2018-09-14 09:30:00-04:00,TLT,-1,1.0,0.1,2109,93.71,93.69458328269819,9.442923986409236,-1.3300503031818955,False,2114,93.82,93.83543481397136,vertical,-0.0015033049546544497,6
2018-09-14 10:30:00-04:00,DIA,1,1.0,0.1,2110,225.6,225.640173046272,3.9215815831076997,-4.5777549126411685,False,2111,224.5128288515433,224.47284940002683,lower,-0.005173385707365918,2
2018-09-14 10:30:00-04:00,SPY,1,1.0,0.1,2110,257.09,257.138500672897,3.441205205412328,-0.9875071786293825,False,2114,256.9,256.85153517107915,vertical,-0.0011159958585233998,5
2018-09-14 11:30:00-04:00,QQQ,1,1.0,0.1,2111,173.63,173.67101055558848,5.087979866971484,2.024331730967571,False,2114,174.11,174.06887607076249,vertical,0.0022909149540917273,4
2018-09-17 09:30:00-04:00,GLD,-1,1.0,0.1,2116,113.92,113.90067514806712,7.760828117015728,2.106311125994564,False,2121,113.61,113.6292722649938,vertical,0.0023828031108728,6
2018-09-17 09:30:00-04:00,IWM,-1,1.0,0.1,2116,153.63,153.5964431798678,5.755104375698569,2.7221891735967634,False,2121,153.09,153.12343886997354,vertical,0.0030795264532288424,6
2018-09-17 09:30:00-04:00,QQQ,-1,1.0,0.1,2116,172.63,172.58926703565666,5.121775979577968,4.859423787785055,False,2121,171.6,171.64048993037892,vertical,0.005497312327548909,6
2018-09-17 10:30:00-04:00,SPY,1,1.0,0.1,2117,256.19,256.2376876574726,3.4496424356085886,-2.6053509403866246,False,2121,255.53,255.482435196089,vertical,-0.002947468299016043,5
2018-09-17 14:30:00-04:00,DIA,-1,1.0,0.1,2121,224.41,224.37059587855407,3.942577470866358,-0.3501403004189064,False,2121,224.42,224.45940587734452,vertical,-0.00039581834884683254,1
2018-09-18 09:30:00-04:00,DIA,1,1.0,0.1,2123,225.16,225.1993125502844,3.928239369395596,3.760011038642078,False,2126,226.19598060430977,226.15648717358658,upper,0.0042503443392549745,4
2018-09-18 09:30:00-04:00,GLD,-1,1.0,0.1,2123,113.47,113.45080465821233,7.797536634367228,0.012601467109087609,False,2128,113.43,113.44918857512097,vertical,1.4244791795237077e-05,6
2018-09-18 09:30:00-04:00,QQQ,-1,1.0,0.1,2123,173.18,173.13932430900286,5.109392733577001,0.5042505445715572,False,2128,173.0,173.04063341345713,vertical,0.0005700085520120579,6
2018-09-18 09:30:00-04:00,SPY,-1,1.0,0.1,2123,256.62,256.57248730820294,3.447902052172092,-1.2932295339633268,False,2128,256.9,256.94756453325016,vertical,-0.001461876247848215,6
2018-09-18 09:30:00-04:00,TLT,-1,1.0,0.1,2123,93.1,93.08480618334468,9.503557474013794,2.277588660225103,False,2128,92.83,92.84514975295502,vertical,0.002574603098142725,6
2018-09-18 10:30:00-04:00,IWM,-1,1.0,0.1,2124,153.8,153.76622908095584,5.75116839310004,-0.21587154793015959,False,2128,153.77,153.80376433173882,vertical,-0.00024410594580692724,5
2018-09-19 09:30:00-04:00,DIA,1,1.0,0.1,2130,227.25,227.28932423109364,3.894337508275398,0.1998926139254188,False,2135,227.38,227.3406532731966,vertical,0.00022583129355768783,6
2018-09-19 09:30:00-04:00,GLD,1,1.0,0.1,2130,113.83,113.84927949723898,7.774676699690333,0.24435147673111124,False,2135,113.9,113.88070864679331,vertical,0.0002760592749739832,6
2018-09-19 09:30:00-04:00,QQQ,-1,1.0,0.1,2130,172.03,171.98944090699658,5.146486527986082,-4.84449556764917,False,2135,172.89,172.93076185310326,vertical,-0.005473132194293795,6
2018-09-19 09:30:00-04:00,TLT,-1,1.0,0.1,2130,92.39,92.37491294238009,9.582053312849489,0.860904183707805,False,2135,92.27,92.28506746191785,vertical,0.0009726177551938608,6
2018-09-19 11:30:00-04:00,IWM,-1,1.0,0.1,2132,153.11,153.07641526264598,5.7825337882675,-1.0246279978599844,False,2135,153.22,153.25360886589633,vertical,-0.0011575499919194154,4
2018-09-20 09:30:00-04:00,DIA,1,1.0,0.1,2137,228.87,228.9097625939593,3.8647759406568345,2.4361671592846763,False,2142,229.58,229.54011405461102,vertical,0.0027537115652416233,6
2018-09-20 09:30:00-04:00,GLD,1,1.0,0.1,2137,114.19,114.20933068404837,7.74617045521453,0.242662592681352,False,2142,114.26,114.2406574659833,vertical,0.0002742926672216761,6
2018-09-20 09:30:00-04:00,IWM,1,1.0,0.1,2137,153.56,153.59373410189042,5.759902565216123,5.073077082550341,False,2139,154.508434003753,154.47449154962686,upper,0.005734331891118494,3
2018-09-20 09:30:00-04:00,QQQ,1,1.0,0.1,2137,174.57,174.6110624941309,5.066603057205143,0.3437169764210961,False,2142,174.72,174.6789022227499,vertical,0.00038851907576753497,6
2018-09-20 09:30:00-04:00,SPY,1,1.0,0.1,2137,258.56,258.6078927468669,3.4209510531859815,1.9981383427148487,False,2142,259.24,259.19198129757973,vertical,0.0022585874874458955,6
2018-09-20 09:30:00-04:00,TLT,-1,1.0,0.1,2137,92.61,92.59473350012883,9.554376470594528,-1.1517594077735427,False,2142,92.7,92.71528133611983,vertical,-0.001301886526741125,6
2018-09-21 09:30:00-04:00,GLD,1,1.0,0.1,2144,113.59,113.60917893944195,7.794961213488193,-1.156299137429191,False,2149,113.48,113.46083963334914,vertical,-0.0013056982497151592,6
2018-09-21 11:30:00-04:00,DIA,1,1.0,0.1,2146,230.25,230.29008727811862,3.844515150138824,-0.8463707091563465,False,2149,230.11,230.06993709633932,vertical,-0.000955968988423872,4
2018-09-21 14:30:00-04:00,IWM,1,1.0,0.1,2149,154.08,154.1139656323929,5.744678512682228,-1.6537939494737315,False,2149,153.86,153.8260828647458,vertical,-0.0018679862429454852,1
2018-09-21 14:30:00-04:00,QQQ,1,1.0,0.1,2149,173.89,173.93093411818109,5.090153694403176,-0.7220592333827116,False,2149,173.83,173.78908000596113,vertical,-0.0008155772458714461,1
2018-09-24 09:30:00-04:00,DIA,1,1.0,0.1,2151,229.08,229.12004550689167,3.863220649542083,-1.7385510264681814,False,2156,228.71,228.67001917286018,vertical,-0.001964150858279945,6
2018-09-24 09:30:00-04:00,GLD,-1,1.0,0.1,2151,113.85,113.83072491477434,7.775943548536264,2.6555948640530835,False,2156,113.47,113.48921075029034,vertical,0.0030001931792992265,6
2018-09-24 09:30:00-04:00,IWM,1,1.0,0.1,2151,153.43,153.46407821965846,5.767742531638656,-5.316100643842463,False,2151,152.576271611841,152.54238301314027,lower,-0.0060059345301571865,1
2018-09-24 09:30:00-04:00,SPY,1,1.0,0.1,2151,258.01,258.05794879916164,3.43000979099901,0.39123849337740857,False,2156,258.22,258.1720121742587,vertical,0.0004420068268691235,6
2018-09-24 10:30:00-04:00,IWM,-1,1.0,0.1,2152,152.87,152.83604616151217,5.788629785184005,-2.940655218639109,False,2156,153.31,153.34405156655046,vertical,-0.003323858590933648,5
2018-09-24 12:30:00-04:00,TLT,-1,1.0,0.1,2154,92.44,92.42481838445633,9.570638984823878,-0.09915130732999206,False,2156,92.42,92.43517833090162,vertical,-0.0001120905253197968,3
2018-09-24 13:30:00-04:00,QQQ,-1,1.0,0.1,2155,173.98,173.93886341857242,5.0848033869905676,-1.9441445550931877,False,2156,174.28,174.3212075147212,vertical,-0.0021981522049427937,2
2018-09-25 09:30:00-04:00,IWM,-1,1.0,0.1,2158,153.7,153.66541212469335,5.75433405514394,0.2350588104264626,False,2163,153.59,153.62456312145963,vertical,0.0002658308247048824,6
2018-09-25 09:30:00-04:00,TLT,-1,1.0,0.1,2158,92.22,92.20487335268264,9.589971570207954,-1.4411135865546185,False,2163,92.34,92.35514633065804,vertical,-0.0016297726195080298,6
2018-09-25 10:30:00-04:00,GLD,-1,1.0,0.1,2159,113.78,113.76059965638485,7.771569198646832,0.7089340344696455,False,2163,113.65,113.66937817763986,vertical,0.0008018723443840026,5
2018-09-25 10:30:00-04:00,SPY,-1,1.0,0.1,2159,258.48,258.43154885009545,3.4210156470562336,1.6872732895849132,False,2163,257.89,257.9383405565184,vertical,0.0019084678158358681,5
2018-09-25 13:30:00-04:00,DIA,-1,1.0,0.1,2162,228.33,228.29002009468644,3.873202724378726,0.5425532439876857,False,2163,228.11,228.14994138396656,vertical,0.0006135998002092524,2
2018-09-26 09:30:00-04:00,GLD,-1,1.0,0.1,2165,113.02,113.00081308098478,7.826628504276381,-4.398691141997606,False,2168,113.5435533695631,113.56282916998073,upper,-0.004973557921155614,4
2018-09-26 09:30:00-04:00,IWM,-1,1.0,0.1,2165,153.37,153.33540676232923,5.76784842679481,4.093568370593369,False,2170,152.59126726650118,152.62568485778394,lower,0.004628558527551063,6
2018-09-26 09:30:00-04:00,QQQ,1,1.0,0.1,2165,175.04,175.08204406534568,5.051433968499668,5.253317569954767,False,2168,176.16432379216488,176.12200966772988,upper,0.0059398758332753765,4
2018-09-26 09:30:00-04:00,TLT,-1,1.0,0.1,2165,92.52,92.504881075302,9.560742896865085,-3.7532390366740165,False,2169,92.8822706706441,92.89744879489884,upper,-0.004243751411098895,5
2018-09-26 10:30:00-04:00,SPY,-1,1.0,0.1,2166,258.62,258.57161049922286,3.4220075261653324,2.7007673365130156,False,2170,257.73415197243816,257.78237572523057,lower,0.0030522870336326946,5
2018-09-26 13:30:00-04:00,DIA,1,1.0,0.1,2169,228.82,228.85999966825787,3.8642245766456043,-3.787640250957009,False,2170,227.9196607578036,227.87981847644812,lower,-0.004282885577342355,2
2018-09-26 13:30:00-04:00,QQQ,1,1.0,0.1,2169,176.12,176.1623034779975,5.02017978800807,-6.04469705143079,False,2170,175.00025820220316,174.95822368271408,lower,-0.006835059326036896,2
2018-09-26 14:30:00-04:00,TLT,1,1.0,0.1,2170,92.87,92.88517611907373,9.516711865432098,0.7578137338101922,False,2170,92.98,92.96480590555102,vertical,0.0008572927328598379,1
2018-09-27 09:30:00-04:00,DIA,-1,1.0,0.1,2172,227.93,227.8897550243043,3.878618872203171,0.6964291199317915,False,2177,227.67,227.71019906820794,vertical,0.000787907100418761,6
2018-09-27 09:30:00-04:00,GLD,-1,1.0,0.1,2172,112.39,112.37060116012843,7.865914175892568,2.291020493227332,False,2177,112.06,112.07934188091473,vertical,0.0025919526656145164,6
2018-09-27 09:30:00-04:00,QQQ,1,1.0,0.1,2172,176.37,176.4124902627911,5.010402059980759,-1.4777175455159994,False,2177,176.16,176.11756032945922,vertical,-0.0016718200218847068,6
2018-09-27 09:30:00-04:00,SPY,1,1.0,0.1,2172,258.32,258.3683370760652,3.4210751774850774,-1.938334002850239,False,2177,257.85,257.80175087076725,vertical,-0.002192939783991932,6
2018-09-27 10:30:00-04:00,TLT,1,1.0,0.1,2173,92.73,92.74520043744914,9.53314479211469,2.8556061524556444,False,2177,93.06,93.04474546846741,vertical,0.003229763153299814,5
2018-09-27 11:30:00-04:00,IWM,-1,1.0,0.1,2174,152.77,152.73555173468375,5.78920434349751,3.2491650526294893,False,2177,152.14,152.1743062059646,vertical,0.0036746227210682214,4
2018-09-28 09:30:00-04:00,GLD,-1,1.0,0.1,2179,112.36,112.34054026347329,7.873071639780863,-4.600240144060729,False,2180,112.90528664518149,112.92484082042704,upper,-0.005201154948902609,2
2018-09-28 09:30:00-04:00,IWM,-1,1.0,0.1,2179,152.93,152.89515465660415,5.784781888821015,1.101240566974173,False,2184,152.67,152.70478610198288,vertical,0.0012450921355149358,6
2018-09-28 09:30:00-04:00,QQQ,1,1.0,0.1,2179,175.78,175.82248145596577,5.030443855767804,1.232244124035713,False,2184,176.11,176.06743879161377,vertical,0.0013932082724548156,6
2018-09-28 13:30:00-04:00,TLT,1,1.0,0.1,2183,92.84,92.85521772930214,9.522221196993767,-0.6706395841176108,False,2184,92.8,92.78478882723785,vertical,-0.0007584808240891361,2
2018-10-01 09:30:00-04:00,DIA,1,1.0,0.1,2186,230.01,230.05083829624806,3.8433738759243417,-1.889417190537973,False,2191,229.6,229.55923449928892,vertical,-0.002136935473045609,6
2018-10-01 09:30:00-04:00,GLD,-1,1.0,0.1,2186,112.28,112.26037872942571,7.8760769565311985,-2.5935387382682205,False,2191,112.57,112.58967194895394,vertical,-0.002933298669176132,6
2018-10-01 09:30:00-04:00,QQQ,1,1.0,0.1,2186,177.69,177.7330441987909,4.974715793723573,-7.149365080221913,False,2190,176.33862062813967,176.29590379184705,lower,-0.008085949427256933,5
2018-10-01 09:30:00-04:00,SPY,1,1.0,0.1,2186,259.77,259.81873358298145,3.403031682316727,-4.637624430911752,False,2190,258.5044377198491,258.4559415599126,lower,-0.005245164597161622,5
2018-10-01 09:30:00-04:00,TLT,-1,1.0,0.1,2186,92.43,92.41478538607313,9.567423419840988,2.7709501435239896,False,2191,92.11,92.12516193972523,vertical,0.003133951403316737,6
2018-10-01 10:30:00-04:00,IWM,-1,1.0,0.1,2187,152.05,152.01497084931054,5.812627903407898,4.313743905252001,False,2189,151.23799560898843,151.2728376907915,lower,0.004881974152760926,3
2018-10-01 14:30:00-04:00,IWM,-1,1.0,0.1,2191,150.48,150.44533254458565,5.8700808999756235,-0.9354305277403747,False,2191,150.57,150.6046881895384,vertical,-0.0010592262468862579,1
2018-10-01 14:30:00-04:00,SPY,-1,1.0,0.1,2191,258.56,258.51149341642343,3.416197327976705,-0.9806153834866902,False,2191,258.75,258.7985422281112,vertical,-0.0011103909071670248,1
2018-10-02 09:30:00-04:00,GLD,1,1.0,0.1,2193,114.085,114.10482613638604,7.739035080396681,-2.0478506161554133,False,2198,113.86,113.84021296499175,vertical,-0.0023190357529487837,6
2018-10-02 09:30:00-04:00,TLT,-1,1.0,0.1,2193,92.81,92.79483814765484,9.51627558105044,0.5680359877036508,False,2198,92.72,92.73514714954685,vertical,0.0006432577425591335,6
2018-10-02 10:30:00-04:00,DIA,1,1.0,0.1,2194,230.32,230.36068245710243,3.8340528024888285,0.6080527610297034,False,2198,230.56,230.51927515061854,vertical,0.0006884538273828067,5
2018-10-02 10:30:00-04:00,IWM,-1,1.0,0.1,2194,149.4,149.3654667383757,5.913113917455278,1.661670029359924,False,2198,149.05,149.084452360409,vertical,0.0018813878743398904,5
2018-10-02 11:30:00-04:00,QQQ,1,1.0,0.1,2195,177.12,177.16249387397372,4.984567230450559,-6.553006090238093,False,2197,175.89003367580526,175.84783489009925,lower,-0.007420639409206231,3
2018-10-02 13:30:00-04:00,SPY,1,1.0,0.1,2197,259.27,259.31816615025673,3.4052898559019393,-2.404880318892146,False,2198,258.66,258.6119471731191,vertical,-0.0027233687003956897,2
2018-10-02 14:30:00-04:00,QQQ,-1,1.0,0.1,2198,175.97,175.927782029115,5.015086712974748,-1.025408359007523,False,2198,176.09,176.13224676077252,vertical,-0.0011622083180908849,1
2018-10-03 09:30:00-04:00,DIA,1,1.0,0.1,2200,231.89,231.93082746567262,3.8034698676785372,-3.6570362590722887,False,2205,231.01,230.96932747058935,vertical,-0.004145632581876502,6
2018-10-03 09:30:00-04:00,IWM,-1,1.0,0.1,2200,149.63,149.59522813494863,5.8968586408094685,-5.643909302635908,False,2201,150.51735445320244,150.55233252669663,upper,-0.0063979607082427226,2
2018-10-03 09:30:00-04:00,QQQ,1,1.0,0.1,2200,177.04,177.0823927990651,4.981533735273159,-3.958404349926717,False,2205,176.33,176.28777721272508,vertical,-0.004487264791151024,6
2018-10-03 09:30:00-04:00,SPY,1,1.0,0.1,2200,259.87,259.91804944846507,3.393923259747843,-4.524433864096951,False,2204,258.6327716778757,258.5849509904778,lower,-0.005128918367985791,5
2018-10-03 09:30:00-04:00,TLT,-1,1.0,0.1,2200,91.89,91.87495909797383,9.601548912916902,4.972537954149858,False,2202,91.34211873053799,91.35706995329006,lower,0.005636891159118695,3
2018-10-03 10:30:00-04:00,GLD,1,1.0,0.1,2201,113.39,113.40968811402468,7.776869701587265,-0.15071340709168587,False,2205,113.41,113.39030841333856,vertical,-0.00017088223244765555,5
2018-10-03 11:30:00-04:00,IWM,-1,1.0,0.1,2202,150.67,150.63498645387094,5.854628719081634,1.5810537198209422,False,2205,150.33,150.3649345350075,vertical,0.0017927569499011087,4
2018-10-03 13:30:00-04:00,TLT,-1,1.0,0.1,2204,90.69,90.67515551850306,9.7216527257893,-3.9834585090032832,False,2205,91.07,91.08490668133118,vertical,-0.004518891205480324,2
2018-10-03 14:30:00-04:00,SPY,-1,1.0,0.1,2205,258.65,258.6021761271194,3.4044851785344443,-1.0066542650251125,False,2205,258.85,258.89786085248465,vertical,-0.001143396122157636,1
2018-10-04 09:30:00-04:00,DIA,-1,1.0,0.1,2207,229.1,229.05970293933987,3.843997003944097,-1.1940783820968504,False,2212,229.33,229.37033751602442,vertical,-0.0013561293090771365,6
2018-10-04 09:30:00-04:00,GLD,1,1.0,0.1,2207,114.1,114.11997633794974,7.7156063300929905,-6.223025948898533,False,2209,113.33326796360464,113.31342586315075,lower,-0.007067566088609256,3
2018-10-04 09:30:00-04:00,IWM,-1,1.0,0.1,2207,149.07,149.03548319701483,5.90802131770982,5.647228138096314,False,2208,148.04534587073073,148.07962541749595,lower,0.006413625527387334,2
2018-10-04 09:30:00-04:00,QQQ,-1,1.0,0.1,2207,173.71,173.6682250946561,5.070039791926457,7.568880023494846,False,2209,172.13396517684276,172.17536106712961,lower,0.008596068893505504,3
2018-10-04 09:30:00-04:00,SPY,-1,1.0,0.1,2207,256.98,256.932803005333,3.426984805069328,4.517562425326105,False,2209,255.56763300013145,255.6145705992122,lower,0.005130650468533116,3
2018-10-04 09:30:00-04:00,TLT,-1,1.0,0.1,2207,90.62,90.6050348140473,9.718056106156197,1.555870550331907,False,2212,90.43,90.44493380893515,vertical,0.0017670210650074791,6
2018-10-04 11:30:00-04:00,IWM,-1,1.0,0.1,2209,147.89,147.85575642320063,5.963341983968842,-2.4960652919719704,False,2212,148.24,148.27432461846465,vertical,-0.002830922551746662,4
2018-10-05 09:30:00-04:00,TLT,-1,1.0,0.1,2214,90.0,89.9849952086041,9.795438083107152,5.455689093601271,False,2217,89.41312602516561,89.42803297298853,lower,0.00618950119766537,4
2018-10-05 10:30:00-04:00,DIA,-1,1.0,0.1,2215,227.9,227.85920478988004,3.868557886724077,0.187365285365462,False,2219,227.77,227.81077193948676,vertical,0.00021255604063896705,5
2018-10-05 10:30:00-04:00,IWM,-1,1.0,0.1,2215,147.13,147.0956599513581,5.992607287285423,6.263761584107506,False,2215,146.0163316983117,146.05041181747865,lower,0.007105907368205822,1
2018-10-05 10:30:00-04:00,QQQ,-1,1.0,0.1,2215,170.89,170.84871537982644,5.159456550743557,7.849527272106862,False,2216,169.28643171182253,169.32732893245426,lower,0.0089048749590529,2
2018-10-05 10:30:00-04:00,SPY,-1,1.0,0.1,2215,255.65,255.6026449866664,3.4486596326049366,4.743646462427249,False,2216,254.18005786678862,254.22714059719897,lower,0.0053814168845521815,2
2018-10-05 11:30:00-04:00,IWM,-1,1.0,0.1,2216,146.37,146.33583733487586,6.035009258537965,-3.490917091834601,False,2219,146.88,146.91428169880055,vertical,-0.003952855120519683,4
2018-10-05 12:30:00-04:00,QQQ,-1,1.0,0.1,2217,169.37,169.32908259044538,5.224302699951416,-8.73817888020892,False,2218,170.9603829161521,171.00168453984816,upper,-0.00987781852836389,2
2018-10-05 12:30:00-04:00,SPY,-1,1.0,0.1,2217,254.08,254.03293580368552,3.482329488335291,-5.464838073005714,False,2218,255.5549036912181,255.60224108950388,upper,-0.006177566231140519,2
2018-10-05 14:30:00-04:00,GLD,1,1.0,0.1,2219,113.92,113.94007154067964,7.74144493601775,-1.0073727414275995,False,2219,113.83,113.8099443164013,vertical,-0.0011420672509573349,1
2018-10-08 09:30:00-04:00,GLD,-1,1.0,0.1,2221,112.275,112.25511681166971,7.857301674234203,-2.3164231717706585,False,2226,112.53,112.54992834720827,vertical,-0.002626263674315732,6
2018-10-08 10:30:00-04:00,IWM,-1,1.0,0.1,2222,146.15,146.11550211923844,6.037549351619912,-3.073714086884693,False,2226,146.59,146.6246017402726,vertical,-0.003484227297242626,5
2018-10-08 10:30:00-04:00,QQQ,-1,1.0,0.1,2222,169.49,169.4495525761201,5.206148624590397,8.555155297663333,False,2223,167.76623740059526,167.80627346240937,lower,0.009697748319356325,2
2018-10-08 10:30:00-04:00,SPY,-1,1.0,0.1,2222,254.55,254.50296852386023,3.466283950235809,-2.9955806836378933,False,2226,255.32,255.36717374381462,vertical,-0.003395658702791682,5
2018-10-08 11:30:00-04:00,DIA,-1,1.0,0.1,2223,226.85,226.80919363776238,3.8910301656142763,-5.767094387223173,False,2225,228.25028642340732,228.2913446727731,upper,-0.006534792577138182,3
2018-10-08 12:30:00-04:00,QQQ,-1,1.0,0.1,2224,168.03,167.98990099336518,5.260694820128097,-9.365634224939125,False,2225,169.72970002368217,169.7702046500428,upper,-0.010597682635386185,2
2018-10-09 09:30:00-04:00,QQQ,-1,1.0,0.1,2228,171.15,171.10907557844973,5.145992316090255,4.3657236832681505,False,2233,170.22,170.2607020452018,vertical,0.004958086123602268,6
2018-10-09 09:30:00-04:00,SPY,-1,1.0,0.1,2228,255.95,255.90266888641264,3.4408628560683265,2.978119444287976,False,2233,254.99,255.03715358723827,vertical,0.003382205050618481,6
2018-10-09 09:30:00-04:00,TLT,-1,1.0,0.1,2228,89.83,89.81516217915892,9.80375659049169,-4.409190663535619,False,2233,90.25,90.26490719504517,vertical,-0.005007450913344869,6
2018-10-09 12:30:00-04:00,IWM,-1,1.0,0.1,2231,146.15,146.11505529746927,6.028518242958379,0.5434639940321079,False,2233,145.99,146.02490644627073,vertical,0.0006169716803994252,3
2018-10-09 13:30:00-04:00,GLD,-1,1.0,0.1,2232,112.56,112.53987189985516,7.826506519752013,-0.7847397778710886,False,2233,112.62,112.64013882940931,vertical,-0.0008909458297889916,2
2018-10-10 09:30:00-04:00,DIA,-1,1.0,0.1,2235,225.65,225.60872307932675,3.9040836444002607,5.554445098366863,False,2235,224.14499448996992,224.1859961082144,lower,0.006306170043842263,1
2018-10-10 09:30:00-04:00,IWM,-1,1.0,0.1,2235,145.0,144.96483128750148,6.075924194753071,6.8489639025254325,False,2235,143.80272298696448,143.83760130849024,lower,0.007775885840722752,1
2018-10-10 09:30:00-04:00,QQQ,-1,1.0,0.1,2235,167.29,167.2495061334858,5.266355316499671,10.131746583245885,False,2239,165.28563435502087,165.32564304899114,lower,0.011502952259596966,5
2018-10-10 09:30:00-04:00,SPY,-1,1.0,0.1,2235,252.58,252.5329230104641,3.487843546528506,5.5857643828987715,False,2235,250.88466689506717,250.93142790084016,lower,0.006341728003352531,1
2018-10-10 09:30:00-04:00,TLT,1,1.0,0.1,2235,89.78,89.79505379455767,9.808951479924508,1.9603566765889402,False,2240,90.01,89.99490764036383,vertical,0.0022256665301789713,6
2018-10-10 10:30:00-04:00,DIA,-1,1.0,0.1,2236,224.51,224.46893161329336,3.9342665271285817,5.7254597302909565,False,2239,222.97286432032422,223.01365152720584,lower,0.006483213848919811,4
2018-10-10 10:30:00-04:00,IWM,-1,1.0,0.1,2236,144.05,144.01506170320405,6.132140580174102,7.045802873488402,False,2239,142.8314233099297,142.8660660496686,lower,0.007978301991102721,4
2018-10-10 10:30:00-04:00,SPY,-1,1.0,0.1,2236,251.51,251.4631224418474,3.5119288882238493,5.677028077639407,False,2239,249.8000650042498,249.84662385707378,lower,0.00642837235566196,4
2018-10-10 14:30:00-04:00,IWM,-1,1.0,0.1,2240,142.93,142.89533335119026,6.19640585814454,6.967109919077466,False,2240,141.73657694933536,141.77095414192334,lower,0.007868550937934149,1
2018-10-11 09:30:00-04:00,GLD,1,1.0,0.1,2242,114.75,114.77078676423939,7.7227404161056885,7.852357204911468,False,2244,115.8085490644528,115.78757054587932,upper,0.008859256003259652,3
2018-10-11 09:30:00-04:00,TLT,1,1.0,0.1,2242,90.49,90.50539854722383,9.793283138463426,5.176902894657176,False,2245,91.04951001426352,91.03401625606192,upper,0.0058407312417088075,4
2018-10-11 10:30:00-04:00,DIA,-1,1.0,0.1,2243,218.56,218.51831906001695,4.057777202033627,-7.372496656005817,False,2243,220.29318818347542,220.3351996547206,upper,-0.008314545904065218,1
2018-10-11 10:30:00-04:00,IWM,-1,1.0,0.1,2243,140.91,140.87499299386343,6.29422322915091,-8.190773577609253,False,2243,142.1409961938293,142.17630902276986,upper,-0.009237381321205218,1
2018-10-11 10:30:00-04:00,SPY,-1,1.0,0.1,2243,244.17,244.12220576819183,3.6321917152854937,-7.388164929296401,False,2243,246.10811117761673,246.15628477845016,upper,-0.008332216251518698,1
2018-10-11 11:30:00-04:00,DIA,-1,1.0,0.1,2244,220.05,220.0080349064638,4.020767296137129,7.146528439530469,False,2245,218.18902057453658,218.23063076611567,lower,0.008078814671944934,2
2018-10-11 11:30:00-04:00,IWM,-1,1.0,0.1,2244,141.88,141.84475201170494,6.236403526344837,7.751462207398338,False,2245,140.56689236085197,140.60181412696843,lower,0.008762663877997734,2
2018-10-11 11:30:00-04:00,QQQ,-1,1.0,0.1,2244,163.24,163.1980154371183,5.420415862717096,10.86059159173208,False,2246,161.15292220877913,161.19436998503522,lower,0.01227738858659777,3
2018-10-11 11:30:00-04:00,SPY,-1,1.0,0.1,2244,245.85,245.80187692226713,3.598837904395065,7.178452425028749,False,2245,243.7595045945945,243.80721847536623,lower,0.008114903237828819,2
2018-10-11 12:30:00-04:00,GLD,1,1.0,0.1,2245,115.855,115.87598693308021,7.644803864499308,-1.276309351917038,False,2247,115.73,115.70903571045383,vertical,-0.0014407749788815094,3
2018-10-11 13:30:00-04:00,DIA,-1,1.0,0.1,2246,218.09,218.0484086923458,4.073981031038818,7.238177758080428,False,2246,216.2304877996872,216.27172448519454,lower,0.008148118199101662,1
2018-10-11 13:30:00-04:00,IWM,-1,1.0,0.1,2246,140.47,140.435102305358,6.325520231610386,7.838890204529526,False,2246,139.16128144077084,139.19585400363627,lower,0.008824348623516776,1
2018-10-11 13:30:00-04:00,SPY,-1,1.0,0.1,2246,243.53,243.48233104282986,3.6484170208825346,7.310681814993404,False,2246,241.43127733645818,241.47853548625037,lower,0.008229737032651507,1
2018-10-11 13:30:00-04:00,TLT,1,1.0,0.1,2246,90.99,91.00548363147195,9.761225866982938,0.7712736814462462,False,2247,91.1,91.08449764999344,vertical,0.0008682335983341005,2
2018-10-12 09:30:00-04:00,DIA,-1,1.0,0.1,2249,217.42,217.3751939046026,4.098143559536695,-3.605444228188134,False,2254,218.21,218.25496889925793,vertical,-0.004047264910279624,6
2018-10-12 09:30:00-04:00,IWM,-1,1.0,0.1,2249,139.95,139.91411151077233,6.367011456414815,8.30012636302933,False,2251,138.5749614623501,138.6104973395324,lower,0.00931724582433957,3
2018-10-12 09:30:00-04:00,QQQ,-1,1.0,0.1,2249,164.01,163.96479454247606,5.4330855192967125,-7.284439008533497,False,2254,165.26,165.30554999030792,vertical,-0.008177093452122364,6
2018-10-12 09:30:00-04:00,SPY,-1,1.0,0.1,2249,244.04,243.98820594104095,3.6511385764214155,-3.3727836263761266,False,2254,244.86,244.9119680924304,vertical,-0.0037860934622908626,6
2018-10-15 09:30:00-04:00,GLD,1,1.0,0.1,2256,116.31,116.33143872020037,7.652604546517957,-3.1590658709567654,False,2261,115.94,115.91862947966615,vertical,-0.003548561292421537,6
2018-10-15 09:30:00-04:00,QQQ,-1,1.0,0.1,2256,163.29,163.2424427131692,5.453474488968563,0.1359026329072619,False,2261,163.17,163.21752233751104,vertical,0.0001526586789806217,6
2018-10-15 10:30:00-04:00,IWM,-1,1.0,0.1,2257,139.67,139.63312826930172,6.368059602219181,-0.5969975717981609,False,2261,139.69,139.72687701053368,vertical,-0.0006713932602810946,5
2018-10-16 09:30:00-04:00,DIA,1,1.0,0.1,2263,219.46,219.50840283412367,4.053951781721313,8.534102758317955,False,2266,221.66242320894446,221.61353462103762,upper,0.009590210487316675,4
2018-10-16 09:30:00-04:00,IWM,1,1.0,0.1,2263,140.6,140.6376855090976,6.327439743841852,8.292179341989637,False,2264,141.98625357360464,141.94819650211969,upper,0.009318348693510892,2
2018-10-16 09:30:00-04:00,QQQ,1,1.0,0.1,2263,164.89,164.93839319372708,5.395205225062416,13.093551945311464,False,2266,167.41441399812166,167.36527991983118,upper,0.014713898196241137,4
2018-10-16 09:30:00-04:00,SPY,1,1.0,0.1,2263,245.63,245.68627848955026,3.6220031751184854,8.751666876104657,False,2266,248.15938698012866,248.10252896007017,upper,0.0098346984836708,4
2018-10-16 12:30:00-04:00,IWM,1,1.0,0.1,2266,142.73,142.7682564204374,6.256129069671061,4.962699221263596,False,2268,143.6,143.56151039042376,vertical,0.005556234907361457,3
2018-10-16 14:30:00-04:00,TLT,-1,1.0,0.1,2268,90.96,90.94379092710774,9.831017942703475,-0.0237202779709995,False,2268,90.93,90.94620372689198,vertical,-2.6530670864222117e-05,1
2018-10-17 09:30:00-04:00,DIA,1,1.0,0.1,2270,220.37,220.4190540756732,4.056988323939055,3.9014267337304673,False,2275,221.43,221.38070996970407,vertical,0.00436285283077531,6
2018-10-17 09:30:00-04:00,IWM,1,1.0,0.1,2270,142.21,142.24861156111064,6.286441174679085,5.233649632005013,False,2275,143.12,143.08114136399584,vertical,0.005852639219100952,6
2018-10-17 12:30:00-04:00,QQQ,1,1.0,0.1,2273,168.19,168.23975431942426,5.321835900163507,-1.1147974207829061,False,2275,168.08,168.03027822100705,vertical,-0.0012451046381076747,3
2018-10-17 12:30:00-04:00,SPY,1,1.0,0.1,2273,249.08,249.13781995285757,3.593771369361824,-1.6012526360747095,False,2275,248.75,248.69225665138381,vertical,-0.001788420969397797,3
2018-10-17 13:30:00-04:00,GLD,-1,1.0,0.1,2274,115.73,115.70857177569327,7.724027245870899,-0.562788098868618,False,2275,115.76,115.78143377901796,vertical,-0.000629702728212056,2
2018-10-17 14:30:00-04:00,TLT,-1,1.0,0.1,2275,90.5,90.48378082850334,9.893372578806087,0.6685899512246032,False,2275,90.4,90.4162012497602,vertical,0.0007468695287083937,1
2018-10-18 09:30:00-04:00,DIA,1,1.0,0.1,2277,220.5,220.5503294951727,4.057531963897644,-9.101452111084535,False,2278,218.3570693297728,218.3072289621231,lower,-0.010170470106228846,2
2018-10-18 09:30:00-04:00,QQQ,1,1.0,0.1,2277,166.51,166.56078078535404,5.372753461861231,-13.12462163393443,False,2279,164.16803626861372,164.117969715183,lower,-0.014666184071982058,3
2018-10-18 09:30:00-04:00,TLT,-1,1.0,0.1,2277,90.24,90.22360797294448,9.918579312890845,-4.469316820297393,False,2278,90.65774056591479,90.67420847522496,upper,-0.004994263834090962,2
2018-10-18 10:30:00-04:00,IWM,1,1.0,0.1,2278,141.5,141.53942578237752,6.314028786408856,-10.011646165140732,False,2280,139.99281227962106,139.9538064410956,lower,-0.011202669026790346,3
2018-10-18 10:30:00-04:00,SPY,1,1.0,0.1,2278,246.83,246.88884775131277,3.6197828170104516,-9.007440269701076,False,2279,244.45873769998758,244.40045529103244,lower,-0.010078999043273251,2
2018-10-18 11:30:00-04:00,DIA,-1,1.0,0.1,2279,218.99,218.9400151648623,4.074847195485471,0.8561298281661113,False,2282,218.68,218.72991407711731,vertical,0.0009596285429448459,4
2018-10-18 11:30:00-04:00,GLD,-1,1.0,0.1,2279,116.23,116.20840957839759,7.677130338594101,2.2024186544575786,False,2282,115.9,115.9215291221175,vertical,0.002468672080797596,4
2018-10-18 12:30:00-04:00,SPY,-1,1.0,0.1,2280,244.62,244.5616791438394,3.643210854515675,-2.793601993187694,False,2282,245.27,245.328475825323,vertical,-0.003135391792238318,3
2018-10-19 09:30:00-04:00,DIA,-1,1.0,0.1,2284,220.12,220.06792243988332,4.045773907676011,3.2206699093686915,False,2289,219.22,219.27186463169534,vertical,0.0036173277748166033,6
2018-10-19 09:30:00-04:00,QQQ,-1,1.0,0.1,2284,166.37,166.31764292488026,5.353280883892066,12.187377268374867,False,2285,163.98941671751516,164.04102461683547,lower,0.013688375255973662,2
2018-10-19 09:30:00-04:00,SPY,-1,1.0,0.1,2284,247.1,247.03919083645815,3.6040640171670715,8.20967780299523,False,2287,244.701077471241,244.76129628078698,lower,0.009220782127557836,4
2018-10-19 09:30:00-04:00,TLT,-1,1.0,0.1,2284,90.19,90.1736271487051,9.873674672700949,-0.3233204143009158,False,2289,90.19,90.20637285129492,vertical,-0.0003631405725292858,6
2018-10-19 11:30:00-04:00,IWM,-1,1.0,0.1,2286,139.34,139.30045561430114,6.406636127775399,2.3771114625234464,False,2289,138.89,138.92941667668805,vertical,0.0026635873944335087,4
2018-10-19 11:30:00-04:00,QQQ,-1,1.0,0.1,2286,164.15,164.09834156469972,5.438490864956647,0.03653440399468164,False,2289,164.04,164.09162381801193,vertical,4.093732224064173e-05,4
2018-10-22 09:30:00-04:00,DIA,-1,1.0,0.1,2291,218.05,217.99724194974328,4.095996149221444,-0.9648018762801173,False,2296,218.18,218.23278950426516,vertical,-0.001080507039516565,6
2018-10-22 09:30:00-04:00,GLD,-1,1.0,0.1,2291,115.52,115.49841590137352,7.730979309097391,-1.6482444837586818,False,2296,115.69,115.7116158619295,vertical,-0.001845912421327478,6
2018-10-22 09:30:00-04:00,IWM,-1,1.0,0.1,2291,138.51,138.46996462120686,6.448444368492981,-9.25848890191364,False,2291,139.86530841943156,139.90573554095775,upper,-0.010368825641564383,1
2018-10-22 09:30:00-04:00,SPY,-1,1.0,0.1,2291,243.64,243.57871556769672,3.6658205602487453,-1.8426776705856491,False,2296,244.02,244.08138001629717,vertical,-0.00206366326971108,6
2018-10-22 09:30:00-04:00,TLT,-1,1.0,0.1,2291,90.44,90.42345107235039,9.874826198046746,3.3275186848220475,False,2296,90.07,90.08648122416407,vertical,0.0037265758405603533,6
2018-10-22 10:30:00-04:00,IWM,-1,1.0,0.1,2292,139.4,139.3597073727257,6.39763483834317,4.732021873813642,False,2296,138.58,138.62005561181977,vertical,0.005307500818207744,5
2018-10-22 10:30:00-04:00,QQQ,-1,1.0,0.1,2292,165.58,165.52690434907265,5.38626951585381,3.1996227193877402,False,2296,164.88,164.93287118568006,vertical,0.0035887408498854745,5
2018-10-23 09:30:00-04:00,DIA,-1,1.0,0.1,2298,214.07,214.01689319617358,4.171027554275105,-10.76350650396001,False,2300,216.54371344324355,216.59743392957822,upper,-0.012057649725058184,3
2018-10-23 09:30:00-04:00,GLD,1,1.0,0.1,2298,116.68,116.7017826557325,7.649157864494228,-2.704034202984489,False,2303,116.37,116.34827521728153,vertical,-0.0030291520009922968,6
2018-10-23 09:30:00-04:00,IWM,-1,1.0,0.1,2298,135.24,135.20028769087847,6.602577360209405,-12.961892297465731,False,2300,137.12317884392942,137.16344413575118,upper,-0.014520357008124707,3
2018-10-23 09:30:00-04:00,QQQ,-1,1.0,0.1,2298,160.94,160.88708143411316,5.548427820583972,-15.458121805378244,False,2301,163.61931827169587,163.67311782230055,upper,-0.017316719051357454,4
2018-10-23 09:30:00-04:00,SPY,-1,1.0,0.1,2298,239.07,239.0083100431413,3.734892558507544,-11.363155677720963,False,2300,241.98829878765957,242.05074178641524,upper,-0.012729397328171466,3
2018-10-23 09:30:00-04:00,TLT,1,1.0,0.1,2298,91.13,91.1468899373494,9.793755543553676,-6.057853207385685,False,2301,90.54512906018148,90.52834752219049,lower,-0.006786215257416628,4
2018-10-23 12:30:00-04:00,DIA,-1,1.0,0.1,2301,216.26,216.20634989771804,4.104930516907142,-3.8073379610057625,False,2303,217.08,217.13385352910092,vertical,-0.004289900050676865,3
2018-10-23 12:30:00-04:00,SPY,-1,1.0,0.1,2301,241.72,241.65762623343838,3.6726010160627838,-3.948019181102454,False,2303,242.67,242.73261890588907,vertical,-0.004448411950435549,3
2018-10-23 13:30:00-04:00,IWM,-1,1.0,0.1,2302,137.82,137.77953009136994,6.432397658402341,2.2461060989817856,False,2303,137.39,137.43034364204527,vertical,0.002534385544014417,2
2018-10-23 14:30:00-04:00,TLT,1,1.0,0.1,2303,90.31,90.32673795942088,9.801973588773158,-0.034125365304551326,False,2303,90.34,90.32325648041102,vertical,-3.8543172138361115e-05,1
2018-10-24 09:30:00-04:00,IWM,-1,1.0,0.1,2305,136.57,136.5289298375575,6.490823341585153,11.756185697327693,False,2307,134.67722788566402,134.7177288421447,lower,0.013266060149799586,3
2018-10-24 09:30:00-04:00,QQQ,-1,1.0,0.1,2305,162.88,162.82473432254318,5.442570923136259,13.717183487265542,False,2308,160.25001103382417,160.30438434805703,lower,0.01547891347695085,4
2018-10-24 09:30:00-04:00,SPY,-1,1.0,0.1,2305,241.47,241.40561026545245,3.670938565250411,10.052098714028128,False,2308,238.60369366733437,238.66731908041803,lower,0.011343113285657958,4
2018-10-24 09:30:00-04:00,TLT,1,1.0,0.1,2305,90.82,90.83705149269544,9.755767608358815,1.5205470319741787,False,2310,91.01,90.9929128347257,vertical,0.0017158344471670528,6
2018-10-24 10:30:00-04:00,DIA,-1,1.0,0.1,2306,214.83,214.77473486726916,4.136228760252323,9.648215683032685,False,2310,212.3874863524197,212.4421231472046,lower,0.010860736117337622,5
2018-10-24 10:30:00-04:00,GLD,1,1.0,0.1,2306,116.25,116.27156200201077,7.640367257801208,2.649707320646849,False,2310,116.64,116.61836566095025,vertical,0.002982704050483731,5
2018-10-24 12:30:00-04:00,IWM,-1,1.0,0.1,2308,134.78,134.73946813726295,6.598042296153792,11.798723856845326,False,2310,132.91128239001821,132.95125228061056,lower,0.013271655895440215,3
2018-10-24 14:30:00-04:00,QQQ,-1,1.0,0.1,2310,158.5,158.44622046981272,5.6280855204575975,9.303439868300435,False,2310,156.74,156.79318235685525,vertical,0.010432802423787635,1
2018-10-24 14:30:00-04:00,SPY,-1,1.0,0.1,2310,237.02,236.9567968903696,3.7633395239131358,6.036603948242215,False,2310,235.29,235.35274179252784,vertical,0.006769398974378782,1
2018-10-25 09:30:00-04:00,DIA,-1,1.0,0.1,2312,214.14,214.0828971479742,4.175174416358016,-5.530136940080354,False,2317,215.35,215.4074255122058,vertical,-0.006186988226883461,6
2018-10-25 09:30:00-04:00,IWM,-1,1.0,0.1,2312,134.08,134.03859713669542,6.6684779925029805,-6.689082358954709,False,2317,135.0,135.0416869521638,vertical,-0.007483589330955054,6
2018-10-25 09:30:00-04:00,QQQ,-1,1.0,0.1,2312,160.75,160.6936047119963,5.562346035823906,-7.972252849614581,False,2317,162.07,162.1268583783935,vertical,-0.008919170547987632,6
2018-10-25 09:30:00-04:00,SPY,-1,1.0,0.1,2312,238.38,238.31381951087914,3.7506571670352606,-5.261097679410086,False,2317,239.65,239.71653307415818,vertical,-0.0058859933769599415,6
2018-10-25 12:30:00-04:00,TLT,-1,1.0,0.1,2315,90.66,90.64284441368716,9.847253538899139,-0.2393796467211754,False,2317,90.65,90.66715369401345,vertical,-0.0002681875274714862,3
2018-10-26 09:30:00-04:00,DIA,-1,1.0,0.1,2319,212.16,212.1021415844018,4.20205205636685,-2.6298791301026525,False,2324,212.67,212.72799749832794,vertical,-0.002950728876431885,6
2018-10-26 09:30:00-04:00,GLD,1,1.0,0.1,2319,116.85,116.87161740786776,7.626011002261947,4.531975734154135,False,2319,117.48763145606445,117.46589608551587,upper,0.005084884515409227,1
2018-10-26 09:30:00-04:00,IWM,-1,1.0,0.1,2319,132.31,132.26815326506252,6.738313178218147,-15.586885837405879,False,2321,134.53877487423247,134.58132652150763,upper,-0.017488512535663636,3
2018-10-26 09:30:00-04:00,QQQ,-1,1.0,0.1,2319,156.97,156.91312763712898,5.679985184322184,-20.87816039345774,False,2321,160.53070723308846,160.58886968854935,upper,-0.023425331626304446,3
2018-10-26 09:30:00-04:00,SPY,-1,1.0,0.1,2319,234.56,234.49299326187264,3.8008139510131085,-14.389966541799964,False,2321,238.21096589602504,238.27901560531419,upper,-0.016145567041371933,3
2018-10-26 09:30:00-04:00,TLT,1,1.0,0.1,2319,91.23,91.24733601017142,9.767564502981198,-0.9246037002503419,False,2324,91.17,91.15267539134796,vertical,-0.001037406931123086,6
2018-10-26 10:30:00-04:00,GLD,1,1.0,0.1,2320,117.39,117.41171730859732,7.584598027993709,-5.363103484673542,False,2321,116.72620730299526,116.70461279694369,lower,-0.006022435646649504,2
2018-10-26 12:30:00-04:00,GLD,1,1.0,0.1,2322,116.73,116.75159520770563,7.582763286556959,-0.32750269631164713,False,2324,116.73,116.70840479229437,vertical,-0.0003699342637196734,3
2018-10-26 12:30:00-04:00,QQQ,-1,1.0,0.1,2322,159.66,159.60215301359506,5.546915834603679,7.90360062887266,False,2324,158.12,158.17728902348958,vertical,0.008927598802405345,3
2018-10-26 12:30:00-04:00,SPY,-1,1.0,0.1,2322,237.01,236.94229337055094,3.736351569803712,5.698163886464482,False,2324,235.35,235.41723241736986,vertical,0.006436423533708546,3
2018-10-29 09:30:00-04:00,DIA,1,1.0,0.1,2326,215.51,215.5718135404868,4.114951716006677,-12.74910588989549,False,2329,212.53453415848264,212.47357405439442,lower,-0.014372191963354708,4
2018-10-29 09:30:00-04:00,GLD,-1,1.0,0.1,2326,116.4007,116.37888414855347,7.622238437333594,0.4351320239591079,False,2331,116.3,116.32179697822463,vertical,0.0004905285932795822,6
2018-10-29 09:30:00-04:00,IWM,1,1.0,0.1,2326,136.29,136.33466893456747,6.5065446007488905,-16.765511955532027,False,2330,133.8018072300589,133.75795379861,lower,-0.018899925866942446,5
2018-10-29 09:30:00-04:00,QQQ,1,1.0,0.1,2326,160.33,160.3911981726975,5.530650148868943,-20.237333880877628,False,2327,156.7919220036137,156.73207431995908,lower,-0.022813744734287322,2
2018-10-29 09:30:00-04:00,SPY,1,1.0,0.1,2326,239.31,239.38214037358404,3.7056549108748214,-14.889552766573292,False,2329,235.43505021002193,235.36407794610932,lower,-0.01678513869582776,4
2018-10-29 09:30:00-04:00,TLT,-1,1.0,0.1,2326,90.87,90.85255931964984,9.76381524850715,-1.3171440832648338,False,2331,90.97,90.98745987335155,vertical,-0.0014848294281626373,6
2018-10-29 11:30:00-04:00,QQQ,-1,1.0,0.1,2328,156.84,156.78013396491068,5.624460945784525,18.993371604453625,False,2331,153.34467908526713,153.40321095174815,lower,0.021539227756485535,4
2018-10-29 14:30:00-04:00,DIA,-1,1.0,0.1,2331,209.7,209.63985290965576,4.208041371019114,-4.757543712666997,False,2331,210.71,210.77043678305404,vertical,-0.0053929816192224145,1
2018-10-29 14:30:00-04:00,IWM,-1,1.0,0.1,2331,132.59,132.54654373736665,6.655572821319042,-2.6423564367343344,False,2331,132.9,132.9435578648765,vertical,-0.002995280875045081,1
2018-10-29 14:30:00-04:00,SPY,-1,1.0,0.1,2331,232.86,232.78980398899847,3.789569641546175,-4.967158399987065,False,2331,234.03,234.10054870933047,vertical,-0.005630593341596546,1
2018-10-30 09:30:00-04:00,DIA,-1,1.0,0.1,2333,212.62,212.5571067379616,4.145605372713758,-7.736948357495992,False,2338,214.36,214.42340795621558,vertical,-0.008780234389221153,6
2018-10-30 09:30:00-04:00,GLD,-1,1.0,0.1,2333,115.83,115.80837335097522,7.608930668863116,0.051406220654202646,False,2338,115.78,115.80161731351195,vertical,5.833807407684688e-05,6
2018-10-30 09:30:00-04:00,IWM,-1,1.0,0.1,2333,134.39,134.34446901374938,6.559093129551927,-8.07718343830589,False,2338,135.53,135.5759172153177,vertical,-0.00916634834771135,6
2018-10-30 09:30:00-04:00,QQQ,-1,1.0,0.1,2333,156.01,155.9480331025693,5.6504584647234495,-7.596580196834683,False,2338,157.23,157.29245147928353,vertical,-0.008620938334181982,6
2018-10-30 09:30:00-04:00,SPY,-1,1.0,0.1,2333,235.87,235.7961571334892,3.73703241992418,-6.944232403660451,False,2338,237.58,237.65437820929174,vertical,-0.007880624936353664,6
2018-10-30 09:30:00-04:00,TLT,-1,1.0,0.1,2333,90.6,90.58254305534754,9.727899592783237,-0.0477455901772858,False,2338,90.57,90.58745116420721,vertical,-5.418382719368786e-05,6
2018-10-31 09:30:00-04:00,DIA,1,1.0,0.1,2340,217.37,217.43764217972614,4.038595831530229,-4.220337415697324,False,2345,216.46,216.39264099818968,vertical,-0.004805981020860717,6
2018-10-31 09:30:00-04:00,GLD,-1,1.0,0.1,2340,114.76,114.73853822383597,7.653424637602508,-3.2373574295359018,False,2345,115.14,115.16153284164801,vertical,-0.00368659584094444,6
2018-10-31 09:30:00-04:00,IWM,1,1.0,0.1,2340,137.17,137.21868274103886,6.399585958582968,-7.788091229046515,False,2345,136.05,136.0017147560083,vertical,-0.008868821363977264,6
2018-10-31 09:30:00-04:00,QQQ,1,1.0,0.1,2340,161.6,161.6686505273395,5.43174420309955,-4.872156101699378,False,2345,160.84,160.7716723340514,vertical,-0.0055482506371042906,6
2018-10-31 09:30:00-04:00,SPY,1,1.0,0.1,2340,241.29,241.3699380249914,3.6381612495334057,-4.764154188937374,False,2345,240.14,240.06044296356487,vertical,-0.005425261621813671,6
2018-10-31 09:30:00-04:00,TLT,-1,1.0,0.1,2340,90.08,90.06242929063175,9.750378290275004,-0.24511932466672526,False,2345,90.07,90.08756875880103,vertical,-0.0002791338004901611,6
2018-11-01 09:30:00-04:00,GLD,1,1.0,0.1,2347,116.6,116.62178982949251,7.508288417079385,0.12320446877317295,False,2352,116.66,116.63819895790225,vertical,0.0001407037950087453,6
2018-11-01 09:30:00-04:00,TLT,-1,1.0,0.1,2347,89.93,89.91243172075728,9.738698164401843,-2.485116484635289,False,2352,90.15,90.16761125735276,vertical,-0.0028380895913036053,6
2018-11-01 10:30:00-04:00,DIA,1,1.0,0.1,2348,218.39,218.4589351596595,4.006745980121022,0.6892878379982013,False,2352,218.7,218.63096698833493,vertical,0.0007874790223147965,5
2018-11-01 10:30:00-04:00,IWM,1,1.0,0.1,2348,138.04,138.09024707304678,6.338676907497057,5.319187506029376,False,2352,138.98,138.92941076345954,vertical,0.0060769222171705994,5
2018-11-01 12:30:00-04:00,QQQ,1,1.0,0.1,2350,163.03,163.10069405953436,5.371497745146967,-0.007782369457799109,False,2352,163.17,163.0992452328147,vertical,-8.883019952943272e-06,3
2018-11-01 14:30:00-04:00,SPY,1,1.0,0.1,2352,242.41,242.49170600849084,3.612620427700184,0.24027704604807457,False,2352,242.64,242.5582164683791,vertical,0.00027427931859214105,1
2018-11-02 09:30:00-04:00,TLT,-1,1.0,0.1,2354,89.79,89.77260414937717,9.758187899937383,4.177563963193534,False,2355,89.32718938356061,89.34449556958437,lower,0.0047688109735621875,2
2018-11-02 10:30:00-04:00,QQQ,1,1.0,0.1,2355,160.71,160.7808383607901,5.450176530620792,-0.7176854010796918,False,2359,160.72,160.6491572313721,vertical,-0.0008190100932458089,5
2018-11-02 11:30:00-04:00,TLT,-1,1.0,0.1,2356,89.36,89.34268745727078,9.810608078532535,2.70218457829462,False,2359,89.05,89.06725248355009,vertical,0.0030829045057819693,4
2018-11-02 12:30:00-04:00,DIA,-1,1.0,0.1,2357,216.89,216.82030629894518,4.041603102526499,-3.757240978030334,False,2359,217.68,217.74994755334782,vertical,-0.004287611572326044,3
2018-11-02 12:30:00-04:00,SPY,-1,1.0,0.1,2357,240.25,240.167152066228,3.6487155511879306,-3.780054273915783,False,2359,241.12,241.20314794502022,vertical,-0.004313645183694925,3
2018-11-02 13:30:00-04:00,IWM,1,1.0,0.1,2358,139.31,139.3613730720139,6.284828528410502,0.04533430014449307,False,2359,139.42,139.3685863635046,vertical,5.17596184057556e-05,2
2018-11-05 09:30:00-05:00,QQQ,-1,1.0,0.1,2361,158.56,158.48895697743953,5.526473051998579,-9.631553412590437,False,2366,160.16,160.23175990472555,vertical,-0.010996368204594154,6
2018-11-05 09:30:00-05:00,TLT,-1,1.0,0.1,2361,89.5,89.4827001195257,9.788316049976435,0.7382494933945842,False,2366,89.39,89.40727861805136,vertical,0.0008428612611554032,6
2018-11-05 10:30:00-05:00,DIA,1,1.0,0.1,2362,218.66,218.7311224598562,4.002963977784422,2.4318451754427914,False,2366,219.41,219.33863359134253,vertical,0.002777433429016485,5
2018-11-05 10:30:00-05:00,GLD,1,1.0,0.1,2362,116.43,116.45158584919822,7.518770978018295,-0.700466963749714,False,2366,116.38,116.35842342068463,vertical,-0.0008000099597976762,5
2018-11-05 13:30:00-05:00,SPY,1,1.0,0.1,2365,242.75,242.83517116831055,3.6043256039908353,-1.2625202238411881,False,2366,242.57,242.48489198641775,vertical,-0.0014424565445259052,2
2018-11-06 09:30:00-05:00,IWM,1,1.0,0.1,2368,139.74,139.79211031288474,6.259598651336721,1.2873726724693844,False,2373,140.05,139.9977740853048,vertical,0.0014712115866892805,6
2018-11-06 09:30:00-05:00,QQQ,-1,1.0,0.1,2368,161.63,161.5571007827414,5.416304829329577,0.40243573336591615,False,2373,161.41,161.48279999169532,vertical,0.00045990421148989213,6
2018-11-06 10:30:00-05:00,DIA,1,1.0,0.1,2369,220.27,220.3411437848848,3.9724433891119855,1.936601705666465,False,2373,220.9,220.8286527349115,vertical,0.0022125189224879716,5
2018-11-06 12:30:00-05:00,GLD,-1,1.0,0.1,2371,115.86,115.83869938603075,7.558207416069033,-1.5315244331602962,False,2373,116.02,116.0413300296281,vertical,-0.001749248262207015,3
2018-11-07 09:30:00-05:00,DIA,1,1.0,0.1,2375,222.58,222.65156111714984,3.931039105938993,8.574501643756605,False,2379,224.9051000801864,224.83279142615447,upper,0.009796609096564879,5
2018-11-07 09:30:00-05:00,GLD,-1,1.0,0.1,2375,116.28,116.25877721906686,7.528480986004532,1.713510256055611,False,2380,116.01,116.03117350203004,vertical,0.001957733622192981,6
2018-11-07 09:30:00-05:00,QQQ,1,1.0,0.1,2375,164.4,164.4736705532592,5.321532563879038,9.588257890795756,False,2380,166.35,166.2754556171857,vertical,0.01095485409832242,6
2018-11-07 09:30:00-05:00,SPY,1,1.0,0.1,2375,246.59,246.67656769396532,3.5481764722612277,8.678643922749295,False,2380,249.21,249.12251253086868,vertical,0.009915594577016629,6
2018-11-07 09:30:00-05:00,TLT,1,1.0,0.1,2375,90.09,90.10733998916905,9.713437261105339,-5.409695529492915,False,2379,89.56765037481236,89.55041092440281,lower,-0.006180729170711108,5
2018-11-07 10:30:00-05:00,IWM,1,1.0,0.1,2376,141.15,141.20233424456973,6.202551460580489,7.535120603944808,False,2380,142.47,142.4171763384779,vertical,0.008603555319446787,5
2018-11-07 14:30:00-05:00,TLT,-1,1.0,0.1,2380,89.42,89.40278896845936,9.82157259039574,-0.7310173108026128,False,2380,89.46,89.47721873050352,vertical,-0.000832521702096134,1
2018-11-08 09:30:00-05:00,DIA,1,1.0,0.1,2382,225.72,225.792505095451,3.889619478407018,0.48582545488395174,False,2387,225.99,225.91740817596593,vertical,0.000553176379624043,6
2018-11-08 09:30:00-05:00,GLD,-1,1.0,0.1,2382,115.89,115.86890023864254,7.579660496377826,0.5898668051341294,False,2387,115.77,115.79107791330013,vertical,0.0006716411839771119,6
2018-11-09 09:30:00-05:00,DIA,1,1.0,0.1,2389,224.84,224.91123932628656,3.905338380396919,-2.859846937481927,False,2394,224.25,224.17894761199182,vertical,-0.003255914273063043,6
2018-11-09 09:30:00-05:00,GLD,-1,1.0,0.1,2389,114.63,114.6092937797414,7.663902866478038,0.8324121640511408,False,2394,114.48,114.50067912496908,vertical,0.00094769500090508,6
2018-11-09 09:30:00-05:00,IWM,1,1.0,0.1,2389,140.33,140.38162861918568,6.256904865424398,-11.227540032084047,False,2392,138.6382108503538,138.58720465501014,lower,-0.012782470055560324,4
2018-11-09 09:30:00-05:00,QQQ,1,1.0,0.1,2389,163.06,163.13161373950118,5.384330326837786,-3.0854292676958197,False,2394,162.63,162.55857511066432,vertical,-0.003512738062849796,6
2018-11-09 09:30:00-05:00,SPY,1,1.0,0.1,2389,246.93,247.01535511196647,3.5558700175762175,-2.242158170395045,False,2394,246.47,246.3848038940332,vertical,-0.0025526802479443056,6
2018-11-09 09:30:00-05:00,TLT,1,1.0,0.1,2389,89.9,89.91687669579285,9.76851651659606,1.72128280340769,False,2394,90.11,90.09308388144723,vertical,0.0019596675521829088,6
2018-11-12 09:30:00-05:00,DIA,-1,1.0,0.1,2396,222.5,222.4319033871761,3.9412887891967157,7.731518069398801,False,2397,220.4027760741816,220.4702308270249,lower,0.008819205025353938,2
2018-11-12 09:30:00-05:00,GLD,-1,1.0,0.1,2396,113.85,113.82961872869468,7.701583972349454,1.149626768039928,False,2401,113.66,113.68034725776515,vertical,0.001311358788658623,6
2018-11-12 09:30:00-05:00,IWM,-1,1.0,0.1,2396,138.39,138.33962588942566,6.337073427394417,9.923865260995852,False,2401,136.7238569511319,136.7736245838236,lower,0.011319976438665336,6
2018-11-12 09:30:00-05:00,QQQ,-1,1.0,0.1,2396,159.9,159.8322385023883,5.4849282935273695,10.670151631715997,False,2401,157.82,157.88688004723628,vertical,0.012171252016363043,6
2018-11-12 09:30:00-05:00,SPY,-1,1.0,0.1,2396,244.65,244.56872319537197,3.5845481618646873,8.734571610732011,False,2401,242.05158086519933,242.13199443171428,lower,0.009963370343603284,6
2018-11-12 09:30:00-05:00,TLT,1,1.0,0.1,2396,90.75,90.76661927303088,9.658488706541977,-0.8038701179345317,False,2401,90.7,90.68338988359338,vertical,-0.0009169603330398957,6
2018-11-13 09:30:00-05:00,DIA,-1,1.0,0.1,2403,217.65,217.58460910349316,4.0462832234751325,-9.191191545969488,False,2403,219.79008986876426,219.85612373515448,upper,-0.01043968431876019,1
2018-11-13 09:30:00-05:00,SPY,-1,1.0,0.1,2403,241.27,241.19160528172304,3.65024708249485,-9.822430669668561,False,2403,243.80328217488568,243.88250002054033,upper,-0.01115666830806239,1
2018-11-13 10:30:00-05:00,DIA,-1,1.0,0.1,2404,219.75,219.68397817823396,3.9989606823650314,5.392202617274225,False,2408,218.27,218.3355771696786,vertical,0.006137912376392607,5
2018-11-13 10:30:00-05:00,IWM,-1,1.0,0.1,2404,138.35,138.29993834468843,6.352190765918988,11.184985051083833,False,2406,136.48974233400668,136.53913085901058,lower,0.012731802390897218,3
2018-11-13 10:30:00-05:00,QQQ,-1,1.0,0.1,2404,159.97,159.90331529484877,5.493992351943413,10.974351341632897,False,2408,157.84,157.90579679853144,vertical,0.012492039284076495,5
2018-11-13 10:30:00-05:00,SPY,-1,1.0,0.1,2404,243.55,243.4708644521227,3.608265790887062,9.173628711045263,False,2406,240.85021340411743,240.9284717231242,lower,0.01044228735425734,3
2018-11-13 10:30:00-05:00,TLT,1,1.0,0.1,2404,90.32,90.33634603201558,9.724851954593651,2.5990021051082093,False,2408,90.62,90.6035996742554,vertical,0.002958428738584429,5
2018-11-13 13:30:00-05:00,SPY,-1,1.0,0.1,2407,241.48,241.40153704741772,3.654669568340627,-0.09825091192350627,False,2408,241.35,241.42842071229802,vertical,-0.000111364928364166,2
2018-11-14 09:30:00-05:00,TLT,1,1.0,0.1,2410,90.2,90.2164019024658,9.781261107328628,4.568778616974708,False,2411,90.69998976974158,90.68349694949931,upper,0.005177495856446335,2
2018-11-14 10:30:00-05:00,IWM,-1,1.0,0.1,2411,135.97,135.9201628580847,6.49474108094041,3.4458279428167087,False,2415,135.34,135.38960622774744,vertical,0.0039034431623747867,5
2018-11-14 12:30:00-05:00,DIA,-1,1.0,0.1,2413,216.69,216.62437661608908,4.0773083406504105,0.07664792856091976,False,2415,216.54,216.60557795722957,vertical,8.677997902717394e-05,3
2018-11-14 12:30:00-05:00,GLD,1,1.0,0.1,2413,114.43,114.45013397691955,7.717285658600402,1.309585535535197,False,2415,114.64,114.61982907354665,vertical,0.0014826989775418298,3
2018-11-14 12:30:00-05:00,SPY,-1,1.0,0.1,2413,239.77,239.69155464871372,3.6849207259698322,-0.13579464341184197,False,2415,239.65,239.72840609098623,vertical,-0.00015374526785683074,3
2018-11-14 13:30:00-05:00,QQQ,-1,1.0,0.1,2414,156.61,156.5437420873785,5.64486834788761,-0.4091989941787153,False,2415,156.55,156.61623252806908,vertical,-0.000463068275512013,2
2018-11-15 09:30:00-05:00,DIA,-1,1.0,0.1,2417,215.02,214.9541072660181,4.109322585388855,-9.550826420519394,False,2419,217.21172800194287,217.2782923894928,upper,-0.010812471336490326,3
2018-11-15 09:30:00-05:00,GLD,1,1.0,0.1,2417,114.84,114.86039718416069,7.690342271706479,-0.9288407639305266,False,2422,114.76,114.73961702495401,vertical,-0.0010515387563306833,6
2018-11-15 09:30:00-05:00,IWM,-1,1.0,0.1,2417,134.99,134.9401114574162,6.54598368320675,-12.138853099366449,False,2420,136.74397178665618,136.79450854833897,upper,-0.013742371122229091,4
2018-11-15 09:30:00-05:00,QQQ,-1,1.0,0.1,2417,155.73,155.66287659079947,5.674543520947342,-14.473061182222054,False,2419,158.14523646323272,158.21340089796098,upper,-0.016384923387136263,3
2018-11-15 09:30:00-05:00,SPY,-1,1.0,0.1,2417,237.96,237.88117018233746,3.7132647663254703,-10.027990045467039,False,2419,240.5020840252906,240.58175596776488,upper,-0.011352667314346032,3
2018-11-15 09:30:00-05:00,TLT,1,1.0,0.1,2417,90.95,90.96673212724589,9.710316586669826,-5.103502077890285,False,2420,90.4577984528136,90.44115687618803,lower,-0.0057776644138725075,4
2018-11-15 13:30:00-05:00,DIA,-1,1.0,0.1,2421,218.63,218.5630009839528,4.017893989830635,0.1448614082236375,False,2422,218.46,218.52694691966184,vertical,0.00016495959576257047,2
2018-11-15 13:30:00-05:00,QQQ,1,1.0,0.1,2421,159.45,159.51872681947614,5.5050775890818695,-1.306963424038678,False,2422,159.35,159.2813162829506,vertical,-0.0014882925739133634,2
2018-11-15 13:30:00-05:00,SPY,-1,1.0,0.1,2421,242.21,242.1297622703982,3.626827862128256,-0.6182971599646294,False,2422,242.22,242.30024104233578,vertical,-0.0007040802020330528,2
2018-11-15 13:30:00-05:00,TLT,1,1.0,0.1,2421,90.4,90.41663094340879,9.712405327316475,2.2017078911167944,False,2422,90.66,90.64332122423185,vertical,0.0025071746033642484,2
2018-11-16 09:30:00-05:00,GLD,1,1.0,0.1,2424,115.5867,115.60730836026599,7.595848426696478,-0.4399040138794966,False,2429,115.57,115.54939461723586,vertical,-0.0005009522654887411,6
2018-11-16 09:30:00-05:00,TLT,1,1.0,0.1,2424,90.82,90.83662966548972,9.667196972815018,2.771412089302334,False,2429,91.14,91.12331174066578,vertical,0.0031560184061405483,6
2018-11-16 11:30:00-05:00,IWM,-1,1.0,0.1,2426,136.2,136.14911972859665,6.451753256186655,-11.466918673115424,False,2428,137.87494747555982,137.9264534575516,upper,-0.013054316711690328,3
2018-11-16 11:30:00-05:00,QQQ,-1,1.0,0.1,2426,157.7,157.6313136394665,5.572500198437686,-6.953678824327607,False,2429,158.81,158.8791698219171,vertical,-0.007916296284282032,4
2018-11-16 12:30:00-05:00,DIA,1,1.0,0.1,2427,219.06,219.12905728627405,4.005176768319497,1.4888229450550603,False,2429,219.57,219.5007819394358,vertical,0.00169637316823823,3
2018-11-16 14:30:00-05:00,IWM,1,1.0,0.1,2429,137.79,137.84147424814,6.359184297029305,-1.7353259390633708,False,2429,137.62,137.5685892588067,vertical,-0.0019797016160902903,1
2018-11-16 14:30:00-05:00,SPY,1,1.0,0.1,2429,243.16,243.24244673084212,3.6036446364482204,-1.9631380918935581,False,2429,242.78,242.69768211336628,vertical,-0.002239595205513756,1
2018-11-19 09:30:00-05:00,DIA,-1,1.0,0.1,2431,217.45,217.38204995412605,4.031177912146265,8.365598269195376,False,2434,215.23956636021558,215.30682567687717,lower,0.009546438069227947,4
2018-11-19 09:30:00-05:00,IWM,-1,1.0,0.1,2431,136.05,135.9992116432764,6.443461750136344,7.273910910266342,False,2436,134.82,134.8703291896617,vertical,0.008300654393319062,6
2018-11-19 09:30:00-05:00,QQQ,-1,1.0,0.1,2431,155.78,155.71244026251028,5.627718098790405,13.560336365122806,False,2436,153.23642151938472,153.3028781403355,lower,0.01547443555641781,6
2018-11-19 09:30:00-05:00,SPY,-1,1.0,0.1,2431,240.67,240.58888916956192,3.642336607051489,8.660703377417828,False,2434,238.13084633384966,238.21110141632383,lower,0.009883198519455627,4
2018-11-19 12:30:00-05:00,GLD,1,1.0,0.1,2434,115.82,115.8406858836932,7.591739469384941,-1.3767373772842095,False,2436,115.68,115.65933912082862,vertical,-0.0015654841947901899,3
2018-11-20 09:30:00-05:00,DIA,-1,1.0,0.1,2438,211.97,211.9033316300076,4.152620407889851,2.1463553454254107,False,2443,211.32,211.38646393332448,vertical,0.0024391673915991063,6
2018-11-20 09:30:00-05:00,IWM,-1,1.0,0.1,2438,133.57,133.5195372456886,6.590451986119617,10.330457522098808,False,2442,131.90221610693288,131.9520487723857,lower,0.011739768618420188,5
2018-11-20 09:30:00-05:00,QQQ,-1,1.0,0.1,2438,150.7,150.6337586937997,5.841679229523473,-2.17654020107516,False,2443,150.94,151.00634679998586,vertical,-0.002473470153151691,6
2018-11-20 09:30:00-05:00,SPY,-1,1.0,0.1,2438,235.11,235.03010926737593,3.7440058304426165,2.1358302384820225,False,2443,234.38,234.45964267752302,vertical,0.0024272064189185816,6
2018-11-20 11:30:00-05:00,TLT,1,1.0,0.1,2440,91.39,91.40666792888648,9.607035461737603,0.352111063746395,False,2443,91.46,91.44331930434447,vertical,0.0004009704793801472,4
2018-11-20 12:30:00-05:00,GLD,-1,1.0,0.1,2441,115.45,115.42941770131785,7.629092201894924,-1.6875299241931836,False,2443,115.63,115.65061438888364,vertical,-0.0019162938873880098,3
2018-11-21 09:30:00-05:00,GLD,1,1.0,0.1,2445,116.3,116.32067346463272,7.574441770223729,-3.5696109038584454,False,2450,115.87,115.8494029720809,vertical,-0.004051476650838937,6
2018-11-21 09:30:00-05:00,IWM,-1,1.0,0.1,2445,134.29,134.23867463097753,6.563415276954401,1.0990600040296896,False,2450,134.02,134.07122217556324,vertical,0.0012474233366398524,6
2018-11-21 09:30:00-05:00,QQQ,-1,1.0,0.1,2445,152.97,152.90192581510613,5.762283000257825,4.461485616888768,False,2450,152.06,152.1276692198141,vertical,0.005063746523561008,6
2018-11-21 09:30:00-05:00,SPY,-1,1.0,0.1,2445,236.41,236.32954282906366,3.7281169221756576,4.099118511570106,False,2450,235.15,235.2300283564387,vertical,0.004652463079574565,6
2018-11-21 09:30:00-05:00,TLT,1,1.0,0.1,2445,91.22,91.23664274336738,9.656911316973241,1.8992493799815944,False,2450,91.45,91.43331529400409,vertical,0.0021556311666346417,6
2018-11-21 12:30:00-05:00,DIA,-1,1.0,0.1,2448,212.88,212.81285468114345,4.13801729541364,5.404927395115524,False,2450,211.44,211.5066911227876,vertical,0.006137615889382553,3
2018-11-23 09:30:00-05:00,DIA,-1,1.0,0.1,2452,210.01,209.9451589258811,4.203019471113239,0.1276341519988637,False,2454,209.85,209.91479167374817,vertical,0.0001446437359560182,3
2018-11-23 09:30:00-05:00,QQQ,-1,1.0,0.1,2452,151.59,151.52368478048433,5.823535720569356,2.9563152189304573,False,2454,150.95,151.01603524233718,vertical,0.0033502982644765256,3
2018-11-23 09:30:00-05:00,SPY,-1,1.0,0.1,2452,233.8,233.7218575495659,3.7754431702833293,0.014228042910784392,False,2454,233.64,233.71808897399237,vertical,1.612418972296581e-05,3
2018-11-23 09:30:00-05:00,TLT,1,1.0,0.1,2452,91.92,91.936565287053,9.597961247261285,-4.397171128925252,False,2454,91.49491801467552,91.47842933342223,lower,-0.004983174563899961,3
2018-11-26 09:30:00-05:00,DIA,-1,1.0,0.1,2456,213.0,212.93615819236672,4.143371886435964,-0.23891773823277193,False,2461,212.93,212.99382082675754,vertical,-0.0002707977587288468,6
2018-11-26 09:30:00-05:00,IWM,1,1.0,0.1,2456,135.92,135.97160200618856,6.488661444319659,-2.2912054022714634,False,2461,135.67,135.6184929062713,vertical,-0.00259693270291228,6
2018-11-26 09:30:00-05:00,QQQ,1,1.0,0.1,2456,153.36,153.4262640545244,5.750473668226661,5.503208601639365,False,2461,154.45,154.38326497638698,vertical,0.006237529980671841,6
2018-11-26 09:30:00-05:00,SPY,1,1.0,0.1,2456,236.63,236.70740896128368,3.727275353701496,1.807626843067762,False,2461,237.27,237.19238167500407,vertical,0.0020488277736998572,6
2018-11-27 09:30:00-05:00,GLD,-1,1.0,0.1,2463,115.18,115.15984366234274,7.6654477343564995,3.5785737790951995,False,2464,114.67293134387194,114.69299894522908,lower,0.004053884603060776,2
2018-11-27 11:30:00-05:00,IWM,1,1.0,0.1,2465,134.69,134.74052942581466,6.554149845124998,-1.4485577806939878,False,2468,134.57,134.51951559260615,vertical,-0.0016402921537441717,4
2018-11-27 13:30:00-05:00,SPY,1,1.0,0.1,2467,237.69,237.76660743211494,3.714240577817401,0.7676187865699993,False,2468,238.05,237.97327653996823,vertical,0.0008692099790013064,2
2018-11-27 14:30:00-05:00,DIA,1,1.0,0.1,2468,213.49,213.55292149113427,4.134178236869049,1.0915969950903541,False,2468,213.88,213.81696356492668,vertical,0.0012364245450202649,1
2018-11-28 09:30:00-05:00,DIA,1,1.0,0.1,2470,214.96,215.02138784043558,4.107269024436463,9.18690985070934,False,2471,217.32019382292063,217.2581319631242,upper,0.0104024262197977,2
2018-11-28 09:30:00-05:00,QQQ,1,1.0,0.1,2470,155.61,155.6736597373166,5.673090022798891,11.801287251119296,False,2471,157.81844504688385,157.75388183915044,upper,0.013362710848733084,2
2018-11-28 09:30:00-05:00,TLT,-1,1.0,0.1,2470,91.22,91.2039764280926,9.68324760011596,2.3046156787794567,False,2475,90.95,90.96597614410194,vertical,0.002609538457770011,6
2018-11-28 10:30:00-05:00,IWM,1,1.0,0.1,2471,135.42,135.46999904163388,6.5195778438197936,10.247599827798101,False,2472,137.0924351077164,137.04181857861698,upper,0.011602713132817133,2
2018-11-28 11:30:00-05:00,DIA,1,1.0,0.1,2472,217.99,218.05225314168476,4.063026601063108,4.815172498798419,False,2475,219.3,219.23737275117452,vertical,0.005435025744584765,4
2018-11-28 11:30:00-05:00,GLD,-1,1.0,0.1,2472,115.41,115.39022404825172,7.67787836659318,-0.15009082419623776,False,2475,115.39,115.40977252467059,vertical,-0.00016941189411934232,4
2018-11-28 11:30:00-05:00,QQQ,1,1.0,0.1,2472,158.23,158.2947315740351,5.596851494214439,8.506441011635816,False,2475,159.88,159.814593414291,vertical,0.009601468255720613,4
2018-11-28 11:30:00-05:00,SPY,1,1.0,0.1,2472,241.61,241.68547829865193,3.665723365644818,6.409333461209103,False,2475,243.51,243.43392814658029,vertical,0.007234401753206665,4
2018-11-29 09:30:00-05:00,GLD,1,1.0,0.1,2477,116.07,116.08993390081503,7.653228689948525,-2.906768272679754,False,2482,115.73,115.71012449089926,vertical,-0.003271682540884835,6
2018-11-29 09:30:00-05:00,TLT,1,1.0,0.1,2477,91.59,91.6060857758383,9.698731314838946,-4.667932826869874,False,2480,91.14079952169293,91.12479263807212,lower,-0.005253942832399883,4
2018-11-29 13:30:00-05:00,DIA,1,1.0,0.1,2481,219.65,219.71181545607288,4.040142217077445,-2.4382089691064763,False,2482,219.17,219.10831962892098,vertical,-0.0027467609145150895,2
2018-11-29 13:30:00-05:00,SPY,1,1.0,0.1,2481,243.81,243.88465085959547,3.639700071677898,-3.3451244298366665,False,2482,243.04,242.9655849025221,vertical,-0.003768445262274711,2
2018-11-29 14:30:00-05:00,QQQ,1,1.0,0.1,2482,160.09,160.15409159271277,5.543869276551308,-4.42353619191798,False,2482,159.42,159.3561766399508,vertical,-0.004982170263817864,1
2018-11-30 09:30:00-05:00,GLD,1,1.0,0.1,2484,115.175,115.19462891730464,7.697274291420597,2.4298883553793265,False,2489,115.53,115.51031058114864,vertical,0.002740419990159726,6
2018-11-30 09:30:00-05:00,TLT,1,1.0,0.1,2484,91.52,91.53596378037717,9.686735344834876,1.14348302274973,False,2489,91.67,91.65401005521005,vertical,0.0012896163426663332,6
2018-11-30 14:30:00-05:00,DIA,1,1.0,0.1,2489,220.7,220.75950346974952,4.018354849516141,-0.2371758254029933,False,2489,220.76,220.70048035350294,vertical,-0.0002673638747998641,1
2018-11-30 14:30:00-05:00,SPY,1,1.0,0.1,2489,244.75,244.8217419269706,3.623411933769588,-0.9183595896784925,False,2489,244.64,244.5682903165921,vertical,-0.0010352495999071953,1
2018-12-03 09:30:00-05:00,DIA,1,1.0,0.1,2491,223.95,224.00945430532332,3.9593259222993993,-2.252021604250005,False,2496,223.5,223.44066516079587,vertical,-0.0025391300840016395,6
2018-12-03 09:30:00-05:00,GLD,1,1.0,0.1,2491,116.6159,116.6357372982292,7.604242574498433,-2.0192014418339603,False,2496,116.39,116.37020112916937,vertical,-0.0022766278604718915,6
2018-12-03 09:30:00-05:00,QQQ,1,1.0,0.1,2491,163.81,163.8709645363521,5.4123464872537514,-3.3650884859052312,False,2496,163.31,163.24922154672086,vertical,-0.0037941009951967253,6
2018-12-03 09:30:00-05:00,SPY,1,1.0,0.1,2491,248.02,248.09145448556532,3.5749979422318767,-1.6188293535106908,False,2496,247.71,247.63863482533915,vertical,-0.0018252126465424512,6
2018-12-03 10:30:00-05:00,TLT,1,1.0,0.1,2492,91.79,91.80600554945997,9.647093244073133,3.7414071535633995,False,2495,92.20991172605606,92.1938329560067,upper,0.004224423056265136,4
2018-12-03 12:30:00-05:00,IWM,1,1.0,0.1,2494,139.28,139.3276387718394,6.360822070082468,1.3015504293991687,False,2496,139.58,139.53225861736547,vertical,0.0014686235073657627,3
2018-12-04 09:30:00-05:00,DIA,1,1.0,0.1,2498,222.1,222.15842833290083,3.9904190338101513,-9.911392274287518,False,2499,219.73243646247047,219.6746309696891,lower,-0.011180297690483232,2
2018-12-04 09:30:00-05:00,GLD,1,1.0,0.1,2498,117.15,117.16999286916378,7.565974864664022,-0.8320589467821616,False,2503,117.08,117.06001907706619,vertical,-0.0009385832447765807,6
2018-12-04 09:30:00-05:00,IWM,1,1.0,0.1,2498,138.08,138.12697887053423,6.418045396995709,-10.232664147440659,False,2499,136.5790887559903,136.53262053953355,lower,-0.01154270037640559,2
2018-12-04 09:30:00-05:00,SPY,1,1.0,0.1,2498,246.26,246.32986881137614,3.598853948238756,-9.3719431852522,False,2499,243.79489164740795,243.72572223581457,lower,-0.010571785663376687,2
2018-12-04 09:30:00-05:00,TLT,1,1.0,0.1,2498,93.18,93.1963327665728,9.512232881108849,4.691177837929569,False,2499,93.70593086766449,93.68950591493486,upper,0.005291765606242338,2
2018-12-04 10:30:00-05:00,QQQ,1,1.0,0.1,2499,161.99,162.0494782774903,5.465584309094461,-12.800922741484102,False,2499,159.76604405383418,159.70738235186639,lower,-0.014452968010260081,1
2018-12-04 11:30:00-05:00,DIA,-1,1.0,0.1,2500,218.91,218.8524108673781,4.033057212911885,8.087810046551928,False,2503,216.79,216.84703141958383,vertical,0.009163159043331315,4
2018-12-04 11:30:00-05:00,IWM,-1,1.0,0.1,2500,135.1,135.05403501296948,6.5354899920396505,10.530460880506249,False,2503,133.39737595448167,133.4427616588166,lower,0.011930582851509275,4
2018-12-04 11:30:00-05:00,QQQ,-1,1.0,0.1,2500,159.4,159.3414726993521,5.53932557079613,12.758343637255685,False,2503,156.9806032287404,157.03824219336434,lower,0.01445468318429266,4
2018-12-04 11:30:00-05:00,SPY,-1,1.0,0.1,2500,242.45,242.3812121606507,3.641554088882171,9.516532465038452,False,2503,239.69988833507216,239.7678959135866,lower,0.010781843294570104,4
2018-12-04 11:30:00-05:00,TLT,1,1.0,0.1,2500,93.82,93.83644494698281,9.406199208745864,4.82324923124132,False,2500,94.36575900686789,94.34921839821449,upper,0.005464544735485077,1
2018-12-04 12:30:00-05:00,TLT,1,1.0,0.1,2501,94.48,94.49656063303067,9.368010463601351,-5.871160623271104,False,2501,93.88629281208246,93.86983624517019,lower,-0.00663224548768826,1
2018-12-04 13:30:00-05:00,TLT,1,1.0,0.1,2502,93.9,93.91645896953408,9.41631341880744,-0.49825888955875347,False,2503,93.88,93.86354453610373,vertical,-0.0005634202355042639,2
2018-12-06 09:30:00-05:00,DIA,-1,1.0,0.1,2505,212.7,212.64385206370923,4.169385240464757,-12.574095168606078,False,2510,215.60275301561336,215.6596672123244,upper,-0.014182470451633788,6
2018-12-06 09:30:00-05:00,GLD,1,1.0,0.1,2505,117.57,117.59004247067533,7.539704209998051,-3.694517104512543,False,2510,117.12,117.10003424202182,vertical,-0.004167089477629116,6
2018-12-06 09:30:00-05:00,IWM,-1,1.0,0.1,2505,131.83,131.7853213345683,6.727563656495332,11.235113181226978,False,2505,130.07122656711314,130.11530916450437,lower,0.012672216853531149,1
2018-12-06 09:30:00-05:00,QQQ,-1,1.0,0.1,2505,155.24,155.18312741412007,5.713212209624083,-14.30922220730286,False,2510,157.62996366451975,157.6877118199292,upper,-0.016139540731934243,6
2018-12-06 09:30:00-05:00,SPY,-1,1.0,0.1,2505,235.85,235.78303418880304,3.7602117612926342,-12.015497884721896,False,2510,238.91063053532122,238.97846536329396,upper,-0.013552421977622853,6
2018-12-06 09:30:00-05:00,TLT,1,1.0,0.1,2505,94.76,94.77651609432748,9.35457616301919,-5.827240097649288,False,2510,94.17,94.1535867391007,vertical,-0.006572612930895172,6
2018-12-06 10:30:00-05:00,IWM,-1,1.0,0.1,2506,129.93,129.8859652658762,6.857607963224212,-13.294899127448693,False,2506,131.7800114995686,131.8246732233369,upper,-0.014926231279046798,1
2018-12-06 11:30:00-05:00,IWM,-1,1.0,0.1,2507,132.11,132.0652264394282,6.701413035720483,-8.108218571065898,False,2510,133.23,133.27515314113225,vertical,-0.009161584274108625,4
2018-12-07 09:30:00-05:00,GLD,1,1.0,0.1,2512,117.78,117.80026777455444,7.476513400271206,1.9395034727944331,False,2517,118.08,118.05968060095613,vertical,0.002202141228559329,6
2018-12-07 09:30:00-05:00,QQQ,-1,1.0,0.1,2512,156.5,156.44162814819904,5.629801293921982,14.727261164646773,False,2515,153.76832827754697,153.82568126201915,lower,0.01672155242274631,4
2018-12-07 10:30:00-05:00,DIA,-1,1.0,0.1,2513,212.55,212.4913935533665,4.148755076480248,5.2405730525260354,False,2517,211.17,211.2282259390054,vertical,0.005944558945366718,5
2018-12-07 10:30:00-05:00,SPY,-1,1.0,0.1,2513,235.99,235.92102842038415,3.7367366258764636,7.333983104088484,False,2517,233.89,233.95835782345165,vertical,0.008319184644427935,5
2018-12-07 11:30:00-05:00,IWM,-1,1.0,0.1,2514,131.78,131.73435964452375,6.692264954801618,8.025137027904098,False,2517,130.49,130.53519358010394,vertical,0.009102910339076953,4
2018-12-07 14:30:00-05:00,TLT,-1,1.0,0.1,2517,94.38,94.36320619965319,9.374037778663265,-0.03358026447503535,False,2517,94.35,94.366788462203,vertical,-3.796249294696352e-05,1
2018-12-10 09:30:00-05:00,DIA,-1,1.0,0.1,2519,209.71,209.65017015788206,4.218735275347874,-7.8897055570194174,False,2524,211.46,211.52032911360578,vertical,-0.008920378906992266,6
2018-12-10 10:30:00-05:00,IWM,-1,1.0,0.1,2520,128.66,128.61414109773267,6.884152944009812,-13.9910799317072,False,2523,130.59995114399,130.64650151236893,upper,-0.015801998110704485,4
2018-12-10 10:30:00-05:00,SPY,-1,1.0,0.1,2520,230.34,230.27085059559982,3.8450347310097985,-13.001811001886368,False,2522,233.58218263133415,233.65230535777093,upper,-0.014684684376788937,3
2018-12-10 10:30:00-05:00,TLT,1,1.0,0.1,2520,94.89,94.90715446640796,9.329111414805231,-1.812459836482238,False,2524,94.73,94.71287445881732,vertical,-0.002047053340529792,5
2018-12-10 11:30:00-05:00,GLD,1,1.0,0.1,2521,117.72,117.74043648562818,7.513184500945174,-0.6826801838196975,False,2524,117.67,117.64957219449653,vertical,-0.0007717339415735935,4
2018-12-10 13:30:00-05:00,QQQ,-1,1.0,0.1,2523,154.1,154.04063490589385,5.722297664550452,-3.369925469490205,False,2524,154.57,154.62954615571695,vertical,-0.003823090252665251,2
2018-12-11 09:30:00-05:00,DIA,-1,1.0,0.1,2526,213.74,213.67671563219025,4.120167232657854,12.745411219243692,False,2527,210.52096351105652,210.58329478309966,lower,0.014477107811856404,2
2018-12-11 09:30:00-05:00,IWM,1,1.0,0.1,2526,132.3,132.348649265647,6.652004436876538,-14.651931237720701,False,2527,130.19389005941713,130.14601525107912,lower,-0.016642663350094344,2
2018-12-11 09:30:00-05:00,QQQ,-1,1.0,0.1,2526,156.93,156.86738192933728,5.612280840680312,14.28122866458704,False,2529,154.2611897723911,154.32274293674263,lower,0.01622159407072221,4
2018-12-11 09:30:00-05:00,SPY,1,1.0,0.1,2526,237.36,237.43429054508675,3.7079050380994705,-13.476432025159674,False,2527,233.8729758990066,233.7997767464089,lower,-0.015307451128200422,2
2018-12-11 11:30:00-05:00,DIA,-1,1.0,0.1,2528,210.66,210.5976275618845,4.177652653545583,-2.2762743857154115,False,2531,211.08,211.1424967921647,vertical,-0.002587252461427214,4
2018-12-11 11:30:00-05:00,IWM,-1,1.0,0.1,2528,130.19,130.142126622112,6.760330113314954,1.44919328903435,False,2531,129.88,129.9277593848997,vertical,0.0016471779182980484,4
2018-12-11 11:30:00-05:00,SPY,-1,1.0,0.1,2528,234.27,234.19667658410236,3.75668754333653,-0.5884849596443634,False,2531,234.28,234.35332654576558,vertical,-0.000668882086407363,4
2018-12-11 11:30:00-05:00,TLT,1,1.0,0.1,2528,95.01,95.02742453574375,9.25841926067754,-2.821962064501803,False,2531,94.74,94.72262498140867,vertical,-0.003207490425255366,4
2018-12-12 09:30:00-05:00,DIA,1,1.0,0.1,2533,213.63,213.69472911538512,4.117321379998267,-5.348827541829884,False,2538,212.46,212.3956253903725,vertical,-0.0060792502013991,6
2018-12-12 09:30:00-05:00,GLD,-1,1.0,0.1,2533,117.89,117.86949965082079,7.46461026462486,0.44053659764139536,False,2538,117.79,117.8104829597915,vertical,0.0005006951858124165,6
2018-12-12 09:30:00-05:00,IWM,1,1.0,0.1,2533,132.09,132.1395672579862,6.65848916594312,-6.9167172113792175,False,2538,131.15,131.10078548046872,vertical,-0.007861247006276106,6
2018-12-12 09:30:00-05:00,QQQ,1,1.0,0.1,2533,157.67,157.7338620219843,5.578065899743731,-7.459179098930755,False,2538,156.46,156.39662807154397,vertical,-0.008477786147491506,6
2018-12-12 09:30:00-05:00,SPY,1,1.0,0.1,2533,237.3,237.37595328012966,3.7065670082486992,-7.084521765528424,False,2538,235.54,235.46461004803314,vertical,-0.008051966535299937,6
2018-12-12 12:30:00-05:00,TLT,-1,1.0,0.1,2536,94.29,94.27255928190765,9.355029972790433,-0.5134520882507821,False,2538,94.31,94.32744441747046,vertical,-0.0005821963037906386,3
2018-12-13 09:30:00-05:00,GLD,-1,1.0,0.1,2540,117.44,117.41967734865148,7.470312307743361,-1.0507936073516393,False,2545,117.54,117.56033995605846,vertical,-0.0011979474870240647,6
2018-12-13 10:30:00-05:00,IWM,-1,1.0,0.1,2541,129.95,129.90045570115527,6.75204857668318,3.721453820977684,False,2545,129.3,129.34929648203635,vertical,0.004242935224083366,5
2018-12-13 10:30:00-05:00,TLT,-1,1.0,0.1,2541,94.11,94.09255225234514,9.32161117997117,-0.23204884538685575,False,2545,94.1,94.11744589368104,vertical,-0.0002645654809014797,5
2018-12-14 09:30:00-05:00,DIA,-1,1.0,0.1,2547,210.82,210.755728336817,4.163139616321571,8.21011469153178,False,2552,208.72,208.7836314464451,vertical,0.009357263529369941,6
2018-12-14 09:30:00-05:00,GLD,-1,1.0,0.1,2547,116.92,116.89981710585538,7.5056192877632935,-1.654214924439167,False,2552,117.1,117.1202139659967,vertical,-0.0018853482032545887,6
2018-12-14 09:30:00-05:00,QQQ,-1,1.0,0.1,2547,154.55,154.4879697927566,5.679442374592251,10.658849777535684,False,2552,152.55,152.6112274869944,vertical,0.012148145310471703,6
2018-12-14 09:30:00-05:00,SPY,-1,1.0,0.1,2547,233.37,233.294373441185,3.760937347367741,8.00886247199302,False,2552,231.09,231.16488769540453,vertical,0.009127891574793323,6
2018-12-14 10:30:00-05:00,TLT,-1,1.0,0.1,2548,94.48,94.4622918084631,9.293120613002596,0.32151164865923443,False,2552,94.41,94.42769507158127,vertical,0.0003662491796407874,5
2018-12-14 11:30:00-05:00,IWM,-1,1.0,0.1,2549,128.55,128.50055843443332,6.834401358882267,7.528628916612715,False,2552,127.35,127.39898003403279,vertical,0.008572557301084416,4
2018-12-17 09:30:00-05:00,GLD,-1,1.0,0.1,2554,117.46,117.4398310987143,7.49926910677872,-4.426449656787421,False,2556,118.00981859775116,118.0300819076613,upper,-0.005025984824951424,3
2018-12-17 09:30:00-05:00,TLT,1,1.0,0.1,2554,94.82,94.8376535761822,9.286531921168109,0.7862953572150726,False,2559,94.94,94.92232408223224,vertical,0.0008927941894092406,6
2018-12-17 10:30:00-05:00,IWM,-1,1.0,0.1,2555,127.76,127.71122780441335,6.894770393119912,11.485186006481284,False,2556,125.99734626851887,126.0454455735878,lower,0.013043349903241519,2
2018-12-17 12:30:00-05:00,DIA,-1,1.0,0.1,2557,206.37,206.30729381231316,4.272459333301921,10.786077058539828,False,2559,203.7208332555897,203.78273448544792,lower,0.012236888382443412,3
2018-12-17 12:30:00-05:00,GLD,1,1.0,0.1,2557,118.0,118.02026162397169,7.468544052080336,-1.422738908137004,False,2559,117.85,117.82976413232997,vertical,-0.0016141083659741984,3
2018-12-17 12:30:00-05:00,IWM,-1,1.0,0.1,2557,125.96,125.91191495181516,7.000445695024131,11.562916261001895,False,2559,124.21275689849128,124.26017493914415,lower,0.013118218504603929,3
2018-12-17 12:30:00-05:00,QQQ,-1,1.0,0.1,2557,150.86,150.79998817803846,5.845090133137332,12.364256487930348,False,2558,148.62554172452832,148.68466468322455,lower,0.01402734522973903,2
2018-12-17 12:30:00-05:00,SPY,-1,1.0,0.1,2557,228.4,228.32606684638532,3.8604419335515447,10.335075110394403,False,2559,225.57587377594533,225.64889275899105,lower,0.011725223161643816,3
2018-12-17 14:30:00-05:00,QQQ,-1,1.0,0.1,2559,148.63,148.57087526781024,5.958002598720446,-4.876791492670858,False,2559,149.33,149.38940319086254,vertical,-0.005509343076675277,1
2018-12-18 09:30:00-05:00,DIA,-1,1.0,0.1,2561,206.9,206.83650975907344,4.280541578068551,11.41037588366161,False,2565,204.10823783846962,204.1708713870219,lower,0.01288765883332943,5
2018-12-18 09:30:00-05:00,IWM,-1,1.0,0.1,2561,125.71,125.66191861706442,7.045668963437785,11.758772531845391,False,2565,123.94557581116592,123.99298233963421,lower,0.01328116183325223,5
2018-12-18 09:30:00-05:00,QQQ,-1,1.0,0.1,2561,150.73,150.67039565321215,5.87621925360903,2.4151313341578264,False,2566,150.2,150.25939476472854,vertical,0.0027278144900447776,6
2018-12-18 09:30:00-05:00,SPY,-1,1.0,0.1,2561,228.39,228.31538486913115,3.8778476553114674,10.612904063555657,False,2565,225.50490956519246,225.5785821355273,lower,0.011986939623768955,5
2018-12-18 10:30:00-05:00,TLT,1,1.0,0.1,2562,95.5,95.51761193201854,9.286875809081545,-0.04856475660577428,False,2566,95.53,95.51238253543737,vertical,-5.474798286297933e-05,5
2018-12-18 12:30:00-05:00,GLD,1,1.0,0.1,2564,118.15,118.17009611192687,7.496004050461322,-0.3762283633696525,False,2566,118.14,118.1199055889713,vertical,-0.00042473116809538247,3
2018-12-18 14:30:00-05:00,DIA,-1,1.0,0.1,2566,204.38,204.31728305731963,4.353503662713295,-3.6815613898563915,False,2566,205.1,205.16293788503646,vertical,-0.004138929487818244,1
2018-12-18 14:30:00-05:00,IWM,-1,1.0,0.1,2566,124.05,124.00255353151572,7.1732074446321885,-2.4029149721939733,False,2566,124.29,124.33753826334473,vertical,-0.0027014341421918164,1
2018-12-18 14:30:00-05:00,SPY,-1,1.0,0.1,2566,225.55,225.47631269859684,3.9449644599018026,-3.698927663006228,False,2566,226.34,226.41394539481087,vertical,-0.0041584532095280125,1
2018-12-19 09:30:00-05:00,DIA,-1,1.0,0.1,2568,206.75,206.68799300931389,4.296191402434781,11.367129500739455,False,2572,203.9809545086905,204.04213102693168,lower,0.012801236994269716,5
2018-12-19 09:30:00-05:00,GLD,1,1.0,0.1,2568,118.92,118.9400947201488,7.465700953428696,-4.602384204337712,False,2571,118.34362157187564,118.32362424630482,lower,-0.00518303331853287,4
2018-12-19 09:30:00-05:00,QQQ,-1,1.0,0.1,2568,151.76,151.70088362168042,5.85343445175694,13.051065566229887,False,2571,149.41303908771093,149.47124123415654,lower,0.014697622942555055,4
2018-12-19 09:30:00-05:00,SPY,-1,1.0,0.1,2568,228.34,228.26682516727251,3.8900579525842818,10.880962676287004,False,2571,225.39747233913056,225.4697041966046,lower,0.01225373406152297,4
2018-12-19 09:30:00-05:00,TLT,1,1.0,0.1,2568,95.89,95.90755260237958,9.258615765481254,4.295813428076592,False,2571,96.3891766743352,96.37153269798875,upper,0.0048377847522893536,4
2018-12-19 11:30:00-05:00,IWM,-1,1.0,0.1,2570,125.52,125.47234822595038,7.06938107976892,11.298127040074634,False,2571,123.8271614343619,123.87417054779303,lower,0.012737289934825813,2
2018-12-19 13:30:00-05:00,GLD,1,1.0,0.1,2572,117.79,117.80990377637343,7.569474920051186,-3.1015547382958086,False,2573,117.42,117.40015874503976,vertical,-0.0034780185553113796,2
2018-12-19 13:30:00-05:00,QQQ,-1,1.0,0.1,2572,150.35,150.29143287111,5.933532570240881,12.698778733780568,False,2572,148.09357296620718,148.15126112966374,lower,0.014240144634735663,1
2018-12-19 13:30:00-05:00,TLT,1,1.0,0.1,2572,96.4,96.41764595754918,9.248920185849864,4.233312913222037,False,2572,96.89309105658322,96.87535483903555,upper,0.004747148480350738,1
2018-12-19 14:30:00-05:00,DIA,-1,1.0,0.1,2573,201.49,201.42957055113254,4.438906368414961,-2.7566001576687027,False,2573,201.99,202.05057940531412,vertical,-0.003083007388053449,1
2018-12-19 14:30:00-05:00,IWM,-1,1.0,0.1,2573,121.22,121.17398065606841,7.378869610996269,-4.886693882787858,False,2573,121.79,121.83623573583097,vertical,-0.005465324124675375,1
2018-12-19 14:30:00-05:00,QQQ,-1,1.0,0.1,2573,146.41,146.35296765320396,6.109387584303889,-2.652630999352631,False,2573,146.73,146.78715699914883,vertical,-0.0029667273093751945,1
2018-12-19 14:30:00-05:00,SPY,-1,1.0,0.1,2573,222.34,222.26874795345262,4.022729293880579,-2.625504791774187,False,2573,222.85,222.9214154833727,vertical,-0.002936389105214099,1
2018-12-19 14:30:00-05:00,TLT,1,1.0,0.1,2573,96.86,96.87773016025118,9.229437993927858,-1.0654987134239295,False,2573,96.78,96.76228448369699,vertical,-0.0011916637225420912,1
2018-12-20 09:30:00-05:00,GLD,1,1.0,0.1,2575,119.19,119.21032791390218,7.487477187671576,-0.15468557933686417,False,2580,119.21,119.18966867508786,vertical,-0.0001733007464691516,6
2018-12-20 09:30:00-05:00,TLT,1,1.0,0.1,2575,97.31,97.32787817101787,9.170903831087351,-5.308865770288246,False,2579,96.76677512542788,96.74899675779311,lower,-0.005947745128149107,5
2018-12-20 10:30:00-05:00,DIA,-1,1.0,0.1,2576,199.94,199.87849454793488,4.464048855059597,12.991843351593785,False,2578,196.90759460060107,196.96816722549335,lower,0.014560482502251282,3
2018-12-20 10:30:00-05:00,IWM,-1,1.0,0.1,2576,119.9,119.85367687647482,7.4446390631581965,0.35293426997921096,False,2580,119.76,119.80626903480714,vertical,0.0003955476619756926,5
2018-12-20 10:30:00-05:00,QQQ,-1,1.0,0.1,2576,144.99,144.93261088166236,6.156429248806413,2.064865629855849,False,2580,144.54,144.59721100189338,vertical,0.002314178139265155,5
2018-12-20 12:30:00-05:00,SPY,-1,1.0,0.1,2578,219.72,219.64762001320915,4.0681330972713265,0.957496983313526,False,2580,219.34,219.41225480749458,vertical,0.0010715581880669234,3
2018-12-20 13:30:00-05:00,DIA,-1,1.0,0.1,2579,198.06,197.99907287268172,4.5196558004696055,0.12741763146047763,False,2580,197.91,197.97088098438633,vertical,0.00014238394092647155,2
2018-12-20 14:30:00-05:00,TLT,1,1.0,0.1,2580,96.53,96.54773486638943,9.25168843655423,-1.5306534450541702,False,2580,96.4,96.38228901771532,vertical,-0.0017136170921365768,1
2018-12-21 09:30:00-05:00,DIA,-1,1.0,0.1,2582,200.51,200.4460434886043,4.4577315198947405,13.070042598201312,False,2583,197.4510685635735,197.51404937010028,lower,0.014627348424917641,2
2018-12-21 09:30:00-05:00,SPY,-1,1.0,0.1,2582,221.72,221.6442639119678,4.031390798600749,12.465794363695421,False,2583,218.47745335247393,218.5520818372302,lower,0.013951103539344367,2
2018-12-21 10:30:00-05:00,IWM,-1,1.0,0.1,2583,119.13,119.08269927897271,7.512456283003456,14.375036587583333,False,2584,117.12270201548196,117.16920573624074,lower,0.016068610758051993,2
2018-12-21 10:30:00-05:00,TLT,1,1.0,0.1,2583,96.18,96.19794293965755,9.29961228959429,1.8047870360221947,False,2587,96.41,96.39201415250173,vertical,0.0020174154136114453,5
2018-12-21 11:30:00-05:00,DIA,-1,1.0,0.1,2584,196.71,196.64725557150942,4.564170910733121,10.567376656436796,False,2587,194.27,194.33196614367785,vertical,0.011773820189367679,4
2018-12-21 11:30:00-05:00,GLD,-1,1.0,0.1,2584,118.9,118.8794977240866,7.5499282949370405,0.898615398138219,False,2587,118.74,118.76047468664387,vertical,0.0010012074388047187,4
2018-12-21 11:30:00-05:00,QQQ,-1,1.0,0.1,2584,141.19,141.13286115285365,6.359480536449375,7.416682583718842,False,2587,139.91,139.9666208379081,vertical,0.00826342146980541,4
2018-12-21 11:30:00-05:00,SPY,-1,1.0,0.1,2584,217.31,217.23577029906966,4.131601726176809,9.884477941620673,False,2587,214.77,214.8433620766132,vertical,0.011012957116421584,4
2018-12-24 09:30:00-05:00,DIA,-1,1.0,0.1,2589,191.69,191.62780556710715,4.699646404386263,12.71973086584796,False,2591,188.86,188.92127623035185,vertical,0.014123886294817867,3
2018-12-24 09:30:00-05:00,GLD,1,1.0,0.1,2589,119.8,119.82070312670623,7.5160878204958435,1.342040528667738,False,2591,120.02,119.99925885419628,vertical,0.0014901909505675714,3
2018-12-24 09:30:00-05:00,IWM,-1,1.0,0.1,2589,115.77,115.72410007948383,7.782155374682796,9.795674460993638,False,2591,114.42,114.46536467915229,vertical,0.010877037708368453,3
2018-12-24 09:30:00-05:00,SPY,-1,1.0,0.1,2589,212.08,212.00573976983236,4.247917666717977,12.0323244613978,False,2591,209.1,209.17321677729183,vertical,0.013360595782056173,3
2018-12-24 09:30:00-05:00,TLT,-1,1.0,0.1,2589,96.6,96.58198521883787,9.324543550987503,-2.9473183147165423,False,2591,96.88,96.8980669979191,vertical,-0.003272678423052122,3
2018-12-24 11:30:00-05:00,QQQ,-1,1.0,0.1,2591,137.87,137.81340402844768,6.544057473465272,8.555641650336463,False,2591,136.45,136.50601305808598,vertical,0.009486674968799291,1
2018-12-26 09:30:00-05:00,GLD,1,1.0,0.2,2593,120.77,120.79092826608728,14.980143786727504,-14.467889922184126,False,2596,119.84589191711122,119.82512378996451,lower,-0.007995670618535344,4
2018-12-26 10:30:00-05:00,QQQ,-1,1.0,0.2,2594,138.77,138.71012946010404,13.046217037035603,-34.521876989530675,False,2595,141.29529103791344,141.35625108229766,upper,-0.019076628595856793,2
2018-12-26 10:30:00-05:00,SPY,-1,1.0,0.2,2594,211.03,210.9523593339651,8.578441406796136,-28.57738141521484,False,2594,214.20485287825534,214.28366161372128,upper,-0.015791728000928984,1
2018-12-26 11:30:00-05:00,DIA,-1,1.0,0.1,2595,192.31,192.2447940485542,4.674691617271537,-14.95290506883309,False,2597,195.3772414640967,195.443487415532,upper,-0.016638647526496353,3
2018-12-26 11:30:00-05:00,IWM,-1,1.0,0.1,2595,116.71,116.66218283350356,7.703311436281313,-16.03155634898213,False,2597,118.6946778294092,118.7433081367694,upper,-0.01783890248510045,3
2018-12-26 11:30:00-05:00,SPY,-1,1.0,0.1,2595,213.31,213.2315204924802,4.214597940901342,-14.771983988290875,False,2598,216.6567665317746,216.73647735798176,upper,-0.016437329984828164,4
2018-12-26 11:30:00-05:00,TLT,-1,1.0,0.1,2595,96.52,96.50180383689742,9.312625168352113,4.255127314736978,False,2597,96.02678037500485,96.0448835552568,lower,0.00473483669189112,3
2018-12-26 14:30:00-05:00,DIA,-1,1.0,0.1,2598,195.41,195.3437429412302,4.571090794039068,-13.271948800455085,False,2598,198.18,198.24719627402385,vertical,-0.014863303472520961,1
2018-12-26 14:30:00-05:00,IWM,-1,1.0,0.1,2598,119.01,118.96124050222998,7.506091742671875,-7.340053538116222,False,2598,119.89,119.9391200419095,vertical,-0.008220152509768042,1
2018-12-26 14:30:00-05:00,QQQ,-1,1.0,0.1,2598,142.84,142.77837351071025,6.25398625209027,-13.972426632332475,False,2598,144.95,145.01253682177645,vertical,-0.015647771130398835,1
2018-12-26 14:30:00-05:00,TLT,-1,1.0,0.1,2598,95.9,95.88192072066374,9.312850413512349,0.035844995618425454,False,2598,95.86,95.87807173844811,vertical,4.0142940261334026e-05,1
2018-12-27 09:30:00-05:00,DIA,-1,1.0,0.1,2600,193.95,193.88192344824628,4.58717871125919,-17.529623489134583,False,2604,197.6339927830002,197.7033624181535,upper,-0.019710135436774134,5
2018-12-27 09:30:00-05:00,GLD,1,1.0,0.1,2600,120.37,120.3911590709707,7.387345039310521,0.8691487184986042,False,2605,120.53,120.50881280365458,vertical,0.0009772622308130696,6
2018-12-27 09:30:00-05:00,IWM,1,1.0,0.1,2600,118.04,118.08925336927183,7.531346048557571,15.44938784332999,False,2605,120.19074899850561,120.14059820772722,upper,0.01737113903193821,6
2018-12-27 09:30:00-05:00,QQQ,1,1.0,0.1,2600,141.33,141.3920683206714,6.290105536349623,18.620386231337175,False,2605,144.4157579303409,144.35233442808925,upper,0.020936578286018692,6
2018-12-27 09:30:00-05:00,SPY,-1,1.0,0.1,2600,215.04,214.95878434220256,4.137402593066164,-17.054317110118117,False,2605,218.99806018964122,219.08077071565805,upper,-0.01917570564082416,6
2018-12-27 09:30:00-05:00,TLT,1,1.0,0.1,2600,96.88,96.89843909192223,9.178383471131891,-6.298770765715775,False,2604,96.23049311196385,96.21217764016149,lower,-0.007082275609308075,5
2018-12-27 14:30:00-05:00,DIA,1,1.0,0.1,2605,197.5,197.56932260361614,4.492235287747993,12.759335469793232,False,2605,200.48,200.40963141482038,vertical,0.014376264360144386,1
2018-12-27 14:30:00-05:00,TLT,-1,1.0,0.1,2605,96.09,96.07171126813783,9.238181261280188,1.9720756492456564,False,2605,95.84,95.85824114956469,vertical,0.0022219872609258173,1
2018-12-28 09:30:00-05:00,GLD,1,1.0,0.1,2607,120.9,120.9214860694236,7.362213473653406,0.41972044819147725,False,2612,121.0,120.97849615880683,vertical,0.00047146368471273625,6
2018-12-28 09:30:00-05:00,TLT,-1,1.0,0.1,2607,96.53,96.51159551609629,9.2242780697375,-1.7234416711669085,False,2612,96.68,96.69843308301886,vertical,-0.001935907969642825,6
2018-12-28 11:30:00-05:00,QQQ,1,1.0,0.1,2609,146.01,146.07613760690413,6.095113501778145,-3.852408752070397,False,2612,145.51,145.4440888762371,vertical,-0.004326844486865489,4
2018-12-28 13:30:00-05:00,IWM,1,1.0,0.1,2611,121.48,121.53242516954025,7.329427701622229,-6.043403533833387,False,2612,120.76,120.70788554927825,vertical,-0.006784523711361401,2
2018-12-31 10:30:00-05:00,TLT,1,1.0,0.1,2615,96.85,96.86841194123087,9.178738691236536,1.4974019535548742,False,2619,97.05,97.03155003720745,vertical,0.001684120681936463,5
2019-01-02 09:30:00-05:00,GLD,1,1.0,0.1,2621,121.55,121.57160149405817,7.314862763261651,-1.9981433703279565,False,2626,121.32,121.29843938083802,vertical,-0.0022469237047395563,6
2019-01-02 10:30:00-05:00,IWM,1,1.0,0.1,2622,122.36,122.41409174384242,7.265107679405818,-0.4954888475730533,False,2626,122.4,122.34589057333842,vertical,-0.0005571349632419453,5
2019-01-02 12:30:00-05:00,DIA,1,1.0,0.1,2624,202.61,202.68555957538481,4.38559047695319,-2.328649590929143,False,2626,202.23,202.15458213844298,vertical,-0.0026197102450427057,3
2019-01-02 12:30:00-05:00,QQQ,1,1.0,0.1,2624,147.69,147.7590246967431,6.0158481806040855,-3.4762202973617096,False,2626,147.25,147.18118094254572,vertical,-0.003910717165217625,3
2019-01-02 12:30:00-05:00,SPY,1,1.0,0.1,2624,223.8,223.89021942395834,3.9702308666129076,-2.6610127630836775,False,2626,223.31,223.21997810739887,vertical,-0.002993615881407896,3
2019-01-02 14:30:00-05:00,TLT,1,1.0,0.1,2626,97.51,97.52858283361472,9.090498647830161,0.025696201849216085,False,2626,97.55,97.53140954344052,vertical,2.8983398955073625e-05,1
2019-01-03 09:30:00-05:00,DIA,-1,1.0,0.1,2628,197.65,197.57521920840566,4.495433195168845,4.139589317401536,False,2633,196.58,196.65437595755938,vertical,0.0046607224050448925,6
2019-01-03 09:30:00-05:00,GLD,1,1.0,0.1,2628,121.7733,121.79509382424885,7.2924628659828175,4.543153550842976,False,2633,122.44,122.41808685614147,vertical,0.0051150913582085344,6
2019-01-03 09:30:00-05:00,IWM,-1,1.0,0.1,2628,120.51,120.45584890653737,7.373541484576465,1.8570970529426398,False,2633,120.15,120.2039893276868,vertical,0.002090887085491322,6
2019-01-03 09:30:00-05:00,QQQ,-1,1.0,0.1,2628,143.85,143.78204286870573,6.177309636525844,8.616164203409308,False,2633,142.32,142.38723433386028,vertical,0.009700853507270901,6
2019-01-03 09:30:00-05:00,SPY,-1,1.0,0.1,2628,219.2,219.11038704583285,4.053601524543151,4.788641431303212,False,2633,217.84,217.9290569613858,vertical,0.005391483719117018,6
2019-01-03 09:30:00-05:00,TLT,1,1.0,0.1,2628,98.15,98.1687939233641,9.047541112357907,5.512807546510549,False,2630,98.79702729693261,98.77810947971794,upper,0.006206815139539135,3
2019-01-04 09:30:00-05:00,DIA,1,1.0,0.1,2635,201.91,201.98849018711346,4.411795659529721,4.2026241598574865,False,2640,203.02,202.94107831317038,vertical,0.0047160515194428765,6
2019-01-04 09:30:00-05:00,GLD,-1,1.0,0.1,2635,121.19,121.16824819531952,7.354500519360412,-2.3795770696652148,False,2640,121.47,121.49180206052098,vertical,-0.0026702859042733174,6
2019-01-04 09:30:00-05:00,IWM,1,1.0,0.1,2635,124.37,124.42692670265671,7.161889856943977,1.475350199436208,False,2640,124.69,124.6329268267728,vertical,0.0016555911937643497,6
2019-01-04 09:30:00-05:00,QQQ,1,1.0,0.1,2635,147.11,147.18109681217152,6.054663021160299,8.640292394553756,False,2640,148.68,148.60814442231217,vertical,0.009695862043763714,6
2019-01-04 09:30:00-05:00,SPY,1,1.0,0.1,2635,223.94,224.03390482647262,3.977665545635616,4.580792784895423,False,2640,225.28,225.18553327093085,vertical,0.0051404203544558325,6
2019-01-04 09:30:00-05:00,TLT,1,1.0,0.1,2635,97.39,97.40889562195765,9.148363079086097,1.1177260774285516,False,2640,97.55,97.53107333481907,vertical,0.0012542767483534334,6
2019-01-07 09:30:00-05:00,GLD,1,1.0,0.1,2642,121.9,121.92198992499618,7.323499769700363,-0.8346389275260322,False,2647,121.83,121.80802270252433,vertical,-0.0009347552688564464,6
2019-01-07 09:30:00-05:00,IWM,1,1.0,0.1,2642,125.62,125.67816493996592,7.104620484899973,8.050183955448775,False,2647,126.87,126.81125628137656,vertical,0.009015817043094954,6
2019-01-07 10:30:00-05:00,QQQ,1,1.0,0.1,2643,149.47,149.54325891416912,5.973977199285114,3.662703231152004,False,2647,150.23,150.15636859118467,vertical,0.0040998817430308865,5
2019-01-07 10:30:00-05:00,SPY,1,1.0,0.1,2643,226.68,226.77637032544143,3.9394228674618317,0.14639512814195582,False,2647,226.91,226.81353189277434,vertical,0.00016386878085916656,5
2019-01-07 11:30:00-05:00,DIA,1,1.0,0.1,2644,204.57,204.65045434988707,4.371885318730213,-3.5877838900669254,False,2647,203.91,203.8298052183337,vertical,-0.004010003956064212,4
2019-01-07 14:30:00-05:00,TLT,-1,1.0,0.1,2647,97.15,97.13117461933679,9.208064323102175,-1.3597739812954721,False,2647,97.26,97.27884669607108,vertical,-0.0015203365686973225,1
2019-01-08 09:30:00-05:00,GLD,-1,1.0,0.1,2649,121.39,121.36801621907661,7.3619344002119735,-1.2809111005118596,False,2654,121.52,121.542007323979,vertical,-0.0014335828360936276,6
2019-01-08 11:30:00-05:00,IWM,1,1.0,0.1,2651,128.31,128.3692873468671,6.960029763617802,2.374850945353823,False,2654,128.77,128.71050010399753,vertical,0.0026580560208955273,4
2019-01-08 13:30:00-05:00,QQQ,1,1.0,0.1,2653,151.43,151.5039766505816,5.89712149678932,0.6600039716102089,False,2654,151.69,151.61589633410338,vertical,0.0007387243952012845,2
2019-01-08 14:30:00-05:00,DIA,1,1.0,0.1,2654,206.24,206.32060932716735,4.3317874491343344,-1.2179762667477536,False,2654,206.12,206.03943757507892,vertical,-0.0013627904308994854,1
2019-01-08 14:30:00-05:00,SPY,1,1.0,0.1,2654,229.05,229.14666675608848,3.900283772979757,-0.7540555603167715,False,2654,229.05,228.95333324391157,vertical,-0.0008437107766560148,1
2019-01-09 09:30:00-05:00,GLD,1,1.0,0.1,2656,122.09,122.11201403016926,7.316901387499007,1.2141232606152708,False,2661,122.3,122.27794810476122,vertical,0.0013588677241123115,6
2019-01-09 09:30:00-05:00,IWM,1,1.0,0.1,2656,129.72,129.77928483044846,6.884623890900172,0.07828455091225921,False,2661,129.85,129.7906557567551,vertical,8.761742154361762e-05,6
2019-01-09 09:30:00-05:00,TLT,-1,1.0,0.1,2656,96.82,96.80137356171716,9.230050483922021,-0.25152766956509093,False,2661,96.81,96.82862451446148,vertical,-0.00028151411226562395,6
2019-01-09 12:30:00-05:00,QQQ,1,1.0,0.1,2659,153.21,153.2835939957667,5.82913933572668,-2.9554614681652365,False,2661,152.85,152.77657892922826,vertical,-0.0033076929717111847,3
2019-01-10 10:30:00-05:00,GLD,-1,1.0,0.1,2664,121.78,121.75820354864565,7.336590724239211,1.111067963794021,False,2668,121.585,121.60676154982689,vertical,0.0012437929798977398,5
2019-01-10 12:30:00-05:00,TLT,-1,1.0,0.1,2666,96.44,96.42149992330448,9.265251961240585,1.7886009983802602,False,2668,96.21,96.22845595581579,vertical,0.0020020842617283208,3
2019-01-11 09:30:00-05:00,GLD,1,1.0,0.1,2670,122.03,122.05180084608358,7.32131822272833,-2.076024325333205,False,2675,121.79,121.76824203028339,vertical,-0.002323266136464275,6
2019-01-11 09:30:00-05:00,TLT,-1,1.0,0.1,2670,96.84,96.82155091461235,9.22914439202999,2.0594961419613353,False,2675,96.58,96.59839955252727,vertical,0.002304769547452068,6
2019-01-11 13:30:00-05:00,IWM,1,1.0,0.1,2674,130.73,130.78740626273645,6.832491605812787,-1.740584400860507,False,2675,130.59,130.53265521417612,vertical,-0.001947825527242042,2
2019-01-14 09:30:00-05:00,QQQ,-1,1.0,0.1,2677,151.5,151.43214372780545,5.899700951197546,-0.5055462569839789,False,2682,151.45,151.51783387738521,vertical,-0.0005658649971553853,6
2019-01-14 09:30:00-05:00,TLT,-1,1.0,0.1,2677,96.4,96.38179944383045,9.269430198939968,1.4241066851222322,False,2682,96.21,96.22816468370408,vertical,0.001594022533433881,6
2019-01-14 10:30:00-05:00,IWM,-1,1.0,0.1,2678,129.39,129.33410601130288,6.907206113745442,-0.08112361152112345,False,2682,129.29,129.3458507906225,vertical,-9.080960685348138e-05,5
2019-01-14 13:30:00-05:00,GLD,1,1.0,0.1,2681,122.095,122.1167616182156,7.312475422499908,-0.3182625967108963,False,2682,122.095,122.07323838178439,vertical,-0.0003564067360980472,2
2019-01-15 09:30:00-05:00,QQQ,1,1.0,0.1,2684,153.54,153.60820614583716,5.81646190807379,4.322775826487794,False,2689,154.42,154.35140293708363,vertical,0.004838262290107531,6
2019-01-15 09:30:00-05:00,TLT,-1,1.0,0.1,2684,95.97,95.9518053024472,9.311510888185666,0.49935461221340244,False,2689,95.88,95.89817763469169,vertical,0.0005589021236908076,6
2019-01-15 10:30:00-05:00,SPY,1,1.0,0.1,2685,231.44,231.53040717590605,3.858861940155423,2.773881480653288,False,2689,232.34,232.24924125799336,vertical,0.003104707026845066,5
2019-01-15 11:30:00-05:00,DIA,1,1.0,0.1,2686,208.65,208.72459353389578,4.284368037274231,-1.1959410305683518,False,2689,208.52,208.4454529418263,vertical,-0.0013373632083474307,4
2019-01-15 11:30:00-05:00,GLD,-1,1.0,0.1,2686,121.75,121.72821515127616,7.346308134218164,-1.1283149105744334,False,2689,121.86,121.88180453113335,vertical,-0.0012617401780377069,4
2019-01-15 14:30:00-05:00,IWM,-1,1.0,0.1,2689,130.36,130.3050614760088,6.858247134105542,-1.233843571141231,False,2689,130.43,130.48496802457942,vertical,-0.0013806566416740829,1
2019-01-16 09:30:00-05:00,DIA,1,1.0,0.1,2691,209.77,209.8444168796269,4.259632371197468,-0.7617207362504927,False,2696,209.74,209.66559376301217,vertical,-0.0008521699994396004,6
2019-01-16 09:30:00-05:00,GLD,1,1.0,0.1,2691,122.29,122.31197719875838,7.308033861663295,-0.6134890457110461,False,2696,122.25,122.22802998979301,vertical,-0.0006863367831013711,6
2019-01-16 09:30:00-05:00,QQQ,1,1.0,0.1,2691,155.07,155.13795675114366,5.761710994359385,-4.756932676941715,False,2696,154.38,154.31234562944758,vertical,-0.0053217867437846955,6
2019-01-16 09:30:00-05:00,SPY,1,1.0,0.1,2691,233.23,233.31988747429065,3.8310496406098644,-2.1439645467560626,False,2696,232.85,232.76025897873956,vertical,-0.002398546054556805,6
2019-01-16 10:30:00-05:00,IWM,1,1.0,0.1,2692,131.47,131.52431521800077,6.795817098560705,-1.825114092815787,False,2696,131.31,131.25575088403681,vertical,-0.0020419367591369975,5
2019-01-17 09:30:00-05:00,GLD,-1,1.0,0.1,2698,122.01,121.98802801552445,7.319160441154453,-1.0170784167676599,False,2703,122.105,122.12698909240545,vertical,-0.0011391370050126692,6
2019-01-17 13:30:00-05:00,TLT,1,1.0,0.1,2702,96.24,96.25835083765546,9.273946576904288,-4.574734516831919,False,2702,95.78332573955656,95.76506197957374,lower,-0.005124634421731056,1
2019-01-17 14:30:00-05:00,DIA,1,1.0,0.1,2703,210.95,211.02395677005742,4.22850261034703,0.43130224537725315,False,2703,211.2,211.12595558266827,vertical,0.0004833518154623295,1
2019-01-17 14:30:00-05:00,IWM,1,1.0,0.1,2703,132.6,132.6542456728644,6.726624900106591,-1.1332129729014748,False,2703,132.54,132.48577887268894,vertical,-0.0012699691541792069,1
2019-01-17 14:30:00-05:00,SPY,1,1.0,0.1,2703,234.41,234.49933203306864,3.8051935769357077,0.2710845040871547,False,2703,234.66,234.5705726936569,vertical,0.0003037989915393169,1
2019-01-17 14:30:00-05:00,TLT,1,1.0,0.1,2703,95.92,95.9382898207389,9.300930355494575,0.3107162833631382,False,2703,95.99,95.9716968318106,vertical,0.00034821353532699106,1
2019-01-18 09:30:00-05:00,DIA,1,1.0,0.1,2705,212.49,212.56317093748999,4.19771098033111,6.393462486903581,False,2710,214.16,214.08625399796293,vertical,0.007165319625951794,6
2019-01-18 09:30:00-05:00,GLD,-1,1.0,0.1,2705,121.27,121.24817929885887,7.359110559994183,1.3717380813411324,False,2710,121.04,121.06177931612207,vertical,0.0015373425301287158,6
2019-01-18 09:30:00-05:00,SPY,1,1.0,0.1,2705,236.26,236.34830101908096,3.7752704496329956,4.880852951318933,False,2710,237.73,237.6411495756111,vertical,0.005470098794684297,6
2019-01-18 10:30:00-05:00,IWM,1,1.0,0.1,2706,133.91,133.9641838673558,6.667189482783196,-0.5892183862489232,False,2710,133.93,133.8758080400645,vertical,-0.0006596974261331434,5
2019-01-18 10:30:00-05:00,QQQ,1,1.0,0.1,2706,157.52,157.58733147502858,5.667743652931902,-3.3692827368197764,False,2710,157.06,156.99286515066035,vertical,-0.0037722976764945626,5
2019-01-18 10:30:00-05:00,TLT,-1,1.0,0.1,2706,95.39,95.37168900236826,9.365091539145228,-1.4669950486561438,False,2710,95.51,95.52833403274775,vertical,-0.0016424688711931257,5
2019-01-22 09:30:00-05:00,DIA,1,1.0,0.1,2712,212.79,212.86245177756288,4.1952011965278535,-9.464644534986338,False,2714,210.678119981151,210.60638726680241,lower,-0.010598696444208966,3
2019-01-22 09:30:00-05:00,IWM,1,1.0,0.1,2712,132.34,132.3929986340277,6.745075809194376,-4.962655598129549,False,2717,131.71,131.65725366413946,vertical,-0.00555728004863798,6
2019-01-22 09:30:00-05:00,QQQ,1,1.0,0.1,2712,155.32,155.38559710220667,5.7469986217944165,-11.681212414810902,False,2716,153.4178146803286,153.3530209379264,lower,-0.01308085306608775,5
2019-01-22 09:30:00-05:00,SPY,1,1.0,0.1,2712,235.66,235.7469900964065,3.7879627308408055,-9.473780857388299,False,2716,233.33209816398323,233.2459673750754,lower,-0.010608927479024644,5
2019-01-22 09:30:00-05:00,TLT,1,1.0,0.1,2712,95.98,95.99843092842993,9.302243836244017,0.6801523483157326,False,2717,96.09,96.07154794839727,vertical,0.0007616480734133901,6
2019-01-22 12:30:00-05:00,DIA,1,1.0,0.1,2715,210.9,210.97180826114015,4.219616575244408,2.6419918340008106,False,2717,211.67,211.59792956550245,vertical,0.0029677960743801357,3
2019-01-22 12:30:00-05:00,GLD,-1,1.0,0.1,2715,121.3543,121.33248779308498,7.337030297822079,-0.7288196883447996,False,2717,121.41,121.43182221842613,vertical,-0.0008186960240241792,3
2019-01-23 09:30:00-05:00,DIA,1,1.0,0.1,2719,212.96,213.03083265797108,4.176399746464867,-9.212796135629295,False,2720,210.89506031413458,210.8249144760663,lower,-0.010354924469766491,2
2019-01-23 09:30:00-05:00,GLD,-1,1.0,0.1,2719,121.03,121.00850334496221,7.352391699000297,-2.1545280532826285,False,2724,121.28,121.30154105860518,vertical,-0.0024216291049199423,6
2019-01-23 09:30:00-05:00,QQQ,-1,1.0,0.1,2719,154.54,154.47597656232173,5.759484000691906,9.585390893337692,False,2720,152.7484158942098,152.8116971073938,lower,0.01077371052745213,2
2019-01-23 09:30:00-05:00,SPY,1,1.0,0.1,2719,235.17,235.25482894709177,3.781864625197732,-8.948409596210395,False,2720,232.97272836790214,232.8886920059149,lower,-0.010057761414576594,2
2019-01-23 09:30:00-05:00,TLT,1,1.0,0.1,2719,95.96,95.97838163041726,9.269815768804206,0.9567369573268734,False,2724,96.1,96.0815915518643,vertical,0.0010753455069130169,6
2019-01-23 11:30:00-05:00,DIA,-1,1.0,0.1,2721,211.41,211.33968288776455,4.20498973540727,-7.70016179483028,False,2724,213.1,213.17087922339235,vertical,-0.008664706554898594,4
2019-01-23 11:30:00-05:00,IWM,-1,1.0,0.1,2721,130.69,130.63830807432998,6.802607981738707,-5.603094820867008,False,2724,131.41,131.46197670787586,vertical,-0.006304954845842259,4
2019-01-23 11:30:00-05:00,QQQ,-1,1.0,0.1,2721,152.91,152.84665184511854,5.81420126969997,-8.181898644858489,False,2724,154.19,154.2538784383047,vertical,-0.009206787170007003,4
2019-01-23 11:30:00-05:00,SPY,-1,1.0,0.1,2721,233.31,233.22584197964886,3.810389061881158,-6.9307594082650805,False,2724,234.96,235.0447531972985,vertical,-0.007798926577820442,4
2019-01-24 09:30:00-05:00,GLD,1,1.0,0.1,2726,121.183,121.20430157247823,7.309005967184079,-1.0640819231356349,False,2731,121.08,121.05871653288281,vertical,-0.001201154065545773,6
2019-01-24 09:30:00-05:00,IWM,-1,1.0,0.1,2726,132.2,132.15012547164395,6.703610460299638,-0.8028016100350628,False,2731,132.22,132.2698820736705,vertical,-0.0009062163323654282,6
2019-01-24 09:30:00-05:00,QQQ,-1,1.0,0.1,2726,155.28,155.2181400328316,5.70734170151917,0.03613805816035653,False,2731,155.15,155.2118081781696,vertical,4.0793264631688864e-05,6
2019-01-24 09:30:00-05:00,TLT,1,1.0,0.1,2726,96.44,96.45836140605631,9.184097164084733,2.1419682434522356,False,2731,96.71,96.69158718809928,vertical,0.0024178907732130828,6
2019-01-24 12:30:00-05:00,DIA,-1,1.0,0.1,2729,211.86,211.79262295205118,4.187560618035294,-4.795072241189882,False,2731,212.87,212.93769825449291,vertical,-0.005406587285625042,3
2019-01-24 12:30:00-05:00,SPY,-1,1.0,0.1,2729,234.12,234.03911671042303,3.789513733987311,-4.820830122699141,False,2731,235.23,235.31126677006318,vertical,-0.005435630066978003,3
2019-01-25 09:30:00-05:00,DIA,1,1.0,0.1,2733,215.17,215.23633147126216,4.111538648856008,-3.628152189535971,False,2738,214.42,214.35389973477697,vertical,-0.004099827061970762,6
2019-01-25 09:30:00-05:00,GLD,1,1.0,0.1,2733,122.57,122.59145438408419,7.218712755535829,1.7111397061051477,False,2738,122.85,122.82849660532965,vertical,0.0019335949837318012,6
2019-01-25 09:30:00-05:00,IWM,1,1.0,0.1,2733,133.71,133.75933095066608,6.616005696144448,0.4054226648469042,False,2738,133.87,133.82061001895394,vertical,0.0004581292972409834,6
2019-01-25 09:30:00-05:00,QQQ,1,1.0,0.1,2733,156.76,156.81985408666648,5.643115156790086,1.2423995637461929,False,2738,157.1,157.04001609456938,vertical,0.0014039166735944075,6
2019-01-25 09:30:00-05:00,SPY,1,1.0,0.1,2733,237.47,237.54907665557994,3.725345970361994,-1.594684270189498,False,2738,237.2,237.12101325344858,vertical,-0.0018019998568632456,6
2019-01-25 09:30:00-05:00,TLT,1,1.0,0.1,2733,96.21,96.22828649472588,9.196386298851742,0.3992317293048426,False,2738,96.29,96.27169829979051,vertical,0.00045113351433334614,6
2019-01-28 09:30:00-05:00,DIA,-1,1.0,0.1,2740,211.87,211.8079656364709,4.177397335098863,-3.694035914762232,False,2745,212.63,212.69225688732334,vertical,-0.004174966924379797,6
2019-01-28 09:30:00-05:00,GLD,1,1.0,0.1,2740,123.0681,123.08972608947798,7.188301244242841,1.0682829163353758,False,2745,123.26,123.23834018897624,vertical,0.0012073639630185706,6
2019-01-28 09:30:00-05:00,QQQ,1,1.0,0.1,2740,154.76,154.81534861620574,5.7152345624075,1.0812965183670338,False,2745,155.06,155.00454409131,vertical,0.001222071821659565,6
2019-01-28 09:30:00-05:00,SPY,1,1.0,0.1,2740,234.89,234.96375954154092,3.7657127759997127,1.2891053397440442,False,2745,235.38,235.3060865899446,vertical,0.0014569355251705662,6
2019-01-28 10:30:00-05:00,TLT,1,1.0,0.1,2741,96.47,96.48822985575704,9.168093875021842,-2.9925108603195096,False,2745,96.18,96.16182494530204,vertical,-0.003382846912446724,5
2019-01-28 11:30:00-05:00,IWM,1,1.0,0.1,2742,132.9,132.94650046457764,6.652902600076627,1.0439175795639306,False,2745,133.15,133.10341206276516,vertical,0.0011802612151443626,4
2019-01-29 09:30:00-05:00,DIA,1,1.0,0.1,2747,213.83,213.89091027001248,4.135685970215897,-3.5633473477437576,False,2752,213.09,213.0293005217371,vertical,-0.004028267247017214,6
2019-01-29 09:30:00-05:00,GLD,1,1.0,0.1,2747,123.97,123.99152336460183,7.134242831739714,-0.4497659032941034,False,2752,123.95,123.92848010774868,vertical,-0.0005084481192134671,6
2019-01-29 09:30:00-05:00,SPY,1,1.0,0.1,2747,235.72,235.79211912735082,3.7515487796376905,-3.016381497740715,False,2752,235.06,234.98808280131055,vertical,-0.0034099372320667287,6
2019-01-29 10:30:00-05:00,QQQ,-1,1.0,0.1,2748,153.46,153.40645296622023,5.760382280630771,-1.1355180725017582,False,2752,153.55,153.60357843761818,vertical,-0.0012849881317662515,5
2019-01-29 12:30:00-05:00,TLT,1,1.0,0.1,2750,96.44,96.45817551009183,9.16285464696906,1.6823689962323662,False,2752,96.66,96.64178302773252,vertical,0.0019034935781205853,3
2019-01-30 09:30:00-05:00,DIA,1,1.0,0.1,2754,215.44,215.4986971828681,4.101822349430727,8.284014508883198,False,2758,217.57757043608328,217.51829086664452,upper,0.009371721083133222,5
2019-01-30 09:30:00-05:00,QQQ,-1,1.0,0.1,2754,155.33,155.27806035980132,5.692609569759465,-10.85242755058664,False,2757,157.1319246285882,157.1844668009241,upper,-0.012277371553362837,4
2019-01-30 09:30:00-05:00,SPY,-1,1.0,0.1,2754,236.25,236.18093178533735,3.742628016986974,-7.836192005422921,False,2757,238.20505926396072,238.27469904456166,upper,-0.008865098648722869,4
2019-01-30 11:30:00-05:00,IWM,1,1.0,0.1,2756,133.73,133.77331040612307,6.602638255697257,3.19035905160915,False,2759,134.3,134.25650499108406,vertical,0.0036120402754036274,4
2019-01-30 13:30:00-05:00,GLD,1,1.0,0.1,2758,124.485,124.50645958036809,7.090963851376291,0.9363665385845058,False,2759,124.66,124.63851025192845,vertical,0.001060592936345861,2
2019-01-30 13:30:00-05:00,QQQ,1,1.0,0.1,2758,157.31,157.3626017176312,5.610423280440176,1.2605847910598333,False,2759,157.64,157.58728793613002,vertical,0.0014278247566215096,2
2019-01-30 13:30:00-05:00,SPY,1,1.0,0.1,2758,238.67,238.73977570706256,3.6980465510302296,-0.10940142962124581,False,2759,238.78,238.71019213419197,vertical,-0.00012391555945368005,2
2019-01-30 13:30:00-05:00,TLT,-1,1.0,0.1,2758,96.33,96.31190845108354,9.166787558733095,-2.7154951513976506,False,2759,96.59,96.60814037900802,vertical,-0.0030757559754404085,2
2019-01-31 09:30:00-05:00,GLD,1,1.0,0.1,2761,125.16,125.18170645186483,7.054969757843937,-3.2688501340885288,False,2766,124.74,124.71836638857765,vertical,-0.0037013400473602243,6
2019-01-31 09:30:00-05:00,IWM,1,1.0,0.1,2761,135.28,135.3225204359548,6.526283654842068,0.09742238273131615,False,2766,135.38,135.33744813261706,vertical,0.000110311991043055,6
2019-01-31 09:30:00-05:00,QQQ,1,1.0,0.1,2761,159.61,159.66142001575471,5.531412367283578,0.8688532728764776,False,2766,159.87,159.81849622255055,vertical,0.0009838081534057075,6
2019-01-31 09:30:00-05:00,SPY,1,1.0,0.1,2761,240.09,240.15776665724218,3.6773874338765684,2.222090101764253,False,2766,240.83,240.7620244738905,vertical,0.0025160869251035223,6
2019-01-31 09:30:00-05:00,TLT,1,1.0,0.1,2761,97.28,97.29855308613982,9.076734702019003,0.3891974065447216,False,2766,97.36,97.34143165638801,vertical,0.0004406907285685602,6
2019-02-01 09:30:00-05:00,DIA,1,1.0,0.1,2768,218.27,218.32631805686097,4.045247647725958,-4.661613022121404,False,2773,217.23,217.1739502840889,vertical,-0.005278189927024446,6
2019-02-01 09:30:00-05:00,SPY,1,1.0,0.1,2768,241.81,241.87610056811113,3.6513902054886396,-3.4030315905371733,False,2773,241.01,240.9441181178592,vertical,-0.0038531398846884946,6
2019-02-01 09:30:00-05:00,TLT,1,1.0,0.1,2768,96.82,96.83845029976764,9.120179245147476,-0.24535566924167393,False,2773,96.83,96.81154779460337,vertical,-0.00027780809256028327,6
2019-02-01 11:30:00-05:00,IWM,1,1.0,0.1,2770,135.83,135.87134025243006,6.496288432768962,-1.9009217737525677,False,2773,135.62,135.5787236616759,vertical,-0.0021536299723733388,4
2019-02-01 13:30:00-05:00,QQQ,1,1.0,0.1,2772,158.99,159.03998169517945,5.544771764969081,0.4989012600117472,False,2773,159.18,159.12995857450994,vertical,0.0005657500609057564,2
2019-02-04 09:30:00-05:00,GLD,-1,1.0,0.1,2775,124.16,124.13862571695786,7.106674633954065,1.0467004804014828,False,2780,123.97,123.99134157432938,vertical,0.0011864489539645806,6
2019-02-04 09:30:00-05:00,TLT,-1,1.0,0.1,2775,96.26,96.24162650619547,9.166644979964367,-1.620421840578466,False,2780,96.4,96.41840021611009,vertical,-0.0018367697672194705,6
2019-02-04 10:30:00-05:00,IWM,1,1.0,0.1,2776,136.22,136.26063107903516,6.474478526701146,5.6227898839347406,False,2780,137.17,137.1290855593066,vertical,0.006373480537952947,5
2019-02-04 10:30:00-05:00,QQQ,1,1.0,0.1,2776,160.65,160.69918533145545,5.4898631137196805,2.1491678592742356,False,2780,161.14,161.0906646479257,vertical,0.002436100193431656,5
2019-02-04 11:30:00-05:00,SPY,1,1.0,0.1,2777,241.7,241.76427700170865,3.6499195775432876,3.216226643885573,False,2780,242.71,242.64545440180095,vertical,0.0036447791667999496,4
2019-02-04 13:30:00-05:00,DIA,1,1.0,0.1,2779,218.14,218.19459572620113,4.045446008858205,2.146709328231378,False,2780,218.78,218.7252440956345,vertical,0.0024319959331131624,2
2019-02-05 09:30:00-05:00,DIA,1,1.0,0.1,2782,219.93,219.98265675097468,4.016084507572086,0.7815889632858669,False,2787,220.23,220.17727142151068,vertical,0.0008846818808825319,6
2019-02-05 09:30:00-05:00,QQQ,1,1.0,0.1,2782,162.3,162.34770369555062,5.441832065385413,1.1128787756382732,False,2787,162.6,162.55220812756298,vertical,0.0012596693846429474,6
2019-02-05 09:30:00-05:00,SPY,1,1.0,0.1,2782,243.48,243.54202254751388,3.6275831598621826,0.6017472390060525,False,2787,243.77,243.70790357972953,vertical,0.0006811187263722207,6
2019-02-05 09:30:00-05:00,TLT,-1,1.0,0.1,2782,96.88,96.86179634613264,9.12092252093992,0.12406358360763349,False,2787,96.83,96.84819425891801,vertical,0.0001404277819297972,6
2019-02-05 11:30:00-05:00,IWM,1,1.0,0.1,2784,136.8,136.8392169661315,6.454050518429326,2.9134496040167033,False,2787,137.33,137.29063109679214,vertical,0.0032988651986540773,4
2019-02-06 09:30:00-05:00,IWM,1,1.0,0.1,2789,136.7,136.73834972463376,6.4650649529481194,2.3479636277682547,False,2794,137.14,137.10152683806672,vertical,0.0026560004136684245,6
2019-02-06 09:30:00-05:00,QQQ,1,1.0,0.1,2789,161.73,161.77612203307908,5.464479562366645,1.4625858200405641,False,2794,162.09,162.04377530240654,vertical,0.001654467086760425,6
2019-02-06 09:30:00-05:00,TLT,1,1.0,0.1,2789,97.15,97.16802167373532,9.09787291437308,-4.753168191587506,False,2791,96.66350480593762,96.64557337880714,lower,-0.005376751383108558,3
2019-02-06 10:30:00-05:00,GLD,-1,1.0,0.1,2790,123.96,123.93909024020338,7.134153682111264,3.3914393297449674,False,2793,123.44288695757268,123.46370948996122,lower,0.0038355998040718875,4
2019-02-06 12:30:00-05:00,TLT,1,1.0,0.1,2792,96.69,96.70793634208408,9.143065203022303,1.408873844648317,False,2794,96.88,96.86202841223388,vertical,0.0015933756419403977,3
2019-02-07 09:30:00-05:00,IWM,-1,1.0,0.1,2796,136.66,136.62236451771793,6.473377071856046,5.388340385034793,False,2796,135.75259417592818,135.78997976317282,lower,0.006092595143433854,1
2019-02-07 09:30:00-05:00,QQQ,1,1.0,0.1,2796,160.91,160.9546092245955,5.4947670416673455,-8.681420032857856,False,2797,159.41886182142707,159.37466598641527,lower,-0.009816079488444873,2
2019-02-07 09:30:00-05:00,SPY,-1,1.0,0.1,2796,242.08,242.02120699060214,3.6542586204278225,5.2130329761535386,False,2796,240.53622513565062,240.59464321457054,lower,0.005894375099480431,1
2019-02-07 09:30:00-05:00,TLT,1,1.0,0.1,2796,97.13,97.14789801200638,9.10372843952271,3.3149430813562892,False,2801,97.53,97.51202828054173,vertical,0.003748205323910847,6
2019-02-07 10:30:00-05:00,DIA,-1,1.0,0.1,2797,217.84,217.79019950472295,4.062728733441628,-2.924119465869003,False,2801,218.46,218.5099422337414,vertical,-0.0033047526043652464,5
2019-02-07 10:30:00-05:00,IWM,-1,1.0,0.1,2797,135.38,135.34271702333277,6.537643996294838,-4.868913425807287,False,2801,136.05,136.08746749132501,vertical,-0.005502700731683019,5
2019-02-07 10:30:00-05:00,SPY,-1,1.0,0.1,2797,240.31,240.25163686348148,3.6828989510386,-3.340087856184721,False,2801,241.1,241.158555000685,vertical,-0.003774867672259985,5
2019-02-07 11:30:00-05:00,GLD,-1,1.0,0.1,2798,123.91,123.88923694840851,7.1415235617116295,0.8462755933379558,False,2801,123.75,123.77073624109794,vertical,0.0009565052641330452,4
2019-02-08 09:30:00-05:00,DIA,-1,1.0,0.1,2803,216.7,216.6509845252239,4.079847082321293,-5.500913664568791,False,2808,217.95,217.99929821286312,vertical,-0.006223436697478935,6
2019-02-08 09:30:00-05:00,GLD,-1,1.0,0.1,2803,124.1,124.07933128569225,7.1236915764970306,-1.0069628939476278,False,2808,124.2,124.22068536919438,vertical,-0.0011392234471079288,6
2019-02-08 09:30:00-05:00,QQQ,-1,1.0,0.1,2803,158.71,158.66580071552127,5.570846919192484,-8.795328435763743,False,2808,160.2,160.24461423586095,vertical,-0.00995055968721581,6
2019-02-08 09:30:00-05:00,SPY,-1,1.0,0.1,2803,239.63,239.57246143665392,3.6895012131057716,-6.683846746938204,False,2808,241.3261010739151,241.38404689519666,upper,-0.0075617433142320944,6
2019-02-08 09:30:00-05:00,TLT,1,1.0,0.1,2803,97.77,97.78810928697914,9.038960805585035,1.2089604479833935,False,2808,97.94,97.92185922505126,vertical,0.0013677525728574835,6
2019-02-08 10:30:00-05:00,IWM,-1,1.0,0.1,2804,135.34,135.30269489820168,6.533728125870468,-5.911971923716469,False,2808,136.17,136.20753388290137,vertical,-0.006687516352726464,5
2019-02-11 09:30:00-05:00,GLD,1,1.0,0.1,2810,123.62,123.64047571138903,7.1273899239324985,-0.36313885191641976,False,2815,123.61,123.5895259449539,vertical,-0.0004120799935617425,6
2019-02-11 10:30:00-05:00,TLT,1,1.0,0.1,2811,97.73,97.74791301002882,9.015806874225996,-1.8554067190707584,False,2815,97.56,97.54211814940743,vertical,-0.0021053632173229087,5
2019-02-11 11:30:00-05:00,IWM,1,1.0,0.1,2812,136.98,137.0171526761699,6.430671797060784,1.6437127826408948,False,2815,137.31,137.27275781891598,vertical,0.0018654974049139295,4
2019-02-11 11:30:00-05:00,SPY,-1,1.0,0.1,2812,241.66,241.60259199718462,3.646949033719327,0.12844418795871324,False,2815,241.51,241.5673723692789,vertical,0.0001457750416276049,4
2019-02-12 09:30:00-05:00,DIA,1,1.0,0.1,2817,219.49,219.5387569112711,4.013820859301295,4.584629242683205,False,2822,220.73,220.68096763850352,vertical,0.005202774869013549,6
2019-02-12 09:30:00-05:00,IWM,1,1.0,0.1,2817,138.59,138.62738358850407,6.356530860679177,2.1302147884467817,False,2822,139.0,138.9625058171436,vertical,0.0024174316788254657,6
2019-02-12 09:30:00-05:00,QQQ,1,1.0,0.1,2817,161.85,161.89433569048927,5.442989948704567,2.99992189031308,False,2822,162.49,162.44548899383628,vertical,0.0034044014016691992,6
2019-02-12 09:30:00-05:00,SPY,1,1.0,0.1,2817,243.61,243.66764239436597,3.6163572366714494,3.1624355477452553,False,2822,244.6,244.54212335428795,vertical,0.0035888267778561023,6
2019-02-12 09:30:00-05:00,TLT,-1,1.0,0.1,2817,97.21,97.19231480838936,9.066449787236413,-1.2274937259895307,False,2822,97.31,97.32770338438054,vertical,-0.001392996722612283,6
2019-02-13 09:30:00-05:00,DIA,1,1.0,0.1,2824,222.12,222.16862184038735,3.9715519022473207,-1.9347745134684213,False,2829,221.73,221.68146353021302,vertical,-0.002192741288751021,6
2019-02-13 09:30:00-05:00,GLD,1,1.0,0.1,2824,124.39,124.4105457276045,7.092278291438096,-3.646849243830085,False,2825,123.91681333384851,123.89634576336556,lower,-0.0041330898536910965,2
2019-02-13 09:30:00-05:00,IWM,1,1.0,0.1,2824,139.3,139.33708273876712,6.332515331500927,0.2900455244718233,False,2829,139.42,139.38288531630357,vertical,0.0003287177873698699,6
2019-02-13 09:30:00-05:00,QQQ,1,1.0,0.1,2824,163.14,163.18409054125252,5.4071092945595645,-3.720193525878374,False,2829,162.54,162.49607161594218,vertical,-0.00421621325356103,6
2019-02-13 09:30:00-05:00,SPY,1,1.0,0.1,2824,245.87,245.9273677406583,3.587865070878728,-2.205169391039897,False,2829,245.37,245.31274892209169,vertical,-0.002499188375060246,6
2019-02-13 09:30:00-05:00,TLT,-1,1.0,0.1,2824,97.02,97.00222247174864,9.096226768895288,0.22245675461667905,False,2829,96.96,96.97776653410894,vertical,0.00025211729191898513,6
2019-02-13 11:30:00-05:00,GLD,1,1.0,0.1,2826,123.89,123.91046314167474,7.109693330555179,-3.7233276225422323,False,2828,123.40714917069452,123.38676578238913,lower,-0.004226417576107644,3
2019-02-14 09:30:00-05:00,DIA,1,1.0,0.1,2831,221.13,221.17793152397542,3.982686814270177,-0.4614289678124208,False,2836,221.11,221.062072811169,vertical,-0.0005238258266008211,6
2019-02-14 09:30:00-05:00,SPY,1,1.0,0.1,2831,244.76,244.81637157091222,3.5981353119308737,-0.15385361692082178,False,2836,244.83,244.7736123071317,vertical,-0.0001746585144862811,6
2019-02-14 09:30:00-05:00,TLT,-1,1.0,0.1,2831,97.53,97.5122442117854,9.033557155908682,0.040612214903613525,False,2836,97.49,97.50774850602933,vertical,4.610401280791265e-05,6
2019-02-14 10:30:00-05:00,GLD,1,1.0,0.1,2832,123.88,123.90040464189313,7.106989096782263,0.9890161921222356,False,2836,124.06,124.03956570977348,vertical,0.001123168792568352,5
2019-02-14 10:30:00-05:00,QQQ,1,1.0,0.1,2832,162.21,162.2536005099822,5.427052602279054,2.348064285919319,False,2836,162.73,162.68625971894826,vertical,0.002666561528410938,5
2019-02-14 11:30:00-05:00,IWM,1,1.0,0.1,2833,139.98,140.01719517789985,6.299230564577018,-2.0429911896830077,False,2836,139.73,139.69287125155057,vertical,-0.0023163149778654413,4
2019-02-15 09:30:00-05:00,DIA,1,1.0,0.1,2838,224.02,224.06825726298126,3.931633976810896,3.158248550043871,False,2843,224.92,224.87154886354008,vertical,0.0035850307864715436,6
2019-02-15 09:30:00-05:00,GLD,1,1.0,0.1,2838,124.31,124.33040709090255,7.085590677233475,3.0571396562225956,False,2841,124.782350412069,124.76186577874991,upper,0.0034702587881974,4
2019-02-15 09:30:00-05:00,IWM,1,1.0,0.1,2838,141.1,141.13757805018065,6.241813027758799,4.77261625738426,False,2843,141.94,141.9021982392442,vertical,0.005417552147534366,6
2019-02-15 09:30:00-05:00,SPY,1,1.0,0.1,2838,246.97,247.02701639400323,3.5662268291126384,1.5543051463595472,False,2843,247.52,247.46285663099295,vertical,0.0017643423919857515,6
2019-02-15 13:30:00-05:00,GLD,1,1.0,0.1,2842,124.8735,124.89399959670035,7.056905028202759,-0.7373673197431386,False,2843,124.81,124.7895108276442,vertical,-0.0008366196085766164,2
2019-02-19 09:30:00-05:00,GLD,1,1.0,0.1,2845,126.28,126.30074186652222,6.984399731723118,2.643227085815461,False,2850,126.7,126.67918914722551,vertical,0.0029963979238003535,6
2019-02-19 09:30:00-05:00,SPY,1,1.0,0.1,2845,247.64,247.69717116467243,3.5613441342957985,0.6253389810320796,False,2850,247.93,247.8727618847632,vertical,0.0007088927147014257,6
2019-02-19 09:30:00-05:00,TLT,1,1.0,0.1,2845,97.95,97.96766518260073,9.00434715847079,-0.8582902675281311,False,2850,97.89,97.87234563833807,vertical,-0.0009729694393041388,6
2019-02-19 13:30:00-05:00,IWM,1,1.0,0.1,2849,142.63,142.66774964272622,6.184143506229293,-2.19800030847272,False,2850,142.35,142.31232446440384,vertical,-0.002491279067711183,2
2019-02-20 09:30:00-05:00,QQQ,1,1.0,0.1,2852,164.37,164.41334343311487,5.365477501629445,-6.611083838260206,False,2853,163.22423273324077,163.1811914324304,lower,-0.007494233588076882,2
2019-02-20 09:30:00-05:00,TLT,1,1.0,0.1,2852,97.42,97.43735724154232,9.053571649847116,1.5866212424114918,False,2857,97.63,97.61260534292983,vertical,0.0017985719886990381,6
2019-02-20 10:30:00-05:00,GLD,1,1.0,0.1,2853,127.09,127.11081715908037,6.939653678086723,-5.033659876621798,False,2855,126.40617489067745,126.38546974116576,lower,-0.005706417707997513,3
2019-02-20 11:30:00-05:00,QQQ,-1,1.0,0.1,2854,163.24,163.19695454145116,5.402218924566829,-3.383049449404989,False,2857,163.78,163.8231878534742,vertical,-0.0038372855289035,4
2019-02-20 12:30:00-05:00,IWM,1,1.0,0.1,2855,142.93,142.96751757162428,6.16470876549381,0.15373925433941832,False,2857,143.03,142.9924561794625,vertical,0.00017443548200191117,3
2019-02-20 13:30:00-05:00,GLD,1,1.0,0.1,2856,126.47,126.49071560397273,6.963991918378433,-0.21889808503556712,False,2857,126.48,126.45928275804167,vertical,-0.0002484992339633063,2
2019-02-21 09:30:00-05:00,DIA,1,1.0,0.1,2859,224.66,224.70774915382117,3.9197823190327563,-0.10000613309819119,False,2864,224.73,224.68223596840457,vertical,-0.00011353941069092155,6
2019-02-21 09:30:00-05:00,GLD,1,1.0,0.1,2859,125.93,125.95065021873035,6.993258554466834,-5.368746498043394,False,2861,125.20347816874322,125.1829470863166,lower,-0.006095269306514273,3
2019-02-21 09:30:00-05:00,IWM,1,1.0,0.1,2859,142.3,142.336707814235,6.188182062158861,0.6592761605567222,False,2864,142.48,142.44324575283062,vertical,0.0007484923617500083,6
2019-02-21 09:30:00-05:00,QQQ,-1,1.0,0.1,2859,162.45,162.40759819585224,5.423425208348972,-7.368808988359946,False,2861,163.72356418647288,163.76629840932918,upper,-0.008365989205987967,3
2019-02-21 09:30:00-05:00,SPY,1,1.0,0.1,2859,247.16,247.21577035206263,3.5629015933264756,1.0986724577583429,False,2864,247.58,247.52413487714978,vertical,0.0012473497327780692,6
2019-02-21 09:30:00-05:00,TLT,-1,1.0,0.1,2859,96.94,96.92275437215777,9.087705645474495,1.2317384202389183,False,2864,96.77,96.78721538483897,vertical,0.0013984227769504587,6
2019-02-21 12:30:00-05:00,GLD,-1,1.0,0.1,2862,125.25,125.2294612888432,7.028500876001461,1.1172179856259852,False,2864,125.05,125.07050591481163,vertical,0.0012693129268114278,3
2019-02-21 14:30:00-05:00,QQQ,-1,1.0,0.1,2864,162.72,162.67752772193955,5.404708356579344,-2.729670559101387,False,2864,163.14,163.1825819041469,vertical,-0.003104633991430017,1
2019-02-22 09:30:00-05:00,DIA,1,1.0,0.1,2866,225.73,225.77713959804723,3.8961403751213175,1.5413851187833123,False,2871,226.22,226.1727580743798,vertical,0.0017522521413677605,6
2019-02-22 09:30:00-05:00,GLD,-1,1.0,0.1,2866,125.66,125.63952968566204,7.001454331834707,0.7637452908308464,False,2871,125.51,125.53044587897945,vertical,0.0008682283908217903,6
2019-02-22 09:30:00-05:00,IWM,1,1.0,0.1,2866,143.15,143.18636565173486,6.143458040599383,3.05405978637438,False,2871,143.72,143.68348954615905,vertical,0.0034718661386610172,6
2019-02-22 09:30:00-05:00,QQQ,-1,1.0,0.1,2866,163.79,163.74785125252393,5.372036473387282,-3.5694321687112276,False,2871,164.37,164.4122980012372,vertical,-0.004057743314680673,6
2019-02-22 09:30:00-05:00,SPY,1,1.0,0.1,2866,248.43,248.48496161319318,3.5400912137962104,1.9468050445093414,False,2871,249.09,249.0348923711698,vertical,0.00221313496964326,6
2019-02-22 09:30:00-05:00,TLT,-1,1.0,0.1,2866,97.45,97.43271891247231,9.028378138124083,1.0424564892645687,False,2871,97.3,97.31725448759819,vertical,0.0011850682826355374,6
2019-02-25 09:30:00-05:00,DIA,1,1.0,0.1,2873,227.51,227.55655009970175,3.867774102471825,-2.873629314347737,False,2878,226.86,226.8135828947372,vertical,-0.0032649783301733626,6
2019-02-25 09:30:00-05:00,IWM,1,1.0,0.1,2873,144.46,144.49605574847885,6.091082049017967,-4.7628259061861336,False,2878,143.75,143.7141214603085,vertical,-0.005411457663117569,6
2019-02-25 09:30:00-05:00,QQQ,1,1.0,0.1,2873,165.65,165.69158499562138,5.311901213007997,-4.10608249470479,False,2878,164.96,164.91858822289345,vertical,-0.0046652747799375005,6
2019-02-25 09:30:00-05:00,SPY,1,1.0,0.1,2873,250.37,250.42424956878878,3.5145850804743843,-3.5437706439513894,False,2878,249.47,249.41594544104433,vertical,-0.004026383744707873,6
2019-02-25 09:30:00-05:00,TLT,-1,1.0,0.1,2873,96.96,96.94298870797407,9.078916825792714,-0.9445238890995092,False,2878,97.03,97.04702357328048,vertical,-0.0010731551264611117,6
2019-02-25 11:30:00-05:00,GLD,-1,1.0,0.1,2875,125.29,125.2696440009963,7.024032048988756,-0.9182279713647331,False,2878,125.38,125.40037062139902,vertical,-0.001043561841699514,4
2019-02-26 09:30:00-05:00,TLT,1,1.0,0.1,2880,97.17,97.18686082496376,9.038489543185849,2.6773912141116316,False,2885,97.5,97.48308191382148,vertical,0.003047954078805093,6
2019-02-26 11:30:00-05:00,IWM,1,1.0,0.1,2882,143.18,143.2154434196666,6.133719371636036,-3.5009004812219704,False,2885,142.68,142.64468035257698,vertical,-0.00398534580811305,4
2019-02-27 09:30:00-05:00,DIA,-1,1.0,0.1,2887,225.27,225.22456759584114,3.899841317271115,-3.0847978192519196,False,2892,225.97,226.01557358000525,vertical,-0.003512076824512045,6
2019-02-27 09:30:00-05:00,GLD,-1,1.0,0.1,2887,125.05,125.02982224723827,7.025044574069077,4.108877742814887,False,2889,124.4248554485185,124.44493232953133,lower,0.004678003273093978,3
2019-02-27 09:30:00-05:00,IWM,-1,1.0,0.1,2887,142.04,142.0048251785096,6.185283304779608,-5.811606407400075,False,2889,142.90902128303335,142.94441130917386,upper,-0.00661657890485845,3
2019-02-27 09:30:00-05:00,QQQ,-1,1.0,0.1,2887,163.56,163.52006298067778,5.371451419258387,-7.3662221183988095,False,2889,164.85117599622455,164.89142828652203,upper,-0.008386526282137652,3
2019-02-27 09:30:00-05:00,SPY,-1,1.0,0.1,2887,247.91,247.85730309804453,3.5437328793468668,-5.3379780809042945,False,2889,249.31062349809227,249.363618123089,upper,-0.006077347757022178,3
2019-02-27 09:30:00-05:00,TLT,-1,1.0,0.1,2887,96.65,96.63328551696905,9.089415408736606,1.6961674503956032,False,2892,96.43,96.44667643661332,vertical,0.0019311056160143947,6
2019-02-28 09:30:00-05:00,GLD,-1,1.0,0.1,2894,124.1375,124.11743399660287,7.063959431158599,0.7586115699323012,False,2899,123.99,124.01004216100057,vertical,0.0008652437626549547,6
2019-02-28 09:30:00-05:00,IWM,-1,1.0,0.1,2894,142.37,142.33510612716904,6.159833243586215,-0.6763345947165208,False,2899,142.41,142.444903676546,vertical,-0.0007714017459534706,6
2019-02-28 09:30:00-05:00,TLT,-1,1.0,0.1,2894,96.18,96.16344256946107,9.117399450609346,0.518785795156168,False,2899,96.09,96.10654193699821,vertical,0.0005917075235919445,6
2019-02-28 11:30:00-05:00,QQQ,1,1.0,0.1,2896,165.19,165.22950469526657,5.304065359207348,-3.38863723975465,False,2899,164.63,164.59062922706136,vertical,-0.003866594343325591,4
2019-03-01 09:30:00-05:00,DIA,-1,1.0,0.1,2901,226.26,226.2150146599226,3.8745516619319766,-1.0461540093793424,False,2906,226.44,226.48502112793744,vertical,-0.0011935833190417355,6
2019-03-01 09:30:00-05:00,GLD,-1,1.0,0.1,2901,123.57,123.55000147041045,7.094146099338429,3.8733908628906417,False,2902,122.9840995821951,123.00400328984692,lower,0.004419248677178578,2
2019-03-01 09:30:00-05:00,SPY,-1,1.0,0.1,2901,249.63,249.57796158398665,3.51185559591014,-2.683810677065407,False,2906,250.29,250.34217600105748,vertical,-0.003062026840112919,6
2019-03-01 09:30:00-05:00,TLT,-1,1.0,0.1,2901,95.79,95.77339010219995,9.151620925909318,4.270239769325449,False,2905,95.29025664864506,95.30677989140813,lower,0.004872023536954373,5
2019-03-01 11:30:00-05:00,IWM,1,1.0,0.1,2903,143.34,143.3751047919535,6.118300378501118,2.322997563375053,False,2906,143.79,143.75478500045352,vertical,0.0026481599371868114,4
2019-03-01 12:30:00-05:00,GLD,-1,1.0,0.1,2904,122.61,122.59015683650584,7.15503299119263,3.939902223587403,False,2906,122.01976153006322,122.03950916955068,lower,0.004491777163557531,3
2019-03-01 12:30:00-05:00,QQQ,1,1.0,0.1,2904,165.39,165.4291532159584,5.302188879705053,1.864205989186841,False,2906,165.82,165.78074498899431,vertical,0.002125331395349317,3
2019-03-04 09:30:00-05:00,DIA,1,1.0,0.1,2908,226.94,226.98458822608185,3.866940240464768,-4.856878046924624,False,2908,225.7729468686948,225.72858794035184,lower,-0.0055334165880857045,1
2019-03-04 09:30:00-05:00,GLD,-1,1.0,0.1,2908,121.315,121.29539053640227,7.236349496012727,-2.056994064597361,False,2913,121.56,121.57964906561382,vertical,-0.002343522931534947,6
2019-03-04 09:30:00-05:00,IWM,1,1.0,0.1,2908,143.85,143.88516159632354,6.10025264897912,-5.341238630392497,False,2908,143.04454968880577,143.00958497061012,lower,-0.00608524615046746,1
2019-03-04 09:30:00-05:00,QQQ,1,1.0,0.1,2908,166.88,166.91907284728953,5.258451435204064,-6.579728500320068,False,2908,165.70660362613398,165.66780551480636,lower,-0.007496251393799169,1
2019-03-04 09:30:00-05:00,SPY,1,1.0,0.1,2908,251.21,251.26198602269892,3.493309322554933,-4.806063864643283,False,2908,249.93791770063342,249.88619492581196,lower,-0.005475524247279817,1
2019-03-04 09:30:00-05:00,TLT,-1,1.0,0.1,2908,95.58,95.56363186729818,9.184831311095472,-4.835575100636726,False,2912,96.07365322024134,96.09010589135514,upper,-0.005509146249150776,5
2019-03-04 10:30:00-05:00,DIA,-1,1.0,0.1,2909,225.34,225.29572613525477,3.8840124806606395,4.7428020383622345,False,2909,224.03060067947106,224.07461727889097,lower,0.005420026723590432,1
2019-03-04 10:30:00-05:00,IWM,-1,1.0,0.1,2909,142.48,142.44517327602236,6.143075205877316,5.559128119053986,False,2909,141.50564249580592,141.54023105527023,lower,0.006352916002275388,1
2019-03-04 10:30:00-05:00,QQQ,1,1.0,0.1,2909,165.52,165.55875442044203,5.285443317159832,-7.192897151360089,False,2909,164.2363201384405,164.19786627544812,lower,-0.008219970908562635,1
2019-03-04 10:30:00-05:00,SPY,1,1.0,0.1,2909,249.45,249.501621803918,3.5071972912325564,-5.462183934913835,False,2909,247.99552126584445,247.94420045537612,lower,-0.006242129158446352,1
2019-03-04 11:30:00-05:00,DIA,-1,1.0,0.1,2910,223.54,223.49607979175843,3.9138635390860195,-4.649891173895216,False,2913,224.64,224.68413633166045,vertical,-0.005315782455822093,4
2019-03-04 11:30:00-05:00,QQQ,-1,1.0,0.1,2910,164.41,164.37150547205852,5.321683678162325,-7.545949558154664,False,2913,165.75065985851438,165.78946828505315,upper,-0.008626573133356574,4
2019-03-04 11:30:00-05:00,SPY,-1,1.0,0.1,2910,247.78,247.72872379003888,3.5310122477642047,-5.963594418506573,False,2913,249.36603857201928,249.4176430007504,upper,-0.006817615595287041,4
2019-03-04 13:30:00-05:00,IWM,-1,1.0,0.1,2912,142.5,142.465168387375,6.13132962569088,-0.3657999135854107,False,2913,142.49,142.52482916830132,vertical,-0.0004187745088968242,2
2019-03-05 09:30:00-05:00,GLD,-1,1.0,0.1,2915,121.175,121.15540934802176,7.203973445787882,-4.209061353796415,False,2920,121.72,121.73967876343131,vertical,-0.0048224789842541416,6
2019-03-05 13:30:00-05:00,QQQ,1,1.0,0.1,2919,166.19,166.22885682430473,5.249187982055408,-1.772403324859205,False,2920,165.93,165.89120396620206,vertical,-0.0020312529638554233,2
2019-03-05 14:30:00-05:00,TLT,1,1.0,0.1,2920,96.14,96.15634487228198,9.07299808119526,-0.2965939897035099,False,2920,96.14,96.12365512771802,vertical,-0.00033996450891904395,1
2019-03-06 09:30:00-05:00,DIA,-1,1.0,0.1,2922,223.97,223.92606103121886,3.8949130881567147,1.9561726197110594,False,2927,223.38,223.42382322117396,vertical,0.002242873418716873,6
2019-03-06 09:30:00-05:00,GLD,-1,1.0,0.1,2922,121.37,121.35023292488796,7.187234213466417,-2.081242389903977,False,2927,121.62,121.63980779167113,vertical,-0.0023862736791153694,6
2019-03-06 09:30:00-05:00,IWM,-1,1.0,0.1,2922,140.9,140.86602412540196,6.191503957785072,5.647691985357946,False,2923,139.920116501867,139.95385609258392,lower,0.006475429674979827,2
2019-03-06 09:30:00-05:00,QQQ,-1,1.0,0.1,2922,165.38,165.34159448754093,5.274973599916474,1.7580652913016614,False,2927,164.97,165.00831029985713,vertical,0.002015731060999948,6
2019-03-06 09:30:00-05:00,SPY,-1,1.0,0.1,2922,248.1,248.04897144217705,3.516130467379046,1.9622772791448118,False,2927,247.44,247.49089281075257,vertical,0.0022498727899565862,6
2019-03-06 10:30:00-05:00,TLT,1,1.0,0.1,2923,96.47,96.48622972765459,9.042255615609253,-0.022284660570372032,False,2927,96.5,96.48376522526517,vertical,-2.5542529709876582e-05,5
2019-03-06 11:30:00-05:00,IWM,-1,1.0,0.1,2924,139.83,139.7962821394958,6.246772765886291,4.4524020564555435,False,2927,139.05,139.0835297754639,vertical,0.005098507293067156,4
2019-03-07 09:30:00-05:00,DIA,-1,1.0,0.1,2929,221.06,221.0161301682613,3.952380549976106,-2.402426291749298,False,2934,221.58,221.62397302685542,vertical,-0.0027502194438540073,6
2019-03-07 09:30:00-05:00,IWM,-1,1.0,0.1,2929,138.48,138.4460814216071,6.309603313710626,3.6742211418059276,False,2934,137.83,137.8637593707387,vertical,0.0042061288040002864,6
2019-03-07 09:30:00-05:00,QQQ,-1,1.0,0.1,2929,163.29,163.2518828367176,5.350871542362095,1.1441948879598471,False,2934,163.0,163.03804946791004,vertical,0.0013098370756400302,6
2019-03-07 09:30:00-05:00,SPY,-1,1.0,0.1,2929,245.44,245.38900597373328,3.5598165885293493,-0.43426988517033416,False,2934,245.46,245.51099818158175,vertical,-0.0004971380334028996,6
2019-03-07 09:30:00-05:00,TLT,1,1.0,0.1,2929,97.03,97.04632287980327,9.001266902095262,0.6061220708822124,False,2934,97.13,97.11366029768843,vertical,0.0006938688235365031,6
2019-03-08 09:30:00-05:00,DIA,-1,1.0,0.1,2936,220.42,220.37617403077564,3.965032255158262,-4.630629032791888,False,2941,221.5,221.54404070494147,vertical,-0.005299423493951405,6
2019-03-08 09:30:00-05:00,GLD,1,1.0,0.1,2936,122.57,122.59006857590458,7.127809360505926,1.5668370350734453,False,2941,122.83,122.8098888538928,vertical,0.001793132841361622,6
2019-03-08 09:30:00-05:00,IWM,-1,1.0,0.1,2936,137.21,137.17650435942272,6.369885589232646,-4.058447939971245,False,2941,137.78,137.81363478870884,vertical,-0.004644603186685137,6
2019-03-08 09:30:00-05:00,QQQ,-1,1.0,0.1,2936,161.69,161.652071777673,5.405428020138019,-6.141134302340274,False,2941,162.75,162.78817687045407,vertical,-0.007028088661576781,6
2019-03-08 09:30:00-05:00,SPY,-1,1.0,0.1,2936,243.67,243.61927539187897,3.5867385160506227,-4.991727673936475,False,2941,244.96,245.01099314649045,vertical,-0.005712675043355153,6
2019-03-08 11:30:00-05:00,TLT,1,1.0,0.1,2938,97.34,97.35663686688642,8.973012189108259,1.3163005232775697,False,2941,97.52,97.50333236841213,vertical,0.00150678480940436,4
2019-03-11 09:30:00-04:00,GLD,1,1.0,0.1,2943,122.16,122.18002523791156,7.137866901428004,0.28506077961581416,False,2948,122.24,122.21996164798371,vertical,0.00032686529565184586,6
2019-03-11 09:30:00-04:00,IWM,-1,1.0,0.1,2943,138.71,138.67565466581544,6.288809382316962,-6.857309244272429,False,2945,139.73145506132772,139.76605331322142,upper,-0.007862942129486683,3
2019-03-11 09:30:00-04:00,QQQ,-1,1.0,0.1,2943,164.74,164.7008913090682,5.295082201618361,-7.776079003668853,False,2948,166.13,166.1694386719953,vertical,-0.008916450610891413,6
2019-03-11 09:30:00-04:00,SPY,-1,1.0,0.1,2943,246.93,246.87767431436646,3.532537968786986,-5.952277661492089,False,2948,248.51,248.56266049543106,vertical,-0.006825186545296846,6
2019-03-11 09:30:00-04:00,TLT,1,1.0,0.1,2943,97.28,97.29677127798647,8.963347361955496,-0.7487436836878308,False,2948,97.23,97.2132373421194,vertical,-0.0008585478713204475,6
2019-03-11 10:30:00-04:00,DIA,-1,1.0,0.1,2944,222.33,222.2853236466751,3.918650790896791,-3.7992476957610086,False,2948,223.21,223.2548531859203,vertical,-0.004361644409714982,5
2019-03-12 09:30:00-04:00,GLD,1,1.0,0.1,2950,122.6,122.62002914075225,7.09198900541923,2.4104226555877326,False,2955,122.98,122.9599087787136,vertical,0.0027718117532919972,6
2019-03-12 09:30:00-04:00,QQQ,1,1.0,0.1,2950,166.73,166.76858028093653,5.214530800978508,1.2137743727363328,False,2955,167.04,167.0013479869991,vertical,0.0013957527591255126,6
2019-03-12 09:30:00-04:00,SPY,1,1.0,0.1,2950,249.5,249.55195965662713,3.4847247831952934,-0.8847300670536642,False,2955,249.35,249.29807158164337,vertical,-0.0010173756011898627,6
2019-03-12 09:30:00-04:00,TLT,1,1.0,0.1,2950,97.39,97.4065523738097,8.927735119636784,3.289099730438858,False,2952,97.79158667903124,97.7749660516757,upper,0.0037822268511482626,3
2019-03-12 11:30:00-04:00,IWM,1,1.0,0.1,2952,140.74,140.7742228293526,6.180411100561567,-3.388898268961528,False,2955,140.26,140.2258938891218,vertical,-0.0038950947780793665,4
2019-03-12 12:30:00-04:00,TLT,1,1.0,0.1,2953,97.82,97.83662545647464,8.892291729119805,0.415585613636301,False,2955,97.9,97.88336094675049,vertical,0.0004776891073030587,3
2019-03-13 09:30:00-04:00,DIA,1,1.0,0.1,2957,223.43,223.47442947567652,3.892729141115108,1.0551999938770154,False,2962,223.79,223.74549893764652,vertical,0.001212977532176751,6
2019-03-13 09:30:00-04:00,GLD,1,1.0,0.1,2957,123.56,123.58016844958121,7.039361046582123,1.6867533705416344,False,2962,123.84,123.81978584658354,vertical,0.001938963184858311,6
2019-03-13 09:30:00-04:00,IWM,1,1.0,0.1,2957,141.0,141.03407747432422,6.168193102637993,-1.4687322832778573,False,2962,140.83,140.79596361199236,vertical,-0.0016883427508873616,6
2019-03-13 09:30:00-04:00,QQQ,1,1.0,0.1,2957,167.88,167.91866456676203,5.180635673577366,1.7229573644537675,False,2962,168.29,168.2512410058352,vertical,0.0019805805383887876,6
2019-03-13 09:30:00-04:00,SPY,1,1.0,0.1,2957,250.63,250.6817384584838,3.4702385154318294,1.063414495307592,False,2962,251.04,250.9881769037315,vertical,0.0012224202972743736,6
2019-03-13 09:30:00-04:00,TLT,1,1.0,0.1,2957,97.69,97.70656840123246,8.903448746062663,-0.02797366120472636,False,2962,97.72,97.70342651071311,vertical,-3.215639000275772e-05,6
2019-03-14 09:30:00-04:00,GLD,1,1.0,0.1,2964,122.32,122.33999595063638,7.114015159794366,0.4267822295040625,False,2969,122.42,122.39998770211817,vertical,0.0004903690818005568,6
2019-03-14 10:30:00-04:00,TLT,1,1.0,0.1,2965,97.34,97.35659122284359,8.93981516645371,-2.888749440077183,False,2969,97.05,97.03345820652385,vertical,-0.0033190666626783383,5
2019-03-14 14:30:00-04:00,QQQ,1,1.0,0.1,2969,168.12,168.15827522364145,5.174628970171459,-0.9651997592766774,False,2969,168.01,167.97174981962883,vertical,-0.0011092252448745565,1
2019-03-15 09:30:00-04:00,GLD,1,1.0,0.1,2971,123.24,123.26017757084479,7.058126041113255,-2.190213696222456,False,2976,122.97,122.94986663512834,vertical,-0.0025175278977518367,6
2019-03-15 09:30:00-04:00,IWM,1,1.0,0.1,2971,141.12,141.15386838586002,6.163386658074571,-3.4368225721287815,False,2976,140.63,140.596249212702,vertical,-0.0039504349369562375,6
2019-03-15 09:30:00-04:00,QQQ,1,1.0,0.1,2971,169.24,169.2786048584688,5.139372869196348,0.8363586054600778,False,2976,169.48,169.44134039580896,vertical,0.0009613473449654464,6
2019-03-15 09:30:00-04:00,TLT,-1,1.0,0.1,2971,97.72,97.70349419870932,8.90434754949139,0.6856968907208285,False,2976,97.61,97.62648722128513,vertical,0.0007881701474009573,6
2019-03-15 10:30:00-04:00,DIA,1,1.0,0.1,2972,224.87,224.91477969238065,3.8682559011322537,0.5817579235877743,False,2976,225.11,225.06517251500065,vertical,0.0006686658067811546,5
2019-03-15 10:30:00-04:00,SPY,1,1.0,0.1,2972,251.99,252.0417789774648,3.451919468774667,0.22923200768555627,False,2976,252.16,252.1081860908865,vertical,0.0002634766096760721,5
2019-03-18 09:30:00-04:00,IWM,1,1.0,0.1,2978,141.71,141.74405470117142,6.1353999777582695,-6.623651757127292,False,2978,140.6982868210516,140.66447524732342,lower,-0.00761640025131205,1
2019-03-18 09:30:00-04:00,QQQ,1,1.0,0.1,2978,170.22,170.25839971136048,5.107862352373011,-1.9242939028783106,False,2983,169.92,169.88166796525454,vertical,-0.0022127057857035393,6
2019-03-18 09:30:00-04:00,SPY,1,1.0,0.1,2978,253.07,253.1219293443553,3.435721560409826,-0.288129204863706,False,2983,253.09,253.03806655169367,vertical,-0.0003313138173324237,6
2019-03-18 10:30:00-04:00,IWM,-1,1.0,0.1,2979,140.7,140.6661880145733,6.173708602483833,-5.604652157545599,False,2983,141.54,141.57401384802625,vertical,-0.006453760112976825,5
2019-03-18 10:30:00-04:00,TLT,-1,1.0,0.1,2979,97.68,97.66347207558032,8.892086637592739,0.4175518259446058,False,2983,97.6,97.61651438803605,vertical,0.0004808111625186351,5
2019-03-19 09:30:00-04:00,DIA,1,1.0,0.1,2985,226.77,226.81491578399272,3.828029340751863,-4.914538233969299,False,2989,225.57576520501368,225.53108596021085,lower,-0.005660253071735899,5
2019-03-19 09:30:00-04:00,GLD,1,1.0,0.1,2985,123.58,123.60018113095174,7.024699677595054,-1.6180077459833813,False,2990,123.39,123.36984989684305,vertical,-0.0018635185806455956,6
2019-03-19 09:30:00-04:00,QQQ,1,1.0,0.1,2985,170.5,170.53814020516745,5.091260825858227,-0.28656102631704117,False,2990,170.52,170.4818553209082,vertical,-0.00033004279389658997,6
2019-03-19 09:30:00-04:00,SPY,1,1.0,0.1,2985,253.88,253.93136303442864,3.4192473988475656,-5.014963133817814,False,2990,252.5157638205041,252.4646767877686,lower,-0.005775916094543976,6
2019-03-19 09:30:00-04:00,TLT,1,1.0,0.1,2985,97.2,97.21630594977287,8.931157628946252,1.6732630454385833,False,2990,97.42,97.40365714375645,vertical,0.0019271581259256987,6
2019-03-19 11:30:00-04:00,IWM,1,1.0,0.1,2987,141.97,142.004001025858,6.1198642663257665,-6.708513315954383,False,2989,140.94156912971104,140.90781440732994,lower,-0.007719406570301235,3
2019-03-19 14:30:00-04:00,IWM,-1,1.0,0.1,2990,140.77,140.7362863674718,6.158734402777565,-0.6000728985512515,False,2990,140.8,140.83372081736147,vertical,-0.0006923193186672005,1
2019-03-20 09:30:00-04:00,DIA,-1,1.0,0.1,2992,224.74,224.69560671814,3.8563602816557307,1.6247392600717663,False,2997,224.23,224.2742925406757,vertical,0.001875044125774994,6
2019-03-20 09:30:00-04:00,IWM,-1,1.0,0.1,2992,139.99,139.9563341741644,6.191268286093241,6.072309868894895,False,2993,138.942134248007,138.97554807537193,lower,0.007007800715700063,2
2019-03-20 09:30:00-04:00,SPY,-1,1.0,0.1,2992,252.24,252.18913386191838,3.4359419057476606,-5.146084441560004,False,2995,253.6357078781946,253.6868554715159,upper,-0.005938882404099122,4
2019-03-20 09:30:00-04:00,TLT,1,1.0,0.1,2992,97.8,97.81631973054178,8.858513749008049,3.5818521250376656,False,2995,98.23705246761823,98.22065980682588,upper,0.0041336668298086465,4
2019-03-20 10:30:00-04:00,GLD,1,1.0,0.1,2993,123.085,123.10495792400192,7.037560917666958,4.496551564692053,False,2995,123.76396201703575,123.74389400104589,upper,0.005190173392028763,3
2019-03-20 13:30:00-04:00,GLD,1,1.0,0.1,2996,124.24,124.2601452043547,6.977740543460225,-0.7694986567875587,False,2997,124.17,124.14986614596971,vertical,-0.0008874853494145185,2
2019-03-20 13:30:00-04:00,IWM,1,1.0,0.1,2996,140.98,141.01390390832415,6.148720297059286,-7.629409195692144,False,2997,139.80671312474075,139.77309137708232,lower,-0.00879922118919918,2
2019-03-20 13:30:00-04:00,QQQ,1,1.0,0.1,2996,172.05,172.0885755168604,5.038423094179954,-4.4689272233819075,False,2997,171.24,171.20160609411698,vertical,-0.005154144719249687,2
2019-03-20 13:30:00-04:00,SPY,1,1.0,0.1,2996,253.74,253.79116862463064,3.4164114449982956,-5.199952098669236,False,2997,252.32,252.26911772930242,vertical,-0.005997257129066624,2
2019-03-20 13:30:00-04:00,TLT,1,1.0,0.1,2996,98.3,98.316403164747,8.819027397450373,0.6806112172228438,False,2997,98.41,98.39357847972784,vertical,0.0007849688607048932,2
2019-03-21 09:30:00-04:00,IWM,-1,1.0,0.1,2999,140.89,140.85585056198576,6.14693269039139,-4.0473979316798,False,3004,141.48,141.51429244439103,vertical,-0.004674579577477411,6
2019-03-21 09:30:00-04:00,QQQ,1,1.0,0.1,2999,172.22,172.25949970669194,5.026320370874262,6.538802543240406,False,3002,173.60022838640782,173.56041211592284,upper,0.007552050316214753,4
2019-03-21 09:30:00-04:00,TLT,1,1.0,0.1,2999,98.59,98.60672123060888,8.780653302805373,0.05751990530858317,False,3004,98.63,98.61327198524239,vertical,6.64331452435718e-05,6
2019-03-21 10:30:00-04:00,DIA,-1,1.0,0.1,3000,225.71,225.6647394236547,3.8347228171772043,-2.149804664523533,False,3004,226.18,226.225354823259,vertical,-0.00248428443467108,5
2019-03-21 10:30:00-04:00,SPY,1,1.0,0.1,3000,253.91,253.9621602878044,3.407443551116275,5.167219157993185,False,3003,255.53110400260712,255.478610694239,upper,0.005971166746715495,4
2019-03-21 11:30:00-04:00,GLD,-1,1.0,0.1,3001,123.2,123.17973316463468,7.028252512290501,-3.6589970417842568,False,3004,123.68,123.70034579706154,vertical,-0.0042264471520736535,4
2019-03-22 09:30:00-04:00,DIA,-1,1.0,0.1,3006,224.08,224.03486162637964,3.865568779619064,5.765296704638465,False,3007,222.49859332299877,222.54341314018646,lower,0.006657216092915252,2
2019-03-22 09:30:00-04:00,GLD,1,1.0,0.1,3006,124.04,124.06040799504655,6.980649029332457,-0.7734871380510305,False,3011,123.97,123.94960352188068,vertical,-0.0008931493532593482,6
2019-03-22 09:30:00-04:00,IWM,-1,1.0,0.1,3006,139.13,139.09582311798516,6.226083193847056,9.219377464825355,False,3007,137.58125985102444,137.61505628950198,lower,0.010645659914799599,2
2019-03-22 09:30:00-04:00,QQQ,1,1.0,0.1,3006,172.58,172.61960939064411,5.016939672765521,-7.476541624217402,False,3007,171.16863543101874,171.12934996719443,lower,-0.008633198908921003,2
2019-03-22 09:30:00-04:00,SPY,1,1.0,0.1,3006,252.86,252.91218575956955,3.4242010287020825,-6.496864499337763,False,3007,251.06666405867864,251.01484841141732,lower,-0.007501960976905808,2
2019-03-22 09:30:00-04:00,TLT,1,1.0,0.1,3006,99.95,99.96695631357277,8.663084268892842,1.6983834099527901,False,3011,100.18,100.1630046673965,vertical,0.0019611315684033848,6
2019-03-22 11:30:00-04:00,DIA,-1,1.0,0.1,3008,222.56,222.51516781313393,3.8935645137449058,1.1696820192643078,False,3011,222.17,222.2147536257909,vertical,0.0013500840877297415,4
2019-03-22 11:30:00-04:00,IWM,-1,1.0,0.1,3008,136.77,136.736402845158,6.336111987297977,2.4895768089769668,False,3011,136.31,136.34348415717272,vertical,0.0028735485197035615,4
2019-03-22 11:30:00-04:00,SPY,-1,1.0,0.1,3008,250.9,250.8482187492051,3.4537903656928255,1.7841087926525587,False,3011,250.28,250.33165329393762,vertical,0.0020592749585515158,4
2019-03-22 14:30:00-04:00,QQQ,1,1.0,0.1,3011,170.66,170.6991687252713,5.071536704353494,-3.743737250727597,False,3011,170.0,169.9609827534506,vertical,-0.004324484866172762,1
2019-03-25 09:30:00-04:00,GLD,1,1.0,0.1,3013,124.87,124.89069744299678,6.9371519565214035,-0.009722529951265262,False,3018,124.91,124.88929592692618,vertical,-1.122194125979803e-05,6
2019-03-25 09:30:00-04:00,QQQ,-1,1.0,0.1,3013,169.02,168.9807466063584,5.1271269864623,-4.197469377660192,False,3018,169.76,169.7994252520684,vertical,-0.0048448042877755615,6
2019-03-25 10:30:00-04:00,DIA,-1,1.0,0.1,3014,222.94,222.89430338689723,3.884094963776694,6.099635686552381,False,3016,221.27853369510484,221.3238897529779,lower,0.007045553026958418,3
2019-03-25 10:30:00-04:00,IWM,-1,1.0,0.1,3014,137.85,137.81548908878514,6.281896519496607,5.410038409677709,False,3018,136.92,136.95427808461037,vertical,0.006249014605462455,5
2019-03-25 10:30:00-04:00,SPY,-1,1.0,0.1,3014,251.07,251.01713351470653,3.4489384414424453,6.177676945243214,False,3016,249.17348422671225,249.22595137268502,lower,0.007135696742854303,3
2019-03-25 12:30:00-04:00,TLT,1,1.0,0.1,3016,100.6,100.61725489121413,8.623125692048978,-2.5392103218653084,False,3018,100.34,100.32278970393214,vertical,-0.0029265873691382005,3
2019-03-26 09:30:00-04:00,DIA,-1,1.0,0.1,3020,224.38,224.332802646306,3.8669326588270656,6.733438669276862,False,3023,222.54470457158632,222.5915158788971,lower,0.00776206933122614,4
2019-03-26 09:30:00-04:00,GLD,1,1.0,0.1,3020,124.21,124.23058081322145,6.982820456288847,0.3409254630905479,False,3025,124.3,124.27940427434646,vertical,0.0003930067846853458,6
2019-03-26 09:30:00-04:00,IWM,-1,1.0,0.1,3020,138.35,138.3141522655508,6.271808248036136,-0.512394566485655,False,3025,138.36,138.3958503255395,vertical,-0.0005906702868108127,6
2019-03-26 09:30:00-04:00,QQQ,-1,1.0,0.1,3020,171.46,171.4187934436205,5.060587719540337,7.89064982873611,False,3024,169.81874546908062,169.85955758683096,lower,0.009096061321318127,5
2019-03-26 09:30:00-04:00,SPY,-1,1.0,0.1,3020,252.47,252.41547762183438,3.436714139609357,1.687718134984349,False,3025,251.87,251.92439280464438,vertical,0.0019455416197803332,6
2019-03-27 09:30:00-04:00,DIA,1,1.0,0.1,3027,223.91,223.95744656496825,3.8806205736054884,-7.170540726669944,False,3027,222.15673964421052,222.10966459539327,lower,-0.008250594020944746,1
2019-03-27 09:30:00-04:00,GLD,-1,1.0,0.1,3027,123.83,123.80954967981177,7.0196029062359235,0.9766309387197863,False,3032,123.65,123.67042059348522,vertical,0.0011237346932151393,6
2019-03-27 09:30:00-04:00,SPY,1,1.0,0.1,3027,252.12,252.1749672182027,3.4463923375874,-7.231424947370906,False,3027,250.13124149678637,250.07670786783717,lower,-0.008320648847551793,1
2019-03-27 09:30:00-04:00,TLT,1,1.0,0.1,3027,100.8,100.81780868950685,8.620440039802444,2.6233943122233705,False,3032,101.14,101.12213124150078,vertical,0.0030185396404633913,6
2019-03-27 10:30:00-04:00,DIA,-1,1.0,0.1,3028,222.15,222.10292637931445,3.9074905924968193,-4.393447608059558,False,3032,223.18,223.227291877851,vertical,-0.005062362377955987,5
2019-03-27 10:30:00-04:00,IWM,1,1.0,0.1,3028,136.65,136.68607050793756,6.349330931587405,7.032185651355702,False,3032,137.83,137.79361801603343,vertical,0.008102855718802537,5
2019-03-27 10:30:00-04:00,QQQ,-1,1.0,0.1,3028,168.91,168.86917336180315,5.139274848783556,-3.60675919741454,False,3032,169.53,169.5709764962022,vertical,-0.004155898441543515,5
2019-03-27 10:30:00-04:00,SPY,-1,1.0,0.1,3028,249.95,249.89550588533328,3.4729119770221573,-2.983758383138262,False,3032,250.7,250.7546576297137,vertical,-0.0034380439989771805,5
2019-03-28 09:30:00-04:00,GLD,-1,1.0,0.1,3034,122.28,122.25975927192022,7.096517348986806,2.4098456113606437,False,3039,121.9,121.92017782755093,vertical,0.002777540593827066,6
2019-03-28 09:30:00-04:00,IWM,1,1.0,0.1,3034,138.9,138.93700695557692,6.244689746580914,0.4742599851531608,False,3039,139.05,139.01295308010822,vertical,0.0005466227191404105,6
2019-03-28 09:30:00-04:00,QQQ,1,1.0,0.1,3034,170.13,170.17174629297537,5.098487390864528,-1.801939705858581,False,3039,169.86,169.818319959297,vertical,-0.0020768802188224633,6
2019-03-28 09:30:00-04:00,SPY,1,1.0,0.1,3034,251.74,251.795760151045,3.4457232410731344,-0.6943144982856719,False,3039,251.65,251.59425978386244,vertical,-0.0008002532173762011,6
2019-03-28 13:30:00-04:00,TLT,1,1.0,0.1,3038,101.5,101.51816481507701,8.543757411290876,-0.22496926298897835,False,3039,101.51,101.49183339528604,vertical,-0.00025937643611806394,2
2019-03-29 09:30:00-04:00,DIA,1,1.0,0.1,3041,225.21,225.25890826759073,3.851722436381452,1.9337694375195011,False,3046,225.81,225.7609614319761,vertical,0.002228782729378098,6
2019-03-29 09:30:00-04:00,GLD,-1,1.0,0.1,3041,122.37,122.34968743058641,7.091434471063217,2.1943235500919465,False,3046,122.02,122.04025447184641,vertical,0.0025290866306099113,6
2019-03-29 09:30:00-04:00,IWM,1,1.0,0.1,3041,140.19,140.22775642367912,6.187325627229105,-4.797184041336964,False,3046,139.49,139.4524321025822,vertical,-0.005529036054419789,6
2019-03-29 09:30:00-04:00,QQQ,1,1.0,0.1,3041,170.93,170.97236558401667,5.074707763476025,0.7876420789328383,False,3046,171.17,171.12757493116405,vertical,0.0009078037062726363,6
2019-03-29 09:30:00-04:00,TLT,1,1.0,0.1,3041,100.89,100.90813892669861,8.598263729740722,4.330301090786625,False,3046,101.43,101.41176398716384,vertical,0.004990926062278023,6
2019-03-29 13:30:00-04:00,SPY,1,1.0,0.1,3045,252.93,252.98658717289652,3.4299216241329544,0.8806079400364253,False,3046,253.3,253.24333004825567,vertical,0.0010148477760352215,2
2019-04-01 09:30:00-04:00,DIA,1,1.0,0.1,3048,227.69,227.73948250153094,3.812109026676291,3.2815639598415505,False,3053,228.65,228.60030886742916,vertical,0.0037798731974041377,6
2019-04-01 09:30:00-04:00,IWM,1,1.0,0.1,3048,140.9,140.93861796212764,6.159899604010331,0.20163770319123092,False,3053,141.01,140.97135188900202,vertical,0.00023225661885795112,6
2019-04-01 09:30:00-04:00,QQQ,1,1.0,0.1,3048,172.48,172.52286964212132,5.032189290472542,4.5994822395262345,False,3053,173.48,173.436881809397,vertical,0.0052979188740118754,6
2019-04-01 09:30:00-04:00,SPY,1,1.0,0.1,3048,255.23,255.28743579714703,3.400746042451242,3.009331634359758,False,3053,256.23,256.17233916740594,vertical,0.003466302082183459,6
2019-04-01 09:30:00-04:00,TLT,-1,1.0,0.1,3048,100.23,100.2118363784842,8.663325295185107,1.7648601384330322,False,3053,99.99,100.00812012885729,vertical,0.002032856167384245,6
2019-04-01 11:30:00-04:00,GLD,-1,1.0,0.1,3050,121.87,121.84971882435711,7.125950223240706,2.134180977374238,False,3053,121.53,121.55022459404186,vertical,0.0024578984112959557,4
2019-04-02 14:30:00-04:00,SPY,1,1.0,0.1,3060,256.38,256.4376326156925,3.3913386025648684,-0.628243766293982,False,3060,256.31,256.2523831198684,vertical,-0.0007223959055250306,1
2019-04-03 09:30:00-04:00,IWM,1,1.0,0.1,3062,141.62,141.65872896559614,6.138725263266426,-2.0711250490031277,False,3067,141.36,141.3213421368686,vertical,-0.0023816875330674447,6
2019-04-03 09:30:00-04:00,QQQ,1,1.0,0.1,3062,175.29,175.33257572255087,4.959740166250635,-1.6619629195189778,False,3067,175.04,174.99748499928515,vertical,-0.0019111720790321307,6
2019-04-03 09:30:00-04:00,TLT,-1,1.0,0.1,3062,99.43,99.41196074209105,8.747478792007428,0.8217825044172278,False,3067,99.3,99.31801567243646,vertical,0.0009450077128879686,6
2019-04-03 10:30:00-04:00,DIA,1,1.0,0.1,3063,228.6,228.64901769907212,3.803826922738879,-1.5138130722686436,False,3067,228.3,228.25104662861693,vertical,-0.0017405326052131187,5
2019-04-03 10:30:00-04:00,SPY,1,1.0,0.1,3063,257.63,257.68723815584383,3.375181850703556,-3.2209012327586124,False,3067,256.79,256.7329484685823,vertical,-0.0037032865658809255,5
2019-04-04 09:30:00-04:00,DIA,1,1.0,0.1,3069,229.44,229.48916369269,3.7859714258659727,1.2553542058134777,False,3074,229.87,229.82074416824162,vertical,0.0014448633225909724,6
2019-04-04 09:30:00-04:00,GLD,-1,1.0,0.1,3069,121.26,121.23997980068886,7.166278134611391,-4.791996118517698,False,3071,121.8885427013077,121.90866667391717,upper,-0.005515399081454708,3
2019-04-04 13:30:00-04:00,GLD,1,1.0,0.1,3073,122.09,122.11015723349742,7.11159835255824,-0.14449181271472286,False,3074,122.11,122.08983946447398,vertical,-0.00016638885317776797,2
2019-04-05 09:30:00-04:00,DIA,1,1.0,0.1,3076,230.13,230.17900227305574,3.7730257509918954,-0.14344033523666522,False,3081,230.19,230.1409849509638,vertical,-0.00016516416231071585,6
2019-04-05 09:30:00-04:00,IWM,1,1.0,0.1,3076,143.09,143.12940743720964,6.067734915306323,1.341591387233822,False,3081,143.39,143.35050994184436,vertical,0.001544773422832213,6
2019-04-05 09:30:00-04:00,QQQ,1,1.0,0.1,3076,175.7,175.7420543039,4.941738654153132,0.47365729193222633,False,3081,175.88,175.8379026125786,vertical,0.0005453919897444592,6
2019-04-05 09:30:00-04:00,SPY,1,1.0,0.1,3076,258.33,258.38696625138,3.361126590529885,0.49075864042113054,False,3081,258.59,258.53297641410455,vertical,0.0005650833122228249,6
2019-04-05 09:30:00-04:00,TLT,-1,1.0,0.1,3076,99.81,99.79178775033509,8.702833394333544,0.5534457901883332,False,3081,99.71,99.7281940027461,vertical,0.0006372643383050214,6
2019-04-08 09:30:00-04:00,DIA,1,1.0,0.1,3083,229.18,229.2283814792004,3.7898575149610902,0.6942182609045694,False,3088,229.46,229.41155941086777,vertical,0.0007991066834103222,6
2019-04-08 09:30:00-04:00,GLD,1,1.0,0.1,3083,122.85,122.87023128018696,7.070409936889258,-2.4068605575659276,False,3088,122.55,122.52981812464864,vertical,-0.0027705096018094677,6
2019-04-08 09:30:00-04:00,TLT,1,1.0,0.1,3083,99.4,99.41811072793058,8.738276133296608,-0.5786136037198765,False,3088,99.37,99.3518947380839,vertical,-0.0006660354875168695,6
2019-04-08 14:30:00-04:00,QQQ,1,1.0,0.1,3088,176.21,176.2516509710197,4.927362165329605,0.22994683473670752,False,3088,176.34,176.29831830072294,vertical,0.00026477669540203586,1
2019-04-09 09:30:00-04:00,DIA,-1,1.0,0.1,3090,227.97,227.92279645191613,3.8106621487859034,-0.3216390360848912,False,3095,227.96,228.00720147748035,vertical,-0.00037032287633431693,6
2019-04-09 09:30:00-04:00,GLD,1,1.0,0.1,3090,123.21,123.23022758084134,7.048082198135797,-0.6374775600445654,False,3095,123.16,123.13978062773782,vertical,-0.0007339672650055196,6
2019-04-09 09:30:00-04:00,IWM,1,1.0,0.1,3090,142.4,142.43900243088396,6.097604999067535,-7.781912784955198,False,3095,141.20145210473248,141.1627779482969,lower,-0.008959796550150112,6
2019-04-09 09:30:00-04:00,SPY,1,1.0,0.1,3090,257.74,257.79505747595863,3.369097847679832,-1.179398804299061,False,3095,257.5,257.44499379196344,vertical,-0.0013579146451550006,6
2019-04-09 09:30:00-04:00,TLT,1,1.0,0.1,3090,99.81,99.82793523808067,8.700337948624986,-1.616901447758703,False,3095,99.66,99.64209171598918,vertical,-0.0018616384446724643,6
2019-04-09 13:30:00-04:00,QQQ,-1,1.0,0.1,3094,175.65,175.6092537936715,4.942733272792038,-0.6994280509785907,False,3095,175.71,175.75076012475935,vertical,-0.0008058022457866354,2
2019-04-10 09:30:00-04:00,DIA,-1,1.0,0.1,3097,227.55,227.50303540627192,3.8123143982123247,-1.9214590984545328,False,3102,227.96,228.00704921461772,vertical,-0.002215415752347072,6
2019-04-10 09:30:00-04:00,IWM,-1,1.0,0.1,3097,142.17,142.13120190799683,6.102200543394831,-7.574032559273255,False,3102,143.33328328329975,143.37239883448453,upper,-0.008732754735242043,6
2019-04-10 09:30:00-04:00,TLT,1,1.0,0.1,3097,100.0,100.01810419095453,8.671561059190493,-1.2676822203328584,False,3102,99.89,99.87191572365552,vertical,-0.0014616200585036987,6
2019-04-10 10:30:00-04:00,GLD,1,1.0,0.1,3098,123.58,123.60027983300354,7.0155526005252185,-0.7054125500238503,False,3102,123.52,123.49973001316881,vertical,-0.0008135080274136453,5
2019-04-10 10:30:00-04:00,QQQ,1,1.0,0.1,3098,176.35,176.39092012065106,4.91592347278965,1.12126230030765,False,3102,176.66,176.61900794718335,vertical,0.0012930814487293052,5
2019-04-10 11:30:00-04:00,SPY,-1,1.0,0.1,3099,258.01,257.9548745651029,3.3602299803139077,-1.614019006316702,False,3102,258.38,258.4352044876893,vertical,-0.001862069570874425,4
2019-04-11 09:30:00-04:00,GLD,1,1.0,0.1,3104,122.6,122.62014447171967,7.063414962805606,-5.15416235957963,False,3106,121.91047728118969,121.89044610531754,lower,-0.005950884901872122,3
2019-04-11 09:30:00-04:00,SPY,1,1.0,0.1,3104,258.63,258.6849345647002,3.3481538639286454,-1.3720915589125229,False,3109,258.33,258.2751291571009,vertical,-0.0015841873756154978,6
2019-04-11 09:30:00-04:00,TLT,1,1.0,0.1,3104,99.6,99.61809459614969,8.694373915844862,-2.6616968537500583,False,3109,99.33,99.31195445546638,vertical,-0.003073137886489441,6
2019-04-11 11:30:00-04:00,DIA,-1,1.0,0.1,3106,227.51,227.4635570788747,3.8051654729460687,-1.4571692503849225,False,3109,227.8,227.84650212048854,vertical,-0.0016835445929523907,4
2019-04-11 13:30:00-04:00,QQQ,-1,1.0,0.1,3108,175.93,175.8895883217846,4.919238579709818,-2.0213109927453634,False,3109,176.26,176.30048748026059,vertical,-0.0023361198488012214,2
2019-04-12 09:30:00-04:00,DIA,1,1.0,0.1,3111,229.78,229.82684900561688,3.7630517228222367,0.9642091081806774,False,3116,230.13,230.08307963416044,vertical,0.0011148855307905325,6
2019-04-12 09:30:00-04:00,IWM,1,1.0,0.1,3111,143.69,143.72946594222927,6.017209584908715,-0.595260829642179,False,3116,143.67,143.63053955097723,vertical,-0.0006882819093740888,6
2019-04-12 09:30:00-04:00,QQQ,1,1.0,0.1,3111,176.99,177.0304874381022,4.88531852686551,-0.34674605309890116,False,3116,177.0,176.95951027434265,vertical,-0.0004009318665202377,6
2019-04-12 09:30:00-04:00,SPY,1,1.0,0.1,3111,260.05,260.1051258148062,3.3250029863585335,-0.2668580533047222,False,3116,260.08,260.02486782574584,vertical,-0.00030855981330202287,6
2019-04-12 09:30:00-04:00,TLT,-1,1.0,0.1,3111,98.82,98.80209669575899,8.753359989560987,1.174912659313488,False,3116,98.65,98.66787250519506,vertical,0.0013585156090082373,6
2019-04-15 09:30:00-04:00,GLD,-1,1.0,0.1,3118,121.32,121.30010648746105,7.130606648510631,-2.2806028757493992,False,3123,121.6,121.61993942569019,vertical,-0.0026367078108229247,6
2019-04-15 09:30:00-04:00,QQQ,-1,1.0,0.1,3118,176.2,176.16012680762447,4.90998366917105,-5.043827595099028,False,3122,177.1472987922455,177.18738635367313,upper,-0.005831396495135754,5
2019-04-15 11:30:00-04:00,IWM,-1,1.0,0.1,3120,142.62,142.58057691909377,6.063593846309967,-3.7533368732175827,False,3123,143.16,143.19957234793532,vertical,-0.0043413727326464535,4
2019-04-15 11:30:00-04:00,SPY,1,1.0,0.1,3120,259.31,259.3646096971351,3.3333410823454055,1.6021915712107844,False,3123,259.9,259.8452660511148,vertical,0.0018532071686301332,4
2019-04-16 09:30:00-04:00,DIA,1,1.0,0.1,3125,230.42,230.4667443085198,3.748895706404579,0.024334443397811715,False,3130,230.52,230.47323540491286,vertical,2.816500234148478e-05,6
2019-04-16 09:30:00-04:00,GLD,-1,1.0,0.1,3125,120.36,120.34024550601805,7.179607990446093,-1.3607770008806954,False,3130,120.51,120.52977911324166,vertical,-0.0015749810583038926,6
2019-04-16 09:30:00-04:00,IWM,1,1.0,0.1,3125,143.39,143.4294166446731,6.023839519250671,0.18756111428978606,False,3130,143.5,143.4605531172983,vertical,0.00021708568126110883,6
2019-04-16 09:30:00-04:00,QQQ,1,1.0,0.1,3125,177.89,177.9302324115842,4.855812171417144,-1.4587591386588623,False,3130,177.67,177.6298173446165,vertical,-0.0016883868631879517,6
2019-04-16 09:30:00-04:00,SPY,1,1.0,0.1,3125,260.41,260.46461071199593,3.3171331254770715,-1.4898907493945068,False,3130,260.07,260.015460589575,vertical,-0.0017244189957059675,6
2019-04-16 09:30:00-04:00,TLT,-1,1.0,0.1,3125,98.45,98.43206803893756,8.777584433819618,1.2654543728321368,False,3130,98.27,98.28789917535404,vertical,0.0014646534046860449,6
2019-04-17 09:30:00-04:00,IWM,-1,1.0,0.1,3132,142.54,142.50094531211036,6.061100707926378,5.348126218692006,False,3135,141.57978490462875,141.6185765021518,lower,0.006192020747834093,4
2019-04-17 09:30:00-04:00,QQQ,1,1.0,0.1,3132,178.46,178.50021956859672,4.838719989246231,-1.4535009479493495,False,3137,178.24,178.19983001285064,vertical,-0.001682852584002803,6
2019-04-17 10:30:00-04:00,SPY,-1,1.0,0.1,3133,259.63,259.5757334263798,3.327180575825203,0.23790830185518655,False,3137,259.45,259.5042289509138,vertical,0.0002754667184108328,5
2019-04-17 13:30:00-04:00,IWM,-1,1.0,0.1,3136,141.45,141.41124396238254,6.110290909706694,-4.813116531868062,False,3137,142.16,142.198950571281,vertical,-0.005570325151145639,2
2019-04-18 09:30:00-04:00,DIA,1,1.0,0.1,3139,230.81,230.85651035479742,3.7410446900031977,3.357074208139974,False,3143,231.80058308657243,231.7538731200995,upper,0.003887101836214102,5
2019-04-18 09:30:00-04:00,IWM,-1,1.0,0.1,3139,141.06,141.02127353013825,6.124214457834335,-6.812679627830694,False,3140,142.09467989470488,142.1336904245394,upper,-0.007888291365936384,2
2019-04-18 09:30:00-04:00,QQQ,1,1.0,0.1,3139,177.59,177.62956869965896,4.8620538153518655,4.074841859520888,False,3142,178.50743246529544,178.4676593531714,upper,0.004718193370887969,4
2019-04-18 09:30:00-04:00,SPY,-1,1.0,0.1,3139,259.0,258.9461084795724,3.335228813773094,-3.739562597008947,False,3141,260.0132373269763,260.06733967713404,upper,-0.004329978944827895,3
2019-04-18 09:30:00-04:00,TLT,1,1.0,0.1,3139,98.87,98.88809377260019,8.733554154673985,-0.8399632376060354,False,3144,98.81,98.79191720774125,vertical,-0.0009725798242212758,6
2019-04-18 11:30:00-04:00,IWM,-1,1.0,0.1,3141,142.16,142.12097153724977,6.073898307406947,1.470071237700781,False,3144,141.84,141.8789406102736,vertical,0.00170299234770388,4
2019-04-22 09:30:00-04:00,DIA,1,1.0,0.1,3146,230.99,231.0355910908559,3.7370670740519816,0.1449689033203014,False,3151,231.12,231.0743832507095,vertical,0.00016790555805901164,6
2019-04-22 09:30:00-04:00,IWM,-1,1.0,0.1,3146,141.33,141.2914044107498,6.110743282654253,-1.021812560541868,False,3151,141.42,141.4586201672098,vertical,-0.0011834814520907955,6
2019-04-22 09:30:00-04:00,TLT,1,1.0,0.1,3146,98.45,98.46775715084095,8.768306757278477,-1.363407320498333,False,3151,98.33,98.31226449322304,vertical,-0.0015791225688193133,6
2019-04-22 13:30:00-04:00,QQQ,1,1.0,0.1,3150,178.87,178.90906448632992,4.8260201696050755,0.39494259191651404,False,3151,179.03,178.99090057031563,vertical,0.00045741720365399807,2
2019-04-23 09:30:00-04:00,DIA,1,1.0,0.1,3153,231.73,231.77515498780832,3.724346423613007,3.0942201733166455,False,3154,232.651298404947,232.6059638926134,upper,0.003584546863311555,2
2019-04-23 09:30:00-04:00,GLD,-1,1.0,0.1,3153,119.78,119.76070304302796,7.207798114303467,-2.657133713963641,False,3158,120.11,120.12935012107121,vertical,-0.003078197344172251,6
2019-04-23 09:30:00-04:00,IWM,1,1.0,0.1,3153,142.29,142.3284734136488,6.064921156376399,5.749743632784354,False,3153,143.31525675257745,143.27650612248942,upper,0.006660878783441682,1
2019-04-23 09:30:00-04:00,QQQ,1,1.0,0.1,3153,180.4,180.4389670288645,4.78394985171417,4.260446882357745,False,3157,181.3687142780901,181.32953800356466,upper,0.004935580098713865,5
2019-04-23 09:30:00-04:00,SPY,1,1.0,0.1,3153,261.27,261.3228294595002,3.3032359681187926,2.91101251616298,False,3154,262.25711936073697,262.2040903031876,upper,0.0033723071402147475,2
2019-04-23 09:30:00-04:00,TLT,1,1.0,0.1,3153,98.62,98.63772126362426,8.751327164727703,-1.1851446132786951,False,3158,98.52,98.50229670561488,vertical,-0.001372948972000576,6
2019-04-23 10:30:00-04:00,IWM,1,1.0,0.1,3154,143.27,143.3087383932354,6.0294334946823245,1.4617558965090827,False,3158,143.59,143.55117508281796,vertical,0.0016917090492927223,5
2019-04-23 11:30:00-04:00,DIA,1,1.0,0.1,3155,232.55,232.59531477329145,3.7172343379483856,-1.191688561758496,False,3158,232.32,232.27473004458795,vertical,-0.0013782940082690542,4
2019-04-24 09:30:00-04:00,GLD,-1,1.0,0.1,3160,120.3,120.28079896937275,7.186976626273696,-1.3901538957918265,False,3165,120.455,120.47422577010977,vertical,-0.0016081270027668015,6
2019-04-24 09:30:00-04:00,IWM,1,1.0,0.1,3160,143.96,143.9983075446317,6.0032322985079025,-0.15985643605862865,False,3165,144.01,143.97167915044173,vertical,-0.0001849215775103774,6
2019-04-24 09:30:00-04:00,TLT,1,1.0,0.1,3160,99.15,99.16758727987488,8.717115284278377,1.3493374247545988,False,3165,99.34,99.3223790178238,vertical,0.0015609105978555693,6
2019-04-24 12:30:00-04:00,DIA,1,1.0,0.1,3163,231.98,232.0239163699115,3.724399573628874,-0.6994936691230194,False,3165,231.88,231.83610256119024,vertical,-0.0008094588336394759,3
2019-04-25 09:30:00-04:00,DIA,-1,1.0,0.1,3167,229.71,229.66779867171184,3.7635457783975754,-4.836036013399101,False,3168,230.91034485357173,230.95276670402794,upper,-0.005594898543669347,2
2019-04-25 09:30:00-04:00,GLD,1,1.0,0.1,3167,120.9715,120.99083197777588,7.144055958583339,-3.0012392656636253,False,3172,120.59,120.57072898823284,vertical,-0.003472188616904459,6
2019-04-25 09:30:00-04:00,IWM,1,1.0,0.1,3167,142.06,142.09674097189338,6.082935246880547,4.174849227498776,False,3172,142.82,142.78306246933818,vertical,0.004829959454035304,6
2019-04-25 09:30:00-04:00,SPY,1,1.0,0.1,3167,260.96,261.00948189790796,3.3116240369492624,2.9220835121147446,False,3167,261.9415216615406,261.89185365252496,upper,0.0033806118773958005,1
2019-04-25 10:30:00-04:00,QQQ,1,1.0,0.1,3168,181.64,181.6764662426884,4.758617061156799,-1.726779666882339,False,3172,181.35,181.31359197802493,vertical,-0.001997365273379681,5
2019-04-25 10:30:00-04:00,SPY,1,1.0,0.1,3168,261.9,261.94966013589095,3.3003621055459473,-0.723761218237037,False,3172,261.78,261.7303626178941,vertical,-0.0008371742795278969,5
2019-04-25 11:30:00-04:00,DIA,-1,1.0,0.1,3169,230.66,230.61762414181814,3.747150813000936,-0.31757746287540217,False,3172,230.66,230.70237585818182,vertical,-0.00036749887038789453,4
2019-04-25 12:30:00-04:00,TLT,1,1.0,0.1,3170,99.03,99.04718909590571,8.727662778802546,1.183403874174563,False,3172,99.2,99.18278139640668,vertical,0.0013689666687024538,3
2019-04-26 09:30:00-04:00,GLD,1,1.0,0.1,3174,121.435,121.4544525604062,7.114871050064434,-0.8103347671757329,False,3179,121.36,121.3405594537745,vertical,-0.0009377433616527542,6
2019-04-26 09:30:00-04:00,QQQ,-1,1.0,0.1,3174,180.5,180.46395029909792,4.788395504981794,-4.67124933684565,False,3179,181.4032556013994,181.4394857017157,upper,-0.005405707904547974,6
2019-04-26 09:30:00-04:00,TLT,1,1.0,0.1,3174,99.69,99.70707637491492,8.666714538636933,-1.5957766298583251,False,3179,99.54,99.52294931929953,vertical,-0.0018466799179132076,6
2019-04-26 10:30:00-04:00,IWM,1,1.0,0.1,3175,143.69,143.7267923747292,6.010554170056573,2.742492903952232,False,3179,144.22,144.18307191674128,vertical,0.0031746310793776544,5
2019-04-26 14:30:00-04:00,SPY,1,1.0,0.1,3179,262.47,262.5191713627396,3.290725289169845,1.4201387711999784,False,3179,263.0,262.9507293465901,vertical,0.0016439103537095878,1
2019-04-29 09:30:00-04:00,GLD,1,1.0,0.1,3181,120.69,120.7092695283966,7.156379115643383,0.7259330114169373,False,3186,120.83,120.81070811901432,vertical,0.0008403546058561862,6
2019-04-29 09:30:00-04:00,IWM,1,1.0,0.1,3181,144.82,144.8565846334469,5.963424429089623,0.04061404157636245,False,3186,144.9,144.86339515683983,vertical,4.701562866604725e-05,6
2019-04-29 09:30:00-04:00,QQQ,1,1.0,0.1,3181,181.74,181.7755446848932,4.752241546105937,0.5174023220159383,False,3186,181.92,181.8844201107309,vertical,0.0005989552996605862,6
2019-04-29 09:30:00-04:00,SPY,1,1.0,0.1,3181,263.31,263.35811931784696,3.280101246755242,-0.25008243261500446,False,3186,263.33,263.2818770271974,vertical,-0.00028950043707409723,6
2019-04-29 09:30:00-04:00,TLT,-1,1.0,0.1,3181,99.13,99.11328682816357,8.715696181232087,1.4520992710493463,False,3186,98.93,98.94667945213132,vertical,0.00168097922452215,6
2019-04-30 09:30:00-04:00,DIA,1,1.0,0.1,3188,231.17,231.210272993004,3.7372469698397692,1.6420096206711081,False,3193,231.69,231.64963641584504,vertical,0.0019002763897706387,6
2019-04-30 09:30:00-04:00,IWM,1,1.0,0.1,3188,144.39,144.42605737909588,5.982922388242094,-6.8072965238247,False,3188,143.32406069899676,143.28826950853906,lower,-0.00787799578001569,1
2019-04-30 09:30:00-04:00,QQQ,-1,1.0,0.1,3188,180.16,180.1254324596953,4.7971565166527945,-2.1069402752672874,False,3193,180.53,180.56463853269986,vertical,-0.0024383345927723177,6
2019-04-30 09:30:00-04:00,SPY,1,1.0,0.1,3188,262.56,262.6069535564,3.2904303577526925,-3.35686054171375,False,3188,261.63355253195994,261.5867646519898,lower,-0.0038848510696084526,1
2019-04-30 09:30:00-04:00,TLT,-1,1.0,0.1,3188,99.15,99.13343109807353,8.716432817543446,-2.4683157949636874,False,3193,99.4,99.41661067928888,vertical,-0.0028565497842518717,6
2019-04-30 10:30:00-04:00,GLD,1,1.0,0.1,3189,121.2,121.21920045730357,7.120597070173741,-0.27343744004367854,False,3193,121.2,121.18079954269642,vertical,-0.00031678904383369844,5
2019-04-30 10:30:00-04:00,IWM,1,1.0,0.1,3189,143.55,143.58584761250236,6.011407795247937,3.295152865992453,False,3193,144.17,144.13399755977383,vertical,0.003817576428220004,5
2019-04-30 11:30:00-04:00,SPY,1,1.0,0.1,3190,262.85,262.8970054170466,3.2833978255261678,1.7266676385435298,False,3193,263.47,263.42288370846774,vertical,0.002000320584051085,4
2019-05-01 09:30:00-04:00,QQQ,1,1.0,0.1,3195,181.57,181.60488758651795,4.75347883840741,-5.866037116257703,False,3200,180.40550004221143,180.37083620737621,lower,-0.0067952542221850765,6
2019-05-01 09:30:00-04:00,TLT,1,1.0,0.1,3195,100.03,100.04642948470293,8.628543712555588,-2.1814928866060153,False,3200,99.81,99.79360664932322,vertical,-0.002527055055156713,6
2019-05-01 10:30:00-04:00,DIA,1,1.0,0.1,3196,232.35,232.39016883074135,3.7153850848400483,-3.723640366075333,False,3199,231.42795633986478,231.3879469126772,lower,-0.00431266917661266,4
2019-05-01 11:30:00-04:00,GLD,1,1.0,0.1,3197,120.88,120.89903909714583,7.139561044019681,3.5063788165304524,False,3198,121.40928122162832,121.3901587605133,upper,0.004062229667291639,2
2019-05-01 13:30:00-04:00,GLD,1,1.0,0.1,3199,121.43,121.44912572440784,7.112650770960979,-4.137026936707447,False,3199,120.88652237022303,120.86748224577708,lower,-0.004789194447974987,1
2019-05-01 13:30:00-04:00,IWM,-1,1.0,0.1,3199,144.3,144.26437051641332,5.9877932064866055,5.653224048962793,False,3200,143.28486688438164,143.32024571884372,lower,0.006544407286358966,2
2019-05-01 13:30:00-04:00,SPY,1,1.0,0.1,3199,264.05,264.0968375008163,3.2708654366736827,-3.255371467541254,False,3199,263.14825201168725,263.1015744639939,lower,-0.0037685534073058635,1
2019-05-01 14:30:00-04:00,DIA,-1,1.0,0.1,3200,231.33,231.29000750757305,3.7282424520756976,3.29530976101094,False,3200,230.36630408119518,230.40612996919668,lower,0.0038215119965674393,1
2019-05-01 14:30:00-04:00,GLD,-1,1.0,0.1,3200,120.455,120.43602784210209,7.159861049728141,0.05056846535287147,False,3200,120.41,120.42896507021285,vertical,5.864334797311965e-05,1
2019-05-01 14:30:00-04:00,SPY,-1,1.0,0.1,3200,262.91,262.86336471372994,3.280431358967538,3.0146237648735967,False,3200,261.8979371928173,261.94439295819154,lower,0.0034960054495961623,1
2019-05-02 09:30:00-04:00,GLD,-1,1.0,0.1,3202,119.72,119.70110782934701,7.208710590485193,-1.930641454992479,False,3207,119.95,119.96892846533436,vertical,-0.002237411506409437,6
2019-05-02 09:30:00-04:00,IWM,-1,1.0,0.1,3202,143.69,143.65439654490666,6.006712390681914,6.317618538620565,False,3202,142.56731148315356,142.6026367589011,lower,0.007321459080278037,1
2019-05-02 10:30:00-04:00,DIA,-1,1.0,0.1,3203,228.86,228.820607999356,3.7731383933663447,-1.882253831215598,False,3207,229.28,229.3194642921771,vertical,-0.002180119601913111,5
2019-05-02 10:30:00-04:00,IWM,-1,1.0,0.1,3203,142.16,142.1247756477412,6.074745358794324,-8.096556261216902,False,3205,143.42206091215888,143.45759797740405,upper,-0.009377832426390453,3
2019-05-02 10:30:00-04:00,QQQ,-1,1.0,0.1,3203,179.12,179.08559403151872,4.821000962723158,-0.9103736539482838,False,3207,179.24,179.27442901848252,vertical,-0.0010544398503129493,5
2019-05-02 10:30:00-04:00,SPY,-1,1.0,0.1,3203,260.34,260.29370919989003,3.3169138965735905,-2.6625128047211164,False,3207,261.05,261.09641704451377,vertical,-0.003083854185685686,5
2019-05-02 10:30:00-04:00,TLT,1,1.0,0.1,3203,99.23,99.24635731948648,8.699279697052237,0.7591476877295337,False,3207,99.35,99.33362289941567,vertical,0.000879282447095564,5
2019-05-03 09:30:00-04:00,DIA,-1,1.0,0.1,3209,230.04,229.9996408783174,3.7480497066528975,-4.579008219290747,False,3211,231.1807858529327,231.22134511856876,upper,-0.005311765860094297,3
2019-05-03 09:30:00-04:00,GLD,-1,1.0,0.1,3209,120.95,120.93098873303792,7.128446526037046,1.7965328288762732,False,3214,120.66,120.67896568393257,vertical,0.0020840237208488155,6
2019-05-03 09:30:00-04:00,IWM,1,1.0,0.1,3209,144.96,144.99650718925105,5.94531622337007,7.766092681003891,False,3214,146.33961575519325,146.30276111910538,upper,0.00900886480078733,6
2019-05-03 09:30:00-04:00,QQQ,1,1.0,0.1,3209,181.05,181.08580252322943,4.760450982421257,4.323447100357861,False,3214,182.03,181.99400368238912,vertical,0.005015308469824342,6
2019-05-03 09:30:00-04:00,SPY,-1,1.0,0.1,3209,262.44,262.39238559932227,3.2853471893068376,-3.828818951025229,False,3214,263.51,263.5578085304168,vertical,-0.004441527251000998,6
2019-05-03 09:30:00-04:00,TLT,1,1.0,0.1,3209,99.63,99.64646015431114,8.651085900987255,-0.5442861166965909,False,3214,99.6,99.58354480207375,vertical,-0.0006313857224828912,6
2019-05-06 09:30:00-04:00,DIA,-1,1.0,0.1,3216,228.64,228.6001965899904,3.773152846423841,-5.74386819326503,False,3220,230.082441436623,230.12249595793384,upper,-0.006659221604580656,5
2019-05-06 09:30:00-04:00,IWM,1,1.0,0.1,3216,145.03,145.06671142903465,5.945840185937629,7.7036610554398255,False,3220,146.3994082646141,146.3623501974058,upper,0.008931330665787884,5
2019-05-06 09:30:00-04:00,QQQ,-1,1.0,0.1,3216,179.78,179.74432595062783,4.798724398641075,-5.9580015048765205,False,3221,180.95,180.98590621445038,vertical,-0.006907479595008814,6
2019-05-06 09:30:00-04:00,SPY,-1,1.0,0.1,3216,260.84,260.79270978643854,3.307391081456622,-5.836546660205035,False,3220,262.50981490654846,262.5574078570503,upper,-0.006766669482658694,5
2019-05-06 09:30:00-04:00,TLT,1,1.0,0.1,3216,100.01,100.02644254056295,8.62315464340133,-1.231964201151484,False,3221,99.9,99.88357554442318,vertical,-0.0014282922846310386,6
2019-05-06 14:30:00-04:00,DIA,1,1.0,0.1,3221,230.58,230.62014114013303,3.735392435462746,-0.7480548803611192,False,3221,230.46,230.41987975039007,vertical,-0.0008683603641594928,1
2019-05-06 14:30:00-04:00,SPY,1,1.0,0.1,3221,262.64,262.6876165530201,3.2793960445650843,-0.8369153098278014,False,3221,262.48,262.43241245493175,vertical,-0.0009715117196507084,1
2019-05-07 09:30:00-04:00,DIA,-1,1.0,0.1,3223,228.13,228.09017279680677,3.776043057560457,6.158278406710179,False,3225,226.41976276392907,226.459291391898,lower,0.007150160767170011,3
2019-05-07 09:30:00-04:00,IWM,1,1.0,0.1,3223,144.97,145.00675254541213,5.939573836173033,-9.025497985487766,False,3225,143.52358527298378,143.487199420149,lower,-0.01047918871769249,3
2019-05-07 09:30:00-04:00,QQQ,-1,1.0,0.1,3223,178.61,178.57446145522562,4.8230766396744675,8.345309063499181,False,3225,176.80899379452055,176.8441739879167,lower,0.009689445249945527,3
2019-05-07 09:30:00-04:00,SPY,-1,1.0,0.1,3223,259.56,259.5127643889058,3.3188283262877802,6.331432477811374,False,3225,257.5581618392587,257.6050331490398,lower,0.007351203877613788,3
2019-05-07 09:30:00-04:00,TLT,1,1.0,0.1,3223,100.42,100.43640654516629,8.575359703852309,1.776366027708775,False,3228,100.66,100.64355424381161,vertical,0.002062476205300756,6
2019-05-07 10:30:00-04:00,GLD,1,1.0,0.1,3224,121.1683,121.18724341727942,7.112306291791662,0.1692979199480518,False,3228,121.23,121.21104693656028,vertical,0.0001964193475290088,5
2019-05-07 12:30:00-04:00,DIA,-1,1.0,0.1,3226,225.83,225.79057433350667,3.821126206685016,-2.288633412666794,False,3228,226.35,226.38951644870372,vertical,-0.0026526444558858664,3
2019-05-07 12:30:00-04:00,IWM,-1,1.0,0.1,3226,143.15,143.11370885786198,6.028592841969568,-2.668713883615246,False,3228,143.52,143.55638494390254,vertical,-0.0030931773732467693,3
2019-05-07 12:30:00-04:00,QQQ,-1,1.0,0.1,3226,176.64,176.6048534317846,4.885337316856237,-4.05700080103061,False,3228,177.4,177.43529778759856,vertical,-0.004702273689973779,3
2019-05-07 12:30:00-04:00,SPY,-1,1.0,0.1,3226,257.32,257.2731720317199,3.3535338099763066,-3.13155939162453,False,3228,258.16,258.2069808343354,vertical,-0.003629639247812344,3
2019-05-08 10:30:00-04:00,DIA,-1,1.0,0.1,3231,227.01,226.96938463141763,3.795398409032961,1.9693434657842075,False,3235,226.41,226.45050801991428,vertical,0.002286108376889473,5
2019-05-08 11:30:00-04:00,GLD,1,1.0,0.1,3232,120.85,120.86892028002151,7.128024831586635,0.08661699176131013,False,3235,120.9,120.88107189197683,vertical,0.00010053545549304488,4
2019-05-08 12:30:00-04:00,TLT,1,1.0,0.1,3233,100.25,100.2662809274343,8.591321697539353,-0.3656486346330229,False,3235,100.24,100.22372069659836,vertical,-0.0004244720203269159,3
2019-05-08 14:30:00-04:00,SPY,-1,1.0,0.1,3235,259.2,259.1514214421441,3.322984376051376,4.5628509487410005,False,3235,257.73,257.77830305446065,vertical,0.005298517677588821,1
2019-05-09 09:30:00-04:00,DIA,-1,1.0,0.1,3237,223.28,223.2392720636684,3.8616169531343703,-8.280155343167026,False,3239,225.34238768382826,225.38349181504645,upper,-0.009605029310284285,3
2019-05-09 09:30:00-04:00,GLD,1,1.0,0.1,3237,121.54,121.55910320724367,7.091731798454629,-2.681759474268459,False,3242,121.2,121.18095023269761,vertical,-0.0031108568965119154,6
2019-05-09 09:30:00-04:00,IWM,-1,1.0,0.1,3237,140.25,140.2143403251605,6.148191088067662,-10.907627605355966,False,3239,141.9523676199088,141.98846013521737,upper,-0.012652912718789322,3
2019-05-09 09:30:00-04:00,QQQ,-1,1.0,0.1,3237,173.72,173.6832033923174,4.963430779539444,-10.817869661640872,False,3239,175.8254753741165,175.86271795434877,upper,-0.012548792971697198,3
2019-05-09 09:30:00-04:00,SPY,-1,1.0,0.1,3237,254.28,254.23132492765515,3.390866793664194,-8.322899364452296,False,3239,256.6367036879322,256.68582988786284,upper,-0.009654612628503312,3
2019-05-09 09:30:00-04:00,TLT,1,1.0,0.1,3237,100.89,100.90651924513472,8.543199825495943,-4.777742596116321,False,3239,100.36370722283417,100.34727415035678,lower,-0.005542209749791804,3
2019-05-09 13:30:00-04:00,DIA,-1,1.0,0.1,3241,225.55,225.5088579987478,3.8026967977530326,0.37170916600911885,False,3242,225.37,225.4111091679105,vertical,0.000433458941279552,2
2019-05-10 09:30:00-04:00,DIA,-1,1.0,0.1,3244,223.67,223.6278894087359,3.834597399214376,-8.457138329718116,False,3248,225.7908622476533,225.83337213593194,upper,-0.009862288344388626,5
2019-05-10 09:30:00-04:00,IWM,-1,1.0,0.1,3244,141.06,141.02321415859885,6.080721732481174,-10.994019734564379,False,3248,142.79398843317372,142.8312264667165,upper,-0.012820671539114814,5
2019-05-10 09:30:00-04:00,QQQ,-1,1.0,0.1,3244,174.12,174.08154050131085,4.925984229281803,-10.992407898710985,False,3248,176.27412024297848,176.31305554217684,upper,-0.01281879189740498,5
2019-05-10 09:30:00-04:00,SPY,-1,1.0,0.1,3244,254.83,254.77959762588128,3.3657440827649263,-8.570490894995764,False,3248,257.2750998036835,257.3259857897595,upper,-0.009994474391223918,5
2019-05-10 10:30:00-04:00,TLT,1,1.0,0.1,3245,100.93,100.9467216548678,8.511651567695191,-4.522256353388893,False,3248,100.43205894782535,100.41541978972185,lower,-0.005263190883627145,4
2019-05-10 14:30:00-04:00,DIA,-1,1.0,0.1,3249,227.0,226.95726246605736,3.7591627715592355,1.295429627573897,False,3249,226.57,226.61265657738056,vertical,0.0015183734811232696,1
2019-05-10 14:30:00-04:00,QQQ,-1,1.0,0.1,3249,176.9,176.86092645693714,4.823955798994044,2.952286615185196,False,3249,176.21,176.24892113636582,vertical,0.003460376086632855,1
2019-05-10 14:30:00-04:00,SPY,-1,1.0,0.1,3249,258.73,258.67882625179243,3.2981798478045676,1.608750541331872,False,3249,258.14,258.19105705315314,vertical,0.0018856170244274661,1
2019-05-13 09:30:00-04:00,DIA,-1,1.0,0.1,3251,221.81,221.7668156020505,3.8497867057253097,2.324368552544382,False,3256,221.12,221.16305006119921,vertical,0.0027225242839520325,6
2019-05-13 09:30:00-04:00,GLD,1,1.0,0.1,3251,122.459,122.47839666670174,6.970657370696305,1.2001607037709145,False,3256,122.67,122.65056991234371,vertical,0.0014057437909682502,6
2019-05-13 09:30:00-04:00,IWM,-1,1.0,0.1,3251,138.78,138.74337223167117,6.153482683484338,3.365389510436975,False,3256,138.16,138.19646413368147,vertical,0.0039418682794915005,6
2019-05-13 09:30:00-04:00,QQQ,-1,1.0,0.1,3251,170.84,170.8009242211382,4.998538165814856,3.4091143717991694,False,3256,170.08,170.118901946083,vertical,0.003993083047795221,6
2019-05-13 09:30:00-04:00,SPY,-1,1.0,0.1,3251,252.48,252.42822994187154,3.382169017595261,1.9163277140547688,False,3256,251.81,251.86163267719158,vertical,0.0022445875598400278,6
2019-05-13 09:30:00-04:00,TLT,1,1.0,0.1,3251,101.09,101.10674999953197,8.444094370353733,1.4900888458808608,False,3256,101.3,101.28321520474242,vertical,0.001745335550902949,6
2019-05-14 09:30:00-04:00,DIA,-1,1.0,0.1,3258,222.73,222.68546046050767,3.8400597941027765,-1.2638676364270507,False,3263,222.97,223.01458753253087,vertical,-0.0014779908456643565,6
2019-05-14 09:30:00-04:00,GLD,1,1.0,0.1,3258,122.395,122.41450174455382,6.98549167998148,0.04183849060949098,False,3263,122.44,122.42049108539426,vertical,4.8926726450515545e-05,6
2019-05-14 09:30:00-04:00,IWM,-1,1.0,0.1,3258,139.18,139.14180113275322,6.145712334353038,-5.080067798365053,False,3263,139.93,139.9684047096842,vertical,-0.00594072787761557,6
2019-05-14 09:30:00-04:00,QQQ,-1,1.0,0.1,3258,171.74,171.6989357198162,4.980377309042148,-1.2558978045562614,False,3263,171.91,171.95110492841735,vertical,-0.0014686707727336046,6
2019-05-14 09:30:00-04:00,SPY,-1,1.0,0.1,3258,254.03,253.9760624041739,3.3669530716828917,-0.026443910996336455,False,3263,253.93,253.98391636305996,vertical,-3.092401233306674e-05,6
2019-05-14 09:30:00-04:00,TLT,1,1.0,0.1,3258,101.06,101.07686371191983,8.460150543282197,-0.7928634118535506,False,3263,101.0,100.98314630017907,vertical,-0.0009271895496071325,6
2019-05-15 09:30:00-04:00,TLT,1,1.0,0.1,3265,101.4,101.41689141752559,8.423525325001954,1.3156326356414338,False,3270,101.59,101.57307693188933,vertical,0.0015400345266030069,6
2019-05-15 10:30:00-04:00,QQQ,-1,1.0,0.1,3266,174.14,174.09748650829226,4.9065784962813535,-1.3005913130191595,False,3270,174.32,174.36255743582453,vertical,-0.0015225431041454573,5
2019-05-15 13:30:00-04:00,DIA,1,1.0,0.1,3269,224.39,224.43521095901696,3.8054057334330667,-1.7518085174123308,False,3270,224.02,223.9748635900041,vertical,-0.0020511370165393616,2
2019-05-15 13:30:00-04:00,IWM,1,1.0,0.1,3269,140.41,140.44909385790643,6.08097222351445,-0.718628492878245,False,3270,140.37,140.33091727915158,vertical,-0.0008414193036689888,2
2019-05-15 13:30:00-04:00,SPY,1,1.0,0.1,3269,255.91,255.96532000248507,3.336651381364519,-1.803617067663801,False,3270,255.48,255.4247729505104,vertical,-0.0021117980043914297,2
2019-05-16 09:30:00-04:00,DIA,1,1.0,0.1,3272,226.12,226.16637403943594,3.775370479318387,-0.9163477895567724,False,3277,225.97,225.92365672345952,vertical,-0.00107318038327886,6
2019-05-16 09:30:00-04:00,GLD,-1,1.0,0.1,3272,121.81,121.79056468651176,7.010903136550869,3.7405924565630366,False,3273,121.2376813740043,121.25702537157504,lower,0.004380793506541747,2
2019-05-16 09:30:00-04:00,IWM,1,1.0,0.1,3272,142.21,142.25033032715555,6.002529835953322,-6.064937593121228,False,3277,141.28,141.23993341803998,vertical,-0.0071029494749980104,6
2019-05-16 09:30:00-04:00,QQQ,1,1.0,0.1,3272,176.52,176.56400853096267,4.835990409751213,-2.359563563344452,False,3277,176.12,176.0760911937846,vertical,-0.0027634020162863315,6
2019-05-16 09:30:00-04:00,SPY,1,1.0,0.1,3272,258.43,258.4868720089742,3.303308385941249,-2.4893836871049912,False,3277,257.79,257.73326883413904,vertical,-0.0029154408074116844,6
2019-05-16 09:30:00-04:00,TLT,-1,1.0,0.1,3272,101.16,101.14308050617156,8.44211831090972,-1.2988963727898646,False,3277,101.28,101.2969395644024,vertical,-0.001521202018574641,6
2019-05-17 09:30:00-04:00,GLD,-1,1.0,0.1,3279,120.72,120.70077709038378,7.066425079180239,0.223054020130158,False,3284,120.65,120.6692117631312,vertical,0.0002615171833478813,6
2019-05-17 09:30:00-04:00,IWM,1,1.0,0.1,3279,140.39,140.42989387871475,6.073656931227738,-7.224446889791869,False,3284,139.28,139.24042154407442,vertical,-0.008470221701282754,6
2019-05-17 10:30:00-04:00,TLT,1,1.0,0.1,3280,101.42,101.43692258680413,8.412684207800101,0.4722864871794375,False,3284,101.51,101.49306239611036,vertical,0.0005534455095301816,5
2019-05-17 11:30:00-04:00,QQQ,1,1.0,0.1,3281,175.37,175.41429462580405,4.862191594186709,-5.534749601001475,False,3284,174.32,174.27597058122734,vertical,-0.006489345962397142,4
2019-05-17 14:30:00-04:00,SPY,1,1.0,0.1,3284,256.76,256.8171019924692,3.3190330360550773,-2.1045601476981366,False,3284,256.24,256.18301365263164,vertical,-0.002469026925847606,1
2019-05-20 09:30:00-04:00,IWM,-1,1.0,0.1,3286,138.42,138.3801864411398,6.153382059917246,0.3101936756991222,False,3291,138.29,138.3297761671346,vertical,0.00036428823592205006,6
2019-05-20 09:30:00-04:00,QQQ,-1,1.0,0.1,3286,172.12,172.0756645305803,4.948440321400524,3.1250119247409405,False,3291,171.4,171.44415000847397,vertical,0.003669981596927663,6
2019-05-20 12:30:00-04:00,SPY,-1,1.0,0.1,3289,254.96,254.90208997929312,3.3397350777496526,1.1164138849187495,False,3291,254.51,254.56780781051972,vertical,0.0013114139974315098,3
2019-05-20 12:30:00-04:00,TLT,1,1.0,0.1,3289,101.29,101.30694180230411,8.403229197825627,-0.20071345886486536,False,3291,101.3,101.28305652509225,vertical,-0.00023577137742913923,3
2019-05-21 09:30:00-04:00,DIA,-1,1.0,0.1,3293,225.55,225.5017799754784,3.7779801445035375,-2.518257655621413,False,3298,226.12,226.16834188403823,vertical,-0.0029559053087400144,6
2019-05-21 09:30:00-04:00,GLD,-1,1.0,0.1,3293,120.15,120.13072359527567,7.091784864026796,-1.6919927590665351,False,3298,120.35,120.3693084919565,vertical,-0.0019860439489620685,6
2019-05-21 09:30:00-04:00,IWM,-1,1.0,0.1,3293,139.93,139.88949112664966,6.090101839932018,-2.199128496584851,False,3298,140.21,140.2505899316262,vertical,-0.0025813147368562994,6
2019-05-21 09:30:00-04:00,SPY,-1,1.0,0.1,3293,256.22,256.16084219871135,3.325805927186511,-2.2231103287567713,False,3298,256.77,256.82928478899726,vertical,-0.002609464368357184,6
2019-05-21 10:30:00-04:00,QQQ,-1,1.0,0.1,3294,173.29,173.24451437004615,4.914569559369776,0.24113575213142674,False,3298,173.15,173.19544888237354,vertical,0.0002832152455217729,5
2019-05-21 10:30:00-04:00,TLT,-1,1.0,0.1,3294,101.09,101.0730777830414,8.423827940398237,-0.6221092107964367,False,3298,101.13,101.14692891286006,vertical,-0.0007306706339464952,5
2019-05-22 09:30:00-04:00,TLT,-1,1.0,0.1,3300,101.55,101.5329764358227,8.38190636089174,-1.4590434490293798,False,3305,101.69,101.70704703339428,vertical,-0.0017144242558633227,6
2019-05-22 11:30:00-04:00,IWM,1,1.0,0.1,3302,138.97,139.0104345979474,6.121062235326591,-0.7397766312346991,False,3305,138.93,138.88957704042002,vertical,-0.0008694135650818557,4
2019-05-22 12:30:00-04:00,QQQ,1,1.0,0.1,3303,172.35,172.39595933071104,4.934717313943907,-0.05892049731480778,False,3305,172.43,172.3840193362663,vertical,-6.925913165878317e-05,3
2019-05-23 09:30:00-04:00,DIA,-1,1.0,0.1,3307,222.32,222.27170728961403,3.8278111836399753,-2.284032087299133,False,3312,222.82,222.8684013211956,vertical,-0.0026845253444878203,6
2019-05-23 09:30:00-04:00,GLD,1,1.0,0.1,3307,121.2,121.21945398969004,7.018791942770994,-0.4836169725679131,False,3312,121.17,121.15055082565395,vertical,-0.0005684167166926102,6
2019-05-23 09:30:00-04:00,IWM,-1,1.0,0.1,3307,136.86,136.82036776401642,6.218475661733301,3.736883777414487,False,3312,136.18,136.21943532000765,vertical,0.004392127092109899,6
2019-05-23 09:30:00-04:00,QQQ,-1,1.0,0.1,3307,170.0,169.9541357307286,5.006139587670557,0.4922172685832515,False,3312,169.81,169.85581300920572,vertical,0.0005785250302979827,6
2019-05-23 09:30:00-04:00,SPY,-1,1.0,0.1,3307,252.94,252.8805024709684,3.3644908114954895,-0.5349690682705459,False,3312,252.98,253.0395069379869,vertical,-0.0006287731377661032,6
2019-05-23 09:30:00-04:00,TLT,1,1.0,0.1,3307,102.58,102.5971753481899,8.292763656333413,3.961820690352061,False,3309,103.09218076744376,103.07491966293668,upper,0.004656505533660482,3
2019-05-24 09:30:00-04:00,IWM,-1,1.0,0.1,3314,137.23,137.18950219042296,6.205306847379066,-1.1233164790791548,False,3319,137.33,137.37052732047815,vertical,-0.001319526109249347,6
2019-05-24 09:30:00-04:00,QQQ,-1,1.0,0.1,3314,170.41,170.36278685268292,4.997000654062442,3.326924423055644,False,3319,169.65,169.69700258460384,vertical,0.003908038136607894,6
2019-05-24 09:30:00-04:00,SPY,-1,1.0,0.1,3314,253.71,253.64889256268046,3.3562257998835423,0.42907782590005816,False,3319,253.46,253.52104722345598,vertical,0.0005040248271255265,6
2019-05-24 09:30:00-04:00,TLT,1,1.0,0.1,3314,102.71,102.72732201824425,8.287015962312019,1.6185965391784056,False,3319,102.94,102.92263919230781,vertical,0.0019013167113308693,6
2019-05-28 09:30:00-04:00,DIA,-1,1.0,0.1,3321,224.22,224.1702667505169,3.7994694742883355,6.383614645911509,False,3326,222.4407949808244,222.49013359268776,lower,0.007494897437486658,6
2019-05-28 09:30:00-04:00,GLD,1,1.0,0.1,3321,120.67,120.6892821492004,7.057197378212307,0.7156938912697491,False,3326,120.81,120.79069547986326,vertical,0.0008402844797559261,6
2019-05-28 09:30:00-04:00,TLT,1,1.0,0.1,3321,103.29,103.30747327036535,8.244593141220385,3.5571636462369995,False,3322,103.75647956981584,103.73892738645172,upper,0.004176407595965603,2
2019-05-28 11:30:00-04:00,IWM,1,1.0,0.1,3323,137.7,137.74072451596953,6.186348246988324,-8.976662621155535,False,3326,136.33,136.2896806589533,vertical,-0.01053460305305709,4
2019-05-28 11:30:00-04:00,TLT,1,1.0,0.1,3323,103.69,103.7075409372077,8.216491124441974,-0.2060988981186785,False,3326,103.7,103.68245737112125,vertical,-0.00024186829481998018,4
2019-05-28 14:30:00-04:00,QQQ,1,1.0,0.1,3326,169.41,169.4574935016894,5.028092166720723,-2.236942303155736,False,3326,169.06,169.0126046195879,vertical,-0.00262537154839404,1
2019-05-28 14:30:00-04:00,SPY,-1,1.0,0.1,3326,252.04,251.97873508006052,3.381427783567742,2.6635214476973412,False,3326,251.13,251.19104372061736,vertical,0.0031260231510920056,1
2019-05-29 09:30:00-04:00,DIA,-1,1.0,0.1,3328,220.41,220.3607264153083,3.8660160927993235,6.290138270706795,False,3329,218.68480485622604,218.73369276627034,lower,0.007383501023551453,2
2019-05-29 09:30:00-04:00,IWM,-1,1.0,0.1,3328,135.61,135.5698357641348,6.283979837703005,2.449562769888451,False,3333,135.14,135.18002503380887,vertical,0.0028753500225826567,6
2019-05-29 09:30:00-04:00,SPY,-1,1.0,0.1,3328,250.27,250.20864759198457,3.40483081916399,6.344606332073931,False,3329,248.2843688570369,248.34523449775284,lower,0.0074474368178928385,2
2019-05-29 09:30:00-04:00,TLT,1,1.0,0.1,3328,104.34,104.3577690942905,8.163437393652947,-3.0652098122599236,False,3333,104.0,103.98228880768438,vertical,-0.0035980099025196832,6
2019-05-29 10:30:00-04:00,QQQ,-1,1.0,0.1,3329,167.36,167.3125170086462,5.100031381783337,-2.2188321313055384,False,3333,167.7,167.74757945536584,vertical,-0.0026002982591979418,5
2019-05-29 11:30:00-04:00,GLD,-1,1.0,0.1,3330,120.9662,120.94690932305097,7.057460541008353,0.4773354510548649,False,3333,120.86,120.87927374106206,vertical,0.0005592171173903759,4
2019-05-30 09:30:00-04:00,DIA,-1,1.0,0.1,3335,220.35,220.29969802125225,3.871752355049816,0.38501363206433825,False,3340,220.15,220.20025632231142,vertical,0.0004513928064088235,6
2019-05-30 09:30:00-04:00,IWM,-1,1.0,0.1,3335,135.89,135.84940576832014,6.278613217382599,7.940142668549855,False,3338,134.54458026095423,134.58477257725698,lower,0.009309081507650308,4
2019-05-30 09:30:00-04:00,QQQ,-1,1.0,0.1,3335,168.53,168.4813209833785,5.062554529203235,0.2160820029075603,False,3340,168.39,168.4386385783474,vertical,0.0002533361252273769,6
2019-05-30 09:30:00-04:00,SPY,-1,1.0,0.1,3335,250.69,250.62731508200662,3.4032438736833543,1.5817518371405022,False,3340,250.1,250.16253738876756,vertical,0.001854457456430758,6
2019-05-30 10:30:00-04:00,GLD,1,1.0,0.1,3336,121.54,121.5595306591075,7.023922487008255,0.708827459216123,False,3340,121.68,121.66044684383579,vertical,0.0008301791244267331,5
2019-05-30 10:30:00-04:00,TLT,1,1.0,0.1,3336,104.3,104.31784692134521,8.184838415524922,3.8332146552782675,False,3339,104.80411123570121,104.78617805516545,upper,0.004489463190065379,4
2019-05-30 14:30:00-04:00,TLT,1,1.0,0.1,3340,104.77,104.78792734371369,8.157112417990998,0.6046581146599279,False,3340,104.88,104.86205383402984,vertical,0.0007073953287863866,1
2019-05-31 09:30:00-04:00,DIA,-1,1.0,0.1,3342,217.86,217.80970904794097,3.9230245860135415,2.62684095560866,False,3347,217.09,217.1401132047301,vertical,0.003074224037751594,6
2019-05-31 09:30:00-04:00,GLD,1,1.0,0.1,3342,122.69,122.70967712423302,6.963369668086145,4.212788568744575,False,3344,123.33445041397479,123.3146699322484,upper,0.004930277890005996,3
2019-05-31 09:30:00-04:00,IWM,-1,1.0,0.1,3342,133.08,133.0402758479657,6.422662898294,0.0679425298210106,False,3347,132.99,133.0296972871885,vertical,7.951397206418243e-05,6
2019-05-31 09:30:00-04:00,QQQ,-1,1.0,0.1,3342,166.36,166.3116940907262,5.137779687346563,3.2552979875552883,False,3347,165.63,165.67809393936656,vertical,0.003809714974185807,6
2019-05-31 09:30:00-04:00,SPY,-1,1.0,0.1,3342,247.36,247.29722262660624,3.455246422066357,1.5016064737135928,False,3347,246.8,246.86263525126773,vertical,0.0017573483871862194,6
2019-05-31 09:30:00-04:00,TLT,1,1.0,0.1,3342,105.73,105.74810313403715,8.080266391014812,3.504518664642567,False,3347,106.2,106.18181639236977,vertical,0.004101380974965485,6
2019-06-03 09:30:00-04:00,GLD,1,1.0,0.1,3349,124.4135,124.43350037434223,6.879093978795112,4.798733498077486,False,3353,125.1512015375828,125.13108257235692,upper,0.005606064250512022,5
2019-06-03 09:30:00-04:00,IWM,-1,1.0,0.1,3349,133.84,133.8000908795205,6.397527367573374,8.353953789782878,False,3351,132.45478503206505,132.49428110180452,lower,0.009759408750266041,3
2019-06-03 09:30:00-04:00,QQQ,-1,1.0,0.1,3349,164.46,164.41171446632396,5.2063792775597335,8.063543809982399,False,3350,162.81513038579095,162.86293298497137,lower,0.009420140689973877,2
2019-06-03 09:30:00-04:00,TLT,1,1.0,0.1,3349,106.43,106.44826646438185,8.04136855974029,4.128769341608419,False,3353,106.98006846411745,106.96170759208732,upper,0.00482338646517344,5
2019-06-03 11:30:00-04:00,DIA,-1,1.0,0.1,3351,216.55,216.49964211351545,3.962066607801578,-2.7372055041218815,False,3354,217.14,217.19049508876128,vertical,-0.0031910120889881988,4
2019-06-03 11:30:00-04:00,QQQ,-1,1.0,0.1,3351,162.61,162.56225762719774,5.276661478127987,2.135264675334765,False,3354,162.11,162.15759557256612,vertical,0.002489274328113855,4
2019-06-03 11:30:00-04:00,SPY,-1,1.0,0.1,3351,245.5,245.43734152933135,3.4949286741538503,-2.5005079715165506,False,3354,246.09,246.15280905518063,vertical,-0.0029150720154935694,4
2019-06-03 13:30:00-04:00,IWM,-1,1.0,0.1,3353,133.82,133.7800968432265,6.408941434148657,2.629843728673702,False,3354,133.33,133.3697570459768,vertical,0.0030672708940445714,2
2019-06-03 14:30:00-04:00,TLT,1,1.0,0.1,3354,106.98,106.9983608602797,8.03514338848136,-1.0181030794722166,False,3354,106.89,106.87165458632177,vertical,-0.0011841889253181304,1
2019-06-04 09:30:00-04:00,DIA,1,1.0,0.1,3356,220.14,220.1910247990867,3.8983204387989754,5.448303274881826,False,3361,221.64,221.58862752580364,vertical,0.0063472284031202975,6
2019-06-04 09:30:00-04:00,IWM,1,1.0,0.1,3356,135.11,135.1504603783813,6.351256000247245,-10.77378280507242,False,3359,133.49411367472143,133.45413719369893,lower,-0.0125513681561511,4
2019-06-04 09:30:00-04:00,QQQ,-1,1.0,0.1,3356,164.58,164.53132062253107,5.217092825649058,-11.204851931977396,False,3361,166.62975445779924,166.67904011045937,upper,-0.013053560135553921,6
2019-06-04 09:30:00-04:00,SPY,-1,1.0,0.1,3356,249.2,249.1362403667874,3.4454046956421944,-8.090110904382296,False,3361,251.42,251.48432763636558,vertical,-0.009424912514218065,6
2019-06-04 09:30:00-04:00,TLT,1,1.0,0.1,3356,106.03,106.04825962677715,8.094193864522717,-2.8852899014460824,False,3361,105.71,105.69179548102788,vertical,-0.0033613389508115876,6
2019-06-04 10:30:00-04:00,GLD,1,1.0,0.1,3357,124.65,124.67028318636058,6.8805787293077465,4.583978177740782,False,3361,125.35690125756915,125.33650304345129,upper,0.0053438545262212145,5
2019-06-04 14:30:00-04:00,IWM,1,1.0,0.1,3361,136.54,136.58088860975636,6.269175528852993,1.1794947559998197,False,3361,136.81,136.76903053536864,vertical,0.001377512824285665,1
2019-06-05 09:30:00-04:00,GLD,1,1.0,0.1,3363,125.83,125.8505806338642,6.803313438591775,-2.864869270056155,False,3368,125.45,125.42948151857058,vertical,-0.0033460244138142636,6
2019-06-05 10:30:00-04:00,DIA,1,1.0,0.1,3364,222.92,222.97234462581827,3.8385980427418662,1.9775119901897182,False,3368,223.54,223.4875097898106,vertical,0.0023104442161059335,5
2019-06-05 10:30:00-04:00,QQQ,1,1.0,0.1,3364,167.37,167.41990414243602,5.112302566713065,1.8918156260438304,False,3368,167.84,167.78995571926595,vertical,0.002210320085448636,5
2019-06-05 10:30:00-04:00,SPY,1,1.0,0.1,3364,252.5,252.5650746767923,3.3888343697620433,3.1163044413968914,False,3368,253.55,253.4846547156408,vertical,0.003640962789591029,5
2019-06-05 10:30:00-04:00,TLT,-1,1.0,0.1,3364,105.29,105.27164954713528,8.13040556833872,1.4906077181793291,False,3368,105.07,105.0883121101956,vertical,0.0017415651576504487,5
2019-06-06 09:30:00-04:00,GLD,1,1.0,0.1,3370,126.245,126.26597767298769,6.785375596191263,-2.6930908544291783,False,3375,125.89,125.86908131607255,vertical,-0.003143335712673445,6
2019-06-06 09:30:00-04:00,IWM,1,1.0,0.1,3370,135.59,135.6302598035189,6.316894804836855,5.301183751619763,False,3375,136.51,136.46946702722644,vertical,0.006187463069990962,6
2019-06-06 09:30:00-04:00,TLT,-1,1.0,0.1,3370,106.1,106.08122512990674,8.076472368058846,5.54947146848822,False,3374,105.37546270755563,105.39410936753065,lower,0.00647726081155886,5
2019-06-06 10:30:00-04:00,DIA,1,1.0,0.1,3371,224.38,224.4327259531497,3.8175606222077616,2.803428338994121,False,3375,225.22,225.16707665937972,vertical,0.0032720304185196447,5
2019-06-06 10:30:00-04:00,SPY,1,1.0,0.1,3371,254.32,254.38574111403238,3.368056453091145,2.5202839535998147,False,3375,255.2,255.13403140806435,vertical,0.00294155753681391,5
2019-06-06 14:30:00-04:00,QQQ,1,1.0,0.1,3375,169.18,169.23104390002405,5.072306900402583,-0.6192361829634894,False,3375,169.16,169.10896213424715,vertical,-0.000721391081467404,1
2019-06-07 09:30:00-04:00,DIA,1,1.0,0.1,3377,227.22,227.2726788110912,3.7754132703837278,0.4326297899004774,False,3382,227.44,227.38727018398652,vertical,0.0005042021482510872,6
2019-06-07 09:30:00-04:00,GLD,1,1.0,0.1,3377,127.05,127.07112228329898,6.752504205212533,-3.3908921448406515,False,3382,126.59,126.56895419250044,vertical,-0.003951866338907206,6
2019-06-07 09:30:00-04:00,QQQ,1,1.0,0.1,3377,171.84,171.89115699086707,4.991811694098041,2.283850219668147,False,3382,172.4,172.34867629640667,vertical,0.002661680295536595,6
2019-06-07 09:30:00-04:00,SPY,1,1.0,0.1,3377,257.57,257.6356154553189,3.3304723264391276,0.29545634067117066,False,3382,257.79,257.72432850011006,vertical,0.0003443353304797281,6
2019-06-07 09:30:00-04:00,TLT,1,1.0,0.1,3377,106.42,106.43881624514218,8.06142268251892,-0.7869712507526156,False,3382,106.36,106.34119436352826,vertical,-0.0009171642926681933,6
2019-06-07 11:30:00-04:00,IWM,1,1.0,0.1,3379,137.57,137.61114722552549,6.238440066197557,-1.511240864186304,False,3382,137.41,137.36890063051933,vertical,-0.0017603704343016613,4
2019-06-10 09:30:00-04:00,DIA,1,1.0,0.1,3384,228.96,229.0127900690984,3.7455574884236222,-3.540999349461377,False,3389,228.12,228.0674036051593,vertical,-0.004128094608400912,6
2019-06-10 09:30:00-04:00,GLD,1,1.0,0.1,3384,125.51,125.53097811970379,6.833218251276082,-1.516469843659243,False,3389,125.33,125.30905196603878,vertical,-0.0017678995016942034,6
2019-06-10 09:30:00-04:00,IWM,1,1.0,0.1,3384,139.16,139.20183037802803,6.162135716596818,-6.059784018265371,False,3389,138.26,138.21844015474161,vertical,-0.007064492044507209,6
2019-06-10 09:30:00-04:00,QQQ,1,1.0,0.1,3384,175.06,175.11183150755153,4.898472955273199,-3.8377658593117454,False,3389,174.38,174.3283698258492,vertical,-0.004474064801661015,6
2019-06-10 09:30:00-04:00,SPY,1,1.0,0.1,3384,259.81,259.8758504486203,3.3007321353920456,-3.2396205965672635,False,3389,258.96,258.8943649891277,vertical,-0.003776747465369601,6
2019-06-10 09:30:00-04:00,TLT,1,1.0,0.1,3384,105.36,105.37853703863615,8.139993160785677,-0.2203971253351539,False,3389,105.37,105.35146120196384,vertical,-0.0002569388172696252,6
2019-06-11 09:30:00-04:00,DIA,1,1.0,0.1,3391,229.24,229.291724267717,3.732969734701192,-7.073314167795598,False,3393,227.44822198496735,227.3969020027404,lower,-0.008263805730573281,3
2019-06-11 09:30:00-04:00,GLD,-1,1.0,0.1,3391,124.97,124.94901980507404,6.8503063765057215,-1.8632765024458735,False,3396,125.2,125.22101880775169,vertical,-0.0021768798434911307,6
2019-06-11 09:30:00-04:00,QQQ,1,1.0,0.1,3391,176.06,176.1109666464333,4.86022581902723,-7.249177035593778,False,3396,174.67,174.619435737064,vertical,-0.008469267631491362,6
2019-06-11 09:30:00-04:00,SPY,1,1.0,0.1,3391,260.4,260.4647202116443,3.286199629697769,-7.36077352862095,False,3393,258.2890111970571,258.2248156537773,lower,-0.008599646647142634,3
2019-06-11 11:30:00-04:00,IWM,1,1.0,0.1,3393,137.39,137.43076659570346,6.212571237442794,2.28829676487572,False,3396,137.84,137.79909987952712,vertical,0.002680137009693162,4
2019-06-12 09:30:00-04:00,GLD,-1,1.0,0.1,3398,125.87,125.84883452690643,6.784435039637459,0.05208723871229244,False,3403,125.82,125.84115706542173,vertical,6.1005423797277913e-05,6
2019-06-12 13:30:00-04:00,QQQ,-1,1.0,0.1,3402,173.59,173.54007640332907,4.920090061934366,-0.9834076891419637,False,3403,173.69,173.73995235615976,vertical,-0.0011517567409971008,2
2019-06-13 09:30:00-04:00,IWM,1,1.0,0.1,3405,138.88,138.92000950920328,6.145407804339946,2.9486874397750524,False,3410,139.44,139.39982916213057,vertical,0.0034539275848199935,6
2019-06-13 09:30:00-04:00,QQQ,1,1.0,0.1,3405,174.81,174.85872286148827,4.88234213681807,-0.9150516795353655,False,3410,174.72,174.6713022232182,vertical,-0.0010718403703460222,6
2019-06-13 09:30:00-04:00,SPY,1,1.0,0.1,3405,259.47,259.53135568110474,3.2894680813282275,0.02387462146217925,False,3410,259.6,259.53861357839145,vertical,2.7965396580453827e-05,6
2019-06-13 09:30:00-04:00,TLT,1,1.0,0.1,3405,105.62,105.63827984475637,8.081541197674225,1.6437755655960338,False,3410,105.86,105.84167861800881,vertical,0.0019254267823307636,6
2019-06-13 10:30:00-04:00,GLD,1,1.0,0.1,3406,126.4,126.42116905899623,6.7519615668161626,1.0643008085745194,False,3410,126.6,126.57879744565726,vertical,0.0012468512024870204,5
2019-06-13 12:30:00-04:00,DIA,-1,1.0,0.1,3408,228.61,228.56121077899405,3.7368139569187155,-0.47676082768137784,False,3410,228.64,228.68879562351077,vertical,-0.0005582086482736059,3
2019-06-14 09:30:00-04:00,GLD,1,1.0,0.1,3412,127.12,127.14120508214562,6.718113082676799,-5.179829698078526,False,3415,126.39126411501138,126.3701805944163,lower,-0.006064316342063614,4
2019-06-14 09:30:00-04:00,QQQ,-1,1.0,0.1,3412,173.66,173.6118596406296,4.919876988690257,-1.6547870917381124,False,3417,173.9,173.94820688986817,vertical,-0.0019373518026637448,6
2019-06-14 09:30:00-04:00,TLT,1,1.0,0.1,3412,106.1,106.11824471398842,8.049030546177733,-0.13275159133312345,False,3417,106.12,106.10175184685721,vertical,-0.00015541971294052992,6
2019-06-14 11:30:00-04:00,IWM,1,1.0,0.1,3414,138.41,138.44958282662924,6.1688159521492345,-1.2900750759844257,False,3417,138.28,138.24045435108525,vertical,-0.0015105027496244983,4
2019-06-14 14:30:00-04:00,DIA,1,1.0,0.1,3417,228.97,229.01843084816565,3.7260516334542926,-1.9255223574769715,False,3417,228.55,228.5016579886087,vertical,-0.0022564684320082184,1
2019-06-17 09:30:00-04:00,IWM,1,1.0,0.1,3419,139.24,139.2796380852418,6.1253081093308355,-0.6080622577389598,False,3424,139.22,139.18036760824936,vertical,-0.0007127422095374314,6
2019-06-17 09:30:00-04:00,QQQ,1,1.0,0.1,3419,175.24,175.28826416860755,4.867015488313466,-1.734880419284028,False,3424,174.98,174.9318074399512,vertical,-0.0020335458870964773,6
2019-06-17 09:30:00-04:00,SPY,1,1.0,0.1,3419,259.86,259.9201295721831,3.282280206740472,-1.8714085299767154,False,3424,259.41,259.3499745542984,vertical,-0.002193577768767496,6
2019-06-17 13:30:00-04:00,TLT,1,1.0,0.1,3423,106.36,106.37824578548161,8.020718207062298,-0.8540425667673422,False,3424,106.29,106.27176622283903,vertical,-0.0010009524208295373,2
2019-06-18 09:30:00-04:00,DIA,1,1.0,0.1,3426,231.5,231.54783446204715,3.6822795567564324,0.8258062584860614,False,3431,231.82,231.7720994168822,vertical,0.0009685469758595744,6
2019-06-18 09:30:00-04:00,GLD,1,1.0,0.1,3426,126.69,126.71141793571962,6.728863674174593,4.2933129973099655,False,3426,127.37099528185873,127.3494622185586,upper,0.005035412697872665,1
2019-06-18 09:30:00-04:00,IWM,1,1.0,0.1,3426,141.48,141.52031346531217,6.024745397838623,-4.822337393452913,False,3431,140.76,140.7198916922721,vertical,-0.005655879028534261,6
2019-06-18 09:30:00-04:00,QQQ,1,1.0,0.1,3426,178.35,178.39851805758144,4.779321412163405,-4.381744210389697,False,3431,177.53,177.48170501394765,vertical,-0.0051391292574407554,6
2019-06-18 09:30:00-04:00,SPY,1,1.0,0.1,3426,262.47,262.5300386265187,3.2477192389545224,-2.045935138417968,False,3431,261.96,261.9000780332882,vertical,-0.0023995752887032706,6
2019-06-18 09:30:00-04:00,TLT,1,1.0,0.1,3426,106.76,106.77829813620633,7.98499200805029,0.34646893085224023,False,3431,106.84,106.82168815218918,vertical,0.0004063561298524032,6
2019-06-18 10:30:00-04:00,GLD,1,1.0,0.1,3427,127.3077,127.32922236273748,6.70102590310415,-2.082005187809265,False,3431,127.04,127.01852289404198,vertical,-0.002440126963238476,5
2019-06-19 09:30:00-04:00,QQQ,1,1.0,0.1,3433,177.16,177.20785636290597,4.806994629696269,4.633947320440098,False,3438,178.22,178.17185729850362,vertical,0.0054399446806887575,6
2019-06-19 09:30:00-04:00,TLT,1,1.0,0.1,3433,106.36,106.37830638499906,8.007621505023307,4.128091138072229,False,3436,106.91222808017251,106.89382664722457,upper,0.004846103305685023,4
2019-06-19 10:30:00-04:00,GLD,1,1.0,0.1,3434,126.89,126.91159777605183,6.71328253015466,4.124934855211669,False,3436,127.54775131107718,127.52604158006028,upper,0.0048415102699495005,3
2019-06-19 11:30:00-04:00,IWM,1,1.0,0.1,3435,140.68,140.71980705293,6.054654379838337,3.149728791957893,False,3438,141.28,141.24002317004584,vertical,0.00369682227406809,4
2019-06-19 13:30:00-04:00,GLD,1,1.0,0.1,3437,127.57,127.59171351793626,6.6843627770356155,1.848349950903806,False,3438,127.89,127.86823201529458,vertical,0.002167213604506113,2
2019-06-19 13:30:00-04:00,TLT,1,1.0,0.1,3437,106.8,106.81838211656543,7.984293373464433,1.143389022102178,False,3438,106.98,106.96158690233923,vertical,0.0013406380337939172,2
2019-06-19 14:30:00-04:00,DIA,1,1.0,0.1,3438,232.4,232.44718714956116,3.6724788122540226,-1.44810755649644,False,3438,232.1,232.05287376328252,vertical,-0.0016963568848218369,1
2019-06-19 14:30:00-04:00,SPY,1,1.0,0.1,3438,262.82,262.8793236961127,3.24733553697678,-0.9372103264432352,False,3438,262.65,262.59071467626507,vertical,-0.0010978764544496977,1
2019-06-20 09:30:00-04:00,DIA,1,1.0,0.1,3440,233.88,233.92743270147383,3.648573903195212,1.1130101439861086,False,3445,234.28,234.23248617538357,vertical,0.0013040517325688672,6
2019-06-20 09:30:00-04:00,GLD,1,1.0,0.1,3440,130.43,130.4525809299918,6.542618935642896,4.218148660396108,False,3445,131.12,131.09729961250844,vertical,0.004942168854923823,6
2019-06-20 09:30:00-04:00,IWM,1,1.0,0.1,3440,142.37,142.41020842717685,5.993260845710367,-2.7587551068788287,False,3445,141.99,141.94989889320198,vertical,-0.0032322790554040193,6
2019-06-20 09:30:00-04:00,QQQ,1,1.0,0.1,3440,179.89,179.93807689510922,4.743306924934964,-0.7406092935263741,False,3445,179.83,179.78193914032192,vertical,-0.0008677304852953149,6
2019-06-20 09:30:00-04:00,SPY,1,1.0,0.1,3440,264.74,264.79923239934163,3.223202418158421,0.9393812931827531,False,3445,265.15,265.0906758680765,vertical,0.0011006205195314145,6
2019-06-20 09:30:00-04:00,TLT,1,1.0,0.1,3440,107.46,107.47873179239946,7.941120182220167,-1.726655297296071,False,3445,107.28,107.2612995841372,vertical,-0.002023025436160064,6
2019-06-21 09:30:00-04:00,IWM,1,1.0,0.1,3447,140.9,140.93995448231863,6.056522306760966,-1.6343833543285728,False,3452,140.71,140.67009939526577,vertical,-0.0019146812416965808,6
2019-06-21 09:30:00-04:00,TLT,-1,1.0,0.1,3447,106.57,106.55134541306582,8.01121726738295,3.4670393112600713,False,3452,106.1,106.11857231560211,vertical,0.00406163897589451,6
2019-06-21 10:30:00-04:00,DIA,1,1.0,0.1,3448,235.04,235.08751648585664,3.632543387118976,-4.0496565931435144,False,3452,234.02,233.97268972081272,vertical,-0.0047421776439200425,5
2019-06-21 13:30:00-04:00,GLD,1,1.0,0.1,3451,131.86,131.88328081251552,6.47277378130541,0.6046454697292765,False,3452,132.0,131.97669446949757,vertical,0.0007083055289991425,2
2019-06-24 09:30:00-04:00,GLD,1,1.0,0.1,3454,132.89,132.91368136889326,6.421045101825969,6.896577792437188,False,3458,134.01162107048688,133.98773982558842,upper,0.008080872079031298,5
2019-06-24 09:30:00-04:00,IWM,-1,1.0,0.1,3454,140.41,140.37020539423125,6.079956500188062,6.908857277506947,False,3458,139.19442196405979,139.23387205413363,lower,0.008095260222112044,5
2019-06-24 09:30:00-04:00,TLT,-1,1.0,0.1,3454,106.81,106.79112769417692,7.991719547745969,-1.021026195451152,False,3459,106.9,106.91888820796261,vertical,-0.00119635887872227,6
2019-06-24 14:30:00-04:00,SPY,1,1.0,0.1,3459,264.6,264.6586466908838,3.2295271882506156,-0.8631238734296394,False,3459,264.45,264.3913865555396,vertical,-0.0010098296000747853,1
2019-06-25 09:30:00-04:00,DIA,-1,1.0,0.1,3461,233.41,233.3636980189881,3.6622528631250817,2.9941720844594024,False,3466,232.5,232.54612146259913,vertical,0.003503443608964596,6
2019-06-25 09:30:00-04:00,GLD,1,1.0,0.1,3461,135.2445,135.26881601666025,6.318062775933779,-7.768158424593969,False,3463,134.06340381460095,134.03930015078697,lower,-0.009089425797309092,3
2019-06-25 09:30:00-04:00,IWM,-1,1.0,0.1,3461,138.92,138.8811581877193,6.1537279957323126,3.953879073936651,False,3466,138.2,138.23864050141944,vertical,0.004626384850790255,6
2019-06-25 09:30:00-04:00,QQQ,-1,1.0,0.1,3461,178.68,178.63374017902032,4.784297022292708,6.909713328671019,False,3463,177.1436297186983,177.18949177711826,lower,0.00808496984083007,3
2019-06-25 09:30:00-04:00,TLT,-1,1.0,0.1,3461,107.22,107.20116434305731,7.972272283205338,-0.7787463393225454,False,3466,107.28,107.29884619732151,vertical,-0.0009112014301597693,6
2019-06-25 10:30:00-04:00,SPY,-1,1.0,0.1,3462,263.53,263.4729639603813,3.2421581635262338,4.5059671907870955,False,3465,262.0264484701767,262.0831590947586,lower,0.005274942995030285,4
2019-06-25 12:30:00-04:00,GLD,1,1.0,0.1,3464,133.565,133.58901405428855,6.396893919972274,3.7540665992341102,False,3466,134.2,134.17587177714577,vertical,0.004393008863877945,3
2019-06-25 12:30:00-04:00,QQQ,-1,1.0,0.1,3464,177.56,177.5140301443186,4.814012453461946,4.565270225792214,False,3466,176.52,176.56570060219016,vertical,0.005342279375649683,3
2019-06-26 09:30:00-04:00,GLD,1,1.0,0.1,3468,132.8825,132.90720617355157,6.443973297241918,0.24533098486728977,False,3473,132.97,132.94527755801437,vertical,0.0002864508671793775,6
2019-06-26 09:30:00-04:00,QQQ,-1,1.0,0.1,3468,178.11,178.06413008358325,4.80978671668109,3.3113507941589435,False,3473,177.33,177.37566903755086,vertical,0.003866365706047703,6
2019-06-26 09:30:00-04:00,TLT,1,1.0,0.1,3468,106.85,106.86890943302656,8.014028515282263,-2.786990651105257,False,3473,106.54,106.52114542822041,vertical,-0.003254117653592181,6
2019-06-27 09:30:00-04:00,DIA,-1,1.0,0.1,3475,232.25,232.20431095171594,3.688680254021163,-0.337064580460763,False,3480,232.25,232.29568904828403,vertical,-0.00039352454824626015,6
2019-06-27 09:30:00-04:00,GLD,-1,1.0,0.1,3475,132.54,132.51518098501128,6.46361760471101,-2.260289632724523,False,3480,132.84,132.8648751920258,vertical,-0.002638899214528978,6
2019-06-27 09:30:00-04:00,IWM,1,1.0,0.1,3475,139.38,139.41892822756017,6.143552153177916,6.482580737339513,False,3480,140.51335745303658,140.474112683671,upper,0.007568444755137849,6
2019-06-27 09:30:00-04:00,SPY,-1,1.0,0.1,3475,262.64,262.58369120865586,3.2619217620243046,-0.106340055530126,False,3480,262.56,262.61629163971713,vertical,-0.0001241525355637485,6
2019-06-27 10:30:00-04:00,TLT,1,1.0,0.1,3476,106.94,106.95890624404855,8.007671382610955,2.0990867258547343,False,3480,107.24,107.2210407180497,vertical,0.0024507961347606244,5
2019-06-27 13:30:00-04:00,QQQ,1,1.0,0.1,3479,178.32,178.36557778852875,4.803029286798146,-1.8783634025084417,False,3480,178.02,177.9744988901195,vertical,-0.002192569346945006,2
2019-06-28 09:30:00-04:00,IWM,1,1.0,0.1,3482,141.67,141.70914787320208,6.0470860953319665,2.609700579251956,False,3487,142.18,142.14071119777034,vertical,0.003045416129058953,6
2019-06-28 09:30:00-04:00,SPY,1,1.0,0.1,3482,263.1,263.15549540009994,3.2563538769445604,2.405891642528357,False,3487,263.95,263.89432531031406,vertical,0.0028075792568602598,6
2019-06-28 11:30:00-04:00,DIA,1,1.0,0.1,3484,233.15,233.19484408667213,3.67739267431033,-1.5063579482224592,False,3487,232.83,232.78521746214938,vertical,-0.001756585254391485,4
2019-07-01 09:30:00-04:00,DIA,1,1.0,0.1,3489,234.45,234.49436621477705,3.6558590082609626,-4.843639527273816,False,3492,233.21360066733595,233.1694684229506,lower,-0.0056500197135352925,4
2019-07-01 09:30:00-04:00,GLD,-1,1.0,0.1,3489,131.46,131.43515405887968,6.522443308650122,5.286248918607492,False,3494,130.6,130.624683401113,vertical,0.006166315728618588,6
2019-07-01 09:30:00-04:00,IWM,1,1.0,0.1,3489,142.91,142.94933940930994,5.997078018374566,-1.4311113622390728,False,3494,142.75,142.71070463453225,vertical,-0.0016693660548818823,6
2019-07-01 09:30:00-04:00,QQQ,1,1.0,0.1,3489,180.84,180.88503986630687,4.739354574299549,-1.469318115588198,False,3494,180.62,180.57501492671784,vertical,-0.0017139335559102076,6
2019-07-01 09:30:00-04:00,SPY,1,1.0,0.1,3489,266.33,266.38497510822214,3.218193296241494,-0.6755939500420908,False,3494,266.23,266.1750455335036,vertical,-0.0007880683759783347,6
2019-07-01 11:30:00-04:00,TLT,1,1.0,0.1,3491,106.74,106.75909676850131,8.025091641854361,1.6994073352002614,False,3494,106.99,106.97085850419752,vertical,0.0019835474643945528,4
2019-07-02 09:30:00-04:00,GLD,-1,1.0,0.1,3496,131.33,131.3051046888457,6.527811256643531,-8.1980803571664,False,3497,132.5358504919037,132.5609743877165,upper,-0.009564515422662678,2
2019-07-02 10:30:00-04:00,IWM,1,1.0,0.1,3497,141.68,141.71897701378575,6.044838089632301,0.797847299798918,False,3501,141.89,141.8509652139606,vertical,0.0009313375170778571,5
2019-07-02 10:30:00-04:00,TLT,1,1.0,0.1,3497,107.68,107.69908959272679,7.954275876576302,0.5711274571707927,False,3501,107.79,107.77089090638913,vertical,0.0006666844996912058,5
2019-07-02 11:30:00-04:00,GLD,-1,1.0,0.1,3498,132.68,132.65484877877137,6.455591219438215,-4.844502478398231,False,3501,133.38,133.40528391534122,vertical,-0.00565705018307594,4
2019-07-02 14:30:00-04:00,QQQ,1,1.0,0.1,3501,180.94,180.98489459940635,4.727991350891914,1.655277473631749,False,3501,181.38,181.3349962283612,vertical,0.0019344245812877858,1
2019-07-03 09:30:00-04:00,DIA,1,1.0,0.1,3503,235.31,235.35372340563725,3.637644202070022,2.8096923385396226,False,3505,236.17,236.12611679610154,vertical,0.00328184053894498,3
2019-07-03 09:30:00-04:00,IWM,1,1.0,0.1,3503,142.56,142.5987732652153,6.003790129314864,1.4551172186939187,False,3505,142.88,142.84113970164168,vertical,0.0016996390002290696,3
2019-07-03 09:30:00-04:00,QQQ,1,1.0,0.1,3503,182.18,182.2241694769486,4.698241236821271,2.215339487918416,False,3505,182.74,182.6956947512483,vertical,0.0025876110488152193,3
2019-07-03 09:30:00-04:00,SPY,1,1.0,0.1,3503,268.07,268.1242453560406,3.1930462172313208,2.8140602290610577,False,3505,269.06,269.0055543123203,vertical,0.0032869424214487797,3
2019-07-03 09:30:00-04:00,TLT,1,1.0,0.1,3503,108.34,108.35911646721846,7.900886748565463,1.1198345912775314,False,3505,108.52,108.50085177199053,vertical,0.0013080145851405156,3
2019-07-05 09:30:00-04:00,DIA,1,1.0,0.1,3507,234.71,234.75291290961164,3.651390311389662,4.371991618492637,False,3511,235.99341031360686,235.950262753274,upper,0.005100468525915058,5
2019-07-05 09:30:00-04:00,GLD,-1,1.0,0.1,3507,131.22,131.19467754652948,6.533607367300794,-6.473670048700396,False,3512,132.16,132.18550385193308,vertical,-0.007552336146046779,6
2019-07-05 09:30:00-04:00,IWM,-1,1.0,0.1,3507,142.02,141.98143449766712,6.037229549069961,-7.151573882402049,False,3510,143.12714710799307,143.16601325589966,upper,-0.00834319474531009,4
2019-07-05 09:30:00-04:00,QQQ,1,1.0,0.1,3507,181.0,181.0436089850661,4.734630051698558,7.028321191893896,False,3511,182.57204664699705,182.5280589030428,upper,0.008199405249920355,5
2019-07-05 09:30:00-04:00,SPY,1,1.0,0.1,3507,267.01,267.06337742013335,3.2096295645216255,4.9762667611144815,False,3511,268.66750397379565,268.61379520545063,upper,0.0058054301577943335,5
2019-07-05 09:30:00-04:00,TLT,1,1.0,0.1,3507,106.75,106.76867881090483,8.028333040317714,2.6700440287425735,False,3512,107.12,107.10125644754918,vertical,0.003114936331031659,6
2019-07-08 09:30:00-04:00,DIA,1,1.0,0.1,3514,234.85,234.89261639211946,3.651526654646889,-0.09217794105786375,False,3519,234.91,234.86737272014994,vertical,-0.00010746898883950973,6
2019-07-08 09:30:00-04:00,QQQ,1,1.0,0.1,3514,180.73,180.7727280264177,4.744723715239981,1.3496673690909227,False,3519,181.1,181.05718449851022,vertical,0.001573558551658083,6
2019-07-08 09:30:00-04:00,SPY,1,1.0,0.1,3514,267.32,267.3728059949809,3.207942732035628,-0.24257794441970099,False,3519,267.35,267.29718807886377,vertical,-0.0002828182762856235,6
2019-07-08 09:30:00-04:00,TLT,-1,1.0,0.1,3514,107.66,107.64123457249133,7.968290712588763,2.72942148722308,False,3519,107.28,107.29869919248681,vertical,0.003182194828635465,6
2019-07-08 10:30:00-04:00,IWM,1,1.0,0.1,3515,142.18,142.21836848038677,6.030788717708977,-1.9700747118043747,False,3519,141.93,141.89169898423623,vertical,-0.002296957134588329,5
2019-07-09 09:30:00-04:00,DIA,-1,1.0,0.1,3521,234.01,233.9681537610568,3.6667130195744955,-2.910708082505478,False,3526,234.72,234.76197320287483,vertical,-0.0033928525273945187,6
2019-07-09 09:30:00-04:00,IWM,-1,1.0,0.1,3521,141.4,141.36266447737756,6.068745794606639,-4.4595894022836315,False,3526,142.06,142.0975097902669,vertical,-0.005198298402241397,6
2019-07-09 09:30:00-04:00,TLT,-1,1.0,0.1,3521,107.05,107.03139347392246,8.015349961509143,-1.7412893980977275,False,3526,107.23,107.24863781215593,vertical,-0.0020297254028220912,6
2019-07-09 10:30:00-04:00,QQQ,-1,1.0,0.1,3522,181.45,181.4078435361139,4.728168608558902,-3.094327990405789,False,3526,182.02,182.0622888925685,vertical,-0.0036075912909703245,5
2019-07-10 09:30:00-04:00,DIA,-1,1.0,0.1,3528,235.92,235.87839373924174,3.631843809404512,1.6230018043787542,False,3533,235.39,235.43151279128466,vertical,0.0018945395585959757,6
2019-07-10 09:30:00-04:00,GLD,1,1.0,0.1,3528,132.69,132.7156687009292,6.454953604646587,6.961305992767273,False,3533,133.82,133.79411270210005,vertical,0.008125973456842406,6
2019-07-10 09:30:00-04:00,QQQ,1,1.0,0.1,3528,183.44,183.48195181730057,4.668979567686118,1.2887038906786692,False,3533,183.8,183.7579658524867,vertical,0.0015043116363890885,6
2019-07-10 09:30:00-04:00,SPY,1,1.0,0.1,3528,268.96,269.0118626290769,3.1845193580007916,-0.425832251448183,False,3533,268.93,268.87814315571956,vertical,-0.0004970764933951433,6
2019-07-10 09:30:00-04:00,TLT,-1,1.0,0.1,3528,106.81,106.79145853118249,8.021928868253086,1.1467211674837052,False,3533,106.63,106.6485102220767,vertical,0.0013385743679495965,6
2019-07-10 11:30:00-04:00,IWM,-1,1.0,0.1,3530,142.51,142.47295242855859,6.015263393023995,0.5771588147890709,False,3533,142.34,142.37700337744,vertical,0.0006734545012444526,4
2019-07-11 09:30:00-04:00,DIA,1,1.0,0.1,3535,236.38,236.4214047561259,3.6282272787476275,3.2908641029659935,False,3540,237.37,237.32842183365085,vertical,0.0038364422987020586,6
2019-07-11 09:30:00-04:00,IWM,-1,1.0,0.1,3535,141.41,141.37356659282818,6.067545798618378,-1.6559445460423086,False,3540,141.61,141.64648493592819,vertical,-0.0019304764651375539,6
2019-07-11 09:30:00-04:00,QQQ,1,1.0,0.1,3535,184.01,184.05175659540868,4.660594421283607,-2.0666543637985773,False,3540,183.65,183.60832509783816,vertical,-0.0024092760958825954,6
2019-07-11 09:30:00-04:00,TLT,-1,1.0,0.1,3535,106.14,106.12150315535767,8.08309875483236,5.471806585597762,False,3537,105.42618653483619,105.44455898437046,lower,0.006378953848742541,3
2019-07-11 10:30:00-04:00,SPY,1,1.0,0.1,3536,269.57,269.6217332331621,3.182834189961106,-0.39296107396340707,False,3540,269.55,269.4982706050419,vertical,-0.00045791052019317213,5
2019-07-11 11:30:00-04:00,GLD,1,1.0,0.1,3537,133.08,133.10586970956857,6.446290482996078,-2.782641527535435,False,3540,132.7,132.67420415945483,vertical,-0.0032430241510431612,4
2019-07-11 12:30:00-04:00,TLT,-1,1.0,0.1,3538,105.04,105.02169485056314,8.168156720401063,-1.6878672879783245,False,3540,105.21,105.22833477505952,vertical,-0.001967592741579871,3
2019-07-12 09:30:00-04:00,DIA,1,1.0,0.1,3542,238.63,238.6714909716015,3.594095996605651,2.7202706419714215,False,3547,239.47,239.42836297628375,vertical,0.0031711873152555636,6
2019-07-12 09:30:00-04:00,IWM,1,1.0,0.1,3542,142.26,142.2960306678417,6.028335760168155,5.4231338077215065,False,3547,143.2319146217552,143.195637793834,upper,0.006322081661520373,6
2019-07-12 10:30:00-04:00,QQQ,1,1.0,0.1,3543,184.3,184.3409279560823,4.654619425768368,1.573497901559057,False,3547,184.72,184.67897877348062,vertical,0.0018338348469140175,5
2019-07-12 13:30:00-04:00,GLD,1,1.0,0.1,3546,133.52,133.54638906879757,6.425989165307609,-0.46764612283824397,False,3547,133.5,133.4736148840288,vertical,-0.000544935623315812,2
2019-07-12 14:30:00-04:00,SPY,1,1.0,0.1,3547,270.46,270.51139615129347,3.1732566912176456,0.7207893490341895,False,3547,270.79,270.7385411380287,vertical,0.0008396873106528702,1
2019-07-15 09:30:00-04:00,IWM,-1,1.0,0.1,3549,142.13,142.09433867050834,6.043909017051672,0.6571089233236094,False,3554,141.95,141.985616166336,vertical,0.0007651431097789319,6
2019-07-15 09:30:00-04:00,TLT,-1,1.0,0.1,3549,105.7,105.68152497730021,8.126351838196372,-2.2509344025586113,False,3554,105.94,105.95851697166336,vertical,-0.002621006788297464,6
2019-07-15 13:30:00-04:00,QQQ,1,1.0,0.1,3553,185.12,185.16054464191419,4.6381471468504705,0.36583697891420147,False,3554,185.28,185.2394203151801,vertical,0.0004259853167878358,2
2019-07-16 09:30:00-04:00,DIA,1,1.0,0.1,3556,239.94,239.98108368926617,3.578125586867055,-1.7607854979084239,False,3561,239.53,239.48898651292023,vertical,-0.0020505665229144654,6
2019-07-16 09:30:00-04:00,IWM,1,1.0,0.1,3556,142.52,142.555116713545,6.023511998086414,-3.7351671883300983,False,3561,141.97,141.93501880562738,vertical,-0.004349881801602895,6
2019-07-16 09:30:00-04:00,TLT,1,1.0,0.1,3556,105.47,105.48848955271191,8.14005830923922,0.9197826215187763,False,3561,105.62,105.60148415134701,vertical,0.0010711557167442098,6
2019-07-16 11:30:00-04:00,GLD,-1,1.0,0.1,3558,132.71,132.68355725016409,6.467155866303181,1.7602256803370375,False,3561,132.385,132.4113779928945,vertical,0.002051341273255236,4
2019-07-16 11:30:00-04:00,QQQ,1,1.0,0.1,3558,184.13,184.16962470261086,4.659211566608618,0.6555662138939546,False,3561,184.35,184.3103279534768,vertical,0.0007639872812530424,4
2019-07-16 11:30:00-04:00,SPY,-1,1.0,0.1,3558,269.93,269.87972193386753,3.179509892346197,-0.38332125964261954,False,3561,269.95,270.00028179139946,vertical,-0.0004467169918067615,4
2019-07-17 09:30:00-04:00,DIA,1,1.0,0.1,3563,239.25,239.29109812908513,3.5873799430121585,-3.056677261896364,False,3568,238.48,238.43903414075558,vertical,-0.003560784312460763,6
2019-07-17 09:30:00-04:00,GLD,-1,1.0,0.1,3563,133.415,133.3884571764852,6.435550002905086,-6.75708908928927,False,3566,134.41167901798843,134.43842013011604,upper,-0.00787146786053361,4
2019-07-17 09:30:00-04:00,IWM,-1,1.0,0.1,3563,141.17,141.13560011640877,6.082293094453859,0.8591324451511196,False,3568,140.96,140.994348711419,vertical,0.0010008205220600752,6
2019-07-17 09:30:00-04:00,SPY,-1,1.0,0.1,3563,269.32,269.2700645576153,3.1879818775248885,3.1985917176857948,False,3568,268.21700555061835,268.26673648343905,lower,0.003726103292709504,6
2019-07-17 09:30:00-04:00,TLT,1,1.0,0.1,3563,106.17,106.18863810630681,8.083991858999555,4.46737730376293,False,3568,106.76,106.74125831939988,vertical,0.0052041369297892714,6
2019-07-17 14:30:00-04:00,QQQ,-1,1.0,0.1,3568,183.92,183.88073653143763,4.667694786784619,1.827745113413775,False,3568,183.45,183.48916313238237,vertical,0.0021294965771920804,1
2019-07-18 09:30:00-04:00,IWM,-1,1.0,0.1,3570,140.84,140.80581571749613,6.096921420596157,-5.712825584584649,False,3574,141.70842232919247,141.74281739268355,upper,-0.006654566577472654,5
2019-07-18 09:30:00-04:00,QQQ,-1,1.0,0.1,3570,183.17,183.1307367027023,4.687809427568634,4.321306052895698,False,3571,182.1698700133711,182.20891892839552,lower,0.0050336595096173165,2
2019-07-18 10:30:00-04:00,DIA,-1,1.0,0.1,3571,237.65,237.609335248396,3.614661562758553,-3.833503016849516,False,3574,238.62904569348697,238.66987797149508,upper,-0.004463388283925784,4
2019-07-18 10:30:00-04:00,SPY,-1,1.0,0.1,3571,267.68,267.6301227006384,3.209195296882548,-3.6649555323288854,False,3573,268.7220682142938,268.7721396841137,upper,-0.004267146657301657,3
2019-07-18 10:30:00-04:00,TLT,1,1.0,0.1,3571,106.31,106.32871267102192,8.077567286386046,4.588377374986634,False,3574,106.91557144608383,106.89675218246244,upper,0.00534229651776208,4
2019-07-18 13:30:00-04:00,GLD,1,1.0,0.1,3574,135.29,135.31710781937423,6.342299728624494,5.932097194141163,False,3574,136.27973669592035,136.25243056474497,upper,0.006912080522879949,1
2019-07-18 13:30:00-04:00,QQQ,-1,1.0,0.1,3574,183.44,183.40067882701157,4.679490074355538,-1.959373746277417,False,3575,183.78,183.81939405348788,vertical,-0.00228306257727251,2
2019-07-18 13:30:00-04:00,SPY,-1,1.0,0.1,3574,268.83,268.7799084190549,3.1930275638870103,-1.3418468058319606,False,3575,269.15,269.2001512071248,vertical,-0.0015635200954631223,2
2019-07-18 14:30:00-04:00,GLD,1,1.0,0.1,3575,136.35,136.37732020971006,6.295106777070194,0.15954036041404102,False,3575,136.43,136.40266376083062,vertical,0.000185834060103085,1
2019-07-19 09:30:00-04:00,DIA,-1,1.0,0.1,3577,239.31,239.2693536263611,3.587299679684546,3.254334865908496,False,3581,238.32169278936345,238.36217130079785,lower,0.003791468952517363,5
2019-07-19 09:30:00-04:00,GLD,1,1.0,0.1,3577,135.13,135.1573719310428,6.350603473261477,-4.5382058434697665,False,3582,134.47,134.44276175854858,vertical,-0.005287245248145389,6
2019-07-19 09:30:00-04:00,IWM,-1,1.0,0.1,3577,141.9,141.86581801215618,6.0503008240408205,4.785512987498963,False,3581,141.04088842025314,141.07486345854394,lower,0.005575370901145904,5
2019-07-19 09:30:00-04:00,QQQ,-1,1.0,0.1,3577,184.21,184.17113712435014,4.66050701007856,4.47719502823925,False,3580,183.1718263284226,183.21047018005478,lower,0.005216164483182406,4
2019-07-19 09:30:00-04:00,SPY,-1,1.0,0.1,3577,269.68,269.6304059711237,3.183360839927294,3.011149367881378,False,3580,268.6351014757853,268.68450334830004,lower,0.003508145230938675,4
2019-07-19 09:30:00-04:00,TLT,1,1.0,0.1,3577,106.57,106.58882896487191,8.052728263907005,-0.6253012949875846,False,3582,106.53,106.51117810239462,vertical,-0.0007285084490690208,6
2019-07-19 13:30:00-04:00,QQQ,-1,1.0,0.1,3581,182.92,182.88140927629402,4.696192428559076,2.8785974698065493,False,3582,182.23,182.26844515406154,vertical,0.0033517027491101192,2
2019-07-19 13:30:00-04:00,SPY,-1,1.0,0.1,3581,268.57,268.52061009961693,3.198437130203626,3.0189760568911086,False,3582,267.52752089952594,267.57671908847834,lower,0.0035151529366346246,2
2019-07-19 14:30:00-04:00,DIA,-1,1.0,0.1,3582,238.63,238.58946912313965,3.6035083999374553,1.6901595367053193,False,3582,238.08,238.12043746034828,vertical,0.0019658523258178073,1
2019-07-19 14:30:00-04:00,IWM,-1,1.0,0.1,3582,141.14,141.1060010869325,6.0930020658169735,2.267255815158202,False,3582,140.7,140.7338929224075,vertical,0.002637082488757936,1
2019-07-22 09:30:00-04:00,DIA,-1,1.0,0.1,3584,237.99,237.9500874715304,3.615686180926805,-1.1565325686807058,False,3589,238.23,238.26995277808868,vertical,-0.0013442537885033357,6
2019-07-22 09:30:00-04:00,QQQ,-1,1.0,0.1,3584,183.39,183.35170795682558,4.692363396056976,-2.424431356956193,False,3589,183.83,183.86838391568108,vertical,-0.0028179500731848606,6
2019-07-22 09:30:00-04:00,TLT,1,1.0,0.1,3584,106.98,106.99875430389348,8.040774386752187,-2.472226744900417,False,3589,106.71,106.69129302889817,vertical,-0.002873503313151393,6
2019-07-22 10:30:00-04:00,IWM,-1,1.0,0.1,3585,140.32,140.28640949510512,6.133830645881764,-1.6391367352706683,False,3589,140.52,140.5536383818973,vertical,-0.0019048807917596555,5
2019-07-22 12:30:00-04:00,SPY,1,1.0,0.1,3587,268.24,268.288946200595,3.204753050386416,-0.08942919216064919,False,3589,268.31,268.2610410263882,vertical,-0.00010401164342377367,3
2019-07-23 09:30:00-04:00,DIA,1,1.0,0.1,3591,238.78,238.81995907916178,3.5992580799179206,2.980132904691565,False,3594,239.68805545288092,239.64794441350588,upper,0.0034669854962567914,4
2019-07-23 09:30:00-04:00,TLT,-1,1.0,0.1,3591,106.35,106.33144261601116,8.083918041679116,1.3978862704314783,False,3596,106.14,106.15852074035331,vertical,0.001626253452445936,6
2019-07-23 10:30:00-04:00,QQQ,1,1.0,0.1,3592,184.2,184.2379085374579,4.665039227221576,3.2842921143946904,False,3596,184.98,184.9419309377906,vertical,0.0038212678700135783,5
2019-07-23 10:30:00-04:00,SPY,-1,1.0,0.1,3592,268.98,268.93114453135996,3.1959000954174677,-3.486746071582387,False,3594,269.97311464720804,270.0221504975921,upper,-0.004056822679029404,3
2019-07-23 11:30:00-04:00,GLD,-1,1.0,0.1,3593,133.9483,133.92128943054303,6.417054918485429,1.3112029089466157,False,3596,133.69,133.71695848346488,vertical,0.0015257540301993888,4
2019-07-23 11:30:00-04:00,IWM,-1,1.0,0.1,3593,140.89,140.85672355952337,6.10109512214388,-3.884491047936106,False,3596,141.46,141.49341106728528,vertical,-0.004520107323757738,4
2019-07-23 13:30:00-04:00,DIA,1,1.0,0.1,3595,239.56,239.60008960969927,3.588532878168056,0.3939813812613432,False,3596,239.75,239.70987859440058,vertical,0.0004582176278822292,2
2019-07-23 13:30:00-04:00,SPY,1,1.0,0.1,3595,269.81,269.8590062234879,3.186155656648165,0.7708132498707116,False,3596,270.15,270.1009320215142,vertical,0.0008964896203091932,2
2019-07-24 09:30:00-04:00,DIA,1,1.0,0.1,3598,239.05,239.0899598679297,3.5963508254688685,-0.2514619114752025,False,3603,239.06,239.020038460459,vertical,-0.0002924481124566558,6
2019-07-24 09:30:00-04:00,GLD,-1,1.0,0.1,3598,134.48,134.45292358471553,6.395185404730721,0.357294640679591,False,3603,134.37,134.397054267711,vertical,0.00041553069665545284,6
2019-07-24 09:30:00-04:00,TLT,-1,1.0,0.1,3598,106.52,106.50159740862257,8.073600729511053,-0.9431499935106418,False,3603,106.6,106.61841641232475,vertical,-0.0010968756013487457,6
2019-07-24 10:30:00-04:00,QQQ,1,1.0,0.1,3599,185.18,185.21811988955346,4.642393449971279,4.186792590101769,False,3602,186.1583019482991,186.11998067219085,upper,0.004869182254820359,4
2019-07-24 11:30:00-04:00,IWM,1,1.0,0.1,3600,142.35,142.38359312715738,6.039601002565347,4.2147329784679135,False,3601,143.1152164100955,143.08144269978274,upper,0.0049011937211203005,2
2019-07-24 12:30:00-04:00,SPY,1,1.0,0.1,3601,270.51,270.5593085175842,3.179233337062513,2.6468845182638856,False,3603,271.44134114164376,271.3918628593519,upper,0.003077160221650832,3
2019-07-24 14:30:00-04:00,IWM,1,1.0,0.1,3603,143.74,143.77392115277559,5.987070891175645,-0.10689379253614452,False,3603,143.79,143.75606704774174,vertical,-0.00012418180495243902,1
2019-07-24 14:30:00-04:00,QQQ,1,1.0,0.1,3603,186.22,186.25833397684764,4.621455802084876,-0.07708729179277253,False,3603,186.28,186.24165367196233,vertical,-8.955467671789563e-05,1
2019-07-25 09:30:00-04:00,DIA,1,1.0,0.1,3605,238.36,238.3996312464008,3.610970710002574,-3.600698479970096,False,3607,237.44195458089496,237.40247597455215,lower,-0.004182704757701661,3
2019-07-25 09:30:00-04:00,GLD,-1,1.0,0.1,3605,133.89,133.86325308595906,6.430846896820729,2.936376483969884,False,3610,133.38,133.40664503245034,vertical,0.003411003714480998,6
2019-07-25 09:30:00-04:00,IWM,1,1.0,0.1,3605,143.11,143.14378744391684,6.01391161347779,-5.418451793831327,False,3607,142.27639180757518,142.24280117373488,lower,-0.006294274353575879,3
2019-07-25 09:30:00-04:00,QQQ,1,1.0,0.1,3605,184.71,184.74794751662012,4.6596137996538465,-1.378545976649435,False,3610,184.49,184.45209768100673,vertical,-0.0016013700806433162,6
2019-07-25 09:30:00-04:00,SPY,1,1.0,0.1,3605,270.5,270.54928997539787,3.1818752353201467,-3.449029529401481,False,3607,269.51443909121286,269.46532870277605,lower,-0.004006520485492326,3
2019-07-25 09:30:00-04:00,TLT,-1,1.0,0.1,3605,105.96,105.94165689337305,8.1257374195364,-1.3546312680896373,False,3610,106.09,106.10836561138217,vertical,-0.0015735898691568995,6
2019-07-25 12:30:00-04:00,DIA,-1,1.0,0.1,3608,237.6,237.56049511602274,3.6185141021251437,-1.8059265700322344,False,3610,238.02,238.0595747158429,vertical,-0.0021008526673444994,3
2019-07-25 12:30:00-04:00,IWM,1,1.0,0.1,3608,142.26,142.29358676382927,6.041143675096904,-1.7949399328257967,False,3610,142.03,141.99646753784148,vertical,-0.0020880718010216626,3
2019-07-25 12:30:00-04:00,SPY,1,1.0,0.1,3608,269.88,269.92917700022315,3.1845983129287614,0.5464668819726484,False,3610,270.15,270.1007738009104,vertical,0.0006357104578107453,3
2019-07-26 09:30:00-04:00,IWM,1,1.0,0.1,3612,142.74,142.77408959816216,6.01875417385777,4.766739379759343,False,3616,143.60036574297982,143.56607066967086,upper,0.005547092429289746,5
2019-07-26 09:30:00-04:00,QQQ,1,1.0,0.1,3612,186.0,186.03820089426614,4.619062878253016,1.401978734481644,False,3617,186.38,186.3417210608961,vertical,0.0016314937747783365,6
2019-07-26 09:30:00-04:00,SPY,1,1.0,0.1,3612,271.16,271.2095864850053,3.1684799893133286,2.913813326588453,False,3617,272.17898428324156,272.1292114586255,upper,0.0033908276825276307,6
2019-07-26 10:30:00-04:00,TLT,1,1.0,0.1,3613,106.43,106.44837455246403,8.076314330159029,-0.9427909226739304,False,3617,106.35,106.33163925909471,vertical,-0.0010966376317167459,5
2019-07-26 11:30:00-04:00,DIA,-1,1.0,0.1,3614,238.17,238.13014522464033,3.609816498820706,-1.0098209626071888,False,3617,238.37,238.4098882428622,vertical,-0.0011747484467283797,4
2019-07-26 13:30:00-04:00,GLD,-1,1.0,0.1,3616,133.91,133.8836908880368,6.422437230852141,1.4606984903260478,False,3617,133.63,133.65625410075157,vertical,0.0016987639478465155,2
2019-07-29 09:30:00-04:00,DIA,-1,1.0,0.1,3619,238.58,238.5401243660706,3.6060231450714357,-0.3597174346736392,False,3624,238.6,238.6398789766768,vertical,-0.0004181879709810321,6
2019-07-29 09:30:00-04:00,IWM,-1,1.0,0.1,3619,142.52,142.48639755102909,6.036935625270545,-1.9153013863591295,False,3624,142.77,142.80366139236304,vertical,-0.0022266254659173423,6
2019-07-29 09:30:00-04:00,QQQ,-1,1.0,0.1,3619,184.97,184.93231156895146,4.651330003905528,-4.165470400798204,False,3624,185.79,185.82785550956643,vertical,-0.004842549866041601,6
2019-07-29 09:30:00-04:00,SPY,1,1.0,0.1,3619,271.26,271.3092526684898,3.170482396128659,0.4801672461197564,False,3624,271.51,271.46070193901915,vertical,0.0005582163860602396,6
2019-07-29 11:30:00-04:00,TLT,1,1.0,0.1,3621,106.55,106.56837429193662,8.06788548957817,-1.7484523229671671,False,3624,106.37,106.35165674863165,vertical,-0.002033600913450062,4
2019-07-29 13:30:00-04:00,GLD,1,1.0,0.1,3623,134.2,134.2264326709102,6.404659333386763,1.7105028042786241,False,3624,134.52,134.49350430036628,vertical,0.0019897096580885343,2
2019-07-30 09:30:00-04:00,DIA,1,1.0,0.1,3626,238.03,238.06967574057276,3.610629449840243,1.1936025280397573,False,3631,238.44,238.4002559190767,vertical,0.0013885858309152788,6
2019-07-30 09:30:00-04:00,QQQ,1,1.0,0.1,3626,184.91,184.94742982432112,4.6477065572597205,-0.022652076675844634,False,3631,184.98,184.94255600614935,vertical,-2.6352451485300854e-05,6
2019-07-30 09:30:00-04:00,SPY,1,1.0,0.1,3626,270.55,270.5985804694963,3.1765923562918585,0.8664874295701369,False,3631,270.92,270.8713530926042,vertical,0.001008034198237917,6
2019-07-30 09:30:00-04:00,TLT,1,1.0,0.1,3626,106.7,106.71831331510327,8.054675487652945,-0.8587461328964399,False,3631,106.63,106.61169869925527,vertical,-0.0009990283067274897,6
2019-07-30 10:30:00-04:00,GLD,1,1.0,0.1,3627,134.71,134.7365304600718,6.3792355003550325,1.4473460542595475,False,3631,134.99,134.96341439533003,vertical,0.0016839081018600321,5
2019-07-30 10:30:00-04:00,IWM,1,1.0,0.1,3627,143.04,143.07351008724268,6.007513604590016,5.277814465529924,False,3629,143.98577732520027,143.95204566999982,upper,0.006140448935805232,3
2019-07-30 13:30:00-04:00,IWM,1,1.0,0.1,3630,143.99,144.02373264444964,5.976035675642176,1.448962082918906,False,3631,144.3,144.2661947316197,vertical,0.0016834870386857048,2
2019-07-31 09:30:00-04:00,IWM,1,1.0,0.1,3633,144.51,144.54416009065577,5.953313252076055,5.07436250461585,False,3633,145.43089726704795,145.39651948949074,upper,0.005896878838276054,1
2019-07-31 09:30:00-04:00,TLT,1,1.0,0.1,3633,106.89,106.90826528648124,8.049112587057548,3.5404412653156303,False,3636,107.36646684819583,107.34812014340154,upper,0.004114320401155336,4
2019-07-31 10:30:00-04:00,IWM,1,1.0,0.1,3634,145.39,145.42436811003003,5.92205169670537,-6.151735302800549,False,3637,144.41972239546746,144.38558364514213,lower,-0.0071431251748808045,4
2019-07-31 11:30:00-04:00,GLD,1,1.0,0.1,3635,134.35,134.37646617291023,6.4073584133535775,-4.84086566624546,False,3636,133.64727730995557,133.6209495693507,lower,-0.005622387796590522,2
2019-07-31 13:30:00-04:00,DIA,-1,1.0,0.1,3637,237.95,237.9101658041099,3.6175363240257905,2.5585695888883357,False,3637,237.16319479647797,237.20289727666054,lower,0.002972838613511497,1
2019-07-31 13:30:00-04:00,SPY,-1,1.0,0.1,3637,270.39,270.3410644543938,3.183566168122995,2.7356431118724527,False,3637,269.4330006303557,269.4817629769298,lower,0.0031785828734463006,1
2019-07-31 13:30:00-04:00,TLT,1,1.0,0.1,3637,107.58,107.598383193186,7.998713745597149,-4.337576340779636,False,3637,107.07439575704927,107.05609896115341,lower,-0.005039892012679625,1
2019-07-31 14:30:00-04:00,DIA,-1,1.0,0.1,3638,236.39,236.35042695706468,3.6402496021311843,3.170704543169245,False,3638,235.44,235.47941400748206,vertical,0.00368526074099651,1
2019-07-31 14:30:00-04:00,GLD,-1,1.0,0.1,3638,133.82,133.7936382340242,6.43060880210965,3.648718460159893,False,3638,133.2,133.22623962956192,vertical,0.004240848906954975,1
2019-07-31 14:30:00-04:00,IWM,1,1.0,0.1,3638,144.37,144.40412699666442,5.958102206551645,-6.180632066266198,False,3638,143.40067574142685,143.36677787910986,lower,-0.007183652843789634,1
2019-07-31 14:30:00-04:00,QQQ,-1,1.0,0.1,3638,183.65,183.61269571814105,4.685811862458183,5.040176536302497,False,3638,182.5,182.53707068575693,vertical,0.005858119059671596,1
2019-07-31 14:30:00-04:00,SPY,-1,1.0,0.1,3638,269.26,269.21126896331253,3.195908369687303,3.0295183600777924,False,3638,268.2147905381607,268.26333241143504,lower,0.003521162228935837,1
2019-08-01 09:30:00-04:00,DIA,-1,1.0,0.1,3640,237.1,237.06032615515542,3.6330220676135045,4.270428045073219,False,3643,235.8454143712469,235.8848782867976,lower,0.004958433523745698,4
2019-08-01 09:30:00-04:00,IWM,1,1.0,0.1,3640,144.31,144.3442450913149,5.966607090795303,-7.442945675409331,False,3642,143.13077683201857,143.09681157304425,lower,-0.00864207310434506,3
2019-08-01 09:30:00-04:00,QQQ,-1,1.0,0.1,3640,185.07,185.0323917882248,4.654565549058329,7.307649826818593,False,3643,183.4251217188595,183.46239567370085,lower,0.008484979842453,4
2019-08-01 09:30:00-04:00,SPY,-1,1.0,0.1,3640,269.88,269.830653423924,3.191799691209486,4.349193669804891,False,3642,268.4189591399881,268.46803857005864,lower,0.005049889019556941,3
2019-08-01 09:30:00-04:00,TLT,1,1.0,0.1,3640,108.29,108.3086987337465,7.951765706229377,4.337447682192392,False,3642,108.8729678839872,108.85416848756412,upper,0.005036250644637086,3
2019-08-01 10:30:00-04:00,GLD,-1,1.0,0.1,3641,133.68,133.65312004118977,6.438460885809273,-5.357346223153476,False,3643,134.4581685325436,134.48520496306315,upper,-0.006225705180821439,3
2019-08-01 12:30:00-04:00,IWM,-1,1.0,0.1,3643,142.83,142.79610611605221,6.035651474436082,7.029844969904273,False,3643,141.59778447652099,141.63138595292168,lower,0.008156526076306014,1
2019-08-01 12:30:00-04:00,SPY,-1,1.0,0.1,3643,268.59,268.5408892957305,3.209446169197536,4.909612713997888,False,3643,266.9623379075445,267.0111509997224,lower,0.005696481828223354,1
2019-08-01 12:30:00-04:00,TLT,1,1.0,0.1,3643,109.2,109.21885586596285,7.891197189254531,3.095038162624191,False,3645,109.63,109.61106988474808,vertical,0.003591083386430771,3
2019-08-01 13:30:00-04:00,DIA,-1,1.0,0.1,3644,233.5,233.46092854166508,3.6979242881539807,1.2644214958230002,False,3645,233.08,233.1190011799088,vertical,0.0014646020809228055,2
2019-08-01 13:30:00-04:00,GLD,1,1.0,0.1,3644,135.73,135.7572921664371,6.359296242670937,4.039914156299224,False,3645,136.42,136.39256909050795,vertical,0.00467950497489289,2
2019-08-01 13:30:00-04:00,IWM,-1,1.0,0.1,3644,141.16,141.12650241085157,6.117354453211626,0.14085929808276465,False,3645,141.07,141.10347623194366,vertical,0.00016315984959991425,2
2019-08-01 13:30:00-04:00,QQQ,-1,1.0,0.1,3644,181.58,181.54310099370974,4.75545935518154,0.17226337939615005,False,3645,181.47,181.50687665310878,vertical,0.0001995357598426617,2
2019-08-01 13:30:00-04:00,SPY,-1,1.0,0.1,3644,265.97,265.921368353198,3.2465267584007673,0.9830802643068827,False,3645,265.57,265.61855850825737,vertical,0.0011387194899600273,2
2019-08-02 09:30:00-04:00,DIA,-1,1.0,0.1,3647,231.33,231.28958923867472,3.7362483339540296,-3.6278111824442374,False,3652,232.22,232.260566234362,vertical,-0.004198100739784216,6
2019-08-02 09:30:00-04:00,IWM,-1,1.0,0.1,3647,139.25,139.2160487035179,6.20729686341165,-1.7874298178994124,False,3652,139.47,139.5040049358733,vertical,-0.0020684126222303423,6
2019-08-02 09:30:00-04:00,QQQ,-1,1.0,0.1,3647,178.91,178.87191848155388,4.831140347740085,-0.3679543205363785,False,3652,178.91,178.9480815184461,vertical,-0.00042579650030449834,6
2019-08-02 09:30:00-04:00,SPY,-1,1.0,0.1,3647,263.36,263.3096222138979,3.2818980756879412,-1.315427278221052,False,3652,263.66,263.7104351727054,vertical,-0.0015222115904365285,6
2019-08-02 09:30:00-04:00,TLT,1,1.0,0.1,3647,110.02,110.03977979681255,7.853117700249539,4.164806182811498,False,3652,110.59,110.57011772650883,vertical,0.004819511004797938,6
2019-08-05 09:30:00-04:00,DIA,-1,1.0,0.1,3654,227.52,227.47879098131395,3.797549464219029,9.159806349566944,False,3657,225.02600286155823,225.0667601609463,lower,0.010603321786450737,4
2019-08-05 09:30:00-04:00,GLD,1,1.0,0.1,3654,138.55,138.57837959814944,6.2337426900019635,-9.41876645049126,False,3654,137.0955284480653,137.0674467735403,lower,-0.010903092019047711,1
2019-08-05 09:30:00-04:00,IWM,-1,1.0,0.1,3654,135.68,135.64574909986146,6.368514800831039,1.9843918063236266,False,3659,135.3,135.33415497338402,vertical,0.002297116780622832,6
2019-08-05 09:30:00-04:00,QQQ,-1,1.0,0.1,3654,174.15,174.11152236280086,4.961543894907937,13.020756011344632,False,3658,171.44930588449074,171.48718681581357,lower,0.015072727590761503,5
2019-08-05 09:30:00-04:00,SPY,-1,1.0,0.1,3654,258.16,258.1084794762849,3.3468949279198443,9.3159042828123,False,3657,255.2740879974466,255.32503258492932,lower,0.010784019560315716,4
2019-08-05 09:30:00-04:00,TLT,1,1.0,0.1,3654,111.91,111.93056315474995,7.717838063746237,4.698266759067092,False,3659,112.56,112.53931740953753,vertical,0.0054386776732817665,6
2019-08-05 13:30:00-04:00,SPY,-1,1.0,0.1,3658,255.19,255.1390721938067,3.3978413917021855,-2.4531713012530427,False,3659,255.81,255.8610515384706,vertical,-0.0028297482563370835,2
2019-08-06 09:30:00-04:00,IWM,-1,1.0,0.1,3661,135.7,135.66471190243038,6.387015955786623,-6.0089201586823915,False,3666,136.57,136.60551433666234,vertical,-0.006934761597463757,6
2019-08-06 09:30:00-04:00,QQQ,-1,1.0,0.1,3661,173.91,173.87001511987856,4.983565906752786,-5.433093401549693,False,3666,174.92,174.9602170963765,vertical,-0.00627021269737793,6
2019-08-06 09:30:00-04:00,SPY,-1,1.0,0.1,3661,257.01,256.95730691876395,3.372127027436338,-7.64066325482869,False,3666,259.17,259.2231359319247,vertical,-0.008817920145298919,6
2019-08-06 10:30:00-04:00,GLD,1,1.0,0.1,3662,138.91,138.93884600439168,6.240855669797889,-0.2976519031598739,False,3666,138.92,138.89115191901163,vertical,-0.0003432739421093123,5
2019-08-06 10:30:00-04:00,TLT,1,1.0,0.1,3662,112.8,112.8210906777695,7.685595659753165,4.3631479349536395,False,3666,113.41,113.38879526803333,vertical,0.005031901277087192,5
2019-08-06 12:30:00-04:00,DIA,-1,1.0,0.1,3664,226.99,226.94769784345468,3.8169361935713653,-5.133165143555695,False,3666,228.25,228.2925369718114,vertical,-0.005925766778583252,3
2019-08-07 09:30:00-04:00,DIA,-1,1.0,0.1,3668,224.75,224.70675031587413,3.8471369629533836,-10.305236557671806,False,3671,227.34167871043311,227.38542712330462,upper,-0.011920766971464047,4
2019-08-07 09:30:00-04:00,GLD,1,1.0,0.1,3668,141.78,141.8096552281931,6.096042216408054,-4.871686733832977,False,3673,141.04,141.01049955293868,vertical,-0.005635410889113679,6
2019-08-07 09:30:00-04:00,IWM,-1,1.0,0.1,3668,135.07,135.0338088278191,6.401934837427471,-9.812716338616001,False,3673,136.53,136.5665823701626,vertical,-0.01135103538624116,6
2019-08-07 09:30:00-04:00,QQQ,-1,1.0,0.1,3668,173.66,173.61857838445684,4.979177073153183,-10.522631484545775,False,3673,175.69,175.73190581385916,vertical,-0.012172242447018533,6
2019-08-07 09:30:00-04:00,SPY,-1,1.0,0.1,3668,256.26,256.20614110361606,3.3741488054953384,-9.953691168298613,False,3672,259.1016707962808,259.15612693473514,upper,-0.011514110545562728,5
2019-08-07 09:30:00-04:00,TLT,1,1.0,0.1,3668,115.74,115.76232741365831,7.467694061439025,-8.95418696255862,False,3671,114.58537560761407,114.56327093264962,lower,-0.010357916152843538,4
2019-08-07 13:30:00-04:00,TLT,1,1.0,0.1,3672,114.61,114.63210942525816,7.5056780273487735,-9.033956437444404,False,3673,113.45037884507529,113.42849312243689,lower,-0.010499818147427953,2
2019-08-07 14:30:00-04:00,DIA,1,1.0,0.1,3673,228.18,228.22390973492253,3.7630309869703917,-0.8195672767182887,False,3673,228.05,228.00611528157998,vertical,-0.0009543016487427725,1
2019-08-08 09:30:00-04:00,IWM,1,1.0,0.1,3675,138.16,138.19852121309722,6.208823872625123,7.715019579571468,False,3680,139.48,139.44111074983496,vertical,0.008991337431329738,6
2019-08-08 09:30:00-04:00,QQQ,1,1.0,0.1,3675,177.56,177.6044175676255,4.831244005192901,10.003692344628442,False,3680,179.72,179.67504209701707,vertical,0.011658631906513062,6
2019-08-08 09:30:00-04:00,SPY,1,1.0,0.1,3675,261.72,261.77780394453146,3.2777808688897903,8.30526354374219,False,3680,264.37,264.311610771757,vertical,0.009679227150069636,6
2019-08-08 09:30:00-04:00,TLT,1,1.0,0.1,3675,112.55,112.5723677463069,7.622210448687281,9.109248315877903,False,3679,113.79007467310103,113.76746047920916,upper,0.010616217432643182,5
2019-08-08 10:30:00-04:00,DIA,1,1.0,0.1,3676,230.13,230.17627381065316,3.7317956640681174,5.0646468534122535,False,3680,231.58,231.53343462794484,vertical,0.005896180326596667,5
2019-08-08 13:30:00-04:00,GLD,1,1.0,0.1,3679,142.13,142.1606467398675,6.053414055605609,-2.7313572398301673,False,3680,141.74,141.70943735376895,vertical,-0.003173940161683375,2
2019-08-09 09:30:00-04:00,DIA,1,1.0,0.1,3682,229.85,229.8967767160907,3.7486255410765374,3.09733686116008,False,3687,230.77,230.7230360549391,vertical,0.003594044904199567,6
2019-08-09 09:30:00-04:00,IWM,1,1.0,0.1,3682,137.81,137.84881538234686,6.251754334041745,-1.2978276211426572,False,3687,137.68,137.64122123328124,vertical,-0.0015059552633065465,6
2019-08-09 09:30:00-04:00,QQQ,1,1.0,0.1,3682,177.74,177.78492261120599,4.847412909663619,0.6791062933631759,False,3687,177.97,177.92501925781295,vertical,0.0007880119672090125,6
2019-08-09 09:30:00-04:00,SPY,1,1.0,0.1,3682,262.09,262.14841134961415,3.2874390677110465,1.3250398247988049,False,3687,262.61,262.5514727592729,vertical,0.0015375313837824311,6
2019-08-09 09:30:00-04:00,TLT,1,1.0,0.1,3682,114.56,114.58330464227824,7.521138718241566,-8.246144042927316,False,3687,113.51,113.48690895648569,vertical,-0.009568546562829683,6
2019-08-09 13:30:00-04:00,GLD,-1,1.0,0.1,3686,141.17,141.13930164669054,6.1089173708691655,-1.169399360992323,False,3687,141.3,141.33072662267216,vertical,-0.001356283995657126,2
2019-08-12 09:30:00-04:00,DIA,1,1.0,0.1,3689,229.59,229.6376485411963,3.7504117712215215,-9.577636892650807,False,3693,227.13103066613758,227.08389245335977,lower,-0.011120807515926145,5
2019-08-12 09:30:00-04:00,IWM,-1,1.0,0.1,3689,136.41,136.37093850171877,6.315390578570217,2.538878290052974,False,3694,135.93,135.9689240485402,vertical,0.002947948130264555,6
2019-08-12 09:30:00-04:00,SPY,1,1.0,0.1,3689,261.32,261.37951007384913,3.2949627151768826,-9.64821811939739,False,3693,258.5102081086631,258.45133790517576,lower,-0.011202760950336343,5
2019-08-12 09:30:00-04:00,TLT,1,1.0,0.1,3689,114.78,114.80383492560632,7.5018028863114194,9.010724290384706,False,3693,116.02907039927969,116.00497609486133,upper,0.010462552666758551,5
2019-08-12 10:30:00-04:00,GLD,1,1.0,0.1,3690,142.03,142.06106408585015,6.058789018055399,3.197482199040387,False,3693,142.62,142.58880687232312,vertical,0.0037149009819752443,4
2019-08-12 10:30:00-04:00,QQQ,1,1.0,0.1,3690,176.73,176.7756281290257,4.868985753784956,-4.095121930140685,False,3694,175.98,175.93456550587933,vertical,-0.004757797395761432,5
2019-08-13 09:30:00-04:00,DIA,1,1.0,0.1,3696,231.79,231.83914788286583,3.7111003850952686,-4.149305221284116,False,3701,230.77,230.72106839411128,vertical,-0.004822651821164592,6
2019-08-13 09:30:00-04:00,GLD,-1,1.0,0.1,3696,141.05,141.01888552984227,6.101156931964194,-4.651420488484397,False,3701,141.75,141.7812688844017,vertical,-0.005406250033071602,6
2019-08-13 09:30:00-04:00,IWM,-1,1.0,0.1,3696,138.56,138.51992310946454,6.211224578202758,6.584990923150003,False,3701,137.42,137.45974715861277,vertical,0.007653599042312331,6
2019-08-13 09:30:00-04:00,QQQ,1,1.0,0.1,3696,180.77,180.81770536277247,4.7582638506671415,-4.7352967328945486,False,3701,179.87,179.82253214802301,vertical,-0.005503737660827235,6
2019-08-13 09:30:00-04:00,SPY,1,1.0,0.1,3696,264.57,264.6317114630538,3.25122921297504,-4.334345960471229,False,3701,263.36,263.2985707717812,vertical,-0.0050377208532649265,6
2019-08-14 09:30:00-04:00,DIA,-1,1.0,0.1,3703,227.27,227.2200509358934,3.7815756562905087,11.32379110967375,False,3705,224.17631807596464,224.22558721523848,lower,0.013178694874510732,3
2019-08-14 09:30:00-04:00,GLD,1,1.0,0.1,3703,142.575,142.60745335598506,6.025279836498828,0.7233419407420225,False,3708,142.76,142.72750453375116,vertical,0.0008418296164816041,6
2019-08-14 09:30:00-04:00,IWM,-1,1.0,0.1,3703,134.77,134.73043951209084,6.377547763904934,7.150705998520783,False,3708,133.57,133.609208239,vertical,0.008322033811744678,6
2019-08-14 09:30:00-04:00,QQQ,-1,1.0,0.1,3703,176.71,176.6620775246452,4.863804531679383,10.772264318761792,False,3708,174.4,174.44729602004344,vertical,0.012536824742666153,6
2019-08-14 09:30:00-04:00,SPY,-1,1.0,0.1,3703,259.29,259.2274753192493,3.3146556405028527,11.405618173661505,False,3707,255.72484408791578,255.7865090739801,lower,0.013273925694147648,5
2019-08-14 09:30:00-04:00,TLT,1,1.0,0.1,3703,117.47,117.49526338182869,7.313059169440116,4.017386630899914,False,3708,118.07,118.04460758072261,vertical,0.004675458253229348,6
2019-08-15 09:30:00-04:00,TLT,1,1.0,0.1,3710,118.46,118.48597002918852,7.290222832667015,8.959316790943822,False,3713,119.74117057881823,119.71491967813446,upper,0.01037211113385994,4
2019-08-15 12:30:00-04:00,GLD,1,1.0,0.1,3713,143.42,143.45296053004785,6.024733984483404,1.2291474844651766,False,3715,143.69,143.65697741903097,vertical,0.001422186675195114,3
2019-08-16 09:30:00-04:00,DIA,-1,1.0,0.1,3717,226.59,226.53663245534304,3.8175193173470947,-4.225881702782367,False,3722,227.59,227.6436030693697,vertical,-0.004886497172791104,6
2019-08-16 09:30:00-04:00,GLD,1,1.0,0.1,3717,142.81,142.84314218049806,6.054249138486821,-0.4013020354557456,False,3722,142.81,142.77685781950197,vertical,-0.00046403600469901995,6
2019-08-16 09:30:00-04:00,IWM,-1,1.0,0.1,3717,134.55,134.50872396793622,6.429382013104081,-9.213087143282626,False,3722,135.9,135.94169017285373,vertical,-0.010653332829617002,6
2019-08-16 09:30:00-04:00,QQQ,-1,1.0,0.1,3717,176.34,176.2888307281792,4.905631099332002,-3.887902806423201,False,3722,177.03,177.08136949183645,vertical,-0.004495683364530878,6
2019-08-16 09:30:00-04:00,SPY,-1,1.0,0.1,3717,258.92,258.85299464029634,3.340923181849888,-4.591536356737493,False,3722,260.16,260.2273262566836,vertical,-0.00530931318100869,6
2019-08-16 09:30:00-04:00,TLT,1,1.0,0.1,3717,118.25,118.27630739831464,7.31175997550084,0.9311172314028289,False,3722,118.43,118.40365255659701,vertical,0.001076675126942428,6
2019-08-19 09:30:00-04:00,DIA,1,1.0,0.1,3724,229.56,229.6146510876831,3.7570299069212045,0.34057555327599937,False,3729,229.76,229.70530129854475,vertical,0.0003947927992933309,6
2019-08-19 09:30:00-04:00,GLD,-1,1.0,0.1,3724,141.6,141.56740657684946,6.093698627836383,2.6734830252759028,False,3729,141.0962,141.12867745869727,vertical,0.003099082823941113,6
2019-08-19 09:30:00-04:00,IWM,1,1.0,0.1,3724,137.49,137.53219808005917,6.272488357246589,-1.7207809437515398,False,3729,137.3,137.25786023425616,vertical,-0.0019947172344567665,6
2019-08-19 09:30:00-04:00,QQQ,1,1.0,0.1,3724,179.28,179.33261023644818,4.81044194954996,1.7059969664696808,False,3729,179.74,179.68725477521645,vertical,0.0019775797513941207,6
2019-08-19 09:30:00-04:00,SPY,1,1.0,0.1,3724,262.79,262.8587694921313,3.2818730486734893,1.1235013378958256,False,3729,263.27,263.20110489671066,vertical,0.0013023548928605688,6
2019-08-19 09:30:00-04:00,TLT,-1,1.0,0.1,3724,117.02,116.99363209443226,7.373641588521615,1.5287238300566899,False,3729,116.76,116.78630932023661,vertical,0.0017720859715536497,6
2019-08-20 09:30:00-04:00,GLD,-1,1.0,0.1,3731,141.85,141.81742990532084,6.086940524566914,-2.649189571435308,False,3736,142.22,142.25265505016054,vertical,-0.003068911523289364,6
2019-08-20 09:30:00-04:00,IWM,1,1.0,0.1,3731,136.77,136.8118562029934,6.309645122421326,-3.114358379550621,False,3736,136.36,136.31826927074522,vertical,-0.003607778930473815,6
2019-08-20 09:30:00-04:00,TLT,-1,1.0,0.1,3731,117.52,117.49336006598077,7.347089747844972,-3.3309540592055087,False,3736,117.92,117.94673060772249,vertical,-0.003858690750584648,6
2019-08-20 13:30:00-04:00,SPY,1,1.0,0.1,3735,261.85,261.91885945487496,3.2937384676887835,-2.528119622114546,False,3736,261.22,261.1513062180545,vertical,-0.0029305000732591235,2
2019-08-21 09:30:00-04:00,DIA,1,1.0,0.1,3738,230.28,230.33511347990844,3.7426859760684765,-0.07578377600845462,False,3743,230.37,230.31486498016974,vertical,-8.790887083076626e-05,6
2019-08-21 09:30:00-04:00,IWM,1,1.0,0.1,3738,137.5,137.5423550335164,6.267683862235194,-0.6562509838335217,False,3743,137.48,137.43765112721576,vertical,-0.0007612484625200144,6
2019-08-21 09:30:00-04:00,QQQ,1,1.0,0.1,3738,180.26,180.3132580986668,4.7809684551630225,-1.4651617615284802,False,3743,180.06,180.0068009916457,vertical,-0.0016995816627828342,6
2019-08-21 09:30:00-04:00,SPY,1,1.0,0.1,3738,263.27,263.3396471989976,3.27361264506424,-0.16144870670405537,False,3743,263.36,263.29032899180305,vertical,-0.00018727984076516435,6
2019-08-21 14:30:00-04:00,TLT,1,1.0,0.1,3743,116.99,117.01688813610534,7.364246611912679,0.9292380015760662,False,3743,117.17,117.14307049399554,vertical,0.001078326042506239,1
2019-08-22 09:30:00-04:00,GLD,1,1.0,0.1,3745,141.2978,141.33029873854292,6.098685603780469,0.22674313413847144,False,3750,141.4,141.36747775528022,vertical,0.0002630647290011723,6
2019-08-22 10:30:00-04:00,IWM,-1,1.0,0.1,3746,136.66,136.61810646871808,6.309886540019911,-3.558360868502399,False,3750,137.14,137.18204067671593,vertical,-0.004127814552362885,5
2019-08-22 10:30:00-04:00,QQQ,-1,1.0,0.1,3746,178.77,178.71716592132623,4.823513995904878,-4.031897705804422,False,3750,179.5,179.55304982447805,vertical,-0.0046771327132604235,5
2019-08-22 11:30:00-04:00,TLT,-1,1.0,0.1,3747,116.47,116.4429667158303,7.396435712728234,0.11797077550637676,False,3750,116.4,116.4270170368108,vertical,0.0001369741725871787,4
2019-08-23 09:30:00-04:00,GLD,1,1.0,0.1,3752,142.7,142.73273028595122,6.033686191688049,6.221072718510197,False,3752,143.79676885553653,143.76378700996187,upper,0.007223688091336999,1
2019-08-23 09:30:00-04:00,IWM,1,1.0,0.1,3752,136.7,136.7418024609341,6.298033873542926,-9.606738163472402,False,3752,135.2578087921794,135.21644734910646,lower,-0.011155002233230293,1
2019-08-23 09:30:00-04:00,TLT,-1,1.0,0.1,3752,117.04,117.012604194355,7.3599293833153165,-8.210380643128389,False,3754,118.10051170403142,118.12815574594204,upper,-0.009533601608713305,3
2019-08-23 10:30:00-04:00,DIA,-1,1.0,0.1,3753,227.68,227.6253553251495,3.7801722774127424,8.12970376179329,False,3757,225.42063564808933,225.47473806085978,lower,0.009448056703602714,5
2019-08-23 10:30:00-04:00,GLD,1,1.0,0.1,3753,143.88,143.91300093582805,5.979050205617229,1.2791215666861036,False,3757,144.16,144.1269348421673,vertical,0.0014865502417993337,5
2019-08-23 10:30:00-04:00,IWM,-1,1.0,0.1,3753,134.99,134.94872045207393,6.3762224269621175,9.43247190101139,False,3754,133.4285986050558,133.46940068099352,lower,0.010962088163005479,2
2019-08-23 10:30:00-04:00,QQQ,-1,1.0,0.1,3753,176.23,176.17747746579235,4.884069576960696,10.215763025542858,False,3756,174.033959652571,174.08582769206,lower,0.011872401647585518,4
2019-08-23 10:30:00-04:00,SPY,-1,1.0,0.1,3753,259.51,259.44072791220503,3.316607476246122,8.205014696578978,False,3756,256.8982350654407,256.96680998391713,lower,0.009535580431785817,4
2019-08-23 12:30:00-04:00,IWM,-1,1.0,0.1,3755,133.49,133.449179147695,6.468381451708619,2.9659044227062785,False,3757,132.95,132.99065572188144,vertical,0.003435940398749726,3
2019-08-23 12:30:00-04:00,TLT,1,1.0,0.1,3755,118.44,118.46772350666946,7.2863744621216995,-1.5695547299472754,False,3757,118.28,118.25231394487619,vertical,-0.0018182974688556452,3
2019-08-26 09:30:00-04:00,GLD,1,1.0,0.1,3759,144.75,144.78367504385852,5.966907121415496,-3.7425623375840322,False,3764,144.19,144.15645523610388,vertical,-0.004332116915561346,6
2019-08-26 10:30:00-04:00,DIA,-1,1.0,0.1,3760,227.22,227.16465458968264,3.802296813680101,-2.5887164435852723,False,3764,227.79,227.84548424881694,vertical,-0.0029970756690298472,5
2019-08-26 10:30:00-04:00,QQQ,-1,1.0,0.1,3760,175.79,175.7367648357208,4.915007073986621,-3.719024495992756,False,3764,176.44,176.49343200628832,vertical,-0.0043056851039384725,5
2019-08-26 10:30:00-04:00,SPY,-1,1.0,0.1,3760,258.46,258.3895088186423,3.342811580377808,-3.4471911968512856,False,3764,259.35,259.4207339158288,vertical,-0.003990971235253493,5
2019-08-26 11:30:00-04:00,IWM,-1,1.0,0.1,3761,134.09,134.04851059343818,6.437749554063885,-2.7881063379497535,False,3764,134.44,134.48159770167925,vertical,-0.003230823724365006,4
2019-08-26 14:30:00-04:00,TLT,1,1.0,0.1,3764,117.82,117.84845217718082,7.326322792047734,-0.34365413263428096,False,3764,117.83,117.801545407934,vertical,-0.0003980261800663465,1
2019-08-27 09:30:00-04:00,DIA,-1,1.0,0.1,3766,228.19,228.133736742319,3.7795717043085593,5.5100886305173224,False,3771,226.62,226.67587615344962,vertical,0.006390377020458193,6
2019-08-27 09:30:00-04:00,QQQ,-1,1.0,0.1,3766,177.14,177.08542599278877,4.869106598442262,4.241741241403458,False,3771,176.16,176.21427208485,vertical,0.004919399228111798,6
2019-08-27 09:30:00-04:00,SPY,-1,1.0,0.1,3766,260.03,259.9577119840615,3.3168772321027076,7.508616847377523,False,3768,257.62233243914096,257.69395112649806,lower,0.008708188883052803,3
2019-08-27 09:30:00-04:00,TLT,1,1.0,0.1,3766,118.97,118.99902991643327,7.245839035788425,4.577716769877829,False,3771,119.66,119.63080171639567,vertical,0.005309050001550908,6
2019-08-27 10:30:00-04:00,GLD,1,1.0,0.1,3767,145.43,145.4639868809947,5.937460284921509,0.07129430416686827,False,3771,145.51,145.47599442306583,vertical,8.254649366201683e-05,5
2019-08-27 10:30:00-04:00,IWM,-1,1.0,0.1,3767,133.18,133.13843137510906,6.487132498646219,4.392437182438837,False,3771,132.42,132.46133141093298,vertical,0.005085683804313401,5
2019-08-27 12:30:00-04:00,SPY,-1,1.0,0.1,3769,258.35,258.27817902196784,3.3483105651702223,-0.4139730512651694,False,3771,258.33,258.4018154180571,vertical,-0.00047869470257766444,3
2019-08-28 09:30:00-04:00,TLT,1,1.0,0.1,3773,120.06,120.08951092990876,7.201599887326276,-2.369005844265504,False,3778,119.79,119.76055543650033,vertical,-0.0027392525030801584,6
2019-08-28 10:30:00-04:00,DIA,1,1.0,0.1,3774,228.31,228.3670258924209,3.786764498124176,1.9910366945117668,False,3778,228.95,228.89281425224578,vertical,0.0023023830072235185,5
2019-08-28 10:30:00-04:00,IWM,1,1.0,0.1,3774,134.31,134.3523279327886,6.436599644363713,-2.668304391607456,False,3778,133.98,133.93777606704626,vertical,-0.0030855577429944603,5
2019-08-28 10:30:00-04:00,SPY,1,1.0,0.1,3774,259.82,259.8933791264515,3.3274112218567438,0.5096163877764042,False,3778,260.12,260.0465361466686,vertical,0.000589307125606009,5
2019-08-29 09:30:00-04:00,DIA,1,1.0,0.1,3780,231.4,231.45812603033042,3.735375195050376,1.432973383949667,False,3785,231.9,231.84174837323414,vertical,0.0016574157472157847,6
2019-08-29 09:30:00-04:00,IWM,1,1.0,0.1,3780,136.26,136.3026651503071,6.343111058856593,-0.033969579004281804,False,3785,136.34,136.29730980043396,vertical,-3.9290133228342405e-05,6
2019-08-29 09:30:00-04:00,QQQ,1,1.0,0.1,3780,179.36,179.4164901200555,4.81885997261461,-0.49626253422530314,False,3785,179.37,179.31350673040617,vertical,-0.0005739906603925427,6
2019-08-29 09:30:00-04:00,SPY,1,1.0,0.1,3780,262.99,263.06456849286064,3.286580734227628,1.1198171940719865,False,3785,263.48,263.40529257196505,vertical,0.0012952108338133428,6
2019-08-29 09:30:00-04:00,TLT,1,1.0,0.1,3780,118.96,118.98942347707579,7.266048673923598,2.4781157647827006,False,3785,119.36,119.33047758722456,vertical,0.002866255673677376,6
2019-08-29 10:30:00-04:00,GLD,1,1.0,0.1,3781,144.9,144.9343146569409,5.963385300159782,-6.112494442010399,False,3782,143.9433986652857,143.9093105469689,lower,-0.007072197584113815,2
2019-08-29 12:30:00-04:00,GLD,-1,1.0,0.1,3783,144.07,144.0358819004453,5.998502961521082,-0.7693104526665617,False,3785,144.13,144.16413230852237,vertical,-0.0008904059626315686,3
2019-08-30 09:30:00-04:00,DIA,1,1.0,0.1,3787,232.91,232.9683183383113,3.710138939771407,-2.9920931467822065,False,3792,232.22,232.16185443079883,vertical,-0.003461689182738259,6
2019-08-30 10:30:00-04:00,QQQ,1,1.0,0.1,3788,178.29,178.34590070781528,4.8436053817707885,2.896359637691891,False,3792,179.0,178.94387668013385,vertical,0.0033529000102909823,5
2019-08-30 10:30:00-04:00,SPY,1,1.0,0.1,3788,262.77,262.8438963836833,3.286502659449838,1.551337301504856,False,3792,263.39,263.3159292594347,vertical,0.0017958677460114814,5
2019-08-30 12:30:00-04:00,GLD,-1,1.0,0.1,3790,143.4,143.36610239207545,6.02907779368683,-2.459113642640733,False,3792,143.74,143.77397797882202,vertical,-0.002844993202306023,3
2019-08-30 12:30:00-04:00,TLT,-1,1.0,0.1,3790,118.73,118.70050379977917,7.281901564272067,-5.091151645759462,False,3792,119.37,119.39965519599396,vertical,-0.005890045735560623,3
2019-09-03 09:30:00-04:00,DIA,1,1.0,0.1,3794,229.25,229.30611994555062,3.766734894190909,1.9496841527909032,False,3799,229.88,229.82372583169825,vertical,0.0022572702650525134,6
2019-09-03 09:30:00-04:00,GLD,1,1.0,0.1,3794,145.44,145.4740804626896,5.937383214269277,1.3761000439942914,False,3799,145.74,145.70584923932628,vertical,0.0015931963680368977,6
2019-09-03 09:30:00-04:00,IWM,1,1.0,0.1,3794,134.23,134.2710744455218,6.432773156968199,-1.4287578427141125,False,3799,134.09,134.0489683945465,vertical,-0.0016541615675043086,6
2019-09-03 09:30:00-04:00,QQQ,1,1.0,0.1,3794,177.53,177.58442021629355,4.863801466358494,-2.0366945143353647,False,3799,177.22,177.16567481140345,vertical,-0.0023580075570823755,6
2019-09-03 09:30:00-04:00,SPY,1,1.0,0.1,3794,261.4,261.47163512437083,3.303361617177288,1.0788810441386683,False,3799,261.87,261.7982360749082,vertical,0.001249087498083723,6
2019-09-03 09:30:00-04:00,TLT,1,1.0,0.1,3794,120.2,120.2292818055994,7.1840682276304255,-5.376524483879802,False,3799,119.51,119.48088628463242,vertical,-0.006224735852427998,6
2019-09-04 09:30:00-04:00,DIA,-1,1.0,0.1,3801,231.37,231.31418308233197,3.732117161113109,-2.843091938485269,False,3806,232.02,232.07597372709225,vertical,-0.0032933157604484453,6
2019-09-04 09:30:00-04:00,IWM,-1,1.0,0.1,3801,134.97,134.92929526100306,6.398103767017431,-2.056874287073609,False,3806,135.21,135.25077711906184,vertical,-0.0023825949541713687,6
2019-09-04 09:30:00-04:00,QQQ,-1,1.0,0.1,3801,178.73,178.67581423379556,4.831608777004492,-5.598336107246122,False,3806,179.78,179.83450409583298,vertical,-0.00648487243226592,6
2019-09-04 09:30:00-04:00,SPY,1,1.0,0.1,3801,263.61,263.6813628563531,3.273995639808378,3.2640612684002366,False,3806,264.75,264.6783285299516,vertical,0.003780948576717069,6
2019-09-04 12:30:00-04:00,GLD,1,1.0,0.1,3804,146.27,146.3040821332955,5.897091449623835,1.838401689955251,False,3806,146.65,146.61582932352647,vertical,0.0021308167597602345,3
2019-09-05 09:30:00-04:00,DIA,1,1.0,0.1,3808,235.86,235.91577425570276,3.6570341727885998,-2.382268187152599,False,3813,235.32,235.26435343910808,vertical,-0.002761243154044579,6
2019-09-05 09:30:00-04:00,GLD,-1,1.0,0.1,3808,142.74,142.7070956696682,6.045614230353651,-2.8771269985398167,False,3813,143.15,143.18299884326046,vertical,-0.003334824882806453,6
2019-09-05 09:30:00-04:00,IWM,1,1.0,0.1,3808,138.52,138.5606683674276,6.22652920571361,-5.921935552432413,False,3813,137.65,137.60958705763494,vertical,-0.006864006366299025,6
2019-09-05 09:30:00-04:00,QQQ,1,1.0,0.1,3808,183.25,183.3037807360924,4.706678961494604,-1.2120519629757203,False,3813,183.1,183.04626328633822,vertical,-0.0014048670939577068,6
2019-09-05 09:30:00-04:00,SPY,1,1.0,0.1,3808,268.56,268.631505202775,3.2116562340732986,-1.550972640442127,False,3813,268.22,268.1485853236212,vertical,-0.0017977038054015626,6
2019-09-05 09:30:00-04:00,TLT,-1,1.0,0.1,3808,117.28,117.25186995601106,7.3581090747351094,-2.548331307814957,False,3813,117.57,117.598199601567,vertical,-0.0029537238569061763,6
2019-09-06 10:30:00-04:00,TLT,-1,1.0,0.1,3816,118.06,118.032080973859,7.295497737422438,-2.6695055106513004,False,3820,118.37,118.39799233545918,vertical,-0.003100100909694481,5
2019-09-06 12:30:00-04:00,GLD,-1,1.0,0.1,3818,142.17,142.1371243919124,6.057699922314869,1.1164740414094392,False,3820,141.92,141.95281779770548,vertical,0.0012966816023288752,3
2019-09-09 09:30:00-04:00,DIA,1,1.0,0.1,3822,236.72,236.7731226035099,3.6361706391093707,-1.8041140126660529,False,3827,236.33,236.27696491683216,vertical,-0.002095498345513591,6
2019-09-09 09:30:00-04:00,TLT,-1,1.0,0.1,3822,116.55,116.52282182948166,7.388659689352769,1.6676866341745744,False,3827,116.27,116.29711287761617,vertical,0.0019370364390572936,6
2019-09-09 10:30:00-04:00,IWM,1,1.0,0.1,3823,138.6,138.63829169316594,6.208997123382106,1.262532859996957,False,3827,138.88,138.84163094987818,vertical,0.001466688995001908,5
2019-09-09 11:30:00-04:00,QQQ,-1,1.0,0.1,3824,182.21,182.16019405753988,4.722695651721875,-1.6514332583941458,False,3827,182.46,182.50987427836716,vertical,-0.0019196302608066595,4
2019-09-10 09:30:00-04:00,GLD,-1,1.0,0.1,3829,140.86,140.8281074237742,6.113090344762408,3.8902077011765606,False,3834,140.16,140.19173408692183,vertical,0.004518794923071945,6
2019-09-10 09:30:00-04:00,IWM,1,1.0,0.1,3829,139.34,139.37868435042444,6.176661429799295,7.549550349235064,False,3834,140.64,140.60095473630187,vertical,0.008769421174936731,6
2019-09-10 09:30:00-04:00,QQQ,-1,1.0,0.1,3829,181.19,181.14124561250657,4.752616892151913,-4.5993111280532855,False,3834,182.06,182.10898848604813,vertical,-0.005342476641745808,6
2019-09-10 09:30:00-04:00,SPY,-1,1.0,0.1,3829,267.24,267.1733120043319,3.222234052140204,-4.684179005282649,False,3834,268.56,268.62701739304237,vertical,-0.005441057633357227,6
2019-09-10 09:30:00-04:00,TLT,-1,1.0,0.1,3829,115.81,115.7834304656595,7.435389850698647,8.481623918451977,False,3833,114.61642471685822,114.64272041699205,lower,0.009852100979213851,5
2019-09-11 09:30:00-04:00,IWM,1,1.0,0.1,3836,142.02,142.05913196008908,6.067605236312114,8.624025495445965,False,3841,143.52,143.48045473234768,vertical,0.010005148930924967,6
2019-09-11 11:30:00-04:00,QQQ,1,1.0,0.1,3838,183.52,183.5689571845556,4.696354413008263,0.38527770455893573,False,3841,183.7,183.6509947972817,vertical,0.00044690351780785065,4
2019-09-11 12:30:00-04:00,DIA,1,1.0,0.1,3839,238.05,238.10192667405227,3.6214412787111483,2.5204222551501627,False,3841,238.85,238.7978988191666,vertical,0.002923000896448258,3
2019-09-11 12:30:00-04:00,SPY,1,1.0,0.1,3839,269.93,269.9965471033197,3.1936413818955316,1.2033003936582323,False,3841,270.44,270.3733271639989,vertical,0.0013954995525740088,3
2019-09-11 13:30:00-04:00,GLD,-1,1.0,0.1,3840,141.06,141.0283279586514,6.114355080852339,-0.14267909667980702,False,3841,141.02,141.0516630601941,vertical,-0.00016546393111549484,2
2019-09-12 09:30:00-04:00,DIA,1,1.0,0.1,3843,240.03,240.08163962471622,3.595517628801365,-2.8157683470125705,False,3848,239.35,239.2985066692671,vertical,-0.0032619443813914906,6
2019-09-12 09:30:00-04:00,GLD,1,1.0,0.1,3843,141.94,141.97172205229998,6.080209179291413,-4.093852121390192,False,3848,141.33,141.29841427609165,vertical,-0.004742548491172727,6
2019-09-12 09:30:00-04:00,QQQ,1,1.0,0.1,3843,185.6,185.64871811009334,4.649737290996528,-5.891817461792005,False,3848,184.43,184.3815890029929,vertical,-0.006825412639525963,6
2019-09-12 09:30:00-04:00,SPY,1,1.0,0.1,3843,272.0,272.0658542393293,3.1728265571424963,-2.543167273743558,False,3848,271.33,271.26430797515724,vertical,-0.0029461479699947057,6
2019-09-12 10:30:00-04:00,TLT,-1,1.0,0.1,3844,113.82,113.79430829389922,7.580373280329119,3.4773575680950084,False,3848,113.31,113.33557658775506,vertical,0.004031235946875156,5
2019-09-13 09:30:00-04:00,GLD,1,1.0,0.1,3850,141.1,141.13103109927064,6.108019165907406,-6.119352419322366,False,3855,140.16,140.12917562810935,vertical,-0.007098761082930061,6
2019-09-13 09:30:00-04:00,IWM,1,1.0,0.1,3850,144.34,144.37978491797128,5.970579907349068,-3.5192345140725854,False,3855,143.83,143.79035565503807,vertical,-0.004082491626290263,6
2019-09-13 09:30:00-04:00,TLT,-1,1.0,0.1,3850,111.89,111.86482729987267,7.706006111713726,7.319777825416904,False,3855,110.89,110.91494772291642,vertical,0.008491315812877764,6
2019-09-16 09:30:00-04:00,DIA,1,1.0,0.1,3857,238.52,238.56826999396162,3.612379642815175,-0.6015544887360438,False,3862,238.45,238.40174417214428,vertical,-0.0006980216682694884,6
2019-09-16 09:30:00-04:00,GLD,1,1.0,0.1,3857,141.37,141.40085259603094,6.094723943496303,-0.802613679641798,False,3862,141.3,141.26916268077264,vertical,-0.0009313233466458071,6
2019-09-16 09:30:00-04:00,QQQ,-1,1.0,0.1,3857,182.9,182.85448130206927,4.7130327668817635,-0.5704884009767378,False,3862,182.93,182.9755261640922,vertical,-0.0006619737244666357,6
2019-09-16 09:30:00-04:00,SPY,1,1.0,0.1,3857,270.27,270.33179698354934,3.187931170376768,-0.20277692501124722,False,3862,270.33,270.2681892975066,vertical,-0.00023529487375328895,6
2019-09-16 09:30:00-04:00,TLT,-1,1.0,0.1,3857,111.63,111.60504491594374,7.721865643232279,-5.1740265779728984,False,3862,112.25,112.27509368615351,vertical,-0.006003749836886119,6
2019-09-16 10:30:00-04:00,IWM,1,1.0,0.1,3858,144.72,144.75924642748552,5.952621251646783,-2.609600745110605,False,3862,144.36,144.32085120044354,vertical,-0.003028443694348626,5
2019-09-17 09:30:00-04:00,IWM,-1,1.0,0.1,3864,143.12,143.08167117142708,6.016165794113088,-5.4559400662248185,False,3869,143.95,143.98855111006898,vertical,-0.006338197836362802,6
2019-09-17 10:30:00-04:00,TLT,-1,1.0,0.1,3865,113.16,113.13488378606202,7.605568635060211,1.4436954336050756,False,3869,112.92,112.94506294519157,vertical,0.0016778276913194112,5
2019-09-18 09:30:00-04:00,TLT,1,1.0,0.1,3871,113.92,113.94504775578737,7.55102436085568,-4.454929045600607,False,3876,113.38,113.35507097479659,vertical,-0.005177730779974299,6
2019-09-18 10:30:00-04:00,GLD,1,1.0,0.1,3872,142.29,142.32080570689726,6.045854453443055,-6.890610221114238,False,3874,141.21165315835978,141.1810809129618,lower,-0.00800813899467856,3
2019-09-18 10:30:00-04:00,IWM,-1,1.0,0.1,3872,142.75,142.71124752897308,6.029313679890303,-2.2765867463155316,False,3876,143.05,143.08883391229705,vertical,-0.002645806759185687,5
2019-09-18 12:30:00-04:00,DIA,-1,1.0,0.1,3874,238.02,237.97382389862986,3.6163899049515726,-4.312782210442226,False,3876,239.12,239.1663895023932,vertical,-0.005011331012066966,3
2019-09-18 12:30:00-04:00,QQQ,-1,1.0,0.1,3874,182.63,182.5863162957529,4.713420763666213,-5.78638428017707,False,3876,183.77,183.8139563835596,vertical,-0.0067236149603793205,3
2019-09-18 12:30:00-04:00,SPY,-1,1.0,0.1,3874,269.89,269.8304489246006,3.1894329858607238,-4.804896808228419,False,3876,271.2770968083551,271.33695394587846,upper,-0.005583154263286483,3
2019-09-18 13:30:00-04:00,GLD,-1,1.0,0.1,3875,141.23,141.19942378252085,6.0975904209511995,6.322911943255597,False,3875,140.13213270149654,140.16247123130813,lower,0.007343886564366353,1
2019-09-18 14:30:00-04:00,GLD,-1,1.0,0.1,3876,140.32,140.28962079702137,6.126829717148618,-2.6396741909805352,False,3876,140.69,140.7204593077755,vertical,-0.00307106476093133,1
2019-09-19 09:30:00-04:00,DIA,1,1.0,0.1,3878,239.83,239.8764971139814,3.5764968497067895,-5.281309232936413,False,3883,238.44605490026078,238.39982609905533,lower,-0.006155963725885227,6
2019-09-19 09:30:00-04:00,GLD,1,1.0,0.1,3878,141.6,141.6309803676478,6.057414373746897,-2.313270355702077,False,3883,141.28,141.2490896444825,vertical,-0.002696378448938108,6
2019-09-19 09:30:00-04:00,QQQ,1,1.0,0.1,3878,184.99,185.03465530421565,4.636523546555921,-4.725016758314077,False,3883,184.06,184.01556919134043,vertical,-0.005507541877491695,6
2019-09-19 09:30:00-04:00,SPY,1,1.0,0.1,3878,272.18,272.23994428542454,3.151328650535528,-3.6544682818582626,False,3883,271.14,271.0802847617385,vertical,-0.004259696448035699,6
2019-09-19 09:30:00-04:00,TLT,1,1.0,0.1,3878,114.05,114.07544061837733,7.520615582076879,-2.939097139363668,False,3883,113.71,113.684635223887,vertical,-0.0034258504054146544,6
2019-09-19 10:30:00-04:00,IWM,-1,1.0,0.1,3879,144.13,144.0902975030343,5.950780611553507,7.109623571242997,False,3882,142.8562079148426,142.89555952908856,lower,0.008291592110291623,4
2019-09-20 12:30:00-04:00,DIA,-1,1.0,0.1,3888,237.92,237.8745055306883,3.601635158487521,2.193917737549656,False,3890,237.22,237.26536061705664,vertical,0.0025607826793909716,3
2019-09-20 12:30:00-04:00,GLD,-1,1.0,0.1,3888,142.12,142.08885635172246,6.029587431588723,-5.562148210797846,False,3890,142.98,143.01133210547934,vertical,-0.006492245609137859,3
2019-09-20 12:30:00-04:00,IWM,-1,1.0,0.1,3888,142.17,142.13078990229528,6.027808492558907,0.1905398841474654,False,3890,142.06,142.09917976000514,vertical,0.00022240179141941319,3
2019-09-20 12:30:00-04:00,QQQ,-1,1.0,0.1,3888,182.48,182.43637134500483,4.696087606385178,1.0463672462241445,False,3890,182.17,182.21355453792452,vertical,0.0012213398317320046,3
2019-09-20 12:30:00-04:00,SPY,-1,1.0,0.1,3888,270.24,270.18117825099625,3.170972855967261,1.2127871937858934,False,3890,269.74,269.7987129165789,vertical,0.001415588372562504,3
2019-09-20 12:30:00-04:00,TLT,1,1.0,0.1,3888,114.33,114.35549128308881,7.491876190766344,6.56871016645876,False,3890,115.25796719342992,115.23226900861431,upper,0.007667123945583221,3
2019-09-23 09:30:00-04:00,DIA,-1,1.0,0.1,3892,236.88,236.83442014453036,3.6198378567850136,-2.212661248662865,False,3897,237.4,237.4456799125654,vertical,-0.0025809583238027844,6
2019-09-23 09:30:00-04:00,GLD,1,1.0,0.1,3892,143.645,143.67658491274383,5.966888761655534,0.30911400467483796,False,3897,143.76,143.72838980085592,vertical,0.0003605659763110669,6
2019-09-23 09:30:00-04:00,TLT,1,1.0,0.1,3892,115.96,115.98579736743925,7.391441187518784,-6.145400975662844,False,3897,115.18,115.15437615745384,vertical,-0.007168301885717043,6
2019-09-23 12:30:00-04:00,IWM,-1,1.0,0.1,3895,142.41,142.37020936496444,6.018177996473946,1.9290095633433098,False,3897,142.01,142.0496788714374,vertical,0.002251387386144499,3
2019-09-24 09:30:00-04:00,IWM,-1,1.0,0.1,3899,141.51,141.470664172168,6.055603195024845,6.522407579806206,False,3900,140.35456316732504,140.3935778159872,lower,0.007613496144119436,2
2019-09-24 09:30:00-04:00,TLT,1,1.0,0.1,3899,116.08,116.10591599414,7.378523295974905,3.379763210964011,False,3904,116.59,116.56397014337712,vertical,0.003945140480698939,6
2019-09-24 10:30:00-04:00,QQQ,-1,1.0,0.1,3900,181.9,181.85668368656113,4.71308894517973,5.405695773618882,False,3900,180.66670715460288,180.70972978085402,lower,0.006306910928189691,1
2019-09-24 11:30:00-04:00,DIA,-1,1.0,0.1,3901,236.42,236.37495817842245,3.6302492170922487,0.4717809093443781,False,3904,236.2,236.24499990803068,vertical,0.000549797116383477,4
2019-09-24 11:30:00-04:00,GLD,1,1.0,0.1,3901,144.15,144.1819680620277,5.951507101763744,1.761551109837886,False,3904,144.51,144.47795210098076,vertical,0.002052850595198885,4
2019-09-24 11:30:00-04:00,IWM,-1,1.0,0.1,3901,140.18,140.14103387502306,6.123117427781214,1.5440021116486224,False,3904,139.85,139.88887439419335,vertical,0.0017993265345436216,4
2019-09-24 11:30:00-04:00,QQQ,-1,1.0,0.1,3901,180.11,180.06710994385116,4.7654455449138124,1.5931832941348127,False,3904,179.69,179.73279004047188,vertical,0.0018566405796346386,4
2019-09-24 11:30:00-04:00,SPY,-1,1.0,0.1,3901,268.13,268.07202391338757,3.2010054400330787,1.197668273778929,False,3904,267.64,267.6978701369521,vertical,0.0013957210863464464,4
2019-09-25 09:30:00-04:00,DIA,-1,1.0,0.1,3906,236.63,236.585276652327,3.6303096428597343,-5.314012191729133,False,3911,238.00408394263695,238.04906699378753,upper,-0.006187157384318853,6
2019-09-25 09:30:00-04:00,GLD,1,1.0,0.1,3906,143.76,143.79149177074444,5.973078105058831,-6.499432777061469,False,3906,142.734637750893,142.70337059389982,lower,-0.007567354392424619,1
2019-09-25 09:30:00-04:00,QQQ,-1,1.0,0.1,3906,179.29,179.24735843468926,4.791578624588335,-7.409525935132518,False,3909,180.75073371495859,180.79372269491657,upper,-0.008626984931500381,4
2019-09-25 10:30:00-04:00,GLD,-1,1.0,0.1,3907,142.83,142.79871195314814,6.004828195123077,6.109499534001857,False,3907,141.75022924238678,141.78128075687115,lower,0.00712493258770297,1
2019-09-25 10:30:00-04:00,IWM,-1,1.0,0.1,3907,140.53,140.49110373122167,6.103459286674837,-5.542076939089156,False,3911,141.36,141.39912599839542,vertical,-0.006463201178281919,5
2019-09-25 10:30:00-04:00,TLT,1,1.0,0.1,3907,115.6,115.62523628543813,7.416043065604651,-7.310187423283018,False,3910,114.66454222496301,114.63951015647491,lower,-0.008525181531563009,4
2019-09-25 11:30:00-04:00,GLD,-1,1.0,0.1,3908,141.88,141.84892005819964,6.043789357616202,0.04747668786331497,False,3911,141.81,141.84106460774396,vertical,5.537899373819766e-05,4
2019-09-25 11:30:00-04:00,SPY,-1,1.0,0.1,3908,268.38,268.3229314205565,3.195049297122502,-3.1769151012784165,False,3911,269.26,269.3172557034837,vertical,-0.003705699984951183,4
2019-09-25 13:30:00-04:00,QQQ,-1,1.0,0.1,3910,181.15,181.10691606025972,4.729189726040712,-3.4822086729231994,False,3911,181.8,181.84323853295496,vertical,-0.004065678377794368,2
2019-09-26 09:30:00-04:00,IWM,-1,1.0,0.1,3913,140.36,140.32128483377846,6.097578666852049,2.6994779414421246,False,3918,139.84,139.87857173585368,vertical,0.0031549960396186627,6
2019-09-26 09:30:00-04:00,QQQ,-1,1.0,0.1,3913,180.84,180.7974487531735,4.732478687107021,-1.775487483766753,False,3918,181.13,181.17261948317676,vertical,-0.002075088628686439,6
2019-09-26 09:30:00-04:00,TLT,1,1.0,0.1,3913,115.44,115.46558022569393,7.410174280814128,0.7321719791683226,False,3918,115.59,115.56438653596709,vertical,0.0008557209003758892,6
2019-09-26 10:30:00-04:00,DIA,-1,1.0,0.1,3914,236.41,236.3656036222175,3.623755768562469,-2.3152032186547045,False,3918,236.96,237.0044996644784,vertical,-0.0027029992201490494,5
2019-09-26 10:30:00-04:00,SPY,-1,1.0,0.1,3914,267.71,267.6537192268255,3.2001468990979562,-5.479285908025942,False,3917,269.3093004782549,269.3659174729655,upper,-0.006397065025235182,4
2019-09-27 09:30:00-04:00,GLD,-1,1.0,0.1,3920,140.67,140.63910188140306,6.079434729039553,-2.6255711182151695,False,3925,141.04,141.07097938897357,vertical,-0.0030708210006538117,6
2019-09-27 09:30:00-04:00,QQQ,1,1.0,0.1,3920,180.5,180.54212924065132,4.735771334008497,-7.405385551736324,False,3922,179.02020043970174,178.97841658870024,lower,-0.008661206437123314,3
2019-09-27 10:30:00-04:00,DIA,1,1.0,0.1,3921,237.81,237.85442309507644,3.595710647821529,-5.026774549395463,False,3921,236.50060964244219,236.4564311425146,lower,-0.005877510850420653,1
2019-09-27 10:30:00-04:00,IWM,1,1.0,0.1,3921,140.34,140.37853409808642,6.092496172932125,-7.777789266416581,False,3921,139.14012090354623,139.10191626433678,lower,-0.009094110021533819,1
2019-09-27 11:30:00-04:00,DIA,1,1.0,0.1,3922,236.73,236.77422135022684,3.6031173132131893,-5.172076803747838,False,3924,235.38274601234335,235.33877633022124,lower,-0.006062505503427906,3
2019-09-27 11:30:00-04:00,IWM,-1,1.0,0.1,3922,139.45,139.41171027520198,6.1194665396865515,7.041717550742472,False,3924,138.22304969605528,138.2610025288527,lower,0.008254025031883994,3
2019-09-27 11:30:00-04:00,SPY,1,1.0,0.1,3922,267.9,267.95589884406996,3.1838272639261005,-5.514184034060157,False,3924,266.27952388770444,266.2239631651034,lower,-0.0064635101762564595,3
2019-09-27 12:30:00-04:00,QQQ,-1,1.0,0.1,3923,178.96,178.91823019996144,4.764278996472492,-0.5409676918250146,False,3925,178.99,179.03177680212843,vertical,-0.0006346284670941671,3
2019-09-30 09:30:00-04:00,DIA,-1,1.0,0.1,3927,236.87,236.82533885015567,3.5988722373645126,-1.2213472430923915,False,3932,237.12,237.16470828661747,vertical,-0.0014329946200415389,6
2019-09-30 09:30:00-04:00,GLD,-1,1.0,0.1,3927,140.02,139.9889943933883,6.088365308898332,6.157205374171758,False,3927,138.9469195840652,138.97768757098513,lower,0.0072241880641079614,1
2019-09-30 09:30:00-04:00,QQQ,-1,1.0,0.1,3927,179.84,179.7974398427145,4.7403574702613005,-3.817365817046668,False,3932,180.56,180.6027305493743,vertical,-0.004478877493273803,6
2019-09-30 09:30:00-04:00,SPY,-1,1.0,0.1,3927,268.09,268.03339955042645,3.1798430289726647,-1.8548028452042589,False,3932,268.56,268.6166996782329,vertical,-0.002176221802151712,6
2019-09-30 10:30:00-04:00,GLD,-1,1.0,0.1,3928,138.57,138.53931547701626,6.151717632742147,-2.2849797958519478,False,3932,138.88,138.91075316844902,vertical,-0.002681099514270313,5
2019-09-30 11:30:00-04:00,IWM,-1,1.0,0.1,3929,139.22,139.18121794083126,6.119837432979457,1.790290825076613,False,3932,138.85,138.8886789894812,vertical,0.00210185652689443,4
2019-09-30 13:30:00-04:00,TLT,1,1.0,0.1,3931,115.95,115.97620832140595,7.34313977704418,1.1568080647919203,False,3932,116.16,116.13374421203523,vertical,0.0013583466204782901,2
2019-10-01 09:30:00-04:00,DIA,-1,1.0,0.1,3934,236.1,236.0555469847293,3.6105769545999657,4.379169334366045,False,3935,234.79846656791025,234.84267452987498,lower,0.005138080720182181,2
2019-10-01 09:30:00-04:00,GLD,-1,1.0,0.1,3934,139.175,139.14437846068074,6.125268784677449,-3.0402084856071356,False,3939,139.61,139.64071724881887,vertical,-0.0035670775465670435,6
2019-10-01 09:30:00-04:00,QQQ,-1,1.0,0.1,3934,180.93,180.8868604997968,4.711766877890561,6.399884702002559,False,3935,179.48578831988252,179.52858347381886,lower,0.007508986679435781,2
2019-10-01 09:30:00-04:00,SPY,-1,1.0,0.1,3934,268.0,267.9432209871465,3.18088554287193,4.539789645363198,False,3935,266.4595589671802,266.51601161913374,lower,0.005326536580230301,2
2019-10-01 10:30:00-04:00,TLT,1,1.0,0.1,3935,116.71,116.73620553720687,7.302598131965146,-1.6969095332189865,False,3939,116.53,116.50383487918158,vertical,-0.0019905620279153657,5
2019-10-01 11:30:00-04:00,DIA,-1,1.0,0.1,3936,234.71,234.66580869456084,3.6365188704285325,2.1155213501453023,False,3939,234.04,234.08406515753472,vertical,0.00247902981803072,4
2019-10-01 11:30:00-04:00,IWM,-1,1.0,0.1,3936,137.6,137.5616582264459,6.203521043322846,6.931203827958754,False,3937,136.40634748581033,136.44435665213769,lower,0.008122187451891416,2
2019-10-01 11:30:00-04:00,QQQ,-1,1.0,0.1,3936,179.48,179.43720622618432,4.755795408932394,1.5908734578478265,False,3939,179.06,179.10269363237933,vertical,0.0018642320666948375,4
2019-10-01 11:30:00-04:00,SPY,-1,1.0,0.1,3936,266.17,266.113608694585,3.2067756540085095,2.4608919115243055,False,3939,265.29,265.3462048668654,vertical,0.0028837451473606723,4
2019-10-02 09:30:00-04:00,DIA,-1,1.0,0.1,3941,230.99,230.94587013022695,3.7007145401113193,6.105986468370989,False,3943,229.25212429896138,229.2959221533729,lower,0.007144306048528448,3
2019-10-02 09:30:00-04:00,GLD,-1,1.0,0.1,3941,140.75,140.71878955379484,6.073565174058471,-3.5380715721489318,False,3946,141.27,141.30132575300462,vertical,-0.004139718661999137,6
2019-10-02 09:30:00-04:00,IWM,-1,1.0,0.1,3941,134.83,134.7918917226685,6.340624266391677,-2.068864630237203,False,3946,135.08,135.11817893719456,vertical,-0.0024206739022356594,6
2019-10-02 09:30:00-04:00,QQQ,-1,1.0,0.1,3941,176.72,176.67765086682994,4.837424175476452,7.552787949828928,False,3943,175.074371784275,175.11632655954298,lower,0.008837135311832944,3
2019-10-02 09:30:00-04:00,SPY,-1,1.0,0.1,3941,261.74,261.6840718350213,3.266017429247335,6.356972114302457,False,3943,259.68218466960406,259.7376731240483,lower,0.007437971663021736,3
2019-10-02 09:30:00-04:00,TLT,1,1.0,0.1,3941,116.92,116.94651440102064,7.30816770339016,-1.1912595226374345,False,3946,116.81,116.7835105441052,vertical,-0.0013938325374664995,6
2019-10-03 09:30:00-04:00,DIA,-1,1.0,0.1,3948,228.68,228.6359394314555,3.7438842588741914,-6.587952356369098,False,3950,230.3512139212364,230.395596488362,upper,-0.007696327450890772,3
2019-10-03 09:30:00-04:00,GLD,1,1.0,0.1,3948,142.48,142.5114925560761,6.0064383531280585,-3.8012293159946884,False,3953,141.91,141.87863343183068,vertical,-0.004440758516344845,6
2019-10-03 09:30:00-04:00,IWM,-1,1.0,0.1,3948,133.98,133.94214924046813,6.390717929376923,-8.533281119620131,False,3948,135.23920447888577,135.27741097693035,upper,-0.009968943637487904,1
2019-10-03 09:30:00-04:00,SPY,-1,1.0,0.1,3948,259.74,259.6845226699851,3.2962553403236616,-6.7146767541504575,False,3948,261.66569611281056,261.72158474828,upper,-0.007844372307408198,1
2019-10-03 09:30:00-04:00,TLT,1,1.0,0.1,3948,118.11,118.13675532377711,7.2457254501728885,-2.1263036410562353,False,3953,117.87,117.84329904314954,vertical,-0.0024840387720425072,6
2019-10-03 10:30:00-04:00,QQQ,-1,1.0,0.1,3949,176.83,176.78760172350164,4.828050286772352,-6.204451503804384,False,3953,178.03,178.07268599878415,vertical,-0.007269085969571654,5
2019-10-03 10:30:00-04:00,SPY,-1,1.0,0.1,3949,261.14,261.08422364687726,3.269211058701812,-5.531146070812023,False,3953,262.72,262.7761138220587,vertical,-0.0064802466864859465,5
2019-10-03 12:30:00-04:00,IWM,-1,1.0,0.1,3951,135.24,135.20179327721235,6.307591174670011,-2.6271716410193493,False,3953,135.58,135.61830277636466,vertical,-0.0030806507003817707,3
2019-10-04 09:30:00-04:00,DIA,-1,1.0,0.1,3955,232.26,232.21442571246314,3.6680489198580437,-6.885468415320125,False,3960,234.0456484220489,234.09157309128997,upper,-0.00808368116264746,6
2019-10-04 09:30:00-04:00,QQQ,-1,1.0,0.1,3955,179.2,179.155989731713,4.754370058660009,-7.409122620778224,False,3960,180.67,180.71437129001905,vertical,-0.00869846194168411,6
2019-10-04 09:30:00-04:00,SPY,-1,1.0,0.1,3955,264.11,264.05256733123053,3.2257738753268077,-6.997914634033409,False,3960,266.1640634355178,266.2219427755414,upper,-0.008215695330049844,6
2019-10-04 09:30:00-04:00,TLT,1,1.0,0.1,3955,118.43,118.45728509235154,7.190557108800842,1.9080581227959155,False,3960,118.75,118.7226411828359,vertical,0.0022400993765598898,6
2019-10-04 12:30:00-04:00,IWM,1,1.0,0.1,3958,136.01,136.0489294213132,6.2530698279117045,4.764218458037779,False,3960,136.85,136.81083014993962,vertical,0.005600196428352522,3
2019-10-07 09:30:00-04:00,GLD,1,1.0,0.1,3962,141.51,141.5414798933505,6.00750996203957,-6.568999750618915,False,3965,140.47926584720966,140.4480152479105,lower,-0.007725400682993544,4
2019-10-07 09:30:00-04:00,TLT,1,1.0,0.1,3962,118.12,118.14738532718998,7.1970433213255305,-2.9845216770031247,False,3967,117.76,117.73269813638765,vertical,-0.003509914245278578,6
2019-10-07 13:30:00-04:00,GLD,-1,1.0,0.1,3966,140.5,140.4687447882429,6.047239329586382,-1.7087040992822893,False,3967,140.72,140.7513041523022,vertical,-0.0020115461591492245,2
2019-10-08 09:30:00-04:00,DIA,1,1.0,0.1,3969,230.73,230.77539093257673,3.679706161548802,6.471647301967644,False,3973,232.57988602974135,232.53413117373873,upper,0.007621004276300081,5
2019-10-08 09:30:00-04:00,GLD,-1,1.0,0.1,3969,141.9,141.8689934202834,5.985702777440202,-0.5508026620715359,False,3974,141.93,141.9610131350189,vertical,-0.0006486245691676995,6
2019-10-08 09:30:00-04:00,IWM,-1,1.0,0.1,3969,134.54,134.50144498051134,6.313579962441885,0.46046798900519054,False,3974,134.39,134.4285120341094,vertical,0.0005422465640612106,6
2019-10-08 09:30:00-04:00,QQQ,1,1.0,0.1,3969,177.9,177.9448216920821,4.7721851070096175,7.409631392278212,False,3973,179.54272784209465,179.49749226669886,upper,0.008725573241482376,5
2019-10-08 09:30:00-04:00,SPY,-1,1.0,0.1,3969,261.88,261.8223707293397,3.243365437349455,2.2538785599002025,False,3974,261.07,261.12745102219066,vertical,0.0026541647499915832,6
2019-10-08 09:30:00-04:00,TLT,1,1.0,0.1,3969,118.52,118.547386643586,7.163258946412053,-6.270523646784276,False,3973,117.69921060162923,117.67201361942287,lower,-0.007384161295726721,5
2019-10-09 09:30:00-04:00,DIA,-1,1.0,0.1,3976,232.06,232.0134352212146,3.664283738703634,-0.7810554043433102,False,3981,232.18,232.2265888577885,vertical,-0.0009187124718474937,6
2019-10-09 09:30:00-04:00,QQQ,-1,1.0,0.1,3976,178.9,178.8541943540286,4.753386192101432,-1.7667527605792903,False,3981,179.18,179.2258773373122,vertical,-0.0020781340053332986,6
2019-10-09 09:30:00-04:00,SPY,-1,1.0,0.1,3976,263.23,263.17096935103365,3.230459119173839,-1.221499923648895,False,3981,263.49,263.5490889552716,vertical,-0.0014367831116417484,6
2019-10-09 09:30:00-04:00,TLT,-1,1.0,0.1,3976,117.41,117.38266171523398,7.242662974403578,-0.17867348403551406,False,3981,117.38,117.40733129942794,vertical,-0.0002101637825677738,6
2019-10-09 14:30:00-04:00,IWM,-1,1.0,0.1,3981,135.4,135.36105354880286,6.274606673232097,2.0845813901970263,False,3981,134.99,135.02882851881174,vertical,0.002454362028671331,1
2019-10-10 09:30:00-04:00,DIA,-1,1.0,0.1,3983,233.53,233.48294781336534,3.6404231049157985,-0.5974606957522706,False,3988,233.6,233.64706629040322,vertical,-0.0007029141895580349,6
2019-10-10 09:30:00-04:00,GLD,1,1.0,0.1,3983,140.8265,140.8573611623365,6.034308117159999,-0.41166593209358743,False,3988,140.82,140.78914026209395,vertical,-0.00048432612736459824,6
2019-10-10 09:30:00-04:00,QQQ,-1,1.0,0.1,3983,180.43,180.3841143943377,4.712037535442232,-0.5266941097448468,False,3988,180.45,180.49589069191242,vertical,-0.0006196571020127273,6
2019-10-10 09:30:00-04:00,SPY,-1,1.0,0.1,3983,265.15,265.0905850383454,3.206363280312937,-0.8941449849418455,False,3988,265.31,265.36945081454485,vertical,-0.001051964090535762,6
2019-10-10 09:30:00-04:00,TLT,-1,1.0,0.1,3983,115.91,115.88301042459162,7.33478285306308,1.2914675233427202,False,3988,115.68,115.70693602004351,vertical,0.0015194151748645357,6
2019-10-10 10:30:00-04:00,IWM,-1,1.0,0.1,3984,135.88,135.84122373112197,6.25239229046781,1.578989370529156,False,3988,135.55,135.58868209630862,vertical,0.00185909422689845,5
2019-10-11 09:30:00-04:00,DIA,1,1.0,0.1,3990,237.11,237.15818144445186,3.5841933082956023,-3.35549381296503,False,3995,236.27,236.2219892460013,vertical,-0.003947543334784087,6
2019-10-11 09:30:00-04:00,GLD,-1,1.0,0.1,3990,139.085,139.05452274228134,6.112859547302583,-6.211666473839749,False,3995,140.04,140.07068652385894,vertical,-0.007307664371772438,6
2019-10-11 09:30:00-04:00,IWM,1,1.0,0.1,3990,138.91,138.9497537048532,6.117468684012999,-6.785573595449313,False,3995,137.88,137.84054106381717,vertical,-0.007982832725217714,6
2019-10-11 09:30:00-04:00,QQQ,1,1.0,0.1,3990,183.63,183.67730390394712,4.627794228650436,-4.786831430354492,False,3995,182.69,182.6429382442297,vertical,-0.005631428803301364,6
2019-10-11 09:30:00-04:00,SPY,1,1.0,0.1,3990,269.48,269.54144023821726,3.1535810085066003,-4.896106205523874,False,3995,268.05,267.98888579540545,vertical,-0.005759984221497372,6
2019-10-11 09:30:00-04:00,TLT,-1,1.0,0.1,3990,114.1,114.07310725939088,7.451543903401317,-1.6678459071663883,False,3995,114.27,114.29693280867136,vertical,-0.001962123717481612,6
2019-10-14 09:30:00-04:00,GLD,-1,1.0,0.1,3997,140.51,140.4790642684278,6.031150759797916,-0.8557544117944236,False,4002,140.59,140.62095334497,vertical,-0.001010037170172673,6
2019-10-14 09:30:00-04:00,TLT,-1,1.0,0.1,3997,114.89,114.86247741997336,7.3762157514713405,-1.7340618748036465,False,4002,115.07,115.09756570009284,vertical,-0.0020466934494189903,6
2019-10-15 09:30:00-04:00,DIA,1,1.0,0.1,4004,238.16,238.20868369889547,3.555669845521657,-0.34620632026218245,False,4009,238.16,238.11131630110452,vertical,-0.0004087483137853454,6
2019-10-15 09:30:00-04:00,GLD,-1,1.0,0.1,4004,139.87,139.839536956611,6.0568809937662405,1.2666919847170184,False,4009,139.6,139.63040423862947,vertical,0.001495519239644083,6
2019-10-15 09:30:00-04:00,IWM,1,1.0,0.1,4004,138.78,138.8191153010292,6.101403482747086,0.5596297773320406,False,4009,138.95,138.9108367842772,vertical,0.0006607266085012498,6
2019-10-15 09:30:00-04:00,QQQ,1,1.0,0.1,4004,184.41,184.45757026129343,4.591795459355574,2.7306557450911453,False,4009,185.1,185.05225174683903,vertical,0.0032239472996593577,6
2019-10-15 09:30:00-04:00,SPY,1,1.0,0.1,4004,270.0,270.06218439575116,3.1362829841011037,0.9582353586927818,False,4009,270.43,270.3677165698408,vertical,0.0011313400829267017,6
2019-10-15 09:30:00-04:00,TLT,-1,1.0,0.1,4004,114.25,114.22290475996294,7.415250341860101,3.9000291999156627,False,4009,113.67,113.69695768870906,vertical,0.0046045674670868175,6
2019-10-16 10:30:00-04:00,GLD,1,1.0,0.1,4012,140.19,140.2203290148015,6.046900211271181,0.9027812703930058,False,4016,140.4,140.3696255533338,vertical,0.0010647282001210456,5
2019-10-16 12:30:00-04:00,QQQ,1,1.0,0.1,4014,184.29,184.3368823168935,4.6005241956379095,1.1324138421328647,False,4016,184.63,184.58303118906042,vertical,0.0013353207945860923,3
2019-10-17 09:30:00-04:00,IWM,1,1.0,0.1,4018,140.46,140.4985206474792,6.036375705216984,0.922935456542704,False,4023,140.69,140.6514162758519,vertical,0.0010882365712325814,6
2019-10-17 09:30:00-04:00,QQQ,1,1.0,0.1,4018,185.41,185.4573151632981,4.573029949822164,-1.8043062023267826,False,4023,185.11,185.06276139432552,vertical,-0.0021274640400416045,6
2019-10-17 09:30:00-04:00,SPY,1,1.0,0.1,4018,271.37,271.43157386039985,3.124551225170135,-2.3528019884810485,False,4023,270.74,270.67856908661736,vertical,-0.0027741974268983283,6
2019-10-17 10:30:00-04:00,GLD,1,1.0,0.1,4019,140.799,140.82940379747367,6.018863930368207,-1.5033122796489113,False,4023,140.61,140.57963701473184,vertical,-0.0017735414338685418,5
2019-10-18 09:30:00-04:00,DIA,-1,1.0,0.1,4025,237.76,237.71179736232395,3.565780569409483,5.775720377814084,False,4030,236.04417931905937,236.0920340972023,lower,0.006813979293811778,6
2019-10-18 10:30:00-04:00,QQQ,-1,1.0,0.1,4026,184.13,184.08336864782166,4.604766021534339,6.505602888450472,False,4026,182.624320902792,182.67057093822538,lower,0.007674771056037977,1
2019-10-18 11:30:00-04:00,IWM,-1,1.0,0.1,4027,139.23,139.19216533734215,6.097557009894495,-5.462753483104271,False,4030,140.05,140.08805749123917,vertical,-0.006436369114064533,4
2019-10-18 11:30:00-04:00,QQQ,-1,1.0,0.1,4027,182.6,182.553756123892,4.649217750957166,-3.8712881297381037,False,4030,183.34,183.38643128283482,vertical,-0.0045612600727740205,4
2019-10-18 11:30:00-04:00,SPY,-1,1.0,0.1,4027,269.05,268.9890292214096,3.155266837208062,-2.1205481789341727,False,4030,269.6,269.66109541686666,vertical,-0.002498489241001156,4
2019-10-18 11:30:00-04:00,TLT,1,1.0,0.1,4027,114.05,114.0765749003948,7.440021443632656,-4.188962454503759,False,4030,113.54,113.51354393519661,vertical,-0.004935552857278536,4
2019-10-21 09:30:00-04:00,IWM,1,1.0,0.1,4032,141.58,141.61849696550638,5.982918216271918,-1.5970937590045975,False,4037,141.39,141.35155469732345,vertical,-0.0018849392833758527,6
2019-10-21 09:30:00-04:00,QQQ,1,1.0,0.1,4032,184.44,184.48703330325765,4.592690716985019,2.1392321193719255,False,4037,185.0,184.95282389339263,vertical,0.002524787687215424,6
2019-10-21 09:30:00-04:00,SPY,1,1.0,0.1,4032,270.89,270.95196148825346,3.1270926425557914,1.4257802483815851,False,4037,271.47,271.407905846594,vertical,0.0016827497975515637,6
2019-10-21 09:30:00-04:00,TLT,-1,1.0,0.1,4032,112.92,112.89392365980076,7.505203626452404,1.7105258136942634,False,4037,112.64,112.66601168048211,vertical,0.0020188152907630874,6
2019-10-21 10:30:00-04:00,GLD,-1,1.0,0.1,4033,139.8538,139.82437385945542,6.063190395204409,-0.030564307667236678,False,4037,139.8,139.82941482067798,vertical,-3.6052092231342314e-05,5
2019-10-22 09:30:00-04:00,QQQ,1,1.0,0.1,4039,185.36,185.40684689666097,4.571873625249169,-7.242613504579477,False,4043,183.86914952706073,183.82267941998782,lower,-0.008544277102970788,5
2019-10-22 09:30:00-04:00,TLT,-1,1.0,0.1,4039,113.3,113.2739470915263,7.483244779865766,-0.614469548387418,False,4044,113.33,113.35605980686078,vertical,-0.0007249038057104418,6
2019-10-22 10:30:00-04:00,DIA,-1,1.0,0.1,4040,236.88,236.8312842142243,3.578110000933802,2.120782763246791,False,4044,236.19,236.23857388315753,vertical,0.002502669075301056,5
2019-10-22 11:30:00-04:00,SPY,1,1.0,0.1,4041,272.13,272.1917950209357,3.1132768520000447,-5.3026304459519285,False,4044,270.55,270.48856376395787,vertical,-0.006257467301124198,4
2019-10-22 14:30:00-04:00,QQQ,1,1.0,0.1,4044,184.01,184.05650570486935,4.599840066465688,-2.6811895976042632,False,4044,183.52,183.47361813511426,vertical,-0.0031668946855361035,1
2019-10-23 09:30:00-04:00,GLD,1,1.0,0.1,4046,140.85,140.87922043661212,6.007164567005172,-2.092780259648887,False,4051,140.56,140.5308397261612,vertical,-0.0024729034514190396,6
2019-10-23 09:30:00-04:00,TLT,1,1.0,0.1,4046,114.06,114.08609818110855,7.417947276018447,-4.98526484320111,False,4051,113.44,113.41404368170303,vertical,-0.005890765922581087,6
2019-10-23 13:30:00-04:00,DIA,-1,1.0,0.1,4050,235.91,235.86113520014547,3.585663109293876,-2.6815892028875044,False,4051,236.56,236.60899943645282,vertical,-0.0031707819758974853,2
2019-10-23 13:30:00-04:00,QQQ,-1,1.0,0.1,4050,183.16,183.11331248713603,4.6185531784465415,-3.618871531245023,False,4051,183.85,183.89686339397267,vertical,-0.004279049383106415,2
2019-10-24 09:30:00-04:00,GLD,1,1.0,0.1,4053,141.51,141.53896620882773,5.969711615695904,-0.10710024047520912,False,4058,141.55,141.52102560342334,vertical,-0.00012675382535942692,6
2019-10-24 09:30:00-04:00,IWM,-1,1.0,0.1,4053,141.13,141.09241108558103,5.988605653197874,-2.4269765929593334,False,4058,141.46,141.4976768074379,vertical,-0.0028723424508709794,6
2019-10-24 09:30:00-04:00,QQQ,-1,1.0,0.1,4053,184.7,184.65390185631003,4.575840543612944,-4.678469327462529,False,4058,185.63,185.67633025670366,vertical,-0.005536998623453027,6
2019-10-24 10:30:00-04:00,SPY,1,1.0,0.1,4054,271.86,271.9208313487399,3.104581168796862,-0.5329060439520475,False,4058,271.81,271.7491798392519,vertical,-0.0006312554600418352,5
2019-10-24 10:30:00-04:00,TLT,1,1.0,0.1,4054,113.9,113.92575906253622,7.410091443371347,-5.739138879580363,False,4058,113.17685146983996,113.15125595101061,lower,-0.006798314252183024,5
2019-10-25 09:30:00-04:00,DIA,1,1.0,0.1,4060,237.18,237.22771786788377,3.5560699193329537,1.2605333664783027,False,4065,237.63,237.58219159733022,vertical,0.001494234032314301,6
2019-10-25 09:30:00-04:00,GLD,1,1.0,0.1,4060,142.44,142.46867998456523,5.921289869698939,-5.108219422217643,False,4061,141.6345108483968,141.6059930473224,lower,-0.006055274305456493,2
2019-10-25 09:30:00-04:00,IWM,1,1.0,0.1,4060,142.07,142.1077474569649,5.93632906465889,0.3233550828124833,False,4065,142.2,142.1622180025311,vertical,0.0003833045456067552,6
2019-10-25 10:30:00-04:00,QQQ,1,1.0,0.1,4061,187.0,187.04619022313247,4.512407822838141,-0.010841857830028273,False,4065,187.09,187.04378754627885,vertical,-1.2845366434643957e-05,5
2019-10-25 10:30:00-04:00,SPY,1,1.0,0.1,4061,273.31,273.37055812099703,3.0874893689954606,-1.6086672154349035,False,4065,272.91,272.8495305082094,vertical,-0.001905939016874747,5
2019-10-25 11:30:00-04:00,GLD,1,1.0,0.1,4062,141.6148,141.6433138323379,5.955681745031983,1.1799453333148904,False,4065,141.87,141.8414347836965,vertical,0.001398731404951059,4
2019-10-25 11:30:00-04:00,TLT,-1,1.0,0.1,4062,112.68,112.6551630429405,7.48818319294913,-0.14727235662261504,False,4065,112.65,112.67483034445114,vertical,-0.00017457967286538256,4
2019-10-28 09:30:00-04:00,DIA,1,1.0,0.1,4067,239.29,239.3375760306766,3.523003988002964,-1.9907037547399538,False,4072,238.82,238.77251741549506,vertical,-0.0023609272917057833,6
2019-10-28 09:30:00-04:00,GLD,-1,1.0,0.1,4067,140.62,140.59153093781617,5.99742551496917,-0.6414141457035798,False,4072,140.67,140.69847918487696,vertical,-0.000760701916732831,6
2019-10-28 09:30:00-04:00,IWM,1,1.0,0.1,4067,143.8,143.83799801203904,5.86206180903924,-2.613883128457079,False,4072,143.43,143.392099757533,vertical,-0.003100003202691326,6
2019-10-28 09:30:00-04:00,QQQ,1,1.0,0.1,4067,188.65,188.6962126109816,4.468490507402823,1.1059133737377034,False,4072,188.99,188.94370410098378,vertical,0.0013115869501441058,6
2019-10-28 09:30:00-04:00,SPY,1,1.0,0.1,4067,274.69,274.75030891687044,3.0689218809583005,-1.0451812892284202,False,4072,274.47,274.4097393847121,vertical,-0.0012395601428109027,6
2019-10-28 09:30:00-04:00,TLT,-1,1.0,0.1,4067,111.5,111.47583553307044,7.563856604464706,-1.6516874211024006,False,4072,111.67,111.69420130961457,vertical,-0.001958861985648541,6
2019-10-29 09:30:00-04:00,GLD,-1,1.0,0.1,4074,140.065,140.0372267213386,6.016282662288025,-1.3872420236119045,False,4079,140.24,140.26780797914878,vertical,-0.0016465711526050253,6
2019-10-29 09:30:00-04:00,QQQ,1,1.0,0.1,4074,188.15,188.1949993251356,4.476758374131575,-3.088314819246819,False,4079,187.55,187.5051441752369,vertical,-0.003665640173078577,6
2019-10-29 11:30:00-04:00,IWM,1,1.0,0.1,4076,144.25,144.28757994307182,5.838205639134065,-2.3065379663236056,False,4079,143.93,143.8925034231797,vertical,-0.002738118693570102,4
2019-10-30 09:30:00-04:00,GLD,-1,1.0,0.1,4081,140.63,140.6025432926761,5.98726957566648,4.604084100539136,False,4085,139.80626848989513,139.83356437125738,lower,0.005469167935447827,5
2019-10-30 09:30:00-04:00,IWM,1,1.0,0.1,4081,143.28,143.3167982288071,5.873877592308362,0.5660061500859611,False,4086,143.45,143.4131581105362,vertical,0.0006723558083905345,6
2019-10-30 09:30:00-04:00,SPY,1,1.0,0.1,4081,274.05,274.1085875542311,3.0711381107351023,3.7532145402671073,False,4085,275.3895538825174,275.33067995285944,upper,0.004458424340268108,5
2019-10-30 09:30:00-04:00,TLT,-1,1.0,0.1,4081,112.44,112.41589188218171,7.4884904226873,-5.827135691248937,False,4085,113.16977287040945,113.19403745790348,upper,-0.006922024659443249,5
2019-10-30 10:30:00-04:00,DIA,1,1.0,0.1,4082,238.45,238.49640563504073,3.526593679959323,3.907618547487314,False,4085,239.6510883320942,239.60444894881778,upper,0.0046459539330443445,4
2019-10-30 10:30:00-04:00,QQQ,1,1.0,0.1,4082,187.52,187.56433039031336,4.484221040617363,4.952789851768296,False,4085,188.71343571277632,188.6688231900453,upper,0.005888607910861987,4
2019-10-30 14:30:00-04:00,DIA,1,1.0,0.1,4086,239.7,239.7466489021567,3.5166591251915835,-0.36325632225086485,False,4086,239.69,239.6433530439802,vertical,-0.00043085423153776947,1
2019-10-30 14:30:00-04:00,GLD,1,1.0,0.1,4086,140.83,140.85749575547484,5.985533365292008,0.7480321305462777,False,4086,141.01,140.98246910118934,vertical,0.0008872324830440093,1
2019-10-30 14:30:00-04:00,QQQ,-1,1.0,0.1,4086,188.47,188.42544502633126,4.474487192948135,0.048833179626685555,False,4086,188.37,188.41453133331552,vertical,5.79204842223735e-05,1
2019-10-30 14:30:00-04:00,SPY,1,1.0,0.1,4086,275.18,275.2388291303533,3.063184228983099,-0.39103422229251644,False,4086,275.17,275.1111730074885,vertical,-0.000463801285843668,1
2019-10-30 14:30:00-04:00,TLT,1,1.0,0.1,4086,113.24,113.26427964480382,7.44371697096253,0.3827504891542543,False,4086,113.34,113.31569891432298,vertical,0.00045397604328933916,1
2019-10-31 09:30:00-04:00,DIA,-1,1.0,0.1,4088,238.02,237.97456004337263,3.5426623746642605,-1.916459263294897,False,4093,238.47,238.51552586529252,vertical,-0.0022732086228935966,6
2019-10-31 09:30:00-04:00,GLD,1,1.0,0.1,4088,142.54,142.56745030034347,5.913436189094181,-1.0341268847146534,False,4093,142.42,142.39257280921203,vertical,-0.001226629856696082,6
2019-10-31 09:30:00-04:00,IWM,-1,1.0,0.1,4088,141.82,141.78440966635677,5.946094651568613,-5.06236472755742,False,4093,142.6,142.6357860779687,vertical,-0.006004725157126689,6
2019-10-31 09:30:00-04:00,SPY,-1,1.0,0.1,4088,273.65,273.59236592143355,3.081458494478009,-2.605132508029588,False,4093,274.38,274.4377878256059,vertical,-0.003090078560215037,6
2019-10-31 09:30:00-04:00,TLT,1,1.0,0.1,4088,114.8,114.82420611765777,7.342210745433493,0.15839354806966907,False,4093,114.87,114.8457791225144,vertical,0.00018787854570079254,6
2019-11-01 09:30:00-04:00,DIA,1,1.0,0.1,4095,240.46,240.50507742279095,3.5010385644756146,1.7495899353208302,False,4100,241.05,241.00481197386776,vertical,0.002077854473726104,6
2019-11-01 09:30:00-04:00,IWM,1,1.0,0.1,4095,144.49,144.5258503532723,5.826068824028337,2.7858095530582423,False,4100,145.04,145.004013182652,vertical,0.0033084934509008956,6
2019-11-01 09:30:00-04:00,QQQ,1,1.0,0.1,4095,189.89,189.93334142751317,4.433226650365308,1.0340239894190617,False,4100,190.21,190.166585534113,vertical,0.0012280313969459389,6
2019-11-01 09:30:00-04:00,SPY,1,1.0,0.1,4095,276.48,276.5372873764641,3.044860817858185,1.2950199780644913,False,4100,277.02,276.96260073412867,vertical,0.001537996418853771,6
2019-11-01 09:30:00-04:00,TLT,1,1.0,0.1,4095,114.52,114.5438134147118,7.351052194855923,-0.42360254505830486,False,4100,114.51,114.48618866469918,vertical,-0.000503080422196045,6
2019-11-04 09:30:00-05:00,DIA,1,1.0,0.1,4102,242.43,242.47438527375783,3.475260424514883,-1.420380500815499,False,4107,242.11,242.06567331341208,vertical,-0.0016855881906219228,6
2019-11-04 09:30:00-05:00,IWM,1,1.0,0.1,4102,145.71,145.74538287468292,5.7817381139614925,0.05327770012183534,False,4107,145.79,145.75459769885373,vertical,6.322549633508423e-05,6
2019-11-04 09:30:00-05:00,QQQ,1,1.0,0.1,4102,191.55,191.59267322951467,4.398193421994875,-1.2108408184807873,False,4107,191.36,191.31736909840814,vertical,-0.0014369241081403361,6
2019-11-04 09:30:00-05:00,SPY,1,1.0,0.1,4102,278.52,278.5761452519914,3.02488798650803,-1.7005913939934594,False,4107,278.07,278.01394546093184,vertical,-0.002018118925979917,6
2019-11-04 09:30:00-05:00,TLT,1,1.0,0.1,4102,113.3,113.32318486324526,7.435915572946185,-2.426431675332742,False,4107,113.02,112.99687243385718,vertical,-0.002879485162562867,6
2019-11-04 10:30:00-05:00,GLD,1,1.0,0.1,4103,141.893,141.91965889086342,5.933389976248521,1.2082395371921224,False,4107,142.15,142.12329282391497,vertical,0.0014348535970492016,5
2019-11-05 09:30:00-05:00,GLD,-1,1.0,0.1,4109,140.11,140.08416291877748,6.011471567086431,0.9520040662046434,False,4114,139.9,139.92579835602766,vertical,0.0011304958351476824,6
2019-11-05 09:30:00-05:00,TLT,-1,1.0,0.1,4109,111.56,111.53754473734796,7.5500313761466185,-1.8493860907631434,False,4114,111.76,111.78249551948723,vertical,-0.002196128511848583,6
2019-11-05 11:30:00-05:00,SPY,1,1.0,0.1,4111,277.59,277.64534847064266,3.0333967913743107,0.17978688746655153,False,4114,277.76,277.70461763317945,vertical,0.00021347075635613777,4
2019-11-05 12:30:00-05:00,DIA,1,1.0,0.1,4112,242.55,242.59400365836828,3.4722142900585706,-0.9651812907355972,False,4114,242.36,242.3160308116177,vertical,-0.0011458356041726958,3
2019-11-06 09:30:00-05:00,IWM,1,1.0,0.1,4116,145.51,145.54519567272655,5.784757654493446,-2.3735387469727782,False,4121,145.17,145.134886565805,vertical,-0.002819118178549629,6
2019-11-06 09:30:00-05:00,QQQ,1,1.0,0.1,4116,190.71,190.75112902060062,4.413833297162942,1.137306394193725,False,4121,191.05,191.00879765410446,vertical,0.001350810529021862,6
2019-11-06 09:30:00-05:00,TLT,-1,1.0,0.1,4116,112.3,112.27739698679052,7.498781654526657,-1.2390250368445568,False,4121,112.42,112.44262716602859,vertical,-0.0014716245982928644,6
2019-11-06 11:30:00-05:00,DIA,-1,1.0,0.1,4118,241.96,241.91649812135955,3.4775644517457787,-1.589491355636515,False,4121,242.33,242.37356840077265,vertical,-0.0018893720889752164,4
2019-11-06 11:30:00-05:00,GLD,-1,1.0,0.1,4118,140.53,140.50403020246782,5.9875877791218555,0.048328772086156595,False,4121,140.47,140.49595870959473,vertical,5.744670000895624e-05,4
2019-11-06 11:30:00-05:00,SPY,-1,1.0,0.1,4118,277.17,277.1155360193235,3.0358464423986726,-2.516927514630042,False,4121,277.89,277.94460546087316,vertical,-0.002991782609733873,4
2019-11-07 09:30:00-05:00,DIA,1,1.0,0.1,4123,244.55,244.59296538592545,3.439552518063469,-1.0865214927253186,False,4128,244.32,244.27707502314738,vertical,-0.0012914940635339045,6
2019-11-07 09:30:00-05:00,GLD,-1,1.0,0.1,4123,139.43,139.4048020846322,6.034873529557656,5.995259623467612,False,4123,138.38635694245997,138.41136624971304,lower,0.007126266958264793,1
2019-11-07 09:30:00-05:00,IWM,1,1.0,0.1,4123,146.29,146.32453407341774,5.749482513791274,-4.420793782604681,False,4128,145.59,145.55563117267832,vertical,-0.00525477771453986,6
2019-11-07 09:30:00-05:00,QQQ,1,1.0,0.1,4123,192.5,192.5407975582815,4.3694134472415636,-5.565800985156929,False,4127,191.3075327471638,191.266987914868,lower,-0.006615790832734669,5
2019-11-07 09:30:00-05:00,SPY,1,1.0,0.1,4123,279.54,279.5935067350089,3.0089767098601574,-2.3376295493336054,False,4128,278.87,278.8166215096519,vertical,-0.002778623990339235,6
2019-11-07 09:30:00-05:00,TLT,-1,1.0,0.1,4123,110.75,110.72809371733072,7.597803969618013,8.192176326664654,False,4125,109.62817983640366,109.6498642237266,lower,0.009737632586330425,3
2019-11-07 10:30:00-05:00,GLD,-1,1.0,0.1,4124,138.27,138.24501172087855,6.091563733627636,-0.3653620357893019,False,4128,138.28,138.3049900863305,vertical,-0.00043385554896580025,5
2019-11-07 14:30:00-05:00,QQQ,-1,1.0,0.1,4128,191.48,191.43941861579353,4.39352370658411,-1.323370614036382,False,4128,191.7,191.74062800998735,vertical,-0.0015733927545942272,1
2019-11-08 09:30:00-05:00,DIA,1,1.0,0.1,4130,243.89,243.932642466264,3.4484894569170153,1.2574447400024018,False,4135,244.34,244.29727885437308,vertical,0.0014948240810348512,6
2019-11-08 10:30:00-05:00,TLT,-1,1.0,0.1,4131,110.6,110.57810235254287,7.606060562703743,4.840035543255666,False,4135,109.92,109.94176301454328,vertical,0.00575465959770971,5
2019-11-08 11:30:00-05:00,GLD,-1,1.0,0.1,4132,137.7,137.6747456343121,6.111380712529408,1.5861973931337077,False,4135,137.39,137.41519751126984,vertical,0.001885226820986241,4
2019-11-08 14:30:00-05:00,IWM,1,1.0,0.1,4135,145.96,145.99429317085637,5.766845286260087,-0.33787191769642494,False,4135,145.97,145.93570447965263,vertical,-0.00040130809178395843,1
2019-11-08 14:30:00-05:00,QQQ,1,1.0,0.1,4135,192.22,192.26041287863896,4.379094420881525,0.8281632891023043,False,4135,192.49,192.44953035579434,vertical,0.0009836527152096153,1
2019-11-11 09:30:00-05:00,DIA,1,1.0,0.1,4137,243.44,243.48209548087692,3.4582277640769314,3.131901950542486,False,4142,244.43,244.3877333289897,vertical,0.0037195254391257926,6
2019-11-11 09:30:00-05:00,GLD,-1,1.0,0.1,4137,136.87,136.84506636495945,6.153064666591486,-1.3530480847277186,False,4142,137.04,137.06496460397426,vertical,-0.0016069138980017161,6
2019-11-11 10:30:00-05:00,IWM,-1,1.0,0.1,4138,145.12,145.08641611118438,5.802047199961487,-3.4074733737306295,False,4142,145.64,145.67370422799826,vertical,-0.004047850464262703,5
2019-11-11 10:30:00-05:00,SPY,1,1.0,0.1,4138,278.57,278.6216338479323,3.0212953054815044,1.0473286796699084,False,4142,279.02,278.96828274311633,vertical,0.0012441564224450197,5
2019-11-12 09:30:00-05:00,IWM,1,1.0,0.1,4144,146.39,146.42331079376808,5.750166479643683,-4.40728584684819,False,4149,145.69,145.65684849003296,vertical,-0.005234564766908312,6
2019-11-12 09:30:00-05:00,QQQ,1,1.0,0.1,4144,193.04,193.0790045216715,4.360693777402771,-1.6481173543027723,False,4149,192.74,192.70105609455575,vertical,-0.0019574807113391657,6
2019-11-12 09:30:00-05:00,SPY,1,1.0,0.1,4144,280.3,280.3509034096452,3.0032306060898093,-4.139526393510505,False,4148,279.0232171305064,278.97254558886493,lower,-0.004916544958537994,5
2019-11-12 13:30:00-05:00,GLD,-1,1.0,0.1,4148,137.4,137.37561058226703,6.122220240923368,-0.5435670528545905,False,4149,137.44,137.46439651800014,vertical,-0.0006463005722543436,2
2019-11-12 14:30:00-05:00,TLT,1,1.0,0.1,4149,110.54,110.56065814635194,7.605408768577637,-0.5423469180188517,False,4149,110.51,110.48934746016508,vertical,-0.0006449915130973816,1
2019-11-13 09:30:00-05:00,GLD,1,1.0,0.1,4151,137.93,137.9547333786068,6.094972666871986,0.0031954531891195486,False,4156,137.98,137.95525765547623,vertical,3.80035433789061e-06,6
2019-11-13 09:30:00-05:00,IWM,-1,1.0,0.1,4151,144.63,144.59739211965598,5.814975753590523,-3.4036971937740104,False,4156,145.15,145.18272511810784,vertical,-0.004048019053950025,6
2019-11-13 09:30:00-05:00,TLT,1,1.0,0.1,4151,111.43,111.45075418898782,7.544411299204122,-1.9726176241472526,False,4156,111.21,111.18928678670616,vertical,-0.002346035288718462,6
2019-11-13 12:30:00-05:00,DIA,1,1.0,0.1,4154,245.0,245.0415449364195,3.4283957208323113,0.46925419554187414,False,4156,245.22,245.1784177579233,vertical,0.0005585698602224021,3
2019-11-14 09:30:00-05:00,IWM,1,1.0,0.1,4158,145.5,145.5328348046195,5.774229189031282,-2.6883618248555985,False,4163,145.1,145.06725546288462,vertical,-0.0031991360737247954,6
2019-11-14 09:30:00-05:00,TLT,1,1.0,0.1,4158,112.31,112.33092818311113,7.480931176153551,-0.013943108714796428,False,4163,112.35,112.3290643631686,vertical,-1.6592224177935933e-05,6
2019-11-14 10:30:00-05:00,GLD,1,1.0,0.1,4159,138.69,138.71477276818936,6.059694328724288,-1.0272642395503389,False,4163,138.57,138.54524866617635,vertical,-0.0012221056101667793,5
2019-11-14 11:30:00-05:00,QQQ,-1,1.0,0.1,4160,192.01,191.97149936038716,4.377339694125449,-3.139119898962719,False,4163,192.65,192.6886289683944,vertical,-0.0037356045579504116,4
2019-11-14 14:30:00-05:00,SPY,1,1.0,0.1,4163,279.97,280.020180904377,2.9986742034200087,-0.061101428447685346,False,4163,280.05,279.9998047566855,vertical,-7.276671140532542e-05,1
2019-11-15 09:30:00-05:00,DIA,1,1.0,0.1,4165,246.49,246.53163966904793,3.4058385559290394,2.6108377445482565,False,4170,247.34,247.29821674006124,vertical,0.0031094470147619013,6
2019-11-15 09:30:00-05:00,QQQ,1,1.0,0.1,4165,193.69,193.72846796880407,4.3341434144642905,0.5765379645997478,False,4170,193.9,193.86149032396557,vertical,0.0006866433031562647,6
2019-11-15 09:30:00-05:00,SPY,1,1.0,0.1,4165,281.21,281.2601066848083,2.985304149735645,2.4468230550975276,False,4170,282.13,282.07972938734406,vertical,0.0029141093352931247,6
2019-11-15 10:30:00-05:00,GLD,1,1.0,0.1,4166,138.11,138.13453500916833,6.080712477216314,0.24878622964154662,False,4170,138.2,138.17544900248305,vertical,0.0002961894598769721,5
2019-11-15 10:30:00-05:00,IWM,1,1.0,0.1,4166,145.79,145.8227588594323,5.760118633980929,-0.20462510304616402,False,4170,145.82,145.7872343995993,vertical,-0.00024361396061123308,5
2019-11-18 09:30:00-05:00,GLD,1,1.0,0.1,4172,138.58,138.6044480415782,6.061961297073867,0.0672473477143053,False,4177,138.64,138.61554137332658,vertical,8.003590003879957e-05,6
2019-11-18 09:30:00-05:00,IWM,-1,1.0,0.1,4172,145.08,145.0478457787936,5.792673411445967,-2.284523696097278,False,4177,145.41,145.44222735942668,vertical,-0.002718975787027844,6
2019-11-18 09:30:00-05:00,QQQ,1,1.0,0.1,4172,193.21,193.2479171458215,4.347859537323351,3.9045860331538056,False,4175,194.18407333035577,194.14596502423976,upper,0.00464712837106851,4
2019-11-18 09:30:00-05:00,TLT,1,1.0,0.1,4172,112.9,112.92060380602365,7.440757233938137,-3.4311635539357126,False,4177,112.48,112.45947284232471,vertical,-0.004083674264539594,6
2019-11-18 12:30:00-05:00,SPY,1,1.0,0.1,4175,282.25,282.2997667462315,2.9759961881216026,-0.2069471504810345,False,4177,282.28,282.2302279641232,vertical,-0.00024632957692394264,3
2019-11-19 09:30:00-05:00,IWM,1,1.0,0.1,4179,145.8,145.83190828907652,5.760191506671036,0.6690118488059845,False,4184,145.98,145.94805231797403,vertical,0.0007964239805959838,6
2019-11-19 09:30:00-05:00,TLT,1,1.0,0.1,4179,112.96,112.98058395394492,7.4350803485915,2.816078008339982,False,4184,113.38,113.35933951223198,vertical,0.003352395119868179,6
2019-11-19 10:30:00-05:00,DIA,1,1.0,0.1,4180,246.87,246.91071800153048,3.4032060755059987,-0.5833815288579844,False,4184,246.78,246.73929684280114,vertical,-0.0006942637408242636,5
2019-11-19 11:30:00-05:00,QQQ,1,1.0,0.1,4181,194.61,194.64769867860508,4.317851622112392,-0.7572561205195152,False,4184,194.51,194.47232069279346,vertical,-0.0009010021027846538,4
2019-11-20 09:30:00-05:00,DIA,-1,1.0,0.1,4186,246.01,245.96970356923563,3.4160067380519297,2.9852607898603503,False,4188,245.05565979969236,245.09579990955996,lower,0.0035528914618124796,3
2019-11-20 09:30:00-05:00,QQQ,1,1.0,0.1,4186,194.24,194.27752400286474,4.324916992131087,-4.1374598143391665,False,4188,193.3582211923737,193.32086753480604,lower,-0.004924174697864658,3
2019-11-20 09:30:00-05:00,SPY,1,1.0,0.1,4186,281.73,281.7789145858443,2.9818915513395035,-3.241376280667732,False,4188,280.74063721975796,280.69189440926823,lower,-0.003857705883258733,3
2019-11-20 09:30:00-05:00,TLT,1,1.0,0.1,4186,114.11,114.13073722435091,7.362032220097432,2.786155385518126,False,4191,114.53,114.50918644899737,vertical,0.003315927276475339,6
2019-11-20 10:30:00-05:00,GLD,1,1.0,0.1,4187,138.28,138.30441806580615,6.074491563826211,3.5303824073755723,False,4188,138.91012894994662,138.88559961331197,upper,0.004202190758861413,2
2019-11-20 12:30:00-05:00,DIA,-1,1.0,0.1,4189,244.72,244.6799148711977,3.4346214652962233,-3.9703128914524686,False,4191,245.79562166782478,245.8358829834246,upper,-0.004724409491622561,3
2019-11-20 12:30:00-05:00,GLD,1,1.0,0.1,4189,138.85,138.87451871881098,6.051382899443567,-0.9017757435301855,False,4191,138.75,138.7254989396109,vertical,-0.001073053433955029,3
2019-11-20 12:30:00-05:00,IWM,-1,1.0,0.1,4189,144.71,144.678704410416,5.808614966301604,-5.976494836718811,False,4190,145.67610176378565,145.707606286576,upper,-0.007111633189921918,2
2019-11-20 12:30:00-05:00,QQQ,-1,1.0,0.1,4189,192.24,192.20286236454535,4.37237446625295,-5.047835966770109,False,4191,193.32,193.35734627385608,vertical,-0.006006590615289964,3
2019-11-20 12:30:00-05:00,SPY,-1,1.0,0.1,4189,279.92,279.87139967035984,3.00274657836883,-3.8860647000430086,False,4190,281.1167616098443,281.16556972388264,upper,-0.004624159721383192,2
2019-11-21 09:30:00-05:00,DIA,-1,1.0,0.1,4193,245.1,245.05966976343515,3.4214043191743952,-1.234122934518675,False,4198,245.38,245.42037630945848,vertical,-0.0014719131318976508,6
2019-11-21 09:30:00-05:00,GLD,-1,1.0,0.1,4193,138.27,138.2454480887896,6.064924553939496,1.3400094192042205,False,4198,138.0,138.02450396866303,vertical,0.0015982017721456465,6
2019-11-21 09:30:00-05:00,IWM,-1,1.0,0.1,4193,144.39,144.358816192531,5.808084568010253,-2.395505009457428,False,4198,144.74,144.7712593967246,vertical,-0.002857069731324824,6
2019-11-21 09:30:00-05:00,QQQ,-1,1.0,0.1,4193,192.56,192.5228020772126,4.355059263306393,-1.8050045051745451,False,4198,192.9,192.93726360254306,vertical,-0.00215279188157802,6
2019-11-21 09:30:00-05:00,SPY,-1,1.0,0.1,4193,280.18,280.1311770879419,2.993055686625173,-1.9686626452849367,False,4198,280.74,280.7889204951502,vertical,-0.0023479835912794123,6
2019-11-21 09:30:00-05:00,TLT,1,1.0,0.1,4193,113.96,113.98069451049687,7.356054603675471,-1.0399317768763054,False,4198,113.86,113.83932364895423,vertical,-0.001240305317929291,6
2019-11-22 09:30:00-05:00,DIA,-1,1.0,0.1,4200,245.98,245.9395689948268,3.4062753474878145,-1.5018989540728882,False,4205,246.34,246.3804901773086,vertical,-0.0017928029405103185,6
2019-11-22 11:30:00-05:00,IWM,-1,1.0,0.1,4202,145.06,145.028523967279,5.775989582642817,-0.8257899056589723,False,4205,145.14,145.171493391625,vertical,-0.0009858021059241384,4
2019-11-22 13:30:00-05:00,GLD,-1,1.0,0.1,4204,137.8151,137.7904884176337,6.078143037044987,0.09657233914812348,False,4205,137.75,137.77459995654294,vertical,0.00011530883788291035,2
2019-11-25 09:30:00-05:00,DIA,1,1.0,0.1,4207,247.65,247.6906467183952,3.3812935219107687,1.2126479913543458,False,4212,248.09,248.04928106454005,vertical,0.0014479123491191181,6
2019-11-25 09:30:00-05:00,IWM,1,1.0,0.1,4207,147.59,147.62164562642187,5.673387365605258,3.441278709950388,False,4212,148.26,148.22821071499894,vertical,0.0041089169952222004,6
2019-11-25 09:30:00-05:00,QQQ,1,1.0,0.1,4207,194.95,194.9874941592355,4.295223049037425,1.438611200285582,False,4212,195.36,195.32242698667224,vertical,0.0017177144046132131,6
2019-11-25 09:30:00-05:00,SPY,1,1.0,0.1,4207,283.14,283.1894356159406,2.957436520769898,0.8016550667787236,False,4212,283.51,283.46049978288005,vertical,0.0009571831885248905,6
2019-11-25 09:30:00-05:00,TLT,-1,1.0,0.1,4207,114.39,114.36911908885752,7.322910116463369,0.060394271644997624,False,4212,114.34,114.36087178407233,vertical,7.211129062534294e-05,6
2019-11-25 10:30:00-05:00,GLD,-1,1.0,0.1,4208,137.3,137.27559505159368,6.1021553521039005,1.1669320280309132,False,4212,137.06,137.08436228862763,vertical,0.0013930572502285354,5
2019-11-26 09:30:00-05:00,DIA,1,1.0,0.1,4214,248.35,248.39063858537534,3.3750343245140377,0.46807281058581796,False,4219,248.57,248.52932541507246,vertical,0.0005583416125782836,6
2019-11-26 09:30:00-05:00,SPY,1,1.0,0.1,4214,283.75,283.7992193260605,2.9539437532787516,0.7724530486850965,False,4219,284.11,284.06071822827477,vertical,0.0009214222041740161,6
2019-11-26 09:30:00-05:00,TLT,1,1.0,0.1,4214,115.04,115.06089216063903,7.285941516455445,-0.5229766711172941,False,4219,115.01,114.9891132875948,vertical,-0.0006238337952743089,6
2019-11-26 10:30:00-05:00,GLD,-1,1.0,0.1,4215,137.575,137.55087577208403,6.095096255556955,-1.3609078663493064,False,4219,137.75,137.77415491474048,vertical,-0.0016232476994650913,5
2019-11-26 10:30:00-05:00,QQQ,1,1.0,0.1,4215,195.69,195.72732119286871,4.283437911260575,-0.31972602485465984,False,4219,195.69,195.65267880713128,vertical,-0.00038135905239244927,5
2019-11-27 09:30:00-05:00,GLD,-1,1.0,0.1,4221,137.03,137.0061471181296,6.118197177828506,-0.23068064732963348,False,4226,137.02,137.04385114116528,vertical,-0.00027519949891852136,6
2019-11-27 09:30:00-05:00,IWM,1,1.0,0.1,4221,149.19,149.22146419920534,5.617359587922885,0.7135817861227153,False,4226,149.38,149.34849572975875,vertical,0.0008512952961232667,6
2019-11-27 09:30:00-05:00,QQQ,1,1.0,0.1,4221,196.47,196.5071504962112,4.265649471414321,2.284612167811844,False,4226,197.08,197.04273415893874,vertical,0.002725517424557289,6
2019-11-27 09:30:00-05:00,SPY,1,1.0,0.1,4221,284.58,284.629071041814,2.944993002911343,2.1254501048515926,False,4226,285.4,285.35078756295695,vertical,0.0025356388175716837,6
2019-11-27 09:30:00-05:00,TLT,1,1.0,0.1,4221,114.59,114.61067883813806,7.3137218201727165,0.20938959993026787,False,4226,114.66,114.63930852970668,vertical,0.00024979951134440626,6
2019-11-27 12:30:00-05:00,DIA,1,1.0,0.1,4224,248.98,249.02065905766472,3.368093482137419,-0.0044835370980158456,False,4226,249.06,249.01932787813487,vertical,-5.3456590103362345e-06,3
2019-11-29 09:30:00-05:00,GLD,1,1.0,0.1,4228,137.5727,137.596500975351,6.095652168807537,1.5827049026609499,False,4230,137.88,137.85614585974253,vertical,0.0018870020861796455,3
2019-11-29 09:30:00-05:00,TLT,-1,1.0,0.1,4228,114.13,114.10971199317852,7.3502981905770355,-2.4302111905588197,False,4230,114.42,114.4403395578771,vertical,-0.00289745332735869,3
2019-11-29 10:30:00-05:00,DIA,1,1.0,0.1,4229,248.45,248.4904475577987,3.375402363514554,-0.8130300202879045,False,4230,248.29,248.2495784901355,vertical,-0.0009693292842058998,2
2019-11-29 10:30:00-05:00,SPY,1,1.0,0.1,4229,284.73,284.7789149377142,2.945285623343401,-1.4366009854717083,False,4230,284.34,284.2911520619898,vertical,-0.0017127773516205647,2
2019-11-29 11:30:00-05:00,QQQ,1,1.0,0.1,4230,196.2,196.2367334385962,4.273487401273119,-0.5275941390881567,False,4230,196.15,196.11327592262668,vertical,-0.0006291254129957569,1
2019-12-02 09:30:00-05:00,DIA,-1,1.0,0.1,4232,246.98,246.9399588532818,3.395067936111427,3.090294734529822,False,4232,245.98984763012297,246.02972825033567,lower,0.003686040149893044,1
2019-12-02 09:30:00-05:00,IWM,-1,1.0,0.1,4232,147.28,147.24914023021168,5.693601573066699,1.5278757374425906,False,4237,146.95,146.98079062445947,vertical,0.0018224188292893517,6
2019-12-02 09:30:00-05:00,QQQ,-1,1.0,0.1,4232,193.87,193.8338169174516,4.325240815974304,-1.0051687806928908,False,4237,194.03,194.0662129442764,vertical,-0.0011989446966509387,6
2019-12-02 09:30:00-05:00,SPY,-1,1.0,0.1,4232,282.51,282.46185367086633,2.96811029720267,1.4656762878051037,False,4237,281.92,281.9680457792976,vertical,0.0017482286020261695,6
2019-12-02 09:30:00-05:00,TLT,-1,1.0,0.1,4232,112.75,112.73005120003938,7.437040323522529,-1.412473482716824,False,4237,112.9,112.91997533938408,vertical,-0.0016847693877799497,6
2019-12-02 10:30:00-05:00,DIA,-1,1.0,0.1,4233,246.33,246.29006423325336,3.404983248487213,1.2605296400391353,False,4237,245.88,245.9198628113817,vertical,0.0015031114755853503,5
2019-12-02 13:30:00-05:00,GLD,-1,1.0,0.1,4236,137.74,137.71636914224123,6.087903794762071,-0.592172189428107,False,4237,137.79,137.8136394358253,vertical,-0.0007063088737375711,2
2019-12-03 09:30:00-05:00,DIA,-1,1.0,0.1,4239,242.19,242.1506643674828,3.4640061584517787,-4.3607088950868045,False,4244,243.37,243.40952728389163,vertical,-0.005198676285679715,6
2019-12-03 09:30:00-05:00,GLD,1,1.0,0.1,4239,139.33,139.35398135199858,6.019285452084573,-1.4321685958680226,False,4244,139.14,139.1160513506274,vertical,-0.0017073785697603316,6
2019-12-03 09:30:00-05:00,IWM,-1,1.0,0.1,4239,145.66,145.6292797815542,5.759908954438132,-5.308457738995142,False,4244,146.52,146.55090159554223,vertical,-0.006328547496564418,6
2019-12-03 09:30:00-05:00,QQQ,-1,1.0,0.1,4239,191.37,191.33440215307192,4.384007179070085,-5.793150775169274,False,4244,192.62,192.65583036669955,vertical,-0.006906380654799538,6
2019-12-03 09:30:00-05:00,SPY,-1,1.0,0.1,4239,278.64,278.5923510830756,3.0108916823492344,-4.382444377950305,False,4244,280.0,280.04788148413303,vertical,-0.005224588526565155,6
2019-12-03 09:30:00-05:00,TLT,1,1.0,0.1,4239,114.97,114.9903444312367,7.2946245773161635,1.745323477257392,False,4244,115.25,115.22960602157059,vertical,0.0020807102676083655,6
2019-12-04 09:30:00-05:00,DIA,-1,1.0,0.1,4246,244.96,244.91962066803325,3.4168688881233233,0.4075446590676508,False,4251,244.76,244.80034636386424,vertical,0.0004869936669168462,6
2019-12-04 09:30:00-05:00,GLD,1,1.0,0.1,4246,138.76,138.78382281983858,6.029940773701929,0.7376135549950997,False,4251,138.93,138.9061479939451,vertical,0.0008814080173114025,6
2019-12-04 09:30:00-05:00,IWM,-1,1.0,0.1,4246,147.54,147.50814113144855,5.673301999011848,-0.47498050640846656,False,4251,147.56,147.59186318722686,vertical,-0.0005675758309753309,6
2019-12-04 09:30:00-05:00,QQQ,-1,1.0,0.1,4246,193.68,193.64347151738278,4.3216444396187494,0.07329512845022555,False,4251,193.59,193.6265115084153,vertical,8.758368580463749e-05,6
2019-12-04 09:30:00-05:00,SPY,-1,1.0,0.1,4246,281.81,281.76093103376894,2.970100321862124,-0.2914795047926349,False,4251,281.81,281.85906896623106,vertical,-0.0003483021301144973,6
2019-12-04 09:30:00-05:00,TLT,-1,1.0,0.1,4246,114.01,113.9898430073067,7.341515786612028,-0.8833908615924472,False,4251,114.09,114.11017113671063,vertical,-0.0010556039575930765,6
2019-12-05 10:30:00-05:00,GLD,1,1.0,0.1,4254,139.25,139.27401390965198,6.008407948530788,-1.730339960356345,False,4258,139.01,138.986027478774,vertical,-0.0020677685864989304,5
2019-12-06 09:30:00-05:00,DIA,1,1.0,0.1,4260,247.46,247.50115479723007,3.3803561801072783,1.5468530119740989,False,4265,248.0,247.95875539597083,vertical,0.0018488826814389014,6
2019-12-06 09:30:00-05:00,GLD,-1,1.0,0.1,4260,137.78,137.75643509703204,6.073342835949522,0.8678970303793028,False,4265,137.59,137.61353240673074,vertical,0.0010373576392321837,6
2019-12-06 09:30:00-05:00,IWM,1,1.0,0.1,4260,149.65,149.6818935427737,5.589467359079223,-1.7536048642883961,False,4265,149.4,149.36815973745146,vertical,-0.0020960037175945523,6
2019-12-06 09:30:00-05:00,QQQ,1,1.0,0.1,4260,195.56,195.59734412839035,4.277369214447676,1.562213809383952,False,4265,196.0,195.96257184923036,vertical,0.0018672427402708358,6
2019-12-06 09:30:00-05:00,SPY,1,1.0,0.1,4260,284.69,284.74002498701174,2.9382664352883574,0.14668903908705364,False,4265,284.84,284.789948655378,vertical,0.00017533070164099662,6
2019-12-06 09:30:00-05:00,TLT,-1,1.0,0.1,4260,113.23,113.20986034767816,7.390187176568349,2.0676089216145455,False,4265,112.91,112.93008273552644,vertical,0.0024713184107152397,6
2019-12-09 09:30:00-05:00,QQQ,1,1.0,0.1,4267,196.35,196.38723444020178,4.262424827578115,-5.388741676790573,False,4272,195.16,195.12299122307215,vertical,-0.00643750201347526,6
2019-12-10 09:30:00-05:00,GLD,-1,1.0,0.1,4274,137.95,137.92684129454793,6.0651497698201,-0.3415837138056098,False,4279,137.96,137.98316038422735,vertical,-0.0004083258135314516,6
2019-12-10 11:30:00-05:00,DIA,-1,1.0,0.1,4276,246.85,246.8093448097624,3.3892662310815402,-0.5128702368413786,False,4279,246.92,246.96066671895267,vertical,-0.0006131125598460851,4
2019-12-11 09:30:00-05:00,GLD,1,1.0,0.1,4281,138.46,138.48324633856421,6.040163893108,3.8937794880498693,False,4285,139.1512567195382,139.1278943244397,upper,0.004655061192741172,5
2019-12-11 09:30:00-05:00,TLT,1,1.0,0.1,4281,113.75,113.7699825015995,7.3522161640731225,1.9114460368028006,False,4286,114.05,114.02996479729738,vertical,0.00228515720914535,6
2019-12-11 13:30:00-05:00,QQQ,1,1.0,0.1,4285,195.91,195.9472849964996,4.270801055250656,0.5355240450805266,False,4286,196.11,196.0726769401075,vertical,0.0006399269252959083,2
2019-12-11 14:30:00-05:00,GLD,1,1.0,0.1,4286,138.96,138.98333028460843,6.02348640153085,-0.4617335573399616,False,4286,138.93,138.90667475215423,vertical,-0.0005515447953162722,1
2019-12-12 09:30:00-05:00,DIA,1,1.0,0.1,4288,249.69,249.7313170917792,3.3517999091327817,-5.817777124338221,False,4289,248.03664328603034,247.99559978106316,lower,-0.006950338992038119,2
2019-12-12 09:30:00-05:00,GLD,1,1.0,0.1,4288,138.08,138.1031872870351,6.061043357356433,1.9005308930674405,False,4293,138.44,138.41675225943555,vertical,0.0022705122058388483,6
2019-12-12 09:30:00-05:00,IWM,1,1.0,0.1,4288,151.2,151.23216777752836,5.534863503161481,-7.296890690826645,False,4289,149.94571809402743,149.9138171647881,lower,-0.008717395459672539,2
2019-12-12 09:30:00-05:00,QQQ,1,1.0,0.1,4288,198.21,198.24781273951575,4.222237785975787,-6.341868689092308,False,4289,196.78333731805625,196.74579674454813,lower,-0.007576456830528433,2
2019-12-12 09:30:00-05:00,SPY,1,1.0,0.1,4288,287.49,287.540509402469,2.9110660187508453,-5.584533265337081,False,4289,285.672318617793,285.62212856556397,lower,-0.006671688941817577,2
2019-12-12 09:30:00-05:00,TLT,-1,1.0,0.1,4288,112.36,112.34004625146106,7.451033125464367,0.8205013678594146,False,4293,112.21,112.22992711039117,vertical,0.0009802305121310306,6
2019-12-12 11:30:00-05:00,DIA,1,1.0,0.1,4290,247.78,247.82100103729044,3.3686270851563678,4.203298246918879,False,4293,249.11,249.06877888288233,vertical,0.005034996390011814,4
2019-12-12 14:30:00-05:00,IWM,1,1.0,0.1,4293,150.73,150.76206778509822,5.540447752577514,-1.740157031540734,False,4293,150.48,150.4479854023646,vertical,-0.002083298453967486,1
2019-12-12 14:30:00-05:00,QQQ,1,1.0,0.1,4293,197.39,197.42765630721462,4.230862966504062,0.5273738167260844,False,4293,197.59,197.5523055385656,vertical,0.0006313666164228238,1
2019-12-12 14:30:00-05:00,SPY,1,1.0,0.1,4293,286.96,287.0104162862447,2.910310261355899,-0.3516500493163988,False,4293,286.94,286.889587227575,vertical,-0.0004209918937199131,1
2019-12-13 09:30:00-05:00,QQQ,1,1.0,0.1,4295,198.37,198.40865529383336,4.208895460969348,-1.1670072407498484,False,4300,198.17,198.1313836790898,vertical,-0.0013974774151507274,6
2019-12-13 10:30:00-05:00,DIA,1,1.0,0.1,4296,248.29,248.33155087815325,3.361024144825905,2.913131589970023,False,4300,249.24,249.19829014108137,vertical,0.003490250271716011,5
2019-12-13 10:30:00-05:00,GLD,1,1.0,0.1,4296,139.04,139.06341183792728,6.001926224823854,-0.040995623722851746,False,4300,139.08,139.05658142679138,vertical,-4.911724116085647e-05,5
2019-12-13 10:30:00-05:00,IWM,1,1.0,0.1,4296,149.21,149.2420827216452,5.5925803446488835,3.0518900875749453,False,4300,149.82,149.7877861178414,vertical,0.0036564981287081633,5
2019-12-13 10:30:00-05:00,SPY,1,1.0,0.1,4296,286.0,286.0510744509894,2.9178297617845175,2.7942941049883885,False,4300,287.06,287.0087362520944,vertical,0.003347869966728867,5
2019-12-13 10:30:00-05:00,TLT,1,1.0,0.1,4296,113.83,113.85080406774924,7.33107109131053,-2.8704381307796196,False,4300,113.48,113.45925989977876,vertical,-0.00343909883796234,5
2019-12-16 09:30:00-05:00,DIA,1,1.0,0.1,4302,250.93,250.97244873146744,3.3292474149462774,-2.978878877787186,False,4307,250.12,250.07768829269264,vertical,-0.003565173959521606,6
2019-12-16 09:30:00-05:00,IWM,1,1.0,0.1,4302,151.47,151.50283437288724,5.51507422036392,-3.6153564456150757,False,4307,150.88,150.84729352227353,vertical,-0.004326921363070002,6
2019-12-16 09:30:00-05:00,QQQ,1,1.0,0.1,4302,200.34,200.37941593028467,4.1698363690843205,-1.5377305916633366,False,4307,200.05,200.0106411258189,vertical,-0.0018403826698151216,6
2019-12-16 09:30:00-05:00,SPY,1,1.0,0.1,4302,289.46,289.5123855219339,2.8860574467501414,-1.3988786036214895,False,4307,289.08,289.0276832492204,vertical,-0.0016742021998115142,6
2019-12-16 09:30:00-05:00,TLT,-1,1.0,0.1,4302,112.77,112.74907488340679,7.410698287555904,1.9134825640567608,False,4307,112.47,112.49086944988241,vertical,0.002290089154091901,6
2019-12-17 12:30:00-05:00,TLT,-1,1.0,0.1,4312,112.13,112.1091311175321,7.446205600249852,-1.6513544378509737,False,4314,112.31,112.33090238285891,vertical,-0.0019781730811410103,3
2019-12-18 10:30:00-05:00,IWM,1,1.0,0.1,4317,151.78,151.81290593890185,5.497704555228176,0.9023836494820096,False,4321,152.01,151.97704419704522,vertical,0.0010811877760210642,5
2019-12-18 10:30:00-05:00,TLT,-1,1.0,0.1,4317,111.37,111.34914297196548,7.495544934125459,-0.5375780419458233,False,4321,111.4,111.42086264634143,vertical,-0.0006440972284269542,5
2019-12-19 09:30:00-05:00,QQQ,1,1.0,0.1,4323,200.95,200.98948473745304,4.152749514104047,2.827529040992187,False,4328,201.71,201.67036592987483,vertical,0.00338764584282214,6
2019-12-19 10:30:00-05:00,DIA,1,1.0,0.1,4324,251.26,251.3025601355776,3.3217615057169345,-0.08347730949615713,False,4328,251.32,251.27742970121244,vertical,-0.00010000070970872521,5
2019-12-19 11:30:00-05:00,GLD,1,1.0,0.1,4325,139.27,139.29322722407764,5.992596623640321,0.08111306211924164,False,4328,139.33,139.30676276922,vertical,9.717303139655797e-05,4
2019-12-19 11:30:00-05:00,SPY,1,1.0,0.1,4325,290.11,290.1625918819878,2.876759949464694,0.387708786798407,False,4328,290.35,290.2973646101991,vertical,0.0004644731332774654,4
2019-12-19 11:30:00-05:00,TLT,-1,1.0,0.1,4325,111.69,111.66908917175226,7.475015058778899,0.734080524388905,False,4328,111.55,111.57088461716387,vertical,0.0008794246941277173,4
2019-12-20 09:30:00-05:00,DIA,1,1.0,0.1,4330,252.13,252.17258682185098,3.311437182836573,-0.5469173990706414,False,4335,252.05,252.00742669080415,vertical,-0.0006549487917316688,6
2019-12-20 09:30:00-05:00,SPY,1,1.0,0.1,4330,291.67,291.72274995187956,2.862490774654036,0.09868372984235319,False,4335,291.81,291.75722472843296,vertical,0.00011817651026224674,6
2019-12-20 10:30:00-05:00,GLD,1,1.0,0.1,4331,139.08,139.1031622251262,6.004059436451639,0.20211000950093194,False,4335,139.16,139.1368244517647,vertical,0.00024199469012819996,5
2019-12-20 10:30:00-05:00,QQQ,1,1.0,0.1,4331,202.53,202.56965455785294,4.122945539996997,-0.24454439920320628,False,4335,202.55,202.51034152622765,vertical,-0.0002928031434656919,5
2019-12-23 09:30:00-05:00,DIA,1,1.0,0.1,4337,252.95,252.99207099243873,3.300516930876558,-0.5087098045904623,False,4342,252.88,252.83794065005767,vertical,-0.0006092299326869721,6
2019-12-23 09:30:00-05:00,GLD,1,1.0,0.1,4337,139.7121,139.73508444207252,5.975626071448228,1.0869282780166978,False,4342,139.94,139.91697806543863,vertical,0.0013017033201958572,6
2019-12-23 09:30:00-05:00,IWM,1,1.0,0.1,4337,152.55,152.58210055692467,5.472493894370974,3.04089204528663,False,4342,153.17,153.13776897866828,vertical,0.0036417667584560665,6
2019-12-23 10:30:00-05:00,QQQ,1,1.0,0.1,4338,203.28,203.3191228547301,4.107636570481789,-1.5945272048273393,False,4342,202.97,202.93093680723848,vertical,-0.0019092451415353429,5
2019-12-23 12:30:00-05:00,TLT,-1,1.0,0.1,4340,111.25,111.22913209037428,7.5097496357480695,-2.341438291699602,False,4342,111.52,111.54091855533895,vertical,-0.002803100762409416,3
2019-12-24 09:30:00-05:00,GLD,1,1.0,0.1,4344,140.98,141.00297278035248,5.921668967156932,1.3265156864049952,False,4346,141.25,141.22698322297637,vertical,0.0015886930481447958,3
2019-12-24 09:30:00-05:00,TLT,1,1.0,0.1,4344,111.81,111.8307250788038,7.466400022014578,-0.08553297612499203,False,4346,111.84,111.81926936040232,vertical,-0.00010243802312293049,3
2019-12-26 09:30:00-05:00,GLD,1,1.0,0.1,4348,142.38,142.40318939725628,5.864314064846393,-0.1547126380629333,False,4353,142.4,142.3768073453484,vertical,-0.0001852630690334367,6
2019-12-26 09:30:00-05:00,QQQ,1,1.0,0.1,4348,203.97,204.00827707235734,4.093446787774811,3.5746743620148727,False,4353,204.92,204.88154465035316,vertical,0.0042805497430189465,6
2019-12-26 09:30:00-05:00,SPY,1,1.0,0.1,4348,292.89,292.9411479630888,2.8507330986718835,1.7035463060240186,False,4353,293.59,293.5387297945193,vertical,0.0020399381772950864,6
2019-12-27 09:30:00-05:00,IWM,-1,1.0,0.1,4355,152.75,152.71861290607933,5.4715621191387145,-0.17929227575492093,False,4360,152.72,152.75138092951596,vertical,-0.00021456470048475396,6
2019-12-27 10:30:00-05:00,GLD,1,1.0,0.1,4356,142.7,142.72334199968367,5.853133769107684,-2.4970747058015705,False,4360,142.32,142.29672015840936,vertical,-0.002989152547137386,5
2019-12-27 12:30:00-05:00,QQQ,1,1.0,0.1,4358,204.66,204.69821151246487,4.0813774349565435,0.014538023506032153,False,4360,204.74,204.70177355095254,vertical,1.7401414801554438e-05,3
2019-12-30 09:30:00-05:00,DIA,-1,1.0,0.1,4362,251.94,251.89895231534732,3.316183678774328,-1.0019225977964286,False,4367,252.16,252.2010835284672,vertical,-0.0011994143300033677,6
2019-12-30 09:30:00-05:00,IWM,-1,1.0,0.1,4362,151.92,151.8890010929477,5.499695095481756,-5.030490008506109,False,4363,152.77251348716564,152.8036863475246,upper,-0.00602206379655601,2
2019-12-30 09:30:00-05:00,QQQ,-1,1.0,0.1,4362,202.89,202.8520269167856,4.117992839732303,-2.248564646116943,False,4367,203.36,203.3980610488564,vertical,-0.0026917854377406236,6
2019-12-30 09:30:00-05:00,SPY,-1,1.0,0.1,4362,291.77,291.7195950054693,2.863514171383812,-0.80419242716767,False,4367,291.95,292.00043609059617,vertical,-0.0009627090189865406,6
2019-12-30 09:30:00-05:00,TLT,-1,1.0,0.1,4362,111.2,111.17924782213912,7.513481254207277,-5.271665257445487,False,4367,111.86,111.88087534726185,vertical,-0.006310777765335951,6
2019-12-30 10:30:00-05:00,GLD,1,1.0,0.1,4363,142.73,142.75341606365652,5.84766411441044,-0.6831278831858943,False,4367,142.66,142.6365954204355,vertical,-0.0008183386880837862,5
2019-12-30 11:30:00-05:00,IWM,-1,1.0,0.1,4364,152.8,152.76882153108485,5.4581525620563225,1.78876017110368,False,4367,152.41,152.4410988903623,vertical,0.0021452194069315755,4
2019-12-31 09:30:00-05:00,GLD,1,1.0,0.1,4369,143.48,143.50347162227695,5.81183203914996,-3.4688109636065114,False,4374,142.93,142.9066183511845,vertical,-0.00415915562421687,6
2019-12-31 09:30:00-05:00,SPY,-1,1.0,0.1,4369,291.66,291.6093284219737,2.860052792607269,-3.1790019574744575,False,4374,292.67,292.720847050473,vertical,-0.0038116703416664066,6
2019-12-31 09:30:00-05:00,TLT,-1,1.0,0.1,4369,111.37,111.34907778322965,7.490121074260107,3.95675119201627,False,4374,110.8,110.82081513529813,vertical,0.004744203171219041,6
2019-12-31 10:30:00-05:00,QQQ,-1,1.0,0.1,4370,202.89,202.85140944842064,4.110777960860088,-3.935447044564512,False,4374,203.77,203.8087579313684,vertical,-0.004719456894832108,5
2019-12-31 11:30:00-05:00,IWM,1,1.0,0.1,4371,153.03,153.06131808329818,5.449164096295639,-2.7384562693495273,False,4374,152.59,152.55877196412163,vertical,-0.003283299304289611,4
2020-01-02 09:30:00-05:00,DIA,1,1.0,0.1,4376,253.89,253.9312621642091,3.2807365682314904,3.580141098661792,False,4381,255.06397649796136,255.02252353927028,upper,0.00429746761293015,6
2020-01-02 09:30:00-05:00,GLD,1,1.0,0.1,4376,144.065,144.0884933861532,5.781735640518237,-0.9942641941430453,False,4381,143.94,143.9165269982099,vertical,-0.0011934775907639361,6
2020-01-02 09:30:00-05:00,IWM,-1,1.0,0.1,4376,151.84,151.8090365528697,5.487694254018702,-4.730886512282697,False,4381,152.64,152.67112658436486,vertical,-0.005678779413074819,6
2020-01-02 09:30:00-05:00,QQQ,1,1.0,0.1,4376,205.49,205.5288278609791,4.053356340662827,4.7607018826682195,False,4381,206.74240096674174,206.70333646139733,upper,0.005714568669717979,6
2020-01-02 09:30:00-05:00,SPY,-1,1.0,0.1,4376,293.68,293.6290901624599,2.8371902018916746,-3.750018232853626,False,4381,294.8997055231653,294.9508267983588,upper,-0.004501381777832769,6
2020-01-02 09:30:00-05:00,TLT,-1,1.0,0.1,4376,112.25,112.22866191978572,7.423073244825237,1.4650879741489968,False,4381,112.01,112.03129245759291,vertical,0.0017586368652766637,6
2020-01-03 09:30:00-05:00,DIA,1,1.0,0.1,4383,253.93,253.9709530187501,3.2803540873408905,-1.154233566317775,False,4388,253.66,253.61909052598688,vertical,-0.001385443841435019,6
2020-01-03 09:30:00-05:00,GLD,1,1.0,0.1,4383,145.94,145.96360079491018,5.707687733543288,-0.5547501707517642,False,4388,145.89,145.86640729087674,vertical,-0.0006658749407669751,6
2020-01-03 09:30:00-05:00,IWM,-1,1.0,0.1,4383,151.59,151.55956059355793,5.496945560795786,-2.808769728782894,False,4388,152.04,152.0705297668412,vertical,-0.0033714083841502873,6
2020-01-03 09:30:00-05:00,QQQ,1,1.0,0.1,4383,205.77,205.80860527448075,4.048006897912836,-2.1338101811198604,False,4388,205.32,205.28147915169177,vertical,-0.0025612443273981267,6
2020-01-03 09:30:00-05:00,SPY,1,1.0,0.1,4383,293.48,293.5304976963438,2.8382558553175357,-1.1663586866304123,False,4388,293.17,293.11955564386983,vertical,-0.0013999978049950013,6
2020-01-03 09:30:00-05:00,TLT,1,1.0,0.1,4383,113.09,113.11157416717556,7.365423564608864,4.321525873429937,False,4388,113.72,113.69830564779197,vertical,0.005187192247446237,6
2020-01-06 09:30:00-05:00,DIA,1,1.0,0.1,4390,252.75,252.79071085225047,3.294286452802573,4.127216708171488,False,4395,254.08447752175204,254.0435517230437,upper,0.004956039984892691,6
2020-01-06 09:30:00-05:00,GLD,1,1.0,0.1,4390,147.5355,147.55955472417295,5.643585843773754,-0.9232376891812261,False,4395,147.42,147.39596410736684,vertical,-0.0011086413015538588,6
2020-01-06 09:30:00-05:00,IWM,-1,1.0,0.1,4390,151.37,151.3397063662006,5.502620787038122,-5.346014962414364,False,4393,152.28077023541408,152.31124614139415,upper,-0.006419596010333706,4
2020-01-06 10:30:00-05:00,TLT,1,1.0,0.1,4391,113.11,113.13163850324081,7.358871673150768,-0.39204457594187925,False,4395,113.1,113.07836340980872,vertical,-0.0004709124179312907,5
2020-01-06 13:30:00-05:00,QQQ,1,1.0,0.1,4394,206.05,206.08836772821093,4.039862653033554,1.9115100191354784,False,4395,206.6,206.56152985853734,vertical,0.0022959186660667097,2
2020-01-06 13:30:00-05:00,SPY,-1,1.0,0.1,4394,293.73,293.6797251124796,2.834954642139392,-1.8445459819769585,False,4395,294.28,294.33036902563407,vertical,-0.0022154880215352613,2
2020-01-07 09:30:00-05:00,TLT,1,1.0,0.1,4397,112.94,112.96161331694002,7.369922206854969,-3.4133518956915747,False,4402,112.52,112.49846705841958,vertical,-0.00410003225804656,6
2020-01-07 10:30:00-05:00,QQQ,-1,1.0,0.1,4398,207.09,207.05181119135324,4.020388276965369,1.7839197480844706,False,4402,206.57,206.60809291709964,vertical,0.00214303015124806,5
2020-01-07 11:30:00-05:00,DIA,-1,1.0,0.1,4399,253.38,253.33934151569508,3.2862216809330658,0.2586542551607119,False,4402,253.22,253.26063280999168,vertical,0.0003106848909943949,4
2020-01-07 11:30:00-05:00,GLD,1,1.0,0.1,4399,147.99,148.01436959581142,5.624651437530042,-0.16166645976452337,False,4402,148.01,147.98562711077744,vertical,-0.00019418712596930288,4
2020-01-08 10:30:00-05:00,DIA,1,1.0,0.1,4405,254.18,254.22081359287424,3.274181394936697,3.8604954509347587,False,4408,255.44090160100782,255.39988554560867,upper,0.004637983554810932,4
2020-01-08 10:30:00-05:00,GLD,1,1.0,0.1,4405,147.35,147.37426370513046,5.647967542941369,-6.374457047876192,False,4405,146.2697210394086,146.24563522074004,lower,-0.007658246806570013,1
2020-01-08 10:30:00-05:00,IWM,1,1.0,0.1,4405,152.29,152.32090772748282,5.464548961070022,-0.11925598365356165,False,4409,152.33,152.29908415439323,vertical,-0.00014327365438648876,5
2020-01-08 10:30:00-05:00,QQQ,1,1.0,0.1,4405,207.4,207.43821721676227,4.01259261306551,4.067707044357673,False,4407,208.49037072091622,208.4519525835455,upper,0.004886926721530571,3
2020-01-08 10:30:00-05:00,SPY,1,1.0,0.1,4405,294.61,294.6601529130063,2.8248307409152855,3.193551680618296,False,4408,295.84104389988534,295.79068142020583,upper,0.0038367200180382532,4
2020-01-08 11:30:00-05:00,TLT,-1,1.0,0.1,4406,111.84,111.81855789260385,7.4470892644714395,-0.09590706469764786,False,4409,111.81,111.83143635575793,vertical,-0.00011517286036233365,4
2020-01-08 13:30:00-05:00,GLD,-1,1.0,0.1,4408,146.3,146.27590919538116,5.694281102146872,-3.520634321982666,False,4409,146.87,146.89418466489658,vertical,-0.00422677577542574,2
2020-01-08 14:30:00-05:00,QQQ,1,1.0,0.1,4409,209.06,209.0985231019109,3.9848565877810462,-4.091934263166028,False,4409,208.11,208.07165195284287,vertical,-0.00491094405562853,1
2020-01-08 14:30:00-05:00,SPY,1,1.0,0.1,4409,296.13,296.1804116701013,2.8132435314662954,-3.7852335545172755,False,4409,294.8851063032312,294.83490655752246,lower,-0.004542856514351601,1
2020-01-09 09:30:00-05:00,DIA,1,1.0,0.1,4411,256.07,256.1112832179476,3.247332490844274,1.5176242585120558,False,4416,256.62,256.57862811188465,vertical,0.0018247727630937849,6
2020-01-09 09:30:00-05:00,GLD,-1,1.0,0.1,4411,145.79,145.76550671528696,5.705591878399034,-1.534938469453802,False,4416,146.01,146.0345302455652,vertical,-0.0018455911576098494,6
2020-01-09 09:30:00-05:00,QQQ,1,1.0,0.1,4411,209.91,209.94878103168318,3.961339938144024,-0.22803753774624186,False,4416,209.93,209.89121527330167,vertical,-0.0002741895337454725,6
2020-01-09 09:30:00-05:00,SPY,1,1.0,0.1,4411,296.56,296.6106695176871,2.8039399008061223,0.8652703740616119,False,4416,296.97,296.91926043071373,vertical,0.0010403904671685282,6
2020-01-09 09:30:00-05:00,TLT,-1,1.0,0.1,4411,111.32,111.29846528620571,7.472506373980872,-6.22113809873191,False,4413,112.10931488842392,112.13100229418924,upper,-0.007480220017793249,3
2020-01-09 10:30:00-05:00,IWM,1,1.0,0.1,4412,152.82,152.85111018667564,5.440476124487867,-2.2966811461722942,False,4416,152.46,152.4289630999832,vertical,-0.0027618189110754088,5
2020-01-09 12:30:00-05:00,TLT,-1,1.0,0.1,4414,112.04,112.01832600311255,7.413876857992694,-1.507826457989519,False,4416,112.2,112.22170494868594,vertical,-0.0018155863672497663,3
2020-01-10 09:30:00-05:00,QQQ,1,1.0,0.1,4418,210.5,210.53941373437024,3.9457596267738255,-5.33816760028085,False,4423,209.2257016944392,209.1865265579546,lower,-0.006425814304406363,6
2020-01-10 09:30:00-05:00,SPY,1,1.0,0.1,4418,297.42,297.47101918653465,2.7926684112941413,-4.016699172375824,False,4423,296.0835076095913,296.0327176838817,lower,-0.004835097908314379,6
2020-01-10 09:30:00-05:00,TLT,1,1.0,0.1,4418,112.68,112.70184581952759,7.371111914954713,3.215391802765774,False,4423,113.16,113.13806112053832,vertical,0.0038705249043502477,6
2020-01-10 10:30:00-05:00,GLD,-1,1.0,0.1,4419,146.84,146.8148938410082,5.658843940475362,-0.7369285888498047,False,4423,146.92,146.9451198370953,vertical,-0.0008870080730918328,5
2020-01-10 10:30:00-05:00,IWM,1,1.0,0.1,4419,151.88,151.91092248098727,5.469011436539091,-0.7756626408224228,False,4423,151.8,151.7690938068616,vertical,-0.0009336305237920284,5
2020-01-10 13:30:00-05:00,DIA,1,1.0,0.1,4422,255.95,255.99137949749039,3.2450178850358387,-1.9881358478374962,False,4423,255.42,255.37870618773587,vertical,-0.0023933357090273333,2
2020-01-13 09:30:00-05:00,GLD,-1,1.0,0.1,4425,146.11,146.08503818235505,5.6800744872803355,1.4775539475938666,False,4430,145.8,145.8249088564276,vertical,0.001780670554384356,6
2020-01-13 09:30:00-05:00,QQQ,1,1.0,0.1,4425,210.54,210.5792988463225,3.9404343299600626,4.706250743392329,False,4430,211.81318356566544,211.77364707022502,upper,0.005671726662809906,6
2020-01-13 09:30:00-05:00,SPY,1,1.0,0.1,4425,296.95,297.00073202226446,2.7938446235572414,3.12443334649601,False,4430,298.17,298.11905954848095,vertical,0.003765403265513445,6
2020-01-13 09:30:00-05:00,TLT,1,1.0,0.1,4425,112.61,112.6317570298823,7.367139785742856,1.078911955723729,False,4430,112.8,112.77820626080522,vertical,0.001300248125260639,6
2020-01-13 11:30:00-05:00,IWM,-1,1.0,0.1,4427,152.5,152.46887228002007,5.4461976167562876,-2.1366674891266246,False,4430,152.83,152.86119507832484,vertical,-0.0025731337317445035,4
2020-01-14 09:30:00-05:00,GLD,-1,1.0,0.1,4432,145.27,145.24518723511233,5.7185987530097195,-2.628814453931308,False,4437,145.68,145.70488279471908,vertical,-0.0031649624222152006,6
2020-01-14 09:30:00-05:00,TLT,1,1.0,0.1,4432,113.06,113.08165870486683,7.345125249455057,2.2521295548906033,False,4437,113.41,113.38827424625023,vertical,0.002711452457410779,6
2020-01-14 10:30:00-05:00,DIA,1,1.0,0.1,4433,256.98,257.02134462081375,3.2320283537600405,-2.2707891591269975,False,4437,256.36,256.3187551288357,vertical,-0.0027335842204646577,5
2020-01-14 10:30:00-05:00,IWM,1,1.0,0.1,4433,153.32,153.351136717169,5.416981517835704,3.939284847907366,False,4434,154.1096441150069,154.07834703437925,upper,0.004742125378251805,2
2020-01-14 12:30:00-05:00,IWM,1,1.0,0.1,4435,154.19,154.22131339955837,5.388926862379548,-4.711636739250455,False,4435,153.3781437423732,153.34699521718653,lower,-0.005669243524769163,1
2020-01-14 12:30:00-05:00,SPY,1,1.0,0.1,4435,298.66,298.7109235970832,2.782246355514433,-3.583229980732418,False,4435,297.4737539526845,297.4230326187626,lower,-0.0043114960872933095,1
2020-01-14 13:30:00-05:00,IWM,1,1.0,0.1,4436,153.52,153.55117733381027,5.405111110292928,-0.8774352490343539,False,4437,153.42,153.38884297451034,vertical,-0.0010572003557290932,2
2020-01-14 13:30:00-05:00,SPY,1,1.0,0.1,4436,297.93,297.9807991270307,2.7852840754740074,-0.923486107143456,False,4437,297.7,297.64924008956115,vertical,-0.0011126859127866817,2
2020-01-14 14:30:00-05:00,QQQ,1,1.0,0.1,4437,210.84,210.87929665040232,3.933785282355315,0.20212760274565716,False,4437,210.97,210.9306791200181,vertical,0.00024365819894112128,1
2020-01-15 09:30:00-05:00,DIA,1,1.0,0.1,4439,257.56,257.6010887451766,3.2210219517193144,-1.134232687258266,False,4444,257.29,257.24895432813145,vertical,-0.0013669756551125678,6
2020-01-15 09:30:00-05:00,GLD,-1,1.0,0.1,4439,145.99,145.9652756427003,5.68449419207125,-3.3512376559651442,False,4444,146.53,146.55481580981657,vertical,-0.00403890695592124,6
2020-01-15 09:30:00-05:00,IWM,1,1.0,0.1,4439,154.0,154.03116139747922,5.386824030326295,0.31056615336827104,False,4444,154.12,154.08881432091238,vertical,0.0003742938955344499,6
2020-01-15 09:30:00-05:00,QQQ,1,1.0,0.1,4439,211.68,211.71915499358033,3.919053812869072,-4.910338304863634,False,4444,210.5051529225932,210.4662152434959,lower,-0.005917932886716937,6
2020-01-15 09:30:00-05:00,SPY,1,1.0,0.1,4439,298.67,298.72061828545446,2.777641417580754,-1.086578385400976,False,4444,298.38,298.3294308634483,vertical,-0.0013095427568791118,6
2020-01-15 09:30:00-05:00,TLT,1,1.0,0.1,4439,113.93,113.95121304629693,7.281526360740862,1.2199091115661174,False,4444,114.14,114.11874785302967,vertical,0.0014702327623723477,6
2020-01-16 09:30:00-05:00,DIA,1,1.0,0.1,4446,258.74,258.7809849637475,3.2028766355235327,2.523521719393571,False,4451,259.61,259.5688772264107,vertical,0.003044629661539844,6
2020-01-16 09:30:00-05:00,IWM,1,1.0,0.1,4446,156.04,156.07126846069863,5.310673634121647,0.3050399533769335,False,4451,156.16,156.12870749280503,vertical,0.00036803078922154064,6
2020-01-16 09:30:00-05:00,QQQ,1,1.0,0.1,4446,212.34,212.3789964263527,3.9026626192085536,2.5830601691222292,False,4451,213.08,213.0408676720014,vertical,0.003116462817820187,6
2020-01-16 09:30:00-05:00,SPY,1,1.0,0.1,4446,299.89,299.94031759664017,2.7633616484089436,2.401919619307824,False,4451,300.86,300.8095196501212,vertical,0.0028979166937135314,6
2020-01-16 10:30:00-05:00,GLD,1,1.0,0.1,4447,145.93,145.9547678361418,5.675636706817509,1.8184826834755936,False,4451,146.3,146.27516936594571,vertical,0.0021952111229666116,5
2020-01-16 10:30:00-05:00,TLT,1,1.0,0.1,4447,113.45,113.47078934015542,7.300436021314271,2.1781509062671467,False,4451,113.79,113.76914835596048,vertical,0.0026293905025254194,5
2020-01-17 09:30:00-05:00,GLD,1,1.0,0.1,4453,146.45,146.47500872447176,5.666663516126315,0.5664223230475107,False,4458,146.6,146.5749656605834,vertical,0.0006824163178555942,6
2020-01-17 09:30:00-05:00,SPY,1,1.0,0.1,4453,301.68,301.7306577128148,2.750879192240583,0.24387278473837318,False,4458,301.87,301.8193103826326,vertical,0.0002938139282557817,6
2020-01-17 09:30:00-05:00,TLT,-1,1.0,0.1,4453,112.34,112.3195247351223,7.389851318554406,-4.219953374674683,False,4458,112.87,112.89057186351029,vertical,-0.00508413056175816,6
2020-01-21 09:30:00-05:00,DIA,1,1.0,0.1,4460,259.4,259.44104012086143,3.197965987763725,-2.2129404408510394,False,4465,258.79,258.74905638828943,vertical,-0.002667209984394292,6
2020-01-21 09:30:00-05:00,GLD,-1,1.0,0.1,4460,146.48,146.45487674297345,5.665114338204276,-1.7011737422637299,False,4465,146.73,146.75516613533247,vertical,-0.0020503884816756024,6
2020-01-21 09:30:00-05:00,IWM,1,1.0,0.1,4460,154.74,154.77138950077173,5.360704099205763,-2.3195978163550346,False,4465,154.37,154.33868555490412,vertical,-0.0027957618476085466,6
2020-01-21 09:30:00-05:00,TLT,-1,1.0,0.1,4460,113.87,113.84930723446102,7.287559690002418,-1.1762656086491208,False,4465,113.99,114.01071457226476,vertical,-0.0014177278871916332,6
2020-01-22 09:30:00-05:00,DIA,1,1.0,0.1,4467,259.76,259.8014685791943,3.190677207904479,-3.5185968999437907,False,4472,258.74,258.6986942555407,vertical,-0.004244680869913697,6
2020-01-22 09:30:00-05:00,QQQ,1,1.0,0.1,4467,215.57,215.6097991796684,3.84464262537987,-5.03670068107182,False,4471,214.33931422519996,214.29974225842878,lower,-0.006076054642340067,5
2020-01-22 09:30:00-05:00,SPY,1,1.0,0.1,4467,302.5,302.55100737090055,2.7398442053757144,-3.7632879495491274,False,4471,301.22825944770943,301.17746651694785,lower,-0.004539865412739652,5
2020-01-22 09:30:00-05:00,TLT,1,1.0,0.1,4467,114.47,114.49074384022683,7.2402588765826,-0.7347183560535265,False,4472,114.41,114.3892670327566,vertical,-0.0008863319781713397,6
2020-01-22 14:30:00-05:00,IWM,-1,1.0,0.1,4472,154.14,154.1085087051817,5.37071957051094,-1.0365980141027042,False,4472,154.27,154.30151785423396,vertical,-0.001252423702454486,1
2020-01-22 14:30:00-05:00,QQQ,1,1.0,0.1,4472,214.55,214.58961086421053,3.8570067784358666,-0.18986990293102785,False,4472,214.58,214.54038359709952,vertical,-0.00022940191238873808,1
2020-01-22 14:30:00-05:00,SPY,-1,1.0,0.1,4472,301.28,301.2291983447771,2.7476539068362382,-0.3341330771860765,False,4472,301.3,301.35080502761105,vertical,-0.0004037015120119669,1
2020-01-23 09:30:00-05:00,DIA,-1,1.0,0.1,4474,257.8,257.7585778058101,3.210295622095922,-2.5135229843343834,False,4479,258.5,258.54153466717645,vertical,-0.003037558897287962,6
2020-01-23 09:30:00-05:00,GLD,1,1.0,0.1,4474,147.04,147.06527521746364,5.626625542053191,0.10936771700246314,False,4479,147.11,147.0847127499927,vertical,0.00013216942272964438,6
2020-01-23 09:30:00-05:00,IWM,-1,1.0,0.1,4474,153.6,153.5681818228145,5.388363813816609,-5.690663214904982,False,4478,154.59226036179345,154.6242840853071,upper,-0.006877090357891413,5
2020-01-23 09:30:00-05:00,SPY,-1,1.0,0.1,4474,300.51,300.45912987778496,2.7540558818240943,-3.3377178345767464,False,4479,301.62,301.67105802223716,vertical,-0.004033587346622403,6
2020-01-23 09:30:00-05:00,TLT,1,1.0,0.1,4474,115.22,115.24067630848086,7.180461451585274,-0.440514330272314,False,4479,115.2,115.17932728053293,vertical,-0.0005323556743428437,6
2020-01-23 13:30:00-05:00,QQQ,1,1.0,0.1,4478,214.97,215.00999903485243,3.8441038928077456,0.6533262658655347,False,4479,215.22,215.1799544481512,vertical,0.0007904535326805906,2
2020-01-23 14:30:00-05:00,IWM,1,1.0,0.1,4479,154.59,154.62202325528065,5.345000165766931,-2.0523743539407375,False,4479,154.27,154.2380430325885,vertical,-0.002483347550421011,1
2020-01-24 09:30:00-05:00,GLD,1,1.0,0.1,4481,148.28,148.30581745599943,5.570611039983357,-2.0142267595548997,False,4486,147.97,147.94423651898953,vertical,-0.002438076558373581,6
2020-01-24 09:30:00-05:00,IWM,-1,1.0,0.1,4481,153.44,153.4074591914255,5.38535758540432,5.173633143752336,False,4482,152.41445071075347,152.44677402582494,lower,0.006262310650760328,2
2020-01-24 09:30:00-05:00,TLT,1,1.0,0.1,4481,116.02,116.04085311130183,7.119510085139864,0.6996243897549841,False,4486,116.16,116.13912172548854,vertical,0.0008468449821930069,6
2020-01-24 10:30:00-05:00,SPY,-1,1.0,0.1,4482,300.68,300.6284966702212,2.7479595871945053,3.289672458633298,False,4482,299.3800832375811,299.43136390525507,lower,0.003982100094387708,1
2020-01-24 11:30:00-05:00,DIA,-1,1.0,0.1,4483,257.04,256.99817303490846,3.2181587067440915,4.058092758530861,False,4484,255.69556651230715,255.73717470377377,lower,0.004906643172764569,2
2020-01-24 11:30:00-05:00,IWM,-1,1.0,0.1,4483,152.33,152.29769459482435,5.430554351922027,5.360172199081478,False,4484,151.27857257056533,151.3106549941279,lower,0.006480988456997849,2
2020-01-24 11:30:00-05:00,QQQ,-1,1.0,0.1,4483,214.04,213.9996093422461,3.8647776540886585,4.463177157851143,False,4484,212.8046176740267,212.84477520757616,lower,0.005396431041250316,2
2020-01-24 11:30:00-05:00,SPY,-1,1.0,0.1,4483,299.28,299.22873647553473,2.7639755389510747,3.6112099628348893,False,4484,297.8711867978781,297.9222090074207,lower,0.00436631683007116,2
2020-01-24 13:30:00-05:00,DIA,-1,1.0,0.1,4485,255.84,255.79836830552046,3.240973854945783,-4.700422426124481,False,4485,257.2068259321326,257.24868004405903,upper,-0.005669745855479302,1
2020-01-24 13:30:00-05:00,IWM,-1,1.0,0.1,4485,151.36,151.32790030770443,5.47840697009774,-5.283322279611674,False,4486,152.26,152.29229055991627,vertical,-0.006372851604039331,2
2020-01-24 13:30:00-05:00,QQQ,-1,1.0,0.1,4485,212.71,212.66986032138462,3.898229032375123,-3.2371708100931156,False,4486,213.46,213.5002812082048,vertical,-0.0039047417700150966,2
2020-01-24 13:30:00-05:00,SPY,-1,1.0,0.1,4485,297.81,297.75898827111405,2.7842512114567444,-4.322594666339128,False,4485,299.2602441710328,299.3115043115318,upper,-0.0052140022688556,1
2020-01-24 14:30:00-05:00,DIA,-1,1.0,0.1,4486,257.12,257.0781600168676,3.215922092558197,0.2776874666552764,False,4486,256.95,256.99181231979566,vertical,0.0003358811073889134,1
2020-01-24 14:30:00-05:00,SPY,-1,1.0,0.1,4486,299.06,299.0087741592269,2.7649467365536307,0.15919381232230634,False,4486,298.9,298.95119843445156,vertical,0.00019255530188788672,1
2020-01-27 09:30:00-05:00,DIA,-1,1.0,0.1,4488,253.88,253.83720364091548,3.2576292395053357,2.9141854666878015,False,4493,252.9,252.94263116122767,vertical,0.00352419766234624,6
2020-01-27 09:30:00-05:00,GLD,1,1.0,0.1,4488,148.72,148.7464130772897,5.559176046989782,1.207041061794644,False,4493,148.99,148.9635389699745,vertical,0.0014597050657751964,6
2020-01-27 09:30:00-05:00,IWM,-1,1.0,0.1,4488,150.82,150.78657860520792,5.483959542711956,1.0047305403516182,False,4493,150.57,150.6033659953179,vertical,0.001215045872018372,6
2020-01-27 09:30:00-05:00,QQQ,-1,1.0,0.1,4488,209.7,209.65866905277733,3.9440653724972337,2.395917568487334,False,4493,209.01,209.051194951259,vertical,0.002897443278939371,6
2020-01-27 09:30:00-05:00,SPY,-1,1.0,0.1,4488,295.06,295.0074550317072,2.803005424273231,2.256621514588867,False,4493,294.15,294.2023829133848,vertical,0.0027289890631267966,6
2020-01-27 09:30:00-05:00,TLT,1,1.0,0.1,4488,117.46,117.48133409235434,7.038628757866067,3.077602652107646,False,4493,117.94,117.91857872592992,vertical,0.0037218221682080443,6
2020-01-28 09:30:00-05:00,DIA,-1,1.0,0.1,4495,254.46,254.41586643261516,3.255273022662186,-0.9385011461103208,False,4500,254.66,254.70416825540445,vertical,-0.0011331912071044226,6
2020-01-28 09:30:00-05:00,GLD,1,1.0,0.1,4495,147.765,147.79145995965303,5.603795420665135,-0.7167617985528181,False,4500,147.69,147.6635534704351,vertical,-0.000865452504852815,6
2020-01-28 09:30:00-05:00,IWM,-1,1.0,0.1,4495,152.16,152.12570529567387,5.444136511483245,1.369106229681356,False,4500,151.84,151.87422258086804,vertical,0.001653124396807537,6
2020-01-28 09:30:00-05:00,QQQ,-1,1.0,0.1,4495,211.14,211.09678168038926,3.9232862762883927,-4.6948548424015435,False,4500,212.25,212.29344552589458,vertical,-0.005668792465614914,6
2020-01-28 09:30:00-05:00,SPY,-1,1.0,0.1,4495,296.71,296.65567375080605,2.7917656051001716,-1.6994706902391457,False,4500,297.21,297.26441779691595,vertical,-0.0020520222600606264,6
2020-01-28 09:30:00-05:00,TLT,1,1.0,0.1,4495,117.01,117.03135705467925,7.07667694691749,-0.3022739530052034,False,4500,117.01,116.98864294532078,vertical,-0.0003649800398239922,6
2020-01-29 09:30:00-05:00,TLT,1,1.0,0.1,4502,117.6,117.62147836172753,7.035235761706864,3.707141308791701,False,4507,118.17,118.14841753396819,vertical,0.004479957058694195,6
2020-01-29 10:30:00-05:00,DIA,-1,1.0,0.1,4503,255.92,255.87476223474732,3.2337322622383557,3.5239049291001625,False,4507,254.74,254.78502918224626,vertical,0.0042588532099985255,5
2020-01-29 10:30:00-05:00,SPY,-1,1.0,0.1,4503,298.2,298.1444700127224,2.77526688217884,3.105992862956865,False,4507,296.97,297.0253009400463,vertical,0.003753781086828001,5
2020-01-29 13:30:00-05:00,QQQ,1,1.0,0.1,4506,213.43,213.47444517294855,3.8768659568639734,-3.833068722036286,False,4507,212.53,212.48574224520098,vertical,-0.004631481426015882,2
2020-01-29 14:30:00-05:00,GLD,-1,1.0,0.1,4507,148.3,148.27346172491838,5.5839573528930995,-1.2458198148371897,False,4507,148.47,148.49656869657025,vertical,-0.0015046992837179918,1
2020-01-29 14:30:00-05:00,IWM,1,1.0,0.1,4507,151.23,151.26476213355207,5.4735331293270395,-1.803334871048961,False,4507,150.97,150.9352976307455,vertical,-0.0021780651234268866,1
2020-01-30 09:30:00-05:00,IWM,-1,1.0,0.1,4509,150.36,150.32478367016995,5.507011500518277,5.886807172928434,False,4509,149.2208683005639,149.2558178304628,lower,0.007111041929403927,1
2020-01-30 09:30:00-05:00,QQQ,1,1.0,0.1,4509,211.92,211.96468047284486,3.9055578063186047,5.312860500595596,False,4514,213.37,213.32501381421807,vertical,0.006417735909296729,6
2020-01-30 09:30:00-05:00,SPY,1,1.0,0.1,4509,295.71,295.7657080118553,2.798973275331045,5.425616229831098,False,4514,297.7602331418467,297.704138892082,upper,0.00655394059459069,6
2020-01-30 10:30:00-05:00,DIA,1,1.0,0.1,4510,253.76,253.80525744783586,3.2630102951398174,5.181336274129602,False,4514,255.43871497253764,255.3931581301742,upper,0.006256374270200871,5
2020-01-30 10:30:00-05:00,GLD,1,1.0,0.1,4510,148.99,149.01690915020006,5.557551641190971,-3.2996338439454638,False,4514,148.45,148.42318837944023,vertical,-0.003984251009805817,5
2020-01-30 10:30:00-05:00,TLT,1,1.0,0.1,4510,118.58,118.60193873011734,6.982762481627106,-3.0989741176570282,False,4514,118.18,118.15813527470682,vertical,-0.003741957847926969,5
2020-01-30 11:30:00-05:00,IWM,-1,1.0,0.1,4511,149.64,149.60495230383233,5.534472049939128,-6.5513018931695415,False,4514,150.75337046136312,150.78867892383425,upper,-0.007912349168748722,4
2020-01-31 09:30:00-05:00,DIA,-1,1.0,0.1,4516,252.91,252.8639909859011,3.2773586317516696,6.378552168548521,False,4519,250.87210485944655,250.91774314266786,lower,0.007696816915864324,4
2020-01-31 09:30:00-05:00,GLD,1,1.0,0.1,4516,149.198,149.22571854853607,5.553506403437247,0.6471553666977111,False,4521,149.37,149.34224949667671,vertical,0.000780903917060094,6
2020-01-31 09:30:00-05:00,IWM,-1,1.0,0.1,4516,149.0,148.96472212794328,5.563236527941432,7.239506885313321,False,4519,147.62845691047434,147.66341005017114,lower,0.008735706408759425,4
2020-01-31 09:30:00-05:00,QQQ,-1,1.0,0.1,4516,211.65,211.60453742699016,3.9163904214613283,6.986485863825847,False,4521,209.77556803814886,209.8206279818182,lower,0.00843039316105143,6
2020-01-31 09:30:00-05:00,SPY,-1,1.0,0.1,4516,295.18,295.1233836373963,2.8080661494957466,6.093215334975544,False,4518,292.8973077379216,292.9534862736644,lower,0.007352509099712412,3
2020-01-31 09:30:00-05:00,TLT,1,1.0,0.1,4516,119.04,119.06254968221938,6.960425303579569,0.9387284655076168,False,4521,119.22,119.19741622047889,vertical,0.001132736856547023,6
2020-01-31 14:30:00-05:00,SPY,-1,1.0,0.1,4521,292.31,292.25393411154994,2.845866569504245,-0.9453228065145554,False,4521,292.53,292.58610808507507,vertical,-0.0011365936767795404,1
2020-02-03 09:30:00-05:00,DIA,-1,1.0,0.1,4523,253.74,253.69197620944186,3.2774383646971237,6.1757661296281,False,4528,251.76,251.8076490482814,vertical,0.0074276182846430006,6
2020-02-03 09:30:00-05:00,GLD,-1,1.0,0.1,4523,147.9989,147.9708860882656,5.619077087560885,-2.400458870027345,False,4528,148.37,148.39808415524732,vertical,-0.0028870413516812743,6
2020-02-03 09:30:00-05:00,IWM,-1,1.0,0.1,4523,149.93,149.89337965964222,5.547008263691313,2.0904967420045915,False,4528,149.48,149.5165104280443,vertical,0.002514248677651043,6
2020-02-03 09:30:00-05:00,QQQ,1,1.0,0.1,4523,213.61,213.65769524818617,3.891550990844611,-2.4332784819712954,False,4528,213.08,213.03242309122462,vertical,-0.002926513628424332,6
2020-02-03 09:30:00-05:00,SPY,-1,1.0,0.1,4523,296.51,296.45084668167,2.804713917843788,4.717675947208639,False,4528,294.71,294.7687942209201,vertical,0.005673967470756103,6
2020-02-03 09:30:00-05:00,TLT,1,1.0,0.1,4523,118.06,118.08239902017914,7.041352670202494,6.336556384821,False,4524,119.00488343244514,118.98230514356307,upper,0.007621001358806501,2
2020-02-04 09:30:00-05:00,DIA,1,1.0,0.1,4530,255.89,255.93911246775107,3.2543228090422076,-1.9139677725009099,False,4535,255.4,255.3509815769916,vertical,-0.0022979328367936924,6
2020-02-04 09:30:00-05:00,GLD,-1,1.0,0.1,4530,146.15,146.12214186112038,5.700084058591522,-1.799891815021325,False,4535,146.41,146.43790769834666,vertical,-0.002160971863705674,6
2020-02-04 09:30:00-05:00,IWM,1,1.0,0.1,4530,151.66,151.69735127510378,5.490593503635658,-0.13569927367636572,False,4535,151.71,151.67263641074777,vertical,-0.00016292218781854828,6
2020-02-04 09:30:00-05:00,QQQ,1,1.0,0.1,4530,216.57,216.6187878958255,3.845042710839914,5.083547568069556,False,4535,217.99,217.94089221309045,vertical,0.0061033686417855115,6
2020-02-04 09:30:00-05:00,SPY,1,1.0,0.1,4530,299.24,299.30017473347215,2.7828533417046253,-0.4462066655583343,False,4535,299.2,299.13983331020296,vertical,-0.0005357211148038221,6
2020-02-04 09:30:00-05:00,TLT,-1,1.0,0.1,4530,117.45,117.42764068649144,7.092950914798007,-0.9556741363377149,False,4535,117.54,117.56237644708213,vertical,-0.0011473939168240577,6
2020-02-05 09:30:00-05:00,DIA,1,1.0,0.1,4537,257.35,257.3989317245327,3.2358009283102853,7.188964145775909,False,4542,259.67,259.62062715791956,vertical,0.008631331212223259,6
2020-02-05 09:30:00-05:00,IWM,1,1.0,0.1,4537,153.0,153.0370043441287,5.442420320430643,5.201550756933172,False,4542,154.03,153.99274654165922,vertical,0.0062451705822821335,6
2020-02-05 09:30:00-05:00,SPY,1,1.0,0.1,4537,301.09,301.15012355892924,2.7657026747237508,3.842809331062811,False,4542,302.6,302.5395749147033,vertical,0.004613816323080888,6
2020-02-05 09:30:00-05:00,TLT,-1,1.0,0.1,4537,116.57,116.54797363903464,7.146342198963498,1.686538082264383,False,4542,116.29,116.31197345386173,vertical,0.0020249188192995593,6
2020-02-05 10:30:00-05:00,GLD,-1,1.0,0.1,4538,146.7601,146.7320840620469,5.680222636467619,0.7617429249390142,False,4542,146.57,146.59797964859513,vertical,0.000913940630701271,5
2020-02-06 09:30:00-05:00,GLD,-1,1.0,0.1,4544,147.28,147.25199683490555,5.668920494710327,-1.054595219591192,False,4549,147.41,147.43802788271708,vertical,-0.0012633516136293377,6
2020-02-06 09:30:00-05:00,SPY,1,1.0,0.1,4544,302.93,302.9910432523825,2.755064485682127,1.6193454196237786,False,4549,303.64,303.57881367592046,vertical,0.0019398937250048043,6
2020-02-06 10:30:00-05:00,QQQ,1,1.0,0.1,4545,220.33,220.38030856082923,3.788555084551228,0.755113502121968,False,4549,220.63,220.57962293933758,vertical,0.0009044110148042073,5
2020-02-06 11:30:00-05:00,DIA,1,1.0,0.1,4546,260.71,260.75993448279587,3.201901164228006,-1.1200925310843624,False,4549,260.46,260.41011340037204,vertical,-0.001341544601618616,4
2020-02-06 14:30:00-05:00,TLT,-1,1.0,0.1,4549,116.96,116.93793768261257,7.135402556869951,0.3988278199229074,False,4549,116.86,116.88204345425696,vertical,0.00047798199167248256,1
2020-02-07 09:30:00-05:00,IWM,1,1.0,0.1,4551,152.62,152.65718556061842,5.4685910759963425,-4.6711670083075365,False,4556,151.84,151.8030044848362,vertical,-0.005595420042923682,6
2020-02-07 09:30:00-05:00,TLT,1,1.0,0.1,4551,118.12,118.14229563720879,7.0662222884772685,0.6739925342213512,False,4556,118.26,118.23767793721376,vertical,0.000807350995598366,6
2020-02-07 10:30:00-05:00,DIA,1,1.0,0.1,4552,259.19,259.23974639843885,3.2196456759344043,-3.6359301136840756,False,4556,258.16,258.1104512897065,vertical,-0.004356180425345357,5
2020-02-07 13:30:00-05:00,GLD,1,1.0,0.1,4555,147.98,148.0082100903492,5.634417416004825,-1.5008969421130134,False,4556,147.77,147.7418299428916,vertical,-0.0017997660217293765,2
2020-02-07 13:30:00-05:00,QQQ,1,1.0,0.1,4555,219.4,219.4504731405173,3.8001286791976105,0.642189845675334,False,4556,219.67,219.61946474577286,vertical,0.0007700671720465291,2
2020-02-07 13:30:00-05:00,SPY,-1,1.0,0.1,4555,301.86,301.798875436789,2.76323109368057,-0.8352849005019167,False,4556,302.04,302.1011610119666,vertical,-0.0010016126625393973,2
2020-02-10 09:30:00-05:00,QQQ,1,1.0,0.1,4558,220.87,220.92136349878194,3.7745874811678966,5.15960121673673,False,4563,222.34,222.2882946515182,vertical,0.006187410448169839,6
2020-02-10 10:30:00-05:00,TLT,1,1.0,0.1,4559,118.71,118.73234589955284,7.023786652149537,-1.2268260468556311,False,4563,118.58,118.55767857156955,vertical,-0.0014711014648952636,5
2020-02-10 12:30:00-05:00,GLD,1,1.0,0.1,4561,148.355,148.38267932074206,5.621019436977087,-1.4632659924223155,False,4563,148.15,148.12235892711445,vertical,-0.0017543853151815725,3
2020-02-10 14:30:00-05:00,DIA,-1,1.0,0.1,4563,259.4,259.35004662653046,3.2158441063724315,-1.3827174421434572,False,4563,259.73,259.78001692247966,vertical,-0.0016578763009376107,1
2020-02-10 14:30:00-05:00,IWM,-1,1.0,0.1,4563,152.52,152.4823987410252,5.46967601387129,-1.614958792264738,False,4563,152.74,152.77765549630087,vertical,-0.0019363333585611375,1
2020-02-10 14:30:00-05:00,SPY,1,1.0,0.1,4563,303.81,303.8721245095313,2.744672023725503,1.0035914756888533,False,4563,304.3,304.237775292945,vertical,0.001203304791460802,1
2020-02-11 09:30:00-05:00,DIA,1,1.0,0.1,4565,260.85,260.90036465047285,3.1963717511247527,-3.8692558968825472,False,4570,259.74,259.68984966718875,vertical,-0.0046397596450500345,6
2020-02-11 09:30:00-05:00,GLD,1,1.0,0.1,4565,147.54,147.56711159257003,5.651222324723654,0.42809662869484905,False,4570,147.67,147.64286451894526,vertical,0.0005133455927794905,6
2020-02-11 09:30:00-05:00,IWM,1,1.0,0.1,4565,154.32,154.35804198757057,5.402598689960512,-3.381747966004156,False,4570,153.77,153.73209359494086,vertical,-0.004055171888485809,6
2020-02-11 09:30:00-05:00,QQQ,1,1.0,0.1,4565,224.0,224.05201847187791,3.722057766382455,-7.763606572544181,False,4569,222.01773940650773,221.9661812657322,lower,-0.009309611314247235,5
2020-02-11 09:30:00-05:00,SPY,1,1.0,0.1,4565,306.31,306.3727819251919,2.721960319668812,-4.315027353142227,False,4570,304.85,304.7875173193995,vertical,-0.005174299739783783,6
2020-02-11 09:30:00-05:00,TLT,1,1.0,0.1,4565,118.04,118.06220304718572,7.063518500443544,-0.6667727625839853,False,4570,117.99,117.96780635769703,vertical,-0.0007995504662144937,6
2020-02-12 09:30:00-05:00,DIA,1,1.0,0.1,4572,261.58,261.63095759122876,3.1799666663856767,1.647108372869961,False,4577,262.2,262.1489216284877,vertical,0.0019797505693810447,6
2020-02-12 09:30:00-05:00,QQQ,1,1.0,0.1,4572,223.5,223.5525131602457,3.7216209841412,3.6275381252021233,False,4577,224.58,224.52723308488606,vertical,0.004360138523433532,6
2020-02-12 09:30:00-05:00,SPY,1,1.0,0.1,4572,306.23,306.2936257927252,2.716275018395869,1.147990557372752,False,4577,306.78,306.71625993308214,vertical,0.0013798332866481466,6
2020-02-12 09:30:00-05:00,TLT,-1,1.0,0.1,4572,117.33,117.30791951999075,7.092255385987752,-1.0225598151851398,False,4577,117.43,117.45209929913483,vertical,-0.0012290711465521298,6
2020-02-12 12:30:00-05:00,IWM,1,1.0,0.1,4575,154.51,154.5483658294253,5.383393561391544,1.0938991942035712,False,4577,154.79,154.751564644769,vertical,0.0013147910963222653,3
2020-02-13 09:30:00-05:00,GLD,1,1.0,0.1,4579,148.43,148.45718519748914,5.60853366962666,-0.6413885783166912,False,4584,148.37,148.3428257916091,vertical,-0.0007703191039754032,6
2020-02-13 11:30:00-05:00,IWM,1,1.0,0.1,4581,155.25,155.28884485413417,5.361385498967269,-0.6309262367399836,False,4584,155.21,155.17116515420184,vertical,-0.0007578116769615395,4
2020-02-13 11:30:00-05:00,QQQ,1,1.0,0.1,4581,224.73,224.78331431470681,3.703848586317695,-2.209391547193186,False,4584,224.24,224.18680193151846,vertical,-0.0026537218076303493,4
2020-02-13 11:30:00-05:00,TLT,-1,1.0,0.1,4581,117.79,117.76784019894333,7.069530693149309,-0.5961532147306424,False,4584,117.83,117.8521673262459,vertical,-0.0007160454599499655,4
2020-02-14 09:30:00-05:00,GLD,1,1.0,0.1,4586,148.87,148.89727575187206,5.589218013009598,0.3098010887154029,False,4591,148.98,148.95270409408278,vertical,0.00037225894114456537,6
2020-02-14 09:30:00-05:00,TLT,1,1.0,0.1,4586,118.68,118.7026248716223,7.0109598386764524,-2.630419816993239,False,4591,118.35,118.32743803878918,vertical,-0.0031607290339105143,6
2020-02-14 11:30:00-05:00,DIA,-1,1.0,0.1,4588,260.97,260.91912612266856,3.1895371759894044,-0.8987568569047402,False,4591,261.15,261.20090896679733,vertical,-0.0010799623941568637,4
2020-02-14 11:30:00-05:00,IWM,1,1.0,0.1,4588,154.67,154.70866214695425,5.379215624684421,-0.6310588902383323,False,4591,154.63,154.59134785166137,vertical,-0.000758291705615366,4
2020-02-18 09:30:00-05:00,DIA,-1,1.0,0.1,4593,259.39,259.3394888442148,3.2075111120950854,-1.4789590434237345,False,4598,259.75,259.800581258781,vertical,-0.0017779491145799575,6
2020-02-18 09:30:00-05:00,GLD,1,1.0,0.1,4593,150.41,150.4375159061426,5.529433846753072,2.2940637135156425,False,4598,150.88,150.85239811236752,vertical,0.002757837390001683,6
2020-02-18 09:30:00-05:00,IWM,-1,1.0,0.1,4593,153.99,153.95160231092075,5.403219451999632,-2.0363123074953084,False,4598,154.29,154.32847249462978,vertical,-0.0024479783130020305,6
2020-02-18 09:30:00-05:00,SPY,-1,1.0,0.1,4593,305.49,305.4261549487567,2.7235201661509336,-2.091183760075639,False,4598,306.13,306.1939788063017,vertical,-0.0025139427161169348,6
2020-02-18 09:30:00-05:00,TLT,1,1.0,0.1,4593,119.39,119.41274755324055,6.966042648855413,-2.1973940096427342,False,4598,119.12,119.0973038902587,vertical,-0.0026416246962344125,6
2020-02-18 13:30:00-05:00,QQQ,1,1.0,0.1,4597,225.07,225.1235484499613,3.692092275445405,-0.6168844683006542,False,4598,225.01,224.9564658251842,vertical,-0.000742181908234385,2
2020-02-19 09:30:00-05:00,DIA,-1,1.0,0.1,4600,260.41,260.35866338874797,3.1926021376297316,-1.413493466328499,False,4605,260.75,260.80140363804753,vertical,-0.0017005013143676084,6
2020-02-19 09:30:00-05:00,GLD,1,1.0,0.1,4600,151.25,151.2776364693662,5.494676177424673,2.8276862472646362,False,4605,151.82,151.79225937997236,vertical,0.0034018439381842125,6
2020-02-19 09:30:00-05:00,QQQ,1,1.0,0.1,4600,226.92,226.974616302159,3.662178788216459,0.4786820388565221,False,4605,227.16,227.10532593337547,vertical,0.0005758777494415668,6
2020-02-19 09:30:00-05:00,SPY,1,1.0,0.1,4600,307.43,307.49501332463933,2.7032035944198234,0.10795892380396974,False,4605,307.6,307.534950724851,vertical,0.00012987983050471996,6
2020-02-19 10:30:00-05:00,IWM,-1,1.0,0.1,4601,155.21,155.171077987677,5.356412261016077,0.38669863522033543,False,4605,155.06,155.0988843968224,vertical,0.0004652515906368171,5
2020-02-19 10:30:00-05:00,TLT,1,1.0,0.1,4601,118.98,119.00274769263623,6.9843787711105625,0.8693603805678805,False,4605,119.15,119.12721980519746,vertical,0.0010459599881065262,5
2020-02-20 09:30:00-05:00,GLD,1,1.0,0.1,4607,152.54,152.56791330364325,5.45034205787632,-0.903702022582906,False,4612,152.43,152.40210682526325,vertical,-0.0010867716205177347,6
2020-02-20 09:30:00-05:00,TLT,1,1.0,0.1,4607,119.87,119.89299102618428,6.93574584672483,1.1373074415856914,False,4612,120.08,120.05696869588547,vertical,0.0013677002158147822,6
2020-02-20 10:30:00-05:00,DIA,-1,1.0,0.1,4608,258.9,258.8489652258825,3.213395812792778,-2.449249158906408,False,4612,259.56,259.61116487435277,vertical,-0.002944572901054876,5
2020-02-20 10:30:00-05:00,IWM,-1,1.0,0.1,4608,154.3,154.26144262231358,5.392042022056642,-6.422122098226232,False,4610,155.41364406176288,155.45247972327755,upper,-0.007720899537287718,3
2020-02-20 10:30:00-05:00,QQQ,-1,1.0,0.1,4608,224.32,224.26582875104225,3.7089207287391024,6.248785686316618,False,4608,222.52729149196963,222.58102981805428,lower,0.007512508447545363,1
2020-02-20 10:30:00-05:00,SPY,-1,1.0,0.1,4608,305.47,305.4052202525399,2.723542774792098,4.742679783158677,False,4608,303.5994730173902,303.6638560900032,lower,0.005701815316374592,1
2020-02-20 11:30:00-05:00,QQQ,-1,1.0,0.1,4609,223.2,223.14609922090153,3.7335370519307114,-7.208244514009176,False,4611,225.0224327692871,225.07677364939866,upper,-0.008652064433292583,3
2020-02-20 13:30:00-05:00,SPY,1,1.0,0.1,4611,305.85,305.9148603324735,2.7175549740821565,1.1146454454465415,False,4612,306.39,306.32502515198115,vertical,0.001340780958015264,2
2020-02-21 09:30:00-05:00,DIA,-1,1.0,0.1,4614,257.55,257.4986525042145,3.2278744627758766,-0.49291244079732005,False,4619,257.6,257.65135746423744,vertical,-0.0005930320742959516,6
2020-02-21 09:30:00-05:00,GLD,1,1.0,0.1,4614,154.78,154.80850705354592,5.369041665972937,-0.8429163972461908,False,4619,154.68,154.65151136424288,vertical,-0.001014128307876172,6
2020-02-21 09:30:00-05:00,IWM,-1,1.0,0.1,4614,153.8,153.76114395578182,5.405613559018395,-0.6904304806341407,False,4619,153.85,153.88886867622216,vertical,-0.0008306696812627745,6
2020-02-21 09:30:00-05:00,QQQ,-1,1.0,0.1,4614,222.39,222.33474283295013,3.738387055603139,7.262501140061296,False,4617,220.33731265369684,220.39205979022555,lower,0.008737649446826201,4
2020-02-21 09:30:00-05:00,SPY,-1,1.0,0.1,4614,303.85,303.78435391998863,2.736063638209852,1.3922353403194134,False,4619,303.21,303.2755078095121,vertical,0.0016750240883391943,6
2020-02-21 09:30:00-05:00,TLT,1,1.0,0.1,4614,121.56,121.58357052542611,6.83623059452539,-2.9195310119857933,False,4619,121.18,121.15650315670338,vertical,-0.0035125417593606656,6
2020-02-24 09:30:00-05:00,DIA,-1,1.0,0.1,4621,250.42,250.36889842987287,3.321276022890026,5.939047793568753,False,4626,248.53,248.5807158901992,vertical,0.007142191186236824,6
2020-02-24 09:30:00-05:00,GLD,1,1.0,0.1,4621,157.8,157.82941296556578,5.268626446795098,-9.306865110933025,False,4624,156.0920386116067,156.06294399971333,lower,-0.011192267224854002,4
2020-02-24 09:30:00-05:00,IWM,-1,1.0,0.1,4621,149.25,149.21158117210965,5.572920095748947,0.12922534753950382,False,4626,149.15,149.18839308663215,vertical,0.00015540405976099958,6
2020-02-24 09:30:00-05:00,QQQ,-1,1.0,0.1,4621,213.55,213.49505665472142,3.894910881132739,4.79252453411415,False,4626,212.21,212.26459858254074,vertical,0.005763403103851039,6
2020-02-24 09:30:00-05:00,SPY,-1,1.0,0.1,4621,294.88,294.81447773011234,2.820567787697867,4.539258452332678,False,4626,293.14,293.20513564227775,vertical,0.005458829906270335,6
2020-02-24 09:30:00-05:00,TLT,1,1.0,0.1,4621,123.29,123.3141135413944,6.743301276324629,-1.9432855237310298,False,4626,123.05,123.0259333987462,vertical,-0.002336959934042482,6
2020-02-24 13:30:00-05:00,GLD,1,1.0,0.1,4625,156.03,156.05908304827142,5.325264953955568,0.32916280738533893,False,4626,156.15,156.1208945844544,vertical,0.00039607778653838466,2
2020-02-25 09:30:00-05:00,IWM,-1,1.0,0.1,4628,147.16,147.12197469026358,5.655117991816985,11.535662216595055,False,4630,145.0446336397628,145.08211235082393,lower,0.013865109843272383,3
2020-02-25 09:30:00-05:00,QQQ,-1,1.0,0.1,4628,211.46,211.4038756074295,3.9355575846089805,11.97896662957381,False,4631,208.30480987433774,208.36009683605016,lower,0.014397932689898085,4
2020-02-25 09:30:00-05:00,SPY,-1,1.0,0.1,4628,291.19,291.12364052183153,2.857865216892824,9.87581065634685,False,4630,287.6024385660515,287.66798047251535,lower,0.011870077068018237,3
2020-02-25 09:30:00-05:00,TLT,1,1.0,0.1,4628,123.85,123.8744249530608,6.716415647360751,-0.9324544707060773,False,4633,123.76,123.7355927961986,vertical,-0.0011207491531427527,6
2020-02-25 10:30:00-05:00,DIA,-1,1.0,0.1,4629,245.68,245.62916075576652,3.3918898515986595,9.865925280864053,False,4631,242.67026340857709,242.72047983966482,lower,0.011841757335131153,3
2020-02-25 11:30:00-05:00,GLD,1,1.0,0.1,4630,154.88,154.9092512353336,5.382362118500274,-9.384542207615603,False,4633,153.19461098664772,153.16567806039635,lower,-0.01125544898728148,4
2020-02-25 12:30:00-05:00,IWM,-1,1.0,0.1,4631,145.08,145.04251215047188,5.761990888502926,5.619644447176051,False,4633,144.03,144.0672165354807,vertical,0.006724205203915479,3
2020-02-25 12:30:00-05:00,SPY,-1,1.0,0.1,4631,287.86,287.7943993976937,2.9039259805112496,9.644773001704381,False,4631,284.40829792608804,284.47311191776754,lower,0.011540486843653275,1
2020-02-25 13:30:00-05:00,DIA,-1,1.0,0.1,4632,240.73,240.6801850730042,3.482457392865592,-0.3817885018575136,False,4633,240.74,240.78981699632354,vertical,-0.00045550872119393127,2
2020-02-25 13:30:00-05:00,QQQ,-1,1.0,0.1,4632,206.46,206.40520267620303,4.0607430382392,-0.6887449511631568,False,4633,206.52,206.57481324862226,vertical,-0.0008217359360136456,2
2020-02-25 13:30:00-05:00,SPY,-1,1.0,0.1,4632,284.22,284.15522891965713,2.949650066304871,-0.6476330466136626,False,4633,284.31,284.37479159050133,vertical,-0.0007726856608585297,2
2020-02-26 09:30:00-05:00,DIA,-1,1.0,0.1,4635,243.51,243.4572586975721,3.436499254299402,10.815058692767611,False,4638,240.25810661613372,240.31014359803092,lower,0.012926766350600305,4
2020-02-26 09:30:00-05:00,QQQ,-1,1.0,0.1,4635,210.07,210.01203753079025,3.9837749197844032,13.364618447292369,False,4638,206.60026999451424,206.65727509656728,lower,0.01597414354751514,4
2020-02-26 09:30:00-05:00,SPY,-1,1.0,0.1,4635,287.61,287.54140429382437,2.9096355358724657,10.783261384476612,False,4638,283.7676727216917,283.83535202317694,lower,0.012888760419561662,4
2020-02-26 09:30:00-05:00,TLT,1,1.0,0.1,4635,123.13,123.1547941190721,6.7934073858227375,-0.7443954689850614,False,4640,123.07,123.04521796285061,vertical,-0.0008897433267237576,6
2020-02-26 10:30:00-05:00,IWM,-1,1.0,0.1,4636,145.49,145.45182496721355,5.746080379431313,11.382421908071212,False,4636,143.43328763008464,143.4709230033608,lower,0.013618955721588666,1
2020-02-26 11:30:00-05:00,GLD,-1,1.0,0.1,4637,154.5,154.4699716543271,5.437313453217413,2.6645565760831875,False,4640,153.95,153.97992144864943,vertical,0.0031724625856364153,4
2020-02-26 11:30:00-05:00,IWM,-1,1.0,0.1,4637,143.74,143.70228414865127,5.844734201478371,7.6269713082462385,False,4640,142.36,142.39735375398644,vertical,0.009080790903190916,4
2020-02-27 09:30:00-05:00,DIA,-1,1.0,0.1,4642,232.61,232.55735817959024,3.6216008981421868,-15.059876829665663,False,4643,236.66214731425885,236.7157061735371,upper,-0.01788095645090526,2
2020-02-27 09:30:00-05:00,GLD,-1,1.0,0.1,4642,155.85,155.81944278327546,5.405165890781745,9.705966325359974,False,4647,153.9935662167463,154.0237594459864,lower,0.01152412885846743,6
2020-02-27 09:30:00-05:00,IWM,-1,1.0,0.1,4642,137.81,137.77252058533242,6.113192483337958,-16.237236390711754,False,4642,140.3904370666306,140.42861826832993,upper,-0.019278863968757776,1
2020-02-27 09:30:00-05:00,QQQ,-1,1.0,0.1,4642,200.57,200.51223808070176,4.200391683393406,-17.778908828639167,False,4644,204.68596960781585,204.74491688037884,upper,-0.021109328987557907,3
2020-02-27 09:30:00-05:00,SPY,-1,1.0,0.1,4642,275.08,275.0111631481527,3.0625299991879094,-14.94894098211912,False,4643,279.8223785855128,279.89240218453216,upper,-0.017749239632683045,2
2020-02-27 09:30:00-05:00,TLT,1,1.0,0.1,4642,125.08,125.10518361005724,6.732174582613147,-9.581398520060594,False,4644,123.70686584984604,123.68195870664995,lower,-0.011376226486692675,3
2020-02-27 10:30:00-05:00,IWM,-1,1.0,0.1,4643,139.87,139.8319603386579,5.995741601617955,-17.021177279754756,False,4644,142.63204722413013,142.67083806400242,upper,-0.020302066269178187,2
2020-02-27 11:30:00-05:00,DIA,-1,1.0,0.1,4644,236.55,236.49646652070876,3.530295706989556,14.64862481751007,False,4646,232.2944916241567,232.34706204206762,lower,0.017545312789177814,3
2020-02-27 11:30:00-05:00,SPY,-1,1.0,0.1,4644,279.87,279.79996448405376,2.9839262560872832,14.475523286853273,False,4646,274.88001111273036,274.94879791875314,lower,0.017337981347660625,3
2020-02-27 14:30:00-05:00,DIA,-1,1.0,0.1,4647,232.4,232.347405704556,3.6018679191843987,12.302568944766174,False,4647,228.88,228.9317976864941,vertical,0.014700435357582808,1
2020-02-27 14:30:00-05:00,IWM,-1,1.0,0.1,4647,139.37,139.33209632086044,6.006402607951475,12.161546370423888,False,4647,137.27,137.30733255388884,vertical,0.014531926386213811,1
2020-02-27 14:30:00-05:00,QQQ,-1,1.0,0.1,4647,200.04,199.9823907147808,4.1847917895258355,11.908385282346371,False,4647,197.08,197.13675683828734,vertical,0.014229422232240219,1
2020-02-27 14:30:00-05:00,SPY,-1,1.0,0.1,4647,274.81,274.74123071377,3.046083270933742,12.591076477096825,False,4647,270.54,270.60770074850507,vertical,0.015045175252822895,1
2020-02-28 09:30:00-05:00,DIA,-1,1.0,0.1,4649,219.79,219.73560977735934,3.831634541953378,-20.366371859250176,False,4650,224.99525356515454,225.05093190327048,upper,-0.024189625574556395,2
2020-02-28 09:30:00-05:00,GLD,-1,1.0,0.1,4649,151.17,151.1394131157733,5.5706617828083305,11.063424216155154,False,4649,149.12322422369962,149.15339697487275,lower,0.01314029279298079,1
2020-02-28 09:30:00-05:00,IWM,-1,1.0,0.1,4649,133.12,133.08128462043643,6.3265586511390355,-19.902841197293093,False,4650,136.18759611069686,136.2272036413104,upper,-0.02363907915261354,2
2020-02-28 09:30:00-05:00,QQQ,-1,1.0,0.1,4649,191.08,191.0201764488065,4.4076315296764506,-20.34862266860169,False,4650,195.57562502500778,195.63685607177294,upper,-0.02416854443752281,2
2020-02-28 09:30:00-05:00,SPY,-1,1.0,0.1,4649,260.41,260.33905550072603,3.2340385920996413,-19.894952911338198,False,4650,266.4182105569683,266.490791896185,upper,-0.023629710047257113,2
2020-02-28 09:30:00-05:00,TLT,1,1.0,0.1,4649,126.76,126.78646514038786,6.640665875398052,2.768969021531509,False,4654,127.23,127.20343673231659,vertical,0.0032887705439774706,6
2020-02-28 10:30:00-05:00,GLD,-1,1.0,0.1,4650,149.34,149.30978338764032,5.6118359189387546,11.552444199024391,False,4651,147.22140991247824,147.25119786128212,lower,0.013787345207069701,2
2020-02-28 11:30:00-05:00,IWM,-1,1.0,0.1,4651,135.34,135.30063897633613,6.171629049131031,-1.9057307821757512,False,4654,135.57,135.60942791471928,vertical,-0.0022822430161408835,4
2020-02-28 12:30:00-05:00,GLD,-1,1.0,0.1,4652,147.51,147.4801536595073,5.672667236318348,-12.598182339573826,False,4653,149.6707270590342,149.70101058883958,upper,-0.015058683315855914,2
2020-02-28 14:30:00-05:00,GLD,-1,1.0,0.1,4654,149.01,148.97985015797698,5.616888206547414,2.442225640339307,False,4654,148.515,148.54504968651798,vertical,0.0029185186520052087,1
2020-02-28 14:30:00-05:00,QQQ,-1,1.0,0.1,4654,192.99,192.9295784637595,4.337350291379658,-20.558883998525367,False,4654,197.6076751654727,197.66954240888643,upper,-0.02456836314509081,1
2020-03-02 09:30:00-05:00,GLD,-1,1.0,0.1,4656,150.24,150.20773308402522,5.5467963143154355,5.467430953547471,False,4661,149.19,149.2220414083751,vertical,0.00656218994463309,6
2020-03-02 09:30:00-05:00,TLT,1,1.0,0.1,4656,128.17,128.19759668504483,6.499121058400803,-10.488574009078699,False,4661,126.61101270201269,126.58375168741686,lower,-0.012588730517256508,6
2020-03-02 10:30:00-05:00,DIA,-1,1.0,0.09550201238253861,4657,231.13,231.06600143931806,3.4425530401671347,-21.275213626877978,False,4661,237.18039606584927,237.24606994622044,upper,-0.02674590146714162,5
2020-03-02 10:30:00-05:00,IWM,-1,1.0,0.1,4657,136.77,136.7264721699671,6.091883060635047,-15.277381746551196,False,4661,139.19,139.23429800879052,vertical,-0.01834191871568147,5
2020-03-02 10:30:00-05:00,QQQ,-1,1.0,0.09217530804758865,4657,202.41,202.3393612163525,3.7943587421243303,-19.85608388669318,False,4661,207.5,207.57241513564966,vertical,-0.025862757932213043,5
2020-03-02 10:30:00-05:00,SPY,-1,1.0,0.0957369477002455,4657,274.22,274.136249798113,2.9088228700728846,-20.273265578620567,False,4661,281.02,281.1058270065432,vertical,-0.025423770893353126,5
2020-03-03 09:30:00-05:00,GLD,-1,1.0,0.1,4663,152.76,152.72743549312256,5.401789068211461,-6.673253685811282,False,4668,153.93,153.96281392081463,vertical,-0.008088778703730037,6
2020-03-03 10:30:00-05:00,DIA,1,1.0,0.09441415835435797,4664,232.63,232.69790995633912,3.3447662083166323,-7.375930730906408,False,4668,230.56,230.49269432345977,vertical,-0.009476731584280751,5
2020-03-03 10:30:00-05:00,IWM,1,1.0,0.1,4664,137.46,137.5057600861509,5.99515246730559,-7.560670721360918,False,4668,136.29,136.24462940388838,vertical,-0.009171475300179366,5
2020-03-03 10:30:00-05:00,QQQ,1,1.0,0.0914115135553883,4664,203.86,203.93430887350894,3.6951470664679045,-11.37199887393602,False,4668,200.93,200.85675913884947,vertical,-0.01509088760816768,5
2020-03-03 10:30:00-05:00,SPY,1,1.0,0.09475512022072047,4664,275.82,275.9085872629298,2.8311220546797817,-8.28468780072699,False,4668,273.07,272.9822959760414,vertical,-0.010606017434679371,5
2020-03-03 10:30:00-05:00,TLT,1,1.0,0.1,4664,127.9,127.92773978241323,6.444012832958278,10.03236034655755,False,4666,129.51267917294015,129.4845896221973,upper,0.012169759603601449,3
2020-03-03 13:30:00-05:00,TLT,1,1.0,0.1,4667,129.17,129.1980152282589,6.361622486408207,-10.674740615445321,False,4667,127.54768833188486,127.52002496111365,lower,-0.012987740285179128,1
2020-03-03 14:30:00-05:00,TLT,1,1.0,0.1,4668,127.57,127.59766820987063,6.461109116440729,3.8412754168829735,False,4668,128.22,128.1921908139091,vertical,0.004659353202760785,1
2020-03-04 09:30:00-05:00,DIA,1,1.0,0.09040518086706036,4670,236.23,236.3050590168544,3.141712203346335,14.415356535962491,False,4675,240.97,240.8934349096584,vertical,0.01941717165046697,6
2020-03-04 09:30:00-05:00,IWM,1,1.0,0.1,4670,138.43,138.47936886960673,5.930086434532274,9.847706623022777,False,4675,140.19,140.1400034542356,vertical,0.01199192773757174,6
2020-03-04 09:30:00-05:00,QQQ,1,1.0,0.08806889092873164,4670,205.36,205.44069845406523,3.5203200029399024,12.698222424343978,False,4675,209.13,209.0478200832749,vertical,0.017557970043682536,6
2020-03-04 09:30:00-05:00,SPY,1,1.0,0.09129464199758959,4670,278.91,279.00691636042785,2.6870541577133715,14.49457431524446,False,4675,284.5,284.4011412120695,vertical,0.019333659975200312,6
2020-03-04 11:30:00-05:00,TLT,1,1.0,0.1,4672,128.68,128.70909043185,6.375546144395524,-10.98248934701062,False,4674,127.01520865493293,126.98649457915354,lower,-0.013383637837208973,3
2020-03-04 14:30:00-05:00,TLT,-1,1.0,0.1,4675,127.01,126.98128710173089,6.488380562297272,0.9253690534860527,False,4675,126.81,126.8386676846666,vertical,0.00112315302765853,1
2020-03-05 09:30:00-05:00,DIA,1,1.0,0.09067957592689856,4677,234.82,234.8973731988198,3.1861140679131577,-8.29644707033822,False,4682,232.37,232.29343407627223,vertical,-0.011085433128039113,6
2020-03-05 09:30:00-05:00,GLD,1,1.0,0.1,4677,155.95,155.9848253305957,5.291120460003267,7.72507647128943,False,4682,157.48,157.44483300376908,vertical,0.009359934019729232,6
2020-03-05 09:30:00-05:00,IWM,-1,1.0,0.1,4677,136.96,136.91002660832976,6.028298446817601,7.4783583175763955,False,4682,135.62,135.66948445807768,vertical,0.009061002915447536,6
2020-03-05 09:30:00-05:00,QQQ,1,1.0,0.09217290181810134,4677,205.41,205.49304859501927,3.70199753351596,-10.23619344680464,False,4682,202.81,202.72800260184087,vertical,-0.013455666807628552,6
2020-03-05 09:30:00-05:00,SPY,1,1.0,0.09248921411679523,4677,277.81,277.9102117090925,2.746733878148168,-8.293505265484397,False,4682,274.99,274.8908055221794,vertical,-0.01086468240351568,6
2020-03-05 09:30:00-05:00,TLT,1,1.0,0.1,4677,128.75,128.7793767649918,6.408902741181108,7.37645725844241,False,4682,129.96,129.93034715045954,vertical,0.00893753654024998,6
2020-03-06 09:30:00-05:00,DIA,-1,1.0,0.09414273763298428,4684,228.2,228.1210069276438,3.4043017350739793,-7.212573617458026,False,4689,230.16,230.23967154046235,vertical,-0.009287459499468964,6
2020-03-06 09:30:00-05:00,GLD,1,1.0,0.1,4684,155.285,155.32027529481877,5.311025066221578,12.295797612654894,False,4687,157.67123850377084,157.63542113942358,upper,0.01490562542598095,4
2020-03-06 09:30:00-05:00,QQQ,-1,1.0,0.09447636878789697,4684,199.06,198.97601770530994,3.9167780369846708,-2.225252216120993,False,4689,199.46,199.54415105244087,vertical,-0.0028552855448757963,6
2020-03-06 09:30:00-05:00,SPY,-1,1.0,0.09432803731166833,4684,269.49,269.38766022626567,2.888481582213361,-3.278521101828849,False,4689,270.42,270.5226929444998,vertical,-0.004213380513720555,6
2020-03-06 09:30:00-05:00,TLT,1,1.0,0.1,4684,135.29,135.32138867461555,6.095931200992474,16.563474150913873,False,4688,138.0705584725736,138.03852467972945,upper,0.020079131848457,5
2020-03-06 10:30:00-05:00,IWM,-1,1.0,0.1,4685,132.79,132.73921617677942,6.234292030671491,-1.8181708572831117,False,4689,132.98,133.03085648627055,vertical,-0.002197092297898884,5
2020-03-06 14:30:00-05:00,TLT,1,1.0,0.1,4689,137.2,137.23183181430448,6.06316389330966,-3.1137937438523617,False,4689,136.75,136.71827259033427,vertical,-0.003742274785526023,1
2020-03-09 09:30:00-04:00,DIA,-1,1.0,0.07195923430288981,4691,217.26,217.18069625972834,2.7369171034315523,13.693551686776397,False,4696,212.1,212.17742024906386,vertical,0.023037388206367138,6
2020-03-09 09:30:00-04:00,IWM,-1,1.0,0.06836285694092369,4691,123.94,123.89093680084004,4.558028099970935,17.24488703443299,False,4696,120.06,120.10752725263147,vertical,0.03053822697531583,6
2020-03-09 09:30:00-04:00,QQQ,-1,1.0,0.07547382221374158,4691,189.35,189.266651469544,3.2939619417827988,11.742792559338087,False,4696,185.62,185.70170665024153,vertical,0.01883556765876493,6
2020-03-09 09:30:00-04:00,SPY,-1,1.0,0.0721684935166499,4691,255.21,255.10785055470143,2.3367924850151818,12.894398910901932,False,4696,249.49,249.58985997847867,vertical,0.021630030452706728,6
2020-03-09 09:30:00-04:00,TLT,1,1.0,0.09342859387134467,4691,143.47,143.50582169610286,5.37782448408725,-15.654493744180183,False,4696,140.63,140.59488739720538,vertical,-0.020284433512821942,6
2020-03-10 09:30:00-04:00,DIA,-1,1.0,0.07235679254608175,4698,217.53,217.44476103415087,2.7619800030057338,-14.534843657651107,False,4703,222.62,222.70723347849642,vertical,-0.024201422095973424,6
2020-03-10 09:30:00-04:00,GLD,-1,1.0,0.1,4698,155.59,155.551740270084,5.3359935646459595,5.622848085110789,False,4703,154.46,154.49798186183452,vertical,0.00677432734869976,6
2020-03-10 09:30:00-04:00,QQQ,-1,1.0,0.07282538080945629,4698,191.73,191.63942699489402,3.1541916085495125,-13.35187988597754,False,4703,195.78,195.87248621989067,vertical,-0.02208866563303502,6
2020-03-10 09:30:00-04:00,SPY,-1,1.0,0.07164304956485447,4698,256.7,256.59031122680443,2.3175226195386056,-13.37615904732617,False,4703,262.25,262.3620603068584,vertical,-0.022494025797225925,6
2020-03-10 09:30:00-04:00,TLT,1,1.0,0.09087236343423764,4698,139.46,139.49691322526894,5.4070127933029175,-21.13877578662581,False,4702,135.62329996465527,135.58740226335516,lower,-0.02802578832407887,5
2020-03-10 10:30:00-04:00,IWM,-1,1.0,0.06698979173427927,4699,118.8,118.74998020540271,4.712272512790303,-21.37212371018986,False,4702,123.23351132032288,123.28539780957999,upper,-0.03819299671740861,4
2020-03-10 14:30:00-04:00,IWM,-1,1.0,0.06797643976225397,4703,122.57,122.51839287690412,4.574799247768369,-6.101556735457383,False,4703,123.8,123.8521250048076,vertical,-0.010885974722534275,1
2020-03-10 14:30:00-04:00,TLT,-1,1.0,0.08794196172166034,4703,134.6,134.56437315272336,5.388662377851259,6.784855849008264,False,4703,133.27,133.30527481379315,vertical,0.00935684765165301,1
2020-03-11 09:30:00-04:00,DIA,-1,1.0,0.0659603508399245,4705,214.27,214.1807042342004,2.532330578120963,11.277323976270077,False,4710,209.64,209.7273662404547,vertical,0.020792433238412067,6
2020-03-11 09:30:00-04:00,GLD,-1,1.0,0.1,4705,156.18,156.1403979519276,5.266262494187438,11.660077093050276,False,4709,153.88726866137475,153.9262893491149,lower,0.014180241832702278,5
2020-03-11 09:30:00-04:00,IWM,-1,1.0,0.06400699670177523,4705,119.09,119.03823980018232,4.421389117521996,20.117081177532036,False,4709,114.43855538704345,114.48829392507083,lower,0.03822255674100217,5
2020-03-11 09:30:00-04:00,QQQ,-1,1.0,0.06895476153272319,4705,190.37,190.27466505017054,2.9798958075865807,8.88282385087536,False,4710,187.2,187.29374745289738,vertical,0.01566639256196911,6
2020-03-11 09:30:00-04:00,SPY,-1,1.0,0.06665420264930877,4705,253.52,253.40610149745115,2.1628592305878436,8.31409904907036,False,4710,249.45,249.56206998051758,vertical,0.015169451304518966,6
2020-03-11 09:30:00-04:00,TLT,-1,1.0,0.08475401972002,4705,136.42,136.3800656836559,5.110074058374716,20.160812209618456,False,4707,132.39600206896807,132.43475843775062,lower,0.028928767750095785,3
2020-03-11 14:30:00-04:00,IWM,-1,1.0,0.06691865056897223,4710,114.89,114.84006525017169,4.843082941574018,-5.6680273181555645,False,4710,115.96,116.01039980494465,vertical,-0.010190995209062859,1
2020-03-12 09:30:00-04:00,DIA,-1,1.0,0.05360654480593176,4712,193.8,193.71243174661637,2.296190794304036,-21.16466990733507,False,4714,202.83807551398814,202.92972760889248,upper,-0.04758236618666123,3
2020-03-12 09:30:00-04:00,GLD,-1,1.0,0.1,4712,148.66,148.62141904301654,5.582982223614773,4.092595634216625,False,4717,147.85,147.88837074189428,vertical,0.004932319351022341,6
2020-03-12 09:30:00-04:00,IWM,-1,1.0,0.04903486534851761,4712,105.96,105.91074541655712,3.8416041428507013,11.420773705186058,False,4717,102.89,102.93782752067231,vertical,0.02807003089433502,6
2020-03-12 09:30:00-04:00,QQQ,-1,1.0,0.06122781618237907,4712,176.45,176.35658646915215,2.880744452911471,18.34066442431229,False,4717,169.9,169.98994592740746,vertical,0.03610095131240432,6
2020-03-12 09:30:00-04:00,SPY,-1,1.0,0.056994502562894726,4712,232.93,232.81731902961843,2.0312591394333315,14.479208511211118,False,4717,225.58,225.68912537371176,vertical,0.030617110812962478,6
2020-03-12 10:30:00-04:00,TLT,-1,1.0,0.08070342292875345,4713,131.59,131.54930937880536,5.100638538385254,-21.21348839698837,False,4714,135.6663450676736,135.70829618748522,upper,-0.03161542107913129,2
2020-03-12 12:30:00-04:00,TLT,-1,1.0,0.07445221364939718,4715,134.38,134.33844664734298,4.566729945102002,20.233257235473562,False,4716,129.86770971965962,129.90786776952373,lower,0.03298072136750341,2
2020-03-12 14:30:00-04:00,DIA,-1,1.0,0.05470969506479951,4717,190.87,190.78375566293428,2.383392861307869,5.0970169494902064,False,4717,188.56,188.64520056686285,vertical,0.01120931438130246,1
2020-03-12 14:30:00-04:00,TLT,-1,1.0,0.07064464947179207,4717,128.24,128.2003452750057,4.579971901673152,-6.089970218938574,False,4717,129.49,129.53004125342727,vertical,-0.010372015578969052,1
2020-03-13 09:30:00-04:00,DIA,-1,1.0,0.052054036671346504,4719,196.3,196.20325696419536,2.2080687299774473,-21.254506136151885,False,4724,205.7277030444046,205.82909235944095,upper,-0.049060528067595754,6
2020-03-13 09:30:00-04:00,IWM,-1,1.0,0.04910605569404683,4719,107.43,107.37681625774134,3.80617642756451,20.422514747221943,False,4720,101.96071528136275,102.01119142770952,lower,0.049970049560349006,2
2020-03-13 09:30:00-04:00,QQQ,-1,1.0,0.056792882844809836,4719,177.56,177.4578231234013,2.663564087450625,-21.375026580731596,False,4724,185.37612022078517,185.48279488264674,upper,-0.04522185394816325,6
2020-03-13 09:30:00-04:00,SPY,-1,1.0,0.054370768384604425,4719,235.74,235.61594023841977,1.920548098173699,-20.825833165412487,False,4724,246.33,246.4596328203532,vertical,-0.046022746045792484,6
2020-03-13 11:30:00-04:00,GLD,-1,1.0,0.1,4721,144.04,144.0003135474547,5.817599482129923,3.6116818870465406,False,4724,143.34,143.3794935858639,vertical,0.004311240345919121,4
2020-03-13 12:30:00-04:00,TLT,-1,1.0,0.0741467178166357,4722,126.39,126.34759052751305,4.900801923854885,0.31968610545865145,False,4724,126.24,126.28235914080824,vertical,0.0005162851656487222,3
2020-03-16 09:30:00-04:00,DIA,-1,1.0,0.03841377034220968,4726,186.03,185.93186427172768,1.7114030432191334,10.023550845239729,False,4731,179.98,180.0749441938099,vertical,0.031500356869214485,6
2020-03-16 09:30:00-04:00,GLD,-1,1.0,0.1,4726,139.02,138.97828241758964,5.960356658862613,-19.171107367976038,False,4726,142.15206123060707,142.19471869233337,upper,-0.02314344528362544,1
2020-03-16 09:30:00-04:00,IWM,-1,1.0,0.0362160916637055,4726,98.55,98.49744442163056,3.0457608938629024,10.101913806821711,False,4731,95.13,95.18073173181413,vertical,0.03367308369564215,6
2020-03-16 09:30:00-04:00,QQQ,-1,1.0,0.041776403469347245,4726,169.98,169.87591893035045,2.0371284682583233,14.721079395221604,False,4731,162.55,162.64953157943015,vertical,0.04253920977394765,6
2020-03-16 09:30:00-04:00,SPY,-1,1.0,0.04009900089548026,4726,223.57,223.4439077849434,1.4865660901581597,8.400797757358397,False,4731,217.67,217.79276464843838,vertical,0.025291104118820074,6
2020-03-16 09:30:00-04:00,TLT,-1,1.0,0.06933834620257878,4726,131.11,131.0623182061463,4.382428323636658,-21.14199565265079,False,4731,135.83718225846306,135.88658322347044,upper,-0.03680894007792612,6
2020-03-16 10:30:00-04:00,GLD,-1,1.0,0.09931860302428448,4727,142.76,142.7171601059926,5.717890217192071,20.063416135217814,False,4730,139.1665140957255,139.20827564457136,lower,0.02458628281851516,4
2020-03-17 10:30:00-04:00,QQQ,1,1.0,0.041142559291589886,4734,171.56,171.67271330808387,1.990734193330055,5.320571796149099,False,4738,174.46,174.34538141916352,vertical,0.015568392085020921,5
2020-03-17 10:30:00-04:00,SPY,1,1.0,0.04132315397333012,4734,225.92,226.05697429360825,1.5184440520504225,7.459970978938234,False,4738,231.11,230.96987903241947,vertical,0.021733037674078748,5
2020-03-17 11:30:00-04:00,GLD,-1,1.0,0.1,4735,144.1565,144.10874723899403,5.767812268639572,1.2175621452066623,False,4738,143.85,143.89765123092408,vertical,0.0014648382705031437,4
2020-03-17 11:30:00-04:00,IWM,-1,1.0,0.038067711012924436,4735,99.36,99.29960637672811,3.1864763248732197,-3.1906892726271012,False,4738,100.24,100.30092851043455,vertical,-0.010083847965193016,4
2020-03-17 11:30:00-04:00,TLT,1,1.0,0.07200965288902704,4735,131.45,131.50214400687403,4.551550264280285,-21.237997683079524,False,4737,126.88637572442629,126.8360420306416,lower,-0.035483086693921306,3
2020-03-17 13:30:00-04:00,DIA,-1,1.0,0.04087472006703587,4737,188.8,188.68970446720905,1.8001806705797776,-2.1803237716571986,False,4738,189.79,189.90087388330716,vertical,-0.006418842085306187,2
2020-03-17 14:30:00-04:00,TLT,1,1.0,0.07032292821514695,4738,127.12,127.17042636861035,4.586745873594076,-8.119412945174858,False,4738,125.45,125.40023609233663,vertical,-0.013919826541610614,1
2020-03-18 09:30:00-04:00,DIA,-1,1.0,0.03981242848818862,4740,181.35,181.2336334505637,1.8201949973371494,20.31765296023684,False,4743,169.96222444306542,170.0712838177164,lower,0.06159093883582123,4
2020-03-18 09:30:00-04:00,GLD,-1,1.0,0.1,4740,142.15,142.1000794865718,5.831009156753976,18.77476557332297,False,4742,138.831510254276,138.8802653740221,lower,0.022658777702189603,3
2020-03-18 09:30:00-04:00,IWM,-1,1.0,0.037498792304073575,4740,95.7,95.63683680475485,3.2488534524896187,20.331617629846573,False,4743,89.31979452404899,89.37874670399444,lower,0.06543597958531888,4
2020-03-18 09:30:00-04:00,SPY,-1,1.0,0.04145318121662579,4740,221.91,221.76195490985216,1.5488482444384313,20.283730494007695,False,4743,208.5268293067579,208.66594594522826,lower,0.0590543538901771,4
2020-03-18 10:30:00-04:00,QQQ,-1,1.0,0.04309121400682427,4741,166.88,166.76248900953374,2.1485757212706234,-5.299660261336319,False,4745,169.11,169.22908127755127,vertical,-0.014791049729873773,5
2020-03-18 10:30:00-04:00,TLT,-1,1.0,0.06930459706326501,4741,122.81,122.75751228419392,4.694337034726333,20.312392813998724,False,4743,118.3799186921218,118.43051303728474,lower,0.03524834583558367,3
2020-03-18 13:30:00-04:00,TLT,-1,1.0,0.06898501766505573,4744,117.26,117.20988429643009,4.943174330663841,-7.072693018159772,False,4745,118.59,118.64068413172741,vertical,-0.012207160205693457,2
2020-03-19 09:30:00-04:00,IWM,-1,1.0,0.03842489097703214,4747,94.42,94.34916683187178,3.410220435405747,-4.680831305923366,False,4752,95.65,95.72175590480262,vertical,-0.014547972377718654,6
2020-03-19 12:30:00-04:00,TLT,-1,1.0,0.06321775318529442,4750,125.52,125.46276438756371,4.218599105797922,15.30184682695907,False,4752,121.78,121.83553021735572,vertical,0.02891084209656969,3
2020-03-19 13:30:00-04:00,GLD,-1,1.0,0.1,4751,138.1899,138.13825743096044,6.061784916070255,0.10098733280596685,False,4752,138.07,138.12159776153894,vertical,0.0001206014157940638,2
2020-03-20 09:30:00-04:00,GLD,-1,1.0,0.1,4754,140.77,140.7150947908471,5.958307790734471,3.398945311325703,False,4759,140.09,140.14463998543889,vertical,0.004053970231524318,6
2020-03-20 09:30:00-04:00,TLT,-1,1.0,0.06275003120291314,4754,125.28,125.21889781677322,4.201532147929584,-21.494497702231197,False,4759,130.27123257783273,130.33476910977836,upper,-0.040855425037289006,6
2020-03-20 11:30:00-04:00,QQQ,-1,1.0,0.04626201666902378,4756,167.94,167.80476958944388,2.3113254507923404,9.27531567105832,False,4759,163.66,163.79178402400623,vertical,0.023914609669653197,4
2020-03-20 11:30:00-04:00,SPY,-1,1.0,0.046838822229466934,4756,215.2,215.03292505889652,1.8261726956954327,10.026361216324112,False,4759,209.38,209.54255646453643,vertical,0.025532688042337215,4
2020-03-20 14:30:00-04:00,DIA,1,1.0,0.04748277268073929,4759,174.56,174.6888690941071,2.278676773272452,-8.4657031241055,False,4759,171.1,170.97368525434393,vertical,-0.021267433117113765,1
2020-03-20 14:30:00-04:00,IWM,1,1.0,0.04042377480549391,4759,94.74,94.81589078876932,3.5741076097792073,-5.756500802694798,False,4759,93.28,93.20527873362462,vertical,-0.016986731250912546,1
2020-03-23 09:30:00-04:00,DIA,-1,1.0,0.048263722401201845,4761,168.76,168.62857096845795,2.395954319038672,6.587643102435471,False,4766,165.75,165.8790848659522,vertical,0.016304983708959053,6
2020-03-23 09:30:00-04:00,GLD,1,1.0,0.1,4761,143.53,143.5873435213709,5.8300558885861555,18.134796927756753,False,4763,146.7565461187744,146.6979135183516,upper,0.021663260289495723,3
2020-03-23 09:30:00-04:00,TLT,1,1.0,0.06589570945613063,4761,132.13,132.19754377542756,4.172752547005988,16.11879095821703,False,4766,136.13,136.06041145728483,vertical,0.029220419468756198,6
2020-03-23 10:30:00-04:00,IWM,-1,1.0,0.040679865593021045,4762,89.59,89.51046618139617,3.817742852935488,-9.586939691995184,False,4766,91.94,92.02162003887081,vertical,-0.028054304313259726,5
2020-03-23 10:30:00-04:00,SPY,-1,1.0,0.049202628193774224,4762,201.77,201.60445424601284,2.050166632213942,-4.2284910605625345,False,4766,203.5,203.6669651629895,vertical,-0.010230482876434133,5
2020-03-23 12:30:00-04:00,GLD,1,1.0,0.1,4764,146.66,146.71859402803773,5.714284044605669,-2.7259662196752616,False,4766,146.3,146.2415498002051,vertical,-0.003251423113702079,3
2020-03-24 09:30:00-04:00,DIA,-1,1.0,0.04240353126177032,4768,178.73,178.5824296919587,1.9934760049755365,-12.219916643231683,False,4773,184.56,184.71238390898057,vertical,-0.03432562894118729,6
2020-03-24 09:30:00-04:00,GLD,1,1.0,0.08672112921168292,4768,153.51,153.57299698268363,4.740867084052481,-1.308158874341379,False,4773,153.36,153.2970645738756,vertical,-0.0017967508235784413,6
2020-03-24 09:30:00-04:00,IWM,1,1.0,0.038067354564119533,4768,98.72,98.81432550263565,3.234301495282055,5.270650097233618,False,4773,100.54,100.4439355142323,vertical,0.0164916372530739,6
2020-03-24 09:30:00-04:00,QQQ,-1,1.0,0.04536229757972171,4768,173.92,173.76434501533356,2.191704959983818,-6.451642480163284,False,4773,176.55,176.70800878302012,vertical,-0.016940551109186464,6
2020-03-24 09:30:00-04:00,SPY,-1,1.0,0.04434557467855309,4768,218.09,217.90010923769452,1.708600598882177,-8.6692089541373,False,4773,222.78,222.97397434098957,vertical,-0.023285280218745763,6
2020-03-24 09:30:00-04:00,TLT,1,1.0,0.0672602082877511,4768,132.83,132.90061832569899,4.248923591625966,3.6465609350639587,False,4773,133.83,133.75885002990069,vertical,0.006457695344189052,6
2020-03-25 09:30:00-04:00,DIA,1,1.0,0.0456338516627058,4775,185.17,185.32823454588018,2.0623926079729364,20.251036177114766,False,4778,195.3143332774455,195.14743002729674,upper,0.05298272821449501,4
2020-03-25 09:30:00-04:00,GLD,1,1.0,0.0921978999769506,4775,151.49,151.55379144318925,5.095420489783571,-1.6178106733235074,False,4780,151.3,151.23628856456182,vertical,-0.0020949847285506307,6
2020-03-25 09:30:00-04:00,TLT,1,1.0,0.07176100265586942,4775,134.86,134.93457760775576,4.454418834405433,-7.564930888027729,False,4780,133.31,133.23627954256327,vertical,-0.01258608501468994,6
2020-03-25 10:30:00-04:00,SPY,1,1.0,0.04817145670664839,4776,224.42,224.62146482711415,1.7989702989654417,1.5577828004262873,False,4780,225.69,225.4873950769477,vertical,0.0038550645660690996,5
2020-03-25 11:30:00-04:00,IWM,1,1.0,0.04127039525849378,4777,102.95,103.05207237418936,3.3651467057730033,-4.889239835248835,False,4780,101.7,101.59916696983917,vertical,-0.01409874998995253,4
2020-03-25 12:30:00-04:00,QQQ,1,1.0,0.050619168442165734,4778,180.12,180.28491587064104,2.364597458225628,-13.040943759632977,False,4780,174.93,174.76983603569155,vertical,-0.03059091110487966,3
2020-03-26 09:30:00-04:00,DIA,1,1.0,0.04619151138282024,4782,196.12,196.29148174578455,1.969751381156289,8.160897787693182,False,4787,200.61,200.43459232601552,vertical,0.021106930078589325,6
2020-03-26 09:30:00-04:00,GLD,1,1.0,0.09724511150661937,4782,154.1,154.16633979528635,5.2799390791865735,-4.553236389397663,False,4787,153.37,153.30397446850702,vertical,-0.005593732898662829,6
2020-03-26 09:30:00-04:00,IWM,1,1.0,0.04137266300680611,4782,106.28,106.39058479226497,3.2550748096382924,5.003047143925465,False,4787,108.04,107.92758392024551,vertical,0.014446758902412649,6
2020-03-26 09:30:00-04:00,SPY,1,1.0,0.04836452926479691,4782,233.55,233.76356200858726,1.731812393692882,8.793861997199901,False,4787,239.06,238.8413995556717,vertical,0.021722108884095093,6
2020-03-26 10:30:00-04:00,QQQ,1,1.0,0.051498160691706846,4783,180.96,181.1282690383322,2.38294122202479,7.8400827448465185,False,4787,184.59,184.4183555383193,vertical,0.01816440093782834,5
2020-03-27 09:30:00-04:00,DIA,1,1.0,0.047930306071280813,4789,193.26,193.43211944040743,2.0803678296668466,-1.4020534538089473,False,4794,192.93,192.75817446115178,vertical,-0.0034841420401396928,6
2020-03-27 09:30:00-04:00,IWM,1,1.0,0.0431636179136512,4789,104.0,104.11231331350889,3.480761451212796,-0.5732515570813725,False,4794,104.06,103.9476218903487,vertical,-0.00158186306613195,6
2020-03-27 09:30:00-04:00,QQQ,1,1.0,0.052965183324270845,4789,178.51,178.6781307965696,2.4887289326813113,-2.975154976038969,False,4794,177.65,177.48267919998548,vertical,-0.006690531131340216,6
2020-03-27 09:30:00-04:00,SPY,1,1.0,0.050730797217593306,4789,231.27,231.48484802540239,1.839956837735302,0.0733541533033298,False,4794,231.74,231.52471534826503,vertical,0.00017222433002728188,6
2020-03-27 09:30:00-04:00,TLT,1,1.0,0.0817883158454571,4789,135.37,135.4479323455265,5.069643295983581,9.545940019181241,False,4794,137.41,137.330893228937,vertical,0.01390173220663904,6
2020-03-30 09:30:00-04:00,TLT,1,1.0,0.08891283615954895,4796,138.92,139.00071414193627,5.3733779889289295,-14.776378210727188,False,4801,136.33,136.25079067830282,vertical,-0.01978352039850273,6
2020-03-30 10:30:00-04:00,QQQ,1,1.0,0.05574834577747266,4797,183.47,183.6417998035771,2.5495466641188,1.8749088004782528,False,4801,184.55,184.37718889327877,vertical,0.004004475508779803,5
2020-03-30 14:30:00-04:00,GLD,-1,1.0,0.1,4801,151.675,151.60780073882123,5.531098889732152,-7.521969570058426,False,4801,152.9,152.9677419946216,vertical,-0.008970127191167299,1
2020-03-30 14:30:00-04:00,SPY,1,1.0,0.05738655859320056,4801,237.73,237.95169822498747,2.0223408004258268,2.3158244640935495,False,4801,239.32,239.0968189996887,vertical,0.004812408498209297,1
2020-03-31 12:30:00-04:00,GLD,-1,1.0,0.1,4806,149.47,149.40519975747847,5.6104421229717305,7.243165680404738,False,4808,148.05,148.11418462504392,vertical,0.008641032136299076,3
2020-03-31 14:30:00-04:00,IWM,-1,1.0,0.05319942444161205,4808,103.73,103.61779515494534,4.306659668382856,-9.890884807573276,False,4808,105.8,105.91444396613113,vertical,-0.022164617648459783,1
2020-03-31 14:30:00-04:00,QQQ,1,1.0,0.06339881898251894,4808,182.03,182.19749183011893,2.918816146183514,1.7050842948493745,False,4808,182.95,182.7816616474193,vertical,0.003206245110360939,1
2020-04-01 09:30:00-04:00,DIA,-1,1.0,0.058107688168771314,4810,189.77,189.6029477289065,2.5686354371091413,7.08587765399217,False,4815,186.68,186.84433218089129,vertical,0.0145494338619645,6
2020-04-01 09:30:00-04:00,IWM,-1,1.0,0.050283988761728536,4810,101.31,101.19974399391852,4.164513404706545,10.379788503541132,False,4815,98.6,98.70730670417169,vertical,0.024628889277591548,6
2020-04-01 09:30:00-04:00,SPY,-1,1.0,0.060471478077975246,4810,228.14,227.93016828373123,2.223631053340855,5.8551358839158025,False,4815,225.09,225.29702647942028,vertical,0.011552405827354839,6
2020-04-01 09:30:00-04:00,TLT,1,1.0,0.09684660861792137,4810,138.45,138.53074389729696,5.85938733965968,-7.563465809786135,False,4815,137.32,137.23991511753832,vertical,-0.009317995005611368,6
2020-04-01 11:30:00-04:00,GLD,-1,1.0,0.1,4812,149.9639,149.8983526863491,5.602319993121135,1.8095704595672697,False,4815,149.51,149.57534891973293,vertical,0.0021548186542920122,4
2020-04-01 11:30:00-04:00,QQQ,-1,1.0,0.06460882512097989,4812,177.24,177.07747578995443,3.0640319708798485,5.260398120933006,False,4815,175.2,175.36065358609784,vertical,0.009695316675357724,4
2020-04-02 09:30:00-04:00,GLD,-1,1.0,0.1,4817,151.64,151.57420717848856,5.544595671997813,-1.9499294802924432,False,4822,151.86,151.9258882740354,vertical,-0.0023201908958871975,6
2020-04-03 10:30:00-04:00,IWM,-1,1.0,0.05863722165725844,4825,97.16,97.0530550937629,5.076432129123878,1.1502915979275876,False,4829,96.72,96.82646059418744,vertical,0.0023347487552715096,5
2020-04-03 10:30:00-04:00,TLT,1,1.0,0.1,4825,138.99,139.071126011767,6.041676113913293,-4.542782494548461,False,4829,138.4,138.31921836082773,vertical,-0.005406640993729006,5
2020-04-03 12:30:00-04:00,DIA,-1,1.0,0.07092323752534319,4827,186.73,186.56705614182752,3.1975879134380887,-4.658481971383811,False,4829,187.86,188.02392991590148,vertical,-0.007808847950982578,3
2020-04-06 09:30:00-04:00,DIA,1,1.0,0.06501369411372893,4831,196.81,196.98273445474908,2.7704783070434598,12.883119571587102,False,4836,201.81,201.6328771896097,vertical,0.02360685441661814,6
2020-04-06 09:30:00-04:00,GLD,1,1.0,0.1,4831,154.99,155.0583974517603,5.413557838005299,9.540673640009652,False,4836,156.89,156.82076407376817,vertical,0.011365825076040448,6
2020-04-06 09:30:00-04:00,IWM,1,1.0,0.052452258311004855,4831,103.06,103.17470703919,4.267455677872881,3.4968268335750747,False,4836,104.11,103.99412429798109,vertical,0.00794203620544165,6
2020-04-06 09:30:00-04:00,QQQ,1,1.0,0.07043226212076839,4831,184.09,184.25663030095657,3.2086813124611737,14.126055691693118,False,4836,188.83,188.6590792561811,vertical,0.023893028696084118,6
2020-04-06 09:30:00-04:00,SPY,1,1.0,0.06742433378245717,4831,237.51,237.72794634961562,2.380753862054538,10.403164674905996,False,4836,242.32,242.09763984910586,vertical,0.018381067798667328,6
2020-04-06 09:30:00-04:00,TLT,-1,1.0,0.1,4831,137.23,137.14989593763292,6.120439225526148,-5.818513456912363,False,4836,138.02,138.10056520212711,vertical,-0.006931607625327629,6
2020-04-07 09:30:00-04:00,IWM,1,1.0,0.055996709216799015,4838,106.54,106.65838986298313,4.430457296797813,-10.431174680121087,False,4843,104.42,104.30396593305147,vertical,-0.022074437209826825,6
2020-04-07 09:30:00-04:00,SPY,1,1.0,0.0726257798843206,4838,246.62,246.8435437114019,2.4828478650309576,-11.454140951801588,False,4843,242.45,242.23023610076473,vertical,-0.018689196975841704,6
2020-04-07 09:30:00-04:00,TLT,-1,1.0,0.1,4838,135.78,135.70255888783,6.2186059163891265,-6.065316691246371,False,4843,136.6,136.6779087930654,vertical,-0.007187409826528102,6
2020-04-07 10:30:00-04:00,DIA,1,1.0,0.07030482893622961,4839,207.22,207.40007171961636,2.862164950461459,-15.786727186521137,False,4843,202.06,201.88441225911745,vertical,-0.026594298713432996,5
2020-04-07 11:30:00-04:00,QQQ,1,1.0,0.07851473352836297,4840,193.08,193.25213404352826,3.4371020887552035,-16.945518314919383,False,4843,188.49,188.32195801810317,vertical,-0.025511625265233095,4
2020-04-07 12:30:00-04:00,GLD,1,1.0,0.1,4841,155.2,155.26827386743872,5.440749013922007,3.8796802889356625,False,4843,156.05,155.98135220996255,vertical,0.004592556642528445,3
2020-04-08 10:30:00-04:00,DIA,1,1.0,0.07374838446665458,4846,206.3,206.4770892893196,2.993839497565216,6.806685140313674,False,4850,208.93,208.75065310122378,vertical,0.011011215916156392,5
2020-04-08 10:30:00-04:00,IWM,1,1.0,0.059424578668836374,4846,108.23,108.35009214215671,4.597107908733917,3.5796940181711903,False,4850,109.25,109.12877606457894,vertical,0.007186739826677613,5
2020-04-08 10:30:00-04:00,SPY,1,1.0,0.07766289763531078,4846,247.44,247.66188111912427,2.6284655836897937,7.2633949023482645,False,4850,250.65,250.42524045219648,vertical,0.011157790292899428,5
2020-04-08 13:30:00-04:00,QQQ,1,1.0,0.08633610614340875,4849,191.96,192.1275931885414,3.772530645097059,1.0347336832420602,False,4850,192.57,192.40187424298077,vertical,0.0014275984510470074,2
2020-04-09 09:30:00-04:00,DIA,1,1.0,0.07808818618580593,4852,213.23,213.41016575803351,3.0738673497655182,-6.236632395744506,False,4857,211.56,211.38124528551532,vertical,-0.009507140699279493,6
2020-04-09 09:30:00-04:00,GLD,1,1.0,0.1,4852,157.45,157.51835820794383,5.333148949412283,5.348021201999256,False,4857,158.59,158.52114685171284,vertical,0.006366169982835901,6
2020-04-09 09:30:00-04:00,IWM,1,1.0,0.059729791754018935,4852,113.73,113.85660757957895,4.407046681535389,1.7014389747863403,False,4857,114.37,114.24267995360553,vertical,0.003390864897821144,6
2020-04-09 09:30:00-04:00,SPY,1,1.0,0.08229580168085253,4852,255.3,255.52576518612227,2.7055643798886466,-3.465277096635713,False,4857,254.47,254.24496879391876,vertical,-0.005012396269591823,6
2020-04-09 09:30:00-04:00,TLT,-1,1.0,0.1,4852,135.04,134.96826618958005,6.224195437243448,-5.750421880533982,False,4857,135.82,135.8921481496685,vertical,-0.00684517913855931,6
2020-04-13 09:30:00-04:00,DIA,1,1.0,0.08178949845111497,4859,207.68,207.8528031281689,3.302341059041964,2.224275434120481,False,4864,208.7,208.52634816617467,vertical,0.0032404905195839717,6
2020-04-13 09:30:00-04:00,GLD,1,1.0,0.1,4859,159.82,159.89001773434518,5.2487865806894565,11.32746574314105,False,4862,162.11915405795554,162.04812905569617,upper,0.013497473775609059,4
2020-04-13 09:30:00-04:00,IWM,1,1.0,0.06205285315287051,4859,111.48,111.60387814467248,4.66619338586526,-1.528959418337136,False,4864,111.4,111.27621075245324,vertical,-0.00293598571722109,6
2020-04-13 09:30:00-04:00,SPY,1,1.0,0.08594680496771159,4859,250.11,250.3280182321,2.881380021000314,4.242251797133979,False,4864,252.02,251.80031684117455,vertical,0.0058814775088797955,6
2020-04-13 14:30:00-04:00,TLT,-1,1.0,0.1,4864,134.81,134.73978446914327,6.238688953740993,0.4347013427475754,False,4864,134.6,134.67010615275808,vertical,0.0005171324613566508,1
2020-04-14 09:30:00-04:00,DIA,1,1.0,0.08504136654004474,4866,213.86,214.03185702635105,3.3411457088123906,-1.81609088778557,False,4871,213.66,213.48830369283567,vertical,-0.0025395907930120254,6
2020-04-14 09:30:00-04:00,GLD,1,1.0,0.1,4866,164.04,164.1104590437359,5.123979043505137,-7.790115206924733,False,4871,162.66,162.59013369876808,vertical,-0.009264036879956805,6
2020-04-14 09:30:00-04:00,IWM,1,1.0,0.06476140455654185,4866,114.66,114.78593618958533,4.744289517255458,-6.076206500339333,False,4871,113.63,113.50519510533245,vertical,-0.01115764811237463,6
2020-04-14 09:30:00-04:00,QQQ,1,1.0,0.09330913480116194,4866,201.66,201.8225122802464,3.8877484749225713,5.884078678925197,False,4871,203.5,203.33600491406253,vertical,0.007499126914615628,6
2020-04-14 09:30:00-04:00,SPY,1,1.0,0.0878911298763789,4866,258.83,259.0480033188576,2.853043566605094,1.0080601012247499,False,4871,259.62,259.4013312921925,vertical,0.0013639478737845767,6
2020-04-15 09:30:00-04:00,DIA,-1,1.0,0.08430318925545068,4873,207.71,207.54803369202236,3.41204509546025,-7.763948828975341,False,4878,209.66,209.8234868621183,vertical,-0.010963501458522318,6
2020-04-15 09:30:00-04:00,IWM,-1,1.0,0.06097330391095121,4873,108.36,108.24322619303544,4.7318218077588865,-3.663043054542861,False,4878,108.9,109.01735573623516,vertical,-0.007151759702904492,6
2020-04-15 09:30:00-04:00,QQQ,1,1.0,0.09691153549450657,4873,199.95,200.1049840336039,4.068243600345316,3.6983844968217485,False,4878,201.17,201.01407032738135,vertical,0.004543046732033318,6
2020-04-15 09:30:00-04:00,SPY,-1,1.0,0.08684298969752001,4873,252.41,252.20511422586483,2.8924792912886326,-5.845927459912352,False,4878,254.02,254.22619264033048,vertical,-0.00801362978173259,6
2020-04-15 09:30:00-04:00,TLT,1,1.0,0.1,4873,137.78,137.84542116607298,6.093924038046826,0.8472350020505227,False,4878,138.05,137.9844506316129,vertical,0.0010085896532785465,6
2020-04-15 11:30:00-04:00,GLD,1,1.0,0.1,4875,160.85,160.91607028883246,5.2166800540395535,5.724545720568285,False,4878,162.08,162.0134244798635,vertical,0.0068194195213775455,4
2020-04-16 09:30:00-04:00,GLD,1,1.0,0.1,4880,162.78,162.84314287377526,5.154157770197325,-6.163706215129776,False,4885,161.71,161.64727218258884,vertical,-0.007343696947149869,6
2020-04-16 09:30:00-04:00,QQQ,1,1.0,0.1,4880,203.09,203.2399493373945,4.1296962182020875,6.395806713739346,False,4885,204.94,204.78868473481893,vertical,0.00762023117243249,6
2020-04-16 09:30:00-04:00,TLT,1,1.0,0.1,4880,139.41,139.47181568868757,6.017841282282084,0.8801026806503893,False,4885,139.68,139.61806459080495,vertical,0.001048591081970418,6
2020-04-16 11:30:00-04:00,IWM,-1,1.0,0.06781858035251806,4882,106.47,106.36120075803721,5.348000555293184,-9.996934976873751,False,4885,108.12,108.23048533897827,vertical,-0.01757487286358783,4
2020-04-17 09:30:00-04:00,DIA,1,1.0,0.09772769406219911,4887,213.29,213.43741292353843,3.8389664372018055,10.146934216937947,False,4892,216.23,216.08055512936974,vertical,0.012383687422121259,6
2020-04-17 09:30:00-04:00,GLD,-1,1.0,0.1,4887,158.67,158.61065269725978,5.286093731590486,0.11289911431408582,False,4892,158.53,158.58929493857318,vertical,0.0001346552600560713,6
2020-04-17 09:30:00-04:00,IWM,-1,1.0,0.0675887394067747,4887,111.72,111.61019985457848,5.077356672615336,-7.061334731520313,False,4892,112.89,113.0009500395331,vertical,-0.012460780347734124,6
2020-04-17 09:30:00-04:00,QQQ,1,1.0,0.1,4887,206.15,206.294278162394,4.064246398179068,1.1016210909988935,False,4892,206.71,206.56532991050958,vertical,0.0013139082214495001,6
2020-04-17 09:30:00-04:00,SPY,1,1.0,0.1,4887,259.53,259.7199646520976,3.2282107311602433,7.483297261327993,False,4892,262.23,262.0380590655433,vertical,0.008925360884562084,6
2020-04-17 13:30:00-04:00,TLT,-1,1.0,0.1,4891,137.75,137.69267888136974,6.08158183440629,-1.0622528992728926,False,4892,137.81,137.86734608608666,vertical,-0.001268529352002723,2
2020-04-20 09:30:00-04:00,DIA,1,1.0,0.1,4894,212.91,213.04826873183293,3.9404351811393212,-8.650400197910272,False,4899,210.99,210.85297816105665,vertical,-0.010304193429234276,6
2020-04-20 13:30:00-04:00,SPY,1,1.0,0.1,4898,258.48,258.6573363980715,3.244097166365472,-4.165533485415457,False,4899,257.55,257.37330165071455,vertical,-0.004964230921255641,2
2020-04-21 09:30:00-04:00,DIA,-1,1.0,0.1,4901,207.88,207.75191934355132,4.034722291240411,8.938364484798598,False,4906,205.41,205.53655882067116,vertical,0.010663490040815016,6
2020-04-21 09:30:00-04:00,GLD,-1,1.0,0.1,4901,158.44,158.38499581384923,5.292302441378808,-1.5351427273171019,False,4906,158.62,158.67506667512774,vertical,-0.0018314289165333175,6
2020-04-21 09:30:00-04:00,IWM,1,1.0,0.0777905979705489,4901,110.13,110.22673526347339,5.915600784565679,-9.064436669706119,False,4906,108.79,108.69444175689397,vertical,-0.013901287223256675,6
2020-04-21 09:30:00-04:00,QQQ,-1,1.0,0.1,4901,200.18,200.05614602074508,4.189930260560383,16.513502158206144,False,4901,195.99364662787306,196.11491045564583,lower,0.019700647260747273,1
2020-04-21 09:30:00-04:00,SPY,-1,1.0,0.1,4901,253.21,253.04680961205474,3.3125147924547274,10.586425665695517,False,4906,249.69,249.85092179600352,vertical,0.012629630940421022,6
2020-04-21 09:30:00-04:00,TLT,1,1.0,0.1,4901,141.06,141.11078410106825,5.940164710749849,-3.2160633543634978,False,4906,140.62,140.56937430673318,vertical,-0.003836771213370116,6
2020-04-21 10:30:00-04:00,QQQ,-1,1.0,0.1,4902,196.19,196.06861468583264,4.28895842238426,-3.272871400718123,False,4906,196.71,196.83170704495575,vertical,-0.0038919658831977344,5
2020-04-22 09:30:00-04:00,DIA,-1,1.0,0.1,4908,208.6,208.47783096422236,4.0297631357419545,-4.170001892290231,False,4913,209.39,209.51263170854017,vertical,-0.0049636008756028804,6
2020-04-22 09:30:00-04:00,GLD,1,1.0,0.1,4908,160.8768,160.93257350997501,5.2202997784472345,3.8179218683437757,False,4913,161.72,161.66393416556545,vertical,0.004544516002194632,6
2020-04-22 09:30:00-04:00,IWM,-1,1.0,0.08070014526621859,4908,110.48,110.39085590465457,6.1415871003559115,0.13433607265980185,False,4913,110.28,110.36898271935821,vertical,0.00019814308999699382,6
2020-04-22 09:30:00-04:00,QQQ,-1,1.0,0.1,4908,201.03,200.91250019773352,4.1815032763628075,-8.179041004266596,False,4913,202.75,202.86850512316335,vertical,-0.00973560591553424,6
2020-04-22 09:30:00-04:00,SPY,-1,1.0,0.1,4908,254.01,253.8546748138614,3.30943788391953,-5.36609278053956,False,4913,255.32,255.47612624119088,vertical,-0.006387321519756961,6
2020-04-22 09:30:00-04:00,TLT,1,1.0,0.1,4908,139.49,139.53712088084333,6.020736794164449,-2.433202753303114,False,4913,139.18,139.1329838397321,vertical,-0.002896269025475573,6
2020-04-23 09:30:00-04:00,DIA,1,1.0,0.1,4915,212.03,212.1445223817918,3.9524785291467595,-9.675057530233623,False,4920,209.81,209.69667669233723,vertical,-0.011538575976282939,6
2020-04-23 09:30:00-04:00,GLD,1,1.0,0.1,4915,163.38,163.43576900092856,5.130435491054363,-1.9569832683530137,False,4920,163.11,163.05432316231207,vertical,-0.0023339189514525183,6
2020-04-23 09:30:00-04:00,IWM,1,1.0,0.08555549597794213,4915,112.48,112.56398828842246,6.373086059809189,-8.330422309493247,False,4920,111.34,111.25686294423048,vertical,-0.011612287056165238,6
2020-04-23 09:30:00-04:00,QQQ,1,1.0,0.1,4915,205.25,205.3600771593386,4.0830558762379985,-13.14150069011673,False,4920,202.25,202.1415317638186,vertical,-0.015672692765024365,6
2020-04-23 09:30:00-04:00,SPY,1,1.0,0.1,4915,258.31,258.4550885478123,3.2442645045272944,-10.960557815121527,False,4920,255.22,255.07664705519468,vertical,-0.013071677217113997,6
2020-04-23 12:30:00-04:00,TLT,-1,1.0,0.1,4918,140.27,140.22524592943802,5.956677507863152,1.3735738370572044,False,4920,139.95,139.99465197244706,vertical,0.0016444539316906592,3
2020-04-24 10:30:00-04:00,GLD,1,1.0,0.1,4923,161.36,161.41355183165527,5.168262302303773,6.317967777340935,False,4927,162.69,162.63600677062473,vertical,0.007573434356022313,5
2020-04-24 14:30:00-04:00,DIA,1,1.0,0.1,4927,212.06,212.1693448661173,3.9344561841975043,-0.46718242403885946,False,4927,212.16,212.050603570709,vertical,-0.0005596534008399656,1
2020-04-24 14:30:00-04:00,IWM,1,1.0,0.0978466650482168,4927,113.98,114.06184024055172,7.160988931673985,-6.1096486664961365,False,4927,113.29,113.20865519519124,vertical,-0.007480021745757792,1
2020-04-24 14:30:00-04:00,QQQ,1,1.0,0.1,4927,205.17,205.27543564756678,4.066589791283306,0.9714979416312632,False,4927,205.62,205.51433310009904,vertical,0.0011637897724032786,1
2020-04-24 14:30:00-04:00,SPY,1,1.0,0.1,4927,258.76,258.89892197220644,3.2243123480260896,-0.5735975315071848,False,4927,258.86,258.7210243402173,vertical,-0.0006871316057787125,1
2020-04-27 09:30:00-04:00,GLD,-1,1.0,0.1,4929,160.91,160.8585512958767,5.1861804796918936,-4.165131611512129,False,4934,161.61,161.66167251925526,vertical,-0.004992716998310609,6
2020-04-27 09:30:00-04:00,IWM,1,1.0,0.09322347850127496,4929,116.11,116.18785555596355,6.693547461083032,10.061578584627345,False,4934,117.77,117.69103135969489,vertical,0.012937460602388873,6
2020-04-27 09:30:00-04:00,TLT,-1,1.0,0.1,4929,138.62,138.5807808709187,6.0198930434606845,5.067678601929949,False,4934,137.7,137.73895883764604,vertical,0.006074594384460563,6
2020-04-27 10:30:00-04:00,DIA,1,1.0,0.1,4930,214.66,214.76462540640986,3.8870302224814037,1.5565685323490621,False,4934,215.27,215.16507727924233,vertical,0.001864608159163339,5
2020-04-27 10:30:00-04:00,QQQ,1,1.0,0.1,4930,207.66,207.76189856135076,4.018044672556275,-4.031724360687272,False,4934,206.86,206.7584939978763,vertical,-0.004829588920887584,5
2020-04-27 10:30:00-04:00,SPY,1,1.0,0.1,4930,262.13,262.2645738660009,3.1830322234109136,0.5749232408676077,False,4934,262.58,262.4451951103097,vertical,0.0006886985979324134,5
2020-04-28 09:30:00-04:00,DIA,1,1.0,0.1,4936,217.04,217.13986164503336,3.8461287655520286,-8.341548985841731,False,4941,215.07,214.97104476595405,vertical,-0.00998811025598223,6
2020-04-28 09:30:00-04:00,GLD,-1,1.0,0.1,4936,159.84,159.79051449734075,5.226517172487414,-5.536283518814501,False,4941,160.8,160.84978271288546,vertical,-0.006629105731819518,6
2020-04-28 09:30:00-04:00,IWM,1,1.0,0.09740754807342326,4936,120.09,120.16566653603014,6.769796102972225,-5.219122999189794,False,4941,119.47,119.39472411475126,vertical,-0.0064156630051041,6
2020-04-28 09:30:00-04:00,TLT,-1,1.0,0.1,4936,138.76,138.72213338949766,6.020292851725834,-3.2260266124611694,False,4941,139.22,139.25799214120877,vertical,-0.0038628208680049347,6
2020-04-28 10:30:00-04:00,QQQ,1,1.0,0.1,4937,204.79,204.88559189537006,4.068955550787155,-7.3258788983207355,False,4941,203.18,203.08515962058064,vertical,-0.008787500663828274,5
2020-04-29 09:30:00-04:00,DIA,1,1.0,0.1,4943,219.12,219.21718171727605,3.796157652426863,1.8044633552501264,False,4948,219.79,219.6925211316169,vertical,0.002168349262668068,6
2020-04-29 09:30:00-04:00,IWM,1,1.0,0.09226350541997821,4943,123.42,123.49527489795885,6.217251560934929,9.689009973994851,False,4948,125.13,125.05368215863238,vertical,0.012619165081102945,6
2020-04-29 09:30:00-04:00,QQQ,1,1.0,0.1,4943,209.33,209.42502725445485,3.9736558367896104,2.422270359072603,False,4948,210.13,210.03460957828025,vertical,0.0029107424829639683,6
2020-04-29 09:30:00-04:00,SPY,1,1.0,0.1,4943,267.14,267.26497917099886,3.113700060893682,2.333948038172761,False,4948,268.14,268.01455298752853,vertical,0.002804609189182683,6
2020-04-29 09:30:00-04:00,TLT,-1,1.0,0.1,4943,139.6,139.56352412577678,5.962754144625294,7.957217362754766,False,4946,138.1929289914794,138.2290372142332,lower,0.009561860234633568,4
2020-04-29 13:30:00-04:00,TLT,-1,1.0,0.1,4947,138.2,138.163889929673,6.045372907156964,-2.432092004535478,False,4948,138.53,138.5661962955311,vertical,-0.0029118054367383017,2
2020-04-30 09:30:00-04:00,DIA,1,1.0,0.1,4950,218.43,218.52384712122804,3.8181666423119935,-5.8307929904111,False,4955,217.09,216.99672860162346,vertical,-0.006988338068006805,6
2020-04-30 09:30:00-04:00,GLD,-1,1.0,0.1,4950,160.65,160.60095956988457,5.1952395917341425,8.635865444575344,False,4951,158.89019124636124,158.93869447275307,lower,0.010350281228601044,2
2020-04-30 09:30:00-04:00,IWM,1,1.0,0.0920414948423028,4950,122.24,122.31288515247302,6.278634030576737,-11.959045533001186,False,4955,120.48,120.40816424108353,vertical,-0.015572528675250386,6
2020-04-30 10:30:00-04:00,SPY,1,1.0,0.1,4951,265.95,266.0700793875668,3.133853276949234,-1.9116245381361507,False,4955,265.58,265.4600876715548,vertical,-0.0022925979404225805,5
2020-04-30 11:30:00-04:00,GLD,-1,1.0,0.1,4952,158.775,158.72653193718284,5.2480854881264465,0.0949849919784043,False,4955,158.66,158.7084329576229,vertical,0.00011402617658839986,4
2020-04-30 14:30:00-04:00,TLT,-1,1.0,0.1,4955,137.44,137.40401089171516,6.069951089736515,2.2345735773578768,False,4955,137.0,137.03587389286253,vertical,0.002679230369357688,1
2020-05-01 09:30:00-04:00,DIA,-1,1.0,0.1,4957,213.49,213.4000936153718,3.905747394963451,5.744893891900922,False,4962,211.84,211.929211525222,vertical,0.006892602834565165,6
2020-05-01 09:30:00-04:00,IWM,-1,1.0,0.08675620619194754,4957,116.49,116.42131162707372,6.211075691369264,3.186322368713323,False,4962,115.84,115.9083051001784,vertical,0.004406465789859926,6
2020-05-01 09:30:00-04:00,QQQ,1,1.0,0.1,4957,207.01,207.0994864779787,4.024572314967189,-11.783079168567964,False,4962,204.26,204.1717022946141,vertical,-0.014137090502519989,6
2020-05-01 09:30:00-04:00,SPY,-1,1.0,0.1,4957,260.72,260.6044156021586,3.198283719780115,6.140015060466802,False,4962,258.57,258.68463124328724,vertical,0.007366660900336108,6
2020-05-01 11:30:00-04:00,GLD,-1,1.0,0.1,4959,159.45,159.40133265815368,5.236257490955969,-1.9762690631441029,False,4962,159.73,159.77875280346882,vertical,-0.0023677351940623037,4
2020-05-01 14:30:00-04:00,TLT,-1,1.0,0.1,4962,137.84,137.80479944378143,6.05308970217518,-1.939803122540208,False,4962,138.09,138.12526439936323,vertical,-0.0023254992342449654,1
2020-05-04 09:30:00-04:00,DIA,-1,1.0,0.1,4964,209.8,209.71330201651634,3.974111607160905,-9.197208214091987,False,4969,211.94,212.02758231944483,vertical,-0.011035448303351902,6
2020-05-04 09:30:00-04:00,GLD,-1,1.0,0.1,4964,160.725,160.67699618854587,5.186953250867967,1.4995863878937725,False,4969,160.34,160.38788882332278,vertical,0.0017993077545701563,6
2020-05-04 09:30:00-04:00,TLT,-1,1.0,0.1,4964,137.12,137.08552124254928,6.0795922148866275,-2.4260034761341633,False,4969,137.45,137.48456173579055,vertical,-0.0029108872302803235,6
2020-05-04 10:30:00-04:00,IWM,-1,1.0,0.09434997356444236,4965,114.44,114.37455026793738,6.874163351546221,-12.867709208278795,False,4969,116.18,116.24644486080946,vertical,-0.016366355876258565,5
2020-05-04 14:30:00-04:00,QQQ,-1,1.0,0.1,4969,206.31,206.22263710558536,4.033397512776383,-2.4398339154870685,False,4969,206.74,206.82754497984237,vertical,-0.002933275816598524,1
2020-05-05 09:30:00-04:00,DIA,-1,1.0,0.1,4971,214.66,214.57500533690214,3.87221684824246,5.462289551067836,False,4976,213.08,213.1643690618322,vertical,0.006574094092902993,6
2020-05-05 09:30:00-04:00,GLD,1,1.0,0.1,4971,159.76,159.80711992052676,5.1992736699746,5.799286901092975,False,4976,160.97,160.92252319975466,vertical,0.0069796845083160974,6
2020-05-05 09:30:00-04:00,IWM,-1,1.0,0.09434938431765696,4971,118.59,118.52373274203411,6.614127343353381,9.44720413730362,False,4976,117.03,117.09539554093725,vertical,0.01205106494752095,6
2020-05-05 09:30:00-04:00,QQQ,-1,1.0,0.1,4971,209.74,209.65430719958235,3.963099837897933,1.9374963121940292,False,4976,209.08,209.1654231463303,vertical,0.0023318579035279674,6
2020-05-05 09:30:00-04:00,SPY,-1,1.0,0.1,4971,262.93,262.8212578569046,3.1613917293160845,3.0128050548196095,False,4976,261.76,261.86825825648134,vertical,0.0036260369811567106,6
2020-05-05 09:30:00-04:00,TLT,-1,1.0,0.1,4971,136.13,136.09649505350316,6.105087060108541,-3.1570665832083726,False,4976,136.58,136.61361570258236,vertical,-0.003799661768482121,6
2020-05-06 09:30:00-04:00,GLD,-1,1.0,0.1,4978,158.9664,158.92010706205917,5.242452750735013,-0.6615747880849588,False,4983,159.0,159.04630272266712,vertical,-0.0007940824036738459,6
2020-05-06 09:30:00-04:00,TLT,-1,1.0,0.1,4978,133.35,133.3175862905219,6.2492216938210925,-6.968398655631901,False,4983,134.4,134.432668935537,vertical,-0.008364107662324205,6
2020-05-06 10:30:00-04:00,QQQ,1,1.0,0.1,4979,211.39,211.4737189300592,3.9383678005280824,-4.793080328017135,False,4983,210.34,210.25669691211195,vertical,-0.005754956332657768,5
2020-05-07 09:30:00-04:00,DIA,1,1.0,0.1,4985,213.98,214.0601636694945,3.8862384891092803,-3.4589615600363413,False,4990,213.25,213.1701098115726,vertical,-0.004157961213633987,6
2020-05-07 09:30:00-04:00,GLD,-1,1.0,0.1,4985,159.67,159.6245245241511,5.211535317128273,-8.434021806938658,False,4987,161.19695142268716,161.242861788262,upper,-0.01013839990399501,3
2020-05-07 09:30:00-04:00,IWM,1,1.0,0.1,4985,117.91,117.97389701309595,7.0514653503823475,-1.1830409103408277,False,4990,117.87,117.80612466344147,vertical,-0.0014221141617103417,6
2020-05-07 09:30:00-04:00,QQQ,1,1.0,0.1,4985,212.62,212.70429821252822,3.9110109858063207,1.373536923542338,False,4990,213.14,213.0554956212103,vertical,0.0016511063087740752,6
2020-05-07 09:30:00-04:00,SPY,1,1.0,0.1,4985,263.41,263.5137876504322,3.156908237913437,-1.5704388436597823,False,4990,263.12,263.01632661409315,vertical,-0.0018877988919463462,6
2020-05-07 11:30:00-04:00,TLT,-1,1.0,0.1,4987,135.96,135.9274266334501,6.127003923463013,-4.198806826511416,False,4990,136.58,136.612721906468,vertical,-0.005041626182374026,4
2020-05-07 13:30:00-04:00,GLD,1,1.0,0.1,4989,161.92,161.9661162964204,5.130878833107555,-2.935354664043937,False,4990,161.44,161.39402041196817,vertical,-0.0035321948660250735,2
2020-05-08 09:30:00-04:00,DIA,1,1.0,0.1,4992,216.14,216.21851020113564,3.8380069194661584,3.84782546985526,False,4997,217.3,217.22106844310736,vertical,0.004636782674337647,6
2020-05-08 09:30:00-04:00,IWM,1,1.0,0.1,4992,121.02,121.08406312633375,6.8534877079801655,8.09520457072423,False,4997,122.33,122.26524341229212,vertical,0.009755043359636728,6
2020-05-08 09:30:00-04:00,QQQ,1,1.0,0.1,4992,215.28,215.36297036820284,3.853253587883952,1.7872024283373333,False,4997,215.91,215.82678682553566,vertical,0.002153649982352235,6
2020-05-08 09:30:00-04:00,SPY,1,1.0,0.1,4992,266.21,266.31146239738115,3.1160811885383692,3.3235846546649332,False,4997,267.48,267.3780535590267,vertical,0.004005051649087488,6
2020-05-08 09:30:00-04:00,TLT,-1,1.0,0.1,4992,135.44,135.40759395867624,6.128519930144215,3.0968900336808383,False,4997,134.87,134.902269660317,vertical,0.0037318756177993073,6
2020-05-08 11:30:00-04:00,GLD,1,1.0,0.1,4994,160.83,160.87530711731463,5.163408184772442,-2.3778011167183672,False,4997,160.46,160.41479711469063,vertical,-0.0028625275741552825,4
2020-05-11 09:30:00-04:00,DIA,1,1.0,0.1,4999,215.45,215.52648769970642,3.858576445747043,2.996934863448451,False,5004,216.38,216.303182137561,vertical,0.003603707582043203,6
2020-05-11 09:30:00-04:00,GLD,1,1.0,0.1,4999,159.73,159.77475215629457,5.20498650537205,-1.8187860724159277,False,5004,159.47,159.42532068888562,vertical,-0.0021870255637581604,6
2020-05-11 09:30:00-04:00,IWM,1,1.0,0.1,4999,120.44,120.50235338470691,6.9013210573381185,7.623588773130581,False,5004,121.67,121.60700982798663,vertical,0.009167094353361493,6
2020-05-11 10:30:00-04:00,QQQ,1,1.0,0.1,5000,217.12,217.20198666968494,3.8282896959696395,1.6683690119179084,False,5004,217.72,217.63778676435237,vertical,0.002006427755792961,5
2020-05-11 10:30:00-04:00,TLT,-1,1.0,0.1,5000,134.14,134.10787145922606,6.200323056834896,1.586163936401977,False,5004,133.82,133.8520518959771,vertical,0.0019075656071891878,5
2020-05-11 12:30:00-04:00,SPY,1,1.0,0.1,5002,268.59,268.69043761948404,3.1054998515297862,-3.8212867503333574,False,5004,267.56,267.45994754283794,vertical,-0.004579582688345241,3
2020-05-12 09:30:00-04:00,GLD,-1,1.0,0.1,5006,160.56,160.51605574523634,5.186078884034605,1.9823274486462454,False,5011,160.09,160.13381561874138,vertical,0.002381320203267645,6
2020-05-12 09:30:00-04:00,IWM,1,1.0,0.1,5006,120.05,120.1100790877109,6.93071666900654,-19.426221686471568,False,5011,117.36589818751695,117.30716236001611,lower,-0.02333623247094818,6
2020-05-12 09:30:00-04:00,TLT,-1,1.0,0.1,5006,134.69,134.65823728275944,6.181938394907772,-3.2989065483130444,False,5011,135.16,135.1918735530643,vertical,-0.003962893626658248,6
2020-05-12 12:30:00-04:00,DIA,-1,1.0,0.1,5009,215.17,215.09756730173228,3.869221281933789,9.767016768726403,False,5011,212.50174794016618,212.57328242448045,lower,0.011735534292263039,3
2020-05-12 12:30:00-04:00,SPY,-1,1.0,0.1,5009,265.95,265.85512493103545,3.1305023189300627,9.411870058050898,False,5011,262.75488494897127,262.84862019179997,lower,0.011308808660413727,3
2020-05-12 14:30:00-04:00,QQQ,1,1.0,0.1,5011,216.02,216.09874505180696,3.8513694484231666,-10.756924672673055,False,5011,213.38351610360837,213.30573212050348,lower,-0.012924706853961077,1
2020-05-13 09:30:00-04:00,GLD,1,1.0,0.1,5013,161.05,161.0934399713121,5.159842905668373,2.02776969289636,False,5018,161.53,161.48643055842257,vertical,0.002439519493658171,6
2020-05-13 09:30:00-04:00,QQQ,-1,1.0,0.1,5013,215.2,215.12326639632772,3.863909549673321,10.52202178370032,False,5014,212.32440387188225,212.40011212772174,lower,0.0126585762396757,2
2020-05-13 10:30:00-04:00,DIA,-1,1.0,0.1,5014,209.55,209.48133257952463,3.9728440486285534,10.178110648506102,False,5017,206.85162887871832,206.91941207020596,lower,0.012229827248908198,4
2020-05-13 10:30:00-04:00,IWM,-1,1.0,0.1,5014,114.14,114.08403015313475,7.294944474877278,18.195101933372722,False,5014,111.53513058432318,111.58982310385096,lower,0.021862893920698845,1
2020-05-13 10:30:00-04:00,SPY,-1,1.0,0.1,5014,259.72,259.62985621596323,3.2054736599518,9.846925662610484,False,5014,256.4689311045481,256.5579465055092,lower,0.011831881568731273,1
2020-05-13 10:30:00-04:00,TLT,1,1.0,0.1,5014,136.16,136.191615981523,6.110777520623971,-0.7529579752492769,False,5018,136.1,136.0683979503137,vertical,-0.0009047402097498436,5
2020-05-13 11:30:00-04:00,IWM,-1,1.0,0.1,5015,112.43,112.37486867107886,7.43659709759374,-7.962612930122028,False,5018,113.39,113.44560207583713,vertical,-0.009528228307810638,4
2020-05-13 11:30:00-04:00,QQQ,-1,1.0,0.1,5015,209.96,209.8851348167889,3.9816379703655667,-3.902110001769357,False,5018,210.79,210.86516113530703,vertical,-0.0046693460181141955,4
2020-05-13 11:30:00-04:00,SPY,-1,1.0,0.1,5015,257.13,257.040755154823,3.2511833452187955,-2.108889239540497,False,5018,257.6,257.6894079730782,vertical,-0.002523540743040842,4
2020-05-14 09:30:00-04:00,DIA,-1,1.0,0.1,5020,204.64,204.5728126527393,4.080802177561255,-12.085491152114274,False,5020,207.46624530146389,207.5343605607873,upper,-0.01447674238646357,1
2020-05-14 09:30:00-04:00,GLD,1,1.0,0.1,5020,162.71,162.75378546897466,5.129350306277631,1.0892089800749192,False,5025,163.01,162.9661338006419,vertical,0.0013047213068215768,6
2020-05-14 09:30:00-04:00,IWM,-1,1.0,0.0974395299363729,5020,109.65,109.59586963528587,7.422230743441536,-21.694681874291614,False,5020,112.4632832760893,112.51880246022688,upper,-0.026670100202388802,1
2020-05-14 09:30:00-04:00,QQQ,-1,1.0,0.1,5020,207.57,207.49500160745825,4.0233315158234735,-13.654957821855504,False,5022,210.8127745448943,210.8889446042388,upper,-0.016356745803454364,3
2020-05-14 09:30:00-04:00,SPY,-1,1.0,0.1,5020,253.61,253.52078839357955,3.2929101579122064,-12.216709449313045,False,5020,257.14033880682274,257.23079226962176,upper,-0.01463392370917771,1
2020-05-14 09:30:00-04:00,TLT,1,1.0,0.1,5020,138.02,138.05201042516444,6.047149742854856,-3.833219602051584,False,5025,137.45,137.41812177264995,vertical,-0.004591665493043351,6
2020-05-14 10:30:00-04:00,DIA,-1,1.0,0.1,5021,206.99,206.92204110140005,4.009656517499874,-12.574629356428462,False,5023,209.9891839323311,210.05812752215638,upper,-0.015155883849123253,3
2020-05-14 10:30:00-04:00,IWM,-1,1.0,0.0943513091270234,5021,111.59,111.53491192523073,7.018608633802451,-17.13471447130663,False,5025,113.92,113.9762383141654,vertical,-0.02188845041247034,5
2020-05-14 10:30:00-04:00,SPY,-1,1.0,0.1,5021,256.0,255.9099476706611,3.2421026156605524,-12.50139859584993,False,5024,259.674556768205,259.7659016850293,upper,-0.015067620659008352,4
2020-05-14 12:30:00-04:00,QQQ,-1,1.0,0.1,5023,210.94,210.86378397204433,3.913942338534025,-8.975473206850225,False,5025,213.08,213.15698924450933,vertical,-0.010875292234957756,3
2020-05-15 09:30:00-04:00,GLD,1,1.0,0.1,5027,163.68,163.72297681447048,5.029611534740612,0.7241935501881656,False,5032,163.91,163.86696279533322,vertical,0.0008794488328043304,6
2020-05-15 09:30:00-04:00,IWM,-1,1.0,0.09629013883399799,5027,114.78,114.72281396461585,6.911560240254632,-7.0139928215665925,False,5032,115.68,115.73763443607979,vertical,-0.008845847102189719,6
2020-05-15 10:30:00-04:00,QQQ,-1,1.0,0.1,5028,210.66,210.5834023165666,3.910573274562931,-13.232063798842146,False,5031,213.8892938706607,213.96706575151939,upper,-0.016068044289008876,4
2020-05-15 10:30:00-04:00,TLT,1,1.0,0.1,5028,137.23,137.26153197530894,5.9995092092796485,-1.218091046886112,False,5032,137.09,137.05850019314215,vertical,-0.0014791601058576909,5
2020-05-15 13:30:00-04:00,DIA,1,1.0,0.1,5031,212.03,212.09856681839145,3.8733969874719123,-1.4604876711588524,False,5032,211.79,211.72151079343902,vertical,-0.001777739617049301,2
2020-05-15 13:30:00-04:00,SPY,1,1.0,0.1,5031,261.41,261.5011451778866,3.1416380574647667,0.6521213222099466,False,5032,261.8,261.7087188417784,vertical,0.000793777265298834,2
2020-05-18 09:30:00-04:00,DIA,1,1.0,0.1,5034,217.74,217.80984390077776,3.770757675285181,7.012367428194201,False,5039,219.74,219.66951456435703,vertical,0.008538046904925212,6
2020-05-18 09:30:00-04:00,IWM,1,1.0,0.08360944033324189,5034,120.97,121.03096476901223,5.673681450959968,9.232149331347347,False,5039,122.72,122.65815329045897,vertical,0.013444398502087784,6
2020-05-18 09:30:00-04:00,QQQ,1,1.0,0.1,5034,217.82,217.8991351206715,3.769212485339551,2.0409360080808683,False,5039,218.52,218.44061056574634,vertical,0.0024849820756516205,6
2020-05-18 09:30:00-04:00,SPY,1,1.0,0.1,5034,268.27,268.36298244362797,3.0604375207152423,4.0811187755051295,False,5039,269.79,269.6964907240229,vertical,0.0049690470282168775,6
2020-05-18 09:30:00-04:00,TLT,-1,1.0,0.1,5034,135.42,135.3891123365807,6.0662790860149265,8.17095032644524,False,5038,134.01159991602748,134.04216634042922,lower,0.009948702468799198,5
2020-05-18 10:30:00-04:00,GLD,1,1.0,0.1,5035,162.5,162.5424602192978,5.071311932749893,0.5833393326373978,False,5039,162.7,162.65748752197075,vertical,0.0007076754130443952,5
2020-05-19 09:30:00-04:00,GLD,1,1.0,0.1,5041,163.95,163.99254123340174,5.027181239836957,1.2308143638934463,False,5046,164.28,164.23737313923002,vertical,0.0014929453741425736,6
2020-05-19 09:30:00-04:00,QQQ,1,1.0,0.1,5041,219.96,220.03938361018916,3.7466939473991974,-8.64733697788555,False,5046,217.81,217.7313923252623,vertical,-0.010488991775288614,6
2020-05-19 13:30:00-04:00,IWM,1,1.0,0.09513298904674714,5045,123.01,123.07125085092977,6.374284674090289,-18.17399293598514,False,5046,120.28,120.22010850865921,vertical,-0.023166599206211114,2
2020-05-20 09:30:00-04:00,DIA,1,1.0,0.1,5048,220.06,220.12787553196566,3.733562472361218,-1.8131788888608789,False,5053,219.71,219.6422324223931,vertical,-0.0022061863287370365,6
2020-05-20 09:30:00-04:00,IWM,1,1.0,0.08639101698363741,5048,123.96,124.02048534576878,5.724975398018046,-1.3792160656750194,False,5053,123.84,123.77957320732492,vertical,-0.0019425189134859577,6
2020-05-20 09:30:00-04:00,QQQ,1,1.0,0.1,5048,221.66,221.73888678118468,3.7064368236761887,1.5641905457828467,False,5053,222.24,222.1609068020821,vertical,0.0019032296365495416,6
2020-05-20 09:30:00-04:00,SPY,1,1.0,0.1,5048,271.92,272.0112149300138,3.0214238608441426,-1.5479333413319796,False,5053,271.59,271.49889576771676,vertical,-0.0018834486748234847,6
2020-05-20 10:30:00-04:00,GLD,1,1.0,0.1,5049,164.56,164.60229808719336,4.998011718218573,-0.1230090483873492,False,5053,164.62,164.57768649055805,vertical,-0.00014952158579384367,5
2020-05-20 12:30:00-04:00,TLT,1,1.0,0.1,5051,135.14,135.17043536407152,6.071090367232786,-1.4621018448111929,False,5053,134.96,134.92960517437405,vertical,-0.0017816779908181868,3
2020-05-21 09:30:00-04:00,GLD,-1,1.0,0.1,5055,162.435,162.39446221734931,5.0579621935819175,0.5764716283751142,False,5060,162.24,162.2804891178456,vertical,0.0007018287320116334,6
2020-05-21 10:30:00-04:00,DIA,-1,1.0,0.1,5056,218.47,218.4042387287916,3.7621499280798845,-2.451714353931908,False,5060,218.99,219.05591779549567,vertical,-0.002983820600264586,5
2020-05-21 10:30:00-04:00,QQQ,1,1.0,0.1,5056,219.97,220.04645503975107,3.7340728387441273,-1.0189103729486708,False,5060,219.85,219.7735866686854,vertical,-0.0012400489297424988,5
2020-05-21 10:30:00-04:00,SPY,-1,1.0,0.1,5056,269.18,269.0926777785824,3.0534814169189683,-1.816151787700462,False,5060,269.6,269.68745846977555,vertical,-0.002210319121661586,5
2020-05-21 10:30:00-04:00,TLT,1,1.0,0.1,5056,135.84,135.8703872860077,6.047450864302371,-3.451041246099562,False,5060,135.33,135.29972680053427,vertical,-0.004200035761083076,5
2020-05-22 09:30:00-04:00,GLD,-1,1.0,0.1,5062,163.035,162.99494190341716,5.034321348544782,-1.3349089459269454,False,5067,163.22,163.2601035515334,vertical,-0.0016268090593472007,6
2020-05-22 09:30:00-04:00,TLT,1,1.0,0.1,5062,135.98,136.01029782452784,6.0331381436120175,0.05664365097743865,False,5067,136.05,136.01968657871,vertical,6.902973033917625e-05,6
2020-05-26 09:30:00-04:00,DIA,1,1.0,0.1,5069,224.43,224.49699802759937,3.654574878096279,-2.974067665777346,False,5074,223.75,223.68320496958805,vertical,-0.0036249618710325615,6
2020-05-26 09:30:00-04:00,GLD,-1,1.0,0.1,5069,161.5,161.46088172749603,5.081361382532184,2.855310837835803,False,5074,160.86,160.89896325272443,vertical,0.0034802143327816726,6
2020-05-26 09:30:00-04:00,IWM,1,1.0,0.09360132849892647,5069,129.18,129.24161939680027,5.94192306337651,-6.31501884689853,False,5074,128.24,128.17882898710587,vertical,-0.008223282984650582,6
2020-05-26 09:30:00-04:00,QQQ,1,1.0,0.1,5069,223.27,223.3461783996706,3.6734055405754127,-11.512547614589687,False,5074,220.28731335795356,220.21215263327338,lower,-0.0140321441309329,6
2020-05-26 09:30:00-04:00,SPY,1,1.0,0.1,5069,275.6,275.68848952190297,2.975971505457111,-6.506466715023826,False,5074,273.59,273.5021558479774,vertical,-0.007930449608966605,6
2020-05-26 09:30:00-04:00,TLT,-1,1.0,0.1,5069,134.4,134.37027928629675,6.1058226086709055,0.18670674312146834,False,5074,134.31,134.3397008114396,vertical,0.0002275687378159308,6
2020-05-27 09:30:00-04:00,GLD,-1,1.0,0.1,5076,160.035,159.9963936125096,5.112705745447524,-6.250226490685326,False,5081,161.18,161.21888260402855,vertical,-0.007640728418414566,6
2020-05-27 09:30:00-04:00,QQQ,-1,1.0,0.1,5076,217.83,217.75632032313257,3.756559073278308,-11.561308542140686,False,5081,220.75928240081578,220.833952889696,upper,-0.014133378824534137,6
2020-05-27 12:30:00-04:00,DIA,1,1.0,0.1,5079,225.93,225.99703111511462,3.615436403621564,9.16565772014883,False,5081,228.6,228.5321767232541,vertical,0.0112176058049549,3
2020-05-27 12:30:00-04:00,IWM,1,1.0,0.1,5079,130.41,130.47174869439908,6.262489018352955,10.806717898134172,False,5081,132.26,132.19737533685128,vertical,0.013226055906509604,3
2020-05-27 14:30:00-04:00,SPY,1,1.0,0.1,5081,276.21,276.2977053307233,2.959085012065043,3.444859789947136,False,5081,277.55,277.4618691772845,vertical,0.004213440155674375,1
2020-05-28 09:30:00-04:00,GLD,-1,1.0,0.1,5083,162.04,162.00107132349214,5.052898997664828,1.0217462743318624,False,5088,161.76,161.79886140898483,vertical,0.001248201094321888,6
2020-05-28 09:30:00-04:00,SPY,1,1.0,0.1,5083,278.45,278.53860905461426,2.938820774934653,-4.575094356038896,False,5088,277.07,276.9818300924332,vertical,-0.005589095771910801,6
2020-05-28 09:30:00-04:00,TLT,-1,1.0,0.1,5083,133.32,133.29060234091898,6.141281054589449,-1.896737382191707,False,5088,133.57,133.59945278520442,vertical,-0.0023171209287169425,6
2020-05-28 10:30:00-04:00,IWM,1,1.0,0.1,5084,132.67,132.7330298617527,6.167874259889746,-19.41591694626499,False,5088,129.6467127676144,129.58511923190596,lower,-0.023716106180393992,5
2020-05-28 11:30:00-04:00,QQQ,-1,1.0,0.1,5085,223.11,223.03382443761163,3.6698192340860314,9.66091164511154,False,5088,220.3260687232754,220.40129377904975,lower,0.011803279906982267,4
2020-05-29 09:30:00-04:00,GLD,1,1.0,0.1,5090,162.86,162.89878341685488,5.015719115248207,-0.18847246359295822,False,5095,162.9,162.86120705756076,vertical,-0.0002306730505038379,6
2020-05-29 09:30:00-04:00,IWM,-1,1.0,0.1,5090,127.35,127.28858090795369,6.41891468980579,-6.760957534453711,False,5095,128.28,128.34186761780686,vertical,-0.008274793405190328,6
2020-05-29 10:30:00-04:00,TLT,-1,1.0,0.1,5091,133.91,133.88040177403522,6.104147805157101,-6.399492164262306,False,5094,134.8989691638213,134.92878598236905,upper,-0.007830751883336262,4
2020-05-29 11:30:00-04:00,DIA,-1,1.0,0.1,5092,225.28,225.2128522709363,3.62959356189548,-7.5309482275410105,False,5095,227.22,227.28772597211406,vertical,-0.00921294535483086,4
2020-05-29 13:30:00-04:00,QQQ,1,1.0,0.1,5094,222.36,222.4360210659,3.66858398390185,4.35644254616078,False,5095,223.7,223.62352081110888,vertical,0.00533861260203472,2
2020-05-29 14:30:00-04:00,SPY,1,1.0,0.1,5095,277.68,277.7684181733814,2.9351068047012854,0.9187108207995087,False,5095,278.17,278.0814258020401,vertical,0.001126865432423907,1
2020-05-29 14:30:00-04:00,TLT,1,1.0,0.1,5095,134.67,134.69976620932476,6.052571561593142,-1.7521079882764063,False,5095,134.44,134.41028462774472,vertical,-0.002149087483419909,1
2020-06-01 09:30:00-04:00,IWM,-1,1.0,0.1,5097,130.1,130.03650157548012,6.269923055875397,2.2147714844198636,False,5102,129.62,129.6832641490105,vertical,0.0027164482448381877,6
2020-06-01 09:30:00-04:00,QQQ,1,1.0,0.1,5097,224.3,224.3769958400683,3.6337007556453074,1.80153503140445,False,5102,224.95,224.8727810333332,vertical,0.0022096079475915076,6
2020-06-01 09:30:00-04:00,TLT,-1,1.0,0.1,5097,133.19,133.1609653189177,6.12280676533704,-2.8664454998498985,False,5102,133.6,133.62912405880766,vertical,-0.0035157355518466993,6
2020-06-01 11:30:00-04:00,GLD,1,1.0,0.1,5099,163.5287,163.5671848042376,4.982146835759588,0.3701475261071641,False,5102,163.68,163.64147958885744,vertical,0.00045421570780690423,4
2020-06-01 12:30:00-04:00,SPY,1,1.0,0.1,5100,279.85,279.9403096312932,2.9105413830023896,-1.6313486477705597,False,5102,279.47,279.37981299747184,vertical,-0.0020022005211024485,3
2020-06-02 09:30:00-04:00,DIA,1,1.0,0.1,5104,230.19,230.25781130330094,3.5408471951857865,0.8295085918028624,False,5109,230.56,230.49207969899186,vertical,0.0010174177994870526,6
2020-06-02 10:30:00-04:00,GLD,1,1.0,0.1,5105,162.9,162.93754139415628,5.00137610061136,-1.975588783049432,False,5109,162.58,162.54253235198328,vertical,-0.002424297303084022,5
2020-06-02 10:30:00-04:00,QQQ,1,1.0,0.1,5105,223.42,223.49576706709237,3.646207425380341,8.373348466121948,False,5109,225.86881881740948,225.7922212972706,upper,0.010275157602823048,5
2020-06-02 12:30:00-04:00,TLT,-1,1.0,0.1,5107,132.8,132.77146157968545,6.140916440119973,-2.1931749417309097,False,5109,133.1,133.12860288963756,vertical,-0.0026898951454095155,3
2020-06-03 09:30:00-04:00,DIA,1,1.0,0.1,5111,233.48,233.5470017835057,3.4931346941994543,5.922509543047289,False,5116,235.31,235.24247306117556,vertical,0.00725965764802039,6
2020-06-03 09:30:00-04:00,GLD,-1,1.0,0.1,5111,159.275,159.23818094277286,5.123213100188656,-1.8889609903198628,False,5116,159.57,159.6068872513686,vertical,-0.0023154390888717735,6
2020-06-03 09:30:00-04:00,IWM,1,1.0,0.1,5111,133.5,133.56299077892945,6.108062794180301,1.0620509615317146,False,5116,133.8,133.73686766875835,vertical,0.0013018343540742716,6
2020-06-03 09:30:00-04:00,QQQ,1,1.0,0.1,5111,226.89,226.96532928656507,3.5944306437490607,1.111357349508935,False,5116,227.35,227.27451798977225,vertical,0.0013622728377902238,6
2020-06-03 09:30:00-04:00,SPY,1,1.0,0.1,5111,284.34,284.42744604266585,2.868257427357587,2.9392148639821034,False,5116,285.54,285.45218490883167,vertical,0.003602812880484363,6
2020-06-03 09:30:00-04:00,TLT,-1,1.0,0.1,5111,131.14,131.11220282773542,6.222236504775201,-1.7151033490961272,False,5116,131.36,131.38784380470244,vertical,-0.0021023289291324243,6
2020-06-04 09:30:00-04:00,QQQ,1,1.0,0.1,5118,228.04,228.11520110739303,3.5795696101360215,-8.411930807174327,False,5120,225.83969275669392,225.76521724806122,lower,-0.010301741610921789,3
2020-06-04 09:30:00-04:00,TLT,-1,1.0,0.1,5118,130.07,130.04268261003506,6.279124861971123,3.4880119959245457,False,5123,129.46,129.4871892773496,vertical,0.004271623143543235,6
2020-06-04 10:30:00-04:00,GLD,-1,1.0,0.1,5119,160.97,160.93300025933894,5.068473410382324,-2.0987414675382827,False,5123,161.31,161.34707789132162,vertical,-0.0025729814973647347,5
2020-06-04 10:30:00-04:00,IWM,1,1.0,0.1,5119,132.98,133.04254461284268,6.131005950323446,3.6453253037970996,False,5123,133.7,133.63711674885647,vertical,0.004469037613073379,5
2020-06-04 12:30:00-04:00,SPY,1,1.0,0.1,5121,284.01,284.09705419440274,2.870942584228436,1.5091886242395725,False,5123,284.71,284.6227312429548,vertical,0.0018503431865657394,3
2020-06-04 14:30:00-04:00,QQQ,1,1.0,0.1,5123,225.13,225.2042414721426,3.622053041980586,1.6709106410196093,False,5123,225.74,225.66555736720358,vertical,0.002048433422236595,1
2020-06-05 09:30:00-04:00,DIA,1,1.0,0.1,5125,241.55,241.61912525574465,3.3794283339898987,3.451807331665135,False,5130,242.71,242.64054278277052,vertical,0.004227386908816744,6
2020-06-05 09:30:00-04:00,GLD,-1,1.0,0.1,5125,157.4319,157.39567062542108,5.1877825779995685,-3.4794270382603343,False,5130,158.03,158.0663670137038,vertical,-0.004261212431178496,6
2020-06-05 09:30:00-04:00,IWM,1,1.0,0.1,5125,139.28,139.34503623758255,5.859803405777087,-3.39787937030191,False,5130,138.83,138.76517388811328,vertical,-0.0041613419833671506,6
2020-06-05 09:30:00-04:00,QQQ,1,1.0,0.1,5125,228.81,228.88556767106715,3.5674355802833517,4.275281873161296,False,5130,230.16,230.08398647273805,vertical,0.005235886272187962,6
2020-06-05 09:30:00-04:00,SPY,1,1.0,0.1,5125,290.87,290.95921370897804,2.806353878656781,2.641421831946409,False,5130,291.99,291.90044277208204,vertical,0.0032349175374299932,6
2020-06-05 09:30:00-04:00,TLT,-1,1.0,0.1,5125,126.48,126.45333515188464,6.457200333564696,-10.614882108236202,False,5129,128.07021808885784,128.0972181909565,upper,-0.012999918405452782,5
2020-06-08 09:30:00-04:00,GLD,-1,1.0,0.1,5132,159.32,159.28334709443186,5.121829526167927,-2.5271231632858004,False,5137,159.74,159.77674953009952,vertical,-0.003097639801448615,6
2020-06-08 09:30:00-04:00,QQQ,1,1.0,0.1,5132,229.21,229.28512571032968,3.558111969311933,8.063204562405852,False,5137,231.62719062046122,231.5512726534134,upper,0.009883532287858543,6
2020-06-08 10:30:00-04:00,DIA,1,1.0,0.1,5133,245.48,245.55019944012372,3.324397479747049,4.551662996786847,False,5137,246.99,246.91936874810105,vertical,0.005575924235041052,5
2020-06-08 10:30:00-04:00,IWM,1,1.0,0.1,5133,141.44,141.50612733313542,5.768700476470352,-0.35931731550230717,False,5137,141.51,141.44383993981904,vertical,-0.0004401745315928407,5
2020-06-08 11:30:00-04:00,TLT,-1,1.0,0.1,5134,128.8,128.7724228936813,6.334492090418366,-1.7432605619482127,False,5137,129.02,129.04762421007177,vertical,-0.002137113756240261,4
2020-06-08 13:30:00-04:00,SPY,1,1.0,0.1,5136,294.54,294.62977356047315,2.770540595310494,2.5215262221720898,False,5137,295.63,295.539894215785,vertical,0.0030890315133920154,2
2020-06-09 09:30:00-04:00,DIA,1,1.0,0.1,5139,244.33,244.39945304791243,3.3423676250578076,-0.13013348497372135,False,5144,244.43,244.3605185261686,vertical,-0.00015930691029908406,6
2020-06-09 09:30:00-04:00,GLD,1,1.0,0.1,5139,161.72,161.756850195006,5.050004487997863,-2.7956371113062883,False,5144,161.24,161.20325917979986,vertical,-0.0034223652014659933,6
2020-06-09 09:30:00-04:00,IWM,1,1.0,0.1,5139,138.71,138.7745189779666,5.886331478323294,0.7701741372431893,False,5144,138.97,138.90536008674198,vertical,0.0009428323710936048,6
2020-06-09 09:30:00-04:00,SPY,1,1.0,0.1,5139,292.76,292.848580741105,2.7894033748838303,1.29050316796928,False,5144,293.4,293.3112256133344,vertical,0.0015798091664249725,6
2020-06-09 09:30:00-04:00,TLT,1,1.0,0.1,5139,131.12,131.1478361507084,6.228641229813885,-4.207700521733586,False,5144,130.5,130.4722954723349,vertical,-0.005150986079535458,6
2020-06-09 10:30:00-04:00,QQQ,1,1.0,0.1,5140,233.57,233.64593071823688,3.496974257226656,-0.39122203664832705,False,5144,233.61,233.53405627825785,vertical,-0.00047882040844937634,5
2020-06-10 09:30:00-04:00,DIA,-1,1.0,0.1,5146,241.93,241.8610371452497,3.3751877834460298,-0.1279101806691481,False,5151,241.83,241.89893434945756,vertical,-0.0001566899929612564,6
2020-06-10 09:30:00-04:00,IWM,-1,1.0,0.1,5146,135.7,135.63713915879114,6.018457945419767,2.8560968810673217,False,5151,135.1,135.1625829008645,vertical,0.0034987191625376335,6
2020-06-10 09:30:00-04:00,QQQ,1,1.0,0.1,5146,235.3,235.3767769465668,3.46816890117222,7.486693163669454,False,5149,237.61299619864846,237.53546453561097,upper,0.00917120039218755,4
2020-06-10 09:30:00-04:00,SPY,-1,1.0,0.1,5146,291.75,291.66171898941855,2.798880911395333,-0.4941760707104023,False,5151,291.75,291.8382810105815,vertical,-0.000605365770231181,6
2020-06-10 10:30:00-04:00,TLT,1,1.0,0.1,5147,131.93,131.95785204774216,6.184790095448758,2.747224067019058,False,5151,132.43,132.40204239610026,vertical,0.003366153218357759,5
2020-06-10 13:30:00-04:00,GLD,1,1.0,0.1,5150,162.44,162.47660701051848,5.010087964592383,4.942687754298875,False,5151,163.5,163.4631541109347,vertical,0.006071933175908706,2
2020-06-10 13:30:00-04:00,QQQ,1,1.0,0.1,5150,237.77,237.84758289241472,3.4224526623817346,-4.84193083411193,False,5151,236.51,236.43282823785586,vertical,-0.005948156535182436,2
2020-06-11 09:30:00-04:00,DIA,-1,1.0,0.1,5153,233.53,233.46262366061364,3.501987913623452,15.814227799347972,False,5155,228.88080272821682,228.94683771577147,lower,0.019342650545240203,3
2020-06-11 09:30:00-04:00,GLD,1,1.0,0.1,5153,163.74,163.77697010909057,4.992052825239737,-7.05695390283379,False,5158,162.4,162.36333244340844,vertical,-0.008631480144861148,6
2020-06-11 09:30:00-04:00,IWM,-1,1.0,0.08599946710560284,5153,129.25,129.18984908297227,5.442511732847264,19.80387139314727,False,5157,125.49270927628866,125.55111160931196,lower,0.028165815654164428,5
2020-06-11 09:30:00-04:00,QQQ,1,1.0,0.1,5153,232.83,232.90729353051316,3.51033784279142,-10.263634260542291,False,5154,230.0598365366853,229.9834626287044,lower,-0.012553625339456032,2
2020-06-11 09:30:00-04:00,SPY,-1,1.0,0.1,5153,283.67,283.583301434088,2.883044531210935,12.810359562114623,False,5154,279.05466913299097,279.13995710713306,lower,0.015668568298926155,2
2020-06-11 09:30:00-04:00,TLT,1,1.0,0.1,5153,134.6,134.62848801000177,6.072884709821223,1.6576189971298891,False,5158,134.93,134.90144214569435,vertical,0.0020274619415787676,6
2020-06-11 11:30:00-04:00,QQQ,-1,1.0,0.1,5155,229.18,229.10391817496455,3.578928223102097,9.951266626075062,False,5157,226.24829375726281,226.32340233174665,lower,0.012136483153004973,3
2020-06-11 11:30:00-04:00,SPY,-1,1.0,0.1,5155,279.26,279.17464927022036,2.9370377321975494,13.041312139554103,False,5157,274.6504129955361,274.7343548890527,lower,0.015905077315489957,3
2020-06-11 14:30:00-04:00,DIA,-1,1.0,0.1,5158,225.32,225.25499234877518,3.654364568914118,-0.5116775036787236,False,5158,225.33,225.39501053635047,vertical,-0.0006215985986162131,1
2020-06-11 14:30:00-04:00,QQQ,-1,1.0,0.1,5158,225.33,225.25519627526296,3.654361260569876,1.0617330744535012,False,5158,224.89,224.9646576561315,vertical,0.0012898198307329523,1
2020-06-11 14:30:00-04:00,SPY,-1,1.0,0.1,5158,275.0,274.9159512615863,2.994238272580746,-0.29366316015478056,False,5158,274.93,275.01402734418934,vertical,-0.0003567493343072936,1
2020-06-12 09:30:00-04:00,DIA,-1,1.0,0.1,5160,230.29,230.22132586267338,3.5756232804852273,17.2960938893068,False,5163,225.31690985793642,225.38410098394968,lower,0.021011193731066857,4
2020-06-12 09:30:00-04:00,GLD,1,1.0,0.1,5160,163.61,163.64690972568812,5.0302491736544725,-5.249571173829749,False,5165,162.64,162.6033091022192,vertical,-0.006377148369121288,6
2020-06-12 09:30:00-04:00,IWM,-1,1.0,0.08513834262654973,5160,127.85,127.78965095639559,5.484370860166645,19.937102810292558,False,5163,124.09581604316634,124.15439299907963,lower,0.02844720155434477,4
2020-06-12 09:30:00-04:00,QQQ,-1,1.0,0.1,5160,228.7,228.62234691913542,3.600631099766963,11.406764519181884,False,5160,225.3778315177939,225.45435658546305,lower,0.013856870845582292,1
2020-06-12 09:30:00-04:00,SPY,-1,1.0,0.1,5160,279.94,279.8528405577417,2.9414914309183295,14.06086019486042,False,5160,274.9870426475487,275.0726599843546,lower,0.017081050754604754,1
2020-06-12 10:30:00-04:00,QQQ,-1,1.0,0.1,5161,225.73,225.6533553566088,3.6667221095767606,-3.3130445517088165,False,5165,226.48,226.5568992993188,vertical,-0.004004123675812599,5
2020-06-12 10:30:00-04:00,SPY,-1,1.0,0.1,5161,276.54,276.4538991492387,2.9929335405741466,-5.724714029875644,False,5165,278.28,278.3666426005274,vertical,-0.006918851414919658,5
2020-06-12 11:30:00-04:00,TLT,1,1.0,0.1,5162,133.61,133.63857549522837,6.17370886921211,0.20268138681204487,False,5165,133.7,133.67140525625302,vertical,0.0002456608124039583,4
2020-06-15 09:30:00-04:00,DIA,-1,1.0,0.1,5167,224.98,224.91129187023463,3.6816575230069217,-19.066974208880097,False,5170,230.01995489386448,230.09020220877898,upper,-0.023026457655724863,4
2020-06-15 09:30:00-04:00,GLD,-1,1.0,0.1,5167,161.4,161.36371472463208,5.131552351384075,-5.1001350820262195,False,5172,162.3211,162.35759235323127,vertical,-0.00615923865098944,6
2020-06-15 09:30:00-04:00,SPY,-1,1.0,0.1,5167,274.36,274.27289452349765,3.0190600903594356,-15.759991005632722,False,5170,279.4043522668361,279.49305925488477,upper,-0.019032740149026672,4
2020-06-15 09:30:00-04:00,TLT,1,1.0,0.1,5167,134.99,135.01898957493054,6.132814001423998,-8.20389144849568,False,5172,133.71,133.68128530954914,vertical,-0.009907526856724358,6
2020-06-15 11:30:00-04:00,IWM,-1,1.0,0.08526821950545678,5169,128.82,128.75838540689006,5.464506502012176,-11.826311846183748,False,5172,130.86,130.9225903249058,vertical,-0.016808263874827478,4
2020-06-15 12:30:00-04:00,QQQ,-1,1.0,0.1,5170,227.27,227.1910104088451,3.6257739479372284,-7.754324353268803,False,5172,229.25,229.32967775673103,vertical,-0.009413521001721215,3
2020-06-15 13:30:00-04:00,DIA,1,1.0,0.1,5171,231.77,231.84078177276075,3.541188793680629,-3.227185882492354,False,5172,231.0,230.92945338263047,vertical,-0.003930837289116473,2
2020-06-15 13:30:00-04:00,SPY,1,1.0,0.1,5171,281.61,281.6994072504659,2.914425650892096,-2.8810768609717665,False,5172,280.8,280.71084991324585,vertical,-0.003509263107327465,2
2020-06-16 09:30:00-04:00,DIA,1,1.0,0.1,5174,238.15,238.2245296485674,3.444919638901657,-20.93956680752276,False,5174,232.2188126166123,232.14613914823082,lower,-0.02551538462182512,1
2020-06-16 09:30:00-04:00,IWM,1,1.0,0.078890734875192,5174,135.59,135.65475476610442,4.772616677501599,-21.115121172451047,False,5174,131.29323434638718,131.23053161992362,lower,-0.03261384500535225,1
2020-06-16 09:30:00-04:00,QQQ,1,1.0,0.1,5174,234.38,234.4623565102994,3.500196674933658,-14.827845011328252,False,5174,230.30699274917978,230.22606741331336,lower,-0.01806809911850371,1
2020-06-16 09:30:00-04:00,SPY,1,1.0,0.1,5174,288.45,288.5432540435035,2.8441640868537816,-17.782180632789494,False,5174,282.38238235284444,282.29108993138993,lower,-0.0216680307874082,1
2020-06-16 09:30:00-04:00,TLT,-1,1.0,0.1,5174,130.82,130.79156453217172,6.274597016939845,-12.180064479347681,False,5174,132.70389037064976,132.73273532711912,upper,-0.014841712475041957,1
2020-06-16 10:30:00-04:00,GLD,1,1.0,0.1,5175,162.43,162.4669759232445,4.997814960424485,-0.8192985969464718,False,5179,162.34,162.30304456455391,vertical,-0.0010090134180131827,5
2020-06-17 09:30:00-04:00,DIA,1,1.0,0.1,5181,234.62,234.69431516980416,3.4593848274382077,-2.2778969714359323,False,5186,234.11,234.03584637114125,vertical,-0.0028056444323608654,6
2020-06-17 09:30:00-04:00,IWM,1,1.0,0.08344124125046759,5181,131.79,131.85293493526524,5.13797990154671,-2.3927958114214274,False,5186,131.45,131.3872274281765,vertical,-0.0035320223043756593,6
2020-06-17 09:30:00-04:00,TLT,-1,1.0,0.1,5181,132.26,132.23111414938174,6.1399917727927384,0.0751755228638221,False,5186,132.19,132.21887056247712,vertical,9.259232959946129e-05,6
2020-06-17 12:30:00-04:00,QQQ,1,1.0,0.1,5184,235.66,235.74278649736286,3.449974015198985,-6.468605638217456,False,5186,233.95,233.86781421939213,vertical,-0.007953466173149293,3
2020-06-18 09:30:00-04:00,GLD,-1,1.0,0.1,5188,161.51,161.47402005187175,5.021188798260812,-3.6760470957081877,False,5193,162.17,162.20612697782153,vertical,-0.004533899172848965,6
2020-06-18 09:30:00-04:00,TLT,-1,1.0,0.1,5188,133.38,133.35062267483704,6.080148142027347,-1.7559790597714262,False,5193,133.61,133.63942798331854,vertical,-0.002165758979511656,6
2020-06-18 14:30:00-04:00,DIA,-1,1.0,0.1,5193,232.9,232.82553525298627,3.4806242441159543,-3.3037572864368157,False,5193,233.7,233.77472052974284,vertical,-0.004076809168398032,1
2020-06-19 09:30:00-04:00,GLD,1,1.0,0.1,5195,163.24,163.2761775614598,4.9604172172976195,3.509356349013793,False,5200,164.02,163.98364957344626,vertical,0.0043329775509972634,6
2020-06-19 09:30:00-04:00,QQQ,1,1.0,0.1,5195,237.05,237.1325372961176,3.415465340966808,-12.099851130949435,False,5196,233.67123268450874,233.58987182508565,lower,-0.014939600914437356,2
2020-06-19 09:30:00-04:00,SPY,1,1.0,0.1,5195,287.56,287.65469586494925,2.81559096372498,-14.077354721390538,False,5198,282.7480202391921,282.6549089986189,lower,-0.01738121066056808,4
2020-06-19 11:30:00-04:00,DIA,-1,1.0,0.1,5197,232.49,232.41549827147682,3.475976016457764,1.4987796975324348,False,5200,231.91,231.98431586675477,vertical,0.0018552222546639463,4
2020-06-19 11:30:00-04:00,QQQ,1,1.0,0.1,5197,234.16,234.24153104095714,3.4488790021760836,0.7477363080146487,False,5200,234.54,234.45833664867573,vertical,0.0009255643384633583,4
2020-06-19 12:30:00-04:00,IWM,-1,1.0,0.09993230458925596,5198,130.74,130.67689375733733,6.177909855750789,-0.5943026017970926,False,5200,130.71,130.77309176211136,vertical,-0.0007361516026902493,3
2020-06-22 09:30:00-04:00,GLD,1,1.0,0.1,5202,165.4499,165.48648257208234,4.8814645533878185,-2.1624075485869776,False,5207,165.08,165.04349921638303,vertical,-0.0026768552259629486,6
2020-06-22 09:30:00-04:00,QQQ,1,1.0,0.1,5202,235.86,235.94330691541208,3.4237733178422425,4.871428810147613,False,5207,237.45,237.36613148874503,vertical,0.0060303663279714925,6
2020-06-22 09:30:00-04:00,TLT,1,1.0,0.1,5202,134.43,134.45987796542133,6.007862054940991,-4.683704662045534,False,5207,133.71,133.6802820593879,vertical,-0.005797981656906703,6
2020-06-23 09:30:00-04:00,DIA,1,1.0,0.1,5209,235.35,235.42588202291216,3.4304594017483736,-3.5384513424056037,False,5214,234.47,234.39440170846734,vertical,-0.004381337793371576,6
2020-06-23 09:30:00-04:00,GLD,1,1.0,0.1,5209,166.07,166.1067345807393,4.8620480827515395,1.4899589925724,False,5214,166.45,166.413181363497,vertical,0.00184487873734418,6
2020-06-23 09:30:00-04:00,QQQ,1,1.0,0.1,5209,239.83,239.91372927016647,3.366288927512539,-2.212619538848119,False,5214,239.34,239.25644179826693,vertical,-0.002739682609657401,6
2020-06-23 10:30:00-04:00,SPY,1,1.0,0.1,5210,288.43,288.5253454133922,2.800097289143049,-5.572461872493313,False,5214,286.63,286.535249607043,vertical,-0.006897473092001061,5
2020-06-23 10:30:00-04:00,TLT,-1,1.0,0.1,5210,132.69,132.66065172517278,6.089967349284475,-1.2102440762295517,False,5214,132.83,132.8593792399224,vertical,-0.001498014009167603,5
2020-06-24 09:30:00-04:00,DIA,-1,1.0,0.1,5216,231.22,231.14491718033997,3.4892160228096945,13.067496260349554,False,5217,227.3259892884691,227.399807627098,lower,0.016202430920512212,2
2020-06-24 09:30:00-04:00,IWM,-1,1.0,0.1,5216,130.23,130.16667899971503,6.196013870941792,16.72855812783008,False,5217,127.40484129928224,127.46678863854524,lower,0.020741793383049267,2
2020-06-24 09:30:00-04:00,SPY,-1,1.0,0.1,5216,283.16,283.0658961667987,2.8492112951021737,11.434610415072404,False,5217,278.9599335329324,279.05264153920103,lower,0.014177810474324537,2
2020-06-24 10:30:00-04:00,QQQ,1,1.0,0.1,5217,235.25,235.33254020875162,3.43932624487501,-2.87130548889897,False,5221,234.58,234.4976948685698,vertical,-0.0035475134014245624,5
2020-06-24 10:30:00-04:00,TLT,1,1.0,0.1,5217,133.99,134.01966844582458,6.03930297096836,1.2718972814468066,False,5221,134.26,134.23027177000967,vertical,0.0015714359438980807,5
2020-06-24 11:30:00-04:00,DIA,-1,1.0,0.1,5218,228.36,228.28584589266688,3.5496015793651217,-0.3133898196751098,False,5221,228.3,228.3741346238577,vertical,-0.00038674640929037274,4
2020-06-25 09:30:00-04:00,GLD,1,1.0,0.1,5223,165.4501,165.48643616914623,4.897358079945023,1.3573067911916412,False,5228,165.8,165.76358698577732,vertical,0.0016747645489676444,6
2020-06-25 09:30:00-04:00,IWM,-1,1.0,0.1,5223,129.39,129.32561133547262,6.266711805382187,-6.199064487425947,False,5228,130.25,130.3148166284465,vertical,-0.007648951222877676,6
2020-06-25 09:30:00-04:00,TLT,1,1.0,0.1,5223,134.97,135.000189603746,6.003297755900235,-2.5831976959913967,False,5228,134.6,134.56989315652206,vertical,-0.003187376613965953,6
2020-06-25 14:30:00-04:00,DIA,-1,1.0,0.1,5228,230.34,230.26300831302746,3.518363070601878,-1.9495850530698167,False,5228,230.74,230.81712538791373,vertical,-0.0024064528599097024,1
2020-06-25 14:30:00-04:00,SPY,-1,1.0,0.1,5228,281.71,281.61397572343196,2.8768063193350946,-2.2216029012415817,False,5228,282.29,282.3862219766156,vertical,-0.0027422156560228395,1
2020-06-26 09:30:00-04:00,DIA,-1,1.0,0.1,5230,226.64,226.56354420747994,3.5720076846012834,7.529259305169964,False,5235,224.38,224.45569339360063,vertical,0.00930357450600705,6
2020-06-26 09:30:00-04:00,GLD,-1,1.0,0.1,5230,164.73,164.6939599149394,4.913882217523938,-6.129711292441716,False,5231,165.9050901351032,165.94138730963394,upper,-0.007574214593776274,2
2020-06-26 09:30:00-04:00,IWM,-1,1.0,0.1,5230,127.9,127.83662458238972,6.330632740056758,5.594694325360815,False,5235,126.89,126.95287495496927,vertical,0.006913117663325585,6
2020-06-26 09:30:00-04:00,QQQ,-1,1.0,0.1,5230,233.1,233.01656203765992,3.4730866934206364,6.647031601269542,False,5235,231.02,231.10269342797,vertical,0.008213444542112036,6
2020-06-26 09:30:00-04:00,SPY,-1,1.0,0.1,5230,278.21,278.11396985708046,2.90991035572756,7.096827639985465,False,5235,275.58,275.67512234206447,vertical,0.008769237720310463,6
2020-06-26 09:30:00-04:00,TLT,1,1.0,0.1,5230,135.57,135.60006924462388,5.968188109842773,2.5648457266430267,False,5235,136.06,136.0298220740317,vertical,0.003169267035052492,6
2020-06-29 09:30:00-04:00,DIA,-1,1.0,0.1,5237,227.3,227.22175319812453,3.5719159995325596,-8.562828178826356,False,5242,229.54,229.61901790982182,vertical,-0.010550331022254777,6
2020-06-29 09:30:00-04:00,IWM,1,1.0,0.1,5237,130.49,130.5548001517508,6.216676941382728,2.9846065571471168,False,5242,131.1,131.03489692777586,vertical,0.0036773582853102393,6
2020-06-29 10:30:00-04:00,SPY,-1,1.0,0.1,5238,278.51,278.41199245588155,2.914479724056661,-3.8658030211016667,False,5242,279.64,279.73840519061173,vertical,-0.00476420833395097,5
2020-06-29 11:30:00-04:00,QQQ,-1,1.0,0.1,5239,232.82,232.73601976278286,3.4861136885698025,-3.340552525994014,False,5242,233.61,233.69426519721804,vertical,-0.004117306102475515,4
2020-06-29 12:30:00-04:00,TLT,1,1.0,0.1,5240,135.37,135.4001208411284,5.99388118470171,0.9572789644383829,False,5242,135.59,135.55983020722022,vertical,0.001179536363037803,3
2020-06-30 09:30:00-04:00,QQQ,-1,1.0,0.1,5244,235.34,235.25599879183875,3.4449038070518294,-10.407397871767179,False,5249,238.1920792792345,238.27709849583132,upper,-0.012841754172082664,6
2020-06-30 09:30:00-04:00,SPY,-1,1.0,0.1,5244,280.58,280.48259340744147,2.889428096140401,-10.934549340177833,False,5249,284.1682710750012,284.26692337737006,upper,-0.013492209708826142,6
2020-06-30 10:30:00-04:00,GLD,1,1.0,0.1,5245,167.78,167.8167590092018,4.824430581805154,-2.380499486094902,False,5249,167.36,167.323333008821,vertical,-0.0029402665341292655,5
2020-06-30 10:30:00-04:00,IWM,1,1.0,0.1,5245,132.6,132.66504455708835,6.102740228267314,0.12106192539278295,False,5249,132.75,132.6848818630959,vertical,0.00014952926050559867,5
2020-06-30 11:30:00-04:00,TLT,-1,1.0,0.1,5246,134.85,134.82012175883878,6.001980238474703,-1.0790544351602704,False,5249,134.97,134.99990482914,vertical,-0.0013335032482970632,4
2020-07-01 09:30:00-04:00,DIA,1,1.0,0.1,5251,232.51,232.58958503007523,3.4737851303381886,-6.76886960829948,False,5256,230.72,230.64102766272865,vertical,-0.008377663888495368,6
2020-07-01 09:30:00-04:00,GLD,-1,1.0,0.1,5251,165.9221,165.8856060835757,4.870622961355305,-3.5605838523115607,False,5256,166.58,166.61663861895406,vertical,-0.004406847300603367,6
2020-07-01 09:30:00-04:00,QQQ,1,1.0,0.1,5251,239.63,239.71550270751422,3.3705214423901264,3.972202964624691,False,5256,240.98,240.89401559714233,vertical,0.004916298179788781,6
2020-07-01 09:30:00-04:00,SPY,1,1.0,0.1,5251,285.61,285.7099051711255,2.827925204290957,-1.4979375855711694,False,5256,285.28,285.18021026148,vertical,-0.0018539606084999605,6
2020-07-01 09:30:00-04:00,TLT,-1,1.0,0.1,5251,133.75,133.72037869590378,6.042207252392079,-6.038888798605006,False,5256,134.69,134.71982948372874,vertical,-0.007474184545183116,6
2020-07-01 10:30:00-04:00,IWM,1,1.0,0.1,5252,131.22,131.28492290819597,6.141847929655739,1.166925674386521,False,5256,131.54,131.47491876738226,vertical,0.0014472024279525986,5
2020-07-02 09:30:00-04:00,DIA,1,1.0,0.1,5258,233.09,233.17086700455997,3.4596668837391746,-5.228475712503169,False,5263,231.74,231.65960135725803,vertical,-0.006481365647074577,6
2020-07-02 09:30:00-04:00,GLD,1,1.0,0.1,5258,167.12,167.15665702778907,4.825973079219443,-1.1740471275461244,False,5263,166.95,166.9133802609539,vertical,-0.0014553818625048232,6
2020-07-02 09:30:00-04:00,IWM,1,1.0,0.1,5258,133.13,133.19666155550942,6.0564095031183625,-7.163505107671169,False,5263,132.08,132.01386420602657,vertical,-0.00888008254613748,6
2020-07-02 09:30:00-04:00,QQQ,1,1.0,0.1,5258,243.32,243.4074996093806,3.314168742224484,-2.9984501094728944,False,5263,242.59,242.50276290383184,vertical,-0.003716963146167207,6
2020-07-02 09:30:00-04:00,SPY,1,1.0,0.1,5258,288.08,288.18209083896323,2.799249337389288,-4.265255101213475,False,5263,286.76,286.65837694744135,vertical,-0.005287330267769286,6
2020-07-06 09:30:00-04:00,DIA,1,1.0,0.1,5265,234.22,234.3014582229467,3.4340825687348877,4.658521606965783,False,5270,235.74,235.65801314372194,vertical,0.005789784370374695,6
2020-07-06 09:30:00-04:00,QQQ,1,1.0,0.1,5265,247.25,247.33967221465818,3.2530590273213065,3.9366940917521176,False,5270,248.64,248.54982366247674,vertical,0.004892670217369277,6
2020-07-06 09:30:00-04:00,SPY,1,1.0,0.1,5265,290.23,290.33297112898396,2.7713371663707074,2.061100789965842,False,5270,291.18,291.07669181911746,vertical,0.0025616129206458282,6
2020-07-06 09:30:00-04:00,TLT,-1,1.0,0.1,5265,133.77,133.7403402943934,6.0162143429682695,-3.4860033918967823,False,5270,134.29,134.31977500086646,vertical,-0.004332535009239358,6
2020-07-06 10:30:00-04:00,GLD,1,1.0,0.1,5266,167.75,167.78652682152835,4.801263811712993,0.7052982259776701,False,5270,167.97,167.9334252744434,vertical,0.000875508038087558,5
2020-07-07 09:30:00-04:00,GLD,1,1.0,0.1,5272,168.61,168.6465584225633,4.775656984513411,1.465175203650258,False,5277,168.99,168.95335918492992,vertical,0.0018191937341403008,6
2020-07-07 09:30:00-04:00,IWM,-1,1.0,0.1,5272,132.1,132.0346183066623,6.099901109073179,8.234678168057757,False,5277,130.62,130.6846491808007,vertical,0.010224357393348038,6
2020-07-07 09:30:00-04:00,QQQ,1,1.0,0.1,5272,250.2,250.29036557347587,3.2178550412817573,-10.581262728405253,False,5277,247.09131148034277,247.00206868232988,lower,-0.013137928356178219,6
2020-07-07 09:30:00-04:00,TLT,1,1.0,0.1,5272,134.6,134.62969435399853,5.982321496824692,5.524654300220337,False,5275,135.58310231533954,135.55319107732788,upper,0.006859532198751683,4
2020-07-07 13:30:00-04:00,DIA,1,1.0,0.1,5276,233.77,233.85045188476224,3.445626816771974,-5.583298210782453,False,5277,232.31,232.23005057385848,vertical,-0.006929220353622645,2
2020-07-07 14:30:00-04:00,SPY,1,1.0,0.1,5277,289.33,289.4316898834039,2.783657805443217,-3.766221033871817,False,5277,288.18,288.07871430339287,vertical,-0.004674593789491754,1
2020-07-07 14:30:00-04:00,TLT,1,1.0,0.1,5277,136.03,136.0600098289333,5.921495843632002,0.5326222691354366,False,5277,136.18,136.14995707929035,vertical,0.0006610851378752169,1
2020-07-08 09:30:00-04:00,GLD,1,1.0,0.1,5279,170.625,170.6619394609018,4.716814727317,-3.01289654806746,False,5284,170.06,170.02318285877823,vertical,-0.0037428181359084878,6
2020-07-08 09:30:00-04:00,QQQ,1,1.0,0.1,5279,248.93,249.0208040995974,3.2325843310653952,3.2583083171966467,False,5284,250.12,250.028761815003,vertical,0.004047684766942172,6
2020-07-08 09:30:00-04:00,TLT,1,1.0,0.1,5279,135.58,135.6092998965301,5.936029092811955,-0.051112762909041765,False,5284,135.63,135.60068929807954,vertical,-6.349563383289958e-05,6
2020-07-08 10:30:00-04:00,DIA,1,1.0,0.1,5280,232.01,232.08908887899426,3.465133239101476,5.7562856784525085,False,5284,233.83,233.75029070912797,vertical,0.007157604168974263,5
2020-07-08 10:30:00-04:00,IWM,-1,1.0,0.1,5280,129.61,129.5465619289449,6.207958006237841,-13.582294579306131,False,5284,131.67,131.7344463453115,vertical,-0.016888787967731966,5
2020-07-08 14:30:00-04:00,SPY,-1,1.0,0.1,5284,289.85,289.74870363277216,2.7765560950583694,-2.034599105899691,False,5284,290.38,290.48148159087674,vertical,-0.0025290120332455146,1
2020-07-09 09:30:00-04:00,IWM,-1,1.0,0.1,5286,129.83,129.76653187200034,6.195851171661715,12.70329870895174,False,5286,127.65383644239829,127.71624074056493,lower,0.015799845321117112,1
2020-07-09 09:30:00-04:00,QQQ,1,1.0,0.1,5286,251.43,251.52260396521925,3.1965879243711646,-10.028105790354179,False,5286,248.47699221424077,248.3854758687578,lower,-0.012472549373316988,1
2020-07-09 09:30:00-04:00,TLT,1,1.0,0.1,5286,136.45,136.4793341191448,5.891105226522545,5.302924789556544,False,5288,137.40903229140073,137.37949199880413,upper,0.006595561778411918,3
2020-07-09 10:30:00-04:00,DIA,-1,1.0,0.1,5287,229.63,229.551497182479,3.504583231051976,-4.056020646604223,False,5291,230.63,230.70884468407814,vertical,-0.0050417771864024186,5
2020-07-09 10:30:00-04:00,GLD,1,1.0,0.1,5287,169.29,169.3267416057901,4.751064835119238,1.0758866059179295,False,5291,169.59,169.55319328415177,vertical,0.001337365121505174,5
2020-07-09 10:30:00-04:00,IWM,-1,1.0,0.1,5287,128.12,128.05736781514813,6.282202589466526,-6.317976985809764,False,5291,129.0,129.06306237781683,vertical,-0.007853468955573373,5
2020-07-09 10:30:00-04:00,QQQ,1,1.0,0.1,5287,248.94,249.03168687547898,3.2304416268554963,9.402337679227085,False,5290,252.03505619786154,251.94222938491887,upper,0.011687438437885334,4
2020-07-09 10:30:00-04:00,SPY,-1,1.0,0.1,5287,286.36,286.25960492531254,2.810324313479322,-9.559379396440859,False,5290,289.5596098905799,289.66112671786533,upper,-0.011882646849318057,4
2020-07-09 12:30:00-04:00,TLT,1,1.0,0.1,5289,137.34,137.36952545198497,5.848954138853412,2.2860774977405796,False,5291,137.79,137.76037780669137,vertical,0.002845262465749787,3
2020-07-10 09:30:00-04:00,GLD,1,1.0,0.1,5293,169.72,169.75735863648933,4.736731469235933,-5.595124575121874,False,5295,168.6132531016679,168.5761380814587,lower,-0.006958287785096995,3
2020-07-10 09:30:00-04:00,TLT,1,1.0,0.1,5293,138.33,138.36003522141627,5.811613313779831,-5.847389335815388,False,5295,137.38370902359088,137.35387926779308,lower,-0.007272012846867626,3
2020-07-10 10:30:00-04:00,DIA,-1,1.0,0.1,5294,232.07,231.99037631869078,3.4638292395330557,-6.857937859977336,False,5298,233.89,233.97024812695054,vertical,-0.008534284221945354,5
2020-07-10 10:30:00-04:00,IWM,-1,1.0,0.1,5294,130.38,130.31576252797177,6.166368773773425,-5.234196857008368,False,5298,131.1,131.16459221186454,vertical,-0.006513637854903109,5
2020-07-10 12:30:00-04:00,SPY,1,1.0,0.1,5296,290.24,290.34253620143494,2.7642524167218334,3.6056746627413006,False,5298,291.75,291.64693034465046,vertical,0.0044926043571877905,3
2020-07-10 14:30:00-04:00,QQQ,1,1.0,0.1,5298,253.7,253.7944746600653,3.160983382440342,0.4770684715417043,False,5298,254.04,253.94539872824987,vertical,0.0005946704252988155,1
2020-07-10 14:30:00-04:00,TLT,1,1.0,0.1,5298,137.08,137.10976381227312,5.851079417320329,-0.2898027688628625,False,5298,137.09,137.06023401645373,vertical,-0.00036124193086051193,1
2020-07-13 09:30:00-04:00,DIA,1,1.0,0.1,5300,236.93,237.01065901283795,3.3843239595318417,-10.024696411970357,False,5305,234.1282670539242,234.0485618460652,lower,-0.012497738199243935,6
2020-07-13 09:30:00-04:00,GLD,-1,1.0,0.1,5300,169.805,169.76797026332943,4.724806750751618,1.7767099951241472,False,5305,169.355,169.3919316042157,vertical,0.0022150153443576404,6
2020-07-13 09:30:00-04:00,IWM,1,1.0,0.1,5300,132.09,132.15470229835407,6.069559675225941,11.812226162741347,False,5303,134.16656396097827,134.10084448902322,upper,0.014726242478118712,4
2020-07-13 09:30:00-04:00,QQQ,1,1.0,0.1,5300,258.22,258.3150981816998,3.10520313217373,-10.599397264202755,False,5303,254.99557765826765,254.90166697831734,lower,-0.01321421483842744,4
2020-07-13 09:30:00-04:00,SPY,1,1.0,0.1,5300,294.97,295.073297969339,2.7183783062774016,-9.00882171742693,False,5304,291.86146465879557,291.7592552930039,lower,-0.011231252367266076,5
2020-07-13 13:30:00-04:00,QQQ,1,1.0,0.1,5304,254.2,254.29361768177552,3.1540711637334913,-11.856275306866966,False,5305,250.62688082497363,250.5345790642598,lower,-0.014782276691740703,2
