,ret,combo,burn_in
2017-01-03 00:00:00-05:00,-0.005214619755322003,IS252_OOS10,True
2017-01-04 00:00:00-05:00,0.0011830109575754477,IS252_OOS10,True
2017-01-05 00:00:00-05:00,0.0018004407234222253,IS252_OOS10,True
2017-01-06 00:00:00-05:00,0.0009742132404404469,IS252_OOS10,True
2017-01-09 00:00:00-05:00,0.0,IS252_OOS10,True
2017-01-10 00:00:00-05:00,0.0,IS252_OOS10,True
2017-01-11 00:00:00-05:00,0.0,IS252_OOS10,True
2017-01-12 00:00:00-05:00,0.0,IS252_OOS10,True
2017-01-13 00:00:00-05:00,-0.0006081241138528037,IS252_OOS10,True
2017-01-17 00:00:00-05:00,0.0,IS252_OOS10,True
2017-01-18 00:00:00-05:00,0.0,IS252_OOS10,True
2017-01-19 00:00:00-05:00,0.0,IS252_OOS10,True
2017-01-20 00:00:00-05:00,-0.0011191485172438176,IS252_OOS10,True
2017-01-23 00:00:00-05:00,0.0,IS252_OOS10,True
2017-01-24 00:00:00-05:00,0.0024740122123856345,IS252_OOS10,True
2017-01-25 00:00:00-05:00,0.0026863956635130304,IS252_OOS10,True
2017-01-26 00:00:00-05:00,0.0,IS252_OOS10,True
2017-01-27 00:00:00-05:00,0.0,IS252_OOS10,True
2017-01-30 00:00:00-05:00,0.0,IS252_OOS10,True
2017-01-31 00:00:00-05:00,0.0,IS252_OOS10,True
2017-02-01 00:00:00-05:00,0.0,IS252_OOS10,True
2017-02-02 00:00:00-05:00,0.0,IS252_OOS10,True
2017-02-03 00:00:00-05:00,0.0009632838820530232,IS252_OOS10,True
2017-02-06 00:00:00-05:00,0.0,IS252_OOS10,True
2017-02-07 00:00:00-05:00,0.0,IS252_OOS10,True
2017-02-08 00:00:00-05:00,0.0,IS252_OOS10,True
2017-02-09 00:00:00-05:00,0.0015620039204538028,IS252_OOS10,True
2017-02-10 00:00:00-05:00,0.0013542172008855768,IS252_OOS10,True
2017-02-13 00:00:00-05:00,0.0009963704232858195,IS252_OOS10,True
2017-02-14 00:00:00-05:00,0.00457156945695969,IS252_OOS10,True
2017-02-15 00:00:00-05:00,0.0018268086664758876,IS252_OOS10,True
2017-02-16 00:00:00-05:00,0.001431741098887107,IS252_OOS10,True
2017-02-17 00:00:00-05:00,0.0,IS252_OOS10,True
2017-02-21 00:00:00-05:00,-0.0001509725994215394,IS252_OOS10,True
2017-02-22 00:00:00-05:00,0.0,IS252_OOS10,True
2017-02-23 00:00:00-05:00,0.0,IS252_OOS10,True
2017-02-24 00:00:00-05:00,0.0,IS252_OOS10,True
2017-02-27 00:00:00-05:00,0.0,IS252_OOS10,True
2017-02-28 00:00:00-05:00,0.0,IS252_OOS10,True
2017-03-01 00:00:00-05:00,0.0025624340135059764,IS252_OOS10,True
2017-03-02 00:00:00-05:00,-0.0039779279508346255,IS252_OOS10,True
2017-03-03 00:00:00-05:00,0.0,IS252_OOS10,True
2017-03-06 00:00:00-05:00,0.0,IS252_OOS10,True
2017-03-07 00:00:00-05:00,0.0,IS252_OOS10,True
2017-03-08 00:00:00-05:00,0.0,IS252_OOS10,True
2017-03-09 00:00:00-05:00,0.0,IS252_OOS10,True
2017-03-10 00:00:00-05:00,0.0,IS252_OOS10,True
2017-03-13 00:00:00-04:00,0.0,IS252_OOS10,True
2017-03-14 00:00:00-04:00,0.0,IS252_OOS10,True
2017-03-15 00:00:00-04:00,-0.0011691541198730615,IS252_OOS10,True
2017-03-16 00:00:00-04:00,0.0,IS252_OOS10,True
2017-03-17 00:00:00-04:00,0.0,IS252_OOS10,True
2017-03-20 00:00:00-04:00,0.0,IS252_OOS10,True
2017-03-21 00:00:00-04:00,0.0,IS252_OOS10,True
2017-03-22 00:00:00-04:00,0.0,IS252_OOS10,True
2017-03-23 00:00:00-04:00,0.0,IS252_OOS10,True
2017-03-24 00:00:00-04:00,0.0,IS252_OOS10,True
2017-03-27 00:00:00-04:00,0.0,IS252_OOS10,True
2017-03-28 00:00:00-04:00,0.0,IS252_OOS10,True
2017-03-29 00:00:00-04:00,0.0,IS252_OOS10,True
2017-03-30 00:00:00-04:00,0.0009243794963353924,IS252_OOS10,True
2017-03-31 00:00:00-04:00,0.0,IS252_OOS10,True
2017-04-03 00:00:00-04:00,0.0,IS252_OOS10,True
2017-04-04 00:00:00-04:00,0.0,IS252_OOS10,True
2017-04-05 00:00:00-04:00,0.0,IS252_OOS10,True
2017-04-06 00:00:00-04:00,0.0,IS252_OOS10,True
2017-04-07 00:00:00-04:00,0.0,IS252_OOS10,True
2017-04-10 00:00:00-04:00,0.0,IS252_OOS10,True
2017-04-11 00:00:00-04:00,0.0,IS252_OOS10,True
2017-04-12 00:00:00-04:00,0.0,IS252_OOS10,True
2017-04-13 00:00:00-04:00,0.0,IS252_OOS10,True
2017-04-17 00:00:00-04:00,0.0,IS252_OOS10,True
2017-04-18 00:00:00-04:00,0.0,IS252_OOS10,True
2017-04-19 00:00:00-04:00,0.0,IS252_OOS10,True
2017-04-20 00:00:00-04:00,0.0003887436959233437,IS252_OOS10,True
2017-04-21 00:00:00-04:00,-0.0016732351029350445,IS252_OOS10,True
2017-04-24 00:00:00-04:00,-5.399537920236508e-05,IS252_OOS10,True
2017-04-25 00:00:00-04:00,-0.0001999800019997222,IS252_OOS10,True
2017-04-26 00:00:00-04:00,-0.004535835145825562,IS252_OOS10,True
2017-04-27 00:00:00-04:00,0.0,IS252_OOS10,True
2017-04-28 00:00:00-04:00,0.0,IS252_OOS10,True
2017-05-01 00:00:00-04:00,0.0,IS252_OOS10,True
2017-05-02 00:00:00-04:00,0.0,IS252_OOS10,True
2017-05-03 00:00:00-04:00,0.0,IS252_OOS10,True
2017-05-04 00:00:00-04:00,0.0,IS252_OOS10,True
2017-05-05 00:00:00-04:00,0.0,IS252_OOS10,True
2017-05-08 00:00:00-04:00,0.0,IS252_OOS10,True
2017-05-09 00:00:00-04:00,0.0,IS252_OOS10,True
2017-05-10 00:00:00-04:00,0.0,IS252_OOS10,True
2017-05-11 00:00:00-04:00,0.0,IS252_OOS10,True
2017-05-12 00:00:00-04:00,0.0,IS252_OOS10,True
2017-05-15 00:00:00-04:00,0.0,IS252_OOS10,True
2017-05-16 00:00:00-04:00,0.0,IS252_OOS10,True
2017-05-17 00:00:00-04:00,0.0,IS252_OOS10,True
2017-05-18 00:00:00-04:00,0.0,IS252_OOS10,True
2017-05-19 00:00:00-04:00,0.0,IS252_OOS10,True
2017-05-22 00:00:00-04:00,0.0,IS252_OOS10,True
2017-05-23 00:00:00-04:00,0.0,IS252_OOS10,True
2017-05-24 00:00:00-04:00,0.0,IS252_OOS10,True
2017-05-25 00:00:00-04:00,0.0,IS252_OOS10,True
2017-05-26 00:00:00-04:00,0.0,IS252_OOS10,True
2017-05-30 00:00:00-04:00,0.0,IS252_OOS10,True
2017-05-31 00:00:00-04:00,0.0,IS252_OOS10,True
2017-06-01 00:00:00-04:00,0.0,IS252_OOS10,True
2017-06-02 00:00:00-04:00,0.0,IS252_OOS10,True
2017-06-05 00:00:00-04:00,0.0,IS252_OOS10,True
2017-06-06 00:00:00-04:00,0.0,IS252_OOS10,True
2017-06-07 00:00:00-04:00,0.0,IS252_OOS10,True
2017-06-08 00:00:00-04:00,0.0,IS252_OOS10,True
2017-06-09 00:00:00-04:00,0.0,IS252_OOS10,True
2017-06-12 00:00:00-04:00,0.0,IS252_OOS10,True
2017-06-13 00:00:00-04:00,0.0,IS252_OOS10,True
2017-06-14 00:00:00-04:00,0.0,IS252_OOS10,True
2017-06-15 00:00:00-04:00,0.0,IS252_OOS10,True
2017-06-16 00:00:00-04:00,0.0,IS252_OOS10,True
2017-06-19 00:00:00-04:00,0.0,IS252_OOS10,True
2017-06-20 00:00:00-04:00,0.0,IS252_OOS10,True
2017-06-21 00:00:00-04:00,0.0,IS252_OOS10,True
2017-06-22 00:00:00-04:00,0.0,IS252_OOS10,True
2017-06-23 00:00:00-04:00,0.0,IS252_OOS10,True
2017-06-26 00:00:00-04:00,0.0,IS252_OOS10,True
2017-06-27 00:00:00-04:00,0.0,IS252_OOS10,True
2017-06-28 00:00:00-04:00,0.0,IS252_OOS10,True
2017-06-29 00:00:00-04:00,0.0,IS252_OOS10,True
2017-06-30 00:00:00-04:00,0.0,IS252_OOS10,True
2017-07-03 00:00:00-04:00,0.0,IS252_OOS10,True
2017-07-05 00:00:00-04:00,0.0,IS252_OOS10,True
2017-07-06 00:00:00-04:00,0.0,IS252_OOS10,True
2017-07-07 00:00:00-04:00,0.0,IS252_OOS10,True
2017-07-10 00:00:00-04:00,0.0,IS252_OOS10,True
2017-07-11 00:00:00-04:00,0.0,IS252_OOS10,True
2017-07-12 00:00:00-04:00,0.0,IS252_OOS10,True
2017-07-13 00:00:00-04:00,0.0,IS252_OOS10,True
2017-07-14 00:00:00-04:00,0.0,IS252_OOS10,True
2017-07-17 00:00:00-04:00,0.0,IS252_OOS10,True
2017-07-18 00:00:00-04:00,0.0,IS252_OOS10,True
2017-07-19 00:00:00-04:00,0.0,IS252_OOS10,True
2017-07-20 00:00:00-04:00,0.0,IS252_OOS10,True
2017-07-21 00:00:00-04:00,0.0,IS252_OOS10,True
2017-07-24 00:00:00-04:00,0.0,IS252_OOS10,True
2017-07-25 00:00:00-04:00,0.0,IS252_OOS10,True
2017-07-26 00:00:00-04:00,0.0,IS252_OOS10,True
2017-07-27 00:00:00-04:00,0.0,IS252_OOS10,True
2017-07-28 00:00:00-04:00,0.0,IS252_OOS10,True
2017-07-31 00:00:00-04:00,0.0,IS252_OOS10,True
2017-08-01 00:00:00-04:00,0.0,IS252_OOS10,True
2017-08-02 00:00:00-04:00,0.0,IS252_OOS10,True
2017-08-03 00:00:00-04:00,0.0,IS252_OOS10,True
2017-08-04 00:00:00-04:00,0.0,IS252_OOS10,True
2017-08-07 00:00:00-04:00,0.0,IS252_OOS10,True
2017-08-08 00:00:00-04:00,0.0,IS252_OOS10,True
2017-08-09 00:00:00-04:00,0.0,IS252_OOS10,True
2017-08-10 00:00:00-04:00,0.0,IS252_OOS10,True
2017-08-11 00:00:00-04:00,0.0,IS252_OOS10,True
2017-08-14 00:00:00-04:00,0.0,IS252_OOS10,True
2017-08-15 00:00:00-04:00,0.0,IS252_OOS10,True
2017-08-16 00:00:00-04:00,0.0,IS252_OOS10,True
2017-08-17 00:00:00-04:00,0.0,IS252_OOS10,True
2017-08-18 00:00:00-04:00,0.0,IS252_OOS10,True
2017-08-21 00:00:00-04:00,0.0,IS252_OOS10,True
2017-08-22 00:00:00-04:00,0.0,IS252_OOS10,True
2017-08-23 00:00:00-04:00,0.0,IS252_OOS10,True
2017-08-24 00:00:00-04:00,0.0,IS252_OOS10,True
2017-08-25 00:00:00-04:00,-1.2180193557975727e-05,IS252_OOS10,True
2017-08-28 00:00:00-04:00,-0.001657900414829938,IS252_OOS10,True
2017-08-29 00:00:00-04:00,-0.004675086369127945,IS252_OOS10,True
2017-08-30 00:00:00-04:00,0.0,IS252_OOS10,True
2017-08-31 00:00:00-04:00,0.0,IS252_OOS10,True
2017-09-01 00:00:00-04:00,0.0,IS252_OOS10,True
2017-09-05 00:00:00-04:00,0.0,IS252_OOS10,True
2017-09-06 00:00:00-04:00,0.0,IS252_OOS10,True
2017-09-07 00:00:00-04:00,0.0,IS252_OOS10,True
2017-09-08 00:00:00-04:00,0.0,IS252_OOS10,True
2017-09-11 00:00:00-04:00,0.0,IS252_OOS10,True
2017-09-12 00:00:00-04:00,0.0,IS252_OOS10,True
2017-09-13 00:00:00-04:00,0.0,IS252_OOS10,True
2017-09-14 00:00:00-04:00,0.0,IS252_OOS10,True
2017-09-15 00:00:00-04:00,0.0,IS252_OOS10,True
2017-09-18 00:00:00-04:00,0.0,IS252_OOS10,True
2017-09-19 00:00:00-04:00,0.0,IS252_OOS10,True
2017-09-20 00:00:00-04:00,0.0,IS252_OOS10,True
2017-09-21 00:00:00-04:00,0.0,IS252_OOS10,True
2017-09-22 00:00:00-04:00,0.0,IS252_OOS10,True
2017-09-25 00:00:00-04:00,0.0,IS252_OOS10,True
2017-09-26 00:00:00-04:00,0.0,IS252_OOS10,True
2017-09-27 00:00:00-04:00,0.0,IS252_OOS10,True
2017-09-28 00:00:00-04:00,0.0,IS252_OOS10,True
2017-09-29 00:00:00-04:00,0.0,IS252_OOS10,True
2017-10-02 00:00:00-04:00,0.0,IS252_OOS10,True
2017-10-03 00:00:00-04:00,0.0,IS252_OOS10,True
2017-10-04 00:00:00-04:00,7.085841598719611e-05,IS252_OOS10,True
2017-10-05 00:00:00-04:00,0.0025782529828706213,IS252_OOS10,True
2017-10-06 00:00:00-04:00,0.0007439484438014343,IS252_OOS10,True
2017-10-09 00:00:00-04:00,0.0,IS252_OOS10,True
2017-10-10 00:00:00-04:00,0.0,IS252_OOS10,True
2017-10-11 00:00:00-04:00,0.0,IS252_OOS10,True
2017-10-12 00:00:00-04:00,0.0,IS252_OOS10,True
2017-10-13 00:00:00-04:00,0.0,IS252_OOS10,True
2017-10-16 00:00:00-04:00,0.0,IS252_OOS10,True
2017-10-17 00:00:00-04:00,0.0,IS252_OOS10,True
2017-10-18 00:00:00-04:00,0.0,IS252_OOS10,True
2017-10-19 00:00:00-04:00,0.0,IS252_OOS10,True
2017-10-20 00:00:00-04:00,0.0017145780411937928,IS252_OOS10,True
2017-10-23 00:00:00-04:00,0.0,IS252_OOS10,True
2017-10-24 00:00:00-04:00,0.0,IS252_OOS10,True
2017-10-25 00:00:00-04:00,-0.0033130751302099526,IS252_OOS10,True
2017-10-26 00:00:00-04:00,0.0,IS252_OOS10,True
2017-10-27 00:00:00-04:00,0.00037670826936309076,IS252_OOS10,True
2017-10-30 00:00:00-04:00,0.0,IS252_OOS10,True
2017-10-31 00:00:00-04:00,0.0,IS252_OOS10,True
2017-11-01 00:00:00-04:00,0.0,IS252_OOS10,True
2017-11-02 00:00:00-04:00,0.0,IS252_OOS10,True
2017-11-03 00:00:00-04:00,0.0,IS252_OOS10,True
2017-11-06 00:00:00-05:00,0.0,IS252_OOS10,True
2017-11-07 00:00:00-05:00,0.0,IS252_OOS10,True
2017-11-08 00:00:00-05:00,0.0,IS252_OOS10,True
2017-11-09 00:00:00-05:00,0.0,IS252_OOS10,True
2017-11-10 00:00:00-05:00,0.0,IS252_OOS10,True
2017-11-13 00:00:00-05:00,0.0,IS252_OOS10,True
2017-11-14 00:00:00-05:00,0.0,IS252_OOS10,True
2017-11-15 00:00:00-05:00,0.0,IS252_OOS10,True
2017-11-16 00:00:00-05:00,0.0,IS252_OOS10,True
2017-11-17 00:00:00-05:00,0.0,IS252_OOS10,True
2017-11-20 00:00:00-05:00,0.0,IS252_OOS10,True
2017-11-21 00:00:00-05:00,0.0,IS252_OOS10,True
2017-11-22 00:00:00-05:00,0.0,IS252_OOS10,True
2017-11-24 00:00:00-05:00,0.0,IS252_OOS10,True
2017-11-27 00:00:00-05:00,0.0,IS252_OOS10,True
2017-11-28 00:00:00-05:00,0.0,IS252_OOS10,True
2017-11-29 00:00:00-05:00,0.0,IS252_OOS10,True
2017-11-30 00:00:00-05:00,0.0016887425767160291,IS252_OOS10,True
2017-12-01 00:00:00-05:00,0.0,IS252_OOS10,True
2017-12-04 00:00:00-05:00,-0.007322584157988032,IS252_OOS10,True
2017-12-05 00:00:00-05:00,0.0,IS252_OOS10,True
2017-12-06 00:00:00-05:00,0.0,IS252_OOS10,True
2017-12-07 00:00:00-05:00,0.0,IS252_OOS10,True
2017-12-08 00:00:00-05:00,0.0,IS252_OOS10,True
2017-12-11 00:00:00-05:00,0.0015187015399624748,IS252_OOS10,True
2017-12-12 00:00:00-05:00,0.00018556351657372794,IS252_OOS10,True
2017-12-13 00:00:00-05:00,-0.0028484568761667495,IS252_OOS10,True
2017-12-14 00:00:00-05:00,0.0,IS252_OOS10,True
2017-12-15 00:00:00-05:00,0.0,IS252_OOS10,True
2017-12-18 00:00:00-05:00,0.0,IS252_OOS10,True
2017-12-19 00:00:00-05:00,0.0,IS252_OOS10,True
2017-12-20 00:00:00-05:00,0.0,IS252_OOS10,True
2017-12-21 00:00:00-05:00,0.0,IS252_OOS10,True
2017-12-22 00:00:00-05:00,0.0,IS252_OOS10,True
2017-12-26 00:00:00-05:00,0.0,IS252_OOS10,True
2017-12-27 00:00:00-05:00,0.0,IS252_OOS10,True
2017-12-28 00:00:00-05:00,0.0006494316797454047,IS252_OOS10,True
2017-12-29 00:00:00-05:00,-0.002953850283754833,IS252_OOS10,True
2018-01-02 00:00:00-05:00,0.001239799781140194,IS252_OOS10,True
2018-01-03 00:00:00-05:00,0.0019478633434044657,IS252_OOS10,True
2018-01-04 00:00:00-05:00,-0.0014120107929009862,IS252_OOS10,True
2018-01-05 00:00:00-05:00,0.0025515336882624418,IS252_OOS10,True
2018-01-08 00:00:00-05:00,-0.000407407392040815,IS252_OOS10,True
2018-01-09 00:00:00-05:00,-0.00036556463598425015,IS252_OOS10,True
2018-01-10 00:00:00-05:00,0.0014615073598580608,IS252_OOS10,True
2018-01-11 00:00:00-05:00,0.003280606692207755,IS252_OOS10,True
2018-01-12 00:00:00-05:00,0.002465606597666703,IS252_OOS10,True
2018-01-16 00:00:00-05:00,-0.004181878872523637,IS252_OOS10,True
2018-01-17 00:00:00-05:00,0.0,IS252_OOS10,True
2018-01-18 00:00:00-05:00,0.0,IS252_OOS10,True
2018-01-19 00:00:00-05:00,0.0,IS252_OOS10,True
2018-01-22 00:00:00-05:00,0.0,IS252_OOS10,True
2018-01-23 00:00:00-05:00,0.0,IS252_OOS10,True
2018-01-24 00:00:00-05:00,-0.004168635186111658,IS252_OOS10,True
2018-01-25 00:00:00-05:00,0.0,IS252_OOS10,True
2018-01-26 00:00:00-05:00,0.0,IS252_OOS10,True
2018-01-29 00:00:00-05:00,0.0,IS252_OOS10,True
2018-01-30 00:00:00-05:00,0.0,IS252_OOS10,True
2018-01-31 00:00:00-05:00,0.0,IS252_OOS10,True
2018-02-01 00:00:00-05:00,0.0,IS252_OOS10,True
2018-02-02 00:00:00-05:00,0.0,IS252_OOS10,True
2018-02-05 00:00:00-05:00,0.019950006261620024,IS252_OOS10,True
2018-02-06 00:00:00-05:00,-0.004900033919871927,IS252_OOS10,True
2018-02-07 00:00:00-05:00,0.009976066975233788,IS252_OOS10,True
2018-02-08 00:00:00-05:00,0.0,IS252_OOS10,True
2018-02-09 00:00:00-05:00,-0.03215483333907454,IS252_OOS10,True
2018-02-12 00:00:00-05:00,0.0,IS252_OOS10,True
2018-02-13 00:00:00-05:00,0.0,IS252_OOS10,True
2018-02-14 00:00:00-05:00,0.0,IS252_OOS10,True
2018-02-15 00:00:00-05:00,0.0,IS252_OOS10,True
2018-02-16 00:00:00-05:00,0.0,IS252_OOS10,True
2018-02-20 00:00:00-05:00,0.0,IS252_OOS10,True
2018-02-21 00:00:00-05:00,0.0,IS252_OOS10,True
2018-02-22 00:00:00-05:00,0.0,IS252_OOS10,True
2018-02-23 00:00:00-05:00,0.0,IS252_OOS10,True
2018-02-26 00:00:00-05:00,0.0,IS252_OOS10,True
2018-02-27 00:00:00-05:00,0.0,IS252_OOS10,True
2018-02-28 00:00:00-05:00,0.0,IS252_OOS10,True
2018-03-01 00:00:00-05:00,0.0,IS252_OOS10,True
2018-03-02 00:00:00-05:00,0.0,IS252_OOS10,True
2018-03-05 00:00:00-05:00,0.0,IS252_OOS10,True
2018-03-06 00:00:00-05:00,0.0,IS252_OOS10,True
2018-03-07 00:00:00-05:00,0.0,IS252_OOS10,True
2018-03-08 00:00:00-05:00,0.0,IS252_OOS10,True
2018-03-09 00:00:00-05:00,0.0,IS252_OOS10,True
2018-03-12 00:00:00-04:00,0.0,IS252_OOS10,True
2018-03-13 00:00:00-04:00,0.0,IS252_OOS10,True
2018-03-14 00:00:00-04:00,0.0,IS252_OOS10,True
2018-03-15 00:00:00-04:00,0.0,IS252_OOS10,True
2018-03-16 00:00:00-04:00,0.0,IS252_OOS10,True
2018-03-19 00:00:00-04:00,0.0,IS252_OOS10,True
2018-03-20 00:00:00-04:00,0.0,IS252_OOS10,True
2018-03-21 00:00:00-04:00,0.0,IS252_OOS10,True
2018-03-22 00:00:00-04:00,0.0,IS252_OOS10,True
2018-03-23 00:00:00-04:00,0.0,IS252_OOS10,True
2018-03-26 00:00:00-04:00,0.0,IS252_OOS10,True
2018-03-27 00:00:00-04:00,0.0,IS252_OOS10,True
2018-03-28 00:00:00-04:00,0.0,IS252_OOS10,True
2018-03-29 00:00:00-04:00,0.0,IS252_OOS10,True
2018-04-02 00:00:00-04:00,0.0,IS252_OOS10,True
2018-04-03 00:00:00-04:00,0.0,IS252_OOS10,True
2018-04-04 00:00:00-04:00,0.0,IS252_OOS10,True
2018-04-05 00:00:00-04:00,0.0,IS252_OOS10,True
2018-04-06 00:00:00-04:00,0.0,IS252_OOS10,True
2018-04-09 00:00:00-04:00,0.0,IS252_OOS10,True
2018-04-10 00:00:00-04:00,0.0,IS252_OOS10,True
2018-04-11 00:00:00-04:00,0.0,IS252_OOS10,True
2018-04-12 00:00:00-04:00,0.0,IS252_OOS10,True
2018-04-13 00:00:00-04:00,0.0,IS252_OOS10,True
2018-04-16 00:00:00-04:00,0.0,IS252_OOS10,True
2018-04-17 00:00:00-04:00,0.0,IS252_OOS10,True
2018-04-18 00:00:00-04:00,0.0,IS252_OOS10,True
2018-04-19 00:00:00-04:00,0.0,IS252_OOS10,True
2018-04-20 00:00:00-04:00,0.0,IS252_OOS10,True
2018-04-23 00:00:00-04:00,0.0,IS252_OOS10,True
2018-04-24 00:00:00-04:00,0.0,IS252_OOS10,True
2018-04-25 00:00:00-04:00,0.0,IS252_OOS10,True
2018-04-26 00:00:00-04:00,-0.003956479468526286,IS252_OOS10,True
2018-04-27 00:00:00-04:00,0.0,IS252_OOS10,True
2018-04-30 00:00:00-04:00,0.0,IS252_OOS10,True
2018-05-01 00:00:00-04:00,-0.0038031078174288746,IS252_OOS10,True
2018-05-02 00:00:00-04:00,0.0066767710623807375,IS252_OOS10,True
2018-05-03 00:00:00-04:00,-0.010604564784973514,IS252_OOS10,True
2018-05-04 00:00:00-04:00,-0.00858404940069979,IS252_OOS10,True
2018-05-07 00:00:00-04:00,-0.0020627510419690687,IS252_OOS10,True
2018-05-08 00:00:00-04:00,0.0026073716814660752,IS252_OOS10,True
2018-05-09 00:00:00-04:00,0.0,IS252_OOS10,True
2018-05-10 00:00:00-04:00,0.0,IS252_OOS10,True
2018-05-11 00:00:00-04:00,0.0,IS252_OOS10,True
2018-05-14 00:00:00-04:00,0.0,IS252_OOS10,True
2018-05-15 00:00:00-04:00,0.0,IS252_OOS10,True
2018-05-16 00:00:00-04:00,0.0,IS252_OOS10,True
2018-05-17 00:00:00-04:00,0.0,IS252_OOS10,True
2018-05-18 00:00:00-04:00,0.0,IS252_OOS10,True
2018-05-21 00:00:00-04:00,0.0,IS252_OOS10,True
2018-05-22 00:00:00-04:00,0.0,IS252_OOS10,True
2018-05-23 00:00:00-04:00,0.0,IS252_OOS10,True
2018-05-24 00:00:00-04:00,0.0,IS252_OOS10,True
2018-05-25 00:00:00-04:00,0.0,IS252_OOS10,True
2018-05-29 00:00:00-04:00,0.0,IS252_OOS10,True
2018-05-30 00:00:00-04:00,0.0,IS252_OOS10,True
2018-05-31 00:00:00-04:00,0.0,IS252_OOS10,True
2018-06-01 00:00:00-04:00,0.0,IS252_OOS10,True
2018-06-04 00:00:00-04:00,0.0,IS252_OOS10,True
2018-06-05 00:00:00-04:00,0.0,IS252_OOS10,True
2018-06-06 00:00:00-04:00,0.0,IS252_OOS10,True
2018-06-07 00:00:00-04:00,0.0,IS252_OOS10,True
2018-06-08 00:00:00-04:00,0.0,IS252_OOS10,True
2018-06-11 00:00:00-04:00,0.0,IS252_OOS10,True
2018-06-12 00:00:00-04:00,0.0,IS252_OOS10,True
2018-06-13 00:00:00-04:00,0.0,IS252_OOS10,True
2018-06-14 00:00:00-04:00,0.0,IS252_OOS10,True
2018-06-15 00:00:00-04:00,0.0,IS252_OOS10,True
2018-06-18 00:00:00-04:00,0.0,IS252_OOS10,True
2018-06-19 00:00:00-04:00,0.0,IS252_OOS10,True
2018-06-20 00:00:00-04:00,0.0,IS252_OOS10,True
2018-06-21 00:00:00-04:00,0.0,IS252_OOS10,True
2018-06-22 00:00:00-04:00,0.0,IS252_OOS10,True
2018-06-25 00:00:00-04:00,0.0,IS252_OOS10,True
2018-06-26 00:00:00-04:00,0.0,IS252_OOS10,True
2018-06-27 00:00:00-04:00,0.0,IS252_OOS10,True
2018-06-28 00:00:00-04:00,-0.00045087483291650354,IS252_OOS10,True
2018-06-29 00:00:00-04:00,0.0,IS252_OOS10,True
2018-07-02 00:00:00-04:00,0.0,IS252_OOS10,True
2018-07-03 00:00:00-04:00,0.0,IS252_OOS10,True
2018-07-05 00:00:00-04:00,0.0,IS252_OOS10,True
2018-07-06 00:00:00-04:00,0.0,IS252_OOS10,True
2018-07-09 00:00:00-04:00,0.0,IS504_OOS63,False
2018-07-10 00:00:00-04:00,0.0,IS504_OOS63,False
2018-07-11 00:00:00-04:00,0.0,IS504_OOS63,False
2018-07-12 00:00:00-04:00,0.0,IS504_OOS63,False
2018-07-13 00:00:00-04:00,0.0,IS504_OOS63,False
2018-07-16 00:00:00-04:00,0.0,IS504_OOS63,False
2018-07-17 00:00:00-04:00,0.0,IS504_OOS63,False
2018-07-18 00:00:00-04:00,0.0,IS504_OOS63,False
2018-07-19 00:00:00-04:00,0.0,IS504_OOS63,False
2018-07-20 00:00:00-04:00,0.0,IS504_OOS63,False
2018-07-23 00:00:00-04:00,0.0,IS504_OOS63,False
2018-07-24 00:00:00-04:00,0.0,IS504_OOS63,False
2018-07-25 00:00:00-04:00,0.0,IS504_OOS63,False
2018-07-26 00:00:00-04:00,0.0,IS504_OOS63,False
2018-07-27 00:00:00-04:00,0.0,IS504_OOS63,False
2018-07-30 00:00:00-04:00,0.0,IS504_OOS63,False
2018-07-31 00:00:00-04:00,0.0,IS504_OOS63,False
2018-08-01 00:00:00-04:00,0.0,IS504_OOS63,False
2018-08-02 00:00:00-04:00,0.0,IS504_OOS63,False
2018-08-03 00:00:00-04:00,0.0,IS504_OOS63,False
2018-08-06 00:00:00-04:00,0.0,IS504_OOS63,False
2018-08-07 00:00:00-04:00,0.0,IS504_OOS63,False
2018-08-08 00:00:00-04:00,0.0,IS504_OOS63,False
2018-08-09 00:00:00-04:00,0.0,IS504_OOS63,False
2018-08-10 00:00:00-04:00,0.0,IS504_OOS63,False
2018-08-13 00:00:00-04:00,0.0,IS504_OOS63,False
2018-08-14 00:00:00-04:00,0.0,IS504_OOS63,False
2018-08-15 00:00:00-04:00,0.0,IS504_OOS63,False
2018-08-16 00:00:00-04:00,0.0,IS504_OOS63,False
2018-08-17 00:00:00-04:00,0.0,IS504_OOS63,False
2018-08-20 00:00:00-04:00,0.0,IS504_OOS21,False
2018-08-21 00:00:00-04:00,0.0,IS504_OOS21,False
2018-08-22 00:00:00-04:00,0.0,IS504_OOS21,False
2018-08-23 00:00:00-04:00,0.0,IS504_OOS21,False
2018-08-24 00:00:00-04:00,0.0,IS504_OOS21,False
2018-08-27 00:00:00-04:00,0.0,IS504_OOS21,False
2018-08-28 00:00:00-04:00,0.0,IS504_OOS21,False
2018-08-29 00:00:00-04:00,0.0,IS504_OOS21,False
2018-08-30 00:00:00-04:00,0.0,IS504_OOS21,False
2018-08-31 00:00:00-04:00,0.0,IS504_OOS21,False
2018-09-04 00:00:00-04:00,0.0,IS504_OOS10,False
2018-09-05 00:00:00-04:00,0.0,IS504_OOS10,False
2018-09-06 00:00:00-04:00,0.0,IS504_OOS10,False
2018-09-07 00:00:00-04:00,0.0,IS504_OOS10,False
2018-09-10 00:00:00-04:00,0.0,IS504_OOS10,False
2018-09-11 00:00:00-04:00,0.0,IS504_OOS10,False
2018-09-12 00:00:00-04:00,0.0,IS504_OOS10,False
2018-09-13 00:00:00-04:00,0.0,IS504_OOS10,False
2018-09-14 00:00:00-04:00,0.0,IS504_OOS10,False
2018-09-17 00:00:00-04:00,0.0,IS504_OOS10,False
2018-09-18 00:00:00-04:00,0.0,IS504_OOS10,False
2018-09-19 00:00:00-04:00,0.0,IS504_OOS10,False
2018-09-20 00:00:00-04:00,0.0,IS504_OOS10,False
2018-09-21 00:00:00-04:00,0.0,IS504_OOS10,False
2018-09-24 00:00:00-04:00,0.0,IS504_OOS10,False
2018-09-25 00:00:00-04:00,0.0,IS504_OOS10,False
2018-09-26 00:00:00-04:00,0.0,IS504_OOS10,False
2018-09-27 00:00:00-04:00,0.0,IS504_OOS10,False
2018-09-28 00:00:00-04:00,0.0,IS504_OOS10,False
2018-10-01 00:00:00-04:00,0.0,IS504_OOS10,False
2018-10-02 00:00:00-04:00,0.0,IS504_OOS10,False
2018-10-03 00:00:00-04:00,0.0,IS504_OOS10,False
2018-10-04 00:00:00-04:00,0.0,IS504_OOS10,False
2018-10-05 00:00:00-04:00,0.0,IS504_OOS10,False
2018-10-08 00:00:00-04:00,0.0,IS504_OOS10,False
2018-10-09 00:00:00-04:00,0.0,IS504_OOS10,False
2018-10-10 00:00:00-04:00,0.0,IS504_OOS10,False
2018-10-11 00:00:00-04:00,0.0,IS504_OOS10,False
2018-10-12 00:00:00-04:00,0.0,IS504_OOS10,False
2018-10-15 00:00:00-04:00,0.0,IS504_OOS10,False
2018-10-16 00:00:00-04:00,0.0,IS504_OOS10,False
2018-10-17 00:00:00-04:00,0.0,IS504_OOS10,False
2018-10-18 00:00:00-04:00,0.0,IS504_OOS10,False
2018-10-19 00:00:00-04:00,0.0,IS504_OOS10,False
2018-10-22 00:00:00-04:00,0.0,IS504_OOS10,False
2018-10-23 00:00:00-04:00,0.0,IS504_OOS10,False
2018-10-24 00:00:00-04:00,0.0,IS504_OOS10,False
2018-10-25 00:00:00-04:00,0.0,IS504_OOS10,False
2018-10-26 00:00:00-04:00,0.0,IS504_OOS10,False
2018-10-29 00:00:00-04:00,-0.016388918523212115,IS504_OOS10,False
2018-10-30 00:00:00-04:00,0.0,IS504_OOS21,False
2018-10-31 00:00:00-04:00,0.0,IS504_OOS21,False
2018-11-01 00:00:00-04:00,0.0,IS504_OOS21,False
2018-11-02 00:00:00-04:00,0.0,IS504_OOS21,False
2018-11-05 00:00:00-05:00,0.0,IS504_OOS21,False
2018-11-06 00:00:00-05:00,0.0,IS504_OOS21,False
2018-11-07 00:00:00-05:00,0.010422819188538268,IS504_OOS21,False
2018-11-08 00:00:00-05:00,0.0,IS504_OOS21,False
2018-11-09 00:00:00-05:00,0.0,IS504_OOS21,False
2018-11-12 00:00:00-05:00,0.0,IS504_OOS21,False
2018-11-13 00:00:00-05:00,0.0,IS504_OOS21,False
2018-11-14 00:00:00-05:00,0.0,IS504_OOS21,False
2018-11-15 00:00:00-05:00,-0.00024131474705624267,IS504_OOS21,False
2018-11-16 00:00:00-05:00,0.0,IS504_OOS21,False
2018-11-19 00:00:00-05:00,0.0,IS504_OOS21,False
2018-11-20 00:00:00-05:00,0.0,IS504_OOS21,False
2018-11-21 00:00:00-05:00,0.0,IS504_OOS21,False
2018-11-23 00:00:00-05:00,0.0,IS504_OOS21,False
2018-11-26 00:00:00-05:00,0.0,IS504_OOS21,False
2018-11-27 00:00:00-05:00,0.0,IS504_OOS21,False
2018-11-28 00:00:00-05:00,0.0076623602901908505,IS504_OOS21,False
2018-11-29 00:00:00-05:00,0.0,IS504_OOS21,False
2018-11-30 00:00:00-05:00,0.0,IS504_OOS21,False
2018-12-03 00:00:00-05:00,0.0,IS504_OOS21,False
2018-12-04 00:00:00-05:00,0.0,IS504_OOS21,False
2018-12-06 00:00:00-05:00,0.0,IS504_OOS21,False
2018-12-07 00:00:00-05:00,0.0,IS504_OOS21,False
2018-12-10 00:00:00-05:00,0.0,IS504_OOS21,False
2018-12-11 00:00:00-05:00,-0.01488790874275936,IS504_OOS21,False
2018-12-12 00:00:00-05:00,0.0,IS504_OOS21,False
2018-12-13 00:00:00-05:00,0.0,IS504_OOS63,False
2018-12-14 00:00:00-05:00,0.0,IS504_OOS63,False
2018-12-17 00:00:00-05:00,0.0,IS504_OOS63,False
2018-12-18 00:00:00-05:00,0.0,IS504_OOS63,False
2018-12-19 00:00:00-05:00,0.0,IS504_OOS63,False
2018-12-20 00:00:00-05:00,0.0,IS504_OOS63,False
2018-12-21 00:00:00-05:00,0.0,IS504_OOS63,False
2018-12-24 00:00:00-05:00,0.0,IS504_OOS63,False
2018-12-26 00:00:00-05:00,0.0,IS504_OOS63,False
2018-12-27 00:00:00-05:00,0.0,IS504_OOS63,False
2018-12-28 00:00:00-05:00,0.0,IS504_OOS63,False
2018-12-31 00:00:00-05:00,0.0,IS504_OOS63,False
2019-01-02 00:00:00-05:00,0.0,IS504_OOS63,False
2019-01-03 00:00:00-05:00,0.006005600560055946,IS504_OOS63,False
2019-01-04 00:00:00-05:00,0.0,IS504_OOS63,False
2019-01-07 00:00:00-05:00,0.0,IS504_OOS63,False
2019-01-08 00:00:00-05:00,0.0,IS504_OOS63,False
2019-01-09 00:00:00-05:00,0.0,IS504_OOS63,False
2019-01-10 00:00:00-05:00,0.0,IS504_OOS63,False
2019-01-11 00:00:00-05:00,0.0,IS504_OOS63,False
2019-01-14 00:00:00-05:00,0.0,IS504_OOS63,False
2019-01-15 00:00:00-05:00,0.0,IS504_OOS63,False
2019-01-16 00:00:00-05:00,0.0,IS504_OOS63,False
2019-01-17 00:00:00-05:00,0.0,IS504_OOS63,False
2019-01-18 00:00:00-05:00,0.0,IS504_OOS63,False
2019-01-22 00:00:00-05:00,0.0,IS504_OOS63,False
2019-01-23 00:00:00-05:00,0.0,IS504_OOS63,False
2019-01-24 00:00:00-05:00,0.0,IS504_OOS63,False
2019-01-25 00:00:00-05:00,0.0,IS504_OOS63,False
2019-01-28 00:00:00-05:00,0.0,IS504_OOS63,False
2019-01-29 00:00:00-05:00,0.0,IS504_OOS63,False
2019-01-30 00:00:00-05:00,0.0,IS504_OOS63,False
2019-01-31 00:00:00-05:00,0.0,IS504_OOS63,False
2019-02-01 00:00:00-05:00,0.0,IS504_OOS63,False
2019-02-04 00:00:00-05:00,0.0,IS504_OOS63,False
2019-02-05 00:00:00-05:00,0.0,IS504_OOS63,False
2019-02-06 00:00:00-05:00,0.0,IS504_OOS63,False
2019-02-07 00:00:00-05:00,0.0,IS504_OOS63,False
2019-02-08 00:00:00-05:00,0.0,IS504_OOS63,False
2019-02-11 00:00:00-05:00,0.0,IS504_OOS63,False
2019-02-12 00:00:00-05:00,0.0,IS504_OOS63,False
2019-02-13 00:00:00-05:00,0.0,IS504_OOS63,False
2019-02-14 00:00:00-05:00,0.0,IS504_OOS63,False
2019-02-15 00:00:00-05:00,0.0,IS504_OOS63,False
2019-02-19 00:00:00-05:00,0.0,IS504_OOS63,False
2019-02-20 00:00:00-05:00,0.0,IS504_OOS63,False
2019-02-21 00:00:00-05:00,0.0,IS504_OOS63,False
2019-02-22 00:00:00-05:00,0.0,IS504_OOS63,False
2019-02-25 00:00:00-05:00,0.0,IS504_OOS63,False
2019-02-26 00:00:00-05:00,0.0,IS504_OOS63,False
2019-02-27 00:00:00-05:00,0.0,IS504_OOS63,False
2019-02-28 00:00:00-05:00,0.0,IS504_OOS63,False
2019-03-01 00:00:00-05:00,0.0,IS504_OOS63,False
2019-03-04 00:00:00-05:00,0.0,IS504_OOS63,False
2019-03-05 00:00:00-05:00,0.0,IS504_OOS63,False
2019-03-06 00:00:00-05:00,0.0,IS504_OOS63,False
2019-03-07 00:00:00-05:00,0.0,IS504_OOS63,False
2019-03-08 00:00:00-05:00,0.0,IS504_OOS63,False
2019-03-11 00:00:00-04:00,0.0,IS504_OOS63,False
2019-03-12 00:00:00-04:00,0.0,IS504_OOS63,False
2019-03-13 00:00:00-04:00,0.0,IS504_OOS63,False
2019-03-14 00:00:00-04:00,0.0,IS504_OOS63,False
2019-03-15 00:00:00-04:00,0.0,IS504_OOS63,False
2019-03-18 00:00:00-04:00,0.0,IS504_OOS63,False
2019-03-19 00:00:00-04:00,0.0,IS504_OOS63,False
2019-03-20 00:00:00-04:00,0.0,IS504_OOS63,False
2019-03-21 00:00:00-04:00,0.0,IS504_OOS63,False
2019-03-22 00:00:00-04:00,0.0,IS504_OOS63,False
2019-03-25 00:00:00-04:00,0.0,IS504_OOS63,False
2019-03-26 00:00:00-04:00,0.0,IS504_OOS63,False
2019-03-27 00:00:00-04:00,0.0,IS504_OOS63,False
2019-03-28 00:00:00-04:00,0.0,IS504_OOS63,False
2019-03-29 00:00:00-04:00,0.0,IS504_OOS63,False
2019-04-01 00:00:00-04:00,0.0,IS504_OOS63,False
2019-04-02 00:00:00-04:00,0.0,IS504_OOS63,False
2019-04-03 00:00:00-04:00,0.0,IS504_OOS63,False
2019-04-04 00:00:00-04:00,0.0,IS504_OOS63,False
2019-04-05 00:00:00-04:00,0.0,IS504_OOS63,False
2019-04-08 00:00:00-04:00,0.0,IS504_OOS63,False
2019-04-09 00:00:00-04:00,0.0,IS504_OOS63,False
2019-04-10 00:00:00-04:00,0.0,IS504_OOS63,False
2019-04-11 00:00:00-04:00,0.0,IS504_OOS63,False
2019-04-12 00:00:00-04:00,0.0,IS504_OOS63,False
2019-04-15 00:00:00-04:00,0.0,IS504_OOS63,False
2019-04-16 00:00:00-04:00,0.0,IS504_OOS63,False
2019-04-17 00:00:00-04:00,0.0,IS504_OOS63,False
2019-04-18 00:00:00-04:00,0.0,IS504_OOS63,False
2019-04-22 00:00:00-04:00,0.0,IS504_OOS63,False
2019-04-23 00:00:00-04:00,0.0,IS504_OOS63,False
2019-04-24 00:00:00-04:00,0.0,IS504_OOS63,False
2019-04-25 00:00:00-04:00,0.0,IS504_OOS63,False
2019-04-26 00:00:00-04:00,0.0,IS504_OOS63,False
2019-04-29 00:00:00-04:00,0.0,IS504_OOS63,False
2019-04-30 00:00:00-04:00,0.0,IS504_OOS63,False
2019-05-01 00:00:00-04:00,0.0,IS504_OOS63,False
2019-05-02 00:00:00-04:00,-0.0029277683856578918,IS504_OOS63,False
2019-05-03 00:00:00-04:00,-0.0005417480477071246,IS504_OOS63,False
2019-05-06 00:00:00-04:00,0.0,IS504_OOS63,False
2019-05-07 00:00:00-04:00,-0.003465090796348491,IS504_OOS63,False
2019-05-08 00:00:00-04:00,0.0,IS504_OOS63,False
2019-05-09 00:00:00-04:00,0.0,IS504_OOS63,False
2019-05-10 00:00:00-04:00,0.0,IS504_OOS63,False
2019-05-13 00:00:00-04:00,0.0,IS504_OOS63,False
2019-05-14 00:00:00-04:00,0.0,IS504_OOS63,False
2019-05-15 00:00:00-04:00,0.0,IS504_OOS63,False
2019-05-16 00:00:00-04:00,0.0,IS504_OOS63,False
2019-05-17 00:00:00-04:00,0.0,IS504_OOS63,False
2019-05-20 00:00:00-04:00,0.0,IS504_OOS63,False
2019-05-21 00:00:00-04:00,0.0,IS504_OOS63,False
2019-05-22 00:00:00-04:00,0.0,IS504_OOS63,False
2019-05-23 00:00:00-04:00,0.0,IS504_OOS63,False
2019-05-24 00:00:00-04:00,0.0,IS504_OOS63,False
2019-05-28 00:00:00-04:00,0.0,IS504_OOS63,False
2019-05-29 00:00:00-04:00,0.0,IS504_OOS63,False
2019-05-30 00:00:00-04:00,0.0,IS504_OOS63,False
2019-05-31 00:00:00-04:00,0.0,IS504_OOS63,False
2019-06-03 00:00:00-04:00,0.0,IS504_OOS63,False
2019-06-04 00:00:00-04:00,0.0,IS504_OOS63,False
2019-06-05 00:00:00-04:00,0.0,IS504_OOS63,False
2019-06-06 00:00:00-04:00,0.0,IS504_OOS63,False
2019-06-07 00:00:00-04:00,0.0,IS504_OOS63,False
2019-06-10 00:00:00-04:00,0.0,IS504_OOS63,False
2019-06-11 00:00:00-04:00,0.0008436929359452172,IS504_OOS63,False
2019-06-12 00:00:00-04:00,0.0,IS504_OOS63,False
2019-06-13 00:00:00-04:00,0.0,IS504_OOS63,False
2019-06-14 00:00:00-04:00,0.0,IS504_OOS63,False
2019-06-17 00:00:00-04:00,0.0,IS504_OOS63,False
2019-06-18 00:00:00-04:00,0.0,IS504_OOS63,False
2019-06-19 00:00:00-04:00,0.0,IS504_OOS63,False
2019-06-20 00:00:00-04:00,0.0,IS504_OOS63,False
2019-06-21 00:00:00-04:00,0.0,IS252_OOS5,False
2019-06-24 00:00:00-04:00,0.0,IS252_OOS5,False
2019-06-25 00:00:00-04:00,0.0,IS252_OOS5,False
2019-06-26 00:00:00-04:00,0.0,IS252_OOS5,False
2019-06-27 00:00:00-04:00,0.0,IS252_OOS5,False
2019-06-28 00:00:00-04:00,0.0,IS252_OOS5,False
2019-07-01 00:00:00-04:00,0.0,IS252_OOS5,False
2019-07-02 00:00:00-04:00,0.0,IS252_OOS5,False
2019-07-03 00:00:00-04:00,0.0,IS252_OOS5,False
2019-07-05 00:00:00-04:00,0.0,IS252_OOS5,False
2019-07-08 00:00:00-04:00,0.0,IS252_OOS5,False
2019-07-09 00:00:00-04:00,0.0,IS252_OOS5,False
2019-07-10 00:00:00-04:00,0.0,IS252_OOS5,False
2019-07-11 00:00:00-04:00,0.0,IS252_OOS5,False
2019-07-12 00:00:00-04:00,0.0,IS252_OOS5,False
2019-07-15 00:00:00-04:00,0.0,IS252_OOS5,False
2019-07-16 00:00:00-04:00,0.0,IS252_OOS5,False
2019-07-17 00:00:00-04:00,0.0,IS252_OOS5,False
2019-07-18 00:00:00-04:00,0.0,IS252_OOS5,False
2019-07-19 00:00:00-04:00,0.0,IS252_OOS5,False
2019-07-22 00:00:00-04:00,0.0,IS252_OOS5,False
2019-07-23 00:00:00-04:00,0.0,IS252_OOS5,False
2019-07-24 00:00:00-04:00,0.0,IS252_OOS5,False
2019-07-25 00:00:00-04:00,0.0,IS252_OOS5,False
2019-07-26 00:00:00-04:00,0.0,IS252_OOS5,False
2019-07-29 00:00:00-04:00,0.0,IS252_OOS5,False
2019-07-30 00:00:00-04:00,0.0,IS252_OOS5,False
2019-07-31 00:00:00-04:00,0.0,IS252_OOS5,False
2019-08-01 00:00:00-04:00,0.007173071126496566,IS252_OOS5,False
2019-08-02 00:00:00-04:00,-0.0013393730016988403,IS252_OOS5,False
2019-08-05 00:00:00-04:00,0.008322039840026552,IS252_OOS5,False
2019-08-06 00:00:00-04:00,-0.00860604328204495,IS252_OOS5,False
2019-08-07 00:00:00-04:00,-0.011291252294512333,IS252_OOS5,False
2019-08-08 00:00:00-04:00,0.00992331991009987,IS252_OOS5,False
2019-08-09 00:00:00-04:00,0.001783674507516153,IS252_OOS5,False
2019-08-12 00:00:00-04:00,0.0,IS252_OOS5,False
2019-08-13 00:00:00-04:00,0.0,IS252_OOS5,False
2019-08-14 00:00:00-04:00,0.0,IS252_OOS5,False
2019-08-15 00:00:00-04:00,0.0,IS252_OOS5,False
2019-08-16 00:00:00-04:00,0.0,IS252_OOS5,False
2019-08-19 00:00:00-04:00,0.0,IS504_OOS63,False
2019-08-20 00:00:00-04:00,0.0,IS504_OOS63,False
2019-08-21 00:00:00-04:00,0.0,IS504_OOS63,False
2019-08-22 00:00:00-04:00,0.0,IS504_OOS63,False
2019-08-23 00:00:00-04:00,0.003761629657839771,IS504_OOS63,False
2019-08-26 00:00:00-04:00,0.0,IS504_OOS63,False
2019-08-27 00:00:00-04:00,0.0,IS504_OOS63,False
2019-08-28 00:00:00-04:00,0.0,IS504_OOS63,False
2019-08-29 00:00:00-04:00,0.0,IS504_OOS63,False
2019-08-30 00:00:00-04:00,0.0,IS504_OOS63,False
2019-09-03 00:00:00-04:00,0.0,IS252_OOS5,False
2019-09-04 00:00:00-04:00,0.0,IS252_OOS5,False
2019-09-05 00:00:00-04:00,0.0,IS252_OOS5,False
2019-09-06 00:00:00-04:00,0.0,IS252_OOS5,False
2019-09-09 00:00:00-04:00,0.0,IS252_OOS5,False
2019-09-10 00:00:00-04:00,0.0,IS252_OOS5,False
2019-09-11 00:00:00-04:00,0.0,IS252_OOS5,False
2019-09-12 00:00:00-04:00,0.0,IS252_OOS5,False
2019-09-13 00:00:00-04:00,0.0,IS252_OOS5,False
2019-09-16 00:00:00-04:00,0.0,IS252_OOS5,False
2019-09-17 00:00:00-04:00,0.0,IS252_OOS5,False
2019-09-18 00:00:00-04:00,0.0,IS252_OOS5,False
2019-09-19 00:00:00-04:00,0.0,IS252_OOS5,False
2019-09-20 00:00:00-04:00,0.0,IS252_OOS5,False
2019-09-23 00:00:00-04:00,0.0,IS252_OOS5,False
2019-09-24 00:00:00-04:00,0.0024463076082155144,IS252_OOS5,False
2019-09-25 00:00:00-04:00,-1.4323217624956364e-05,IS252_OOS5,False
2019-09-26 00:00:00-04:00,0.0,IS252_OOS5,False
2019-09-27 00:00:00-04:00,0.0,IS252_OOS5,False
2019-09-30 00:00:00-04:00,0.0,IS252_OOS5,False
2019-10-01 00:00:00-04:00,0.0,IS504_OOS63,False
2019-10-02 00:00:00-04:00,0.0,IS504_OOS63,False
2019-10-03 00:00:00-04:00,0.0,IS504_OOS63,False
2019-10-04 00:00:00-04:00,0.0,IS504_OOS63,False
2019-10-07 00:00:00-04:00,0.0,IS504_OOS63,False
2019-10-08 00:00:00-04:00,0.0,IS504_OOS63,False
2019-10-09 00:00:00-04:00,-0.0011879469297838563,IS504_OOS63,False
2019-10-10 00:00:00-04:00,0.0,IS504_OOS63,False
2019-10-11 00:00:00-04:00,0.0,IS504_OOS63,False
2019-10-14 00:00:00-04:00,0.0,IS504_OOS63,False
2019-10-15 00:00:00-04:00,0.0,IS504_OOS63,False
2019-10-16 00:00:00-04:00,0.0,IS504_OOS63,False
2019-10-17 00:00:00-04:00,0.0,IS504_OOS63,False
2019-10-18 00:00:00-04:00,0.0,IS504_OOS63,False
2019-10-21 00:00:00-04:00,0.0,IS504_OOS63,False
2019-10-22 00:00:00-04:00,0.0,IS504_OOS63,False
2019-10-23 00:00:00-04:00,0.0,IS504_OOS63,False
2019-10-24 00:00:00-04:00,0.0,IS504_OOS63,False
2019-10-25 00:00:00-04:00,0.0,IS504_OOS63,False
2019-10-28 00:00:00-04:00,0.0,IS504_OOS63,False
2019-10-29 00:00:00-04:00,0.0,IS504_OOS63,False
2019-10-30 00:00:00-04:00,0.0,IS504_OOS63,False
2019-10-31 00:00:00-04:00,0.0,IS504_OOS63,False
2019-11-01 00:00:00-04:00,0.0,IS504_OOS63,False
2019-11-04 00:00:00-05:00,0.0,IS504_OOS63,False
2019-11-05 00:00:00-05:00,0.0,IS504_OOS63,False
2019-11-06 00:00:00-05:00,0.0,IS504_OOS63,False
2019-11-07 00:00:00-05:00,0.0,IS504_OOS63,False
2019-11-08 00:00:00-05:00,0.0,IS504_OOS63,False
2019-11-11 00:00:00-05:00,0.0,IS504_OOS63,False
2019-11-12 00:00:00-05:00,0.0,IS504_OOS63,False
2019-11-13 00:00:00-05:00,0.0,IS504_OOS63,False
2019-11-14 00:00:00-05:00,0.0,IS504_OOS63,False
2019-11-15 00:00:00-05:00,0.0,IS504_OOS63,False
2019-11-18 00:00:00-05:00,0.0,IS504_OOS63,False
2019-11-19 00:00:00-05:00,0.0,IS504_OOS63,False
2019-11-20 00:00:00-05:00,0.0,IS504_OOS63,False
2019-11-21 00:00:00-05:00,0.0005120181698528015,IS504_OOS63,False
2019-11-22 00:00:00-05:00,0.0,IS504_OOS63,False
2019-11-25 00:00:00-05:00,0.0,IS504_OOS63,False
2019-11-26 00:00:00-05:00,0.0,IS504_OOS63,False
2019-11-27 00:00:00-05:00,0.0,IS504_OOS63,False
2019-11-29 00:00:00-05:00,0.0,IS504_OOS63,False
2019-12-02 00:00:00-05:00,0.0,IS504_OOS63,False
2019-12-03 00:00:00-05:00,8.566980662627621e-05,IS504_OOS63,False
2019-12-04 00:00:00-05:00,-0.0002000200020003673,IS504_OOS63,False
2019-12-05 00:00:00-05:00,0.0,IS504_OOS63,False
2019-12-06 00:00:00-05:00,0.00032680352745217967,IS504_OOS63,False
2019-12-09 00:00:00-05:00,0.0,IS504_OOS63,False
2019-12-10 00:00:00-05:00,0.0,IS504_OOS63,False
2019-12-11 00:00:00-05:00,0.0,IS504_OOS63,False
2019-12-12 00:00:00-05:00,0.0,IS504_OOS63,False
2019-12-13 00:00:00-05:00,0.0,IS504_OOS63,False
2019-12-16 00:00:00-05:00,0.0,IS504_OOS63,False
2019-12-17 00:00:00-05:00,0.0,IS504_OOS63,False
2019-12-18 00:00:00-05:00,0.0,IS504_OOS63,False
2019-12-19 00:00:00-05:00,0.0,IS504_OOS63,False
2019-12-20 00:00:00-05:00,0.0,IS504_OOS63,False
2019-12-23 00:00:00-05:00,0.0,IS504_OOS63,False
2019-12-24 00:00:00-05:00,0.0,IS504_OOS63,False
2019-12-26 00:00:00-05:00,0.0,IS504_OOS63,False
2019-12-27 00:00:00-05:00,0.0,IS504_OOS63,False
2019-12-30 00:00:00-05:00,0.0022264886230303205,IS504_OOS63,False
2019-12-31 00:00:00-05:00,0.0,IS504_OOS63,False
2020-01-02 00:00:00-05:00,0.0,IS504_OOS63,False
2020-01-03 00:00:00-05:00,0.0,IS504_OOS63,False
2020-01-06 00:00:00-05:00,0.0,IS504_OOS63,False
2020-01-07 00:00:00-05:00,0.0,IS504_OOS63,False
2020-01-08 00:00:00-05:00,0.0,IS504_OOS63,False
2020-01-09 00:00:00-05:00,0.0,IS504_OOS63,False
2020-01-10 00:00:00-05:00,0.0,IS504_OOS63,False
2020-01-13 00:00:00-05:00,0.0,IS504_OOS63,False
2020-01-14 00:00:00-05:00,0.0,IS504_OOS63,False
2020-01-15 00:00:00-05:00,0.0,IS504_OOS63,False
2020-01-16 00:00:00-05:00,0.0,IS504_OOS63,False
2020-01-17 00:00:00-05:00,0.0,IS504_OOS63,False
2020-01-21 00:00:00-05:00,0.0,IS504_OOS63,False
2020-01-22 00:00:00-05:00,0.0,IS504_OOS63,False
2020-01-23 00:00:00-05:00,0.0,IS504_OOS63,False
2020-01-24 00:00:00-05:00,0.0,IS504_OOS63,False
2020-01-27 00:00:00-05:00,0.0,IS504_OOS63,False
2020-01-28 00:00:00-05:00,-0.0018855041784722193,IS504_OOS63,False
2020-01-29 00:00:00-05:00,0.0,IS504_OOS63,False
2020-01-30 00:00:00-05:00,-0.004042146978454397,IS504_OOS63,False
2020-01-31 00:00:00-05:00,0.0,IS504_OOS63,False
2020-02-03 00:00:00-05:00,0.0058718158079340554,IS504_OOS63,False
2020-02-04 00:00:00-05:00,0.0,IS504_OOS63,False
2020-02-05 00:00:00-05:00,0.0,IS504_OOS63,False
2020-02-06 00:00:00-05:00,0.0,IS504_OOS63,False
2020-02-07 00:00:00-05:00,0.0,IS504_OOS63,False
2020-02-10 00:00:00-05:00,0.0,IS504_OOS63,False
2020-02-11 00:00:00-05:00,0.0,IS504_OOS63,False
2020-02-12 00:00:00-05:00,0.0,IS504_OOS63,False
2020-02-13 00:00:00-05:00,0.0,IS504_OOS63,False
2020-02-14 00:00:00-05:00,0.0,IS504_OOS63,False
2020-02-18 00:00:00-05:00,0.0,IS504_OOS63,False
2020-02-19 00:00:00-05:00,0.0,IS504_OOS63,False
2020-02-20 00:00:00-05:00,0.0,IS504_OOS63,False
2020-02-21 00:00:00-05:00,0.0,IS504_OOS63,False
2020-02-24 00:00:00-05:00,0.0,IS504_OOS63,False
2020-02-25 00:00:00-05:00,0.023529869683068583,IS504_OOS63,False
2020-02-26 00:00:00-05:00,0.013162157323608037,IS504_OOS63,False
2020-02-27 00:00:00-05:00,0.015221450997107144,IS504_OOS63,False
2020-02-28 00:00:00-05:00,-0.023276754072335093,IS504_OOS63,False
2020-03-02 00:00:00-05:00,-0.025002587779746288,IS504_OOS63,False
2020-03-03 00:00:00-05:00,0.0,IS504_OOS63,False
2020-03-04 00:00:00-05:00,0.0,IS504_OOS63,False
2020-03-05 00:00:00-05:00,0.0,IS504_OOS63,False
2020-03-06 00:00:00-05:00,0.0,IS504_OOS63,False
2020-03-09 00:00:00-04:00,0.0018004600572063545,IS504_OOS63,False
2020-03-10 00:00:00-04:00,0.0,IS504_OOS21,False
2020-03-11 00:00:00-04:00,0.0,IS504_OOS21,False
2020-03-12 00:00:00-04:00,0.0,IS504_OOS21,False
2020-03-13 00:00:00-04:00,0.0,IS504_OOS21,False
2020-03-16 00:00:00-04:00,0.0,IS504_OOS21,False
2020-03-17 00:00:00-04:00,0.0,IS504_OOS21,False
2020-03-18 00:00:00-04:00,0.0,IS504_OOS21,False
2020-03-19 00:00:00-04:00,0.0,IS504_OOS21,False
2020-03-20 00:00:00-04:00,0.0,IS504_OOS21,False
2020-03-23 00:00:00-04:00,0.0,IS504_OOS21,False
2020-03-24 00:00:00-04:00,-0.021709204713859398,IS252_OOS5,False
2020-03-25 00:00:00-04:00,0.0,IS252_OOS5,False
2020-03-26 00:00:00-04:00,0.0,IS252_OOS5,False
2020-03-27 00:00:00-04:00,0.0,IS252_OOS5,False
2020-03-30 00:00:00-04:00,0.0,IS252_OOS5,False
2020-03-31 00:00:00-04:00,0.0,IS252_OOS5,False
2020-04-01 00:00:00-04:00,0.013171638019416898,IS252_OOS5,False
2020-04-02 00:00:00-04:00,0.0,IS252_OOS5,False
2020-04-03 00:00:00-04:00,0.0,IS252_OOS5,False
2020-04-06 00:00:00-04:00,0.0200477489196893,IS252_OOS5,False
2020-04-07 00:00:00-04:00,-0.017105202949821097,IS252_OOS5,False
2020-04-08 00:00:00-04:00,0.0,IS252_OOS5,False
2020-04-09 00:00:00-04:00,-0.00345040701570265,IS252_OOS5,False
2020-04-13 00:00:00-04:00,0.0,IS252_OOS5,False
2020-04-14 00:00:00-04:00,0.002851606042115762,IS252_OOS5,False
2020-04-15 00:00:00-04:00,-0.0065798069843036044,IS252_OOS5,False
2020-04-16 00:00:00-04:00,0.0,IS252_OOS5,False
2020-04-17 00:00:00-04:00,0.01020136109149461,IS252_OOS5,False
2020-04-20 00:00:00-04:00,-0.003797217771259076,IS252_OOS5,False
2020-04-21 00:00:00-04:00,0.013704265256903714,IS252_OOS5,False
2020-04-22 00:00:00-04:00,-0.0053583288331588985,IS252_OOS5,False
2020-04-23 00:00:00-04:00,-0.012159958561845818,IS252_OOS5,False
2020-04-24 00:00:00-04:00,0.00018640120838742114,IS252_OOS5,False
2020-04-27 00:00:00-04:00,0.0015163821427341961,IS252_OOS5,False
2020-04-28 00:00:00-04:00,0.0,IS252_OOS5,False
2020-04-29 00:00:00-04:00,0.0,IS252_OOS5,False
2020-04-30 00:00:00-04:00,0.0,IS252_OOS5,False
2020-05-01 00:00:00-04:00,0.0,IS252_OOS5,False
2020-05-04 00:00:00-04:00,0.0,IS252_OOS5,False
2020-05-05 00:00:00-04:00,0.0,IS252_OOS5,False
2020-05-06 00:00:00-04:00,0.0,IS252_OOS5,False
2020-05-07 00:00:00-04:00,0.0,IS252_OOS5,False
2020-05-08 00:00:00-04:00,0.0,IS252_OOS5,False
2020-05-11 00:00:00-04:00,0.0,IS252_OOS5,False
2020-05-12 00:00:00-04:00,0.0,IS252_OOS5,False
2020-05-13 00:00:00-04:00,0.0,IS252_OOS5,False
2020-05-14 00:00:00-04:00,0.0,IS252_OOS5,False
2020-05-15 00:00:00-04:00,0.0,IS252_OOS5,False
2020-05-18 00:00:00-04:00,0.0,IS252_OOS5,False
2020-05-19 00:00:00-04:00,0.0,IS252_OOS5,False
2020-05-20 00:00:00-04:00,0.0,IS252_OOS5,False
2020-05-21 00:00:00-04:00,0.0,IS252_OOS5,False
2020-05-22 00:00:00-04:00,0.0,IS252_OOS5,False
2020-05-26 00:00:00-04:00,0.0,IS252_OOS5,False
2020-05-27 00:00:00-04:00,0.0,IS252_OOS5,False
2020-05-28 00:00:00-04:00,-0.005154995364173409,IS252_OOS5,False
2020-05-29 00:00:00-04:00,0.0015642882557036497,IS252_OOS5,False
2020-06-01 00:00:00-04:00,-0.0015575787427509757,IS252_OOS5,False
2020-06-02 00:00:00-04:00,0.0,IS252_OOS5,False
2020-06-03 00:00:00-04:00,0.004019475663744165,IS252_OOS5,False
2020-06-04 00:00:00-04:00,0.0,IS252_OOS5,False
2020-06-05 00:00:00-04:00,0.0,IS252_OOS5,False
2020-06-08 00:00:00-04:00,0.0,IS252_OOS5,False
2020-06-09 00:00:00-04:00,0.0,IS252_OOS5,False
2020-06-10 00:00:00-04:00,0.0,IS252_OOS5,False
2020-06-11 00:00:00-04:00,0.0,IS252_OOS5,False
2020-06-12 00:00:00-04:00,0.0,IS252_OOS5,False
2020-06-15 00:00:00-04:00,0.0,IS252_OOS5,False
2020-06-16 00:00:00-04:00,0.0,IS252_OOS5,False
2020-06-17 00:00:00-04:00,0.0,IS252_OOS5,False
2020-06-18 00:00:00-04:00,0.0,IS504_OOS21,False
2020-06-19 00:00:00-04:00,0.0,IS504_OOS21,False
2020-06-22 00:00:00-04:00,0.0,IS504_OOS21,False
2020-06-23 00:00:00-04:00,0.0,IS504_OOS21,False
2020-06-24 00:00:00-04:00,0.0,IS504_OOS21,False
2020-06-25 00:00:00-04:00,0.0,IS504_OOS21,False
2020-06-26 00:00:00-04:00,0.0,IS504_OOS21,False
2020-06-29 00:00:00-04:00,0.0,IS504_OOS21,False
2020-06-30 00:00:00-04:00,0.0,IS504_OOS21,False
2020-07-01 00:00:00-04:00,0.0,IS504_OOS21,False
2020-07-02 00:00:00-04:00,0.0,IS504_OOS21,False
2020-07-06 00:00:00-04:00,0.0,IS504_OOS21,False
2020-07-07 00:00:00-04:00,0.0,IS504_OOS21,False
2020-07-08 00:00:00-04:00,0.0,IS504_OOS21,False
2020-07-09 00:00:00-04:00,0.0,IS504_OOS21,False
2020-07-10 00:00:00-04:00,0.0,IS504_OOS21,False
2020-07-13 00:00:00-04:00,0.0,IS504_OOS21,False
2020-07-14 00:00:00-04:00,0.0,IS504_OOS21,False
2020-07-15 00:00:00-04:00,0.0,IS504_OOS21,False
2020-07-16 00:00:00-04:00,0.0015673518482870463,IS504_OOS21,False
2020-07-17 00:00:00-04:00,0.0,IS504_OOS21,False
2020-07-20 00:00:00-04:00,0.0,IS504_OOS21,False
2020-07-21 00:00:00-04:00,0.0,IS504_OOS21,False
2020-07-22 00:00:00-04:00,0.0,IS504_OOS21,False
2020-07-23 00:00:00-04:00,0.0,IS504_OOS21,False
2020-07-24 00:00:00-04:00,0.0,IS504_OOS21,False
2020-07-27 00:00:00-04:00,0.0,IS504_OOS21,False
2020-07-28 00:00:00-04:00,0.0,IS504_OOS21,False
2020-07-29 00:00:00-04:00,0.007157353897345509,IS504_OOS21,False
2020-07-30 00:00:00-04:00,0.0,IS504_OOS21,False
2020-07-31 00:00:00-04:00,0.0,IS504_OOS21,False
2020-08-03 00:00:00-04:00,0.0,IS504_OOS21,False
2020-08-04 00:00:00-04:00,0.0,IS504_OOS21,False
2020-08-05 00:00:00-04:00,0.0,IS504_OOS21,False
2020-08-06 00:00:00-04:00,0.0,IS504_OOS21,False
2020-08-07 00:00:00-04:00,0.0,IS504_OOS21,False
2020-08-10 00:00:00-04:00,0.0,IS504_OOS21,False
2020-08-11 00:00:00-04:00,0.0,IS504_OOS21,False
2020-08-12 00:00:00-04:00,0.0,IS504_OOS21,False
2020-08-13 00:00:00-04:00,0.0,IS504_OOS21,False
2020-08-14 00:00:00-04:00,0.0,IS504_OOS21,False
2020-08-17 00:00:00-04:00,0.0,IS504_OOS21,False
2020-08-18 00:00:00-04:00,0.0,IS504_OOS21,False
2020-08-19 00:00:00-04:00,0.0,IS504_OOS21,False
2020-08-20 00:00:00-04:00,0.0,IS504_OOS21,False
2020-08-21 00:00:00-04:00,0.0,IS504_OOS21,False
2020-08-24 00:00:00-04:00,0.0,IS504_OOS21,False
2020-08-25 00:00:00-04:00,0.0,IS504_OOS21,False
2020-08-26 00:00:00-04:00,0.0,IS504_OOS21,False
2020-08-27 00:00:00-04:00,0.0,IS504_OOS21,False
2020-08-28 00:00:00-04:00,0.0,IS504_OOS21,False
2020-08-31 00:00:00-04:00,0.0,IS504_OOS21,False
2020-09-01 00:00:00-04:00,0.0,IS504_OOS21,False
2020-09-02 00:00:00-04:00,0.0,IS504_OOS21,False
2020-09-03 00:00:00-04:00,-0.008292067262948177,IS504_OOS21,False
2020-09-04 00:00:00-04:00,0.0,IS504_OOS21,False
2020-09-08 00:00:00-04:00,0.0,IS504_OOS21,False
2020-09-09 00:00:00-04:00,0.0,IS504_OOS21,False
2020-09-10 00:00:00-04:00,-0.01529712502062719,IS504_OOS21,False
2020-09-11 00:00:00-04:00,0.0,IS504_OOS21,False
2020-09-14 00:00:00-04:00,0.0,IS504_OOS63,False
2020-09-15 00:00:00-04:00,-0.004342445663643946,IS504_OOS63,False
2020-09-16 00:00:00-04:00,0.0,IS504_OOS63,False
2020-09-17 00:00:00-04:00,0.0,IS504_OOS63,False
2020-09-18 00:00:00-04:00,0.0,IS504_OOS63,False
2020-09-21 00:00:00-04:00,-0.013542293713931564,IS504_OOS63,False
2020-09-22 00:00:00-04:00,0.0,IS504_OOS63,False
2020-09-23 00:00:00-04:00,0.0,IS504_OOS63,False
2020-09-24 00:00:00-04:00,0.0,IS504_OOS63,False
2020-09-25 00:00:00-04:00,0.0,IS504_OOS63,False
2020-09-28 00:00:00-04:00,0.0,IS252_OOS21,False
2020-09-29 00:00:00-04:00,0.0,IS252_OOS21,False
2020-09-30 00:00:00-04:00,0.0,IS252_OOS21,False
2020-10-01 00:00:00-04:00,0.0,IS252_OOS21,False
2020-10-02 00:00:00-04:00,0.0,IS252_OOS21,False
2020-10-05 00:00:00-04:00,0.0,IS252_OOS21,False
2020-10-06 00:00:00-04:00,0.0,IS252_OOS21,False
2020-10-07 00:00:00-04:00,0.0,IS252_OOS21,False
2020-10-08 00:00:00-04:00,0.0,IS252_OOS21,False
2020-10-09 00:00:00-04:00,0.0,IS252_OOS21,False
2020-10-12 00:00:00-04:00,0.0,IS252_OOS21,False
2020-10-13 00:00:00-04:00,0.0,IS252_OOS21,False
2020-10-14 00:00:00-04:00,0.0,IS252_OOS21,False
2020-10-15 00:00:00-04:00,0.0,IS252_OOS21,False
2020-10-16 00:00:00-04:00,0.0,IS252_OOS21,False
2020-10-19 00:00:00-04:00,0.0,IS252_OOS21,False
2020-10-20 00:00:00-04:00,0.0,IS252_OOS21,False
2020-10-21 00:00:00-04:00,0.0,IS252_OOS21,False
2020-10-22 00:00:00-04:00,0.0,IS252_OOS21,False
2020-10-23 00:00:00-04:00,0.0,IS252_OOS21,False
2020-10-26 00:00:00-04:00,0.0,IS252_OOS21,False
2020-10-27 00:00:00-04:00,0.0,IS252_OOS21,False
2020-10-28 00:00:00-04:00,0.0,IS252_OOS21,False
2020-10-29 00:00:00-04:00,0.0,IS252_OOS21,False
2020-10-30 00:00:00-04:00,0.0,IS252_OOS21,False
2020-11-02 00:00:00-05:00,0.0,IS252_OOS21,False
2020-11-03 00:00:00-05:00,0.0,IS252_OOS21,False
2020-11-04 00:00:00-05:00,0.0,IS252_OOS21,False
2020-11-05 00:00:00-05:00,0.0,IS252_OOS21,False
2020-11-06 00:00:00-05:00,0.0,IS252_OOS21,False
2020-11-09 00:00:00-05:00,0.0,IS252_OOS21,False
2020-11-10 00:00:00-05:00,0.0,IS252_OOS21,False
2020-11-11 00:00:00-05:00,0.0,IS252_OOS21,False
2020-11-12 00:00:00-05:00,-0.003124851531540851,IS252_OOS21,False
2020-11-13 00:00:00-05:00,0.0,IS252_OOS21,False
2020-11-16 00:00:00-05:00,0.0,IS252_OOS21,False
2020-11-17 00:00:00-05:00,0.0,IS252_OOS21,False
2020-11-18 00:00:00-05:00,0.00750219069741731,IS252_OOS21,False
2020-11-19 00:00:00-05:00,0.0,IS252_OOS21,False
2020-11-20 00:00:00-05:00,0.0,IS252_OOS21,False
2020-11-23 00:00:00-05:00,0.0,IS252_OOS21,False
2020-11-24 00:00:00-05:00,0.0,IS252_OOS21,False
2020-11-25 00:00:00-05:00,0.0,IS252_OOS21,False
2020-11-27 00:00:00-05:00,0.0,IS252_OOS21,False
2020-11-30 00:00:00-05:00,0.0,IS252_OOS21,False
2020-12-01 00:00:00-05:00,0.0,IS252_OOS21,False
2020-12-02 00:00:00-05:00,0.0,IS252_OOS21,False
2020-12-03 00:00:00-05:00,0.0,IS252_OOS21,False
2020-12-04 00:00:00-05:00,0.0,IS252_OOS21,False
2020-12-07 00:00:00-05:00,0.0,IS252_OOS21,False
2020-12-08 00:00:00-05:00,0.0,IS252_OOS21,False
2020-12-09 00:00:00-05:00,0.0,IS252_OOS21,False
2020-12-10 00:00:00-05:00,0.0,IS252_OOS21,False
2020-12-11 00:00:00-05:00,0.0,IS252_OOS21,False
2020-12-14 00:00:00-05:00,0.0,IS252_OOS21,False
2020-12-15 00:00:00-05:00,0.0,IS252_OOS21,False
2020-12-16 00:00:00-05:00,0.0,IS252_OOS21,False
2020-12-17 00:00:00-05:00,0.0,IS252_OOS21,False
2020-12-18 00:00:00-05:00,0.0,IS252_OOS21,False
2020-12-21 00:00:00-05:00,0.0,IS252_OOS21,False
2020-12-22 00:00:00-05:00,0.0,IS252_OOS21,False
2020-12-23 00:00:00-05:00,0.0,IS252_OOS21,False
2020-12-24 00:00:00-05:00,0.0,IS252_OOS21,False
2020-12-28 00:00:00-05:00,0.0,IS252_OOS21,False
2020-12-29 00:00:00-05:00,0.0,IS252_OOS21,False
2020-12-30 00:00:00-05:00,0.0,IS252_OOS21,False
2020-12-31 00:00:00-05:00,0.0,IS252_OOS21,False
2021-01-04 00:00:00-05:00,0.0,IS252_OOS21,False
2021-01-05 00:00:00-05:00,0.0,IS252_OOS21,False
2021-01-06 00:00:00-05:00,0.0,IS252_OOS21,False
2021-01-07 00:00:00-05:00,0.0,IS252_OOS5,False
2021-01-08 00:00:00-05:00,0.0,IS252_OOS5,False
2021-01-11 00:00:00-05:00,0.0,IS252_OOS5,False
2021-01-12 00:00:00-05:00,0.0,IS252_OOS5,False
2021-01-13 00:00:00-05:00,0.0,IS252_OOS5,False
2021-01-14 00:00:00-05:00,0.0,IS252_OOS5,False
2021-01-15 00:00:00-05:00,0.0,IS252_OOS5,False
2021-01-19 00:00:00-05:00,0.0,IS252_OOS5,False
2021-01-20 00:00:00-05:00,0.0,IS252_OOS5,False
2021-01-21 00:00:00-05:00,0.0,IS252_OOS5,False
2021-01-22 00:00:00-05:00,0.0,IS252_OOS5,False
2021-01-25 00:00:00-05:00,0.0,IS252_OOS5,False
2021-01-26 00:00:00-05:00,0.0,IS252_OOS5,False
2021-01-27 00:00:00-05:00,0.0,IS252_OOS5,False
2021-01-28 00:00:00-05:00,0.0,IS252_OOS5,False
2021-01-29 00:00:00-05:00,0.0,IS252_OOS5,False
2021-02-01 00:00:00-05:00,0.0,IS252_OOS5,False
2021-02-02 00:00:00-05:00,0.0,IS252_OOS5,False
2021-02-03 00:00:00-05:00,0.0,IS252_OOS5,False
2021-02-04 00:00:00-05:00,0.0,IS252_OOS5,False
2021-02-05 00:00:00-05:00,0.0,IS252_OOS5,False
2021-02-08 00:00:00-05:00,0.0,IS252_OOS5,False
2021-02-09 00:00:00-05:00,0.0,IS252_OOS5,False
2021-02-10 00:00:00-05:00,0.0,IS252_OOS5,False
2021-02-11 00:00:00-05:00,0.0,IS252_OOS5,False
2021-02-12 00:00:00-05:00,0.0,IS252_OOS5,False
2021-02-16 00:00:00-05:00,0.0,IS252_OOS5,False
2021-02-17 00:00:00-05:00,0.0,IS252_OOS5,False
2021-02-18 00:00:00-05:00,0.0,IS252_OOS5,False
2021-02-19 00:00:00-05:00,0.0,IS252_OOS5,False
2021-02-22 00:00:00-05:00,0.0,IS252_OOS5,False
2021-02-23 00:00:00-05:00,0.0,IS252_OOS5,False
2021-02-24 00:00:00-05:00,0.0,IS252_OOS5,False
2021-02-25 00:00:00-05:00,0.0,IS252_OOS5,False
2021-02-26 00:00:00-05:00,0.0,IS252_OOS5,False
2021-03-01 00:00:00-05:00,0.0,IS252_OOS5,False
2021-03-02 00:00:00-05:00,0.0,IS252_OOS5,False
2021-03-03 00:00:00-05:00,0.0,IS252_OOS5,False
2021-03-04 00:00:00-05:00,0.0,IS252_OOS5,False
2021-03-05 00:00:00-05:00,0.0,IS252_OOS5,False
2021-03-08 00:00:00-05:00,0.0,IS252_OOS5,False
2021-03-09 00:00:00-05:00,0.0,IS252_OOS5,False
2021-03-10 00:00:00-05:00,0.0,IS252_OOS5,False
2021-03-11 00:00:00-05:00,0.0,IS252_OOS5,False
2021-03-12 00:00:00-05:00,0.0,IS252_OOS5,False
2021-03-15 00:00:00-04:00,0.0,IS252_OOS5,False
2021-03-16 00:00:00-04:00,0.0,IS252_OOS5,False
2021-03-17 00:00:00-04:00,0.0,IS252_OOS5,False
2021-03-18 00:00:00-04:00,0.0,IS252_OOS5,False
2021-03-19 00:00:00-04:00,0.0,IS252_OOS5,False
2021-03-22 00:00:00-04:00,0.0,IS252_OOS5,False
2021-03-23 00:00:00-04:00,0.0,IS252_OOS5,False
2021-03-24 00:00:00-04:00,0.0,IS252_OOS5,False
2021-03-25 00:00:00-04:00,0.0,IS252_OOS5,False
2021-03-26 00:00:00-04:00,0.0,IS252_OOS5,False
2021-03-29 00:00:00-04:00,0.0,IS252_OOS5,False
2021-03-30 00:00:00-04:00,0.0,IS252_OOS5,False
2021-03-31 00:00:00-04:00,0.0,IS252_OOS5,False
2021-04-01 00:00:00-04:00,0.0,IS252_OOS5,False
2021-04-05 00:00:00-04:00,0.0,IS252_OOS5,False
2021-04-06 00:00:00-04:00,0.0,IS504_OOS5,False
2021-04-07 00:00:00-04:00,0.0,IS504_OOS5,False
2021-04-08 00:00:00-04:00,0.0,IS504_OOS5,False
2021-04-09 00:00:00-04:00,0.0,IS504_OOS5,False
2021-04-12 00:00:00-04:00,0.0,IS504_OOS5,False
2021-04-13 00:00:00-04:00,0.0,IS504_OOS5,False
2021-04-14 00:00:00-04:00,0.0,IS504_OOS5,False
2021-04-15 00:00:00-04:00,0.0,IS504_OOS5,False
2021-04-16 00:00:00-04:00,0.0,IS504_OOS5,False
2021-04-19 00:00:00-04:00,0.0,IS504_OOS5,False
2021-04-20 00:00:00-04:00,0.0,IS504_OOS5,False
2021-04-21 00:00:00-04:00,0.0,IS504_OOS5,False
2021-04-22 00:00:00-04:00,0.0,IS504_OOS5,False
2021-04-23 00:00:00-04:00,0.0,IS504_OOS5,False
2021-04-26 00:00:00-04:00,0.0,IS504_OOS5,False
2021-04-27 00:00:00-04:00,0.0,IS504_OOS5,False
2021-04-28 00:00:00-04:00,0.0,IS504_OOS5,False
2021-04-29 00:00:00-04:00,0.0,IS504_OOS5,False
2021-04-30 00:00:00-04:00,0.0,IS504_OOS5,False
2021-05-03 00:00:00-04:00,0.0,IS504_OOS5,False
2021-05-04 00:00:00-04:00,0.0,IS504_OOS5,False
2021-05-05 00:00:00-04:00,0.0,IS504_OOS5,False
2021-05-06 00:00:00-04:00,0.0,IS504_OOS5,False
2021-05-07 00:00:00-04:00,0.0,IS504_OOS5,False
2021-05-10 00:00:00-04:00,0.0,IS504_OOS5,False
2021-05-11 00:00:00-04:00,0.0,IS504_OOS5,False
2021-05-12 00:00:00-04:00,0.0,IS504_OOS5,False
2021-05-13 00:00:00-04:00,0.0,IS504_OOS5,False
2021-05-14 00:00:00-04:00,0.0,IS504_OOS5,False
2021-05-17 00:00:00-04:00,0.0,IS504_OOS5,False
2021-05-18 00:00:00-04:00,0.0,IS252_OOS10,False
2021-05-19 00:00:00-04:00,0.0,IS252_OOS10,False
2021-05-20 00:00:00-04:00,0.0,IS252_OOS10,False
2021-05-21 00:00:00-04:00,0.0,IS252_OOS10,False
2021-05-24 00:00:00-04:00,0.0,IS252_OOS10,False
2021-05-25 00:00:00-04:00,0.0,IS252_OOS10,False
2021-05-26 00:00:00-04:00,0.0,IS252_OOS10,False
2021-05-27 00:00:00-04:00,0.0,IS252_OOS10,False
2021-05-28 00:00:00-04:00,0.0,IS252_OOS10,False
2021-06-01 00:00:00-04:00,0.0,IS252_OOS10,False
2021-06-02 00:00:00-04:00,0.0,IS252_OOS5,False
2021-06-03 00:00:00-04:00,0.0,IS252_OOS5,False
2021-06-04 00:00:00-04:00,0.0,IS252_OOS5,False
2021-06-07 00:00:00-04:00,0.0,IS252_OOS5,False
2021-06-08 00:00:00-04:00,0.0,IS252_OOS5,False
2021-06-09 00:00:00-04:00,0.0,IS252_OOS5,False
2021-06-10 00:00:00-04:00,0.0,IS252_OOS5,False
2021-06-11 00:00:00-04:00,0.0,IS252_OOS5,False
2021-06-14 00:00:00-04:00,0.0,IS252_OOS5,False
2021-06-15 00:00:00-04:00,0.0,IS252_OOS5,False
2021-06-16 00:00:00-04:00,0.0,IS252_OOS5,False
2021-06-17 00:00:00-04:00,0.0,IS252_OOS5,False
2021-06-18 00:00:00-04:00,0.0,IS252_OOS5,False
2021-06-21 00:00:00-04:00,0.0,IS252_OOS5,False
2021-06-22 00:00:00-04:00,0.0,IS252_OOS5,False
2021-06-23 00:00:00-04:00,0.0,IS252_OOS5,False
2021-06-24 00:00:00-04:00,0.0,IS252_OOS5,False
2021-06-25 00:00:00-04:00,0.0,IS252_OOS5,False
2021-06-28 00:00:00-04:00,0.0,IS252_OOS5,False
2021-06-29 00:00:00-04:00,0.0,IS252_OOS5,False
2021-06-30 00:00:00-04:00,0.0,IS252_OOS5,False
2021-07-01 00:00:00-04:00,0.0,IS252_OOS5,False
2021-07-02 00:00:00-04:00,0.0,IS252_OOS5,False
2021-07-06 00:00:00-04:00,0.0,IS252_OOS5,False
2021-07-07 00:00:00-04:00,0.0,IS252_OOS5,False
2021-07-08 00:00:00-04:00,0.0,IS252_OOS5,False
2021-07-09 00:00:00-04:00,0.0,IS252_OOS5,False
2021-07-12 00:00:00-04:00,0.0,IS252_OOS5,False
2021-07-13 00:00:00-04:00,0.0,IS252_OOS5,False
2021-07-14 00:00:00-04:00,0.0,IS252_OOS5,False
2021-07-15 00:00:00-04:00,0.0,IS504_OOS63,False
2021-07-16 00:00:00-04:00,0.0,IS504_OOS63,False
2021-07-19 00:00:00-04:00,0.0,IS504_OOS63,False
2021-07-20 00:00:00-04:00,0.0,IS504_OOS63,False
2021-07-21 00:00:00-04:00,0.0,IS504_OOS63,False
2021-07-22 00:00:00-04:00,0.0,IS504_OOS63,False
2021-07-23 00:00:00-04:00,0.0,IS504_OOS63,False
2021-07-26 00:00:00-04:00,0.0,IS504_OOS63,False
2021-07-27 00:00:00-04:00,0.0,IS504_OOS63,False
2021-07-28 00:00:00-04:00,0.0,IS504_OOS63,False
2021-07-29 00:00:00-04:00,0.0,IS504_OOS5,False
2021-07-30 00:00:00-04:00,0.0,IS504_OOS5,False
2021-08-02 00:00:00-04:00,0.0,IS504_OOS5,False
2021-08-03 00:00:00-04:00,0.0,IS504_OOS5,False
2021-08-04 00:00:00-04:00,0.0,IS504_OOS5,False
2021-08-05 00:00:00-04:00,0.0,IS504_OOS5,False
2021-08-06 00:00:00-04:00,0.0,IS504_OOS5,False
2021-08-09 00:00:00-04:00,0.0,IS504_OOS5,False
2021-08-10 00:00:00-04:00,0.0,IS504_OOS5,False
2021-08-11 00:00:00-04:00,0.0,IS504_OOS5,False
2021-08-12 00:00:00-04:00,0.0,IS504_OOS5,False
2021-08-13 00:00:00-04:00,0.0,IS504_OOS5,False
2021-08-16 00:00:00-04:00,0.0,IS504_OOS5,False
2021-08-17 00:00:00-04:00,0.0,IS504_OOS5,False
2021-08-18 00:00:00-04:00,0.0,IS504_OOS5,False
2021-08-19 00:00:00-04:00,0.0,IS504_OOS5,False
2021-08-20 00:00:00-04:00,0.0,IS504_OOS5,False
2021-08-23 00:00:00-04:00,0.0,IS504_OOS5,False
2021-08-24 00:00:00-04:00,0.0,IS504_OOS5,False
2021-08-25 00:00:00-04:00,0.0,IS504_OOS5,False
2021-08-26 00:00:00-04:00,0.0,IS504_OOS21,False
2021-08-27 00:00:00-04:00,0.0,IS504_OOS21,False
2021-08-30 00:00:00-04:00,0.0,IS504_OOS21,False
2021-08-31 00:00:00-04:00,0.0,IS504_OOS21,False
2021-09-01 00:00:00-04:00,0.0,IS504_OOS21,False
2021-09-02 00:00:00-04:00,0.0,IS504_OOS21,False
2021-09-03 00:00:00-04:00,0.0,IS504_OOS21,False
2021-09-07 00:00:00-04:00,0.0,IS504_OOS21,False
2021-09-08 00:00:00-04:00,0.0,IS504_OOS21,False
2021-09-09 00:00:00-04:00,0.0,IS504_OOS21,False
2021-09-10 00:00:00-04:00,0.0,IS504_OOS21,False
2021-09-13 00:00:00-04:00,0.0,IS504_OOS21,False
2021-09-14 00:00:00-04:00,0.0,IS504_OOS21,False
2021-09-15 00:00:00-04:00,0.0,IS504_OOS21,False
2021-09-16 00:00:00-04:00,0.0,IS504_OOS21,False
2021-09-17 00:00:00-04:00,0.0,IS504_OOS21,False
2021-09-20 00:00:00-04:00,0.0,IS504_OOS21,False
2021-09-21 00:00:00-04:00,0.0,IS504_OOS21,False
2021-09-22 00:00:00-04:00,0.0,IS504_OOS21,False
2021-09-23 00:00:00-04:00,0.0,IS504_OOS21,False
2021-09-24 00:00:00-04:00,0.0,IS504_OOS21,False
2021-09-27 00:00:00-04:00,0.0,IS504_OOS21,False
2021-09-28 00:00:00-04:00,0.0,IS504_OOS21,False
2021-09-29 00:00:00-04:00,0.0,IS504_OOS21,False
2021-09-30 00:00:00-04:00,0.0,IS504_OOS21,False
2021-10-01 00:00:00-04:00,0.0,IS504_OOS21,False
2021-10-04 00:00:00-04:00,0.0,IS504_OOS21,False
2021-10-05 00:00:00-04:00,0.0,IS504_OOS21,False
2021-10-06 00:00:00-04:00,0.0,IS504_OOS21,False
2021-10-07 00:00:00-04:00,0.0,IS504_OOS21,False
2021-10-08 00:00:00-04:00,0.0,IS504_OOS21,False
2021-10-11 00:00:00-04:00,0.0,IS504_OOS21,False
2021-10-12 00:00:00-04:00,0.0,IS504_OOS21,False
2021-10-13 00:00:00-04:00,0.0,IS504_OOS21,False
2021-10-14 00:00:00-04:00,0.0,IS504_OOS21,False
2021-10-15 00:00:00-04:00,0.0,IS504_OOS21,False
2021-10-18 00:00:00-04:00,0.0,IS504_OOS21,False
2021-10-19 00:00:00-04:00,0.0,IS504_OOS21,False
2021-10-20 00:00:00-04:00,0.0,IS504_OOS21,False
2021-10-21 00:00:00-04:00,0.0,IS504_OOS21,False
2021-10-22 00:00:00-04:00,0.0,IS504_OOS21,False
2021-10-25 00:00:00-04:00,0.0,IS504_OOS21,False
2021-10-26 00:00:00-04:00,0.0,IS504_OOS21,False
2021-10-27 00:00:00-04:00,0.0,IS504_OOS21,False
2021-10-28 00:00:00-04:00,0.0,IS504_OOS21,False
2021-10-29 00:00:00-04:00,0.0,IS504_OOS21,False
2021-11-01 00:00:00-04:00,0.0,IS504_OOS21,False
2021-11-02 00:00:00-04:00,0.0,IS504_OOS21,False
2021-11-03 00:00:00-04:00,0.0,IS504_OOS21,False
2021-11-04 00:00:00-04:00,0.0,IS504_OOS21,False
2021-11-05 00:00:00-04:00,0.0,IS504_OOS21,False
2021-11-08 00:00:00-05:00,0.0,IS504_OOS21,False
2021-11-09 00:00:00-05:00,0.0,IS504_OOS21,False
2021-11-10 00:00:00-05:00,0.0,IS504_OOS21,False
2021-11-11 00:00:00-05:00,0.0,IS504_OOS21,False
2021-11-12 00:00:00-05:00,0.0,IS504_OOS21,False
2021-11-15 00:00:00-05:00,0.0,IS504_OOS21,False
2021-11-16 00:00:00-05:00,0.0,IS504_OOS21,False
2021-11-17 00:00:00-05:00,0.0,IS504_OOS21,False
2021-11-18 00:00:00-05:00,0.0,IS504_OOS21,False
2021-11-19 00:00:00-05:00,0.0,IS504_OOS21,False
2021-11-22 00:00:00-05:00,0.0,IS504_OOS21,False
2021-11-23 00:00:00-05:00,0.0,IS504_OOS21,False
2021-11-24 00:00:00-05:00,0.0,IS504_OOS21,False
2021-11-26 00:00:00-05:00,0.0,IS504_OOS21,False
2021-11-29 00:00:00-05:00,0.0,IS504_OOS21,False
2021-11-30 00:00:00-05:00,0.0,IS504_OOS21,False
2021-12-01 00:00:00-05:00,0.0,IS504_OOS21,False
2021-12-02 00:00:00-05:00,0.0,IS504_OOS21,False
2021-12-03 00:00:00-05:00,0.0,IS504_OOS21,False
2021-12-06 00:00:00-05:00,0.0,IS504_OOS21,False
2021-12-07 00:00:00-05:00,0.0,IS504_OOS21,False
2021-12-08 00:00:00-05:00,0.0,IS504_OOS21,False
2021-12-09 00:00:00-05:00,0.0,IS504_OOS21,False
2021-12-10 00:00:00-05:00,0.0,IS504_OOS21,False
2021-12-13 00:00:00-05:00,0.0,IS504_OOS21,False
2021-12-14 00:00:00-05:00,0.0,IS504_OOS21,False
2021-12-15 00:00:00-05:00,0.0,IS504_OOS21,False
2021-12-16 00:00:00-05:00,0.0,IS504_OOS21,False
2021-12-17 00:00:00-05:00,0.0,IS504_OOS21,False
2021-12-20 00:00:00-05:00,0.0,IS504_OOS21,False
2021-12-21 00:00:00-05:00,0.0,IS504_OOS21,False
2021-12-22 00:00:00-05:00,0.0,IS504_OOS21,False
2021-12-23 00:00:00-05:00,0.0,IS504_OOS21,False
2021-12-27 00:00:00-05:00,0.0,IS504_OOS21,False
2021-12-28 00:00:00-05:00,0.0,IS504_OOS21,False
2021-12-29 00:00:00-05:00,0.0,IS504_OOS21,False
2021-12-30 00:00:00-05:00,0.0,IS504_OOS21,False
2021-12-31 00:00:00-05:00,0.0,IS504_OOS21,False
2022-01-03 00:00:00-05:00,0.0,IS504_OOS21,False
2022-01-04 00:00:00-05:00,0.0,IS252_OOS5,False
2022-01-05 00:00:00-05:00,0.0,IS252_OOS5,False
2022-01-06 00:00:00-05:00,0.0,IS252_OOS5,False
2022-01-07 00:00:00-05:00,0.0,IS252_OOS5,False
2022-01-10 00:00:00-05:00,0.0,IS252_OOS5,False
2022-01-11 00:00:00-05:00,0.0,IS252_OOS5,False
2022-01-12 00:00:00-05:00,0.0,IS252_OOS5,False
2022-01-13 00:00:00-05:00,0.0,IS252_OOS5,False
2022-01-14 00:00:00-05:00,0.0,IS252_OOS5,False
2022-01-18 00:00:00-05:00,0.0,IS252_OOS5,False
2022-01-19 00:00:00-05:00,0.00568585449734349,IS252_OOS5,False
2022-01-20 00:00:00-05:00,0.0,IS252_OOS5,False
2022-01-21 00:00:00-05:00,0.0003299170146726649,IS252_OOS5,False
2022-01-24 00:00:00-05:00,-0.029287332472400562,IS252_OOS5,False
2022-01-25 00:00:00-05:00,-0.004832629111642395,IS252_OOS5,False
2022-01-26 00:00:00-05:00,-0.016545791680943722,IS252_OOS5,False
2022-01-27 00:00:00-05:00,-0.002404085610106077,IS252_OOS5,False
2022-01-28 00:00:00-05:00,0.015644206760160317,IS252_OOS5,False
2022-01-31 00:00:00-05:00,0.012002058318121733,IS252_OOS5,False
2022-02-01 00:00:00-05:00,0.0,IS252_OOS5,False
2022-02-02 00:00:00-05:00,0.0,IS504_OOS21,False
2022-02-03 00:00:00-05:00,0.0,IS504_OOS21,False
2022-02-04 00:00:00-05:00,0.0,IS504_OOS21,False
2022-02-07 00:00:00-05:00,0.0,IS504_OOS21,False
2022-02-08 00:00:00-05:00,0.0,IS504_OOS21,False
2022-02-09 00:00:00-05:00,0.0,IS504_OOS21,False
2022-02-10 00:00:00-05:00,0.0,IS504_OOS21,False
2022-02-11 00:00:00-05:00,0.0,IS504_OOS21,False
2022-02-14 00:00:00-05:00,0.0,IS504_OOS21,False
2022-02-15 00:00:00-05:00,0.0,IS504_OOS21,False
2022-02-16 00:00:00-05:00,0.0,IS504_OOS21,False
2022-02-17 00:00:00-05:00,0.0,IS504_OOS21,False
2022-02-18 00:00:00-05:00,0.0,IS504_OOS21,False
2022-02-22 00:00:00-05:00,0.0,IS504_OOS21,False
2022-02-23 00:00:00-05:00,0.0,IS504_OOS21,False
2022-02-24 00:00:00-05:00,0.0,IS504_OOS21,False
2022-02-25 00:00:00-05:00,0.0,IS504_OOS21,False
2022-02-28 00:00:00-05:00,0.0,IS504_OOS21,False
2022-03-01 00:00:00-05:00,0.0,IS504_OOS21,False
2022-03-02 00:00:00-05:00,0.0,IS504_OOS21,False
2022-03-03 00:00:00-05:00,0.0,IS252_OOS63,False
2022-03-04 00:00:00-05:00,0.005450848073348391,IS252_OOS63,False
2022-03-07 00:00:00-05:00,0.013904061518171584,IS252_OOS63,False
2022-03-08 00:00:00-05:00,0.014841041103086372,IS252_OOS63,False
2022-03-09 00:00:00-05:00,-0.0040797718251268655,IS252_OOS63,False
2022-03-10 00:00:00-05:00,0.005262720278480515,IS252_OOS63,False
2022-03-11 00:00:00-05:00,0.0,IS252_OOS63,False
2022-03-14 00:00:00-04:00,0.0006680097266689167,IS252_OOS63,False
2022-03-15 00:00:00-04:00,-0.010687210711975537,IS252_OOS63,False
2022-03-16 00:00:00-04:00,0.021144918618774877,IS252_OOS63,False
2022-03-17 00:00:00-04:00,0.0,IS252_OOS63,False
2022-03-18 00:00:00-04:00,0.0,IS252_OOS63,False
2022-03-21 00:00:00-04:00,0.0,IS252_OOS63,False
2022-03-22 00:00:00-04:00,0.0,IS252_OOS63,False
2022-03-23 00:00:00-04:00,0.0,IS252_OOS63,False
2022-03-24 00:00:00-04:00,0.0,IS252_OOS63,False
2022-03-25 00:00:00-04:00,0.0,IS252_OOS63,False
2022-03-28 00:00:00-04:00,0.0,IS252_OOS63,False
2022-03-29 00:00:00-04:00,0.0,IS252_OOS63,False
2022-03-30 00:00:00-04:00,0.0,IS252_OOS63,False
2022-03-31 00:00:00-04:00,0.0,IS252_OOS63,False
2022-04-01 00:00:00-04:00,0.0,IS252_OOS63,False
2022-04-04 00:00:00-04:00,0.0,IS252_OOS63,False
2022-04-05 00:00:00-04:00,0.0,IS252_OOS63,False
2022-04-06 00:00:00-04:00,-0.003805247802541989,IS252_OOS63,False
2022-04-07 00:00:00-04:00,0.0,IS252_OOS63,False
2022-04-08 00:00:00-04:00,0.0,IS252_OOS63,False
2022-04-11 00:00:00-04:00,0.0061106172991352015,IS252_OOS63,False
2022-04-12 00:00:00-04:00,0.009313971619360206,IS252_OOS63,False
2022-04-13 00:00:00-04:00,0.0,IS252_OOS63,False
2022-04-14 00:00:00-04:00,0.0,IS252_OOS63,False
2022-04-18 00:00:00-04:00,0.0,IS252_OOS63,False
2022-04-19 00:00:00-04:00,0.0,IS252_OOS63,False
2022-04-20 00:00:00-04:00,0.0,IS252_OOS63,False
2022-04-21 00:00:00-04:00,0.0,IS252_OOS63,False
2022-04-22 00:00:00-04:00,0.010149453820659904,IS252_OOS63,False
2022-04-25 00:00:00-04:00,-0.010322038775159803,IS252_OOS63,False
2022-04-26 00:00:00-04:00,0.0,IS252_OOS63,False
2022-04-27 00:00:00-04:00,0.0,IS252_OOS63,False
2022-04-28 00:00:00-04:00,0.0,IS252_OOS63,False
2022-04-29 00:00:00-04:00,0.0,IS252_OOS63,False
2022-05-02 00:00:00-04:00,-0.006467389905571053,IS252_OOS63,False
2022-05-03 00:00:00-04:00,0.0,IS252_OOS63,False
2022-05-04 00:00:00-04:00,0.0,IS252_OOS63,False
2022-05-05 00:00:00-04:00,0.0,IS252_OOS63,False
2022-05-06 00:00:00-04:00,0.0,IS252_OOS63,False
2022-05-09 00:00:00-04:00,0.010253652776927469,IS252_OOS63,False
2022-05-10 00:00:00-04:00,0.0,IS252_OOS63,False
2022-05-11 00:00:00-04:00,0.0,IS252_OOS63,False
2022-05-12 00:00:00-04:00,0.0,IS252_OOS63,False
2022-05-13 00:00:00-04:00,0.0015744995036919285,IS504_OOS63,False
2022-05-16 00:00:00-04:00,0.0,IS504_OOS63,False
2022-05-17 00:00:00-04:00,0.0,IS504_OOS63,False
2022-05-18 00:00:00-04:00,0.014944258467503024,IS504_OOS63,False
2022-05-19 00:00:00-04:00,0.0,IS504_OOS63,False
2022-05-20 00:00:00-04:00,-0.008060246026800888,IS504_OOS63,False
2022-05-23 00:00:00-04:00,0.007157832308207546,IS504_OOS63,False
2022-05-24 00:00:00-04:00,-0.013036052260442577,IS504_OOS63,False
2022-05-25 00:00:00-04:00,0.0,IS504_OOS63,False
2022-05-26 00:00:00-04:00,0.004697644536310275,IS504_OOS63,False
2022-05-27 00:00:00-04:00,0.008621557286494053,IS504_OOS21,False
2022-05-31 00:00:00-04:00,0.0,IS504_OOS21,False
2022-06-01 00:00:00-04:00,0.0,IS504_OOS21,False
2022-06-02 00:00:00-04:00,0.0,IS504_OOS21,False
2022-06-03 00:00:00-04:00,0.0,IS504_OOS21,False
2022-06-06 00:00:00-04:00,0.0,IS504_OOS21,False
2022-06-07 00:00:00-04:00,0.0,IS504_OOS21,False
2022-06-08 00:00:00-04:00,0.0010125625645518443,IS504_OOS21,False
2022-06-09 00:00:00-04:00,0.0072853275559161546,IS504_OOS21,False
2022-06-10 00:00:00-04:00,0.0,IS504_OOS21,False
2022-06-13 00:00:00-04:00,0.0,IS504_OOS21,False
2022-06-14 00:00:00-04:00,0.0007085816172600623,IS504_OOS21,False
2022-06-15 00:00:00-04:00,-0.001771690722021213,IS504_OOS21,False
2022-06-16 00:00:00-04:00,0.0,IS504_OOS21,False
2022-06-17 00:00:00-04:00,0.005549742982691397,IS504_OOS21,False
2022-06-21 00:00:00-04:00,-5.90236361592833e-05,IS504_OOS21,False
2022-06-22 00:00:00-04:00,0.0,IS504_OOS21,False
2022-06-23 00:00:00-04:00,0.0,IS504_OOS21,False
2022-06-24 00:00:00-04:00,0.0,IS504_OOS21,False
2022-06-27 00:00:00-04:00,0.0,IS504_OOS21,False
2022-06-28 00:00:00-04:00,0.0,IS504_OOS21,False
2022-06-29 00:00:00-04:00,0.0,IS504_OOS21,False
2022-06-30 00:00:00-04:00,0.0,IS504_OOS21,False
2022-07-01 00:00:00-04:00,-0.015718465357699385,IS504_OOS21,False
2022-07-05 00:00:00-04:00,-0.016382504445082935,IS504_OOS21,False
2022-07-06 00:00:00-04:00,0.0,IS504_OOS21,False
2022-07-07 00:00:00-04:00,0.0,IS504_OOS21,False
2022-07-08 00:00:00-04:00,0.0,IS504_OOS21,False
2022-07-11 00:00:00-04:00,0.0,IS504_OOS21,False
2022-07-12 00:00:00-04:00,-0.0018134701802816622,IS504_OOS21,False
2022-07-13 00:00:00-04:00,-0.01319441919291986,IS252_OOS63,False
2022-07-14 00:00:00-04:00,-0.015325317891961121,IS252_OOS63,False
2022-07-15 00:00:00-04:00,0.002139409479648524,IS252_OOS63,False
2022-07-18 00:00:00-04:00,-0.014236611866035753,IS252_OOS63,False
2022-07-19 00:00:00-04:00,0.01059040503885944,IS252_OOS63,False
2022-07-20 00:00:00-04:00,-0.0012167439253507606,IS252_OOS63,False
2022-07-21 00:00:00-04:00,0.016189768910599422,IS252_OOS63,False
2022-07-22 00:00:00-04:00,-0.0012959881520470118,IS252_OOS63,False
2022-07-25 00:00:00-04:00,0.0,IS252_OOS63,False
2022-07-26 00:00:00-04:00,0.003923127056070896,IS252_OOS63,False
2022-07-27 00:00:00-04:00,0.006649860855014067,IS252_OOS63,False
2022-07-28 00:00:00-04:00,0.01753604859723157,IS252_OOS63,False
2022-07-29 00:00:00-04:00,0.0034055943726871707,IS252_OOS63,False
2022-08-01 00:00:00-04:00,0.0,IS252_OOS63,False
2022-08-02 00:00:00-04:00,-0.002681065743755262,IS252_OOS63,False
2022-08-03 00:00:00-04:00,-0.0069069080944010874,IS252_OOS63,False
2022-08-04 00:00:00-04:00,0.0,IS252_OOS63,False
2022-08-05 00:00:00-04:00,0.007636130191606139,IS252_OOS63,False
2022-08-08 00:00:00-04:00,-0.011179477149758421,IS252_OOS63,False
2022-08-09 00:00:00-04:00,-0.0021066843024754034,IS252_OOS63,False
2022-08-10 00:00:00-04:00,0.005243071864189819,IS252_OOS63,False
2022-08-11 00:00:00-04:00,-0.010882380519783519,IS252_OOS63,False
2022-08-12 00:00:00-04:00,0.008415756401130237,IS252_OOS63,False
2022-08-15 00:00:00-04:00,0.00029338294889980077,IS252_OOS63,False
2022-08-16 00:00:00-04:00,-0.0017480384285597506,IS252_OOS63,False
2022-08-17 00:00:00-04:00,-2.6472461837401262e-05,IS252_OOS63,False
2022-08-18 00:00:00-04:00,-0.004097064378233428,IS252_OOS63,False
2022-08-19 00:00:00-04:00,0.002349406542723642,IS252_OOS63,False
2022-08-22 00:00:00-04:00,0.003267408056125687,IS252_OOS63,False
2022-08-23 00:00:00-04:00,-0.0014586825162561379,IS252_OOS63,False
2022-08-24 00:00:00-04:00,0.001739836107838899,IS252_OOS63,False
2022-08-25 00:00:00-04:00,0.004943050281039918,IS252_OOS63,False
2022-08-26 00:00:00-04:00,-3.153847000969545e-05,IS252_OOS63,False
2022-08-29 00:00:00-04:00,-0.0013310216813356979,IS252_OOS63,False
2022-08-30 00:00:00-04:00,0.00962808898610601,IS252_OOS63,False
2022-08-31 00:00:00-04:00,0.0,IS252_OOS63,False
2022-09-01 00:00:00-04:00,-0.009000563841255471,IS252_OOS63,False
2022-09-02 00:00:00-04:00,-0.007218291096979135,IS252_OOS63,False
2022-09-06 00:00:00-04:00,-0.001202577386663295,IS252_OOS63,False
2022-09-07 00:00:00-04:00,-0.012102898438516418,IS252_OOS63,False
2022-09-08 00:00:00-04:00,0.00018414693327506448,IS504_OOS21,False
2022-09-09 00:00:00-04:00,0.0,IS504_OOS21,False
2022-09-12 00:00:00-04:00,0.0,IS504_OOS21,False
2022-09-13 00:00:00-04:00,0.002510330985878495,IS504_OOS21,False
2022-09-14 00:00:00-04:00,0.0,IS504_OOS21,False
2022-09-15 00:00:00-04:00,0.0010727402779537876,IS504_OOS21,False
2022-09-16 00:00:00-04:00,-0.003709012808913892,IS504_OOS21,False
2022-09-19 00:00:00-04:00,0.0,IS504_OOS21,False
2022-09-20 00:00:00-04:00,-0.0006389809784940192,IS504_OOS21,False
2022-09-21 00:00:00-04:00,0.0,IS504_OOS21,False
2022-09-22 00:00:00-04:00,-3.114336647513927e-05,IS504_OOS21,False
2022-09-23 00:00:00-04:00,0.013449477152255307,IS504_OOS21,False
2022-09-26 00:00:00-04:00,0.004348175564692802,IS504_OOS21,False
2022-09-27 00:00:00-04:00,0.009573342705177401,IS504_OOS21,False
2022-09-28 00:00:00-04:00,0.01285187363953777,IS504_OOS21,False
2022-09-29 00:00:00-04:00,0.0,IS504_OOS21,False
2022-09-30 00:00:00-04:00,0.0,IS504_OOS21,False
2022-10-03 00:00:00-04:00,0.0,IS504_OOS21,False
2022-10-04 00:00:00-04:00,0.0,IS504_OOS21,False
2022-10-05 00:00:00-04:00,0.0,IS504_OOS21,False
2022-10-06 00:00:00-04:00,0.0,IS504_OOS21,False
2022-10-07 00:00:00-04:00,0.0,IS504_OOS21,False
2022-10-10 00:00:00-04:00,0.0,IS504_OOS21,False
2022-10-11 00:00:00-04:00,0.009540104981400344,IS504_OOS21,False
2022-10-12 00:00:00-04:00,0.0,IS504_OOS21,False
2022-10-13 00:00:00-04:00,-0.015191527796935222,IS504_OOS21,False
2022-10-14 00:00:00-04:00,0.0,IS504_OOS21,False
2022-10-17 00:00:00-04:00,0.0,IS504_OOS21,False
2022-10-18 00:00:00-04:00,0.0,IS504_OOS21,False
2022-10-19 00:00:00-04:00,0.0,IS504_OOS21,False
2022-10-20 00:00:00-04:00,0.0,IS504_OOS21,False
2022-10-21 00:00:00-04:00,0.0,IS504_OOS21,False
2022-10-24 00:00:00-04:00,0.0,IS504_OOS21,False
2022-10-25 00:00:00-04:00,0.0,IS504_OOS21,False
2022-10-26 00:00:00-04:00,0.0,IS504_OOS21,False
2022-10-27 00:00:00-04:00,0.0,IS504_OOS21,False
2022-10-28 00:00:00-04:00,0.0,IS504_OOS21,False
2022-10-31 00:00:00-04:00,0.0,IS504_OOS21,False
2022-11-01 00:00:00-04:00,0.0,IS504_OOS21,False
2022-11-02 00:00:00-04:00,0.0,IS504_OOS21,False
2022-11-03 00:00:00-04:00,0.0,IS504_OOS21,False
2022-11-04 00:00:00-04:00,0.0,IS504_OOS21,False
2022-11-07 00:00:00-05:00,0.0,IS504_OOS21,False
2022-11-08 00:00:00-05:00,0.0,IS504_OOS21,False
2022-11-09 00:00:00-05:00,0.002915693023010757,IS504_OOS21,False
2022-11-10 00:00:00-05:00,0.0,IS504_OOS21,False
2022-11-11 00:00:00-05:00,0.0,IS504_OOS21,False
2022-11-14 00:00:00-05:00,0.0,IS504_OOS21,False
2022-11-15 00:00:00-05:00,0.0,IS504_OOS21,False
2022-11-16 00:00:00-05:00,0.0,IS504_OOS21,False
2022-11-17 00:00:00-05:00,0.0,IS504_OOS5,False
2022-11-18 00:00:00-05:00,0.0,IS504_OOS5,False
2022-11-21 00:00:00-05:00,0.0,IS504_OOS5,False
2022-11-22 00:00:00-05:00,0.0,IS504_OOS5,False
2022-11-23 00:00:00-05:00,0.0,IS504_OOS5,False
2022-11-25 00:00:00-05:00,0.0,IS504_OOS5,False
2022-11-28 00:00:00-05:00,0.0,IS504_OOS5,False
2022-11-29 00:00:00-05:00,0.0,IS504_OOS5,False
2022-11-30 00:00:00-05:00,0.0,IS504_OOS5,False
2022-12-01 00:00:00-05:00,0.0,IS504_OOS5,False
2022-12-02 00:00:00-05:00,0.0,IS504_OOS5,False
2022-12-05 00:00:00-05:00,0.007595037297489782,IS504_OOS5,False
2022-12-06 00:00:00-05:00,0.005015314375620639,IS504_OOS5,False
2022-12-07 00:00:00-05:00,0.0,IS504_OOS5,False
2022-12-08 00:00:00-05:00,0.0017901901619643557,IS504_OOS5,False
2022-12-09 00:00:00-05:00,0.0,IS504_OOS5,False
2022-12-12 00:00:00-05:00,0.0,IS504_OOS5,False
2022-12-13 00:00:00-05:00,0.0,IS504_OOS5,False
2022-12-14 00:00:00-05:00,0.0,IS504_OOS5,False
2022-12-15 00:00:00-05:00,0.0,IS504_OOS5,False
2022-12-16 00:00:00-05:00,-0.001926629161066562,IS504_OOS10,False
2022-12-19 00:00:00-05:00,0.0025247956826499607,IS504_OOS10,False
2022-12-20 00:00:00-05:00,0.0,IS504_OOS10,False
2022-12-21 00:00:00-05:00,0.0,IS504_OOS10,False
2022-12-22 00:00:00-05:00,0.0,IS504_OOS10,False
2022-12-23 00:00:00-05:00,0.0,IS504_OOS10,False
2022-12-27 00:00:00-05:00,0.0,IS504_OOS10,False
2022-12-28 00:00:00-05:00,0.006299814207956889,IS504_OOS10,False
2022-12-29 00:00:00-05:00,0.0,IS504_OOS10,False
2022-12-30 00:00:00-05:00,-0.004468377236115706,IS504_OOS10,False
2023-01-03 00:00:00-05:00,0.0,IS504_OOS10,False
2023-01-04 00:00:00-05:00,0.0,IS504_OOS10,False
2023-01-05 00:00:00-05:00,0.0020063441296978013,IS504_OOS10,False
2023-01-06 00:00:00-05:00,0.0,IS504_OOS10,False
2023-01-09 00:00:00-05:00,0.0,IS504_OOS10,False
2023-01-10 00:00:00-05:00,0.0,IS504_OOS10,False
2023-01-11 00:00:00-05:00,0.0,IS504_OOS10,False
2023-01-12 00:00:00-05:00,0.0,IS504_OOS10,False
2023-01-13 00:00:00-05:00,0.00022111032204064074,IS504_OOS10,False
2023-01-17 00:00:00-05:00,0.0,IS504_OOS10,False
2023-01-18 00:00:00-05:00,0.003030307034440183,IS504_OOS10,False
2023-01-19 00:00:00-05:00,0.0007703414047446344,IS504_OOS10,False
2023-01-20 00:00:00-05:00,-0.009070549399153416,IS504_OOS10,False
2023-01-23 00:00:00-05:00,0.0,IS504_OOS10,False
2023-01-24 00:00:00-05:00,0.0,IS504_OOS10,False
2023-01-25 00:00:00-05:00,-0.014199682418593929,IS504_OOS10,False
2023-01-26 00:00:00-05:00,0.0,IS504_OOS10,False
2023-01-27 00:00:00-05:00,0.0,IS504_OOS10,False
2023-01-30 00:00:00-05:00,0.0018896616882184691,IS504_OOS10,False
2023-01-31 00:00:00-05:00,-0.008430206021469266,IS504_OOS10,False
2023-02-01 00:00:00-05:00,0.0,IS504_OOS21,False
2023-02-02 00:00:00-05:00,0.0,IS504_OOS21,False
2023-02-03 00:00:00-05:00,0.0,IS504_OOS21,False
2023-02-06 00:00:00-05:00,-0.003047911501595335,IS504_OOS21,False
2023-02-07 00:00:00-05:00,-0.009867377525551002,IS504_OOS21,False
2023-02-08 00:00:00-05:00,0.00013183983465592242,IS504_OOS21,False
2023-02-09 00:00:00-05:00,0.008983441564501149,IS504_OOS21,False
2023-02-10 00:00:00-05:00,0.0,IS504_OOS21,False
2023-02-13 00:00:00-05:00,0.004442896188029621,IS504_OOS21,False
2023-02-14 00:00:00-05:00,-0.008399943453051506,IS504_OOS21,False
2023-02-15 00:00:00-05:00,0.0074287702143887024,IS504_OOS10,False
2023-02-16 00:00:00-05:00,0.005113534621155491,IS504_OOS10,False
2023-02-17 00:00:00-05:00,-0.00350706421351199,IS504_OOS10,False
2023-02-21 00:00:00-05:00,0.006247830838153501,IS504_OOS10,False
2023-02-22 00:00:00-05:00,0.008892519188999248,IS504_OOS10,False
2023-02-23 00:00:00-05:00,0.006928237960938999,IS504_OOS10,False
2023-02-24 00:00:00-05:00,-0.005545980859852584,IS504_OOS10,False
2023-02-27 00:00:00-05:00,0.0,IS504_OOS10,False
2023-02-28 00:00:00-05:00,0.0,IS504_OOS10,False
2023-03-01 00:00:00-05:00,0.0,IS504_OOS10,False
2023-03-02 00:00:00-05:00,-0.009300844460152113,IS504_OOS21,False
2023-03-03 00:00:00-05:00,0.0,IS504_OOS21,False
2023-03-06 00:00:00-05:00,0.0,IS504_OOS21,False
2023-03-07 00:00:00-05:00,-0.00020002000200014525,IS504_OOS21,False
2023-03-08 00:00:00-05:00,0.0,IS504_OOS21,False
2023-03-09 00:00:00-05:00,0.007642461325017669,IS504_OOS21,False
2023-03-10 00:00:00-05:00,0.010271487457004236,IS504_OOS21,False
2023-03-13 00:00:00-04:00,0.0004585497493929669,IS504_OOS21,False
2023-03-14 00:00:00-04:00,-0.005015528853242857,IS504_OOS21,False
2023-03-15 00:00:00-04:00,-0.009771572269099305,IS504_OOS21,False
2023-03-16 00:00:00-04:00,0.007454884763624436,IS504_OOS21,False
2023-03-17 00:00:00-04:00,-0.001594475496667469,IS504_OOS21,False
2023-03-20 00:00:00-04:00,0.0030736025582875914,IS504_OOS21,False
2023-03-21 00:00:00-04:00,0.005911138257024717,IS504_OOS21,False
2023-03-22 00:00:00-04:00,-0.011918287251452386,IS504_OOS21,False
2023-03-23 00:00:00-04:00,-0.014001773533376505,IS504_OOS21,False
2023-03-24 00:00:00-04:00,-0.004095870636348198,IS504_OOS21,False
2023-03-27 00:00:00-04:00,0.0015361186856397424,IS504_OOS21,False
2023-03-28 00:00:00-04:00,0.001651011836134586,IS504_OOS21,False
2023-03-29 00:00:00-04:00,0.004426787503219787,IS504_OOS21,False
2023-03-30 00:00:00-04:00,-0.0004844402011611182,IS504_OOS21,False
2023-03-31 00:00:00-04:00,0.00940804590529587,IS504_OOS21,False
2023-04-03 00:00:00-04:00,0.0,IS504_OOS21,False
2023-04-04 00:00:00-04:00,-0.0006341648571566161,IS504_OOS21,False
2023-04-05 00:00:00-04:00,-0.002872359169121763,IS504_OOS21,False
2023-04-06 00:00:00-04:00,-0.0019647177973396435,IS504_OOS21,False
2023-04-10 00:00:00-04:00,-0.007810018659969442,IS504_OOS21,False
2023-04-11 00:00:00-04:00,0.0,IS504_OOS21,False
2023-04-12 00:00:00-04:00,-0.008458163705284183,IS504_OOS21,False
2023-04-13 00:00:00-04:00,0.0,IS504_OOS21,False
2023-04-14 00:00:00-04:00,0.0,IS504_OOS21,False
2023-04-17 00:00:00-04:00,0.0008859905158318249,IS504_OOS21,False
2023-04-18 00:00:00-04:00,0.0,IS504_OOS21,False
2023-04-19 00:00:00-04:00,-0.0010312574184756507,IS504_OOS21,False
2023-04-20 00:00:00-04:00,0.0006362888296838065,IS504_OOS21,False
2023-04-21 00:00:00-04:00,-0.0005042556421620548,IS504_OOS21,False
2023-04-24 00:00:00-04:00,0.0054379370168264884,IS504_OOS21,False
2023-04-25 00:00:00-04:00,0.009206517355524468,IS504_OOS21,False
2023-04-26 00:00:00-04:00,-0.003929501424825954,IS504_OOS21,False
2023-04-27 00:00:00-04:00,-0.00718211643988631,IS504_OOS21,False
2023-04-28 00:00:00-04:00,0.0,IS504_OOS21,False
2023-05-01 00:00:00-04:00,0.0,IS504_OOS21,False
2023-05-02 00:00:00-04:00,0.008377295555722863,IS504_OOS21,False
2023-05-03 00:00:00-04:00,0.008916308491796476,IS504_OOS21,False
2023-05-04 00:00:00-04:00,-0.0030184317227029966,IS504_OOS21,False
2023-05-05 00:00:00-04:00,-0.0046250086488436315,IS504_OOS21,False
2023-05-08 00:00:00-04:00,0.0,IS504_OOS21,False
2023-05-09 00:00:00-04:00,2.87664753619854e-05,IS504_OOS21,False
2023-05-10 00:00:00-04:00,-0.009182940747436197,IS504_OOS21,False
2023-05-11 00:00:00-04:00,-0.003301888438926537,IS504_OOS21,False
2023-05-12 00:00:00-04:00,-0.003919372121614195,IS252_OOS63,False
2023-05-15 00:00:00-04:00,0.00040721673062726893,IS252_OOS63,False
2023-05-16 00:00:00-04:00,-0.002738961209775681,IS252_OOS63,False
2023-05-17 00:00:00-04:00,0.0058574559750870225,IS252_OOS63,False
2023-05-18 00:00:00-04:00,0.006233038875618435,IS252_OOS63,False
2023-05-19 00:00:00-04:00,0.0,IS252_OOS63,False
2023-05-22 00:00:00-04:00,0.0,IS252_OOS63,False
2023-05-23 00:00:00-04:00,0.0,IS252_OOS63,False
2023-05-24 00:00:00-04:00,0.0,IS252_OOS63,False
2023-05-25 00:00:00-04:00,0.0,IS252_OOS63,False
2023-05-26 00:00:00-04:00,0.001643428531196811,IS252_OOS63,False
2023-05-30 00:00:00-04:00,0.0,IS252_OOS63,False
2023-05-31 00:00:00-04:00,0.0,IS252_OOS63,False
2023-06-01 00:00:00-04:00,0.0036770441129343467,IS252_OOS63,False
2023-06-02 00:00:00-04:00,0.007211081382446194,IS252_OOS63,False
2023-06-05 00:00:00-04:00,0.0,IS252_OOS63,False
2023-06-06 00:00:00-04:00,0.0,IS252_OOS63,False
2023-06-07 00:00:00-04:00,0.0,IS252_OOS63,False
2023-06-08 00:00:00-04:00,0.0,IS252_OOS63,False
2023-06-09 00:00:00-04:00,-0.00012709942710020794,IS252_OOS63,False
2023-06-12 00:00:00-04:00,0.0,IS252_OOS63,False
2023-06-13 00:00:00-04:00,0.0,IS252_OOS63,False
2023-06-14 00:00:00-04:00,0.0,IS252_OOS63,False
2023-06-15 00:00:00-04:00,0.0,IS252_OOS63,False
2023-06-16 00:00:00-04:00,0.0,IS252_OOS63,False
2023-06-20 00:00:00-04:00,0.0,IS252_OOS63,False
2023-06-21 00:00:00-04:00,0.0,IS252_OOS63,False
2023-06-22 00:00:00-04:00,0.0,IS252_OOS63,False
2023-06-23 00:00:00-04:00,0.0,IS252_OOS63,False
2023-06-26 00:00:00-04:00,0.0,IS252_OOS63,False
2023-06-27 00:00:00-04:00,0.001185512451765236,IS252_OOS63,False
2023-06-28 00:00:00-04:00,0.0,IS252_OOS63,False
2023-06-29 00:00:00-04:00,0.000964927880056976,IS252_OOS63,False
2023-06-30 00:00:00-04:00,0.0005750405674003201,IS252_OOS63,False
2023-07-03 00:00:00-04:00,0.0,IS252_OOS63,False
2023-07-05 00:00:00-04:00,0.0,IS252_OOS63,False
2023-07-06 00:00:00-04:00,0.0,IS252_OOS63,False
2023-07-07 00:00:00-04:00,0.0066961847777624595,IS252_OOS63,False
2023-07-10 00:00:00-04:00,0.0026953770631295004,IS252_OOS63,False
2023-07-11 00:00:00-04:00,0.004833522036848059,IS252_OOS63,False
2023-07-12 00:00:00-04:00,-0.0028986211579884458,IS252_OOS63,False
2023-07-13 00:00:00-04:00,0.0034702895881415508,IS252_OOS63,False
2023-07-14 00:00:00-04:00,0.0,IS252_OOS63,False
2023-07-17 00:00:00-04:00,-0.0005460034047816142,IS252_OOS63,False
2023-07-18 00:00:00-04:00,0.0024643159391848357,IS252_OOS63,False
2023-07-19 00:00:00-04:00,0.0,IS252_OOS63,False
2023-07-20 00:00:00-04:00,-0.003090702655565769,IS252_OOS63,False
2023-07-21 00:00:00-04:00,0.003469260577637412,IS252_OOS63,False
2023-07-24 00:00:00-04:00,-0.00036045538559359436,IS252_OOS63,False
2023-07-25 00:00:00-04:00,0.0006918002738194318,IS252_OOS63,False
2023-07-26 00:00:00-04:00,0.004347855864271111,IS252_OOS63,False
2023-07-27 00:00:00-04:00,-0.0018297787465550996,IS252_OOS63,False
2023-07-28 00:00:00-04:00,0.0009398348778373311,IS252_OOS63,False
2023-07-31 00:00:00-04:00,0.0,IS252_OOS63,False
2023-08-01 00:00:00-04:00,0.0009866449960578283,IS252_OOS63,False
2023-08-02 00:00:00-04:00,0.003853008882036324,IS252_OOS63,False
2023-08-03 00:00:00-04:00,0.0010506353279704506,IS252_OOS63,False
2023-08-04 00:00:00-04:00,0.009385152074824044,IS252_OOS63,False
2023-08-07 00:00:00-04:00,0.0022065560241024684,IS252_OOS63,False
2023-08-08 00:00:00-04:00,-0.005938509283444637,IS252_OOS63,False
2023-08-09 00:00:00-04:00,0.0004067134041279008,IS252_OOS63,False
2023-08-10 00:00:00-04:00,-0.011360231149026623,IS252_OOS63,False
2023-08-11 00:00:00-04:00,-0.002470967100455135,IS252_OOS63,False
2023-08-14 00:00:00-04:00,0.0018707700801445792,IS252_OOS63,False
2023-08-15 00:00:00-04:00,0.002261217450547637,IS252_OOS63,False
2023-08-16 00:00:00-04:00,0.0,IS252_OOS63,False
2023-08-17 00:00:00-04:00,0.0,IS252_OOS63,False
2023-08-18 00:00:00-04:00,0.0,IS252_OOS63,False
2023-08-21 00:00:00-04:00,0.0,IS252_OOS63,False
2023-08-22 00:00:00-04:00,0.0,IS252_OOS63,False
2023-08-23 00:00:00-04:00,0.004519619790286811,IS252_OOS63,False
2023-08-24 00:00:00-04:00,-0.0064106916412330905,IS252_OOS63,False
2023-08-25 00:00:00-04:00,-0.002737816168565277,IS252_OOS63,False
2023-08-28 00:00:00-04:00,0.0008098797528566237,IS252_OOS63,False
2023-08-29 00:00:00-04:00,0.007051494082696008,IS252_OOS63,False
2023-08-30 00:00:00-04:00,0.0009316947723108093,IS252_OOS63,False
2023-08-31 00:00:00-04:00,0.0,IS252_OOS63,False
2023-09-01 00:00:00-04:00,-0.006582720639639272,IS252_OOS63,False
2023-09-05 00:00:00-04:00,0.0,IS252_OOS63,False
2023-09-06 00:00:00-04:00,0.0,IS252_OOS63,False
2023-09-07 00:00:00-04:00,0.00029108805336774957,IS252_OOS63,False
2023-09-08 00:00:00-04:00,0.002827924728107112,IS252_OOS63,False
2023-09-11 00:00:00-04:00,0.0013334556114943386,IS252_OOS63,False
2023-09-12 00:00:00-04:00,-0.0016908281212885123,IS252_OOS63,False
2023-09-13 00:00:00-04:00,-0.0023622878985560813,IS252_OOS63,False
2023-09-14 00:00:00-04:00,-0.004353790211743536,IS252_OOS63,False
2023-09-15 00:00:00-04:00,-0.006007026559681883,IS252_OOS63,False
2023-09-18 00:00:00-04:00,0.0,IS252_OOS63,False
2023-09-19 00:00:00-04:00,0.0,IS252_OOS63,False
2023-09-20 00:00:00-04:00,-0.005445041861316446,IS252_OOS63,False
2023-09-21 00:00:00-04:00,0.0,IS252_OOS63,False
2023-09-22 00:00:00-04:00,0.0,IS252_OOS63,False
2023-09-25 00:00:00-04:00,-0.0009444487220803266,IS252_OOS63,False
2023-09-26 00:00:00-04:00,0.0,IS252_OOS63,False
2023-09-27 00:00:00-04:00,0.0,IS252_OOS63,False
2023-09-28 00:00:00-04:00,-0.0007327626041703228,IS252_OOS63,False
2023-09-29 00:00:00-04:00,-0.008192565617074044,IS252_OOS63,False
2023-10-02 00:00:00-04:00,-0.011974822660826279,IS252_OOS63,False
2023-10-03 00:00:00-04:00,0.0018128500132199576,IS252_OOS63,False
2023-10-04 00:00:00-04:00,-0.004787643346135018,IS252_OOS63,False
2023-10-05 00:00:00-04:00,-0.006024853025896171,IS252_OOS63,False
2023-10-06 00:00:00-04:00,0.004940175453511886,IS252_OOS63,False
2023-10-09 00:00:00-04:00,0.007408691297001058,IS252_OOS63,False
2023-10-10 00:00:00-04:00,-0.0015106774587354543,IS252_OOS63,False
2023-10-11 00:00:00-04:00,0.0,IS252_OOS63,False
2023-10-12 00:00:00-04:00,-0.0008461285873065938,IS252_OOS63,False
2023-10-13 00:00:00-04:00,0.0011919800258370916,IS252_OOS63,False
2023-10-16 00:00:00-04:00,1.4069195868549045e-05,IS252_OOS63,False
2023-10-17 00:00:00-04:00,0.0030676521068728757,IS252_OOS63,False
2023-10-18 00:00:00-04:00,-0.008504367650834177,IS252_OOS63,False
2023-10-19 00:00:00-04:00,0.007499527235614201,IS252_OOS63,False
2023-10-20 00:00:00-04:00,0.0,IS252_OOS63,False
2023-10-23 00:00:00-04:00,0.0,IS252_OOS63,False
2023-10-24 00:00:00-04:00,0.009080308053047492,IS252_OOS63,False
2023-10-25 00:00:00-04:00,0.0038318477213237223,IS252_OOS63,False
2023-10-26 00:00:00-04:00,0.008476353146244175,IS252_OOS63,False
2023-10-27 00:00:00-04:00,0.0,IS252_OOS63,False
2023-10-30 00:00:00-04:00,0.0010989481938752377,IS252_OOS63,False
2023-10-31 00:00:00-04:00,0.0025342948276900756,IS252_OOS63,False
2023-11-01 00:00:00-04:00,0.0034432651773601552,IS252_OOS63,False
2023-11-02 00:00:00-04:00,0.00570740097629141,IS252_OOS63,False
2023-11-03 00:00:00-04:00,0.0,IS252_OOS63,False
2023-11-06 00:00:00-05:00,0.0,IS252_OOS63,False
2023-11-07 00:00:00-05:00,0.0,IS252_OOS63,False
2023-11-08 00:00:00-05:00,0.0,IS252_OOS63,False
2023-11-09 00:00:00-05:00,0.0,IS252_OOS63,False
2023-11-10 00:00:00-05:00,-0.0066316865105692235,IS252_OOS63,False
2023-11-13 00:00:00-05:00,-0.0014701647115609173,IS252_OOS63,False
2023-11-14 00:00:00-05:00,-0.000523345530807573,IS252_OOS63,False
2023-11-15 00:00:00-05:00,-0.0025922863263092566,IS252_OOS63,False
2023-11-16 00:00:00-05:00,0.003985605834004424,IS252_OOS63,False
2023-11-17 00:00:00-05:00,-0.00033808971602322657,IS252_OOS63,False
2023-11-20 00:00:00-05:00,0.0027989164265329602,IS252_OOS63,False
2023-11-21 00:00:00-05:00,0.002253432578033898,IS252_OOS63,False
2023-11-22 00:00:00-05:00,-4.046411240721248e-05,IS252_OOS63,False
2023-11-24 00:00:00-05:00,0.0,IS252_OOS63,False
2023-11-27 00:00:00-05:00,0.0,IS252_OOS63,False
2023-11-28 00:00:00-05:00,-0.0017019671487882304,IS252_OOS63,False
2023-11-29 00:00:00-05:00,-0.004265407947290245,IS252_OOS63,False
2023-11-30 00:00:00-05:00,0.0,IS252_OOS63,False
2023-12-01 00:00:00-05:00,0.003222129958551978,IS252_OOS21,False
2023-12-04 00:00:00-05:00,0.0038575759387124986,IS252_OOS21,False
2023-12-05 00:00:00-05:00,0.0,IS252_OOS21,False
2023-12-06 00:00:00-05:00,0.00041545964656397594,IS252_OOS21,False
2023-12-07 00:00:00-05:00,0.00029804111016673573,IS252_OOS21,False
2023-12-08 00:00:00-05:00,0.0003861881834457126,IS252_OOS21,False
2023-12-11 00:00:00-05:00,0.0002715284625953718,IS252_OOS21,False
2023-12-12 00:00:00-05:00,0.0026672154669196146,IS252_OOS21,False
2023-12-13 00:00:00-05:00,0.004798214008479462,IS252_OOS21,False
2023-12-14 00:00:00-05:00,-0.00538369757570456,IS252_OOS21,False
2023-12-15 00:00:00-05:00,0.0,IS252_OOS63,False
2023-12-18 00:00:00-05:00,0.00025961766934323727,IS252_OOS63,False
2023-12-19 00:00:00-05:00,0.0018265533195602757,IS252_OOS63,False
2023-12-20 00:00:00-05:00,0.0025954949199888944,IS252_OOS63,False
2023-12-21 00:00:00-05:00,-0.0033569540677189647,IS252_OOS63,False
2023-12-22 00:00:00-05:00,-0.0072296897885842926,IS252_OOS63,False
2023-12-26 00:00:00-05:00,0.0013221165921684097,IS252_OOS63,False
2023-12-27 00:00:00-05:00,0.0,IS252_OOS63,False
2023-12-28 00:00:00-05:00,0.0,IS252_OOS63,False
2023-12-29 00:00:00-05:00,-0.003186017010940456,IS252_OOS63,False
2024-01-02 00:00:00-05:00,-0.0019516837848407853,IS252_OOS63,False
2024-01-03 00:00:00-05:00,0.0014061438260677406,IS252_OOS63,False
2024-01-04 00:00:00-05:00,0.006085863389338364,IS252_OOS63,False
2024-01-05 00:00:00-05:00,0.006053665127972785,IS252_OOS63,False
2024-01-08 00:00:00-05:00,0.009249485207385,IS252_OOS63,False
2024-01-09 00:00:00-05:00,0.0026409818034591748,IS252_OOS63,False
2024-01-10 00:00:00-05:00,0.005573623224966795,IS252_OOS63,False
2024-01-11 00:00:00-05:00,-0.0026609832187522997,IS252_OOS63,False
2024-01-12 00:00:00-05:00,0.00010338367983764307,IS252_OOS63,False
2024-01-16 00:00:00-05:00,-0.0013104582330580872,IS252_OOS63,False
2024-01-17 00:00:00-05:00,-0.0011633296414899075,IS504_OOS21,False
2024-01-18 00:00:00-05:00,-0.0059702702522079765,IS504_OOS21,False
2024-01-19 00:00:00-05:00,0.008687968569902615,IS504_OOS21,False
2024-01-22 00:00:00-05:00,-0.001969311181715061,IS504_OOS21,False
2024-01-23 00:00:00-05:00,0.0002687395078764254,IS504_OOS21,False
2024-01-24 00:00:00-05:00,-0.004711311518991068,IS504_OOS21,False
2024-01-25 00:00:00-05:00,-0.0003692224937472677,IS504_OOS21,False
2024-01-26 00:00:00-05:00,0.0,IS504_OOS21,False
2024-01-29 00:00:00-05:00,0.005011794216131404,IS504_OOS21,False
2024-01-30 00:00:00-05:00,0.0,IS504_OOS21,False
2024-01-31 00:00:00-05:00,0.008721669471299931,IS504_OOS21,False
2024-02-01 00:00:00-05:00,-0.006261096445228653,IS504_OOS21,False
2024-02-02 00:00:00-05:00,-0.007896663623312206,IS504_OOS21,False
2024-02-05 00:00:00-05:00,0.0021954551986007598,IS504_OOS21,False
2024-02-06 00:00:00-05:00,0.0,IS504_OOS21,False
2024-02-07 00:00:00-05:00,-1.3357300407412787e-05,IS504_OOS21,False
2024-02-08 00:00:00-05:00,0.0,IS504_OOS21,False
2024-02-09 00:00:00-05:00,0.002837795218431971,IS504_OOS21,False
2024-02-12 00:00:00-05:00,-0.0010032307442265909,IS504_OOS21,False
2024-02-13 00:00:00-05:00,0.006864286185362722,IS504_OOS21,False
2024-02-14 00:00:00-05:00,-0.0020056225114967186,IS504_OOS21,False
2024-02-15 00:00:00-05:00,0.0007471902945630493,IS504_OOS21,False
2024-02-16 00:00:00-05:00,-0.006771424629958611,IS504_OOS21,False
2024-02-20 00:00:00-05:00,-0.0012825326157475114,IS504_OOS21,False
2024-02-21 00:00:00-05:00,-0.005190579600757417,IS504_OOS21,False
2024-02-22 00:00:00-05:00,0.004131785223308926,IS504_OOS21,False
2024-02-23 00:00:00-05:00,0.0,IS504_OOS21,False
2024-02-26 00:00:00-05:00,-0.0014636147230248087,IS504_OOS21,False
2024-02-27 00:00:00-05:00,0.0,IS504_OOS21,False
2024-02-28 00:00:00-05:00,0.0,IS504_OOS21,False
2024-02-29 00:00:00-05:00,0.0004101750205791621,IS504_OOS21,False
2024-03-01 00:00:00-05:00,0.004655677055278584,IS504_OOS21,False
2024-03-04 00:00:00-05:00,0.0,IS504_OOS21,False
2024-03-05 00:00:00-05:00,-0.01081045986079121,IS504_OOS21,False
2024-03-06 00:00:00-05:00,-0.0010720693310636298,IS504_OOS21,False
2024-03-07 00:00:00-05:00,0.0011455107251094887,IS504_OOS21,False
2024-03-08 00:00:00-05:00,-0.008280516285828154,IS504_OOS21,False
2024-03-11 00:00:00-04:00,-0.004664836258806648,IS504_OOS21,False
2024-03-12 00:00:00-04:00,0.003188017338785931,IS504_OOS21,False
2024-03-13 00:00:00-04:00,-0.0023963772339814504,IS504_OOS21,False
2024-03-14 00:00:00-04:00,-0.0004205005389741334,IS504_OOS21,False
2024-03-15 00:00:00-04:00,0.0011113869833780932,IS504_OOS21,False
2024-03-18 00:00:00-04:00,-0.004675682557648386,IS504_OOS21,False
2024-03-19 00:00:00-04:00,0.0032245413388314326,IS504_OOS21,False
2024-03-20 00:00:00-04:00,0.006505995067118686,IS504_OOS21,False
2024-03-21 00:00:00-04:00,-0.0033837435551551387,IS504_OOS21,False
2024-03-22 00:00:00-04:00,-0.0011863651835289923,IS504_OOS21,False
2024-03-25 00:00:00-04:00,-0.0014064885624041068,IS504_OOS21,False
2024-03-26 00:00:00-04:00,0.0,IS504_OOS21,False
2024-03-27 00:00:00-04:00,0.0,IS504_OOS21,False
2024-03-28 00:00:00-04:00,0.0,IS504_OOS10,False
2024-04-01 00:00:00-04:00,9.577798604865073e-05,IS504_OOS10,False
2024-04-02 00:00:00-04:00,-0.003445612517932739,IS504_OOS10,False
2024-04-03 00:00:00-04:00,0.0,IS504_OOS10,False
2024-04-04 00:00:00-04:00,-0.012331845255629026,IS504_OOS10,False
2024-04-05 00:00:00-04:00,-0.0012738574292842086,IS504_OOS10,False
2024-04-08 00:00:00-04:00,0.0,IS504_OOS10,False
2024-04-09 00:00:00-04:00,0.006244035771224343,IS504_OOS10,False
2024-04-10 00:00:00-04:00,0.0,IS504_OOS10,False
2024-04-11 00:00:00-04:00,0.0008144194135075722,IS504_OOS10,False
2024-04-12 00:00:00-04:00,0.007603218469634632,IS504_OOS10,False
2024-04-15 00:00:00-04:00,0.0,IS504_OOS10,False
2024-04-16 00:00:00-04:00,0.0,IS504_OOS10,False
2024-04-17 00:00:00-04:00,0.0,IS504_OOS10,False
2024-04-18 00:00:00-04:00,0.0,IS504_OOS10,False
2024-04-19 00:00:00-04:00,0.0,IS504_OOS10,False
2024-04-22 00:00:00-04:00,0.0,IS504_OOS10,False
2024-04-23 00:00:00-04:00,0.002412595585125521,IS504_OOS10,False
2024-04-24 00:00:00-04:00,0.0,IS504_OOS10,False
2024-04-25 00:00:00-04:00,0.0,IS504_OOS10,False
2024-04-26 00:00:00-04:00,0.00010391673957488301,IS252_OOS63,False
2024-04-29 00:00:00-04:00,0.0,IS252_OOS63,False
2024-04-30 00:00:00-04:00,-0.007969882473337964,IS252_OOS63,False
2024-05-01 00:00:00-04:00,0.0076750047740201666,IS252_OOS63,False
2024-05-02 00:00:00-04:00,-0.0019771910203030263,IS252_OOS63,False
2024-05-03 00:00:00-04:00,0.0029709107145161617,IS252_OOS63,False
2024-05-06 00:00:00-04:00,0.004243219830637246,IS252_OOS63,False
2024-05-07 00:00:00-04:00,0.0,IS252_OOS63,False
2024-05-08 00:00:00-04:00,0.0,IS252_OOS63,False
2024-05-09 00:00:00-04:00,0.0,IS252_OOS63,False
2024-05-10 00:00:00-04:00,0.0,IS252_OOS63,False
2024-05-13 00:00:00-04:00,0.0,IS252_OOS63,False
2024-05-14 00:00:00-04:00,0.0,IS252_OOS63,False
2024-05-15 00:00:00-04:00,0.0,IS252_OOS63,False
2024-05-16 00:00:00-04:00,0.0,IS252_OOS63,False
2024-05-17 00:00:00-04:00,0.0,IS252_OOS63,False
2024-05-20 00:00:00-04:00,0.0,IS252_OOS63,False
2024-05-21 00:00:00-04:00,0.0,IS252_OOS63,False
2024-05-22 00:00:00-04:00,0.0,IS252_OOS63,False
2024-05-23 00:00:00-04:00,0.0,IS252_OOS63,False
2024-05-24 00:00:00-04:00,0.0,IS252_OOS63,False
2024-05-28 00:00:00-04:00,0.0,IS252_OOS63,False
2024-05-29 00:00:00-04:00,-0.0014310923538922715,IS252_OOS63,False
2024-05-30 00:00:00-04:00,0.0,IS252_OOS63,False
2024-05-31 00:00:00-04:00,0.0,IS252_OOS63,False
2024-06-03 00:00:00-04:00,0.0,IS252_OOS63,False
2024-06-04 00:00:00-04:00,0.0,IS252_OOS63,False
2024-06-05 00:00:00-04:00,0.0,IS252_OOS63,False
2024-06-06 00:00:00-04:00,0.0,IS252_OOS63,False
2024-06-07 00:00:00-04:00,0.0,IS252_OOS63,False
2024-06-10 00:00:00-04:00,0.0,IS252_OOS63,False
2024-06-11 00:00:00-04:00,0.0,IS252_OOS63,False
2024-06-12 00:00:00-04:00,0.0004279155687367808,IS252_OOS63,False
2024-06-13 00:00:00-04:00,0.0,IS252_OOS63,False
2024-06-14 00:00:00-04:00,0.0,IS252_OOS63,False
2024-06-17 00:00:00-04:00,0.0,IS252_OOS63,False
2024-06-18 00:00:00-04:00,0.0,IS252_OOS63,False
2024-06-20 00:00:00-04:00,0.0,IS252_OOS63,False
2024-06-21 00:00:00-04:00,0.0,IS252_OOS63,False
2024-06-24 00:00:00-04:00,0.0,IS252_OOS63,False
2024-06-25 00:00:00-04:00,0.0,IS252_OOS10,False
2024-06-26 00:00:00-04:00,0.0,IS252_OOS10,False
2024-06-27 00:00:00-04:00,0.0,IS252_OOS10,False
2024-06-28 00:00:00-04:00,-0.005183577079532875,IS252_OOS10,False
2024-07-01 00:00:00-04:00,0.0,IS252_OOS10,False
2024-07-02 00:00:00-04:00,0.0,IS252_OOS10,False
2024-07-03 00:00:00-04:00,0.0,IS252_OOS10,False
2024-07-05 00:00:00-04:00,0.0,IS252_OOS10,False
2024-07-08 00:00:00-04:00,0.0,IS252_OOS10,False
2024-07-09 00:00:00-04:00,0.0,IS252_OOS10,False
2024-07-10 00:00:00-04:00,0.0,IS252_OOS10,False
2024-07-11 00:00:00-04:00,0.0,IS252_OOS10,False
2024-07-12 00:00:00-04:00,0.0,IS252_OOS10,False
2024-07-15 00:00:00-04:00,0.0,IS252_OOS10,False
2024-07-16 00:00:00-04:00,0.0,IS252_OOS10,False
2024-07-17 00:00:00-04:00,0.0,IS252_OOS10,False
2024-07-18 00:00:00-04:00,0.0,IS252_OOS10,False
2024-07-19 00:00:00-04:00,0.0,IS252_OOS10,False
2024-07-22 00:00:00-04:00,-0.002816256025008901,IS252_OOS10,False
2024-07-23 00:00:00-04:00,0.0,IS252_OOS10,False
2024-07-24 00:00:00-04:00,0.008455445583222643,IS252_OOS10,False
2024-07-25 00:00:00-04:00,0.008187362423201838,IS252_OOS10,False
2024-07-26 00:00:00-04:00,-0.0015783821831552025,IS252_OOS10,False
2024-07-29 00:00:00-04:00,0.0,IS252_OOS10,False
2024-07-30 00:00:00-04:00,-0.0005974395461543214,IS252_OOS10,False
2024-07-31 00:00:00-04:00,6.10595213208498e-05,IS252_OOS10,False
2024-08-01 00:00:00-04:00,0.0,IS252_OOS10,False
2024-08-02 00:00:00-04:00,-0.004882531896306608,IS252_OOS10,False
2024-08-05 00:00:00-04:00,-0.0055652151320260135,IS252_OOS10,False
2024-08-06 00:00:00-04:00,0.001350464703862242,IS252_OOS10,False
2024-08-07 00:00:00-04:00,0.01830777953013163,IS252_OOS10,False
2024-08-08 00:00:00-04:00,0.005126480799451771,IS252_OOS10,False
2024-08-09 00:00:00-04:00,-0.002485961679357551,IS252_OOS10,False
2024-08-12 00:00:00-04:00,0.0,IS252_OOS10,False
2024-08-13 00:00:00-04:00,0.00823811758710713,IS252_OOS10,False
2024-08-14 00:00:00-04:00,0.0,IS252_OOS10,False
2024-08-15 00:00:00-04:00,0.004646902553181231,IS252_OOS10,False
2024-08-16 00:00:00-04:00,0.0,IS252_OOS10,False
2024-08-19 00:00:00-04:00,0.0,IS252_OOS10,False
2024-08-20 00:00:00-04:00,0.0,IS252_OOS10,False
2024-08-21 00:00:00-04:00,0.0,IS252_OOS10,False
2024-08-22 00:00:00-04:00,0.0,IS252_OOS10,False
2024-08-23 00:00:00-04:00,-0.009761877098767968,IS252_OOS10,False
2024-08-26 00:00:00-04:00,0.0,IS252_OOS10,False
2024-08-27 00:00:00-04:00,0.0,IS252_OOS10,False
2024-08-28 00:00:00-04:00,0.0,IS252_OOS10,False
2024-08-29 00:00:00-04:00,-0.008024952040037725,IS252_OOS10,False
2024-08-30 00:00:00-04:00,0.002904705419493725,IS252_OOS10,False
2024-09-03 00:00:00-04:00,0.0,IS252_OOS10,False
2024-09-04 00:00:00-04:00,0.0,IS252_OOS10,False
2024-09-05 00:00:00-04:00,-0.0032161691539073223,IS252_OOS5,False
2024-09-06 00:00:00-04:00,0.008518386281546109,IS252_OOS5,False
2024-09-09 00:00:00-04:00,-0.003328118335025776,IS252_OOS5,False
2024-09-10 00:00:00-04:00,0.0015042139369705332,IS252_OOS5,False
2024-09-11 00:00:00-04:00,0.010275351771580121,IS252_OOS5,False
2024-09-12 00:00:00-04:00,0.005541116863202911,IS252_OOS5,False
2024-09-13 00:00:00-04:00,0.0,IS252_OOS5,False
2024-09-16 00:00:00-04:00,0.0,IS252_OOS5,False
2024-09-17 00:00:00-04:00,0.0,IS252_OOS5,False
2024-09-18 00:00:00-04:00,-0.007590984483357821,IS252_OOS5,False
2024-09-19 00:00:00-04:00,-0.0009183432575534667,IS252_OOS5,False
2024-09-20 00:00:00-04:00,0.0035412048375595973,IS252_OOS5,False
2024-09-23 00:00:00-04:00,-0.0005410738822690941,IS252_OOS5,False
2024-09-24 00:00:00-04:00,0.0,IS252_OOS5,False
2024-09-25 00:00:00-04:00,0.0,IS252_OOS5,False
2024-09-26 00:00:00-04:00,0.0,IS252_OOS5,False
2024-09-27 00:00:00-04:00,0.0,IS252_OOS5,False
2024-09-30 00:00:00-04:00,0.0,IS252_OOS5,False
2024-10-01 00:00:00-04:00,0.0,IS252_OOS5,False
2024-10-02 00:00:00-04:00,0.0,IS252_OOS5,False
2024-10-03 00:00:00-04:00,0.0,IS252_OOS5,False
2024-10-04 00:00:00-04:00,0.005257522082310118,IS252_OOS5,False
2024-10-07 00:00:00-04:00,0.0,IS252_OOS5,False
2024-10-08 00:00:00-04:00,0.00379599462761826,IS252_OOS5,False
2024-10-09 00:00:00-04:00,0.0,IS252_OOS5,False
2024-10-10 00:00:00-04:00,0.0,IS252_OOS5,False
2024-10-11 00:00:00-04:00,0.0,IS252_OOS5,False
2024-10-14 00:00:00-04:00,0.0,IS252_OOS5,False
2024-10-15 00:00:00-04:00,0.0,IS252_OOS5,False
2024-10-16 00:00:00-04:00,0.0,IS252_OOS5,False
2024-10-17 00:00:00-04:00,0.0,IS252_OOS5,False
2024-10-18 00:00:00-04:00,0.0003427710814420948,IS252_OOS5,False
2024-10-21 00:00:00-04:00,0.0,IS252_OOS5,False
2024-10-22 00:00:00-04:00,0.0,IS252_OOS5,False
2024-10-23 00:00:00-04:00,0.0,IS252_OOS5,False
2024-10-24 00:00:00-04:00,0.0,IS252_OOS5,False
2024-10-25 00:00:00-04:00,-0.006038794267764991,IS252_OOS5,False
2024-10-28 00:00:00-04:00,0.0,IS252_OOS5,False
2024-10-29 00:00:00-04:00,-0.002113086563684141,IS252_OOS5,False
2024-10-30 00:00:00-04:00,0.0,IS252_OOS5,False
2024-10-31 00:00:00-04:00,0.0,IS252_OOS5,False
2024-11-01 00:00:00-04:00,0.0,IS252_OOS5,False
2024-11-04 00:00:00-05:00,0.0,IS252_OOS5,False
2024-11-05 00:00:00-05:00,0.0043795559846593335,IS252_OOS5,False
2024-11-06 00:00:00-05:00,0.0035698346726289465,IS252_OOS5,False
2024-11-07 00:00:00-05:00,0.0,IS252_OOS5,False
2024-11-08 00:00:00-05:00,0.0,IS252_OOS5,False
2024-11-11 00:00:00-05:00,0.0,IS252_OOS5,False
2024-11-12 00:00:00-05:00,0.0,IS252_OOS5,False
2024-11-13 00:00:00-05:00,0.0,IS252_OOS5,False
2024-11-14 00:00:00-05:00,0.0,IS252_OOS5,False
2024-11-15 00:00:00-05:00,0.0,IS252_OOS5,False
2024-11-18 00:00:00-05:00,0.0,IS252_OOS5,False
2024-11-19 00:00:00-05:00,0.0,IS252_OOS5,False
2024-11-20 00:00:00-05:00,0.0,IS252_OOS5,False
2024-11-21 00:00:00-05:00,0.001249630797686807,IS252_OOS5,False
2024-11-22 00:00:00-05:00,-0.0004232454878706493,IS252_OOS5,False
2024-11-25 00:00:00-05:00,-0.0029319073045301902,IS252_OOS5,False
2024-11-26 00:00:00-05:00,0.003028653001222903,IS252_OOS5,False
2024-11-27 00:00:00-05:00,0.0,IS252_OOS5,False
2024-11-29 00:00:00-05:00,0.0,IS252_OOS5,False
2024-12-02 00:00:00-05:00,0.0,IS252_OOS5,False
2024-12-03 00:00:00-05:00,0.0,IS252_OOS5,False
2024-12-04 00:00:00-05:00,0.0,IS252_OOS5,False
2024-12-05 00:00:00-05:00,0.0,IS252_OOS5,False
2024-12-06 00:00:00-05:00,0.0,IS252_OOS5,False
2024-12-09 00:00:00-05:00,0.0,IS252_OOS5,False
2024-12-10 00:00:00-05:00,0.0,IS252_OOS5,False
2024-12-11 00:00:00-05:00,0.0,IS252_OOS5,False
2024-12-12 00:00:00-05:00,0.0,IS252_OOS5,False
2024-12-13 00:00:00-05:00,0.0,IS252_OOS5,False
2024-12-16 00:00:00-05:00,-0.0007399936943451868,IS252_OOS5,False
2024-12-17 00:00:00-05:00,0.0,IS252_OOS5,False
2024-12-18 00:00:00-05:00,-0.004511061631925051,IS252_OOS5,False
2024-12-19 00:00:00-05:00,0.0,IS252_OOS5,False
2024-12-20 00:00:00-05:00,0.0022793878630418263,IS252_OOS5,False
2024-12-23 00:00:00-05:00,0.002343297063704064,IS252_OOS5,False
2024-12-24 00:00:00-05:00,0.004861392568045408,IS252_OOS5,False
2024-12-26 00:00:00-05:00,0.0,IS252_OOS5,False
2024-12-27 00:00:00-05:00,0.0,IS252_OOS5,False
2024-12-30 00:00:00-05:00,0.003565520182101878,IS252_OOS5,False
2024-12-31 00:00:00-05:00,-0.00044373769898109483,IS252_OOS5,False
2025-01-02 00:00:00-05:00,-0.004070654666503137,IS252_OOS5,False
2025-01-03 00:00:00-05:00,-0.006372381795106352,IS252_OOS5,False
2025-01-06 00:00:00-05:00,-0.006055722959729892,IS252_OOS5,False
2025-01-07 00:00:00-05:00,0.0,IS252_OOS5,False
2025-01-08 00:00:00-05:00,-0.0007193885864855698,IS252_OOS5,False
2025-01-10 00:00:00-05:00,0.0021836620980293375,IS252_OOS5,False
2025-01-13 00:00:00-05:00,-0.009689482976087516,IS252_OOS5,False
2025-01-14 00:00:00-05:00,0.0,IS252_OOS5,False
2025-01-15 00:00:00-05:00,0.0,IS252_OOS5,False
2025-01-16 00:00:00-05:00,0.0,IS252_OOS5,False
2025-01-17 00:00:00-05:00,0.0,IS252_OOS5,False
2025-01-21 00:00:00-05:00,0.0,IS252_OOS5,False
2025-01-22 00:00:00-05:00,0.0,IS252_OOS5,False
2025-01-23 00:00:00-05:00,0.0,IS252_OOS5,False
2025-01-24 00:00:00-05:00,0.0,IS252_OOS5,False
2025-01-27 00:00:00-05:00,0.0,IS252_OOS5,False
2025-01-28 00:00:00-05:00,0.0,IS252_OOS5,False
2025-01-29 00:00:00-05:00,0.0,IS252_OOS5,False
2025-01-30 00:00:00-05:00,-0.000149422919052844,IS504_OOS63,False
2025-01-31 00:00:00-05:00,-0.013315442146909051,IS504_OOS63,False
2025-02-03 00:00:00-05:00,-0.0023719884470495556,IS504_OOS63,False
2025-02-04 00:00:00-05:00,-0.0022209691892017824,IS504_OOS63,False
2025-02-05 00:00:00-05:00,0.0012533159502656765,IS504_OOS63,False
2025-02-06 00:00:00-05:00,0.0,IS504_OOS63,False
2025-02-07 00:00:00-05:00,-0.0022997598617564563,IS504_OOS63,False
2025-02-10 00:00:00-05:00,-0.00011568836034459018,IS504_OOS63,False
2025-02-11 00:00:00-05:00,0.0,IS504_OOS63,False
2025-02-12 00:00:00-05:00,0.003003746622726622,IS504_OOS63,False
2025-02-13 00:00:00-05:00,0.0,IS252_OOS5,False
2025-02-14 00:00:00-05:00,0.0,IS252_OOS5,False
2025-02-18 00:00:00-05:00,0.0,IS252_OOS5,False
2025-02-19 00:00:00-05:00,0.0,IS252_OOS5,False
2025-02-20 00:00:00-05:00,0.0,IS252_OOS5,False
2025-02-21 00:00:00-05:00,0.0,IS252_OOS5,False
2025-02-24 00:00:00-05:00,0.0,IS252_OOS5,False
2025-02-25 00:00:00-05:00,0.0,IS252_OOS5,False
2025-02-26 00:00:00-05:00,0.00760177844007992,IS252_OOS5,False
2025-02-27 00:00:00-05:00,0.0,IS252_OOS5,False
2025-02-28 00:00:00-05:00,-0.00813156924519165,IS504_OOS10,False
2025-03-03 00:00:00-05:00,0.0,IS504_OOS10,False
2025-03-04 00:00:00-05:00,-0.0005681308073492985,IS504_OOS10,False
2025-03-05 00:00:00-05:00,-0.0006375221978229817,IS504_OOS10,False
2025-03-06 00:00:00-05:00,0.012723076358218455,IS504_OOS10,False
2025-03-07 00:00:00-05:00,-0.005774496609205038,IS504_OOS10,False
2025-03-10 00:00:00-04:00,0.0,IS504_OOS10,False
2025-03-11 00:00:00-04:00,0.003909415282780548,IS504_OOS10,False
2025-03-12 00:00:00-04:00,0.00423271766293154,IS504_OOS10,False
2025-03-13 00:00:00-04:00,0.0,IS504_OOS10,False
2025-03-14 00:00:00-04:00,0.002178723665200666,IS504_OOS21,False
2025-03-17 00:00:00-04:00,0.001926142335035852,IS504_OOS21,False
2025-03-18 00:00:00-04:00,0.0,IS504_OOS21,False
2025-03-19 00:00:00-04:00,-0.0005414847279316959,IS504_OOS21,False
2025-03-20 00:00:00-04:00,0.0,IS504_OOS21,False
2025-03-21 00:00:00-04:00,0.0,IS504_OOS21,False
2025-03-24 00:00:00-04:00,0.001325159713129187,IS504_OOS21,False
2025-03-25 00:00:00-04:00,0.0,IS504_OOS21,False
2025-03-26 00:00:00-04:00,0.0,IS504_OOS21,False
2025-03-27 00:00:00-04:00,0.0,IS504_OOS21,False
2025-03-28 00:00:00-04:00,0.0,IS504_OOS5,False
2025-03-31 00:00:00-04:00,-0.010912466957332279,IS504_OOS5,False
2025-04-01 00:00:00-04:00,-0.0115627620901807,IS504_OOS5,False
2025-04-02 00:00:00-04:00,-0.0026421518632659957,IS504_OOS5,False
2025-04-03 00:00:00-04:00,0.0,IS504_OOS5,False
2025-04-04 00:00:00-04:00,0.0,IS504_OOS5,False
2025-04-07 00:00:00-04:00,-0.02116549869271256,IS504_OOS5,False
2025-04-08 00:00:00-04:00,0.03885695960564983,IS504_OOS5,False
2025-04-09 00:00:00-04:00,0.03316285154674525,IS504_OOS5,False
2025-04-10 00:00:00-04:00,-0.04251808078877939,IS504_OOS5,False
2025-04-11 00:00:00-04:00,0.0013251515974173067,IS504_OOS5,False
2025-04-14 00:00:00-04:00,0.0,IS504_OOS5,False
2025-04-15 00:00:00-04:00,0.0,IS504_OOS5,False
2025-04-16 00:00:00-04:00,0.0,IS504_OOS5,False
2025-04-17 00:00:00-04:00,0.005580816919227072,IS504_OOS5,False
2025-04-21 00:00:00-04:00,0.0,IS504_OOS5,False
2025-04-22 00:00:00-04:00,0.007203643010560645,IS504_OOS5,False
2025-04-23 00:00:00-04:00,-0.01565714399920215,IS504_OOS5,False
2025-04-24 00:00:00-04:00,0.0036645766827720916,IS504_OOS5,False
2025-04-25 00:00:00-04:00,0.0,IS504_OOS5,False
2025-04-28 00:00:00-04:00,0.0,IS504_OOS5,False
2025-04-29 00:00:00-04:00,0.0,IS504_OOS5,False
2025-04-30 00:00:00-04:00,0.0,IS504_OOS5,False
2025-05-01 00:00:00-04:00,-0.006583798525275353,IS504_OOS5,False
2025-05-02 00:00:00-04:00,0.00037438045686144505,IS504_OOS5,False
2025-05-05 00:00:00-04:00,0.0,IS504_OOS5,False
2025-05-06 00:00:00-04:00,0.0029923778711336,IS504_OOS5,False
2025-05-07 00:00:00-04:00,0.0,IS504_OOS5,False
2025-05-08 00:00:00-04:00,-0.001010657051512709,IS504_OOS5,False
2025-05-09 00:00:00-04:00,-0.0004700940183177682,IS504_OOS5,False
2025-05-12 00:00:00-04:00,0.007692114176708564,IS504_OOS5,False
2025-05-13 00:00:00-04:00,-0.00025194105909898123,IS504_OOS5,False
2025-05-14 00:00:00-04:00,0.0,IS504_OOS5,False
2025-05-15 00:00:00-04:00,-0.0006473871123756636,IS504_OOS5,False
2025-05-16 00:00:00-04:00,0.0018222761621402572,IS504_OOS5,False
2025-05-19 00:00:00-04:00,0.0,IS504_OOS5,False
2025-05-20 00:00:00-04:00,0.0,IS504_OOS5,False
2025-05-21 00:00:00-04:00,0.0,IS504_OOS5,False
2025-05-22 00:00:00-04:00,0.005712065399640753,IS504_OOS5,False
2025-05-23 00:00:00-04:00,-0.0026993759806064332,IS504_OOS5,False
2025-05-27 00:00:00-04:00,-0.011397068568603896,IS252_OOS10,False
2025-05-28 00:00:00-04:00,0.0,IS252_OOS10,False
2025-05-29 00:00:00-04:00,0.0,IS252_OOS10,False
2025-05-30 00:00:00-04:00,-0.0021962071065432243,IS252_OOS10,False
2025-06-02 00:00:00-04:00,0.0002289714395642406,IS252_OOS10,False
2025-06-03 00:00:00-04:00,-0.00014882450833586525,IS252_OOS10,False
2025-06-04 00:00:00-04:00,0.0,IS252_OOS10,False
2025-06-05 00:00:00-04:00,-0.007204007075475083,IS252_OOS10,False
2025-06-06 00:00:00-04:00,-0.00042051414513777363,IS252_OOS10,False
2025-06-09 00:00:00-04:00,-0.0023146162541106685,IS252_OOS10,False
2025-06-10 00:00:00-04:00,0.0005084161860653413,IS504_OOS5,False
2025-06-11 00:00:00-04:00,0.0009167368929039466,IS504_OOS5,False
2025-06-12 00:00:00-04:00,0.0010136968498994925,IS504_OOS5,False
2025-06-13 00:00:00-04:00,-0.007779569392636687,IS504_OOS5,False
2025-06-16 00:00:00-04:00,-0.002454699917847414,IS504_OOS5,False
2025-06-17 00:00:00-04:00,0.004660087774997157,IS504_OOS5,False
2025-06-18 00:00:00-04:00,-0.0057323364879858785,IS504_OOS5,False
2025-06-20 00:00:00-04:00,-0.0014983820277256754,IS504_OOS5,False
2025-06-23 00:00:00-04:00,-0.011785438153257277,IS504_OOS5,False
2025-06-24 00:00:00-04:00,0.0034038996261323007,IS504_OOS5,False
2025-06-25 00:00:00-04:00,0.0,IS252_OOS10,False
2025-06-26 00:00:00-04:00,0.0,IS252_OOS10,False
2025-06-27 00:00:00-04:00,-0.006647333994209359,IS252_OOS10,False
2025-06-30 00:00:00-04:00,-0.00023278237802304425,IS252_OOS10,False
2025-07-01 00:00:00-04:00,0.0,IS252_OOS10,False
2025-07-02 00:00:00-04:00,0.0,IS252_OOS10,False
2025-07-03 00:00:00-04:00,0.0,IS252_OOS10,False
2025-07-07 00:00:00-04:00,0.00015930195092384025,IS252_OOS10,False
2025-07-08 00:00:00-04:00,0.0,IS252_OOS10,False
2025-07-09 00:00:00-04:00,-0.001240895484205251,IS252_OOS10,False
2025-07-10 00:00:00-04:00,-0.0006046459320263597,IS504_OOS5,False
2025-07-11 00:00:00-04:00,0.0,IS504_OOS5,False
