
════════════════════════════════════════════════════════════
  Sampling events, labels and causal features on the full dataset
════════════════════════════════════════════════════════════
[LABEL] 3,238 events from 17,093 bars  |  -1=1462  0=15  1=1761  |  barriers {'vertical': 2454, 'lower': 439, 'upper': 345}
[FEAT]  wavelet_core      4 cols    0.00s
[FEAT]  trend             9 cols    0.00s
[FEAT]  mean_reversion    3 cols    0.00s
[FEAT]  volatility        6 cols    0.00s
[FEAT]  microstructure    5 cols    0.00s
[FEAT]  intraday          4 cols    0.00s

[PWFO]  IS504_OOS5 window 0: IS[0:3519]  OOS[3519:3554]

[FRACDIFF] Optimal d  : 0.8281
           ADF p-val  : 0.4548 %  (n=2333)
           Corr (raw) : 0.6465
[META]  logit_l2 {'C': 0.01}  calibration=sigmoid (cv Brier sigmoid=0.2461 isotonic=0.2482)
[META]  Trained on 643 events  (success rate=0.459)
[PRIM]  wavelet_trend: long share oof=0.537  test=1.000
[PRIM]  Warning: fold 1 test sides are 100.0% long (one-sided primary)

[PWFO]  IS504_OOS5 window 1: IS[35:3554]  OOS[3554:3589]

[FRACDIFF] Optimal d  : 0.8281
           ADF p-val  : 0.3102 %  (n=2333)
           Corr (raw) : 0.6488
[META]  logit_l2 {'C': 0.01}  calibration=isotonic (cv Brier sigmoid=0.2469 isotonic=0.2458)
[META]  Trained on 648 events  (success rate=0.460)
[PRIM]  wavelet_trend: long share oof=0.540  test=1.000
[PRIM]  Warning: fold 2 test sides are 100.0% long (one-sided primary)

[PWFO]  IS504_OOS5 window 2: IS[70:3589]  OOS[3589:3624]

[FRACDIFF] Optimal d  : 0.8438
           ADF p-val  : 0.4631 %  (n=2333)
           Corr (raw) : 0.6007
[META]  logit_l2 {'C': 0.01}  calibration=isotonic (cv Brier sigmoid=0.2480 isotonic=0.2460)
[META]  Trained on 659 events  (success rate=0.458)
[PRIM]  wavelet_trend: long share oof=0.548  test=1.000
[PRIM]  Warning: fold 3 test sides are 100.0% long (one-sided primary)

[PWFO]  IS504_OOS5 window 3: IS[105:3624]  OOS[3624:3659]

[FRACDIFF] Optimal d  : 0.8516
           ADF p-val  : 0.2499 %  (n=2333)
           Corr (raw) : 0.5831
[META]  logit_l2 {'C': 0.01}  calibration=sigmoid (cv Brier sigmoid=0.2473 isotonic=0.2473)
[META]  Trained on 655 events  (success rate=0.466)
[PRIM]  wavelet_trend: long share oof=0.554  test=0.500

[PWFO]  IS504_OOS5 window 4: IS[140:3659]  OOS[3659:3694]

[FRACDIFF] Optimal d  : 0.8125
           ADF p-val  : 0.2584 %  (n=2333)
           Corr (raw) : 0.7123
[META]  logit_l2 {'C': 0.01}  calibration=sigmoid (cv Brier sigmoid=0.2474 isotonic=0.2483)
[META]  Trained on 658 events  (success rate=0.464)
[PRIM]  wavelet_trend: long share oof=0.556  test=0.083
[PRIM]  Warning: fold 5 test sides are 8.3% long (one-sided primary)

[PWFO]  IS504_OOS5 window 5: IS[175:3694]  OOS[3694:3729]

[FRACDIFF] Optimal d  : 0.8516
           ADF p-val  : 0.0623 %  (n=2333)
           Corr (raw) : 0.5932
[META]  logit_l2 {'C': 0.01}  calibration=sigmoid (cv Brier sigmoid=0.2482 isotonic=0.2511)
[META]  Trained on 664 events  (success rate=0.470)
[PRIM]  wavelet_trend: long share oof=0.551  test=0.286

[PWFO]  IS504_OOS5 window 6: IS[210:3729]  OOS[3729:3764]

[FRACDIFF] Optimal d  : 0.8203
           ADF p-val  : 2.3521 %  (n=2333)
           Corr (raw) : 0.7023
[META]  logit_l2 {'C': 0.01}  calibration=sigmoid (cv Brier sigmoid=0.2493 isotonic=0.2527)
[META]  Trained on 662 events  (success rate=0.471)
[PRIM]  wavelet_trend: long share oof=0.550  test=0.571

[PWFO]  IS504_OOS5 window 7: IS[245:3764]  OOS[3764:3799]

[FRACDIFF] Optimal d  : 0.8516
           ADF p-val  : 0.0716 %  (n=2333)
           Corr (raw) : 0.6032
[META]  logit_l2 {'C': 0.01}  calibration=sigmoid (cv Brier sigmoid=0.2489 isotonic=0.2535)
[META]  Trained on 665 events  (success rate=0.469)
[PRIM]  wavelet_trend: long share oof=0.550  test=0.667

[PWFO]  IS504_OOS5 window 8: IS[280:3799]  OOS[3799:3834]

[FRACDIFF] Optimal d  : 0.8516
           ADF p-val  : 0.1988 %  (n=2333)
           Corr (raw) : 0.6085
[META]  logit_l2 {'C': 0.01}  calibration=sigmoid (cv Brier sigmoid=0.2491 isotonic=0.2539)
[META]  Trained on 667 events  (success rate=0.471)
[PRIM]  wavelet_trend: long share oof=0.552  test=0.500

[PWFO]  IS504_OOS5 window 9: IS[315:3834]  OOS[3834:3869]

[FRACDIFF] Optimal d  : 0.8516
           ADF p-val  : 0.1414 %  (n=2330)
           Corr (raw) : 0.6038
[META]  logit_l2 {'C': 0.01}  calibration=sigmoid (cv Brier sigmoid=0.2485 isotonic=0.2539)
[META]  Trained on 669 events  (success rate=0.468)
[PRIM]  wavelet_trend: long share oof=0.549  test=0.556

[PWFO]  IS504_OOS5 window 10: IS[350:3869]  OOS[3869:3904]

[FRACDIFF] Optimal d  : 0.8516
           ADF p-val  : 0.3237 %  (n=2330)
           Corr (raw) : 0.6133
[META]  logit_l2 {'C': 0.01}  calibration=sigmoid (cv Brier sigmoid=0.2492 isotonic=0.2567)
[META]  Trained on 669 events  (success rate=0.465)
[PRIM]  wavelet_trend: long share oof=0.550  test=0.000
[PRIM]  Warning: fold 11 test sides are 0.0% long (one-sided primary)

[PWFO]  IS504_OOS5 window 11: IS[385:3904]  OOS[3904:3939]

[FRACDIFF] Optimal d  : 0.8594
           ADF p-val  : 0.2474 %  (n=2330)
           Corr (raw) : 0.5902
[META]  logit_l2 {'C': 0.01}  calibration=sigmoid (cv Brier sigmoid=0.2501 isotonic=0.2537)
[META]  Trained on 672 events  (success rate=0.464)
[PRIM]  wavelet_trend: long share oof=0.542  test=0.111

[PWFO]  IS504_OOS5 window 12: IS[420:3939]  OOS[3939:3974]

[FRACDIFF] Optimal d  : 0.8516
           ADF p-val  : 0.2549 %  (n=2330)
           Corr (raw) : 0.6230
[META]  logit_l2 {'C': 0.01}  calibration=sigmoid (cv Brier sigmoid=0.2515 isotonic=0.2609)
[META]  Trained on 674 events  (success rate=0.469)
[PRIM]  wavelet_trend: long share oof=0.536  test=0.455

[PWFO]  IS504_OOS5 window 13: IS[455:3974]  OOS[3974:4009]

[FRACDIFF] Optimal d  : 0.8672
           ADF p-val  : 0.0780 %  (n=2330)
           Corr (raw) : 0.5707
[META]  logit_l2 {'C': 0.01}  calibration=sigmoid (cv Brier sigmoid=0.2512 isotonic=0.2623)
[META]  Trained on 677 events  (success rate=0.473)
[PRIM]  wavelet_trend: long share oof=0.536  test=0.200

[PWFO]  IS504_OOS5 window 14: IS[490:4009]  OOS[4009:4044]

[FRACDIFF] Optimal d  : 0.8516
           ADF p-val  : 0.3163 %  (n=2330)
           Corr (raw) : 0.6284
[META]  logit_l2 {'C': 0.01}  calibration=sigmoid (cv Brier sigmoid=0.2506 isotonic=0.2623)
[META]  Trained on 676 events  (success rate=0.467)
[PRIM]  wavelet_trend: long share oof=0.536  test=0.667

[PWFO]  IS504_OOS5 window 15: IS[525:4044]  OOS[4044:4079]

[FRACDIFF] Optimal d  : 0.8516
           ADF p-val  : 0.2417 %  (n=2330)
           Corr (raw) : 0.6267
[META]  logit_l2 {'C': 0.01}  calibration=sigmoid (cv Brier sigmoid=0.2505 isotonic=0.2631)
[META]  Trained on 678 events  (success rate=0.466)
[PRIM]  wavelet_trend: long share oof=0.534  test=0.125

[PWFO]  IS504_OOS5 window 16: IS[560:4079]  OOS[4079:4114]

[FRACDIFF] Optimal d  : 0.8438
           ADF p-val  : 0.3567 %  (n=2330)
           Corr (raw) : 0.6532
[META]  logit_l2 {'C': 0.01}  calibration=sigmoid (cv Brier sigmoid=0.2509 isotonic=0.2615)
[META]  Trained on 682 events  (success rate=0.465)
[PRIM]  wavelet_trend: long share oof=0.531  test=0.222

[PWFO]  IS504_OOS5 window 17: IS[595:4114]  OOS[4114:4149]

[FRACDIFF] Optimal d  : 0.8594
           ADF p-val  : 0.2345 %  (n=2330)
           Corr (raw) : 0.5992
[META]  logit_l2 {'C': 0.01}  calibration=sigmoid (cv Brier sigmoid=0.2505 isotonic=0.2602)
[META]  Trained on 682 events  (success rate=0.466)
[PRIM]  wavelet_trend: long share oof=0.531  test=1.000
[PRIM]  Warning: fold 18 test sides are 100.0% long (one-sided primary)

[PWFO]  IS504_OOS5 window 18: IS[630:4149]  OOS[4149:4184]

[FRACDIFF] Optimal d  : 0.8359
           ADF p-val  : 0.5261 %  (n=2330)
           Corr (raw) : 0.6789
[META]  logit_l2 {'C': 0.01}  calibration=sigmoid (cv Brier sigmoid=0.2517 isotonic=0.2668)
[META]  Trained on 684 events  (success rate=0.466)
[PRIM]  wavelet_trend: long share oof=0.532  test=0.500

[PWFO]  IS504_OOS5 window 19: IS[665:4184]  OOS[4184:4219]

[FRACDIFF] Optimal d  : 0.8594
           ADF p-val  : 0.1814 %  (n=2330)
           Corr (raw) : 0.6038
[META]  logit_l2 {'C': 0.01}  calibration=sigmoid (cv Brier sigmoid=0.2551 isotonic=0.2655)
[META]  Trained on 678 events  (success rate=0.466)
[PRIM]  wavelet_trend: long share oof=0.538  test=0.500

[PWFO]  IS504_OOS5 window 20: IS[700:4219]  OOS[4219:4254]

[FRACDIFF] Optimal d  : 0.8516
           ADF p-val  : 0.3519 %  (n=2330)
           Corr (raw) : 0.6376
[META]  logit_l2 {'C': 0.01}  calibration=sigmoid (cv Brier sigmoid=0.2561 isotonic=0.2661)
[META]  Trained on 678 events  (success rate=0.466)
[PRIM]  wavelet_trend: long share oof=0.537  test=0.375

[PWFO]  IS504_OOS5 window 21: IS[735:4254]  OOS[4254:4289]

[FRACDIFF] Optimal d  : 0.8516
           ADF p-val  : 0.5346 %  (n=2330)
           Corr (raw) : 0.6418
[META]  logit_l2 {'C': 0.01}  calibration=sigmoid (cv Brier sigmoid=0.2532 isotonic=0.2658)
[META]  Trained on 681 events  (success rate=0.464)
[PRIM]  wavelet_trend: long share oof=0.533  test=1.000
[PRIM]  Warning: fold 22 test sides are 100.0% long (one-sided primary)

[PWFO]  IS504_OOS5 window 22: IS[770:4289]  OOS[4289:4324]

[FRACDIFF] Optimal d  : 0.8516
           ADF p-val  : 0.3813 %  (n=2330)
           Corr (raw) : 0.6473
[META]  logit_l2 {'C': 0.01}  calibration=sigmoid (cv Brier sigmoid=0.2543 isotonic=0.2624)
[META]  Trained on 680 events  (success rate=0.469)
[PRIM]  wavelet_trend: long share oof=0.535  test=0.286

[PWFO]  IS504_OOS5 window 23: IS[805:4324]  OOS[4324:4359]

[FRACDIFF] Optimal d  : 0.8516
           ADF p-val  : 0.4305 %  (n=2330)
           Corr (raw) : 0.6541
[META]  logit_l2 {'C': 0.01}  calibration=sigmoid (cv Brier sigmoid=0.2543 isotonic=0.2555)
[META]  Trained on 677 events  (success rate=0.470)
[PRIM]  wavelet_trend: long share oof=0.541  test=0.143

[PWFO]  IS504_OOS5 window 24: IS[840:4359]  OOS[4359:4394]

[FRACDIFF] Optimal d  : 0.8828
           ADF p-val  : 0.3178 %  (n=2330)
           Corr (raw) : 0.5440
[META]  logit_l2 {'C': 0.01}  calibration=sigmoid (cv Brier sigmoid=0.2518 isotonic=0.2551)
[META]  Trained on 675 events  (success rate=0.470)
[PRIM]  wavelet_trend: long share oof=0.536  test=0.571

[PWFO]  IS504_OOS5 window 25: IS[875:4394]  OOS[4394:4426]

[FRACDIFF] Optimal d  : 0.8906
           ADF p-val  : 0.1328 %  (n=2330)
           Corr (raw) : 0.5269
[META]  logit_l2 {'C': 0.01}  calibration=sigmoid (cv Brier sigmoid=0.2523 isotonic=0.2558)
[META]  Trained on 676 events  (success rate=0.466)
[PRIM]  wavelet_trend: long share oof=0.536  test=0.800

[PWFO]  IS504_OOS5 window 26: IS[910:4426]  OOS[4426:4461]

[FRACDIFF] Optimal d  : 0.8906
           ADF p-val  : 0.1975 %  (n=2330)
           Corr (raw) : 0.5394
[META]  logit_l2 {'C': 0.01}  calibration=sigmoid (cv Brier sigmoid=0.2514 isotonic=0.2529)
[META]  Trained on 678 events  (success rate=0.468)
[PRIM]  wavelet_trend: long share oof=0.537  test=1.000
[PRIM]  Warning: fold 27 test sides are 100.0% long (one-sided primary)

[PWFO]  IS504_OOS5 window 27: IS[945:4461]  OOS[4461:4496]

[FRACDIFF] Optimal d  : 0.8906
           ADF p-val  : 0.1290 %  (n=2330)
           Corr (raw) : 0.5425
[META]  logit_l2 {'C': 0.01}  calibration=sigmoid (cv Brier sigmoid=0.2517 isotonic=0.2525)
[META]  Trained on 678 events  (success rate=0.466)
[PRIM]  wavelet_trend: long share oof=0.537  test=0.800

[PWFO]  IS504_OOS5 window 28: IS[980:4496]  OOS[4496:4531]

[FRACDIFF] Optimal d  : 0.8906
           ADF p-val  : 0.1407 %  (n=2330)
           Corr (raw) : 0.5425
[META]  logit_l2 {'C': 0.01}  calibration=isotonic (cv Brier sigmoid=0.2522 isotonic=0.2513)
[META]  Trained on 677 events  (success rate=0.468)
[PRIM]  wavelet_trend: long share oof=0.536  test=0.500

[PWFO]  IS504_OOS5 window 29: IS[1015:4531]  OOS[4531:4566]

[FRACDIFF] Optimal d  : 0.8906
           ADF p-val  : 0.6391 %  (n=2327)
           Corr (raw) : 0.5471
[META]  logit_l2 {'C': 0.01}  calibration=sigmoid (cv Brier sigmoid=0.2548 isotonic=0.2591)
[META]  Trained on 678 events  (success rate=0.473)
[PRIM]  wavelet_trend: long share oof=0.540  test=0.800

[PWFO]  IS504_OOS5 window 30: IS[1050:4566]  OOS[4566:4601]

[FRACDIFF] Optimal d  : 0.8906
           ADF p-val  : 0.6558 %  (n=2327)
           Corr (raw) : 0.5503
[META]  logit_l2 {'C': 0.01}  calibration=sigmoid (cv Brier sigmoid=0.2527 isotonic=0.2567)
[META]  Trained on 680 events  (success rate=0.472)
[PRIM]  wavelet_trend: long share oof=0.540  test=0.250

[PWFO]  IS504_OOS5 window 31: IS[1085:4601]  OOS[4601:4636]

[FRACDIFF] Optimal d  : 0.8984
           ADF p-val  : 0.4403 %  (n=2327)
           Corr (raw) : 0.5222
[META]  logit_l2 {'C': 0.01}  calibration=sigmoid (cv Brier sigmoid=0.2513 isotonic=0.2527)
[META]  Trained on 682 events  (success rate=0.475)
[PRIM]  wavelet_trend: long share oof=0.537  test=0.600

[PWFO]  IS504_OOS5 window 32: IS[1120:4636]  OOS[4636:4671]

[FRACDIFF] Optimal d  : 0.8984
           ADF p-val  : 0.6869 %  (n=2327)
           Corr (raw) : 0.5300
[META]  logit_l2 {'C': 0.01}  calibration=sigmoid (cv Brier sigmoid=0.2519 isotonic=0.2520)
[META]  Trained on 679 events  (success rate=0.476)
[PRIM]  wavelet_trend: long share oof=0.538  test=1.000
[PRIM]  Warning: fold 33 test sides are 100.0% long (one-sided primary)

[PWFO]  IS504_OOS5 window 33: IS[1155:4671]  OOS[4671:4706]

[FRACDIFF] Optimal d  : 0.8984
           ADF p-val  : 0.3969 %  (n=2327)
           Corr (raw) : 0.5334
[META]  logit_l2 {'C': 0.01}  calibration=sigmoid (cv Brier sigmoid=0.2514 isotonic=0.2531)
[META]  Trained on 677 events  (success rate=0.479)
[PRIM]  wavelet_trend: long share oof=0.545  test=0.444

[PWFO]  IS504_OOS5 window 34: IS[1190:4706]  OOS[4706:4741]

[FRACDIFF] Optimal d  : 0.9062
           ADF p-val  : 0.1122 %  (n=2327)
           Corr (raw) : 0.5060
[META]  logit_l2 {'C': 0.01}  calibration=sigmoid (cv Brier sigmoid=0.2508 isotonic=0.2606)
[META]  Trained on 677 events  (success rate=0.477)
[PRIM]  wavelet_trend: long share oof=0.547  test=0.500

[PWFO]  IS504_OOS5 window 35: IS[1225:4741]  OOS[4741:4776]

[FRACDIFF] Optimal d  : 0.8984
           ADF p-val  : 0.7491 %  (n=2327)
           Corr (raw) : 0.5542
[META]  logit_l2 {'C': 0.01}  calibration=sigmoid (cv Brier sigmoid=0.2509 isotonic=0.2520)
[META]  Trained on 676 events  (success rate=0.475)
[PRIM]  wavelet_trend: long share oof=0.546  test=0.714

[PWFO]  IS504_OOS5 window 36: IS[1260:4776]  OOS[4776:4811]

[FRACDIFF] Optimal d  : 0.9062
           ADF p-val  : 0.2052 %  (n=2327)
           Corr (raw) : 0.5322
[META]  logit_l2 {'C': 0.01}  calibration=sigmoid (cv Brier sigmoid=0.2514 isotonic=0.2772)
[META]  Trained on 678 events  (success rate=0.472)
[PRIM]  wavelet_trend: long share oof=0.552  test=0.600

[PWFO]  IS504_OOS5 window 37: IS[1295:4811]  OOS[4811:4846]

[FRACDIFF] Optimal d  : 0.9141
           ADF p-val  : 0.1256 %  (n=2327)
           Corr (raw) : 0.5096
[META]  logit_l2 {'C': 0.01}  calibration=sigmoid (cv Brier sigmoid=0.2516 isotonic=0.2768)
[META]  Trained on 677 events  (success rate=0.473)
[PRIM]  wavelet_trend: long share oof=0.551  test=0.625

[PWFO]  IS504_OOS5 window 38: IS[1330:4846]  OOS[4846:4881]

[FRACDIFF] Optimal d  : 0.9062
           ADF p-val  : 0.1998 %  (n=2327)
           Corr (raw) : 0.5471
[META]  logit_l2 {'C': 0.01}  calibration=sigmoid (cv Brier sigmoid=0.2510 isotonic=0.2542)
[META]  Trained on 678 events  (success rate=0.472)
[PRIM]  wavelet_trend: long share oof=0.550  test=0.000
[PRIM]  Warning: fold 39 test sides are 0.0% long (one-sided primary)

[PWFO]  IS504_OOS5 window 39: IS[1365:4881]  OOS[4881:4916]

[FRACDIFF] Optimal d  : 0.8828
           ADF p-val  : 0.5892 %  (n=2327)
           Corr (raw) : 0.5727
[META]  logit_l2 {'C': 0.01}  calibration=sigmoid (cv Brier sigmoid=0.2504 isotonic=0.2513)
[META]  Trained on 681 events  (success rate=0.471)
[PRIM]  wavelet_trend: long share oof=0.545  test=0.333

[PWFO]  IS504_OOS5 window 40: IS[1400:4916]  OOS[4916:4951]

[FRACDIFF] Optimal d  : 0.8984
           ADF p-val  : 0.4944 %  (n=2327)
           Corr (raw) : 0.4932
[META]  logit_l2 {'C': 0.01}  calibration=sigmoid (cv Brier sigmoid=0.2497 isotonic=0.2637)
[META]  Trained on 683 events  (success rate=0.473)
[PRIM]  wavelet_trend: long share oof=0.545  test=0.100

[PWFO]  IS504_OOS5 window 41: IS[1435:4951]  OOS[4951:4986]

[FRACDIFF] Optimal d  : 0.8828
           ADF p-val  : 0.5968 %  (n=2327)
           Corr (raw) : 0.5528
[META]  logit_l2 {'C': 0.01}  calibration=sigmoid (cv Brier sigmoid=0.2497 isotonic=0.2607)
[META]  Trained on 685 events  (success rate=0.472)
[PRIM]  wavelet_trend: long share oof=0.540  test=0.200

[PWFO]  IS504_OOS5 window 42: IS[1470:4986]  OOS[4986:5021]

[FRACDIFF] Optimal d  : 0.8672
           ADF p-val  : 0.6581 %  (n=2327)
           Corr (raw) : 0.5918
[META]  logit_l2 {'C': 0.01}  calibration=sigmoid (cv Brier sigmoid=0.2500 isotonic=0.2568)
[META]  Trained on 691 events  (success rate=0.473)
[PRIM]  wavelet_trend: long share oof=0.533  test=0.800

[PWFO]  IS504_OOS5 window 43: IS[1505:5021]  OOS[5021:5056]

[FRACDIFF] Optimal d  : 0.8906
           ADF p-val  : 0.1679 %  (n=2327)
           Corr (raw) : 0.5022
[META]  logit_l2 {'C': 0.01}  calibration=sigmoid (cv Brier sigmoid=0.2516 isotonic=0.2609)
[META]  Trained on 687 events  (success rate=0.467)
[PRIM]  wavelet_trend: long share oof=0.539  test=0.111

[PWFO]  IS504_OOS5 window 44: IS[1540:5056]  OOS[5056:5091]

[FRACDIFF] Optimal d  : 0.8672
           ADF p-val  : 0.5830 %  (n=2327)
           Corr (raw) : 0.5922
[META]  logit_l2 {'C': 0.01}  calibration=sigmoid (cv Brier sigmoid=0.2517 isotonic=0.2518)
[META]  Trained on 690 events  (success rate=0.470)
[PRIM]  wavelet_trend: long share oof=0.530  test=0.222

[PWFO]  IS504_OOS5 window 45: IS[1575:5091]  OOS[5091:5123]

[FRACDIFF] Optimal d  : 0.8516
           ADF p-val  : 0.9711 %  (n=2327)
           Corr (raw) : 0.6252
[META]  logit_l2 {'C': 0.01}  calibration=sigmoid (cv Brier sigmoid=0.2521 isotonic=0.2532)
[META]  Trained on 694 events  (success rate=0.464)
[PRIM]  wavelet_trend: long share oof=0.523  test=0.800

[PWFO]  IS504_OOS5 window 46: IS[1607:5123]  OOS[5123:5158]

[FRACDIFF] Optimal d  : 0.8438
           ADF p-val  : 1.0138 %  (n=2330)
           Corr (raw) : 0.6301
[META]  logit_l2 {'C': 0.01}  calibration=sigmoid (cv Brier sigmoid=0.2514 isotonic=0.2517)
[META]  Trained on 695 events  (success rate=0.469)
[PRIM]  wavelet_trend: long share oof=0.521  test=0.333

[PWFO]  IS504_OOS5 window 47: IS[1642:5158]  OOS[5158:5193]

[FRACDIFF] Optimal d  : 0.8516
           ADF p-val  : 0.3318 %  (n=2330)
           Corr (raw) : 0.5867
[META]  logit_l2 {'C': 0.01}  calibration=sigmoid (cv Brier sigmoid=0.2515 isotonic=0.2522)
[META]  Trained on 698 events  (success rate=0.466)
[PRIM]  wavelet_trend: long share oof=0.521  test=0.375

[PWFO]  IS504_OOS5 window 48: IS[1677:5193]  OOS[5193:5228]

[FRACDIFF] Optimal d  : 0.8516
           ADF p-val  : 0.4429 %  (n=2330)
           Corr (raw) : 0.5816
[META]  logit_l2 {'C': 0.01}  calibration=sigmoid (cv Brier sigmoid=0.2501 isotonic=0.2581)
[META]  Trained on 693 events  (success rate=0.456)
[PRIM]  wavelet_trend: long share oof=0.512  test=0.000
[PRIM]  Warning: fold 49 test sides are 0.0% long (one-sided primary)

[PWFO]  IS504_OOS5 window 49: IS[1712:5228]  OOS[5228:5260]

[FRACDIFF] Optimal d  : 0.8438
           ADF p-val  : 0.4220 %  (n=2330)
           Corr (raw) : 0.6013
[META]  logit_l2 {'C': 0.01}  calibration=sigmoid (cv Brier sigmoid=0.2499 isotonic=0.2518)
[META]  Trained on 696 events  (success rate=0.461)
[PRIM]  wavelet_trend: long share oof=0.504  test=0.143

[PWFO]  IS504_OOS5 window 50: IS[1747:5260]  OOS[5260:5295]

[FRACDIFF] Optimal d  : 0.8438
           ADF p-val  : 0.3160 %  (n=2330)
           Corr (raw) : 0.5904
[META]  logit_l2 {'C': 0.01}  calibration=sigmoid (cv Brier sigmoid=0.2504 isotonic=0.2564)
[META]  Trained on 702 events  (success rate=0.463)
[PRIM]  wavelet_trend: long share oof=0.499  test=0.800

[PWFO]  IS504_OOS5 window 51: IS[1782:5295]  OOS[5295:5330]

[FRACDIFF] Optimal d  : 0.8438
           ADF p-val  : 0.2267 %  (n=2330)
           Corr (raw) : 0.5830
[META]  logit_l2 {'C': 0.01}  calibration=sigmoid (cv Brier sigmoid=0.2496 isotonic=0.2553)
[META]  Trained on 699 events  (success rate=0.464)
[PRIM]  wavelet_trend: long share oof=0.499  test=1.000
[PRIM]  Warning: fold 52 test sides are 100.0% long (one-sided primary)

[PWFO]  IS504_OOS5 window 52: IS[1817:5330]  OOS[5330:5365]

[FRACDIFF] Optimal d  : 0.8438
           ADF p-val  : 0.2953 %  (n=2330)
           Corr (raw) : 0.5811
[META]  logit_l2 {'C': 0.01}  calibration=sigmoid (cv Brier sigmoid=0.2495 isotonic=0.2570)
[META]  Trained on 692 events  (success rate=0.465)
[PRIM]  wavelet_trend: long share oof=0.501  test=0.778

[PWFO]  IS504_OOS5 window 53: IS[1852:5365]  OOS[5365:5400]

[FRACDIFF] Optimal d  : 0.8359
           ADF p-val  : 0.4913 %  (n=2330)
           Corr (raw) : 0.6005
[META]  logit_l2 {'C': 0.01}  calibration=sigmoid (cv Brier sigmoid=0.2496 isotonic=0.2518)
[META]  Trained on 693 events  (success rate=0.468)
[PRIM]  wavelet_trend: long share oof=0.508  test=0.667

[PWFO]  IS504_OOS5 window 54: IS[1887:5400]  OOS[5400:5435]

[FRACDIFF] Optimal d  : 0.8281
           ADF p-val  : 0.5712 %  (n=2330)
           Corr (raw) : 0.6176
[META]  logit_l2 {'C': 0.01}  calibration=sigmoid (cv Brier sigmoid=0.2494 isotonic=0.2518)
[META]  Trained on 693 events  (success rate=0.463)
[PRIM]  wavelet_trend: long share oof=0.505  test=1.000
[PRIM]  Warning: fold 55 test sides are 100.0% long (one-sided primary)

[PWFO]  IS504_OOS5 window 55: IS[1922:5435]  OOS[5435:5470]

[FRACDIFF] Optimal d  : 0.8438
           ADF p-val  : 0.2363 %  (n=2330)
           Corr (raw) : 0.5658
[META]  logit_l2 {'C': 0.01}  calibration=sigmoid (cv Brier sigmoid=0.2495 isotonic=0.2601)
[META]  Trained on 697 events  (success rate=0.466)
[PRIM]  wavelet_trend: long share oof=0.509  test=0.375

[PWFO]  IS504_OOS5 window 56: IS[1957:5470]  OOS[5470:5505]

[FRACDIFF] Optimal d  : 0.8516
           ADF p-val  : 0.1326 %  (n=2330)
           Corr (raw) : 0.5431
[META]  logit_l2 {'C': 0.01}  calibration=sigmoid (cv Brier sigmoid=0.2494 isotonic=0.2596)
[META]  Trained on 697 events  (success rate=0.466)
[PRIM]  wavelet_trend: long share oof=0.504  test=0.833

[PWFO]  IS504_OOS5 window 57: IS[1992:5505]  OOS[5505:5540]

[FRACDIFF] Optimal d  : 0.8359
           ADF p-val  : 0.3698 %  (n=2330)
           Corr (raw) : 0.5906
[META]  logit_l2 {'C': 0.01}  calibration=sigmoid (cv Brier sigmoid=0.2493 isotonic=0.2524)
[META]  Trained on 694 events  (success rate=0.461)
[PRIM]  wavelet_trend: long share oof=0.501  test=0.600

[PWFO]  IS504_OOS5 window 58: IS[2027:5540]  OOS[5540:5575]

[FRACDIFF] Optimal d  : 0.8281
           ADF p-val  : 0.4081 %  (n=2330)
           Corr (raw) : 0.6109
[META]  logit_l2 {'C': 0.01}  calibration=sigmoid (cv Brier sigmoid=0.2497 isotonic=0.2587)
[META]  Trained on 694 events  (success rate=0.463)
[PRIM]  wavelet_trend: long share oof=0.501  test=0.333

[PWFO]  IS504_OOS5 window 59: IS[2062:5575]  OOS[5575:5610]

[FRACDIFF] Optimal d  : 0.8281
           ADF p-val  : 0.4172 %  (n=2327)
           Corr (raw) : 0.6035
[META]  logit_l2 {'C': 0.01}  calibration=sigmoid (cv Brier sigmoid=0.2496 isotonic=0.2583)
[META]  Trained on 695 events  (success rate=0.462)
[PRIM]  wavelet_trend: long share oof=0.498  test=0.667

[PWFO]  IS504_OOS5 window 60: IS[2097:5610]  OOS[5610:5645]

[FRACDIFF] Optimal d  : 0.8281
           ADF p-val  : 0.4648 %  (n=2327)
           Corr (raw) : 0.6044
[META]  logit_l2 {'C': 0.01}  calibration=sigmoid (cv Brier sigmoid=0.2501 isotonic=0.2541)
[META]  Trained on 697 events  (success rate=0.461)
[PRIM]  wavelet_trend: long share oof=0.499  test=0.875

[PWFO]  IS504_OOS5 window 61: IS[2132:5645]  OOS[5645:5680]

[FRACDIFF] Optimal d  : 0.8359
           ADF p-val  : 0.2497 %  (n=2327)
           Corr (raw) : 0.5806
[META]  logit_l2 {'C': 0.01}  calibration=sigmoid (cv Brier sigmoid=0.2494 isotonic=0.2654)
[META]  Trained on 697 events  (success rate=0.459)
[PRIM]  wavelet_trend: long share oof=0.499  test=0.400

[PWFO]  IS504_OOS5 window 62: IS[2167:5680]  OOS[5680:5715]

[FRACDIFF] Optimal d  : 0.8438
           ADF p-val  : 0.1919 %  (n=2327)
           Corr (raw) : 0.5554
[META]  logit_l2 {'C': 0.01}  calibration=sigmoid (cv Brier sigmoid=0.2490 isotonic=0.2564)
[META]  Trained on 695 events  (success rate=0.458)
[PRIM]  wavelet_trend: long share oof=0.505  test=1.000
[PRIM]  Warning: fold 63 test sides are 100.0% long (one-sided primary)

[PWFO]  IS504_OOS5 window 63: IS[2202:5715]  OOS[5715:5750]

[FRACDIFF] Optimal d  : 0.8203
           ADF p-val  : 0.6839 %  (n=2327)
           Corr (raw) : 0.6258
[META]  logit_l2 {'C': 0.01}  calibration=sigmoid (cv Brier sigmoid=0.2486 isotonic=0.2658)
[META]  Trained on 697 events  (success rate=0.459)
[PRIM]  wavelet_trend: long share oof=0.509  test=0.500

[PWFO]  IS504_OOS5 window 64: IS[2237:5750]  OOS[5750:5785]

[FRACDIFF] Optimal d  : 0.8359
           ADF p-val  : 0.2289 %  (n=2327)
           Corr (raw) : 0.5783
[META]  logit_l2 {'C': 0.01}  calibration=sigmoid (cv Brier sigmoid=0.2490 isotonic=0.2556)
[META]  Trained on 695 events  (success rate=0.462)
[PRIM]  wavelet_trend: long share oof=0.508  test=0.500

[PWFO]  IS504_OOS5 window 65: IS[2272:5785]  OOS[5785:5820]

[FRACDIFF] Optimal d  : 0.8281
           ADF p-val  : 0.4188 %  (n=2327)
           Corr (raw) : 0.5933
[META]  logit_l2 {'C': 0.01}  calibration=sigmoid (cv Brier sigmoid=0.2484 isotonic=0.2541)
[META]  Trained on 694 events  (success rate=0.461)
[PRIM]  wavelet_trend: long share oof=0.513  test=1.000
[PRIM]  Warning: fold 66 test sides are 100.0% long (one-sided primary)

[PWFO]  IS504_OOS5 window 66: IS[2307:5820]  OOS[5820:5855]

[FRACDIFF] Optimal d  : 0.8281
           ADF p-val  : 0.4192 %  (n=2327)
           Corr (raw) : 0.5979
[META]  logit_l2 {'C': 0.01}  calibration=sigmoid (cv Brier sigmoid=0.2492 isotonic=0.2545)
[META]  Trained on 693 events  (success rate=0.465)
[PRIM]  wavelet_trend: long share oof=0.511  test=0.500

[PWFO]  IS504_OOS5 window 67: IS[2342:5855]  OOS[5855:5890]

[FRACDIFF] Optimal d  : 0.8438
           ADF p-val  : 0.2097 %  (n=2327)
           Corr (raw) : 0.5515
[META]  logit_l2 {'C': 0.01}  calibration=sigmoid (cv Brier sigmoid=0.2490 isotonic=0.2543)
[META]  Trained on 697 events  (success rate=0.466)
[PRIM]  wavelet_trend: long share oof=0.512  test=0.100

[PWFO]  IS504_OOS5 window 68: IS[2377:5890]  OOS[5890:5925]

[FRACDIFF] Optimal d  : 0.8203
           ADF p-val  : 0.7518 %  (n=2327)
           Corr (raw) : 0.6214
[META]  logit_l2 {'C': 0.01}  calibration=sigmoid (cv Brier sigmoid=0.2486 isotonic=0.2512)
[META]  Trained on 699 events  (success rate=0.462)
[PRIM]  wavelet_trend: long share oof=0.505  test=0.600

[PWFO]  IS504_OOS5 window 69: IS[2412:5925]  OOS[5925:5960]

[FRACDIFF] Optimal d  : 0.8359
           ADF p-val  : 0.3960 %  (n=2327)
           Corr (raw) : 0.5723
[META]  logit_l2 {'C': 0.01}  calibration=sigmoid (cv Brier sigmoid=0.2488 isotonic=0.2515)
[META]  Trained on 700 events  (success rate=0.463)
[PRIM]  wavelet_trend: long share oof=0.504  test=0.000
[PRIM]  Warning: fold 70 test sides are 0.0% long (one-sided primary)

[PWFO]  IS504_OOS5 window 70: IS[2447:5960]  OOS[5960:5995]

[FRACDIFF] Optimal d  : 0.8438
           ADF p-val  : 0.1887 %  (n=2327)
           Corr (raw) : 0.5525
[META]  logit_l2 {'C': 0.01}  calibration=sigmoid (cv Brier sigmoid=0.2484 isotonic=0.2508)
[META]  Trained on 697 events  (success rate=0.458)
[PRIM]  wavelet_trend: long share oof=0.505  test=0.000
[PRIM]  Warning: fold 71 test sides are 0.0% long (one-sided primary)

[PWFO]  IS504_OOS5 window 71: IS[2482:5995]  OOS[5995:6030]

[FRACDIFF] Optimal d  : 0.8281
           ADF p-val  : 0.5018 %  (n=2327)
           Corr (raw) : 0.6017
[META]  logit_l2 {'C': 0.01}  calibration=sigmoid (cv Brier sigmoid=0.2484 isotonic=0.2510)
[META]  Trained on 703 events  (success rate=0.461)
[PRIM]  wavelet_trend: long share oof=0.499  test=0.857

[PWFO]  IS504_OOS5 window 72: IS[2517:6030]  OOS[6030:6065]

[FRACDIFF] Optimal d  : 0.8281
           ADF p-val  : 0.4554 %  (n=2327)
           Corr (raw) : 0.5994
[META]  logit_l2 {'C': 0.01}  calibration=sigmoid (cv Brier sigmoid=0.2497 isotonic=0.2529)
[META]  Trained on 704 events  (success rate=0.460)
[PRIM]  wavelet_trend: long share oof=0.499  test=1.000
[PRIM]  Warning: fold 73 test sides are 100.0% long (one-sided primary)

[PWFO]  IS504_OOS5 window 73: IS[2552:6065]  OOS[6065:6100]

[FRACDIFF] Optimal d  : 0.8047
           ADF p-val  : 0.8178 %  (n=2327)
           Corr (raw) : 0.6487
[META]  logit_l2 {'C': 0.01}  calibration=sigmoid (cv Brier sigmoid=0.2491 isotonic=0.2542)
[META]  Trained on 699 events  (success rate=0.464)
[PRIM]  wavelet_trend: long share oof=0.498  test=1.000
[PRIM]  Warning: fold 74 test sides are 100.0% long (one-sided primary)

[PWFO]  IS504_OOS5 window 74: IS[2587:6100]  OOS[6100:6135]

[FRACDIFF] Optimal d  : 0.7891
           ADF p-val  : 0.9581 %  (n=2327)
           Corr (raw) : 0.6812
[META]  logit_l2 {'C': 0.01}  calibration=sigmoid (cv Brier sigmoid=0.2489 isotonic=0.2514)
[META]  Trained on 697 events  (success rate=0.463)
[PRIM]  wavelet_trend: long share oof=0.501  test=0.571

[PWFO]  IS504_OOS5 window 75: IS[2622:6135]  OOS[6135:6167]

[FRACDIFF] Optimal d  : 0.7734
           ADF p-val  : 0.9381 %  (n=2327)
           Corr (raw) : 0.6997
[META]  logit_l2 {'C': 0.01}  calibration=sigmoid (cv Brier sigmoid=0.2489 isotonic=0.2518)
[META]  Trained on 695 events  (success rate=0.466)
[PRIM]  wavelet_trend: long share oof=0.504  test=1.000
[PRIM]  Warning: fold 76 test sides are 100.0% long (one-sided primary)

[PWFO]  IS504_OOS5 window 76: IS[2654:6167]  OOS[6167:6202]

[FRACDIFF] Optimal d  : 0.7812
           ADF p-val  : 0.9156 %  (n=2330)
           Corr (raw) : 0.6585
[META]  logit_l2 {'C': 0.01}  calibration=sigmoid (cv Brier sigmoid=0.2488 isotonic=0.2516)
[META]  Trained on 692 events  (success rate=0.464)
[PRIM]  wavelet_trend: long share oof=0.513  test=0.800

[PWFO]  IS504_OOS5 window 77: IS[2689:6202]  OOS[6202:6237]

[FRACDIFF] Optimal d  : 0.7891
           ADF p-val  : 0.5354 %  (n=2330)
           Corr (raw) : 0.6315
[META]  logit_l2 {'C': 0.01}  calibration=sigmoid (cv Brier sigmoid=0.2491 isotonic=0.2514)
[META]  Trained on 691 events  (success rate=0.466)
[PRIM]  wavelet_trend: long share oof=0.514  test=0.222

[PWFO]  IS504_OOS5 window 78: IS[2724:6237]  OOS[6237:6272]

[FRACDIFF] Optimal d  : 0.7578
           ADF p-val  : 1.0296 %  (n=2330)
           Corr (raw) : 0.6944
[META]  logit_l2 {'C': 0.01}  calibration=sigmoid (cv Brier sigmoid=0.2489 isotonic=0.2525)
[META]  Trained on 694 events  (success rate=0.467)
[PRIM]  wavelet_trend: long share oof=0.506  test=1.000
[PRIM]  Warning: fold 79 test sides are 100.0% long (one-sided primary)

[PWFO]  IS504_OOS5 window 79: IS[2759:6272]  OOS[6272:6307]

[FRACDIFF] Optimal d  : 0.7578
           ADF p-val  : 0.6963 %  (n=2327)
           Corr (raw) : 0.6817
[META]  logit_l2 {'C': 0.01}  calibration=sigmoid (cv Brier sigmoid=0.2491 isotonic=0.2510)
[META]  Trained on 698 events  (success rate=0.471)
[PRIM]  wavelet_trend: long share oof=0.510  test=0.000
[PRIM]  Warning: fold 80 test sides are 0.0% long (one-sided primary)

[PWFO]  IS504_OOS5 window 80: IS[2794:6307]  OOS[6307:6342]

[FRACDIFF] Optimal d  : 0.7266
           ADF p-val  : 1.2080 %  (n=2327)
           Corr (raw) : 0.7393
[META]  logit_l2 {'C': 0.01}  calibration=sigmoid (cv Brier sigmoid=0.2484 isotonic=0.2536)
[META]  Trained on 703 events  (success rate=0.477)
[PRIM]  wavelet_trend: long share oof=0.504  test=0.778

[PWFO]  IS504_OOS5 window 81: IS[2829:6342]  OOS[6342:6377]

[FRACDIFF] Optimal d  : 0.6641
           ADF p-val  : 2.8342 %  (n=2327)
           Corr (raw) : 0.8259
[META]  logit_l2 {'C': 0.01}  calibration=sigmoid (cv Brier sigmoid=0.2505 isotonic=0.2560)
[META]  Trained on 704 events  (success rate=0.476)
[PRIM]  wavelet_trend: long share oof=0.504  test=0.400

[PWFO]  IS504_OOS5 window 82: IS[2864:6377]  OOS[6377:6412]

[FRACDIFF] Optimal d  : 0.6719
           ADF p-val  : 2.4810 %  (n=2327)
           Corr (raw) : 0.8013
[META]  logit_l2 {'C': 0.01}  calibration=sigmoid (cv Brier sigmoid=0.2499 isotonic=0.2539)
[META]  Trained on 702 events  (success rate=0.474)
[PRIM]  wavelet_trend: long share oof=0.506  test=0.167

[PWFO]  IS504_OOS5 window 83: IS[2899:6412]  OOS[6412:6447]

[FRACDIFF] Optimal d  : 0.7734
           ADF p-val  : 0.5223 %  (n=2324)
           Corr (raw) : 0.5871
[META]  logit_l2 {'C': 0.01}  calibration=sigmoid (cv Brier sigmoid=0.2500 isotonic=0.2538)
[META]  Trained on 700 events  (success rate=0.474)
[PRIM]  wavelet_trend: long share oof=0.504  test=1.000
[PRIM]  Warning: fold 84 test sides are 100.0% long (one-sided primary)

[PWFO]  IS504_OOS5 window 84: IS[2934:6447]  OOS[6447:6482]

[FRACDIFF] Optimal d  : 0.6484
           ADF p-val  : 1.5302 %  (n=2324)
           Corr (raw) : 0.8139
[META]  logit_l2 {'C': 0.01}  calibration=sigmoid (cv Brier sigmoid=0.2511 isotonic=0.2557)
[META]  Trained on 698 events  (success rate=0.480)
[PRIM]  wavelet_trend: long share oof=0.506  test=0.667

[PWFO]  IS504_OOS5 window 85: IS[2969:6482]  OOS[6482:6517]

[FRACDIFF] Optimal d  : 0.6250
           ADF p-val  : 1.4822 %  (n=2324)
           Corr (raw) : 0.8343
[META]  logit_l2 {'C': 0.01}  calibration=sigmoid (cv Brier sigmoid=0.2511 isotonic=0.2542)
[META]  Trained on 695 events  (success rate=0.483)
[PRIM]  wavelet_trend: long share oof=0.508  test=0.500

[PWFO]  IS504_OOS5 window 86: IS[3004:6517]  OOS[6517:6552]

[FRACDIFF] Optimal d  : 0.5703
           ADF p-val  : 3.0015 %  (n=2324)
           Corr (raw) : 0.8876
[META]  logit_l2 {'C': 0.01}  calibration=sigmoid (cv Brier sigmoid=0.2516 isotonic=0.2528)
[META]  Trained on 696 events  (success rate=0.483)
[PRIM]  wavelet_trend: long share oof=0.509  test=0.125

[PWFO]  IS504_OOS5 window 87: IS[3039:6552]  OOS[6552:6587]

[FRACDIFF] Optimal d  : 0.5781
           ADF p-val  : 2.1907 %  (n=2324)
           Corr (raw) : 0.8734
[META]  logit_l2 {'C': 0.01}  calibration=isotonic (cv Brier sigmoid=0.2507 isotonic=0.2501)
[META]  Trained on 697 events  (success rate=0.485)
[PRIM]  wavelet_trend: long share oof=0.505  test=0.300

[PWFO]  IS504_OOS5 window 88: IS[3074:6587]  OOS[6587:6622]

[FRACDIFF] Optimal d  : 0.5781
           ADF p-val  : 2.2119 %  (n=2324)
           Corr (raw) : 0.8670
[META]  logit_l2 {'C': 0.01}  calibration=sigmoid (cv Brier sigmoid=0.2504 isotonic=0.2519)
[META]  Trained on 699 events  (success rate=0.481)
[PRIM]  wavelet_trend: long share oof=0.501  test=0.125

[PWFO]  IS504_OOS5 window 89: IS[3109:6622]  OOS[6622:6657]

[FRACDIFF] Optimal d  : 0.5547
           ADF p-val  : 2.3947 %  (n=2324)
           Corr (raw) : 0.8849
[META]  logit_l2 {'C': 0.01}  calibration=sigmoid (cv Brier sigmoid=0.2497 isotonic=0.2547)
[META]  Trained on 701 events  (success rate=0.475)
[PRIM]  wavelet_trend: long share oof=0.492  test=0.667

[PWFO]  IS504_OOS5 window 90: IS[3144:6657]  OOS[6657:6692]

[FRACDIFF] Optimal d  : 0.5547
           ADF p-val  : 2.1090 %  (n=2324)
           Corr (raw) : 0.8806
[META]  logit_l2 {'C': 0.01}  calibration=sigmoid (cv Brier sigmoid=0.2498 isotonic=0.2519)
[META]  Trained on 702 events  (success rate=0.476)
[PRIM]  wavelet_trend: long share oof=0.491  test=0.750

[PWFO]  IS504_OOS5 window 91: IS[3179:6692]  OOS[6692:6727]

[FRACDIFF] Optimal d  : 0.5547
           ADF p-val  : 1.9696 %  (n=2324)
           Corr (raw) : 0.8776
[META]  logit_l2 {'C': 0.01}  calibration=sigmoid (cv Brier sigmoid=0.2505 isotonic=0.2533)
[META]  Trained on 700 events  (success rate=0.473)
[PRIM]  wavelet_trend: long share oof=0.490  test=1.000
[PRIM]  Warning: fold 92 test sides are 100.0% long (one-sided primary)

[PWFO]  IS504_OOS5 window 92: IS[3214:6727]  OOS[6727:6762]

[FRACDIFF] Optimal d  : 0.5625
           ADF p-val  : 1.8281 %  (n=2324)
           Corr (raw) : 0.8671
[META]  logit_l2 {'C': 0.01}  calibration=sigmoid (cv Brier sigmoid=0.2512 isotonic=0.2608)
[META]  Trained on 691 events  (success rate=0.470)
[PRIM]  wavelet_trend: long share oof=0.493  test=0.600

[PWFO]  IS504_OOS5 window 93: IS[3249:6762]  OOS[6762:6797]

[FRACDIFF] Optimal d  : 0.4766
           ADF p-val  : 3.9219 %  (n=2324)
           Corr (raw) : 0.9300
[META]  logit_l2 {'C': 0.01}  calibration=sigmoid (cv Brier sigmoid=0.2508 isotonic=0.2616)
[META]  Trained on 689 events  (success rate=0.472)
[PRIM]  wavelet_trend: long share oof=0.492  test=1.000
[PRIM]  Warning: fold 94 test sides are 100.0% long (one-sided primary)

[PWFO]  IS504_OOS5 window 94: IS[3284:6797]  OOS[6797:6832]

[FRACDIFF] Optimal d  : 0.5078
           ADF p-val  : 3.1051 %  (n=2324)
           Corr (raw) : 0.9078
[META]  logit_l2 {'C': 0.01}  calibration=sigmoid (cv Brier sigmoid=0.2505 isotonic=0.2549)
[META]  Trained on 686 events  (success rate=0.472)
[PRIM]  wavelet_trend: long share oof=0.497  test=0.667

[PWFO]  IS504_OOS5 window 95: IS[3319:6832]  OOS[6832:6867]

[FRACDIFF] Optimal d  : 0.5078
           ADF p-val  : 2.5987 %  (n=2324)
           Corr (raw) : 0.9055
[META]  logit_l2 {'C': 0.01}  calibration=sigmoid (cv Brier sigmoid=0.2510 isotonic=0.2567)
[META]  Trained on 682 events  (success rate=0.477)
[PRIM]  wavelet_trend: long share oof=0.501  test=0.667

[PWFO]  IS504_OOS5 window 96: IS[3351:6867]  OOS[6867:6899]

[FRACDIFF] Optimal d  : 0.5547
           ADF p-val  : 1.9247 %  (n=2327)
           Corr (raw) : 0.8629
[META]  logit_l2 {'C': 0.01}  calibration=sigmoid (cv Brier sigmoid=0.2512 isotonic=0.2552)
[META]  Trained on 687 events  (success rate=0.477)
[PRIM]  wavelet_trend: long share oof=0.499  test=0.200

[PWFO]  IS504_OOS5 window 97: IS[3386:6899]  OOS[6899:6934]

[FRACDIFF] Optimal d  : 0.6016
           ADF p-val  : 1.0161 %  (n=2327)
           Corr (raw) : 0.8122
[META]  logit_l2 {'C': 0.01}  calibration=sigmoid (cv Brier sigmoid=0.2510 isotonic=0.2545)
[META]  Trained on 685 events  (success rate=0.476)
[PRIM]  wavelet_trend: long share oof=0.495  test=1.000
[PRIM]  Warning: fold 98 test sides are 100.0% long (one-sided primary)

[PWFO]  IS504_OOS5 window 98: IS[3421:6934]  OOS[6934:6969]

[FRACDIFF] Optimal d  : 0.6250
           ADF p-val  : 0.7061 %  (n=2327)
           Corr (raw) : 0.7838
[META]  logit_l2 {'C': 0.01}  calibration=sigmoid (cv Brier sigmoid=0.2508 isotonic=0.2575)
[META]  Trained on 682 events  (success rate=0.477)
[PRIM]  wavelet_trend: long share oof=0.494  test=1.000
[PRIM]  Warning: fold 99 test sides are 100.0% long (one-sided primary)

[PWFO]  IS504_OOS5 window 99: IS[3456:6969]  OOS[6969:7001]

[FRACDIFF] Optimal d  : 0.6250
           ADF p-val  : 0.8350 %  (n=2327)
           Corr (raw) : 0.7893
[META]  logit_l2 {'C': 0.01}  calibration=sigmoid (cv Brier sigmoid=0.2507 isotonic=0.2541)
[META]  Trained on 681 events  (success rate=0.477)
[PRIM]  wavelet_trend: long share oof=0.495  test=1.000
[PRIM]  Warning: fold 100 test sides are 100.0% long (one-sided primary)

[PWFO]  IS504_OOS5 window 100: IS[3491:7001]  OOS[7001:7036]

[FRACDIFF] Optimal d  : 0.6562
           ADF p-val  : 0.4809 %  (n=2327)
           Corr (raw) : 0.7487
[META]  logit_l2 {'C': 0.01}  calibration=sigmoid (cv Brier sigmoid=0.2505 isotonic=0.2545)
[META]  Trained on 681 events  (success rate=0.480)
[PRIM]  wavelet_trend: long share oof=0.498  test=0.250

[PWFO]  IS504_OOS5 window 101: IS[3526:7036]  OOS[7036:7071]

[FRACDIFF] Optimal d  : 0.6641
           ADF p-val  : 0.4700 %  (n=2327)
           Corr (raw) : 0.7413
[META]  logit_l2 {'C': 0.01}  calibration=sigmoid (cv Brier sigmoid=0.2507 isotonic=0.2535)
[META]  Trained on 683 events  (success rate=0.476)
[PRIM]  wavelet_trend: long share oof=0.493  test=1.000
[PRIM]  Warning: fold 102 test sides are 100.0% long (one-sided primary)

[PWFO]  IS504_OOS5 window 102: IS[3561:7071]  OOS[7071:7106]

[FRACDIFF] Optimal d  : 0.6328
           ADF p-val  : 0.6918 %  (n=2327)
           Corr (raw) : 0.7851
[META]  logit_l2 {'C': 0.01}  calibration=sigmoid (cv Brier sigmoid=0.2503 isotonic=0.2521)
[META]  Trained on 683 events  (success rate=0.476)
[PRIM]  wavelet_trend: long share oof=0.492  test=1.000
[PRIM]  Warning: fold 103 test sides are 100.0% long (one-sided primary)

[PWFO]  IS504_OOS5 window 103: IS[3596:7106]  OOS[7106:7141]

[FRACDIFF] Optimal d  : 0.6328
           ADF p-val  : 0.7305 %  (n=2327)
           Corr (raw) : 0.7873
[META]  logit_l2 {'C': 0.01}  calibration=sigmoid (cv Brier sigmoid=0.2500 isotonic=0.2533)
[META]  Trained on 681 events  (success rate=0.477)
[PRIM]  wavelet_trend: long share oof=0.490  test=0.167

[PWFO]  IS504_OOS5 window 104: IS[3631:7141]  OOS[7141:7176]

[FRACDIFF] Optimal d  : 0.6328
           ADF p-val  : 0.7943 %  (n=2327)
           Corr (raw) : 0.7869
[META]  logit_l2 {'C': 0.01}  calibration=sigmoid (cv Brier sigmoid=0.2499 isotonic=0.2519)
[META]  Trained on 684 events  (success rate=0.477)
[PRIM]  wavelet_trend: long share oof=0.481  test=0.222

[PWFO]  IS504_OOS5 window 105: IS[3666:7176]  OOS[7176:7211]

[FRACDIFF] Optimal d  : 0.5625
           ADF p-val  : 4.3001 %  (n=2327)
           Corr (raw) : 0.8725
[META]  logit_l2 {'C': 0.01}  calibration=sigmoid (cv Brier sigmoid=0.2498 isotonic=0.2544)
[META]  Trained on 684 events  (success rate=0.478)
[PRIM]  wavelet_trend: long share oof=0.475  test=0.833

[PWFO]  IS504_OOS5 window 106: IS[3701:7211]  OOS[7211:7246]

[FRACDIFF] Optimal d  : 0.6719
           ADF p-val  : 0.4354 %  (n=2327)
           Corr (raw) : 0.7330
[META]  logit_l2 {'C': 0.01}  calibration=sigmoid (cv Brier sigmoid=0.2511 isotonic=0.2519)
[META]  Trained on 677 events  (success rate=0.473)
[PRIM]  wavelet_trend: long share oof=0.486  test=0.500

[PWFO]  IS504_OOS5 window 107: IS[3736:7246]  OOS[7246:7281]

[FRACDIFF] Optimal d  : 0.6875
           ADF p-val  : 0.3330 %  (n=2327)
           Corr (raw) : 0.7120
[META]  logit_l2 {'C': 0.01}  calibration=sigmoid (cv Brier sigmoid=0.2503 isotonic=0.2532)
[META]  Trained on 676 events  (success rate=0.470)
[PRIM]  wavelet_trend: long share oof=0.487  test=0.111

[PWFO]  IS504_OOS5 window 108: IS[3771:7281]  OOS[7281:7316]

[FRACDIFF] Optimal d  : 0.6797
           ADF p-val  : 0.4049 %  (n=2327)
           Corr (raw) : 0.7349
[META]  logit_l2 {'C': 0.01}  calibration=sigmoid (cv Brier sigmoid=0.2502 isotonic=0.2532)
[META]  Trained on 676 events  (success rate=0.475)
[PRIM]  wavelet_trend: long share oof=0.482  test=0.400

[PWFO]  IS504_OOS5 window 109: IS[3806:7316]  OOS[7316:7351]

[FRACDIFF] Optimal d  : 0.7188
           ADF p-val  : 0.3064 %  (n=2327)
           Corr (raw) : 0.6691
[META]  logit_l2 {'C': 0.01}  calibration=sigmoid (cv Brier sigmoid=0.2501 isotonic=0.2572)
[META]  Trained on 677 events  (success rate=0.476)
[PRIM]  wavelet_trend: long share oof=0.479  test=0.100

[PWFO]  IS504_OOS5 window 110: IS[3841:7351]  OOS[7351:7386]

[FRACDIFF] Optimal d  : 0.7266
           ADF p-val  : 0.3341 %  (n=2324)
           Corr (raw) : 0.6637
[META]  logit_l2 {'C': 0.01}  calibration=sigmoid (cv Brier sigmoid=0.2500 isotonic=0.2518)
[META]  Trained on 681 events  (success rate=0.471)
[PRIM]  wavelet_trend: long share oof=0.473  test=0.100

[PWFO]  IS504_OOS5 window 111: IS[3876:7386]  OOS[7386:7421]

[FRACDIFF] Optimal d  : 0.7031
           ADF p-val  : 0.5517 %  (n=2324)
           Corr (raw) : 0.7212
[META]  logit_l2 {'C': 0.01}  calibration=sigmoid (cv Brier sigmoid=0.2508 isotonic=0.2598)
[META]  Trained on 683 events  (success rate=0.476)
[PRIM]  wavelet_trend: long share oof=0.469  test=0.400

[PWFO]  IS504_OOS5 window 112: IS[3911:7421]  OOS[7421:7456]

[FRACDIFF] Optimal d  : 0.7188
           ADF p-val  : 0.9529 %  (n=2324)
           Corr (raw) : 0.7001
[META]  logit_l2 {'C': 0.01}  calibration=sigmoid (cv Brier sigmoid=0.2506 isotonic=0.2526)
[META]  Trained on 678 events  (success rate=0.471)
[PRIM]  wavelet_trend: long share oof=0.472  test=0.750

[PWFO]  IS504_OOS5 window 113: IS[3946:7456]  OOS[7456:7491]

[FRACDIFF] Optimal d  : 0.7188
           ADF p-val  : 0.4020 %  (n=2324)
           Corr (raw) : 0.7050
[META]  logit_l2 {'C': 0.01}  calibration=sigmoid (cv Brier sigmoid=0.2507 isotonic=0.2527)
[META]  Trained on 673 events  (success rate=0.475)
[PRIM]  wavelet_trend: long share oof=0.481  test=1.000
[PRIM]  Warning: fold 114 test sides are 100.0% long (one-sided primary)

[PWFO]  IS504_OOS5 window 114: IS[3981:7491]  OOS[7491:7526]

[FRACDIFF] Optimal d  : 0.6250
           ADF p-val  : 4.9843 %  (n=2324)
           Corr (raw) : 0.8506
[META]  logit_l2 {'C': 0.01}  calibration=isotonic (cv Brier sigmoid=0.2510 isotonic=0.2508)
[META]  Trained on 667 events  (success rate=0.474)
[PRIM]  wavelet_trend: long share oof=0.483  test=0.750

[PWFO]  IS504_OOS5 window 115: IS[4016:7526]  OOS[7526:7561]

[FRACDIFF] Optimal d  : 0.6484
           ADF p-val  : 2.0302 %  (n=2324)
           Corr (raw) : 0.8163
[META]  logit_l2 {'C': 0.01}  calibration=sigmoid (cv Brier sigmoid=0.2514 isotonic=0.2550)
[META]  Trained on 668 events  (success rate=0.476)
[PRIM]  wavelet_trend: long share oof=0.485  test=0.500

[PWFO]  IS504_OOS5 window 116: IS[4051:7561]  OOS[7561:7596]

[FRACDIFF] Optimal d  : 0.6641
           ADF p-val  : 1.8859 %  (n=2324)
           Corr (raw) : 0.7919
[META]  logit_l2 {'C': 0.01}  calibration=sigmoid (cv Brier sigmoid=0.2511 isotonic=0.2521)
[META]  Trained on 666 events  (success rate=0.477)
[PRIM]  wavelet_trend: long share oof=0.485  test=1.000
[PRIM]  Warning: fold 117 test sides are 100.0% long (one-sided primary)

[PWFO]  IS504_OOS5 window 117: IS[4086:7596]  OOS[7596:7631]

[FRACDIFF] Optimal d  : 0.6562
           ADF p-val  : 1.8342 %  (n=2324)
           Corr (raw) : 0.8005
[META]  logit_l2 {'C': 0.01}  calibration=sigmoid (cv Brier sigmoid=0.2512 isotonic=0.2533)
[META]  Trained on 663 events  (success rate=0.480)
[PRIM]  wavelet_trend: long share oof=0.490  test=0.250

[PWFO]  IS504_OOS5 window 118: IS[4121:7631]  OOS[7631:7666]

[FRACDIFF] Optimal d  : 0.6875
           ADF p-val  : 1.4357 %  (n=2324)
           Corr (raw) : 0.7504
[META]  logit_l2 {'C': 0.01}  calibration=sigmoid (cv Brier sigmoid=0.2514 isotonic=0.2531)
[META]  Trained on 658 events  (success rate=0.482)
[PRIM]  wavelet_trend: long share oof=0.492  test=0.250

[PWFO]  IS504_OOS5 window 119: IS[4156:7666]  OOS[7666:7701]

[FRACDIFF] Optimal d  : 0.6953
           ADF p-val  : 1.0974 %  (n=2324)
           Corr (raw) : 0.7429
[META]  logit_l2 {'C': 0.01}  calibration=sigmoid (cv Brier sigmoid=0.2516 isotonic=0.2535)
[META]  Trained on 657 events  (success rate=0.481)
[PRIM]  wavelet_trend: long share oof=0.487  test=0.750

[PWFO]  IS504_OOS5 window 120: IS[4191:7701]  OOS[7701:7736]

[FRACDIFF] Optimal d  : 0.7109
           ADF p-val  : 0.5552 %  (n=2324)
           Corr (raw) : 0.7183
[META]  logit_l2 {'C': 0.01}  calibration=sigmoid (cv Brier sigmoid=0.2516 isotonic=0.2570)
[META]  Trained on 658 events  (success rate=0.480)
[PRIM]  wavelet_trend: long share oof=0.488  test=1.000
[PRIM]  Warning: fold 121 test sides are 100.0% long (one-sided primary)

[PWFO]  IS504_OOS5 window 121: IS[4226:7736]  OOS[7736:7771]

[FRACDIFF] Optimal d  : 0.7109
           ADF p-val  : 0.5798 %  (n=2324)
           Corr (raw) : 0.7204
[META]  logit_l2 {'C': 0.01}  calibration=sigmoid (cv Brier sigmoid=0.2514 isotonic=0.2530)
[META]  Trained on 655 events  (success rate=0.479)
[PRIM]  wavelet_trend: long share oof=0.492  test=1.000
[PRIM]  Warning: fold 122 test sides are 100.0% long (one-sided primary)

[PWFO]  IS504_OOS5 window 122: IS[4261:7771]  OOS[7771:7806]

[FRACDIFF] Optimal d  : 0.7031
           ADF p-val  : 0.5946 %  (n=2324)
           Corr (raw) : 0.7338
[META]  logit_l2 {'C': 0.01}  calibration=sigmoid (cv Brier sigmoid=0.2521 isotonic=0.2600)
[META]  Trained on 653 events  (success rate=0.481)
[PRIM]  wavelet_trend: long share oof=0.495  test=0.333

[PWFO]  IS504_OOS5 window 123: IS[4296:7806]  OOS[7806:7841]

[FRACDIFF] Optimal d  : 0.7109
           ADF p-val  : 0.3807 %  (n=2324)
           Corr (raw) : 0.7192
[META]  logit_l2 {'C': 0.01}  calibration=sigmoid (cv Brier sigmoid=0.2528 isotonic=0.2626)
[META]  Trained on 656 events  (success rate=0.480)
[PRIM]  wavelet_trend: long share oof=0.491  test=0.500

[PWFO]  IS504_OOS5 window 124: IS[4331:7841]  OOS[7841:7876]

[FRACDIFF] Optimal d  : 0.7188
           ADF p-val  : 0.2540 %  (n=2324)
           Corr (raw) : 0.7077
[META]  logit_l2 {'C': 0.01}  calibration=sigmoid (cv Brier sigmoid=0.2530 isotonic=0.2635)
[META]  Trained on 654 events  (success rate=0.479)
[PRIM]  wavelet_trend: long share oof=0.494  test=0.200

[PWFO]  IS504_OOS5 window 125: IS[4366:7876]  OOS[7876:7911]

[FRACDIFF] Optimal d  : 0.7188
           ADF p-val  : 0.3222 %  (n=2324)
           Corr (raw) : 0.7112
[META]  logit_l2 {'C': 0.01}  calibration=sigmoid (cv Brier sigmoid=0.2529 isotonic=0.2616)
[META]  Trained on 654 events  (success rate=0.479)
[PRIM]  wavelet_trend: long share oof=0.495  test=0.667

[PWFO]  IS504_OOS5 window 126: IS[4398:7911]  OOS[7911:7946]

[FRACDIFF] Optimal d  : 0.7344
           ADF p-val  : 0.2372 %  (n=2327)
           Corr (raw) : 0.6855
[META]  logit_l2 {'C': 0.01}  calibration=sigmoid (cv Brier sigmoid=0.2519 isotonic=0.2592)
[META]  Trained on 653 events  (success rate=0.476)
[PRIM]  wavelet_trend: long share oof=0.493  test=0.625

[PWFO]  IS504_OOS5 window 127: IS[4433:7946]  OOS[7946:7981]

[FRACDIFF] Optimal d  : 0.7500
           ADF p-val  : 0.1732 %  (n=2327)
           Corr (raw) : 0.6618
[META]  logit_l2 {'C': 0.01}  calibration=sigmoid (cv Brier sigmoid=0.2515 isotonic=0.2597)
[META]  Trained on 654 events  (success rate=0.476)
[PRIM]  wavelet_trend: long share oof=0.491  test=1.000
[PRIM]  Warning: fold 128 test sides are 100.0% long (one-sided primary)

[PWFO]  IS504_OOS5 window 128: IS[4468:7981]  OOS[7981:8016]

[FRACDIFF] Optimal d  : 0.7578
           ADF p-val  : 0.1517 %  (n=2327)
           Corr (raw) : 0.6527
[META]  logit_l2 {'C': 0.01}  calibration=sigmoid (cv Brier sigmoid=0.2513 isotonic=0.2612)
[META]  Trained on 658 events  (success rate=0.474)
[PRIM]  wavelet_trend: long share oof=0.494  test=0.167

[PWFO]  IS504_OOS5 window 129: IS[4503:8016]  OOS[8016:8051]

[FRACDIFF] Optimal d  : 0.7578
           ADF p-val  : 0.5143 %  (n=2327)
           Corr (raw) : 0.6626
[META]  logit_l2 {'C': 0.01}  calibration=sigmoid (cv Brier sigmoid=0.2518 isotonic=0.2581)
[META]  Trained on 657 events  (success rate=0.470)
[PRIM]  wavelet_trend: long share oof=0.489  test=0.857

[PWFO]  IS504_OOS5 window 130: IS[4538:8051]  OOS[8051:8086]

[FRACDIFF] Optimal d  : 0.7734
           ADF p-val  : 0.3774 %  (n=2324)
           Corr (raw) : 0.6365
[META]  logit_l2 {'C': 0.01}  calibration=sigmoid (cv Brier sigmoid=0.2517 isotonic=0.2569)
[META]  Trained on 657 events  (success rate=0.472)
[PRIM]  wavelet_trend: long share oof=0.493  test=1.000
[PRIM]  Warning: fold 131 test sides are 100.0% long (one-sided primary)

[PWFO]  IS504_OOS5 window 131: IS[4573:8086]  OOS[8086:8121]

[FRACDIFF] Optimal d  : 0.7812
           ADF p-val  : 0.1104 %  (n=2324)
           Corr (raw) : 0.6232
[META]  logit_l2 {'C': 0.01}  calibration=sigmoid (cv Brier sigmoid=0.2524 isotonic=0.2595)
[META]  Trained on 655 events  (success rate=0.473)
[PRIM]  wavelet_trend: long share oof=0.492  test=0.800

[PWFO]  IS504_OOS5 window 132: IS[4608:8121]  OOS[8121:8156]

[FRACDIFF] Optimal d  : 0.7812
           ADF p-val  : 0.1608 %  (n=2324)
           Corr (raw) : 0.6343
[META]  logit_l2 {'C': 0.01}  calibration=isotonic (cv Brier sigmoid=0.2513 isotonic=0.2512)
[META]  Trained on 652 events  (success rate=0.472)
[PRIM]  wavelet_trend: long share oof=0.500  test=0.600

[PWFO]  IS504_OOS5 window 133: IS[4643:8156]  OOS[8156:8191]

[FRACDIFF] Optimal d  : 0.7969
           ADF p-val  : 0.1047 %  (n=2324)
           Corr (raw) : 0.6088
[META]  logit_l2 {'C': 0.01}  calibration=sigmoid (cv Brier sigmoid=0.2511 isotonic=0.2552)
[META]  Trained on 652 events  (success rate=0.471)
[PRIM]  wavelet_trend: long share oof=0.497  test=1.000
[PRIM]  Warning: fold 134 test sides are 100.0% long (one-sided primary)

[PWFO]  IS504_OOS5 window 134: IS[4678:8191]  OOS[8191:8226]

[FRACDIFF] Optimal d  : 0.7969
           ADF p-val  : 0.1196 %  (n=2321)
           Corr (raw) : 0.6203
[META]  logit_l2 {'C': 0.01}  calibration=sigmoid (cv Brier sigmoid=0.2511 isotonic=0.2565)
[META]  Trained on 654 events  (success rate=0.471)
[PRIM]  wavelet_trend: long share oof=0.498  test=0.364

[PWFO]  IS504_OOS5 window 135: IS[4713:8226]  OOS[8226:8261]

[FRACDIFF] Optimal d  : 0.8047
           ADF p-val  : 0.3423 %  (n=2321)
           Corr (raw) : 0.6115
[META]  logit_l2 {'C': 0.01}  calibration=sigmoid (cv Brier sigmoid=0.2511 isotonic=0.2530)
[META]  Trained on 657 events  (success rate=0.476)
[PRIM]  wavelet_trend: long share oof=0.502  test=0.333

[PWFO]  IS504_OOS5 window 136: IS[4748:8261]  OOS[8261:8296]

[FRACDIFF] Optimal d  : 0.8125
           ADF p-val  : 0.3810 %  (n=2321)
           Corr (raw) : 0.6050
[META]  logit_l2 {'C': 0.01}  calibration=sigmoid (cv Brier sigmoid=0.2517 isotonic=0.2531)
[META]  Trained on 656 events  (success rate=0.476)
[PRIM]  wavelet_trend: long share oof=0.497  test=0.200

[PWFO]  IS504_OOS5 window 137: IS[4783:8296]  OOS[8296:8331]

[FRACDIFF] Optimal d  : 0.8203
           ADF p-val  : 0.3813 %  (n=2321)
           Corr (raw) : 0.5986
[META]  logit_l2 {'C': 0.01}  calibration=sigmoid (cv Brier sigmoid=0.2505 isotonic=0.2534)
[META]  Trained on 653 events  (success rate=0.475)
[PRIM]  wavelet_trend: long share oof=0.492  test=0.500

[PWFO]  IS504_OOS5 window 138: IS[4818:8331]  OOS[8331:8366]

[FRACDIFF] Optimal d  : 0.8203
           ADF p-val  : 0.3784 %  (n=2321)
           Corr (raw) : 0.6030
[META]  logit_l2 {'C': 0.01}  calibration=sigmoid (cv Brier sigmoid=0.2508 isotonic=0.2560)
[META]  Trained on 655 events  (success rate=0.473)
[PRIM]  wavelet_trend: long share oof=0.493  test=0.857

[PWFO]  IS504_OOS5 window 139: IS[4853:8366]  OOS[8366:8401]

[FRACDIFF] Optimal d  : 0.8359
           ADF p-val  : 0.0465 %  (n=2321)
           Corr (raw) : 0.5644
[META]  logit_l2 {'C': 0.01}  calibration=sigmoid (cv Brier sigmoid=0.2507 isotonic=0.2557)
[META]  Trained on 652 events  (success rate=0.474)
[PRIM]  wavelet_trend: long share oof=0.495  test=1.000
[PRIM]  Warning: fold 140 test sides are 100.0% long (one-sided primary)

[PWFO]  IS504_OOS5 window 140: IS[4888:8401]  OOS[8401:8436]

[FRACDIFF] Optimal d  : 0.8438
           ADF p-val  : 0.2134 %  (n=2321)
           Corr (raw) : 0.5555
[META]  logit_l2 {'C': 0.01}  calibration=sigmoid (cv Brier sigmoid=0.2506 isotonic=0.2544)
[META]  Trained on 646 events  (success rate=0.474)
[PRIM]  wavelet_trend: long share oof=0.511  test=0.111

[PWFO]  IS504_OOS5 window 141: IS[4923:8436]  OOS[8436:8471]

[FRACDIFF] Optimal d  : 0.8281
           ADF p-val  : 0.5143 %  (n=2321)
           Corr (raw) : 0.6151
[META]  logit_l2 {'C': 0.01}  calibration=sigmoid (cv Brier sigmoid=0.2502 isotonic=0.2624)
[META]  Trained on 645 events  (success rate=0.473)
[PRIM]  wavelet_trend: long share oof=0.509  test=0.200

[PWFO]  IS504_OOS5 window 142: IS[4958:8471]  OOS[8471:8506]

[FRACDIFF] Optimal d  : 0.8281
           ADF p-val  : 0.1544 %  (n=2321)
           Corr (raw) : 0.5848
[META]  logit_l2 {'C': 0.01}  calibration=sigmoid (cv Brier sigmoid=0.2503 isotonic=0.2535)
[META]  Trained on 643 events  (success rate=0.471)
[PRIM]  wavelet_trend: long share oof=0.512  test=0.286

[PWFO]  IS504_OOS5 window 143: IS[4993:8506]  OOS[8506:8541]

[FRACDIFF] Optimal d  : 0.8125
           ADF p-val  : 0.1508 %  (n=2321)
           Corr (raw) : 0.6008
[META]  logit_l2 {'C': 0.01}  calibration=sigmoid (cv Brier sigmoid=0.2503 isotonic=0.2552)
[META]  Trained on 640 events  (success rate=0.472)
[PRIM]  wavelet_trend: long share oof=0.511  test=1.000
[PRIM]  Warning: fold 144 test sides are 100.0% long (one-sided primary)

[PWFO]  IS504_OOS5 window 144: IS[5028:8541]  OOS[8541:8576]

[FRACDIFF] Optimal d  : 0.8906
           ADF p-val  : 0.0041 %  (n=2321)
           Corr (raw) : 0.3192
[META]  logit_l2 {'C': 0.01}  calibration=sigmoid (cv Brier sigmoid=0.2509 isotonic=0.2529)
[META]  Trained on 640 events  (success rate=0.469)
[PRIM]  wavelet_trend: long share oof=0.512  test=0.750

[PWFO]  IS504_OOS5 window 145: IS[5063:8576]  OOS[8576:8611]

[FRACDIFF] Optimal d  : 0.8281
           ADF p-val  : 0.1647 %  (n=2321)
           Corr (raw) : 0.4658
[META]  logit_l2 {'C': 0.01}  calibration=sigmoid (cv Brier sigmoid=0.2513 isotonic=0.2544)
[META]  Trained on 632 events  (success rate=0.468)
[PRIM]  wavelet_trend: long share oof=0.522  test=0.750

[PWFO]  IS504_OOS5 window 146: IS[5095:8611]  OOS[8611:8643]

[FRACDIFF] Optimal d  : 0.7734
           ADF p-val  : 1.1176 %  (n=2324)
           Corr (raw) : 0.5946
[META]  logit_l2 {'C': 0.01}  calibration=sigmoid (cv Brier sigmoid=0.2510 isotonic=0.2554)
[META]  Trained on 627 events  (success rate=0.467)
[PRIM]  wavelet_trend: long share oof=0.525  test=0.667

[PWFO]  IS504_OOS5 window 147: IS[5130:8643]  OOS[8643:8678]

[FRACDIFF] Optimal d  : 0.7812
           ADF p-val  : 0.5151 %  (n=2324)
           Corr (raw) : 0.5755
[META]  logit_l2 {'C': 0.01}  calibration=sigmoid (cv Brier sigmoid=0.2517 isotonic=0.2552)
[META]  Trained on 627 events  (success rate=0.464)
[PRIM]  wavelet_trend: long share oof=0.523  test=0.800

[PWFO]  IS504_OOS5 window 148: IS[5165:8678]  OOS[8678:8713]

[FRACDIFF] Optimal d  : 0.7109
           ADF p-val  : 2.6161 %  (n=2324)
           Corr (raw) : 0.7270
[META]  logit_l2 {'C': 0.01}  calibration=sigmoid (cv Brier sigmoid=0.2528 isotonic=0.2552)
[META]  Trained on 621 events  (success rate=0.469)
[PRIM]  wavelet_trend: long share oof=0.531  test=0.400

[PWFO]  IS504_OOS5 window 149: IS[5200:8713]  OOS[8713:8748]

[FRACDIFF] Optimal d  : 0.6250
           ADF p-val  : 2.5543 %  (n=2324)
           Corr (raw) : 0.8546
[META]  logit_l2 {'C': 0.01}  calibration=sigmoid (cv Brier sigmoid=0.2532 isotonic=0.2628)
[META]  Trained on 623 events  (success rate=0.467)
[PRIM]  wavelet_trend: long share oof=0.530  test=0.333

[PWFO]  IS504_OOS5 window 150: IS[5232:8748]  OOS[8748:8780]

[FRACDIFF] Optimal d  : 0.6641
           ADF p-val  : 4.2825 %  (n=2327)
           Corr (raw) : 0.7898
[META]  logit_l2 {'C': 0.01}  calibration=sigmoid (cv Brier sigmoid=0.2547 isotonic=0.2841)
[META]  Trained on 620 events  (success rate=0.461)
[PRIM]  wavelet_trend: long share oof=0.537  test=1.000
[PRIM]  Warning: fold 151 test sides are 100.0% long (one-sided primary)

[PWFO]  IS504_OOS5 window 151: IS[5267:8780]  OOS[8780:8815]

[FRACDIFF] Optimal d  : 0.6875
           ADF p-val  : 3.2085 %  (n=2327)
           Corr (raw) : 0.7400
[META]  logit_l2 {'C': 0.01}  calibration=sigmoid (cv Brier sigmoid=0.2528 isotonic=0.2722)
[META]  Trained on 616 events  (success rate=0.466)
[PRIM]  wavelet_trend: long share oof=0.541  test=0.750

[PWFO]  IS504_OOS5 window 152: IS[5302:8815]  OOS[8815:8850]

[FRACDIFF] Optimal d  : 0.6875
           ADF p-val  : 2.4387 %  (n=2327)
           Corr (raw) : 0.7330
[META]  logit_l2 {'C': 0.01}  calibration=sigmoid (cv Brier sigmoid=0.2535 isotonic=0.2837)
[META]  Trained on 620 events  (success rate=0.463)
[PRIM]  wavelet_trend: long share oof=0.542  test=0.500

[PWFO]  IS504_OOS5 window 153: IS[5337:8850]  OOS[8850:8885]

[FRACDIFF] Optimal d  : 0.6797
           ADF p-val  : 1.9576 %  (n=2327)
           Corr (raw) : 0.7407
[META]  logit_l2 {'C': 0.01}  calibration=sigmoid (cv Brier sigmoid=0.2515 isotonic=0.2865)
[META]  Trained on 623 events  (success rate=0.459)
[PRIM]  wavelet_trend: long share oof=0.543  test=0.500

[PWFO]  IS504_OOS5 window 154: IS[5372:8885]  OOS[8885:8920]

[FRACDIFF] Optimal d  : 0.6797
           ADF p-val  : 1.9183 %  (n=2327)
           Corr (raw) : 0.7326
[META]  logit_l2 {'C': 0.01}  calibration=sigmoid (cv Brier sigmoid=0.2518 isotonic=0.2800)
[META]  Trained on 621 events  (success rate=0.462)
[PRIM]  wavelet_trend: long share oof=0.539  test=0.111

[PWFO]  IS504_OOS5 window 155: IS[5407:8920]  OOS[8920:8955]

[FRACDIFF] Optimal d  : 0.6641
           ADF p-val  : 2.3670 %  (n=2327)
           Corr (raw) : 0.7569
[META]  logit_l2 {'C': 0.01}  calibration=sigmoid (cv Brier sigmoid=0.2514 isotonic=0.2769)
[META]  Trained on 625 events  (success rate=0.462)
[PRIM]  wavelet_trend: long share oof=0.531  test=1.000
[PRIM]  Warning: fold 156 test sides are 100.0% long (one-sided primary)

[PWFO]  IS504_OOS5 window 156: IS[5442:8955]  OOS[8955:8990]

[FRACDIFF] Optimal d  : 0.7109
           ADF p-val  : 1.4985 %  (n=2327)
           Corr (raw) : 0.6662
[META]  logit_l2 {'C': 0.01}  calibration=sigmoid (cv Brier sigmoid=0.2513 isotonic=0.2543)
[META]  Trained on 625 events  (success rate=0.459)
[PRIM]  wavelet_trend: long share oof=0.531  test=0.500

[PWFO]  IS504_OOS5 window 157: IS[5477:8990]  OOS[8990:9025]

[FRACDIFF] Optimal d  : 0.6641
           ADF p-val  : 2.0573 %  (n=2327)
           Corr (raw) : 0.7487
[META]  logit_l2 {'C': 0.01}  calibration=sigmoid (cv Brier sigmoid=0.2500 isotonic=0.2548)
[META]  Trained on 620 events  (success rate=0.460)
[PRIM]  wavelet_trend: long share oof=0.531  test=0.364

[PWFO]  IS504_OOS5 window 158: IS[5512:9025]  OOS[9025:9060]

[FRACDIFF] Optimal d  : 0.6641
           ADF p-val  : 1.7548 %  (n=2327)
           Corr (raw) : 0.7469
[META]  logit_l2 {'C': 0.01}  calibration=sigmoid (cv Brier sigmoid=0.2497 isotonic=0.2819)
[META]  Trained on 623 events  (success rate=0.457)
[PRIM]  wavelet_trend: long share oof=0.528  test=0.300

[PWFO]  IS504_OOS5 window 159: IS[5547:9060]  OOS[9060:9095]

[FRACDIFF] Optimal d  : 0.6406
           ADF p-val  : 1.8020 %  (n=2327)
           Corr (raw) : 0.7820
[META]  logit_l2 {'C': 0.01}  calibration=sigmoid (cv Brier sigmoid=0.2514 isotonic=0.2816)
[META]  Trained on 630 events  (success rate=0.459)
[PRIM]  wavelet_trend: long share oof=0.522  test=0.333

[PWFO]  IS504_OOS5 window 160: IS[5582:9095]  OOS[9095:9130]

[FRACDIFF] Optimal d  : 0.6562
           ADF p-val  : 2.0597 %  (n=2327)
           Corr (raw) : 0.7560
[META]  logit_l2 {'C': 0.01}  calibration=sigmoid (cv Brier sigmoid=0.2529 isotonic=0.2914)
[META]  Trained on 630 events  (success rate=0.462)
[PRIM]  wavelet_trend: long share oof=0.522  test=0.800

[PWFO]  IS504_OOS5 window 161: IS[5617:9130]  OOS[9130:9165]

[FRACDIFF] Optimal d  : 0.6562
           ADF p-val  : 2.2611 %  (n=2327)
           Corr (raw) : 0.7565
[META]  logit_l2 {'C': 0.01}  calibration=sigmoid (cv Brier sigmoid=0.2512 isotonic=0.2698)
[META]  Trained on 629 events  (success rate=0.461)
[PRIM]  wavelet_trend: long share oof=0.521  test=0.333

[PWFO]  IS504_OOS5 window 162: IS[5652:9165]  OOS[9165:9200]

[FRACDIFF] Optimal d  : 0.6797
           ADF p-val  : 1.5283 %  (n=2327)
           Corr (raw) : 0.7182
[META]  logit_l2 {'C': 0.01}  calibration=sigmoid (cv Brier sigmoid=0.2518 isotonic=0.2664)
[META]  Trained on 626 events  (success rate=0.465)
[PRIM]  wavelet_trend: long share oof=0.518  test=0.625

[PWFO]  IS504_OOS5 window 163: IS[5687:9200]  OOS[9200:9235]

[FRACDIFF] Optimal d  : 0.6719
           ADF p-val  : 1.9022 %  (n=2327)
           Corr (raw) : 0.7345
[META]  logit_l2 {'C': 0.01}  calibration=sigmoid (cv Brier sigmoid=0.2512 isotonic=0.2559)
[META]  Trained on 625 events  (success rate=0.466)
[PRIM]  wavelet_trend: long share oof=0.518  test=1.000
[PRIM]  Warning: fold 164 test sides are 100.0% long (one-sided primary)

[PWFO]  IS504_OOS5 window 164: IS[5722:9235]  OOS[9235:9270]

[FRACDIFF] Optimal d  : 0.6953
           ADF p-val  : 1.5174 %  (n=2327)
           Corr (raw) : 0.6950
[META]  logit_l2 {'C': 0.01}  calibration=sigmoid (cv Brier sigmoid=0.2508 isotonic=0.2556)
[META]  Trained on 624 events  (success rate=0.468)
[PRIM]  wavelet_trend: long share oof=0.518  test=1.000
[PRIM]  Warning: fold 165 test sides are 100.0% long (one-sided primary)

[PWFO]  IS504_OOS5 window 165: IS[5757:9270]  OOS[9270:9305]

[FRACDIFF] Optimal d  : 0.6953
           ADF p-val  : 1.5883 %  (n=2327)
           Corr (raw) : 0.7024
[META]  logit_l2 {'C': 0.01}  calibration=sigmoid (cv Brier sigmoid=0.2511 isotonic=0.2547)
[META]  Trained on 621 events  (success rate=0.475)
[PRIM]  wavelet_trend: long share oof=0.520  test=0.429

[PWFO]  IS504_OOS5 window 166: IS[5792:9305]  OOS[9305:9340]

[FRACDIFF] Optimal d  : 0.7109
           ADF p-val  : 1.6501 %  (n=2327)
           Corr (raw) : 0.6796
[META]  logit_l2 {'C': 0.01}  calibration=sigmoid (cv Brier sigmoid=0.2520 isotonic=0.2560)
[META]  Trained on 623 events  (success rate=0.475)
[PRIM]  wavelet_trend: long share oof=0.522  test=1.000
[PRIM]  Warning: fold 167 test sides are 100.0% long (one-sided primary)

[PWFO]  IS504_OOS5 window 167: IS[5827:9340]  OOS[9340:9375]

[FRACDIFF] Optimal d  : 0.7266
           ADF p-val  : 1.4486 %  (n=2327)
           Corr (raw) : 0.6562
[META]  logit_l2 {'C': 0.01}  calibration=sigmoid (cv Brier sigmoid=0.2516 isotonic=0.2518)
[META]  Trained on 623 events  (success rate=0.472)
[PRIM]  wavelet_trend: long share oof=0.520  test=0.444

[PWFO]  IS504_OOS5 window 168: IS[5862:9375]  OOS[9375:9410]

[FRACDIFF] Optimal d  : 0.7344
           ADF p-val  : 1.2801 %  (n=2327)
           Corr (raw) : 0.6528
[META]  logit_l2 {'C': 0.01}  calibration=sigmoid (cv Brier sigmoid=0.2540 isotonic=0.2572)
[META]  Trained on 622 events  (success rate=0.473)
[PRIM]  wavelet_trend: long share oof=0.523  test=0.375

[PWFO]  IS504_OOS5 window 169: IS[5897:9410]  OOS[9410:9445]

[FRACDIFF] Optimal d  : 0.7188
           ADF p-val  : 1.2497 %  (n=2327)
           Corr (raw) : 0.6846
[META]  logit_l2 {'C': 0.01}  calibration=isotonic (cv Brier sigmoid=0.2523 isotonic=0.2517)
[META]  Trained on 621 events  (success rate=0.470)
[PRIM]  wavelet_trend: long share oof=0.528  test=0.286

[PWFO]  IS504_OOS5 window 170: IS[5932:9445]  OOS[9445:9480]

[FRACDIFF] Optimal d  : 0.7109
           ADF p-val  : 1.6964 %  (n=2327)
           Corr (raw) : 0.7030
[META]  logit_l2 {'C': 0.01}  calibration=sigmoid (cv Brier sigmoid=0.2521 isotonic=0.2592)
[META]  Trained on 623 events  (success rate=0.474)
[PRIM]  wavelet_trend: long share oof=0.525  test=0.667

[PWFO]  IS504_OOS5 window 171: IS[5967:9480]  OOS[9480:9515]

[FRACDIFF] Optimal d  : 0.6953
           ADF p-val  : 1.4859 %  (n=2327)
           Corr (raw) : 0.7280
[META]  logit_l2 {'C': 0.01}  calibration=sigmoid (cv Brier sigmoid=0.2530 isotonic=0.2566)
[META]  Trained on 624 events  (success rate=0.471)
[PRIM]  wavelet_trend: long share oof=0.527  test=0.500

[PWFO]  IS504_OOS5 window 172: IS[6002:9515]  OOS[9515:9550]

[FRACDIFF] Optimal d  : 0.7188
           ADF p-val  : 1.0843 %  (n=2327)
           Corr (raw) : 0.6818
[META]  logit_l2 {'C': 0.01}  calibration=sigmoid (cv Brier sigmoid=0.2528 isotonic=0.2678)
[META]  Trained on 619 events  (success rate=0.467)
[PRIM]  wavelet_trend: long share oof=0.535  test=1.000
[PRIM]  Warning: fold 173 test sides are 100.0% long (one-sided primary)

[PWFO]  IS504_OOS5 window 173: IS[6037:9550]  OOS[9550:9585]

[FRACDIFF] Optimal d  : 0.7266
           ADF p-val  : 1.1389 %  (n=2327)
           Corr (raw) : 0.6692
[META]  logit_l2 {'C': 0.01}  calibration=sigmoid (cv Brier sigmoid=0.2527 isotonic=0.2694)
[META]  Trained on 617 events  (success rate=0.467)
[PRIM]  wavelet_trend: long share oof=0.530  test=0.143

[PWFO]  IS504_OOS5 window 174: IS[6072:9585]  OOS[9585:9620]

[FRACDIFF] Optimal d  : 0.7344
           ADF p-val  : 0.9743 %  (n=2327)
           Corr (raw) : 0.6609
[META]  logit_l2 {'C': 0.01}  calibration=sigmoid (cv Brier sigmoid=0.2524 isotonic=0.2632)
[META]  Trained on 620 events  (success rate=0.468)
[PRIM]  wavelet_trend: long share oof=0.526  test=0.600

[PWFO]  IS504_OOS5 window 175: IS[6107:9620]  OOS[9620:9655]

[FRACDIFF] Optimal d  : 0.7344
           ADF p-val  : 1.0495 %  (n=2327)
           Corr (raw) : 0.6634
[META]  logit_l2 {'C': 0.01}  calibration=sigmoid (cv Brier sigmoid=0.2534 isotonic=0.2688)
[META]  Trained on 621 events  (success rate=0.467)
[PRIM]  wavelet_trend: long share oof=0.523  test=1.000
[PRIM]  Warning: fold 176 test sides are 100.0% long (one-sided primary)

[PWFO]  IS504_OOS5 window 176: IS[6142:9655]  OOS[9655:9690]

[FRACDIFF] Optimal d  : 0.7188
           ADF p-val  : 1.3082 %  (n=2327)
           Corr (raw) : 0.6955
[META]  logit_l2 {'C': 0.01}  calibration=sigmoid (cv Brier sigmoid=0.2529 isotonic=0.2708)
[META]  Trained on 618 events  (success rate=0.464)
[PRIM]  wavelet_trend: long share oof=0.523  test=0.800

[PWFO]  IS504_OOS5 window 177: IS[6174:9690]  OOS[9690:9725]

[FRACDIFF] Optimal d  : 0.7422
           ADF p-val  : 0.8443 %  (n=2330)
           Corr (raw) : 0.6445
[META]  logit_l2 {'C': 0.01}  calibration=sigmoid (cv Brier sigmoid=0.2526 isotonic=0.2720)
[META]  Trained on 623 events  (success rate=0.467)
[PRIM]  wavelet_trend: long share oof=0.523  test=0.400

[PWFO]  IS504_OOS5 window 178: IS[6209:9725]  OOS[9725:9760]

[FRACDIFF] Optimal d  : 0.7500
           ADF p-val  : 0.8883 %  (n=2330)
           Corr (raw) : 0.6330
[META]  logit_l2 {'C': 0.01}  calibration=sigmoid (cv Brier sigmoid=0.2533 isotonic=0.2635)
[META]  Trained on 621 events  (success rate=0.465)
[PRIM]  wavelet_trend: long share oof=0.525  test=0.500

[PWFO]  IS504_OOS5 window 179: IS[6244:9760]  OOS[9760:9795]

[FRACDIFF] Optimal d  : 0.7422
           ADF p-val  : 1.2250 %  (n=2330)
           Corr (raw) : 0.6585
[META]  logit_l2 {'C': 0.01}  calibration=sigmoid (cv Brier sigmoid=0.2530 isotonic=0.2672)
[META]  Trained on 618 events  (success rate=0.464)
[PRIM]  wavelet_trend: long share oof=0.523  test=0.750

[PWFO]  IS504_OOS5 window 180: IS[6279:9795]  OOS[9795:9830]

[FRACDIFF] Optimal d  : 0.7656
           ADF p-val  : 0.6107 %  (n=2330)
           Corr (raw) : 0.6116
[META]  logit_l2 {'C': 0.01}  calibration=sigmoid (cv Brier sigmoid=0.2515 isotonic=0.2746)
[META]  Trained on 615 events  (success rate=0.457)
[PRIM]  wavelet_trend: long share oof=0.522  test=0.833

[PWFO]  IS504_OOS5 window 181: IS[6314:9830]  OOS[9830:9865]

[FRACDIFF] Optimal d  : 0.7578
           ADF p-val  : 1.0521 %  (n=2327)
           Corr (raw) : 0.6387
[META]  logit_l2 {'C': 0.01}  calibration=sigmoid (cv Brier sigmoid=0.2519 isotonic=0.2664)
[META]  Trained on 611 events  (success rate=0.457)
[PRIM]  wavelet_trend: long share oof=0.534  test=1.000
[PRIM]  Warning: fold 182 test sides are 100.0% long (one-sided primary)

[PWFO]  IS504_OOS5 window 182: IS[6349:9865]  OOS[9865:9900]

[FRACDIFF] Optimal d  : 0.7656
           ADF p-val  : 1.0410 %  (n=2327)
           Corr (raw) : 0.6279
[META]  logit_l2 {'C': 0.01}  calibration=sigmoid (cv Brier sigmoid=0.2516 isotonic=0.2872)
[META]  Trained on 605 events  (success rate=0.455)
[PRIM]  wavelet_trend: long share oof=0.534  test=0.200

[PWFO]  IS504_OOS5 window 183: IS[6384:9900]  OOS[9900:9935]

[FRACDIFF] Optimal d  : 0.7812
           ADF p-val  : 0.7508 %  (n=2327)
           Corr (raw) : 0.5973
[META]  logit_l2 {'C': 0.01}  calibration=sigmoid (cv Brier sigmoid=0.2513 isotonic=0.2741)
[META]  Trained on 611 events  (success rate=0.460)
[PRIM]  wavelet_trend: long share oof=0.529  test=0.600

[PWFO]  IS504_OOS5 window 184: IS[6419:9935]  OOS[9935:9970]

[FRACDIFF] Optimal d  : 0.7812
           ADF p-val  : 0.8966 %  (n=2324)
           Corr (raw) : 0.6015
[META]  logit_l2 {'C': 0.01}  calibration=sigmoid (cv Brier sigmoid=0.2523 isotonic=0.2835)
[META]  Trained on 610 events  (success rate=0.459)
[PRIM]  wavelet_trend: long share oof=0.531  test=0.833

[PWFO]  IS504_OOS5 window 185: IS[6454:9970]  OOS[9970:10005]

[FRACDIFF] Optimal d  : 0.7812
           ADF p-val  : 0.9626 %  (n=2324)
           Corr (raw) : 0.6092
[META]  logit_l2 {'C': 0.01}  calibration=sigmoid (cv Brier sigmoid=0.2522 isotonic=0.2762)
[META]  Trained on 611 events  (success rate=0.455)
[PRIM]  wavelet_trend: long share oof=0.530  test=0.000
[PRIM]  Warning: fold 186 test sides are 0.0% long (one-sided primary)

[PWFO]  IS504_OOS5 window 186: IS[6489:10005]  OOS[10005:10040]

[FRACDIFF] Optimal d  : 0.7969
           ADF p-val  : 0.6598 %  (n=2324)
           Corr (raw) : 0.5789
[META]  logit_l2 {'C': 0.01}  calibration=sigmoid (cv Brier sigmoid=0.2525 isotonic=0.2819)
[META]  Trained on 617 events  (success rate=0.459)
[PRIM]  wavelet_trend: long share oof=0.524  test=0.273

[PWFO]  IS504_OOS5 window 187: IS[6524:10040]  OOS[10040:10075]

[FRACDIFF] Optimal d  : 0.7969
           ADF p-val  : 0.6650 %  (n=2324)
           Corr (raw) : 0.5861
[META]  logit_l2 {'C': 0.01}  calibration=sigmoid (cv Brier sigmoid=0.2509 isotonic=0.2748)
[META]  Trained on 623 events  (success rate=0.457)
[PRIM]  wavelet_trend: long share oof=0.520  test=0.333

[PWFO]  IS504_OOS5 window 188: IS[6559:10075]  OOS[10075:10110]

[FRACDIFF] Optimal d  : 0.7969
           ADF p-val  : 0.7340 %  (n=2324)
           Corr (raw) : 0.5954
[META]  logit_l2 {'C': 0.01}  calibration=sigmoid (cv Brier sigmoid=0.2535 isotonic=0.2630)
[META]  Trained on 620 events  (success rate=0.458)
[PRIM]  wavelet_trend: long share oof=0.523  test=0.000
[PRIM]  Warning: fold 189 test sides are 0.0% long (one-sided primary)

[PWFO]  IS504_OOS5 window 189: IS[6594:10110]  OOS[10110:10145]

[FRACDIFF] Optimal d  : 0.8047
           ADF p-val  : 0.8717 %  (n=2324)
           Corr (raw) : 0.5751
[META]  logit_l2 {'C': 0.01}  calibration=sigmoid (cv Brier sigmoid=0.2503 isotonic=0.2696)
[META]  Trained on 614 events  (success rate=0.463)
[PRIM]  wavelet_trend: long share oof=0.524  test=0.714

[PWFO]  IS504_OOS5 window 190: IS[6629:10145]  OOS[10145:10180]

[FRACDIFF] Optimal d  : 0.8125
           ADF p-val  : 0.7456 %  (n=2324)
           Corr (raw) : 0.5638
[META]  logit_l2 {'C': 0.01}  calibration=sigmoid (cv Brier sigmoid=0.2502 isotonic=0.2627)
[META]  Trained on 615 events  (success rate=0.460)
[PRIM]  wavelet_trend: long share oof=0.528  test=0.600

[PWFO]  IS504_OOS5 window 191: IS[6664:10180]  OOS[10180:10215]

[FRACDIFF] Optimal d  : 0.8125
           ADF p-val  : 0.8883 %  (n=2324)
           Corr (raw) : 0.5724
[META]  logit_l2 {'C': 0.01}  calibration=sigmoid (cv Brier sigmoid=0.2502 isotonic=0.2698)
[META]  Trained on 618 events  (success rate=0.463)
[PRIM]  wavelet_trend: long share oof=0.526  test=1.000
[PRIM]  Warning: fold 192 test sides are 100.0% long (one-sided primary)

[PWFO]  IS504_OOS5 window 192: IS[6699:10215]  OOS[10215:10250]

[FRACDIFF] Optimal d  : 0.8203
           ADF p-val  : 0.6634 %  (n=2324)
           Corr (raw) : 0.5552
[META]  logit_l2 {'C': 0.01}  calibration=sigmoid (cv Brier sigmoid=0.2512 isotonic=0.2726)
[META]  Trained on 619 events  (success rate=0.467)
[PRIM]  wavelet_trend: long share oof=0.528  test=1.000
[PRIM]  Warning: fold 193 test sides are 100.0% long (one-sided primary)

[PWFO]  IS504_OOS5 window 193: IS[6734:10250]  OOS[10250:10285]

[FRACDIFF] Optimal d  : 0.8125
           ADF p-val  : 0.7871 %  (n=2324)
           Corr (raw) : 0.5777
[META]  logit_l2 {'C': 0.01}  calibration=sigmoid (cv Brier sigmoid=0.2527 isotonic=0.2723)
[META]  Trained on 619 events  (success rate=0.468)
[PRIM]  wavelet_trend: long share oof=0.530  test=1.000
[PRIM]  Warning: fold 194 test sides are 100.0% long (one-sided primary)

[PWFO]  IS504_OOS5 window 194: IS[6769:10285]  OOS[10285:10320]

[FRACDIFF] Optimal d  : 0.8203
           ADF p-val  : 0.7071 %  (n=2324)
           Corr (raw) : 0.5591
[META]  logit_l2 {'C': 0.01}  calibration=sigmoid (cv Brier sigmoid=0.2556 isotonic=0.2721)
[META]  Trained on 620 events  (success rate=0.471)
[PRIM]  wavelet_trend: long share oof=0.532  test=0.200

[PWFO]  IS504_OOS5 window 195: IS[6804:10320]  OOS[10320:10355]

[FRACDIFF] Optimal d  : 0.8281
           ADF p-val  : 0.5434 %  (n=2324)
           Corr (raw) : 0.5443
[META]  logit_l2 {'C': 0.01}  calibration=sigmoid (cv Brier sigmoid=0.2533 isotonic=0.2713)
[META]  Trained on 621 events  (success rate=0.470)
[PRIM]  wavelet_trend: long share oof=0.527  test=0.875

[PWFO]  IS504_OOS5 window 196: IS[6839:10355]  OOS[10355:10387]

[FRACDIFF] Optimal d  : 0.8203
           ADF p-val  : 0.7399 %  (n=2324)
           Corr (raw) : 0.5707
[META]  logit_l2 {'C': 0.01}  calibration=sigmoid (cv Brier sigmoid=0.2549 isotonic=0.2756)
[META]  Trained on 620 events  (success rate=0.471)
[PRIM]  wavelet_trend: long share oof=0.531  test=0.000
[PRIM]  Warning: fold 197 test sides are 0.0% long (one-sided primary)

[PWFO]  IS504_OOS5 window 197: IS[6871:10387]  OOS[10387:10422]

[FRACDIFF] Optimal d  : 0.8281
           ADF p-val  : 0.7150 %  (n=2327)
           Corr (raw) : 0.5541
[META]  logit_l2 {'C': 0.01}  calibration=sigmoid (cv Brier sigmoid=0.2522 isotonic=0.2810)
[META]  Trained on 622 events  (success rate=0.466)
[PRIM]  wavelet_trend: long share oof=0.524  test=0.500

[PWFO]  IS504_OOS5 window 198: IS[6906:10422]  OOS[10422:10457]

[FRACDIFF] Optimal d  : 0.8359
           ADF p-val  : 0.6486 %  (n=2327)
           Corr (raw) : 0.5413
[META]  logit_l2 {'C': 0.01}  calibration=sigmoid (cv Brier sigmoid=0.2523 isotonic=0.2818)
[META]  Trained on 626 events  (success rate=0.466)
[PRIM]  wavelet_trend: long share oof=0.524  test=0.200

[PWFO]  IS504_OOS5 window 199: IS[6941:10457]  OOS[10457:10492]

[FRACDIFF] Optimal d  : 0.8438
           ADF p-val  : 0.5707 %  (n=2327)
           Corr (raw) : 0.5280
[META]  logit_l2 {'C': 0.01}  calibration=sigmoid (cv Brier sigmoid=0.2528 isotonic=0.2828)
[META]  Trained on 625 events  (success rate=0.469)
[PRIM]  wavelet_trend: long share oof=0.522  test=0.571

[PWFO]  IS504_OOS5 window 200: IS[6976:10492]  OOS[10492:10527]

[FRACDIFF] Optimal d  : 0.8438
           ADF p-val  : 0.5309 %  (n=2327)
           Corr (raw) : 0.5348
[META]  logit_l2 {'C': 0.01}  calibration=sigmoid (cv Brier sigmoid=0.2515 isotonic=0.2635)
[META]  Trained on 630 events  (success rate=0.467)
[PRIM]  wavelet_trend: long share oof=0.517  test=1.000
[PRIM]  Warning: fold 201 test sides are 100.0% long (one-sided primary)

[PWFO]  IS504_OOS5 window 201: IS[7008:10527]  OOS[10527:10562]

[FRACDIFF] Optimal d  : 0.8516
           ADF p-val  : 0.4773 %  (n=2330)
           Corr (raw) : 0.5196
[META]  logit_l2 {'C': 0.01}  calibration=sigmoid (cv Brier sigmoid=0.2512 isotonic=0.2700)
[META]  Trained on 633 events  (success rate=0.466)
[PRIM]  wavelet_trend: long share oof=0.521  test=0.571

[PWFO]  IS504_OOS5 window 202: IS[7043:10562]  OOS[10562:10597]

[FRACDIFF] Optimal d  : 0.8516
           ADF p-val  : 0.5973 %  (n=2330)
           Corr (raw) : 0.5257
[META]  logit_l2 {'C': 0.01}  calibration=sigmoid (cv Brier sigmoid=0.2515 isotonic=0.2738)
[META]  Trained on 631 events  (success rate=0.468)
[PRIM]  wavelet_trend: long share oof=0.525  test=0.333

[PWFO]  IS504_OOS5 window 203: IS[7078:10597]  OOS[10597:10632]

[FRACDIFF] Optimal d  : 0.8438
           ADF p-val  : 0.7330 %  (n=2330)
           Corr (raw) : 0.5536
[META]  logit_l2 {'C': 0.01}  calibration=sigmoid (cv Brier sigmoid=0.2517 isotonic=0.2717)
[META]  Trained on 629 events  (success rate=0.469)
[PRIM]  wavelet_trend: long share oof=0.514  test=0.111

[PWFO]  IS504_OOS5 window 204: IS[7113:10632]  OOS[10632:10667]

[FRACDIFF] Optimal d  : 0.8516
           ADF p-val  : 0.4975 %  (n=2330)
           Corr (raw) : 0.5336
[META]  logit_l2 {'C': 0.01}  calibration=sigmoid (cv Brier sigmoid=0.2510 isotonic=0.2654)
[META]  Trained on 629 events  (success rate=0.466)
[PRIM]  wavelet_trend: long share oof=0.509  test=0.154

[PWFO]  IS504_OOS5 window 205: IS[7148:10667]  OOS[10667:10702]

[FRACDIFF] Optimal d  : 0.8516
           ADF p-val  : 0.6333 %  (n=2330)
           Corr (raw) : 0.5408
[META]  logit_l2 {'C': 0.01}  calibration=sigmoid (cv Brier sigmoid=0.2533 isotonic=0.2633)
[META]  Trained on 634 events  (success rate=0.468)
[PRIM]  wavelet_trend: long share oof=0.506  test=0.667

[PWFO]  IS504_OOS5 window 206: IS[7183:10702]  OOS[10702:10737]

[FRACDIFF] Optimal d  : 0.8594
           ADF p-val  : 0.4476 %  (n=2330)
           Corr (raw) : 0.5219
[META]  logit_l2 {'C': 0.01}  calibration=sigmoid (cv Brier sigmoid=0.2525 isotonic=0.2605)
[META]  Trained on 630 events  (success rate=0.465)
[PRIM]  wavelet_trend: long share oof=0.510  test=0.500

[PWFO]  IS504_OOS5 window 207: IS[7218:10737]  OOS[10737:10772]

[FRACDIFF] Optimal d  : 0.8594
           ADF p-val  : 0.5324 %  (n=2330)
           Corr (raw) : 0.5286
[META]  logit_l2 {'C': 0.01}  calibration=sigmoid (cv Brier sigmoid=0.2529 isotonic=0.2534)
[META]  Trained on 631 events  (success rate=0.468)
[PRIM]  wavelet_trend: long share oof=0.506  test=0.375

[PWFO]  IS504_OOS5 window 208: IS[7253:10772]  OOS[10772:10807]

[FRACDIFF] Optimal d  : 0.8281
           ADF p-val  : 2.0286 %  (n=2330)
           Corr (raw) : 0.6365
[META]  logit_l2 {'C': 0.01}  calibration=sigmoid (cv Brier sigmoid=0.2522 isotonic=0.2549)
[META]  Trained on 633 events  (success rate=0.466)
[PRIM]  wavelet_trend: long share oof=0.506  test=0.100

[PWFO]  IS504_OOS5 window 209: IS[7288:10807]  OOS[10807:10842]

[FRACDIFF] Optimal d  : 0.8516
           ADF p-val  : 1.5544 %  (n=2330)
           Corr (raw) : 0.5712
[META]  logit_l2 {'C': 0.01}  calibration=sigmoid (cv Brier sigmoid=0.2520 isotonic=0.2529)
[META]  Trained on 634 events  (success rate=0.462)
[PRIM]  wavelet_trend: long share oof=0.506  test=0.714

[PWFO]  IS504_OOS5 window 210: IS[7323:10842]  OOS[10842:10877]

[FRACDIFF] Optimal d  : 0.8203
           ADF p-val  : 1.3925 %  (n=2330)
           Corr (raw) : 0.6856
[META]  logit_l2 {'C': 0.01}  calibration=sigmoid (cv Brier sigmoid=0.2506 isotonic=0.2564)
[META]  Trained on 632 events  (success rate=0.467)
[PRIM]  wavelet_trend: long share oof=0.508  test=0.250

[PWFO]  IS504_OOS5 window 211: IS[7358:10877]  OOS[10877:10912]

[FRACDIFF] Optimal d  : 0.8281
           ADF p-val  : 1.3210 %  (n=2330)
           Corr (raw) : 0.6935
[META]  logit_l2 {'C': 0.01}  calibration=sigmoid (cv Brier sigmoid=0.2499 isotonic=0.2508)
[META]  Trained on 631 events  (success rate=0.471)
[PRIM]  wavelet_trend: long share oof=0.513  test=0.750

[PWFO]  IS504_OOS5 window 212: IS[7393:10912]  OOS[10912:10947]

[FRACDIFF] Optimal d  : 0.8438
           ADF p-val  : 0.9034 %  (n=2330)
           Corr (raw) : 0.6360
[META]  logit_l2 {'C': 0.01}  calibration=sigmoid (cv Brier sigmoid=0.2496 isotonic=0.2515)
[META]  Trained on 630 events  (success rate=0.471)
[PRIM]  wavelet_trend: long share oof=0.521  test=0.800

[PWFO]  IS504_OOS5 window 213: IS[7428:10947]  OOS[10947:10982]

[FRACDIFF] Optimal d  : 0.8359
           ADF p-val  : 0.4680 %  (n=2330)
           Corr (raw) : 0.6893
[META]  logit_l2 {'C': 0.01}  calibration=sigmoid (cv Brier sigmoid=0.2475 isotonic=0.2580)
[META]  Trained on 630 events  (success rate=0.475)
[PRIM]  wavelet_trend: long share oof=0.524  test=0.800

[PWFO]  IS504_OOS5 window 214: IS[7463:10982]  OOS[10982:11017]

[FRACDIFF] Optimal d  : 0.8594
           ADF p-val  : 0.4269 %  (n=2330)
           Corr (raw) : 0.6085
[META]  logit_l2 {'C': 0.01}  calibration=sigmoid (cv Brier sigmoid=0.2466 isotonic=0.2539)
[META]  Trained on 632 events  (success rate=0.475)
[PRIM]  wavelet_trend: long share oof=0.525  test=0.500

[PWFO]  IS504_OOS5 window 215: IS[7498:11017]  OOS[11017:11052]

[FRACDIFF] Optimal d  : 0.8672
           ADF p-val  : 0.1419 %  (n=2330)
           Corr (raw) : 0.5916
[META]  logit_l2 {'C': 0.01}  calibration=sigmoid (cv Brier sigmoid=0.2473 isotonic=0.2569)
[META]  Trained on 632 events  (success rate=0.472)
[PRIM]  wavelet_trend: long share oof=0.521  test=0.000
[PRIM]  Warning: fold 216 test sides are 0.0% long (one-sided primary)

[PWFO]  IS504_OOS5 window 216: IS[7533:11052]  OOS[11052:11087]

[FRACDIFF] Optimal d  : 0.8750
           ADF p-val  : 0.0947 %  (n=2330)
           Corr (raw) : 0.5627
[META]  logit_l2 {'C': 0.01}  calibration=sigmoid (cv Brier sigmoid=0.2461 isotonic=0.2601)
[META]  Trained on 634 events  (success rate=0.472)
[PRIM]  wavelet_trend: long share oof=0.516  test=0.333

[PWFO]  IS504_OOS5 window 217: IS[7568:11087]  OOS[11087:11122]

[FRACDIFF] Optimal d  : 0.8516
           ADF p-val  : 1.0046 %  (n=2330)
           Corr (raw) : 0.6515
[META]  logit_l2 {'C': 0.01}  calibration=sigmoid (cv Brier sigmoid=0.2458 isotonic=0.2791)
[META]  Trained on 637 events  (success rate=0.473)
[PRIM]  wavelet_trend: long share oof=0.513  test=0.182

[PWFO]  IS504_OOS5 window 218: IS[7603:11122]  OOS[11122:11157]

[FRACDIFF] Optimal d  : 0.8672
           ADF p-val  : 0.2339 %  (n=2330)
           Corr (raw) : 0.5976
[META]  logit_l2 {'C': 0.01}  calibration=sigmoid (cv Brier sigmoid=0.2459 isotonic=0.2930)
[META]  Trained on 642 events  (success rate=0.474)
[PRIM]  wavelet_trend: long share oof=0.508  test=0.500

[PWFO]  IS504_OOS5 window 219: IS[7638:11157]  OOS[11157:11192]

[FRACDIFF] Optimal d  : 0.8750
           ADF p-val  : 0.0624 %  (n=2330)
           Corr (raw) : 0.5668
[META]  logit_l2 {'C': 0.01}  calibration=sigmoid (cv Brier sigmoid=0.2474 isotonic=0.2848)
[META]  Trained on 649 events  (success rate=0.471)
[PRIM]  wavelet_trend: long share oof=0.505  test=0.333

[PWFO]  IS504_OOS5 window 220: IS[7673:11192]  OOS[11192:11227]

[FRACDIFF] Optimal d  : 0.8672
           ADF p-val  : 0.1915 %  (n=2330)
           Corr (raw) : 0.5954
[META]  logit_l2 {'C': 0.01}  calibration=sigmoid (cv Brier sigmoid=0.2458 isotonic=0.2919)
[META]  Trained on 647 events  (success rate=0.474)
[PRIM]  wavelet_trend: long share oof=0.505  test=0.250

[PWFO]  IS504_OOS5 window 221: IS[7708:11227]  OOS[11227:11262]

[FRACDIFF] Optimal d  : 0.8672
           ADF p-val  : 0.1671 %  (n=2330)
           Corr (raw) : 0.5879
[META]  logit_l2 {'C': 0.01}  calibration=sigmoid (cv Brier sigmoid=0.2482 isotonic=0.2931)
[META]  Trained on 652 events  (success rate=0.474)
[PRIM]  wavelet_trend: long share oof=0.502  test=0.800

[PWFO]  IS504_OOS5 window 222: IS[7743:11262]  OOS[11262:11297]

[FRACDIFF] Optimal d  : 0.8594
           ADF p-val  : 0.3569 %  (n=2330)
           Corr (raw) : 0.6145
[META]  logit_l2 {'C': 0.01}  calibration=sigmoid (cv Brier sigmoid=0.2468 isotonic=0.3019)
[META]  Trained on 653 events  (success rate=0.478)
[PRIM]  wavelet_trend: long share oof=0.501  test=0.556

[PWFO]  IS504_OOS5 window 223: IS[7778:11297]  OOS[11297:11332]

[FRACDIFF] Optimal d  : 0.8750
           ADF p-val  : 0.0223 %  (n=2330)
           Corr (raw) : 0.5520
[META]  logit_l2 {'C': 0.01}  calibration=sigmoid (cv Brier sigmoid=0.2485 isotonic=0.3067)
[META]  Trained on 656 events  (success rate=0.476)
[PRIM]  wavelet_trend: long share oof=0.497  test=0.000
[PRIM]  Warning: fold 224 test sides are 0.0% long (one-sided primary)

[PWFO]  IS504_OOS5 window 224: IS[7813:11332]  OOS[11332:11367]

[FRACDIFF] Optimal d  : 0.8594
           ADF p-val  : 0.2808 %  (n=2330)
           Corr (raw) : 0.6134
[META]  logit_l2 {'C': 0.01}  calibration=sigmoid (cv Brier sigmoid=0.2471 isotonic=0.3136)
[META]  Trained on 651 events  (success rate=0.481)
[PRIM]  wavelet_trend: long share oof=0.498  test=0.200

[PWFO]  IS504_OOS5 window 225: IS[7848:11367]  OOS[11367:11402]

[FRACDIFF] Optimal d  : 0.8672
           ADF p-val  : 0.0998 %  (n=2330)
           Corr (raw) : 0.5832
[META]  logit_l2 {'C': 0.01}  calibration=sigmoid (cv Brier sigmoid=0.2462 isotonic=0.2538)
[META]  Trained on 654 events  (success rate=0.482)
[PRIM]  wavelet_trend: long share oof=0.494  test=0.750

[PWFO]  IS504_OOS5 window 226: IS[7883:11402]  OOS[11402:11437]

[FRACDIFF] Optimal d  : 0.8672
           ADF p-val  : 0.2812 %  (n=2330)
           Corr (raw) : 0.5822
[META]  logit_l2 {'C': 0.01}  calibration=sigmoid (cv Brier sigmoid=0.2477 isotonic=0.2539)
[META]  Trained on 652 events  (success rate=0.482)
[PRIM]  wavelet_trend: long share oof=0.498  test=0.375

[PWFO]  IS504_OOS5 window 227: IS[7918:11437]  OOS[11437:11472]

[FRACDIFF] Optimal d  : 0.8750
           ADF p-val  : 0.0844 %  (n=2330)
           Corr (raw) : 0.5530
[META]  logit_l2 {'C': 0.01}  calibration=sigmoid (cv Brier sigmoid=0.2471 isotonic=0.2532)
[META]  Trained on 653 events  (success rate=0.484)
[PRIM]  wavelet_trend: long share oof=0.493  test=0.125

[PWFO]  IS504_OOS5 window 228: IS[7953:11472]  OOS[11472:11507]

[FRACDIFF] Optimal d  : 0.8750
           ADF p-val  : 0.1091 %  (n=2330)
           Corr (raw) : 0.5578
[META]  logit_l2 {'C': 0.01}  calibration=sigmoid (cv Brier sigmoid=0.2457 isotonic=0.2532)
[META]  Trained on 652 events  (success rate=0.486)
[PRIM]  wavelet_trend: long share oof=0.489  test=1.000
[PRIM]  Warning: fold 229 test sides are 100.0% long (one-sided primary)

[PWFO]  IS504_OOS5 window 229: IS[7988:11507]  OOS[11507:11542]

[FRACDIFF] Optimal d  : 0.8750
           ADF p-val  : 0.0174 %  (n=2330)
           Corr (raw) : 0.5592
[META]  logit_l2 {'C': 0.01}  calibration=sigmoid (cv Brier sigmoid=0.2453 isotonic=0.2613)
[META]  Trained on 655 events  (success rate=0.485)
[PRIM]  wavelet_trend: long share oof=0.489  test=0.833

[PWFO]  IS504_OOS5 window 230: IS[8023:11542]  OOS[11542:11577]

[FRACDIFF] Optimal d  : 0.8750
           ADF p-val  : 0.0210 %  (n=2330)
           Corr (raw) : 0.5541
[META]  logit_l2 {'C': 0.01}  calibration=sigmoid (cv Brier sigmoid=0.2454 isotonic=0.2814)
[META]  Trained on 655 events  (success rate=0.489)
[PRIM]  wavelet_trend: long share oof=0.495  test=0.714

[PWFO]  IS504_OOS5 window 231: IS[8058:11577]  OOS[11577:11612]

[FRACDIFF] Optimal d  : 0.8594
           ADF p-val  : 0.0446 %  (n=2327)
           Corr (raw) : 0.5997
[META]  logit_l2 {'C': 0.01}  calibration=sigmoid (cv Brier sigmoid=0.2453 isotonic=0.2577)
[META]  Trained on 658 events  (success rate=0.488)
[PRIM]  wavelet_trend: long share oof=0.495  test=0.714

[PWFO]  IS504_OOS5 window 232: IS[8093:11612]  OOS[11612:11647]

[FRACDIFF] Optimal d  : 0.8750
           ADF p-val  : 0.1478 %  (n=2327)
           Corr (raw) : 0.5402
[META]  logit_l2 {'C': 0.01}  calibration=sigmoid (cv Brier sigmoid=0.2449 isotonic=0.2766)
[META]  Trained on 658 events  (success rate=0.488)
[PRIM]  wavelet_trend: long share oof=0.492  test=0.750

[PWFO]  IS504_OOS5 window 233: IS[8128:11647]  OOS[11647:11682]

[FRACDIFF] Optimal d  : 0.8672
           ADF p-val  : 0.3212 %  (n=2327)
           Corr (raw) : 0.5652
[META]  logit_l2 {'C': 0.01}  calibration=sigmoid (cv Brier sigmoid=0.2445 isotonic=0.2749)
[META]  Trained on 661 events  (success rate=0.486)
[PRIM]  wavelet_trend: long share oof=0.498  test=0.200

[PWFO]  IS504_OOS5 window 234: IS[8163:11682]  OOS[11682:11717]

[FRACDIFF] Optimal d  : 0.8750
           ADF p-val  : 0.1051 %  (n=2327)
           Corr (raw) : 0.5306
[META]  logit_l2 {'C': 0.01}  calibration=sigmoid (cv Brier sigmoid=0.2445 isotonic=0.2529)
[META]  Trained on 663 events  (success rate=0.489)
[PRIM]  wavelet_trend: long share oof=0.492  test=0.125

[PWFO]  IS504_OOS5 window 235: IS[8198:11717]  OOS[11717:11752]

[FRACDIFF] Optimal d  : 0.8672
           ADF p-val  : 0.1383 %  (n=2327)
           Corr (raw) : 0.5672
[META]  logit_l2 {'C': 0.01}  calibration=sigmoid (cv Brier sigmoid=0.2444 isotonic=0.2759)
[META]  Trained on 661 events  (success rate=0.489)
[PRIM]  wavelet_trend: long share oof=0.483  test=0.556

[PWFO]  IS504_OOS5 window 236: IS[8233:11752]  OOS[11752:11787]

[FRACDIFF] Optimal d  : 0.8516
           ADF p-val  : 0.4835 %  (n=2327)
           Corr (raw) : 0.6214
[META]  logit_l2 {'C': 0.01}  calibration=sigmoid (cv Brier sigmoid=0.2480 isotonic=0.2544)
[META]  Trained on 660 events  (success rate=0.485)
[PRIM]  wavelet_trend: long share oof=0.485  test=0.286

[PWFO]  IS504_OOS5 window 237: IS[8268:11787]  OOS[11787:11822]

[FRACDIFF] Optimal d  : 0.8359
           ADF p-val  : 1.0830 %  (n=2327)
           Corr (raw) : 0.6671
[META]  logit_l2 {'C': 0.01}  calibration=sigmoid (cv Brier sigmoid=0.2457 isotonic=0.2705)
[META]  Trained on 662 events  (success rate=0.486)
[PRIM]  wavelet_trend: long share oof=0.485  test=0.143

[PWFO]  IS504_OOS5 window 238: IS[8303:11822]  OOS[11822:11857]

[FRACDIFF] Optimal d  : 0.8438
           ADF p-val  : 0.3618 %  (n=2327)
           Corr (raw) : 0.6199
[META]  logit_l2 {'C': 0.01}  calibration=sigmoid (cv Brier sigmoid=0.2469 isotonic=0.2546)
[META]  Trained on 662 events  (success rate=0.485)
[PRIM]  wavelet_trend: long share oof=0.483  test=0.375

[PWFO]  IS504_OOS5 window 239: IS[8338:11857]  OOS[11857:11892]

[FRACDIFF] Optimal d  : 0.8438
           ADF p-val  : 0.1562 %  (n=2327)
           Corr (raw) : 0.5962
[META]  logit_l2 {'C': 0.01}  calibration=sigmoid (cv Brier sigmoid=0.2462 isotonic=0.2535)
[META]  Trained on 663 events  (success rate=0.487)
[PRIM]  wavelet_trend: long share oof=0.481  test=0.625

[PWFO]  IS504_OOS5 window 240: IS[8373:11892]  OOS[11892:11927]

[FRACDIFF] Optimal d  : 0.8203
           ADF p-val  : 0.5623 %  (n=2327)
           Corr (raw) : 0.6668
[META]  logit_l2 {'C': 0.01}  calibration=sigmoid (cv Brier sigmoid=0.2448 isotonic=0.2520)
[META]  Trained on 665 events  (success rate=0.489)
[PRIM]  wavelet_trend: long share oof=0.480  test=0.444

[PWFO]  IS504_OOS5 window 241: IS[8408:11927]  OOS[11927:11962]

[FRACDIFF] Optimal d  : 0.8047
           ADF p-val  : 0.6393 %  (n=2327)
           Corr (raw) : 0.7022
[META]  logit_l2 {'C': 0.01}  calibration=sigmoid (cv Brier sigmoid=0.2445 isotonic=0.2558)
[META]  Trained on 668 events  (success rate=0.488)
[PRIM]  wavelet_trend: long share oof=0.473  test=0.714

[PWFO]  IS504_OOS5 window 242: IS[8443:11962]  OOS[11962:11997]

[FRACDIFF] Optimal d  : 0.7422
           ADF p-val  : 1.0799 %  (n=2327)
           Corr (raw) : 0.8254
[META]  logit_l2 {'C': 0.01}  calibration=sigmoid (cv Brier sigmoid=0.2460 isotonic=0.2531)
[META]  Trained on 667 events  (success rate=0.487)
[PRIM]  wavelet_trend: long share oof=0.481  test=0.714

[PWFO]  IS504_OOS5 window 243: IS[8478:11997]  OOS[11997:12032]

[FRACDIFF] Optimal d  : 0.8203
           ADF p-val  : 0.1622 %  (n=2327)
           Corr (raw) : 0.6132
[META]  logit_l2 {'C': 0.01}  calibration=sigmoid (cv Brier sigmoid=0.2471 isotonic=0.2528)
[META]  Trained on 668 events  (success rate=0.488)
[PRIM]  wavelet_trend: long share oof=0.487  test=0.375

[PWFO]  IS504_OOS5 window 244: IS[8513:12032]  OOS[12032:12067]

[FRACDIFF] Optimal d  : 0.7969
           ADF p-val  : 0.3098 %  (n=2327)
           Corr (raw) : 0.6771
[META]  logit_l2 {'C': 0.01}  calibration=sigmoid (cv Brier sigmoid=0.2474 isotonic=0.2555)
[META]  Trained on 669 events  (success rate=0.492)
[PRIM]  wavelet_trend: long share oof=0.487  test=0.875

[PWFO]  IS504_OOS5 window 245: IS[8548:12067]  OOS[12067:12102]

[FRACDIFF] Optimal d  : 0.7812
           ADF p-val  : 0.5224 %  (n=2327)
           Corr (raw) : 0.7057
[META]  logit_l2 {'C': 0.01}  calibration=sigmoid (cv Brier sigmoid=0.2506 isotonic=0.2566)
[META]  Trained on 675 events  (success rate=0.493)
[PRIM]  wavelet_trend: long share oof=0.487  test=0.600

[PWFO]  IS504_OOS5 window 246: IS[8583:12102]  OOS[12102:12134]

[FRACDIFF] Optimal d  : 0.7969
           ADF p-val  : 0.1648 %  (n=2327)
           Corr (raw) : 0.6499
[META]  logit_l2 {'C': 0.01}  calibration=sigmoid (cv Brier sigmoid=0.2499 isotonic=0.2529)
[META]  Trained on 676 events  (success rate=0.491)
[PRIM]  wavelet_trend: long share oof=0.490  test=0.750

[PWFO]  IS504_OOS5 window 247: IS[8618:12134]  OOS[12134:12169]

[FRACDIFF] Optimal d  : 0.7969
           ADF p-val  : 0.1721 %  (n=2327)
           Corr (raw) : 0.6408
[META]  logit_l2 {'C': 0.01}  calibration=sigmoid (cv Brier sigmoid=0.2502 isotonic=0.2525)
[META]  Trained on 676 events  (success rate=0.493)
[PRIM]  wavelet_trend: long share oof=0.488  test=0.500

[PWFO]  IS504_OOS5 window 248: IS[8650:12169]  OOS[12169:12204]

[FRACDIFF] Optimal d  : 0.7734
           ADF p-val  : 0.3274 %  (n=2330)
           Corr (raw) : 0.6967
[META]  logit_l2 {'C': 0.01}  calibration=sigmoid (cv Brier sigmoid=0.2505 isotonic=0.2720)
[META]  Trained on 678 events  (success rate=0.496)
[PRIM]  wavelet_trend: long share oof=0.488  test=0.400

[PWFO]  IS504_OOS5 window 249: IS[8685:12204]  OOS[12204:12239]

[FRACDIFF] Optimal d  : 0.7656
           ADF p-val  : 0.3819 %  (n=2330)
           Corr (raw) : 0.7007
[META]  logit_l2 {'C': 0.01}  calibration=sigmoid (cv Brier sigmoid=0.2500 isotonic=0.2548)
[META]  Trained on 677 events  (success rate=0.493)
[PRIM]  wavelet_trend: long share oof=0.484  test=0.571

[PWFO]  IS504_OOS5 window 250: IS[8720:12239]  OOS[12239:12274]

[FRACDIFF] Optimal d  : 0.7656
           ADF p-val  : 0.2308 %  (n=2330)
           Corr (raw) : 0.6883
[META]  logit_l2 {'C': 0.01}  calibration=sigmoid (cv Brier sigmoid=0.2487 isotonic=0.2898)
[META]  Trained on 676 events  (success rate=0.497)
[PRIM]  wavelet_trend: long share oof=0.487  test=0.500

[PWFO]  IS504_OOS5 window 251: IS[8752:12274]  OOS[12274:12309]

[FRACDIFF] Optimal d  : 0.7422
           ADF p-val  : 0.4571 %  (n=2333)
           Corr (raw) : 0.7276
[META]  logit_l2 {'C': 0.01}  calibration=sigmoid (cv Brier sigmoid=0.2495 isotonic=0.2529)
[META]  Trained on 676 events  (success rate=0.499)
[PRIM]  wavelet_trend: long share oof=0.488  test=0.429

[PWFO]  IS504_OOS5 window 252: IS[8787:12309]  OOS[12309:12344]

[FRACDIFF] Optimal d  : 0.7422
           ADF p-val  : 0.4173 %  (n=2333)
           Corr (raw) : 0.7116
[META]  logit_l2 {'C': 0.01}  calibration=sigmoid (cv Brier sigmoid=0.2491 isotonic=0.2527)
[META]  Trained on 675 events  (success rate=0.498)
[PRIM]  wavelet_trend: long share oof=0.486  test=0.857

[PWFO]  IS504_OOS5 window 253: IS[8822:12344]  OOS[12344:12379]

[FRACDIFF] Optimal d  : 0.7500
           ADF p-val  : 0.1539 %  (n=2333)
           Corr (raw) : 0.6780
[META]  logit_l2 {'C': 0.01}  calibration=sigmoid (cv Brier sigmoid=0.2495 isotonic=0.2542)
[META]  Trained on 677 events  (success rate=0.501)
[PRIM]  wavelet_trend: long share oof=0.484  test=0.429

[PWFO]  IS504_OOS5 window 254: IS[8857:12379]  OOS[12379:12414]

[FRACDIFF] Optimal d  : 0.6953
           ADF p-val  : 1.2480 %  (n=2333)
           Corr (raw) : 0.7772
[META]  logit_l2 {'C': 0.01}  calibration=sigmoid (cv Brier sigmoid=0.2488 isotonic=0.2539)
[META]  Trained on 677 events  (success rate=0.507)
[PRIM]  wavelet_trend: long share oof=0.487  test=0.667

[PWFO]  IS504_OOS5 window 255: IS[8892:12414]  OOS[12414:12449]

[FRACDIFF] Optimal d  : 0.7188
           ADF p-val  : 0.4265 %  (n=2333)
           Corr (raw) : 0.7240
[META]  logit_l2 {'C': 0.01}  calibration=sigmoid (cv Brier sigmoid=0.2499 isotonic=0.2529)
[META]  Trained on 678 events  (success rate=0.509)
[PRIM]  wavelet_trend: long share oof=0.485  test=0.714

[PWFO]  IS504_OOS5 window 256: IS[8927:12449]  OOS[12449:12484]

[FRACDIFF] Optimal d  : 0.7109
           ADF p-val  : 0.3487 %  (n=2333)
           Corr (raw) : 0.7274
[META]  logit_l2 {'C': 0.01}  calibration=sigmoid (cv Brier sigmoid=0.2500 isotonic=0.2532)
[META]  Trained on 677 events  (success rate=0.508)
[PRIM]  wavelet_trend: long share oof=0.493  test=0.286

[PWFO]  IS504_OOS5 window 257: IS[8962:12484]  OOS[12484:12519]

[FRACDIFF] Optimal d  : 0.6875
           ADF p-val  : 0.5667 %  (n=2333)
           Corr (raw) : 0.7634
[META]  logit_l2 {'C': 0.01}  calibration=sigmoid (cv Brier sigmoid=0.2498 isotonic=0.2517)
[META]  Trained on 679 events  (success rate=0.507)
[PRIM]  wavelet_trend: long share oof=0.490  test=0.750

[PWFO]  IS504_OOS5 window 258: IS[8997:12519]  OOS[12519:12554]

[FRACDIFF] Optimal d  : 0.7188
           ADF p-val  : 0.1349 %  (n=2333)
           Corr (raw) : 0.7004
[META]  logit_l2 {'C': 0.01}  calibration=sigmoid (cv Brier sigmoid=0.2501 isotonic=0.2517)
[META]  Trained on 683 events  (success rate=0.510)
[PRIM]  wavelet_trend: long share oof=0.492  test=0.000
[PRIM]  Warning: fold 259 test sides are 0.0% long (one-sided primary)

[PWFO]  IS504_OOS5 window 259: IS[9032:12554]  OOS[12554:12589]

[FRACDIFF] Optimal d  : 0.6875
           ADF p-val  : 0.5132 %  (n=2333)
           Corr (raw) : 0.7577
[META]  logit_l2 {'C': 0.01}  calibration=sigmoid (cv Brier sigmoid=0.2500 isotonic=0.2544)
[META]  Trained on 682 events  (success rate=0.513)
[PRIM]  wavelet_trend: long share oof=0.488  test=0.500

[PWFO]  IS504_OOS5 window 260: IS[9067:12589]  OOS[12589:12624]

[FRACDIFF] Optimal d  : 0.7344
           ADF p-val  : 0.1002 %  (n=2333)
           Corr (raw) : 0.6575
[META]  logit_l2 {'C': 0.01}  calibration=sigmoid (cv Brier sigmoid=0.2507 isotonic=0.2510)
[META]  Trained on 678 events  (success rate=0.510)
[PRIM]  wavelet_trend: long share oof=0.490  test=0.300

[PWFO]  IS504_OOS5 window 261: IS[9102:12624]  OOS[12624:12659]

[FRACDIFF] Optimal d  : 0.7031
           ADF p-val  : 0.2581 %  (n=2333)
           Corr (raw) : 0.7246
[META]  logit_l2 {'C': 0.01}  calibration=sigmoid (cv Brier sigmoid=0.2505 isotonic=0.2529)
[META]  Trained on 677 events  (success rate=0.514)
[PRIM]  wavelet_trend: long share oof=0.492  test=0.333

[PWFO]  IS504_OOS5 window 262: IS[9137:12659]  OOS[12659:12694]

[FRACDIFF] Optimal d  : 0.6875
           ADF p-val  : 0.4270 %  (n=2333)
           Corr (raw) : 0.7531
[META]  logit_l2 {'C': 0.01}  calibration=sigmoid (cv Brier sigmoid=0.2512 isotonic=0.2550)
[META]  Trained on 683 events  (success rate=0.512)
[PRIM]  wavelet_trend: long share oof=0.485  test=0.667

[PWFO]  IS504_OOS5 window 263: IS[9172:12694]  OOS[12694:12729]

[FRACDIFF] Optimal d  : 0.7031
           ADF p-val  : 0.2490 %  (n=2333)
           Corr (raw) : 0.7186
[META]  logit_l2 {'C': 0.01}  calibration=sigmoid (cv Brier sigmoid=0.2513 isotonic=0.2549)
[META]  Trained on 683 events  (success rate=0.511)
[PRIM]  wavelet_trend: long share oof=0.489  test=0.833

[PWFO]  IS504_OOS5 window 264: IS[9207:12729]  OOS[12729:12764]

[FRACDIFF] Optimal d  : 0.6875
           ADF p-val  : 0.3486 %  (n=2333)
           Corr (raw) : 0.7445
[META]  logit_l2 {'C': 0.01}  calibration=sigmoid (cv Brier sigmoid=0.2509 isotonic=0.2574)
[META]  Trained on 681 events  (success rate=0.510)
[PRIM]  wavelet_trend: long share oof=0.488  test=0.400

[PWFO]  IS504_OOS5 window 265: IS[9242:12764]  OOS[12764:12799]

[FRACDIFF] Optimal d  : 0.6953
           ADF p-val  : 0.2735 %  (n=2333)
           Corr (raw) : 0.7280
[META]  logit_l2 {'C': 0.01}  calibration=sigmoid (cv Brier sigmoid=0.2507 isotonic=0.2567)
[META]  Trained on 683 events  (success rate=0.507)
[PRIM]  wavelet_trend: long share oof=0.486  test=0.875

[PWFO]  IS504_OOS5 window 266: IS[9277:12799]  OOS[12799:12834]

[FRACDIFF] Optimal d  : 0.6875
           ADF p-val  : 0.3263 %  (n=2333)
           Corr (raw) : 0.7395
[META]  logit_l2 {'C': 0.01}  calibration=sigmoid (cv Brier sigmoid=0.2509 isotonic=0.2570)
[META]  Trained on 688 events  (success rate=0.504)
[PRIM]  wavelet_trend: long share oof=0.487  test=0.167

[PWFO]  IS504_OOS5 window 267: IS[9312:12834]  OOS[12834:12869]

[FRACDIFF] Optimal d  : 0.6875
           ADF p-val  : 0.3213 %  (n=2333)
           Corr (raw) : 0.7377
[META]  logit_l2 {'C': 0.01}  calibration=sigmoid (cv Brier sigmoid=0.2506 isotonic=0.2589)
[META]  Trained on 685 events  (success rate=0.507)
[PRIM]  wavelet_trend: long share oof=0.486  test=0.333

[PWFO]  IS504_OOS5 window 268: IS[9347:12869]  OOS[12869:12904]

[FRACDIFF] Optimal d  : 0.6953
           ADF p-val  : 0.2476 %  (n=2333)
           Corr (raw) : 0.7215
[META]  logit_l2 {'C': 0.01}  calibration=sigmoid (cv Brier sigmoid=0.2511 isotonic=0.2532)
[META]  Trained on 689 events  (success rate=0.509)
[PRIM]  wavelet_trend: long share oof=0.479  test=0.000
[PRIM]  Warning: fold 269 test sides are 0.0% long (one-sided primary)

[PWFO]  IS504_OOS5 window 269: IS[9382:12904]  OOS[12904:12939]

[FRACDIFF] Optimal d  : 0.7031
           ADF p-val  : 0.2229 %  (n=2333)
           Corr (raw) : 0.7102
[META]  logit_l2 {'C': 0.01}  calibration=sigmoid (cv Brier sigmoid=0.2511 isotonic=0.2547)
[META]  Trained on 689 events  (success rate=0.512)
[PRIM]  wavelet_trend: long share oof=0.475  test=0.500

[PWFO]  IS504_OOS5 window 270: IS[9417:12939]  OOS[12939:12974]

[FRACDIFF] Optimal d  : 0.6875
           ADF p-val  : 0.3356 %  (n=2333)
           Corr (raw) : 0.7384
[META]  logit_l2 {'C': 0.01}  calibration=sigmoid (cv Brier sigmoid=0.2507 isotonic=0.2526)
[META]  Trained on 686 events  (success rate=0.510)
[PRIM]  wavelet_trend: long share oof=0.477  test=1.000
[PRIM]  Warning: fold 271 test sides are 100.0% long (one-sided primary)

[PWFO]  IS504_OOS5 window 271: IS[9452:12974]  OOS[12974:13009]

[FRACDIFF] Optimal d  : 0.7031
           ADF p-val  : 0.2876 %  (n=2333)
           Corr (raw) : 0.7129
[META]  logit_l2 {'C': 0.01}  calibration=sigmoid (cv Brier sigmoid=0.2503 isotonic=0.2521)
[META]  Trained on 687 events  (success rate=0.515)
[PRIM]  wavelet_trend: long share oof=0.483  test=0.250

[PWFO]  IS504_OOS5 window 272: IS[9487:13009]  OOS[13009:13044]

[FRACDIFF] Optimal d  : 0.7422
           ADF p-val  : 0.1323 %  (n=2333)
           Corr (raw) : 0.6443
[META]  logit_l2 {'C': 0.01}  calibration=sigmoid (cv Brier sigmoid=0.2507 isotonic=0.2533)
[META]  Trained on 693 events  (success rate=0.517)
[PRIM]  wavelet_trend: long share oof=0.479  test=0.875

[PWFO]  IS504_OOS5 window 273: IS[9522:13044]  OOS[13044:13079]

[FRACDIFF] Optimal d  : 0.7344
           ADF p-val  : 0.1898 %  (n=2333)
           Corr (raw) : 0.6695
[META]  logit_l2 {'C': 0.01}  calibration=sigmoid (cv Brier sigmoid=0.2508 isotonic=0.2571)
[META]  Trained on 696 events  (success rate=0.519)
[PRIM]  wavelet_trend: long share oof=0.484  test=0.857

[PWFO]  IS504_OOS5 window 274: IS[9557:13079]  OOS[13079:13114]

[FRACDIFF] Optimal d  : 0.7500
           ADF p-val  : 0.1231 %  (n=2333)
           Corr (raw) : 0.6420
[META]  logit_l2 {'C': 0.01}  calibration=sigmoid (cv Brier sigmoid=0.2510 isotonic=0.2697)
[META]  Trained on 699 events  (success rate=0.519)
[PRIM]  wavelet_trend: long share oof=0.485  test=0.800

[PWFO]  IS504_OOS5 window 275: IS[9592:13114]  OOS[13114:13149]

[FRACDIFF] Optimal d  : 0.7422
           ADF p-val  : 0.1556 %  (n=2333)
           Corr (raw) : 0.6653
[META]  logit_l2 {'C': 0.01}  calibration=sigmoid (cv Brier sigmoid=0.2517 isotonic=0.2615)
[META]  Trained on 701 events  (success rate=0.519)
[PRIM]  wavelet_trend: long share oof=0.495  test=0.200

[PWFO]  IS504_OOS5 window 276: IS[9627:13149]  OOS[13149:13181]

[FRACDIFF] Optimal d  : 0.7344
           ADF p-val  : 0.2304 %  (n=2333)
           Corr (raw) : 0.6854
[META]  logit_l2 {'C': 0.01}  calibration=sigmoid (cv Brier sigmoid=0.2516 isotonic=0.2632)
[META]  Trained on 702 events  (success rate=0.523)
[PRIM]  wavelet_trend: long share oof=0.490  test=0.500

[PWFO]  IS504_OOS5 window 277: IS[9662:13181]  OOS[13181:13216]

[FRACDIFF] Optimal d  : 0.7344
           ADF p-val  : 0.2414 %  (n=2333)
           Corr (raw) : 0.6865
[META]  logit_l2 {'C': 0.01}  calibration=sigmoid (cv Brier sigmoid=0.2517 isotonic=0.2687)
[META]  Trained on 701 events  (success rate=0.522)
[PRIM]  wavelet_trend: long share oof=0.489  test=0.714

[PWFO]  IS504_OOS5 window 278: IS[9697:13216]  OOS[13216:13251]

[FRACDIFF] Optimal d  : 0.7344
           ADF p-val  : 0.2457 %  (n=2333)
           Corr (raw) : 0.6895
[META]  logit_l2 {'C': 0.01}  calibration=sigmoid (cv Brier sigmoid=0.2508 isotonic=0.2569)
[META]  Trained on 699 events  (success rate=0.521)
[PRIM]  wavelet_trend: long share oof=0.485  test=0.833

[PWFO]  IS504_OOS5 window 279: IS[9732:13251]  OOS[13251:13286]

[FRACDIFF] Optimal d  : 0.7266
           ADF p-val  : 0.2953 %  (n=2333)
           Corr (raw) : 0.7025
[META]  logit_l2 {'C': 0.01}  calibration=sigmoid (cv Brier sigmoid=0.2515 isotonic=0.2590)
[META]  Trained on 700 events  (success rate=0.520)
[PRIM]  wavelet_trend: long share oof=0.491  test=0.625

[PWFO]  IS504_OOS5 window 280: IS[9767:13286]  OOS[13286:13321]

[FRACDIFF] Optimal d  : 0.7266
           ADF p-val  : 0.3293 %  (n=2333)
           Corr (raw) : 0.7028
[META]  logit_l2 {'C': 0.01}  calibration=sigmoid (cv Brier sigmoid=0.2518 isotonic=0.2588)
[META]  Trained on 702 events  (success rate=0.519)
[PRIM]  wavelet_trend: long share oof=0.491  test=0.333

[PWFO]  IS504_OOS5 window 281: IS[9802:13321]  OOS[13321:13356]

[FRACDIFF] Optimal d  : 0.7266
           ADF p-val  : 0.3342 %  (n=2330)
           Corr (raw) : 0.7031
[META]  logit_l2 {'C': 0.01}  calibration=sigmoid (cv Brier sigmoid=0.2514 isotonic=0.2582)
[META]  Trained on 703 events  (success rate=0.522)
[PRIM]  wavelet_trend: long share oof=0.491  test=0.333

[PWFO]  IS504_OOS5 window 282: IS[9837:13356]  OOS[13356:13391]

[FRACDIFF] Optimal d  : 0.7266
           ADF p-val  : 0.2846 %  (n=2330)
           Corr (raw) : 0.7008
[META]  logit_l2 {'C': 0.01}  calibration=sigmoid (cv Brier sigmoid=0.2508 isotonic=0.2604)
[META]  Trained on 708 events  (success rate=0.523)
[PRIM]  wavelet_trend: long share oof=0.483  test=0.143

[PWFO]  IS504_OOS5 window 283: IS[9872:13391]  OOS[13391:13426]

[FRACDIFF] Optimal d  : 0.7109
           ADF p-val  : 0.4194 %  (n=2330)
           Corr (raw) : 0.7309
[META]  logit_l2 {'C': 0.01}  calibration=sigmoid (cv Brier sigmoid=0.2510 isotonic=0.2629)
[META]  Trained on 709 events  (success rate=0.522)
[PRIM]  wavelet_trend: long share oof=0.478  test=0.571

[PWFO]  IS504_OOS5 window 284: IS[9907:13426]  OOS[13426:13461]

[FRACDIFF] Optimal d  : 0.7266
           ADF p-val  : 0.2239 %  (n=2330)
           Corr (raw) : 0.7004
[META]  logit_l2 {'C': 0.01}  calibration=sigmoid (cv Brier sigmoid=0.2513 isotonic=0.2577)
[META]  Trained on 707 events  (success rate=0.518)
[PRIM]  wavelet_trend: long share oof=0.481  test=0.500

[PWFO]  IS504_OOS5 window 285: IS[9942:13461]  OOS[13461:13496]

[FRACDIFF] Optimal d  : 0.7266
           ADF p-val  : 0.2973 %  (n=2330)
           Corr (raw) : 0.7005
[META]  logit_l2 {'C': 0.01}  calibration=sigmoid (cv Brier sigmoid=0.2506 isotonic=0.2552)
[META]  Trained on 711 events  (success rate=0.518)
[PRIM]  wavelet_trend: long share oof=0.481  test=0.286

[PWFO]  IS504_OOS5 window 286: IS[9977:13496]  OOS[13496:13531]

[FRACDIFF] Optimal d  : 0.7266
           ADF p-val  : 0.3012 %  (n=2330)
           Corr (raw) : 0.6999
[META]  logit_l2 {'C': 0.01}  calibration=sigmoid (cv Brier sigmoid=0.2504 isotonic=0.2566)
[META]  Trained on 711 events  (success rate=0.519)
[PRIM]  wavelet_trend: long share oof=0.480  test=0.625

[PWFO]  IS504_OOS5 window 287: IS[10012:13531]  OOS[13531:13566]

[FRACDIFF] Optimal d  : 0.7188
           ADF p-val  : 0.3925 %  (n=2330)
           Corr (raw) : 0.7139
[META]  logit_l2 {'C': 0.01}  calibration=sigmoid (cv Brier sigmoid=0.2504 isotonic=0.2557)
[META]  Trained on 708 events  (success rate=0.514)
[PRIM]  wavelet_trend: long share oof=0.487  test=0.125

[PWFO]  IS504_OOS5 window 288: IS[10047:13566]  OOS[13566:13601]

[FRACDIFF] Optimal d  : 0.7188
           ADF p-val  : 0.4363 %  (n=2330)
           Corr (raw) : 0.7153
[META]  logit_l2 {'C': 0.01}  calibration=sigmoid (cv Brier sigmoid=0.2515 isotonic=0.2530)
[META]  Trained on 706 events  (success rate=0.516)
[PRIM]  wavelet_trend: long share oof=0.487  test=0.250

[PWFO]  IS504_OOS5 window 289: IS[10082:13601]  OOS[13601:13636]

[FRACDIFF] Optimal d  : 0.7188
           ADF p-val  : 0.3760 %  (n=2330)
           Corr (raw) : 0.7145
[META]  logit_l2 {'C': 0.01}  calibration=sigmoid (cv Brier sigmoid=0.2518 isotonic=0.2537)
[META]  Trained on 711 events  (success rate=0.516)
[PRIM]  wavelet_trend: long share oof=0.482  test=0.556

[PWFO]  IS504_OOS5 window 290: IS[10117:13636]  OOS[13636:13671]

[FRACDIFF] Optimal d  : 0.7188
           ADF p-val  : 0.3962 %  (n=2330)
           Corr (raw) : 0.7149
[META]  logit_l2 {'C': 0.01}  calibration=sigmoid (cv Brier sigmoid=0.2514 isotonic=0.2594)
[META]  Trained on 712 events  (success rate=0.514)
[PRIM]  wavelet_trend: long share oof=0.486  test=0.571

[PWFO]  IS504_OOS5 window 291: IS[10152:13671]  OOS[13671:13706]

[FRACDIFF] Optimal d  : 0.7031
           ADF p-val  : 0.5805 %  (n=2330)
           Corr (raw) : 0.7447
[META]  logit_l2 {'C': 0.01}  calibration=sigmoid (cv Brier sigmoid=0.2515 isotonic=0.2612)
[META]  Trained on 713 events  (success rate=0.513)
[PRIM]  wavelet_trend: long share oof=0.489  test=0.500

[PWFO]  IS504_OOS5 window 292: IS[10187:13706]  OOS[13706:13741]

[FRACDIFF] Optimal d  : 0.7031
           ADF p-val  : 0.4375 %  (n=2330)
           Corr (raw) : 0.7412
[META]  logit_l2 {'C': 0.01}  calibration=sigmoid (cv Brier sigmoid=0.2516 isotonic=0.2568)
[META]  Trained on 719 events  (success rate=0.515)
[PRIM]  wavelet_trend: long share oof=0.487  test=0.000
[PRIM]  Warning: fold 293 test sides are 0.0% long (one-sided primary)

[PWFO]  IS504_OOS5 window 293: IS[10222:13741]  OOS[13741:13776]

[FRACDIFF] Optimal d  : 0.6875
           ADF p-val  : 0.6880 %  (n=2330)
           Corr (raw) : 0.7654
[META]  logit_l2 {'C': 0.01}  calibration=sigmoid (cv Brier sigmoid=0.2515 isotonic=0.2561)
[META]  Trained on 722 events  (success rate=0.519)
[PRIM]  wavelet_trend: long share oof=0.476  test=0.857

[PWFO]  IS504_OOS5 window 294: IS[10257:13776]  OOS[13776:13811]

[FRACDIFF] Optimal d  : 0.6719
           ADF p-val  : 0.8221 %  (n=2330)
           Corr (raw) : 0.7864
[META]  logit_l2 {'C': 0.01}  calibration=sigmoid (cv Brier sigmoid=0.2512 isotonic=0.2548)
[META]  Trained on 725 events  (success rate=0.519)
[PRIM]  wavelet_trend: long share oof=0.476  test=0.600

[PWFO]  IS504_OOS5 window 295: IS[10292:13811]  OOS[13811:13846]

[FRACDIFF] Optimal d  : 0.6719
           ADF p-val  : 0.7700 %  (n=2330)
           Corr (raw) : 0.7808
[META]  logit_l2 {'C': 0.01}  calibration=sigmoid (cv Brier sigmoid=0.2505 isotonic=0.2526)
[META]  Trained on 723 events  (success rate=0.519)
[PRIM]  wavelet_trend: long share oof=0.473  test=0.800

[PWFO]  IS504_OOS5 window 296: IS[10327:13846]  OOS[13846:13878]

[FRACDIFF] Optimal d  : 0.5625
           ADF p-val  : 4.5701 %  (n=2330)
           Corr (raw) : 0.9037
[META]  logit_l2 {'C': 0.01}  calibration=sigmoid (cv Brier sigmoid=0.2502 isotonic=0.2547)
[META]  Trained on 723 events  (success rate=0.517)
[PRIM]  wavelet_trend: long share oof=0.477  test=1.000
[PRIM]  Warning: fold 297 test sides are 100.0% long (one-sided primary)

[PWFO]  IS504_OOS5 window 297: IS[10362:13878]  OOS[13878:13913]

[FRACDIFF] Optimal d  : 0.5547
           ADF p-val  : 4.7658 %  (n=2330)
           Corr (raw) : 0.9064
[META]  logit_l2 {'C': 0.01}  calibration=sigmoid (cv Brier sigmoid=0.2502 isotonic=0.2532)
[META]  Trained on 721 events  (success rate=0.520)
[PRIM]  wavelet_trend: long share oof=0.477  test=0.714

[PWFO]  IS504_OOS5 window 298: IS[10394:13913]  OOS[13913:13948]

[FRACDIFF] Optimal d  : 0.5234
           ADF p-val  : 4.8088 %  (n=2333)
           Corr (raw) : 0.9266
[META]  logit_l2 {'C': 0.01}  calibration=sigmoid (cv Brier sigmoid=0.2503 isotonic=0.2539)
[META]  Trained on 718 events  (success rate=0.515)
[PRIM]  wavelet_trend: long share oof=0.483  test=0.833

[PWFO]  IS504_OOS5 window 299: IS[10429:13948]  OOS[13948:13983]

[FRACDIFF] Optimal d  : 0.5312
           ADF p-val  : 4.8062 %  (n=2333)
           Corr (raw) : 0.9186
[META]  logit_l2 {'C': 0.01}  calibration=sigmoid (cv Brier sigmoid=0.2506 isotonic=0.2535)
[META]  Trained on 719 events  (success rate=0.517)
[PRIM]  wavelet_trend: long share oof=0.485  test=1.000
[PRIM]  Warning: fold 300 test sides are 100.0% long (one-sided primary)

[PWFO]  IS504_OOS5 window 300: IS[10464:13983]  OOS[13983:14018]

[FRACDIFF] Optimal d  : 0.5078
           ADF p-val  : 4.8321 %  (n=2333)
           Corr (raw) : 0.9305
[META]  logit_l2 {'C': 0.01}  calibration=sigmoid (cv Brier sigmoid=0.2511 isotonic=0.2567)
[META]  Trained on 719 events  (success rate=0.517)
[PRIM]  wavelet_trend: long share oof=0.491  test=0.500

[PWFO]  IS504_OOS5 window 301: IS[10499:14018]  OOS[14018:14053]

[FRACDIFF] Optimal d  : 0.0547
           ADF p-val  : 4.9724 %  (n=2333)
           Corr (raw) : 0.9998
[META]  logit_l2 {'C': 0.01}  calibration=sigmoid (cv Brier sigmoid=0.2518 isotonic=0.2605)
[META]  Trained on 720 events  (success rate=0.518)
[PRIM]  wavelet_trend: long share oof=0.490  test=0.000
[PRIM]  Warning: fold 302 test sides are 0.0% long (one-sided primary)

[PWFO]  IS504_OOS5 window 302: IS[10534:14053]  OOS[14053:14088]

[FRACDIFF] Optimal d  : 0.0000
           ADF p-val  : 4.3897 %  (n=2333)
           Corr (raw) : 1.0000
[META]  logit_l2 {'C': 0.01}  calibration=sigmoid (cv Brier sigmoid=0.2519 isotonic=0.2599)
[META]  Trained on 721 events  (success rate=0.519)
[PRIM]  wavelet_trend: long share oof=0.485  test=0.556

[PWFO]  IS504_OOS5 window 303: IS[10569:14088]  OOS[14088:14123]

[FRACDIFF] Optimal d  : 0.0625
           ADF p-val  : 4.7894 %  (n=2333)
           Corr (raw) : 0.9997
[META]  logit_l2 {'C': 0.01}  calibration=sigmoid (cv Brier sigmoid=0.2514 isotonic=0.2577)
[META]  Trained on 722 events  (success rate=0.524)
[PRIM]  wavelet_trend: long share oof=0.485  test=0.400

[PWFO]  IS504_OOS5 window 304: IS[10604:14123]  OOS[14123:14158]

[FRACDIFF] Optimal d  : 0.0547
           ADF p-val  : 4.9962 %  (n=2333)
           Corr (raw) : 0.9998
[META]  logit_l2 {'C': 0.01}  calibration=sigmoid (cv Brier sigmoid=0.2516 isotonic=0.2582)
[META]  Trained on 725 events  (success rate=0.523)
[PRIM]  wavelet_trend: long share oof=0.486  test=1.000
[PRIM]  Warning: fold 305 test sides are 100.0% long (one-sided primary)

[PWFO]  IS504_OOS5 window 305: IS[10639:14158]  OOS[14158:14193]

[FRACDIFF] Optimal d  : 0.2500
           ADF p-val  : 4.8437 %  (n=2333)
           Corr (raw) : 0.9917
[META]  logit_l2 {'C': 0.01}  calibration=sigmoid (cv Brier sigmoid=0.2509 isotonic=0.2533)
[META]  Trained on 722 events  (success rate=0.519)
[PRIM]  wavelet_trend: long share oof=0.497  test=0.286

[PWFO]  IS504_OOS5 window 306: IS[10674:14193]  OOS[14193:14228]

[FRACDIFF] Optimal d  : 0.1016
           ADF p-val  : 5.0843 %  (n=2333)
           Corr (raw) : 0.9991
[META]  logit_l2 {'C': 0.01}  calibration=sigmoid (cv Brier sigmoid=0.2511 isotonic=0.2576)
[META]  Trained on 717 events  (success rate=0.524)
[PRIM]  wavelet_trend: long share oof=0.502  test=0.833

[PWFO]  IS504_OOS5 window 307: IS[10709:14228]  OOS[14228:14263]

[FRACDIFF] Optimal d  : 0.1328
           ADF p-val  : 4.6903 %  (n=2333)
           Corr (raw) : 0.9983
[META]  logit_l2 {'C': 0.01}  calibration=sigmoid (cv Brier sigmoid=0.2503 isotonic=0.2540)
[META]  Trained on 721 events  (success rate=0.520)
[PRIM]  wavelet_trend: long share oof=0.502  test=0.625

[PWFO]  IS504_OOS5 window 308: IS[10744:14263]  OOS[14263:14298]

[FRACDIFF] Optimal d  : 0.5156
           ADF p-val  : 4.7158 %  (n=2333)
           Corr (raw) : 0.9021
[META]  logit_l2 {'C': 0.01}  calibration=sigmoid (cv Brier sigmoid=0.2502 isotonic=0.2543)
[META]  Trained on 721 events  (success rate=0.516)
[PRIM]  wavelet_trend: long share oof=0.503  test=0.600

[PWFO]  IS504_OOS5 window 309: IS[10779:14298]  OOS[14298:14333]

[FRACDIFF] Optimal d  : 0.5234
           ADF p-val  : 4.8765 %  (n=2333)
           Corr (raw) : 0.8991
[META]  logit_l2 {'C': 0.01}  calibration=sigmoid (cv Brier sigmoid=0.2508 isotonic=0.2540)
[META]  Trained on 719 events  (success rate=0.515)
[PRIM]  wavelet_trend: long share oof=0.506  test=1.000
[PRIM]  Warning: fold 310 test sides are 100.0% long (one-sided primary)

[PWFO]  IS504_OOS5 window 310: IS[10814:14333]  OOS[14333:14368]

[FRACDIFF] Optimal d  : 0.5469
           ADF p-val  : 4.9654 %  (n=2333)
           Corr (raw) : 0.8843
[META]  logit_l2 {'C': 0.01}  calibration=sigmoid (cv Brier sigmoid=0.2505 isotonic=0.2579)
[META]  Trained on 710 events  (success rate=0.513)
[PRIM]  wavelet_trend: long share oof=0.510  test=0.556

[PWFO]  IS504_OOS5 window 311: IS[10849:14368]  OOS[14368:14403]

[FRACDIFF] Optimal d  : 0.5703
           ADF p-val  : 4.6460 %  (n=2330)
           Corr (raw) : 0.8683
[META]  logit_l2 {'C': 0.01}  calibration=sigmoid (cv Brier sigmoid=0.2499 isotonic=0.2540)
[META]  Trained on 712 events  (success rate=0.510)
[PRIM]  wavelet_trend: long share oof=0.511  test=0.500

[PWFO]  IS504_OOS5 window 312: IS[10884:14403]  OOS[14403:14438]

[FRACDIFF] Optimal d  : 0.5703
           ADF p-val  : 4.8471 %  (n=2330)
           Corr (raw) : 0.8761
[META]  logit_l2 {'C': 0.01}  calibration=sigmoid (cv Brier sigmoid=0.2501 isotonic=0.2508)
[META]  Trained on 713 events  (success rate=0.504)
[PRIM]  wavelet_trend: long share oof=0.516  test=1.000
[PRIM]  Warning: fold 313 test sides are 100.0% long (one-sided primary)

[PWFO]  IS504_OOS5 window 313: IS[10919:14438]  OOS[14438:14473]

[FRACDIFF] Optimal d  : 0.5781
           ADF p-val  : 4.3622 %  (n=2330)
           Corr (raw) : 0.8736
[META]  logit_l2 {'C': 0.01}  calibration=sigmoid (cv Brier sigmoid=0.2496 isotonic=0.2523)
[META]  Trained on 711 events  (success rate=0.502)
[PRIM]  wavelet_trend: long share oof=0.515  test=0.667

[PWFO]  IS504_OOS5 window 314: IS[10954:14473]  OOS[14473:14508]

[FRACDIFF] Optimal d  : 0.6016
           ADF p-val  : 4.7782 %  (n=2330)
           Corr (raw) : 0.8517
[META]  logit_l2 {'C': 0.01}  calibration=sigmoid (cv Brier sigmoid=0.2494 isotonic=0.2502)
[META]  Trained on 710 events  (success rate=0.497)
[PRIM]  wavelet_trend: long share oof=0.514  test=0.286

[PWFO]  IS504_OOS5 window 315: IS[10989:14508]  OOS[14508:14543]

[FRACDIFF] Optimal d  : 0.5859
           ADF p-val  : 4.7676 %  (n=2330)
           Corr (raw) : 0.8712
[META]  logit_l2 {'C': 0.01}  calibration=sigmoid (cv Brier sigmoid=0.2498 isotonic=0.2518)
[META]  Trained on 713 events  (success rate=0.495)
[PRIM]  wavelet_trend: long share oof=0.512  test=0.222

[PWFO]  IS504_OOS5 window 316: IS[11024:14543]  OOS[14543:14578]

[FRACDIFF] Optimal d  : 0.6094
           ADF p-val  : 4.4751 %  (n=2330)
           Corr (raw) : 0.8491
[META]  logit_l2 {'C': 0.01}  calibration=sigmoid (cv Brier sigmoid=0.2493 isotonic=0.2524)
[META]  Trained on 714 events  (success rate=0.499)
[PRIM]  wavelet_trend: long share oof=0.510  test=0.000
[PRIM]  Warning: fold 317 test sides are 0.0% long (one-sided primary)

[PWFO]  IS504_OOS5 window 317: IS[11059:14578]  OOS[14578:14613]

[FRACDIFF] Optimal d  : 0.6172
           ADF p-val  : 4.4791 %  (n=2330)
           Corr (raw) : 0.8402
[META]  logit_l2 {'C': 0.01}  calibration=sigmoid (cv Brier sigmoid=0.2503 isotonic=0.2526)
[META]  Trained on 716 events  (success rate=0.503)
[PRIM]  wavelet_trend: long share oof=0.508  test=0.500

[PWFO]  IS504_OOS5 window 318: IS[11094:14613]  OOS[14613:14648]

[FRACDIFF] Optimal d  : 0.6328
           ADF p-val  : 4.2053 %  (n=2330)
           Corr (raw) : 0.8287
[META]  logit_l2 {'C': 0.01}  calibration=sigmoid (cv Brier sigmoid=0.2493 isotonic=0.2544)
[META]  Trained on 712 events  (success rate=0.504)
[PRIM]  wavelet_trend: long share oof=0.510  test=0.500

[PWFO]  IS504_OOS5 window 319: IS[11129:14648]  OOS[14648:14683]

[FRACDIFF] Optimal d  : 0.6641
           ADF p-val  : 4.4456 %  (n=2330)
           Corr (raw) : 0.7980
[META]  logit_l2 {'C': 0.01}  calibration=sigmoid (cv Brier sigmoid=0.2488 isotonic=0.2538)
[META]  Trained on 707 events  (success rate=0.504)
[PRIM]  wavelet_trend: long share oof=0.513  test=1.000
[PRIM]  Warning: fold 320 test sides are 100.0% long (one-sided primary)

[PWFO]  IS504_OOS5 window 320: IS[11164:14683]  OOS[14683:14718]

[FRACDIFF] Optimal d  : 0.6719
           ADF p-val  : 4.6458 %  (n=2330)
           Corr (raw) : 0.7945
[META]  logit_l2 {'C': 0.01}  calibration=sigmoid (cv Brier sigmoid=0.2493 isotonic=0.2554)
[META]  Trained on 703 events  (success rate=0.504)
[PRIM]  wavelet_trend: long share oof=0.516  test=0.857

[PWFO]  IS504_OOS5 window 321: IS[11199:14718]  OOS[14718:14753]

[FRACDIFF] Optimal d  : 0.6797
           ADF p-val  : 4.2757 %  (n=2330)
           Corr (raw) : 0.7914
[META]  logit_l2 {'C': 0.01}  calibration=sigmoid (cv Brier sigmoid=0.2508 isotonic=0.2547)
[META]  Trained on 703 events  (success rate=0.501)
[PRIM]  wavelet_trend: long share oof=0.519  test=0.000
[PRIM]  Warning: fold 322 test sides are 0.0% long (one-sided primary)

[PWFO]  IS504_OOS5 window 322: IS[11234:14753]  OOS[14753:14788]

[FRACDIFF] Optimal d  : 0.6797
           ADF p-val  : 4.6455 %  (n=2330)
           Corr (raw) : 0.7960
[META]  logit_l2 {'C': 0.01}  calibration=sigmoid (cv Brier sigmoid=0.2512 isotonic=0.2548)
[META]  Trained on 699 events  (success rate=0.499)
[PRIM]  wavelet_trend: long share oof=0.521  test=0.429

[PWFO]  IS504_OOS5 window 323: IS[11269:14788]  OOS[14788:14823]

[FRACDIFF] Optimal d  : 0.6797
           ADF p-val  : 4.7687 %  (n=2330)
           Corr (raw) : 0.7989
[META]  logit_l2 {'C': 0.01}  calibration=sigmoid (cv Brier sigmoid=0.2511 isotonic=0.2512)
[META]  Trained on 700 events  (success rate=0.496)
[PRIM]  wavelet_trend: long share oof=0.517  test=0.857

[PWFO]  IS504_OOS5 window 324: IS[11304:14823]  OOS[14823:14858]

[FRACDIFF] Optimal d  : 0.7031
           ADF p-val  : 2.3305 %  (n=2330)
           Corr (raw) : 0.7637
[META]  logit_l2 {'C': 0.01}  calibration=sigmoid (cv Brier sigmoid=0.2506 isotonic=0.2522)
[META]  Trained on 698 events  (success rate=0.493)
[PRIM]  wavelet_trend: long share oof=0.521  test=1.000
[PRIM]  Warning: fold 325 test sides are 100.0% long (one-sided primary)

[PWFO]  IS504_OOS5 window 325: IS[11339:14858]  OOS[14858:14893]

[FRACDIFF] Optimal d  : 0.7500
           ADF p-val  : 0.1619 %  (n=2330)
           Corr (raw) : 0.6691
[META]  logit_l2 {'C': 0.01}  calibration=sigmoid (cv Brier sigmoid=0.2506 isotonic=0.2587)
[META]  Trained on 698 events  (success rate=0.493)
[PRIM]  wavelet_trend: long share oof=0.529  test=0.333

[PWFO]  IS504_OOS5 window 326: IS[11374:14893]  OOS[14893:14925]

[FRACDIFF] Optimal d  : 0.7109
           ADF p-val  : 0.7672 %  (n=2330)
           Corr (raw) : 0.7547
[META]  logit_l2 {'C': 0.01}  calibration=sigmoid (cv Brier sigmoid=0.2504 isotonic=0.2543)
[META]  Trained on 701 events  (success rate=0.492)
[PRIM]  wavelet_trend: long share oof=0.529  test=0.875

[PWFO]  IS504_OOS5 window 327: IS[11409:14925]  OOS[14925:14960]

[FRACDIFF] Optimal d  : 0.7266
           ADF p-val  : 0.5471 %  (n=2330)
           Corr (raw) : 0.7195
[META]  logit_l2 {'C': 0.01}  calibration=sigmoid (cv Brier sigmoid=0.2513 isotonic=0.2573)
[META]  Trained on 701 events  (success rate=0.491)
[PRIM]  wavelet_trend: long share oof=0.532  test=1.000
[PRIM]  Warning: fold 328 test sides are 100.0% long (one-sided primary)

[PWFO]  IS504_OOS5 window 328: IS[11444:14960]  OOS[14960:14995]

[FRACDIFF] Optimal d  : 0.7422
           ADF p-val  : 0.2044 %  (n=2330)
           Corr (raw) : 0.6883
[META]  logit_l2 {'C': 0.01}  calibration=sigmoid (cv Brier sigmoid=0.2499 isotonic=0.2574)
[META]  Trained on 701 events  (success rate=0.495)
[PRIM]  wavelet_trend: long share oof=0.536  test=0.700

[PWFO]  IS504_OOS5 window 329: IS[11479:14995]  OOS[14995:15030]

[FRACDIFF] Optimal d  : 0.7031
           ADF p-val  : 2.8843 %  (n=2330)
           Corr (raw) : 0.7712
[META]  logit_l2 {'C': 0.01}  calibration=sigmoid (cv Brier sigmoid=0.2503 isotonic=0.2534)
[META]  Trained on 703 events  (success rate=0.495)
[PRIM]  wavelet_trend: long share oof=0.546  test=0.143

[PWFO]  IS504_OOS5 window 330: IS[11514:15030]  OOS[15030:15065]

[FRACDIFF] Optimal d  : 0.7266
           ADF p-val  : 1.6138 %  (n=2330)
           Corr (raw) : 0.7333
[META]  logit_l2 {'C': 0.01}  calibration=sigmoid (cv Brier sigmoid=0.2507 isotonic=0.2541)
[META]  Trained on 702 events  (success rate=0.496)
[PRIM]  wavelet_trend: long share oof=0.537  test=0.833

[PWFO]  IS504_OOS5 window 331: IS[11549:15065]  OOS[15065:15100]

[FRACDIFF] Optimal d  : 0.7344
           ADF p-val  : 1.3032 %  (n=2327)
           Corr (raw) : 0.7275
[META]  logit_l2 {'C': 0.01}  calibration=sigmoid (cv Brier sigmoid=0.2507 isotonic=0.2533)
[META]  Trained on 701 events  (success rate=0.492)
[PRIM]  wavelet_trend: long share oof=0.534  test=0.222

[PWFO]  IS504_OOS5 window 332: IS[11584:15100]  OOS[15100:15135]

[FRACDIFF] Optimal d  : 0.7422
           ADF p-val  : 1.1568 %  (n=2327)
           Corr (raw) : 0.7188
[META]  logit_l2 {'C': 0.01}  calibration=sigmoid (cv Brier sigmoid=0.2504 isotonic=0.2516)
[META]  Trained on 705 events  (success rate=0.494)
[PRIM]  wavelet_trend: long share oof=0.529  test=1.000
[PRIM]  Warning: fold 333 test sides are 100.0% long (one-sided primary)

[PWFO]  IS504_OOS5 window 333: IS[11619:15135]  OOS[15135:15170]

[FRACDIFF] Optimal d  : 0.7812
           ADF p-val  : 0.2249 %  (n=2327)
           Corr (raw) : 0.6390
[META]  logit_l2 {'C': 0.01}  calibration=sigmoid (cv Brier sigmoid=0.2507 isotonic=0.2539)
[META]  Trained on 700 events  (success rate=0.496)
[PRIM]  wavelet_trend: long share oof=0.529  test=0.750

[PWFO]  IS504_OOS5 window 334: IS[11654:15170]  OOS[15170:15205]

[FRACDIFF] Optimal d  : 0.7969
           ADF p-val  : 0.1891 %  (n=2327)
           Corr (raw) : 0.6159
[META]  logit_l2 {'C': 0.01}  calibration=sigmoid (cv Brier sigmoid=0.2508 isotonic=0.2537)
[META]  Trained on 697 events  (success rate=0.496)
[PRIM]  wavelet_trend: long share oof=0.531  test=0.375

[PWFO]  IS504_OOS5 window 335: IS[11689:15205]  OOS[15205:15240]

[FRACDIFF] Optimal d  : 0.7969
           ADF p-val  : 0.2484 %  (n=2327)
           Corr (raw) : 0.6269
[META]  logit_l2 {'C': 0.01}  calibration=sigmoid (cv Brier sigmoid=0.2505 isotonic=0.2567)
[META]  Trained on 697 events  (success rate=0.492)
[PRIM]  wavelet_trend: long share oof=0.531  test=0.125

[PWFO]  IS504_OOS5 window 336: IS[11724:15240]  OOS[15240:15275]

[FRACDIFF] Optimal d  : 0.7969
           ADF p-val  : 0.2339 %  (n=2327)
           Corr (raw) : 0.6317
[META]  logit_l2 {'C': 0.01}  calibration=sigmoid (cv Brier sigmoid=0.2507 isotonic=0.2626)
[META]  Trained on 698 events  (success rate=0.494)
[PRIM]  wavelet_trend: long share oof=0.532  test=0.600

[PWFO]  IS504_OOS5 window 337: IS[11759:15275]  OOS[15275:15310]

[FRACDIFF] Optimal d  : 0.8125
           ADF p-val  : 0.1113 %  (n=2327)
           Corr (raw) : 0.6054
[META]  logit_l2 {'C': 0.01}  calibration=sigmoid (cv Brier sigmoid=0.2504 isotonic=0.2684)
[META]  Trained on 701 events  (success rate=0.498)
[PRIM]  wavelet_trend: long share oof=0.529  test=1.000
[PRIM]  Warning: fold 338 test sides are 100.0% long (one-sided primary)

[PWFO]  IS504_OOS5 window 338: IS[11794:15310]  OOS[15310:15345]

[FRACDIFF] Optimal d  : 0.7969
           ADF p-val  : 0.3453 %  (n=2327)
           Corr (raw) : 0.6570
[META]  logit_l2 {'C': 0.01}  calibration=sigmoid (cv Brier sigmoid=0.2503 isotonic=0.2685)
[META]  Trained on 699 events  (success rate=0.496)
[PRIM]  wavelet_trend: long share oof=0.536  test=1.000
[PRIM]  Warning: fold 339 test sides are 100.0% long (one-sided primary)

[PWFO]  IS504_OOS5 window 339: IS[11829:15345]  OOS[15345:15380]

[FRACDIFF] Optimal d  : 0.8047
           ADF p-val  : 0.1032 %  (n=2327)
           Corr (raw) : 0.6406
[META]  logit_l2 {'C': 0.01}  calibration=sigmoid (cv Brier sigmoid=0.2499 isotonic=0.2650)
[META]  Trained on 695 events  (success rate=0.498)
[PRIM]  wavelet_trend: long share oof=0.542  test=0.200

[PWFO]  IS504_OOS5 window 340: IS[11864:15380]  OOS[15380:15415]

[FRACDIFF] Optimal d  : 0.8047
           ADF p-val  : 0.6666 %  (n=2327)
           Corr (raw) : 0.6559
[META]  logit_l2 {'C': 0.01}  calibration=sigmoid (cv Brier sigmoid=0.2490 isotonic=0.2630)
[META]  Trained on 692 events  (success rate=0.499)
[PRIM]  wavelet_trend: long share oof=0.542  test=1.000
[PRIM]  Warning: fold 341 test sides are 100.0% long (one-sided primary)

[PWFO]  IS504_OOS5 window 341: IS[11899:15415]  OOS[15415:15450]

[FRACDIFF] Optimal d  : 0.8281
           ADF p-val  : 0.5599 %  (n=2327)
           Corr (raw) : 0.5924
[META]  logit_l2 {'C': 0.01}  calibration=sigmoid (cv Brier sigmoid=0.2488 isotonic=0.2627)
[META]  Trained on 690 events  (success rate=0.499)
[PRIM]  wavelet_trend: long share oof=0.545  test=0.667

[PWFO]  IS504_OOS5 window 342: IS[11934:15450]  OOS[15450:15485]

[FRACDIFF] Optimal d  : 0.8281
           ADF p-val  : 0.5716 %  (n=2327)
           Corr (raw) : 0.6040
[META]  logit_l2 {'C': 0.01}  calibration=sigmoid (cv Brier sigmoid=0.2491 isotonic=0.2621)
[META]  Trained on 687 events  (success rate=0.499)
[PRIM]  wavelet_trend: long share oof=0.546  test=0.222

[PWFO]  IS504_OOS5 window 343: IS[11969:15485]  OOS[15485:15520]

[FRACDIFF] Optimal d  : 0.8359
           ADF p-val  : 0.3685 %  (n=2327)
           Corr (raw) : 0.5919
[META]  logit_l2 {'C': 0.01}  calibration=sigmoid (cv Brier sigmoid=0.2476 isotonic=0.2591)
[META]  Trained on 688 events  (success rate=0.500)
[PRIM]  wavelet_trend: long share oof=0.539  test=0.333

[PWFO]  IS504_OOS5 window 344: IS[12004:15520]  OOS[15520:15555]

[FRACDIFF] Optimal d  : 0.8438
           ADF p-val  : 0.2726 %  (n=2327)
           Corr (raw) : 0.5786
[META]  logit_l2 {'C': 0.01}  calibration=sigmoid (cv Brier sigmoid=0.2488 isotonic=0.2568)
[META]  Trained on 687 events  (success rate=0.498)
[PRIM]  wavelet_trend: long share oof=0.539  test=1.000
[PRIM]  Warning: fold 345 test sides are 100.0% long (one-sided primary)

[PWFO]  IS504_OOS5 window 345: IS[12039:15555]  OOS[15555:15590]

[FRACDIFF] Optimal d  : 0.8516
           ADF p-val  : 0.2356 %  (n=2327)
           Corr (raw) : 0.5628
[META]  logit_l2 {'C': 0.01}  calibration=sigmoid (cv Brier sigmoid=0.2482 isotonic=0.2588)
[META]  Trained on 684 events  (success rate=0.503)
[PRIM]  wavelet_trend: long share oof=0.541  test=0.000
[PRIM]  Warning: fold 346 test sides are 0.0% long (one-sided primary)

[PWFO]  IS504_OOS5 window 346: IS[12074:15590]  OOS[15590:15625]

[FRACDIFF] Optimal d  : 0.8594
           ADF p-val  : 0.1116 %  (n=2327)
           Corr (raw) : 0.5616
[META]  logit_l2 {'C': 0.01}  calibration=sigmoid (cv Brier sigmoid=0.2486 isotonic=0.2599)
[META]  Trained on 680 events  (success rate=0.504)
[PRIM]  wavelet_trend: long share oof=0.535  test=0.714

[PWFO]  IS504_OOS5 window 347: IS[12109:15625]  OOS[15625:15657]

[FRACDIFF] Optimal d  : 0.8672
           ADF p-val  : 0.0662 %  (n=2327)
           Corr (raw) : 0.5479
[META]  logit_l2 {'C': 0.01}  calibration=sigmoid (cv Brier sigmoid=0.2475 isotonic=0.2582)
[META]  Trained on 684 events  (success rate=0.507)
[PRIM]  wavelet_trend: long share oof=0.535  test=1.000
[PRIM]  Warning: fold 348 test sides are 100.0% long (one-sided primary)

[PWFO]  IS504_OOS5 window 348: IS[12141:15657]  OOS[15657:15692]

[FRACDIFF] Optimal d  : 0.8672
           ADF p-val  : 0.1081 %  (n=2330)
           Corr (raw) : 0.5600
[META]  logit_l2 {'C': 0.01}  calibration=sigmoid (cv Brier sigmoid=0.2481 isotonic=0.2588)
[META]  Trained on 685 events  (success rate=0.508)
[PRIM]  wavelet_trend: long share oof=0.539  test=0.750

[PWFO]  IS504_OOS5 window 349: IS[12176:15692]  OOS[15692:15727]

[FRACDIFF] Optimal d  : 0.8828
           ADF p-val  : 0.0139 %  (n=2330)
           Corr (raw) : 0.5039
[META]  logit_l2 {'C': 0.01}  calibration=sigmoid (cv Brier sigmoid=0.2495 isotonic=0.2593)
[META]  Trained on 682 events  (success rate=0.509)
[PRIM]  wavelet_trend: long share oof=0.543  test=0.375

[PWFO]  IS504_OOS5 window 350: IS[12211:15727]  OOS[15727:15762]

[FRACDIFF] Optimal d  : 0.8672
           ADF p-val  : 0.0843 %  (n=2330)
           Corr (raw) : 0.5620
[META]  logit_l2 {'C': 0.01}  calibration=sigmoid (cv Brier sigmoid=0.2504 isotonic=0.2630)
[META]  Trained on 685 events  (success rate=0.504)
[PRIM]  wavelet_trend: long share oof=0.539  test=0.250

[PWFO]  IS504_OOS5 window 351: IS[12246:15762]  OOS[15762:15794]

[FRACDIFF] Optimal d  : 0.8672
           ADF p-val  : 0.1967 %  (n=2330)
           Corr (raw) : 0.5607
[META]  logit_l2 {'C': 0.01}  calibration=sigmoid (cv Brier sigmoid=0.2514 isotonic=0.2642)
[META]  Trained on 688 events  (success rate=0.506)
[PRIM]  wavelet_trend: long share oof=0.535  test=0.500

[PWFO]  IS504_OOS5 window 352: IS[12281:15794]  OOS[15794:15829]

[FRACDIFF] Optimal d  : 0.8672
           ADF p-val  : 0.0638 %  (n=2330)
           Corr (raw) : 0.5572
[META]  logit_l2 {'C': 0.01}  calibration=sigmoid (cv Brier sigmoid=0.2509 isotonic=0.2674)
[META]  Trained on 689 events  (success rate=0.507)
[PRIM]  wavelet_trend: long share oof=0.537  test=0.500

[PWFO]  IS504_OOS5 window 353: IS[12316:15829]  OOS[15829:15864]

[FRACDIFF] Optimal d  : 0.8828
           ADF p-val  : 0.0280 %  (n=2330)
           Corr (raw) : 0.5046
[META]  logit_l2 {'C': 0.01}  calibration=sigmoid (cv Brier sigmoid=0.2504 isotonic=0.2575)
[META]  Trained on 690 events  (success rate=0.501)
[PRIM]  wavelet_trend: long share oof=0.538  test=0.200

[PWFO]  IS504_OOS5 window 354: IS[12351:15864]  OOS[15864:15899]

[FRACDIFF] Optimal d  : 0.8828
           ADF p-val  : 0.0260 %  (n=2330)
           Corr (raw) : 0.5121
[META]  logit_l2 {'C': 0.01}  calibration=sigmoid (cv Brier sigmoid=0.2498 isotonic=0.2610)
[META]  Trained on 689 events  (success rate=0.501)
[PRIM]  wavelet_trend: long share oof=0.530  test=1.000
[PRIM]  Warning: fold 355 test sides are 100.0% long (one-sided primary)

[PWFO]  IS504_OOS5 window 355: IS[12386:15899]  OOS[15899:15934]

[FRACDIFF] Optimal d  : 0.8828
           ADF p-val  : 0.0802 %  (n=2330)
           Corr (raw) : 0.5225
[META]  logit_l2 {'C': 0.01}  calibration=sigmoid (cv Brier sigmoid=0.2495 isotonic=0.2548)
[META]  Trained on 684 events  (success rate=0.497)
[PRIM]  wavelet_trend: long share oof=0.534  test=0.625

[PWFO]  IS504_OOS5 window 356: IS[12421:15934]  OOS[15934:15969]

[FRACDIFF] Optimal d  : 0.8828
           ADF p-val  : 0.1032 %  (n=2330)
           Corr (raw) : 0.5247
[META]  logit_l2 {'C': 0.01}  calibration=sigmoid (cv Brier sigmoid=0.2504 isotonic=0.2579)
[META]  Trained on 683 events  (success rate=0.496)
[PRIM]  wavelet_trend: long share oof=0.531  test=0.400

[PWFO]  IS504_OOS5 window 357: IS[12456:15969]  OOS[15969:16004]

[FRACDIFF] Optimal d  : 0.8906
           ADF p-val  : 0.0615 %  (n=2330)
           Corr (raw) : 0.5033
[META]  logit_l2 {'C': 0.01}  calibration=sigmoid (cv Brier sigmoid=0.2500 isotonic=0.2553)
[META]  Trained on 681 events  (success rate=0.495)
[PRIM]  wavelet_trend: long share oof=0.530  test=0.800

[PWFO]  IS504_OOS5 window 358: IS[12491:16004]  OOS[16004:16039]

[FRACDIFF] Optimal d  : 0.8906
           ADF p-val  : 0.0561 %  (n=2330)
           Corr (raw) : 0.5112
[META]  logit_l2 {'C': 0.01}  calibration=sigmoid (cv Brier sigmoid=0.2491 isotonic=0.2585)
[META]  Trained on 682 events  (success rate=0.496)
[PRIM]  wavelet_trend: long share oof=0.535  test=0.143

[PWFO]  IS504_OOS5 window 359: IS[12526:16039]  OOS[16039:16074]

[FRACDIFF] Optimal d  : 0.8906
           ADF p-val  : 0.0625 %  (n=2330)
           Corr (raw) : 0.5175
[META]  logit_l2 {'C': 0.01}  calibration=sigmoid (cv Brier sigmoid=0.2491 isotonic=0.2566)
[META]  Trained on 677 events  (success rate=0.492)
[PRIM]  wavelet_trend: long share oof=0.532  test=0.000
[PRIM]  Warning: fold 360 test sides are 0.0% long (one-sided primary)

[PWFO]  IS504_OOS5 window 360: IS[12561:16074]  OOS[16074:16109]

[FRACDIFF] Optimal d  : 0.8906
           ADF p-val  : 0.1381 %  (n=2330)
           Corr (raw) : 0.5224
[META]  logit_l2 {'C': 0.01}  calibration=sigmoid (cv Brier sigmoid=0.2497 isotonic=0.2537)
[META]  Trained on 680 events  (success rate=0.494)
[PRIM]  wavelet_trend: long share oof=0.528  test=0.000
[PRIM]  Warning: fold 361 test sides are 0.0% long (one-sided primary)

[PWFO]  IS504_OOS5 window 361: IS[12596:16109]  OOS[16109:16144]

[FRACDIFF] Optimal d  : 0.8906
           ADF p-val  : 0.1013 %  (n=2327)
           Corr (raw) : 0.5314
[META]  logit_l2 {'C': 0.01}  calibration=sigmoid (cv Brier sigmoid=0.2498 isotonic=0.2531)
[META]  Trained on 684 events  (success rate=0.491)
[PRIM]  wavelet_trend: long share oof=0.519  test=0.250

[PWFO]  IS504_OOS5 window 362: IS[12631:16144]  OOS[16144:16179]

[FRACDIFF] Optimal d  : 0.8984
           ADF p-val  : 0.0474 %  (n=2327)
           Corr (raw) : 0.5051
[META]  logit_l2 {'C': 0.01}  calibration=sigmoid (cv Brier sigmoid=0.2493 isotonic=0.2517)
[META]  Trained on 682 events  (success rate=0.493)
[PRIM]  wavelet_trend: long share oof=0.521  test=1.000
[PRIM]  Warning: fold 363 test sides are 100.0% long (one-sided primary)

[PWFO]  IS504_OOS5 window 363: IS[12666:16179]  OOS[16179:16214]

[FRACDIFF] Optimal d  : 0.8906
           ADF p-val  : 0.0610 %  (n=2327)
           Corr (raw) : 0.5401
[META]  logit_l2 {'C': 0.01}  calibration=sigmoid (cv Brier sigmoid=0.2496 isotonic=0.2555)
[META]  Trained on 681 events  (success rate=0.495)
[PRIM]  wavelet_trend: long share oof=0.524  test=0.143

[PWFO]  IS504_OOS5 window 364: IS[12701:16214]  OOS[16214:16249]

[FRACDIFF] Optimal d  : 0.8984
           ADF p-val  : 0.0067 %  (n=2327)
           Corr (raw) : 0.4988
[META]  logit_l2 {'C': 0.01}  calibration=sigmoid (cv Brier sigmoid=0.2498 isotonic=0.2575)
[META]  Trained on 680 events  (success rate=0.496)
[PRIM]  wavelet_trend: long share oof=0.524  test=0.182

[PWFO]  IS504_OOS5 window 365: IS[12736:16249]  OOS[16249:16284]

[FRACDIFF] Optimal d  : 0.8906
           ADF p-val  : 0.0369 %  (n=2327)
           Corr (raw) : 0.5192
[META]  logit_l2 {'C': 0.01}  calibration=sigmoid (cv Brier sigmoid=0.2507 isotonic=0.2570)
[META]  Trained on 687 events  (success rate=0.492)
[PRIM]  wavelet_trend: long share oof=0.514  test=0.556

[PWFO]  IS504_OOS5 window 366: IS[12771:16284]  OOS[16284:16319]

[FRACDIFF] Optimal d  : 0.8828
           ADF p-val  : 0.0279 %  (n=2327)
           Corr (raw) : 0.5257
[META]  logit_l2 {'C': 0.01}  calibration=sigmoid (cv Brier sigmoid=0.2522 isotonic=0.2632)
[META]  Trained on 692 events  (success rate=0.497)
[PRIM]  wavelet_trend: long share oof=0.513  test=0.200

[PWFO]  IS504_OOS5 window 367: IS[12806:16319]  OOS[16319:16354]

[FRACDIFF] Optimal d  : 0.8828
           ADF p-val  : 0.0390 %  (n=2327)
           Corr (raw) : 0.5312
[META]  logit_l2 {'C': 0.01}  calibration=sigmoid (cv Brier sigmoid=0.2514 isotonic=0.2593)
[META]  Trained on 689 events  (success rate=0.499)
[PRIM]  wavelet_trend: long share oof=0.507  test=1.000
[PRIM]  Warning: fold 368 test sides are 100.0% long (one-sided primary)

[PWFO]  IS504_OOS5 window 368: IS[12841:16354]  OOS[16354:16389]

[FRACDIFF] Optimal d  : 0.8906
           ADF p-val  : 0.0185 %  (n=2327)
           Corr (raw) : 0.4999
[META]  logit_l2 {'C': 0.01}  calibration=sigmoid (cv Brier sigmoid=0.2510 isotonic=0.2568)
[META]  Trained on 685 events  (success rate=0.501)
[PRIM]  wavelet_trend: long share oof=0.514  test=0.500

[PWFO]  IS504_OOS5 window 369: IS[12876:16389]  OOS[16389:16424]

[FRACDIFF] Optimal d  : 0.8984
           ADF p-val  : 0.0103 %  (n=2327)
           Corr (raw) : 0.4663
[META]  logit_l2 {'C': 0.01}  calibration=sigmoid (cv Brier sigmoid=0.2507 isotonic=0.2560)
[META]  Trained on 678 events  (success rate=0.499)
[PRIM]  wavelet_trend: long share oof=0.518  test=0.800

[PWFO]  IS504_OOS5 window 370: IS[12911:16424]  OOS[16424:16459]

[FRACDIFF] Optimal d  : 0.8828
           ADF p-val  : 0.0524 %  (n=2327)
           Corr (raw) : 0.5227
[META]  logit_l2 {'C': 0.01}  calibration=sigmoid (cv Brier sigmoid=0.2509 isotonic=0.2606)
[META]  Trained on 677 events  (success rate=0.496)
[PRIM]  wavelet_trend: long share oof=0.521  test=0.667

[PWFO]  IS504_OOS5 window 371: IS[12946:16459]  OOS[16459:16494]

[FRACDIFF] Optimal d  : 0.8828
           ADF p-val  : 0.0866 %  (n=2327)
           Corr (raw) : 0.5247
[META]  logit_l2 {'C': 0.01}  calibration=sigmoid (cv Brier sigmoid=0.2517 isotonic=0.2578)
[META]  Trained on 674 events  (success rate=0.499)
[PRIM]  wavelet_trend: long share oof=0.524  test=0.250

[PWFO]  IS504_OOS5 window 372: IS[12981:16494]  OOS[16494:16529]

[FRACDIFF] Optimal d  : 0.8906
           ADF p-val  : 0.0366 %  (n=2327)
           Corr (raw) : 0.4907
[META]  logit_l2 {'C': 0.01}  calibration=sigmoid (cv Brier sigmoid=0.2525 isotonic=0.2595)
[META]  Trained on 670 events  (success rate=0.496)
[PRIM]  wavelet_trend: long share oof=0.518  test=0.750

[PWFO]  IS504_OOS5 window 373: IS[13016:16529]  OOS[16529:16564]

[FRACDIFF] Optimal d  : 0.8906
           ADF p-val  : 0.0697 %  (n=2327)
           Corr (raw) : 0.4987
[META]  logit_l2 {'C': 0.01}  calibration=sigmoid (cv Brier sigmoid=0.2516 isotonic=0.2613)
[META]  Trained on 666 events  (success rate=0.492)
[PRIM]  wavelet_trend: long share oof=0.521  test=0.714

[PWFO]  IS504_OOS5 window 374: IS[13051:16564]  OOS[16564:16599]

[FRACDIFF] Optimal d  : 0.8906
           ADF p-val  : 0.0671 %  (n=2327)
           Corr (raw) : 0.4958
[META]  logit_l2 {'C': 0.01}  calibration=sigmoid (cv Brier sigmoid=0.2514 isotonic=0.2635)
[META]  Trained on 665 events  (success rate=0.492)
[PRIM]  wavelet_trend: long share oof=0.519  test=0.333

[PWFO]  IS504_OOS5 window 375: IS[13086:16599]  OOS[16599:16634]

[FRACDIFF] Optimal d  : 0.8984
           ADF p-val  : 0.0448 %  (n=2327)
           Corr (raw) : 0.4753
[META]  logit_l2 {'C': 0.01}  calibration=sigmoid (cv Brier sigmoid=0.2506 isotonic=0.2679)
[META]  Trained on 664 events  (success rate=0.491)
[PRIM]  wavelet_trend: long share oof=0.511  test=0.571

[PWFO]  IS504_OOS5 window 376: IS[13121:16634]  OOS[16634:16666]

[FRACDIFF] Optimal d  : 0.9062
           ADF p-val  : 0.0106 %  (n=2327)
           Corr (raw) : 0.4413
[META]  logit_l2 {'C': 0.01}  calibration=sigmoid (cv Brier sigmoid=0.2514 isotonic=0.2698)
[META]  Trained on 664 events  (success rate=0.486)
[PRIM]  wavelet_trend: long share oof=0.509  test=1.000
[PRIM]  Warning: fold 377 test sides are 100.0% long (one-sided primary)

[PWFO]  IS504_OOS5 window 377: IS[13156:16666]  OOS[16666:16701]

[FRACDIFF] Optimal d  : 0.8984
           ADF p-val  : 0.0465 %  (n=2327)
           Corr (raw) : 0.4787
[META]  logit_l2 {'C': 0.01}  calibration=sigmoid (cv Brier sigmoid=0.2513 isotonic=0.2687)
[META]  Trained on 664 events  (success rate=0.485)
[PRIM]  wavelet_trend: long share oof=0.514  test=0.833

[PWFO]  IS504_OOS5 window 378: IS[13188:16701]  OOS[16701:16736]

[FRACDIFF] Optimal d  : 0.8984
           ADF p-val  : 0.0404 %  (n=2330)
           Corr (raw) : 0.4720
[META]  logit_l2 {'C': 0.01}  calibration=sigmoid (cv Brier sigmoid=0.2511 isotonic=0.2624)
[META]  Trained on 665 events  (success rate=0.484)
[PRIM]  wavelet_trend: long share oof=0.519  test=0.333

[PWFO]  IS504_OOS5 window 379: IS[13223:16736]  OOS[16736:16771]

[FRACDIFF] Optimal d  : 0.8984
           ADF p-val  : 0.0559 %  (n=2330)
           Corr (raw) : 0.4852
[META]  logit_l2 {'C': 0.01}  calibration=sigmoid (cv Brier sigmoid=0.2506 isotonic=0.2608)
[META]  Trained on 667 events  (success rate=0.484)
[PRIM]  wavelet_trend: long share oof=0.514  test=0.875

[PWFO]  IS504_OOS5 window 380: IS[13258:16771]  OOS[16771:16806]

[FRACDIFF] Optimal d  : 0.8906
           ADF p-val  : 0.1311 %  (n=2330)
           Corr (raw) : 0.5173
[META]  logit_l2 {'C': 0.01}  calibration=sigmoid (cv Brier sigmoid=0.2511 isotonic=0.2599)
[META]  Trained on 667 events  (success rate=0.484)
[PRIM]  wavelet_trend: long share oof=0.516  test=0.455

[PWFO]  IS504_OOS5 window 381: IS[13293:16806]  OOS[16806:16841]

[FRACDIFF] Optimal d  : 0.8984
           ADF p-val  : 0.0603 %  (n=2330)
           Corr (raw) : 0.4891
[META]  logit_l2 {'C': 0.01}  calibration=sigmoid (cv Brier sigmoid=0.2508 isotonic=0.2567)
[META]  Trained on 669 events  (success rate=0.484)
[PRIM]  wavelet_trend: long share oof=0.514  test=0.750

[PWFO]  IS504_OOS5 window 382: IS[13328:16841]  OOS[16841:16876]

[FRACDIFF] Optimal d  : 0.8984
           ADF p-val  : 0.0673 %  (n=2327)
           Corr (raw) : 0.4943
[META]  logit_l2 {'C': 0.01}  calibration=sigmoid (cv Brier sigmoid=0.2499 isotonic=0.2558)
[META]  Trained on 667 events  (success rate=0.483)
[PRIM]  wavelet_trend: long share oof=0.517  test=1.000
[PRIM]  Warning: fold 383 test sides are 100.0% long (one-sided primary)

[PWFO]  IS504_OOS5 window 383: IS[13363:16876]  OOS[16876:16911]

[FRACDIFF] Optimal d  : 0.8906
           ADF p-val  : 0.0722 %  (n=2327)
           Corr (raw) : 0.5326
[META]  logit_l2 {'C': 0.01}  calibration=sigmoid (cv Brier sigmoid=0.2503 isotonic=0.2588)
[META]  Trained on 662 events  (success rate=0.486)
[PRIM]  wavelet_trend: long share oof=0.521  test=0.143

[PWFO]  IS504_OOS5 window 384: IS[13398:16911]  OOS[16911:16946]

[FRACDIFF] Optimal d  : 0.8984
           ADF p-val  : 0.0462 %  (n=2327)
           Corr (raw) : 0.4976
[META]  logit_l2 {'C': 0.01}  calibration=sigmoid (cv Brier sigmoid=0.2505 isotonic=0.2598)
[META]  Trained on 660 events  (success rate=0.483)
[PRIM]  wavelet_trend: long share oof=0.521  test=1.000
[PRIM]  Warning: fold 385 test sides are 100.0% long (one-sided primary)

[PWFO]  IS504_OOS5 window 385: IS[13433:16946]  OOS[16946:16981]

[FRACDIFF] Optimal d  : 0.8984
           ADF p-val  : 0.0926 %  (n=2324)
           Corr (raw) : 0.4914
[META]  logit_l2 {'C': 0.01}  calibration=sigmoid (cv Brier sigmoid=0.2506 isotonic=0.2630)
[META]  Trained on 655 events  (success rate=0.487)
[PRIM]  wavelet_trend: long share oof=0.522  test=0.500

[PWFO]  IS504_OOS5 window 386: IS[13468:16981]  OOS[16981:17016]

[FRACDIFF] Optimal d  : 0.8828
           ADF p-val  : 0.1817 %  (n=2324)
           Corr (raw) : 0.5475
[META]  logit_l2 {'C': 0.01}  calibration=sigmoid (cv Brier sigmoid=0.2503 isotonic=0.2610)
[META]  Trained on 654 events  (success rate=0.486)
[PRIM]  wavelet_trend: long share oof=0.518  test=1.000
[PRIM]  Warning: fold 387 test sides are 100.0% long (one-sided primary)

[PWFO]  IS504_OOS5 window 387: IS[13503:17016]  OOS[17016:17051]

[FRACDIFF] Optimal d  : 0.8672
           ADF p-val  : 0.4319 %  (n=2324)
           Corr (raw) : 0.6030
[META]  logit_l2 {'C': 0.01}  calibration=sigmoid (cv Brier sigmoid=0.2506 isotonic=0.2605)
[META]  Trained on 655 events  (success rate=0.487)
[PRIM]  wavelet_trend: long share oof=0.527  test=0.833

[PWFO]  IS504_OOS5 window 388: IS[13538:17051]  OOS[17051:17086]

[FRACDIFF] Optimal d  : 0.8672
           ADF p-val  : 0.3147 %  (n=2324)
           Corr (raw) : 0.5992
[META]  logit_l2 {'C': 0.01}  calibration=sigmoid (cv Brier sigmoid=0.2503 isotonic=0.2523)
[META]  Trained on 653 events  (success rate=0.493)
[PRIM]  wavelet_trend: long share oof=0.528  test=0.500
[PWFO]  IS504_OOS5: 389 windows, status {'ok': 389}

[BACKTEST]  Simulating barrier-exit trades (sizer fixed, single positions, risk none) ...

[BACKTEST]  Simulating barrier-exit trades (sizer fixed, single positions, risk none) ...

[BACKTEST]  Simulating barrier-exit trades (sizer fixed, single positions, risk none) ...

[BACKTEST]  Simulating barrier-exit trades (sizer fixed, single positions, risk none) ...

[BACKTEST]  Simulating barrier-exit trades (sizer fixed, single positions, risk none) ...

[BACKTEST]  Simulating barrier-exit trades (sizer fixed, single positions, risk none) ...

[BACKTEST]  Simulating barrier-exit trades (sizer fixed, single positions, risk none) ...

[BACKTEST]  Simulating barrier-exit trades (sizer fixed, single positions, risk none) ...

[BACKTEST]  Simulating barrier-exit trades (sizer fixed, single positions, risk none) ...

[BACKTEST]  Simulating barrier-exit trades (sizer fixed, single positions, risk none) ...

[BACKTEST]  Simulating barrier-exit trades (sizer fixed, single positions, risk none) ...

[BACKTEST]  Simulating barrier-exit trades (sizer fixed, single positions, risk none) ...

[BACKTEST]  Simulating barrier-exit trades (sizer fixed, single positions, risk none) ...

[BACKTEST]  Simulating barrier-exit trades (sizer fixed, single positions, risk none) ...

[BACKTEST]  Simulating barrier-exit trades (sizer fixed, single positions, risk none) ...

[BACKTEST]  Simulating barrier-exit trades (sizer fixed, single positions, risk none) ...

[BACKTEST]  Simulating barrier-exit trades (sizer fixed, single positions, risk none) ...

[BACKTEST]  Simulating barrier-exit trades (sizer fixed, single positions, risk none) ...

[BACKTEST]  Simulating barrier-exit trades (sizer fixed, single positions, risk none) ...

[BACKTEST]  Simulating barrier-exit trades (sizer fixed, single positions, risk none) ...

[BACKTEST]  Simulating barrier-exit trades (sizer fixed, single positions, risk none) ...

[BACKTEST]  Simulating barrier-exit trades (sizer fixed, single positions, risk none) ...

[BACKTEST]  Simulating barrier-exit trades (sizer fixed, single positions, risk none) ...

[BACKTEST]  Simulating barrier-exit trades (sizer fixed, single positions, risk none) ...

[BACKTEST]  Simulating barrier-exit trades (sizer fixed, single positions, risk none) ...

[BACKTEST]  Simulating barrier-exit trades (sizer fixed, single positions, risk none) ...

[BACKTEST]  Simulating barrier-exit trades (sizer fixed, single positions, risk none) ...

[BACKTEST]  Simulating barrier-exit trades (sizer fixed, single positions, risk none) ...

[BACKTEST]  Simulating barrier-exit trades (sizer fixed, single positions, risk none) ...

[BACKTEST]  Simulating barrier-exit trades (sizer fixed, single positions, risk none) ...

[BACKTEST]  Simulating barrier-exit trades (sizer fixed, single positions, risk none) ...

[BACKTEST]  Simulating barrier-exit trades (sizer fixed, single positions, risk none) ...

[BACKTEST]  Simulating barrier-exit trades (sizer fixed, single positions, risk none) ...

[BACKTEST]  Simulating barrier-exit trades (sizer fixed, single positions, risk none) ...

[BACKTEST]  Simulating barrier-exit trades (sizer fixed, single positions, risk none) ...

[BACKTEST]  Simulating barrier-exit trades (sizer fixed, single positions, risk none) ...

[BACKTEST]  Simulating barrier-exit trades (sizer fixed, single positions, risk none) ...

[BACKTEST]  Simulating barrier-exit trades (sizer fixed, single positions, risk none) ...

[BACKTEST]  Simulating barrier-exit trades (sizer fixed, single positions, risk none) ...

[BACKTEST]  Simulating barrier-exit trades (sizer fixed, single positions, risk none) ...

[BACKTEST]  Simulating barrier-exit trades (sizer fixed, single positions, risk none) ...

[BACKTEST]  Simulating barrier-exit trades (sizer fixed, single positions, risk none) ...

[BACKTEST]  Simulating barrier-exit trades (sizer fixed, single positions, risk none) ...

[BACKTEST]  Simulating barrier-exit trades (sizer fixed, single positions, risk none) ...

[BACKTEST]  Simulating barrier-exit trades (sizer fixed, single positions, risk none) ...

[BACKTEST]  Simulating barrier-exit trades (sizer fixed, single positions, risk none) ...

[BACKTEST]  Simulating barrier-exit trades (sizer fixed, single positions, risk none) ...

[BACKTEST]  Simulating barrier-exit trades (sizer fixed, single positions, risk none) ...

[BACKTEST]  Simulating barrier-exit trades (sizer fixed, single positions, risk none) ...

[BACKTEST]  Simulating barrier-exit trades (sizer fixed, single positions, risk none) ...

[BACKTEST]  Simulating barrier-exit trades (sizer fixed, single positions, risk none) ...

[BACKTEST]  Simulating barrier-exit trades (sizer fixed, single positions, risk none) ...

[BACKTEST]  Simulating barrier-exit trades (sizer fixed, single positions, risk none) ...

[BACKTEST]  Simulating barrier-exit trades (sizer fixed, single positions, risk none) ...

[BACKTEST]  Simulating barrier-exit trades (sizer fixed, single positions, risk none) ...

[BACKTEST]  Simulating barrier-exit trades (sizer fixed, single positions, risk none) ...

[BACKTEST]  Simulating barrier-exit trades (sizer fixed, single positions, risk none) ...

[BACKTEST]  Simulating barrier-exit trades (sizer fixed, single positions, risk none) ...

[BACKTEST]  Simulating barrier-exit trades (sizer fixed, single positions, risk none) ...

[BACKTEST]  Simulating barrier-exit trades (sizer fixed, single positions, risk none) ...

[BACKTEST]  Simulating barrier-exit trades (sizer fixed, single positions, risk none) ...

[BACKTEST]  Simulating barrier-exit trades (sizer fixed, single positions, risk none) ...

[BACKTEST]  Simulating barrier-exit trades (sizer fixed, single positions, risk none) ...

[BACKTEST]  Simulating barrier-exit trades (sizer fixed, single positions, risk none) ...

[BACKTEST]  Simulating barrier-exit trades (sizer fixed, single positions, risk none) ...

[BACKTEST]  Simulating barrier-exit trades (sizer fixed, single positions, risk none) ...

[BACKTEST]  Simulating barrier-exit trades (sizer fixed, single positions, risk none) ...

[BACKTEST]  Simulating barrier-exit trades (sizer fixed, single positions, risk none) ...

[BACKTEST]  Simulating barrier-exit trades (sizer fixed, single positions, risk none) ...

[BACKTEST]  Simulating barrier-exit trades (sizer fixed, single positions, risk none) ...

[BACKTEST]  Simulating barrier-exit trades (sizer fixed, single positions, risk none) ...

[BACKTEST]  Simulating barrier-exit trades (sizer fixed, single positions, risk none) ...

[BACKTEST]  Simulating barrier-exit trades (sizer fixed, single positions, risk none) ...

[BACKTEST]  Simulating barrier-exit trades (sizer fixed, single positions, risk none) ...

[BACKTEST]  Simulating barrier-exit trades (sizer fixed, single positions, risk none) ...

[BACKTEST]  Simulating barrier-exit trades (sizer fixed, single positions, risk none) ...

[BACKTEST]  Simulating barrier-exit trades (sizer fixed, single positions, risk none) ...

[BACKTEST]  Simulating barrier-exit trades (sizer fixed, single positions, risk none) ...

[BACKTEST]  Simulating barrier-exit trades (sizer fixed, single positions, risk none) ...

[BACKTEST]  Simulating barrier-exit trades (sizer fixed, single positions, risk none) ...

[BACKTEST]  Simulating barrier-exit trades (sizer fixed, single positions, risk none) ...

[BACKTEST]  Simulating barrier-exit trades (sizer fixed, single positions, risk none) ...

[BACKTEST]  Simulating barrier-exit trades (sizer fixed, single positions, risk none) ...

[BACKTEST]  Simulating barrier-exit trades (sizer fixed, single positions, risk none) ...

[BACKTEST]  Simulating barrier-exit trades (sizer fixed, single positions, risk none) ...

[BACKTEST]  Simulating barrier-exit trades (sizer fixed, single positions, risk none) ...

[BACKTEST]  Simulating barrier-exit trades (sizer fixed, single positions, risk none) ...

[BACKTEST]  Simulating barrier-exit trades (sizer fixed, single positions, risk none) ...

[BACKTEST]  Simulating barrier-exit trades (sizer fixed, single positions, risk none) ...

[BACKTEST]  Simulating barrier-exit trades (sizer fixed, single positions, risk none) ...

[BACKTEST]  Simulating barrier-exit trades (sizer fixed, single positions, risk none) ...

[BACKTEST]  Simulating barrier-exit trades (sizer fixed, single positions, risk none) ...

[BACKTEST]  Simulating barrier-exit trades (sizer fixed, single positions, risk none) ...

[BACKTEST]  Simulating barrier-exit trades (sizer fixed, single positions, risk none) ...

[BACKTEST]  Simulating barrier-exit trades (sizer fixed, single positions, risk none) ...

[BACKTEST]  Simulating barrier-exit trades (sizer fixed, single positions, risk none) ...

[BACKTEST]  Simulating barrier-exit trades (sizer fixed, single positions, risk none) ...

[BACKTEST]  Simulating barrier-exit trades (sizer fixed, single positions, risk none) ...

[BACKTEST]  Simulating barrier-exit trades (sizer fixed, single positions, risk none) ...

[BACKTEST]  Simulating barrier-exit trades (sizer fixed, single positions, risk none) ...

[BACKTEST]  Simulating barrier-exit trades (sizer fixed, single positions, risk none) ...

[BACKTEST]  Simulating barrier-exit trades (sizer fixed, single positions, risk none) ...

[BACKTEST]  Simulating barrier-exit trades (sizer fixed, single positions, risk none) ...

[BACKTEST]  Simulating barrier-exit trades (sizer fixed, single positions, risk none) ...

[BACKTEST]  Simulating barrier-exit trades (sizer fixed, single positions, risk none) ...

[BACKTEST]  Simulating barrier-exit trades (sizer fixed, single positions, risk none) ...

[BACKTEST]  Simulating barrier-exit trades (sizer fixed, single positions, risk none) ...

[BACKTEST]  Simulating barrier-exit trades (sizer fixed, single positions, risk none) ...

[BACKTEST]  Simulating barrier-exit trades (sizer fixed, single positions, risk none) ...

[BACKTEST]  Simulating barrier-exit trades (sizer fixed, single positions, risk none) ...

[BACKTEST]  Simulating barrier-exit trades (sizer fixed, single positions, risk none) ...

[BACKTEST]  Simulating barrier-exit trades (sizer fixed, single positions, risk none) ...

[BACKTEST]  Simulating barrier-exit trades (sizer fixed, single positions, risk none) ...

[BACKTEST]  Simulating barrier-exit trades (sizer fixed, single positions, risk none) ...

[BACKTEST]  Simulating barrier-exit trades (sizer fixed, single positions, risk none) ...

[BACKTEST]  Simulating barrier-exit trades (sizer fixed, single positions, risk none) ...

[BACKTEST]  Simulating barrier-exit trades (sizer fixed, single positions, risk none) ...

[BACKTEST]  Simulating barrier-exit trades (sizer fixed, single positions, risk none) ...

[BACKTEST]  Simulating barrier-exit trades (sizer fixed, single positions, risk none) ...

[BACKTEST]  Simulating barrier-exit trades (sizer fixed, single positions, risk none) ...

[BACKTEST]  Simulating barrier-exit trades (sizer fixed, single positions, risk none) ...

[BACKTEST]  Simulating barrier-exit trades (sizer fixed, single positions, risk none) ...

[BACKTEST]  Simulating barrier-exit trades (sizer fixed, single positions, risk none) ...

[BACKTEST]  Simulating barrier-exit trades (sizer fixed, single positions, risk none) ...

[BACKTEST]  Simulating barrier-exit trades (sizer fixed, single positions, risk none) ...

[BACKTEST]  Simulating barrier-exit trades (sizer fixed, single positions, risk none) ...

[BACKTEST]  Simulating barrier-exit trades (sizer fixed, single positions, risk none) ...

[BACKTEST]  Simulating barrier-exit trades (sizer fixed, single positions, risk none) ...

[BACKTEST]  Simulating barrier-exit trades (sizer fixed, single positions, risk none) ...

[BACKTEST]  Simulating barrier-exit trades (sizer fixed, single positions, risk none) ...

[BACKTEST]  Simulating barrier-exit trades (sizer fixed, single positions, risk none) ...

[BACKTEST]  Simulating barrier-exit trades (sizer fixed, single positions, risk none) ...

[BACKTEST]  Simulating barrier-exit trades (sizer fixed, single positions, risk none) ...

[BACKTEST]  Simulating barrier-exit trades (sizer fixed, single positions, risk none) ...

[BACKTEST]  Simulating barrier-exit trades (sizer fixed, single positions, risk none) ...

[BACKTEST]  Simulating barrier-exit trades (sizer fixed, single positions, risk none) ...

[BACKTEST]  Simulating barrier-exit trades (sizer fixed, single positions, risk none) ...

[BACKTEST]  Simulating barrier-exit trades (sizer fixed, single positions, risk none) ...

[BACKTEST]  Simulating barrier-exit trades (sizer fixed, single positions, risk none) ...

[BACKTEST]  Simulating barrier-exit trades (sizer fixed, single positions, risk none) ...

[BACKTEST]  Simulating barrier-exit trades (sizer fixed, single positions, risk none) ...

[BACKTEST]  Simulating barrier-exit trades (sizer fixed, single positions, risk none) ...

[BACKTEST]  Simulating barrier-exit trades (sizer fixed, single positions, risk none) ...

[BACKTEST]  Simulating barrier-exit trades (sizer fixed, single positions, risk none) ...

[BACKTEST]  Simulating barrier-exit trades (sizer fixed, single positions, risk none) ...

[BACKTEST]  Simulating barrier-exit trades (sizer fixed, single positions, risk none) ...

[BACKTEST]  Simulating barrier-exit trades (sizer fixed, single positions, risk none) ...

[BACKTEST]  Simulating barrier-exit trades (sizer fixed, single positions, risk none) ...

[BACKTEST]  Simulating barrier-exit trades (sizer fixed, single positions, risk none) ...

[BACKTEST]  Simulating barrier-exit trades (sizer fixed, single positions, risk none) ...

[BACKTEST]  Simulating barrier-exit trades (sizer fixed, single positions, risk none) ...

[BACKTEST]  Simulating barrier-exit trades (sizer fixed, single positions, risk none) ...

[BACKTEST]  Simulating barrier-exit trades (sizer fixed, single positions, risk none) ...

[BACKTEST]  Simulating barrier-exit trades (sizer fixed, single positions, risk none) ...

[BACKTEST]  Simulating barrier-exit trades (sizer fixed, single positions, risk none) ...

[BACKTEST]  Simulating barrier-exit trades (sizer fixed, single positions, risk none) ...

[BACKTEST]  Simulating barrier-exit trades (sizer fixed, single positions, risk none) ...

[BACKTEST]  Simulating barrier-exit trades (sizer fixed, single positions, risk none) ...

[BACKTEST]  Simulating barrier-exit trades (sizer fixed, single positions, risk none) ...

[BACKTEST]  Simulating barrier-exit trades (sizer fixed, single positions, risk none) ...

[BACKTEST]  Simulating barrier-exit trades (sizer fixed, single positions, risk none) ...

[BACKTEST]  Simulating barrier-exit trades (sizer fixed, single positions, risk none) ...

[BACKTEST]  Simulating barrier-exit trades (sizer fixed, single positions, risk none) ...

[BACKTEST]  Simulating barrier-exit trades (sizer fixed, single positions, risk none) ...

[BACKTEST]  Simulating barrier-exit trades (sizer fixed, single positions, risk none) ...

[BACKTEST]  Simulating barrier-exit trades (sizer fixed, single positions, risk none) ...

[BACKTEST]  Simulating barrier-exit trades (sizer fixed, single positions, risk none) ...

[BACKTEST]  Simulating barrier-exit trades (sizer fixed, single positions, risk none) ...

[BACKTEST]  Simulating barrier-exit trades (sizer fixed, single positions, risk none) ...

[BACKTEST]  Simulating barrier-exit trades (sizer fixed, single positions, risk none) ...

[BACKTEST]  Simulating barrier-exit trades (sizer fixed, single positions, risk none) ...

[BACKTEST]  Simulating barrier-exit trades (sizer fixed, single positions, risk none) ...

[BACKTEST]  Simulating barrier-exit trades (sizer fixed, single positions, risk none) ...

[BACKTEST]  Simulating barrier-exit trades (sizer fixed, single positions, risk none) ...

[BACKTEST]  Simulating barrier-exit trades (sizer fixed, single positions, risk none) ...

[BACKTEST]  Simulating barrier-exit trades (sizer fixed, single positions, risk none) ...

[BACKTEST]  Simulating barrier-exit trades (sizer fixed, single positions, risk none) ...

[BACKTEST]  Simulating barrier-exit trades (sizer fixed, single positions, risk none) ...

[BACKTEST]  Simulating barrier-exit trades (sizer fixed, single positions, risk none) ...

[BACKTEST]  Simulating barrier-exit trades (sizer fixed, single positions, risk none) ...

[BACKTEST]  Simulating barrier-exit trades (sizer fixed, single positions, risk none) ...

[BACKTEST]  Simulating barrier-exit trades (sizer fixed, single positions, risk none) ...

[BACKTEST]  Simulating barrier-exit trades (sizer fixed, single positions, risk none) ...

[BACKTEST]  Simulating barrier-exit trades (sizer fixed, single positions, risk none) ...

[BACKTEST]  Simulating barrier-exit trades (sizer fixed, single positions, risk none) ...

[BACKTEST]  Simulating barrier-exit trades (sizer fixed, single positions, risk none) ...

[BACKTEST]  Simulating barrier-exit trades (sizer fixed, single positions, risk none) ...

[BACKTEST]  Simulating barrier-exit trades (sizer fixed, single positions, risk none) ...

[BACKTEST]  Simulating barrier-exit trades (sizer fixed, single positions, risk none) ...

[BACKTEST]  Simulating barrier-exit trades (sizer fixed, single positions, risk none) ...

[BACKTEST]  Simulating barrier-exit trades (sizer fixed, single positions, risk none) ...

[BACKTEST]  Simulating barrier-exit trades (sizer fixed, single positions, risk none) ...

[BACKTEST]  Simulating barrier-exit trades (sizer fixed, single positions, risk none) ...

[BACKTEST]  Simulating barrier-exit trades (sizer fixed, single positions, risk none) ...

[BACKTEST]  Simulating barrier-exit trades (sizer fixed, single positions, risk none) ...

[BACKTEST]  Simulating barrier-exit trades (sizer fixed, single positions, risk none) ...

[BACKTEST]  Simulating barrier-exit trades (sizer fixed, single positions, risk none) ...

[BACKTEST]  Simulating barrier-exit trades (sizer fixed, single positions, risk none) ...

[BACKTEST]  Simulating barrier-exit trades (sizer fixed, single positions, risk none) ...

[BACKTEST]  Simulating barrier-exit trades (sizer fixed, single positions, risk none) ...

[BACKTEST]  Simulating barrier-exit trades (sizer fixed, single positions, risk none) ...

[BACKTEST]  Simulating barrier-exit trades (sizer fixed, single positions, risk none) ...

[BACKTEST]  Simulating barrier-exit trades (sizer fixed, single positions, risk none) ...

[BACKTEST]  Simulating barrier-exit trades (sizer fixed, single positions, risk none) ...

[BACKTEST]  Simulating barrier-exit trades (sizer fixed, single positions, risk none) ...

[BACKTEST]  Simulating barrier-exit trades (sizer fixed, single positions, risk none) ...

[BACKTEST]  Simulating barrier-exit trades (sizer fixed, single positions, risk none) ...

[BACKTEST]  Simulating barrier-exit trades (sizer fixed, single positions, risk none) ...

[BACKTEST]  Simulating barrier-exit trades (sizer fixed, single positions, risk none) ...

[BACKTEST]  Simulating barrier-exit trades (sizer fixed, single positions, risk none) ...

[BACKTEST]  Simulating barrier-exit trades (sizer fixed, single positions, risk none) ...

[BACKTEST]  Simulating barrier-exit trades (sizer fixed, single positions, risk none) ...

[BACKTEST]  Simulating barrier-exit trades (sizer fixed, single positions, risk none) ...

[BACKTEST]  Simulating barrier-exit trades (sizer fixed, single positions, risk none) ...

[BACKTEST]  Simulating barrier-exit trades (sizer fixed, single positions, risk none) ...

[BACKTEST]  Simulating barrier-exit trades (sizer fixed, single positions, risk none) ...

[BACKTEST]  Simulating barrier-exit trades (sizer fixed, single positions, risk none) ...

[BACKTEST]  Simulating barrier-exit trades (sizer fixed, single positions, risk none) ...

[BACKTEST]  Simulating barrier-exit trades (sizer fixed, single positions, risk none) ...

[BACKTEST]  Simulating barrier-exit trades (sizer fixed, single positions, risk none) ...

[BACKTEST]  Simulating barrier-exit trades (sizer fixed, single positions, risk none) ...

[BACKTEST]  Simulating barrier-exit trades (sizer fixed, single positions, risk none) ...

[BACKTEST]  Simulating barrier-exit trades (sizer fixed, single positions, risk none) ...

[BACKTEST]  Simulating barrier-exit trades (sizer fixed, single positions, risk none) ...

[BACKTEST]  Simulating barrier-exit trades (sizer fixed, single positions, risk none) ...

[BACKTEST]  Simulating barrier-exit trades (sizer fixed, single positions, risk none) ...

[BACKTEST]  Simulating barrier-exit trades (sizer fixed, single positions, risk none) ...

[BACKTEST]  Simulating barrier-exit trades (sizer fixed, single positions, risk none) ...

[BACKTEST]  Simulating barrier-exit trades (sizer fixed, single positions, risk none) ...

[BACKTEST]  Simulating barrier-exit trades (sizer fixed, single positions, risk none) ...

[BACKTEST]  Simulating barrier-exit trades (sizer fixed, single positions, risk none) ...

[BACKTEST]  Simulating barrier-exit trades (sizer fixed, single positions, risk none) ...

[BACKTEST]  Simulating barrier-exit trades (sizer fixed, single positions, risk none) ...

[BACKTEST]  Simulating barrier-exit trades (sizer fixed, single positions, risk none) ...

[BACKTEST]  Simulating barrier-exit trades (sizer fixed, single positions, risk none) ...

[BACKTEST]  Simulating barrier-exit trades (sizer fixed, single positions, risk none) ...

[BACKTEST]  Simulating barrier-exit trades (sizer fixed, single positions, risk none) ...

[BACKTEST]  Simulating barrier-exit trades (sizer fixed, single positions, risk none) ...

[BACKTEST]  Simulating barrier-exit trades (sizer fixed, single positions, risk none) ...

[BACKTEST]  Simulating barrier-exit trades (sizer fixed, single positions, risk none) ...

[BACKTEST]  Simulating barrier-exit trades (sizer fixed, single positions, risk none) ...

[BACKTEST]  Simulating barrier-exit trades (sizer fixed, single positions, risk none) ...

[BACKTEST]  Simulating barrier-exit trades (sizer fixed, single positions, risk none) ...

[BACKTEST]  Simulating barrier-exit trades (sizer fixed, single positions, risk none) ...

[BACKTEST]  Simulating barrier-exit trades (sizer fixed, single positions, risk none) ...

[BACKTEST]  Simulating barrier-exit trades (sizer fixed, single positions, risk none) ...

[BACKTEST]  Simulating barrier-exit trades (sizer fixed, single positions, risk none) ...

[BACKTEST]  Simulating barrier-exit trades (sizer fixed, single positions, risk none) ...

[BACKTEST]  Simulating barrier-exit trades (sizer fixed, single positions, risk none) ...

[BACKTEST]  Simulating barrier-exit trades (sizer fixed, single positions, risk none) ...

[BACKTEST]  Simulating barrier-exit trades (sizer fixed, single positions, risk none) ...

[BACKTEST]  Simulating barrier-exit trades (sizer fixed, single positions, risk none) ...

[BACKTEST]  Simulating barrier-exit trades (sizer fixed, single positions, risk none) ...

[BACKTEST]  Simulating barrier-exit trades (sizer fixed, single positions, risk none) ...

[BACKTEST]  Simulating barrier-exit trades (sizer fixed, single positions, risk none) ...

[BACKTEST]  Simulating barrier-exit trades (sizer fixed, single positions, risk none) ...

[BACKTEST]  Simulating barrier-exit trades (sizer fixed, single positions, risk none) ...

[BACKTEST]  Simulating barrier-exit trades (sizer fixed, single positions, risk none) ...

[BACKTEST]  Simulating barrier-exit trades (sizer fixed, single positions, risk none) ...

[BACKTEST]  Simulating barrier-exit trades (sizer fixed, single positions, risk none) ...

[BACKTEST]  Simulating barrier-exit trades (sizer fixed, single positions, risk none) ...

[BACKTEST]  Simulating barrier-exit trades (sizer fixed, single positions, risk none) ...

[BACKTEST]  Simulating barrier-exit trades (sizer fixed, single positions, risk none) ...

[BACKTEST]  Simulating barrier-exit trades (sizer fixed, single positions, risk none) ...

[BACKTEST]  Simulating barrier-exit trades (sizer fixed, single positions, risk none) ...

[BACKTEST]  Simulating barrier-exit trades (sizer fixed, single positions, risk none) ...

[BACKTEST]  Simulating barrier-exit trades (sizer fixed, single positions, risk none) ...

[BACKTEST]  Simulating barrier-exit trades (sizer fixed, single positions, risk none) ...

[BACKTEST]  Simulating barrier-exit trades (sizer fixed, single positions, risk none) ...

[BACKTEST]  Simulating barrier-exit trades (sizer fixed, single positions, risk none) ...

[BACKTEST]  Simulating barrier-exit trades (sizer fixed, single positions, risk none) ...

[BACKTEST]  Simulating barrier-exit trades (sizer fixed, single positions, risk none) ...

[BACKTEST]  Simulating barrier-exit trades (sizer fixed, single positions, risk none) ...

[BACKTEST]  Simulating barrier-exit trades (sizer fixed, single positions, risk none) ...

[BACKTEST]  Simulating barrier-exit trades (sizer fixed, single positions, risk none) ...

[BACKTEST]  Simulating barrier-exit trades (sizer fixed, single positions, risk none) ...

[BACKTEST]  Simulating barrier-exit trades (sizer fixed, single positions, risk none) ...

[BACKTEST]  Simulating barrier-exit trades (sizer fixed, single positions, risk none) ...

[BACKTEST]  Simulating barrier-exit trades (sizer fixed, single positions, risk none) ...

[BACKTEST]  Simulating barrier-exit trades (sizer fixed, single positions, risk none) ...

[BACKTEST]  Simulating barrier-exit trades (sizer fixed, single positions, risk none) ...

[BACKTEST]  Simulating barrier-exit trades (sizer fixed, single positions, risk none) ...

[BACKTEST]  Simulating barrier-exit trades (sizer fixed, single positions, risk none) ...

[BACKTEST]  Simulating barrier-exit trades (sizer fixed, single positions, risk none) ...

[BACKTEST]  Simulating barrier-exit trades (sizer fixed, single positions, risk none) ...

[BACKTEST]  Simulating barrier-exit trades (sizer fixed, single positions, risk none) ...

[BACKTEST]  Simulating barrier-exit trades (sizer fixed, single positions, risk none) ...

[BACKTEST]  Simulating barrier-exit trades (sizer fixed, single positions, risk none) ...

[BACKTEST]  Simulating barrier-exit trades (sizer fixed, single positions, risk none) ...

[BACKTEST]  Simulating barrier-exit trades (sizer fixed, single positions, risk none) ...

[BACKTEST]  Simulating barrier-exit trades (sizer fixed, single positions, risk none) ...

[BACKTEST]  Simulating barrier-exit trades (sizer fixed, single positions, risk none) ...

[BACKTEST]  Simulating barrier-exit trades (sizer fixed, single positions, risk none) ...

[BACKTEST]  Simulating barrier-exit trades (sizer fixed, single positions, risk none) ...

[BACKTEST]  Simulating barrier-exit trades (sizer fixed, single positions, risk none) ...

[BACKTEST]  Simulating barrier-exit trades (sizer fixed, single positions, risk none) ...

[BACKTEST]  Simulating barrier-exit trades (sizer fixed, single positions, risk none) ...

[BACKTEST]  Simulating barrier-exit trades (sizer fixed, single positions, risk none) ...

[BACKTEST]  Simulating barrier-exit trades (sizer fixed, single positions, risk none) ...

[BACKTEST]  Simulating barrier-exit trades (sizer fixed, single positions, risk none) ...

[BACKTEST]  Simulating barrier-exit trades (sizer fixed, single positions, risk none) ...

[BACKTEST]  Simulating barrier-exit trades (sizer fixed, single positions, risk none) ...

[BACKTEST]  Simulating barrier-exit trades (sizer fixed, single positions, risk none) ...

[BACKTEST]  Simulating barrier-exit trades (sizer fixed, single positions, risk none) ...

[BACKTEST]  Simulating barrier-exit trades (sizer fixed, single positions, risk none) ...

[BACKTEST]  Simulating barrier-exit trades (sizer fixed, single positions, risk none) ...

[BACKTEST]  Simulating barrier-exit trades (sizer fixed, single positions, risk none) ...

[BACKTEST]  Simulating barrier-exit trades (sizer fixed, single positions, risk none) ...

[BACKTEST]  Simulating barrier-exit trades (sizer fixed, single positions, risk none) ...

[BACKTEST]  Simulating barrier-exit trades (sizer fixed, single positions, risk none) ...

[BACKTEST]  Simulating barrier-exit trades (sizer fixed, single positions, risk none) ...

[BACKTEST]  Simulating barrier-exit trades (sizer fixed, single positions, risk none) ...

[BACKTEST]  Simulating barrier-exit trades (sizer fixed, single positions, risk none) ...

[BACKTEST]  Simulating barrier-exit trades (sizer fixed, single positions, risk none) ...

[BACKTEST]  Simulating barrier-exit trades (sizer fixed, single positions, risk none) ...

[BACKTEST]  Simulating barrier-exit trades (sizer fixed, single positions, risk none) ...

[BACKTEST]  Simulating barrier-exit trades (sizer fixed, single positions, risk none) ...

[BACKTEST]  Simulating barrier-exit trades (sizer fixed, single positions, risk none) ...

[BACKTEST]  Simulating barrier-exit trades (sizer fixed, single positions, risk none) ...

[BACKTEST]  Simulating barrier-exit trades (sizer fixed, single positions, risk none) ...

[BACKTEST]  Simulating barrier-exit trades (sizer fixed, single positions, risk none) ...

[BACKTEST]  Simulating barrier-exit trades (sizer fixed, single positions, risk none) ...

[BACKTEST]  Simulating barrier-exit trades (sizer fixed, single positions, risk none) ...

[BACKTEST]  Simulating barrier-exit trades (sizer fixed, single positions, risk none) ...

[BACKTEST]  Simulating barrier-exit trades (sizer fixed, single positions, risk none) ...

[BACKTEST]  Simulating barrier-exit trades (sizer fixed, single positions, risk none) ...

[BACKTEST]  Simulating barrier-exit trades (sizer fixed, single positions, risk none) ...

[BACKTEST]  Simulating barrier-exit trades (sizer fixed, single positions, risk none) ...

[BACKTEST]  Simulating barrier-exit trades (sizer fixed, single positions, risk none) ...

[BACKTEST]  Simulating barrier-exit trades (sizer fixed, single positions, risk none) ...

[BACKTEST]  Simulating barrier-exit trades (sizer fixed, single positions, risk none) ...

[BACKTEST]  Simulating barrier-exit trades (sizer fixed, single positions, risk none) ...

[BACKTEST]  Simulating barrier-exit trades (sizer fixed, single positions, risk none) ...

[BACKTEST]  Simulating barrier-exit trades (sizer fixed, single positions, risk none) ...

[BACKTEST]  Simulating barrier-exit trades (sizer fixed, single positions, risk none) ...

[BACKTEST]  Simulating barrier-exit trades (sizer fixed, single positions, risk none) ...

[BACKTEST]  Simulating barrier-exit trades (sizer fixed, single positions, risk none) ...

[BACKTEST]  Simulating barrier-exit trades (sizer fixed, single positions, risk none) ...

[BACKTEST]  Simulating barrier-exit trades (sizer fixed, single positions, risk none) ...

[BACKTEST]  Simulating barrier-exit trades (sizer fixed, single positions, risk none) ...

[BACKTEST]  Simulating barrier-exit trades (sizer fixed, single positions, risk none) ...

[BACKTEST]  Simulating barrier-exit trades (sizer fixed, single positions, risk none) ...

[BACKTEST]  Simulating barrier-exit trades (sizer fixed, single positions, risk none) ...

[BACKTEST]  Simulating barrier-exit trades (sizer fixed, single positions, risk none) ...

[BACKTEST]  Simulating barrier-exit trades (sizer fixed, single positions, risk none) ...

[BACKTEST]  Simulating barrier-exit trades (sizer fixed, single positions, risk none) ...

[BACKTEST]  Simulating barrier-exit trades (sizer fixed, single positions, risk none) ...

[BACKTEST]  Simulating barrier-exit trades (sizer fixed, single positions, risk none) ...

[BACKTEST]  Simulating barrier-exit trades (sizer fixed, single positions, risk none) ...

[BACKTEST]  Simulating barrier-exit trades (sizer fixed, single positions, risk none) ...

[BACKTEST]  Simulating barrier-exit trades (sizer fixed, single positions, risk none) ...

[BACKTEST]  Simulating barrier-exit trades (sizer fixed, single positions, risk none) ...

[BACKTEST]  Simulating barrier-exit trades (sizer fixed, single positions, risk none) ...

[BACKTEST]  Simulating barrier-exit trades (sizer fixed, single positions, risk none) ...

[BACKTEST]  Simulating barrier-exit trades (sizer fixed, single positions, risk none) ...

[BACKTEST]  Simulating barrier-exit trades (sizer fixed, single positions, risk none) ...

[BACKTEST]  Simulating barrier-exit trades (sizer fixed, single positions, risk none) ...

[BACKTEST]  Simulating barrier-exit trades (sizer fixed, single positions, risk none) ...

[BACKTEST]  Simulating barrier-exit trades (sizer fixed, single positions, risk none) ...

[BACKTEST]  Simulating barrier-exit trades (sizer fixed, single positions, risk none) ...

[BACKTEST]  Simulating barrier-exit trades (sizer fixed, single positions, risk none) ...

[BACKTEST]  Simulating barrier-exit trades (sizer fixed, single positions, risk none) ...

[BACKTEST]  Simulating barrier-exit trades (sizer fixed, single positions, risk none) ...

[BACKTEST]  Simulating barrier-exit trades (sizer fixed, single positions, risk none) ...

[BACKTEST]  Simulating barrier-exit trades (sizer fixed, single positions, risk none) ...

[BACKTEST]  Simulating barrier-exit trades (sizer fixed, single positions, risk none) ...

[BACKTEST]  Simulating barrier-exit trades (sizer fixed, single positions, risk none) ...

[BACKTEST]  Simulating barrier-exit trades (sizer fixed, single positions, risk none) ...

[BACKTEST]  Simulating barrier-exit trades (sizer fixed, single positions, risk none) ...

[BACKTEST]  Simulating barrier-exit trades (sizer fixed, single positions, risk none) ...

[BACKTEST]  Simulating barrier-exit trades (sizer fixed, single positions, risk none) ...

[BACKTEST]  Simulating barrier-exit trades (sizer fixed, single positions, risk none) ...

[BACKTEST]  Simulating barrier-exit trades (sizer fixed, single positions, risk none) ...

[BACKTEST]  Simulating barrier-exit trades (sizer fixed, single positions, risk none) ...

[BACKTEST]  Simulating barrier-exit trades (sizer fixed, single positions, risk none) ...

[BACKTEST]  Simulating barrier-exit trades (sizer fixed, single positions, risk none) ...

[BACKTEST]  Simulating barrier-exit trades (sizer fixed, single positions, risk none) ...

[BACKTEST]  Simulating barrier-exit trades (sizer fixed, single positions, risk none) ...

[BACKTEST]  Simulating barrier-exit trades (sizer fixed, single positions, risk none) ...

[BACKTEST]  Simulating barrier-exit trades (sizer fixed, single positions, risk none) ...

[BACKTEST]  Simulating barrier-exit trades (sizer fixed, single positions, risk none) ...

[BACKTEST]  Simulating barrier-exit trades (sizer fixed, single positions, risk none) ...

[BACKTEST]  Simulating barrier-exit trades (sizer fixed, single positions, risk none) ...

[BACKTEST]  Simulating barrier-exit trades (sizer fixed, single positions, risk none) ...

[BACKTEST]  Simulating barrier-exit trades (sizer fixed, single positions, risk none) ...

[BACKTEST]  Simulating barrier-exit trades (sizer fixed, single positions, risk none) ...

[BACKTEST]  Simulating barrier-exit trades (sizer fixed, single positions, risk none) ...

[BACKTEST]  Simulating barrier-exit trades (sizer fixed, single positions, risk none) ...

[BACKTEST]  Simulating barrier-exit trades (sizer fixed, single positions, risk none) ...

[BACKTEST]  Simulating barrier-exit trades (sizer fixed, single positions, risk none) ...
