
════════════════════════════════════════════════════════════
  Sampling events, labels and causal features on the full dataset
════════════════════════════════════════════════════════════
[LABEL] 3,238 events from 17,093 bars  |  -1=1462  0=15  1=1761  |  barriers {'vertical': 2454, 'lower': 439, 'upper': 345}
[FEAT]  wavelet_core      4 cols    0.02s
[FEAT]  trend             9 cols    0.16s
[FEAT]  mean_reversion    3 cols    0.01s
[FEAT]  volatility        6 cols    0.00s
[FEAT]  microstructure    5 cols    0.00s
[FEAT]  intraday          4 cols    0.01s

[PWFO]  IS63_OOS5 window 0: IS[0:441]  OOS[441:476]

[FRACDIFF] Optimal d  : 0.1172
           ADF p-val  : 4.7762 %  (n=278)
           Corr (raw) : 0.9926
[WFO]  Fold 1: insufficient events (train=44, val=26) — skipping

[PWFO]  IS63_OOS5 window 1: IS[35:476]  OOS[476:511]

[FRACDIFF] Optimal d  : 0.5781
           ADF p-val  : 0.0000 %  (n=278)
           Corr (raw) : 0.6785
[WFO]  Fold 2: insufficient events (train=50, val=27) — skipping

[PWFO]  IS63_OOS5 window 2: IS[70:511]  OOS[511:546]

[FRACDIFF] Optimal d  : 0.5703
           ADF p-val  : 4.6541 %  (n=278)
           Corr (raw) : 0.7433
[WFO]  Fold 3: insufficient events (train=57, val=27) — skipping

[PWFO]  IS63_OOS5 window 3: IS[105:546]  OOS[546:581]

[FRACDIFF] Optimal d  : 0.5781
           ADF p-val  : 0.5144 %  (n=278)
           Corr (raw) : 0.7879
[WFO]  Fold 4: insufficient events (train=52, val=27) — skipping

[PWFO]  IS63_OOS5 window 4: IS[140:581]  OOS[581:616]

[FRACDIFF] Optimal d  : 0.6484
           ADF p-val  : 4.2582 %  (n=278)
           Corr (raw) : 0.7176
[WFO]  Fold 5: insufficient events (train=53, val=25) — skipping

[PWFO]  IS63_OOS5 window 5: IS[175:616]  OOS[616:651]

[FRACDIFF] Optimal d  : 0.4453
           ADF p-val  : 4.7970 %  (n=278)
           Corr (raw) : 0.9298
[WFO]  Fold 6: insufficient events (train=54, val=22) — skipping

[PWFO]  IS63_OOS5 window 6: IS[210:651]  OOS[651:686]

[FRACDIFF] Optimal d  : 0.5938
           ADF p-val  : 0.1314 %  (n=278)
           Corr (raw) : 0.7567
[WFO]  Fold 7: insufficient events (train=53, val=26) — skipping

[PWFO]  IS63_OOS5 window 7: IS[245:686]  OOS[686:721]

[FRACDIFF] Optimal d  : 0.0000
           ADF p-val  : 27.4235 %  (n=278)
           Corr (raw) : 1.0000
[WFO]  Fold 8: insufficient events (train=53, val=30) — skipping

[PWFO]  IS63_OOS5 window 8: IS[280:721]  OOS[721:756]

[FRACDIFF] Optimal d  : 0.4375
           ADF p-val  : 4.6923 %  (n=278)
           Corr (raw) : 0.8857
[WFO]  Fold 9: insufficient events (train=51, val=28) — skipping

[PWFO]  IS63_OOS5 window 9: IS[315:756]  OOS[756:791]

[FRACDIFF] Optimal d  : 0.0078
           ADF p-val  : 3.1125 %  (n=278)
           Corr (raw) : 1.0000
[WFO]  Fold 10: insufficient events (train=52, val=29) — skipping

[PWFO]  IS63_OOS5 window 10: IS[350:791]  OOS[791:826]

[FRACDIFF] Optimal d  : 0.1797
           ADF p-val  : 4.5728 %  (n=278)
           Corr (raw) : 0.9806
[WFO]  Fold 11: insufficient events (train=52, val=27) — skipping

[PWFO]  IS63_OOS5 window 11: IS[385:826]  OOS[826:861]

[FRACDIFF] Optimal d  : 0.0312
           ADF p-val  : 4.9316 %  (n=278)
           Corr (raw) : 0.9995
[WFO]  Fold 12: insufficient events (train=60, val=27) — skipping

[PWFO]  IS63_OOS5 window 12: IS[420:861]  OOS[861:896]

[FRACDIFF] Optimal d  : 0.1875
           ADF p-val  : 4.8398 %  (n=278)
           Corr (raw) : 0.9738
[WFO]  Fold 13: insufficient events (train=54, val=31) — skipping

[PWFO]  IS63_OOS5 window 13: IS[455:896]  OOS[896:931]

[FRACDIFF] Optimal d  : 0.2422
           ADF p-val  : 4.5688 %  (n=278)
           Corr (raw) : 0.9587
[WFO]  Fold 14: insufficient events (train=54, val=28) — skipping

[PWFO]  IS63_OOS5 window 14: IS[490:931]  OOS[931:966]

[FRACDIFF] Optimal d  : 0.2969
           ADF p-val  : 4.9764 %  (n=278)
           Corr (raw) : 0.9448
[WFO]  Fold 15: insufficient events (train=52, val=27) — skipping

[PWFO]  IS63_OOS5 window 15: IS[525:966]  OOS[966:1001]

[FRACDIFF] Optimal d  : 0.2578
           ADF p-val  : 4.9823 %  (n=278)
           Corr (raw) : 0.9580
[WFO]  Fold 16: insufficient events (train=58, val=20) — skipping

[PWFO]  IS63_OOS5 window 16: IS[560:1001]  OOS[1001:1036]

[FRACDIFF] Optimal d  : 0.2500
           ADF p-val  : 4.6575 %  (n=278)
           Corr (raw) : 0.9543
[WFO]  Fold 17: insufficient events (train=61, val=18) — skipping

[PWFO]  IS63_OOS5 window 17: IS[595:1036]  OOS[1036:1071]

[FRACDIFF] Optimal d  : 0.2422
           ADF p-val  : 4.9477 %  (n=278)
           Corr (raw) : 0.9545
[WFO]  Fold 18: insufficient events (train=58, val=22) — skipping

[PWFO]  IS63_OOS5 window 18: IS[630:1071]  OOS[1071:1106]

[FRACDIFF] Optimal d  : 0.4688
           ADF p-val  : 4.9755 %  (n=278)
           Corr (raw) : 0.7924
[WFO]  Fold 19: insufficient events (train=58, val=19) — skipping

[PWFO]  IS63_OOS5 window 19: IS[665:1106]  OOS[1106:1141]

[FRACDIFF] Optimal d  : 0.6250
           ADF p-val  : 4.9947 %  (n=278)
           Corr (raw) : 0.6242
[WFO]  Fold 20: insufficient events (train=49, val=22) — skipping

[PWFO]  IS63_OOS5 window 20: IS[700:1141]  OOS[1141:1176]

[FRACDIFF] Optimal d  : 0.6875
           ADF p-val  : 4.5752 %  (n=278)
           Corr (raw) : 0.5560
[WFO]  Fold 21: insufficient events (train=49, val=26) — skipping

[PWFO]  IS63_OOS5 window 21: IS[735:1176]  OOS[1176:1211]

[FRACDIFF] Optimal d  : 0.7109
           ADF p-val  : 4.9316 %  (n=278)
           Corr (raw) : 0.5320
[WFO]  Fold 22: insufficient events (train=51, val=25) — skipping

[PWFO]  IS63_OOS5 window 22: IS[770:1211]  OOS[1211:1246]

[FRACDIFF] Optimal d  : 0.7031
           ADF p-val  : 4.6032 %  (n=278)
           Corr (raw) : 0.5598
[WFO]  Fold 23: insufficient events (train=48, val=29) — skipping

[PWFO]  IS63_OOS5 window 23: IS[805:1246]  OOS[1246:1281]

[FRACDIFF] Optimal d  : 0.7188
           ADF p-val  : 4.8730 %  (n=278)
           Corr (raw) : 0.5378
[WFO]  Fold 24: insufficient events (train=45, val=32) — skipping

[PWFO]  IS63_OOS5 window 24: IS[840:1281]  OOS[1281:1316]

[FRACDIFF] Optimal d  : 0.5312
           ADF p-val  : 0.0036 %  (n=278)
           Corr (raw) : 0.8404
[WFO]  Fold 25: insufficient events (train=46, val=30) — skipping

[PWFO]  IS63_OOS5 window 25: IS[875:1316]  OOS[1316:1351]

[FRACDIFF] Optimal d  : 0.0078
           ADF p-val  : 2.1464 %  (n=278)
           Corr (raw) : 1.0000
[WFO]  Fold 26: insufficient events (train=47, val=28) — skipping

[PWFO]  IS63_OOS5 window 26: IS[910:1351]  OOS[1351:1386]

[FRACDIFF] Optimal d  : 0.0000
           ADF p-val  : 7.8369 %  (n=278)
           Corr (raw) : 1.0000
[WFO]  Fold 27: insufficient events (train=49, val=27) — skipping

[PWFO]  IS63_OOS5 window 27: IS[945:1386]  OOS[1386:1421]

[FRACDIFF] Optimal d  : 0.4062
           ADF p-val  : 4.7264 %  (n=278)
           Corr (raw) : 0.8373
[WFO]  Fold 28: insufficient events (train=54, val=28) — skipping

[PWFO]  IS63_OOS5 window 28: IS[980:1421]  OOS[1421:1456]

[FRACDIFF] Optimal d  : 0.4375
           ADF p-val  : 4.3994 %  (n=278)
           Corr (raw) : 0.8032
[WFO]  Fold 29: insufficient events (train=56, val=28) — skipping

[PWFO]  IS63_OOS5 window 29: IS[1015:1456]  OOS[1456:1491]

[FRACDIFF] Optimal d  : 0.1562
           ADF p-val  : 4.6782 %  (n=278)
           Corr (raw) : 0.9825
[WFO]  Fold 30: insufficient events (train=55, val=31) — skipping

[PWFO]  IS63_OOS5 window 30: IS[1050:1491]  OOS[1491:1526]

[FRACDIFF] Optimal d  : 0.3516
           ADF p-val  : 4.5480 %  (n=278)
           Corr (raw) : 0.8727
[WFO]  Fold 31: insufficient events (train=57, val=31) — skipping

[PWFO]  IS63_OOS5 window 31: IS[1085:1526]  OOS[1526:1561]

[FRACDIFF] Optimal d  : 0.3359
           ADF p-val  : 4.5632 %  (n=278)
           Corr (raw) : 0.8789
[WFO]  Fold 32: insufficient events (train=61, val=29) — skipping

[PWFO]  IS63_OOS5 window 32: IS[1120:1561]  OOS[1561:1593]

[FRACDIFF] Optimal d  : 0.2656
           ADF p-val  : 4.5890 %  (n=278)
           Corr (raw) : 0.9289
[WFO]  Fold 33: insufficient events (train=60, val=27) — skipping

[PWFO]  IS63_OOS5 window 33: IS[1155:1593]  OOS[1593:1628]

[FRACDIFF] Optimal d  : 0.2656
           ADF p-val  : 4.7067 %  (n=278)
           Corr (raw) : 0.9242
[WFO]  Fold 34: insufficient events (train=58, val=22) — skipping

[PWFO]  IS63_OOS5 window 34: IS[1190:1628]  OOS[1628:1663]

[FRACDIFF] Optimal d  : 0.2031
           ADF p-val  : 4.7410 %  (n=278)
           Corr (raw) : 0.9597
[WFO]  Fold 35: insufficient events (train=59, val=22) — skipping

[PWFO]  IS63_OOS5 window 35: IS[1225:1663]  OOS[1663:1698]

[FRACDIFF] Optimal d  : 0.0703
           ADF p-val  : 4.7577 %  (n=278)
           Corr (raw) : 0.9971
[WFO]  Fold 36: insufficient events (train=57, val=24) — skipping

[PWFO]  IS63_OOS5 window 36: IS[1260:1698]  OOS[1698:1733]

[FRACDIFF] Optimal d  : 0.4766
           ADF p-val  : 4.7940 %  (n=278)
           Corr (raw) : 0.7761
[WFO]  Fold 37: insufficient events (train=57, val=28) — skipping

[PWFO]  IS63_OOS5 window 37: IS[1295:1733]  OOS[1733:1768]

[FRACDIFF] Optimal d  : 0.6328
           ADF p-val  : 4.2684 %  (n=278)
           Corr (raw) : 0.6329
[WFO]  Fold 38: insufficient events (train=55, val=29) — skipping

[PWFO]  IS63_OOS5 window 38: IS[1330:1768]  OOS[1768:1803]

[FRACDIFF] Optimal d  : 0.7891
           ADF p-val  : 26.0680 %  (n=275)
           Corr (raw) : 0.4014
[WFO]  Fold 39: insufficient events (train=54, val=29) — skipping

[PWFO]  IS63_OOS5 window 39: IS[1365:1803]  OOS[1803:1838]

[FRACDIFF] Optimal d  : 0.8203
           ADF p-val  : 4.9830 %  (n=275)
           Corr (raw) : 0.4102
[WFO]  Fold 40: insufficient events (train=56, val=25) — skipping

[PWFO]  IS63_OOS5 window 40: IS[1400:1838]  OOS[1838:1873]

[FRACDIFF] Optimal d  : 0.8203
           ADF p-val  : 4.5198 %  (n=275)
           Corr (raw) : 0.4479
[WFO]  Fold 41: insufficient events (train=55, val=25) — skipping

[PWFO]  IS63_OOS5 window 41: IS[1435:1873]  OOS[1873:1908]

[FRACDIFF] Optimal d  : 0.8203
           ADF p-val  : 4.0817 %  (n=275)
           Corr (raw) : 0.4567
[WFO]  Fold 42: insufficient events (train=54, val=28) — skipping

[PWFO]  IS63_OOS5 window 42: IS[1470:1908]  OOS[1908:1943]

[FRACDIFF] Optimal d  : 0.6562
           ADF p-val  : 4.9863 %  (n=275)
           Corr (raw) : 0.7544
[WFO]  Fold 43: insufficient events (train=53, val=27) — skipping

[PWFO]  IS63_OOS5 window 43: IS[1505:1943]  OOS[1943:1978]

[FRACDIFF] Optimal d  : 0.7188
           ADF p-val  : 4.9848 %  (n=275)
           Corr (raw) : 0.5767
[WFO]  Fold 44: insufficient events (train=52, val=24) — skipping

[PWFO]  IS63_OOS5 window 44: IS[1540:1978]  OOS[1978:2013]

[FRACDIFF] Optimal d  : 0.7969
           ADF p-val  : 4.3261 %  (n=275)
           Corr (raw) : 0.3510
[WFO]  Fold 45: insufficient events (train=53, val=23) — skipping

[PWFO]  IS63_OOS5 window 45: IS[1575:2013]  OOS[2013:2048]

[FRACDIFF] Optimal d  : 0.7578
           ADF p-val  : 0.0043 %  (n=275)
           Corr (raw) : 0.3810
[WFO]  Fold 46: insufficient events (train=54, val=23) — skipping

[PWFO]  IS63_OOS5 window 46: IS[1607:2048]  OOS[2048:2083]

[FRACDIFF] Optimal d  : 0.0781
           ADF p-val  : 7.1169 %  (n=278)
           Corr (raw) : 0.9986
[WFO]  Fold 47: insufficient events (train=57, val=27) — skipping

[PWFO]  IS63_OOS5 window 47: IS[1642:2083]  OOS[2083:2118]

[FRACDIFF] Optimal d  : 0.0000
           ADF p-val  : 18.1597 %  (n=278)
           Corr (raw) : 1.0000
[WFO]  Fold 48: insufficient events (train=54, val=27) — skipping

[PWFO]  IS63_OOS5 window 48: IS[1677:2118]  OOS[2118:2153]

[FRACDIFF] Optimal d  : 0.5859
           ADF p-val  : 4.4779 %  (n=278)
           Corr (raw) : 0.7258
[WFO]  Fold 49: insufficient events (train=49, val=29) — skipping

[PWFO]  IS63_OOS5 window 49: IS[1712:2153]  OOS[2153:2188]

[FRACDIFF] Optimal d  : 0.6953
           ADF p-val  : 3.4562 %  (n=278)
           Corr (raw) : 0.6627
[WFO]  Fold 50: insufficient events (train=52, val=28) — skipping

[PWFO]  IS63_OOS5 window 50: IS[1747:2188]  OOS[2188:2223]

[FRACDIFF] Optimal d  : 0.6562
           ADF p-val  : 77.8179 %  (n=278)
           Corr (raw) : 0.7416
[WFO]  Fold 51: insufficient events (train=55, val=28) — skipping

[PWFO]  IS63_OOS5 window 51: IS[1782:2223]  OOS[2223:2258]

[FRACDIFF] Optimal d  : 0.7422
           ADF p-val  : 0.0218 %  (n=278)
           Corr (raw) : 0.5995
[WFO]  Fold 52: insufficient events (train=53, val=31) — skipping

[PWFO]  IS63_OOS5 window 52: IS[1817:2258]  OOS[2258:2293]

[FRACDIFF] Optimal d  : 0.6484
           ADF p-val  : 9.0838 %  (n=278)
           Corr (raw) : 0.7669
[WFO]  Fold 53: insufficient events (train=52, val=27) — skipping

[PWFO]  IS63_OOS5 window 53: IS[1852:2293]  OOS[2293:2328]

[FRACDIFF] Optimal d  : 0.5703
           ADF p-val  : 4.7549 %  (n=278)
           Corr (raw) : 0.8277
[WFO]  Fold 54: insufficient events (train=53, val=29) — skipping

[PWFO]  IS63_OOS5 window 54: IS[1887:2328]  OOS[2328:2363]

[FRACDIFF] Optimal d  : 0.5469
           ADF p-val  : 4.6794 %  (n=278)
           Corr (raw) : 0.8124
[WFO]  Fold 55: insufficient events (train=57, val=24) — skipping

[PWFO]  IS63_OOS5 window 55: IS[1922:2363]  OOS[2363:2398]

[FRACDIFF] Optimal d  : 0.0078
           ADF p-val  : 3.5820 %  (n=278)
           Corr (raw) : 1.0000
[WFO]  Fold 56: insufficient events (train=58, val=23) — skipping

[PWFO]  IS63_OOS5 window 56: IS[1957:2398]  OOS[2398:2433]

[FRACDIFF] Optimal d  : 0.0000
           ADF p-val  : 0.9756 %  (n=278)
           Corr (raw) : 1.0000
[WFO]  Fold 57: insufficient events (train=58, val=25) — skipping

[PWFO]  IS63_OOS5 window 57: IS[1992:2433]  OOS[2433:2468]

[FRACDIFF] Optimal d  : 0.0312
           ADF p-val  : 4.6582 %  (n=278)
           Corr (raw) : 0.9994
[WFO]  Fold 58: insufficient events (train=57, val=23) — skipping

[PWFO]  IS63_OOS5 window 58: IS[2027:2468]  OOS[2468:2503]

[FRACDIFF] Optimal d  : 0.0781
           ADF p-val  : 4.5893 %  (n=278)
           Corr (raw) : 0.9963
[WFO]  Fold 59: insufficient events (train=56, val=23) — skipping

[PWFO]  IS63_OOS5 window 59: IS[2062:2503]  OOS[2503:2538]

[FRACDIFF] Optimal d  : 0.2734
           ADF p-val  : 4.5375 %  (n=278)
           Corr (raw) : 0.9470
[WFO]  Fold 60: insufficient events (train=53, val=23) — skipping

[PWFO]  IS63_OOS5 window 60: IS[2097:2538]  OOS[2538:2573]

[FRACDIFF] Optimal d  : 0.5859
           ADF p-val  : 4.5370 %  (n=278)
           Corr (raw) : 0.6688
[WFO]  Fold 61: insufficient events (train=55, val=22) — skipping

[PWFO]  IS63_OOS5 window 61: IS[2132:2573]  OOS[2573:2608]

[FRACDIFF] Optimal d  : 0.5859
           ADF p-val  : 0.0008 %  (n=278)
           Corr (raw) : 0.6428
[WFO]  Fold 62: insufficient events (train=55, val=24) — skipping

[PWFO]  IS63_OOS5 window 62: IS[2167:2608]  OOS[2608:2640]

[FRACDIFF] Optimal d  : 0.5391
           ADF p-val  : 0.0204 %  (n=278)
           Corr (raw) : 0.7331
[WFO]  Fold 63: insufficient events (train=48, val=24) — skipping

[PWFO]  IS63_OOS5 window 63: IS[2202:2640]  OOS[2640:2675]

[FRACDIFF] Optimal d  : 0.4688
           ADF p-val  : 4.3640 %  (n=278)
           Corr (raw) : 0.8643
[WFO]  Fold 64: insufficient events (train=47, val=30) — skipping

[PWFO]  IS63_OOS5 window 64: IS[2237:2675]  OOS[2675:2710]

[FRACDIFF] Optimal d  : 0.6016
           ADF p-val  : 4.7611 %  (n=278)
           Corr (raw) : 0.7280
[WFO]  Fold 65: insufficient events (train=47, val=29) — skipping

[PWFO]  IS63_OOS5 window 65: IS[2272:2710]  OOS[2710:2745]

[FRACDIFF] Optimal d  : 0.4688
           ADF p-val  : 4.5464 %  (n=278)
           Corr (raw) : 0.8468
[WFO]  Fold 66: insufficient events (train=50, val=26) — skipping

[PWFO]  IS63_OOS5 window 66: IS[2307:2745]  OOS[2745:2780]

[FRACDIFF] Optimal d  : 0.4844
           ADF p-val  : 64.8159 %  (n=278)
           Corr (raw) : 0.8526
[WFO]  Fold 67: insufficient events (train=47, val=27) — skipping

[PWFO]  IS63_OOS5 window 67: IS[2342:2780]  OOS[2780:2815]

[FRACDIFF] Optimal d  : 0.3594
           ADF p-val  : 4.7953 %  (n=278)
           Corr (raw) : 0.9285
[WFO]  Fold 68: insufficient events (train=55, val=20) — skipping

[PWFO]  IS63_OOS5 window 68: IS[2377:2815]  OOS[2815:2850]

[FRACDIFF] Optimal d  : 0.3125
           ADF p-val  : 4.8785 %  (n=275)
           Corr (raw) : 0.9432
[WFO]  Fold 69: insufficient events (train=54, val=20) — skipping

[PWFO]  IS63_OOS5 window 69: IS[2412:2850]  OOS[2850:2885]

[FRACDIFF] Optimal d  : 0.0078
           ADF p-val  : 1.6970 %  (n=275)
           Corr (raw) : 1.0000
[WFO]  Fold 70: insufficient events (train=54, val=24) — skipping

[PWFO]  IS63_OOS5 window 70: IS[2447:2885]  OOS[2885:2920]

[FRACDIFF] Optimal d  : 0.4219
           ADF p-val  : 4.3815 %  (n=275)
           Corr (raw) : 0.8513
[WFO]  Fold 71: insufficient events (train=51, val=27) — skipping

[PWFO]  IS63_OOS5 window 71: IS[2482:2920]  OOS[2920:2955]

[FRACDIFF] Optimal d  : 0.4766
           ADF p-val  : 4.8602 %  (n=275)
           Corr (raw) : 0.8097
[WFO]  Fold 72: insufficient events (train=54, val=30) — skipping

[PWFO]  IS63_OOS5 window 72: IS[2517:2955]  OOS[2955:2990]

[FRACDIFF] Optimal d  : 0.4844
           ADF p-val  : 2.2594 %  (n=275)
           Corr (raw) : 0.8250
[WFO]  Fold 73: insufficient events (train=53, val=33) — skipping

[PWFO]  IS63_OOS5 window 73: IS[2552:2990]  OOS[2990:3025]

[FRACDIFF] Optimal d  : 0.5234
           ADF p-val  : 4.9821 %  (n=275)
           Corr (raw) : 0.7555
[WFO]  Fold 74: insufficient events (train=53, val=28) — skipping

[PWFO]  IS63_OOS5 window 74: IS[2587:3025]  OOS[3025:3060]

[FRACDIFF] Optimal d  : 0.2812
           ADF p-val  : 4.7859 %  (n=275)
           Corr (raw) : 0.9574
[WFO]  Fold 75: insufficient events (train=55, val=23) — skipping

[PWFO]  IS63_OOS5 window 75: IS[2622:3060]  OOS[3060:3095]

[FRACDIFF] Optimal d  : 0.3594
           ADF p-val  : 4.7774 %  (n=275)
           Corr (raw) : 0.9017
[WFO]  Fold 76: insufficient events (train=54, val=24) — skipping

[PWFO]  IS63_OOS5 window 76: IS[2654:3095]  OOS[3095:3130]

[FRACDIFF] Optimal d  : 0.1797
           ADF p-val  : 4.9891 %  (n=278)
           Corr (raw) : 0.9796
[WFO]  Fold 77: insufficient events (train=52, val=21) — skipping

[PWFO]  IS63_OOS5 window 77: IS[2689:3130]  OOS[3130:3165]

[FRACDIFF] Optimal d  : 0.1953
           ADF p-val  : 4.9159 %  (n=278)
           Corr (raw) : 0.9711
[WFO]  Fold 78: insufficient events (train=53, val=23) — skipping

[PWFO]  IS63_OOS5 window 78: IS[2724:3165]  OOS[3165:3200]

[FRACDIFF] Optimal d  : 0.4219
           ADF p-val  : 4.6486 %  (n=278)
           Corr (raw) : 0.8701
[WFO]  Fold 79: insufficient events (train=51, val=22) — skipping

[PWFO]  IS63_OOS5 window 79: IS[2759:3200]  OOS[3200:3235]

[FRACDIFF] Optimal d  : 0.4219
           ADF p-val  : 4.4381 %  (n=278)
           Corr (raw) : 0.8926
[WFO]  Fold 80: insufficient events (train=52, val=24) — skipping

[PWFO]  IS63_OOS5 window 80: IS[2794:3235]  OOS[3235:3270]

[FRACDIFF] Optimal d  : 0.5938
           ADF p-val  : 4.7318 %  (n=278)
           Corr (raw) : 0.7530
[WFO]  Fold 81: insufficient events (train=55, val=28) — skipping

[PWFO]  IS63_OOS5 window 81: IS[2829:3270]  OOS[3270:3305]

[FRACDIFF] Optimal d  : 0.6562
           ADF p-val  : 4.9163 %  (n=278)
           Corr (raw) : 0.7492
[WFO]  Fold 82: insufficient events (train=52, val=30) — skipping

[PWFO]  IS63_OOS5 window 82: IS[2864:3305]  OOS[3305:3340]

[FRACDIFF] Optimal d  : 0.8203
           ADF p-val  : 4.5017 %  (n=278)
           Corr (raw) : 0.3988
[WFO]  Fold 83: insufficient events (train=48, val=37) — skipping

[PWFO]  IS63_OOS5 window 83: IS[2899:3340]  OOS[3340:3372]

[FRACDIFF] Optimal d  : 0.7500
           ADF p-val  : 0.0005 %  (n=278)
           Corr (raw) : 0.6017
[WFO]  Fold 84: insufficient events (train=49, val=33) — skipping

[PWFO]  IS63_OOS5 window 84: IS[2934:3372]  OOS[3372:3407]

[FRACDIFF] Optimal d  : 0.7812
           ADF p-val  : 9.1132 %  (n=278)
           Corr (raw) : 0.4854
[WFO]  Fold 85: insufficient events (train=52, val=27) — skipping

[PWFO]  IS63_OOS5 window 85: IS[2969:3407]  OOS[3407:3442]

[FRACDIFF] Optimal d  : 0.8359
           ADF p-val  : 0.0000 %  (n=278)
           Corr (raw) : 0.3775
[WFO]  Fold 86: insufficient events (train=54, val=26) — skipping

[PWFO]  IS63_OOS5 window 86: IS[3004:3442]  OOS[3442:3477]

[FRACDIFF] Optimal d  : 0.7734
           ADF p-val  : 0.0000 %  (n=278)
           Corr (raw) : 0.4716
[WFO]  Fold 87: insufficient events (train=60, val=22) — skipping

[PWFO]  IS63_OOS5 window 87: IS[3039:3477]  OOS[3477:3512]

[FRACDIFF] Optimal d  : 0.5547
           ADF p-val  : 0.0002 %  (n=278)
           Corr (raw) : 0.7770
[WFO]  Fold 88: insufficient events (train=60, val=21) — skipping

[PWFO]  IS63_OOS5 window 88: IS[3074:3512]  OOS[3512:3547]

[FRACDIFF] Optimal d  : 0.5234
           ADF p-val  : 1.5683 %  (n=275)
           Corr (raw) : 0.8064
[WFO]  Fold 89: insufficient events (train=57, val=21) — skipping

[PWFO]  IS63_OOS5 window 89: IS[3109:3547]  OOS[3547:3582]

[FRACDIFF] Optimal d  : 0.7266
           ADF p-val  : 4.4450 %  (n=275)
           Corr (raw) : 0.4867
[WFO]  Fold 90: insufficient events (train=58, val=19) — skipping

[PWFO]  IS63_OOS5 window 90: IS[3144:3582]  OOS[3582:3617]

[FRACDIFF] Optimal d  : 0.7734
           ADF p-val  : 4.5340 %  (n=275)
           Corr (raw) : 0.4561
[WFO]  Fold 91: insufficient events (train=58, val=23) — skipping

[PWFO]  IS63_OOS5 window 91: IS[3179:3617]  OOS[3617:3652]

[FRACDIFF] Optimal d  : 0.6719
           ADF p-val  : 91.2797 %  (n=275)
           Corr (raw) : 0.6777
[WFO]  Fold 92: insufficient events (train=58, val=27) — skipping

[PWFO]  IS63_OOS5 window 92: IS[3214:3652]  OOS[3652:3687]

[FRACDIFF] Optimal d  : 0.6719
           ADF p-val  : 4.4934 %  (n=275)
           Corr (raw) : 0.6860
[WFO]  Fold 93: insufficient events (train=49, val=32) — skipping

[PWFO]  IS63_OOS5 window 93: IS[3249:3687]  OOS[3687:3722]

[FRACDIFF] Optimal d  : 0.7109
           ADF p-val  : 4.6651 %  (n=275)
           Corr (raw) : 0.6456
[WFO]  Fold 94: insufficient events (train=46, val=38) — skipping

[PWFO]  IS63_OOS5 window 94: IS[3284:3722]  OOS[3722:3757]

[FRACDIFF] Optimal d  : 0.7109
           ADF p-val  : 4.9931 %  (n=275)
           Corr (raw) : 0.6844
[WFO]  Fold 95: insufficient events (train=45, val=38) — skipping

[PWFO]  IS63_OOS5 window 95: IS[3319:3757]  OOS[3757:3792]

[FRACDIFF] Optimal d  : 0.7734
           ADF p-val  : 2.2060 %  (n=275)
           Corr (raw) : 0.5838
[WFO]  Fold 96: insufficient events (train=47, val=35) — skipping

[PWFO]  IS63_OOS5 window 96: IS[3351:3792]  OOS[3792:3827]

[FRACDIFF] Optimal d  : 0.8516
           ADF p-val  : 3.8720 %  (n=278)
           Corr (raw) : 0.4555
[WFO]  Fold 97: insufficient events (train=54, val=34) — skipping

[PWFO]  IS63_OOS5 window 97: IS[3386:3827]  OOS[3827:3862]

[FRACDIFF] Optimal d  : 0.8125
           ADF p-val  : 4.8489 %  (n=278)
           Corr (raw) : 0.4174
[WFO]  Fold 98: insufficient events (train=55, val=31) — skipping

[PWFO]  IS63_OOS5 window 98: IS[3421:3862]  OOS[3862:3897]

[FRACDIFF] Optimal d  : 0.6875
           ADF p-val  : 77.4556 %  (n=278)
           Corr (raw) : 0.6007
[WFO]  Fold 99: insufficient events (train=62, val=30) — skipping

[PWFO]  IS63_OOS5 window 99: IS[3456:3897]  OOS[3897:3932]

[FRACDIFF] Optimal d  : 0.5625
           ADF p-val  : 58.5870 %  (n=278)
           Corr (raw) : 0.7560
[WFO]  Fold 100: insufficient events (train=61, val=31) — skipping

[PWFO]  IS63_OOS5 window 100: IS[3491:3932]  OOS[3932:3967]

[FRACDIFF] Optimal d  : 0.3750
           ADF p-val  : 4.8888 %  (n=278)
           Corr (raw) : 0.9223
[WFO]  Fold 101: insufficient events (train=66, val=35) — skipping

[PWFO]  IS63_OOS5 window 101: IS[3526:3967]  OOS[3967:4002]

[FRACDIFF] Optimal d  : 0.3516
           ADF p-val  : 4.6552 %  (n=278)
           Corr (raw) : 0.9293
[WFO]  Fold 102: insufficient events (train=70, val=36) — skipping

[PWFO]  IS63_OOS5 window 102: IS[3561:4002]  OOS[4002:4037]

[FRACDIFF] Optimal d  : 0.3438
           ADF p-val  : 4.8910 %  (n=278)
           Corr (raw) : 0.9331
[WFO]  Fold 103: insufficient events (train=69, val=35) — skipping

[PWFO]  IS63_OOS5 window 103: IS[3596:4037]  OOS[4037:4072]

[FRACDIFF] Optimal d  : 0.2500
           ADF p-val  : 4.8109 %  (n=278)
           Corr (raw) : 0.9692
[WFO]  Fold 104: insufficient events (train=69, val=33) — skipping

[PWFO]  IS63_OOS5 window 104: IS[3631:4072]  OOS[4072:4107]

[FRACDIFF] Optimal d  : 0.0000
           ADF p-val  : 2.7872 %  (n=278)
           Corr (raw) : 1.0000
[WFO]  Fold 105: insufficient events (train=71, val=30) — skipping

[PWFO]  IS63_OOS5 window 105: IS[3666:4107]  OOS[4107:4142]

[FRACDIFF] Optimal d  : 0.1719
           ADF p-val  : 8.7826 %  (n=278)
           Corr (raw) : 0.9828
[WFO]  Fold 106: insufficient events (train=70, val=28) — skipping

[PWFO]  IS63_OOS5 window 106: IS[3701:4142]  OOS[4142:4177]

[FRACDIFF] Optimal d  : 0.3359
           ADF p-val  : 4.6120 %  (n=278)
           Corr (raw) : 0.9218
[WFO]  Fold 107: insufficient events (train=68, val=29) — skipping

[PWFO]  IS63_OOS5 window 107: IS[3736:4177]  OOS[4177:4212]

[FRACDIFF] Optimal d  : 0.3281
           ADF p-val  : 4.5245 %  (n=278)
           Corr (raw) : 0.9298
[WFO]  Fold 108: insufficient events (train=66, val=31) — skipping

[PWFO]  IS63_OOS5 window 108: IS[3771:4212]  OOS[4212:4247]

[FRACDIFF] Optimal d  : 0.2969
           ADF p-val  : 4.7192 %  (n=278)
           Corr (raw) : 0.9430
[WFO]  Fold 109: insufficient events (train=67, val=26) — skipping

[PWFO]  IS63_OOS5 window 109: IS[3806:4247]  OOS[4247:4282]

[FRACDIFF] Optimal d  : 0.2031
           ADF p-val  : 4.7440 %  (n=278)
           Corr (raw) : 0.9800
[WFO]  Fold 110: insufficient events (train=64, val=28) — skipping

[PWFO]  IS63_OOS5 window 110: IS[3841:4282]  OOS[4282:4317]

[FRACDIFF] Optimal d  : 0.0078
           ADF p-val  : 3.5633 %  (n=278)
           Corr (raw) : 1.0000
[WFO]  Fold 111: insufficient events (train=66, val=25) — skipping

[PWFO]  IS63_OOS5 window 111: IS[3876:4317]  OOS[4317:4352]

[FRACDIFF] Optimal d  : 0.1094
           ADF p-val  : 4.5975 %  (n=278)
           Corr (raw) : 0.9923
[WFO]  Fold 112: insufficient events (train=65, val=24) — skipping

[PWFO]  IS63_OOS5 window 112: IS[3911:4352]  OOS[4352:4387]

[FRACDIFF] Optimal d  : 0.1875
           ADF p-val  : 4.4536 %  (n=278)
           Corr (raw) : 0.9813
[WFO]  Fold 113: insufficient events (train=59, val=27) — skipping

[PWFO]  IS63_OOS5 window 113: IS[3946:4387]  OOS[4387:4419]

[FRACDIFF] Optimal d  : 0.3125
           ADF p-val  : 4.4897 %  (n=278)
           Corr (raw) : 0.9237
[WFO]  Fold 114: insufficient events (train=58, val=25) — skipping

[PWFO]  IS63_OOS5 window 114: IS[3981:4419]  OOS[4419:4454]

[FRACDIFF] Optimal d  : 0.3984
           ADF p-val  : 4.6673 %  (n=278)
           Corr (raw) : 0.8951
[WFO]  Fold 115: insufficient events (train=54, val=27) — skipping

[PWFO]  IS63_OOS5 window 115: IS[4016:4454]  OOS[4454:4489]

[FRACDIFF] Optimal d  : 0.4609
           ADF p-val  : 59.1901 %  (n=278)
           Corr (raw) : 0.8853
[WFO]  Fold 116: insufficient events (train=56, val=25) — skipping

[PWFO]  IS63_OOS5 window 116: IS[4051:4489]  OOS[4489:4524]

[FRACDIFF] Optimal d  : 0.5234
           ADF p-val  : 0.0208 %  (n=278)
           Corr (raw) : 0.8055
[WFO]  Fold 117: insufficient events (train=56, val=21) — skipping

[PWFO]  IS63_OOS5 window 117: IS[4086:4524]  OOS[4524:4559]

[FRACDIFF] Optimal d  : 0.2812
           ADF p-val  : 4.7321 %  (n=278)
           Corr (raw) : 0.9601
[WFO]  Fold 118: insufficient events (train=56, val=22) — skipping

[PWFO]  IS63_OOS5 window 118: IS[4121:4559]  OOS[4559:4594]

[FRACDIFF] Optimal d  : 0.1172
           ADF p-val  : 3.4533 %  (n=275)
           Corr (raw) : 0.9921
[WFO]  Fold 119: insufficient events (train=53, val=21) — skipping

[PWFO]  IS63_OOS5 window 119: IS[4156:4594]  OOS[4594:4629]

[FRACDIFF] Optimal d  : 0.5625
           ADF p-val  : 33.5534 %  (n=275)
           Corr (raw) : 0.6708
[WFO]  Fold 120: insufficient events (train=51, val=24) — skipping

[PWFO]  IS63_OOS5 window 120: IS[4191:4629]  OOS[4629:4664]

[FRACDIFF] Optimal d  : 0.7188
           ADF p-val  : 0.0000 %  (n=275)
           Corr (raw) : 0.4514
[WFO]  Fold 121: insufficient events (train=49, val=28) — skipping

[PWFO]  IS63_OOS5 window 121: IS[4226:4664]  OOS[4664:4699]

[FRACDIFF] Optimal d  : 0.7031
           ADF p-val  : 0.0000 %  (n=275)
           Corr (raw) : 0.5054
[WFO]  Fold 122: insufficient events (train=49, val=25) — skipping

[PWFO]  IS63_OOS5 window 122: IS[4261:4699]  OOS[4699:4734]

[FRACDIFF] Optimal d  : 0.6641
           ADF p-val  : 0.0000 %  (n=275)
           Corr (raw) : 0.5779
[WFO]  Fold 123: insufficient events (train=50, val=25) — skipping

[PWFO]  IS63_OOS5 window 123: IS[4296:4734]  OOS[4734:4769]

[FRACDIFF] Optimal d  : 0.8438
           ADF p-val  : 0.0000 %  (n=275)
           Corr (raw) : 0.3099
[WFO]  Fold 124: insufficient events (train=49, val=26) — skipping

[PWFO]  IS63_OOS5 window 124: IS[4331:4769]  OOS[4769:4804]

[FRACDIFF] Optimal d  : 0.6719
           ADF p-val  : 0.0000 %  (n=275)
           Corr (raw) : 0.6027
[WFO]  Fold 125: insufficient events (train=49, val=28) — skipping

[PWFO]  IS63_OOS5 window 125: IS[4366:4804]  OOS[4804:4839]

[FRACDIFF] Optimal d  : 0.5938
           ADF p-val  : 4.7575 %  (n=275)
           Corr (raw) : 0.6968
[WFO]  Fold 126: insufficient events (train=49, val=28) — skipping

[PWFO]  IS63_OOS5 window 126: IS[4398:4839]  OOS[4839:4874]

[FRACDIFF] Optimal d  : 0.6406
           ADF p-val  : 4.5237 %  (n=278)
           Corr (raw) : 0.6235
[WFO]  Fold 127: insufficient events (train=48, val=28) — skipping

[PWFO]  IS63_OOS5 window 127: IS[4433:4874]  OOS[4874:4909]

[FRACDIFF] Optimal d  : 0.6094
           ADF p-val  : 4.4302 %  (n=278)
           Corr (raw) : 0.6732
[WFO]  Fold 128: insufficient events (train=51, val=32) — skipping

[PWFO]  IS63_OOS5 window 128: IS[4468:4909]  OOS[4909:4944]

[FRACDIFF] Optimal d  : 0.6094
           ADF p-val  : 4.5995 %  (n=278)
           Corr (raw) : 0.6747
[WFO]  Fold 129: insufficient events (train=56, val=33) — skipping

[PWFO]  IS63_OOS5 window 129: IS[4503:4944]  OOS[4944:4979]

[FRACDIFF] Optimal d  : 0.5859
           ADF p-val  : 4.5554 %  (n=278)
           Corr (raw) : 0.7482
[WFO]  Fold 130: insufficient events (train=55, val=36) — skipping

[PWFO]  IS63_OOS5 window 130: IS[4538:4979]  OOS[4979:5014]

[FRACDIFF] Optimal d  : 0.5938
           ADF p-val  : 4.4838 %  (n=278)
           Corr (raw) : 0.6843
[WFO]  Fold 131: insufficient events (train=53, val=42) — skipping

[PWFO]  IS63_OOS5 window 131: IS[4573:5014]  OOS[5014:5049]

[FRACDIFF] Optimal d  : 0.4453
           ADF p-val  : 10.6922 %  (n=278)
           Corr (raw) : 0.8594
[WFO]  Fold 132: insufficient events (train=58, val=36) — skipping

[PWFO]  IS63_OOS5 window 132: IS[4608:5049]  OOS[5049:5084]

[FRACDIFF] Optimal d  : 0.6875
           ADF p-val  : 4.5644 %  (n=278)
           Corr (raw) : 0.5980
[WFO]  Fold 133: insufficient events (train=64, val=33) — skipping

[PWFO]  IS63_OOS5 window 133: IS[4643:5084]  OOS[5084:5116]

[FRACDIFF] Optimal d  : 0.6641
           ADF p-val  : 4.8891 %  (n=278)
           Corr (raw) : 0.6371
[WFO]  Fold 134: insufficient events (train=66, val=35) — skipping

[PWFO]  IS63_OOS5 window 134: IS[4678:5116]  OOS[5116:5151]

[FRACDIFF] Optimal d  : 0.8828
           ADF p-val  : 0.1502 %  (n=278)
           Corr (raw) : 0.3127
[WFO]  Fold 135: insufficient events (train=70, val=29) — skipping

[PWFO]  IS63_OOS5 window 135: IS[4713:5151]  OOS[5151:5186]

[FRACDIFF] Optimal d  : 0.8359
           ADF p-val  : 0.0759 %  (n=278)
           Corr (raw) : 0.3167
[WFO]  Fold 136: insufficient events (train=69, val=30) — skipping

[PWFO]  IS63_OOS5 window 136: IS[4748:5186]  OOS[5186:5221]

[FRACDIFF] Optimal d  : 0.6719
           ADF p-val  : 4.9140 %  (n=278)
           Corr (raw) : 0.6075
[WFO]  Fold 137: insufficient events (train=68, val=33) — skipping

[PWFO]  IS63_OOS5 window 137: IS[4783:5221]  OOS[5221:5253]

[FRACDIFF] Optimal d  : 0.6328
           ADF p-val  : 4.3870 %  (n=278)
           Corr (raw) : 0.6423
[WFO]  Fold 138: insufficient events (train=70, val=31) — skipping

[PWFO]  IS63_OOS5 window 138: IS[4818:5253]  OOS[5253:5288]

[FRACDIFF] Optimal d  : 0.4609
           ADF p-val  : 4.5273 %  (n=275)
           Corr (raw) : 0.8552
[WFO]  Fold 139: insufficient events (train=72, val=36) — skipping

[PWFO]  IS63_OOS5 window 139: IS[4853:5288]  OOS[5288:5323]

[FRACDIFF] Optimal d  : 0.1719
           ADF p-val  : 4.7740 %  (n=275)
           Corr (raw) : 0.9833
[WFO]  Fold 140: insufficient events (train=69, val=32) — skipping

[PWFO]  IS63_OOS5 window 140: IS[4888:5323]  OOS[5323:5358]

[FRACDIFF] Optimal d  : 0.2266
           ADF p-val  : 4.5102 %  (n=275)
           Corr (raw) : 0.9619
[WFO]  Fold 141: insufficient events (train=67, val=24) — skipping

[PWFO]  IS63_OOS5 window 141: IS[4923:5358]  OOS[5358:5393]

[FRACDIFF] Optimal d  : 0.3047
           ADF p-val  : 4.8358 %  (n=275)
           Corr (raw) : 0.9354
[WFO]  Fold 142: insufficient events (train=67, val=21) — skipping

[PWFO]  IS63_OOS5 window 142: IS[4958:5393]  OOS[5393:5428]

[FRACDIFF] Optimal d  : 0.4688
           ADF p-val  : 4.3025 %  (n=272)
           Corr (raw) : 0.8881
[WFO]  Fold 143: insufficient events (train=67, val=18) — skipping

[PWFO]  IS63_OOS5 window 143: IS[4993:5428]  OOS[5428:5463]

[FRACDIFF] Optimal d  : 0.6406
           ADF p-val  : 0.0368 %  (n=272)
           Corr (raw) : 0.6891
[WFO]  Fold 144: insufficient events (train=63, val=22) — skipping

[PWFO]  IS63_OOS5 window 144: IS[5028:5463]  OOS[5463:5498]

[FRACDIFF] Optimal d  : 0.5703
           ADF p-val  : 0.0885 %  (n=272)
           Corr (raw) : 0.7379
[WFO]  Fold 145: insufficient events (train=62, val=26) — skipping

[PWFO]  IS63_OOS5 window 145: IS[5063:5498]  OOS[5498:5533]

[FRACDIFF] Optimal d  : 0.7031
           ADF p-val  : 4.5402 %  (n=272)
           Corr (raw) : 0.4893
[WFO]  Fold 146: insufficient events (train=53, val=28) — skipping

[PWFO]  IS63_OOS5 window 146: IS[5095:5533]  OOS[5533:5568]

[FRACDIFF] Optimal d  : 0.6484
           ADF p-val  : 4.5149 %  (n=275)
           Corr (raw) : 0.6074
[WFO]  Fold 147: insufficient events (train=55, val=25) — skipping

[PWFO]  IS63_OOS5 window 147: IS[5130:5568]  OOS[5568:5603]

[FRACDIFF] Optimal d  : 0.7109
           ADF p-val  : 4.7632 %  (n=275)
           Corr (raw) : 0.4417
[WFO]  Fold 148: insufficient events (train=57, val=26) — skipping

[PWFO]  IS63_OOS5 window 148: IS[5165:5603]  OOS[5603:5638]

[FRACDIFF] Optimal d  : 0.7422
           ADF p-val  : 6.5610 %  (n=275)
           Corr (raw) : 0.4746
[WFO]  Fold 149: insufficient events (train=53, val=27) — skipping

[PWFO]  IS63_OOS5 window 149: IS[5200:5638]  OOS[5638:5673]

[FRACDIFF] Optimal d  : 0.6719
           ADF p-val  : 4.6124 %  (n=275)
           Corr (raw) : 0.6718
[WFO]  Fold 150: insufficient events (train=52, val=26) — skipping

[PWFO]  IS63_OOS5 window 150: IS[5232:5673]  OOS[5673:5708]

[FRACDIFF] Optimal d  : 0.6328
           ADF p-val  : 4.7663 %  (n=278)
           Corr (raw) : 0.7376
[WFO]  Fold 151: insufficient events (train=49, val=31) — skipping

[PWFO]  IS63_OOS5 window 151: IS[5267:5708]  OOS[5708:5743]

[FRACDIFF] Optimal d  : 0.6172
           ADF p-val  : 4.5904 %  (n=278)
           Corr (raw) : 0.7818
[WFO]  Fold 152: insufficient events (train=50, val=30) — skipping

[PWFO]  IS63_OOS5 window 152: IS[5302:5743]  OOS[5743:5778]

[FRACDIFF] Optimal d  : 0.5781
           ADF p-val  : 4.3254 %  (n=278)
           Corr (raw) : 0.8001
[WFO]  Fold 153: insufficient events (train=52, val=28) — skipping

[PWFO]  IS63_OOS5 window 153: IS[5337:5778]  OOS[5778:5813]

[FRACDIFF] Optimal d  : 0.6328
           ADF p-val  : 1.5195 %  (n=278)
           Corr (raw) : 0.7161
[WFO]  Fold 154: insufficient events (train=55, val=28) — skipping

[PWFO]  IS63_OOS5 window 154: IS[5372:5813]  OOS[5813:5848]

[FRACDIFF] Optimal d  : 0.3828
           ADF p-val  : 6.5649 %  (n=278)
           Corr (raw) : 0.9376
[WFO]  Fold 155: insufficient events (train=56, val=23) — skipping

[PWFO]  IS63_OOS5 window 155: IS[5407:5848]  OOS[5848:5883]

[FRACDIFF] Optimal d  : 0.6953
           ADF p-val  : 4.6362 %  (n=278)
           Corr (raw) : 0.5045
[WFO]  Fold 156: insufficient events (train=58, val=24) — skipping

[PWFO]  IS63_OOS5 window 156: IS[5442:5883]  OOS[5883:5918]

[FRACDIFF] Optimal d  : 0.6953
           ADF p-val  : 4.6859 %  (n=278)
           Corr (raw) : 0.5025
[WFO]  Fold 157: insufficient events (train=56, val=27) — skipping

[PWFO]  IS63_OOS5 window 157: IS[5477:5918]  OOS[5918:5953]

[FRACDIFF] Optimal d  : 0.7188
           ADF p-val  : 4.9646 %  (n=278)
           Corr (raw) : 0.5174
[WFO]  Fold 158: insufficient events (train=55, val=29) — skipping

[PWFO]  IS63_OOS5 window 158: IS[5512:5953]  OOS[5953:5988]

[FRACDIFF] Optimal d  : 0.7656
           ADF p-val  : 4.2336 %  (n=278)
           Corr (raw) : 0.4722
[WFO]  Fold 159: insufficient events (train=56, val=28) — skipping

[PWFO]  IS63_OOS5 window 159: IS[5547:5988]  OOS[5988:6023]

[FRACDIFF] Optimal d  : 0.7656
           ADF p-val  : 0.0000 %  (n=278)
           Corr (raw) : 0.4786
[WFO]  Fold 160: insufficient events (train=56, val=27) — skipping

[PWFO]  IS63_OOS5 window 160: IS[5582:6023]  OOS[6023:6058]

[FRACDIFF] Optimal d  : 0.6719
           ADF p-val  : 24.0145 %  (n=278)
           Corr (raw) : 0.5488
[WFO]  Fold 161: insufficient events (train=57, val=27) — skipping

[PWFO]  IS63_OOS5 window 161: IS[5617:6058]  OOS[6058:6093]

[FRACDIFF] Optimal d  : 0.6797
           ADF p-val  : 0.0000 %  (n=278)
           Corr (raw) : 0.4975
[WFO]  Fold 162: insufficient events (train=59, val=24) — skipping

[PWFO]  IS63_OOS5 window 162: IS[5652:6093]  OOS[6093:6128]

[FRACDIFF] Optimal d  : 0.3125
           ADF p-val  : 6.2297 %  (n=278)
           Corr (raw) : 0.9308
[WFO]  Fold 163: insufficient events (train=55, val=24) — skipping

[PWFO]  IS63_OOS5 window 163: IS[5687:6128]  OOS[6128:6160]

[FRACDIFF] Optimal d  : 0.5078
           ADF p-val  : 4.8917 %  (n=278)
           Corr (raw) : 0.7758
[WFO]  Fold 164: insufficient events (train=51, val=21) — skipping

[PWFO]  IS63_OOS5 window 164: IS[5722:6160]  OOS[6160:6195]

[FRACDIFF] Optimal d  : 0.5078
           ADF p-val  : 4.6944 %  (n=278)
           Corr (raw) : 0.7894
[WFO]  Fold 165: insufficient events (train=54, val=20) — skipping

[PWFO]  IS63_OOS5 window 165: IS[5757:6195]  OOS[6195:6230]

[FRACDIFF] Optimal d  : 0.5078
           ADF p-val  : 4.6111 %  (n=278)
           Corr (raw) : 0.7766
[WFO]  Fold 166: insufficient events (train=54, val=20) — skipping

[PWFO]  IS63_OOS5 window 166: IS[5792:6230]  OOS[6230:6265]

[FRACDIFF] Optimal d  : 0.5156
           ADF p-val  : 4.4695 %  (n=278)
           Corr (raw) : 0.7652
[WFO]  Fold 167: insufficient events (train=53, val=23) — skipping

[PWFO]  IS63_OOS5 window 167: IS[5827:6265]  OOS[6265:6300]

[FRACDIFF] Optimal d  : 0.5312
           ADF p-val  : 4.8007 %  (n=278)
           Corr (raw) : 0.7469
[WFO]  Fold 168: insufficient events (train=51, val=28) — skipping

[PWFO]  IS63_OOS5 window 168: IS[5862:6300]  OOS[6300:6335]

[FRACDIFF] Optimal d  : 0.6016
           ADF p-val  : 0.0091 %  (n=275)
           Corr (raw) : 0.7171
[WFO]  Fold 169: insufficient events (train=48, val=30) — skipping

[PWFO]  IS63_OOS5 window 169: IS[5897:6335]  OOS[6335:6370]

[FRACDIFF] Optimal d  : 0.7109
           ADF p-val  : 4.6158 %  (n=275)
           Corr (raw) : 0.6080
[WFO]  Fold 170: insufficient events (train=45, val=35) — skipping

[PWFO]  IS63_OOS5 window 170: IS[5932:6370]  OOS[6370:6405]

[FRACDIFF] Optimal d  : 0.7031
           ADF p-val  : 4.6976 %  (n=275)
           Corr (raw) : 0.6583
[WFO]  Fold 171: insufficient events (train=46, val=34) — skipping

[PWFO]  IS63_OOS5 window 171: IS[5967:6405]  OOS[6405:6440]

[FRACDIFF] Optimal d  : 0.6172
           ADF p-val  : 4.7351 %  (n=275)
           Corr (raw) : 0.7870
[WFO]  Fold 172: insufficient events (train=51, val=30) — skipping

[PWFO]  IS63_OOS5 window 172: IS[6002:6440]  OOS[6440:6475]

[FRACDIFF] Optimal d  : 0.7109
           ADF p-val  : 4.3998 %  (n=275)
           Corr (raw) : 0.4343
[WFO]  Fold 173: insufficient events (train=52, val=27) — skipping

[PWFO]  IS63_OOS5 window 173: IS[6037:6475]  OOS[6475:6510]

[FRACDIFF] Optimal d  : 0.0000
           ADF p-val  : 1.4986 %  (n=275)
           Corr (raw) : 1.0000
[WFO]  Fold 174: insufficient events (train=54, val=20) — skipping

[PWFO]  IS63_OOS5 window 174: IS[6072:6510]  OOS[6510:6545]

[FRACDIFF] Optimal d  : 0.7656
           ADF p-val  : 4.5843 %  (n=275)
           Corr (raw) : 0.4193
[WFO]  Fold 175: insufficient events (train=58, val=18) — skipping

[PWFO]  IS63_OOS5 window 175: IS[6107:6545]  OOS[6545:6580]

[FRACDIFF] Optimal d  : 0.6250
           ADF p-val  : 4.4986 %  (n=275)
           Corr (raw) : 0.5926
[WFO]  Fold 176: insufficient events (train=57, val=17) — skipping

[PWFO]  IS63_OOS5 window 176: IS[6142:6580]  OOS[6580:6615]

[FRACDIFF] Optimal d  : 0.6250
           ADF p-val  : 4.5885 %  (n=275)
           Corr (raw) : 0.6009
[WFO]  Fold 177: insufficient events (train=59, val=23) — skipping

[PWFO]  IS63_OOS5 window 177: IS[6174:6615]  OOS[6615:6650]

[FRACDIFF] Optimal d  : 0.3438
           ADF p-val  : 4.6957 %  (n=278)
           Corr (raw) : 0.9213
[WFO]  Fold 178: insufficient events (train=58, val=29) — skipping

[PWFO]  IS63_OOS5 window 178: IS[6209:6650]  OOS[6650:6685]

[FRACDIFF] Optimal d  : 0.3828
           ADF p-val  : 4.9794 %  (n=278)
           Corr (raw) : 0.8963
[WFO]  Fold 179: insufficient events (train=55, val=30) — skipping

[PWFO]  IS63_OOS5 window 179: IS[6244:6685]  OOS[6685:6720]

[FRACDIFF] Optimal d  : 0.3438
           ADF p-val  : 4.8816 %  (n=278)
           Corr (raw) : 0.9239
[WFO]  Fold 180: insufficient events (train=51, val=30) — skipping

[PWFO]  IS63_OOS5 window 180: IS[6279:6720]  OOS[6720:6755]

[FRACDIFF] Optimal d  : 0.4375
           ADF p-val  : 1.5076 %  (n=278)
           Corr (raw) : 0.8491
[WFO]  Fold 181: insufficient events (train=53, val=22) — skipping

[PWFO]  IS63_OOS5 window 181: IS[6314:6755]  OOS[6755:6790]

[FRACDIFF] Optimal d  : 0.2109
           ADF p-val  : 4.8892 %  (n=278)
           Corr (raw) : 0.9784
[WFO]  Fold 182: insufficient events (train=53, val=18) — skipping

[PWFO]  IS63_OOS5 window 182: IS[6349:6790]  OOS[6790:6825]

[FRACDIFF] Optimal d  : 0.1797
           ADF p-val  : 4.9746 %  (n=278)
           Corr (raw) : 0.9834
[WFO]  Fold 183: insufficient events (train=49, val=18) — skipping

[PWFO]  IS63_OOS5 window 183: IS[6384:6825]  OOS[6825:6860]

[FRACDIFF] Optimal d  : 0.1250
           ADF p-val  : 4.8473 %  (n=278)
           Corr (raw) : 0.9935
[WFO]  Fold 184: insufficient events (train=48, val=19) — skipping

[PWFO]  IS63_OOS5 window 184: IS[6419:6860]  OOS[6860:6892]

[FRACDIFF] Optimal d  : 0.1562
           ADF p-val  : 4.5670 %  (n=278)
           Corr (raw) : 0.9864
[WFO]  Fold 185: insufficient events (train=46, val=21) — skipping

[PWFO]  IS63_OOS5 window 185: IS[6454:6892]  OOS[6892:6927]

[FRACDIFF] Optimal d  : 0.4219
           ADF p-val  : 4.6585 %  (n=278)
           Corr (raw) : 0.8712
[WFO]  Fold 186: insufficient events (train=46, val=23) — skipping

[PWFO]  IS63_OOS5 window 186: IS[6489:6927]  OOS[6927:6962]

[FRACDIFF] Optimal d  : 0.5000
           ADF p-val  : 4.3081 %  (n=278)
           Corr (raw) : 0.8438
[WFO]  Fold 187: insufficient events (train=48, val=20) — skipping

[PWFO]  IS63_OOS5 window 187: IS[6524:6962]  OOS[6962:6994]

[FRACDIFF] Optimal d  : 0.5625
           ADF p-val  : 4.1535 %  (n=278)
           Corr (raw) : 0.8164
[WFO]  Fold 188: insufficient events (train=49, val=20) — skipping

[PWFO]  IS63_OOS5 window 188: IS[6559:6994]  OOS[6994:7029]

[FRACDIFF] Optimal d  : 0.5859
           ADF p-val  : 4.9577 %  (n=278)
           Corr (raw) : 0.8104
[WFO]  Fold 189: insufficient events (train=46, val=16) — skipping

[PWFO]  IS63_OOS5 window 189: IS[6594:7029]  OOS[7029:7064]

[FRACDIFF] Optimal d  : 0.6016
           ADF p-val  : 4.5669 %  (n=275)
           Corr (raw) : 0.7892
[WFO]  Fold 190: insufficient events (train=41, val=16) — skipping

[PWFO]  IS63_OOS5 window 190: IS[6629:7064]  OOS[7064:7099]

[FRACDIFF] Optimal d  : 0.4922
           ADF p-val  : 4.4546 %  (n=275)
           Corr (raw) : 0.8916
[WFO]  Fold 191: insufficient events (train=39, val=20) — skipping

[PWFO]  IS63_OOS5 window 191: IS[6664:7099]  OOS[7099:7134]

[FRACDIFF] Optimal d  : 0.5859
           ADF p-val  : 29.3710 %  (n=275)
           Corr (raw) : 0.7778
[WFO]  Fold 192: insufficient events (train=41, val=24) — skipping

[PWFO]  IS63_OOS5 window 192: IS[6699:7134]  OOS[7134:7169]

[FRACDIFF] Optimal d  : 0.6250
           ADF p-val  : 0.5983 %  (n=275)
           Corr (raw) : 0.7392
[WFO]  Fold 193: insufficient events (train=39, val=33) — skipping

[PWFO]  IS63_OOS5 window 193: IS[6734:7169]  OOS[7169:7204]

[FRACDIFF] Optimal d  : 0.6094
           ADF p-val  : 25.4318 %  (n=272)
           Corr (raw) : 0.7741
[WFO]  Fold 194: insufficient events (train=39, val=34) — skipping

[PWFO]  IS63_OOS5 window 194: IS[6769:7204]  OOS[7204:7239]

[FRACDIFF] Optimal d  : 0.5781
           ADF p-val  : 4.6802 %  (n=272)
           Corr (raw) : 0.8246
[WFO]  Fold 195: insufficient events (train=40, val=34) — skipping

[PWFO]  IS63_OOS5 window 195: IS[6804:7239]  OOS[7239:7274]

[FRACDIFF] Optimal d  : 0.7188
           ADF p-val  : 0.0723 %  (n=272)
           Corr (raw) : 0.6221
[WFO]  Fold 196: insufficient events (train=45, val=29) — skipping

[PWFO]  IS63_OOS5 window 196: IS[6839:7274]  OOS[7274:7309]

[FRACDIFF] Optimal d  : 0.7422
           ADF p-val  : 4.5302 %  (n=272)
           Corr (raw) : 0.5923
[WFO]  Fold 197: insufficient events (train=46, val=25) — skipping

[PWFO]  IS63_OOS5 window 197: IS[6871:7309]  OOS[7309:7344]

[FRACDIFF] Optimal d  : 0.5312
           ADF p-val  : 4.7269 %  (n=275)
           Corr (raw) : 0.8544
[WFO]  Fold 198: insufficient events (train=50, val=28) — skipping

[PWFO]  IS63_OOS5 window 198: IS[6906:7344]  OOS[7344:7379]

[FRACDIFF] Optimal d  : 0.5781
           ADF p-val  : 4.8658 %  (n=275)
           Corr (raw) : 0.7247
[WFO]  Fold 199: insufficient events (train=53, val=31) — skipping

[PWFO]  IS63_OOS5 window 199: IS[6941:7379]  OOS[7379:7414]

[FRACDIFF] Optimal d  : 0.6641
           ADF p-val  : 4.4464 %  (n=275)
           Corr (raw) : 0.5986
[WFO]  Fold 200: insufficient events (train=54, val=39) — skipping

[PWFO]  IS63_OOS5 window 200: IS[6976:7414]  OOS[7414:7449]

[FRACDIFF] Optimal d  : 0.6250
           ADF p-val  : 4.6022 %  (n=275)
           Corr (raw) : 0.6291
[WFO]  Fold 201: insufficient events (train=57, val=37) — skipping

[PWFO]  IS63_OOS5 window 201: IS[7008:7449]  OOS[7449:7484]

[FRACDIFF] Optimal d  : 0.9844
           ADF p-val  : 86.0143 %  (n=278)
           Corr (raw) : 0.2257
[WFO]  Fold 202: insufficient events (train=65, val=32) — skipping

[PWFO]  IS63_OOS5 window 202: IS[7043:7484]  OOS[7484:7519]

[FRACDIFF] Optimal d  : 0.9219
           ADF p-val  : 4.6762 %  (n=278)
           Corr (raw) : 0.2219
[WFO]  Fold 203: insufficient events (train=67, val=25) — skipping

[PWFO]  IS63_OOS5 window 203: IS[7078:7519]  OOS[7519:7554]

[FRACDIFF] Optimal d  : 0.8594
           ADF p-val  : 42.6197 %  (n=278)
           Corr (raw) : 0.3242
[WFO]  Fold 204: insufficient events (train=68, val=19) — skipping

[PWFO]  IS63_OOS5 window 204: IS[7113:7554]  OOS[7554:7589]

[FRACDIFF] Optimal d  : 0.9141
           ADF p-val  : 0.0000 %  (n=278)
           Corr (raw) : 0.2572
[WFO]  Fold 205: insufficient events (train=68, val=19) — skipping

[PWFO]  IS63_OOS5 window 205: IS[7148:7589]  OOS[7589:7624]

[FRACDIFF] Optimal d  : 0.8281
           ADF p-val  : 0.0091 %  (n=278)
           Corr (raw) : 0.3516
[WFO]  Fold 206: insufficient events (train=64, val=17) — skipping

[PWFO]  IS63_OOS5 window 206: IS[7183:7624]  OOS[7624:7659]

[FRACDIFF] Optimal d  : 0.8047
           ADF p-val  : 0.0088 %  (n=278)
           Corr (raw) : 0.3782
[WFO]  Fold 207: insufficient events (train=57, val=20) — skipping

[PWFO]  IS63_OOS5 window 207: IS[7218:7659]  OOS[7659:7694]

[FRACDIFF] Optimal d  : 0.7656
           ADF p-val  : 0.0032 %  (n=278)
           Corr (raw) : 0.3806
[WFO]  Fold 208: insufficient events (train=57, val=18) — skipping

[PWFO]  IS63_OOS5 window 208: IS[7253:7694]  OOS[7694:7729]

[FRACDIFF] Optimal d  : 0.7188
           ADF p-val  : 0.0012 %  (n=278)
           Corr (raw) : 0.4054
[WFO]  Fold 209: insufficient events (train=56, val=20) — skipping

[PWFO]  IS63_OOS5 window 209: IS[7288:7729]  OOS[7729:7764]

[FRACDIFF] Optimal d  : 0.6953
           ADF p-val  : 8.2419 %  (n=278)
           Corr (raw) : 0.4674
[WFO]  Fold 210: insufficient events (train=52, val=20) — skipping

[PWFO]  IS63_OOS5 window 210: IS[7323:7764]  OOS[7764:7799]

[FRACDIFF] Optimal d  : 0.7031
           ADF p-val  : 14.5426 %  (n=278)
           Corr (raw) : 0.4579
[WFO]  Fold 211: insufficient events (train=47, val=19) — skipping

[PWFO]  IS63_OOS5 window 211: IS[7358:7799]  OOS[7799:7834]

[FRACDIFF] Optimal d  : 0.6172
           ADF p-val  : 18.8964 %  (n=278)
           Corr (raw) : 0.6873
[WFO]  Fold 212: insufficient events (train=41, val=22) — skipping

[PWFO]  IS63_OOS5 window 212: IS[7393:7834]  OOS[7834:7869]

[FRACDIFF] Optimal d  : 0.7500
           ADF p-val  : 0.0001 %  (n=278)
           Corr (raw) : 0.3146
[WFO]  Fold 213: insufficient events (train=41, val=24) — skipping

[PWFO]  IS63_OOS5 window 213: IS[7428:7869]  OOS[7869:7904]

[FRACDIFF] Optimal d  : 0.3594
           ADF p-val  : 4.6539 %  (n=278)
           Corr (raw) : 0.9385
[WFO]  Fold 214: insufficient events (train=38, val=25) — skipping

[PWFO]  IS63_OOS5 window 214: IS[7463:7904]  OOS[7904:7939]

[FRACDIFF] Optimal d  : 0.3047
           ADF p-val  : 4.7746 %  (n=278)
           Corr (raw) : 0.9464
[WFO]  Fold 215: insufficient events (train=39, val=27) — skipping

[PWFO]  IS63_OOS5 window 215: IS[7498:7939]  OOS[7939:7974]

[FRACDIFF] Optimal d  : 0.4844
           ADF p-val  : 4.9490 %  (n=278)
           Corr (raw) : 0.8860
[WFO]  Fold 216: insufficient events (train=40, val=26) — skipping

[PWFO]  IS63_OOS5 window 216: IS[7533:7974]  OOS[7974:8009]

[FRACDIFF] Optimal d  : 0.4219
           ADF p-val  : 4.4711 %  (n=278)
           Corr (raw) : 0.9083
[WFO]  Fold 217: insufficient events (train=47, val=24) — skipping

[PWFO]  IS63_OOS5 window 217: IS[7568:8009]  OOS[8009:8044]

[FRACDIFF] Optimal d  : 0.4297
           ADF p-val  : 31.4153 %  (n=278)
           Corr (raw) : 0.8997
[WFO]  Fold 218: insufficient events (train=44, val=24) — skipping

[PWFO]  IS63_OOS5 window 218: IS[7603:8044]  OOS[8044:8079]

[FRACDIFF] Optimal d  : 0.5078
           ADF p-val  : 4.8719 %  (n=278)
           Corr (raw) : 0.7995
[WFO]  Fold 219: insufficient events (train=45, val=26) — skipping

[PWFO]  IS63_OOS5 window 219: IS[7638:8079]  OOS[8079:8114]

[FRACDIFF] Optimal d  : 0.3516
           ADF p-val  : 4.7958 %  (n=278)
           Corr (raw) : 0.9323
[WFO]  Fold 220: insufficient events (train=48, val=24) — skipping

[PWFO]  IS63_OOS5 window 220: IS[7673:8114]  OOS[8114:8149]

[FRACDIFF] Optimal d  : 0.2266
           ADF p-val  : 4.6636 %  (n=278)
           Corr (raw) : 0.9716
[WFO]  Fold 221: insufficient events (train=48, val=21) — skipping

[PWFO]  IS63_OOS5 window 221: IS[7708:8149]  OOS[8149:8184]

[FRACDIFF] Optimal d  : 0.4609
           ADF p-val  : 4.8293 %  (n=278)
           Corr (raw) : 0.8069
[WFO]  Fold 222: insufficient events (train=49, val=21) — skipping

[PWFO]  IS63_OOS5 window 222: IS[7743:8184]  OOS[8184:8219]

[FRACDIFF] Optimal d  : 0.4609
           ADF p-val  : 4.6381 %  (n=278)
           Corr (raw) : 0.8104
[WFO]  Fold 223: insufficient events (train=52, val=21) — skipping

[PWFO]  IS63_OOS5 window 223: IS[7778:8219]  OOS[8219:8254]

[FRACDIFF] Optimal d  : 0.6406
           ADF p-val  : 0.0007 %  (n=278)
           Corr (raw) : 0.6154
[WFO]  Fold 224: insufficient events (train=52, val=26) — skipping

[PWFO]  IS63_OOS5 window 224: IS[7813:8254]  OOS[8254:8289]

[FRACDIFF] Optimal d  : 0.6172
           ADF p-val  : 0.1751 %  (n=278)
           Corr (raw) : 0.7468
[WFO]  Fold 225: insufficient events (train=46, val=31) — skipping

[PWFO]  IS63_OOS5 window 225: IS[7848:8289]  OOS[8289:8324]

[FRACDIFF] Optimal d  : 0.6328
           ADF p-val  : 15.0893 %  (n=278)
           Corr (raw) : 0.7514
[WFO]  Fold 226: insufficient events (train=48, val=31) — skipping

[PWFO]  IS63_OOS5 window 226: IS[7883:8324]  OOS[8324:8359]

[FRACDIFF] Optimal d  : 0.7031
           ADF p-val  : 0.0075 %  (n=278)
           Corr (raw) : 0.6262
[WFO]  Fold 227: insufficient events (train=48, val=30) — skipping

[PWFO]  IS63_OOS5 window 227: IS[7918:8359]  OOS[8359:8394]

[FRACDIFF] Optimal d  : 0.7891
           ADF p-val  : 87.4183 %  (n=278)
           Corr (raw) : 0.5255
[WFO]  Fold 228: insufficient events (train=50, val=26) — skipping

[PWFO]  IS63_OOS5 window 228: IS[7953:8394]  OOS[8394:8429]

[FRACDIFF] Optimal d  : 0.6094
           ADF p-val  : 0.0172 %  (n=278)
           Corr (raw) : 0.6971
[WFO]  Fold 229: insufficient events (train=53, val=23) — skipping

[PWFO]  IS63_OOS5 window 229: IS[7988:8429]  OOS[8429:8464]

[FRACDIFF] Optimal d  : 0.4688
           ADF p-val  : 4.7262 %  (n=278)
           Corr (raw) : 0.8506
[WFO]  Fold 230: insufficient events (train=53, val=25) — skipping

[PWFO]  IS63_OOS5 window 230: IS[8023:8464]  OOS[8464:8499]

[FRACDIFF] Optimal d  : 0.3047
           ADF p-val  : 4.7378 %  (n=278)
           Corr (raw) : 0.9469
[WFO]  Fold 231: insufficient events (train=53, val=24) — skipping

[PWFO]  IS63_OOS5 window 231: IS[8058:8499]  OOS[8499:8534]

[FRACDIFF] Optimal d  : 0.2578
           ADF p-val  : 4.9555 %  (n=278)
           Corr (raw) : 0.9585
[WFO]  Fold 232: insufficient events (train=53, val=27) — skipping

[PWFO]  IS63_OOS5 window 232: IS[8093:8534]  OOS[8534:8569]

[FRACDIFF] Optimal d  : 0.2734
           ADF p-val  : 4.9692 %  (n=278)
           Corr (raw) : 0.9509
[WFO]  Fold 233: insufficient events (train=54, val=26) — skipping

[PWFO]  IS63_OOS5 window 233: IS[8128:8569]  OOS[8569:8604]

[FRACDIFF] Optimal d  : 0.3203
           ADF p-val  : 4.5260 %  (n=278)
           Corr (raw) : 0.9346
[WFO]  Fold 234: insufficient events (train=56, val=23) — skipping

[PWFO]  IS63_OOS5 window 234: IS[8163:8604]  OOS[8604:8636]

[FRACDIFF] Optimal d  : 0.2969
           ADF p-val  : 4.5184 %  (n=278)
           Corr (raw) : 0.9460
[WFO]  Fold 235: insufficient events (train=59, val=19) — skipping

[PWFO]  IS63_OOS5 window 235: IS[8198:8636]  OOS[8636:8671]

[FRACDIFF] Optimal d  : 0.2656
           ADF p-val  : 4.4531 %  (n=278)
           Corr (raw) : 0.9496
[WFO]  Fold 236: insufficient events (train=57, val=16) — skipping

[PWFO]  IS63_OOS5 window 236: IS[8233:8671]  OOS[8671:8706]

[FRACDIFF] Optimal d  : 0.9062
           ADF p-val  : 4.7703 %  (n=278)
           Corr (raw) : 0.2099
[WFO]  Fold 237: insufficient events (train=52, val=14) — skipping

[PWFO]  IS63_OOS5 window 237: IS[8268:8706]  OOS[8706:8741]

[FRACDIFF] Optimal d  : 0.8047
           ADF p-val  : 4.8912 %  (n=278)
           Corr (raw) : 0.3203
[WFO]  Fold 238: insufficient events (train=50, val=20) — skipping

[PWFO]  IS63_OOS5 window 238: IS[8303:8741]  OOS[8741:8773]

[FRACDIFF] Optimal d  : 0.8828
           ADF p-val  : 4.8598 %  (n=278)
           Corr (raw) : 0.1828
[WFO]  Fold 239: insufficient events (train=47, val=26) — skipping

[PWFO]  IS63_OOS5 window 239: IS[8338:8773]  OOS[8773:8808]

[FRACDIFF] Optimal d  : 0.9141
           ADF p-val  : 4.9207 %  (n=275)
           Corr (raw) : 0.1805
[WFO]  Fold 240: insufficient events (train=44, val=23) — skipping

[PWFO]  IS63_OOS5 window 240: IS[8373:8808]  OOS[8808:8843]

[FRACDIFF] Optimal d  : 0.9219
           ADF p-val  : 4.7653 %  (n=275)
           Corr (raw) : 0.1910
[WFO]  Fold 241: insufficient events (train=42, val=28) — skipping

[PWFO]  IS63_OOS5 window 241: IS[8408:8843]  OOS[8843:8878]

[FRACDIFF] Optimal d  : 0.9141
           ADF p-val  : 4.9100 %  (n=275)
           Corr (raw) : 0.1801
[WFO]  Fold 242: insufficient events (train=44, val=22) — skipping

[PWFO]  IS63_OOS5 window 242: IS[8443:8878]  OOS[8878:8913]

[FRACDIFF] Optimal d  : 0.8984
           ADF p-val  : 4.6254 %  (n=275)
           Corr (raw) : 0.1944
[WFO]  Fold 243: insufficient events (train=44, val=21) — skipping

[PWFO]  IS63_OOS5 window 243: IS[8478:8913]  OOS[8913:8948]

[FRACDIFF] Optimal d  : 0.0000
           ADF p-val  : 3.5500 %  (n=272)
           Corr (raw) : 1.0000
[WFO]  Fold 244: insufficient events (train=42, val=30) — skipping

[PWFO]  IS63_OOS5 window 244: IS[8513:8948]  OOS[8948:8983]

[FRACDIFF] Optimal d  : 0.6406
           ADF p-val  : 8.4102 %  (n=272)
           Corr (raw) : 0.5239
[WFO]  Fold 245: insufficient events (train=40, val=28) — skipping

[PWFO]  IS63_OOS5 window 245: IS[8548:8983]  OOS[8983:9018]

[FRACDIFF] Optimal d  : 0.7188
           ADF p-val  : 8.2632 %  (n=272)
           Corr (raw) : 0.4598
[WFO]  Fold 246: insufficient events (train=43, val=28) — skipping

[PWFO]  IS63_OOS5 window 246: IS[8583:9018]  OOS[9018:9053]

[FRACDIFF] Optimal d  : 0.6484
           ADF p-val  : 0.0021 %  (n=272)
           Corr (raw) : 0.6060
[WFO]  Fold 247: insufficient events (train=47, val=27) — skipping

[PWFO]  IS63_OOS5 window 247: IS[8618:9053]  OOS[9053:9088]

[FRACDIFF] Optimal d  : 0.4531
           ADF p-val  : 4.8976 %  (n=272)
           Corr (raw) : 0.8466
[WFO]  Fold 248: insufficient events (train=53, val=30) — skipping

[PWFO]  IS63_OOS5 window 248: IS[8650:9088]  OOS[9088:9123]

[FRACDIFF] Optimal d  : 0.3516
           ADF p-val  : 4.9747 %  (n=275)
           Corr (raw) : 0.9218
[WFO]  Fold 249: insufficient events (train=56, val=31) — skipping

[PWFO]  IS63_OOS5 window 249: IS[8685:9123]  OOS[9123:9158]

[FRACDIFF] Optimal d  : 0.4062
           ADF p-val  : 4.4933 %  (n=275)
           Corr (raw) : 0.9005
[WFO]  Fold 250: insufficient events (train=53, val=33) — skipping

[PWFO]  IS63_OOS5 window 250: IS[8720:9158]  OOS[9158:9193]

[FRACDIFF] Optimal d  : 0.4219
           ADF p-val  : 4.8974 %  (n=275)
           Corr (raw) : 0.8923
[WFO]  Fold 251: insufficient events (train=50, val=33) — skipping

[PWFO]  IS63_OOS5 window 251: IS[8752:9193]  OOS[9193:9228]

[FRACDIFF] Optimal d  : 0.3203
           ADF p-val  : 1.7103 %  (n=278)
           Corr (raw) : 0.9382
[WFO]  Fold 252: insufficient events (train=57, val=26) — skipping

[PWFO]  IS63_OOS5 window 252: IS[8787:9228]  OOS[9228:9263]

[FRACDIFF] Optimal d  : 0.2578
           ADF p-val  : 4.9347 %  (n=278)
           Corr (raw) : 0.9465
[WFO]  Fold 253: insufficient events (train=60, val=25) — skipping

[PWFO]  IS63_OOS5 window 253: IS[8822:9263]  OOS[9263:9298]

[FRACDIFF] Optimal d  : 0.0938
           ADF p-val  : 4.9141 %  (n=278)
           Corr (raw) : 0.9945
[WFO]  Fold 254: insufficient events (train=61, val=21) — skipping

[PWFO]  IS63_OOS5 window 254: IS[8857:9298]  OOS[9298:9333]

[FRACDIFF] Optimal d  : 0.1094
           ADF p-val  : 4.7122 %  (n=278)
           Corr (raw) : 0.9932
[WFO]  Fold 255: insufficient events (train=61, val=21) — skipping

[PWFO]  IS63_OOS5 window 255: IS[8892:9333]  OOS[9333:9368]

[FRACDIFF] Optimal d  : 0.1016
           ADF p-val  : 4.8090 %  (n=278)
           Corr (raw) : 0.9939
[WFO]  Fold 256: insufficient events (train=60, val=22) — skipping

[PWFO]  IS63_OOS5 window 256: IS[8927:9368]  OOS[9368:9403]

[FRACDIFF] Optimal d  : 0.2734
           ADF p-val  : 4.5776 %  (n=278)
           Corr (raw) : 0.9372
[WFO]  Fold 257: insufficient events (train=57, val=23) — skipping

[PWFO]  IS63_OOS5 window 257: IS[8962:9403]  OOS[9403:9438]

[FRACDIFF] Optimal d  : 0.4688
           ADF p-val  : 4.7539 %  (n=278)
           Corr (raw) : 0.8525
[WFO]  Fold 258: insufficient events (train=56, val=28) — skipping

[PWFO]  IS63_OOS5 window 258: IS[8997:9438]  OOS[9438:9473]

[FRACDIFF] Optimal d  : 0.5938
           ADF p-val  : 4.5368 %  (n=278)
           Corr (raw) : 0.7736
[WFO]  Fold 259: insufficient events (train=56, val=31) — skipping

[PWFO]  IS63_OOS5 window 259: IS[9032:9473]  OOS[9473:9508]

[FRACDIFF] Optimal d  : 0.6797
           ADF p-val  : 4.2237 %  (n=278)
           Corr (raw) : 0.6430
[WFO]  Fold 260: insufficient events (train=55, val=28) — skipping

[PWFO]  IS63_OOS5 window 260: IS[9067:9508]  OOS[9508:9543]

[FRACDIFF] Optimal d  : 0.6875
           ADF p-val  : 4.7190 %  (n=278)
           Corr (raw) : 0.6046
[WFO]  Fold 261: insufficient events (train=52, val=24) — skipping

[PWFO]  IS63_OOS5 window 261: IS[9102:9543]  OOS[9543:9578]

[FRACDIFF] Optimal d  : 0.7812
           ADF p-val  : 0.0000 %  (n=278)
           Corr (raw) : 0.4748
[WFO]  Fold 262: insufficient events (train=50, val=23) — skipping

[PWFO]  IS63_OOS5 window 262: IS[9137:9578]  OOS[9578:9613]

[FRACDIFF] Optimal d  : 0.6094
           ADF p-val  : 4.6309 %  (n=278)
           Corr (raw) : 0.7162
[WFO]  Fold 263: insufficient events (train=53, val=17) — skipping

[PWFO]  IS63_OOS5 window 263: IS[9172:9613]  OOS[9613:9648]

[FRACDIFF] Optimal d  : 0.0000
           ADF p-val  : 5.8344 %  (n=278)
           Corr (raw) : 1.0000
[WFO]  Fold 264: insufficient events (train=52, val=21) — skipping

[PWFO]  IS63_OOS5 window 264: IS[9207:9648]  OOS[9648:9683]

[FRACDIFF] Optimal d  : 0.0000
           ADF p-val  : 11.4069 %  (n=278)
           Corr (raw) : 1.0000
[WFO]  Fold 265: insufficient events (train=48, val=20) — skipping

[PWFO]  IS63_OOS5 window 265: IS[9242:9683]  OOS[9683:9718]

[FRACDIFF] Optimal d  : 0.0312
           ADF p-val  : 4.5513 %  (n=278)
           Corr (raw) : 0.9993
[WFO]  Fold 266: insufficient events (train=50, val=22) — skipping

[PWFO]  IS63_OOS5 window 266: IS[9277:9718]  OOS[9718:9753]

[FRACDIFF] Optimal d  : 0.1016
           ADF p-val  : 4.5251 %  (n=278)
           Corr (raw) : 0.9932
[WFO]  Fold 267: insufficient events (train=50, val=24) — skipping

[PWFO]  IS63_OOS5 window 267: IS[9312:9753]  OOS[9753:9788]

[FRACDIFF] Optimal d  : 0.1172
           ADF p-val  : 4.8178 %  (n=278)
           Corr (raw) : 0.9905
[WFO]  Fold 268: insufficient events (train=50, val=22) — skipping

[PWFO]  IS63_OOS5 window 268: IS[9347:9788]  OOS[9788:9823]

[FRACDIFF] Optimal d  : 0.2344
           ADF p-val  : 4.8152 %  (n=278)
           Corr (raw) : 0.9650
[WFO]  Fold 269: insufficient events (train=47, val=24) — skipping

[PWFO]  IS63_OOS5 window 269: IS[9382:9823]  OOS[9823:9858]

[FRACDIFF] Optimal d  : 0.6328
           ADF p-val  : 0.0697 %  (n=278)
           Corr (raw) : 0.6354
[WFO]  Fold 270: insufficient events (train=45, val=23) — skipping

[PWFO]  IS63_OOS5 window 270: IS[9417:9858]  OOS[9858:9893]

[FRACDIFF] Optimal d  : 0.6250
           ADF p-val  : 4.7741 %  (n=278)
           Corr (raw) : 0.6980
[WFO]  Fold 271: insufficient events (train=44, val=21) — skipping

[PWFO]  IS63_OOS5 window 271: IS[9452:9893]  OOS[9893:9928]

[FRACDIFF] Optimal d  : 0.7109
           ADF p-val  : 4.3566 %  (n=278)
           Corr (raw) : 0.4761
[WFO]  Fold 272: insufficient events (train=43, val=23) — skipping

[PWFO]  IS63_OOS5 window 272: IS[9487:9928]  OOS[9928:9963]

[FRACDIFF] Optimal d  : 0.6719
           ADF p-val  : 5.3198 %  (n=278)
           Corr (raw) : 0.5813
[WFO]  Fold 273: insufficient events (train=46, val=24) — skipping

[PWFO]  IS63_OOS5 window 273: IS[9522:9963]  OOS[9963:9998]

[FRACDIFF] Optimal d  : 0.6797
           ADF p-val  : 4.9261 %  (n=278)
           Corr (raw) : 0.5659
[WFO]  Fold 274: insufficient events (train=46, val=23) — skipping

[PWFO]  IS63_OOS5 window 274: IS[9557:9998]  OOS[9998:10033]

[FRACDIFF] Optimal d  : 0.6719
           ADF p-val  : 0.0002 %  (n=278)
           Corr (raw) : 0.5867
[WFO]  Fold 275: insufficient events (train=46, val=28) — skipping

[PWFO]  IS63_OOS5 window 275: IS[9592:10033]  OOS[10033:10068]

[FRACDIFF] Optimal d  : 0.5078
           ADF p-val  : 12.4893 %  (n=278)
           Corr (raw) : 0.8074
[WFO]  Fold 276: insufficient events (train=46, val=30) — skipping

[PWFO]  IS63_OOS5 window 276: IS[9627:10068]  OOS[10068:10103]

[FRACDIFF] Optimal d  : 0.4531
           ADF p-val  : 0.0380 %  (n=278)
           Corr (raw) : 0.8462
[WFO]  Fold 277: insufficient events (train=48, val=33) — skipping

[PWFO]  IS63_OOS5 window 277: IS[9662:10103]  OOS[10103:10138]

[FRACDIFF] Optimal d  : 0.5078
           ADF p-val  : 4.9193 %  (n=278)
           Corr (raw) : 0.8069
[WFO]  Fold 278: insufficient events (train=50, val=30) — skipping

[PWFO]  IS63_OOS5 window 278: IS[9697:10138]  OOS[10138:10173]

[FRACDIFF] Optimal d  : 0.5156
           ADF p-val  : 12.5216 %  (n=278)
           Corr (raw) : 0.8231
[WFO]  Fold 279: insufficient events (train=47, val=30) — skipping

[PWFO]  IS63_OOS5 window 279: IS[9732:10173]  OOS[10173:10208]

[FRACDIFF] Optimal d  : 0.5938
           ADF p-val  : 4.6163 %  (n=278)
           Corr (raw) : 0.6533
[WFO]  Fold 280: insufficient events (train=54, val=25) — skipping

[PWFO]  IS63_OOS5 window 280: IS[9767:10208]  OOS[10208:10243]

[FRACDIFF] Optimal d  : 0.5000
           ADF p-val  : 4.8295 %  (n=278)
           Corr (raw) : 0.7724
[WFO]  Fold 281: insufficient events (train=58, val=22) — skipping

[PWFO]  IS63_OOS5 window 281: IS[9802:10243]  OOS[10243:10278]

[FRACDIFF] Optimal d  : 0.5078
           ADF p-val  : 4.8816 %  (n=278)
           Corr (raw) : 0.7486
[WFO]  Fold 282: insufficient events (train=55, val=24) — skipping

[PWFO]  IS63_OOS5 window 282: IS[9837:10278]  OOS[10278:10313]

[FRACDIFF] Optimal d  : 0.4844
           ADF p-val  : 4.8663 %  (n=278)
           Corr (raw) : 0.7996
[WFO]  Fold 283: insufficient events (train=59, val=21) — skipping

[PWFO]  IS63_OOS5 window 283: IS[9872:10313]  OOS[10313:10348]

[FRACDIFF] Optimal d  : 0.4453
           ADF p-val  : 4.5290 %  (n=278)
           Corr (raw) : 0.8376
[WFO]  Fold 284: insufficient events (train=58, val=22) — skipping

[PWFO]  IS63_OOS5 window 284: IS[9907:10348]  OOS[10348:10380]

[FRACDIFF] Optimal d  : 0.4688
           ADF p-val  : 0.0921 %  (n=278)
           Corr (raw) : 0.8173
[WFO]  Fold 285: insufficient events (train=55, val=23) — skipping

[PWFO]  IS63_OOS5 window 285: IS[9942:10380]  OOS[10380:10415]

[FRACDIFF] Optimal d  : 0.4844
           ADF p-val  : 4.3841 %  (n=278)
           Corr (raw) : 0.8221
[WFO]  Fold 286: insufficient events (train=55, val=24) — skipping

[PWFO]  IS63_OOS5 window 286: IS[9977:10415]  OOS[10415:10450]

[FRACDIFF] Optimal d  : 0.6406
           ADF p-val  : 0.0042 %  (n=278)
           Corr (raw) : 0.6689
[WFO]  Fold 287: insufficient events (train=54, val=29) — skipping

[PWFO]  IS63_OOS5 window 287: IS[10012:10450]  OOS[10450:10485]

[FRACDIFF] Optimal d  : 0.7500
           ADF p-val  : 0.0000 %  (n=278)
           Corr (raw) : 0.5103
[WFO]  Fold 288: insufficient events (train=50, val=25) — skipping

[PWFO]  IS63_OOS5 window 288: IS[10047:10485]  OOS[10485:10520]

[FRACDIFF] Optimal d  : 0.8984
           ADF p-val  : 4.4878 %  (n=278)
           Corr (raw) : 0.2413
[WFO]  Fold 289: insufficient events (train=45, val=27) — skipping

[PWFO]  IS63_OOS5 window 289: IS[10082:10520]  OOS[10520:10555]

[FRACDIFF] Optimal d  : 0.7578
           ADF p-val  : 5.7394 %  (n=278)
           Corr (raw) : 0.5209
[WFO]  Fold 290: insufficient events (train=49, val=27) — skipping

[PWFO]  IS63_OOS5 window 290: IS[10117:10555]  OOS[10555:10590]

[FRACDIFF] Optimal d  : 0.7656
           ADF p-val  : 1.8082 %  (n=275)
           Corr (raw) : 0.3833
[WFO]  Fold 291: insufficient events (train=52, val=20) — skipping

[PWFO]  IS63_OOS5 window 291: IS[10152:10590]  OOS[10590:10625]

[FRACDIFF] Optimal d  : 0.0000
           ADF p-val  : 13.5173 %  (n=275)
           Corr (raw) : 1.0000
[WFO]  Fold 292: insufficient events (train=48, val=26) — skipping

[PWFO]  IS63_OOS5 window 292: IS[10187:10625]  OOS[10625:10660]

[FRACDIFF] Optimal d  : 0.2656
           ADF p-val  : 4.8119 %  (n=275)
           Corr (raw) : 0.9379
[WFO]  Fold 293: insufficient events (train=50, val=25) — skipping

[PWFO]  IS63_OOS5 window 293: IS[10222:10660]  OOS[10660:10695]

[FRACDIFF] Optimal d  : 0.0000
           ADF p-val  : 2.0808 %  (n=275)
           Corr (raw) : 1.0000
[WFO]  Fold 294: insufficient events (train=51, val=33) — skipping

[PWFO]  IS63_OOS5 window 294: IS[10257:10695]  OOS[10695:10730]

[FRACDIFF] Optimal d  : 0.3984
           ADF p-val  : 4.7926 %  (n=275)
           Corr (raw) : 0.8480
[WFO]  Fold 295: insufficient events (train=50, val=36) — skipping

[PWFO]  IS63_OOS5 window 295: IS[10292:10730]  OOS[10730:10765]

[FRACDIFF] Optimal d  : 0.4141
           ADF p-val  : 4.7785 %  (n=275)
           Corr (raw) : 0.8343
[WFO]  Fold 296: insufficient events (train=52, val=34) — skipping

[PWFO]  IS63_OOS5 window 296: IS[10327:10765]  OOS[10765:10800]

[FRACDIFF] Optimal d  : 0.3750
           ADF p-val  : 4.7748 %  (n=275)
           Corr (raw) : 0.8656
[WFO]  Fold 297: insufficient events (train=53, val=33) — skipping

[PWFO]  IS63_OOS5 window 297: IS[10362:10800]  OOS[10800:10835]

[FRACDIFF] Optimal d  : 0.5859
           ADF p-val  : 25.3613 %  (n=275)
           Corr (raw) : 0.7033
[WFO]  Fold 298: insufficient events (train=60, val=30) — skipping

[PWFO]  IS63_OOS5 window 298: IS[10394:10835]  OOS[10835:10870]

[FRACDIFF] Optimal d  : 0.7500
           ADF p-val  : 4.7299 %  (n=278)
           Corr (raw) : 0.4185
[WFO]  Fold 299: insufficient events (train=59, val=33) — skipping

[PWFO]  IS63_OOS5 window 299: IS[10429:10870]  OOS[10870:10905]

[FRACDIFF] Optimal d  : 0.7734
           ADF p-val  : 4.5942 %  (n=278)
           Corr (raw) : 0.3861
[WFO]  Fold 300: insufficient events (train=59, val=33) — skipping

[PWFO]  IS63_OOS5 window 300: IS[10464:10905]  OOS[10905:10940]

[FRACDIFF] Optimal d  : 0.7969
           ADF p-val  : 4.9123 %  (n=278)
           Corr (raw) : 0.3664
[WFO]  Fold 301: insufficient events (train=60, val=35) — skipping

[PWFO]  IS63_OOS5 window 301: IS[10499:10940]  OOS[10940:10975]

[FRACDIFF] Optimal d  : 0.7578
           ADF p-val  : 4.5608 %  (n=278)
           Corr (raw) : 0.4393
[WFO]  Fold 302: insufficient events (train=63, val=30) — skipping

[PWFO]  IS63_OOS5 window 302: IS[10534:10975]  OOS[10975:11010]

[FRACDIFF] Optimal d  : 0.3203
           ADF p-val  : 4.9361 %  (n=278)
           Corr (raw) : 0.9525
[WFO]  Fold 303: insufficient events (train=68, val=26) — skipping

[PWFO]  IS63_OOS5 window 303: IS[10569:11010]  OOS[11010:11045]

[FRACDIFF] Optimal d  : 0.4531
           ADF p-val  : 4.4901 %  (n=278)
           Corr (raw) : 0.8484
[WFO]  Fold 304: insufficient events (train=69, val=24) — skipping

[PWFO]  IS63_OOS5 window 304: IS[10604:11045]  OOS[11045:11080]

[FRACDIFF] Optimal d  : 0.1953
           ADF p-val  : 4.9230 %  (n=278)
           Corr (raw) : 0.9787
[WFO]  Fold 305: insufficient events (train=69, val=22) — skipping

[PWFO]  IS63_OOS5 window 305: IS[10639:11080]  OOS[11080:11115]

[FRACDIFF] Optimal d  : 0.2344
           ADF p-val  : 4.6738 %  (n=278)
           Corr (raw) : 0.9680
[WFO]  Fold 306: insufficient events (train=65, val=24) — skipping

[PWFO]  IS63_OOS5 window 306: IS[10674:11115]  OOS[11115:11150]

[FRACDIFF] Optimal d  : 0.4844
           ADF p-val  : 4.4037 %  (n=278)
           Corr (raw) : 0.8194
[WFO]  Fold 307: insufficient events (train=59, val=29) — skipping

[PWFO]  IS63_OOS5 window 307: IS[10709:11150]  OOS[11150:11185]

[FRACDIFF] Optimal d  : 0.4609
           ADF p-val  : 4.7679 %  (n=278)
           Corr (raw) : 0.8486
[WFO]  Fold 308: insufficient events (train=59, val=35) — skipping

[PWFO]  IS63_OOS5 window 308: IS[10744:11185]  OOS[11185:11220]

[FRACDIFF] Optimal d  : 0.4453
           ADF p-val  : 4.9346 %  (n=278)
           Corr (raw) : 0.8589
[WFO]  Fold 309: insufficient events (train=58, val=35) — skipping

[PWFO]  IS63_OOS5 window 309: IS[10779:11220]  OOS[11220:11255]

[FRACDIFF] Optimal d  : 0.3828
           ADF p-val  : 4.9463 %  (n=278)
           Corr (raw) : 0.9109
[WFO]  Fold 310: insufficient events (train=56, val=33) — skipping

[PWFO]  IS63_OOS5 window 310: IS[10814:11255]  OOS[11255:11290]

[FRACDIFF] Optimal d  : 0.5547
           ADF p-val  : 4.3717 %  (n=278)
           Corr (raw) : 0.7604
[WFO]  Fold 311: insufficient events (train=56, val=31) — skipping

[PWFO]  IS63_OOS5 window 311: IS[10849:11290]  OOS[11290:11325]

[FRACDIFF] Optimal d  : 0.4844
           ADF p-val  : 4.8810 %  (n=278)
           Corr (raw) : 0.8467
[WFO]  Fold 312: insufficient events (train=61, val=27) — skipping

[PWFO]  IS63_OOS5 window 312: IS[10884:11325]  OOS[11325:11360]

[FRACDIFF] Optimal d  : 0.6250
           ADF p-val  : 0.1712 %  (n=278)
           Corr (raw) : 0.7513
[WFO]  Fold 313: insufficient events (train=61, val=28) — skipping

[PWFO]  IS63_OOS5 window 313: IS[10919:11360]  OOS[11360:11395]

[FRACDIFF] Optimal d  : 0.6172
           ADF p-val  : 4.4899 %  (n=278)
           Corr (raw) : 0.7718
[WFO]  Fold 314: insufficient events (train=59, val=28) — skipping

[PWFO]  IS63_OOS5 window 314: IS[10954:11395]  OOS[11395:11430]

[FRACDIFF] Optimal d  : 0.5859
           ADF p-val  : 4.4139 %  (n=278)
           Corr (raw) : 0.7920
[WFO]  Fold 315: insufficient events (train=62, val=23) — skipping

[PWFO]  IS63_OOS5 window 315: IS[10989:11430]  OOS[11430:11465]

[FRACDIFF] Optimal d  : 0.5469
           ADF p-val  : 4.6977 %  (n=278)
           Corr (raw) : 0.7914
[WFO]  Fold 316: insufficient events (train=64, val=24) — skipping

[PWFO]  IS63_OOS5 window 316: IS[11024:11465]  OOS[11465:11500]

[FRACDIFF] Optimal d  : 0.4688
           ADF p-val  : 4.5019 %  (n=278)
           Corr (raw) : 0.8468
[WFO]  Fold 317: insufficient events (train=65, val=23) — skipping

[PWFO]  IS63_OOS5 window 317: IS[11059:11500]  OOS[11500:11535]

[FRACDIFF] Optimal d  : 0.5625
           ADF p-val  : 4.9877 %  (n=278)
           Corr (raw) : 0.7010
[WFO]  Fold 318: insufficient events (train=64, val=26) — skipping

[PWFO]  IS63_OOS5 window 318: IS[11094:11535]  OOS[11535:11570]

[FRACDIFF] Optimal d  : 0.4688
           ADF p-val  : 4.5587 %  (n=278)
           Corr (raw) : 0.8223
[WFO]  Fold 319: insufficient events (train=57, val=28) — skipping

[PWFO]  IS63_OOS5 window 319: IS[11129:11570]  OOS[11570:11605]

[FRACDIFF] Optimal d  : 0.3438
           ADF p-val  : 4.4073 %  (n=278)
           Corr (raw) : 0.9268
[WFO]  Fold 320: insufficient events (train=54, val=29) — skipping

[PWFO]  IS63_OOS5 window 320: IS[11164:11605]  OOS[11605:11640]

[FRACDIFF] Optimal d  : 0.4531
           ADF p-val  : 4.5602 %  (n=278)
           Corr (raw) : 0.8441
[WFO]  Fold 321: insufficient events (train=52, val=29) — skipping

[PWFO]  IS63_OOS5 window 321: IS[11199:11640]  OOS[11640:11675]

[FRACDIFF] Optimal d  : 0.5703
           ADF p-val  : 4.9337 %  (n=278)
           Corr (raw) : 0.7025
[WFO]  Fold 322: insufficient events (train=55, val=27) — skipping

[PWFO]  IS63_OOS5 window 322: IS[11234:11675]  OOS[11675:11710]

[FRACDIFF] Optimal d  : 0.5547
           ADF p-val  : 4.8158 %  (n=278)
           Corr (raw) : 0.7345
[WFO]  Fold 323: insufficient events (train=52, val=29) — skipping

[PWFO]  IS63_OOS5 window 323: IS[11269:11710]  OOS[11710:11745]

[FRACDIFF] Optimal d  : 0.5938
           ADF p-val  : 4.6034 %  (n=278)
           Corr (raw) : 0.6641
[WFO]  Fold 324: insufficient events (train=54, val=28) — skipping

[PWFO]  IS63_OOS5 window 324: IS[11304:11745]  OOS[11745:11780]

[FRACDIFF] Optimal d  : 0.5625
           ADF p-val  : 4.8548 %  (n=278)
           Corr (raw) : 0.7635
[WFO]  Fold 325: insufficient events (train=54, val=29) — skipping

[PWFO]  IS63_OOS5 window 325: IS[11339:11780]  OOS[11780:11815]

[FRACDIFF] Optimal d  : 0.7500
           ADF p-val  : 4.9081 %  (n=278)
           Corr (raw) : 0.5019
[WFO]  Fold 326: insufficient events (train=54, val=29) — skipping

[PWFO]  IS63_OOS5 window 326: IS[11374:11815]  OOS[11815:11850]

[FRACDIFF] Optimal d  : 0.7891
           ADF p-val  : 4.7786 %  (n=278)
           Corr (raw) : 0.4251
[WFO]  Fold 327: insufficient events (train=58, val=30) — skipping

[PWFO]  IS63_OOS5 window 327: IS[11409:11850]  OOS[11850:11885]

[FRACDIFF] Optimal d  : 0.6641
           ADF p-val  : 4.6526 %  (n=278)
           Corr (raw) : 0.6287
[WFO]  Fold 328: insufficient events (train=59, val=30) — skipping

[PWFO]  IS63_OOS5 window 328: IS[11444:11885]  OOS[11885:11920]

[FRACDIFF] Optimal d  : 0.4688
           ADF p-val  : 4.8963 %  (n=278)
           Corr (raw) : 0.8953
[WFO]  Fold 329: insufficient events (train=59, val=31) — skipping

[PWFO]  IS63_OOS5 window 329: IS[11479:11920]  OOS[11920:11955]

[FRACDIFF] Optimal d  : 0.5156
           ADF p-val  : 4.5813 %  (n=278)
           Corr (raw) : 0.7922
[WFO]  Fold 330: insufficient events (train=60, val=31) — skipping

[PWFO]  IS63_OOS5 window 330: IS[11514:11955]  OOS[11955:11990]

[FRACDIFF] Optimal d  : 0.5000
           ADF p-val  : 4.7713 %  (n=278)
           Corr (raw) : 0.8425
[WFO]  Fold 331: insufficient events (train=58, val=31) — skipping

[PWFO]  IS63_OOS5 window 331: IS[11549:11990]  OOS[11990:12025]

[FRACDIFF] Optimal d  : 0.7188
           ADF p-val  : 4.6044 %  (n=278)
           Corr (raw) : 0.6373
[WFO]  Fold 332: insufficient events (train=59, val=31) — skipping

[PWFO]  IS63_OOS5 window 332: IS[11584:12025]  OOS[12025:12060]

[FRACDIFF] Optimal d  : 0.7266
           ADF p-val  : 4.8408 %  (n=278)
           Corr (raw) : 0.5742
[WFO]  Fold 333: insufficient events (train=61, val=31) — skipping

[PWFO]  IS63_OOS5 window 333: IS[11619:12060]  OOS[12060:12095]

[FRACDIFF] Optimal d  : 0.6328
           ADF p-val  : 0.2863 %  (n=278)
           Corr (raw) : 0.7295
[WFO]  Fold 334: insufficient events (train=62, val=33) — skipping

[PWFO]  IS63_OOS5 window 334: IS[11654:12095]  OOS[12095:12127]

[FRACDIFF] Optimal d  : 0.6328
           ADF p-val  : 4.9956 %  (n=278)
           Corr (raw) : 0.6576
[WFO]  Fold 335: insufficient events (train=62, val=30) — skipping

[PWFO]  IS63_OOS5 window 335: IS[11689:12127]  OOS[12127:12162]

[FRACDIFF] Optimal d  : 0.6406
           ADF p-val  : 4.7480 %  (n=278)
           Corr (raw) : 0.5941
[WFO]  Fold 336: insufficient events (train=62, val=26) — skipping

[PWFO]  IS63_OOS5 window 336: IS[11724:12162]  OOS[12162:12197]

[FRACDIFF] Optimal d  : 0.5859
           ADF p-val  : 0.0015 %  (n=278)
           Corr (raw) : 0.6851
[WFO]  Fold 337: insufficient events (train=62, val=22) — skipping

[PWFO]  IS63_OOS5 window 337: IS[11759:12197]  OOS[12197:12232]

[FRACDIFF] Optimal d  : 0.1719
           ADF p-val  : 4.6997 %  (n=278)
           Corr (raw) : 0.9847
[WFO]  Fold 338: insufficient events (train=64, val=20) — skipping

[PWFO]  IS63_OOS5 window 338: IS[11794:12232]  OOS[12232:12267]

[FRACDIFF] Optimal d  : 0.4062
           ADF p-val  : 4.6983 %  (n=278)
           Corr (raw) : 0.8788
[WFO]  Fold 339: insufficient events (train=64, val=22) — skipping

[PWFO]  IS63_OOS5 window 339: IS[11829:12267]  OOS[12267:12302]

[FRACDIFF] Optimal d  : 0.4688
           ADF p-val  : 9.3430 %  (n=278)
           Corr (raw) : 0.8427
[WFO]  Fold 340: insufficient events (train=60, val=24) — skipping

[PWFO]  IS63_OOS5 window 340: IS[11864:12302]  OOS[12302:12337]

[FRACDIFF] Optimal d  : 0.6016
           ADF p-val  : 4.7726 %  (n=275)
           Corr (raw) : 0.6968
[WFO]  Fold 341: insufficient events (train=56, val=23) — skipping

[PWFO]  IS63_OOS5 window 341: IS[11899:12337]  OOS[12337:12372]

[FRACDIFF] Optimal d  : 0.3672
           ADF p-val  : 4.9634 %  (n=275)
           Corr (raw) : 0.9284
[WFO]  Fold 342: insufficient events (train=55, val=26) — skipping

[PWFO]  IS63_OOS5 window 342: IS[11934:12372]  OOS[12372:12407]

[FRACDIFF] Optimal d  : 0.3125
           ADF p-val  : 4.9130 %  (n=275)
           Corr (raw) : 0.9442
[WFO]  Fold 343: insufficient events (train=53, val=23) — skipping

[PWFO]  IS63_OOS5 window 343: IS[11969:12407]  OOS[12407:12442]

[FRACDIFF] Optimal d  : 0.3203
           ADF p-val  : 4.7326 %  (n=275)
           Corr (raw) : 0.9214
[WFO]  Fold 344: insufficient events (train=50, val=26) — skipping

[PWFO]  IS63_OOS5 window 344: IS[12004:12442]  OOS[12442:12477]

[FRACDIFF] Optimal d  : 0.2812
           ADF p-val  : 4.5774 %  (n=275)
           Corr (raw) : 0.9446
[WFO]  Fold 345: insufficient events (train=48, val=31) — skipping

[PWFO]  IS63_OOS5 window 345: IS[12039:12477]  OOS[12477:12512]

[FRACDIFF] Optimal d  : 0.1406
           ADF p-val  : 4.9231 %  (n=275)
           Corr (raw) : 0.9884
[WFO]  Fold 346: insufficient events (train=49, val=28) — skipping

[PWFO]  IS63_OOS5 window 346: IS[12074:12512]  OOS[12512:12547]

[FRACDIFF] Optimal d  : 0.3125
           ADF p-val  : 4.4799 %  (n=275)
           Corr (raw) : 0.9303
[WFO]  Fold 347: insufficient events (train=46, val=31) — skipping

[PWFO]  IS63_OOS5 window 347: IS[12109:12547]  OOS[12547:12582]

[FRACDIFF] Optimal d  : 0.2891
           ADF p-val  : 4.5993 %  (n=275)
           Corr (raw) : 0.9422
[WFO]  Fold 348: insufficient events (train=51, val=31) — skipping

[PWFO]  IS63_OOS5 window 348: IS[12141:12582]  OOS[12582:12617]

[FRACDIFF] Optimal d  : 0.2891
           ADF p-val  : 4.7142 %  (n=278)
           Corr (raw) : 0.9506
[WFO]  Fold 349: insufficient events (train=54, val=29) — skipping

[PWFO]  IS63_OOS5 window 349: IS[12176:12617]  OOS[12617:12652]

[FRACDIFF] Optimal d  : 0.4219
           ADF p-val  : 4.9777 %  (n=278)
           Corr (raw) : 0.8968
[WFO]  Fold 350: insufficient events (train=53, val=30) — skipping

[PWFO]  IS63_OOS5 window 350: IS[12211:12652]  OOS[12652:12687]

[FRACDIFF] Optimal d  : 0.5156
           ADF p-val  : 4.7717 %  (n=278)
           Corr (raw) : 0.8491
[WFO]  Fold 351: insufficient events (train=54, val=36) — skipping

[PWFO]  IS63_OOS5 window 351: IS[12246:12687]  OOS[12687:12722]

[FRACDIFF] Optimal d  : 0.3047
           ADF p-val  : 4.6294 %  (n=278)
           Corr (raw) : 0.9706
[WFO]  Fold 352: insufficient events (train=59, val=32) — skipping

[PWFO]  IS63_OOS5 window 352: IS[12281:12722]  OOS[12722:12757]

[FRACDIFF] Optimal d  : 0.2500
           ADF p-val  : 4.9509 %  (n=278)
           Corr (raw) : 0.9769
[WFO]  Fold 353: insufficient events (train=62, val=32) — skipping

[PWFO]  IS63_OOS5 window 353: IS[12316:12757]  OOS[12757:12792]

[FRACDIFF] Optimal d  : 0.2422
           ADF p-val  : 4.9940 %  (n=278)
           Corr (raw) : 0.9666
[WFO]  Fold 354: insufficient events (train=63, val=29) — skipping

[PWFO]  IS63_OOS5 window 354: IS[12351:12792]  OOS[12792:12827]

[FRACDIFF] Optimal d  : 0.3203
           ADF p-val  : 4.4253 %  (n=278)
           Corr (raw) : 0.9329
[WFO]  Fold 355: insufficient events (train=67, val=25) — skipping

[PWFO]  IS63_OOS5 window 355: IS[12386:12827]  OOS[12827:12862]

[FRACDIFF] Optimal d  : 0.3047
           ADF p-val  : 4.7365 %  (n=278)
           Corr (raw) : 0.9414
[WFO]  Fold 356: insufficient events (train=65, val=25) — skipping

[PWFO]  IS63_OOS5 window 356: IS[12421:12862]  OOS[12862:12897]

[FRACDIFF] Optimal d  : 0.3672
           ADF p-val  : 4.5792 %  (n=278)
           Corr (raw) : 0.9026
[WFO]  Fold 357: insufficient events (train=63, val=30) — skipping

[PWFO]  IS63_OOS5 window 357: IS[12456:12897]  OOS[12897:12932]

[FRACDIFF] Optimal d  : 0.3125
           ADF p-val  : 4.9821 %  (n=278)
           Corr (raw) : 0.9369
[WFO]  Fold 358: insufficient events (train=61, val=33) — skipping

[PWFO]  IS63_OOS5 window 358: IS[12491:12932]  OOS[12932:12967]

[FRACDIFF] Optimal d  : 0.3438
           ADF p-val  : 9.4450 %  (n=278)
           Corr (raw) : 0.9192
[WFO]  Fold 359: insufficient events (train=63, val=29) — skipping

[PWFO]  IS63_OOS5 window 359: IS[12526:12967]  OOS[12967:13002]

[FRACDIFF] Optimal d  : 0.6172
           ADF p-val  : 4.5013 %  (n=278)
           Corr (raw) : 0.6474
[WFO]  Fold 360: insufficient events (train=59, val=31) — skipping

[PWFO]  IS63_OOS5 window 360: IS[12561:13002]  OOS[13002:13037]

[FRACDIFF] Optimal d  : 0.5859
           ADF p-val  : 27.4732 %  (n=278)
           Corr (raw) : 0.6926
[WFO]  Fold 361: insufficient events (train=59, val=29) — skipping

[PWFO]  IS63_OOS5 window 361: IS[12596:13037]  OOS[13037:13072]

[FRACDIFF] Optimal d  : 0.5859
           ADF p-val  : 4.6554 %  (n=278)
           Corr (raw) : 0.7065
[WFO]  Fold 362: insufficient events (train=62, val=29) — skipping

[PWFO]  IS63_OOS5 window 362: IS[12631:13072]  OOS[13072:13107]

[FRACDIFF] Optimal d  : 0.3125
           ADF p-val  : 4.9003 %  (n=278)
           Corr (raw) : 0.9510
[WFO]  Fold 363: insufficient events (train=57, val=30) — skipping

[PWFO]  IS63_OOS5 window 363: IS[12666:13107]  OOS[13107:13142]

[FRACDIFF] Optimal d  : 0.3438
           ADF p-val  : 4.8339 %  (n=278)
           Corr (raw) : 0.9162
[WFO]  Fold 364: insufficient events (train=56, val=33) — skipping

[PWFO]  IS63_OOS5 window 364: IS[12701:13142]  OOS[13142:13174]

[FRACDIFF] Optimal d  : 0.0000
           ADF p-val  : 0.9514 %  (n=278)
           Corr (raw) : 1.0000
[WFO]  Fold 365: insufficient events (train=59, val=30) — skipping

[PWFO]  IS63_OOS5 window 365: IS[12736:13174]  OOS[13174:13209]

[FRACDIFF] Optimal d  : 0.0859
           ADF p-val  : 4.8378 %  (n=278)
           Corr (raw) : 0.9951
[WFO]  Fold 366: insufficient events (train=62, val=26) — skipping

[PWFO]  IS63_OOS5 window 366: IS[12771:13209]  OOS[13209:13244]

[FRACDIFF] Optimal d  : 0.4609
           ADF p-val  : 4.7210 %  (n=278)
           Corr (raw) : 0.8474
[WFO]  Fold 367: insufficient events (train=62, val=26) — skipping

[PWFO]  IS63_OOS5 window 367: IS[12806:13244]  OOS[13244:13279]

[FRACDIFF] Optimal d  : 0.6875
           ADF p-val  : 4.4919 %  (n=278)
           Corr (raw) : 0.6625
[WFO]  Fold 368: insufficient events (train=65, val=22) — skipping

[PWFO]  IS63_OOS5 window 368: IS[12841:13279]  OOS[13279:13314]

[FRACDIFF] Optimal d  : 0.6484
           ADF p-val  : 4.7642 %  (n=278)
           Corr (raw) : 0.6948
[WFO]  Fold 369: insufficient events (train=64, val=23) — skipping

[PWFO]  IS63_OOS5 window 369: IS[12876:13314]  OOS[13314:13349]

[FRACDIFF] Optimal d  : 0.7109
           ADF p-val  : 4.1509 %  (n=278)
           Corr (raw) : 0.6240
[WFO]  Fold 370: insufficient events (train=59, val=25) — skipping

[PWFO]  IS63_OOS5 window 370: IS[12911:13349]  OOS[13349:13384]

[FRACDIFF] Optimal d  : 0.7969
           ADF p-val  : 4.2263 %  (n=275)
           Corr (raw) : 0.4023
[WFO]  Fold 371: insufficient events (train=58, val=28) — skipping

[PWFO]  IS63_OOS5 window 371: IS[12946:13384]  OOS[13384:13419]

[FRACDIFF] Optimal d  : 0.7344
           ADF p-val  : 4.3459 %  (n=275)
           Corr (raw) : 0.5709
[WFO]  Fold 372: insufficient events (train=57, val=30) — skipping

[PWFO]  IS63_OOS5 window 372: IS[12981:13419]  OOS[13419:13454]

[FRACDIFF] Optimal d  : 0.7109
           ADF p-val  : 4.7837 %  (n=275)
           Corr (raw) : 0.5782
[WFO]  Fold 373: insufficient events (train=55, val=29) — skipping

[PWFO]  IS63_OOS5 window 373: IS[13016:13454]  OOS[13454:13489]

[FRACDIFF] Optimal d  : 0.7109
           ADF p-val  : 4.3326 %  (n=275)
           Corr (raw) : 0.5922
[WFO]  Fold 374: insufficient events (train=54, val=33) — skipping

[PWFO]  IS63_OOS5 window 374: IS[13051:13489]  OOS[13489:13524]

[FRACDIFF] Optimal d  : 0.6719
           ADF p-val  : 1.5365 %  (n=275)
           Corr (raw) : 0.5663
[WFO]  Fold 375: insufficient events (train=55, val=29) — skipping

[PWFO]  IS63_OOS5 window 375: IS[13086:13524]  OOS[13524:13559]

[FRACDIFF] Optimal d  : 0.5859
           ADF p-val  : 4.6853 %  (n=275)
           Corr (raw) : 0.7087
[WFO]  Fold 376: insufficient events (train=54, val=29) — skipping

[PWFO]  IS63_OOS5 window 376: IS[13121:13559]  OOS[13559:13594]

[FRACDIFF] Optimal d  : 0.5469
           ADF p-val  : 4.9858 %  (n=275)
           Corr (raw) : 0.7366
[WFO]  Fold 377: insufficient events (train=54, val=31) — skipping

[PWFO]  IS63_OOS5 window 377: IS[13156:13594]  OOS[13594:13629]

[FRACDIFF] Optimal d  : 0.6328
           ADF p-val  : 37.6381 %  (n=275)
           Corr (raw) : 0.5964
[WFO]  Fold 378: insufficient events (train=57, val=30) — skipping

[PWFO]  IS63_OOS5 window 378: IS[13188:13629]  OOS[13629:13664]

[FRACDIFF] Optimal d  : 0.5547
           ADF p-val  : 26.1546 %  (n=278)
           Corr (raw) : 0.6955
[WFO]  Fold 379: insufficient events (train=58, val=32) — skipping

[PWFO]  IS63_OOS5 window 379: IS[13223:13664]  OOS[13664:13699]

[FRACDIFF] Optimal d  : 0.6875
           ADF p-val  : 4.6565 %  (n=278)
           Corr (raw) : 0.4828
[WFO]  Fold 380: insufficient events (train=61, val=33) — skipping

[PWFO]  IS63_OOS5 window 380: IS[13258:13699]  OOS[13699:13734]

[FRACDIFF] Optimal d  : 0.5547
           ADF p-val  : 4.8770 %  (n=278)
           Corr (raw) : 0.6762
[WFO]  Fold 381: insufficient events (train=61, val=34) — skipping

[PWFO]  IS63_OOS5 window 381: IS[13293:13734]  OOS[13734:13769]

[FRACDIFF] Optimal d  : 0.6016
           ADF p-val  : 0.0002 %  (n=278)
           Corr (raw) : 0.6534
[WFO]  Fold 382: insufficient events (train=62, val=35) — skipping

[PWFO]  IS63_OOS5 window 382: IS[13328:13769]  OOS[13769:13804]

[FRACDIFF] Optimal d  : 0.4766
           ADF p-val  : 4.2864 %  (n=278)
           Corr (raw) : 0.8697
[WFO]  Fold 383: insufficient events (train=63, val=36) — skipping

[PWFO]  IS63_OOS5 window 383: IS[13363:13804]  OOS[13804:13839]

[FRACDIFF] Optimal d  : 0.4375
           ADF p-val  : 4.9648 %  (n=278)
           Corr (raw) : 0.8932
[WFO]  Fold 384: insufficient events (train=65, val=30) — skipping

[PWFO]  IS63_OOS5 window 384: IS[13398:13839]  OOS[13839:13871]

[FRACDIFF] Optimal d  : 0.5469
           ADF p-val  : 4.9934 %  (n=278)
           Corr (raw) : 0.7731
[WFO]  Fold 385: insufficient events (train=64, val=28) — skipping

[PWFO]  IS63_OOS5 window 385: IS[13433:13871]  OOS[13871:13906]

[FRACDIFF] Optimal d  : 0.5703
           ADF p-val  : 1.7189 %  (n=278)
           Corr (raw) : 0.7693
[WFO]  Fold 386: insufficient events (train=67, val=24) — skipping

[PWFO]  IS63_OOS5 window 386: IS[13468:13906]  OOS[13906:13941]

[FRACDIFF] Optimal d  : 0.5547
           ADF p-val  : 4.3319 %  (n=278)
           Corr (raw) : 0.7971
[WFO]  Fold 387: insufficient events (train=67, val=20) — skipping

[PWFO]  IS63_OOS5 window 387: IS[13503:13941]  OOS[13941:13976]

[FRACDIFF] Optimal d  : 0.5000
           ADF p-val  : 4.6574 %  (n=278)
           Corr (raw) : 0.8125
[WFO]  Fold 388: insufficient events (train=66, val=23) — skipping

[PWFO]  IS63_OOS5 window 388: IS[13538:13976]  OOS[13976:14011]

[FRACDIFF] Optimal d  : 0.6641
           ADF p-val  : 4.7610 %  (n=278)
           Corr (raw) : 0.5727
[WFO]  Fold 389: insufficient events (train=65, val=23) — skipping

[PWFO]  IS63_OOS5 window 389: IS[13573:14011]  OOS[14011:14046]

[FRACDIFF] Optimal d  : 0.7266
           ADF p-val  : 4.3584 %  (n=278)
           Corr (raw) : 0.5600
[WFO]  Fold 390: insufficient events (train=62, val=24) — skipping

[PWFO]  IS63_OOS5 window 390: IS[13608:14046]  OOS[14046:14081]

[FRACDIFF] Optimal d  : 0.8125
           ADF p-val  : 4.3362 %  (n=275)
           Corr (raw) : 0.4078
[WFO]  Fold 391: insufficient events (train=58, val=25) — skipping

[PWFO]  IS63_OOS5 window 391: IS[13643:14081]  OOS[14081:14116]

[FRACDIFF] Optimal d  : 0.8359
           ADF p-val  : 7.2363 %  (n=275)
           Corr (raw) : 0.3821
[WFO]  Fold 392: insufficient events (train=53, val=28) — skipping

[PWFO]  IS63_OOS5 window 392: IS[13678:14116]  OOS[14116:14151]

[FRACDIFF] Optimal d  : 0.9141
           ADF p-val  : 0.0000 %  (n=275)
           Corr (raw) : 0.2747
[WFO]  Fold 393: insufficient events (train=54, val=29) — skipping

[PWFO]  IS63_OOS5 window 393: IS[13713:14151]  OOS[14151:14186]

[FRACDIFF] Optimal d  : 0.6406
           ADF p-val  : 4.8446 %  (n=275)
           Corr (raw) : 0.8439
[WFO]  Fold 394: insufficient events (train=51, val=31) — skipping

[PWFO]  IS63_OOS5 window 394: IS[13748:14186]  OOS[14186:14221]

[FRACDIFF] Optimal d  : 0.7969
           ADF p-val  : 19.3018 %  (n=275)
           Corr (raw) : 0.4058
[WFO]  Fold 395: insufficient events (train=46, val=32) — skipping

[PWFO]  IS63_OOS5 window 395: IS[13783:14221]  OOS[14221:14256]

[FRACDIFF] Optimal d  : 0.6875
           ADF p-val  : 4.7359 %  (n=275)
           Corr (raw) : 0.6355
[WFO]  Fold 396: insufficient events (train=50, val=33) — skipping

[PWFO]  IS63_OOS5 window 396: IS[13818:14256]  OOS[14256:14291]

[FRACDIFF] Optimal d  : 0.8047
           ADF p-val  : 0.0000 %  (n=275)
           Corr (raw) : 0.3864
[WFO]  Fold 397: insufficient events (train=53, val=32) — skipping

[PWFO]  IS63_OOS5 window 397: IS[13853:14291]  OOS[14291:14326]

[FRACDIFF] Optimal d  : 0.6953
           ADF p-val  : 3.8320 %  (n=275)
           Corr (raw) : 0.6149
[WFO]  Fold 398: insufficient events (train=56, val=28) — skipping

[PWFO]  IS63_OOS5 window 398: IS[13885:14326]  OOS[14326:14361]

[FRACDIFF] Optimal d  : 0.7266
           ADF p-val  : 4.4021 %  (n=278)
           Corr (raw) : 0.5525
[WFO]  Fold 399: insufficient events (train=59, val=25) — skipping

[PWFO]  IS63_OOS5 window 399: IS[13920:14361]  OOS[14361:14396]

[FRACDIFF] Optimal d  : 0.5469
           ADF p-val  : 4.9382 %  (n=278)
           Corr (raw) : 0.8166
[WFO]  Fold 400: insufficient events (train=64, val=23) — skipping

[PWFO]  IS63_OOS5 window 400: IS[13955:14396]  OOS[14396:14431]

[FRACDIFF] Optimal d  : 0.6250
           ADF p-val  : 4.4969 %  (n=278)
           Corr (raw) : 0.7597
[WFO]  Fold 401: insufficient events (train=62, val=23) — skipping

[PWFO]  IS63_OOS5 window 401: IS[13990:14431]  OOS[14431:14466]

[FRACDIFF] Optimal d  : 0.6094
           ADF p-val  : 4.2395 %  (n=278)
           Corr (raw) : 0.7610
[WFO]  Fold 402: insufficient events (train=62, val=26) — skipping

[PWFO]  IS63_OOS5 window 402: IS[14025:14466]  OOS[14466:14501]

[FRACDIFF] Optimal d  : 0.5938
           ADF p-val  : 4.3649 %  (n=278)
           Corr (raw) : 0.8046
[WFO]  Fold 403: insufficient events (train=59, val=27) — skipping

[PWFO]  IS63_OOS5 window 403: IS[14060:14501]  OOS[14501:14536]

[FRACDIFF] Optimal d  : 0.5547
           ADF p-val  : 4.9568 %  (n=278)
           Corr (raw) : 0.8304
[WFO]  Fold 404: insufficient events (train=57, val=26) — skipping

[PWFO]  IS63_OOS5 window 404: IS[14095:14536]  OOS[14536:14571]

[FRACDIFF] Optimal d  : 0.5156
           ADF p-val  : 4.6164 %  (n=278)
           Corr (raw) : 0.8621
[WFO]  Fold 405: insufficient events (train=56, val=25) — skipping

[PWFO]  IS63_OOS5 window 405: IS[14130:14571]  OOS[14571:14606]

[FRACDIFF] Optimal d  : 0.4922
           ADF p-val  : 64.8522 %  (n=278)
           Corr (raw) : 0.8532
[WFO]  Fold 406: insufficient events (train=53, val=26) — skipping

[PWFO]  IS63_OOS5 window 406: IS[14165:14606]  OOS[14606:14641]

[FRACDIFF] Optimal d  : 0.4922
           ADF p-val  : 42.1000 %  (n=278)
           Corr (raw) : 0.8603
[WFO]  Fold 407: insufficient events (train=53, val=29) — skipping

[PWFO]  IS63_OOS5 window 407: IS[14200:14641]  OOS[14641:14676]

[FRACDIFF] Optimal d  : 0.4375
           ADF p-val  : 57.9093 %  (n=278)
           Corr (raw) : 0.8929
[WFO]  Fold 408: insufficient events (train=48, val=27) — skipping

[PWFO]  IS63_OOS5 window 408: IS[14235:14676]  OOS[14676:14711]

[FRACDIFF] Optimal d  : 0.4297
           ADF p-val  : 4.8420 %  (n=278)
           Corr (raw) : 0.8741
[WFO]  Fold 409: insufficient events (train=51, val=25) — skipping

[PWFO]  IS63_OOS5 window 409: IS[14270:14711]  OOS[14711:14746]

[FRACDIFF] Optimal d  : 0.4453
           ADF p-val  : 4.7483 %  (n=278)
           Corr (raw) : 0.8061
[WFO]  Fold 410: insufficient events (train=52, val=22) — skipping

[PWFO]  IS63_OOS5 window 410: IS[14305:14746]  OOS[14746:14781]

[FRACDIFF] Optimal d  : 0.4297
           ADF p-val  : 4.9564 %  (n=278)
           Corr (raw) : 0.8553
[WFO]  Fold 411: insufficient events (train=54, val=20) — skipping

[PWFO]  IS63_OOS5 window 411: IS[14340:14781]  OOS[14781:14816]

[FRACDIFF] Optimal d  : 0.4766
           ADF p-val  : 4.6440 %  (n=278)
           Corr (raw) : 0.8078
[WFO]  Fold 412: insufficient events (train=57, val=20) — skipping

[PWFO]  IS63_OOS5 window 412: IS[14375:14816]  OOS[14816:14851]

[FRACDIFF] Optimal d  : 0.4688
           ADF p-val  : 4.4536 %  (n=278)
           Corr (raw) : 0.8184
[WFO]  Fold 413: insufficient events (train=51, val=23) — skipping

[PWFO]  IS63_OOS5 window 413: IS[14410:14851]  OOS[14851:14886]

[FRACDIFF] Optimal d  : 0.5312
           ADF p-val  : 4.7338 %  (n=278)
           Corr (raw) : 0.7822
[WFO]  Fold 414: insufficient events (train=50, val=23) — skipping

[PWFO]  IS63_OOS5 window 414: IS[14445:14886]  OOS[14886:14921]

[FRACDIFF] Optimal d  : 0.6094
           ADF p-val  : 4.6899 %  (n=278)
           Corr (raw) : 0.7047
[WFO]  Fold 415: insufficient events (train=48, val=25) — skipping

[PWFO]  IS63_OOS5 window 415: IS[14480:14921]  OOS[14921:14953]

[FRACDIFF] Optimal d  : 0.6484
           ADF p-val  : 4.4349 %  (n=278)
           Corr (raw) : 0.6409
[WFO]  Fold 416: insufficient events (train=50, val=25) — skipping

[PWFO]  IS63_OOS5 window 416: IS[14515:14953]  OOS[14953:14988]

[FRACDIFF] Optimal d  : 0.7188
           ADF p-val  : 2.1655 %  (n=278)
           Corr (raw) : 0.5664
[WFO]  Fold 417: insufficient events (train=50, val=25) — skipping

[PWFO]  IS63_OOS5 window 417: IS[14550:14988]  OOS[14988:15023]

[FRACDIFF] Optimal d  : 0.6406
           ADF p-val  : 4.8221 %  (n=278)
           Corr (raw) : 0.7303
[WFO]  Fold 418: insufficient events (train=48, val=30) — skipping

[PWFO]  IS63_OOS5 window 418: IS[14585:15023]  OOS[15023:15058]

[FRACDIFF] Optimal d  : 0.7344
           ADF p-val  : 5.5676 %  (n=278)
           Corr (raw) : 0.5308
[WFO]  Fold 419: insufficient events (train=45, val=29) — skipping

[PWFO]  IS63_OOS5 window 419: IS[14620:15058]  OOS[15058:15093]

[FRACDIFF] Optimal d  : 0.6641
           ADF p-val  : 4.8088 %  (n=278)
           Corr (raw) : 0.6369
[WFO]  Fold 420: insufficient events (train=48, val=31) — skipping

[PWFO]  IS63_OOS5 window 420: IS[14655:15093]  OOS[15093:15128]

[FRACDIFF] Optimal d  : 0.7109
           ADF p-val  : 4.3291 %  (n=275)
           Corr (raw) : 0.6168
[WFO]  Fold 421: insufficient events (train=48, val=33) — skipping

[PWFO]  IS63_OOS5 window 421: IS[14690:15128]  OOS[15128:15163]

[FRACDIFF] Optimal d  : 0.7656
           ADF p-val  : 0.7387 %  (n=275)
           Corr (raw) : 0.5533
[WFO]  Fold 422: insufficient events (train=55, val=27) — skipping

[PWFO]  IS63_OOS5 window 422: IS[14725:15163]  OOS[15163:15198]

[FRACDIFF] Optimal d  : 0.6875
           ADF p-val  : 0.0004 %  (n=275)
           Corr (raw) : 0.6397
[WFO]  Fold 423: insufficient events (train=57, val=24) — skipping

[PWFO]  IS63_OOS5 window 423: IS[14760:15198]  OOS[15198:15233]

[FRACDIFF] Optimal d  : 0.2578
           ADF p-val  : 4.8115 %  (n=275)
           Corr (raw) : 0.9805
[WFO]  Fold 424: insufficient events (train=58, val=22) — skipping

[PWFO]  IS63_OOS5 window 424: IS[14795:15233]  OOS[15233:15268]

[FRACDIFF] Optimal d  : 0.6719
           ADF p-val  : 4.9498 %  (n=275)
           Corr (raw) : 0.5663
[WFO]  Fold 425: insufficient events (train=58, val=23) — skipping

[PWFO]  IS63_OOS5 window 425: IS[14830:15268]  OOS[15268:15303]

[FRACDIFF] Optimal d  : 0.6406
           ADF p-val  : 4.6621 %  (n=275)
           Corr (raw) : 0.5680
[WFO]  Fold 426: insufficient events (train=57, val=28) — skipping

[PWFO]  IS63_OOS5 window 426: IS[14865:15303]  OOS[15303:15338]

[FRACDIFF] Optimal d  : 0.6953
           ADF p-val  : 4.6052 %  (n=275)
           Corr (raw) : 0.4806
[WFO]  Fold 427: insufficient events (train=56, val=31) — skipping

[PWFO]  IS63_OOS5 window 427: IS[14900:15338]  OOS[15338:15373]

[FRACDIFF] Optimal d  : 0.7109
           ADF p-val  : 4.8201 %  (n=275)
           Corr (raw) : 0.4615
[WFO]  Fold 428: insufficient events (train=56, val=29) — skipping

[PWFO]  IS63_OOS5 window 428: IS[14932:15373]  OOS[15373:15408]

[FRACDIFF] Optimal d  : 0.7031
           ADF p-val  : 4.9044 %  (n=278)
           Corr (raw) : 0.4625
[WFO]  Fold 429: insufficient events (train=57, val=25) — skipping

[PWFO]  IS63_OOS5 window 429: IS[14967:15408]  OOS[15408:15443]

[FRACDIFF] Optimal d  : 0.6875
           ADF p-val  : 4.1098 %  (n=278)
           Corr (raw) : 0.4619
[WFO]  Fold 430: insufficient events (train=56, val=21) — skipping

[PWFO]  IS63_OOS5 window 430: IS[15002:15443]  OOS[15443:15478]

[FRACDIFF] Optimal d  : 0.7266
           ADF p-val  : 4.9910 %  (n=278)
           Corr (raw) : 0.4320
[WFO]  Fold 431: insufficient events (train=56, val=20) — skipping

[PWFO]  IS63_OOS5 window 431: IS[15037:15478]  OOS[15478:15513]

[FRACDIFF] Optimal d  : 0.8281
           ADF p-val  : 0.0000 %  (n=278)
           Corr (raw) : 0.3031
[WFO]  Fold 432: insufficient events (train=52, val=26) — skipping

[PWFO]  IS63_OOS5 window 432: IS[15072:15513]  OOS[15513:15548]

[FRACDIFF] Optimal d  : 0.5469
           ADF p-val  : 4.9278 %  (n=278)
           Corr (raw) : 0.7713
[WFO]  Fold 433: insufficient events (train=53, val=25) — skipping

[PWFO]  IS63_OOS5 window 433: IS[15107:15548]  OOS[15548:15583]

[FRACDIFF] Optimal d  : 0.6641
           ADF p-val  : 4.5248 %  (n=278)
           Corr (raw) : 0.5130
[WFO]  Fold 434: insufficient events (train=49, val=24) — skipping

[PWFO]  IS63_OOS5 window 434: IS[15142:15583]  OOS[15583:15618]

[FRACDIFF] Optimal d  : 0.6719
           ADF p-val  : 0.0894 %  (n=278)
           Corr (raw) : 0.5917
[WFO]  Fold 435: insufficient events (train=51, val=23) — skipping

[PWFO]  IS63_OOS5 window 435: IS[15177:15618]  OOS[15618:15650]

[FRACDIFF] Optimal d  : 0.7188
           ADF p-val  : 5.3723 %  (n=278)
           Corr (raw) : 0.5398
[WFO]  Fold 436: insufficient events (train=52, val=21) — skipping

[PWFO]  IS63_OOS5 window 436: IS[15212:15650]  OOS[15650:15685]

[FRACDIFF] Optimal d  : 0.4062
           ADF p-val  : 23.8567 %  (n=278)
           Corr (raw) : 0.9415
[WFO]  Fold 437: insufficient events (train=51, val=23) — skipping

[PWFO]  IS63_OOS5 window 437: IS[15247:15685]  OOS[15685:15720]

[FRACDIFF] Optimal d  : 0.0000
           ADF p-val  : 1.2664 %  (n=278)
           Corr (raw) : 1.0000
[WFO]  Fold 438: insufficient events (train=49, val=21) — skipping

[PWFO]  IS63_OOS5 window 438: IS[15282:15720]  OOS[15720:15755]

[FRACDIFF] Optimal d  : 0.4531
           ADF p-val  : 4.9239 %  (n=278)
           Corr (raw) : 0.8567
[WFO]  Fold 439: insufficient events (train=45, val=26) — skipping

[PWFO]  IS63_OOS5 window 439: IS[15317:15755]  OOS[15755:15787]

[FRACDIFF] Optimal d  : 0.3984
           ADF p-val  : 4.6364 %  (n=278)
           Corr (raw) : 0.9040
[WFO]  Fold 440: insufficient events (train=45, val=26) — skipping

[PWFO]  IS63_OOS5 window 440: IS[15352:15787]  OOS[15787:15822]

[FRACDIFF] Optimal d  : 0.3984
           ADF p-val  : 4.9948 %  (n=278)
           Corr (raw) : 0.9093
[WFO]  Fold 441: insufficient events (train=49, val=25) — skipping

[PWFO]  IS63_OOS5 window 441: IS[15387:15822]  OOS[15822:15857]

[FRACDIFF] Optimal d  : 0.6250
           ADF p-val  : 0.0077 %  (n=275)
           Corr (raw) : 0.6614
[WFO]  Fold 442: insufficient events (train=47, val=30) — skipping

[PWFO]  IS63_OOS5 window 442: IS[15422:15857]  OOS[15857:15892]

[FRACDIFF] Optimal d  : 0.6562
           ADF p-val  : 4.7168 %  (n=275)
           Corr (raw) : 0.6322
[WFO]  Fold 443: insufficient events (train=50, val=28) — skipping

[PWFO]  IS63_OOS5 window 443: IS[15457:15892]  OOS[15892:15927]

[FRACDIFF] Optimal d  : 0.4062
           ADF p-val  : 4.5626 %  (n=275)
           Corr (raw) : 0.9100
[WFO]  Fold 444: insufficient events (train=51, val=25) — skipping

[PWFO]  IS63_OOS5 window 444: IS[15492:15927]  OOS[15927:15962]

[FRACDIFF] Optimal d  : 0.2969
           ADF p-val  : 4.8722 %  (n=272)
           Corr (raw) : 0.9559
[WFO]  Fold 445: insufficient events (train=49, val=25) — skipping

[PWFO]  IS63_OOS5 window 445: IS[15527:15962]  OOS[15962:15997]

[FRACDIFF] Optimal d  : 0.0000
           ADF p-val  : 19.4877 %  (n=272)
           Corr (raw) : 1.0000
[WFO]  Fold 446: insufficient events (train=51, val=23) — skipping

[PWFO]  IS63_OOS5 window 446: IS[15562:15997]  OOS[15997:16032]

[FRACDIFF] Optimal d  : 0.4219
           ADF p-val  : 4.6384 %  (n=272)
           Corr (raw) : 0.8419
[WFO]  Fold 447: insufficient events (train=55, val=21) — skipping

[PWFO]  IS63_OOS5 window 447: IS[15597:16032]  OOS[16032:16067]

[FRACDIFF] Optimal d  : 0.4062
           ADF p-val  : 4.6890 %  (n=272)
           Corr (raw) : 0.8347
[WFO]  Fold 448: insufficient events (train=53, val=21) — skipping

[PWFO]  IS63_OOS5 window 448: IS[15632:16067]  OOS[16067:16102]

[FRACDIFF] Optimal d  : 0.3828
           ADF p-val  : 4.8786 %  (n=272)
           Corr (raw) : 0.8659
[WFO]  Fold 449: insufficient events (train=50, val=27) — skipping

[PWFO]  IS63_OOS5 window 449: IS[15664:16102]  OOS[16102:16137]

[FRACDIFF] Optimal d  : 0.2891
           ADF p-val  : 4.8579 %  (n=275)
           Corr (raw) : 0.9307
[WFO]  Fold 450: insufficient events (train=53, val=32) — skipping

[PWFO]  IS63_OOS5 window 450: IS[15699:16137]  OOS[16137:16172]

[FRACDIFF] Optimal d  : 0.1094
           ADF p-val  : 4.6446 %  (n=275)
           Corr (raw) : 0.9930
[WFO]  Fold 451: insufficient events (train=51, val=36) — skipping

[PWFO]  IS63_OOS5 window 451: IS[15734:16172]  OOS[16172:16207]

[FRACDIFF] Optimal d  : 0.4766
           ADF p-val  : 4.8613 %  (n=275)
           Corr (raw) : 0.7893
[WFO]  Fold 452: insufficient events (train=49, val=39) — skipping

[PWFO]  IS63_OOS5 window 452: IS[15766:16207]  OOS[16207:16242]

[FRACDIFF] Optimal d  : 0.2734
           ADF p-val  : 4.6036 %  (n=278)
           Corr (raw) : 0.9515
[WFO]  Fold 453: insufficient events (train=52, val=31) — skipping

[PWFO]  IS63_OOS5 window 453: IS[15801:16242]  OOS[16242:16277]

[FRACDIFF] Optimal d  : 0.2422
           ADF p-val  : 4.4152 %  (n=278)
           Corr (raw) : 0.9673
[WFO]  Fold 454: insufficient events (train=57, val=32) — skipping

[PWFO]  IS63_OOS5 window 454: IS[15836:16277]  OOS[16277:16312]

[FRACDIFF] Optimal d  : 0.7578
           ADF p-val  : 0.0000 %  (n=278)
           Corr (raw) : 0.4703
[WFO]  Fold 455: insufficient events (train=59, val=35) — skipping

[PWFO]  IS63_OOS5 window 455: IS[15871:16312]  OOS[16312:16347]

[FRACDIFF] Optimal d  : 0.6875
           ADF p-val  : 80.2632 %  (n=278)
           Corr (raw) : 0.6073
[WFO]  Fold 456: insufficient events (train=61, val=32) — skipping

[PWFO]  IS63_OOS5 window 456: IS[15906:16347]  OOS[16347:16382]

[FRACDIFF] Optimal d  : 0.6641
           ADF p-val  : 76.0270 %  (n=278)
           Corr (raw) : 0.6407
[WFO]  Fold 457: insufficient events (train=62, val=33) — skipping

[PWFO]  IS63_OOS5 window 457: IS[15941:16382]  OOS[16382:16417]

[FRACDIFF] Optimal d  : 0.6016
           ADF p-val  : 0.4884 %  (n=278)
           Corr (raw) : 0.7450
[WFO]  Fold 458: insufficient events (train=64, val=24) — skipping

[PWFO]  IS63_OOS5 window 458: IS[15976:16417]  OOS[16417:16452]

[FRACDIFF] Optimal d  : 0.6797
           ADF p-val  : 4.6850 %  (n=278)
           Corr (raw) : 0.5681
[WFO]  Fold 459: insufficient events (train=70, val=16) — skipping

[PWFO]  IS63_OOS5 window 459: IS[16011:16452]  OOS[16452:16487]

[FRACDIFF] Optimal d  : 0.7500
           ADF p-val  : 0.0000 %  (n=278)
           Corr (raw) : 0.3899
[WFO]  Fold 460: insufficient events (train=72, val=16) — skipping

[PWFO]  IS63_OOS5 window 460: IS[16046:16487]  OOS[16487:16522]

[FRACDIFF] Optimal d  : 0.5781
           ADF p-val  : 4.8545 %  (n=278)
           Corr (raw) : 0.6468
[WFO]  Fold 461: insufficient events (train=68, val=15) — skipping

[PWFO]  IS63_OOS5 window 461: IS[16081:16522]  OOS[16522:16557]

[FRACDIFF] Optimal d  : 0.7656
           ADF p-val  : 0.0000 %  (n=278)
           Corr (raw) : 0.3384
[WFO]  Fold 462: insufficient events (train=58, val=16) — skipping

[PWFO]  IS63_OOS5 window 462: IS[16116:16557]  OOS[16557:16592]

[FRACDIFF] Optimal d  : 0.7578
           ADF p-val  : 4.6389 %  (n=278)
           Corr (raw) : 0.3769
[WFO]  Fold 463: insufficient events (train=52, val=18) — skipping

[PWFO]  IS63_OOS5 window 463: IS[16151:16592]  OOS[16592:16627]

[FRACDIFF] Optimal d  : 0.8281
           ADF p-val  : 4.8852 %  (n=278)
           Corr (raw) : 0.3044
[WFO]  Fold 464: insufficient events (train=50, val=21) — skipping

[PWFO]  IS63_OOS5 window 464: IS[16186:16627]  OOS[16627:16662]

[FRACDIFF] Optimal d  : 0.8359
           ADF p-val  : 4.8290 %  (n=278)
           Corr (raw) : 0.2823
[WFO]  Fold 465: insufficient events (train=49, val=27) — skipping

[PWFO]  IS63_OOS5 window 465: IS[16221:16662]  OOS[16662:16694]

[FRACDIFF] Optimal d  : 0.6094
           ADF p-val  : 4.5587 %  (n=278)
           Corr (raw) : 0.6983
[WFO]  Fold 466: insufficient events (train=43, val=27) — skipping

[PWFO]  IS63_OOS5 window 466: IS[16256:16694]  OOS[16694:16729]

[FRACDIFF] Optimal d  : 0.6797
           ADF p-val  : 0.0015 %  (n=278)
           Corr (raw) : 0.6258
[WFO]  Fold 467: insufficient events (train=38, val=27) — skipping

[PWFO]  IS63_OOS5 window 467: IS[16291:16729]  OOS[16729:16764]

[FRACDIFF] Optimal d  : 0.2188
           ADF p-val  : 32.8563 %  (n=278)
           Corr (raw) : 0.9926
[WFO]  Fold 468: insufficient events (train=39, val=26) — skipping

[PWFO]  IS63_OOS5 window 468: IS[16326:16764]  OOS[16764:16799]

[FRACDIFF] Optimal d  : 0.5938
           ADF p-val  : 0.1633 %  (n=278)
           Corr (raw) : 0.7287
[WFO]  Fold 469: insufficient events (train=41, val=24) — skipping

[PWFO]  IS63_OOS5 window 469: IS[16361:16799]  OOS[16799:16834]

[FRACDIFF] Optimal d  : 0.6172
           ADF p-val  : 25.4140 %  (n=278)
           Corr (raw) : 0.7080
[WFO]  Fold 470: insufficient events (train=45, val=28) — skipping

[PWFO]  IS63_OOS5 window 470: IS[16396:16834]  OOS[16834:16869]

[FRACDIFF] Optimal d  : 0.7109
           ADF p-val  : 4.6894 %  (n=275)
           Corr (raw) : 0.4676
[WFO]  Fold 471: insufficient events (train=47, val=29) — skipping

[PWFO]  IS63_OOS5 window 471: IS[16431:16869]  OOS[16869:16904]

[FRACDIFF] Optimal d  : 0.7500
           ADF p-val  : 4.9765 %  (n=275)
           Corr (raw) : 0.5032
[WFO]  Fold 472: insufficient events (train=47, val=27) — skipping

[PWFO]  IS63_OOS5 window 472: IS[16466:16904]  OOS[16904:16939]

[FRACDIFF] Optimal d  : 0.7969
           ADF p-val  : 0.0000 %  (n=275)
           Corr (raw) : 0.3776
[WFO]  Fold 473: insufficient events (train=51, val=24) — skipping

[PWFO]  IS63_OOS5 window 473: IS[16501:16939]  OOS[16939:16974]

[FRACDIFF] Optimal d  : 0.8203
           ADF p-val  : 0.0000 %  (n=275)
           Corr (raw) : 0.3610
[WFO]  Fold 474: insufficient events (train=56, val=18) — skipping

[PWFO]  IS63_OOS5 window 474: IS[16536:16974]  OOS[16974:17009]

[FRACDIFF] Optimal d  : 0.8203
           ADF p-val  : 4.3045 %  (n=275)
           Corr (raw) : 0.3054
[WFO]  Fold 475: insufficient events (train=57, val=18) — skipping

[PWFO]  IS63_OOS5 window 475: IS[16571:17009]  OOS[17009:17044]

[FRACDIFF] Optimal d  : 0.7656
           ADF p-val  : 4.7927 %  (n=275)
           Corr (raw) : 0.4395
[WFO]  Fold 476: insufficient events (train=57, val=21) — skipping

[PWFO]  IS63_OOS5 window 476: IS[16606:17044]  OOS[17044:17079]

[FRACDIFF] Optimal d  : 0.7188
           ADF p-val  : 4.3254 %  (n=275)
           Corr (raw) : 0.4316
[WFO]  Fold 477: insufficient events (train=50, val=21) — skipping
[PWFO]  IS63_OOS5: 477 windows, status {'insufficient_events': 477}
