,IS252_OOS5,IS252_OOS10,IS252_OOS21,IS252_OOS63,IS504_OOS5,IS504_OOS10,IS504_OOS21,IS504_OOS63
2017-01-03 00:00:00-05:00,-0.005214619755322003,-0.005214619755322003,-0.005214619755322003,-0.005214619755322003,,,,
2017-01-04 00:00:00-05:00,0.0011830109575754477,0.0011830109575754477,0.0011830109575754477,0.0011830109575754477,,,,
2017-01-05 00:00:00-05:00,0.0018004407234222253,0.0018004407234222253,0.0018004407234222253,0.0018004407234222253,,,,
2017-01-06 00:00:00-05:00,0.0009742132404404469,0.0009742132404404469,0.0009742132404404469,0.0009742132404404469,,,,
2017-01-09 00:00:00-05:00,0.0,0.0,0.0,0.0,,,,
2017-01-10 00:00:00-05:00,0.0,0.0,0.0,0.0,,,,
2017-01-11 00:00:00-05:00,0.0,0.0,0.0,0.0,,,,
2017-01-12 00:00:00-05:00,0.0,0.0,0.0,0.0,,,,
2017-01-13 00:00:00-05:00,-0.0006081241138528037,-0.0006081241138528037,-0.0006081241138528037,-0.0006081241138528037,,,,
2017-01-17 00:00:00-05:00,0.0,0.0,0.0,0.0,,,,
2017-01-18 00:00:00-05:00,0.0,0.0,0.0,0.0,,,,
2017-01-19 00:00:00-05:00,0.0,0.0,0.0,0.0,,,,
2017-01-20 00:00:00-05:00,-0.0011191485172438176,-0.0011191485172438176,-0.0011191485172438176,-0.0011191485172438176,,,,
2017-01-23 00:00:00-05:00,0.0,0.0,0.0,0.0,,,,
2017-01-24 00:00:00-05:00,0.0024740122123856345,0.0024740122123856345,0.0024740122123856345,0.0024740122123856345,,,,
2017-01-25 00:00:00-05:00,0.0026863956635130304,0.0026863956635130304,0.0026863956635130304,0.0026863956635130304,,,,
2017-01-26 00:00:00-05:00,0.0,0.0,0.0,0.0,,,,
2017-01-27 00:00:00-05:00,0.0,0.0,0.0,0.0,,,,
2017-01-30 00:00:00-05:00,0.0,0.0,0.0,0.0,,,,
2017-01-31 00:00:00-05:00,0.0,0.0,0.0,0.0,,,,
2017-02-01 00:00:00-05:00,0.0,0.0,0.0,0.0,,,,
2017-02-02 00:00:00-05:00,0.0,0.0,0.0,0.0,,,,
2017-02-03 00:00:00-05:00,0.0009632838820530232,0.0009632838820530232,0.0009632838820530232,0.0009632838820530232,,,,
2017-02-06 00:00:00-05:00,0.0,0.0,0.0,0.0,,,,
2017-02-07 00:00:00-05:00,0.0,0.0,-0.0024217578242176074,0.0,,,,
2017-02-08 00:00:00-05:00,0.0,0.0,0.0,0.0,,,,
2017-02-09 00:00:00-05:00,0.0015620039204538028,0.0015620039204538028,0.0015620039204540248,0.0015620039204538028,,,,
2017-02-10 00:00:00-05:00,0.0013542172008855768,0.0013542172008855768,0.0013542172008855768,0.0013542172008855768,,,,
2017-02-13 00:00:00-05:00,0.0009963704232858195,0.0009963704232858195,0.0009963704232858195,0.0009963704232858195,,,,
2017-02-14 00:00:00-05:00,0.00457156945695969,0.00457156945695969,0.004571569456959912,0.00457156945695969,,,,
2017-02-15 00:00:00-05:00,0.0018268086664758876,0.0018268086664758876,0.0018268086664756655,0.0018268086664758876,,,,
2017-02-16 00:00:00-05:00,0.001431741098887107,0.001431741098887107,0.001431741098887107,0.001431741098887107,,,,
2017-02-17 00:00:00-05:00,0.0,0.0,0.0,0.0,,,,
2017-02-21 00:00:00-05:00,-0.0001509725994215394,-0.0001509725994215394,-0.00015097259942142838,-0.0001509725994215394,,,,
2017-02-22 00:00:00-05:00,0.0,0.0,0.0,0.0,,,,
2017-02-23 00:00:00-05:00,0.0031398571347380777,0.0,0.0,0.0,,,,
2017-02-24 00:00:00-05:00,0.0,0.0,0.0,0.0,,,,
2017-02-27 00:00:00-05:00,-0.0006883782336435385,0.0,0.0,0.0,,,,
2017-02-28 00:00:00-05:00,0.0,0.0,0.0,0.0,,,,
2017-03-01 00:00:00-05:00,0.0025624340135057544,0.0025624340135059764,0.0025624340135059764,0.0025624340135059764,,,,
2017-03-02 00:00:00-05:00,-0.0039779279508345144,-0.0039779279508346255,-0.0039779279508345144,-0.0039779279508346255,,,,
2017-03-03 00:00:00-05:00,0.0,0.0,0.0,0.0,,,,
2017-03-06 00:00:00-05:00,0.0,0.0,0.0,0.0,,,,
2017-03-07 00:00:00-05:00,0.0,0.0,0.0,0.0,,,,
2017-03-08 00:00:00-05:00,0.0,0.0,0.0,0.0,,,,
2017-03-09 00:00:00-05:00,0.0,0.0,0.0,0.0,,,,
2017-03-10 00:00:00-05:00,0.0,0.0,0.0,-0.004465858936401723,,,,
2017-03-13 00:00:00-04:00,0.0,0.0,0.0,0.0,,,,
2017-03-14 00:00:00-04:00,0.0,0.0,0.0,0.0,,,,
2017-03-15 00:00:00-04:00,-0.0011691541198730615,-0.0011691541198730615,0.0,0.0057137365631627635,,,,
2017-03-16 00:00:00-04:00,0.0,0.0,0.0,0.0008212661879880567,,,,
2017-03-17 00:00:00-04:00,0.0,0.0,0.0,0.0,,,,
2017-03-20 00:00:00-04:00,0.0,0.0,0.0,0.0,,,,
2017-03-21 00:00:00-04:00,0.0,0.0,0.0,0.0,,,,
2017-03-22 00:00:00-04:00,0.0,0.0,0.0,0.0,,,,
2017-03-23 00:00:00-04:00,0.0,0.0,0.0,0.0,,,,
2017-03-24 00:00:00-04:00,0.0,0.0,0.0,0.0,,,,
2017-03-27 00:00:00-04:00,0.0,0.0,0.0,0.0,,,,
2017-03-28 00:00:00-04:00,0.0,0.0,0.0,0.0031362057687347455,,,,
2017-03-29 00:00:00-04:00,0.0,0.0,0.0,0.0,,,,
2017-03-30 00:00:00-04:00,0.0009243794963353924,0.0009243794963353924,0.0,0.0009243794963353924,,,,
2017-03-31 00:00:00-04:00,0.0,0.0,0.0,0.0,,,,
2017-04-03 00:00:00-04:00,0.0,0.0,0.0,0.0,,,,
2017-04-04 00:00:00-04:00,0.0,0.0,0.0,0.0,,,,
2017-04-05 00:00:00-04:00,0.0,0.0,0.0,0.0,,,,
2017-04-06 00:00:00-04:00,0.0,0.0,0.0,0.0,,,,
2017-04-07 00:00:00-04:00,0.0,0.0,0.0,0.0,,,,
2017-04-10 00:00:00-04:00,0.0,0.0,0.0,0.0,,,,
2017-04-11 00:00:00-04:00,0.0,0.0,0.0,0.0,,,,
2017-04-12 00:00:00-04:00,0.0,0.0,0.0,0.0,,,,
2017-04-13 00:00:00-04:00,0.0,0.0,0.0,0.0,,,,
2017-04-17 00:00:00-04:00,0.0,0.0,0.0,0.0,,,,
2017-04-18 00:00:00-04:00,0.0,0.0,0.0,0.0,,,,
2017-04-19 00:00:00-04:00,0.0,0.0,0.0,0.0,,,,
2017-04-20 00:00:00-04:00,0.0003887436959233437,0.0003887436959233437,0.0003887436959233437,0.0003887436959233437,,,,
2017-04-21 00:00:00-04:00,0.0,-0.0016732351029350445,0.0,0.0,,,,
2017-04-24 00:00:00-04:00,0.0,-5.399537920236508e-05,-5.399537920236508e-05,-5.39953792024761e-05,,,,
2017-04-25 00:00:00-04:00,0.0,-0.0001999800019997222,-0.0001999800019997222,-0.0001999800019997222,,,,
2017-04-26 00:00:00-04:00,-0.004535835145825562,-0.004535835145825562,-0.004535835145825673,-0.004535835145825562,,,,
2017-04-27 00:00:00-04:00,0.0,0.0,0.0,0.0,,,,
2017-04-28 00:00:00-04:00,0.0,0.0,0.0,0.0,,,,
2017-05-01 00:00:00-04:00,0.0,0.0,0.0,0.0,,,,
2017-05-02 00:00:00-04:00,0.0,0.0,0.0,0.0,,,,
2017-05-03 00:00:00-04:00,0.0,0.0,0.0,0.0,,,,
2017-05-04 00:00:00-04:00,0.0,0.0,0.0,0.0,,,,
2017-05-05 00:00:00-04:00,0.0,0.0,0.0,0.0,,,,
2017-05-08 00:00:00-04:00,0.0,0.0,0.0,0.0,,,,
2017-05-09 00:00:00-04:00,0.0,0.0,0.0,-0.003298516616242364,,,,
2017-05-10 00:00:00-04:00,0.0,0.0,0.0,0.0,,,,
2017-05-11 00:00:00-04:00,0.0,0.0,0.0,0.0,,,,
2017-05-12 00:00:00-04:00,0.0,0.0,0.0,0.0,,,,
2017-05-15 00:00:00-04:00,0.0,0.0,0.0,0.0,,,,
2017-05-16 00:00:00-04:00,0.0,0.0,0.0,0.0,,,,
2017-05-17 00:00:00-04:00,0.0,0.0,0.0,0.0,,,,
2017-05-18 00:00:00-04:00,0.0,0.0,0.0,0.0,,,,
2017-05-19 00:00:00-04:00,0.0,0.0,0.0,0.0,,,,
2017-05-22 00:00:00-04:00,0.0,0.0,0.0,0.001295354615645783,,,,
2017-05-23 00:00:00-04:00,0.0,0.0,0.0,-0.00019998000199983323,,,,
2017-05-24 00:00:00-04:00,0.0,0.0,0.0,0.0,,,,
2017-05-25 00:00:00-04:00,0.0,0.0,0.0,0.00018202401748546038,,,,
2017-05-26 00:00:00-04:00,0.0,0.0,0.0,0.0,,,,
2017-05-30 00:00:00-04:00,0.0,0.0,0.0,0.0,,,,
2017-05-31 00:00:00-04:00,0.0,0.0,0.0,0.0,,,,
2017-06-01 00:00:00-04:00,0.0,0.0,0.0,0.0,,,,
2017-06-02 00:00:00-04:00,0.0,0.0,-1.0910406690101127e-05,0.0032433661972095518,,,,
2017-06-05 00:00:00-04:00,0.0,0.0,0.0,0.0,,,,
2017-06-06 00:00:00-04:00,0.0,0.0,0.0,0.0,,,,
2017-06-07 00:00:00-04:00,0.0,0.0,0.0,0.0,,,,
2017-06-08 00:00:00-04:00,0.0,0.0,0.0,0.0,,,,
2017-06-09 00:00:00-04:00,0.0,0.0,0.0,0.0,,,,
2017-06-12 00:00:00-04:00,0.0,0.0,0.0,0.0,,,,
2017-06-13 00:00:00-04:00,0.0,0.0,0.0,0.0,,,,
2017-06-14 00:00:00-04:00,0.0,0.0,0.0,0.0,,,,
2017-06-15 00:00:00-04:00,0.0,0.0,0.0,0.0,,,,
2017-06-16 00:00:00-04:00,0.0,0.0,0.0,0.0,,,,
2017-06-19 00:00:00-04:00,0.0,0.0,0.0,0.0,,,,
2017-06-20 00:00:00-04:00,0.0,0.0,0.0,0.0,,,,
2017-06-21 00:00:00-04:00,0.0,0.0,0.0,0.0,,,,
2017-06-22 00:00:00-04:00,0.0,0.0,0.0,0.0,,,,
2017-06-23 00:00:00-04:00,0.0,0.0,0.0,0.0,,,,
2017-06-26 00:00:00-04:00,0.0,0.0,0.0,0.0,,,,
2017-06-27 00:00:00-04:00,0.0,0.0,0.0,0.0,,,,
2017-06-28 00:00:00-04:00,0.0,0.0,0.0,0.0,,,,
2017-06-29 00:00:00-04:00,0.0,0.0,0.0,0.0,,,,
2017-06-30 00:00:00-04:00,0.0,0.0,0.0,0.0,,,,
2017-07-03 00:00:00-04:00,0.0,0.0,0.0,0.0,,,,
2017-07-05 00:00:00-04:00,0.0,0.0,0.0,0.0,,,,
2017-07-06 00:00:00-04:00,0.0,0.0,0.0,0.0,,,,
2017-07-07 00:00:00-04:00,0.0,0.0,0.0,0.0,,,,
2017-07-10 00:00:00-04:00,0.0,0.0,0.0,0.0,,,,
2017-07-11 00:00:00-04:00,0.0,0.0,0.0,0.0,,,,
2017-07-12 00:00:00-04:00,0.0,0.0,0.0,0.0,,,,
2017-07-13 00:00:00-04:00,0.0,0.0,0.0,0.0,,,,
2017-07-14 00:00:00-04:00,0.0,0.0,0.0,0.0,,,,
2017-07-17 00:00:00-04:00,0.0,0.0,0.0,0.0,,,,
2017-07-18 00:00:00-04:00,0.0,0.0,0.0,0.0,,,,
2017-07-19 00:00:00-04:00,0.0,0.0,0.0,0.0,,,,
2017-07-20 00:00:00-04:00,0.0,0.0,0.0,0.0,,,,
2017-07-21 00:00:00-04:00,0.0,0.0,0.0,0.0,,,,
2017-07-24 00:00:00-04:00,0.0,0.0,0.0,0.0,,,,
2017-07-25 00:00:00-04:00,0.0,0.0,0.0,0.0,,,,
2017-07-26 00:00:00-04:00,0.0,0.0,0.0,0.0,,,,
2017-07-27 00:00:00-04:00,0.0,0.0,0.0,0.0,,,,
2017-07-28 00:00:00-04:00,0.0,0.0,0.0,0.0,,,,
2017-07-31 00:00:00-04:00,0.0,0.0,0.0,0.0,,,,
2017-08-01 00:00:00-04:00,0.0,0.0,0.0,0.0,,,,
2017-08-02 00:00:00-04:00,0.0,0.0,0.0,0.0,,,,
2017-08-03 00:00:00-04:00,0.0,0.0,0.0,0.0,,,,
2017-08-04 00:00:00-04:00,0.0,0.0,0.0,0.0,,,,
2017-08-07 00:00:00-04:00,0.0,0.0,0.0,0.0,,,,
2017-08-08 00:00:00-04:00,0.0,0.0,0.0,0.0,,,,
2017-08-09 00:00:00-04:00,0.0,0.0,0.0,0.0,,,,
2017-08-10 00:00:00-04:00,0.0,0.0,0.0,0.0,,,,
2017-08-11 00:00:00-04:00,0.0,0.0,0.0,0.0,,,,
2017-08-14 00:00:00-04:00,0.0,0.0,0.0,0.0,,,,
2017-08-15 00:00:00-04:00,0.0,0.0,0.0,0.0,,,,
2017-08-16 00:00:00-04:00,0.0,0.0,0.0,0.0,,,,
2017-08-17 00:00:00-04:00,0.0,0.0,0.0,0.0,,,,
2017-08-18 00:00:00-04:00,0.0,0.0,0.0,0.0,,,,
2017-08-21 00:00:00-04:00,0.0,0.0,0.0,0.0,,,,
2017-08-22 00:00:00-04:00,0.0,0.0,0.0,0.0,,,,
2017-08-23 00:00:00-04:00,0.0,0.0,0.0,0.0,,,,
2017-08-24 00:00:00-04:00,0.0,0.0,0.0,0.0,,,,
2017-08-25 00:00:00-04:00,-1.2180193557975727e-05,-1.2180193557975727e-05,0.0,0.0,,,,
2017-08-28 00:00:00-04:00,-0.001657900414829938,-0.001657900414829938,0.0,0.0,,,,
2017-08-29 00:00:00-04:00,-0.004675086369128056,-0.004675086369127945,0.0,0.0,,,,
2017-08-30 00:00:00-04:00,0.00406476743200912,0.0,0.0,0.0,,,,
2017-08-31 00:00:00-04:00,0.0,0.0,0.0,0.0,,,,
2017-09-01 00:00:00-04:00,0.0,0.0,0.0,0.0,,,,
2017-09-05 00:00:00-04:00,-0.0002466928914076627,0.0,0.0,0.0,,,,
2017-09-06 00:00:00-04:00,0.0,0.0,0.0,0.0,,,,
2017-09-07 00:00:00-04:00,0.0,0.0,0.0,0.0,,,,
2017-09-08 00:00:00-04:00,0.0,0.0,0.0,0.0,,,,
2017-09-11 00:00:00-04:00,0.0,0.0,0.0,0.0,,,,
2017-09-12 00:00:00-04:00,0.0,0.0,0.0,0.0,,,,
2017-09-13 00:00:00-04:00,0.0,0.0,0.0,0.0,,,,
2017-09-14 00:00:00-04:00,0.0,0.0,0.0,0.0,,,,
2017-09-15 00:00:00-04:00,0.0,0.0,0.0,0.0,,,,
2017-09-18 00:00:00-04:00,-0.001159919670066678,0.0,0.0,0.0,,,,
2017-09-19 00:00:00-04:00,-0.0003827671531487775,0.0,0.0,0.0,,,,
2017-09-20 00:00:00-04:00,0.0,0.0,0.0,0.0,,,,
2017-09-21 00:00:00-04:00,0.0,0.0,0.0,0.0,,,,
2017-09-22 00:00:00-04:00,0.0,0.0,0.0,0.0,,,,
2017-09-25 00:00:00-04:00,0.0,0.0,0.0,0.0,,,,
2017-09-26 00:00:00-04:00,0.0,0.0,0.0,0.0,,,,
2017-09-27 00:00:00-04:00,0.0,0.0,0.0,0.0,,,,
2017-09-28 00:00:00-04:00,0.0,0.0,0.0,0.0,,,,
2017-09-29 00:00:00-04:00,0.0,0.0,0.0,0.0,,,,
2017-10-02 00:00:00-04:00,0.0,0.0,0.0,0.0,,,,
2017-10-03 00:00:00-04:00,0.0,0.0,0.0,0.0,,,,
2017-10-04 00:00:00-04:00,7.085841598719611e-05,7.085841598719611e-05,7.085841598697407e-05,7.085841598697407e-05,,,,
2017-10-05 00:00:00-04:00,0.0025782529828703993,0.0025782529828706213,0.0025782529828706213,0.0025782529828703993,,,,
2017-10-06 00:00:00-04:00,0.0007439484438012123,0.0007439484438014343,0.0007439484438014343,0.0007439484438014343,,,,
2017-10-09 00:00:00-04:00,0.0,0.0,0.0,0.0,,,,
2017-10-10 00:00:00-04:00,0.0,0.0,0.0,0.0,,,,
2017-10-11 00:00:00-04:00,0.0,0.0,0.0,0.0,,,,
2017-10-12 00:00:00-04:00,0.0,0.0,0.0,0.0,,,,
2017-10-13 00:00:00-04:00,0.0,0.0,0.0,0.0,,,,
2017-10-16 00:00:00-04:00,0.0,0.0,0.0,0.0,,,,
2017-10-17 00:00:00-04:00,0.0,0.0,0.0,0.0,,,,
2017-10-18 00:00:00-04:00,0.0,0.0,0.0,0.0,,,,
2017-10-19 00:00:00-04:00,0.0,0.0,0.0,0.0,,,,
2017-10-20 00:00:00-04:00,0.0017145780411937928,0.0017145780411937928,0.0017145780411937928,0.0017145780411937928,,,,
2017-10-23 00:00:00-04:00,0.0,0.0,0.0,0.0,,,,
2017-10-24 00:00:00-04:00,0.0,0.0,0.0,0.0,,,,
2017-10-25 00:00:00-04:00,-0.0033130751302098416,-0.0033130751302099526,0.0,0.0,,,,
2017-10-26 00:00:00-04:00,0.0,0.0,0.0,0.0,,,,
2017-10-27 00:00:00-04:00,0.0,0.00037670826936309076,0.0,0.0,,,,
2017-10-30 00:00:00-04:00,0.0,0.0,0.0,0.0,,,,
2017-10-31 00:00:00-04:00,0.0,0.0,0.0,0.0,,,,
2017-11-01 00:00:00-04:00,0.0,0.0,0.0,0.0,,,,
2017-11-02 00:00:00-04:00,0.0,0.0,0.0,0.0,,,,
2017-11-03 00:00:00-04:00,0.0,0.0,0.0,0.0,,,,
2017-11-06 00:00:00-05:00,0.0,0.0,0.0,0.0,,,,
2017-11-07 00:00:00-05:00,0.0,0.0,0.0,0.0,,,,
2017-11-08 00:00:00-05:00,0.0,0.0,0.0,0.0,,,,
2017-11-09 00:00:00-05:00,0.0,0.0,0.0,0.0,,,,
2017-11-10 00:00:00-05:00,0.0,0.0,0.0,0.0,,,,
2017-11-13 00:00:00-05:00,0.0,0.0,0.0,0.0,,,,
2017-11-14 00:00:00-05:00,0.0,0.0,0.0,0.0,,,,
2017-11-15 00:00:00-05:00,0.0,0.0,0.0,0.0,,,,
2017-11-16 00:00:00-05:00,0.0,0.0,-0.0024590076916553016,0.0,,,,
2017-11-17 00:00:00-05:00,0.0,0.0,0.0,0.0,,,,
2017-11-20 00:00:00-05:00,0.0,0.0,0.0,0.0,,,,
2017-11-21 00:00:00-05:00,0.0,0.0,-0.00024392532396355637,0.0,,,,
2017-11-22 00:00:00-05:00,0.0,0.0,0.0,0.0,,,,
2017-11-24 00:00:00-05:00,0.0,0.0,-0.00041934985016489623,0.0,,,,
2017-11-27 00:00:00-05:00,0.0,0.0,0.0,0.0,,,,
2017-11-28 00:00:00-05:00,0.0,0.0,0.0074275085028476795,0.0074275085028479015,,,,
2017-11-29 00:00:00-05:00,0.0,0.0,0.0,0.0,,,,
2017-11-30 00:00:00-05:00,0.001688742576715807,0.0016887425767160291,0.001688742576715807,0.001688742576715807,,,,
2017-12-01 00:00:00-05:00,0.0,0.0,0.0,0.004051903436630866,,,,
2017-12-04 00:00:00-05:00,-0.007322584157988032,-0.007322584157988032,-0.0073225841579881434,-0.007322584157988032,,,,
2017-12-05 00:00:00-05:00,0.0,0.0,0.0,0.0,,,,
2017-12-06 00:00:00-05:00,0.0,0.0,0.0,0.0,,,,
2017-12-07 00:00:00-05:00,0.0,0.0,0.0,0.0,,,,
2017-12-08 00:00:00-05:00,0.0,0.0,0.0,0.001783407996961195,,,,
2017-12-11 00:00:00-05:00,0.0015187015399626969,0.0015187015399624748,0.0015187015399626969,0.0015187015399626969,,,,
2017-12-12 00:00:00-05:00,0.0001855635165735059,0.00018556351657372794,0.0001855635165735059,0.0001855635165735059,,,,
2017-12-13 00:00:00-05:00,-0.0028484568761666385,-0.0028484568761667495,-0.0028484568761667495,-0.0028484568761666385,,,,
2017-12-14 00:00:00-05:00,0.0,0.0,0.0,0.0,,,,
2017-12-15 00:00:00-05:00,0.0,0.0,0.0,0.0,,,,
2017-12-18 00:00:00-05:00,0.0,0.0,0.0,-0.0007929812001005176,,,,
2017-12-19 00:00:00-05:00,0.0,0.0,0.0,0.0,,,,
2017-12-20 00:00:00-05:00,0.0,0.0,0.0,0.0,,,,
2017-12-21 00:00:00-05:00,0.0,0.0,0.0,0.0,,,,
2017-12-22 00:00:00-05:00,0.0,0.0,0.0,0.0,,,,
2017-12-26 00:00:00-05:00,0.0,0.0,0.0,0.0,,,,
2017-12-27 00:00:00-05:00,0.0,0.0,0.0,0.0,,,,
2017-12-28 00:00:00-05:00,0.0,0.0006494316797454047,0.0,0.0,,,,
2017-12-29 00:00:00-05:00,-0.002953850283754833,-0.002953850283754833,0.0,0.0,,,,
2018-01-02 00:00:00-05:00,0.001239799781140194,0.001239799781140194,0.001239799781140194,0.0,,,,
2018-01-03 00:00:00-05:00,0.0019478633434044657,0.0019478633434044657,0.0019478633434044657,0.0019478633434044657,0.0019478633434044657,0.0019478633434044657,0.0019478633434044657,0.0019478633434044657
2018-01-04 00:00:00-05:00,-0.0014120107929009862,-0.0014120107929009862,-0.0014120107929009862,-0.0014120107929010972,-0.0014120107929010972,-0.0014120107929010972,-0.0014120107929010972,-0.0014120107929010972
2018-01-05 00:00:00-05:00,0.0025515336882624418,0.0025515336882624418,0.0025515336882624418,0.0025515336882624418,0.0025515336882624418,0.0025515336882624418,0.0025515336882624418,0.0025515336882624418
2018-01-08 00:00:00-05:00,-0.000407407392040926,-0.000407407392040815,-0.000407407392040926,-0.000407407392040815,-0.000407407392040926,-0.000407407392040926,-0.000407407392040926,-0.000407407392040926
2018-01-09 00:00:00-05:00,-0.00036556463598425015,-0.00036556463598425015,-0.0003655646359843612,-0.00036556463598425015,-0.00036556463598413913,-0.00036556463598413913,-0.00036556463598413913,-0.00036556463598413913
2018-01-10 00:00:00-05:00,0.0014615073598582828,0.0014615073598580608,0.0014615073598582828,0.0014615073598580608,0.0014615073598582828,0.0014615073598582828,0.0014615073598582828,0.0014615073598582828
2018-01-11 00:00:00-05:00,0.0032806066922075328,0.003280606692207755,0.003280606692207755,0.003280606692207755,0.0012843816245231565,0.0012843816245231565,0.0012843816245231565,0.0012843816245231565
2018-01-12 00:00:00-05:00,0.002465606597666703,0.002465606597666703,0.002465606597666703,0.002465606597666703,0.002465606597666703,0.002465606597666703,0.002465606597666703,0.002465606597666703
2018-01-16 00:00:00-05:00,-0.004181878872523748,-0.004181878872523637,-0.004181878872523637,-0.004181878872523748,-0.008497111585298978,-0.008497111585298978,-0.008497111585298978,-0.008497111585298978
2018-01-17 00:00:00-05:00,0.0,0.0,0.0,0.0,0.0,0.0,0.0,0.0
2018-01-18 00:00:00-05:00,0.0,0.0,0.0,0.0,-0.0024342153790472,-0.0024342153790472,-0.0024342153790472,-0.0024342153790472
2018-01-19 00:00:00-05:00,0.0,0.0,0.0,0.0,0.0013428586075401316,0.0013428586075401316,0.0,0.0
2018-01-22 00:00:00-05:00,0.0,0.0,0.00391371379037575,0.00391371379037575,0.00391371379037575,0.00391371379037575,0.00391371379037575,0.00391371379037575
2018-01-23 00:00:00-05:00,0.0,0.0,0.0,0.0,0.0,0.0,0.0,0.0
2018-01-24 00:00:00-05:00,0.0,-0.004168635186111658,-0.005565462548234534,-0.005565462548234534,-0.009985699696754002,-0.009985699696754002,-0.009985699696754002,-0.009985699696754002
2018-01-25 00:00:00-05:00,0.0,0.0,0.0,0.0,0.0,0.0,0.0,0.0
2018-01-26 00:00:00-05:00,0.0,0.0,0.0,0.0,0.0038710231162708553,0.003994824567509658,0.0038710231162708553,0.0038710231162708553
2018-01-29 00:00:00-05:00,0.0,0.0,0.0,0.0,0.0,-0.0025898449954214753,-0.0025898449954215863,-0.0025898449954215863
2018-01-30 00:00:00-05:00,0.0,0.0,0.0,0.0,0.0,0.0,0.0,0.0
2018-01-31 00:00:00-05:00,0.0,0.0,0.0,0.0,0.0,0.0,0.0,0.0
2018-02-01 00:00:00-05:00,0.0,0.0,-0.0055273165060821805,-0.0055273165060821805,-0.0055273165060822915,-0.0055273165060821805,0.0,0.0
2018-02-02 00:00:00-05:00,0.0,0.0,0.0,0.0,0.0,0.0,0.0,0.0
2018-02-05 00:00:00-05:00,0.0199500062616198,0.019950006261620024,0.0199500062616198,0.0199500062616198,0.0,0.0,0.0,0.0
2018-02-06 00:00:00-05:00,-0.004900033919871927,-0.004900033919871927,-0.004900033919871816,-0.004900033919871705,0.005981584624763281,0.005981584624763281,0.005981584624763281,0.0
2018-02-07 00:00:00-05:00,0.009976066975233788,0.009976066975233788,0.009976066975233788,0.009976066975233788,0.009976066975233788,0.009976066975233788,0.009976066975233788,0.009976066975233788
2018-02-08 00:00:00-05:00,0.0,0.0,0.0,0.0,0.0,0.0,0.0,0.0
2018-02-09 00:00:00-05:00,-0.03215483333907443,-0.03215483333907454,-0.03215483333907443,-0.017099957799916687,-0.017099957799916576,-0.017099957799916687,-0.017099957799916576,0.0
2018-02-12 00:00:00-05:00,0.0010843185076114814,0.0,0.0,0.0010843185076114814,0.0010843185076117035,0.0010843185076114814,0.0010843185076114814,0.0010843185076114814
2018-02-13 00:00:00-05:00,0.0,0.0,0.0,0.0,0.0,0.0,0.0,0.0
2018-02-14 00:00:00-05:00,0.0,0.0,0.0,0.0,0.010577123873399374,0.010577123873399374,0.010577123873399374,0.010577123873399374
2018-02-15 00:00:00-05:00,0.0,0.0,0.0,0.0,0.002848572751011913,0.002848572751011913,0.002848572751011913,0.002848572751011913
2018-02-16 00:00:00-05:00,0.0,0.0,0.0,0.0,-0.006116690929814261,-0.006116690929814372,-0.006116690929814261,-0.006116690929814372
2018-02-20 00:00:00-05:00,0.0,0.0,0.0,0.0,-0.0032892614534112408,-0.0032892614534112408,-0.0032892614534112408,0.0
2018-02-21 00:00:00-05:00,0.0,0.0,0.0,0.0,-0.01103450856597532,-0.011034508565975099,0.0,0.0
2018-02-22 00:00:00-05:00,0.0,0.0,0.0,0.0,0.0,0.0,0.0,0.0
2018-02-23 00:00:00-05:00,0.0,0.0,0.0,0.0,0.001831712486695336,0.008650024350383534,0.008650024350383534,0.001831712486695336
2018-02-26 00:00:00-05:00,0.0,0.0,0.0,0.0,0.005021659284908608,0.005021659284908386,0.005021659284908386,0.005021659284908608
2018-02-27 00:00:00-05:00,0.0,0.0,0.0,0.0,-0.009370533611885778,-0.009370533611885556,-0.009370533611885667,-0.009370533611885667
2018-02-28 00:00:00-05:00,0.0,0.0,0.0,0.0,0.0,0.0,0.0,0.0
2018-03-01 00:00:00-05:00,0.0,0.0,0.0,0.0,0.0,0.0,0.0,0.0
2018-03-02 00:00:00-05:00,0.0,0.0,-0.010384191814130195,-0.004570855897639059,-0.004570855897638948,-0.004570855897638948,0.0,0.0
2018-03-05 00:00:00-05:00,0.0,0.0,-0.005491194849604919,0.0,-0.005491194849605141,-0.005491194849605141,-0.00549119484960503,0.0
2018-03-06 00:00:00-05:00,0.0,0.0,0.0,0.0,0.0003000866968987381,0.00030008669689896017,0.00030008669689896017,0.00030008669689896017
2018-03-07 00:00:00-05:00,0.0,0.0,0.0,0.0,0.0,0.0,0.0,0.0
2018-03-08 00:00:00-05:00,0.0,0.0,0.0,0.0,0.0,0.0,0.0,0.0
2018-03-09 00:00:00-05:00,0.0,0.0,0.0,0.0,0.008476412373568998,0.008476412373568998,0.008476412373568776,0.008476412373568998
2018-03-12 00:00:00-04:00,0.0,0.0,0.0,0.0,-0.0033733025476699874,-0.0033733025476699874,-0.0033733025476699874,-0.0033733025476698764
2018-03-13 00:00:00-04:00,0.0,0.0,0.0,0.0,0.0,0.0,0.0,-0.008018592554469128
2018-03-14 00:00:00-04:00,0.0,0.0,0.0,0.0,0.0,0.0,0.0,0.0
2018-03-15 00:00:00-04:00,0.0,0.0,0.0,0.0,0.0,0.0,0.0,0.0
2018-03-16 00:00:00-04:00,0.0,0.0,0.0,0.0,0.0,0.0,0.0,0.0
2018-03-19 00:00:00-04:00,0.0,0.0,0.0,0.0,0.0,0.0,0.0,0.0
2018-03-20 00:00:00-04:00,0.0,0.0,0.0,0.0,0.0,0.0,0.0,0.0
2018-03-21 00:00:00-04:00,0.0,0.0,0.0,0.0,0.0,0.0,0.0,0.0
2018-03-22 00:00:00-04:00,0.0,0.0,0.0,0.0,0.0,0.0,0.0,0.0
2018-03-23 00:00:00-04:00,0.0,0.0,0.0,0.0,0.0,0.0,0.0,0.0
2018-03-26 00:00:00-04:00,0.0,0.0,0.0,-0.013174379947662351,0.0,0.0,-0.0025546406029550717,0.0
2018-03-27 00:00:00-04:00,0.0,0.0,0.0,0.0,0.0,0.0,0.0,0.0
2018-03-28 00:00:00-04:00,0.0,0.0,0.0,0.0,0.0,0.0,0.0,0.0
2018-03-29 00:00:00-04:00,0.0,0.0,0.0,0.0,0.0,0.0,0.0027142657705656603,0.0027142657705654383
2018-04-02 00:00:00-04:00,0.0,0.0,0.0,0.0,0.0,0.0,0.0,0.0
2018-04-03 00:00:00-04:00,0.0,0.0,0.0,0.0,0.0,0.0,0.0,0.0
2018-04-04 00:00:00-04:00,0.0,0.0,0.0,0.0,0.0,0.0,0.012160486704916984,0.005626611955683147
2018-04-05 00:00:00-04:00,0.0,0.0,0.0,0.0,0.0,0.0,0.0,0.0
2018-04-06 00:00:00-04:00,0.0,0.0,0.0,0.0,0.0,0.0,0.0,0.0
2018-04-09 00:00:00-04:00,0.0,0.0,0.0,0.0,0.0,0.0,0.0,0.0
2018-04-10 00:00:00-04:00,0.0,0.0,0.0,0.0,0.0,0.0,0.0,0.0
2018-04-11 00:00:00-04:00,0.0,0.0,0.0,0.0,0.0,0.0,0.0,0.0
2018-04-12 00:00:00-04:00,0.0,0.0,0.0,0.0,0.0,0.0,0.0,0.0
2018-04-13 00:00:00-04:00,0.0,0.0,0.0,0.0,0.0,0.0,0.0,0.0
2018-04-16 00:00:00-04:00,0.0,0.0,0.0,0.0,0.0,0.0,0.0,0.0
2018-04-17 00:00:00-04:00,0.0,0.0,0.0,0.0,0.0,0.0,0.0,0.0
2018-04-18 00:00:00-04:00,0.0,0.0,0.0,0.0,0.0,0.0,0.0,0.0
2018-04-19 00:00:00-04:00,-0.0025943584373547823,0.0,0.0,0.0,0.0,0.0,0.0,0.0
2018-04-20 00:00:00-04:00,-0.0004549454563144151,0.0,0.0,0.0,0.0,0.0,0.0,0.0
2018-04-23 00:00:00-04:00,0.008068827778981102,0.0,0.0,0.0,0.0,0.0,0.0,0.0
2018-04-24 00:00:00-04:00,0.0,0.0,0.0,0.0,0.0,0.0,0.0,0.0
2018-04-25 00:00:00-04:00,0.00022949003364280962,0.0,0.0,0.0,0.0,0.0,0.0,0.0
2018-04-26 00:00:00-04:00,-0.003956479468526286,-0.003956479468526286,0.0,0.0,0.0,0.0,0.0,0.0
2018-04-27 00:00:00-04:00,0.0,0.0,0.0,0.0,0.0,0.0,0.0,0.0
2018-04-30 00:00:00-04:00,0.0,0.0,0.0,0.0,0.0,0.0,0.0,0.0
2018-05-01 00:00:00-04:00,-0.0038031078174289856,-0.0038031078174288746,0.0,0.0,0.0,0.0,0.0,0.0
2018-05-02 00:00:00-04:00,0.0066767710623807375,0.0066767710623807375,0.0,0.0,0.0,0.0,0.0,0.0
2018-05-03 00:00:00-04:00,-0.0023177143795698463,-0.010604564784973514,0.0,0.0,0.0,0.0,0.0,0.0
2018-05-04 00:00:00-04:00,-0.0085840494006999,-0.00858404940069979,-0.00858404940069979,0.0,0.0,0.0,0.0021463675445050345,0.0
2018-05-07 00:00:00-04:00,-0.0020627510419688466,-0.0020627510419690687,-0.0020627510419690687,0.0,-0.0020627510419689576,0.0,-0.0020627510419690687,0.0
2018-05-08 00:00:00-04:00,0.0,0.0026073716814660752,0.0,0.0,0.0,0.0,0.0,0.0
2018-05-09 00:00:00-04:00,0.0,0.0,0.0,0.0,0.0,0.0,0.0,0.0
2018-05-10 00:00:00-04:00,0.0,0.0,0.0,0.0,0.0,0.0,0.0,0.0
2018-05-11 00:00:00-04:00,0.0,0.0,0.0,0.0,0.0,0.0,0.0,0.0
2018-05-14 00:00:00-04:00,0.0,0.0,0.0,0.0,0.0,0.0,0.0,0.0
2018-05-15 00:00:00-04:00,0.0,0.0,0.0,0.0,0.0,0.0,0.0,0.0
2018-05-16 00:00:00-04:00,0.0,0.0,0.0,0.0,0.0,0.0,0.0,0.0
2018-05-17 00:00:00-04:00,0.0,0.0,0.0,0.0,0.0,0.0,0.0,0.0
2018-05-18 00:00:00-04:00,0.0,0.0,0.0,0.0,0.0,0.0,0.0,0.0
2018-05-21 00:00:00-04:00,0.0,0.0,-0.0009448949554317077,0.0,0.0,0.0,0.0,0.0
2018-05-22 00:00:00-04:00,0.0,0.0,0.0,0.0,0.0,0.0,0.0,0.0
2018-05-23 00:00:00-04:00,0.00511188660657691,0.0,0.0,0.0,0.0,0.0,0.0,0.0
2018-05-24 00:00:00-04:00,0.0,0.0,0.0,0.0,0.0,0.0,0.0,0.0
2018-05-25 00:00:00-04:00,0.0,0.0,0.0,0.0,0.0,0.0,0.0,0.0
2018-05-29 00:00:00-04:00,0.0,0.0,0.005140032231257141,0.0,0.0,0.0,0.0,0.0
2018-05-30 00:00:00-04:00,0.0,0.0,-0.006782936215889213,0.0,0.0,0.0,0.0,0.0
2018-05-31 00:00:00-04:00,0.0,0.0,0.0033846275109257196,0.0,0.0,0.0,0.0,0.0
2018-06-01 00:00:00-04:00,0.0,0.0,0.001955923006081939,0.0,0.0,0.0,0.001955923006082161,0.0
2018-06-04 00:00:00-04:00,0.0,0.0,0.0,0.0,0.0,0.0,0.0,0.0
2018-06-05 00:00:00-04:00,0.0,0.0,0.0,0.0,0.0,0.0,0.0,0.0
2018-06-06 00:00:00-04:00,0.0,0.0,0.003814129628046725,0.0,0.0,0.0,0.0,0.0
2018-06-07 00:00:00-04:00,0.0016813421333150558,0.0,0.0016813421333150558,0.0,0.0,0.0,0.0,0.0
2018-06-08 00:00:00-04:00,0.0,0.0,0.0,0.0,0.0,0.0,0.0,0.0
2018-06-11 00:00:00-04:00,0.0,0.0,0.0,0.0,0.0,0.0,0.0,0.0
2018-06-12 00:00:00-04:00,0.0,0.0,0.0017516426478538794,0.0,0.0,0.0,0.0,0.0
2018-06-13 00:00:00-04:00,0.0,0.0,0.0013461357526201034,0.0,0.0,0.0,0.0,0.0
2018-06-14 00:00:00-04:00,0.0,0.0,0.00122014229820544,0.0,0.0,0.0,0.0,0.0
2018-06-15 00:00:00-04:00,-0.004178834057946501,0.0,-0.00417883405794639,0.0,0.0,0.0,0.0,0.0
2018-06-18 00:00:00-04:00,-0.003857884966668834,0.0,0.0,0.0,0.0,0.0,0.0,0.0
2018-06-19 00:00:00-04:00,-0.007102445399138957,0.0,-0.007102445399138957,0.0,0.0,0.0,0.0,0.0
2018-06-20 00:00:00-04:00,-0.001388169518430682,0.0,-0.001388169518430571,0.0,0.0,0.0,0.0,0.0
2018-06-21 00:00:00-04:00,0.00025407221063855623,0.0,0.00025407221063855623,0.0,0.0,0.0,0.0,0.0
2018-06-22 00:00:00-04:00,0.0,0.0,0.0,0.0,0.0,0.0,0.0,0.0
2018-06-25 00:00:00-04:00,0.0,0.0,0.0,0.0,0.0,0.0,0.0,0.0
2018-06-26 00:00:00-04:00,0.0,0.0,0.0,0.0,0.0,0.0,0.0,0.0
2018-06-27 00:00:00-04:00,0.0,0.0,0.0,0.0,0.006780578454753217,0.006780578454753217,0.0,0.0
2018-06-28 00:00:00-04:00,-0.00045087483291661457,-0.00045087483291650354,-0.00045087483291650354,0.0,0.0,0.0,0.0,0.0
2018-06-29 00:00:00-04:00,0.0,0.0,0.0,0.0,0.0,0.0,0.0,0.0
2018-07-02 00:00:00-04:00,0.0,0.0,0.0,0.0,0.0,0.0,0.0,0.0
2018-07-03 00:00:00-04:00,0.0,0.0,0.0,0.0,0.0,0.0,0.0,0.0
2018-07-05 00:00:00-04:00,0.0,0.0,0.0,0.0,0.0,0.0,0.0,0.0
2018-07-06 00:00:00-04:00,0.0,0.0,0.0,0.0,0.004840959058204364,0.004840959058204364,0.004840959058204364,0.004840959058204142
2018-07-09 00:00:00-04:00,0.0,0.0,0.0,0.0,0.0,0.003849449363454438,0.0,0.0
2018-07-10 00:00:00-04:00,0.0,0.0,0.0,0.0,0.0,0.0,0.0,0.0
2018-07-11 00:00:00-04:00,0.0,0.0,0.0,0.0,0.0,0.0,0.0,0.0
2018-07-12 00:00:00-04:00,0.0,0.0,0.0,0.0,0.0,0.0,0.0,0.0
2018-07-13 00:00:00-04:00,0.0,0.0,0.0,0.0,0.0,0.0,0.0,0.0
2018-07-16 00:00:00-04:00,0.0,0.0,0.0,0.0,0.0,0.0,0.0,0.0
2018-07-17 00:00:00-04:00,0.0,0.0,0.0,0.0,0.0,0.0,0.0,0.0
2018-07-18 00:00:00-04:00,0.0,0.0,0.0,0.0,0.0,0.0,0.0,0.0
2018-07-19 00:00:00-04:00,0.0,0.0,0.0,0.0,0.0,0.0,0.0,0.0
2018-07-20 00:00:00-04:00,0.0,0.0002046735120611043,0.0002046735120611043,0.00020467351206088225,0.0,0.0,0.0,0.0
2018-07-23 00:00:00-04:00,0.0,0.0,0.0,0.0,0.0,0.0,0.0,0.0
2018-07-24 00:00:00-04:00,0.0,0.0,0.0010077024186774253,0.0010077024186772032,0.0,0.0,0.0,0.0
2018-07-25 00:00:00-04:00,0.0,0.0,0.0,0.0,0.0,0.0,0.0,0.0
2018-07-26 00:00:00-04:00,0.0,0.0,-0.00023994163196083829,-0.00023994163196083829,0.0,0.0,0.0,0.0
2018-07-27 00:00:00-04:00,-0.006383184050254953,-0.006383184050254953,-0.006383184050254953,-0.006383184050254953,0.0,0.0,0.0,0.0
2018-07-30 00:00:00-04:00,0.0,0.001819117635277756,0.001819117635277756,0.001819117635277756,0.0,0.0,0.0,0.0
2018-07-31 00:00:00-04:00,0.0,0.0,0.0,0.0,0.0,0.0,0.0,0.0
2018-08-01 00:00:00-04:00,0.0,0.0,0.0,0.0,0.0,0.0,0.0,0.0
2018-08-02 00:00:00-04:00,0.0,0.0,0.0,0.0,0.0,0.0,0.0,0.0
2018-08-03 00:00:00-04:00,0.0,0.0,0.0,0.0,0.0,0.0017997000251972484,0.0,0.0
2018-08-06 00:00:00-04:00,0.0,0.0,0.0,0.0,0.0,-0.00023974613118593613,0.0,0.0
2018-08-07 00:00:00-04:00,0.0,0.0,0.0,0.0,0.0,-0.0011110497508095563,0.0,0.0
2018-08-08 00:00:00-04:00,-0.0015862806398228013,-0.0015862806398229123,0.0,0.0,0.0,0.0,0.0,0.0
2018-08-09 00:00:00-04:00,0.0,0.0,0.0,0.0,0.0,0.0,0.0,0.0
2018-08-10 00:00:00-04:00,0.0006792767188805726,0.0006792767188805726,0.0006792767188805726,-0.002646183149306869,0.0,0.0,0.0,0.0
2018-08-13 00:00:00-04:00,0.0,0.0042701178242408044,0.0042701178242408044,0.0042701178242410265,0.0,0.0,0.0,0.0
2018-08-14 00:00:00-04:00,0.0,-0.0023591565632677947,-0.0023591565632677947,-0.0023591565632676836,0.0,0.0,0.0,0.0
2018-08-15 00:00:00-04:00,0.0,-0.004681781758024028,-0.004681781758024028,0.0,0.0,0.0,0.0,0.0
2018-08-16 00:00:00-04:00,0.0,0.0,0.0,0.0,0.0,0.0,0.0,0.0
2018-08-17 00:00:00-04:00,0.0,-0.006764091958108676,-0.006764091958108676,0.0,0.0,0.0,0.0,0.0
2018-08-20 00:00:00-04:00,0.0,0.0,0.0,0.0,0.0,0.0,0.0,0.0
2018-08-21 00:00:00-04:00,0.0,0.0,0.0,0.0,0.0,0.0,0.0,0.0
2018-08-22 00:00:00-04:00,0.0,0.0,0.0,0.0,0.0,0.0,0.0,0.0
2018-08-23 00:00:00-04:00,-0.004028060918546905,-0.004028060918547016,-8.111656140397105e-05,0.0,0.0,0.0,0.0,0.0
2018-08-24 00:00:00-04:00,0.0023265619422421224,0.0023265619422421224,0.0,0.0,0.0,0.0,0.0,0.0
2018-08-27 00:00:00-04:00,0.0,0.00023004151197780764,0.0,0.0,0.0,0.0,0.0,0.0
2018-08-28 00:00:00-04:00,0.0,0.0,0.0,0.0,0.0,0.0,0.0,0.0
2018-08-29 00:00:00-04:00,0.0,0.0,0.0,0.0,0.0,0.0,0.0,0.0
2018-08-30 00:00:00-04:00,0.0,0.0,0.0,0.0,0.0,0.0,0.0,0.0
2018-08-31 00:00:00-04:00,0.0,0.0,-0.0026646267708868576,0.0,0.0,0.0,0.0,0.0
2018-09-04 00:00:00-04:00,0.0,0.0,0.0,-0.003296250471442219,0.0,0.0,0.0,0.0
2018-09-05 00:00:00-04:00,0.0,0.0,0.0,0.0,0.0,0.0,0.0,0.0
2018-09-06 00:00:00-04:00,0.0,0.0,0.0,0.0,0.0,0.0,0.0,0.0
2018-09-07 00:00:00-04:00,0.0,0.0,0.0,0.0,0.0,0.0,0.0,0.0
2018-09-10 00:00:00-04:00,0.0,0.0,0.0,0.0,0.0,0.0,0.0,0.0
2018-09-11 00:00:00-04:00,0.0,-0.000747901409655527,-0.000747901409655416,0.0,0.0,0.0,0.0,0.0
2018-09-12 00:00:00-04:00,0.0,0.0038948271210197394,0.0038948271210197394,0.0,0.0,0.0,0.0,-0.0016855088684678554
2018-09-13 00:00:00-04:00,0.0,0.0010082610949881943,0.0010082610949881943,0.0,0.0,0.0,0.0,0.0
2018-09-14 00:00:00-04:00,0.0,0.0,0.0,0.0,0.0,0.0,0.0,0.0
2018-09-17 00:00:00-04:00,0.0,0.0,0.0,-0.00016087935787389984,0.0,0.0,0.0,0.0
2018-09-18 00:00:00-04:00,-0.0020645538212515913,-0.0020645538212515913,-0.0020645538212515913,0.0,0.0,0.0,0.0,0.0
2018-09-19 00:00:00-04:00,0.0,0.0,0.0,0.0,0.0,0.0,0.0,0.0
2018-09-20 00:00:00-04:00,0.002429444555544613,0.002429444555544613,0.002429444555544613,0.0,0.0,0.0,0.0,0.002429444555544613
2018-09-21 00:00:00-04:00,0.0,0.0,0.0,0.0,0.0,0.0,0.0,0.0
2018-09-24 00:00:00-04:00,0.0,0.0,0.0,0.0,0.0,0.0,0.0,0.0
2018-09-25 00:00:00-04:00,0.0,0.0,0.0,0.0,0.0,0.0,0.0,0.0
2018-09-26 00:00:00-04:00,0.0,0.0,0.0,0.0,0.0,0.0,0.0,0.0
2018-09-27 00:00:00-04:00,0.0,0.0,-0.0020190648943774203,-4.4884088238217323e-05,0.0,0.0,0.0,0.0
2018-09-28 00:00:00-04:00,0.0,0.0,0.0,0.0,0.0,0.0,0.0,0.0
2018-10-01 00:00:00-04:00,0.0,0.0,-0.005070862678997035,-0.0009350060934308901,0.0,0.0,0.0,0.0
2018-10-02 00:00:00-04:00,0.0,0.0,0.0,0.0,0.0,0.0,0.0,0.0
2018-10-03 00:00:00-04:00,-0.0009734203654275797,-0.0009734203654275797,0.0,0.0,0.0,0.0,0.0,0.0
2018-10-04 00:00:00-04:00,0.005297098456707561,0.005297098456707561,0.005297098456707561,0.005297098456707561,0.0,0.0,0.0,0.0
2018-10-05 00:00:00-04:00,-0.0004884469661876611,-0.0004884469661877722,-0.00600606023128758,-0.006006060231287691,0.0,0.0,0.0,0.0
2018-10-08 00:00:00-04:00,-0.006043171801770608,-0.006043171801770497,0.0,0.0,0.0,0.0,0.0,0.0
2018-10-09 00:00:00-04:00,0.0,0.0,0.0,0.0,0.0,0.0,0.0,0.0
2018-10-10 00:00:00-04:00,0.0,0.0065398303732886465,0.0,0.0,0.0,0.0,0.0,0.0
2018-10-11 00:00:00-04:00,0.0,0.0,0.0,0.0,0.0,0.0,0.0,0.0
2018-10-12 00:00:00-04:00,0.0,-0.0035607969910251835,-0.0035607969910251835,-0.0035607969910252946,0.0,0.0,0.0,0.0
2018-10-15 00:00:00-04:00,0.0,0.0,0.0,0.0,0.0,0.0,0.0,0.0
2018-10-16 00:00:00-04:00,0.0,0.0,0.0,0.0,0.0,0.0,0.0,0.0
2018-10-17 00:00:00-04:00,0.0,0.0,0.0,0.0,0.0,0.0,0.0,0.0
2018-10-18 00:00:00-04:00,0.0,0.0,-0.002857734060545347,-0.002857734060545347,0.0,0.0,0.0,0.0
2018-10-19 00:00:00-04:00,0.0,0.0,0.0,0.0,0.0,0.0,0.0,0.0
2018-10-22 00:00:00-04:00,0.0,0.0,0.0,0.0,0.0,0.0,0.0,0.0
2018-10-23 00:00:00-04:00,0.0,0.0,-0.004130973249567238,-0.004130973249567238,0.0,0.0,0.0,0.0
2018-10-24 00:00:00-04:00,0.0,0.0,0.011851101479015025,0.011851101479015025,0.0,0.0,0.0,0.0
2018-10-25 00:00:00-04:00,0.0,0.0,-0.005528713790919237,-0.005528713790919237,0.0,0.0,0.0,0.0
2018-10-26 00:00:00-04:00,0.0,0.0,0.0,0.0,0.0,0.0,0.0,0.0
2018-10-29 00:00:00-04:00,0.0,0.0,-0.005225503225406047,-0.005225503225406158,-0.016388918523212115,-0.016388918523212115,0.0,0.0
2018-10-30 00:00:00-04:00,-0.007451226319901583,-0.007451226319901583,0.0,0.0,-0.007451226319901583,-0.002817018703895946,0.0,0.0
2018-10-31 00:00:00-04:00,-0.004965076039952887,-0.004965076039952887,0.0,0.0,-0.004965076039952776,-0.004965076039952776,0.0,0.0
2018-11-01 00:00:00-04:00,0.0007486359981634383,0.0007486359981634383,0.0,0.0,0.0,0.0,0.0,0.0
2018-11-02 00:00:00-04:00,0.0,0.0,0.0,-0.0038219722076267004,0.0,0.0,0.0,0.0
2018-11-05 00:00:00-05:00,-0.0009413353206388919,-0.0009413353206388919,0.0,0.0,0.0,0.0,0.0,0.0
2018-11-06 00:00:00-05:00,0.0,0.0,0.0,0.0,0.0,0.0,0.0,0.0
2018-11-07 00:00:00-05:00,0.0,0.0,0.0,0.0,0.010422819188538268,0.010422819188538268,0.010422819188538268,0.0
2018-11-08 00:00:00-05:00,0.0,0.0,0.0,0.0,0.0,0.0,0.0,0.0
2018-11-09 00:00:00-05:00,0.0,0.0,0.0,-0.005626576364089919,0.0,0.0,0.0,0.0
2018-11-12 00:00:00-05:00,0.0,0.0,0.0,0.010423069597841339,0.0,0.0,0.0,0.0
2018-11-13 00:00:00-05:00,0.0,0.0,0.0,0.00033843453916371224,0.0,0.0,0.0,0.0
2018-11-14 00:00:00-05:00,0.0,0.0,0.0,0.0,0.0,0.0,0.0,0.0
2018-11-15 00:00:00-05:00,-0.00024131474705624267,-0.00024131474705624267,0.0,0.0,0.0,0.0,-0.00024131474705624267,0.0
2018-11-16 00:00:00-05:00,0.0,0.0,0.0,0.0,0.0,0.0,0.0,0.0
2018-11-19 00:00:00-05:00,0.0,0.0,0.0,0.0,0.0,0.0,0.0,0.0
2018-11-20 00:00:00-05:00,0.0,0.0,0.0,-0.0004134369823275419,0.0,0.0,0.0,0.0
2018-11-21 00:00:00-05:00,0.0,0.0,0.0,0.0,0.0,0.0,0.0,0.0
2018-11-23 00:00:00-05:00,0.0,0.00048446247533218134,0.0,0.0,0.0,0.0,0.0,0.0
2018-11-26 00:00:00-05:00,0.0,0.0,0.0,0.0,0.0,0.0,0.0,0.0
2018-11-27 00:00:00-05:00,0.0,0.0,0.0,0.0,0.0,0.0,0.0,0.0
2018-11-28 00:00:00-05:00,0.0,0.0,0.0,0.0,0.0,0.0,0.0076623602901908505,0.0
2018-11-29 00:00:00-05:00,0.0,0.0,0.0,0.0,0.0,0.0,0.0,0.0
2018-11-30 00:00:00-05:00,0.0,0.0,0.0,0.0,0.0,0.0,0.0,0.0
2018-12-03 00:00:00-05:00,0.0,0.0,0.0,0.0,0.0,0.0,0.0,0.0
2018-12-04 00:00:00-05:00,0.0,0.0,0.0,0.0008233177119627566,0.0,0.0,0.0,0.011145254249468328
2018-12-06 00:00:00-05:00,0.0,0.0,0.0,-0.013179637227554553,0.0,0.0,0.0,0.0
2018-12-07 00:00:00-05:00,0.0,0.0,0.0,0.0,0.0,0.0,0.0,0.0
2018-12-10 00:00:00-05:00,-0.014278474168495592,-0.014278474168495592,-0.00833487686491352,0.0,0.0,0.0,0.0,0.0
2018-12-11 00:00:00-05:00,-0.01512700956387758,-0.01488790874275947,-0.01488790874275947,0.0,0.0,-0.01488790874275947,-0.01488790874275936,0.0
2018-12-12 00:00:00-05:00,-0.00761526881445862,-0.00761526881445862,-0.00761526881445862,0.0,0.0,-0.007615268814458731,0.0,0.0
2018-12-13 00:00:00-05:00,0.0,0.0,0.0,0.0,0.0,0.0,0.0,0.0
2018-12-14 00:00:00-05:00,0.0,0.0,0.009571827474558647,5.960362421708609e-05,0.0,0.0,0.0,0.0
2018-12-17 00:00:00-05:00,0.0,0.0,0.0,0.012167279060117275,0.0,0.0,0.0,0.0
2018-12-18 00:00:00-05:00,0.0,0.0,0.012434804248632636,-0.0037032699057979457,0.0,0.0,0.0,0.0
2018-12-19 00:00:00-05:00,0.0,0.0,0.012689163782085178,0.0,0.0,0.0,0.0,0.0
2018-12-20 00:00:00-05:00,0.0,0.0,0.0,0.0015297998032097748,0.0,0.0,0.0,0.0
2018-12-21 00:00:00-05:00,0.0,0.0,0.014427416502208024,0.01149068935700348,0.0,0.0,0.0,0.0
2018-12-24 00:00:00-05:00,0.0,0.0,0.0,0.0,0.0,0.0,0.0,0.0
2018-12-26 00:00:00-05:00,0.0,0.0,-0.030898101226590757,0.0,0.0,0.0,-0.030898101226590646,0.0
2018-12-27 00:00:00-05:00,0.0,0.0,-0.01860985947767113,-0.018203554533773536,0.0,0.0,-0.01860985947767113,0.0
2018-12-28 00:00:00-05:00,0.0,0.0,0.0,0.0,0.0,0.0,0.0,0.0
2018-12-31 00:00:00-05:00,0.0,0.0,0.0,0.0,0.0,0.0,0.0,0.0
2019-01-02 00:00:00-05:00,-0.0023889970252305437,-0.0023889970252305437,0.0,-0.0023889970252306547,0.0,0.0,0.0,0.0
2019-01-03 00:00:00-05:00,0.006005600560055946,0.006005600560055946,0.0,0.006005600560055946,0.006005600560055946,0.006005600560055946,0.0,0.006005600560055946
2019-01-04 00:00:00-05:00,0.0057825690146890985,0.0057825690146893205,0.0057825690146890985,0.0057825690146893205,0.0,0.0,0.0,0.0
2019-01-07 00:00:00-05:00,0.0,0.0008144632863340551,0.000814463286333833,0.0008144632863340551,0.0,0.0,0.0,0.0
2019-01-08 00:00:00-05:00,0.0,-0.00019998000199983323,-0.00019998000199994426,-0.00019998000199994426,0.0,0.0,0.0,0.0
2019-01-09 00:00:00-05:00,0.0,0.0,0.0,0.0,0.0,0.0,0.0,0.0
2019-01-10 00:00:00-05:00,0.0,0.0,0.0,0.0,0.0,0.0,0.0,0.0
2019-01-11 00:00:00-05:00,0.0,0.0,0.0,0.0,0.0,0.0,0.0,0.0
2019-01-14 00:00:00-05:00,0.0,0.0,0.0,0.0,0.0,0.0,0.0,0.0
2019-01-15 00:00:00-05:00,0.0,0.0,0.0036879391908717363,0.0036879391908719583,0.0,0.0,0.0,0.0
2019-01-16 00:00:00-05:00,0.0,0.0,0.0,0.0,0.0,0.0,0.0,0.0
2019-01-17 00:00:00-05:00,0.000866314119409406,0.0008663141194091839,0.000866314119409406,0.000866314119409406,0.0,0.0,0.0,0.0
2019-01-18 00:00:00-05:00,0.006020734589539334,0.006020734589539334,0.006020734589539334,0.006020734589539334,0.0,0.0,0.0,0.0
2019-01-22 00:00:00-05:00,0.0025775983755644827,0.0025775983755644827,0.0025775983755644827,0.0025775983755644827,0.0,0.0,0.0,0.0
2019-01-23 00:00:00-05:00,0.0,0.0,0.0,0.0,0.0,0.0,0.0,0.0
2019-01-24 00:00:00-05:00,0.0,0.0,0.0,0.0,0.0,0.0,0.0,0.0
2019-01-25 00:00:00-05:00,0.0,0.0,0.0,0.0,0.0,0.0,0.0,0.0
2019-01-28 00:00:00-05:00,0.0,0.0,0.0,0.0,0.0,0.0,0.0,0.0
2019-01-29 00:00:00-05:00,0.0,0.0,0.0,0.0,0.0,0.0,0.0,0.0
2019-01-30 00:00:00-05:00,0.0,0.0,0.0002608152475069847,0.0002608152475069847,0.0,0.0,0.0,0.0
2019-01-31 00:00:00-05:00,0.0,0.0,0.0,0.0,0.0,0.0,0.0,0.0
2019-02-01 00:00:00-05:00,0.0015453793579036645,0.0015453793579034425,-0.003507701006087327,-0.003507701006087438,0.0,0.0,0.0,0.0
2019-02-04 00:00:00-05:00,0.003977918302501715,0.003977918302501715,0.0,0.0,0.0,0.0,0.0,0.0
2019-02-05 00:00:00-05:00,0.0,0.0,0.0,0.0,0.0,0.0,0.0,0.0
2019-02-06 00:00:00-05:00,0.0,0.0,0.0,0.0,0.0,0.0,0.0,0.0
2019-02-07 00:00:00-05:00,0.0,0.0,0.0,0.0,0.0,0.0,0.0,0.0
2019-02-08 00:00:00-05:00,0.0,0.0,0.0,0.0,0.0,0.0,0.0,0.0
2019-02-11 00:00:00-05:00,0.0,0.0,0.0,0.0,0.0,0.0,0.0,0.0
2019-02-12 00:00:00-05:00,0.0,0.0,-0.0003634528633467138,-0.0003634528633467138,0.0,0.0,0.0,0.0
2019-02-13 00:00:00-05:00,0.0,0.0,0.0,-0.0022331683128917756,0.0,0.0,0.0,0.0
2019-02-14 00:00:00-05:00,0.0,0.0,-0.0031315866580721163,-0.0031315866580721163,0.0,0.0,0.0,0.0
2019-02-15 00:00:00-05:00,0.0,0.0,0.0,0.002026565776835243,0.0,0.0,0.0,0.0
2019-02-19 00:00:00-05:00,0.0,0.0,0.0,0.0,0.0,0.0,0.0,0.0
2019-02-20 00:00:00-05:00,0.0,0.0,0.0,0.0,0.0,0.0,0.0,0.0
2019-02-21 00:00:00-05:00,0.0,0.0,0.0,0.0,0.0,0.0,0.0,0.0
2019-02-22 00:00:00-05:00,0.0,0.0,0.0,0.0,0.0,0.0,0.0,0.0
2019-02-25 00:00:00-05:00,0.0,0.0,0.0,0.0,0.0,0.0,0.0,0.0
2019-02-26 00:00:00-05:00,0.0,0.0,0.0,0.0,0.0,0.0,0.0,0.0
2019-02-27 00:00:00-05:00,0.0,0.0,0.0,0.0,0.0,0.0,0.0,0.0
2019-02-28 00:00:00-05:00,0.0,0.0,0.0,0.0,0.0,0.0,0.0,0.0
2019-03-01 00:00:00-05:00,0.0,0.0,0.0,0.0,0.0,0.0,0.0,0.0
2019-03-04 00:00:00-05:00,0.0,0.0,-0.0019682939042859893,0.0,0.0,0.0,0.0,0.0
2019-03-05 00:00:00-05:00,0.0,0.0,0.0,0.0,0.0,0.0,0.0,0.0
2019-03-06 00:00:00-05:00,0.0,0.0,0.0,0.0,0.0,0.0,0.0,0.0
2019-03-07 00:00:00-05:00,0.0,0.0,0.0,0.0,0.0,0.0,0.0,0.0
2019-03-08 00:00:00-05:00,0.0,0.0,0.0,0.0,0.0,0.0,0.0,0.0
2019-03-11 00:00:00-04:00,0.0,0.0,0.0,0.0,0.0,0.0,0.0,0.0
2019-03-12 00:00:00-04:00,0.0,0.0,0.0,0.0,0.0,0.0,0.0,0.0
2019-03-13 00:00:00-04:00,0.0,0.0,0.0,0.001435570443673928,0.0,0.0,0.0,0.0
2019-03-14 00:00:00-04:00,0.0,0.0,0.0,0.0,0.0,0.0,0.0,0.0
2019-03-15 00:00:00-04:00,0.0,0.0,0.0,0.0,0.0,0.0,0.0,0.0
2019-03-18 00:00:00-04:00,0.0,0.0,0.0,0.0,0.0,0.0,0.0,0.0
2019-03-19 00:00:00-04:00,0.0,0.0,0.0,-0.005572452664446614,0.0,0.0,0.0,0.0
2019-03-20 00:00:00-04:00,0.0,0.0,0.0,-0.00579514051432406,0.0,0.0,0.0,0.0
2019-03-21 00:00:00-04:00,0.0,0.0,0.0,-0.0005917051205194257,0.0,0.0,0.0,0.0
2019-03-22 00:00:00-04:00,0.0022715782937401396,0.0,0.0,0.0022715782937401396,0.0,0.0,0.0,0.0
2019-03-25 00:00:00-04:00,0.007355224011129646,0.0,-0.0011608269376409686,0.0,0.0,0.0,0.0,0.0
2019-03-26 00:00:00-04:00,0.0021769753321037033,0.0,-0.004707581709754161,-0.004707581709754161,-0.004707581709754272,0.0,0.0,0.0
2019-03-27 00:00:00-04:00,0.0,0.0,0.0,-0.0032012203020661545,-0.0032012203020661545,0.0,0.0,0.0
2019-03-28 00:00:00-04:00,0.0,0.0,0.0,0.00519246916698668,0.0,0.0,0.0,0.0
2019-03-29 00:00:00-04:00,0.0,0.0,0.0,0.0,0.0,0.0,0.0,0.0
2019-04-01 00:00:00-04:00,0.0,0.0,0.0,0.0,0.0,0.0,0.0,0.0
2019-04-02 00:00:00-04:00,0.0,0.0,0.0,0.0,0.0,0.0,0.0,0.0
2019-04-03 00:00:00-04:00,0.0,0.0,0.0,-0.0034598178190177187,0.0,0.0,0.0,0.0
2019-04-04 00:00:00-04:00,0.0,0.0,0.0,0.0,0.0,0.0,0.0,0.0
2019-04-05 00:00:00-04:00,0.0,0.0,0.0,0.0,0.0,0.0,0.0,0.0
2019-04-08 00:00:00-04:00,0.0,0.0,0.0,0.0,0.0,0.0,0.0,0.0
2019-04-09 00:00:00-04:00,0.0,0.0,0.0,0.0,0.0,0.0,0.0,0.0
2019-04-10 00:00:00-04:00,0.0,0.0,0.0,0.0,0.0,0.0,0.0,0.0
2019-04-11 00:00:00-04:00,0.0,0.0,0.0,0.0,0.0,0.0,0.0,0.0
2019-04-12 00:00:00-04:00,0.0,0.0,0.0,0.0,0.0,0.0,0.0,0.0
2019-04-15 00:00:00-04:00,0.0,0.0,0.0,0.0,0.0,0.0,0.0,0.0
2019-04-16 00:00:00-04:00,0.0,0.0,0.0,0.0,0.0,0.0,0.0,0.0
2019-04-17 00:00:00-04:00,0.0,0.0,0.0,0.0,0.0,0.0,0.0,0.0
2019-04-18 00:00:00-04:00,0.0,0.0,0.0,0.0,0.0,0.0,0.0,0.0
2019-04-22 00:00:00-04:00,0.0,0.0,0.0,0.0,0.0,0.0,0.0,0.0
2019-04-23 00:00:00-04:00,0.0,0.0,0.0,0.0,0.0,0.0,0.0,0.0
2019-04-24 00:00:00-04:00,0.0,0.0,0.0,0.0,0.0,0.0,0.0,0.0
2019-04-25 00:00:00-04:00,0.0,0.0,0.0,0.0,0.0,0.0,0.0,0.0
2019-04-26 00:00:00-04:00,0.0,0.0,0.0,0.0,0.0,0.0,0.0,0.0
2019-04-29 00:00:00-04:00,0.0,0.0,0.0,0.0,0.0,0.0,0.0,0.0
2019-04-30 00:00:00-04:00,0.0,0.0,0.0,0.0,0.0,0.0,0.0,0.0
2019-05-01 00:00:00-04:00,0.0,0.0,0.0,0.0,0.0,0.0,0.0,0.0
2019-05-02 00:00:00-04:00,0.0,0.0,0.0,0.0,-0.0029277683856576697,-0.0029277683856577807,-0.0029277683856578918,-0.0029277683856578918
2019-05-03 00:00:00-04:00,0.0,-0.0005417480477072356,0.0,0.0,-0.0005417480477072356,-0.0005417480477071246,-0.0005417480477072356,-0.0005417480477071246
2019-05-06 00:00:00-04:00,0.0,-0.006602983132384277,0.0,0.0,0.0,0.0,0.0,0.0
2019-05-07 00:00:00-04:00,0.004022824660743218,0.004022824660743218,0.004022824660743218,0.0,-0.003465090796348713,-0.003465090796348713,-0.003465090796348602,-0.003465090796348491
2019-05-08 00:00:00-04:00,0.005472410666992555,0.005472410666992555,0.005472410666992555,0.0,0.0,0.0,0.0,0.0
2019-05-09 00:00:00-04:00,-0.009470017940526931,-0.00947001794052671,-0.009470017940526931,0.0,0.0,0.0,0.0,0.0
2019-05-10 00:00:00-04:00,0.0,0.0,-0.0077365425219815265,0.0,0.0,0.0,0.0,0.0
2019-05-13 00:00:00-04:00,0.0,0.0,0.002454186324842844,0.0,0.0,0.0,0.0,0.0
2019-05-14 00:00:00-04:00,0.0,0.0,0.00019371302953219427,0.0,0.0,0.0,0.0,0.0
2019-05-15 00:00:00-04:00,0.0,0.0,0.0,0.0,0.0,0.0,0.0,0.0
2019-05-16 00:00:00-04:00,0.0,0.0,0.0,0.0,0.0,0.0,0.0,0.0
2019-05-17 00:00:00-04:00,0.0,0.0,0.0,0.0,0.0,0.0,0.0,0.0
2019-05-20 00:00:00-04:00,0.0,0.0,0.0,0.0,0.0015653157722423927,0.0015653157722426148,0.0015653157722426148,0.0
2019-05-21 00:00:00-04:00,0.0,0.0,0.0,0.0,0.0,0.0,0.0,0.0
2019-05-22 00:00:00-04:00,0.0,0.0,0.0,0.0,0.0,0.0,0.0,0.0
2019-05-23 00:00:00-04:00,0.0,0.0,0.0,0.0,0.0,0.0,0.0,0.0
2019-05-24 00:00:00-04:00,0.0,0.0,0.0,0.0,0.0,0.0,0.0,0.0
2019-05-28 00:00:00-04:00,0.0,0.0,0.0,0.0,0.0,0.0,0.0,0.0
2019-05-29 00:00:00-04:00,0.0,0.0,0.0,0.0,0.0,0.0,0.0,0.0
2019-05-30 00:00:00-04:00,0.0,0.0,0.0,0.0,0.0,0.0,-0.002846476116502017,0.0
2019-05-31 00:00:00-04:00,0.0,0.0,0.0,0.0,0.0,0.0,0.0,0.0
2019-06-03 00:00:00-04:00,0.0,0.0,0.0,0.0,0.0,0.0,-0.002603759357605928,0.0
2019-06-04 00:00:00-04:00,0.0,0.0,0.0,0.0,0.0,0.0,0.0,0.0
2019-06-05 00:00:00-04:00,0.0,0.0,0.0,0.0,0.0,0.0,0.0,0.0
2019-06-06 00:00:00-04:00,0.0,0.0,0.0,0.0,0.0,0.0,0.0,0.0
2019-06-07 00:00:00-04:00,0.0,0.0,0.0,0.0,0.0,0.0,0.0,0.0
2019-06-10 00:00:00-04:00,0.0,0.0,0.0,0.0,0.0,0.0,0.0,0.0
2019-06-11 00:00:00-04:00,0.0,0.0,0.0,0.0,0.0,0.0,0.0008436929359452172,0.0008436929359452172
2019-06-12 00:00:00-04:00,0.0,0.0,0.0,0.0,0.0,0.0,0.0,0.0
2019-06-13 00:00:00-04:00,0.0,0.0,0.0,0.0,0.0,0.0,0.0,0.0
2019-06-14 00:00:00-04:00,0.0,0.0,0.0,0.0,0.0,0.0,0.0,0.0
2019-06-17 00:00:00-04:00,0.0,0.0,0.0,0.0,0.0,0.0,0.0,0.0
2019-06-18 00:00:00-04:00,0.0,0.0,0.0,0.0,0.0,0.0,0.0,0.0
2019-06-19 00:00:00-04:00,0.0,0.0,0.0,0.0,0.0,0.0,0.0,0.0
2019-06-20 00:00:00-04:00,0.0,0.0,0.0,0.0,0.0,0.0,0.0,0.0
2019-06-21 00:00:00-04:00,0.0,0.0,0.0,0.0,0.0,0.0,0.0,0.0
2019-06-24 00:00:00-04:00,0.0,0.0,0.0,0.0,0.0,0.0,0.0,0.0
2019-06-25 00:00:00-04:00,0.0,0.0,0.0,0.0,0.0,0.0,0.0,0.0
2019-06-26 00:00:00-04:00,0.0,0.0,0.0,0.0,0.0,0.0,0.0,0.0
2019-06-27 00:00:00-04:00,0.0,0.0,0.0,0.0,0.0,0.0,0.0,0.0
2019-06-28 00:00:00-04:00,0.0,0.0,0.0,0.0,0.0,0.0,0.0,0.0
2019-07-01 00:00:00-04:00,0.0,0.0,0.0,0.0,0.003985966068450697,0.003985966068450697,0.003985966068450475,0.003985966068450475
2019-07-02 00:00:00-04:00,0.0,0.0,0.0,0.0,0.0,0.0,0.0,0.0
2019-07-03 00:00:00-04:00,0.0,0.0,0.0,0.0,0.0,0.0,0.0,0.0
2019-07-05 00:00:00-04:00,0.0,0.0,0.0,0.0,0.0011040259864454338,0.0011040259864454338,0.0011040259864454338,0.0011040259864454338
2019-07-08 00:00:00-04:00,0.0,0.0,0.0,0.0,0.0,0.0,0.0,0.0
2019-07-09 00:00:00-04:00,0.0,0.0,0.0,0.0,0.0,0.0,0.0,0.0
2019-07-10 00:00:00-04:00,0.0,0.0,0.0,0.0,0.0,0.0,0.0,0.0
2019-07-11 00:00:00-04:00,0.0,0.0,0.0,0.0,0.0,0.0,0.0,0.0
2019-07-12 00:00:00-04:00,0.0,0.0,0.0,0.0,0.0,0.0,0.0,0.0
2019-07-15 00:00:00-04:00,0.0,0.0,0.0,0.0,0.0,0.0,0.0,0.0
2019-07-16 00:00:00-04:00,0.0,0.0,0.0,0.0,0.0,0.0,0.0,0.0
2019-07-17 00:00:00-04:00,0.0,0.0,0.0,0.0,0.0,0.0,0.0,0.0
2019-07-18 00:00:00-04:00,0.0,0.0,0.0,0.0,0.0,0.0,0.0,0.0
2019-07-19 00:00:00-04:00,0.0,0.0,0.0,0.0,0.0,0.0,0.0,0.0
2019-07-22 00:00:00-04:00,0.0,0.0,0.0,0.0,0.0,0.0,0.0,0.0
2019-07-23 00:00:00-04:00,0.0,0.0,0.0,0.0,0.0,0.0,0.0,0.0
2019-07-24 00:00:00-04:00,0.0,0.0,0.0,0.0,0.0,0.0,0.0,0.0
2019-07-25 00:00:00-04:00,0.0,0.0,0.0,0.0,0.0,0.0,0.0,0.0
2019-07-26 00:00:00-04:00,0.0,0.0,0.0,0.0,0.0,0.0,0.0,0.0
2019-07-29 00:00:00-04:00,0.0,0.0,0.0,0.0,0.0,0.0,0.0,0.0
2019-07-30 00:00:00-04:00,0.0,0.0,0.0,0.0,0.0,0.0,0.0,0.0
2019-07-31 00:00:00-04:00,0.0,0.0,0.0,0.0,0.0,0.0,0.0,0.0
2019-08-01 00:00:00-04:00,0.007173071126496566,0.0013042098284348214,0.0,0.0,0.007173071126496566,0.007173071126496788,0.007173071126496566,0.007173071126496788
2019-08-02 00:00:00-04:00,-0.0013393730016988403,0.0,0.0,0.0,0.0,0.0,0.0,0.0
2019-08-05 00:00:00-04:00,0.008322039840026552,0.00832203984002633,0.0,0.0,-0.0026300682499771355,-0.0026300682499771355,-0.0026300682499772465,-0.0026300682499771355
2019-08-06 00:00:00-04:00,-0.00860604328204495,-0.00860604328204484,-0.00860604328204484,0.0,-0.008606043282045062,0.0,-0.00860604328204484,0.0
2019-08-07 00:00:00-04:00,-0.011291252294512333,-0.011291252294512444,-0.011291252294512333,0.0,-0.011291252294512333,-0.011291252294512444,-0.011291252294512333,0.0
2019-08-08 00:00:00-04:00,0.00992331991009987,0.00992331991009987,0.00992331991009987,0.0,0.003291445385733116,0.003291445385733116,0.003291445385732894,0.0
2019-08-09 00:00:00-04:00,0.001783674507516153,0.001783674507516153,0.001783674507515931,0.0,0.001783674507516153,0.001783674507516153,0.001783674507516153,0.0
2019-08-12 00:00:00-04:00,0.0,0.0,0.0,0.0,-7.206642706036881e-06,-7.206642706036881e-06,-7.206642706147903e-06,0.0
2019-08-13 00:00:00-04:00,0.0,0.0,0.0,0.0,0.0,0.0,0.0,0.0
2019-08-14 00:00:00-04:00,0.0,0.0,0.0,0.0,0.013552415551152164,0.013552415551152164,0.013552415551152164,0.004394483359890122
2019-08-15 00:00:00-04:00,0.0,0.0,0.0,0.0,0.0,0.0,0.0,0.0
2019-08-16 00:00:00-04:00,0.0,0.0,0.0,0.0,0.0,0.0,0.0,0.0
2019-08-19 00:00:00-04:00,0.0,0.0,0.0,0.0,0.0,0.0,0.0,0.0
2019-08-20 00:00:00-04:00,0.0,0.0,0.0,0.0,0.0,0.0,0.0,0.0
2019-08-21 00:00:00-04:00,0.0,0.0,0.0,0.0,0.0,0.0,0.0,0.0
2019-08-22 00:00:00-04:00,0.0,0.0,0.0,0.0,0.0,0.0,0.0,0.0
2019-08-23 00:00:00-04:00,0.009866209969048079,0.009866209969048079,0.009866209969048079,0.0,0.0037616296578399933,0.0037616296578399933,0.009866209969047857,0.003761629657839771
2019-08-26 00:00:00-04:00,0.0,0.0,0.0,0.0,0.0,0.0,0.0,0.0
2019-08-27 00:00:00-04:00,0.0,0.0,0.0,0.0,0.0,0.0,0.0,0.0
2019-08-28 00:00:00-04:00,0.0,0.0,0.0,0.0,0.0,0.0,0.0,0.0
2019-08-29 00:00:00-04:00,0.0,0.0,0.0,0.0,0.0,0.0,0.0,0.0
2019-08-30 00:00:00-04:00,0.0,0.0,0.0,0.0,0.0,0.0,0.0,0.0
2019-09-03 00:00:00-04:00,0.0,0.0,0.0,0.0,0.0,0.0,0.0,0.0
2019-09-04 00:00:00-04:00,0.0,0.0,0.0,0.0,0.0,0.0,0.0,0.0
2019-09-05 00:00:00-04:00,0.0,0.0,0.0,0.0,0.0,0.0,0.0,0.0
2019-09-06 00:00:00-04:00,0.0,0.0,0.0,0.0,0.0,0.0,0.0,0.0
2019-09-09 00:00:00-04:00,0.0,0.0,0.0,0.0,0.0,0.0,0.0,0.0
2019-09-10 00:00:00-04:00,0.0,0.0,0.0,0.0,0.0,0.0,0.0,0.0
2019-09-11 00:00:00-04:00,0.0,0.0,0.0,0.0,0.0,0.0,0.0,0.0
2019-09-12 00:00:00-04:00,0.0,0.0,0.0,0.0,0.0,0.0,0.0,0.0
2019-09-13 00:00:00-04:00,0.0,0.0,0.0,0.0,0.0,0.0,0.0,0.0
2019-09-16 00:00:00-04:00,0.0,0.0,0.0,0.0,0.0,0.0,0.0,0.0
2019-09-17 00:00:00-04:00,0.0,0.0,0.0,0.0,0.0,0.0,0.0,0.0
2019-09-18 00:00:00-04:00,0.0,0.0,-0.005340537455264416,0.0,0.0,0.0,0.0,0.0
2019-09-19 00:00:00-04:00,0.0,0.0,0.0,0.0,0.0,0.0,0.0,0.0
2019-09-20 00:00:00-04:00,0.0,0.0,0.0,0.0,0.0,0.0,0.0,0.0
2019-09-23 00:00:00-04:00,0.0,0.0,0.0,0.0,0.0,0.0,0.0,0.0
2019-09-24 00:00:00-04:00,0.0024463076082155144,0.0024463076082155144,-0.003626506847492883,0.0,0.0,0.0,0.0,0.0
2019-09-25 00:00:00-04:00,-1.4323217624956364e-05,0.0,0.0,0.0,0.0,0.0,0.0,0.0
2019-09-26 00:00:00-04:00,0.0,0.0,0.0,0.0,0.0,0.0,0.0,0.0
2019-09-27 00:00:00-04:00,0.0,0.0,0.0,0.0,0.0,0.0,0.0,0.0
2019-09-30 00:00:00-04:00,0.0,0.0,0.0,0.0,0.0,0.0,0.0,0.0
2019-10-01 00:00:00-04:00,0.0,0.0,0.0,0.0,0.0,0.0,0.0,0.0
2019-10-02 00:00:00-04:00,-0.0016220689083971118,-0.0016220689083971118,0.007663611596618436,0.0,0.0,0.0,0.0,0.0
2019-10-03 00:00:00-04:00,-0.01381945613773583,-0.01381945613773572,-0.01381945613773572,0.0,0.0,0.0,0.0,0.0
2019-10-04 00:00:00-04:00,0.0,0.0,0.0,0.0,0.0,0.0,0.0,0.0
2019-10-07 00:00:00-04:00,0.0,0.0,0.0,0.0,0.0,0.0,0.0,0.0
2019-10-08 00:00:00-04:00,0.0,0.0,0.0,0.0,0.0,0.0,0.0,0.0
2019-10-09 00:00:00-04:00,0.0,-0.0011879469297837453,0.0,0.0,-0.0011879469297838563,-0.0011879469297838563,-0.0011879469297839673,-0.0011879469297838563
2019-10-10 00:00:00-04:00,0.0,0.0,0.0,0.0,0.0,0.0,0.0,0.0
2019-10-11 00:00:00-04:00,0.0,0.0,0.0,0.0,0.0,0.0,0.0,0.0
2019-10-14 00:00:00-04:00,0.0,0.0,0.0,0.0,0.0,0.0,0.0,0.0
2019-10-15 00:00:00-04:00,0.0,0.0,0.0,0.0,0.0,0.0,0.0,0.0
2019-10-16 00:00:00-04:00,0.0,0.0,0.0,0.0,0.0,0.0,0.0,0.0
2019-10-17 00:00:00-04:00,0.0,0.0,0.0,0.0,0.0,0.0,0.0,0.0
2019-10-18 00:00:00-04:00,0.0,0.0,0.0,0.0,0.0,0.0,0.0,0.0
2019-10-21 00:00:00-04:00,0.0,0.0,0.0,0.0,0.0,0.0,0.0,0.0
2019-10-22 00:00:00-04:00,0.0,0.0,0.0,0.0,0.0,0.0,0.0,0.0
2019-10-23 00:00:00-04:00,0.0,0.0,0.0,0.0,0.0,0.0,0.0,0.0
2019-10-24 00:00:00-04:00,0.0,0.0,0.0,0.0,0.0,0.0,0.0,0.0
2019-10-25 00:00:00-04:00,0.0,0.0,0.0,0.0,0.0,0.0,0.0,0.0
2019-10-28 00:00:00-04:00,0.0,0.0,0.0,0.0,0.0,0.0,0.0,0.0
2019-10-29 00:00:00-04:00,0.0,0.0,0.0,0.0,0.0,0.0,0.0,0.0
2019-10-30 00:00:00-04:00,0.0,0.0,0.0,0.0,0.0,0.0,0.0,0.0
2019-10-31 00:00:00-04:00,0.0,0.0,0.0,0.0,0.0,0.0,0.0,0.0
2019-11-01 00:00:00-04:00,0.0,0.0,0.0,0.0,0.0,0.0,0.0,0.0
2019-11-04 00:00:00-05:00,0.0,0.0,0.0,0.0,0.0,0.0,0.0,0.0
2019-11-05 00:00:00-05:00,0.0,0.0,0.0,0.0,0.0,0.0,0.0,0.0
2019-11-06 00:00:00-05:00,-0.0027982233227109576,0.0,-0.0027982233227108466,0.0,0.0,0.0,0.0,0.0
2019-11-07 00:00:00-05:00,0.0,0.0,0.0,0.0,0.0,0.0,0.0,0.0
2019-11-08 00:00:00-05:00,0.0,0.0,0.0,0.0,0.0,0.0,0.0,0.0
2019-11-11 00:00:00-05:00,0.0,0.0,0.0,0.0,0.0,0.0,0.0,0.0
2019-11-12 00:00:00-05:00,0.0,0.0,0.0,0.0,0.0,0.0,0.0,0.0
2019-11-13 00:00:00-05:00,0.0,0.0,0.0,0.0,0.0,0.0,0.0,0.0
2019-11-14 00:00:00-05:00,0.0,0.0,0.0,0.0,0.0,0.0,0.0,0.0
2019-11-15 00:00:00-05:00,0.0,0.0,0.0,0.0,0.0,0.0,0.0,0.0
2019-11-18 00:00:00-05:00,0.0,0.0,0.0,0.0,0.0,0.0,0.0,0.0
2019-11-19 00:00:00-05:00,0.0,0.0,0.0,0.0,0.0,0.0,0.0,0.0
2019-11-20 00:00:00-05:00,0.0,0.0,0.0,0.0,0.0,0.0,0.0,0.0
2019-11-21 00:00:00-05:00,0.0,0.0005120181698528015,0.0005120181698528015,0.0005120181698528015,0.0,0.0,0.0,0.0005120181698528015
2019-11-22 00:00:00-05:00,0.0,0.0,0.0,0.0,0.0,0.0,0.0,0.0
2019-11-25 00:00:00-05:00,0.0,0.00110653270337302,0.0,0.0,0.0,0.0,0.0,0.0
2019-11-26 00:00:00-05:00,0.0,0.0,0.0,0.0,0.0,0.0,0.0,0.0
2019-11-27 00:00:00-05:00,0.0,0.0,0.00032576935119776884,0.0,0.0,0.0,0.0,0.0
2019-11-29 00:00:00-05:00,0.0,0.0,0.0,0.0,0.0,0.0,0.0,0.0
2019-12-02 00:00:00-05:00,0.0018888193728934244,0.0018888193728934244,0.0,0.0,0.0,0.0,0.0,0.0
2019-12-03 00:00:00-05:00,-0.005081846111685828,-0.005081846111685606,8.566980662627621e-05,8.566980662649826e-05,8.566980662627621e-05,8.566980662627621e-05,0.0,8.566980662627621e-05
2019-12-04 00:00:00-05:00,0.0,-0.00020002000200025627,0.0,-0.0002000200020003673,-0.00020002000200025627,-0.00020002000200025627,-0.0002000200020003673,-0.0002000200020003673
2019-12-05 00:00:00-05:00,0.0,0.0,0.0,0.0,0.0,0.0,0.0,0.0
2019-12-06 00:00:00-05:00,0.0,0.0003268035274524017,0.0,0.00032680352745217967,0.0003268035274524017,0.00032680352745217967,0.00032680352745217967,0.00032680352745217967
2019-12-09 00:00:00-05:00,0.0,0.0,0.0,0.0,0.0,0.0,0.0,0.0
2019-12-10 00:00:00-05:00,0.0,0.0,0.0,0.0,0.0,0.0,0.0,0.0
2019-12-11 00:00:00-05:00,0.0,0.0,0.0,0.0,0.0,0.0,0.0,0.0
2019-12-12 00:00:00-05:00,0.0,0.0,0.0,-0.006521305551690393,-0.006521305551690282,-0.006521305551690393,-0.006521305551690282,0.0
2019-12-13 00:00:00-05:00,0.0,0.0,0.0,0.0,0.0,0.0,0.0,0.0
2019-12-16 00:00:00-05:00,0.0,0.0,0.0,0.0,-0.0015125068022459054,-0.0015125068022459054,-0.0015125068022459054,0.0
2019-12-17 00:00:00-05:00,0.0,0.0,0.0,0.0,0.0,0.0,0.0,0.0
2019-12-18 00:00:00-05:00,0.0,0.0,0.0,0.0,0.0,0.0,0.0,0.0
2019-12-19 00:00:00-05:00,0.0,0.0,0.0,0.0006271269739732688,0.0,0.0,0.0,0.0
2019-12-20 00:00:00-05:00,0.0,0.0,0.0,0.0002799185230448753,0.0002799185230448753,0.00027991852304465326,0.00027991852304465326,0.0
2019-12-23 00:00:00-05:00,0.0,0.0,0.0,0.0,0.0,0.0,0.0,0.0
2019-12-24 00:00:00-05:00,0.0,0.0,0.0,0.0,0.0,0.0,0.0,0.0
2019-12-26 00:00:00-05:00,0.0,0.0,0.0,0.0021895178094604173,0.0,0.0,0.0,0.0
2019-12-27 00:00:00-05:00,0.0,0.0,0.0,0.0,0.0,0.0,0.0,0.0
2019-12-30 00:00:00-05:00,0.0,0.0,0.0,0.0,0.0,0.0,0.0,0.0022264886230303205
2019-12-31 00:00:00-05:00,0.0,0.0,0.0,0.0,0.0,0.0,0.0,0.0
2020-01-02 00:00:00-05:00,0.0,0.0,0.0,0.0,0.0,0.0,0.0,0.0
2020-01-03 00:00:00-05:00,0.0,0.0,0.0,0.0,0.0,0.0,0.0,0.0
2020-01-06 00:00:00-05:00,0.0,0.0,0.0,0.0,0.0,0.0,0.0,0.0
2020-01-07 00:00:00-05:00,0.0,0.0,0.0,0.0,0.0,0.0,0.0,0.0
2020-01-08 00:00:00-05:00,0.0,0.0,0.0,0.0,0.0,0.0,0.0,0.0
2020-01-09 00:00:00-05:00,0.0,0.0,0.0,0.0,0.0,0.0,0.0,0.0
2020-01-10 00:00:00-05:00,0.0,0.0,0.0,0.0,0.0,0.0,0.0,0.0
2020-01-13 00:00:00-05:00,0.0,0.0,0.0,0.0,0.0,0.0,0.0,0.0
2020-01-14 00:00:00-05:00,0.0,0.0,0.0,0.0,0.0,0.0,0.0,0.0
2020-01-15 00:00:00-05:00,0.0,0.0,0.0,0.0,0.0,0.0,0.0,0.0
2020-01-16 00:00:00-05:00,0.0,0.0,0.0,0.0,0.0,0.0,0.0,0.0
2020-01-17 00:00:00-05:00,0.0,0.0,0.0,0.0,0.0,0.0,0.0,0.0
2020-01-21 00:00:00-05:00,0.0,0.0,0.0,0.0,0.0,0.0,0.0,0.0
2020-01-22 00:00:00-05:00,0.0,0.0,0.0,0.0,0.0,0.0,0.0,0.0
2020-01-23 00:00:00-05:00,0.0,0.0,0.0,0.0,0.0,0.0,0.0,0.0
2020-01-24 00:00:00-05:00,0.0,0.0,0.0,0.0,0.0,0.0,0.0,0.0
2020-01-27 00:00:00-05:00,0.0,0.0,0.0,0.0,0.0,0.0,0.0,0.0
2020-01-28 00:00:00-05:00,0.0,0.0,0.0,0.0,-0.0018855041784721083,-0.0018855041784722193,-0.0018855041784721083,-0.0018855041784722193
2020-01-29 00:00:00-05:00,0.0,0.0,0.0,0.0,0.0,0.0,0.0,0.0
2020-01-30 00:00:00-05:00,0.0,0.0,0.0,0.0,-0.004042146978454508,-0.004042146978454508,-0.004042146978454286,-0.004042146978454397
2020-01-31 00:00:00-05:00,0.0,0.0,0.0,0.0,0.0,0.0,0.0,0.0
2020-02-03 00:00:00-05:00,0.0,0.0,0.0,0.0,0.0058718158079340554,0.0058718158079340554,0.0058718158079340554,0.0058718158079340554
2020-02-04 00:00:00-05:00,0.0,0.0,0.0,0.0,0.0,0.0,0.0,0.0
2020-02-05 00:00:00-05:00,0.0,0.0,0.0,0.0,0.0,0.0,0.0,0.0
2020-02-06 00:00:00-05:00,0.0,0.0,0.0,0.0,0.0,0.0,0.0,0.0
2020-02-07 00:00:00-05:00,0.0,0.0,0.0,0.0,0.0,0.0,0.0,0.0
2020-02-10 00:00:00-05:00,0.0,0.0,0.0,0.0,0.0,0.0,0.0,0.0
2020-02-11 00:00:00-05:00,0.0,0.0,0.0,0.0,0.0,0.0,0.0,0.0
2020-02-12 00:00:00-05:00,0.0,0.0,0.0,0.0,0.0,0.0,0.0,0.0
2020-02-13 00:00:00-05:00,0.0,0.0,0.0,0.0,0.0,0.0,0.0,0.0
2020-02-14 00:00:00-05:00,0.0,0.0,0.0,0.0,0.0,0.0,0.0,0.0
2020-02-18 00:00:00-05:00,0.0,0.0,0.0,0.0,0.0,0.0,0.0,0.0
2020-02-19 00:00:00-05:00,0.0,0.0,0.0,0.0,0.0,0.0,0.0,0.0
2020-02-20 00:00:00-05:00,0.0,0.0,0.0,0.0,0.0,0.0,0.0,0.0
2020-02-21 00:00:00-05:00,0.0,0.0,0.0,0.0,0.0,0.0,0.0,0.0
2020-02-24 00:00:00-05:00,0.0,0.0,0.0,0.0,0.0,0.0,0.0,0.0
2020-02-25 00:00:00-05:00,0.0,0.0,0.0,0.0,0.01127045047079811,0.023529869683068583,0.023529869683068583,0.023529869683068583
2020-02-26 00:00:00-05:00,0.0,0.0,0.0,0.0,0.013162157323608259,0.013162157323608259,0.013162157323608037,0.013162157323608037
2020-02-27 00:00:00-05:00,0.0,0.0,0.0,0.0,-0.00011783723920999467,-0.00011783723921010569,0.015221450997107366,0.015221450997107144
2020-02-28 00:00:00-05:00,0.0,0.0,0.0,0.0,-0.023276754072335093,-0.023276754072335093,-0.023276754072335093,-0.023276754072335093
2020-03-02 00:00:00-05:00,0.0,0.0,0.0,0.0,-0.0250025877797464,-0.025002587779746288,0.0,-0.025002587779746288
2020-03-03 00:00:00-05:00,0.0,0.0,0.0,0.0,0.0,0.0,0.0,0.0
2020-03-04 00:00:00-05:00,0.0,0.0,0.0,0.0,0.0,0.0,0.0,0.0
2020-03-05 00:00:00-05:00,0.0,0.0,0.0,0.0,0.0,0.0,0.0,0.0
2020-03-06 00:00:00-05:00,-0.003651673193591276,0.0,0.0,0.0,0.0,0.0,0.0,0.0
2020-03-09 00:00:00-04:00,0.022217377883707368,0.0,0.0,0.0,0.0,0.0,0.0,0.0018004600572063545
2020-03-10 00:00:00-04:00,-0.021824913305510618,-0.021824913305510618,-0.021824913305510618,0.0,0.0,0.0,0.0,-0.021824913305510618
2020-03-11 00:00:00-04:00,0.015857151350982424,0.015857151350982424,0.0,0.0,0.0,0.0,0.0,0.0
2020-03-12 00:00:00-04:00,0.031360835821701016,0.031360835821701016,0.031360835821701016,0.0,0.0,0.0,0.0,0.011370079256633137
2020-03-13 00:00:00-04:00,-0.045131377479819657,-0.045131377479819657,-0.04513137747981977,0.0,-0.045131377479819657,-0.04513137747981977,0.0,-0.04513137747981977
2020-03-16 00:00:00-04:00,0.026195203498522224,0.026195203498522224,0.06386192430600679,0.0,0.06386192430600679,0.06386192430600701,0.0,0.06386192430600679
2020-03-17 00:00:00-04:00,0.02276815962171508,0.02276815962171508,0.0,0.0,0.0,0.0,0.0,0.022768159621714856
2020-03-18 00:00:00-04:00,0.060121045272529816,0.060121045272529816,0.0,0.0,0.0,0.0,0.0,0.0
2020-03-19 00:00:00-04:00,0.0,0.0,0.0,0.0,0.0,0.0,0.0,0.0
2020-03-20 00:00:00-04:00,0.0268499991263067,0.0268499991263067,0.0,0.0,0.0,0.0,0.0,0.0
2020-03-23 00:00:00-04:00,-0.008775854043747922,-0.008775854043748033,-0.008775854043748033,0.0,0.0,0.0,0.0,0.0
2020-03-24 00:00:00-04:00,-0.021709204713859398,-0.021709204713859398,-0.021709204713859287,0.0,-0.021709204713859398,-0.021709204713859398,0.0,0.0
2020-03-25 00:00:00-04:00,0.0,0.0,0.005457920476555911,0.0,0.0,0.005457920476555911,0.0,0.0
2020-03-26 00:00:00-04:00,0.0,0.0,0.02338768049977258,0.0,0.0,0.0,0.0,0.0
2020-03-27 00:00:00-04:00,0.0,0.0,0.0,0.0,0.0,0.0,0.0,0.0
2020-03-30 00:00:00-04:00,0.0,0.0,0.0,0.0,0.0,0.0,0.0,0.0
2020-03-31 00:00:00-04:00,0.0,0.0,0.0,0.0,0.0,0.0,0.0,0.0
2020-04-01 00:00:00-04:00,0.013171638019416898,0.0,0.0,0.0,0.0,0.0,0.0,0.0
2020-04-02 00:00:00-04:00,0.0,0.0,0.0,0.0,0.0,0.0,0.0,0.0
2020-04-03 00:00:00-04:00,0.0,0.0,0.0,0.0,0.0,0.0,0.0,0.0
2020-04-06 00:00:00-04:00,0.0200477489196893,0.0200477489196893,0.0200477489196893,0.0200477489196893,0.0,0.0,0.0,0.0
2020-04-07 00:00:00-04:00,-0.017105202949821097,-0.017105202949821097,-0.017105202949821097,-0.017105202949821208,0.0,0.0,-0.0035290847302674733,-0.0035290847302675843
2020-04-08 00:00:00-04:00,0.0,0.0,0.0,0.0,0.01277026759011779,0.0,0.012770267590118012,0.01277026759011779
2020-04-09 00:00:00-04:00,-0.00345040701570265,-0.00345040701570265,-0.00345040701570265,-0.003450407015702539,0.0,0.0,0.0,0.0
2020-04-13 00:00:00-04:00,0.0,0.0,0.0,0.0,0.007435132701195446,0.007435132701195446,0.007435132701195446,0.007435132701195446
2020-04-14 00:00:00-04:00,0.002851606042115762,0.002851606042115762,0.002851606042115762,0.002851606042115762,0.0,0.0,0.0,0.0
2020-04-15 00:00:00-04:00,-0.0065798069843036044,-0.0065798069843037155,-0.0065798069843036044,-0.0065798069843037155,-0.0065798069843036044,-0.0065798069843037155,-0.0065798069843037155,-0.0065798069843037155
2020-04-16 00:00:00-04:00,0.0,0.0,0.0,0.0,0.0,0.0,0.0,0.0
2020-04-17 00:00:00-04:00,0.01020136109149461,0.01020136109149461,0.01020136109149461,0.01020136109149461,0.0,0.0,0.0,0.0
2020-04-20 00:00:00-04:00,-0.003797217771259076,0.0,0.0,0.0,-0.003797217771259076,-0.003797217771259187,-0.003797217771259076,-0.003797217771259076
2020-04-21 00:00:00-04:00,0.013704265256903714,0.013704265256903714,0.013704265256903714,0.013704265256903714,0.013704265256903714,0.013704265256903714,0.013704265256903714,0.013704265256903714
2020-04-22 00:00:00-04:00,-0.0053583288331588985,-0.0053583288331588985,-0.0053583288331588985,-0.0053583288331588985,0.0,0.0,0.0,0.0
2020-04-23 00:00:00-04:00,-0.012159958561845818,-0.012159958561845707,-0.012159958561845818,-0.012159958561845707,0.0,0.0,0.0,0.0
2020-04-24 00:00:00-04:00,0.00018640120838742114,0.00018640120838742114,0.00018640120838764318,0.00018640120838764318,0.00018640120838764318,0.00018640120838764318,0.0,0.0
2020-04-27 00:00:00-04:00,0.0015163821427341961,0.0015163821427341961,0.0015163821427341961,0.0015163821427341961,0.0,0.0,0.0,0.0
2020-04-28 00:00:00-04:00,0.0,0.0,0.0,0.0,0.0,0.0,0.0,0.0
2020-04-29 00:00:00-04:00,0.0,0.003542626945660654,0.003542626945660654,0.003542626945660654,0.0,0.0,0.0,0.0
2020-04-30 00:00:00-04:00,0.0,-0.0015909407367217243,-0.0015909407367216133,-0.0015909407367216133,-0.0015909407367216133,-0.0015909407367217243,-0.0015909407367215023,-0.0015909407367216133
2020-05-01 00:00:00-04:00,0.0,0.008048024041434676,0.008048024041434676,0.008048024041434676,0.0,0.0,0.0,0.0
2020-05-04 00:00:00-04:00,0.0,0.0,0.0,0.0,0.0,0.0,0.0,0.0
2020-05-05 00:00:00-04:00,0.0,0.004250723630914832,0.00425072363091461,0.004250723630914832,0.0,0.0,0.0,0.0
2020-05-06 00:00:00-04:00,0.0,0.0,0.0,0.0,0.0,0.0,0.0,0.0
2020-05-07 00:00:00-04:00,0.0,0.0,0.0,-0.0013007051293657534,0.0,0.0,0.0,0.0
2020-05-08 00:00:00-04:00,0.0,0.0,0.0,0.004569735731434266,0.0,0.0,0.0,0.0
2020-05-11 00:00:00-04:00,0.0,0.0,0.0,-0.004034054318236113,0.0,0.0,0.0,0.0
2020-05-12 00:00:00-04:00,0.0,0.0,0.0,0.011816352015099563,0.0,0.0,0.0,0.0
2020-05-13 00:00:00-04:00,0.0,0.0,0.0,0.010266832350867894,0.0,0.0,0.0,0.0
2020-05-14 00:00:00-04:00,0.0,0.0,0.0,-0.028474192757565908,0.0,0.0,0.0,0.0
2020-05-15 00:00:00-04:00,0.0,0.0,0.0,0.0,0.0,0.0012916309072967813,0.0012916309072967813,0.0012916309072965593
2020-05-18 00:00:00-04:00,0.0,0.0,0.0,0.005464820498976897,0.0,0.0,0.0,0.0
2020-05-19 00:00:00-04:00,0.0,0.0,0.0,0.0,0.0,0.0,0.0,0.0
2020-05-20 00:00:00-04:00,0.0,0.0,0.0,-0.0014133295408325086,0.0,0.0,0.0,0.0
2020-05-21 00:00:00-04:00,0.0,0.0,0.0,-0.0017606263189660076,0.0,0.0,0.0,0.0
2020-05-22 00:00:00-04:00,0.0,0.0,0.0,0.0,0.0,0.0,0.0,0.0
2020-05-26 00:00:00-04:00,0.0,0.0,0.0,-0.007491700031738602,0.0,0.0,0.0,0.0
2020-05-27 00:00:00-04:00,0.0,0.0,0.0,0.004650431014246337,0.0,0.0,0.0,0.0
2020-05-28 00:00:00-04:00,-0.005154995364173409,0.0,0.0,-0.00515499536417352,0.0,0.0,0.0,0.0
2020-05-29 00:00:00-04:00,0.0015642882557036497,0.0,0.0,0.0015642882557036497,0.0,0.0,0.0,0.0
2020-06-01 00:00:00-04:00,-0.0015575787427509757,0.0,0.0,-0.0015575787427509757,0.0,0.0,0.0,0.0
2020-06-02 00:00:00-04:00,0.0,0.0,0.0,0.0,0.0,0.0,0.0,0.0
2020-06-03 00:00:00-04:00,0.004019475663744165,0.0,0.0,0.004019475663744165,0.0,0.0,0.0,0.0
2020-06-04 00:00:00-04:00,0.0,0.0,0.0,0.002264229054014466,0.0,0.0,0.0,0.0
2020-06-05 00:00:00-04:00,0.0,0.0,0.0,0.0036497673847977197,0.0,0.0,0.0,0.0
2020-06-08 00:00:00-04:00,0.0,0.0,0.0,0.003499965750012768,0.0,0.0,0.0,0.0
2020-06-09 00:00:00-04:00,0.0,0.0,0.0,0.0019856738195562773,0.0,0.0,0.0,0.0019856738195562773
2020-06-10 00:00:00-04:00,0.0,0.0,0.0,-0.00020002000200025627,0.0,0.0,0.0,0.0
2020-06-11 00:00:00-04:00,0.0,0.0,0.0,0.03270153028519007,0.0,0.0,0.0,0.0
2020-06-12 00:00:00-04:00,0.0,0.0,0.0,0.010889517890737332,0.0,0.0,0.0,0.0
2020-06-15 00:00:00-04:00,0.0,0.0,0.0,-0.021608132365698807,0.0,0.0,0.0,0.0
2020-06-16 00:00:00-04:00,0.0,0.0,0.0,-0.02123102262625476,0.0,0.0,0.0,0.0
2020-06-17 00:00:00-04:00,0.0,0.0,0.0,0.0,0.0,0.0,0.0,0.0
2020-06-18 00:00:00-04:00,0.0,0.0,0.0,0.0,0.0,0.0,0.0,0.0
2020-06-19 00:00:00-04:00,-0.016930462200795526,-0.016930462200795637,0.0,-0.016930462200795526,0.0,0.0,0.0,0.0
2020-06-22 00:00:00-04:00,0.0,0.0,0.0,0.0,0.0,0.0,0.0,0.0
2020-06-23 00:00:00-04:00,-0.006439414304937774,-0.006439414304937663,0.0,-0.006439414304937774,0.0,0.0,0.0,0.0
2020-06-24 00:00:00-04:00,0.01463578507064689,0.01463578507064689,0.0,0.01463578507064689,0.0,0.0,0.0,0.0
2020-06-25 00:00:00-04:00,-0.00225928666488473,-0.00225928666488473,0.0,-0.00225928666488473,0.0,0.0,0.0,0.0
2020-06-26 00:00:00-04:00,0.009255161524922784,0.009255161524922784,0.0,0.009255161524922784,0.0,0.0,0.0,0.0
2020-06-29 00:00:00-04:00,-0.0042581364883103046,-0.004258136488310527,0.0,-0.004258136488310416,0.0,0.0,0.0,0.0
2020-06-30 00:00:00-04:00,-0.012991340840936672,-0.012991340840936672,0.0,-0.012991340840936783,0.0,0.0,0.0,0.0
2020-07-01 00:00:00-04:00,-0.0013551706696913746,-0.0013551706696914856,0.0,-0.0013551706696913746,0.0,-0.003170063589873595,0.0,-0.003170063589873595
2020-07-02 00:00:00-04:00,0.0,0.0,0.0,-0.004781124220263333,0.0,0.0,0.0,0.0
2020-07-06 00:00:00-04:00,0.0,0.0,0.0,0.003072631440642626,0.0,0.0,0.0,0.0
2020-07-07 00:00:00-04:00,0.0,0.0,0.0,0.0,0.0,0.0,0.0,0.0
2020-07-08 00:00:00-04:00,0.0,0.0,0.0,0.0,0.0,0.0,0.0,0.0
2020-07-09 00:00:00-04:00,0.0,0.0,0.0,0.0,0.0,0.0,0.0,0.0
2020-07-10 00:00:00-04:00,0.0,0.0,0.0,0.0,0.0,0.0,0.0,0.0
2020-07-13 00:00:00-04:00,0.0,0.0,0.0,0.0,0.0,0.0,0.0,0.0
2020-07-14 00:00:00-04:00,0.0,0.0,0.0,0.0,0.0,0.0,0.0,0.0
2020-07-15 00:00:00-04:00,0.0,0.0,0.0,0.0,0.0,0.0,0.0,0.0
2020-07-16 00:00:00-04:00,0.0,0.0,0.0,0.0,0.0015673518482870463,0.0015673518482872684,0.0015673518482870463,0.0015673518482870463
2020-07-17 00:00:00-04:00,0.0,0.0,0.0,0.0,0.0,0.0,0.0,0.0
2020-07-20 00:00:00-04:00,0.0,0.0,0.0,0.0,0.0,0.0,0.0,0.0
2020-07-21 00:00:00-04:00,0.0,0.0,0.0,0.0,0.0,0.0,0.0,0.0
2020-07-22 00:00:00-04:00,0.0,0.0,0.0,0.0,0.0,0.0,0.0,0.0
2020-07-23 00:00:00-04:00,0.0,0.0,0.0,0.0,0.0,0.0,0.0,0.0
2020-07-24 00:00:00-04:00,0.0,0.0,0.0,0.0,0.0,0.0,0.0,0.0
2020-07-27 00:00:00-04:00,0.0,0.0,0.0,0.0,0.0,0.0,0.0,0.0
2020-07-28 00:00:00-04:00,0.0,0.0,0.0,0.0,0.0,0.0,0.0,0.0
2020-07-29 00:00:00-04:00,0.0,0.0,0.0,0.0,0.0,0.007157353897345731,0.007157353897345509,0.007157353897345731
2020-07-30 00:00:00-04:00,0.0,0.0,0.0,0.0,0.0,0.0,0.0,0.0
2020-07-31 00:00:00-04:00,0.0,0.0,0.0,0.0,0.0,0.0,0.0,0.0
2020-08-03 00:00:00-04:00,0.0,0.0,0.0,0.0,0.0,0.0,0.0,0.0
2020-08-04 00:00:00-04:00,0.0,0.0,0.0,0.0,0.0,0.0,0.0,0.0
2020-08-05 00:00:00-04:00,0.0,0.0,0.0,0.0,0.0,0.0,0.0,0.0
2020-08-06 00:00:00-04:00,0.0,0.0,0.0,0.0,0.0,0.0,0.0,0.0
2020-08-07 00:00:00-04:00,0.0,0.0,0.0,0.0,0.0,0.0,0.0,0.0
2020-08-10 00:00:00-04:00,0.0,0.0,0.0,0.0,0.0,0.0,0.0,0.0
2020-08-11 00:00:00-04:00,0.0,0.0,0.0,0.0,0.0,0.0,0.0,0.0
2020-08-12 00:00:00-04:00,0.0,0.0,0.0,0.0,0.0,0.0,0.0,0.0
2020-08-13 00:00:00-04:00,0.0,0.0,0.0,0.0,0.0,0.0,0.0,0.0
2020-08-14 00:00:00-04:00,0.0,0.0,0.0,0.0,0.0,0.0,0.0,0.0013857713082838785
2020-08-17 00:00:00-04:00,0.0,0.0,0.0,0.0,0.0,0.0,0.0,0.0
2020-08-18 00:00:00-04:00,0.0,0.0,0.0,0.0,0.0009262832970005075,0.0009262832970002854,0.0,0.0
2020-08-19 00:00:00-04:00,0.0,0.0,0.0,0.0,-0.0029680825620357343,-0.0029680825620356233,0.0,0.0
2020-08-20 00:00:00-04:00,0.0,0.0,0.0,0.0,0.0,0.0,0.0,0.0
2020-08-21 00:00:00-04:00,0.0,0.0,0.0,0.0,0.0,0.0,0.0,0.0
2020-08-24 00:00:00-04:00,0.0,0.0,0.0,0.0,0.0,0.0,0.0,0.0
2020-08-25 00:00:00-04:00,0.0,0.0,0.0,0.0,0.0,-4.179881350530046e-05,0.0,0.0
2020-08-26 00:00:00-04:00,0.0,0.0,0.0,0.0,0.0,0.0038663378411545324,0.0,0.0
2020-08-27 00:00:00-04:00,0.0,0.0,0.0,0.0,0.0,-0.008722260506147439,0.0,0.0
2020-08-28 00:00:00-04:00,0.0,0.0,0.0,0.0,0.0,0.0027897035863322373,0.0,0.0
2020-08-31 00:00:00-04:00,0.0,0.0,0.0,0.0,0.0,0.004761402262456693,0.0,0.0
2020-09-01 00:00:00-04:00,0.0,0.0,0.0,0.0,0.0,0.0,0.0,0.0
2020-09-02 00:00:00-04:00,0.0,0.0,0.0,0.0,0.0,0.0,0.0,0.0
2020-09-03 00:00:00-04:00,0.0,0.0,0.0,0.0,-0.008292067262948066,-0.008292067262948066,-0.008292067262948177,-0.008292067262948066
2020-09-04 00:00:00-04:00,0.0,0.0,0.0,0.0,0.0,0.0,0.0,0.0
2020-09-08 00:00:00-04:00,0.0,0.0,0.0,0.0,0.0,0.0,0.0,0.0
2020-09-09 00:00:00-04:00,0.0,0.0,0.0,0.0,0.0,0.0,0.0,0.0
2020-09-10 00:00:00-04:00,0.0,0.0,0.0,0.0,-0.01529712502062719,-0.01529712502062719,-0.01529712502062719,0.0
2020-09-11 00:00:00-04:00,0.0,0.0,0.0,0.0,0.0,0.0,0.0,0.0
2020-09-14 00:00:00-04:00,0.0,0.0,0.0,0.0,0.0,0.0,0.0,0.0
2020-09-15 00:00:00-04:00,0.0,0.0,0.0,0.0,-0.004342445663643835,-0.004342445663643835,-0.004342445663643835,-0.004342445663643946
2020-09-16 00:00:00-04:00,0.0,0.0,0.0,0.0,0.0,0.0,0.0,0.0
2020-09-17 00:00:00-04:00,0.0,0.0,0.0,0.0,0.0,0.0,0.0,0.0
2020-09-18 00:00:00-04:00,-0.005044321769332338,-0.005044321769332338,0.0,0.0,0.0,0.0,0.0,0.0
2020-09-21 00:00:00-04:00,0.0,0.0,0.0,0.0,-0.013542293713931564,-0.013542293713931564,-0.013542293713931564,-0.013542293713931564
2020-09-22 00:00:00-04:00,0.0,0.0,0.0,0.0,0.0,0.0,6.263286729080164e-05,0.0
2020-09-23 00:00:00-04:00,0.0,0.0,0.0,0.0,0.0,0.0,-0.007040383302723829,0.0
2020-09-24 00:00:00-04:00,0.009143014268053085,0.009143014268053085,0.0,0.0,0.0,0.0,0.0,0.0
2020-09-25 00:00:00-04:00,0.0,0.0,0.0,0.0,0.0,0.0,0.0,0.0
2020-09-28 00:00:00-04:00,0.0,0.0,0.0,0.0,0.0,0.0,0.0,0.0
2020-09-29 00:00:00-04:00,0.0,0.0,0.0,0.0,0.0,0.0,0.0,0.0
2020-09-30 00:00:00-04:00,0.0,0.0,0.0,0.0,0.0,0.0,0.0,0.0
2020-10-01 00:00:00-04:00,0.0,0.0,0.0,0.0,0.0,0.0,0.0,0.0
2020-10-02 00:00:00-04:00,0.0,0.0,0.0,0.0,0.0,0.0,-0.002887788567777827,-0.002887788567777827
2020-10-05 00:00:00-04:00,0.0,0.0,0.0,0.0,0.0,0.0,0.0,0.0
2020-10-06 00:00:00-04:00,0.0,0.0,0.0,0.0,0.0,0.0,0.0,0.0
2020-10-07 00:00:00-04:00,0.0,0.0,0.0,0.0,0.0,0.0,0.0,0.0
2020-10-08 00:00:00-04:00,0.0,0.0,0.0,0.0,0.0,0.0,0.0,0.0
2020-10-09 00:00:00-04:00,0.0,0.0,0.0,0.0,0.0,0.0,0.0,0.0
2020-10-12 00:00:00-04:00,0.0,0.0,0.0,0.0,0.0,0.0,0.0,0.0
2020-10-13 00:00:00-04:00,0.0,0.0,0.0,0.0,0.0,0.0,0.0,0.0
2020-10-14 00:00:00-04:00,0.0,0.0,0.0,0.0,0.0,0.0,0.0,0.0
2020-10-15 00:00:00-04:00,0.0,0.0,0.0,0.0,0.0,0.0,0.0,0.0
2020-10-16 00:00:00-04:00,0.0,0.0,0.0,0.0,0.0,0.0,0.0,0.0
2020-10-19 00:00:00-04:00,-0.00032687247290963395,0.0,0.0,0.0,0.0,0.0,0.0,0.0
2020-10-20 00:00:00-04:00,0.009723620990446546,0.0,0.0,0.0,0.0,0.0,0.0,0.0
2020-10-21 00:00:00-04:00,0.0,0.0,0.0,0.0,0.0,0.0,0.0,0.0
2020-10-22 00:00:00-04:00,0.0,0.0,0.0,0.0,0.0,0.0,0.0,0.0
2020-10-23 00:00:00-04:00,0.0,0.0,0.0,0.0,0.0,0.0,0.0,0.0
2020-10-26 00:00:00-04:00,-0.0020566883060525454,-0.0020566883060524344,0.0,0.0,0.0,0.0,0.0,0.0
2020-10-27 00:00:00-04:00,0.0,0.0,0.0,0.0,0.0,0.0,0.0,0.0
2020-10-28 00:00:00-04:00,0.0,0.0,0.0,0.0,0.0,0.0,0.0,0.0
2020-10-29 00:00:00-04:00,0.0,0.0,0.0,0.0,0.008821353627662232,0.00882135362766201,0.0,0.0
2020-10-30 00:00:00-04:00,0.0,0.0,0.0,0.0,0.0,0.0,0.0,0.0
2020-11-02 00:00:00-05:00,0.0,0.0,0.0,0.0,0.0,0.0,0.0,0.0
2020-11-03 00:00:00-05:00,0.0,0.0,0.0,0.0,0.0,0.0,0.0,0.0
2020-11-04 00:00:00-05:00,0.0,0.0,0.0,0.0,0.0,0.0,0.0,0.0
2020-11-05 00:00:00-05:00,0.0,0.0,0.0,0.0,0.0,0.0,0.0,0.0
2020-11-06 00:00:00-05:00,0.0,0.0,0.0,0.0,0.0,0.0,0.0,0.0
2020-11-09 00:00:00-05:00,0.0,0.0,0.0,0.0,0.0,0.0,0.0,0.0
2020-11-10 00:00:00-05:00,0.0,0.0,0.0,0.0,0.0,0.0,0.0,0.0
2020-11-11 00:00:00-05:00,0.0,0.0,0.0,0.0,0.0,0.0,0.0,0.0
2020-11-12 00:00:00-05:00,-0.003124851531540851,-0.003124851531540851,-0.003124851531540851,0.0,0.0,0.0,-0.003124851531540962,0.0
2020-11-13 00:00:00-05:00,0.0,0.0,0.0,0.0,0.0,0.0,0.0,0.0
2020-11-16 00:00:00-05:00,0.0,0.0,0.0,0.0,0.0,0.0,0.0,0.0
2020-11-17 00:00:00-05:00,0.0,0.0,0.0,0.0,0.0,0.0,0.0,0.0
2020-11-18 00:00:00-05:00,0.0,0.00750219069741731,0.00750219069741731,0.0,0.00750219069741731,0.00750219069741731,0.00750219069741731,0.0
2020-11-19 00:00:00-05:00,0.0,0.0,0.0,0.0,0.0,0.0,0.0,0.0
2020-11-20 00:00:00-05:00,0.0,0.0,0.0,0.0,0.0,0.0,0.0,0.0
2020-11-23 00:00:00-05:00,0.0,0.0,0.0,0.0,0.0,0.0,0.0,0.0
2020-11-24 00:00:00-05:00,0.0,0.0,0.0,0.0,0.0,0.0,0.0,0.0
2020-11-25 00:00:00-05:00,0.0,0.0,0.0,0.0,0.0,0.0,0.0,0.0
2020-11-27 00:00:00-05:00,0.0,0.0,0.0,0.0,0.0,0.0,0.0,0.0
2020-11-30 00:00:00-05:00,0.0,0.0,0.0,0.0,0.0,0.0,0.0,0.0
2020-12-01 00:00:00-05:00,0.0,0.0,0.0,0.0,0.0,0.0,0.0,0.0
2020-12-02 00:00:00-05:00,0.0,0.0,0.0,0.0,0.0,0.0,0.0,0.0
2020-12-03 00:00:00-05:00,0.0,0.0,0.0,0.0,0.0,0.0,0.0,0.0
2020-12-04 00:00:00-05:00,0.0,0.0,0.0,0.0,0.0,0.0,0.0,0.0
2020-12-07 00:00:00-05:00,0.0,0.0,0.0,0.0,0.0,0.0,0.0,0.0
2020-12-08 00:00:00-05:00,0.0,0.0,0.0,0.0,0.0,0.0,0.0,0.0
2020-12-09 00:00:00-05:00,0.0,0.0,0.0,0.0,0.0,0.0,0.0,0.0
2020-12-10 00:00:00-05:00,0.0,0.0,0.0,0.0,0.0,0.0,0.0,0.0
2020-12-11 00:00:00-05:00,0.0,0.0,0.0,0.0,0.0,0.0,0.0,0.0
2020-12-14 00:00:00-05:00,0.0,0.0,0.0,0.0,0.0,0.0,0.0,0.0
2020-12-15 00:00:00-05:00,0.0,0.0,0.0,0.0,0.0,0.0,0.0,0.0
2020-12-16 00:00:00-05:00,0.0,0.0,0.0,0.0,0.0,0.0,0.0,0.0
2020-12-17 00:00:00-05:00,0.0,0.0,0.0,0.0,0.0,0.0,0.0,0.0
2020-12-18 00:00:00-05:00,0.0,0.0,0.0,0.0,0.0,0.0,0.0,0.0
2020-12-21 00:00:00-05:00,0.0,0.0,0.0,0.0,0.0,0.0,0.0,0.0
2020-12-22 00:00:00-05:00,0.0,0.0,0.0,0.0,0.0,0.0,0.0,0.0
2020-12-23 00:00:00-05:00,0.0,0.0,0.0,0.0,0.0,0.0,0.0,0.0
2020-12-24 00:00:00-05:00,0.0,0.0,0.0,0.0,0.0,0.0,0.0,0.0
2020-12-28 00:00:00-05:00,0.0,0.0,0.0,0.0,0.0,0.0,0.0,0.0
2020-12-29 00:00:00-05:00,0.0,0.0,0.0,0.0,0.0,0.0,0.0,0.0
2020-12-30 00:00:00-05:00,0.0,0.0,0.0,0.0,0.0,0.0,0.0,0.0
2020-12-31 00:00:00-05:00,0.0,0.0,0.0,0.0,0.0,0.0,0.0,0.0
2021-01-04 00:00:00-05:00,0.0,0.0,0.0,0.0,0.0,0.0,0.0,0.0
2021-01-05 00:00:00-05:00,0.0,0.0,0.0,0.0,0.0,0.0,0.0,0.0
2021-01-06 00:00:00-05:00,0.0,0.0,0.0,0.0,0.0,0.0,0.0,0.0
2021-01-07 00:00:00-05:00,0.0,0.0,0.0,0.0,0.0,0.0,0.0,0.0
2021-01-08 00:00:00-05:00,0.0,0.0,0.0,0.0,0.0,0.0,0.0,0.0
2021-01-11 00:00:00-05:00,0.0,0.0,0.0,0.0,0.0,0.0,0.0,0.0
2021-01-12 00:00:00-05:00,0.0,0.0,0.0,0.0,0.0,0.0,0.0,0.0
2021-01-13 00:00:00-05:00,0.0,0.0,0.0,0.0,0.0,0.0,0.0,0.0
2021-01-14 00:00:00-05:00,0.0,0.0,0.0,0.0,0.0,0.0,0.0,0.0
2021-01-15 00:00:00-05:00,0.0,0.0,0.0,0.0,0.0,0.0,0.0,0.0
2021-01-19 00:00:00-05:00,0.0,0.0,0.0,0.0,0.0,0.0,0.0,0.0
2021-01-20 00:00:00-05:00,0.0,0.0,0.0,0.0,0.0,0.0,0.0,0.0
2021-01-21 00:00:00-05:00,0.0,0.0,0.0,0.0,0.0,0.0,0.0,0.0
2021-01-22 00:00:00-05:00,0.0,0.0,0.0,0.0,0.0,0.0,0.0,0.0
2021-01-25 00:00:00-05:00,0.0,0.0,0.0,0.0,0.0,0.0,0.0,0.0
2021-01-26 00:00:00-05:00,0.0,0.0,0.0,0.0,0.0,0.0,0.0,0.0
2021-01-27 00:00:00-05:00,0.0,0.0,0.0,0.0,0.0,0.0,0.0,0.0
2021-01-28 00:00:00-05:00,0.0,0.0,0.0,0.0,0.0,0.0,0.0,0.0
2021-01-29 00:00:00-05:00,0.0,0.0,0.0,0.0,0.0,0.0,0.0,0.0
2021-02-01 00:00:00-05:00,0.0,0.0,0.0,0.0,0.0,0.0,0.0,0.0
2021-02-02 00:00:00-05:00,0.0,0.0,0.0,0.0,0.0,0.0,0.0,0.0
2021-02-03 00:00:00-05:00,0.0,0.0,0.0,0.0,0.0,0.0,0.0,0.0
2021-02-04 00:00:00-05:00,0.0,0.0,0.0,0.0,0.0,0.0,0.0,0.0
2021-02-05 00:00:00-05:00,0.0,0.0,0.0,0.0,0.0,0.0,0.0,0.0
2021-02-08 00:00:00-05:00,0.0,0.0,0.0,0.0,0.0,0.0,0.0,0.0
2021-02-09 00:00:00-05:00,0.0,0.0,0.0,0.0,0.0,0.0,0.0,0.0
2021-02-10 00:00:00-05:00,0.0,0.0,0.0,0.0,0.0,0.0,0.0,0.0
2021-02-11 00:00:00-05:00,0.0,0.0,0.0,0.0,0.0,0.0,0.0,0.0
2021-02-12 00:00:00-05:00,0.0,0.0,0.0,0.0,0.0,0.0,0.0,0.0
2021-02-16 00:00:00-05:00,0.0,0.0,0.0,0.0,0.0,0.0,0.0,0.0
2021-02-17 00:00:00-05:00,0.0,0.0,0.0,0.0,0.0,0.0,0.0,0.0
2021-02-18 00:00:00-05:00,0.0,0.0,0.0,0.0,0.0,0.0,0.0,0.0
2021-02-19 00:00:00-05:00,0.0,0.0,0.0,0.0,0.0,0.0,0.0,0.0
2021-02-22 00:00:00-05:00,0.0,0.0,0.0,0.0,0.0,0.0,0.0,0.0
2021-02-23 00:00:00-05:00,0.0,0.0,0.0,0.0,0.0,0.0,0.0,0.0
2021-02-24 00:00:00-05:00,0.0,0.0,0.0,0.0,0.0,0.0,0.0,0.0
2021-02-25 00:00:00-05:00,0.0,0.0,0.0,0.0,0.0,0.0,0.0,0.0
2021-02-26 00:00:00-05:00,0.0,0.0,0.0,0.0,0.0,0.0,0.0,0.0
2021-03-01 00:00:00-05:00,0.0,0.0,0.0,0.0,0.0,0.0,0.0,0.0
2021-03-02 00:00:00-05:00,0.0,0.0,0.0,0.0,0.0,0.0,0.0,0.0
2021-03-03 00:00:00-05:00,0.0,0.0,0.0,0.0,0.0,0.0,0.0,0.0
2021-03-04 00:00:00-05:00,0.0,0.0,0.0,0.0,0.0,0.0,0.0,0.0
2021-03-05 00:00:00-05:00,0.0,0.0,0.0,0.0,0.0,0.0,0.0,0.0
2021-03-08 00:00:00-05:00,0.0,0.0,0.0,0.0,0.0,0.0,0.0,0.0
2021-03-09 00:00:00-05:00,0.0,0.0,0.0,0.0,0.0,0.0,0.0,0.0
2021-03-10 00:00:00-05:00,0.0,0.0,0.0,0.0,0.0,0.0,0.0,0.0
2021-03-11 00:00:00-05:00,0.0,0.0,0.0,0.0,0.0,0.0,0.0,0.0
2021-03-12 00:00:00-05:00,0.0,0.0,0.0,0.0,0.0,0.0,0.0,0.0
2021-03-15 00:00:00-04:00,0.0,0.0,0.0,0.0,0.0,0.0,0.0,0.0
2021-03-16 00:00:00-04:00,0.0,0.0,0.0,0.0,0.0,0.0,0.0,0.0
2021-03-17 00:00:00-04:00,0.0,0.0,0.0,0.0,0.0,0.0,0.0,0.0
2021-03-18 00:00:00-04:00,0.0,0.0,0.0,0.0,0.0,0.0,0.0,0.0
2021-03-19 00:00:00-04:00,0.0,0.0,0.0,0.0,0.0,0.0,0.0,0.0
2021-03-22 00:00:00-04:00,0.0,0.0,0.0,0.0,0.0,0.0,0.0,0.0
2021-03-23 00:00:00-04:00,0.0,0.0,0.0,0.0,0.0,0.0,0.0,0.0
2021-03-24 00:00:00-04:00,0.0,0.0,0.0,0.0,0.0,0.0,0.0,0.0
2021-03-25 00:00:00-04:00,0.0,0.0,0.0,0.0,0.0,0.0,0.0,0.0
2021-03-26 00:00:00-04:00,0.0,0.0,0.0,0.0,0.0,0.0,0.0,0.0
2021-03-29 00:00:00-04:00,0.0,0.0,0.0,0.0,0.0,0.0,0.0,0.0
2021-03-30 00:00:00-04:00,0.0,0.0,0.0,0.0,0.0,0.0,0.0,0.0
2021-03-31 00:00:00-04:00,0.0,0.0,0.0,0.0,0.0,0.0,0.0,0.0
2021-04-01 00:00:00-04:00,0.0,0.0,0.0,0.0,0.0,0.0,0.0,0.0
2021-04-05 00:00:00-04:00,0.0,0.0,0.0,0.0,0.0,0.0,0.0,0.0
2021-04-06 00:00:00-04:00,0.0,0.0,0.0,0.0,0.0,0.0,0.0,0.0
2021-04-07 00:00:00-04:00,0.0,0.0,0.0,0.0,0.0,0.0,0.0,0.0
2021-04-08 00:00:00-04:00,0.0,0.0,0.0,0.0,0.0,0.0,0.0,0.0
2021-04-09 00:00:00-04:00,0.0,0.0,0.0,0.0,0.0,0.0,0.0,0.0
2021-04-12 00:00:00-04:00,0.0,0.0,0.0,0.0,0.0,0.0,0.0,0.0
2021-04-13 00:00:00-04:00,0.0,0.0,0.0,0.0,0.0,0.0,0.0,0.0
2021-04-14 00:00:00-04:00,0.0,0.0,0.0,0.0,0.0,0.0,0.0,0.0
2021-04-15 00:00:00-04:00,0.0,0.0,0.0,0.0,0.0,0.0,0.0,0.0
2021-04-16 00:00:00-04:00,0.0,0.0,0.0,0.0,0.0,0.0,0.0,0.0
2021-04-19 00:00:00-04:00,0.0,0.0,0.0,0.0,0.0,0.0,0.0,0.0
2021-04-20 00:00:00-04:00,0.0,0.0,0.0,0.0,0.0,0.0,0.0,0.0
2021-04-21 00:00:00-04:00,0.0,0.0,0.0,0.0,0.0,0.0,0.0,0.0
2021-04-22 00:00:00-04:00,0.0,0.0,0.0,0.0,0.0,0.0,0.0,0.0
2021-04-23 00:00:00-04:00,0.0,0.0,0.0,0.0,0.0,0.0,0.0,0.0
2021-04-26 00:00:00-04:00,0.0,0.0,0.0,0.0,0.0,0.0,0.0,0.0
2021-04-27 00:00:00-04:00,0.0,0.0,0.0,0.0,0.0,0.0,0.0,0.0
2021-04-28 00:00:00-04:00,0.0,0.0,0.0,0.0,0.0,0.0,0.0,0.0
2021-04-29 00:00:00-04:00,0.0,0.0,0.0,0.0,0.0,0.0,0.0,0.0
2021-04-30 00:00:00-04:00,0.0,0.0,0.0,0.0,0.0,0.0,0.0,0.0
2021-05-03 00:00:00-04:00,0.0,0.0,0.0,0.0,0.0,0.0,0.0,0.0
2021-05-04 00:00:00-04:00,0.0,0.0,0.0,0.0,0.0,0.0,0.0,0.0
2021-05-05 00:00:00-04:00,0.0,0.0,0.0,0.0,0.0,0.0,0.0,0.0
2021-05-06 00:00:00-04:00,0.0,0.0,0.0,0.0,0.0,0.0,0.0,0.0
2021-05-07 00:00:00-04:00,0.0,0.0,0.0,0.0,0.0,0.0,0.0,0.0
2021-05-10 00:00:00-04:00,0.0,0.0,0.0,0.0,0.0,0.0,0.0,0.0
2021-05-11 00:00:00-04:00,0.0,0.0,0.0,0.0,0.0,0.0,0.0,0.0
2021-05-12 00:00:00-04:00,0.0,0.0,0.0,0.0,0.0,0.0,0.0,0.0
2021-05-13 00:00:00-04:00,0.0,0.0,0.0,0.0,0.0,0.0,0.0,0.0
2021-05-14 00:00:00-04:00,0.0,0.0,0.0,0.0,0.0,0.0,0.0,0.0
2021-05-17 00:00:00-04:00,0.0,0.0,0.0,0.0,0.0,0.0,0.0,0.0
2021-05-18 00:00:00-04:00,0.0,0.0,0.0,0.0,0.0,0.0,0.0,0.0
2021-05-19 00:00:00-04:00,0.0,0.0,0.0,0.0,0.0,0.0,0.0,0.0
2021-05-20 00:00:00-04:00,0.0,0.0,0.0,0.0,0.0,0.0,0.0,0.0
2021-05-21 00:00:00-04:00,0.0,0.0,0.0,0.0,0.0,0.0,0.0,0.0
2021-05-24 00:00:00-04:00,0.0,0.0,0.0,0.0,0.0,0.0,0.0,0.0
2021-05-25 00:00:00-04:00,0.0,0.0,0.0,0.0,0.0,0.0,0.0,0.0
2021-05-26 00:00:00-04:00,0.0,0.0,0.0,0.0,0.0,0.0,0.0,0.0
2021-05-27 00:00:00-04:00,0.0,0.0,0.0,0.0,0.0,0.0,0.0,0.0
2021-05-28 00:00:00-04:00,0.0,0.0,0.0,0.0,0.0,0.0,0.0,0.0
2021-06-01 00:00:00-04:00,0.0,0.0,0.0,0.0,0.0,0.0,0.0,0.0
2021-06-02 00:00:00-04:00,0.0,0.0,0.0,0.0,0.0,0.0,0.0,0.0
2021-06-03 00:00:00-04:00,0.0,0.0,0.0,0.0,0.0,0.0,0.0,0.0
2021-06-04 00:00:00-04:00,0.0,0.0,0.0,0.0,0.0,0.0,0.0,0.0
2021-06-07 00:00:00-04:00,0.0,0.0,0.0,0.0,0.0,0.0,0.0,0.0
2021-06-08 00:00:00-04:00,0.0,0.0,0.0,0.0,0.0,0.0,0.0,0.0
2021-06-09 00:00:00-04:00,0.0,0.0,0.0,0.0,0.0,0.0,0.0,0.0
2021-06-10 00:00:00-04:00,0.0,0.0,0.0,0.0,0.0,0.0,0.0,0.0
2021-06-11 00:00:00-04:00,0.0,0.0,0.0,0.0,0.0,0.0,0.0,0.0
2021-06-14 00:00:00-04:00,0.0,0.0,0.0,0.0,0.0,0.0,0.0,0.0
2021-06-15 00:00:00-04:00,0.0,0.0,0.0,0.0,0.0,0.0,0.0,0.0
2021-06-16 00:00:00-04:00,0.0,0.0,0.0,0.0,0.0,0.0,0.0,0.0
2021-06-17 00:00:00-04:00,0.0,0.0,0.0,0.0,0.0,0.0,0.0,0.0
2021-06-18 00:00:00-04:00,0.0,0.0,0.0,0.0,0.0,0.0,0.0,0.0
2021-06-21 00:00:00-04:00,0.0,0.0,0.0,0.0,0.0,0.0,0.0,0.0
2021-06-22 00:00:00-04:00,0.0,0.0,0.0,0.0,0.0,0.0,0.0,0.0
2021-06-23 00:00:00-04:00,0.0,0.0,0.0,0.0,0.0,0.0,0.0,0.0
2021-06-24 00:00:00-04:00,0.0,0.0,0.0,0.0,0.0,0.0,0.0,0.0
2021-06-25 00:00:00-04:00,0.0,0.0,0.0,0.0,0.0,0.0,0.0,0.0
2021-06-28 00:00:00-04:00,0.0,0.0,0.0,0.0,0.0,0.0,0.0,0.0
2021-06-29 00:00:00-04:00,0.0,0.0,0.0,0.0,0.0,0.0,0.0,0.0
2021-06-30 00:00:00-04:00,0.0,0.0,0.0,0.0,0.0,0.0,0.0,0.0
2021-07-01 00:00:00-04:00,0.0,0.0,0.0,0.0,0.0,0.0,0.0,0.0
2021-07-02 00:00:00-04:00,0.0,0.0,0.0,0.0,0.0,0.0,0.0,0.0
2021-07-06 00:00:00-04:00,0.0,0.0,0.0,0.0,0.0,0.0,0.0,0.0
2021-07-07 00:00:00-04:00,0.0,0.0,0.0,0.0,0.0,0.0,0.0,0.0
2021-07-08 00:00:00-04:00,0.0,0.0,0.0,0.0,0.0,0.0,0.0,0.0
2021-07-09 00:00:00-04:00,0.0,0.0,0.0,0.0,0.0,0.0,0.0,0.0
2021-07-12 00:00:00-04:00,0.0,0.0,0.0,0.0,0.0,0.0,0.0,0.0
2021-07-13 00:00:00-04:00,0.0,0.0,0.0,0.0,0.0,0.0,0.0,0.0
2021-07-14 00:00:00-04:00,0.0,0.0,0.0,0.0,0.0,0.0,0.0,0.0
2021-07-15 00:00:00-04:00,0.0,0.0,0.0,0.0,0.0,0.0,0.0,0.0
2021-07-16 00:00:00-04:00,0.0,0.0,0.0,0.0,0.0,0.0,0.0,0.0
2021-07-19 00:00:00-04:00,0.0,0.0,0.0,0.0,0.0,0.0,0.0,0.0
2021-07-20 00:00:00-04:00,0.0,0.0,0.0,0.0,0.0,0.0,0.0,0.0
2021-07-21 00:00:00-04:00,0.0,0.0,0.0,0.0,0.0,0.0,0.0,0.0
2021-07-22 00:00:00-04:00,0.0,0.0,0.0,0.0,0.0,0.0,0.0,0.0
2021-07-23 00:00:00-04:00,0.0,0.0,0.0,0.0,0.0,0.0,0.0,0.0
2021-07-26 00:00:00-04:00,0.0,0.0,0.0,0.0,0.0,0.0,0.0,0.0
2021-07-27 00:00:00-04:00,0.0,0.0,0.0,0.0,0.0,0.0,0.0,0.0
2021-07-28 00:00:00-04:00,0.0,0.0,0.0,0.0,0.0,0.0,0.0,0.0
2021-07-29 00:00:00-04:00,0.0,0.0,0.0,0.0,0.0,0.0,0.0,0.0
2021-07-30 00:00:00-04:00,0.0,0.0,0.0,0.0,0.0,0.0,0.0,0.0
2021-08-02 00:00:00-04:00,0.0,0.0,0.0,0.0,0.0,0.0,0.0,0.0
2021-08-03 00:00:00-04:00,0.0,0.0,0.0,0.0,0.0,0.0,0.0,0.0
2021-08-04 00:00:00-04:00,0.0,0.0,0.0,0.0,0.0,0.0,0.0,0.0
2021-08-05 00:00:00-04:00,0.0,0.0,0.0,0.0,0.0,0.0,0.0,0.0
2021-08-06 00:00:00-04:00,0.0,0.0,0.0,0.0,0.0,0.0,0.0,0.0
2021-08-09 00:00:00-04:00,0.0,0.0,0.0,0.0,0.0,0.0,0.0,0.0
2021-08-10 00:00:00-04:00,0.0,0.0,0.0,0.0,0.0,0.0,0.0,0.0
2021-08-11 00:00:00-04:00,0.0,0.0,0.0,0.0,0.0,0.0,0.0,0.0
2021-08-12 00:00:00-04:00,0.0,0.0,0.0,0.0,0.0,0.0,0.0,0.0
2021-08-13 00:00:00-04:00,0.0,0.0,0.0,0.0,0.0,0.0,0.0,0.0
2021-08-16 00:00:00-04:00,0.0,0.0,0.0,0.0,0.0,0.0,0.0,0.0
2021-08-17 00:00:00-04:00,0.0,0.0,0.0,0.0,0.0,0.0,0.0,0.0
2021-08-18 00:00:00-04:00,0.0,0.0,0.0,0.0,0.0,0.0,0.0,0.0
2021-08-19 00:00:00-04:00,0.0,0.0,0.0,0.0,0.0,0.0,0.0,0.0
2021-08-20 00:00:00-04:00,0.0,0.0,0.0,0.0,0.0,0.0,0.0,0.0
2021-08-23 00:00:00-04:00,0.0,0.0,0.0,0.0,0.0,0.0,0.000639986409424198,0.0
2021-08-24 00:00:00-04:00,0.0,0.0,0.0,0.0,0.0,0.0,0.0,0.0
2021-08-25 00:00:00-04:00,0.0,0.0,0.0,0.0,0.0,0.0,0.0,0.0
2021-08-26 00:00:00-04:00,0.0,0.0,0.0,0.0,0.0,0.0,0.0,0.0
2021-08-27 00:00:00-04:00,0.0,0.0,0.0,0.0,0.0,0.0,0.0,0.0
2021-08-30 00:00:00-04:00,0.0,0.0,0.0,0.0,0.0,0.0,0.0,0.0
2021-08-31 00:00:00-04:00,0.0,0.0,0.0,0.0,0.0,0.0,0.0,0.0
2021-09-01 00:00:00-04:00,0.0,0.0,0.0,0.0,0.0,0.0,0.0,0.0
2021-09-02 00:00:00-04:00,0.0,0.0,0.0,0.0,0.0,0.0,0.0,0.0
2021-09-03 00:00:00-04:00,0.0,0.0,0.0,0.0,0.0,0.0,0.0,0.0
2021-09-07 00:00:00-04:00,0.0,0.0,0.0,0.0,0.0,0.0,0.0,0.0
2021-09-08 00:00:00-04:00,0.0,0.0,0.0,0.0,0.0,0.0,0.0,0.0
2021-09-09 00:00:00-04:00,0.0,0.0,0.0,0.0,0.0,0.0,0.0,0.0
2021-09-10 00:00:00-04:00,0.0,0.0,0.0,0.0,0.0,0.0,0.0,0.0
2021-09-13 00:00:00-04:00,0.0,0.0,0.0,0.0,0.0,0.0,0.0,0.0
2021-09-14 00:00:00-04:00,0.0,0.0,0.0,0.0,0.0,0.0,0.0,0.0
2021-09-15 00:00:00-04:00,0.0,0.0,0.0,0.0,0.0,0.0,0.0,0.0
2021-09-16 00:00:00-04:00,0.0,0.0,0.0,0.0,0.0,0.0,0.0,0.0
2021-09-17 00:00:00-04:00,0.0,0.0,0.0,0.0,0.0,0.0,0.0,0.0
2021-09-20 00:00:00-04:00,0.0,0.0,0.0,0.0,0.0,0.0,0.0,0.0
2021-09-21 00:00:00-04:00,0.0,0.0,0.0,0.0,0.0,0.0,0.0,0.0
2021-09-22 00:00:00-04:00,0.0,0.0,0.0,0.0,0.0,0.0,0.0,0.0
2021-09-23 00:00:00-04:00,0.0,0.0,0.0,0.0,0.0,0.0,0.0,0.0
2021-09-24 00:00:00-04:00,0.0,0.0,0.0,0.0,0.0,0.0,0.0,0.0
2021-09-27 00:00:00-04:00,0.0,0.0,0.0,0.0,0.0,0.0,0.0,0.0
2021-09-28 00:00:00-04:00,0.0,0.0,0.0,0.0,0.0,0.0,0.0,0.0
2021-09-29 00:00:00-04:00,0.0,0.0,0.0,0.0,0.0,0.0,0.0,0.0
2021-09-30 00:00:00-04:00,0.0,0.0,0.0,0.0,0.0,0.0,0.0,0.0
2021-10-01 00:00:00-04:00,0.0,0.0,0.0,0.0,0.0,0.0,0.0,0.0
2021-10-04 00:00:00-04:00,0.0,0.0,0.0,0.0,0.0,0.0,0.0,0.0
2021-10-05 00:00:00-04:00,0.0,0.0,0.0,0.0,0.0,0.0,0.0,0.0
2021-10-06 00:00:00-04:00,0.0,0.0,0.0,0.0,0.0,0.0,0.0,0.0
2021-10-07 00:00:00-04:00,0.0,0.0,0.0,0.0,0.0,0.0,0.0,0.0
2021-10-08 00:00:00-04:00,0.0,0.0,0.0,0.0,0.0,0.0,0.0,0.0
2021-10-11 00:00:00-04:00,0.0,0.0,0.0,0.0,0.0,0.0,0.0,0.0
2021-10-12 00:00:00-04:00,0.0,0.0,0.0,0.0,0.0,0.0,0.0,0.0
2021-10-13 00:00:00-04:00,0.0,0.0,0.0,0.0,0.0,0.0,0.0,0.0
2021-10-14 00:00:00-04:00,0.0,0.0,0.0,0.0,0.0,0.0,0.0,0.0
2021-10-15 00:00:00-04:00,0.0,0.0,0.0,0.0,0.0,0.0,0.0,0.0
2021-10-18 00:00:00-04:00,0.0,0.0,0.0,0.0,0.0,0.0,0.0,0.0
2021-10-19 00:00:00-04:00,0.0,0.0,0.0,0.0,0.0,0.0,0.0,0.0
2021-10-20 00:00:00-04:00,0.0,0.0,0.0,0.0,0.0,0.0,0.0,0.0
2021-10-21 00:00:00-04:00,0.0,0.0,0.0,0.0,0.0,0.0,0.0,0.0
2021-10-22 00:00:00-04:00,0.0,0.0,0.0,0.0,0.0,0.0,0.0,0.0
2021-10-25 00:00:00-04:00,0.0,0.0,0.0,0.0,0.0,0.0,0.0,0.0
2021-10-26 00:00:00-04:00,0.0,0.0,0.0,0.0,0.0,0.0,0.0,0.0
2021-10-27 00:00:00-04:00,0.0,0.0,0.0,0.0,0.0,0.0,0.0,0.0
2021-10-28 00:00:00-04:00,0.0,0.0,0.0,0.0,0.0,0.0,0.0,0.0
2021-10-29 00:00:00-04:00,0.0,0.0,0.0,0.0,0.0,0.0,0.0,0.0
2021-11-01 00:00:00-04:00,0.0,0.0,0.0,0.0,0.0,0.0,0.0,0.0
2021-11-02 00:00:00-04:00,0.0,0.0,0.0,0.0,0.0,0.0,0.0,0.0
2021-11-03 00:00:00-04:00,0.0,0.0,0.0,0.0,0.0,0.0,0.0,0.0
2021-11-04 00:00:00-04:00,0.0,0.0,0.0,0.0,0.0,0.0,0.0,0.0
2021-11-05 00:00:00-04:00,0.0,0.0,0.0,0.0,0.0,0.0,0.0,0.0
2021-11-08 00:00:00-05:00,0.0,0.0,0.0,0.0,0.0,0.0,0.0,0.0
2021-11-09 00:00:00-05:00,0.0,0.0,0.0,0.0,0.0,0.0,0.0,0.0
2021-11-10 00:00:00-05:00,0.0,0.0,0.0,0.0,0.0,0.0,0.0,0.0
2021-11-11 00:00:00-05:00,0.0,0.0,0.0,0.0,0.0,0.0,0.0,0.0
2021-11-12 00:00:00-05:00,0.0,0.0,0.0,0.0,0.0,0.0,0.0,0.0
2021-11-15 00:00:00-05:00,0.0,0.0,0.0,0.0,0.0,0.0,0.0,0.0
2021-11-16 00:00:00-05:00,0.0,0.0,0.0,0.0,0.0,0.0,0.0,0.0
2021-11-17 00:00:00-05:00,0.0,0.0,0.0,0.0,0.0,0.0,0.0,0.0
2021-11-18 00:00:00-05:00,0.0,0.0,0.0,0.0,0.0,0.0,0.0,0.0
2021-11-19 00:00:00-05:00,0.0,0.0,0.0,0.0,0.0,0.0,0.0,0.0
2021-11-22 00:00:00-05:00,0.0,0.0,0.0,0.0,0.0,0.0,0.0,0.0
2021-11-23 00:00:00-05:00,0.0,0.0,0.0,0.0,0.0,0.0,0.0,0.0
2021-11-24 00:00:00-05:00,0.0,0.0,0.0,0.0,0.0,0.0,0.0,0.0
2021-11-26 00:00:00-05:00,0.0,0.0,0.0,0.0,0.0,0.0,0.0,0.0
2021-11-29 00:00:00-05:00,0.0,0.0,0.0,0.0,0.0,0.0,0.0,0.0
2021-11-30 00:00:00-05:00,0.0,0.0,0.0,0.0,0.0,0.0,0.0,0.0
2021-12-01 00:00:00-05:00,0.0,0.0,0.0,0.0,0.0,0.0,0.0,0.0
2021-12-02 00:00:00-05:00,0.0,0.0,0.0,0.0,0.0,0.0,0.0,0.0
2021-12-03 00:00:00-05:00,0.0,0.0,0.0,0.0,0.0,0.0,0.0,0.0
2021-12-06 00:00:00-05:00,0.0,0.0,0.0012468072833282662,0.0,0.0,0.0,0.0,0.0
2021-12-07 00:00:00-05:00,0.0,0.0,0.0,0.0,0.0,0.0,0.0,0.0
2021-12-08 00:00:00-05:00,0.0,0.0,0.0,0.0,0.0,0.0,0.0,0.0
2021-12-09 00:00:00-05:00,0.0,0.0,0.0,0.0,0.0,0.0,0.0,0.0
2021-12-10 00:00:00-05:00,0.0,0.0,0.0,0.0,0.0,0.0,0.0,0.0
2021-12-13 00:00:00-05:00,0.0,0.0,0.0,0.0,0.0,0.0,0.0,0.0
2021-12-14 00:00:00-05:00,0.0,0.0,0.0,0.0,0.0,0.0,0.0,0.0
2021-12-15 00:00:00-05:00,0.0,0.0,0.0,0.0,0.0,0.0,0.0,0.0
2021-12-16 00:00:00-05:00,0.0,0.0,0.0,0.0,0.0,0.0,0.0,0.0
2021-12-17 00:00:00-05:00,0.0,0.0,0.0,0.0,0.0,0.0,0.0,0.0
2021-12-20 00:00:00-05:00,0.0,0.0,0.0,0.0,0.0,0.0,0.0,0.0
2021-12-21 00:00:00-05:00,0.004120656985882043,0.004120656985882043,0.0,0.0,0.0,0.0,0.0,0.0
2021-12-22 00:00:00-05:00,0.002838509193433092,0.002838509193433092,0.0,0.0,0.0,0.0,0.0,0.0
2021-12-23 00:00:00-05:00,0.0,0.0,0.0,0.0,0.0,0.0,0.0,0.0
2021-12-27 00:00:00-05:00,0.0,0.0,0.0,0.0,0.0,0.0,0.0,0.0
2021-12-28 00:00:00-05:00,0.0,0.0,0.0,0.0,0.0,0.0,0.0,0.0
2021-12-29 00:00:00-05:00,0.0,0.0,0.0,0.0,0.0,0.0,0.0,0.0
2021-12-30 00:00:00-05:00,0.0,0.0,0.0,0.0,0.0,0.0,0.0,0.0
2021-12-31 00:00:00-05:00,0.0,0.0,0.0,0.0,0.0,0.0,0.0,0.0
2022-01-03 00:00:00-05:00,0.0,0.0,0.0,0.0,0.0,0.0,0.0,0.0
2022-01-04 00:00:00-05:00,0.0,0.0,0.0,0.0,0.0,0.0,0.0,0.0
2022-01-05 00:00:00-05:00,0.0,0.0,0.0,0.0,0.0,0.0,0.0,0.0
2022-01-06 00:00:00-05:00,0.0,0.0,0.0,0.0,0.0,0.0,0.0,0.0
2022-01-07 00:00:00-05:00,0.0,0.0,0.0,0.0,0.0,0.0,0.0,0.0
2022-01-10 00:00:00-05:00,0.0,0.0,0.0,0.0,0.0,0.0,0.0,0.0
2022-01-11 00:00:00-05:00,0.0,0.0,0.0,0.0,0.0,0.0,0.0,0.0
2022-01-12 00:00:00-05:00,0.0,0.0,0.0,0.0,0.0,0.0,0.0,0.0
2022-01-13 00:00:00-05:00,0.0,0.0,0.0,0.0,0.0,0.0,0.0,0.0
2022-01-14 00:00:00-05:00,0.0,0.0,0.0,0.0,0.0,0.0,0.0,0.0
2022-01-18 00:00:00-05:00,0.0,0.0,0.0,0.0,0.0,0.0,0.0,0.0
2022-01-19 00:00:00-05:00,0.00568585449734349,0.00568585449734349,0.00568585449734349,0.00568585449734349,0.0,0.0,0.0,0.0
2022-01-20 00:00:00-05:00,0.0,0.0,0.00957576260808346,0.009575762608083238,0.0,0.0,0.0,0.0
2022-01-21 00:00:00-05:00,0.0003299170146726649,0.0003299170146726649,0.0,0.0,0.0,0.0,0.0,0.0
2022-01-24 00:00:00-05:00,-0.029287332472400562,-0.02928733247240045,-0.01565710247898111,-0.01565710247898111,0.0,0.0,0.0,0.0
2022-01-25 00:00:00-05:00,-0.004832629111642395,-0.004832629111642395,-0.004832629111642284,-0.004832629111642395,0.0,0.0,0.0,0.0
2022-01-26 00:00:00-05:00,-0.016545791680943722,-0.016545791680943833,-0.01654579168094361,-0.01654579168094361,0.0,0.0,0.0,0.0
2022-01-27 00:00:00-05:00,-0.002404085610106077,-0.002404085610105966,-0.002404085610106077,-0.002404085610105966,0.0,0.0,0.0,0.0
2022-01-28 00:00:00-05:00,0.015644206760160317,0.015644206760160317,0.015644206760160317,0.015644206760160317,0.0,0.0,0.0,0.0
2022-01-31 00:00:00-05:00,0.012002058318121733,0.012002058318121733,0.012002058318121511,0.012002058318121511,0.0,0.0,0.0,0.0
2022-02-01 00:00:00-05:00,0.0,0.0,0.0,0.0,0.0,0.0,0.0,0.0
2022-02-02 00:00:00-05:00,0.0,0.0,0.0,0.0,0.0,0.0,0.0,0.0
2022-02-03 00:00:00-05:00,0.0041946363024856215,0.0041946363024856215,0.0041946363024856215,0.0041946363024856215,0.0,0.0,0.0,0.0
2022-02-04 00:00:00-05:00,0.0,0.0,0.002098364389646612,0.0,0.0,0.0,0.0,0.0
2022-02-07 00:00:00-05:00,3.8213615568771786e-05,3.8213615568771786e-05,3.8213615568771786e-05,3.8213615568771786e-05,0.0,0.0,0.0,0.0
2022-02-08 00:00:00-05:00,-0.012035080433378198,-0.012035080433378309,-0.012035080433378309,-0.012035080433378309,0.0,0.0,0.0,0.0
2022-02-09 00:00:00-05:00,0.0,0.0,0.0,0.0,0.0,0.0,0.0,0.0
2022-02-10 00:00:00-05:00,-0.00491868879942281,0.0,0.0,-0.00491868879942281,0.0,0.0,0.0,0.0
2022-02-11 00:00:00-05:00,0.012026758279233718,0.012026758279233718,0.012026758279233496,0.010593503022861883,0.0,0.0,0.0,0.0
2022-02-14 00:00:00-05:00,0.0,0.0,-0.0038296700904167924,0.0,0.0,0.0,0.0,0.0
2022-02-15 00:00:00-05:00,-0.0026908203008413345,-0.0026908203008413345,-0.0026908203008413345,-0.0026908203008415565,0.0,0.0,0.0,0.0
2022-02-16 00:00:00-05:00,0.0,0.0,0.010327905766521983,0.010327905766521983,0.0,0.0,0.0,0.0
2022-02-17 00:00:00-05:00,0.0,0.0,0.0010175089328774423,0.0,0.0,0.0,0.0,0.0
2022-02-18 00:00:00-05:00,0.0,0.0,-0.00069106031816768,0.0,0.0,0.0,0.0,0.0
2022-02-22 00:00:00-05:00,0.0,0.0,0.0,0.0,0.0,0.0,0.0,0.0
2022-02-23 00:00:00-05:00,0.0,0.0,0.01113468089081815,0.01113468089081815,0.0,0.0,0.0,0.0
2022-02-24 00:00:00-05:00,-0.026412885255706953,0.0,-0.026412885255706953,-0.013518095891164372,0.0,0.0,0.0,0.0
2022-02-25 00:00:00-05:00,0.0,0.0,0.0,0.005404911294716097,0.0,0.0,0.0,0.0
2022-02-28 00:00:00-05:00,0.008436803986464847,0.0,0.012373479754361982,0.008436803986464847,0.0,0.0,0.0,0.0
2022-03-01 00:00:00-05:00,0.0008150595994773635,0.0,0.0008150595994771415,0.0008150595994773635,0.0,0.0,0.0,0.0
2022-03-02 00:00:00-05:00,-0.008223211625713267,0.0,0.0,-0.008223211625713156,0.0,0.0,0.0,0.0
2022-03-03 00:00:00-05:00,0.0,0.0,0.0,0.0,0.0,0.0,0.0,0.0
2022-03-04 00:00:00-05:00,0.005450848073348391,0.005450848073348391,0.005450848073348391,0.005450848073348391,0.0,0.0,0.0,0.0
2022-03-07 00:00:00-05:00,0.013904061518171584,0.013904061518171584,0.013904061518171584,0.013904061518171584,0.0,0.0,0.0,0.0
2022-03-08 00:00:00-05:00,0.0009486350644944963,0.0009486350644944963,0.0009486350644944963,0.014841041103086372,0.0,0.0,0.0,0.0
2022-03-09 00:00:00-05:00,-0.0040797718251267545,-0.0040797718251267545,-0.0040797718251268655,-0.0040797718251268655,0.0,0.0,0.0,0.0
2022-03-10 00:00:00-05:00,0.0011538453466770626,0.005262720278480515,0.005262720278480515,0.005262720278480515,0.0,0.0,0.0,0.0
2022-03-11 00:00:00-05:00,0.0,0.0,0.0,0.0,0.0,0.0,0.0,0.0
2022-03-14 00:00:00-04:00,0.0,0.0006680097266689167,0.0006680097266689167,0.0006680097266689167,0.0006680097266689167,0.0,0.0,0.0
2022-03-15 00:00:00-04:00,-0.010687210711975537,-0.010687210711975537,-0.010687210711975537,-0.010687210711975537,0.0,0.0,0.0,0.0
2022-03-16 00:00:00-04:00,0.0,0.0,0.0,0.021144918618774877,0.0,0.0,0.0,0.0
2022-03-17 00:00:00-04:00,0.0,0.0,0.0,0.0,0.0,0.0,0.0,0.0
2022-03-18 00:00:00-04:00,0.0,0.0,0.0,0.0,0.0,0.0,0.0,0.0
2022-03-21 00:00:00-04:00,0.0,0.0,0.0,0.0,0.0,0.0,0.0,0.0
2022-03-22 00:00:00-04:00,0.0,0.0,0.0,0.0,0.0,0.0,0.0,0.0
2022-03-23 00:00:00-04:00,0.0,0.0,0.0,0.0,0.0,0.0,0.0,0.0
2022-03-24 00:00:00-04:00,0.0,0.0,0.0,0.0,0.0,0.0,0.0,0.0
2022-03-25 00:00:00-04:00,0.0,0.0,0.0,0.0,0.0,0.0,0.0,0.0
2022-03-28 00:00:00-04:00,0.0,0.0,0.0,0.0,0.0,0.0,0.0,0.0
2022-03-29 00:00:00-04:00,0.0,0.0,0.0,0.0,0.0,0.0,0.0,0.0
2022-03-30 00:00:00-04:00,0.0,0.0,0.0,0.0,0.0,0.0,0.0,0.0
2022-03-31 00:00:00-04:00,0.0,0.0,0.008662297903885285,0.0,0.0,0.0,0.0,0.0
2022-04-01 00:00:00-04:00,0.0,0.0,0.0,0.0,0.0,0.0,0.0,0.0
2022-04-04 00:00:00-04:00,0.0,0.0,0.0,0.0,0.0,0.0,0.0,0.0
2022-04-05 00:00:00-04:00,0.0,0.0,0.0,0.0,0.0,0.0,0.0,0.0
2022-04-06 00:00:00-04:00,-0.0038052478025421,-0.0038052478025421,-0.0038052478025421,-0.003805247802541989,-0.003805247802541989,-0.003805247802542211,-0.003805247802541989,-0.0038052478025421
2022-04-07 00:00:00-04:00,0.0,-0.0035732156519296954,0.0,0.0,-0.0035732156519298064,-0.0035732156519296954,-0.0035732156519296954,-0.0035732156519296954
2022-04-08 00:00:00-04:00,0.0,0.0,0.0,0.0,0.0,0.0,0.0,0.0
2022-04-11 00:00:00-04:00,0.0061106172991352015,0.0061106172991352015,0.0061106172991352015,0.0061106172991352015,0.0061106172991352015,0.0061106172991352015,0.0061106172991352015,0.0061106172991352015
2022-04-12 00:00:00-04:00,0.009313971619360206,0.009313971619360206,0.009313971619360206,0.009313971619360206,0.009674547507789066,0.009674547507789066,0.009674547507789066,0.009674547507789066
2022-04-13 00:00:00-04:00,0.0,0.0,0.0,0.0,-0.00433854639042297,-0.00433854639042297,-0.004338546390422859,-0.00433854639042297
2022-04-14 00:00:00-04:00,0.0,0.0,0.0,0.0,0.004845277325743691,0.004845277325743913,0.004845277325743913,0.004845277325743691
2022-04-18 00:00:00-04:00,0.0,0.0,0.0,0.0,-0.0068930329614586006,-0.0068930329614586006,-0.0068930329614584895,-0.0068930329614584895
2022-04-19 00:00:00-04:00,0.0,0.0,0.0,0.0,-0.005383398224659275,-0.005383398224659164,-0.005383398224659275,-0.005383398224659164
2022-04-20 00:00:00-04:00,0.0,0.0,0.0,0.0,0.0,0.0,0.0,0.0
2022-04-21 00:00:00-04:00,0.0,0.0,0.0,0.0,0.0,0.0,0.005802771219299396,0.005802771219299396
2022-04-22 00:00:00-04:00,0.0,0.0,0.010149453820659682,0.010149453820659904,0.0,0.0,0.009825704515091349,0.009825704515091349
2022-04-25 00:00:00-04:00,-0.010322038775159692,-0.010322038775159692,-0.010322038775159803,-0.010322038775159803,-0.010322038775159692,-0.010322038775159692,-0.010322038775159692,-0.010322038775159692
2022-04-26 00:00:00-04:00,0.0,0.0,0.0,0.0,0.011384405435791,0.011384405435791223,0.011384405435791,0.011384405435791
2022-04-27 00:00:00-04:00,0.005898760607768061,0.005898760607768283,0.0,0.0,0.005898760607768061,0.005898760607768283,0.005898760607768061,0.005898760607768283
2022-04-28 00:00:00-04:00,0.0,0.0,0.0,0.0,-0.009862300845003724,-0.011803526248928775,-0.011803526248928886,-0.011803526248928775
2022-04-29 00:00:00-04:00,0.0,0.0,0.0,0.0,0.0,0.0,0.012487989763834362,0.012487989763834362
2022-05-02 00:00:00-04:00,0.0,0.0,-0.006467389905571275,-0.006467389905571053,-0.006467389905571275,-0.019529905268989345,0.006312952955156215,0.006312952955156215
2022-05-03 00:00:00-04:00,0.0,0.0,0.0,0.0,-0.001809907364615393,-0.001809907364615393,-0.001809907364615282,-0.001809907364615393
2022-05-04 00:00:00-04:00,0.026176701155690374,0.026176701155690152,0.0,0.0,0.03069264458314991,0.030692644583149686,0.03069264458314991,0.03069264458314991
2022-05-05 00:00:00-04:00,0.0,0.0,0.0,0.0,0.0,0.0,0.0,0.0
2022-05-06 00:00:00-04:00,0.0,0.0,0.0,0.0,-0.006698201005131521,-0.006698201005131632,0.0,-0.006698201005131632
2022-05-09 00:00:00-04:00,0.010253652776927469,0.010253652776927469,0.010253652776927469,0.010253652776927469,0.010253652776927469,0.010253652776927469,0.0,0.010253652776927469
2022-05-10 00:00:00-04:00,-0.004423995709917694,-0.004423995709917694,-0.004423995709917805,0.0,-0.004423995709917694,-0.004423995709917694,-0.004423995709917805,-0.004423995709917694
2022-05-11 00:00:00-04:00,0.018248062132194987,0.018248062132194987,0.018248062132194987,0.0,0.018248062132194987,0.018248062132194987,0.018248062132194987,0.018248062132194987
2022-05-12 00:00:00-04:00,0.0,0.0,-0.005069754901506851,0.0,-0.00506975490150674,-0.00506975490150674,-0.005069754901506851,-0.005069754901506851
2022-05-13 00:00:00-04:00,0.0015744995036919285,0.0015744995036919285,0.0015744995036919285,0.0,0.0015744995036919285,0.0015744995036919285,0.0015744995036919285,0.0015744995036919285
2022-05-16 00:00:00-04:00,0.0,0.0,0.0,0.0,0.0,0.0,0.0,0.0
2022-05-17 00:00:00-04:00,0.0,0.0,0.0,0.0,0.0,0.0,0.00737426257374274,0.0
2022-05-18 00:00:00-04:00,0.0,0.0,0.0,0.0,0.0,0.0,0.0,0.014944258467503024
2022-05-19 00:00:00-04:00,0.0,0.0,0.0,0.0,0.0,0.0,0.0,0.0
2022-05-20 00:00:00-04:00,-0.008060246026800888,-0.008060246026800777,-0.011478812617958911,0.0,-0.008060246026800888,-0.008060246026800888,-0.008060246026800888,-0.008060246026800888
2022-05-23 00:00:00-04:00,0.0,0.0,0.0,0.0,0.007157832308207546,0.007157832308207768,0.007157832308207546,0.007157832308207546
2022-05-24 00:00:00-04:00,0.0,0.0,0.0,0.0,0.0,0.0,0.0,-0.013036052260442577
2022-05-25 00:00:00-04:00,0.0,0.0,0.0,0.0,0.0,0.0,0.0,0.0
2022-05-26 00:00:00-04:00,0.0,0.0,0.0,0.0,0.0,0.0,0.004697644536310275,0.004697644536310275
2022-05-27 00:00:00-04:00,0.0,0.0,0.0,0.0,0.0,0.0,0.008621557286494053,0.0
2022-05-31 00:00:00-04:00,0.0,0.0,0.0,0.0,0.0,0.0,0.0,0.0
2022-06-01 00:00:00-04:00,0.0,0.0,0.0,0.0,0.0,0.0,0.0,0.0
2022-06-02 00:00:00-04:00,0.0,0.0,0.0,0.0,0.0,0.0,0.0,0.0
2022-06-03 00:00:00-04:00,0.0,0.0,0.0,0.0,0.0,0.0,0.0,0.0
2022-06-06 00:00:00-04:00,0.0,0.0,0.0,0.0,0.0,0.0,0.0,0.0
2022-06-07 00:00:00-04:00,0.0,0.0,0.0,0.0,0.0,0.0,0.0,0.0
2022-06-08 00:00:00-04:00,0.0,0.0,0.0,0.0,0.0,0.0010125625645520664,0.0010125625645518443,0.0010125625645520664
2022-06-09 00:00:00-04:00,0.011462371082402223,0.011462371082402,0.011462371082402,0.0,0.0072853275559159325,0.0072853275559159325,0.0072853275559161546,0.011462371082402
2022-06-10 00:00:00-04:00,0.0011064347971752042,0.0011064347971752042,0.0011064347971752042,0.0011064347971752042,0.0,0.0,0.0,0.0
2022-06-13 00:00:00-04:00,0.005545827878386644,0.005545827878386422,0.005545827878386644,0.005545827878386422,0.0,0.0,0.0,0.0
2022-06-14 00:00:00-04:00,0.0007085816172600623,0.0007085816172600623,0.0007085816172600623,0.0007085816172600623,0.0007085816172600623,0.0007085816172600623,0.0007085816172600623,0.0007085816172600623
2022-06-15 00:00:00-04:00,-0.001771690722021324,-0.001771690722021324,-0.001771690722021324,-0.001771690722021324,-0.001771690722021324,-0.001771690722021213,-0.001771690722021213,-0.001771690722021213
2022-06-16 00:00:00-04:00,0.005242422670320268,0.005242422670320268,0.005242422670320268,0.0,0.0,0.0,0.0,0.005242422670320268
2022-06-17 00:00:00-04:00,0.005549742982691397,0.005549742982691397,0.005549742982691175,0.0,0.0,0.0,0.005549742982691397,0.005549742982691397
2022-06-21 00:00:00-04:00,-5.902363615917228e-05,-5.902363615917228e-05,-5.90236361592833e-05,0.0,-5.902363615917228e-05,-5.902363615917228e-05,-5.90236361592833e-05,-5.90236361592833e-05
2022-06-22 00:00:00-04:00,0.0,0.0,0.0,0.0,0.0,0.0,0.0,0.0
2022-06-23 00:00:00-04:00,0.0,0.0,0.0,0.0,0.0,0.0,0.0,0.0
2022-06-24 00:00:00-04:00,0.008909752853209607,0.0,0.0,0.0,0.0,0.0,0.0,0.0
2022-06-27 00:00:00-04:00,-0.0059346085087927936,0.0,0.0,0.0,0.0,0.0,0.0,0.0
2022-06-28 00:00:00-04:00,-0.013247046827283393,-0.013247046827283393,0.0,0.0,0.0,0.0,0.0,0.0
2022-06-29 00:00:00-04:00,0.0,0.0,0.0,0.0,0.0,0.0,0.0,0.0
2022-06-30 00:00:00-04:00,-0.00978265576431181,-0.00978265576431181,-0.00978265576431192,0.0,0.0,0.0,0.0,-0.00978265576431192
2022-07-01 00:00:00-04:00,-0.015718465357699385,-0.015718465357699274,-0.015718465357699274,0.0,-0.015718465357699274,-0.015718465357699274,-0.015718465357699385,-0.015718465357699274
2022-07-05 00:00:00-04:00,-0.016382504445082935,-0.016382504445082935,-0.016382504445082935,0.0,0.0,0.0,-0.016382504445082935,-0.016382504445082824
2022-07-06 00:00:00-04:00,0.0002139815829613756,0.0002139815829613756,0.0,0.0,0.0,0.0,0.0,0.0
2022-07-07 00:00:00-04:00,0.005129735796239876,0.005129735796240098,0.005129735796240098,0.005129735796239876,0.0,0.0,0.0,0.0
2022-07-08 00:00:00-04:00,-0.004533864296645818,-0.0045338642966457066,-0.004533864296645818,-0.004533864296645818,0.0,0.0,0.0,0.0
2022-07-11 00:00:00-04:00,-0.00020002000200025627,-0.00020002000200025627,-0.00020002000200014525,-0.00020002000200025627,0.0,0.0,0.0,0.0
2022-07-12 00:00:00-04:00,0.005269025425091112,0.005269025425091112,0.005269025425091112,0.005269025425091112,-0.0018134701802816622,0.0,-0.0018134701802816622,-0.0018134701802816622
2022-07-13 00:00:00-04:00,-0.01319441919291986,-0.01319441919291986,-0.01319441919291986,-0.01319441919291986,0.0,0.0,0.0,0.0
2022-07-14 00:00:00-04:00,-0.015325317891960899,-0.015325317891961121,-0.01532531789196101,-0.015325317891961121,0.0,0.0,0.0,0.0
2022-07-15 00:00:00-04:00,0.002139409479648524,0.002139409479648524,0.002139409479648524,0.002139409479648524,0.0,0.0,0.0,0.0
2022-07-18 00:00:00-04:00,-0.014236611866035864,-0.014236611866035753,-0.014236611866035864,-0.014236611866035753,0.0,0.0,0.0,0.0
2022-07-19 00:00:00-04:00,0.01059040503885944,0.01059040503885944,0.01059040503885944,0.01059040503885944,0.0,0.0,0.0,0.0
2022-07-20 00:00:00-04:00,-0.0012167439253507606,-0.0012167439253507606,-0.0012167439253507606,-0.0012167439253507606,0.0,0.0,0.0,0.0
2022-07-21 00:00:00-04:00,0.016189768910599645,0.016189768910599422,0.016189768910599422,0.016189768910599422,0.0,0.0,0.0,0.0
2022-07-22 00:00:00-04:00,-0.0012959881520469008,-0.0012959881520470118,-0.0012959881520467897,-0.0012959881520470118,0.0,0.0,0.0,0.0
2022-07-25 00:00:00-04:00,0.0,0.0,0.0,0.0,0.0,0.0,0.0,0.0
2022-07-26 00:00:00-04:00,0.003923127056070674,0.003923127056070674,0.003923127056070896,0.003923127056070896,0.0,0.0,0.0,0.0
2022-07-27 00:00:00-04:00,0.006649860855014067,0.006649860855014067,0.006649860855014289,0.006649860855014067,0.0,0.0,0.0,0.0
2022-07-28 00:00:00-04:00,0.01753604859723157,0.01753604859723157,0.01753604859723157,0.01753604859723157,0.0,0.0,0.0,0.0
2022-07-29 00:00:00-04:00,0.0034055943726871707,0.0034055943726873927,0.0034055943726873927,0.0034055943726871707,0.0,0.0,0.0,0.0
2022-08-01 00:00:00-04:00,0.0,0.0,0.0,0.0,0.0,0.0,0.0,0.0
2022-08-02 00:00:00-04:00,-0.002681065743755262,-0.002681065743755262,-0.002681065743755262,-0.002681065743755262,0.0,0.0,0.0,0.0
2022-08-03 00:00:00-04:00,-0.006906908094400976,-0.0069069080944010874,-0.006906908094400865,-0.0069069080944010874,0.0,0.0,0.0,0.0
2022-08-04 00:00:00-04:00,0.0,0.0,0.0,0.0,0.0,0.0,0.0,0.0
2022-08-05 00:00:00-04:00,0.007636130191606139,0.007636130191606139,0.007636130191606139,0.007636130191606139,0.007636130191606139,0.0,0.007636130191606139,0.0
2022-08-08 00:00:00-04:00,-0.011179477149758532,-0.011179477149758532,-0.011179477149758532,-0.011179477149758421,0.0,0.0,0.0,0.0
2022-08-09 00:00:00-04:00,-0.0021066843024752924,-0.0021066843024754034,-0.0021066843024754034,-0.0021066843024754034,-0.0021066843024754034,-0.0021066843024754034,-0.0021066843024754034,0.0
2022-08-10 00:00:00-04:00,0.005243071864190041,0.005243071864190041,0.005243071864190041,0.005243071864189819,0.0,0.0,0.0,0.0
2022-08-11 00:00:00-04:00,-0.010882380519783408,-0.010882380519783519,-0.010882380519783519,-0.010882380519783519,0.0,0.0,0.0,0.0
2022-08-12 00:00:00-04:00,0.008415756401130237,0.008415756401130237,0.008415756401130237,0.008415756401130237,0.0,0.0,0.0,0.0
2022-08-15 00:00:00-04:00,0.00029338294889980077,0.00029338294889980077,0.00029338294889980077,0.00029338294889980077,0.0,0.0,0.0,0.0
2022-08-16 00:00:00-04:00,-0.0017480384285597506,-0.0017480384285596395,-0.0017480384285596395,-0.0017480384285597506,0.0,0.0,0.0,0.0
2022-08-17 00:00:00-04:00,-2.6472461837512284e-05,-2.6472461837401262e-05,-2.6472461837401262e-05,-2.6472461837401262e-05,0.0,0.0,0.0,0.0
2022-08-18 00:00:00-04:00,-0.004097064378233428,-0.004097064378233428,-0.004097064378233428,-0.004097064378233428,0.0,0.0,-0.004097064378233428,0.0
2022-08-19 00:00:00-04:00,0.002349406542723642,0.002349406542723642,0.002349406542723642,0.002349406542723642,0.00234940654272342,0.002349406542723642,0.002349406542723642,0.0
2022-08-22 00:00:00-04:00,0.003267408056125687,0.003267408056125687,0.003267408056125687,0.003267408056125687,0.003267408056125687,0.003267408056125687,0.003267408056125687,0.0
2022-08-23 00:00:00-04:00,-0.0014586825162561379,-0.0014586825162561379,-0.0014586825162560269,-0.0014586825162561379,-0.0014586825162561379,-0.001458682516256249,-0.0014586825162561379,-0.001458682516256249
2022-08-24 00:00:00-04:00,0.001739836107838899,0.001739836107838899,0.001739836107838899,0.001739836107838899,0.001739836107838899,0.001739836107838899,0.001739836107838899,0.001739836107838899
2022-08-25 00:00:00-04:00,0.004943050281039918,0.004943050281039918,0.004943050281039918,0.004943050281039918,0.0,0.0,0.0,0.0
2022-08-26 00:00:00-04:00,0.01037847572598527,0.01037847572598527,-3.153847000969545e-05,-3.153847000969545e-05,0.01037847572598527,0.01037847572598527,0.01037847572598527,0.01037847572598527
2022-08-29 00:00:00-04:00,-0.0013310216813356979,-0.0013310216813356979,-0.0013310216813355868,-0.0013310216813356979,-0.0013310216813355868,-0.0013310216813356979,-0.0013310216813355868,-0.0013310216813355868
2022-08-30 00:00:00-04:00,0.00962808898610601,0.00962808898610601,0.00962808898610601,0.00962808898610601,0.00962808898610601,0.00962808898610601,0.009628088986105787,0.00962808898610601
2022-08-31 00:00:00-04:00,0.0,0.0,0.0,0.0,0.0,0.0,0.0,0.0
2022-09-01 00:00:00-04:00,-0.009000563841255471,-0.009000563841255582,-0.009000563841255471,-0.009000563841255471,-0.00900056384125536,-0.009000563841255471,-0.009000563841255471,-0.009000563841255582
2022-09-02 00:00:00-04:00,-0.007218291096979357,-0.007218291096979246,-0.007218291096979357,-0.007218291096979135,-0.007218291096979357,-0.007218291096979246,0.002918380318384761,0.002918380318384539
2022-09-06 00:00:00-04:00,-0.001202577386663295,-0.001202577386663295,-0.001202577386663295,-0.001202577386663295,-0.001202577386663406,-0.001202577386663295,-0.001202577386663295,-0.001202577386663295
2022-09-07 00:00:00-04:00,-0.012102898438516196,-0.012102898438516307,-0.012102898438516307,-0.012102898438516418,-0.010402593581205988,-0.010402593581206099,-0.012102898438516307,-0.010402593581205988
2022-09-08 00:00:00-04:00,0.00018414693327506448,0.00018414693327484244,0.00018414693327506448,0.00018414693327506448,0.010648523580628622,0.0106485235806284,0.00018414693327506448,0.0
2022-09-09 00:00:00-04:00,0.003271275973663501,0.003271275973663501,0.003271275973663723,0.003271275973663501,0.0,0.0,0.0,0.003271275973663723
2022-09-12 00:00:00-04:00,-0.0012538350761680528,-0.0012538350761680528,-0.0012538350761681638,-0.0012538350761680528,0.0,0.0,0.0,0.0
2022-09-13 00:00:00-04:00,-0.01573812031273658,-0.01573812031273658,-0.01573812031273658,-0.01573812031273647,0.002510330985878273,0.002510330985878495,0.002510330985878495,0.002510330985878273
2022-09-14 00:00:00-04:00,0.0,0.0,0.0,0.0,0.0,0.0,0.0,0.0
2022-09-15 00:00:00-04:00,0.0010727402779537876,0.0010727402779537876,0.0010727402779537876,0.0010727402779537876,0.0010727402779537876,0.0010727402779540096,0.0010727402779537876,0.0010727402779537876
2022-09-16 00:00:00-04:00,-0.003709012808914003,-0.003709012808914003,-0.003709012808914003,-0.003709012808913892,-0.003709012808913892,-0.003709012808913892,-0.003709012808913892,-0.003709012808914003
2022-09-19 00:00:00-04:00,-0.0016391567214274483,-0.0016391567214274483,-0.0016391567214274483,-0.0016391567214274483,-0.0016391567214273373,0.0,0.0,0.0
2022-09-20 00:00:00-04:00,-0.0006389809784940192,-0.0006389809784939082,-0.0006389809784940192,-0.0006389809784940192,-0.0006389809784940192,-0.0006389809784940192,-0.0006389809784940192,0.0
2022-09-21 00:00:00-04:00,-0.013146993218016823,-0.013146993218016712,-0.013146993218016823,-0.026228191093524922,0.0,0.0,0.0,0.0
2022-09-22 00:00:00-04:00,-3.114336647536131e-05,-3.114336647525029e-05,-3.114336647525029e-05,-3.114336647525029e-05,-3.114336647525029e-05,-3.114336647525029e-05,-3.114336647513927e-05,-3.114336647525029e-05
2022-09-23 00:00:00-04:00,0.013449477152255307,0.013449477152255307,0.013449477152255307,0.013449477152255307,0.013449477152255307,0.013449477152255307,0.013449477152255307,-0.007933153468824616
2022-09-26 00:00:00-04:00,0.004348175564693024,0.004348175564692802,0.004348175564692802,0.004348175564693024,0.004348175564692802,0.004348175564692802,0.004348175564692802,0.004348175564692802
2022-09-27 00:00:00-04:00,0.009573342705177401,0.009573342705177179,0.009573342705177401,0.009573342705177401,0.009573342705177401,0.009573342705177179,0.009573342705177401,0.009573342705177401
2022-09-28 00:00:00-04:00,0.012851873639537548,0.012851873639537548,0.01285187363953777,0.012851873639537548,0.012851873639537548,0.012851873639537548,0.01285187363953777,0.0
2022-09-29 00:00:00-04:00,-0.0028495179154337524,-0.0028495179154339745,0.0,-0.0028495179154337524,0.0,0.0,0.0,0.0
2022-09-30 00:00:00-04:00,-0.01459193432974737,-0.014591934329747258,-0.01459193432974737,-0.01459193432974737,0.0,0.0,0.0,0.0
2022-10-03 00:00:00-04:00,-0.006271475536049231,-0.00627147553604912,-0.006271475536049231,-0.006271475536049231,0.0,0.0,0.0,0.0
2022-10-04 00:00:00-04:00,0.0,0.004756456350779814,0.004756456350779814,0.004756456350779814,0.0,0.0,0.0,0.0
2022-10-05 00:00:00-04:00,0.0,0.0,0.0,0.0,0.0,0.0,0.0,0.0
2022-10-06 00:00:00-04:00,0.0,0.0,0.0,0.0,0.0,0.0,0.0,0.0
2022-10-07 00:00:00-04:00,0.009177484427571825,0.009177484427572047,0.009177484427572047,0.009177484427571825,0.0,0.0,0.0,0.0
2022-10-10 00:00:00-04:00,-0.003046165329980588,-0.003046165329980588,-0.003046165329980477,-0.003046165329980588,0.0,0.0,0.0,0.0
2022-10-11 00:00:00-04:00,-0.015920236781868824,-0.015920236781868935,-0.015920236781868713,-0.015920236781868824,0.009540104981400344,0.009540104981400344,0.009540104981400344,0.009540104981400566
2022-10-12 00:00:00-04:00,0.0,0.0,0.0,0.0,0.0,0.0,0.0,0.0
2022-10-13 00:00:00-04:00,0.0021361316350763104,0.0021361316350763104,0.0021361316350763104,0.0021361316350760884,-0.015191527796935222,-0.015191527796935222,-0.015191527796935222,-0.015191527796935222
2022-10-14 00:00:00-04:00,-0.012011963360625932,0.0,0.0,0.0,0.0,0.0,0.0,0.0
2022-10-17 00:00:00-04:00,1.0310023943471691e-06,1.0310023941251245e-06,1.0310023941251245e-06,1.0310023941251245e-06,0.0,0.0,0.0,0.0
2022-10-18 00:00:00-04:00,-0.0024365424140012637,0.0,0.0,0.0,0.0,0.0,0.0,0.0
2022-10-19 00:00:00-04:00,0.005171891154753139,0.0,0.0,0.0,0.0,0.0,0.0,0.0
2022-10-20 00:00:00-04:00,0.0,0.0,0.007211412641278336,0.007211412641278336,0.0,0.0,0.0,0.0
2022-10-21 00:00:00-04:00,0.0,0.0,-0.013404074782478292,-0.013404074782478181,0.0,0.0,0.0,0.0
2022-10-24 00:00:00-04:00,0.0,0.0,0.0,0.0,0.0,0.0,0.0,0.0
2022-10-25 00:00:00-04:00,0.0,0.0,0.0,0.0,0.0,0.0,0.0,0.0
2022-10-26 00:00:00-04:00,-0.013128265481769819,-0.013128265481769708,-0.013128265481769708,-0.013128265481769708,0.0,0.0,0.0,0.0
2022-10-27 00:00:00-04:00,0.0003541995469564796,0.0003541995469564796,0.0003541995469564796,0.0003541995469564796,0.0,0.0,0.0,0.0
2022-10-28 00:00:00-04:00,-0.013018025137300326,-0.013018025137300326,-0.013018025137300326,-0.013018025137300326,0.0,0.0,0.0,0.0
2022-10-31 00:00:00-04:00,0.0008645662680646371,0.0008645662680648591,0.0,0.0,0.0,0.0,0.0,0.0
2022-11-01 00:00:00-04:00,-6.303235112192773e-05,-6.303235112181671e-05,-6.303235112181671e-05,-6.303235112192773e-05,0.0,0.0,0.0,0.0
2022-11-02 00:00:00-04:00,-0.010948715263603082,-0.010948715263603193,-0.010948715263603193,-0.010948715263603082,0.0,0.0,0.0,0.0
2022-11-03 00:00:00-04:00,0.004125566607200648,0.004125566607200648,0.004125566607200648,0.004125566607200648,0.0,0.0,0.0,0.0
2022-11-04 00:00:00-04:00,0.006622565223477261,0.006622565223477039,0.006622565223477261,0.006622565223477261,0.0,0.0,0.0,0.0
2022-11-07 00:00:00-05:00,0.0,0.0,0.0,0.0,0.0,0.0,0.0,0.0
2022-11-08 00:00:00-05:00,0.0,0.0,0.0,-0.01512005516565551,0.0,0.0,0.0,0.0
2022-11-09 00:00:00-05:00,0.002915693023010757,0.002915693023010757,0.002915693023010757,0.0,0.002915693023010757,0.002915693023010757,0.002915693023010757,0.002915693023010757
2022-11-10 00:00:00-05:00,0.0,0.0,0.0,0.0,0.0,0.0,0.0,0.0
2022-11-11 00:00:00-05:00,0.0,0.0,0.0,0.0,0.0,0.0,0.0,0.0
2022-11-14 00:00:00-05:00,0.0,0.0,0.0,0.0,0.0,0.0,0.0,0.0
2022-11-15 00:00:00-05:00,0.0,0.0,0.0,0.0,0.0,0.0,0.0,0.0
2022-11-16 00:00:00-05:00,0.0,0.0,0.0,0.0,0.0,0.0,0.0,0.0
2022-11-17 00:00:00-05:00,-0.006113115006445957,-0.006113115006446068,-0.006113115006445957,-0.006113115006446068,0.0,0.0,0.0,0.0
2022-11-18 00:00:00-05:00,-0.0019318527484074588,-0.0019318527484075698,-0.0019318527484074588,-0.0019318527484074588,0.0,0.0,0.0,0.0
2022-11-21 00:00:00-05:00,0.0,0.0,0.0,0.0,0.0,0.0,0.0,0.0
2022-11-22 00:00:00-05:00,0.006694461044029154,0.006694461044029154,0.0,0.0,0.0,0.0,0.0,0.0
2022-11-23 00:00:00-05:00,0.0009528594560550552,0.0009528594560548331,0.0009528594560550552,0.0,0.0,0.0,0.0,0.0
2022-11-25 00:00:00-05:00,0.0,0.0,0.0,0.0,0.0,0.0,0.0,0.0
2022-11-28 00:00:00-05:00,-0.008665709530339627,-0.008665709530339627,-0.008665709530339516,0.0,0.0,0.0,0.0,0.0
2022-11-29 00:00:00-05:00,-0.004053014916001629,-0.004053014916001629,-0.004053014916001518,-0.004053014916001629,0.0,0.0,0.0,0.0
2022-11-30 00:00:00-05:00,0.010667979452381404,0.010667979452381404,0.0,0.0,0.0,0.0,0.0,0.0
2022-12-01 00:00:00-05:00,0.0,0.0,0.0,0.0,0.0,0.0,0.0,0.0
2022-12-02 00:00:00-05:00,-9.644084135262965e-05,-9.644084135274067e-05,0.007730592889830357,0.007730592889830357,0.0,0.0,0.0,0.0
2022-12-05 00:00:00-05:00,-0.0021811894901723194,-0.0021811894901723194,-0.0021811894901723194,0.007595037297489782,0.007595037297489782,0.007595037297489782,0.007595037297489782,0.007595037297489782
2022-12-06 00:00:00-05:00,0.0,0.0,0.0,0.005015314375620861,0.005015314375620639,0.005015314375620639,0.0,0.0
2022-12-07 00:00:00-05:00,0.0,0.0,0.0,0.0,0.0,0.0,0.0,0.0
2022-12-08 00:00:00-05:00,0.0017901901619641336,0.0017901901619643557,0.0017901901619643557,0.0017901901619643557,0.0017901901619643557,0.0017901901619643557,0.0017901901619641336,0.0017901901619643557
2022-12-09 00:00:00-05:00,0.0,0.0,0.0,0.0,0.0,0.0,0.0,0.0
2022-12-12 00:00:00-05:00,0.0077292390521428445,0.007729239052142622,0.007729239052142622,0.0,0.0,0.0,0.0,0.0
2022-12-13 00:00:00-05:00,-0.00756065389925642,-0.00756065389925642,-0.00756065389925642,0.0,0.0,0.0,0.0,0.0
2022-12-14 00:00:00-05:00,-0.01382308670994159,-0.01382308670994159,-0.013823086709941479,-0.011674933325668602,0.0,0.0,0.0,0.0
2022-12-15 00:00:00-05:00,0.0035976965139628003,0.0,0.0035976965139628003,0.0035976965139628003,0.0,0.0035976965139628003,0.0035976965139628003,0.0035976965139630224
2022-12-16 00:00:00-05:00,0.0,0.0,0.0,-0.001926629161066451,-0.001926629161066562,-0.001926629161066562,-0.001926629161066562,0.0
2022-12-19 00:00:00-05:00,0.0,0.0,0.0,0.0025247956826499607,0.0025247956826501827,0.0025247956826499607,0.0025247956826499607,0.0025247956826501827
2022-12-20 00:00:00-05:00,0.0,0.0,0.0,0.0,0.0,0.0,0.0,0.0
2022-12-21 00:00:00-05:00,0.0,0.0,0.002603401117937887,0.002603401117938109,0.0,0.0,0.0,0.0
2022-12-22 00:00:00-05:00,0.00317007034998551,0.00317007034998551,0.00317007034998551,0.00317007034998551,0.0,0.0,0.0,-0.013651409952797788
2022-12-23 00:00:00-05:00,0.0,0.0,0.0,0.0,0.0,0.0,0.0,0.0
2022-12-27 00:00:00-05:00,0.0,0.0,0.0,0.0,0.0,0.0,0.0,0.0
2022-12-28 00:00:00-05:00,0.0,0.0,0.0,0.006299814207956889,0.006299814207956889,0.006299814207956889,0.006299814207956889,0.006299814207957111
2022-12-29 00:00:00-05:00,0.0,0.002624158931189058,0.002624158931189058,0.002624158931189058,0.0,0.0,0.0,0.0
2022-12-30 00:00:00-05:00,0.0,0.0,0.0,-0.004468377236115817,-0.004468377236115817,-0.004468377236115706,-0.004468377236115595,-0.004468377236115595
2023-01-03 00:00:00-05:00,-0.005125614235237275,-0.005125614235237275,-0.005125614235237275,-0.005125614235237164,-0.005125614235237386,0.0,0.0,0.0
2023-01-04 00:00:00-05:00,-0.01539673068993741,-0.015396730689937188,-0.0049398831337879034,-0.010508759600456608,-0.010508759600456608,0.0,0.0,0.0
2023-01-05 00:00:00-05:00,0.0020063441296978013,0.0020063441296980233,0.0020063441296978013,0.0020063441296978013,0.0020063441296978013,0.0020063441296978013,0.0020063441296978013,0.0020063441296978013
2023-01-06 00:00:00-05:00,0.00956835272215395,0.00956835272215395,0.00956835272215395,0.00956835272215395,0.0,0.0,0.0,0.0
2023-01-09 00:00:00-05:00,-0.009278602314145123,-0.009278602314145123,-0.009278602314145123,-0.009278602314145123,0.0,0.0,0.0,0.0
2023-01-10 00:00:00-05:00,0.0,0.0,0.0,0.0,0.0,0.0,0.0,0.0
2023-01-11 00:00:00-05:00,0.0060407691625206095,0.0060407691625206095,0.0060407691625206095,0.0060407691625206095,0.0,0.0,0.0,0.0
2023-01-12 00:00:00-05:00,-0.0024922532782296614,-0.0024922532782296614,-0.0024922532782297724,-0.0024922532782296614,0.0,0.0,0.0,0.0
2023-01-13 00:00:00-05:00,0.00022111032204064074,0.00022111032204064074,0.00022111032204064074,0.00022111032204064074,0.00022111032204064074,0.00022111032204064074,0.00022111032204064074,0.00022111032204064074
2023-01-17 00:00:00-05:00,0.00016911527738150411,0.00016911527738150411,0.00016911527738150411,0.00016911527738128207,0.0,0.0,0.0,0.0
2023-01-18 00:00:00-05:00,0.008692626125038183,0.008692626125037961,0.008692626125037961,0.008692626125037961,0.003030307034440183,0.003030307034440183,0.003030307034440183,0.003030307034440183
2023-01-19 00:00:00-05:00,0.0007703414047446344,0.0007703414047446344,0.0007703414047446344,0.0007703414047446344,0.0007703414047446344,0.0007703414047446344,0.0007703414047444124,0.0007703414047446344
2023-01-20 00:00:00-05:00,-0.009070549399153305,-0.009070549399153416,-0.009070549399153305,-0.009070549399153305,-0.009070549399153305,-0.009070549399153416,-0.009070549399153416,-0.009070549399153416
2023-01-23 00:00:00-05:00,0.003187125480949682,0.003187125480949682,0.003187125480949682,0.003187125480949682,0.0,0.0,0.0,0.0
2023-01-24 00:00:00-05:00,0.002031599266416606,0.002031599266416606,0.002031599266416606,0.002031599266416606,0.0,0.0,0.0,0.0
2023-01-25 00:00:00-05:00,-0.01419968241859415,-0.01419968241859404,-0.01419968241859404,-0.01419968241859404,-0.01419968241859404,-0.014199682418593929,-0.01004449394477469,-0.01004449394477469
2023-01-26 00:00:00-05:00,0.00482414070150794,0.00482414070150794,0.0048241407015077176,0.00482414070150794,0.0,0.0,0.0,0.0
2023-01-27 00:00:00-05:00,-0.0010777448864456307,-0.0010777448864456307,-0.0010777448864456307,-0.0010777448864456307,0.0,0.0,0.0,0.0
2023-01-30 00:00:00-05:00,-0.008914148728452531,-0.008914148728452531,-0.008914148728452531,-0.008914148728452531,0.0018896616882184691,0.0018896616882184691,0.001889661688218247,0.001889661688218247
2023-01-31 00:00:00-05:00,-0.008430206021469377,-0.008430206021469377,-0.008430206021469488,-0.008430206021469377,-0.008430206021469266,-0.008430206021469266,-0.008430206021469377,-0.008430206021469266
2023-02-01 00:00:00-05:00,0.0077688119281906776,0.0077688119281906776,0.006437027446077215,0.006437027446077215,0.0,0.0,0.0,0.0
2023-02-02 00:00:00-05:00,0.004855770901886158,0.004855770901886158,0.00485577090188638,0.004855770901886158,0.0,0.0,0.0,0.0
2023-02-03 00:00:00-05:00,0.0,0.0,-0.0017482474036876194,-0.0017482474036876194,0.0,0.0,0.0,0.0
2023-02-06 00:00:00-05:00,-0.003047911501595335,-0.003047911501595446,-0.003047911501595446,-0.003047911501595446,-0.003047911501595446,-0.003047911501595335,-0.003047911501595335,-0.003047911501595335
2023-02-07 00:00:00-05:00,-0.009867377525551113,-0.009867377525551002,-0.009867377525551113,-0.009867377525551002,-0.009867377525551002,-0.009867377525551113,-0.009867377525551002,0.0
2023-02-08 00:00:00-05:00,0.00013183983465592242,0.00013183983465592242,0.00013183983465592242,0.00013183983465614446,0.00013183983465592242,0.00013183983465592242,0.00013183983465592242,0.00013183983465592242
2023-02-09 00:00:00-05:00,0.008983441564501149,0.008983441564501149,0.008983441564501149,0.008983441564501149,0.008983441564501149,0.008983441564501149,0.008983441564501149,0.008983441564501149
2023-02-10 00:00:00-05:00,0.0,0.0,0.0,0.0,0.0,0.0,0.0,0.0
2023-02-13 00:00:00-05:00,0.0,0.004442896188029621,0.004442896188029621,0.004442896188029621,0.0,0.0,0.004442896188029621,0.0
2023-02-14 00:00:00-05:00,-0.008399943453051395,0.00017252816410073812,-0.008399943453051395,0.0003537557223649568,-0.008399943453051395,-0.008399943453051506,-0.008399943453051506,0.0
2023-02-15 00:00:00-05:00,0.0074287702143887024,0.0074287702143887024,0.0074287702143889245,0.0074287702143887024,0.0074287702143889245,0.0074287702143887024,0.0074287702143889245,0.0
2023-02-16 00:00:00-05:00,0.005113534621155491,0.005113534621155491,0.005113534621155491,0.005113534621155491,0.005113534621155491,0.005113534621155491,0.005113534621155491,0.005113534621155491
2023-02-17 00:00:00-05:00,-0.00350706421351199,-0.00350706421351199,-0.00350706421351199,-0.003507064213512101,-0.00350706421351199,-0.00350706421351199,-0.003507064213511879,-0.00350706421351199
2023-02-21 00:00:00-05:00,0.006247830838153501,0.006247830838153501,0.006247830838153501,0.006247830838153501,0.006247830838153501,0.006247830838153501,0.006247830838153501,0.006247830838153501
2023-02-22 00:00:00-05:00,0.008892519188999026,0.008892519188999248,0.008892519188999248,0.008892519188999248,0.008892519188999248,0.008892519188999248,0.008892519188999248,0.008892519188999248
2023-02-23 00:00:00-05:00,0.006928237960939221,0.006928237960939221,0.006928237960939221,0.006928237960939221,0.006928237960939221,0.006928237960938999,0.006928237960939221,0.009114945551861098
2023-02-24 00:00:00-05:00,-0.005545980859852695,-0.005545980859852584,-0.005545980859852584,-0.005545980859852695,-0.005545980859852695,-0.005545980859852584,-0.005545980859852695,0.0
2023-02-27 00:00:00-05:00,-0.00041099928165033717,-0.00041099928165033717,-0.00041099928165033717,-0.007577612554842461,-0.00041099928165033717,0.0,-0.0004109992816504482,0.0
2023-02-28 00:00:00-05:00,0.0,0.0,0.0,0.0,0.0,0.0,0.0,0.0
2023-03-01 00:00:00-05:00,0.0,0.0,0.0,0.0,0.0,0.0,0.0,0.0
2023-03-02 00:00:00-05:00,-0.009300844460152002,-0.009300844460152002,-0.009300844460152002,-0.009300844460151891,-0.009300844460152113,-0.009300844460152002,-0.009300844460152113,-0.009300844460152002
2023-03-03 00:00:00-05:00,0.006721129825315808,0.006721129825315808,0.006721129825315808,0.006721129825315808,0.00672112982531603,0.0,0.0,0.0
2023-03-06 00:00:00-05:00,-0.005561943805619474,-0.005561943805619474,-0.005561943805619363,-0.005561943805619363,-0.005561943805619474,-0.005561943805619474,0.0,0.0
2023-03-07 00:00:00-05:00,-0.009168849596875361,-0.009168849596875472,-0.009168849596875472,-0.009168849596875361,-0.009168849596875361,-0.009168849596875472,-0.00020002000200014525,0.0
2023-03-08 00:00:00-05:00,0.0,0.0,0.0,0.0,0.0,0.0,0.0,0.0
2023-03-09 00:00:00-05:00,0.007642461325017669,0.007642461325017669,0.007642461325017669,0.007642461325017669,0.007642461325017669,0.007642461325017447,0.007642461325017669,-0.0005214812934811741
2023-03-10 00:00:00-05:00,0.010271487457004236,0.010271487457004458,0.010271487457004458,0.010271487457004458,0.010271487457004236,0.010271487457004236,0.010271487457004236,0.00024327287305214718
2023-03-13 00:00:00-04:00,0.0004585497493929669,0.00045854974939274484,0.0004585497493929669,0.00045854974939274484,0.0004585497493929669,0.00045854974939274484,0.0004585497493929669,-0.010422691121653727
2023-03-14 00:00:00-04:00,-0.005015528853242857,-0.005015528853242857,-0.005015528853242857,-0.001589704702344541,-0.001589704702344652,-0.001589704702344652,-0.005015528853242857,0.0
2023-03-15 00:00:00-04:00,-0.009771572269099305,-0.009771572269099305,-0.009771572269099305,-0.009771572269099194,-0.009771572269099305,-0.009771572269099305,-0.009771572269099305,-0.009771572269099416
2023-03-16 00:00:00-04:00,0.007454884763624436,0.007454884763624436,0.0,0.007454884763624436,0.007454884763624436,0.007454884763624436,0.007454884763624436,0.0
2023-03-17 00:00:00-04:00,-0.001594475496667691,-0.00159447549666758,-0.001594475496667691,-0.00159447549666758,-0.00159447549666758,-0.001594475496667469,-0.001594475496667469,-0.00159447549666758
2023-03-20 00:00:00-04:00,0.0030736025582873694,0.0030736025582875914,0.0030736025582875914,0.0030736025582873694,0.0030736025582873694,0.0030736025582875914,0.0030736025582875914,0.0
2023-03-21 00:00:00-04:00,0.005911138257024717,0.005911138257024717,0.005911138257024717,0.005911138257024717,0.005911138257024717,0.005911138257024717,0.005911138257024717,0.0
2023-03-22 00:00:00-04:00,-0.011918287251452386,-0.011918287251452275,-0.011918287251452386,-0.011918287251452386,-0.011918287251452275,-0.011918287251452275,-0.011918287251452386,0.0
2023-03-23 00:00:00-04:00,-0.014001773533376505,-0.014001773533376616,-0.0009180577722754935,-0.014001773533376505,-0.014001773533376505,-0.014001773533376616,-0.014001773533376505,0.0
2023-03-24 00:00:00-04:00,-0.004095870636348309,-0.004095870636348198,-0.004095870636348309,-0.004095870636348309,-0.004095870636348309,-0.00409587063634842,-0.004095870636348198,-0.004095870636348198
2023-03-27 00:00:00-04:00,0.0015361186856397424,0.0015361186856397424,0.0015361186856397424,0.0015361186856397424,0.0015361186856397424,0.0015361186856397424,0.0015361186856397424,0.0015361186856397424
2023-03-28 00:00:00-04:00,0.001651011836134586,0.001651011836134586,0.001651011836134808,0.001651011836134586,0.001651011836134808,0.001651011836134586,0.001651011836134586,0.0
2023-03-29 00:00:00-04:00,0.004426787503219787,0.004426787503220009,0.004426787503219787,0.004426787503219787,0.004426787503219787,0.004426787503220009,0.004426787503219787,0.0
2023-03-30 00:00:00-04:00,-0.0004844402011612292,-0.0004844402011612292,-0.00048444020116134023,-0.00048444020116134023,-0.00048444020116134023,-0.0004844402011612292,-0.0004844402011611182,0.0
2023-03-31 00:00:00-04:00,0.0,0.0,0.00940804590529587,0.00940804590529587,0.00940804590529587,0.009408045905295648,0.00940804590529587,0.0
2023-04-03 00:00:00-04:00,0.0,0.0,0.0,0.0,0.0,0.0,0.0,0.0
2023-04-04 00:00:00-04:00,0.0,0.0,-0.0006341648571565051,-0.000634164857156394,-0.0006341648571565051,-0.0006341648571566161,-0.0006341648571566161,0.0
2023-04-05 00:00:00-04:00,0.0,0.0,-0.002872359169121763,-0.002872359169121763,-0.002872359169121763,-0.002872359169121763,-0.002872359169121763,-0.002872359169121763
2023-04-06 00:00:00-04:00,0.0,0.0,0.0,0.0,-0.0019647177973397545,-0.0019647177973397545,-0.0019647177973396435,-0.0019647177973397545
2023-04-10 00:00:00-04:00,0.00220197266188471,0.00220197266188471,0.00220197266188471,0.00220197266188471,-0.007810018659969331,-0.007810018659969442,-0.007810018659969442,-0.007810018659969331
2023-04-11 00:00:00-04:00,-0.0020825551032681577,-0.0020825551032682688,-0.0020825551032682688,-0.0020825551032681577,0.0,-0.0020825551032681577,0.0,0.0
2023-04-12 00:00:00-04:00,-0.010958166691474647,-0.010958166691474536,-0.010958166691474536,-0.010958166691474425,-0.00845816370528385,-0.010958166691474647,-0.008458163705284183,-0.008458163705284072
2023-04-13 00:00:00-04:00,0.006384844033079151,0.006384844033079151,0.006384844033078929,0.006384844033079151,0.0,0.006384844033078929,0.0,0.0
2023-04-14 00:00:00-04:00,0.0020074201182851414,0.0020074201182851414,0.0020074201182851414,0.0020074201182851414,0.0,0.0020074201182851414,0.0,0.0
2023-04-17 00:00:00-04:00,0.0,0.0,0.0008859905158318249,0.0008859905158318249,0.0008859905158318249,0.0008859905158318249,0.0008859905158318249,0.0008859905158318249
2023-04-18 00:00:00-04:00,0.0,0.0,0.0,0.0,0.0,0.0,0.0,0.0
2023-04-19 00:00:00-04:00,0.0,0.0,0.0,0.0,-0.0010312574184757617,-0.0010312574184757617,-0.0010312574184756507,-0.0010312574184757617
2023-04-20 00:00:00-04:00,0.0,0.0,0.0,0.0,0.0006362888296838065,0.0006362888296838065,0.0006362888296838065,0.0006362888296838065
2023-04-21 00:00:00-04:00,0.0,0.0,0.0,0.0,-0.0005042556421619437,-0.0005042556421620548,-0.0005042556421620548,-0.0005042556421619437
2023-04-24 00:00:00-04:00,0.0,0.0,0.0,0.0,0.0054379370168264884,0.005437937016826266,0.0054379370168264884,0.005437937016826266
2023-04-25 00:00:00-04:00,0.0,0.0,0.0059521059884284355,0.0059521059884284355,0.009206517355524246,0.009206517355524468,0.009206517355524468,0.009206517355524468
2023-04-26 00:00:00-04:00,0.0,0.0,0.0,0.0,-0.003929501424826065,-0.003929501424825843,-0.003929501424825954,-0.003929501424825954
2023-04-27 00:00:00-04:00,0.005453211492054244,0.005453211492054244,0.005453211492054244,0.005453211492054244,-0.00718211643988631,-0.00718211643988631,-0.00718211643988631,-0.007182116439886421
2023-04-28 00:00:00-04:00,0.002796675222536793,0.002796675222536571,0.002796675222536571,0.002796675222536571,0.002796675222536571,0.0,0.0,0.0
2023-05-01 00:00:00-04:00,0.0,0.0,0.0,0.0,0.0,0.0,0.0,0.0
2023-05-02 00:00:00-04:00,0.0,0.0,0.0,0.0,0.008377295555722863,0.008377295555722641,0.008377295555722863,0.008377295555722863
2023-05-03 00:00:00-04:00,0.0,0.0,0.0,0.0,0.008916308491796698,0.008916308491796698,0.008916308491796476,0.008916308491796698
2023-05-04 00:00:00-04:00,0.0031663589769901357,0.0031663589769901357,0.0031663589769901357,0.0031663589769899136,-0.0030184317227029966,-0.0030184317227028856,-0.0030184317227029966,-0.0030184317227028856
2023-05-05 00:00:00-04:00,-0.0046250086488436315,-0.0046250086488436315,-0.0046250086488436315,-0.0046250086488436315,-0.0046250086488435205,-0.0046250086488436315,-0.0046250086488436315,-0.0046250086488435205
2023-05-08 00:00:00-04:00,0.0,0.0,0.0,0.0,0.0,0.0,0.0,0.0
2023-05-09 00:00:00-04:00,2.87664753619854e-05,2.87664753619854e-05,2.87664753619854e-05,2.87664753619854e-05,2.87664753619854e-05,2.87664753619854e-05,2.87664753619854e-05,0.0
2023-05-10 00:00:00-04:00,-0.0011098541291023611,-0.0011098541291022501,-0.009182940747435975,-0.0011098541291023611,-0.009182940747436197,-0.009182940747436086,-0.009182940747436197,-0.00808205652213656
2023-05-11 00:00:00-04:00,-0.003301888438926648,-0.003301888438926648,-0.003301888438926537,0.0,-0.003301888438926648,-0.003301888438926537,-0.003301888438926537,-0.003301888438926537
2023-05-12 00:00:00-04:00,-0.003919372121614195,-0.003919372121614417,-0.003919372121614195,-0.003919372121614195,-0.003919372121614306,-0.003919372121614195,-0.003919372121614195,-0.003919372121614195
2023-05-15 00:00:00-04:00,0.00040721673062726893,0.00040721673062726893,0.00040721673062726893,0.00040721673062726893,0.00040721673062726893,0.00040721673062726893,0.00040721673062726893,0.00040721673062726893
2023-05-16 00:00:00-04:00,-0.002738961209775681,-0.002738961209775681,-0.002738961209775681,-0.002738961209775681,-0.00273896120977557,-0.00273896120977557,-0.00273896120977557,-0.00273896120977557
2023-05-17 00:00:00-04:00,0.005857455975087245,0.0058574559750870225,0.0058574559750870225,0.0058574559750870225,0.005857455975087245,0.005857455975087245,0.0058574559750870225,0.00608395532693673
2023-05-18 00:00:00-04:00,0.006233038875618435,0.006233038875618435,0.006233038875618435,0.006233038875618435,0.006233038875618435,0.006233038875618435,0.006233038875618213,0.006233038875618213
2023-05-19 00:00:00-04:00,0.0,4.954580912075457e-05,-0.0064725281632347365,0.0,-0.006472528163234625,-0.006472528163234625,-0.006472528163234625,-0.006472528163234625
2023-05-22 00:00:00-04:00,-0.0024144040564463287,-0.0024144040564462177,-0.0024144040564462177,0.0,-0.0024144040564463287,-0.0024144040564463287,-0.0024144040564463287,-0.0024144040564463287
2023-05-23 00:00:00-04:00,0.0,0.0,0.0,0.0,0.0055803674069512255,0.0055803674069512255,0.0055803674069512255,0.0055803674069512255
2023-05-24 00:00:00-04:00,0.0,0.0,0.0,0.0,-0.0012430344949696526,-0.0012430344949695415,-0.0012430344949696526,-0.0012430344949695415
2023-05-25 00:00:00-04:00,0.0,0.0008570876464075727,-0.006094384381700846,0.0,-0.006094384381700735,-0.006094384381700846,-0.006094384381700846,-0.006094384381700846
2023-05-26 00:00:00-04:00,0.001643428531196811,0.001643428531196811,0.001643428531196589,0.001643428531196811,0.001643428531196811,0.001643428531196811,0.001643428531196811,0.0
2023-05-30 00:00:00-04:00,0.0,0.0,-0.0014163119279104741,0.0,-0.001416311927910363,-0.0014163119279105851,-0.0014163119279104741,-0.0014163119279105851
2023-05-31 00:00:00-04:00,0.0,0.0,0.002079522962443292,0.0,0.002079522962443292,0.002079522962443292,0.002079522962443292,0.002079522962443292
2023-06-01 00:00:00-04:00,0.0036770441129343467,0.0036770441129343467,0.0036770441129343467,0.0036770441129343467,0.0036770441129343467,0.0036770441129343467,0.0036770441129343467,0.0
2023-06-02 00:00:00-04:00,0.007211081382446194,0.007211081382446194,0.007211081382446194,0.007211081382446194,0.007211081382446194,0.007211081382446194,0.007211081382446194,0.0
2023-06-05 00:00:00-04:00,0.0,0.0,0.0,0.0,-0.00739350217423429,-0.007393502174234068,-0.007393502174234179,-0.007393502174234179
2023-06-06 00:00:00-04:00,0.0,0.0,0.0,0.0,0.0,0.0,0.0,0.0
2023-06-07 00:00:00-04:00,0.0,0.0,0.0,0.0,-0.00027349208965943284,-0.0002734920896596549,-0.00027349208965954386,-0.0002734920896596549
2023-06-08 00:00:00-04:00,0.0018483408116347633,0.0018483408116349853,0.0018483408116349853,0.0,0.0018483408116349853,0.0018483408116347633,0.0018483408116347633,0.0018483408116347633
2023-06-09 00:00:00-04:00,-0.005919574899995506,-0.0059195748999953945,-0.0059195748999953945,-0.00012709942710020794,-0.0059195748999953945,-0.0059195748999952835,-0.0059195748999953945,-0.0059195748999952835
2023-06-12 00:00:00-04:00,0.005464592906670784,0.005464592906670562,0.005464592906670562,0.0,0.0065480005930933505,0.0065480005930933505,0.0065480005930935725,0.0065480005930933505
2023-06-13 00:00:00-04:00,0.0,0.0,0.0,0.0,0.002005073501375909,0.002005073501375909,0.002005073501375909,0.002005073501375909
2023-06-14 00:00:00-04:00,0.0,0.0,0.0,0.0,0.0011878432557337337,0.0011878432557337337,0.0011878432557337337,0.0011878432557337337
2023-06-15 00:00:00-04:00,0.0,0.0,0.0014780126563742613,0.0,0.0060557535900753745,0.0060557535900753745,0.0060557535900755965,0.0060557535900755965
2023-06-16 00:00:00-04:00,0.0,0.0,0.0,0.0,-0.00667792530999467,-0.006677925309994448,-0.00667792530999467,-0.006677925309994448
2023-06-20 00:00:00-04:00,0.004221693008438221,0.004221693008438221,0.004221693008438221,0.0,0.004221693008438221,0.004221693008438221,0.004221693008438221,0.004221693008438221
2023-06-21 00:00:00-04:00,0.0,0.0007801932311024551,0.0,0.0,0.0007801932311026771,0.0007801932311024551,0.0007801932311026771,0.0007801932311026771
2023-06-22 00:00:00-04:00,-0.004101534905207593,-0.004101534905207593,-0.004101534905207482,0.0,-0.004101534905207593,-0.004101534905207593,-0.004101534905207482,-0.004101534905207482
2023-06-23 00:00:00-04:00,0.0,0.0,0.0,0.0,0.0008799800195975482,0.0008799800195975482,0.0008799800195977703,0.0008799800195975482
2023-06-26 00:00:00-04:00,0.0,0.0,0.0,0.0,0.0022306874575812596,0.0022306874575814817,0.0022306874575814817,0.0022306874575814817
2023-06-27 00:00:00-04:00,-0.006426462164139224,-0.006426462164139224,0.001185512451765236,0.001185512451765236,-0.006426462164139113,-0.006426462164139113,-0.006426462164139224,-0.006426462164139113
2023-06-28 00:00:00-04:00,0.0,0.0,0.0,0.0,0.0,0.0,0.0,0.0
2023-06-29 00:00:00-04:00,0.0009649278800571981,0.000964927880056976,0.0009649278800571981,0.000964927880056976,0.000964927880056976,0.000964927880056976,0.0009649278800571981,0.000964927880056976
2023-06-30 00:00:00-04:00,0.0005750405674005421,0.0005750405674005421,0.0005750405674005421,0.0005750405674003201,0.0005750405674005421,0.0005750405674005421,0.0005750405674003201,0.0
2023-07-03 00:00:00-04:00,0.0,0.0,0.0,0.0,0.0,0.0,0.0,0.0
2023-07-05 00:00:00-04:00,0.0,0.0,0.0,0.0,0.0,0.0,0.0,0.0
2023-07-06 00:00:00-04:00,-0.004646515906820858,-0.004646515906820747,-1.0673350162360151e-05,0.0,-0.004646515906820858,-0.004646515906820747,-0.004646515906820858,-0.004646515906820858
2023-07-07 00:00:00-04:00,0.0066961847777624595,0.0066961847777624595,0.0066961847777624595,0.0066961847777624595,0.0066961847777624595,0.0066961847777624595,0.0066961847777624595,0.0066961847777624595
2023-07-10 00:00:00-04:00,0.0026953770631295004,0.0026953770631295004,0.0026953770631295004,0.0026953770631295004,0.0026953770631295004,0.0026953770631292784,0.0026953770631295004,0.0026953770631295004
2023-07-11 00:00:00-04:00,0.004833522036847837,0.004833522036847837,0.004833522036848059,0.004833522036848059,0.004833522036848059,0.004833522036848059,0.004833522036848059,0.004833522036848059
2023-07-12 00:00:00-04:00,-0.0028986211579884458,-0.0028986211579884458,-0.0028986211579884458,-0.0028986211579884458,-0.0028986211579883348,-0.0028986211579884458,-0.0028986211579884458,-0.0028986211579883348
2023-07-13 00:00:00-04:00,0.0034702895881415508,0.0034702895881415508,0.0034702895881415508,0.0034702895881415508,0.0034702895881415508,0.0034702895881415508,0.0034702895881415508,0.0034702895881415508
2023-07-14 00:00:00-04:00,0.0,0.0,0.0,0.0,0.0,0.0,0.0,0.0
2023-07-17 00:00:00-04:00,-0.0005460034047817253,-0.0005460034047817253,-0.0005460034047817253,-0.0005460034047816142,-0.0005460034047817253,-0.0005460034047816142,-0.0005460034047817253,-0.0005460034047817253
2023-07-18 00:00:00-04:00,0.0024643159391850578,0.0024643159391848357,0.0024643159391850578,0.0024643159391848357,0.0024643159391850578,0.0024643159391848357,0.0024643159391848357,0.0024643159391848357
2023-07-19 00:00:00-04:00,0.0,-0.0016608416553836047,0.0,0.0,-0.0016608416553837158,-0.0016608416553837158,-0.0016608416553838268,-0.0016608416553837158
2023-07-20 00:00:00-04:00,-0.00309070265556588,-0.003090702655565769,-0.003090702655565769,-0.003090702655565769,-0.00309070265556588,-0.00309070265556588,-0.00309070265556588,-0.00309070265556588
2023-07-21 00:00:00-04:00,0.003469260577637412,0.003469260577637412,0.003469260577637412,0.003469260577637412,0.003469260577637412,0.003469260577637412,0.003469260577637412,0.003469260577637412
2023-07-24 00:00:00-04:00,-0.00036045538559359436,-0.00036045538559359436,-0.0003604553855937054,-0.00036045538559359436,-0.0003604553855937054,-0.0003604553855938164,-0.0003604553855937054,-0.0003604553855937054
2023-07-25 00:00:00-04:00,0.0006918002738194318,0.0006918002738194318,0.0006918002738194318,0.0006918002738194318,0.0006918002738194318,0.0006918002738194318,0.0006918002738194318,0.0006918002738194318
2023-07-26 00:00:00-04:00,0.004347855864271111,0.004347855864271333,0.004347855864271333,0.004347855864271111,0.004347855864271111,0.004347855864271111,0.004347855864271333,0.004347855864271333
2023-07-27 00:00:00-04:00,-0.0018297787465550996,-0.0018297787465549886,-0.0018297787465549886,-0.0018297787465550996,-0.0018297787465549886,-0.0018297787465550996,-0.0018297787465549886,-0.0018297787465549886
2023-07-28 00:00:00-04:00,0.0009398348778373311,0.0009398348778373311,0.0009398348778373311,0.0009398348778373311,0.0009398348778375532,0.0009398348778373311,0.0009398348778373311,0.0009398348778373311
2023-07-31 00:00:00-04:00,0.0,0.0,0.0,0.0,0.0,0.0,0.0,0.0
2023-08-01 00:00:00-04:00,0.0009866449960576062,0.0009866449960578283,0.0009866449960576062,0.0009866449960578283,0.0009866449960578283,0.0009866449960578283,0.0009866449960578283,0.0009866449960578283
2023-08-02 00:00:00-04:00,0.003853008882036102,0.003853008882036324,0.003853008882036324,0.003853008882036324,0.003853008882036324,0.003853008882036102,0.003853008882036102,0.003853008882036324
2023-08-03 00:00:00-04:00,0.0010506353279702285,0.0010506353279704506,0.0010506353279702285,0.0010506353279704506,-0.006969911119590888,-0.006969911119590888,-0.006969911119590999,-0.006969911119590888
2023-08-04 00:00:00-04:00,0.009385152074823822,0.009385152074824044,0.009385152074823822,0.009385152074824044,0.009385152074823822,0.009385152074824044,0.009385152074824044,0.009385152074823822
2023-08-07 00:00:00-04:00,0.0022065560241024684,0.0022065560241022464,0.0022065560241024684,0.0022065560241024684,0.0022065560241022464,0.0022065560241022464,0.0022065560241022464,0.0022065560241022464
2023-08-08 00:00:00-04:00,-0.005938509283444637,-0.005938509283444637,-0.005938509283444526,-0.005938509283444637,-0.005938509283444637,-0.005938509283444637,-0.005938509283444526,-0.005938509283444526
2023-08-09 00:00:00-04:00,0.00040671340412767876,0.0004067134041279008,0.0004067134041279008,0.0004067134041279008,0.00040671340412767876,0.0004067134041279008,0.0004067134041279008,0.0004067134041279008
2023-08-10 00:00:00-04:00,-0.011360231149026845,-0.011360231149026734,-0.011360231149026845,-0.011360231149026623,-0.011360231149026734,-0.011360231149026734,-0.011360231149026734,-0.011360231149026734
2023-08-11 00:00:00-04:00,-0.0024709671004550238,-0.0024709671004550238,-0.0024709671004550238,-0.002470967100455135,-0.0024709671004550238,-0.002470967100455135,-0.0024709671004550238,-0.002470967100455135
2023-08-14 00:00:00-04:00,0.0018707700801445792,0.0018707700801445792,0.0018707700801445792,0.0018707700801445792,0.0018707700801445792,0.0018707700801445792,0.0018707700801445792,0.0018707700801445792
2023-08-15 00:00:00-04:00,0.002261217450547637,0.002261217450547637,0.002261217450547637,0.002261217450547637,0.002261217450547637,0.002261217450547637,0.002261217450547637,0.002261217450547637
2023-08-16 00:00:00-04:00,0.0,0.0,0.0036441819140649034,0.0,0.0036441819140651255,0.0036441819140651255,0.0036441819140651255,0.0036441819140651255
2023-08-17 00:00:00-04:00,0.0,0.0,0.0,0.0,0.00106285881113366,0.00106285881113366,0.00106285881113366,0.00106285881113366
2023-08-18 00:00:00-04:00,0.0,0.0,0.0,0.0,-0.0013938040419148034,-0.0013938040419146924,-0.0013938040419148034,-0.007516594413882194
2023-08-21 00:00:00-04:00,-0.0034800656938867025,-0.0034800656938865915,-0.0034800656938867025,0.0,-0.0034800656938865915,-0.0034800656938867025,-0.0034800656938867025,-0.0034800656938865915
2023-08-22 00:00:00-04:00,0.0,0.0,0.0,0.0,0.0,0.0,0.0,0.0
2023-08-23 00:00:00-04:00,0.004519619790286589,0.004519619790286589,0.004519619790286811,0.004519619790286811,0.004519619790286811,0.004519619790286811,0.004519619790286811,0.004519619790286811
2023-08-24 00:00:00-04:00,-0.0064106916412330905,-0.0064106916412329795,-0.0064106916412330905,-0.0064106916412330905,-0.0064106916412330905,-0.0064106916412329795,-0.0064106916412329795,-0.0064106916412330905
2023-08-25 00:00:00-04:00,-0.002737816168565166,-0.002737816168565166,-0.002737816168565277,-0.002737816168565277,-0.002737816168565277,-0.002737816168565166,-0.002737816168565166,-0.002737816168565166
2023-08-28 00:00:00-04:00,0.0008098797528566237,0.0008098797528566237,0.0008098797528566237,0.0008098797528566237,0.0008098797528566237,0.0008098797528566237,0.0008098797528566237,0.0008098797528566237
2023-08-29 00:00:00-04:00,0.00705149408269623,0.007051494082696008,0.007051494082696008,0.007051494082696008,0.00705149408269623,0.00705149408269623,0.007051494082696008,0.007051494082696008
2023-08-30 00:00:00-04:00,0.0,0.0,0.0,0.0009316947723108093,0.0009316947723108093,0.0009316947723108093,0.0009316947723105873,0.0009316947723105873
2023-08-31 00:00:00-04:00,0.0,0.0,0.0,0.0,-0.005486278958310997,-0.005486278958311219,0.0,-0.005486278958311108
2023-09-01 00:00:00-04:00,0.0006077061076350532,0.0006077061076350532,0.0006077061076350532,-0.006582720639639272,-0.006582720639639272,-0.006582720639639272,-0.006582720639639272,-0.006582720639639272
2023-09-05 00:00:00-04:00,0.0,0.0,0.0,0.0,0.0,0.0,0.0,0.0
2023-09-06 00:00:00-04:00,0.0,0.0,0.0,0.0,-0.0004100088090359666,-0.0004100088090360776,-0.0004100088090359666,-0.0004100088090360776
2023-09-07 00:00:00-04:00,0.00029108805336774957,0.00029108805336774957,0.0002910880533679716,0.00029108805336774957,-0.003934125127274979,-0.003934125127274868,-0.003934125127274868,-0.003934125127274979
2023-09-08 00:00:00-04:00,0.002827924728107112,0.002827924728107112,0.0028279247281068898,0.002827924728107112,0.002827924728107112,0.0028279247281068898,0.002827924728107112,0.002827924728107112
2023-09-11 00:00:00-04:00,0.0013334556114941165,0.0013334556114941165,0.0013334556114941165,0.0013334556114943386,0.0013334556114941165,0.0013334556114941165,0.0013334556114943386,0.0013334556114941165
2023-09-12 00:00:00-04:00,-0.0016908281212882903,-0.0016908281212884013,-0.0016908281212882903,-0.0016908281212885123,-0.0016908281212882903,-0.0016908281212885123,-0.0016908281212882903,-0.0016908281212884013
2023-09-13 00:00:00-04:00,-0.0023622878985559703,-0.0023622878985559703,-0.0023622878985560813,-0.0023622878985560813,-0.0023622878985560813,-0.0023622878985560813,-0.0023622878985559703,-0.0023622878985560813
2023-09-14 00:00:00-04:00,-0.004353790211743425,-0.004353790211743425,-0.004353790211743536,-0.004353790211743536,-0.004353790211743647,-0.004353790211743425,-0.004353790211743425,-0.004353790211743425
2023-09-15 00:00:00-04:00,-0.006007026559681772,-0.006007026559681883,-0.006007026559681772,-0.006007026559681883,-0.006007026559681883,-0.006007026559681661,-0.006007026559681772,-0.006007026559681883
2023-09-18 00:00:00-04:00,0.0,0.0,0.0,0.0,0.0,0.0,0.0,0.0
2023-09-19 00:00:00-04:00,0.0,0.0,0.0,0.0,0.0,-0.002759938340034962,-0.002759938340034851,-0.002759938340034962
2023-09-20 00:00:00-04:00,-0.005445041861316335,-0.005445041861316446,-0.005445041861316335,-0.005445041861316446,-0.00041878475969747697,-0.00041878475969747697,-0.00041878475969736595,-0.000418784759697699
2023-09-21 00:00:00-04:00,0.0,0.0,0.0,0.0,0.0,0.006298516620355743,0.006298516620355743,0.006298516620355743
2023-09-22 00:00:00-04:00,0.0,0.0,0.0,0.0,0.0,0.0,0.0,0.0061780917517861855
2023-09-25 00:00:00-04:00,-0.0009444487220804376,-0.0009444487220804376,-0.0009444487220803266,-0.0009444487220803266,-0.0009444487220803266,-0.0009444487220804376,-0.0009444487220804376,-0.0009444487220803266
2023-09-26 00:00:00-04:00,0.004720029529365677,0.004720029529365677,0.0,0.0,0.004720029529365677,0.004720029529365677,0.004720029529365677,0.004720029529365677
2023-09-27 00:00:00-04:00,0.0,0.0,0.0,0.0,0.0009671880345674122,0.0009671880345674122,0.0009671880345674122,-0.006285971904343324
2023-09-28 00:00:00-04:00,-0.0007327626041702118,-0.0007327626041702118,-0.0007327626041703228,-0.0007327626041703228,-0.0007327626041704338,-0.0007327626041702118,-0.0007327626041703228,-0.0007327626041703228
2023-09-29 00:00:00-04:00,-0.008192565617074044,-0.008192565617074044,-0.008192565617074044,-0.008192565617074044,-0.008192565617074044,-0.008192565617074044,-0.008192565617074044,-0.008192565617074044
2023-10-02 00:00:00-04:00,-0.011974822660826279,-0.011974822660826168,-0.011974822660826168,-0.011974822660826279,-0.011974822660826279,-0.011974822660826168,-0.011974822660826168,-0.011974822660826279
2023-10-03 00:00:00-04:00,0.0018128500132199576,0.0,0.0,0.0018128500132199576,0.0018128500132199576,0.0018128500132199576,0.0018128500132199576,0.0018128500132199576
2023-10-04 00:00:00-04:00,-0.004787643346135018,-0.004787643346135018,-0.004787643346135018,-0.004787643346135018,-0.004787643346135018,-0.004787643346135018,-0.004787643346135018,-0.004787643346134907
2023-10-05 00:00:00-04:00,-0.006024853025896171,-0.006024853025896282,-0.00602485302589606,-0.006024853025896171,-0.006024853025896171,-0.006024853025896282,-0.006024853025896282,-0.00602485302589606
2023-10-06 00:00:00-04:00,0.004940175453511886,0.004940175453511664,0.004940175453511664,0.004940175453511886,0.004940175453511886,0.004940175453511664,0.004940175453511664,0.004940175453511886
2023-10-09 00:00:00-04:00,0.007408691297001058,0.007408691297001058,0.007408691297001058,0.007408691297001058,0.007408691297000836,0.007408691297001058,0.007408691297001058,0.007408691297001058
2023-10-10 00:00:00-04:00,-0.0015106774587354543,-0.0015106774587354543,-0.0015106774587354543,-0.0015106774587354543,-0.0015106774587354543,-0.0015106774587354543,-0.0015106774587354543,-0.0015106774587353433
2023-10-11 00:00:00-04:00,0.0,0.0,0.0,0.0,0.0,0.0,0.0,0.0
2023-10-12 00:00:00-04:00,0.0,0.0,-0.0008461285873067048,-0.0008461285873065938,-0.0008461285873064828,-0.0008461285873065938,-0.0008461285873064828,-0.0008461285873067048
2023-10-13 00:00:00-04:00,-0.0033583433549447816,-0.0033583433549447816,0.0011919800258370916,0.0011919800258370916,0.0011919800258370916,0.0011919800258370916,0.0011919800258370916,0.0011919800258370916
2023-10-16 00:00:00-04:00,1.4069195868549045e-05,1.4069195868549045e-05,1.4069195868549045e-05,1.4069195868549045e-05,1.4069195868549045e-05,1.4069195868549045e-05,1.4069195868549045e-05,1.4069195868549045e-05
2023-10-17 00:00:00-04:00,0.0030676521068728757,0.0030676521068728757,0.0030676521068728757,0.0030676521068728757,0.0030676521068728757,0.0030676521068728757,0.0030676521068728757,0.0030676521068728757
2023-10-18 00:00:00-04:00,-0.008504367650834177,-0.008504367650834177,-0.008504367650834288,-0.008504367650834177,-0.008504367650834177,-0.008504367650834177,-0.008504367650834177,-0.008504367650834288
2023-10-19 00:00:00-04:00,0.008130473966507568,0.008130473966507568,0.007499527235614201,0.007499527235614201,0.008130473966507346,0.008130473966507346,0.008130473966507346,0.008130473966507346
2023-10-20 00:00:00-04:00,0.004846793404172711,0.004846793404172711,0.0,0.0,0.0,0.0,0.0,0.0
2023-10-23 00:00:00-04:00,0.0,0.0,0.0,0.0,0.0,0.0,0.0,0.0
2023-10-24 00:00:00-04:00,0.009080308053047492,0.009080308053047492,0.00908030805304727,0.009080308053047492,0.009080308053047492,0.009080308053047714,0.009080308053047492,0.009080308053047492
2023-10-25 00:00:00-04:00,0.0038318477213235003,0.0038318477213235003,0.0038318477213237223,0.0038318477213237223,0.0038318477213235003,0.0038318477213237223,0.0038318477213237223,0.0038318477213237223
2023-10-26 00:00:00-04:00,0.008476353146244175,0.008476353146244175,0.008476353146244175,0.008476353146244175,0.0,0.0,0.0,0.0
2023-10-27 00:00:00-04:00,-9.90228525792336e-05,0.0,0.0,0.0,0.0,0.0,0.0,0.0
2023-10-30 00:00:00-04:00,-0.008559322902544353,-0.008559322902544353,0.0010989481938752377,0.0010989481938752377,-0.008559322902544353,0.0010989481938752377,0.0010989481938750156,0.0010989481938750156
2023-10-31 00:00:00-04:00,0.0025342948276900756,0.0025342948276898536,0.0025342948276898536,0.0025342948276900756,0.0025342948276898536,0.0025342948276900756,0.0025342948276898536,0.0025342948276898536
2023-11-01 00:00:00-04:00,0.0034432651773601552,0.0034432651773601552,0.0034432651773603773,0.0034432651773601552,0.0034432651773603773,0.0034432651773601552,0.0034432651773603773,0.0034432651773601552
2023-11-02 00:00:00-04:00,0.00570740097629141,0.00570740097629141,0.00570740097629141,0.00570740097629141,0.00570740097629141,0.00570740097629141,0.00570740097629141,0.00570740097629141
2023-11-03 00:00:00-04:00,0.0,0.0,0.0,0.0,0.0,0.0,0.0,0.0
2023-11-06 00:00:00-05:00,0.0,0.0,0.0,0.0,0.0,0.0,0.0,0.0
2023-11-07 00:00:00-05:00,0.0,0.0,0.0007977295788763605,0.0,0.0,0.0,0.0,0.0
2023-11-08 00:00:00-05:00,0.0,0.0,0.0,0.0,0.0,0.0,0.0,0.0
2023-11-09 00:00:00-05:00,-0.004724130324505249,-0.006610761100890095,-0.004724130324505249,0.0,0.0,0.0,0.0,0.0
2023-11-10 00:00:00-05:00,-0.0066316865105692235,-0.0066316865105693346,-0.0066316865105693346,-0.0066316865105692235,0.003460560994803963,0.003460560994803963,0.003460560994803963,0.003460560994803963
2023-11-13 00:00:00-05:00,-0.0014701647115608063,-0.0014701647115606953,-0.0014701647115608063,-0.0014701647115609173,-0.0014701647115609173,-0.0014701647115609173,-0.0014701647115609173,-0.0014701647115608063
2023-11-14 00:00:00-05:00,-0.000523345530807573,-0.000523345530807573,-0.000523345530807573,-0.000523345530807573,-0.000523345530807573,-0.000523345530807573,-0.000523345530807573,-0.0005233455308074619
2023-11-15 00:00:00-05:00,-0.0025922863263091456,-0.0025922863263091456,-0.0025922863263093676,-0.0025922863263092566,-0.0025922863263092566,-0.0025922863263092566,-0.0025922863263092566,-0.0025922863263092566
2023-11-16 00:00:00-05:00,0.003985605834004424,0.003985605834004424,0.003985605834004424,0.003985605834004424,0.003985605834004424,0.003985605834004424,0.003985605834004424,0.003985605834004424
2023-11-17 00:00:00-05:00,-0.0003380897160233376,-0.0003380897160233376,-0.00033808971602311555,-0.00033808971602322657,-0.00033808971602322657,0.0,0.0,-0.00033808971602322657
2023-11-20 00:00:00-05:00,0.002798916426532738,0.0027989164265329602,0.002798916426532738,0.0027989164265329602,0.0027989164265329602,0.002798916426532738,0.0,0.002798916426532738
2023-11-21 00:00:00-05:00,0.002253432578033676,0.002253432578033898,0.002253432578033898,0.002253432578033898,0.002253432578033676,0.002253432578033676,0.002253432578033898,0.002253432578033898
2023-11-22 00:00:00-05:00,-4.046411240721248e-05,-4.046411240710146e-05,-4.046411240721248e-05,-4.046411240721248e-05,-4.046411240721248e-05,-4.046411240721248e-05,-4.0464112407323505e-05,-4.046411240721248e-05
2023-11-24 00:00:00-05:00,0.0,0.0,0.0,0.0,0.0,0.0,0.0,0.0
2023-11-27 00:00:00-05:00,0.0,0.0,0.0,0.0,0.0,0.0,0.0,0.0
2023-11-28 00:00:00-05:00,-0.0020274117301423145,-0.0020274117301423145,-0.0020274117301423145,-0.0017019671487882304,-0.0017019671487883414,-0.0017019671487883414,-0.0017019671487882304,-0.0017019671487883414
2023-11-29 00:00:00-05:00,-0.004265407947290467,-0.004265407947290356,-0.004265407947290356,-0.004265407947290245,-0.004265407947290356,-0.004265407947290356,-0.004265407947290245,-0.004265407947290356
2023-11-30 00:00:00-05:00,0.0,0.0,0.0,0.0,0.0,0.0,0.0,0.0
2023-12-01 00:00:00-05:00,0.003222129958551978,0.003222129958551978,0.003222129958551978,0.003222129958551978,0.003222129958551978,0.003222129958551978,0.003222129958551978,0.003222129958551978
2023-12-04 00:00:00-05:00,0.0038575759387124986,0.0038575759387124986,0.0038575759387124986,0.0038575759387124986,0.0038575759387124986,0.0038575759387124986,0.0038575759387124986,0.0038575759387124986
2023-12-05 00:00:00-05:00,0.0,0.0,0.0,0.0,0.0,0.0,0.0,0.0
2023-12-06 00:00:00-05:00,0.00041545964656397594,0.00041545964656397594,0.00041545964656397594,0.00041545964656397594,0.00041545964656397594,0.00041545964656397594,0.00041545964656397594,0.00041545964656397594
2023-12-07 00:00:00-05:00,0.00029804111016673573,0.0002980411101669578,0.00029804111016673573,0.00029804111016673573,0.00029804111016673573,0.00029804111016673573,0.00029804111016673573,0.00029804111016673573
2023-12-08 00:00:00-05:00,0.00038618818344549055,0.00038618818344549055,0.0003861881834457126,0.00038618818344549055,0.00038618818344549055,0.0003861881834457126,0.00038618818344549055,0.0003861881834457126
2023-12-11 00:00:00-05:00,0.00027152846259514973,0.00027152846259514973,0.0002715284625953718,0.0002715284625953718,0.0002715284625953718,0.0002715284625953718,0.0002715284625953718,0.00027152846259514973
2023-12-12 00:00:00-05:00,0.0026672154669196146,0.0026672154669196146,0.0026672154669196146,0.0,0.0,0.0,0.0,0.0
2023-12-13 00:00:00-05:00,0.004798214008479462,0.004798214008479462,0.004798214008479462,0.004798214008479462,0.004798214008479462,0.004798214008479462,0.004798214008479684,0.004798214008479462
2023-12-14 00:00:00-05:00,-0.00538369757570456,-0.005383697575704671,-0.00538369757570456,0.002266161085957119,0.002266161085957119,0.002266161085957119,0.002266161085957119,0.002266161085957119
2023-12-15 00:00:00-05:00,0.0016955008348200629,0.001695500834820285,0.0016955008348200629,0.0,0.001695500834820285,0.0,0.001695500834820285,0.001695500834820285
2023-12-18 00:00:00-05:00,0.00025961766934323727,0.00025961766934323727,0.00025961766934323727,0.00025961766934323727,0.00025961766934323727,0.0,0.00025961766934323727,0.00025961766934323727
2023-12-19 00:00:00-05:00,0.0018265533195602757,0.0018265533195600536,0.0018265533195600536,0.0018265533195602757,0.0018265533195602757,0.0018265533195602757,0.0,0.0018265533195600536
2023-12-20 00:00:00-05:00,-0.0022859388564212546,-0.0022859388564210326,-0.0022859388564211436,0.0025954949199888944,0.0025954949199886723,0.0025954949199888944,0.0,0.0025954949199888944
2023-12-21 00:00:00-05:00,-0.0033569540677188536,-0.0033569540677189647,-0.0033569540677188536,-0.0033569540677189647,-0.0033569540677189647,-0.0033569540677189647,-0.0017979234786085208,-0.0033569540677189647
2023-12-22 00:00:00-05:00,-0.007229689788584404,-0.0072296897885842926,-0.007229689788584404,-0.0072296897885842926,-0.0072296897885842926,-0.0072296897885842926,-0.0072296897885842926,-0.0072296897885842926
2023-12-26 00:00:00-05:00,0.0013221165921686318,0.0013221165921686318,0.0013221165921684097,0.0013221165921684097,0.0013221165921686318,0.0013221165921686318,0.0013221165921684097,0.0013221165921686318
2023-12-27 00:00:00-05:00,0.0,0.0,0.0,0.0,0.0,0.0,0.0,0.0
2023-12-28 00:00:00-05:00,0.0,0.0,0.0,0.0,0.0,0.0,0.0,0.0
2023-12-29 00:00:00-05:00,-0.0031860170109405672,-0.003186017010940456,-0.003186017010940456,-0.003186017010940456,-0.0031860170109405672,-0.0031860170109405672,0.0006684541942809652,-0.003186017010940456
2024-01-02 00:00:00-05:00,-0.0019516837848407853,-0.0019516837848407853,-0.0019516837848407853,-0.0019516837848407853,-0.0019516837848408963,-0.0019516837848408963,-0.0019516837848407853,-0.0019516837848408963
2024-01-03 00:00:00-05:00,0.0014061438260677406,0.0014061438260679626,0.0014061438260677406,0.0014061438260677406,0.0014061438260677406,0.0014061438260677406,0.0014061438260677406,0.0014061438260677406
2024-01-04 00:00:00-05:00,0.006085863389338364,0.006085863389338364,0.006085863389338364,0.006085863389338364,0.006085863389338364,0.006085863389338364,0.006085863389338364,0.006085863389338364
2024-01-05 00:00:00-05:00,0.006053665127972785,0.006053665127973007,0.006053665127972785,0.006053665127972785,0.006053665127973007,0.006053665127973007,0.006053665127973007,0.006053665127972785
2024-01-08 00:00:00-05:00,0.009249485207385,0.009249485207385,0.009249485207385,0.009249485207385,0.009249485207385,0.009249485207385,0.009249485207385,0.009249485207384778
2024-01-09 00:00:00-05:00,0.0026409818034589527,0.0026409818034589527,0.0026409818034589527,0.0026409818034591748,0.0026409818034589527,0.0026409818034589527,0.0026409818034589527,0.0026409818034589527
2024-01-10 00:00:00-05:00,0.005573623224966795,0.005573623224966795,0.005573623224966795,0.005573623224966795,0.005573623224966795,0.005573623224966795,0.005573623224966795,0.005573623224966795
2024-01-11 00:00:00-05:00,-0.0026609832187522997,-0.0026609832187524107,-0.0026609832187522997,-0.0026609832187522997,-0.0026609832187522997,-0.0026609832187522997,-0.0026609832187524107,-0.0026609832187522997
2024-01-12 00:00:00-05:00,0.00010338367983764307,0.00010338367983764307,0.00010338367983764307,0.00010338367983764307,0.00010338367983764307,0.00010338367983742103,0.00010338367983764307,0.00010338367983764307
2024-01-16 00:00:00-05:00,-0.0013104582330580872,-0.0013104582330579762,-0.0013104582330578651,-0.0013104582330580872,-0.0013104582330579762,-0.0013104582330579762,-0.0013104582330580872,-0.0013104582330579762
2024-01-17 00:00:00-05:00,-0.0011633296414899075,-0.0011633296414897965,-0.0011633296414899075,-0.0011633296414899075,-0.0011633296414899075,-0.0011633296414899075,-0.0011633296414899075,-0.0011633296414899075
2024-01-18 00:00:00-05:00,-0.0059702702522079765,-0.0059702702522080875,-0.0059702702522080875,-0.0059702702522079765,-0.0059702702522078654,-0.0059702702522079765,-0.0059702702522079765,-0.0059702702522080875
2024-01-19 00:00:00-05:00,0.008687968569902615,0.008687968569902615,0.008687968569902838,0.008687968569902615,0.008687968569902615,0.008687968569902615,0.008687968569902615,0.008687968569902615
2024-01-22 00:00:00-05:00,-0.001969311181715061,-0.001969311181715061,-0.001969311181715061,-0.001969311181715172,-0.001969311181715172,-0.001969311181715172,-0.001969311181715061,-0.001969311181715061
2024-01-23 00:00:00-05:00,0.0002687395078764254,0.0002687395078764254,0.0002687395078764254,0.0002687395078764254,0.0002687395078764254,0.0002687395078764254,0.0002687395078764254,0.0002687395078764254
2024-01-24 00:00:00-05:00,-0.004711311518991068,-0.004711311518991179,-0.004711311518990957,-0.004711311518991179,-0.004711311518991068,-0.004711311518991068,-0.004711311518991068,-0.004711311518991068
2024-01-25 00:00:00-05:00,-0.0003692224937472677,-0.0003692224937472677,-0.0003692224937473787,-0.0003692224937473787,-0.0003692224937472677,-0.0003692224937473787,-0.0003692224937472677,-0.0003692224937472677
2024-01-26 00:00:00-05:00,0.0,0.0,0.0,0.0,0.0,0.0,0.0,0.0
2024-01-29 00:00:00-05:00,0.005011794216131404,0.005011794216131404,0.005011794216131182,0.005011794216131404,0.005011794216131404,0.005011794216131404,0.005011794216131404,0.005011794216131404
2024-01-30 00:00:00-05:00,0.0,0.0,0.0,0.0,0.0,0.0,0.0,0.0
2024-01-31 00:00:00-05:00,0.008721669471300153,0.008721669471299931,0.008721669471299931,0.008721669471300153,0.008721669471300153,0.008721669471300153,0.008721669471299931,0.008721669471300153
2024-02-01 00:00:00-05:00,-0.006261096445228653,-0.006261096445228542,-0.006261096445228653,-0.006261096445228653,-0.006261096445228653,-0.006261096445228542,-0.006261096445228653,-0.006261096445228653
2024-02-02 00:00:00-05:00,-0.007896663623312428,-0.007896663623312317,-0.007896663623312428,-0.007896663623312095,-0.007896663623312206,-0.007896663623312095,-0.007896663623312206,-0.007896663623312206
2024-02-05 00:00:00-05:00,0.0021954551986007598,0.0021954551986007598,0.0021954551986007598,0.0021954551986007598,0.0021954551986007598,0.0021954551986007598,0.0021954551986007598,0.0021954551986007598
2024-02-06 00:00:00-05:00,0.0,0.0,0.0,0.0,0.0,0.0,0.0,0.0
2024-02-07 00:00:00-05:00,-1.3357300407301764e-05,-1.3357300407301764e-05,-1.3357300407301764e-05,-1.3357300407301764e-05,-1.3357300407412787e-05,-1.3357300407301764e-05,-1.3357300407412787e-05,-1.3357300407301764e-05
2024-02-08 00:00:00-05:00,0.0,0.0,0.0,0.0,0.0,0.0,0.0,0.0
2024-02-09 00:00:00-05:00,0.002837795218431971,0.002837795218431971,0.002837795218431971,0.002837795218431971,0.002837795218431971,0.002837795218431749,0.002837795218431971,0.002837795218431749
2024-02-12 00:00:00-05:00,-0.0010032307442265909,-0.0010032307442267019,-0.0010032307442267019,-0.0010032307442265909,-0.0010032307442265909,-0.0010032307442267019,-0.0010032307442265909,-0.0010032307442267019
2024-02-13 00:00:00-05:00,0.006864286185362722,0.006864286185362722,0.0068642861853629444,0.006864286185362722,0.006864286185362722,0.0068642861853629444,0.006864286185362722,0.006864286185362722
2024-02-14 00:00:00-05:00,-0.0020056225114967186,-0.0020056225114967186,-0.0020056225114968296,-0.0020056225114968296,-0.0020056225114968296,-0.0020056225114967186,-0.0020056225114967186,-0.0020056225114968296
2024-02-15 00:00:00-05:00,0.0007471902945630493,0.0007471902945630493,0.0007471902945630493,0.0007471902945630493,0.0007471902945628273,0.0007471902945630493,0.0007471902945630493,0.0007471902945630493
2024-02-16 00:00:00-05:00,-0.006771424629958611,-0.006771424629958611,-0.006771424629958722,-0.006771424629958722,-0.006771424629958722,-0.006771424629958611,-0.006771424629958611,-0.006771424629958611
2024-02-20 00:00:00-05:00,-0.0012825326157475114,-0.0012825326157476225,-0.0012825326157476225,-0.0012825326157476225,-0.0012825326157476225,-0.0012825326157475114,-0.0012825326157475114,-0.0012825326157475114
2024-02-21 00:00:00-05:00,-0.005190579600757528,-0.005190579600757417,-0.005190579600757528,-0.005190579600757417,-0.005190579600757528,-0.005190579600757417,-0.005190579600757417,-0.005190579600757528
2024-02-22 00:00:00-05:00,0.004131785223308926,0.004131785223308926,0.004131785223308926,0.004131785223308704,0.004131785223308704,0.004131785223308704,0.004131785223308926,0.004131785223308926
2024-02-23 00:00:00-05:00,0.0,0.0,0.0,0.0,0.0,0.0,0.0,0.0
2024-02-26 00:00:00-05:00,-0.0014636147230245866,-0.0014636147230248087,-0.0014636147230246976,-0.0014636147230246976,-0.0014636147230248087,-0.0014636147230248087,-0.0014636147230248087,-0.0014636147230246976
2024-02-27 00:00:00-05:00,0.0,0.0,0.0,0.0,0.0,0.0,0.0,0.0
2024-02-28 00:00:00-05:00,0.0,0.0,0.0,0.0,0.0,0.0,0.0,0.0
2024-02-29 00:00:00-05:00,0.0004101750205791621,0.00041017502057938415,0.0004101750205791621,0.00041017502057938415,0.0004101750205791621,0.00041017502057938415,0.0004101750205791621,0.0004101750205791621
2024-03-01 00:00:00-05:00,0.004655677055278584,0.004655677055278584,0.004655677055278362,0.004655677055278584,0.004655677055278584,0.004655677055278584,0.004655677055278584,0.004655677055278362
2024-03-04 00:00:00-05:00,0.0,0.0,0.0,0.0,0.0,0.0,0.0,0.0
2024-03-05 00:00:00-05:00,-0.0108104598607911,-0.0108104598607911,-0.01081045986079121,-0.01081045986079121,-0.010810459860791322,-0.01081045986079121,-0.01081045986079121,-0.010810459860791322
2024-03-06 00:00:00-05:00,-0.0010720693310637408,-0.0010720693310637408,-0.0010720693310637408,-0.0010720693310636298,-0.0010720693310636298,-0.0010720693310636298,-0.0010720693310636298,-0.0010720693310636298
2024-03-07 00:00:00-05:00,0.0011455107251094887,0.0011455107251094887,0.0011455107251094887,0.0011455107251094887,0.0011455107251094887,0.0011455107251094887,0.0011455107251094887,0.0011455107251097107
2024-03-08 00:00:00-05:00,-0.008280516285828377,-0.008280516285828265,-0.008280516285828154,-0.008280516285828154,-0.008280516285828377,-0.008280516285828154,-0.008280516285828154,-0.008280516285828154
2024-03-11 00:00:00-04:00,-0.004664836258806648,-0.004664836258806648,-0.004664836258806648,-0.004664836258806537,-0.004664836258806648,-0.004664836258806648,-0.004664836258806648,-0.004664836258806648
2024-03-12 00:00:00-04:00,0.003188017338785709,0.003188017338785709,0.003188017338785931,0.003188017338785709,0.003188017338785709,0.003188017338785709,0.003188017338785931,0.003188017338785931
2024-03-13 00:00:00-04:00,-0.0023963772339813394,-0.0023963772339813394,-0.0023963772339812284,-0.0023963772339814504,-0.0023963772339813394,-0.0023963772339814504,-0.0023963772339814504,-0.0023963772339813394
2024-03-14 00:00:00-04:00,-0.0004205005389740224,-0.0004205005389740224,-0.0004205005389740224,-0.0004205005389740224,-0.0004205005389741334,-0.0004205005389740224,-0.0004205005389741334,-0.0004205005389740224
2024-03-15 00:00:00-04:00,0.0011113869833780932,0.0011113869833780932,0.0011113869833780932,0.0011113869833780932,0.0011113869833780932,0.0011113869833780932,0.0011113869833780932,0.0011113869833780932
2024-03-18 00:00:00-04:00,-0.004675682557648386,-0.004675682557648497,-0.004675682557648386,-0.004675682557648497,-0.004675682557648497,-0.004675682557648497,-0.004675682557648386,-0.004675682557648497
2024-03-19 00:00:00-04:00,0.0032245413388314326,0.0032245413388314326,0.0032245413388314326,0.0032245413388314326,0.0032245413388314326,0.0032245413388314326,0.0032245413388314326,0.0032245413388314326
2024-03-20 00:00:00-04:00,0.006505995067118908,0.006505995067118908,0.006505995067118908,0.006505995067118686,0.006505995067118908,0.006505995067118908,0.006505995067118686,0.006505995067118908
2024-03-21 00:00:00-04:00,0.0,-0.0033837435551552497,-0.0033837435551550277,-0.0033837435551551387,-0.0033837435551550277,-0.0033837435551551387,-0.0033837435551551387,-0.0033837435551552497
2024-03-22 00:00:00-04:00,0.0,0.0,-0.0011863651835289923,-0.0011863651835291034,0.0,0.0,-0.0011863651835289923,-0.0011863651835289923
2024-03-25 00:00:00-04:00,-0.0014064885624041068,-0.0014064885624039958,-0.0014064885624041068,-0.0014064885624041068,0.0,0.0,-0.0014064885624041068,-0.0014064885624041068
2024-03-26 00:00:00-04:00,0.0,0.0,0.0,0.0,0.0,0.0,0.0,0.0
2024-03-27 00:00:00-04:00,0.0,0.0,-0.005397453562940413,-0.005397453562940413,0.0,0.0,0.0,-0.005397453562940413
2024-03-28 00:00:00-04:00,0.0,0.0,0.0,0.0,0.0,0.0,0.0,0.0
2024-04-01 00:00:00-04:00,0.0,0.0,9.577798604865073e-05,9.577798604865073e-05,9.577798604865073e-05,9.577798604865073e-05,9.577798604865073e-05,9.577798604865073e-05
2024-04-02 00:00:00-04:00,-0.003445612517932739,-0.00344561251793285,-0.003445612517932739,-0.003445612517932739,-0.003445612517932739,-0.003445612517932739,-0.003445612517932739,-0.003445612517932739
2024-04-03 00:00:00-04:00,0.0,0.0,0.0018183474660526944,0.0018183474660526944,0.0,0.0,0.0018183474660526944,0.0018183474660526944
2024-04-04 00:00:00-04:00,-0.012331845255628915,-0.012331845255628915,-0.012331845255628804,-0.012331845255628804,-0.012331845255628804,-0.012331845255629026,-0.012331845255628804,-0.012331845255629026
2024-04-05 00:00:00-04:00,0.0,0.0,-0.0012738574292840976,-0.0012738574292840976,-0.0012738574292842086,-0.0012738574292842086,-0.0012738574292840976,-0.0012738574292840976
2024-04-08 00:00:00-04:00,0.0,0.0,0.0,0.0,0.0,0.0,0.0,0.0
2024-04-09 00:00:00-04:00,0.006244035771224343,0.006244035771224343,0.006244035771224565,0.006244035771224343,0.006244035771224343,0.006244035771224343,0.006244035771224343,0.006244035771224343
2024-04-10 00:00:00-04:00,0.0,0.0007804113211193897,0.0,0.0,0.0,0.0,0.0,0.0
2024-04-11 00:00:00-04:00,0.0008144194135075722,0.0008144194135075722,0.0008144194135075722,0.0008144194135075722,0.0008144194135075722,0.0008144194135075722,0.0008144194135075722,0.0008144194135075722
2024-04-12 00:00:00-04:00,0.007603218469634854,0.007603218469634632,0.0,0.0,0.0,0.007603218469634632,0.0,0.0
2024-04-15 00:00:00-04:00,0.007458322386928451,0.007458322386928673,0.0,0.0,0.0,0.0,0.0,0.0
2024-04-16 00:00:00-04:00,-0.0008344569110699807,-0.0008344569110699807,0.004036130843236618,0.004036130843236618,0.0,0.0,0.0,0.0
2024-04-17 00:00:00-04:00,0.0029994387233998054,0.0029994387234000275,0.0029994387234000275,0.0029994387234000275,0.0,0.0,0.0,0.0
2024-04-18 00:00:00-04:00,0.008649062722576817,0.008649062722576817,0.008649062722576595,0.008649062722576595,0.0,0.0,0.0,0.0
2024-04-19 00:00:00-04:00,0.006796854683648101,0.006796854683648101,0.006796854683647879,0.006796854683648101,0.0,0.0,0.0,0.0
2024-04-22 00:00:00-04:00,-0.007103496153061717,0.0006237322793389843,0.0,0.0,0.0,0.0,0.0,0.0
2024-04-23 00:00:00-04:00,0.002412595585125521,0.002412595585125521,0.002412595585125521,0.002412595585125521,0.002412595585125521,0.002412595585125521,0.002412595585125521,0.002412595585125521
2024-04-24 00:00:00-04:00,0.0,0.0,0.0,0.0,0.0,0.0,0.0,0.0
2024-04-25 00:00:00-04:00,-0.007378355989563268,-0.007378355989563379,0.0,0.0,-0.00737835598956349,0.0,0.0,0.0
2024-04-26 00:00:00-04:00,0.00010391673957488301,0.00010391673957488301,0.00010391673957488301,0.00010391673957488301,0.00010391673957488301,0.00010391673957488301,0.00010391673957488301,0.00010391673957488301
2024-04-29 00:00:00-04:00,0.0,0.0,0.0,0.0,0.0,0.0,0.0,0.0
2024-04-30 00:00:00-04:00,-0.007969882473337964,-0.007969882473337853,-0.007969882473337853,-0.007969882473337964,-0.007969882473338075,-0.007969882473337853,-0.007969882473337964,-0.007969882473337853
2024-05-01 00:00:00-04:00,-4.5429572855248956e-05,-4.5429572855137934e-05,0.0076750047740201666,0.0076750047740201666,-4.5429572855137934e-05,-4.542957285535998e-05,0.0,0.0
2024-05-02 00:00:00-04:00,-0.0019771910203029153,-0.0019771910203029153,-0.0019771910203030263,-0.0019771910203030263,-0.0019771910203029153,-0.0019771910203029153,-0.0019771910203030263,-0.0019771910203030263
2024-05-03 00:00:00-04:00,0.0029709107145161617,0.0029709107145161617,0.0029709107145161617,0.0029709107145161617,0.0029709107145161617,0.0029709107145161617,0.0029709107145161617,0.0029709107145161617
2024-05-06 00:00:00-04:00,0.004243219830637246,0.004243219830637246,0.004243219830637246,0.004243219830637246,0.004243219830637246,0.004243219830637246,0.0,0.0
2024-05-07 00:00:00-04:00,-0.00037907361066125134,-0.00037907361066136236,0.0,0.0,0.0,0.0,0.0,0.0
2024-05-08 00:00:00-04:00,0.0,0.0,0.0,0.0,0.0,0.0,0.0,0.0
2024-05-09 00:00:00-04:00,0.0013262204170922942,0.0,0.0013262204170925163,0.0,0.0,0.0,0.0,0.0
2024-05-10 00:00:00-04:00,0.0,0.0,0.0,0.0,0.0,0.0,0.0,0.0
2024-05-13 00:00:00-04:00,0.0,0.0,0.0,0.0,0.0,0.0,0.0,0.0
2024-05-14 00:00:00-04:00,-0.0004949584701646748,-0.0004949584701646748,-0.0004949584701647858,0.0,0.0,0.0,0.0,0.0
2024-05-15 00:00:00-04:00,0.005340110009519394,0.005340110009519394,0.005340110009519394,0.0,0.0,0.0,0.0,0.0
2024-05-16 00:00:00-04:00,0.0,0.0,0.0,0.0,0.0,0.0,0.0,0.0
2024-05-17 00:00:00-04:00,-0.003087050523517876,0.0,0.0,0.0,0.0,0.0,0.0,0.0
2024-05-20 00:00:00-04:00,-0.0025830856830599824,-0.0025830856830602045,-0.0025830856830602045,0.0,0.0,0.0,0.0,0.0
2024-05-21 00:00:00-04:00,0.0,0.0,0.0,0.0,0.0,0.0,0.0,0.0
2024-05-22 00:00:00-04:00,-0.0039849613643142545,0.0,0.0,0.0,0.0,0.0,0.0,0.0
2024-05-23 00:00:00-04:00,0.003764802860919847,-0.000650551727975901,-0.000650551727975901,0.0,-0.000650551727975901,-0.000650551727975901,-0.000650551727975901,0.0
2024-05-24 00:00:00-04:00,0.0,0.0,-0.001894878046879156,0.0,-0.001894878046879156,-0.001894878046879156,-0.001894878046879156,0.0
2024-05-28 00:00:00-04:00,0.0,0.0,0.0,0.0,0.0,0.0,0.0,0.0
2024-05-29 00:00:00-04:00,-0.0014310923538922715,-0.0014310923538922715,-0.0014310923538922715,-0.0014310923538922715,-0.0014310923538922715,-0.0014310923538922715,-0.0014310923538922715,-0.0014310923538922715
2024-05-30 00:00:00-04:00,0.0,0.0,0.0023745227174358785,0.0,0.0,0.0,0.0,0.0
2024-05-31 00:00:00-04:00,0.0,0.0,-0.005247197454223529,0.0,0.0,0.0,0.0,0.0
2024-06-03 00:00:00-04:00,0.0,-0.0069814508533824204,-0.0069814508533825315,0.0,-0.0069814508533824204,-0.006981450853382309,-0.0069814508533824204,0.0026753692749050817
2024-06-04 00:00:00-04:00,0.0,-0.0013287080051119782,-0.0013287080051119782,0.0,-0.0013287080051120892,-0.0013287080051122002,-0.0013287080051119782,-0.0013287080051120892
2024-06-05 00:00:00-04:00,0.006247803948676189,0.006247803948676189,0.006247803948676189,0.0,0.006247803948675967,0.006247803948676189,0.006247803948676189,0.006247803948676189
2024-06-06 00:00:00-04:00,0.0,0.0,-0.0009887692727030828,0.0,0.0,0.0,0.0,0.0
2024-06-07 00:00:00-04:00,0.0,0.0,0.0,0.0,0.0,0.0,0.0,0.0
2024-06-10 00:00:00-04:00,0.0,0.0,0.0,0.0,0.0,0.0,0.0,0.0
2024-06-11 00:00:00-04:00,0.0,0.0,0.0,0.0,0.0011054173859126326,0.0011054173859126326,0.0011054173859126326,0.0011054173859126326
2024-06-12 00:00:00-04:00,-0.0049501182760769424,-0.0049501182760769424,-0.0049501182760770535,0.0004279155687367808,-0.0049501182760770535,-0.0049501182760769424,-0.0049501182760769424,-0.0049501182760770535
2024-06-13 00:00:00-04:00,0.0,0.0,0.0,0.0,0.0,0.0,0.0,0.0
2024-06-14 00:00:00-04:00,0.0,0.0,0.0,0.0,0.0,0.0,0.0,0.0
2024-06-17 00:00:00-04:00,0.0,0.005732493694383667,0.005732493694383889,0.0,0.0,0.0,0.0,0.0
2024-06-18 00:00:00-04:00,0.0,0.0,0.0,0.0,0.0,0.0,0.0,0.0
2024-06-20 00:00:00-04:00,0.0,0.0,0.0,0.0,0.0,0.0,0.0,0.0
2024-06-21 00:00:00-04:00,0.0,0.0,0.0,0.0,0.0,0.0,0.0,0.0
2024-06-24 00:00:00-04:00,0.0,0.0,0.0,0.0,0.0,0.0,0.0,0.0
2024-06-25 00:00:00-04:00,0.0,0.0,0.0,0.0,0.0,0.0,0.0,0.0
2024-06-26 00:00:00-04:00,0.0,0.0,0.0,0.0,0.0,0.0,0.0,0.0
2024-06-27 00:00:00-04:00,0.0,0.0,0.0,0.0,0.0026816680098247225,0.0026816680098247225,0.0026816680098247225,0.0026816680098247225
2024-06-28 00:00:00-04:00,-0.005183577079532764,-0.005183577079532875,-0.005183577079532875,-0.005183577079532764,-0.007759391234122726,-0.007759391234122726,-0.0077593912341226146,-0.007759391234122726
2024-07-01 00:00:00-04:00,0.0,0.0,0.0,0.0,0.0,0.0,0.0,0.0
2024-07-02 00:00:00-04:00,0.0,0.0,0.0,0.0,0.002066715439714928,0.002066715439714928,0.002066715439714706,0.002066715439714928
2024-07-03 00:00:00-04:00,0.0,0.0,0.0,0.0,0.0,0.0,0.0041040652749906315,0.0
2024-07-05 00:00:00-04:00,0.0,0.0,0.0,0.0,0.0,0.0,0.0,0.0
2024-07-08 00:00:00-04:00,0.0,0.0,0.0,0.0,0.0,0.0,0.0,0.0
2024-07-09 00:00:00-04:00,0.0,0.0,0.0,0.0,0.0,0.0,0.0,0.0
2024-07-10 00:00:00-04:00,0.0,0.0,0.0,0.0,0.0,0.0,0.0,0.0
2024-07-11 00:00:00-04:00,0.0,0.0,0.0,0.0,0.0,0.0,0.0,0.0
2024-07-12 00:00:00-04:00,0.0,0.0,0.0,0.0,-0.0006491579921815704,-0.0006491579921815704,-0.0006491579921815704,-0.0006491579921816815
2024-07-15 00:00:00-04:00,0.0,0.0,0.0,0.0,-0.005558525329856012,-0.005558525329856012,-0.005558525329856012,-0.005558525329856012
2024-07-16 00:00:00-04:00,0.0,0.0,0.0,0.0,0.0,0.0,0.0,0.0
2024-07-17 00:00:00-04:00,0.0,0.0,0.0,0.0,0.0,0.0,0.0,0.0
2024-07-18 00:00:00-04:00,0.0,0.0,0.0,0.0,0.0,0.0,0.0,0.0
2024-07-19 00:00:00-04:00,0.001107235709567611,0.0,0.0,0.0,0.0,0.0,0.0,0.0
2024-07-22 00:00:00-04:00,-0.002816256025009012,-0.002816256025008901,-0.002816256025008901,-0.002816256025009012,-0.002816256025008901,-0.002816256025008901,-0.002816256025008901,-0.002816256025009012
2024-07-23 00:00:00-04:00,0.0,0.0,0.0,0.0,0.0,0.0,0.0,0.0
2024-07-24 00:00:00-04:00,0.008455445583222865,0.008455445583222643,0.0,0.0,0.0,0.0,0.0,0.0
2024-07-25 00:00:00-04:00,0.008187362423201616,0.008187362423201838,0.0,0.0,0.0,0.0,0.0,0.0
2024-07-26 00:00:00-04:00,-0.0015783821831553135,-0.0015783821831552025,-0.0015783821831552025,-0.0015783821831552025,-0.0015783821831552025,-0.0015783821831553135,-0.005076595801633443,-0.005076595801633443
2024-07-29 00:00:00-04:00,0.0,0.0,0.0,0.0,0.0,0.0,0.0,0.0
2024-07-30 00:00:00-04:00,-0.0005974395461544324,-0.0005974395461543214,-0.0005974395461543214,-0.0005974395461543214,-0.0005974395461544324,-0.0005974395461544324,-0.0005974395461544324,-0.0005974395461544324
2024-07-31 00:00:00-04:00,6.105952132062775e-05,6.10595213208498e-05,0.0,0.0,6.105952132062775e-05,6.105952132062775e-05,6.10595213208498e-05,6.105952132062775e-05
2024-08-01 00:00:00-04:00,0.0,0.0,0.0,0.0,-0.009889034224723647,-0.009889034224723758,0.0,0.0
2024-08-02 00:00:00-04:00,-0.004882531896306608,-0.004882531896306608,-0.004882531896306608,-0.004882531896306719,0.0,0.0,0.0,0.0
2024-08-05 00:00:00-04:00,-0.0055652151320259025,-0.0055652151320260135,-0.0055652151320260135,-0.0055652151320260135,-0.0055652151320260135,-0.0055652151320260135,0.0,0.0
2024-08-06 00:00:00-04:00,0.001350464703862242,0.001350464703862242,0.001350464703862242,0.001350464703862242,0.001350464703862242,0.001350464703862242,0.001350464703862242,0.001350464703862242
2024-08-07 00:00:00-04:00,0.01830777953013163,0.01830777953013163,0.01830777953013185,0.01830777953013163,0.0,0.01830777953013185,0.01830777953013163,0.01830777953013163
2024-08-08 00:00:00-04:00,0.005126480799451771,0.005126480799451771,0.005126480799451771,0.005126480799451771,0.0,0.005126480799451771,0.005126480799451771,0.0
2024-08-09 00:00:00-04:00,-0.002485961679357662,-0.002485961679357551,-0.0024859616793577732,-0.002485961679357662,-0.0024859616793577732,-0.002485961679357662,-0.002485961679357662,0.0
2024-08-12 00:00:00-04:00,0.0,0.0,0.0,0.0,0.0,0.0,0.0,0.0
2024-08-13 00:00:00-04:00,0.008238117587106908,0.00823811758710713,0.008238117587106908,0.008238117587106908,0.0,0.0,0.0,0.0
2024-08-14 00:00:00-04:00,0.0,0.0,0.0,0.0,0.0,0.0,0.0,0.0
2024-08-15 00:00:00-04:00,0.004646902553181231,0.004646902553181231,0.004646902553181231,0.0,0.0,0.0,0.0,0.0
2024-08-16 00:00:00-04:00,0.0,0.0,0.0,0.0,0.0,0.0,0.0,0.0
2024-08-19 00:00:00-04:00,0.0,0.0,0.0,0.0,0.0,0.0,0.0,0.0
2024-08-20 00:00:00-04:00,0.0,0.0,0.0,0.0,0.0,0.0,0.0,0.0
2024-08-21 00:00:00-04:00,0.0,0.0,0.0,0.0,0.0,0.0,0.0,0.0
2024-08-22 00:00:00-04:00,0.0,0.0,0.0,0.0,0.0,0.0,0.0,0.0
2024-08-23 00:00:00-04:00,-0.009761877098767968,-0.009761877098767968,-0.009761877098767968,-0.0003277429750906391,-0.009761877098767968,-0.009761877098767857,0.0,0.0
2024-08-26 00:00:00-04:00,0.0,0.0,0.0,0.0,0.0,0.0,0.0,0.0
2024-08-27 00:00:00-04:00,0.0,0.0,0.0,0.0,0.0,0.0,0.0,0.0
2024-08-28 00:00:00-04:00,0.0,0.0,0.0,0.0,0.0,0.0,0.0,0.0
2024-08-29 00:00:00-04:00,-0.008024952040037725,-0.008024952040037725,-0.008024952040037725,0.0,-0.008024952040037725,-0.008024952040037614,-0.008024952040037614,-0.008024952040037725
2024-08-30 00:00:00-04:00,0.002904705419493725,0.002904705419493725,0.002904705419493503,0.0,0.002904705419493503,0.002904705419493503,0.002904705419493725,0.002904705419493503
2024-09-03 00:00:00-04:00,0.008646663234216811,0.0,0.0,0.0,0.0,0.008646663234216811,0.0,0.0
2024-09-04 00:00:00-04:00,0.0,0.0,0.0,0.0,0.0,0.0,0.0,0.0
2024-09-05 00:00:00-04:00,-0.0032161691539073223,-0.0032161691539074333,-0.0032161691539074333,-0.0032161691539074333,0.0,0.0,0.0,0.0
2024-09-06 00:00:00-04:00,0.008518386281546109,0.00851838628154633,0.00851838628154633,0.00851838628154633,0.0,0.00851838628154633,0.0,0.0
2024-09-09 00:00:00-04:00,-0.003328118335025776,-0.003328118335025887,-0.003328118335025998,-0.003328118335025887,-0.003328118335025887,-0.003328118335025776,-0.003328118335025887,0.0014316276652135418
2024-09-10 00:00:00-04:00,0.0015042139369705332,0.0015042139369705332,0.0015042139369705332,0.0,0.0015042139369705332,0.0015042139369705332,0.0015042139369705332,0.0015042139369705332
2024-09-11 00:00:00-04:00,0.010275351771580121,0.010275351771580121,0.010275351771580121,-0.00016176547622126503,0.010275351771580121,0.0102753517715799,0.0102753517715799,0.010275351771580121
2024-09-12 00:00:00-04:00,0.005541116863202911,0.005541116863202911,0.005541116863202689,0.0,0.005541116863202911,0.005541116863202689,0.005541116863202689,0.005541116863202689
2024-09-13 00:00:00-04:00,0.0,0.0,0.0,0.0,0.0,0.0,0.0,0.0
2024-09-16 00:00:00-04:00,0.0,0.0,0.0,0.0,0.0,0.0,0.0,0.0
2024-09-17 00:00:00-04:00,0.0,0.0,0.0,0.0,0.0,0.0,0.0,0.0
2024-09-18 00:00:00-04:00,-0.007590984483357821,-0.007590984483357932,-0.007590984483357821,-0.007590984483357821,-0.007590984483357821,-0.007590984483357821,-0.007590984483357932,0.0
2024-09-19 00:00:00-04:00,-0.0009183432575534667,-0.0009183432575532446,-0.0009183432575533557,-0.0009183432575532446,-0.0009183432575533557,-0.0009183432575533557,-0.0009183432575533557,-0.0009183432575533557
2024-09-20 00:00:00-04:00,0.0035412048375595973,0.0035412048375595973,0.0035412048375595973,0.0035412048375595973,0.0035412048375595973,0.0035412048375595973,0.0035412048375595973,0.0
2024-09-23 00:00:00-04:00,-0.0005410738822690941,-0.0005410738822689831,-0.0005410738822690941,-0.0005410738822690941,-0.0005410738822689831,-0.0005410738822689831,-0.0005410738822689831,0.0
2024-09-24 00:00:00-04:00,0.0,0.0,0.0,0.0,0.0,0.0,0.0,0.0
2024-09-25 00:00:00-04:00,0.0,0.0,0.0,0.0,0.0,0.0,0.0,0.0
2024-09-26 00:00:00-04:00,0.0,0.0,0.0,0.0,0.0,0.0,0.0,0.0
2024-09-27 00:00:00-04:00,0.0,0.0,0.0,0.0,0.0,0.0,0.0,0.0
2024-09-30 00:00:00-04:00,0.0,0.0,0.0,0.0,0.0,0.0,0.0,0.0
2024-10-01 00:00:00-04:00,0.0,-0.0023459463047180718,0.0029569958430564203,-0.0023459463047179607,0.0029569958430564203,0.0029569958430564203,0.0029569958430564203,0.0
2024-10-02 00:00:00-04:00,0.0,0.0,0.0,0.0,0.0,0.0,0.0,0.0
2024-10-03 00:00:00-04:00,0.0,0.0,0.0,0.0,0.0,0.0,0.0,0.0
2024-10-04 00:00:00-04:00,0.005257522082310118,0.005257522082310118,0.0,0.0,0.005257522082310118,0.005257522082310118,0.00525752208231034,0.00525752208231034
2024-10-07 00:00:00-04:00,0.0,0.0,0.0,0.0,0.0,0.0,0.0,0.0
2024-10-08 00:00:00-04:00,0.00379599462761826,0.00379599462761826,0.003795994627618482,0.00379599462761826,0.0,0.0,0.0,0.0
2024-10-09 00:00:00-04:00,0.0,0.0,0.0,0.0,0.0,0.0,0.0,0.0
2024-10-10 00:00:00-04:00,0.0,0.0,0.0,0.0,0.0,0.0,0.0,0.0
2024-10-11 00:00:00-04:00,0.0,0.0,0.0,0.0,0.0,0.0,0.0,0.0
2024-10-14 00:00:00-04:00,0.0,0.0,0.0,0.0,0.0,0.0,0.0,0.0
2024-10-15 00:00:00-04:00,0.0,0.0,0.0,0.0,0.0,0.0,0.0,0.0
2024-10-16 00:00:00-04:00,0.0,0.0,0.0,0.0,0.0,0.0,0.0,0.0
2024-10-17 00:00:00-04:00,0.0,0.0,0.0,0.0,0.0,0.0,0.0,0.0
2024-10-18 00:00:00-04:00,0.0003427710814420948,0.0003427710814420948,0.0003427710814420948,0.00034277108144187274,0.0,0.0,0.0,0.0
2024-10-21 00:00:00-04:00,0.0,0.0,0.0,0.0,0.0,0.0,0.0,0.0
2024-10-22 00:00:00-04:00,0.0,0.0,0.0,0.0,0.0,0.0,0.0,0.0
2024-10-23 00:00:00-04:00,0.0,0.0,0.0,0.0,0.0,0.0,0.0,0.0
2024-10-24 00:00:00-04:00,0.0,0.0,0.0,0.0,0.0,0.0,0.0,0.0
2024-10-25 00:00:00-04:00,-0.006038794267764991,-0.006038794267764991,-0.006038794267764991,-0.006038794267764991,-0.008672400204230324,-0.008672400204230546,-0.008672400204230546,-0.008672400204230324
2024-10-28 00:00:00-04:00,0.0,0.0,0.0,0.0,-0.003010183135997546,-0.003010183135997546,-0.003010183135997435,-0.003010183135997435
2024-10-29 00:00:00-04:00,-0.002113086563684141,-0.002113086563684141,-0.00211308656368403,-0.002113086563684141,-0.002113086563684141,-0.002113086563684252,-0.002113086563684141,-0.002113086563684141
2024-10-30 00:00:00-04:00,0.0,0.0,0.0,0.0,0.0,0.0,0.0,0.0
2024-10-31 00:00:00-04:00,0.0,0.0,0.0,0.0,0.0,0.0,0.0,0.0
2024-11-01 00:00:00-04:00,0.0,0.0,0.007588342613528587,0.007588342613528587,0.007588342613528809,0.007588342613528587,0.007588342613528587,0.007588342613528809
2024-11-04 00:00:00-05:00,0.0,0.0,0.0,0.0,0.0,0.0,0.0,0.0
2024-11-05 00:00:00-05:00,0.0043795559846593335,0.0043795559846593335,0.0043795559846595555,0.0043795559846593335,0.0043795559846595555,0.0043795559846593335,0.0043795559846595555,0.0043795559846593335
2024-11-06 00:00:00-05:00,0.0035698346726289465,0.0035698346726289465,0.0,0.0035698346726289465,0.0035698346726291685,0.0035698346726289465,0.0035698346726289465,0.0035698346726289465
2024-11-07 00:00:00-05:00,0.0,0.0,0.0,0.0,0.0,0.0,0.0,0.0
2024-11-08 00:00:00-05:00,0.0,0.0,0.0,0.0,0.0,0.0,0.0,0.0
2024-11-11 00:00:00-05:00,0.0,0.0,0.0,0.0,0.0,0.0,0.0,0.0
2024-11-12 00:00:00-05:00,0.0,0.0,0.0,0.0,0.0,0.0,0.0,0.0
2024-11-13 00:00:00-05:00,0.0,0.0,0.0,0.0,0.0,0.0,0.0,0.0
2024-11-14 00:00:00-05:00,0.0,0.0,0.0,0.0,0.0,0.0,0.0,0.0
2024-11-15 00:00:00-05:00,0.0,0.0,0.0,0.0,0.0,0.0,0.0,0.0
2024-11-18 00:00:00-05:00,0.0,0.0,0.0,0.0,-0.001524119037345839,-0.001524119037345728,0.0,0.0
2024-11-19 00:00:00-05:00,0.0,0.0,0.0,0.0020404779519964666,0.0020404779519964666,0.0020404779519964666,0.0020404779519966887,0.0020404779519966887
2024-11-20 00:00:00-05:00,0.0,0.0,0.0,0.007071502686721187,0.007071502686721409,0.007071502686721187,0.007071502686721187,0.007071502686721409
2024-11-21 00:00:00-05:00,0.001249630797686807,0.001249630797686585,0.0,0.001249630797686585,0.001249630797686807,0.001249630797686585,0.001249630797686807,0.001249630797686807
2024-11-22 00:00:00-05:00,-0.0004232454878706493,-0.0004232454878705383,0.0,-0.0004232454878705383,-0.0004232454878706493,-0.0004232454878706493,0.0,0.0
2024-11-25 00:00:00-05:00,-0.0029319073045301902,-0.0029319073045303012,0.0,-0.0029319073045301902,-0.0029319073045303012,-0.0029319073045303012,-0.0029319073045303012,-0.002931907304530079
2024-11-26 00:00:00-05:00,0.003028653001222903,0.0,0.0,0.003028653001223125,0.003028653001222903,0.003028653001222903,0.0,0.0
2024-11-27 00:00:00-05:00,0.0,0.0,0.0,0.0,0.0,0.0,0.0,0.0
2024-11-29 00:00:00-05:00,0.0,0.0,0.0,0.0,0.0,0.0,0.0,0.0
2024-12-02 00:00:00-05:00,0.0,0.0,0.0,0.0,0.0,0.0,0.0,0.0
2024-12-03 00:00:00-05:00,0.0,0.0,0.0,0.0,0.0,0.0,0.0,0.0
2024-12-04 00:00:00-05:00,0.0,0.0,0.0,0.0,0.0,0.0,0.0,0.0
2024-12-05 00:00:00-05:00,0.0,0.0,0.0,0.0,0.0,0.0,0.0,0.0
2024-12-06 00:00:00-05:00,0.0,0.0,0.0,0.0,0.0,0.0,0.0010299521100283204,0.0
2024-12-09 00:00:00-05:00,0.0,0.0,0.0,0.0,0.0,0.0,0.0,0.0
2024-12-10 00:00:00-05:00,0.0,0.0,0.0,0.0,0.0,0.0,0.0,0.0
2024-12-11 00:00:00-05:00,0.0,0.0,0.0,0.0,-0.0015284279564508063,-0.0015284279564508063,-0.0015284279564508063,0.0
2024-12-12 00:00:00-05:00,0.0,0.0,0.0,0.0,-0.0038426687819538285,-0.0038426687819537175,-0.0038426687819538285,0.0
2024-12-13 00:00:00-05:00,0.0,0.0,0.0,0.0,0.0,0.0,0.0,0.0
2024-12-16 00:00:00-05:00,-0.0007399936943451868,-0.0007399936943451868,0.0,0.0,0.0,0.0,0.0,0.0
2024-12-17 00:00:00-05:00,0.0,0.0,0.0,0.0,0.0,0.0,0.0,0.0
2024-12-18 00:00:00-05:00,-0.004511061631925051,-0.004511061631925051,0.0,0.0,-0.00451106163192494,-0.004511061631925162,-0.00451106163192494,-0.004511061631925051
2024-12-19 00:00:00-05:00,0.0,0.0,0.0,0.0,0.0,0.0,0.0,0.0
2024-12-20 00:00:00-05:00,0.0022793878630418263,0.0022793878630416042,0.0,0.0022793878630416042,0.0022793878630416042,0.0022793878630416042,0.0022793878630416042,0.0022793878630416042
2024-12-23 00:00:00-05:00,0.002343297063704064,0.002343297063703842,0.0,0.002343297063703842,0.002343297063703842,0.002343297063704064,0.002343297063703842,0.002343297063704064
2024-12-24 00:00:00-05:00,0.004861392568045408,0.004861392568045408,0.0,0.004861392568045408,0.004861392568045408,0.004861392568045408,0.004861392568045408,0.004861392568045408
2024-12-26 00:00:00-05:00,0.0,-0.0006237030774876029,0.0,0.0,0.0,0.0,0.0,0.0
2024-12-27 00:00:00-05:00,0.0,0.0,0.0,0.0,0.0,0.0,0.0,0.0
2024-12-30 00:00:00-05:00,0.003565520182101878,0.003565520182101878,0.0,0.0,0.003565520182101878,0.003565520182101878,0.003565520182101878,0.0
2024-12-31 00:00:00-05:00,-0.00044373769898109483,-0.00044373769898109483,0.0,-0.00044373769898109483,-0.00044373769898109483,-0.00044373769898109483,-0.00044373769898109483,0.0
2025-01-02 00:00:00-05:00,-0.004070654666503137,-0.004070654666503026,0.0,-0.004070654666503137,-0.004070654666503026,-0.004070654666503026,-0.004070654666503026,0.0
2025-01-03 00:00:00-05:00,-0.006372381795106352,-0.006372381795106463,0.0,-0.006372381795106463,-0.006372381795106463,-0.006372381795106574,-0.006372381795106463,-0.0005615713293044555
2025-01-06 00:00:00-05:00,-0.006055722959729892,-0.006055722959729892,0.0,-0.006055722959729781,-0.006055722959729781,-0.006055722959729892,-0.006055722959729781,-0.006055722959729781
2025-01-07 00:00:00-05:00,0.0,0.0,0.0,0.0,0.0,0.0,0.0,0.0
2025-01-08 00:00:00-05:00,-0.0007193885864855698,-0.0007193885864855698,0.0,0.0,-0.0007193885864856808,-0.0007193885864855698,-0.0007193885864855698,-0.0007193885864855698
2025-01-10 00:00:00-05:00,0.0021836620980293375,0.0021836620980291155,0.0,0.0,0.0021836620980291155,0.0021836620980293375,0.0021836620980291155,0.0021836620980293375
2025-01-13 00:00:00-05:00,-0.009689482976087516,-0.009689482976087516,0.0,0.0,-0.009689482976087516,-0.009689482976087516,-0.009689482976087516,-0.009689482976087516
2025-01-14 00:00:00-05:00,0.0,0.0,0.0,0.0,0.0,0.0,0.0,0.0
2025-01-15 00:00:00-05:00,0.0,0.0,0.0005401026432045875,0.0005401026432045875,0.0005401026432045875,0.0005401026432045875,0.0005401026432045875,0.0005401026432045875
2025-01-16 00:00:00-05:00,0.0,0.0,0.0,0.0,0.0,0.0,0.0,0.0
2025-01-17 00:00:00-05:00,0.0,0.0,0.0,0.0,0.0007734187125132408,0.0007734187125132408,0.0007734187125132408,0.0007734187125132408
2025-01-21 00:00:00-05:00,0.0,0.0,0.0,0.0,0.0,0.0,0.0,0.0
2025-01-22 00:00:00-05:00,0.0,0.0,0.0,0.0,0.0,0.0,0.0,0.0
2025-01-23 00:00:00-05:00,0.0,0.0,0.0,0.0,0.0,0.0,0.0,0.0
2025-01-24 00:00:00-05:00,0.0,0.0,0.0,0.0,0.0,0.0,0.0,0.0
2025-01-27 00:00:00-05:00,0.0,0.0,0.0,0.0,0.0,0.0,0.0,0.0
2025-01-28 00:00:00-05:00,0.0,0.0,-0.003534866476408105,-0.003534866476408105,-0.003534866476407994,-0.003534866476407994,-0.003534866476408105,-0.003534866476407994
2025-01-29 00:00:00-05:00,0.0,0.0,-0.0027851890243199007,-0.0027851890243200117,0.0038311287702144092,0.0038311287702146313,0.0038311287702144092,0.0038311287702144092
2025-01-30 00:00:00-05:00,0.0,0.0,0.0,0.0,-0.000149422919052844,-0.000149422919052844,-0.000149422919052844,-0.000149422919052844
2025-01-31 00:00:00-05:00,0.0,0.0,-0.008653388777121296,-0.008653388777121185,-0.013315442146909051,-0.013315442146909051,-0.013315442146909051,-0.013315442146909051
2025-02-03 00:00:00-05:00,0.0,0.0,0.0,0.0,0.0,0.0,-0.0023719884470494446,-0.0023719884470495556
2025-02-04 00:00:00-05:00,0.0,0.0,0.0,0.0,0.0,0.0,-0.0022209691892018935,-0.0022209691892017824
2025-02-05 00:00:00-05:00,0.0,0.0,0.0,0.0,0.0012533159502654545,0.0012533159502654545,0.0012533159502654545,0.0012533159502656765
2025-02-06 00:00:00-05:00,0.0,0.0,0.0,0.0,0.0,0.0,0.0,0.0
2025-02-07 00:00:00-05:00,0.0,0.0,0.0,0.0,0.0,0.0,-0.0022997598617562343,-0.0022997598617564563
2025-02-10 00:00:00-05:00,0.0,0.0,0.0,0.0,-0.0001156883603447012,-0.0001156883603447012,-0.0001156883603447012,-0.00011568836034459018
2025-02-11 00:00:00-05:00,0.0,0.0,0.0,0.0,0.0,0.0,0.0,0.0
2025-02-12 00:00:00-05:00,0.0,0.0,0.0,0.0,0.003003746622726844,0.003003746622726622,0.003003746622726844,0.003003746622726622
2025-02-13 00:00:00-05:00,0.0,0.0,0.0,0.0,0.0057546148208287295,0.0057546148208287295,0.0057546148208287295,0.0057546148208287295
2025-02-14 00:00:00-05:00,0.0,0.0,0.0,0.0,0.0,0.0,0.0,0.0
2025-02-18 00:00:00-05:00,0.0,0.0,0.0,0.0,0.0,0.0,0.0,0.0
2025-02-19 00:00:00-05:00,0.0,0.0,0.0,0.0,0.0,0.0,0.0,-6.689071184085016e-05
2025-02-20 00:00:00-05:00,0.0,0.0,0.0,0.0,0.0,0.0,0.0,0.0
2025-02-21 00:00:00-05:00,0.0,0.0,0.0,0.0,0.0,0.0,0.0,0.0
2025-02-24 00:00:00-05:00,0.0,0.0,0.0,0.0,0.006002786834176765,0.006002786834176765,0.006002786834176765,-0.0033511485636886773
2025-02-25 00:00:00-05:00,0.0,0.0,0.0,-0.001110542177543028,-0.004887721292330727,-0.004887721292330616,-0.004887721292330616,-0.004887721292330616
2025-02-26 00:00:00-05:00,0.00760177844007992,0.0,0.0,0.0076017784400801425,0.00760177844007992,0.00760177844007992,0.00760177844007992,0.00760177844007992
2025-02-27 00:00:00-05:00,0.0,0.0,0.0,0.0,0.0,0.0,0.0,0.0
2025-02-28 00:00:00-05:00,0.0,0.0,0.0,0.00041973457158439587,-0.00813156924519165,-0.00813156924519165,-0.008131569245191539,-0.00813156924519165
2025-03-03 00:00:00-05:00,0.0,0.0,0.0,0.0,0.0,0.0,0.0,0.009403536424825498
2025-03-04 00:00:00-05:00,0.0,0.0,0.0,-0.0005681308073492985,-0.0005681308073492985,-0.0005681308073492985,-0.0005681308073492985,-0.0002667554165509678
2025-03-05 00:00:00-05:00,-0.0006375221978228707,-0.0006375221978228707,0.0,-0.0006375221978227597,-0.0006375221978229817,-0.0006375221978229817,-0.0006375221978228707,-0.0006375221978227597
2025-03-06 00:00:00-05:00,0.0,0.0,0.0,0.012723076358218677,0.012723076358218677,0.012723076358218455,0.012723076358218677,0.012723076358218677
2025-03-07 00:00:00-05:00,0.0,0.0,0.0,-0.005774496609204927,-0.005774496609205038,-0.005774496609205038,-0.005774496609205038,-0.012881541252946715
2025-03-10 00:00:00-04:00,0.0,0.0,0.0,0.0,0.0,0.0,0.014235662238191837,0.014235662238191837
2025-03-11 00:00:00-04:00,0.0,0.0,0.0,-0.013759104352128682,0.0039094152827807704,0.003909415282780548,0.003909415282780548,-0.013759104352128793
2025-03-12 00:00:00-04:00,0.0,0.0,0.0,0.00423271766293154,0.00423271766293154,0.00423271766293154,0.00423271766293154,0.00423271766293154
2025-03-13 00:00:00-04:00,0.0,0.0,0.0,0.0,0.0,0.0,0.0,0.0
2025-03-14 00:00:00-04:00,0.0,0.0,0.0,-0.01060045957729916,0.002178723665200666,-0.01060045957729927,0.002178723665200666,-0.01060045957729916
2025-03-17 00:00:00-04:00,0.0,0.0,0.0,0.0,0.001926142335035852,0.001926142335035852,0.001926142335035852,0.001926142335035852
2025-03-18 00:00:00-04:00,0.0,0.0,0.0,0.0,0.0,0.0,0.0,0.0
2025-03-19 00:00:00-04:00,0.0,0.0,0.0,-0.0005414847279316959,-0.0005414847279316959,-0.0005414847279316959,-0.0005414847279316959,0.004242772977037568
2025-03-20 00:00:00-04:00,0.0,0.0,0.0,0.0,0.0,0.0,0.0,0.0
2025-03-21 00:00:00-04:00,0.0,0.0,0.0,0.0,0.00746090550548395,0.00746090550548395,0.0,0.00746090550548395
2025-03-24 00:00:00-04:00,0.0,0.0,0.0,0.001325159713129187,0.001325159713129187,0.001325159713129187,0.001325159713129187,0.001325159713129187
2025-03-25 00:00:00-04:00,0.0,0.0,0.0,0.0,0.0,0.0,0.0,0.0
2025-03-26 00:00:00-04:00,-0.002009056247481933,0.0,-0.006451505129263291,0.0,0.0,0.0,0.0,0.0
2025-03-27 00:00:00-04:00,0.0,0.0,0.0,0.0,0.0,0.0,0.0,0.0
2025-03-28 00:00:00-04:00,0.0,0.0,0.006487242354438427,0.0,0.0,0.0,0.0,0.0
2025-03-31 00:00:00-04:00,0.0,0.0,0.0,-0.01091246695733239,-0.010912466957332279,-0.0109124669573325,-0.01091246695733239,-0.014074994901779214
2025-04-01 00:00:00-04:00,0.0,0.0,0.0,-0.0005807792003911239,-0.0115627620901807,-0.011562762090180367,-0.011562762090180478,-0.01156276209018059
2025-04-02 00:00:00-04:00,0.0,0.0,0.0,-0.0026421518632661067,-0.0026421518632659957,-0.0026421518632659957,-0.0026421518632659957,-0.0026421518632661067
2025-04-03 00:00:00-04:00,0.0,0.0,0.00974299620357999,0.0,0.0,0.0,0.0,0.0
2025-04-04 00:00:00-04:00,0.02063871143617768,0.0,0.020638711436177903,0.0,0.0,0.0,0.0,0.0
2025-04-07 00:00:00-04:00,-0.023052669968063766,0.0,-0.023052669968063766,-0.02116549869271267,-0.02116549869271256,-0.02116549869271256,0.0019317021679046142,-0.02116549869271256
2025-04-08 00:00:00-04:00,0.0,0.0,0.0,0.03885695960564961,0.03885695960564983,0.03885695960564961,0.02754025479846378,0.03885695960564961
2025-04-09 00:00:00-04:00,0.0,0.0,0.0,0.033162851546745475,0.03316285154674525,0.033162851546745475,0.03316285154674525,0.033162851546745475
2025-04-10 00:00:00-04:00,0.0,0.0,-0.06005977737597645,-0.06005977737597634,-0.04251808078877939,-0.04251808078877939,-0.06005977737597634,-0.06005977737597645
2025-04-11 00:00:00-04:00,0.0013251515974173067,0.0013251515974175287,0.0013251515974175287,0.0013251515974173067,0.0013251515974173067,0.0013251515974173067,0.0013251515974175287,0.0013251515974175287
2025-04-14 00:00:00-04:00,0.0,0.0,0.0,0.0,0.0,0.0,0.0,0.0
2025-04-15 00:00:00-04:00,0.0,0.0,0.0,0.0,0.0,0.0,0.0,0.0
2025-04-16 00:00:00-04:00,0.011139379146494655,0.011139379146494877,0.011139379146494877,0.011139379146494877,0.0,0.0,0.0,0.0
2025-04-17 00:00:00-04:00,0.005580816919227072,0.005580816919227072,0.005580816919227072,0.005580816919227072,0.005580816919227072,0.005580816919227072,0.005580816919227072,0.005580816919227072
2025-04-21 00:00:00-04:00,0.0,0.0030143452042366015,0.0030143452042366015,0.0030143452042366015,0.0,0.0,0.0030143452042366015,0.0030143452042366015
2025-04-22 00:00:00-04:00,0.007203643010560645,0.007203643010560423,0.007203643010560645,0.007203643010560423,0.007203643010560645,0.007203643010560645,0.007203643010560645,0.007203643010560645
2025-04-23 00:00:00-04:00,-0.01565714399920226,-0.01565714399920226,-0.01565714399920226,-0.01565714399920215,-0.01565714399920215,-0.01565714399920215,-0.01565714399920215,-0.01565714399920215
2025-04-24 00:00:00-04:00,0.0036645766827723136,0.0036645766827723136,0.0036645766827720916,0.0036645766827723136,0.0036645766827720916,0.0036645766827720916,0.0036645766827723136,0.0036645766827723136
2025-04-25 00:00:00-04:00,0.0,0.0,0.0,0.0,0.0,0.0,0.0,0.0
2025-04-28 00:00:00-04:00,0.0,0.0,0.0,0.0,0.0,0.0,0.0,0.0
2025-04-29 00:00:00-04:00,0.0,0.0,0.0,0.0,0.0,0.0,0.0,0.0
2025-04-30 00:00:00-04:00,0.0,0.0,-0.018667857514161224,-0.018667857514161112,0.0,0.0,0.0,0.0
2025-05-01 00:00:00-04:00,-0.006583798525275464,-0.006583798525275464,-0.006583798525275464,-0.006583798525275464,-0.006583798525275353,-0.006583798525275464,-0.006583798525275353,-0.006583798525275575
2025-05-02 00:00:00-04:00,0.000374380456861223,0.000374380456861223,0.000374380456861223,0.000374380456861223,0.00037438045686144505,0.000374380456861223,0.00037438045686144505,0.00037438045686144505
2025-05-05 00:00:00-04:00,0.0,0.0,0.0,0.0,0.0,0.0,0.0,0.0
2025-05-06 00:00:00-04:00,0.0,0.0,0.0,0.0,0.0029923778711336,0.0029923778711336,0.0,0.0
2025-05-07 00:00:00-04:00,0.0,0.0,0.0,0.0,0.0,0.0,0.0,0.0
2025-05-08 00:00:00-04:00,-0.007717810440463824,-0.001010657051512709,-0.0010106570515125979,-0.001010657051512709,-0.001010657051512709,-0.001010657051512709,-0.007717810440463824,-0.007717810440463713
2025-05-09 00:00:00-04:00,0.0,-0.0004700940183177682,-0.0004700940183176572,-0.00047009401831754616,-0.0004700940183177682,-0.0004700940183176572,-0.0004700940183176572,-0.00047009401831754616
2025-05-12 00:00:00-04:00,0.007692114176708342,0.007692114176708342,0.007692114176708564,0.007692114176708564,0.007692114176708564,0.007692114176708342,0.007692114176708564,0.007692114176708564
2025-05-13 00:00:00-04:00,-0.00025194105909909226,-0.00025194105909898123,-0.00025194105909898123,-0.00025194105909909226,-0.00025194105909898123,-0.00025194105909898123,-0.00025194105909909226,-0.0002519410590988702
2025-05-14 00:00:00-04:00,0.0,0.0,0.0,0.0,0.0,0.0,0.0,0.0
2025-05-15 00:00:00-04:00,-0.0006473871123756636,-0.0006473871123756636,-0.0006473871123756636,-0.0006473871123755526,-0.0006473871123756636,-0.0006473871123755526,-0.0006473871123756636,-0.0006473871123756636
2025-05-16 00:00:00-04:00,0.0018222761621402572,0.0018222761621402572,0.0018222761621402572,0.0018222761621402572,0.0018222761621402572,0.0018222761621402572,0.0018222761621402572,0.0018222761621402572
2025-05-19 00:00:00-04:00,0.0,0.0,0.0,0.0,0.0,0.0,0.0,0.0
2025-05-20 00:00:00-04:00,0.0,0.0,0.0,0.0,0.0,0.0,0.0,0.0
2025-05-21 00:00:00-04:00,0.0,0.0,0.0,0.0,0.0,0.0,0.0,0.0
2025-05-22 00:00:00-04:00,0.005712065399640975,0.005712065399640975,0.005712065399640975,0.005712065399640975,0.005712065399640753,0.005712065399640975,0.005712065399640975,0.005712065399640975
2025-05-23 00:00:00-04:00,0.0,0.0,0.0,-0.0026993759806065443,-0.0026993759806064332,-0.0026993759806064332,-0.0026993759806064332,-0.0026993759806064332
2025-05-27 00:00:00-04:00,-0.011397068568603896,-0.011397068568603896,-0.011397068568603896,-0.011397068568604007,-0.011397068568603896,-0.011397068568604007,-0.011397068568604007,-0.011397068568603896
2025-05-28 00:00:00-04:00,0.0,0.0,0.0,0.0,0.0,0.0,0.0,0.0
2025-05-29 00:00:00-04:00,0.0,0.0,0.0,0.0,0.0,0.0,0.0,0.0
2025-05-30 00:00:00-04:00,-0.0021962071065432243,-0.0021962071065432243,0.0,-0.0021962071065433353,-0.0021962071065432243,-0.0021962071065432243,-0.0021962071065432243,-0.0021962071065433353
2025-06-02 00:00:00-04:00,0.00022897143956446264,0.0002289714395642406,0.0,0.00022897143956446264,0.0002289714395642406,0.00022897143956446264,0.00022897143956446264,0.00022897143956446264
2025-06-03 00:00:00-04:00,0.0,-0.00014882450833586525,-0.00014882450833597627,-0.00014882450833586525,-0.00014882450833586525,-0.00014882450833586525,-0.00014882450833586525,-0.00014882450833597627
2025-06-04 00:00:00-04:00,0.0,0.0,0.0,0.0,0.0,0.0,0.0,0.0
2025-06-05 00:00:00-04:00,0.0,-0.007204007075475083,-0.007204007075475194,-0.007204007075475194,-0.007204007075475305,-0.007204007075475083,-0.007204007075475194,-0.007204007075475305
2025-06-06 00:00:00-04:00,0.0,-0.00042051414513777363,-0.0004205141451376626,-0.00042051414513777363,-0.00042051414513777363,-0.00042051414513777363,-0.00042051414513777363,-0.0004205141451376626
2025-06-09 00:00:00-04:00,-0.0023146162541105575,-0.0023146162541106685,-0.0023146162541106685,-0.0023146162541106685,-0.0023146162541105575,-0.0023146162541105575,-0.0023146162541106685,-0.0023146162541105575
2025-06-10 00:00:00-04:00,0.0,0.0,0.0,0.0005084161860651193,0.0005084161860653413,0.0005084161860651193,0.0005084161860651193,0.0005084161860651193
2025-06-11 00:00:00-04:00,0.0,0.0,0.0009167368929039466,0.0,0.0009167368929039466,0.0009167368929039466,0.0009167368929039466,0.0009167368929039466
2025-06-12 00:00:00-04:00,0.0,0.0,0.0,0.0010136968498997145,0.0010136968498994925,0.0010136968498994925,0.0010136968498997145,0.0010136968498997145
2025-06-13 00:00:00-04:00,0.0,0.0,0.0,-0.007779569392636909,-0.007779569392636687,-0.007779569392636687,-0.007779569392636687,-0.007779569392636687
2025-06-16 00:00:00-04:00,0.0,0.0,0.0,-0.002454699917847414,-0.002454699917847414,-0.002454699917847303,-0.002454699917847303,-0.002454699917847303
2025-06-17 00:00:00-04:00,-0.00045533806979958236,0.0,0.0,0.004660087774997157,0.004660087774997157,0.004660087774997157,-0.00045533806979958236,0.0
2025-06-18 00:00:00-04:00,-0.0011540192035282004,0.0,0.0,-0.0057323364879858785,-0.0057323364879858785,-0.0057323364879858785,-0.0057323364879859895,-0.0057323364879859895
2025-06-20 00:00:00-04:00,0.0,0.0,0.0,-0.0014983820277256754,-0.0014983820277256754,-0.0014983820277256754,0.0,0.0
2025-06-23 00:00:00-04:00,-0.007606804123817312,0.0,0.0,-0.011785438153257388,-0.011785438153257277,-0.011785438153257388,-0.011785438153257388,-0.011785438153257388
2025-06-24 00:00:00-04:00,0.0,0.0,0.0,0.0034038996261323007,0.0034038996261323007,0.0034038996261323007,0.0034038996261323007,0.0034038996261323007
2025-06-25 00:00:00-04:00,0.0,0.0,0.0,0.0,0.0,0.0,0.0,0.0
2025-06-26 00:00:00-04:00,0.0,0.0,0.0,0.0030234661835950583,0.0,0.0,0.0,0.0
2025-06-27 00:00:00-04:00,-0.006647333994209248,-0.006647333994209359,-0.006647333994209248,-0.006647333994209359,0.0,0.0,0.0,0.0
2025-06-30 00:00:00-04:00,-0.00023278237802304425,-0.00023278237802304425,-0.00023278237802315527,-0.00023278237802304425,0.0,0.0,0.0,-0.00023278237802304425
2025-07-01 00:00:00-04:00,0.0,0.0,0.0,0.0,0.0,0.0,0.0,0.0
2025-07-02 00:00:00-04:00,0.0,0.0,0.0,0.0012887671028685155,0.0,0.0,0.0,0.0
2025-07-03 00:00:00-04:00,0.0,0.0,0.0,0.00036754462051979964,0.0,0.0,0.00036754462051979964,0.00036754462051979964
2025-07-07 00:00:00-04:00,0.00015930195092384025,0.00015930195092384025,0.0001593019509240623,-0.0058282798367926825,0.0,0.0,0.0,-0.005986628106179781
2025-07-08 00:00:00-04:00,0.0,0.0,0.0,0.0,0.0,0.0,0.0,0.0
2025-07-09 00:00:00-04:00,0.0,-0.001240895484205251,-0.001240895484205251,-0.001240895484205251,0.0,0.0,0.0,0.0
2025-07-10 00:00:00-04:00,0.0,0.0,0.0,-0.0006046459320263597,-0.0006046459320263597,-0.0006046459320264708,-0.0006046459320263597,-0.0006046459320262487
2025-07-11 00:00:00-04:00,0.0,0.0,-0.0008171405081713878,-0.0008171405081713878,0.0,-0.0008171405081713878,-0.0008171405081712768,-0.0008171405081712768
2025-07-14 00:00:00-04:00,0.0,0.0,0.0,,0.0,0.0,0.0,
2025-07-15 00:00:00-04:00,0.0,0.0,0.0,,0.0,0.0,0.0,
2025-07-16 00:00:00-04:00,0.0,0.0,0.0,,0.0,0.0,0.0,
2025-07-17 00:00:00-04:00,0.0,0.0,0.0,,0.0,0.0,0.0,
2025-07-18 00:00:00-04:00,0.0,0.0,0.0,,0.0,0.0,0.0,
2025-07-21 00:00:00-04:00,0.0,0.0,0.0,,0.0,0.0,0.0,
2025-07-22 00:00:00-04:00,0.0,0.0,0.0,,0.0,0.0,0.0,
2025-07-23 00:00:00-04:00,0.0,0.0,0.0,,0.0,0.0,0.0,
2025-07-24 00:00:00-04:00,0.0,0.0,0.0,,0.0,0.0,0.0,
2025-07-25 00:00:00-04:00,0.0,0.0,0.0,,0.0,0.0,0.0,
2025-07-28 00:00:00-04:00,0.0,0.0,0.0,,0.0,0.0,0.0,
2025-07-29 00:00:00-04:00,0.0,0.0,0.0,,0.0,0.0,0.0,
2025-07-30 00:00:00-04:00,0.0,0.0,0.0,,0.0,0.0,0.0,
2025-07-31 00:00:00-04:00,0.0,0.0,0.0,,-0.005708362430535074,-0.0057083624305351854,-0.0057083624305351854,
2025-08-01 00:00:00-04:00,0.0,0.0,0.0,,0.0024672667923724134,0.0024672667923721914,0.0024672667923724134,
2025-08-04 00:00:00-04:00,0.0,0.0,0.0,,-0.0028739209154593492,-0.0028739209154593492,-0.0028739209154593492,
2025-08-05 00:00:00-04:00,0.0,0.0,0.0,,0.0,0.0,0.0,
2025-08-06 00:00:00-04:00,0.0,0.0,0.0,,0.0010028399960730905,0.0010028399960730905,0.0010028399960730905,
2025-08-07 00:00:00-04:00,0.0,0.0,0.0,,0.0,0.0,0.0,
2025-08-08 00:00:00-04:00,0.0,0.0,0.0,,0.0,0.0,0.0,
2025-08-11 00:00:00-04:00,0.0,0.0,0.0,,0.0,0.0,0.0,
2025-08-12 00:00:00-04:00,0.0,0.0,0.0,,0.0,0.0,0.0,
2025-08-13 00:00:00-04:00,0.0,0.0,0.0,,0.0,0.0,0.0,
2025-08-14 00:00:00-04:00,0.0,0.0,0.0,,0.0,0.0,0.0,
2025-08-15 00:00:00-04:00,0.0,0.0,0.0,,0.0,0.0,0.0,
2025-08-18 00:00:00-04:00,0.0,0.0,0.0,,0.0,0.0,0.0,
2025-08-19 00:00:00-04:00,0.0,0.0,0.0,,0.0,0.0,0.0,
2025-08-20 00:00:00-04:00,0.0,0.0,0.0,,-0.002892541440384755,0.0,0.0,
2025-08-21 00:00:00-04:00,0.0,0.0,0.0,,0.0,0.0,0.0,
2025-08-22 00:00:00-04:00,0.0,0.0,0.0,,0.001562142556732704,0.001562142556732704,0.001562142556732704,
2025-08-25 00:00:00-04:00,0.0,0.0,0.0,,0.0,0.0,0.0,
2025-08-26 00:00:00-04:00,0.0,0.0,0.0,,0.0,0.0,0.0,
2025-08-27 00:00:00-04:00,0.0,0.0,0.0,,0.0,0.0,0.0,
2025-08-28 00:00:00-04:00,0.0,0.0,0.0,,0.0,0.0,0.0,
2025-08-29 00:00:00-04:00,0.0,0.0,0.0,,0.0,0.0,0.0,
2025-09-02 00:00:00-04:00,0.0,0.0,0.0,,0.0,0.0,0.0,
2025-09-03 00:00:00-04:00,0.0,0.0,0.0,,0.0,0.0,0.0,
2025-09-04 00:00:00-04:00,0.0,0.0,0.0,,0.0,0.0,0.0,
2025-09-05 00:00:00-04:00,0.0,0.0,0.0,,0.0,0.0,0.0,
2025-09-08 00:00:00-04:00,0.0,0.0,0.0,,0.0,0.0,0.0,
2025-09-09 00:00:00-04:00,0.0,0.0,0.0,,0.0,0.0,0.0,
2025-09-10 00:00:00-04:00,0.0,0.0,0.0,,0.0,0.0,0.0,
2025-09-11 00:00:00-04:00,0.0,0.0,,,0.0,0.0,,
2025-09-12 00:00:00-04:00,0.0,0.0,,,0.0,0.0,,
2025-09-15 00:00:00-04:00,0.0,0.0,,,0.0,0.0,,
2025-09-16 00:00:00-04:00,0.0,0.0,,,0.0,0.0,,
2025-09-17 00:00:00-04:00,0.0,0.0,,,0.0,0.0,,
2025-09-18 00:00:00-04:00,0.0,0.0,,,-0.003357532243846495,-0.003357532243846384,,
2025-09-19 00:00:00-04:00,0.0,,,,0.0015543762844261177,0.0015543762844261177,,
2025-09-22 00:00:00-04:00,0.0,,,,0.002535825224428079,0.002535825224428079,,
2025-09-23 00:00:00-04:00,0.0,,,,-0.003672693900549473,,,
2025-09-24 00:00:00-04:00,0.0,,,,0.0,,,
2025-09-25 00:00:00-04:00,0.0,,,,0.004044038815938844,,,
2025-09-26 00:00:00-04:00,,,,,0.0,,,
2025-09-29 00:00:00-04:00,,,,,-0.004347644574615894,,,
