kind,date,event_time,value,known_from,scheduled,source
CPI,2016-01-20,08:30,1.0,2016-01-01,1,https://www.bls.gov/bls/news-release/cpi.htm + https://www.bls.gov/schedule/news_release/cpi.htm
CPI,2016-02-19,08:30,1.0,2016-01-01,1,https://www.bls.gov/bls/news-release/cpi.htm + https://www.bls.gov/schedule/news_release/cpi.htm
CPI,2016-03-16,08:30,1.0,2016-01-01,1,https://www.bls.gov/bls/news-release/cpi.htm + https://www.bls.gov/schedule/news_release/cpi.htm
CPI,2016-04-14,08:30,1.0,2016-01-01,1,https://www.bls.gov/bls/news-release/cpi.htm + https://www.bls.gov/schedule/news_release/cpi.htm
CPI,2016-05-17,08:30,1.0,2016-01-01,1,https://www.bls.gov/bls/news-release/cpi.htm + https://www.bls.gov/schedule/news_release/cpi.htm
CPI,2016-06-16,08:30,1.0,2016-01-01,1,https://www.bls.gov/bls/news-release/cpi.htm + https://www.bls.gov/schedule/news_release/cpi.htm
CPI,2016-07-15,08:30,1.0,2016-01-01,1,https://www.bls.gov/bls/news-release/cpi.htm + https://www.bls.gov/schedule/news_release/cpi.htm
CPI,2016-08-16,08:30,1.0,2016-01-01,1,https://www.bls.gov/bls/news-release/cpi.htm + https://www.bls.gov/schedule/news_release/cpi.htm
CPI,2016-09-16,08:30,1.0,2016-01-01,1,https://www.bls.gov/bls/news-release/cpi.htm + https://www.bls.gov/schedule/news_release/cpi.htm
CPI,2016-10-18,08:30,1.0,2016-01-01,1,https://www.bls.gov/bls/news-release/cpi.htm + https://www.bls.gov/schedule/news_release/cpi.htm
CPI,2016-11-17,08:30,1.0,2016-01-01,1,https://www.bls.gov/bls/news-release/cpi.htm + https://www.bls.gov/schedule/news_release/cpi.htm
CPI,2016-12-15,08:30,1.0,2016-01-01,1,https://www.bls.gov/bls/news-release/cpi.htm + https://www.bls.gov/schedule/news_release/cpi.htm
CPI,2017-01-18,08:30,1.0,2017-01-01,1,https://www.bls.gov/bls/news-release/cpi.htm + https://www.bls.gov/schedule/news_release/cpi.htm
CPI,2017-02-15,08:30,1.0,2017-01-01,1,https://www.bls.gov/bls/news-release/cpi.htm + https://www.bls.gov/schedule/news_release/cpi.htm
CPI,2017-03-15,08:30,1.0,2017-01-01,1,https://www.bls.gov/bls/news-release/cpi.htm + https://www.bls.gov/schedule/news_release/cpi.htm
CPI,2017-04-14,08:30,1.0,2017-01-01,1,https://www.bls.gov/bls/news-release/cpi.htm + https://www.bls.gov/schedule/news_release/cpi.htm
CPI,2017-05-12,08:30,1.0,2017-01-01,1,https://www.bls.gov/bls/news-release/cpi.htm + https://www.bls.gov/schedule/news_release/cpi.htm
CPI,2017-06-14,08:30,1.0,2017-01-01,1,https://www.bls.gov/bls/news-release/cpi.htm + https://www.bls.gov/schedule/news_release/cpi.htm
CPI,2017-07-14,08:30,1.0,2017-01-01,1,https://www.bls.gov/bls/news-release/cpi.htm + https://www.bls.gov/schedule/news_release/cpi.htm
CPI,2017-08-11,08:30,1.0,2017-01-01,1,https://www.bls.gov/bls/news-release/cpi.htm + https://www.bls.gov/schedule/news_release/cpi.htm
CPI,2017-09-14,08:30,1.0,2017-01-01,1,https://www.bls.gov/bls/news-release/cpi.htm + https://www.bls.gov/schedule/news_release/cpi.htm
CPI,2017-10-13,08:30,1.0,2017-01-01,1,https://www.bls.gov/bls/news-release/cpi.htm + https://www.bls.gov/schedule/news_release/cpi.htm
CPI,2017-11-15,08:30,1.0,2017-01-01,1,https://www.bls.gov/bls/news-release/cpi.htm + https://www.bls.gov/schedule/news_release/cpi.htm
CPI,2017-12-13,08:30,1.0,2017-01-01,1,https://www.bls.gov/bls/news-release/cpi.htm + https://www.bls.gov/schedule/news_release/cpi.htm
CPI,2018-01-12,08:30,1.0,2018-01-01,1,https://www.bls.gov/bls/news-release/cpi.htm + https://www.bls.gov/schedule/news_release/cpi.htm
CPI,2018-02-14,08:30,1.0,2018-01-01,1,https://www.bls.gov/bls/news-release/cpi.htm + https://www.bls.gov/schedule/news_release/cpi.htm
CPI,2018-03-13,08:30,1.0,2018-01-01,1,https://www.bls.gov/bls/news-release/cpi.htm + https://www.bls.gov/schedule/news_release/cpi.htm
CPI,2018-04-11,08:30,1.0,2018-01-01,1,https://www.bls.gov/bls/news-release/cpi.htm + https://www.bls.gov/schedule/news_release/cpi.htm
CPI,2018-05-10,08:30,1.0,2018-01-01,1,https://www.bls.gov/bls/news-release/cpi.htm + https://www.bls.gov/schedule/news_release/cpi.htm
CPI,2018-06-12,08:30,1.0,2018-01-01,1,https://www.bls.gov/bls/news-release/cpi.htm + https://www.bls.gov/schedule/news_release/cpi.htm
CPI,2018-07-12,08:30,1.0,2018-01-01,1,https://www.bls.gov/bls/news-release/cpi.htm + https://www.bls.gov/schedule/news_release/cpi.htm
CPI,2018-08-10,08:30,1.0,2018-01-01,1,https://www.bls.gov/bls/news-release/cpi.htm + https://www.bls.gov/schedule/news_release/cpi.htm
CPI,2018-09-13,08:30,1.0,2018-01-01,1,https://www.bls.gov/bls/news-release/cpi.htm + https://www.bls.gov/schedule/news_release/cpi.htm
CPI,2018-10-11,08:30,1.0,2018-01-01,1,https://www.bls.gov/bls/news-release/cpi.htm + https://www.bls.gov/schedule/news_release/cpi.htm
CPI,2018-11-14,08:30,1.0,2018-01-01,1,https://www.bls.gov/bls/news-release/cpi.htm + https://www.bls.gov/schedule/news_release/cpi.htm
CPI,2018-12-12,08:30,1.0,2018-01-01,1,https://www.bls.gov/bls/news-release/cpi.htm + https://www.bls.gov/schedule/news_release/cpi.htm
CPI,2019-01-11,08:30,1.0,2019-01-01,1,https://www.bls.gov/bls/news-release/cpi.htm + https://www.bls.gov/schedule/news_release/cpi.htm
CPI,2019-02-13,08:30,1.0,2019-01-01,1,https://www.bls.gov/bls/news-release/cpi.htm + https://www.bls.gov/schedule/news_release/cpi.htm
CPI,2019-03-12,08:30,1.0,2019-01-01,1,https://www.bls.gov/bls/news-release/cpi.htm + https://www.bls.gov/schedule/news_release/cpi.htm
CPI,2019-04-10,08:30,1.0,2019-01-01,1,https://www.bls.gov/bls/news-release/cpi.htm + https://www.bls.gov/schedule/news_release/cpi.htm
CPI,2019-05-10,08:30,1.0,2019-01-01,1,https://www.bls.gov/bls/news-release/cpi.htm + https://www.bls.gov/schedule/news_release/cpi.htm
CPI,2019-06-12,08:30,1.0,2019-01-01,1,https://www.bls.gov/bls/news-release/cpi.htm + https://www.bls.gov/schedule/news_release/cpi.htm
CPI,2019-07-11,08:30,1.0,2019-01-01,1,https://www.bls.gov/bls/news-release/cpi.htm + https://www.bls.gov/schedule/news_release/cpi.htm
CPI,2019-08-13,08:30,1.0,2019-01-01,1,https://www.bls.gov/bls/news-release/cpi.htm + https://www.bls.gov/schedule/news_release/cpi.htm
CPI,2019-09-12,08:30,1.0,2019-01-01,1,https://www.bls.gov/bls/news-release/cpi.htm + https://www.bls.gov/schedule/news_release/cpi.htm
CPI,2019-10-10,08:30,1.0,2019-01-01,1,https://www.bls.gov/bls/news-release/cpi.htm + https://www.bls.gov/schedule/news_release/cpi.htm
CPI,2019-11-13,08:30,1.0,2019-01-01,1,https://www.bls.gov/bls/news-release/cpi.htm + https://www.bls.gov/schedule/news_release/cpi.htm
CPI,2019-12-11,08:30,1.0,2019-01-01,1,https://www.bls.gov/bls/news-release/cpi.htm + https://www.bls.gov/schedule/news_release/cpi.htm
CPI,2020-01-14,08:30,1.0,2020-01-01,1,https://www.bls.gov/bls/news-release/cpi.htm + https://www.bls.gov/schedule/news_release/cpi.htm
CPI,2020-02-13,08:30,1.0,2020-01-01,1,https://www.bls.gov/bls/news-release/cpi.htm + https://www.bls.gov/schedule/news_release/cpi.htm
CPI,2020-03-11,08:30,1.0,2020-01-01,1,https://www.bls.gov/bls/news-release/cpi.htm + https://www.bls.gov/schedule/news_release/cpi.htm
CPI,2020-04-10,08:30,1.0,2020-01-01,1,https://www.bls.gov/bls/news-release/cpi.htm + https://www.bls.gov/schedule/news_release/cpi.htm
CPI,2020-05-12,08:30,1.0,2020-01-01,1,https://www.bls.gov/bls/news-release/cpi.htm + https://www.bls.gov/schedule/news_release/cpi.htm
CPI,2020-06-10,08:30,1.0,2020-01-01,1,https://www.bls.gov/bls/news-release/cpi.htm + https://www.bls.gov/schedule/news_release/cpi.htm
CPI,2020-07-14,08:30,1.0,2020-01-01,1,https://www.bls.gov/bls/news-release/cpi.htm + https://www.bls.gov/schedule/news_release/cpi.htm
CPI,2020-08-12,08:30,1.0,2020-01-01,1,https://www.bls.gov/bls/news-release/cpi.htm + https://www.bls.gov/schedule/news_release/cpi.htm
CPI,2020-09-11,08:30,1.0,2020-01-01,1,https://www.bls.gov/bls/news-release/cpi.htm + https://www.bls.gov/schedule/news_release/cpi.htm
CPI,2020-10-13,08:30,1.0,2020-01-01,1,https://www.bls.gov/bls/news-release/cpi.htm + https://www.bls.gov/schedule/news_release/cpi.htm
CPI,2020-11-12,08:30,1.0,2020-01-01,1,https://www.bls.gov/bls/news-release/cpi.htm + https://www.bls.gov/schedule/news_release/cpi.htm
CPI,2020-12-10,08:30,1.0,2020-01-01,1,https://www.bls.gov/bls/news-release/cpi.htm + https://www.bls.gov/schedule/news_release/cpi.htm
CPI,2021-01-13,08:30,1.0,2021-01-01,1,https://www.bls.gov/bls/news-release/cpi.htm + https://www.bls.gov/schedule/news_release/cpi.htm
CPI,2021-02-10,08:30,1.0,2021-01-01,1,https://www.bls.gov/bls/news-release/cpi.htm + https://www.bls.gov/schedule/news_release/cpi.htm
CPI,2021-03-10,08:30,1.0,2021-01-01,1,https://www.bls.gov/bls/news-release/cpi.htm + https://www.bls.gov/schedule/news_release/cpi.htm
CPI,2021-04-13,08:30,1.0,2021-01-01,1,https://www.bls.gov/bls/news-release/cpi.htm + https://www.bls.gov/schedule/news_release/cpi.htm
CPI,2021-05-12,08:30,1.0,2021-01-01,1,https://www.bls.gov/bls/news-release/cpi.htm + https://www.bls.gov/schedule/news_release/cpi.htm
CPI,2021-06-10,08:30,1.0,2021-01-01,1,https://www.bls.gov/bls/news-release/cpi.htm + https://www.bls.gov/schedule/news_release/cpi.htm
CPI,2021-07-13,08:30,1.0,2021-01-01,1,https://www.bls.gov/bls/news-release/cpi.htm + https://www.bls.gov/schedule/news_release/cpi.htm
CPI,2021-08-11,08:30,1.0,2021-01-01,1,https://www.bls.gov/bls/news-release/cpi.htm + https://www.bls.gov/schedule/news_release/cpi.htm
CPI,2021-09-14,08:30,1.0,2021-01-01,1,https://www.bls.gov/bls/news-release/cpi.htm + https://www.bls.gov/schedule/news_release/cpi.htm
CPI,2021-10-13,08:30,1.0,2021-01-01,1,https://www.bls.gov/bls/news-release/cpi.htm + https://www.bls.gov/schedule/news_release/cpi.htm
CPI,2021-11-10,08:30,1.0,2021-01-01,1,https://www.bls.gov/bls/news-release/cpi.htm + https://www.bls.gov/schedule/news_release/cpi.htm
CPI,2021-12-10,08:30,1.0,2021-01-01,1,https://www.bls.gov/bls/news-release/cpi.htm + https://www.bls.gov/schedule/news_release/cpi.htm
CPI,2022-01-12,08:30,1.0,2022-01-01,1,https://www.bls.gov/bls/news-release/cpi.htm + https://www.bls.gov/schedule/news_release/cpi.htm
CPI,2022-02-10,08:30,1.0,2022-01-01,1,https://www.bls.gov/bls/news-release/cpi.htm + https://www.bls.gov/schedule/news_release/cpi.htm
CPI,2022-03-10,08:30,1.0,2022-01-01,1,https://www.bls.gov/bls/news-release/cpi.htm + https://www.bls.gov/schedule/news_release/cpi.htm
CPI,2022-04-12,08:30,1.0,2022-01-01,1,https://www.bls.gov/bls/news-release/cpi.htm + https://www.bls.gov/schedule/news_release/cpi.htm
CPI,2022-05-11,08:30,1.0,2022-01-01,1,https://www.bls.gov/bls/news-release/cpi.htm + https://www.bls.gov/schedule/news_release/cpi.htm
CPI,2022-06-10,08:30,1.0,2022-01-01,1,https://www.bls.gov/bls/news-release/cpi.htm + https://www.bls.gov/schedule/news_release/cpi.htm
CPI,2022-07-13,08:30,1.0,2022-01-01,1,https://www.bls.gov/bls/news-release/cpi.htm + https://www.bls.gov/schedule/news_release/cpi.htm
CPI,2022-08-10,08:30,1.0,2022-01-01,1,https://www.bls.gov/bls/news-release/cpi.htm + https://www.bls.gov/schedule/news_release/cpi.htm
CPI,2022-09-13,08:30,1.0,2022-01-01,1,https://www.bls.gov/bls/news-release/cpi.htm + https://www.bls.gov/schedule/news_release/cpi.htm
CPI,2022-10-13,08:30,1.0,2022-01-01,1,https://www.bls.gov/bls/news-release/cpi.htm + https://www.bls.gov/schedule/news_release/cpi.htm
CPI,2022-11-10,08:30,1.0,2022-01-01,1,https://www.bls.gov/bls/news-release/cpi.htm + https://www.bls.gov/schedule/news_release/cpi.htm
CPI,2022-12-13,08:30,1.0,2022-01-01,1,https://www.bls.gov/bls/news-release/cpi.htm + https://www.bls.gov/schedule/news_release/cpi.htm
CPI,2023-01-12,08:30,1.0,2023-01-01,1,https://www.bls.gov/bls/news-release/cpi.htm + https://www.bls.gov/schedule/news_release/cpi.htm
CPI,2023-02-14,08:30,1.0,2023-01-01,1,https://www.bls.gov/bls/news-release/cpi.htm + https://www.bls.gov/schedule/news_release/cpi.htm
CPI,2023-03-14,08:30,1.0,2023-01-01,1,https://www.bls.gov/bls/news-release/cpi.htm + https://www.bls.gov/schedule/news_release/cpi.htm
CPI,2023-04-12,08:30,1.0,2023-01-01,1,https://www.bls.gov/bls/news-release/cpi.htm + https://www.bls.gov/schedule/news_release/cpi.htm
CPI,2023-05-10,08:30,1.0,2023-01-01,1,https://www.bls.gov/bls/news-release/cpi.htm + https://www.bls.gov/schedule/news_release/cpi.htm
CPI,2023-06-13,08:30,1.0,2023-01-01,1,https://www.bls.gov/bls/news-release/cpi.htm + https://www.bls.gov/schedule/news_release/cpi.htm
CPI,2023-07-12,08:30,1.0,2023-01-01,1,https://www.bls.gov/bls/news-release/cpi.htm + https://www.bls.gov/schedule/news_release/cpi.htm
CPI,2023-08-10,08:30,1.0,2023-01-01,1,https://www.bls.gov/bls/news-release/cpi.htm + https://www.bls.gov/schedule/news_release/cpi.htm
CPI,2023-09-13,08:30,1.0,2023-01-01,1,https://www.bls.gov/bls/news-release/cpi.htm + https://www.bls.gov/schedule/news_release/cpi.htm
CPI,2023-10-12,08:30,1.0,2023-01-01,1,https://www.bls.gov/bls/news-release/cpi.htm + https://www.bls.gov/schedule/news_release/cpi.htm
CPI,2023-11-14,08:30,1.0,2023-01-01,1,https://www.bls.gov/bls/news-release/cpi.htm + https://www.bls.gov/schedule/news_release/cpi.htm
CPI,2023-12-12,08:30,1.0,2023-01-01,1,https://www.bls.gov/bls/news-release/cpi.htm + https://www.bls.gov/schedule/news_release/cpi.htm
CPI,2024-01-11,08:30,1.0,2024-01-01,1,https://www.bls.gov/bls/news-release/cpi.htm + https://www.bls.gov/schedule/news_release/cpi.htm
CPI,2024-02-13,08:30,1.0,2024-01-01,1,https://www.bls.gov/bls/news-release/cpi.htm + https://www.bls.gov/schedule/news_release/cpi.htm
CPI,2024-03-12,08:30,1.0,2024-01-01,1,https://www.bls.gov/bls/news-release/cpi.htm + https://www.bls.gov/schedule/news_release/cpi.htm
CPI,2024-04-10,08:30,1.0,2024-01-01,1,https://www.bls.gov/bls/news-release/cpi.htm + https://www.bls.gov/schedule/news_release/cpi.htm
CPI,2024-05-15,08:30,1.0,2024-01-01,1,https://www.bls.gov/bls/news-release/cpi.htm + https://www.bls.gov/schedule/news_release/cpi.htm
CPI,2024-06-12,08:30,1.0,2024-01-01,1,https://www.bls.gov/bls/news-release/cpi.htm + https://www.bls.gov/schedule/news_release/cpi.htm
CPI,2024-07-11,08:30,1.0,2024-01-01,1,https://www.bls.gov/bls/news-release/cpi.htm + https://www.bls.gov/schedule/news_release/cpi.htm
CPI,2024-08-14,08:30,1.0,2024-01-01,1,https://www.bls.gov/bls/news-release/cpi.htm + https://www.bls.gov/schedule/news_release/cpi.htm
CPI,2024-09-11,08:30,1.0,2024-01-01,1,https://www.bls.gov/bls/news-release/cpi.htm + https://www.bls.gov/schedule/news_release/cpi.htm
CPI,2024-10-10,08:30,1.0,2024-01-01,1,https://www.bls.gov/bls/news-release/cpi.htm + https://www.bls.gov/schedule/news_release/cpi.htm
CPI,2024-11-13,08:30,1.0,2024-01-01,1,https://www.bls.gov/bls/news-release/cpi.htm + https://www.bls.gov/schedule/news_release/cpi.htm
CPI,2024-12-11,08:30,1.0,2024-01-01,1,https://www.bls.gov/bls/news-release/cpi.htm + https://www.bls.gov/schedule/news_release/cpi.htm
CPI,2025-01-15,08:30,1.0,2025-01-01,1,https://www.bls.gov/bls/news-release/cpi.htm + https://www.bls.gov/schedule/news_release/cpi.htm
CPI,2025-02-12,08:30,1.0,2025-01-01,1,https://www.bls.gov/bls/news-release/cpi.htm + https://www.bls.gov/schedule/news_release/cpi.htm
CPI,2025-03-12,08:30,1.0,2025-01-01,1,https://www.bls.gov/bls/news-release/cpi.htm + https://www.bls.gov/schedule/news_release/cpi.htm
CPI,2025-04-10,08:30,1.0,2025-01-01,1,https://www.bls.gov/bls/news-release/cpi.htm + https://www.bls.gov/schedule/news_release/cpi.htm
CPI,2025-05-13,08:30,1.0,2025-01-01,1,https://www.bls.gov/bls/news-release/cpi.htm + https://www.bls.gov/schedule/news_release/cpi.htm
CPI,2025-06-11,08:30,1.0,2025-01-01,1,https://www.bls.gov/bls/news-release/cpi.htm + https://www.bls.gov/schedule/news_release/cpi.htm
CPI,2025-07-15,08:30,1.0,2025-01-01,1,https://www.bls.gov/bls/news-release/cpi.htm + https://www.bls.gov/schedule/news_release/cpi.htm
CPI,2025-08-12,08:30,1.0,2025-01-01,1,https://www.bls.gov/bls/news-release/cpi.htm + https://www.bls.gov/schedule/news_release/cpi.htm
CPI,2025-09-11,08:30,1.0,2025-01-01,1,https://www.bls.gov/bls/news-release/cpi.htm + https://www.bls.gov/schedule/news_release/cpi.htm
CPI,2025-10-24,08:30,1.0,2025-10-24,1,https://www.bls.gov/bls/news-release/cpi.htm + https://www.bls.gov/schedule/news_release/cpi.htm
CPI,2025-12-18,08:30,1.0,2025-12-18,1,https://www.bls.gov/bls/news-release/cpi.htm + https://www.bls.gov/schedule/news_release/cpi.htm
CPI,2026-01-13,08:30,1.0,2026-01-13,1,https://www.bls.gov/bls/news-release/cpi.htm + https://www.bls.gov/schedule/news_release/cpi.htm
CPI,2026-02-13,08:30,1.0,2026-02-13,1,https://www.bls.gov/bls/news-release/cpi.htm + https://www.bls.gov/schedule/news_release/cpi.htm
CPI,2026-03-11,08:30,1.0,2026-01-01,1,https://www.bls.gov/bls/news-release/cpi.htm + https://www.bls.gov/schedule/news_release/cpi.htm
CPI,2026-04-10,08:30,1.0,2026-01-01,1,https://www.bls.gov/bls/news-release/cpi.htm + https://www.bls.gov/schedule/news_release/cpi.htm
CPI,2026-05-12,08:30,1.0,2026-01-01,1,https://www.bls.gov/bls/news-release/cpi.htm + https://www.bls.gov/schedule/news_release/cpi.htm
CPI,2026-06-10,08:30,1.0,2026-01-01,1,https://www.bls.gov/bls/news-release/cpi.htm + https://www.bls.gov/schedule/news_release/cpi.htm
CPI,2026-07-14,08:30,1.0,2026-01-01,1,https://www.bls.gov/bls/news-release/cpi.htm + https://www.bls.gov/schedule/news_release/cpi.htm
CPI,2026-08-12,08:30,1.0,2026-01-01,1,https://www.bls.gov/bls/news-release/cpi.htm + https://www.bls.gov/schedule/news_release/cpi.htm
CPI,2026-09-11,08:30,1.0,2026-01-01,1,https://www.bls.gov/bls/news-release/cpi.htm + https://www.bls.gov/schedule/news_release/cpi.htm
CPI,2026-10-14,08:30,1.0,2026-01-01,1,https://www.bls.gov/bls/news-release/cpi.htm + https://www.bls.gov/schedule/news_release/cpi.htm
CPI,2026-11-10,08:30,1.0,2026-01-01,1,https://www.bls.gov/bls/news-release/cpi.htm + https://www.bls.gov/schedule/news_release/cpi.htm
CPI,2026-12-10,08:30,1.0,2026-01-01,1,https://www.bls.gov/bls/news-release/cpi.htm + https://www.bls.gov/schedule/news_release/cpi.htm
FOMC,2016-01-27,14:00,1.0,2016-01-01,1,https://www.federalreserve.gov/monetarypolicy/fomchistorical2016.htm
FOMC,2016-03-16,14:00,1.0,2016-01-01,1,https://www.federalreserve.gov/monetarypolicy/fomchistorical2016.htm
FOMC,2016-04-27,14:00,1.0,2016-01-01,1,https://www.federalreserve.gov/monetarypolicy/fomchistorical2016.htm
FOMC,2016-06-15,14:00,1.0,2016-01-01,1,https://www.federalreserve.gov/monetarypolicy/fomchistorical2016.htm
FOMC,2016-07-27,14:00,1.0,2016-01-01,1,https://www.federalreserve.gov/monetarypolicy/fomchistorical2016.htm
FOMC,2016-09-21,14:00,1.0,2016-01-01,1,https://www.federalreserve.gov/monetarypolicy/fomchistorical2016.htm
FOMC,2016-11-02,14:00,1.0,2016-01-01,1,https://www.federalreserve.gov/monetarypolicy/fomchistorical2016.htm
FOMC,2016-12-14,14:00,1.0,2016-01-01,1,https://www.federalreserve.gov/monetarypolicy/fomchistorical2016.htm
FOMC,2017-02-01,14:00,1.0,2017-01-01,1,https://www.federalreserve.gov/monetarypolicy/fomchistorical2017.htm
FOMC,2017-03-15,14:00,1.0,2017-01-01,1,https://www.federalreserve.gov/monetarypolicy/fomchistorical2017.htm
FOMC,2017-05-03,14:00,1.0,2017-01-01,1,https://www.federalreserve.gov/monetarypolicy/fomchistorical2017.htm
FOMC,2017-06-14,14:00,1.0,2017-01-01,1,https://www.federalreserve.gov/monetarypolicy/fomchistorical2017.htm
FOMC,2017-07-26,14:00,1.0,2017-01-01,1,https://www.federalreserve.gov/monetarypolicy/fomchistorical2017.htm
FOMC,2017-09-20,14:00,1.0,2017-01-01,1,https://www.federalreserve.gov/monetarypolicy/fomchistorical2017.htm
FOMC,2017-11-01,14:00,1.0,2017-01-01,1,https://www.federalreserve.gov/monetarypolicy/fomchistorical2017.htm
FOMC,2017-12-13,14:00,1.0,2017-01-01,1,https://www.federalreserve.gov/monetarypolicy/fomchistorical2017.htm
FOMC,2018-01-31,14:00,1.0,2018-01-01,1,https://www.federalreserve.gov/monetarypolicy/fomchistorical2018.htm
FOMC,2018-03-21,14:00,1.0,2018-01-01,1,https://www.federalreserve.gov/monetarypolicy/fomchistorical2018.htm
FOMC,2018-05-02,14:00,1.0,2018-01-01,1,https://www.federalreserve.gov/monetarypolicy/fomchistorical2018.htm
FOMC,2018-06-13,14:00,1.0,2018-01-01,1,https://www.federalreserve.gov/monetarypolicy/fomchistorical2018.htm
FOMC,2018-08-01,14:00,1.0,2018-01-01,1,https://www.federalreserve.gov/monetarypolicy/fomchistorical2018.htm
FOMC,2018-09-26,14:00,1.0,2018-01-01,1,https://www.federalreserve.gov/monetarypolicy/fomchistorical2018.htm
FOMC,2018-11-08,14:00,1.0,2018-01-01,1,https://www.federalreserve.gov/monetarypolicy/fomchistorical2018.htm
FOMC,2018-12-19,14:00,1.0,2018-01-01,1,https://www.federalreserve.gov/monetarypolicy/fomchistorical2018.htm
FOMC,2019-01-30,14:00,1.0,2019-01-01,1,https://www.federalreserve.gov/monetarypolicy/fomchistorical2019.htm
FOMC,2019-03-20,14:00,1.0,2019-01-01,1,https://www.federalreserve.gov/monetarypolicy/fomchistorical2019.htm
FOMC,2019-05-01,14:00,1.0,2019-01-01,1,https://www.federalreserve.gov/monetarypolicy/fomchistorical2019.htm
FOMC,2019-06-19,14:00,1.0,2019-01-01,1,https://www.federalreserve.gov/monetarypolicy/fomchistorical2019.htm
FOMC,2019-07-31,14:00,1.0,2019-01-01,1,https://www.federalreserve.gov/monetarypolicy/fomchistorical2019.htm
FOMC,2019-09-18,14:00,1.0,2019-01-01,1,https://www.federalreserve.gov/monetarypolicy/fomchistorical2019.htm
FOMC,2019-10-30,14:00,1.0,2019-01-01,1,https://www.federalreserve.gov/monetarypolicy/fomchistorical2019.htm
FOMC,2019-12-11,14:00,1.0,2019-01-01,1,https://www.federalreserve.gov/monetarypolicy/fomchistorical2019.htm
FOMC,2020-01-29,14:00,1.0,2020-01-01,1,https://www.federalreserve.gov/monetarypolicy/fomchistorical2020.htm
FOMC,2020-03-03,10:00,1.0,2020-03-03,0,https://www.federalreserve.gov/monetarypolicy/fomchistorical2020.htm
FOMC,2020-03-15,17:00,1.0,2020-03-15,0,https://www.federalreserve.gov/monetarypolicy/fomchistorical2020.htm
FOMC,2020-04-29,14:00,1.0,2020-01-01,1,https://www.federalreserve.gov/monetarypolicy/fomchistorical2020.htm
FOMC,2020-06-10,14:00,1.0,2020-01-01,1,https://www.federalreserve.gov/monetarypolicy/fomchistorical2020.htm
FOMC,2020-07-29,14:00,1.0,2020-01-01,1,https://www.federalreserve.gov/monetarypolicy/fomchistorical2020.htm
FOMC,2020-09-16,14:00,1.0,2020-01-01,1,https://www.federalreserve.gov/monetarypolicy/fomchistorical2020.htm
FOMC,2020-11-05,14:00,1.0,2020-01-01,1,https://www.federalreserve.gov/monetarypolicy/fomchistorical2020.htm
FOMC,2020-12-16,14:00,1.0,2020-01-01,1,https://www.federalreserve.gov/monetarypolicy/fomchistorical2020.htm
FOMC,2021-01-27,14:00,1.0,2021-01-01,1,https://www.federalreserve.gov/monetarypolicy/fomccalendars.htm
FOMC,2021-03-17,14:00,1.0,2021-01-01,1,https://www.federalreserve.gov/monetarypolicy/fomccalendars.htm
FOMC,2021-04-28,14:00,1.0,2021-01-01,1,https://www.federalreserve.gov/monetarypolicy/fomccalendars.htm
FOMC,2021-06-16,14:00,1.0,2021-01-01,1,https://www.federalreserve.gov/monetarypolicy/fomccalendars.htm
FOMC,2021-07-28,14:00,1.0,2021-01-01,1,https://www.federalreserve.gov/monetarypolicy/fomccalendars.htm
FOMC,2021-09-22,14:00,1.0,2021-01-01,1,https://www.federalreserve.gov/monetarypolicy/fomccalendars.htm
FOMC,2021-11-03,14:00,1.0,2021-01-01,1,https://www.federalreserve.gov/monetarypolicy/fomccalendars.htm
FOMC,2021-12-15,14:00,1.0,2021-01-01,1,https://www.federalreserve.gov/monetarypolicy/fomccalendars.htm
FOMC,2022-01-26,14:00,1.0,2022-01-01,1,https://www.federalreserve.gov/monetarypolicy/fomccalendars.htm
FOMC,2022-03-16,14:00,1.0,2022-01-01,1,https://www.federalreserve.gov/monetarypolicy/fomccalendars.htm
FOMC,2022-05-04,14:00,1.0,2022-01-01,1,https://www.federalreserve.gov/monetarypolicy/fomccalendars.htm
FOMC,2022-06-15,14:00,1.0,2022-01-01,1,https://www.federalreserve.gov/monetarypolicy/fomccalendars.htm
FOMC,2022-07-27,14:00,1.0,2022-01-01,1,https://www.federalreserve.gov/monetarypolicy/fomccalendars.htm
FOMC,2022-09-21,14:00,1.0,2022-01-01,1,https://www.federalreserve.gov/monetarypolicy/fomccalendars.htm
FOMC,2022-11-02,14:00,1.0,2022-01-01,1,https://www.federalreserve.gov/monetarypolicy/fomccalendars.htm
FOMC,2022-12-14,14:00,1.0,2022-01-01,1,https://www.federalreserve.gov/monetarypolicy/fomccalendars.htm
FOMC,2023-02-01,14:00,1.0,2023-01-01,1,https://www.federalreserve.gov/monetarypolicy/fomccalendars.htm
FOMC,2023-03-22,14:00,1.0,2023-01-01,1,https://www.federalreserve.gov/monetarypolicy/fomccalendars.htm
FOMC,2023-05-03,14:00,1.0,2023-01-01,1,https://www.federalreserve.gov/monetarypolicy/fomccalendars.htm
FOMC,2023-06-14,14:00,1.0,2023-01-01,1,https://www.federalreserve.gov/monetarypolicy/fomccalendars.htm
FOMC,2023-07-26,14:00,1.0,2023-01-01,1,https://www.federalreserve.gov/monetarypolicy/fomccalendars.htm
FOMC,2023-09-20,14:00,1.0,2023-01-01,1,https://www.federalreserve.gov/monetarypolicy/fomccalendars.htm
FOMC,2023-11-01,14:00,1.0,2023-01-01,1,https://www.federalreserve.gov/monetarypolicy/fomccalendars.htm
FOMC,2023-12-13,14:00,1.0,2023-01-01,1,https://www.federalreserve.gov/monetarypolicy/fomccalendars.htm
FOMC,2024-01-31,14:00,1.0,2024-01-01,1,https://www.federalreserve.gov/monetarypolicy/fomccalendars.htm
FOMC,2024-03-20,14:00,1.0,2024-01-01,1,https://www.federalreserve.gov/monetarypolicy/fomccalendars.htm
FOMC,2024-05-01,14:00,1.0,2024-01-01,1,https://www.federalreserve.gov/monetarypolicy/fomccalendars.htm
FOMC,2024-06-12,14:00,1.0,2024-01-01,1,https://www.federalreserve.gov/monetarypolicy/fomccalendars.htm
FOMC,2024-07-31,14:00,1.0,2024-01-01,1,https://www.federalreserve.gov/monetarypolicy/fomccalendars.htm
FOMC,2024-09-18,14:00,1.0,2024-01-01,1,https://www.federalreserve.gov/monetarypolicy/fomccalendars.htm
FOMC,2024-11-07,14:00,1.0,2024-01-01,1,https://www.federalreserve.gov/monetarypolicy/fomccalendars.htm
FOMC,2024-12-18,14:00,1.0,2024-01-01,1,https://www.federalreserve.gov/monetarypolicy/fomccalendars.htm
FOMC,2025-01-29,14:00,1.0,2025-01-01,1,https://www.federalreserve.gov/monetarypolicy/fomccalendars.htm
FOMC,2025-03-19,14:00,1.0,2025-01-01,1,https://www.federalreserve.gov/monetarypolicy/fomccalendars.htm
FOMC,2025-05-07,14:00,1.0,2025-01-01,1,https://www.federalreserve.gov/monetarypolicy/fomccalendars.htm
FOMC,2025-06-18,14:00,1.0,2025-01-01,1,https://www.federalreserve.gov/monetarypolicy/fomccalendars.htm
FOMC,2025-07-30,14:00,1.0,2025-01-01,1,https://www.federalreserve.gov/monetarypolicy/fomccalendars.htm
FOMC,2025-09-17,14:00,1.0,2025-01-01,1,https://www.federalreserve.gov/monetarypolicy/fomccalendars.htm
FOMC,2025-10-29,14:00,1.0,2025-01-01,1,https://www.federalreserve.gov/monetarypolicy/fomccalendars.htm
FOMC,2025-12-10,14:00,1.0,2025-01-01,1,https://www.federalreserve.gov/monetarypolicy/fomccalendars.htm
FOMC,2026-01-28,14:00,1.0,2026-01-01,1,https://www.federalreserve.gov/monetarypolicy/fomccalendars.htm
FOMC,2026-03-18,14:00,1.0,2026-01-01,1,https://www.federalreserve.gov/monetarypolicy/fomccalendars.htm
FOMC,2026-04-29,14:00,1.0,2026-01-01,1,https://www.federalreserve.gov/monetarypolicy/fomccalendars.htm
FOMC,2026-06-17,14:00,1.0,2026-01-01,1,https://www.federalreserve.gov/monetarypolicy/fomccalendars.htm
FOMC,2026-07-29,14:00,1.0,2026-01-01,1,https://www.federalreserve.gov/monetarypolicy/fomccalendars.htm
FOMC,2026-09-16,14:00,1.0,2026-01-01,1,https://www.federalreserve.gov/monetarypolicy/fomccalendars.htm
FOMC,2026-10-28,14:00,1.0,2026-01-01,1,https://www.federalreserve.gov/monetarypolicy/fomccalendars.htm
FOMC,2026-12-09,14:00,1.0,2026-01-01,1,https://www.federalreserve.gov/monetarypolicy/fomccalendars.htm
FOMC,2027-01-27,14:00,1.0,2027-01-01,1,https://www.federalreserve.gov/monetarypolicy/fomccalendars.htm
FOMC,2027-03-17,14:00,1.0,2027-01-01,1,https://www.federalreserve.gov/monetarypolicy/fomccalendars.htm
FOMC,2027-04-28,14:00,1.0,2027-01-01,1,https://www.federalreserve.gov/monetarypolicy/fomccalendars.htm
FOMC,2027-06-09,14:00,1.0,2027-01-01,1,https://www.federalreserve.gov/monetarypolicy/fomccalendars.htm
FOMC,2027-07-28,14:00,1.0,2027-01-01,1,https://www.federalreserve.gov/monetarypolicy/fomccalendars.htm
FOMC,2027-09-15,14:00,1.0,2027-01-01,1,https://www.federalreserve.gov/monetarypolicy/fomccalendars.htm
FOMC,2027-10-27,14:00,1.0,2027-01-01,1,https://www.federalreserve.gov/monetarypolicy/fomccalendars.htm
FOMC,2027-12-08,14:00,1.0,2027-01-01,1,https://www.federalreserve.gov/monetarypolicy/fomccalendars.htm
MONTH_END,2016-01-29,16:00,1.0,2016-01-01,1,"exchange calendar (Alpaca), data/cache/calendar.json"
MONTH_END,2016-02-29,16:00,1.0,2016-01-01,1,"exchange calendar (Alpaca), data/cache/calendar.json"
MONTH_END,2016-03-31,16:00,1.0,2016-01-01,1,"exchange calendar (Alpaca), data/cache/calendar.json"
MONTH_END,2016-04-29,16:00,1.0,2016-01-01,1,"exchange calendar (Alpaca), data/cache/calendar.json"
MONTH_END,2016-05-31,16:00,1.0,2016-01-01,1,"exchange calendar (Alpaca), data/cache/calendar.json"
MONTH_END,2016-06-30,16:00,1.0,2016-01-01,1,"exchange calendar (Alpaca), data/cache/calendar.json"
MONTH_END,2016-07-29,16:00,1.0,2016-01-01,1,"exchange calendar (Alpaca), data/cache/calendar.json"
MONTH_END,2016-08-31,16:00,1.0,2016-01-01,1,"exchange calendar (Alpaca), data/cache/calendar.json"
MONTH_END,2016-09-30,16:00,1.0,2016-01-01,1,"exchange calendar (Alpaca), data/cache/calendar.json"
MONTH_END,2016-10-31,16:00,1.0,2016-01-01,1,"exchange calendar (Alpaca), data/cache/calendar.json"
MONTH_END,2016-11-30,16:00,1.0,2016-01-01,1,"exchange calendar (Alpaca), data/cache/calendar.json"
MONTH_END,2016-12-30,16:00,1.0,2016-01-01,1,"exchange calendar (Alpaca), data/cache/calendar.json"
MONTH_END,2017-01-31,16:00,1.0,2017-01-01,1,"exchange calendar (Alpaca), data/cache/calendar.json"
MONTH_END,2017-02-28,16:00,1.0,2017-01-01,1,"exchange calendar (Alpaca), data/cache/calendar.json"
MONTH_END,2017-03-31,16:00,1.0,2017-01-01,1,"exchange calendar (Alpaca), data/cache/calendar.json"
MONTH_END,2017-04-28,16:00,1.0,2017-01-01,1,"exchange calendar (Alpaca), data/cache/calendar.json"
MONTH_END,2017-05-31,16:00,1.0,2017-01-01,1,"exchange calendar (Alpaca), data/cache/calendar.json"
MONTH_END,2017-06-30,16:00,1.0,2017-01-01,1,"exchange calendar (Alpaca), data/cache/calendar.json"
MONTH_END,2017-07-31,16:00,1.0,2017-01-01,1,"exchange calendar (Alpaca), data/cache/calendar.json"
MONTH_END,2017-08-31,16:00,1.0,2017-01-01,1,"exchange calendar (Alpaca), data/cache/calendar.json"
MONTH_END,2017-09-29,16:00,1.0,2017-01-01,1,"exchange calendar (Alpaca), data/cache/calendar.json"
MONTH_END,2017-10-31,16:00,1.0,2017-01-01,1,"exchange calendar (Alpaca), data/cache/calendar.json"
MONTH_END,2017-11-30,16:00,1.0,2017-01-01,1,"exchange calendar (Alpaca), data/cache/calendar.json"
MONTH_END,2017-12-29,16:00,1.0,2017-01-01,1,"exchange calendar (Alpaca), data/cache/calendar.json"
MONTH_END,2018-01-31,16:00,1.0,2018-01-01,1,"exchange calendar (Alpaca), data/cache/calendar.json"
MONTH_END,2018-02-28,16:00,1.0,2018-01-01,1,"exchange calendar (Alpaca), data/cache/calendar.json"
MONTH_END,2018-03-29,16:00,1.0,2018-01-01,1,"exchange calendar (Alpaca), data/cache/calendar.json"
MONTH_END,2018-04-30,16:00,1.0,2018-01-01,1,"exchange calendar (Alpaca), data/cache/calendar.json"
MONTH_END,2018-05-31,16:00,1.0,2018-01-01,1,"exchange calendar (Alpaca), data/cache/calendar.json"
MONTH_END,2018-06-29,16:00,1.0,2018-01-01,1,"exchange calendar (Alpaca), data/cache/calendar.json"
MONTH_END,2018-07-31,16:00,1.0,2018-01-01,1,"exchange calendar (Alpaca), data/cache/calendar.json"
MONTH_END,2018-08-31,16:00,1.0,2018-01-01,1,"exchange calendar (Alpaca), data/cache/calendar.json"
MONTH_END,2018-09-28,16:00,1.0,2018-01-01,1,"exchange calendar (Alpaca), data/cache/calendar.json"
MONTH_END,2018-10-31,16:00,1.0,2018-01-01,1,"exchange calendar (Alpaca), data/cache/calendar.json"
MONTH_END,2018-11-30,16:00,1.0,2018-01-01,1,"exchange calendar (Alpaca), data/cache/calendar.json"
MONTH_END,2018-12-31,16:00,1.0,2018-01-01,1,"exchange calendar (Alpaca), data/cache/calendar.json"
MONTH_END,2019-01-31,16:00,1.0,2019-01-01,1,"exchange calendar (Alpaca), data/cache/calendar.json"
MONTH_END,2019-02-28,16:00,1.0,2019-01-01,1,"exchange calendar (Alpaca), data/cache/calendar.json"
MONTH_END,2019-03-29,16:00,1.0,2019-01-01,1,"exchange calendar (Alpaca), data/cache/calendar.json"
MONTH_END,2019-04-30,16:00,1.0,2019-01-01,1,"exchange calendar (Alpaca), data/cache/calendar.json"
MONTH_END,2019-05-31,16:00,1.0,2019-01-01,1,"exchange calendar (Alpaca), data/cache/calendar.json"
MONTH_END,2019-06-28,16:00,1.0,2019-01-01,1,"exchange calendar (Alpaca), data/cache/calendar.json"
MONTH_END,2019-07-31,16:00,1.0,2019-01-01,1,"exchange calendar (Alpaca), data/cache/calendar.json"
MONTH_END,2019-08-30,16:00,1.0,2019-01-01,1,"exchange calendar (Alpaca), data/cache/calendar.json"
MONTH_END,2019-09-30,16:00,1.0,2019-01-01,1,"exchange calendar (Alpaca), data/cache/calendar.json"
MONTH_END,2019-10-31,16:00,1.0,2019-01-01,1,"exchange calendar (Alpaca), data/cache/calendar.json"
MONTH_END,2019-11-29,16:00,1.0,2019-01-01,1,"exchange calendar (Alpaca), data/cache/calendar.json"
MONTH_END,2019-12-31,16:00,1.0,2019-01-01,1,"exchange calendar (Alpaca), data/cache/calendar.json"
MONTH_END,2020-01-31,16:00,1.0,2020-01-01,1,"exchange calendar (Alpaca), data/cache/calendar.json"
MONTH_END,2020-02-28,16:00,1.0,2020-01-01,1,"exchange calendar (Alpaca), data/cache/calendar.json"
MONTH_END,2020-03-31,16:00,1.0,2020-01-01,1,"exchange calendar (Alpaca), data/cache/calendar.json"
MONTH_END,2020-04-30,16:00,1.0,2020-01-01,1,"exchange calendar (Alpaca), data/cache/calendar.json"
MONTH_END,2020-05-29,16:00,1.0,2020-01-01,1,"exchange calendar (Alpaca), data/cache/calendar.json"
MONTH_END,2020-06-30,16:00,1.0,2020-01-01,1,"exchange calendar (Alpaca), data/cache/calendar.json"
MONTH_END,2020-07-31,16:00,1.0,2020-01-01,1,"exchange calendar (Alpaca), data/cache/calendar.json"
MONTH_END,2020-08-31,16:00,1.0,2020-01-01,1,"exchange calendar (Alpaca), data/cache/calendar.json"
MONTH_END,2020-09-30,16:00,1.0,2020-01-01,1,"exchange calendar (Alpaca), data/cache/calendar.json"
MONTH_END,2020-10-30,16:00,1.0,2020-01-01,1,"exchange calendar (Alpaca), data/cache/calendar.json"
MONTH_END,2020-11-30,16:00,1.0,2020-01-01,1,"exchange calendar (Alpaca), data/cache/calendar.json"
MONTH_END,2020-12-31,16:00,1.0,2020-01-01,1,"exchange calendar (Alpaca), data/cache/calendar.json"
MONTH_END,2021-01-29,16:00,1.0,2021-01-01,1,"exchange calendar (Alpaca), data/cache/calendar.json"
MONTH_END,2021-02-26,16:00,1.0,2021-01-01,1,"exchange calendar (Alpaca), data/cache/calendar.json"
MONTH_END,2021-03-31,16:00,1.0,2021-01-01,1,"exchange calendar (Alpaca), data/cache/calendar.json"
MONTH_END,2021-04-30,16:00,1.0,2021-01-01,1,"exchange calendar (Alpaca), data/cache/calendar.json"
MONTH_END,2021-05-28,16:00,1.0,2021-01-01,1,"exchange calendar (Alpaca), data/cache/calendar.json"
MONTH_END,2021-06-30,16:00,1.0,2021-01-01,1,"exchange calendar (Alpaca), data/cache/calendar.json"
MONTH_END,2021-07-30,16:00,1.0,2021-01-01,1,"exchange calendar (Alpaca), data/cache/calendar.json"
MONTH_END,2021-08-31,16:00,1.0,2021-01-01,1,"exchange calendar (Alpaca), data/cache/calendar.json"
MONTH_END,2021-09-30,16:00,1.0,2021-01-01,1,"exchange calendar (Alpaca), data/cache/calendar.json"
MONTH_END,2021-10-29,16:00,1.0,2021-01-01,1,"exchange calendar (Alpaca), data/cache/calendar.json"
MONTH_END,2021-11-30,16:00,1.0,2021-01-01,1,"exchange calendar (Alpaca), data/cache/calendar.json"
MONTH_END,2021-12-31,16:00,1.0,2021-01-01,1,"exchange calendar (Alpaca), data/cache/calendar.json"
MONTH_END,2022-01-31,16:00,1.0,2022-01-01,1,"exchange calendar (Alpaca), data/cache/calendar.json"
MONTH_END,2022-02-28,16:00,1.0,2022-01-01,1,"exchange calendar (Alpaca), data/cache/calendar.json"
MONTH_END,2022-03-31,16:00,1.0,2022-01-01,1,"exchange calendar (Alpaca), data/cache/calendar.json"
MONTH_END,2022-04-29,16:00,1.0,2022-01-01,1,"exchange calendar (Alpaca), data/cache/calendar.json"
MONTH_END,2022-05-31,16:00,1.0,2022-01-01,1,"exchange calendar (Alpaca), data/cache/calendar.json"
MONTH_END,2022-06-30,16:00,1.0,2022-01-01,1,"exchange calendar (Alpaca), data/cache/calendar.json"
MONTH_END,2022-07-29,16:00,1.0,2022-01-01,1,"exchange calendar (Alpaca), data/cache/calendar.json"
MONTH_END,2022-08-31,16:00,1.0,2022-01-01,1,"exchange calendar (Alpaca), data/cache/calendar.json"
MONTH_END,2022-09-30,16:00,1.0,2022-01-01,1,"exchange calendar (Alpaca), data/cache/calendar.json"
MONTH_END,2022-10-31,16:00,1.0,2022-01-01,1,"exchange calendar (Alpaca), data/cache/calendar.json"
MONTH_END,2022-11-30,16:00,1.0,2022-01-01,1,"exchange calendar (Alpaca), data/cache/calendar.json"
MONTH_END,2022-12-30,16:00,1.0,2022-01-01,1,"exchange calendar (Alpaca), data/cache/calendar.json"
MONTH_END,2023-01-31,16:00,1.0,2023-01-01,1,"exchange calendar (Alpaca), data/cache/calendar.json"
MONTH_END,2023-02-28,16:00,1.0,2023-01-01,1,"exchange calendar (Alpaca), data/cache/calendar.json"
MONTH_END,2023-03-31,16:00,1.0,2023-01-01,1,"exchange calendar (Alpaca), data/cache/calendar.json"
MONTH_END,2023-04-28,16:00,1.0,2023-01-01,1,"exchange calendar (Alpaca), data/cache/calendar.json"
MONTH_END,2023-05-31,16:00,1.0,2023-01-01,1,"exchange calendar (Alpaca), data/cache/calendar.json"
MONTH_END,2023-06-30,16:00,1.0,2023-01-01,1,"exchange calendar (Alpaca), data/cache/calendar.json"
MONTH_END,2023-07-31,16:00,1.0,2023-01-01,1,"exchange calendar (Alpaca), data/cache/calendar.json"
MONTH_END,2023-08-31,16:00,1.0,2023-01-01,1,"exchange calendar (Alpaca), data/cache/calendar.json"
MONTH_END,2023-09-29,16:00,1.0,2023-01-01,1,"exchange calendar (Alpaca), data/cache/calendar.json"
MONTH_END,2023-10-31,16:00,1.0,2023-01-01,1,"exchange calendar (Alpaca), data/cache/calendar.json"
MONTH_END,2023-11-30,16:00,1.0,2023-01-01,1,"exchange calendar (Alpaca), data/cache/calendar.json"
MONTH_END,2023-12-29,16:00,1.0,2023-01-01,1,"exchange calendar (Alpaca), data/cache/calendar.json"
MONTH_END,2024-01-31,16:00,1.0,2024-01-01,1,"exchange calendar (Alpaca), data/cache/calendar.json"
MONTH_END,2024-02-29,16:00,1.0,2024-01-01,1,"exchange calendar (Alpaca), data/cache/calendar.json"
MONTH_END,2024-03-28,16:00,1.0,2024-01-01,1,"exchange calendar (Alpaca), data/cache/calendar.json"
MONTH_END,2024-04-30,16:00,1.0,2024-01-01,1,"exchange calendar (Alpaca), data/cache/calendar.json"
MONTH_END,2024-05-31,16:00,1.0,2024-01-01,1,"exchange calendar (Alpaca), data/cache/calendar.json"
MONTH_END,2024-06-28,16:00,1.0,2024-01-01,1,"exchange calendar (Alpaca), data/cache/calendar.json"
MONTH_END,2024-07-31,16:00,1.0,2024-01-01,1,"exchange calendar (Alpaca), data/cache/calendar.json"
MONTH_END,2024-08-30,16:00,1.0,2024-01-01,1,"exchange calendar (Alpaca), data/cache/calendar.json"
MONTH_END,2024-09-30,16:00,1.0,2024-01-01,1,"exchange calendar (Alpaca), data/cache/calendar.json"
MONTH_END,2024-10-31,16:00,1.0,2024-01-01,1,"exchange calendar (Alpaca), data/cache/calendar.json"
MONTH_END,2024-11-29,16:00,1.0,2024-01-01,1,"exchange calendar (Alpaca), data/cache/calendar.json"
MONTH_END,2024-12-31,16:00,1.0,2024-01-01,1,"exchange calendar (Alpaca), data/cache/calendar.json"
MONTH_END,2025-01-31,16:00,1.0,2025-01-01,1,"exchange calendar (Alpaca), data/cache/calendar.json"
MONTH_END,2025-02-28,16:00,1.0,2025-01-01,1,"exchange calendar (Alpaca), data/cache/calendar.json"
MONTH_END,2025-03-31,16:00,1.0,2025-01-01,1,"exchange calendar (Alpaca), data/cache/calendar.json"
MONTH_END,2025-04-30,16:00,1.0,2025-01-01,1,"exchange calendar (Alpaca), data/cache/calendar.json"
MONTH_END,2025-05-30,16:00,1.0,2025-01-01,1,"exchange calendar (Alpaca), data/cache/calendar.json"
MONTH_END,2025-06-30,16:00,1.0,2025-01-01,1,"exchange calendar (Alpaca), data/cache/calendar.json"
MONTH_END,2025-07-31,16:00,1.0,2025-01-01,1,"exchange calendar (Alpaca), data/cache/calendar.json"
MONTH_END,2025-08-29,16:00,1.0,2025-01-01,1,"exchange calendar (Alpaca), data/cache/calendar.json"
MONTH_END,2025-09-30,16:00,1.0,2025-01-01,1,"exchange calendar (Alpaca), data/cache/calendar.json"
MONTH_END,2025-10-31,16:00,1.0,2025-01-01,1,"exchange calendar (Alpaca), data/cache/calendar.json"
MONTH_END,2025-11-28,16:00,1.0,2025-01-01,1,"exchange calendar (Alpaca), data/cache/calendar.json"
MONTH_END,2025-12-31,16:00,1.0,2025-01-01,1,"exchange calendar (Alpaca), data/cache/calendar.json"
MONTH_END,2026-01-30,16:00,1.0,2026-01-01,1,"exchange calendar (Alpaca), data/cache/calendar.json"
MONTH_END,2026-02-27,16:00,1.0,2026-01-01,1,"exchange calendar (Alpaca), data/cache/calendar.json"
MONTH_END,2026-03-31,16:00,1.0,2026-01-01,1,"exchange calendar (Alpaca), data/cache/calendar.json"
MONTH_END,2026-04-30,16:00,1.0,2026-01-01,1,"exchange calendar (Alpaca), data/cache/calendar.json"
MONTH_END,2026-05-29,16:00,1.0,2026-01-01,1,"exchange calendar (Alpaca), data/cache/calendar.json"
MONTH_END,2026-06-30,16:00,1.0,2026-01-01,1,"exchange calendar (Alpaca), data/cache/calendar.json"
MONTH_END,2026-07-31,16:00,1.0,2026-01-01,1,"exchange calendar (Alpaca), data/cache/calendar.json"
MONTH_END,2026-08-31,16:00,1.0,2026-01-01,1,"exchange calendar (Alpaca), data/cache/calendar.json"
MONTH_END,2026-09-30,16:00,1.0,2026-01-01,1,"exchange calendar (Alpaca), data/cache/calendar.json"
MONTH_END,2026-10-30,16:00,1.0,2026-01-01,1,"exchange calendar (Alpaca), data/cache/calendar.json"
MONTH_END,2026-11-30,16:00,1.0,2026-01-01,1,"exchange calendar (Alpaca), data/cache/calendar.json"
MONTH_END,2026-12-31,16:00,1.0,2026-01-01,1,"exchange calendar (Alpaca), data/cache/calendar.json"
MONTH_END,2027-01-29,16:00,1.0,2027-01-01,1,"exchange calendar (Alpaca), data/cache/calendar.json"
MONTH_END,2027-02-26,16:00,1.0,2027-01-01,1,"exchange calendar (Alpaca), data/cache/calendar.json"
MONTH_END,2027-03-31,16:00,1.0,2027-01-01,1,"exchange calendar (Alpaca), data/cache/calendar.json"
MONTH_END,2027-04-30,16:00,1.0,2027-01-01,1,"exchange calendar (Alpaca), data/cache/calendar.json"
MONTH_END,2027-05-28,16:00,1.0,2027-01-01,1,"exchange calendar (Alpaca), data/cache/calendar.json"
MONTH_END,2027-06-30,16:00,1.0,2027-01-01,1,"exchange calendar (Alpaca), data/cache/calendar.json"
MONTH_END,2027-07-30,16:00,1.0,2027-01-01,1,"exchange calendar (Alpaca), data/cache/calendar.json"
MONTH_END,2027-08-31,16:00,1.0,2027-01-01,1,"exchange calendar (Alpaca), data/cache/calendar.json"
NFP,2016-01-08,08:30,1.0,2016-01-01,1,https://www.bls.gov/bls/news-release/empsit.htm + https://www.bls.gov/schedule/news_release/empsit.htm
NFP,2016-02-05,08:30,1.0,2016-01-01,1,https://www.bls.gov/bls/news-release/empsit.htm + https://www.bls.gov/schedule/news_release/empsit.htm
NFP,2016-03-04,08:30,1.0,2016-01-01,1,https://www.bls.gov/bls/news-release/empsit.htm + https://www.bls.gov/schedule/news_release/empsit.htm
NFP,2016-04-01,08:30,1.0,2016-01-01,1,https://www.bls.gov/bls/news-release/empsit.htm + https://www.bls.gov/schedule/news_release/empsit.htm
NFP,2016-05-06,08:30,1.0,2016-01-01,1,https://www.bls.gov/bls/news-release/empsit.htm + https://www.bls.gov/schedule/news_release/empsit.htm
NFP,2016-06-03,08:30,1.0,2016-01-01,1,https://www.bls.gov/bls/news-release/empsit.htm + https://www.bls.gov/schedule/news_release/empsit.htm
NFP,2016-07-08,08:30,1.0,2016-01-01,1,https://www.bls.gov/bls/news-release/empsit.htm + https://www.bls.gov/schedule/news_release/empsit.htm
NFP,2016-08-05,08:30,1.0,2016-01-01,1,https://www.bls.gov/bls/news-release/empsit.htm + https://www.bls.gov/schedule/news_release/empsit.htm
NFP,2016-09-02,08:30,1.0,2016-01-01,1,https://www.bls.gov/bls/news-release/empsit.htm + https://www.bls.gov/schedule/news_release/empsit.htm
NFP,2016-10-07,08:30,1.0,2016-01-01,1,https://www.bls.gov/bls/news-release/empsit.htm + https://www.bls.gov/schedule/news_release/empsit.htm
NFP,2016-11-04,08:30,1.0,2016-01-01,1,https://www.bls.gov/bls/news-release/empsit.htm + https://www.bls.gov/schedule/news_release/empsit.htm
NFP,2016-12-02,08:30,1.0,2016-01-01,1,https://www.bls.gov/bls/news-release/empsit.htm + https://www.bls.gov/schedule/news_release/empsit.htm
NFP,2017-01-06,08:30,1.0,2017-01-01,1,https://www.bls.gov/bls/news-release/empsit.htm + https://www.bls.gov/schedule/news_release/empsit.htm
NFP,2017-02-03,08:30,1.0,2017-01-01,1,https://www.bls.gov/bls/news-release/empsit.htm + https://www.bls.gov/schedule/news_release/empsit.htm
NFP,2017-03-10,08:30,1.0,2017-01-01,1,https://www.bls.gov/bls/news-release/empsit.htm + https://www.bls.gov/schedule/news_release/empsit.htm
NFP,2017-04-07,08:30,1.0,2017-01-01,1,https://www.bls.gov/bls/news-release/empsit.htm + https://www.bls.gov/schedule/news_release/empsit.htm
NFP,2017-05-05,08:30,1.0,2017-01-01,1,https://www.bls.gov/bls/news-release/empsit.htm + https://www.bls.gov/schedule/news_release/empsit.htm
NFP,2017-06-02,08:30,1.0,2017-01-01,1,https://www.bls.gov/bls/news-release/empsit.htm + https://www.bls.gov/schedule/news_release/empsit.htm
NFP,2017-07-07,08:30,1.0,2017-01-01,1,https://www.bls.gov/bls/news-release/empsit.htm + https://www.bls.gov/schedule/news_release/empsit.htm
NFP,2017-08-04,08:30,1.0,2017-01-01,1,https://www.bls.gov/bls/news-release/empsit.htm + https://www.bls.gov/schedule/news_release/empsit.htm
NFP,2017-09-01,08:30,1.0,2017-01-01,1,https://www.bls.gov/bls/news-release/empsit.htm + https://www.bls.gov/schedule/news_release/empsit.htm
NFP,2017-10-06,08:30,1.0,2017-01-01,1,https://www.bls.gov/bls/news-release/empsit.htm + https://www.bls.gov/schedule/news_release/empsit.htm
NFP,2017-11-03,08:30,1.0,2017-01-01,1,https://www.bls.gov/bls/news-release/empsit.htm + https://www.bls.gov/schedule/news_release/empsit.htm
NFP,2017-12-08,08:30,1.0,2017-01-01,1,https://www.bls.gov/bls/news-release/empsit.htm + https://www.bls.gov/schedule/news_release/empsit.htm
NFP,2018-01-05,08:30,1.0,2018-01-01,1,https://www.bls.gov/bls/news-release/empsit.htm + https://www.bls.gov/schedule/news_release/empsit.htm
NFP,2018-02-02,08:30,1.0,2018-01-01,1,https://www.bls.gov/bls/news-release/empsit.htm + https://www.bls.gov/schedule/news_release/empsit.htm
NFP,2018-03-09,08:30,1.0,2018-01-01,1,https://www.bls.gov/bls/news-release/empsit.htm + https://www.bls.gov/schedule/news_release/empsit.htm
NFP,2018-04-06,08:30,1.0,2018-01-01,1,https://www.bls.gov/bls/news-release/empsit.htm + https://www.bls.gov/schedule/news_release/empsit.htm
NFP,2018-05-04,08:30,1.0,2018-01-01,1,https://www.bls.gov/bls/news-release/empsit.htm + https://www.bls.gov/schedule/news_release/empsit.htm
NFP,2018-06-01,08:30,1.0,2018-01-01,1,https://www.bls.gov/bls/news-release/empsit.htm + https://www.bls.gov/schedule/news_release/empsit.htm
NFP,2018-07-06,08:30,1.0,2018-01-01,1,https://www.bls.gov/bls/news-release/empsit.htm + https://www.bls.gov/schedule/news_release/empsit.htm
NFP,2018-08-03,08:30,1.0,2018-01-01,1,https://www.bls.gov/bls/news-release/empsit.htm + https://www.bls.gov/schedule/news_release/empsit.htm
NFP,2018-09-07,08:30,1.0,2018-01-01,1,https://www.bls.gov/bls/news-release/empsit.htm + https://www.bls.gov/schedule/news_release/empsit.htm
NFP,2018-10-05,08:30,1.0,2018-01-01,1,https://www.bls.gov/bls/news-release/empsit.htm + https://www.bls.gov/schedule/news_release/empsit.htm
NFP,2018-11-02,08:30,1.0,2018-01-01,1,https://www.bls.gov/bls/news-release/empsit.htm + https://www.bls.gov/schedule/news_release/empsit.htm
NFP,2018-12-07,08:30,1.0,2018-01-01,1,https://www.bls.gov/bls/news-release/empsit.htm + https://www.bls.gov/schedule/news_release/empsit.htm
NFP,2019-01-04,08:30,1.0,2019-01-01,1,https://www.bls.gov/bls/news-release/empsit.htm + https://www.bls.gov/schedule/news_release/empsit.htm
NFP,2019-02-01,08:30,1.0,2019-01-01,1,https://www.bls.gov/bls/news-release/empsit.htm + https://www.bls.gov/schedule/news_release/empsit.htm
NFP,2019-03-08,08:30,1.0,2019-01-01,1,https://www.bls.gov/bls/news-release/empsit.htm + https://www.bls.gov/schedule/news_release/empsit.htm
NFP,2019-04-05,08:30,1.0,2019-01-01,1,https://www.bls.gov/bls/news-release/empsit.htm + https://www.bls.gov/schedule/news_release/empsit.htm
NFP,2019-05-03,08:30,1.0,2019-01-01,1,https://www.bls.gov/bls/news-release/empsit.htm + https://www.bls.gov/schedule/news_release/empsit.htm
NFP,2019-06-07,08:30,1.0,2019-01-01,1,https://www.bls.gov/bls/news-release/empsit.htm + https://www.bls.gov/schedule/news_release/empsit.htm
NFP,2019-07-05,08:30,1.0,2019-01-01,1,https://www.bls.gov/bls/news-release/empsit.htm + https://www.bls.gov/schedule/news_release/empsit.htm
NFP,2019-08-02,08:30,1.0,2019-01-01,1,https://www.bls.gov/bls/news-release/empsit.htm + https://www.bls.gov/schedule/news_release/empsit.htm
NFP,2019-09-06,08:30,1.0,2019-01-01,1,https://www.bls.gov/bls/news-release/empsit.htm + https://www.bls.gov/schedule/news_release/empsit.htm
NFP,2019-10-04,08:30,1.0,2019-01-01,1,https://www.bls.gov/bls/news-release/empsit.htm + https://www.bls.gov/schedule/news_release/empsit.htm
NFP,2019-11-01,08:30,1.0,2019-01-01,1,https://www.bls.gov/bls/news-release/empsit.htm + https://www.bls.gov/schedule/news_release/empsit.htm
NFP,2019-12-06,08:30,1.0,2019-01-01,1,https://www.bls.gov/bls/news-release/empsit.htm + https://www.bls.gov/schedule/news_release/empsit.htm
NFP,2020-01-10,08:30,1.0,2020-01-01,1,https://www.bls.gov/bls/news-release/empsit.htm + https://www.bls.gov/schedule/news_release/empsit.htm
NFP,2020-02-07,08:30,1.0,2020-01-01,1,https://www.bls.gov/bls/news-release/empsit.htm + https://www.bls.gov/schedule/news_release/empsit.htm
NFP,2020-03-06,08:30,1.0,2020-01-01,1,https://www.bls.gov/bls/news-release/empsit.htm + https://www.bls.gov/schedule/news_release/empsit.htm
NFP,2020-04-03,08:30,1.0,2020-01-01,1,https://www.bls.gov/bls/news-release/empsit.htm + https://www.bls.gov/schedule/news_release/empsit.htm
NFP,2020-05-08,08:30,1.0,2020-01-01,1,https://www.bls.gov/bls/news-release/empsit.htm + https://www.bls.gov/schedule/news_release/empsit.htm
NFP,2020-06-05,08:30,1.0,2020-01-01,1,https://www.bls.gov/bls/news-release/empsit.htm + https://www.bls.gov/schedule/news_release/empsit.htm
NFP,2020-07-02,08:30,1.0,2020-01-01,1,https://www.bls.gov/bls/news-release/empsit.htm + https://www.bls.gov/schedule/news_release/empsit.htm
NFP,2020-08-07,08:30,1.0,2020-01-01,1,https://www.bls.gov/bls/news-release/empsit.htm + https://www.bls.gov/schedule/news_release/empsit.htm
NFP,2020-09-04,08:30,1.0,2020-01-01,1,https://www.bls.gov/bls/news-release/empsit.htm + https://www.bls.gov/schedule/news_release/empsit.htm
NFP,2020-10-02,08:30,1.0,2020-01-01,1,https://www.bls.gov/bls/news-release/empsit.htm + https://www.bls.gov/schedule/news_release/empsit.htm
NFP,2020-11-06,08:30,1.0,2020-01-01,1,https://www.bls.gov/bls/news-release/empsit.htm + https://www.bls.gov/schedule/news_release/empsit.htm
NFP,2020-12-04,08:30,1.0,2020-01-01,1,https://www.bls.gov/bls/news-release/empsit.htm + https://www.bls.gov/schedule/news_release/empsit.htm
NFP,2021-01-08,08:30,1.0,2021-01-01,1,https://www.bls.gov/bls/news-release/empsit.htm + https://www.bls.gov/schedule/news_release/empsit.htm
NFP,2021-02-05,08:30,1.0,2021-01-01,1,https://www.bls.gov/bls/news-release/empsit.htm + https://www.bls.gov/schedule/news_release/empsit.htm
NFP,2021-03-05,08:30,1.0,2021-01-01,1,https://www.bls.gov/bls/news-release/empsit.htm + https://www.bls.gov/schedule/news_release/empsit.htm
NFP,2021-04-02,08:30,1.0,2021-01-01,1,https://www.bls.gov/bls/news-release/empsit.htm + https://www.bls.gov/schedule/news_release/empsit.htm
NFP,2021-05-07,08:30,1.0,2021-01-01,1,https://www.bls.gov/bls/news-release/empsit.htm + https://www.bls.gov/schedule/news_release/empsit.htm
NFP,2021-06-04,08:30,1.0,2021-01-01,1,https://www.bls.gov/bls/news-release/empsit.htm + https://www.bls.gov/schedule/news_release/empsit.htm
NFP,2021-07-02,08:30,1.0,2021-01-01,1,https://www.bls.gov/bls/news-release/empsit.htm + https://www.bls.gov/schedule/news_release/empsit.htm
NFP,2021-08-06,08:30,1.0,2021-01-01,1,https://www.bls.gov/bls/news-release/empsit.htm + https://www.bls.gov/schedule/news_release/empsit.htm
NFP,2021-09-03,08:30,1.0,2021-01-01,1,https://www.bls.gov/bls/news-release/empsit.htm + https://www.bls.gov/schedule/news_release/empsit.htm
NFP,2021-10-08,08:30,1.0,2021-01-01,1,https://www.bls.gov/bls/news-release/empsit.htm + https://www.bls.gov/schedule/news_release/empsit.htm
NFP,2021-11-05,08:30,1.0,2021-01-01,1,https://www.bls.gov/bls/news-release/empsit.htm + https://www.bls.gov/schedule/news_release/empsit.htm
NFP,2021-12-03,08:30,1.0,2021-01-01,1,https://www.bls.gov/bls/news-release/empsit.htm + https://www.bls.gov/schedule/news_release/empsit.htm
NFP,2022-01-07,08:30,1.0,2022-01-01,1,https://www.bls.gov/bls/news-release/empsit.htm + https://www.bls.gov/schedule/news_release/empsit.htm
NFP,2022-02-04,08:30,1.0,2022-01-01,1,https://www.bls.gov/bls/news-release/empsit.htm + https://www.bls.gov/schedule/news_release/empsit.htm
NFP,2022-03-04,08:30,1.0,2022-01-01,1,https://www.bls.gov/bls/news-release/empsit.htm + https://www.bls.gov/schedule/news_release/empsit.htm
NFP,2022-04-01,08:30,1.0,2022-01-01,1,https://www.bls.gov/bls/news-release/empsit.htm + https://www.bls.gov/schedule/news_release/empsit.htm
NFP,2022-05-06,08:30,1.0,2022-01-01,1,https://www.bls.gov/bls/news-release/empsit.htm + https://www.bls.gov/schedule/news_release/empsit.htm
NFP,2022-06-03,08:30,1.0,2022-01-01,1,https://www.bls.gov/bls/news-release/empsit.htm + https://www.bls.gov/schedule/news_release/empsit.htm
NFP,2022-07-08,08:30,1.0,2022-01-01,1,https://www.bls.gov/bls/news-release/empsit.htm + https://www.bls.gov/schedule/news_release/empsit.htm
NFP,2022-08-05,08:30,1.0,2022-01-01,1,https://www.bls.gov/bls/news-release/empsit.htm + https://www.bls.gov/schedule/news_release/empsit.htm
NFP,2022-09-02,08:30,1.0,2022-01-01,1,https://www.bls.gov/bls/news-release/empsit.htm + https://www.bls.gov/schedule/news_release/empsit.htm
NFP,2022-10-07,08:30,1.0,2022-01-01,1,https://www.bls.gov/bls/news-release/empsit.htm + https://www.bls.gov/schedule/news_release/empsit.htm
NFP,2022-11-04,08:30,1.0,2022-01-01,1,https://www.bls.gov/bls/news-release/empsit.htm + https://www.bls.gov/schedule/news_release/empsit.htm
NFP,2022-12-02,08:30,1.0,2022-01-01,1,https://www.bls.gov/bls/news-release/empsit.htm + https://www.bls.gov/schedule/news_release/empsit.htm
NFP,2023-01-06,08:30,1.0,2023-01-01,1,https://www.bls.gov/bls/news-release/empsit.htm + https://www.bls.gov/schedule/news_release/empsit.htm
NFP,2023-02-03,08:30,1.0,2023-01-01,1,https://www.bls.gov/bls/news-release/empsit.htm + https://www.bls.gov/schedule/news_release/empsit.htm
NFP,2023-03-10,08:30,1.0,2023-01-01,1,https://www.bls.gov/bls/news-release/empsit.htm + https://www.bls.gov/schedule/news_release/empsit.htm
NFP,2023-04-07,08:30,1.0,2023-01-01,1,https://www.bls.gov/bls/news-release/empsit.htm + https://www.bls.gov/schedule/news_release/empsit.htm
NFP,2023-05-05,08:30,1.0,2023-01-01,1,https://www.bls.gov/bls/news-release/empsit.htm + https://www.bls.gov/schedule/news_release/empsit.htm
NFP,2023-06-02,08:30,1.0,2023-01-01,1,https://www.bls.gov/bls/news-release/empsit.htm + https://www.bls.gov/schedule/news_release/empsit.htm
NFP,2023-07-07,08:30,1.0,2023-01-01,1,https://www.bls.gov/bls/news-release/empsit.htm + https://www.bls.gov/schedule/news_release/empsit.htm
NFP,2023-08-04,08:30,1.0,2023-01-01,1,https://www.bls.gov/bls/news-release/empsit.htm + https://www.bls.gov/schedule/news_release/empsit.htm
NFP,2023-09-01,08:30,1.0,2023-01-01,1,https://www.bls.gov/bls/news-release/empsit.htm + https://www.bls.gov/schedule/news_release/empsit.htm
NFP,2023-10-06,08:30,1.0,2023-01-01,1,https://www.bls.gov/bls/news-release/empsit.htm + https://www.bls.gov/schedule/news_release/empsit.htm
NFP,2023-11-03,08:30,1.0,2023-01-01,1,https://www.bls.gov/bls/news-release/empsit.htm + https://www.bls.gov/schedule/news_release/empsit.htm
NFP,2023-12-08,08:30,1.0,2023-01-01,1,https://www.bls.gov/bls/news-release/empsit.htm + https://www.bls.gov/schedule/news_release/empsit.htm
NFP,2024-01-05,08:30,1.0,2024-01-01,1,https://www.bls.gov/bls/news-release/empsit.htm + https://www.bls.gov/schedule/news_release/empsit.htm
NFP,2024-02-02,08:30,1.0,2024-01-01,1,https://www.bls.gov/bls/news-release/empsit.htm + https://www.bls.gov/schedule/news_release/empsit.htm
NFP,2024-03-08,08:30,1.0,2024-01-01,1,https://www.bls.gov/bls/news-release/empsit.htm + https://www.bls.gov/schedule/news_release/empsit.htm
NFP,2024-04-05,08:30,1.0,2024-01-01,1,https://www.bls.gov/bls/news-release/empsit.htm + https://www.bls.gov/schedule/news_release/empsit.htm
NFP,2024-05-03,08:30,1.0,2024-01-01,1,https://www.bls.gov/bls/news-release/empsit.htm + https://www.bls.gov/schedule/news_release/empsit.htm
NFP,2024-06-07,08:30,1.0,2024-01-01,1,https://www.bls.gov/bls/news-release/empsit.htm + https://www.bls.gov/schedule/news_release/empsit.htm
NFP,2024-07-05,08:30,1.0,2024-01-01,1,https://www.bls.gov/bls/news-release/empsit.htm + https://www.bls.gov/schedule/news_release/empsit.htm
NFP,2024-08-02,08:30,1.0,2024-01-01,1,https://www.bls.gov/bls/news-release/empsit.htm + https://www.bls.gov/schedule/news_release/empsit.htm
NFP,2024-09-06,08:30,1.0,2024-01-01,1,https://www.bls.gov/bls/news-release/empsit.htm + https://www.bls.gov/schedule/news_release/empsit.htm
NFP,2024-10-04,08:30,1.0,2024-01-01,1,https://www.bls.gov/bls/news-release/empsit.htm + https://www.bls.gov/schedule/news_release/empsit.htm
NFP,2024-11-01,08:30,1.0,2024-01-01,1,https://www.bls.gov/bls/news-release/empsit.htm + https://www.bls.gov/schedule/news_release/empsit.htm
NFP,2024-12-06,08:30,1.0,2024-01-01,1,https://www.bls.gov/bls/news-release/empsit.htm + https://www.bls.gov/schedule/news_release/empsit.htm
NFP,2025-01-10,08:30,1.0,2025-01-01,1,https://www.bls.gov/bls/news-release/empsit.htm + https://www.bls.gov/schedule/news_release/empsit.htm
NFP,2025-02-07,08:30,1.0,2025-01-01,1,https://www.bls.gov/bls/news-release/empsit.htm + https://www.bls.gov/schedule/news_release/empsit.htm
NFP,2025-03-07,08:30,1.0,2025-01-01,1,https://www.bls.gov/bls/news-release/empsit.htm + https://www.bls.gov/schedule/news_release/empsit.htm
NFP,2025-04-04,08:30,1.0,2025-01-01,1,https://www.bls.gov/bls/news-release/empsit.htm + https://www.bls.gov/schedule/news_release/empsit.htm
NFP,2025-05-02,08:30,1.0,2025-01-01,1,https://www.bls.gov/bls/news-release/empsit.htm + https://www.bls.gov/schedule/news_release/empsit.htm
NFP,2025-06-06,08:30,1.0,2025-01-01,1,https://www.bls.gov/bls/news-release/empsit.htm + https://www.bls.gov/schedule/news_release/empsit.htm
NFP,2025-07-03,08:30,1.0,2025-01-01,1,https://www.bls.gov/bls/news-release/empsit.htm + https://www.bls.gov/schedule/news_release/empsit.htm
NFP,2025-08-01,08:30,1.0,2025-01-01,1,https://www.bls.gov/bls/news-release/empsit.htm + https://www.bls.gov/schedule/news_release/empsit.htm
NFP,2025-09-05,08:30,1.0,2025-01-01,1,https://www.bls.gov/bls/news-release/empsit.htm + https://www.bls.gov/schedule/news_release/empsit.htm
NFP,2025-11-20,08:30,1.0,2025-11-20,1,https://www.bls.gov/bls/news-release/empsit.htm + https://www.bls.gov/schedule/news_release/empsit.htm
NFP,2025-12-16,08:30,1.0,2025-12-16,1,https://www.bls.gov/bls/news-release/empsit.htm + https://www.bls.gov/schedule/news_release/empsit.htm
NFP,2026-01-09,08:30,1.0,2026-01-09,1,https://www.bls.gov/bls/news-release/empsit.htm + https://www.bls.gov/schedule/news_release/empsit.htm
NFP,2026-02-11,08:30,1.0,2026-02-11,1,https://www.bls.gov/bls/news-release/empsit.htm + https://www.bls.gov/schedule/news_release/empsit.htm
NFP,2026-03-06,08:30,1.0,2026-01-01,1,https://www.bls.gov/bls/news-release/empsit.htm + https://www.bls.gov/schedule/news_release/empsit.htm
NFP,2026-04-03,08:30,1.0,2026-01-01,1,https://www.bls.gov/bls/news-release/empsit.htm + https://www.bls.gov/schedule/news_release/empsit.htm
NFP,2026-05-08,08:30,1.0,2026-01-01,1,https://www.bls.gov/bls/news-release/empsit.htm + https://www.bls.gov/schedule/news_release/empsit.htm
NFP,2026-06-05,08:30,1.0,2026-01-01,1,https://www.bls.gov/bls/news-release/empsit.htm + https://www.bls.gov/schedule/news_release/empsit.htm
NFP,2026-07-02,08:30,1.0,2026-01-01,1,https://www.bls.gov/bls/news-release/empsit.htm + https://www.bls.gov/schedule/news_release/empsit.htm
NFP,2026-08-07,08:30,1.0,2026-01-01,1,https://www.bls.gov/bls/news-release/empsit.htm + https://www.bls.gov/schedule/news_release/empsit.htm
NFP,2026-09-04,08:30,1.0,2026-01-01,1,https://www.bls.gov/bls/news-release/empsit.htm + https://www.bls.gov/schedule/news_release/empsit.htm
NFP,2026-10-02,08:30,1.0,2026-01-01,1,https://www.bls.gov/bls/news-release/empsit.htm + https://www.bls.gov/schedule/news_release/empsit.htm
NFP,2026-11-06,08:30,1.0,2026-01-01,1,https://www.bls.gov/bls/news-release/empsit.htm + https://www.bls.gov/schedule/news_release/empsit.htm
NFP,2026-12-04,08:30,1.0,2026-01-01,1,https://www.bls.gov/bls/news-release/empsit.htm + https://www.bls.gov/schedule/news_release/empsit.htm
OPEX,2016-01-15,16:00,1.0,2016-01-01,1,"exchange calendar (Alpaca), data/cache/calendar.json"
OPEX,2016-02-19,16:00,1.0,2016-01-01,1,"exchange calendar (Alpaca), data/cache/calendar.json"
OPEX,2016-03-18,16:00,1.0,2016-01-01,1,"exchange calendar (Alpaca), data/cache/calendar.json"
OPEX,2016-04-15,16:00,1.0,2016-01-01,1,"exchange calendar (Alpaca), data/cache/calendar.json"
OPEX,2016-05-20,16:00,1.0,2016-01-01,1,"exchange calendar (Alpaca), data/cache/calendar.json"
OPEX,2016-06-17,16:00,1.0,2016-01-01,1,"exchange calendar (Alpaca), data/cache/calendar.json"
OPEX,2016-07-15,16:00,1.0,2016-01-01,1,"exchange calendar (Alpaca), data/cache/calendar.json"
OPEX,2016-08-19,16:00,1.0,2016-01-01,1,"exchange calendar (Alpaca), data/cache/calendar.json"
OPEX,2016-09-16,16:00,1.0,2016-01-01,1,"exchange calendar (Alpaca), data/cache/calendar.json"
OPEX,2016-10-21,16:00,1.0,2016-01-01,1,"exchange calendar (Alpaca), data/cache/calendar.json"
OPEX,2016-11-18,16:00,1.0,2016-01-01,1,"exchange calendar (Alpaca), data/cache/calendar.json"
OPEX,2016-12-16,16:00,1.0,2016-01-01,1,"exchange calendar (Alpaca), data/cache/calendar.json"
OPEX,2017-01-20,16:00,1.0,2017-01-01,1,"exchange calendar (Alpaca), data/cache/calendar.json"
OPEX,2017-02-17,16:00,1.0,2017-01-01,1,"exchange calendar (Alpaca), data/cache/calendar.json"
OPEX,2017-03-17,16:00,1.0,2017-01-01,1,"exchange calendar (Alpaca), data/cache/calendar.json"
OPEX,2017-04-21,16:00,1.0,2017-01-01,1,"exchange calendar (Alpaca), data/cache/calendar.json"
OPEX,2017-05-19,16:00,1.0,2017-01-01,1,"exchange calendar (Alpaca), data/cache/calendar.json"
OPEX,2017-06-16,16:00,1.0,2017-01-01,1,"exchange calendar (Alpaca), data/cache/calendar.json"
OPEX,2017-07-21,16:00,1.0,2017-01-01,1,"exchange calendar (Alpaca), data/cache/calendar.json"
OPEX,2017-08-18,16:00,1.0,2017-01-01,1,"exchange calendar (Alpaca), data/cache/calendar.json"
OPEX,2017-09-15,16:00,1.0,2017-01-01,1,"exchange calendar (Alpaca), data/cache/calendar.json"
OPEX,2017-10-20,16:00,1.0,2017-01-01,1,"exchange calendar (Alpaca), data/cache/calendar.json"
OPEX,2017-11-17,16:00,1.0,2017-01-01,1,"exchange calendar (Alpaca), data/cache/calendar.json"
OPEX,2017-12-15,16:00,1.0,2017-01-01,1,"exchange calendar (Alpaca), data/cache/calendar.json"
OPEX,2018-01-19,16:00,1.0,2018-01-01,1,"exchange calendar (Alpaca), data/cache/calendar.json"
OPEX,2018-02-16,16:00,1.0,2018-01-01,1,"exchange calendar (Alpaca), data/cache/calendar.json"
OPEX,2018-03-16,16:00,1.0,2018-01-01,1,"exchange calendar (Alpaca), data/cache/calendar.json"
OPEX,2018-04-20,16:00,1.0,2018-01-01,1,"exchange calendar (Alpaca), data/cache/calendar.json"
OPEX,2018-05-18,16:00,1.0,2018-01-01,1,"exchange calendar (Alpaca), data/cache/calendar.json"
OPEX,2018-06-15,16:00,1.0,2018-01-01,1,"exchange calendar (Alpaca), data/cache/calendar.json"
OPEX,2018-07-20,16:00,1.0,2018-01-01,1,"exchange calendar (Alpaca), data/cache/calendar.json"
OPEX,2018-08-17,16:00,1.0,2018-01-01,1,"exchange calendar (Alpaca), data/cache/calendar.json"
OPEX,2018-09-21,16:00,1.0,2018-01-01,1,"exchange calendar (Alpaca), data/cache/calendar.json"
OPEX,2018-10-19,16:00,1.0,2018-01-01,1,"exchange calendar (Alpaca), data/cache/calendar.json"
OPEX,2018-11-16,16:00,1.0,2018-01-01,1,"exchange calendar (Alpaca), data/cache/calendar.json"
OPEX,2018-12-21,16:00,1.0,2018-01-01,1,"exchange calendar (Alpaca), data/cache/calendar.json"
OPEX,2019-01-18,16:00,1.0,2019-01-01,1,"exchange calendar (Alpaca), data/cache/calendar.json"
OPEX,2019-02-15,16:00,1.0,2019-01-01,1,"exchange calendar (Alpaca), data/cache/calendar.json"
OPEX,2019-03-15,16:00,1.0,2019-01-01,1,"exchange calendar (Alpaca), data/cache/calendar.json"
OPEX,2019-04-18,16:00,1.0,2019-01-01,1,"exchange calendar (Alpaca), data/cache/calendar.json"
OPEX,2019-05-17,16:00,1.0,2019-01-01,1,"exchange calendar (Alpaca), data/cache/calendar.json"
OPEX,2019-06-21,16:00,1.0,2019-01-01,1,"exchange calendar (Alpaca), data/cache/calendar.json"
OPEX,2019-07-19,16:00,1.0,2019-01-01,1,"exchange calendar (Alpaca), data/cache/calendar.json"
OPEX,2019-08-16,16:00,1.0,2019-01-01,1,"exchange calendar (Alpaca), data/cache/calendar.json"
OPEX,2019-09-20,16:00,1.0,2019-01-01,1,"exchange calendar (Alpaca), data/cache/calendar.json"
OPEX,2019-10-18,16:00,1.0,2019-01-01,1,"exchange calendar (Alpaca), data/cache/calendar.json"
OPEX,2019-11-15,16:00,1.0,2019-01-01,1,"exchange calendar (Alpaca), data/cache/calendar.json"
OPEX,2019-12-20,16:00,1.0,2019-01-01,1,"exchange calendar (Alpaca), data/cache/calendar.json"
OPEX,2020-01-17,16:00,1.0,2020-01-01,1,"exchange calendar (Alpaca), data/cache/calendar.json"
OPEX,2020-02-21,16:00,1.0,2020-01-01,1,"exchange calendar (Alpaca), data/cache/calendar.json"
OPEX,2020-03-20,16:00,1.0,2020-01-01,1,"exchange calendar (Alpaca), data/cache/calendar.json"
OPEX,2020-04-17,16:00,1.0,2020-01-01,1,"exchange calendar (Alpaca), data/cache/calendar.json"
OPEX,2020-05-15,16:00,1.0,2020-01-01,1,"exchange calendar (Alpaca), data/cache/calendar.json"
OPEX,2020-06-19,16:00,1.0,2020-01-01,1,"exchange calendar (Alpaca), data/cache/calendar.json"
OPEX,2020-07-17,16:00,1.0,2020-01-01,1,"exchange calendar (Alpaca), data/cache/calendar.json"
OPEX,2020-08-21,16:00,1.0,2020-01-01,1,"exchange calendar (Alpaca), data/cache/calendar.json"
OPEX,2020-09-18,16:00,1.0,2020-01-01,1,"exchange calendar (Alpaca), data/cache/calendar.json"
OPEX,2020-10-16,16:00,1.0,2020-01-01,1,"exchange calendar (Alpaca), data/cache/calendar.json"
OPEX,2020-11-20,16:00,1.0,2020-01-01,1,"exchange calendar (Alpaca), data/cache/calendar.json"
OPEX,2020-12-18,16:00,1.0,2020-01-01,1,"exchange calendar (Alpaca), data/cache/calendar.json"
OPEX,2021-01-15,16:00,1.0,2021-01-01,1,"exchange calendar (Alpaca), data/cache/calendar.json"
OPEX,2021-02-19,16:00,1.0,2021-01-01,1,"exchange calendar (Alpaca), data/cache/calendar.json"
OPEX,2021-03-19,16:00,1.0,2021-01-01,1,"exchange calendar (Alpaca), data/cache/calendar.json"
OPEX,2021-04-16,16:00,1.0,2021-01-01,1,"exchange calendar (Alpaca), data/cache/calendar.json"
OPEX,2021-05-21,16:00,1.0,2021-01-01,1,"exchange calendar (Alpaca), data/cache/calendar.json"
OPEX,2021-06-18,16:00,1.0,2021-01-01,1,"exchange calendar (Alpaca), data/cache/calendar.json"
OPEX,2021-07-16,16:00,1.0,2021-01-01,1,"exchange calendar (Alpaca), data/cache/calendar.json"
OPEX,2021-08-20,16:00,1.0,2021-01-01,1,"exchange calendar (Alpaca), data/cache/calendar.json"
OPEX,2021-09-17,16:00,1.0,2021-01-01,1,"exchange calendar (Alpaca), data/cache/calendar.json"
OPEX,2021-10-15,16:00,1.0,2021-01-01,1,"exchange calendar (Alpaca), data/cache/calendar.json"
OPEX,2021-11-19,16:00,1.0,2021-01-01,1,"exchange calendar (Alpaca), data/cache/calendar.json"
OPEX,2021-12-17,16:00,1.0,2021-01-01,1,"exchange calendar (Alpaca), data/cache/calendar.json"
OPEX,2022-01-21,16:00,1.0,2022-01-01,1,"exchange calendar (Alpaca), data/cache/calendar.json"
OPEX,2022-02-18,16:00,1.0,2022-01-01,1,"exchange calendar (Alpaca), data/cache/calendar.json"
OPEX,2022-03-18,16:00,1.0,2022-01-01,1,"exchange calendar (Alpaca), data/cache/calendar.json"
OPEX,2022-04-14,16:00,1.0,2022-01-01,1,"exchange calendar (Alpaca), data/cache/calendar.json"
OPEX,2022-05-20,16:00,1.0,2022-01-01,1,"exchange calendar (Alpaca), data/cache/calendar.json"
OPEX,2022-06-17,16:00,1.0,2022-01-01,1,"exchange calendar (Alpaca), data/cache/calendar.json"
OPEX,2022-07-15,16:00,1.0,2022-01-01,1,"exchange calendar (Alpaca), data/cache/calendar.json"
OPEX,2022-08-19,16:00,1.0,2022-01-01,1,"exchange calendar (Alpaca), data/cache/calendar.json"
OPEX,2022-09-16,16:00,1.0,2022-01-01,1,"exchange calendar (Alpaca), data/cache/calendar.json"
OPEX,2022-10-21,16:00,1.0,2022-01-01,1,"exchange calendar (Alpaca), data/cache/calendar.json"
OPEX,2022-11-18,16:00,1.0,2022-01-01,1,"exchange calendar (Alpaca), data/cache/calendar.json"
OPEX,2022-12-16,16:00,1.0,2022-01-01,1,"exchange calendar (Alpaca), data/cache/calendar.json"
OPEX,2023-01-20,16:00,1.0,2023-01-01,1,"exchange calendar (Alpaca), data/cache/calendar.json"
OPEX,2023-02-17,16:00,1.0,2023-01-01,1,"exchange calendar (Alpaca), data/cache/calendar.json"
OPEX,2023-03-17,16:00,1.0,2023-01-01,1,"exchange calendar (Alpaca), data/cache/calendar.json"
OPEX,2023-04-21,16:00,1.0,2023-01-01,1,"exchange calendar (Alpaca), data/cache/calendar.json"
OPEX,2023-05-19,16:00,1.0,2023-01-01,1,"exchange calendar (Alpaca), data/cache/calendar.json"
OPEX,2023-06-16,16:00,1.0,2023-01-01,1,"exchange calendar (Alpaca), data/cache/calendar.json"
OPEX,2023-07-21,16:00,1.0,2023-01-01,1,"exchange calendar (Alpaca), data/cache/calendar.json"
OPEX,2023-08-18,16:00,1.0,2023-01-01,1,"exchange calendar (Alpaca), data/cache/calendar.json"
OPEX,2023-09-15,16:00,1.0,2023-01-01,1,"exchange calendar (Alpaca), data/cache/calendar.json"
OPEX,2023-10-20,16:00,1.0,2023-01-01,1,"exchange calendar (Alpaca), data/cache/calendar.json"
OPEX,2023-11-17,16:00,1.0,2023-01-01,1,"exchange calendar (Alpaca), data/cache/calendar.json"
OPEX,2023-12-15,16:00,1.0,2023-01-01,1,"exchange calendar (Alpaca), data/cache/calendar.json"
OPEX,2024-01-19,16:00,1.0,2024-01-01,1,"exchange calendar (Alpaca), data/cache/calendar.json"
OPEX,2024-02-16,16:00,1.0,2024-01-01,1,"exchange calendar (Alpaca), data/cache/calendar.json"
OPEX,2024-03-15,16:00,1.0,2024-01-01,1,"exchange calendar (Alpaca), data/cache/calendar.json"
OPEX,2024-04-19,16:00,1.0,2024-01-01,1,"exchange calendar (Alpaca), data/cache/calendar.json"
OPEX,2024-05-17,16:00,1.0,2024-01-01,1,"exchange calendar (Alpaca), data/cache/calendar.json"
OPEX,2024-06-21,16:00,1.0,2024-01-01,1,"exchange calendar (Alpaca), data/cache/calendar.json"
OPEX,2024-07-19,16:00,1.0,2024-01-01,1,"exchange calendar (Alpaca), data/cache/calendar.json"
OPEX,2024-08-16,16:00,1.0,2024-01-01,1,"exchange calendar (Alpaca), data/cache/calendar.json"
OPEX,2024-09-20,16:00,1.0,2024-01-01,1,"exchange calendar (Alpaca), data/cache/calendar.json"
OPEX,2024-10-18,16:00,1.0,2024-01-01,1,"exchange calendar (Alpaca), data/cache/calendar.json"
OPEX,2024-11-15,16:00,1.0,2024-01-01,1,"exchange calendar (Alpaca), data/cache/calendar.json"
OPEX,2024-12-20,16:00,1.0,2024-01-01,1,"exchange calendar (Alpaca), data/cache/calendar.json"
OPEX,2025-01-17,16:00,1.0,2025-01-01,1,"exchange calendar (Alpaca), data/cache/calendar.json"
OPEX,2025-02-21,16:00,1.0,2025-01-01,1,"exchange calendar (Alpaca), data/cache/calendar.json"
OPEX,2025-03-21,16:00,1.0,2025-01-01,1,"exchange calendar (Alpaca), data/cache/calendar.json"
OPEX,2025-04-17,16:00,1.0,2025-01-01,1,"exchange calendar (Alpaca), data/cache/calendar.json"
OPEX,2025-05-16,16:00,1.0,2025-01-01,1,"exchange calendar (Alpaca), data/cache/calendar.json"
OPEX,2025-06-20,16:00,1.0,2025-01-01,1,"exchange calendar (Alpaca), data/cache/calendar.json"
OPEX,2025-07-18,16:00,1.0,2025-01-01,1,"exchange calendar (Alpaca), data/cache/calendar.json"
OPEX,2025-08-15,16:00,1.0,2025-01-01,1,"exchange calendar (Alpaca), data/cache/calendar.json"
OPEX,2025-09-19,16:00,1.0,2025-01-01,1,"exchange calendar (Alpaca), data/cache/calendar.json"
OPEX,2025-10-17,16:00,1.0,2025-01-01,1,"exchange calendar (Alpaca), data/cache/calendar.json"
OPEX,2025-11-21,16:00,1.0,2025-01-01,1,"exchange calendar (Alpaca), data/cache/calendar.json"
OPEX,2025-12-19,16:00,1.0,2025-01-01,1,"exchange calendar (Alpaca), data/cache/calendar.json"
OPEX,2026-01-16,16:00,1.0,2026-01-01,1,"exchange calendar (Alpaca), data/cache/calendar.json"
OPEX,2026-02-20,16:00,1.0,2026-01-01,1,"exchange calendar (Alpaca), data/cache/calendar.json"
OPEX,2026-03-20,16:00,1.0,2026-01-01,1,"exchange calendar (Alpaca), data/cache/calendar.json"
OPEX,2026-04-17,16:00,1.0,2026-01-01,1,"exchange calendar (Alpaca), data/cache/calendar.json"
OPEX,2026-05-15,16:00,1.0,2026-01-01,1,"exchange calendar (Alpaca), data/cache/calendar.json"
OPEX,2026-06-18,16:00,1.0,2026-01-01,1,"exchange calendar (Alpaca), data/cache/calendar.json"
OPEX,2026-07-17,16:00,1.0,2026-01-01,1,"exchange calendar (Alpaca), data/cache/calendar.json"
OPEX,2026-08-21,16:00,1.0,2026-01-01,1,"exchange calendar (Alpaca), data/cache/calendar.json"
OPEX,2026-09-18,16:00,1.0,2026-01-01,1,"exchange calendar (Alpaca), data/cache/calendar.json"
OPEX,2026-10-16,16:00,1.0,2026-01-01,1,"exchange calendar (Alpaca), data/cache/calendar.json"
OPEX,2026-11-20,16:00,1.0,2026-01-01,1,"exchange calendar (Alpaca), data/cache/calendar.json"
OPEX,2026-12-18,16:00,1.0,2026-01-01,1,"exchange calendar (Alpaca), data/cache/calendar.json"
OPEX,2027-01-15,16:00,1.0,2027-01-01,1,"exchange calendar (Alpaca), data/cache/calendar.json"
OPEX,2027-02-19,16:00,1.0,2027-01-01,1,"exchange calendar (Alpaca), data/cache/calendar.json"
OPEX,2027-03-19,16:00,1.0,2027-01-01,1,"exchange calendar (Alpaca), data/cache/calendar.json"
OPEX,2027-04-16,16:00,1.0,2027-01-01,1,"exchange calendar (Alpaca), data/cache/calendar.json"
OPEX,2027-05-21,16:00,1.0,2027-01-01,1,"exchange calendar (Alpaca), data/cache/calendar.json"
OPEX,2027-06-17,16:00,1.0,2027-01-01,1,"exchange calendar (Alpaca), data/cache/calendar.json"
OPEX,2027-07-16,16:00,1.0,2027-01-01,1,"exchange calendar (Alpaca), data/cache/calendar.json"
OPEX,2027-08-20,16:00,1.0,2027-01-01,1,"exchange calendar (Alpaca), data/cache/calendar.json"
PRE_HOLIDAY,2016-01-15,,1.0,2016-01-01,1,"exchange calendar (Alpaca), data/cache/calendar.json"
PRE_HOLIDAY,2016-02-12,,1.0,2016-01-01,1,"exchange calendar (Alpaca), data/cache/calendar.json"
PRE_HOLIDAY,2016-03-24,,1.0,2016-01-01,1,"exchange calendar (Alpaca), data/cache/calendar.json"
PRE_HOLIDAY,2016-05-27,,1.0,2016-01-01,1,"exchange calendar (Alpaca), data/cache/calendar.json"
PRE_HOLIDAY,2016-07-01,,1.0,2016-01-01,1,"exchange calendar (Alpaca), data/cache/calendar.json"
PRE_HOLIDAY,2016-09-02,,1.0,2016-01-01,1,"exchange calendar (Alpaca), data/cache/calendar.json"
PRE_HOLIDAY,2016-11-23,,1.0,2016-01-01,1,"exchange calendar (Alpaca), data/cache/calendar.json"
PRE_HOLIDAY,2016-12-23,,1.0,2016-01-01,1,"exchange calendar (Alpaca), data/cache/calendar.json"
PRE_HOLIDAY,2016-12-30,,1.0,2016-01-01,1,"exchange calendar (Alpaca), data/cache/calendar.json"
PRE_HOLIDAY,2017-01-13,,1.0,2017-01-01,1,"exchange calendar (Alpaca), data/cache/calendar.json"
PRE_HOLIDAY,2017-02-17,,1.0,2017-01-01,1,"exchange calendar (Alpaca), data/cache/calendar.json"
PRE_HOLIDAY,2017-04-13,,1.0,2017-01-01,1,"exchange calendar (Alpaca), data/cache/calendar.json"
PRE_HOLIDAY,2017-05-26,,1.0,2017-01-01,1,"exchange calendar (Alpaca), data/cache/calendar.json"
PRE_HOLIDAY,2017-07-03,,1.0,2017-01-01,1,"exchange calendar (Alpaca), data/cache/calendar.json"
PRE_HOLIDAY,2017-09-01,,1.0,2017-01-01,1,"exchange calendar (Alpaca), data/cache/calendar.json"
PRE_HOLIDAY,2017-11-22,,1.0,2017-01-01,1,"exchange calendar (Alpaca), data/cache/calendar.json"
PRE_HOLIDAY,2017-12-22,,1.0,2017-01-01,1,"exchange calendar (Alpaca), data/cache/calendar.json"
PRE_HOLIDAY,2017-12-29,,1.0,2017-01-01,1,"exchange calendar (Alpaca), data/cache/calendar.json"
PRE_HOLIDAY,2018-01-12,,1.0,2018-01-01,1,"exchange calendar (Alpaca), data/cache/calendar.json"
PRE_HOLIDAY,2018-02-16,,1.0,2018-01-01,1,"exchange calendar (Alpaca), data/cache/calendar.json"
PRE_HOLIDAY,2018-03-29,,1.0,2018-01-01,1,"exchange calendar (Alpaca), data/cache/calendar.json"
PRE_HOLIDAY,2018-05-25,,1.0,2018-01-01,1,"exchange calendar (Alpaca), data/cache/calendar.json"
PRE_HOLIDAY,2018-07-03,,1.0,2018-01-01,1,"exchange calendar (Alpaca), data/cache/calendar.json"
PRE_HOLIDAY,2018-08-31,,1.0,2018-01-01,1,"exchange calendar (Alpaca), data/cache/calendar.json"
PRE_HOLIDAY,2018-11-21,,1.0,2018-01-01,1,"exchange calendar (Alpaca), data/cache/calendar.json"
PRE_HOLIDAY,2018-12-04,,1.0,2018-12-03,1,"exchange calendar (Alpaca), data/cache/calendar.json"
PRE_HOLIDAY,2018-12-24,,1.0,2018-01-01,1,"exchange calendar (Alpaca), data/cache/calendar.json"
PRE_HOLIDAY,2018-12-31,,1.0,2018-01-01,1,"exchange calendar (Alpaca), data/cache/calendar.json"
PRE_HOLIDAY,2019-01-18,,1.0,2019-01-01,1,"exchange calendar (Alpaca), data/cache/calendar.json"
PRE_HOLIDAY,2019-02-15,,1.0,2019-01-01,1,"exchange calendar (Alpaca), data/cache/calendar.json"
PRE_HOLIDAY,2019-04-18,,1.0,2019-01-01,1,"exchange calendar (Alpaca), data/cache/calendar.json"
PRE_HOLIDAY,2019-05-24,,1.0,2019-01-01,1,"exchange calendar (Alpaca), data/cache/calendar.json"
PRE_HOLIDAY,2019-07-03,,1.0,2019-01-01,1,"exchange calendar (Alpaca), data/cache/calendar.json"
PRE_HOLIDAY,2019-08-30,,1.0,2019-01-01,1,"exchange calendar (Alpaca), data/cache/calendar.json"
PRE_HOLIDAY,2019-11-27,,1.0,2019-01-01,1,"exchange calendar (Alpaca), data/cache/calendar.json"
PRE_HOLIDAY,2019-12-24,,1.0,2019-01-01,1,"exchange calendar (Alpaca), data/cache/calendar.json"
PRE_HOLIDAY,2019-12-31,,1.0,2019-01-01,1,"exchange calendar (Alpaca), data/cache/calendar.json"
PRE_HOLIDAY,2020-01-17,,1.0,2020-01-01,1,"exchange calendar (Alpaca), data/cache/calendar.json"
PRE_HOLIDAY,2020-02-14,,1.0,2020-01-01,1,"exchange calendar (Alpaca), data/cache/calendar.json"
PRE_HOLIDAY,2020-04-09,,1.0,2020-01-01,1,"exchange calendar (Alpaca), data/cache/calendar.json"
PRE_HOLIDAY,2020-05-22,,1.0,2020-01-01,1,"exchange calendar (Alpaca), data/cache/calendar.json"
PRE_HOLIDAY,2020-07-02,,1.0,2020-01-01,1,"exchange calendar (Alpaca), data/cache/calendar.json"
PRE_HOLIDAY,2020-09-04,,1.0,2020-01-01,1,"exchange calendar (Alpaca), data/cache/calendar.json"
PRE_HOLIDAY,2020-11-25,,1.0,2020-01-01,1,"exchange calendar (Alpaca), data/cache/calendar.json"
PRE_HOLIDAY,2020-12-24,,1.0,2020-01-01,1,"exchange calendar (Alpaca), data/cache/calendar.json"
PRE_HOLIDAY,2020-12-31,,1.0,2020-01-01,1,"exchange calendar (Alpaca), data/cache/calendar.json"
PRE_HOLIDAY,2021-01-15,,1.0,2021-01-01,1,"exchange calendar (Alpaca), data/cache/calendar.json"
PRE_HOLIDAY,2021-02-12,,1.0,2021-01-01,1,"exchange calendar (Alpaca), data/cache/calendar.json"
PRE_HOLIDAY,2021-04-01,,1.0,2021-01-01,1,"exchange calendar (Alpaca), data/cache/calendar.json"
PRE_HOLIDAY,2021-05-28,,1.0,2021-01-01,1,"exchange calendar (Alpaca), data/cache/calendar.json"
PRE_HOLIDAY,2021-07-02,,1.0,2021-01-01,1,"exchange calendar (Alpaca), data/cache/calendar.json"
PRE_HOLIDAY,2021-09-03,,1.0,2021-01-01,1,"exchange calendar (Alpaca), data/cache/calendar.json"
PRE_HOLIDAY,2021-11-24,,1.0,2021-01-01,1,"exchange calendar (Alpaca), data/cache/calendar.json"
PRE_HOLIDAY,2021-12-23,,1.0,2021-01-01,1,"exchange calendar (Alpaca), data/cache/calendar.json"
PRE_HOLIDAY,2022-01-14,,1.0,2022-01-01,1,"exchange calendar (Alpaca), data/cache/calendar.json"
PRE_HOLIDAY,2022-02-18,,1.0,2022-01-01,1,"exchange calendar (Alpaca), data/cache/calendar.json"
PRE_HOLIDAY,2022-04-14,,1.0,2022-01-01,1,"exchange calendar (Alpaca), data/cache/calendar.json"
PRE_HOLIDAY,2022-05-27,,1.0,2022-01-01,1,"exchange calendar (Alpaca), data/cache/calendar.json"
PRE_HOLIDAY,2022-06-17,,1.0,2022-01-01,1,"exchange calendar (Alpaca), data/cache/calendar.json"
PRE_HOLIDAY,2022-07-01,,1.0,2022-01-01,1,"exchange calendar (Alpaca), data/cache/calendar.json"
PRE_HOLIDAY,2022-09-02,,1.0,2022-01-01,1,"exchange calendar (Alpaca), data/cache/calendar.json"
PRE_HOLIDAY,2022-11-23,,1.0,2022-01-01,1,"exchange calendar (Alpaca), data/cache/calendar.json"
PRE_HOLIDAY,2022-12-23,,1.0,2022-01-01,1,"exchange calendar (Alpaca), data/cache/calendar.json"
PRE_HOLIDAY,2022-12-30,,1.0,2022-01-01,1,"exchange calendar (Alpaca), data/cache/calendar.json"
PRE_HOLIDAY,2023-01-13,,1.0,2023-01-01,1,"exchange calendar (Alpaca), data/cache/calendar.json"
PRE_HOLIDAY,2023-02-17,,1.0,2023-01-01,1,"exchange calendar (Alpaca), data/cache/calendar.json"
PRE_HOLIDAY,2023-04-06,,1.0,2023-01-01,1,"exchange calendar (Alpaca), data/cache/calendar.json"
PRE_HOLIDAY,2023-05-26,,1.0,2023-01-01,1,"exchange calendar (Alpaca), data/cache/calendar.json"
PRE_HOLIDAY,2023-06-16,,1.0,2023-01-01,1,"exchange calendar (Alpaca), data/cache/calendar.json"
PRE_HOLIDAY,2023-07-03,,1.0,2023-01-01,1,"exchange calendar (Alpaca), data/cache/calendar.json"
PRE_HOLIDAY,2023-09-01,,1.0,2023-01-01,1,"exchange calendar (Alpaca), data/cache/calendar.json"
PRE_HOLIDAY,2023-11-22,,1.0,2023-01-01,1,"exchange calendar (Alpaca), data/cache/calendar.json"
PRE_HOLIDAY,2023-12-22,,1.0,2023-01-01,1,"exchange calendar (Alpaca), data/cache/calendar.json"
PRE_HOLIDAY,2023-12-29,,1.0,2023-01-01,1,"exchange calendar (Alpaca), data/cache/calendar.json"
PRE_HOLIDAY,2024-01-12,,1.0,2024-01-01,1,"exchange calendar (Alpaca), data/cache/calendar.json"
PRE_HOLIDAY,2024-02-16,,1.0,2024-01-01,1,"exchange calendar (Alpaca), data/cache/calendar.json"
PRE_HOLIDAY,2024-03-28,,1.0,2024-01-01,1,"exchange calendar (Alpaca), data/cache/calendar.json"
PRE_HOLIDAY,2024-05-24,,1.0,2024-01-01,1,"exchange calendar (Alpaca), data/cache/calendar.json"
PRE_HOLIDAY,2024-06-18,,1.0,2024-01-01,1,"exchange calendar (Alpaca), data/cache/calendar.json"
PRE_HOLIDAY,2024-07-03,,1.0,2024-01-01,1,"exchange calendar (Alpaca), data/cache/calendar.json"
PRE_HOLIDAY,2024-08-30,,1.0,2024-01-01,1,"exchange calendar (Alpaca), data/cache/calendar.json"
PRE_HOLIDAY,2024-11-27,,1.0,2024-01-01,1,"exchange calendar (Alpaca), data/cache/calendar.json"
PRE_HOLIDAY,2024-12-24,,1.0,2024-01-01,1,"exchange calendar (Alpaca), data/cache/calendar.json"
PRE_HOLIDAY,2024-12-31,,1.0,2024-01-01,1,"exchange calendar (Alpaca), data/cache/calendar.json"
PRE_HOLIDAY,2025-01-08,,1.0,2025-01-06,1,"exchange calendar (Alpaca), data/cache/calendar.json"
PRE_HOLIDAY,2025-01-17,,1.0,2025-01-01,1,"exchange calendar (Alpaca), data/cache/calendar.json"
PRE_HOLIDAY,2025-02-14,,1.0,2025-01-01,1,"exchange calendar (Alpaca), data/cache/calendar.json"
PRE_HOLIDAY,2025-04-17,,1.0,2025-01-01,1,"exchange calendar (Alpaca), data/cache/calendar.json"
PRE_HOLIDAY,2025-05-23,,1.0,2025-01-01,1,"exchange calendar (Alpaca), data/cache/calendar.json"
PRE_HOLIDAY,2025-06-18,,1.0,2025-01-01,1,"exchange calendar (Alpaca), data/cache/calendar.json"
PRE_HOLIDAY,2025-07-03,,1.0,2025-01-01,1,"exchange calendar (Alpaca), data/cache/calendar.json"
PRE_HOLIDAY,2025-08-29,,1.0,2025-01-01,1,"exchange calendar (Alpaca), data/cache/calendar.json"
PRE_HOLIDAY,2025-11-26,,1.0,2025-01-01,1,"exchange calendar (Alpaca), data/cache/calendar.json"
PRE_HOLIDAY,2025-12-24,,1.0,2025-01-01,1,"exchange calendar (Alpaca), data/cache/calendar.json"
PRE_HOLIDAY,2025-12-31,,1.0,2025-01-01,1,"exchange calendar (Alpaca), data/cache/calendar.json"
PRE_HOLIDAY,2026-01-16,,1.0,2026-01-01,1,"exchange calendar (Alpaca), data/cache/calendar.json"
PRE_HOLIDAY,2026-02-13,,1.0,2026-01-01,1,"exchange calendar (Alpaca), data/cache/calendar.json"
PRE_HOLIDAY,2026-04-02,,1.0,2026-01-01,1,"exchange calendar (Alpaca), data/cache/calendar.json"
PRE_HOLIDAY,2026-05-22,,1.0,2026-01-01,1,"exchange calendar (Alpaca), data/cache/calendar.json"
PRE_HOLIDAY,2026-06-18,,1.0,2026-01-01,1,"exchange calendar (Alpaca), data/cache/calendar.json"
PRE_HOLIDAY,2026-07-02,,1.0,2026-01-01,1,"exchange calendar (Alpaca), data/cache/calendar.json"
PRE_HOLIDAY,2026-09-04,,1.0,2026-01-01,1,"exchange calendar (Alpaca), data/cache/calendar.json"
PRE_HOLIDAY,2026-11-25,,1.0,2026-01-01,1,"exchange calendar (Alpaca), data/cache/calendar.json"
PRE_HOLIDAY,2026-12-24,,1.0,2026-01-01,1,"exchange calendar (Alpaca), data/cache/calendar.json"
PRE_HOLIDAY,2026-12-31,,1.0,2026-01-01,1,"exchange calendar (Alpaca), data/cache/calendar.json"
PRE_HOLIDAY,2027-01-15,,1.0,2027-01-01,1,"exchange calendar (Alpaca), data/cache/calendar.json"
PRE_HOLIDAY,2027-02-12,,1.0,2027-01-01,1,"exchange calendar (Alpaca), data/cache/calendar.json"
PRE_HOLIDAY,2027-03-25,,1.0,2027-01-01,1,"exchange calendar (Alpaca), data/cache/calendar.json"
PRE_HOLIDAY,2027-05-28,,1.0,2027-01-01,1,"exchange calendar (Alpaca), data/cache/calendar.json"
PRE_HOLIDAY,2027-06-17,,1.0,2027-01-01,1,"exchange calendar (Alpaca), data/cache/calendar.json"
PRE_HOLIDAY,2027-07-02,,1.0,2027-01-01,1,"exchange calendar (Alpaca), data/cache/calendar.json"
PRE_HOLIDAY,2027-09-03,,1.0,2027-01-01,1,"exchange calendar (Alpaca), data/cache/calendar.json"
TOM,2016-01-04,,1.0,2016-01-01,1,"exchange calendar (Alpaca), data/cache/calendar.json"
TOM,2016-01-05,,2.0,2016-01-01,1,"exchange calendar (Alpaca), data/cache/calendar.json"
TOM,2016-01-06,,3.0,2016-01-01,1,"exchange calendar (Alpaca), data/cache/calendar.json"
TOM,2016-01-29,,-1.0,2016-01-01,1,"exchange calendar (Alpaca), data/cache/calendar.json"
TOM,2016-02-01,,1.0,2016-01-01,1,"exchange calendar (Alpaca), data/cache/calendar.json"
TOM,2016-02-02,,2.0,2016-01-01,1,"exchange calendar (Alpaca), data/cache/calendar.json"
TOM,2016-02-03,,3.0,2016-01-01,1,"exchange calendar (Alpaca), data/cache/calendar.json"
TOM,2016-02-29,,-1.0,2016-01-01,1,"exchange calendar (Alpaca), data/cache/calendar.json"
TOM,2016-03-01,,1.0,2016-01-01,1,"exchange calendar (Alpaca), data/cache/calendar.json"
TOM,2016-03-02,,2.0,2016-01-01,1,"exchange calendar (Alpaca), data/cache/calendar.json"
TOM,2016-03-03,,3.0,2016-01-01,1,"exchange calendar (Alpaca), data/cache/calendar.json"
TOM,2016-03-31,,-1.0,2016-01-01,1,"exchange calendar (Alpaca), data/cache/calendar.json"
TOM,2016-04-01,,1.0,2016-01-01,1,"exchange calendar (Alpaca), data/cache/calendar.json"
TOM,2016-04-04,,2.0,2016-01-01,1,"exchange calendar (Alpaca), data/cache/calendar.json"
TOM,2016-04-05,,3.0,2016-01-01,1,"exchange calendar (Alpaca), data/cache/calendar.json"
TOM,2016-04-29,,-1.0,2016-01-01,1,"exchange calendar (Alpaca), data/cache/calendar.json"
TOM,2016-05-02,,1.0,2016-01-01,1,"exchange calendar (Alpaca), data/cache/calendar.json"
TOM,2016-05-03,,2.0,2016-01-01,1,"exchange calendar (Alpaca), data/cache/calendar.json"
TOM,2016-05-04,,3.0,2016-01-01,1,"exchange calendar (Alpaca), data/cache/calendar.json"
TOM,2016-05-31,,-1.0,2016-01-01,1,"exchange calendar (Alpaca), data/cache/calendar.json"
TOM,2016-06-01,,1.0,2016-01-01,1,"exchange calendar (Alpaca), data/cache/calendar.json"
TOM,2016-06-02,,2.0,2016-01-01,1,"exchange calendar (Alpaca), data/cache/calendar.json"
TOM,2016-06-03,,3.0,2016-01-01,1,"exchange calendar (Alpaca), data/cache/calendar.json"
TOM,2016-06-30,,-1.0,2016-01-01,1,"exchange calendar (Alpaca), data/cache/calendar.json"
TOM,2016-07-01,,1.0,2016-01-01,1,"exchange calendar (Alpaca), data/cache/calendar.json"
TOM,2016-07-05,,2.0,2016-01-01,1,"exchange calendar (Alpaca), data/cache/calendar.json"
TOM,2016-07-06,,3.0,2016-01-01,1,"exchange calendar (Alpaca), data/cache/calendar.json"
TOM,2016-07-29,,-1.0,2016-01-01,1,"exchange calendar (Alpaca), data/cache/calendar.json"
TOM,2016-08-01,,1.0,2016-01-01,1,"exchange calendar (Alpaca), data/cache/calendar.json"
TOM,2016-08-02,,2.0,2016-01-01,1,"exchange calendar (Alpaca), data/cache/calendar.json"
TOM,2016-08-03,,3.0,2016-01-01,1,"exchange calendar (Alpaca), data/cache/calendar.json"
TOM,2016-08-31,,-1.0,2016-01-01,1,"exchange calendar (Alpaca), data/cache/calendar.json"
TOM,2016-09-01,,1.0,2016-01-01,1,"exchange calendar (Alpaca), data/cache/calendar.json"
TOM,2016-09-02,,2.0,2016-01-01,1,"exchange calendar (Alpaca), data/cache/calendar.json"
TOM,2016-09-06,,3.0,2016-01-01,1,"exchange calendar (Alpaca), data/cache/calendar.json"
TOM,2016-09-30,,-1.0,2016-01-01,1,"exchange calendar (Alpaca), data/cache/calendar.json"
TOM,2016-10-03,,1.0,2016-01-01,1,"exchange calendar (Alpaca), data/cache/calendar.json"
TOM,2016-10-04,,2.0,2016-01-01,1,"exchange calendar (Alpaca), data/cache/calendar.json"
TOM,2016-10-05,,3.0,2016-01-01,1,"exchange calendar (Alpaca), data/cache/calendar.json"
TOM,2016-10-31,,-1.0,2016-01-01,1,"exchange calendar (Alpaca), data/cache/calendar.json"
TOM,2016-11-01,,1.0,2016-01-01,1,"exchange calendar (Alpaca), data/cache/calendar.json"
TOM,2016-11-02,,2.0,2016-01-01,1,"exchange calendar (Alpaca), data/cache/calendar.json"
TOM,2016-11-03,,3.0,2016-01-01,1,"exchange calendar (Alpaca), data/cache/calendar.json"
TOM,2016-11-30,,-1.0,2016-01-01,1,"exchange calendar (Alpaca), data/cache/calendar.json"
TOM,2016-12-01,,1.0,2016-01-01,1,"exchange calendar (Alpaca), data/cache/calendar.json"
TOM,2016-12-02,,2.0,2016-01-01,1,"exchange calendar (Alpaca), data/cache/calendar.json"
TOM,2016-12-05,,3.0,2016-01-01,1,"exchange calendar (Alpaca), data/cache/calendar.json"
TOM,2016-12-30,,-1.0,2016-01-01,1,"exchange calendar (Alpaca), data/cache/calendar.json"
TOM,2017-01-03,,1.0,2017-01-01,1,"exchange calendar (Alpaca), data/cache/calendar.json"
TOM,2017-01-04,,2.0,2017-01-01,1,"exchange calendar (Alpaca), data/cache/calendar.json"
TOM,2017-01-05,,3.0,2017-01-01,1,"exchange calendar (Alpaca), data/cache/calendar.json"
TOM,2017-01-31,,-1.0,2017-01-01,1,"exchange calendar (Alpaca), data/cache/calendar.json"
TOM,2017-02-01,,1.0,2017-01-01,1,"exchange calendar (Alpaca), data/cache/calendar.json"
TOM,2017-02-02,,2.0,2017-01-01,1,"exchange calendar (Alpaca), data/cache/calendar.json"
TOM,2017-02-03,,3.0,2017-01-01,1,"exchange calendar (Alpaca), data/cache/calendar.json"
TOM,2017-02-28,,-1.0,2017-01-01,1,"exchange calendar (Alpaca), data/cache/calendar.json"
TOM,2017-03-01,,1.0,2017-01-01,1,"exchange calendar (Alpaca), data/cache/calendar.json"
TOM,2017-03-02,,2.0,2017-01-01,1,"exchange calendar (Alpaca), data/cache/calendar.json"
TOM,2017-03-03,,3.0,2017-01-01,1,"exchange calendar (Alpaca), data/cache/calendar.json"
TOM,2017-03-31,,-1.0,2017-01-01,1,"exchange calendar (Alpaca), data/cache/calendar.json"
TOM,2017-04-03,,1.0,2017-01-01,1,"exchange calendar (Alpaca), data/cache/calendar.json"
TOM,2017-04-04,,2.0,2017-01-01,1,"exchange calendar (Alpaca), data/cache/calendar.json"
TOM,2017-04-05,,3.0,2017-01-01,1,"exchange calendar (Alpaca), data/cache/calendar.json"
TOM,2017-04-28,,-1.0,2017-01-01,1,"exchange calendar (Alpaca), data/cache/calendar.json"
TOM,2017-05-01,,1.0,2017-01-01,1,"exchange calendar (Alpaca), data/cache/calendar.json"
TOM,2017-05-02,,2.0,2017-01-01,1,"exchange calendar (Alpaca), data/cache/calendar.json"
TOM,2017-05-03,,3.0,2017-01-01,1,"exchange calendar (Alpaca), data/cache/calendar.json"
TOM,2017-05-31,,-1.0,2017-01-01,1,"exchange calendar (Alpaca), data/cache/calendar.json"
TOM,2017-06-01,,1.0,2017-01-01,1,"exchange calendar (Alpaca), data/cache/calendar.json"
TOM,2017-06-02,,2.0,2017-01-01,1,"exchange calendar (Alpaca), data/cache/calendar.json"
TOM,2017-06-05,,3.0,2017-01-01,1,"exchange calendar (Alpaca), data/cache/calendar.json"
TOM,2017-06-30,,-1.0,2017-01-01,1,"exchange calendar (Alpaca), data/cache/calendar.json"
TOM,2017-07-03,,1.0,2017-01-01,1,"exchange calendar (Alpaca), data/cache/calendar.json"
TOM,2017-07-05,,2.0,2017-01-01,1,"exchange calendar (Alpaca), data/cache/calendar.json"
TOM,2017-07-06,,3.0,2017-01-01,1,"exchange calendar (Alpaca), data/cache/calendar.json"
TOM,2017-07-31,,-1.0,2017-01-01,1,"exchange calendar (Alpaca), data/cache/calendar.json"
TOM,2017-08-01,,1.0,2017-01-01,1,"exchange calendar (Alpaca), data/cache/calendar.json"
TOM,2017-08-02,,2.0,2017-01-01,1,"exchange calendar (Alpaca), data/cache/calendar.json"
TOM,2017-08-03,,3.0,2017-01-01,1,"exchange calendar (Alpaca), data/cache/calendar.json"
TOM,2017-08-31,,-1.0,2017-01-01,1,"exchange calendar (Alpaca), data/cache/calendar.json"
TOM,2017-09-01,,1.0,2017-01-01,1,"exchange calendar (Alpaca), data/cache/calendar.json"
TOM,2017-09-05,,2.0,2017-01-01,1,"exchange calendar (Alpaca), data/cache/calendar.json"
TOM,2017-09-06,,3.0,2017-01-01,1,"exchange calendar (Alpaca), data/cache/calendar.json"
TOM,2017-09-29,,-1.0,2017-01-01,1,"exchange calendar (Alpaca), data/cache/calendar.json"
TOM,2017-10-02,,1.0,2017-01-01,1,"exchange calendar (Alpaca), data/cache/calendar.json"
TOM,2017-10-03,,2.0,2017-01-01,1,"exchange calendar (Alpaca), data/cache/calendar.json"
TOM,2017-10-04,,3.0,2017-01-01,1,"exchange calendar (Alpaca), data/cache/calendar.json"
TOM,2017-10-31,,-1.0,2017-01-01,1,"exchange calendar (Alpaca), data/cache/calendar.json"
TOM,2017-11-01,,1.0,2017-01-01,1,"exchange calendar (Alpaca), data/cache/calendar.json"
TOM,2017-11-02,,2.0,2017-01-01,1,"exchange calendar (Alpaca), data/cache/calendar.json"
TOM,2017-11-03,,3.0,2017-01-01,1,"exchange calendar (Alpaca), data/cache/calendar.json"
TOM,2017-11-30,,-1.0,2017-01-01,1,"exchange calendar (Alpaca), data/cache/calendar.json"
TOM,2017-12-01,,1.0,2017-01-01,1,"exchange calendar (Alpaca), data/cache/calendar.json"
TOM,2017-12-04,,2.0,2017-01-01,1,"exchange calendar (Alpaca), data/cache/calendar.json"
TOM,2017-12-05,,3.0,2017-01-01,1,"exchange calendar (Alpaca), data/cache/calendar.json"
TOM,2017-12-29,,-1.0,2017-01-01,1,"exchange calendar (Alpaca), data/cache/calendar.json"
TOM,2018-01-02,,1.0,2018-01-01,1,"exchange calendar (Alpaca), data/cache/calendar.json"
TOM,2018-01-03,,2.0,2018-01-01,1,"exchange calendar (Alpaca), data/cache/calendar.json"
TOM,2018-01-04,,3.0,2018-01-01,1,"exchange calendar (Alpaca), data/cache/calendar.json"
TOM,2018-01-31,,-1.0,2018-01-01,1,"exchange calendar (Alpaca), data/cache/calendar.json"
TOM,2018-02-01,,1.0,2018-01-01,1,"exchange calendar (Alpaca), data/cache/calendar.json"
TOM,2018-02-02,,2.0,2018-01-01,1,"exchange calendar (Alpaca), data/cache/calendar.json"
TOM,2018-02-05,,3.0,2018-01-01,1,"exchange calendar (Alpaca), data/cache/calendar.json"
TOM,2018-02-28,,-1.0,2018-01-01,1,"exchange calendar (Alpaca), data/cache/calendar.json"
TOM,2018-03-01,,1.0,2018-01-01,1,"exchange calendar (Alpaca), data/cache/calendar.json"
TOM,2018-03-02,,2.0,2018-01-01,1,"exchange calendar (Alpaca), data/cache/calendar.json"
TOM,2018-03-05,,3.0,2018-01-01,1,"exchange calendar (Alpaca), data/cache/calendar.json"
TOM,2018-03-29,,-1.0,2018-01-01,1,"exchange calendar (Alpaca), data/cache/calendar.json"
TOM,2018-04-02,,1.0,2018-01-01,1,"exchange calendar (Alpaca), data/cache/calendar.json"
TOM,2018-04-03,,2.0,2018-01-01,1,"exchange calendar (Alpaca), data/cache/calendar.json"
TOM,2018-04-04,,3.0,2018-01-01,1,"exchange calendar (Alpaca), data/cache/calendar.json"
TOM,2018-04-30,,-1.0,2018-01-01,1,"exchange calendar (Alpaca), data/cache/calendar.json"
TOM,2018-05-01,,1.0,2018-01-01,1,"exchange calendar (Alpaca), data/cache/calendar.json"
TOM,2018-05-02,,2.0,2018-01-01,1,"exchange calendar (Alpaca), data/cache/calendar.json"
TOM,2018-05-03,,3.0,2018-01-01,1,"exchange calendar (Alpaca), data/cache/calendar.json"
TOM,2018-05-31,,-1.0,2018-01-01,1,"exchange calendar (Alpaca), data/cache/calendar.json"
TOM,2018-06-01,,1.0,2018-01-01,1,"exchange calendar (Alpaca), data/cache/calendar.json"
TOM,2018-06-04,,2.0,2018-01-01,1,"exchange calendar (Alpaca), data/cache/calendar.json"
TOM,2018-06-05,,3.0,2018-01-01,1,"exchange calendar (Alpaca), data/cache/calendar.json"
TOM,2018-06-29,,-1.0,2018-01-01,1,"exchange calendar (Alpaca), data/cache/calendar.json"
TOM,2018-07-02,,1.0,2018-01-01,1,"exchange calendar (Alpaca), data/cache/calendar.json"
TOM,2018-07-03,,2.0,2018-01-01,1,"exchange calendar (Alpaca), data/cache/calendar.json"
TOM,2018-07-05,,3.0,2018-01-01,1,"exchange calendar (Alpaca), data/cache/calendar.json"
TOM,2018-07-31,,-1.0,2018-01-01,1,"exchange calendar (Alpaca), data/cache/calendar.json"
TOM,2018-08-01,,1.0,2018-01-01,1,"exchange calendar (Alpaca), data/cache/calendar.json"
TOM,2018-08-02,,2.0,2018-01-01,1,"exchange calendar (Alpaca), data/cache/calendar.json"
TOM,2018-08-03,,3.0,2018-01-01,1,"exchange calendar (Alpaca), data/cache/calendar.json"
TOM,2018-08-31,,-1.0,2018-01-01,1,"exchange calendar (Alpaca), data/cache/calendar.json"
TOM,2018-09-04,,1.0,2018-01-01,1,"exchange calendar (Alpaca), data/cache/calendar.json"
TOM,2018-09-05,,2.0,2018-01-01,1,"exchange calendar (Alpaca), data/cache/calendar.json"
TOM,2018-09-06,,3.0,2018-01-01,1,"exchange calendar (Alpaca), data/cache/calendar.json"
TOM,2018-09-28,,-1.0,2018-01-01,1,"exchange calendar (Alpaca), data/cache/calendar.json"
TOM,2018-10-01,,1.0,2018-01-01,1,"exchange calendar (Alpaca), data/cache/calendar.json"
TOM,2018-10-02,,2.0,2018-01-01,1,"exchange calendar (Alpaca), data/cache/calendar.json"
TOM,2018-10-03,,3.0,2018-01-01,1,"exchange calendar (Alpaca), data/cache/calendar.json"
TOM,2018-10-31,,-1.0,2018-01-01,1,"exchange calendar (Alpaca), data/cache/calendar.json"
TOM,2018-11-01,,1.0,2018-01-01,1,"exchange calendar (Alpaca), data/cache/calendar.json"
TOM,2018-11-02,,2.0,2018-01-01,1,"exchange calendar (Alpaca), data/cache/calendar.json"
TOM,2018-11-05,,3.0,2018-01-01,1,"exchange calendar (Alpaca), data/cache/calendar.json"
TOM,2018-11-30,,-1.0,2018-01-01,1,"exchange calendar (Alpaca), data/cache/calendar.json"
TOM,2018-12-03,,1.0,2018-01-01,1,"exchange calendar (Alpaca), data/cache/calendar.json"
TOM,2018-12-04,,2.0,2018-01-01,1,"exchange calendar (Alpaca), data/cache/calendar.json"
TOM,2018-12-06,,3.0,2018-01-01,1,"exchange calendar (Alpaca), data/cache/calendar.json"
TOM,2018-12-31,,-1.0,2018-01-01,1,"exchange calendar (Alpaca), data/cache/calendar.json"
TOM,2019-01-02,,1.0,2019-01-01,1,"exchange calendar (Alpaca), data/cache/calendar.json"
TOM,2019-01-03,,2.0,2019-01-01,1,"exchange calendar (Alpaca), data/cache/calendar.json"
TOM,2019-01-04,,3.0,2019-01-01,1,"exchange calendar (Alpaca), data/cache/calendar.json"
TOM,2019-01-31,,-1.0,2019-01-01,1,"exchange calendar (Alpaca), data/cache/calendar.json"
TOM,2019-02-01,,1.0,2019-01-01,1,"exchange calendar (Alpaca), data/cache/calendar.json"
TOM,2019-02-04,,2.0,2019-01-01,1,"exchange calendar (Alpaca), data/cache/calendar.json"
TOM,2019-02-05,,3.0,2019-01-01,1,"exchange calendar (Alpaca), data/cache/calendar.json"
TOM,2019-02-28,,-1.0,2019-01-01,1,"exchange calendar (Alpaca), data/cache/calendar.json"
TOM,2019-03-01,,1.0,2019-01-01,1,"exchange calendar (Alpaca), data/cache/calendar.json"
TOM,2019-03-04,,2.0,2019-01-01,1,"exchange calendar (Alpaca), data/cache/calendar.json"
TOM,2019-03-05,,3.0,2019-01-01,1,"exchange calendar (Alpaca), data/cache/calendar.json"
TOM,2019-03-29,,-1.0,2019-01-01,1,"exchange calendar (Alpaca), data/cache/calendar.json"
TOM,2019-04-01,,1.0,2019-01-01,1,"exchange calendar (Alpaca), data/cache/calendar.json"
TOM,2019-04-02,,2.0,2019-01-01,1,"exchange calendar (Alpaca), data/cache/calendar.json"
TOM,2019-04-03,,3.0,2019-01-01,1,"exchange calendar (Alpaca), data/cache/calendar.json"
TOM,2019-04-30,,-1.0,2019-01-01,1,"exchange calendar (Alpaca), data/cache/calendar.json"
TOM,2019-05-01,,1.0,2019-01-01,1,"exchange calendar (Alpaca), data/cache/calendar.json"
TOM,2019-05-02,,2.0,2019-01-01,1,"exchange calendar (Alpaca), data/cache/calendar.json"
TOM,2019-05-03,,3.0,2019-01-01,1,"exchange calendar (Alpaca), data/cache/calendar.json"
TOM,2019-05-31,,-1.0,2019-01-01,1,"exchange calendar (Alpaca), data/cache/calendar.json"
TOM,2019-06-03,,1.0,2019-01-01,1,"exchange calendar (Alpaca), data/cache/calendar.json"
TOM,2019-06-04,,2.0,2019-01-01,1,"exchange calendar (Alpaca), data/cache/calendar.json"
TOM,2019-06-05,,3.0,2019-01-01,1,"exchange calendar (Alpaca), data/cache/calendar.json"
TOM,2019-06-28,,-1.0,2019-01-01,1,"exchange calendar (Alpaca), data/cache/calendar.json"
TOM,2019-07-01,,1.0,2019-01-01,1,"exchange calendar (Alpaca), data/cache/calendar.json"
TOM,2019-07-02,,2.0,2019-01-01,1,"exchange calendar (Alpaca), data/cache/calendar.json"
TOM,2019-07-03,,3.0,2019-01-01,1,"exchange calendar (Alpaca), data/cache/calendar.json"
TOM,2019-07-31,,-1.0,2019-01-01,1,"exchange calendar (Alpaca), data/cache/calendar.json"
TOM,2019-08-01,,1.0,2019-01-01,1,"exchange calendar (Alpaca), data/cache/calendar.json"
TOM,2019-08-02,,2.0,2019-01-01,1,"exchange calendar (Alpaca), data/cache/calendar.json"
TOM,2019-08-05,,3.0,2019-01-01,1,"exchange calendar (Alpaca), data/cache/calendar.json"
TOM,2019-08-30,,-1.0,2019-01-01,1,"exchange calendar (Alpaca), data/cache/calendar.json"
TOM,2019-09-03,,1.0,2019-01-01,1,"exchange calendar (Alpaca), data/cache/calendar.json"
TOM,2019-09-04,,2.0,2019-01-01,1,"exchange calendar (Alpaca), data/cache/calendar.json"
TOM,2019-09-05,,3.0,2019-01-01,1,"exchange calendar (Alpaca), data/cache/calendar.json"
TOM,2019-09-30,,-1.0,2019-01-01,1,"exchange calendar (Alpaca), data/cache/calendar.json"
TOM,2019-10-01,,1.0,2019-01-01,1,"exchange calendar (Alpaca), data/cache/calendar.json"
TOM,2019-10-02,,2.0,2019-01-01,1,"exchange calendar (Alpaca), data/cache/calendar.json"
TOM,2019-10-03,,3.0,2019-01-01,1,"exchange calendar (Alpaca), data/cache/calendar.json"
TOM,2019-10-31,,-1.0,2019-01-01,1,"exchange calendar (Alpaca), data/cache/calendar.json"
TOM,2019-11-01,,1.0,2019-01-01,1,"exchange calendar (Alpaca), data/cache/calendar.json"
TOM,2019-11-04,,2.0,2019-01-01,1,"exchange calendar (Alpaca), data/cache/calendar.json"
TOM,2019-11-05,,3.0,2019-01-01,1,"exchange calendar (Alpaca), data/cache/calendar.json"
TOM,2019-11-29,,-1.0,2019-01-01,1,"exchange calendar (Alpaca), data/cache/calendar.json"
TOM,2019-12-02,,1.0,2019-01-01,1,"exchange calendar (Alpaca), data/cache/calendar.json"
TOM,2019-12-03,,2.0,2019-01-01,1,"exchange calendar (Alpaca), data/cache/calendar.json"
TOM,2019-12-04,,3.0,2019-01-01,1,"exchange calendar (Alpaca), data/cache/calendar.json"
TOM,2019-12-31,,-1.0,2019-01-01,1,"exchange calendar (Alpaca), data/cache/calendar.json"
TOM,2020-01-02,,1.0,2020-01-01,1,"exchange calendar (Alpaca), data/cache/calendar.json"
TOM,2020-01-03,,2.0,2020-01-01,1,"exchange calendar (Alpaca), data/cache/calendar.json"
TOM,2020-01-06,,3.0,2020-01-01,1,"exchange calendar (Alpaca), data/cache/calendar.json"
TOM,2020-01-31,,-1.0,2020-01-01,1,"exchange calendar (Alpaca), data/cache/calendar.json"
TOM,2020-02-03,,1.0,2020-01-01,1,"exchange calendar (Alpaca), data/cache/calendar.json"
TOM,2020-02-04,,2.0,2020-01-01,1,"exchange calendar (Alpaca), data/cache/calendar.json"
TOM,2020-02-05,,3.0,2020-01-01,1,"exchange calendar (Alpaca), data/cache/calendar.json"
TOM,2020-02-28,,-1.0,2020-01-01,1,"exchange calendar (Alpaca), data/cache/calendar.json"
TOM,2020-03-02,,1.0,2020-01-01,1,"exchange calendar (Alpaca), data/cache/calendar.json"
TOM,2020-03-03,,2.0,2020-01-01,1,"exchange calendar (Alpaca), data/cache/calendar.json"
TOM,2020-03-04,,3.0,2020-01-01,1,"exchange calendar (Alpaca), data/cache/calendar.json"
TOM,2020-03-31,,-1.0,2020-01-01,1,"exchange calendar (Alpaca), data/cache/calendar.json"
TOM,2020-04-01,,1.0,2020-01-01,1,"exchange calendar (Alpaca), data/cache/calendar.json"
TOM,2020-04-02,,2.0,2020-01-01,1,"exchange calendar (Alpaca), data/cache/calendar.json"
TOM,2020-04-03,,3.0,2020-01-01,1,"exchange calendar (Alpaca), data/cache/calendar.json"
TOM,2020-04-30,,-1.0,2020-01-01,1,"exchange calendar (Alpaca), data/cache/calendar.json"
TOM,2020-05-01,,1.0,2020-01-01,1,"exchange calendar (Alpaca), data/cache/calendar.json"
TOM,2020-05-04,,2.0,2020-01-01,1,"exchange calendar (Alpaca), data/cache/calendar.json"
TOM,2020-05-05,,3.0,2020-01-01,1,"exchange calendar (Alpaca), data/cache/calendar.json"
TOM,2020-05-29,,-1.0,2020-01-01,1,"exchange calendar (Alpaca), data/cache/calendar.json"
TOM,2020-06-01,,1.0,2020-01-01,1,"exchange calendar (Alpaca), data/cache/calendar.json"
TOM,2020-06-02,,2.0,2020-01-01,1,"exchange calendar (Alpaca), data/cache/calendar.json"
TOM,2020-06-03,,3.0,2020-01-01,1,"exchange calendar (Alpaca), data/cache/calendar.json"
TOM,2020-06-30,,-1.0,2020-01-01,1,"exchange calendar (Alpaca), data/cache/calendar.json"
TOM,2020-07-01,,1.0,2020-01-01,1,"exchange calendar (Alpaca), data/cache/calendar.json"
TOM,2020-07-02,,2.0,2020-01-01,1,"exchange calendar (Alpaca), data/cache/calendar.json"
TOM,2020-07-06,,3.0,2020-01-01,1,"exchange calendar (Alpaca), data/cache/calendar.json"
TOM,2020-07-31,,-1.0,2020-01-01,1,"exchange calendar (Alpaca), data/cache/calendar.json"
TOM,2020-08-03,,1.0,2020-01-01,1,"exchange calendar (Alpaca), data/cache/calendar.json"
TOM,2020-08-04,,2.0,2020-01-01,1,"exchange calendar (Alpaca), data/cache/calendar.json"
TOM,2020-08-05,,3.0,2020-01-01,1,"exchange calendar (Alpaca), data/cache/calendar.json"
TOM,2020-08-31,,-1.0,2020-01-01,1,"exchange calendar (Alpaca), data/cache/calendar.json"
TOM,2020-09-01,,1.0,2020-01-01,1,"exchange calendar (Alpaca), data/cache/calendar.json"
TOM,2020-09-02,,2.0,2020-01-01,1,"exchange calendar (Alpaca), data/cache/calendar.json"
TOM,2020-09-03,,3.0,2020-01-01,1,"exchange calendar (Alpaca), data/cache/calendar.json"
TOM,2020-09-30,,-1.0,2020-01-01,1,"exchange calendar (Alpaca), data/cache/calendar.json"
TOM,2020-10-01,,1.0,2020-01-01,1,"exchange calendar (Alpaca), data/cache/calendar.json"
TOM,2020-10-02,,2.0,2020-01-01,1,"exchange calendar (Alpaca), data/cache/calendar.json"
TOM,2020-10-05,,3.0,2020-01-01,1,"exchange calendar (Alpaca), data/cache/calendar.json"
TOM,2020-10-30,,-1.0,2020-01-01,1,"exchange calendar (Alpaca), data/cache/calendar.json"
TOM,2020-11-02,,1.0,2020-01-01,1,"exchange calendar (Alpaca), data/cache/calendar.json"
TOM,2020-11-03,,2.0,2020-01-01,1,"exchange calendar (Alpaca), data/cache/calendar.json"
TOM,2020-11-04,,3.0,2020-01-01,1,"exchange calendar (Alpaca), data/cache/calendar.json"
TOM,2020-11-30,,-1.0,2020-01-01,1,"exchange calendar (Alpaca), data/cache/calendar.json"
TOM,2020-12-01,,1.0,2020-01-01,1,"exchange calendar (Alpaca), data/cache/calendar.json"
TOM,2020-12-02,,2.0,2020-01-01,1,"exchange calendar (Alpaca), data/cache/calendar.json"
TOM,2020-12-03,,3.0,2020-01-01,1,"exchange calendar (Alpaca), data/cache/calendar.json"
TOM,2020-12-31,,-1.0,2020-01-01,1,"exchange calendar (Alpaca), data/cache/calendar.json"
TOM,2021-01-04,,1.0,2021-01-01,1,"exchange calendar (Alpaca), data/cache/calendar.json"
TOM,2021-01-05,,2.0,2021-01-01,1,"exchange calendar (Alpaca), data/cache/calendar.json"
TOM,2021-01-06,,3.0,2021-01-01,1,"exchange calendar (Alpaca), data/cache/calendar.json"
TOM,2021-01-29,,-1.0,2021-01-01,1,"exchange calendar (Alpaca), data/cache/calendar.json"
TOM,2021-02-01,,1.0,2021-01-01,1,"exchange calendar (Alpaca), data/cache/calendar.json"
TOM,2021-02-02,,2.0,2021-01-01,1,"exchange calendar (Alpaca), data/cache/calendar.json"
TOM,2021-02-03,,3.0,2021-01-01,1,"exchange calendar (Alpaca), data/cache/calendar.json"
TOM,2021-02-26,,-1.0,2021-01-01,1,"exchange calendar (Alpaca), data/cache/calendar.json"
TOM,2021-03-01,,1.0,2021-01-01,1,"exchange calendar (Alpaca), data/cache/calendar.json"
TOM,2021-03-02,,2.0,2021-01-01,1,"exchange calendar (Alpaca), data/cache/calendar.json"
TOM,2021-03-03,,3.0,2021-01-01,1,"exchange calendar (Alpaca), data/cache/calendar.json"
TOM,2021-03-31,,-1.0,2021-01-01,1,"exchange calendar (Alpaca), data/cache/calendar.json"
TOM,2021-04-01,,1.0,2021-01-01,1,"exchange calendar (Alpaca), data/cache/calendar.json"
TOM,2021-04-05,,2.0,2021-01-01,1,"exchange calendar (Alpaca), data/cache/calendar.json"
TOM,2021-04-06,,3.0,2021-01-01,1,"exchange calendar (Alpaca), data/cache/calendar.json"
TOM,2021-04-30,,-1.0,2021-01-01,1,"exchange calendar (Alpaca), data/cache/calendar.json"
TOM,2021-05-03,,1.0,2021-01-01,1,"exchange calendar (Alpaca), data/cache/calendar.json"
TOM,2021-05-04,,2.0,2021-01-01,1,"exchange calendar (Alpaca), data/cache/calendar.json"
TOM,2021-05-05,,3.0,2021-01-01,1,"exchange calendar (Alpaca), data/cache/calendar.json"
TOM,2021-05-28,,-1.0,2021-01-01,1,"exchange calendar (Alpaca), data/cache/calendar.json"
TOM,2021-06-01,,1.0,2021-01-01,1,"exchange calendar (Alpaca), data/cache/calendar.json"
TOM,2021-06-02,,2.0,2021-01-01,1,"exchange calendar (Alpaca), data/cache/calendar.json"
TOM,2021-06-03,,3.0,2021-01-01,1,"exchange calendar (Alpaca), data/cache/calendar.json"
TOM,2021-06-30,,-1.0,2021-01-01,1,"exchange calendar (Alpaca), data/cache/calendar.json"
TOM,2021-07-01,,1.0,2021-01-01,1,"exchange calendar (Alpaca), data/cache/calendar.json"
TOM,2021-07-02,,2.0,2021-01-01,1,"exchange calendar (Alpaca), data/cache/calendar.json"
TOM,2021-07-06,,3.0,2021-01-01,1,"exchange calendar (Alpaca), data/cache/calendar.json"
TOM,2021-07-30,,-1.0,2021-01-01,1,"exchange calendar (Alpaca), data/cache/calendar.json"
TOM,2021-08-02,,1.0,2021-01-01,1,"exchange calendar (Alpaca), data/cache/calendar.json"
TOM,2021-08-03,,2.0,2021-01-01,1,"exchange calendar (Alpaca), data/cache/calendar.json"
TOM,2021-08-04,,3.0,2021-01-01,1,"exchange calendar (Alpaca), data/cache/calendar.json"
TOM,2021-08-31,,-1.0,2021-01-01,1,"exchange calendar (Alpaca), data/cache/calendar.json"
TOM,2021-09-01,,1.0,2021-01-01,1,"exchange calendar (Alpaca), data/cache/calendar.json"
TOM,2021-09-02,,2.0,2021-01-01,1,"exchange calendar (Alpaca), data/cache/calendar.json"
TOM,2021-09-03,,3.0,2021-01-01,1,"exchange calendar (Alpaca), data/cache/calendar.json"
TOM,2021-09-30,,-1.0,2021-01-01,1,"exchange calendar (Alpaca), data/cache/calendar.json"
TOM,2021-10-01,,1.0,2021-01-01,1,"exchange calendar (Alpaca), data/cache/calendar.json"
TOM,2021-10-04,,2.0,2021-01-01,1,"exchange calendar (Alpaca), data/cache/calendar.json"
TOM,2021-10-05,,3.0,2021-01-01,1,"exchange calendar (Alpaca), data/cache/calendar.json"
TOM,2021-10-29,,-1.0,2021-01-01,1,"exchange calendar (Alpaca), data/cache/calendar.json"
TOM,2021-11-01,,1.0,2021-01-01,1,"exchange calendar (Alpaca), data/cache/calendar.json"
TOM,2021-11-02,,2.0,2021-01-01,1,"exchange calendar (Alpaca), data/cache/calendar.json"
TOM,2021-11-03,,3.0,2021-01-01,1,"exchange calendar (Alpaca), data/cache/calendar.json"
TOM,2021-11-30,,-1.0,2021-01-01,1,"exchange calendar (Alpaca), data/cache/calendar.json"
TOM,2021-12-01,,1.0,2021-01-01,1,"exchange calendar (Alpaca), data/cache/calendar.json"
TOM,2021-12-02,,2.0,2021-01-01,1,"exchange calendar (Alpaca), data/cache/calendar.json"
TOM,2021-12-03,,3.0,2021-01-01,1,"exchange calendar (Alpaca), data/cache/calendar.json"
TOM,2021-12-31,,-1.0,2021-01-01,1,"exchange calendar (Alpaca), data/cache/calendar.json"
TOM,2022-01-03,,1.0,2022-01-01,1,"exchange calendar (Alpaca), data/cache/calendar.json"
TOM,2022-01-04,,2.0,2022-01-01,1,"exchange calendar (Alpaca), data/cache/calendar.json"
TOM,2022-01-05,,3.0,2022-01-01,1,"exchange calendar (Alpaca), data/cache/calendar.json"
TOM,2022-01-31,,-1.0,2022-01-01,1,"exchange calendar (Alpaca), data/cache/calendar.json"
TOM,2022-02-01,,1.0,2022-01-01,1,"exchange calendar (Alpaca), data/cache/calendar.json"
TOM,2022-02-02,,2.0,2022-01-01,1,"exchange calendar (Alpaca), data/cache/calendar.json"
TOM,2022-02-03,,3.0,2022-01-01,1,"exchange calendar (Alpaca), data/cache/calendar.json"
TOM,2022-02-28,,-1.0,2022-01-01,1,"exchange calendar (Alpaca), data/cache/calendar.json"
TOM,2022-03-01,,1.0,2022-01-01,1,"exchange calendar (Alpaca), data/cache/calendar.json"
TOM,2022-03-02,,2.0,2022-01-01,1,"exchange calendar (Alpaca), data/cache/calendar.json"
TOM,2022-03-03,,3.0,2022-01-01,1,"exchange calendar (Alpaca), data/cache/calendar.json"
TOM,2022-03-31,,-1.0,2022-01-01,1,"exchange calendar (Alpaca), data/cache/calendar.json"
TOM,2022-04-01,,1.0,2022-01-01,1,"exchange calendar (Alpaca), data/cache/calendar.json"
TOM,2022-04-04,,2.0,2022-01-01,1,"exchange calendar (Alpaca), data/cache/calendar.json"
TOM,2022-04-05,,3.0,2022-01-01,1,"exchange calendar (Alpaca), data/cache/calendar.json"
TOM,2022-04-29,,-1.0,2022-01-01,1,"exchange calendar (Alpaca), data/cache/calendar.json"
TOM,2022-05-02,,1.0,2022-01-01,1,"exchange calendar (Alpaca), data/cache/calendar.json"
TOM,2022-05-03,,2.0,2022-01-01,1,"exchange calendar (Alpaca), data/cache/calendar.json"
TOM,2022-05-04,,3.0,2022-01-01,1,"exchange calendar (Alpaca), data/cache/calendar.json"
TOM,2022-05-31,,-1.0,2022-01-01,1,"exchange calendar (Alpaca), data/cache/calendar.json"
TOM,2022-06-01,,1.0,2022-01-01,1,"exchange calendar (Alpaca), data/cache/calendar.json"
TOM,2022-06-02,,2.0,2022-01-01,1,"exchange calendar (Alpaca), data/cache/calendar.json"
TOM,2022-06-03,,3.0,2022-01-01,1,"exchange calendar (Alpaca), data/cache/calendar.json"
TOM,2022-06-30,,-1.0,2022-01-01,1,"exchange calendar (Alpaca), data/cache/calendar.json"
TOM,2022-07-01,,1.0,2022-01-01,1,"exchange calendar (Alpaca), data/cache/calendar.json"
TOM,2022-07-05,,2.0,2022-01-01,1,"exchange calendar (Alpaca), data/cache/calendar.json"
TOM,2022-07-06,,3.0,2022-01-01,1,"exchange calendar (Alpaca), data/cache/calendar.json"
TOM,2022-07-29,,-1.0,2022-01-01,1,"exchange calendar (Alpaca), data/cache/calendar.json"
TOM,2022-08-01,,1.0,2022-01-01,1,"exchange calendar (Alpaca), data/cache/calendar.json"
TOM,2022-08-02,,2.0,2022-01-01,1,"exchange calendar (Alpaca), data/cache/calendar.json"
TOM,2022-08-03,,3.0,2022-01-01,1,"exchange calendar (Alpaca), data/cache/calendar.json"
TOM,2022-08-31,,-1.0,2022-01-01,1,"exchange calendar (Alpaca), data/cache/calendar.json"
TOM,2022-09-01,,1.0,2022-01-01,1,"exchange calendar (Alpaca), data/cache/calendar.json"
TOM,2022-09-02,,2.0,2022-01-01,1,"exchange calendar (Alpaca), data/cache/calendar.json"
TOM,2022-09-06,,3.0,2022-01-01,1,"exchange calendar (Alpaca), data/cache/calendar.json"
TOM,2022-09-30,,-1.0,2022-01-01,1,"exchange calendar (Alpaca), data/cache/calendar.json"
TOM,2022-10-03,,1.0,2022-01-01,1,"exchange calendar (Alpaca), data/cache/calendar.json"
TOM,2022-10-04,,2.0,2022-01-01,1,"exchange calendar (Alpaca), data/cache/calendar.json"
TOM,2022-10-05,,3.0,2022-01-01,1,"exchange calendar (Alpaca), data/cache/calendar.json"
TOM,2022-10-31,,-1.0,2022-01-01,1,"exchange calendar (Alpaca), data/cache/calendar.json"
TOM,2022-11-01,,1.0,2022-01-01,1,"exchange calendar (Alpaca), data/cache/calendar.json"
TOM,2022-11-02,,2.0,2022-01-01,1,"exchange calendar (Alpaca), data/cache/calendar.json"
TOM,2022-11-03,,3.0,2022-01-01,1,"exchange calendar (Alpaca), data/cache/calendar.json"
TOM,2022-11-30,,-1.0,2022-01-01,1,"exchange calendar (Alpaca), data/cache/calendar.json"
TOM,2022-12-01,,1.0,2022-01-01,1,"exchange calendar (Alpaca), data/cache/calendar.json"
TOM,2022-12-02,,2.0,2022-01-01,1,"exchange calendar (Alpaca), data/cache/calendar.json"
TOM,2022-12-05,,3.0,2022-01-01,1,"exchange calendar (Alpaca), data/cache/calendar.json"
TOM,2022-12-30,,-1.0,2022-01-01,1,"exchange calendar (Alpaca), data/cache/calendar.json"
TOM,2023-01-03,,1.0,2023-01-01,1,"exchange calendar (Alpaca), data/cache/calendar.json"
TOM,2023-01-04,,2.0,2023-01-01,1,"exchange calendar (Alpaca), data/cache/calendar.json"
TOM,2023-01-05,,3.0,2023-01-01,1,"exchange calendar (Alpaca), data/cache/calendar.json"
TOM,2023-01-31,,-1.0,2023-01-01,1,"exchange calendar (Alpaca), data/cache/calendar.json"
TOM,2023-02-01,,1.0,2023-01-01,1,"exchange calendar (Alpaca), data/cache/calendar.json"
TOM,2023-02-02,,2.0,2023-01-01,1,"exchange calendar (Alpaca), data/cache/calendar.json"
TOM,2023-02-03,,3.0,2023-01-01,1,"exchange calendar (Alpaca), data/cache/calendar.json"
TOM,2023-02-28,,-1.0,2023-01-01,1,"exchange calendar (Alpaca), data/cache/calendar.json"
TOM,2023-03-01,,1.0,2023-01-01,1,"exchange calendar (Alpaca), data/cache/calendar.json"
TOM,2023-03-02,,2.0,2023-01-01,1,"exchange calendar (Alpaca), data/cache/calendar.json"
TOM,2023-03-03,,3.0,2023-01-01,1,"exchange calendar (Alpaca), data/cache/calendar.json"
TOM,2023-03-31,,-1.0,2023-01-01,1,"exchange calendar (Alpaca), data/cache/calendar.json"
TOM,2023-04-03,,1.0,2023-01-01,1,"exchange calendar (Alpaca), data/cache/calendar.json"
TOM,2023-04-04,,2.0,2023-01-01,1,"exchange calendar (Alpaca), data/cache/calendar.json"
TOM,2023-04-05,,3.0,2023-01-01,1,"exchange calendar (Alpaca), data/cache/calendar.json"
TOM,2023-04-28,,-1.0,2023-01-01,1,"exchange calendar (Alpaca), data/cache/calendar.json"
TOM,2023-05-01,,1.0,2023-01-01,1,"exchange calendar (Alpaca), data/cache/calendar.json"
TOM,2023-05-02,,2.0,2023-01-01,1,"exchange calendar (Alpaca), data/cache/calendar.json"
TOM,2023-05-03,,3.0,2023-01-01,1,"exchange calendar (Alpaca), data/cache/calendar.json"
TOM,2023-05-31,,-1.0,2023-01-01,1,"exchange calendar (Alpaca), data/cache/calendar.json"
TOM,2023-06-01,,1.0,2023-01-01,1,"exchange calendar (Alpaca), data/cache/calendar.json"
TOM,2023-06-02,,2.0,2023-01-01,1,"exchange calendar (Alpaca), data/cache/calendar.json"
TOM,2023-06-05,,3.0,2023-01-01,1,"exchange calendar (Alpaca), data/cache/calendar.json"
TOM,2023-06-30,,-1.0,2023-01-01,1,"exchange calendar (Alpaca), data/cache/calendar.json"
TOM,2023-07-03,,1.0,2023-01-01,1,"exchange calendar (Alpaca), data/cache/calendar.json"
TOM,2023-07-05,,2.0,2023-01-01,1,"exchange calendar (Alpaca), data/cache/calendar.json"
TOM,2023-07-06,,3.0,2023-01-01,1,"exchange calendar (Alpaca), data/cache/calendar.json"
TOM,2023-07-31,,-1.0,2023-01-01,1,"exchange calendar (Alpaca), data/cache/calendar.json"
TOM,2023-08-01,,1.0,2023-01-01,1,"exchange calendar (Alpaca), data/cache/calendar.json"
TOM,2023-08-02,,2.0,2023-01-01,1,"exchange calendar (Alpaca), data/cache/calendar.json"
TOM,2023-08-03,,3.0,2023-01-01,1,"exchange calendar (Alpaca), data/cache/calendar.json"
TOM,2023-08-31,,-1.0,2023-01-01,1,"exchange calendar (Alpaca), data/cache/calendar.json"
TOM,2023-09-01,,1.0,2023-01-01,1,"exchange calendar (Alpaca), data/cache/calendar.json"
TOM,2023-09-05,,2.0,2023-01-01,1,"exchange calendar (Alpaca), data/cache/calendar.json"
TOM,2023-09-06,,3.0,2023-01-01,1,"exchange calendar (Alpaca), data/cache/calendar.json"
TOM,2023-09-29,,-1.0,2023-01-01,1,"exchange calendar (Alpaca), data/cache/calendar.json"
TOM,2023-10-02,,1.0,2023-01-01,1,"exchange calendar (Alpaca), data/cache/calendar.json"
TOM,2023-10-03,,2.0,2023-01-01,1,"exchange calendar (Alpaca), data/cache/calendar.json"
TOM,2023-10-04,,3.0,2023-01-01,1,"exchange calendar (Alpaca), data/cache/calendar.json"
TOM,2023-10-31,,-1.0,2023-01-01,1,"exchange calendar (Alpaca), data/cache/calendar.json"
TOM,2023-11-01,,1.0,2023-01-01,1,"exchange calendar (Alpaca), data/cache/calendar.json"
TOM,2023-11-02,,2.0,2023-01-01,1,"exchange calendar (Alpaca), data/cache/calendar.json"
TOM,2023-11-03,,3.0,2023-01-01,1,"exchange calendar (Alpaca), data/cache/calendar.json"
TOM,2023-11-30,,-1.0,2023-01-01,1,"exchange calendar (Alpaca), data/cache/calendar.json"
TOM,2023-12-01,,1.0,2023-01-01,1,"exchange calendar (Alpaca), data/cache/calendar.json"
TOM,2023-12-04,,2.0,2023-01-01,1,"exchange calendar (Alpaca), data/cache/calendar.json"
TOM,2023-12-05,,3.0,2023-01-01,1,"exchange calendar (Alpaca), data/cache/calendar.json"
TOM,2023-12-29,,-1.0,2023-01-01,1,"exchange calendar (Alpaca), data/cache/calendar.json"
TOM,2024-01-02,,1.0,2024-01-01,1,"exchange calendar (Alpaca), data/cache/calendar.json"
TOM,2024-01-03,,2.0,2024-01-01,1,"exchange calendar (Alpaca), data/cache/calendar.json"
TOM,2024-01-04,,3.0,2024-01-01,1,"exchange calendar (Alpaca), data/cache/calendar.json"
TOM,2024-01-31,,-1.0,2024-01-01,1,"exchange calendar (Alpaca), data/cache/calendar.json"
TOM,2024-02-01,,1.0,2024-01-01,1,"exchange calendar (Alpaca), data/cache/calendar.json"
TOM,2024-02-02,,2.0,2024-01-01,1,"exchange calendar (Alpaca), data/cache/calendar.json"
TOM,2024-02-05,,3.0,2024-01-01,1,"exchange calendar (Alpaca), data/cache/calendar.json"
TOM,2024-02-29,,-1.0,2024-01-01,1,"exchange calendar (Alpaca), data/cache/calendar.json"
TOM,2024-03-01,,1.0,2024-01-01,1,"exchange calendar (Alpaca), data/cache/calendar.json"
TOM,2024-03-04,,2.0,2024-01-01,1,"exchange calendar (Alpaca), data/cache/calendar.json"
TOM,2024-03-05,,3.0,2024-01-01,1,"exchange calendar (Alpaca), data/cache/calendar.json"
TOM,2024-03-28,,-1.0,2024-01-01,1,"exchange calendar (Alpaca), data/cache/calendar.json"
TOM,2024-04-01,,1.0,2024-01-01,1,"exchange calendar (Alpaca), data/cache/calendar.json"
TOM,2024-04-02,,2.0,2024-01-01,1,"exchange calendar (Alpaca), data/cache/calendar.json"
TOM,2024-04-03,,3.0,2024-01-01,1,"exchange calendar (Alpaca), data/cache/calendar.json"
TOM,2024-04-30,,-1.0,2024-01-01,1,"exchange calendar (Alpaca), data/cache/calendar.json"
TOM,2024-05-01,,1.0,2024-01-01,1,"exchange calendar (Alpaca), data/cache/calendar.json"
TOM,2024-05-02,,2.0,2024-01-01,1,"exchange calendar (Alpaca), data/cache/calendar.json"
TOM,2024-05-03,,3.0,2024-01-01,1,"exchange calendar (Alpaca), data/cache/calendar.json"
TOM,2024-05-31,,-1.0,2024-01-01,1,"exchange calendar (Alpaca), data/cache/calendar.json"
TOM,2024-06-03,,1.0,2024-01-01,1,"exchange calendar (Alpaca), data/cache/calendar.json"
TOM,2024-06-04,,2.0,2024-01-01,1,"exchange calendar (Alpaca), data/cache/calendar.json"
TOM,2024-06-05,,3.0,2024-01-01,1,"exchange calendar (Alpaca), data/cache/calendar.json"
TOM,2024-06-28,,-1.0,2024-01-01,1,"exchange calendar (Alpaca), data/cache/calendar.json"
TOM,2024-07-01,,1.0,2024-01-01,1,"exchange calendar (Alpaca), data/cache/calendar.json"
TOM,2024-07-02,,2.0,2024-01-01,1,"exchange calendar (Alpaca), data/cache/calendar.json"
TOM,2024-07-03,,3.0,2024-01-01,1,"exchange calendar (Alpaca), data/cache/calendar.json"
TOM,2024-07-31,,-1.0,2024-01-01,1,"exchange calendar (Alpaca), data/cache/calendar.json"
TOM,2024-08-01,,1.0,2024-01-01,1,"exchange calendar (Alpaca), data/cache/calendar.json"
TOM,2024-08-02,,2.0,2024-01-01,1,"exchange calendar (Alpaca), data/cache/calendar.json"
TOM,2024-08-05,,3.0,2024-01-01,1,"exchange calendar (Alpaca), data/cache/calendar.json"
TOM,2024-08-30,,-1.0,2024-01-01,1,"exchange calendar (Alpaca), data/cache/calendar.json"
TOM,2024-09-03,,1.0,2024-01-01,1,"exchange calendar (Alpaca), data/cache/calendar.json"
TOM,2024-09-04,,2.0,2024-01-01,1,"exchange calendar (Alpaca), data/cache/calendar.json"
TOM,2024-09-05,,3.0,2024-01-01,1,"exchange calendar (Alpaca), data/cache/calendar.json"
TOM,2024-09-30,,-1.0,2024-01-01,1,"exchange calendar (Alpaca), data/cache/calendar.json"
TOM,2024-10-01,,1.0,2024-01-01,1,"exchange calendar (Alpaca), data/cache/calendar.json"
TOM,2024-10-02,,2.0,2024-01-01,1,"exchange calendar (Alpaca), data/cache/calendar.json"
TOM,2024-10-03,,3.0,2024-01-01,1,"exchange calendar (Alpaca), data/cache/calendar.json"
TOM,2024-10-31,,-1.0,2024-01-01,1,"exchange calendar (Alpaca), data/cache/calendar.json"
TOM,2024-11-01,,1.0,2024-01-01,1,"exchange calendar (Alpaca), data/cache/calendar.json"
TOM,2024-11-04,,2.0,2024-01-01,1,"exchange calendar (Alpaca), data/cache/calendar.json"
TOM,2024-11-05,,3.0,2024-01-01,1,"exchange calendar (Alpaca), data/cache/calendar.json"
TOM,2024-11-29,,-1.0,2024-01-01,1,"exchange calendar (Alpaca), data/cache/calendar.json"
TOM,2024-12-02,,1.0,2024-01-01,1,"exchange calendar (Alpaca), data/cache/calendar.json"
TOM,2024-12-03,,2.0,2024-01-01,1,"exchange calendar (Alpaca), data/cache/calendar.json"
TOM,2024-12-04,,3.0,2024-01-01,1,"exchange calendar (Alpaca), data/cache/calendar.json"
TOM,2024-12-31,,-1.0,2024-01-01,1,"exchange calendar (Alpaca), data/cache/calendar.json"
TOM,2025-01-02,,1.0,2025-01-01,1,"exchange calendar (Alpaca), data/cache/calendar.json"
TOM,2025-01-03,,2.0,2025-01-01,1,"exchange calendar (Alpaca), data/cache/calendar.json"
TOM,2025-01-06,,3.0,2025-01-01,1,"exchange calendar (Alpaca), data/cache/calendar.json"
TOM,2025-01-31,,-1.0,2025-01-01,1,"exchange calendar (Alpaca), data/cache/calendar.json"
TOM,2025-02-03,,1.0,2025-01-01,1,"exchange calendar (Alpaca), data/cache/calendar.json"
TOM,2025-02-04,,2.0,2025-01-01,1,"exchange calendar (Alpaca), data/cache/calendar.json"
TOM,2025-02-05,,3.0,2025-01-01,1,"exchange calendar (Alpaca), data/cache/calendar.json"
TOM,2025-02-28,,-1.0,2025-01-01,1,"exchange calendar (Alpaca), data/cache/calendar.json"
TOM,2025-03-03,,1.0,2025-01-01,1,"exchange calendar (Alpaca), data/cache/calendar.json"
TOM,2025-03-04,,2.0,2025-01-01,1,"exchange calendar (Alpaca), data/cache/calendar.json"
TOM,2025-03-05,,3.0,2025-01-01,1,"exchange calendar (Alpaca), data/cache/calendar.json"
TOM,2025-03-31,,-1.0,2025-01-01,1,"exchange calendar (Alpaca), data/cache/calendar.json"
TOM,2025-04-01,,1.0,2025-01-01,1,"exchange calendar (Alpaca), data/cache/calendar.json"
TOM,2025-04-02,,2.0,2025-01-01,1,"exchange calendar (Alpaca), data/cache/calendar.json"
TOM,2025-04-03,,3.0,2025-01-01,1,"exchange calendar (Alpaca), data/cache/calendar.json"
TOM,2025-04-30,,-1.0,2025-01-01,1,"exchange calendar (Alpaca), data/cache/calendar.json"
TOM,2025-05-01,,1.0,2025-01-01,1,"exchange calendar (Alpaca), data/cache/calendar.json"
TOM,2025-05-02,,2.0,2025-01-01,1,"exchange calendar (Alpaca), data/cache/calendar.json"
TOM,2025-05-05,,3.0,2025-01-01,1,"exchange calendar (Alpaca), data/cache/calendar.json"
TOM,2025-05-30,,-1.0,2025-01-01,1,"exchange calendar (Alpaca), data/cache/calendar.json"
TOM,2025-06-02,,1.0,2025-01-01,1,"exchange calendar (Alpaca), data/cache/calendar.json"
TOM,2025-06-03,,2.0,2025-01-01,1,"exchange calendar (Alpaca), data/cache/calendar.json"
TOM,2025-06-04,,3.0,2025-01-01,1,"exchange calendar (Alpaca), data/cache/calendar.json"
TOM,2025-06-30,,-1.0,2025-01-01,1,"exchange calendar (Alpaca), data/cache/calendar.json"
TOM,2025-07-01,,1.0,2025-01-01,1,"exchange calendar (Alpaca), data/cache/calendar.json"
TOM,2025-07-02,,2.0,2025-01-01,1,"exchange calendar (Alpaca), data/cache/calendar.json"
TOM,2025-07-03,,3.0,2025-01-01,1,"exchange calendar (Alpaca), data/cache/calendar.json"
TOM,2025-07-31,,-1.0,2025-01-01,1,"exchange calendar (Alpaca), data/cache/calendar.json"
TOM,2025-08-01,,1.0,2025-01-01,1,"exchange calendar (Alpaca), data/cache/calendar.json"
TOM,2025-08-04,,2.0,2025-01-01,1,"exchange calendar (Alpaca), data/cache/calendar.json"
TOM,2025-08-05,,3.0,2025-01-01,1,"exchange calendar (Alpaca), data/cache/calendar.json"
TOM,2025-08-29,,-1.0,2025-01-01,1,"exchange calendar (Alpaca), data/cache/calendar.json"
TOM,2025-09-02,,1.0,2025-01-01,1,"exchange calendar (Alpaca), data/cache/calendar.json"
TOM,2025-09-03,,2.0,2025-01-01,1,"exchange calendar (Alpaca), data/cache/calendar.json"
TOM,2025-09-04,,3.0,2025-01-01,1,"exchange calendar (Alpaca), data/cache/calendar.json"
TOM,2025-09-30,,-1.0,2025-01-01,1,"exchange calendar (Alpaca), data/cache/calendar.json"
TOM,2025-10-01,,1.0,2025-01-01,1,"exchange calendar (Alpaca), data/cache/calendar.json"
TOM,2025-10-02,,2.0,2025-01-01,1,"exchange calendar (Alpaca), data/cache/calendar.json"
TOM,2025-10-03,,3.0,2025-01-01,1,"exchange calendar (Alpaca), data/cache/calendar.json"
TOM,2025-10-31,,-1.0,2025-01-01,1,"exchange calendar (Alpaca), data/cache/calendar.json"
TOM,2025-11-03,,1.0,2025-01-01,1,"exchange calendar (Alpaca), data/cache/calendar.json"
TOM,2025-11-04,,2.0,2025-01-01,1,"exchange calendar (Alpaca), data/cache/calendar.json"
TOM,2025-11-05,,3.0,2025-01-01,1,"exchange calendar (Alpaca), data/cache/calendar.json"
TOM,2025-11-28,,-1.0,2025-01-01,1,"exchange calendar (Alpaca), data/cache/calendar.json"
TOM,2025-12-01,,1.0,2025-01-01,1,"exchange calendar (Alpaca), data/cache/calendar.json"
TOM,2025-12-02,,2.0,2025-01-01,1,"exchange calendar (Alpaca), data/cache/calendar.json"
TOM,2025-12-03,,3.0,2025-01-01,1,"exchange calendar (Alpaca), data/cache/calendar.json"
TOM,2025-12-31,,-1.0,2025-01-01,1,"exchange calendar (Alpaca), data/cache/calendar.json"
TOM,2026-01-02,,1.0,2026-01-01,1,"exchange calendar (Alpaca), data/cache/calendar.json"
TOM,2026-01-05,,2.0,2026-01-01,1,"exchange calendar (Alpaca), data/cache/calendar.json"
TOM,2026-01-06,,3.0,2026-01-01,1,"exchange calendar (Alpaca), data/cache/calendar.json"
TOM,2026-01-30,,-1.0,2026-01-01,1,"exchange calendar (Alpaca), data/cache/calendar.json"
TOM,2026-02-02,,1.0,2026-01-01,1,"exchange calendar (Alpaca), data/cache/calendar.json"
TOM,2026-02-03,,2.0,2026-01-01,1,"exchange calendar (Alpaca), data/cache/calendar.json"
TOM,2026-02-04,,3.0,2026-01-01,1,"exchange calendar (Alpaca), data/cache/calendar.json"
TOM,2026-02-27,,-1.0,2026-01-01,1,"exchange calendar (Alpaca), data/cache/calendar.json"
TOM,2026-03-02,,1.0,2026-01-01,1,"exchange calendar (Alpaca), data/cache/calendar.json"
TOM,2026-03-03,,2.0,2026-01-01,1,"exchange calendar (Alpaca), data/cache/calendar.json"
TOM,2026-03-04,,3.0,2026-01-01,1,"exchange calendar (Alpaca), data/cache/calendar.json"
TOM,2026-03-31,,-1.0,2026-01-01,1,"exchange calendar (Alpaca), data/cache/calendar.json"
TOM,2026-04-01,,1.0,2026-01-01,1,"exchange calendar (Alpaca), data/cache/calendar.json"
TOM,2026-04-02,,2.0,2026-01-01,1,"exchange calendar (Alpaca), data/cache/calendar.json"
TOM,2026-04-06,,3.0,2026-01-01,1,"exchange calendar (Alpaca), data/cache/calendar.json"
TOM,2026-04-30,,-1.0,2026-01-01,1,"exchange calendar (Alpaca), data/cache/calendar.json"
TOM,2026-05-01,,1.0,2026-01-01,1,"exchange calendar (Alpaca), data/cache/calendar.json"
TOM,2026-05-04,,2.0,2026-01-01,1,"exchange calendar (Alpaca), data/cache/calendar.json"
TOM,2026-05-05,,3.0,2026-01-01,1,"exchange calendar (Alpaca), data/cache/calendar.json"
TOM,2026-05-29,,-1.0,2026-01-01,1,"exchange calendar (Alpaca), data/cache/calendar.json"
TOM,2026-06-01,,1.0,2026-01-01,1,"exchange calendar (Alpaca), data/cache/calendar.json"
TOM,2026-06-02,,2.0,2026-01-01,1,"exchange calendar (Alpaca), data/cache/calendar.json"
TOM,2026-06-03,,3.0,2026-01-01,1,"exchange calendar (Alpaca), data/cache/calendar.json"
TOM,2026-06-30,,-1.0,2026-01-01,1,"exchange calendar (Alpaca), data/cache/calendar.json"
TOM,2026-07-01,,1.0,2026-01-01,1,"exchange calendar (Alpaca), data/cache/calendar.json"
TOM,2026-07-02,,2.0,2026-01-01,1,"exchange calendar (Alpaca), data/cache/calendar.json"
TOM,2026-07-06,,3.0,2026-01-01,1,"exchange calendar (Alpaca), data/cache/calendar.json"
TOM,2026-07-31,,-1.0,2026-01-01,1,"exchange calendar (Alpaca), data/cache/calendar.json"
TOM,2026-08-03,,1.0,2026-01-01,1,"exchange calendar (Alpaca), data/cache/calendar.json"
TOM,2026-08-04,,2.0,2026-01-01,1,"exchange calendar (Alpaca), data/cache/calendar.json"
TOM,2026-08-05,,3.0,2026-01-01,1,"exchange calendar (Alpaca), data/cache/calendar.json"
TOM,2026-08-31,,-1.0,2026-01-01,1,"exchange calendar (Alpaca), data/cache/calendar.json"
TOM,2026-09-01,,1.0,2026-01-01,1,"exchange calendar (Alpaca), data/cache/calendar.json"
TOM,2026-09-02,,2.0,2026-01-01,1,"exchange calendar (Alpaca), data/cache/calendar.json"
TOM,2026-09-03,,3.0,2026-01-01,1,"exchange calendar (Alpaca), data/cache/calendar.json"
TOM,2026-09-30,,-1.0,2026-01-01,1,"exchange calendar (Alpaca), data/cache/calendar.json"
TOM,2026-10-01,,1.0,2026-01-01,1,"exchange calendar (Alpaca), data/cache/calendar.json"
TOM,2026-10-02,,2.0,2026-01-01,1,"exchange calendar (Alpaca), data/cache/calendar.json"
TOM,2026-10-05,,3.0,2026-01-01,1,"exchange calendar (Alpaca), data/cache/calendar.json"
TOM,2026-10-30,,-1.0,2026-01-01,1,"exchange calendar (Alpaca), data/cache/calendar.json"
TOM,2026-11-02,,1.0,2026-01-01,1,"exchange calendar (Alpaca), data/cache/calendar.json"
TOM,2026-11-03,,2.0,2026-01-01,1,"exchange calendar (Alpaca), data/cache/calendar.json"
TOM,2026-11-04,,3.0,2026-01-01,1,"exchange calendar (Alpaca), data/cache/calendar.json"
TOM,2026-11-30,,-1.0,2026-01-01,1,"exchange calendar (Alpaca), data/cache/calendar.json"
TOM,2026-12-01,,1.0,2026-01-01,1,"exchange calendar (Alpaca), data/cache/calendar.json"
TOM,2026-12-02,,2.0,2026-01-01,1,"exchange calendar (Alpaca), data/cache/calendar.json"
TOM,2026-12-03,,3.0,2026-01-01,1,"exchange calendar (Alpaca), data/cache/calendar.json"
TOM,2026-12-31,,-1.0,2026-01-01,1,"exchange calendar (Alpaca), data/cache/calendar.json"
TOM,2027-01-04,,1.0,2027-01-01,1,"exchange calendar (Alpaca), data/cache/calendar.json"
TOM,2027-01-05,,2.0,2027-01-01,1,"exchange calendar (Alpaca), data/cache/calendar.json"
TOM,2027-01-06,,3.0,2027-01-01,1,"exchange calendar (Alpaca), data/cache/calendar.json"
TOM,2027-01-29,,-1.0,2027-01-01,1,"exchange calendar (Alpaca), data/cache/calendar.json"
TOM,2027-02-01,,1.0,2027-01-01,1,"exchange calendar (Alpaca), data/cache/calendar.json"
TOM,2027-02-02,,2.0,2027-01-01,1,"exchange calendar (Alpaca), data/cache/calendar.json"
TOM,2027-02-03,,3.0,2027-01-01,1,"exchange calendar (Alpaca), data/cache/calendar.json"
TOM,2027-02-26,,-1.0,2027-01-01,1,"exchange calendar (Alpaca), data/cache/calendar.json"
TOM,2027-03-01,,1.0,2027-01-01,1,"exchange calendar (Alpaca), data/cache/calendar.json"
TOM,2027-03-02,,2.0,2027-01-01,1,"exchange calendar (Alpaca), data/cache/calendar.json"
TOM,2027-03-03,,3.0,2027-01-01,1,"exchange calendar (Alpaca), data/cache/calendar.json"
TOM,2027-03-31,,-1.0,2027-01-01,1,"exchange calendar (Alpaca), data/cache/calendar.json"
TOM,2027-04-01,,1.0,2027-01-01,1,"exchange calendar (Alpaca), data/cache/calendar.json"
TOM,2027-04-02,,2.0,2027-01-01,1,"exchange calendar (Alpaca), data/cache/calendar.json"
TOM,2027-04-05,,3.0,2027-01-01,1,"exchange calendar (Alpaca), data/cache/calendar.json"
TOM,2027-04-30,,-1.0,2027-01-01,1,"exchange calendar (Alpaca), data/cache/calendar.json"
TOM,2027-05-03,,1.0,2027-01-01,1,"exchange calendar (Alpaca), data/cache/calendar.json"
TOM,2027-05-04,,2.0,2027-01-01,1,"exchange calendar (Alpaca), data/cache/calendar.json"
TOM,2027-05-05,,3.0,2027-01-01,1,"exchange calendar (Alpaca), data/cache/calendar.json"
TOM,2027-05-28,,-1.0,2027-01-01,1,"exchange calendar (Alpaca), data/cache/calendar.json"
TOM,2027-06-01,,1.0,2027-01-01,1,"exchange calendar (Alpaca), data/cache/calendar.json"
TOM,2027-06-02,,2.0,2027-01-01,1,"exchange calendar (Alpaca), data/cache/calendar.json"
TOM,2027-06-03,,3.0,2027-01-01,1,"exchange calendar (Alpaca), data/cache/calendar.json"
TOM,2027-06-30,,-1.0,2027-01-01,1,"exchange calendar (Alpaca), data/cache/calendar.json"
TOM,2027-07-01,,1.0,2027-01-01,1,"exchange calendar (Alpaca), data/cache/calendar.json"
TOM,2027-07-02,,2.0,2027-01-01,1,"exchange calendar (Alpaca), data/cache/calendar.json"
TOM,2027-07-06,,3.0,2027-01-01,1,"exchange calendar (Alpaca), data/cache/calendar.json"
TOM,2027-07-30,,-1.0,2027-01-01,1,"exchange calendar (Alpaca), data/cache/calendar.json"
TOM,2027-08-02,,1.0,2027-01-01,1,"exchange calendar (Alpaca), data/cache/calendar.json"
TOM,2027-08-03,,2.0,2027-01-01,1,"exchange calendar (Alpaca), data/cache/calendar.json"
TOM,2027-08-04,,3.0,2027-01-01,1,"exchange calendar (Alpaca), data/cache/calendar.json"
TOM,2027-08-31,,-1.0,2027-01-01,1,"exchange calendar (Alpaca), data/cache/calendar.json"
