,headline,first30,entry_1500,entry_1545,thr0,thr1,plain_sigma,benchmark
2016-01-05,,,,,,,,0.0005013612400540487
2016-01-06,,,,,,,0.00021566700698328088,-0.012801829806874842
2016-01-07,,,,,,,-0.00127879172728901,-0.0261526409208387
2016-01-08,,,,,,,0.0031583472946026805,-0.011551362838059511
2016-01-11,,,,,,,-6.73170409571354e-05,0.0011462357846586052
2016-01-12,,,,,,,-0.0006302673266549818,0.007465713456749076
2016-01-13,,,,,,,0.00444305720159367,-0.027851234150325158
2016-01-14,,,,,,,-0.004362517398074012,0.01595988441505753
2016-01-15,,,,,,,0.00017872216677648179,-0.022909188797624387
2016-01-19,,,,,,,0.00031345133330909714,-0.0014580704193285434
2016-01-20,,,,,,,-0.0071322107525784405,-0.007301330319186292
2016-01-21,,,,,,,0.0,0.003005683371376801
2016-01-22,,,,,,,0.0,0.021011288764840506
2016-01-25,,,,,,,0.0012452596296207087,-0.01563324159196735
2016-01-26,,,,,,,0.0020121098148417104,0.015026521682373286
2016-01-27,,,,,,,-0.0015699011738250232,-0.015658531821546695
2016-01-28,,,,,,,-0.00011984525341328976,0.006816228346071089
2016-01-29,,,,,,,0.003740553216241919,0.025269975935034147
2016-02-01,,,,,,,-0.004010129763989376,-0.0005502591888639268
2016-02-02,,,,,,,-0.0009142270180633326,-0.01947724477995341
2016-02-03,,,,,,,-0.0008614041820401226,0.003934436772754144
2016-02-04,,,,,,,0.0,0.002867791275571576
2016-02-05,,,,,,,0.0004723633771688673,-0.022684962851171265
2016-02-08,,,,,,,-0.001735604667995189,-0.013563818277828373
2016-02-09,,,,,,,-0.0011686992389270392,-0.0021657297077405224
2016-02-10,,,,,,,0.00023616666530233617,-0.0007599956010921633
2016-02-11,,,,,,,-0.0008865439204480236,-0.010363443320430953
2016-02-12,,,,,,,-8.763072693096852e-05,0.018344121440776615
2016-02-16,,,,,,,-5.218868400351856e-05,0.01869865006804069
2016-02-17,,,,,,,0.0005498236891553552,0.01784869740295201
2016-02-18,,,,,,,0.0004828423062980485,-0.005570182823337791
2016-02-19,,,,,,,0.0002183317734943026,0.0015159780412777515
2016-02-22,,,,,,,0.0003701135542266261,0.013845810221265825
2016-02-23,,,,,,,-0.0004233247000097564,-0.01219550382583532
2016-02-24,,,,,,,-0.0006986486385364186,0.006340956045920303
2016-02-25,,,,,,,0.0006397088819543524,0.011185432622042286
2016-02-26,,,,,,,9.745537557096981e-05,-0.0004898542380229983
2016-02-29,,,,,,,0.0005691533279038682,-0.007148983056354051
2016-03-01,,,,,,,0.0017615367996029411,0.024273057213194844
2016-03-02,,,,,,,0.0008060808747105239,0.004164131056174282
2016-03-03,,,,,,,0.0004702806707663803,0.0036061218969968088
2016-03-04,,,,,,,0.00016584381700766903,0.0031788461741193794
2016-03-07,,,,,,,0.0013598297133359306,0.0024944149942037943
2016-03-08,,,,,,,0.0008241112279955198,-0.011834480563869784
2016-03-09,,,,,,,0.0,0.004719626395331952
2016-03-10,,,,,,,0.00026425923523316344,-0.0018826667923280901
2016-03-11,,,,,,,0.00024963756206180783,0.016497347749065507
2016-03-14,,,,,,,-0.0010515726541169537,-0.0002749386649640544
2016-03-15,,,,,,,0.00022297561825978146,-0.0033802848731955028
2016-03-16,,,,,,,-0.0004177090433287343,0.006439943910785778
2016-03-17,,,,,,,-0.0018330816686882576,0.007290908013668625
2016-03-18,,,,,,,-0.0002730006380603151,0.003474301608347098
2016-03-21,,,,,,,-5.97947585214793e-05,0.0009695598927804079
2016-03-22,,,,,,,0.00011510637024470847,-0.00024221532620832885
2016-03-23,,,,,,,0.00015015639969956517,-0.009077853895178303
2016-03-24,,,,,,,0.0003300525978784043,0.0008168751884221612
2016-03-28,,,,,,,1.7475435292340433e-05,0.0004605854902331915
2016-03-29,,,,,,,-0.0002857940365593223,0.013705530524943466
2016-03-30,,,,,,,0.0,0.0037581693515198918
2016-03-31,,,,,,,-0.00033243970559093607,-0.0009360571239343081
2016-04-01,,,,,,,0.0008823526625875982,0.0068618785784564235
2016-04-04,,,,,,,-0.0009894561527520568,-0.0044563289403979885
2016-04-05,,,,,0.00012079382710758675,,0.0,-0.009412106634392068
2016-04-06,0.0012320744425449175,,0.0026028320583847456,0.0006906709164447543,0.0012320744425450174,0.000920760572711655,0.001232074442544973,0.011032006543709607
2016-04-07,-0.0010690601305489947,,-0.0038853226313546444,-0.0011211703807818187,-0.0013367068073752092,-0.00019702666002609714,-0.0013367068073752261,-0.012269684383790955
2016-04-08,-0.0015282197886009406,,-8.693336632582243e-05,-0.0012642983405773095,-0.0019545186024304126,0.0,-0.0019545186024304273,0.0021574141125481343
2016-04-11,0.00022648034741363734,,0.0,0.00012317321309245603,0.001030311071044598,0.0,0.0008593827434952695,-0.0025441553917208803
2016-04-12,-0.00011387575540446811,,-0.000111386878208779,0.0007961017731721605,-0.0001138757554044996,0.0,-0.00011387575540452188,0.009460455654197552
2016-04-13,0.00014118968660671772,,0.00011370338986154584,-0.00012140582917019066,0.0003904611881752843,0.00011427494368653813,0.00039046118817546765,0.013264237156973537
2016-04-14,0.0,,0.0,0.0,-2.4781873252550907e-06,0.0,0.0,0.00011421593945992534
2016-04-15,-0.00027357091036360183,,-6.777567052398622e-05,-1.288616370427451e-05,-0.00020617312895269854,0.0,-0.00027357091036360183,-0.0008086841936138199
2016-04-18,0.0009190930194614021,0.0005527393410490881,0.00046255823132461307,-7.795081425354206e-05,0.00091909301946149,0.0009190930194614346,0.0009190930194613913,0.006474504508025123
2016-04-19,-6.418765226245119e-05,-2.7581480675266055e-05,-0.0003476477273078973,-0.00012954050898141838,-3.912004022080025e-05,-6.418765226245119e-05,-6.418765226245119e-05,0.00033787893893339144
2016-04-20,-0.0006779355794309136,0.0,-0.003064823005382513,-0.00012111282280957807,-0.0015188328963842135,-0.0006779355794309136,-0.0013109035390042336,0.0016145937505332862
2016-04-21,-0.0009877162906377517,0.0,-0.00021058983777131384,8.104777530100569e-05,-0.001124678958592004,-0.0008133591738007742,-0.0009877162906377674,-0.004398042738546127
2016-04-22,0.00041648562654195826,0.00041648562654189326,2.7021525886830432e-06,0.0006124743024917212,0.00045720788632998673,0.0,0.00041648562654189326,-0.0007948231246878768
2016-04-25,-0.0006102068003019477,0.0,-0.00037179927837834926,-0.0003715484121759082,-0.0006950573938741354,0.0,-0.0006102068003019693,-0.0025497675046054634
2016-04-26,-0.00030988916972985955,0.0,-0.00026710161501582034,-0.0002148823353605585,-0.0007306530068518339,-0.0005093065978133514,-0.0003098891697298149,0.0018560429674040046
2016-04-27,-0.0009254957393216505,0.0,0.00012958898957834777,-0.0009719534260965284,-0.0011638342501269178,-0.00044897311665739037,-0.001053263520849426,0.0003103162009108171
2016-04-28,-0.001558520709936369,0.0,0.0,8.364560107019148e-05,-0.0015585207099363466,-0.00029169792435704734,-0.0015585207099364567,-0.01088604982734238
2016-04-29,-0.0017432072083889702,0.0,-0.003527798816261185,0.0,-0.00202781327336898,0.0,-0.0017432072083888982,-0.005815216578707338
2016-05-02,-2.968023369793462e-05,0.0,0.0,-0.00043353094932642065,0.0001854397230405233,0.0,1.123574287817264e-05,0.008263989796193463
2016-05-03,0.00011506344707813895,8.054441295471026e-05,0.000392398613154638,-0.00028478115878034554,7.379305524639633e-05,0.0,0.00011506344707813895,-0.010353877223822444
2016-05-04,0.0,-0.00023132335345708754,0.0,0.0,-1.56308002040117e-05,0.0,0.0,-0.006291395705729779
2016-05-05,0.00035221999243960486,0.0,-0.0005609447337650314,0.00036544376982880006,6.13849567499451e-05,0.0,2.533627527674979e-05,-0.0007558949660687486
2016-05-06,0.0008637680435064802,0.0,0.0012913170698709811,0.0019579969930647876,0.0008637680435064249,0.00029528976819098767,0.0008637680435064249,0.004925595921951517
2016-05-09,0.0,-0.0003471866578039862,-0.002026028442037854,0.0,-0.0008641268217378188,0.0,-0.0006946340915253845,0.0008487353259688426
2016-05-10,0.0005534816359337412,0.00016950776270445412,0.001570473789145022,0.0001706947894389625,0.0006879322659896197,0.0005534816359337304,0.0006879322659896183,0.01217080231112664
2016-05-11,0.0015660214372579377,0.0,0.0010713729118228118,2.4856926276312932e-05,0.0015660214372579377,0.0009829172247246807,0.001566021437257993,-0.010097214899775726
2016-05-12,0.0005965310138565206,0.0006810148003818226,0.00020539374841189163,0.0003165302827144232,0.0008303887397350796,0.0,0.0005965310138564774,-0.0019512898883423959
2016-05-13,-4.218159503404713e-05,0.0,2.5363100156980902e-05,0.0002279997309438425,-3.907379132341425e-05,0.0,-4.218159503411013e-05,-0.00769353369325754
2016-05-16,-0.0021204748770591608,0.0,-0.0024995658196085855,-0.001182498676751469,-0.002120474877059181,-0.002120474877059216,-0.00212047487705921,0.01107504552365582
2016-05-17,-0.0023577577675684444,0.0,-0.0005847087262313646,-0.0010136495918314748,-0.0023577577675685,-0.0023577577675685,-0.0023577577675684505,-0.011488423944489174
2016-05-18,0.0,0.0006215752719877511,0.0002202529243869201,0.0,6.772140931446857e-05,0.0,0.0004439823371341172,0.002053725056964293
2016-05-19,0.0,0.0,0.0,0.0,-3.905712889441505e-05,0.0,0.0,-0.005300685700546384
2016-05-20,0.0006704348395744353,0.00016037892487071064,0.0005232023333173654,0.0006075085102512313,0.0008155915585574264,0.0,0.0008079024894636586,0.008821893601579837
2016-05-23,0.0,0.0,0.0,0.0,6.08546090938445e-05,0.0,0.0,-0.0009929872658126677
2016-05-24,-0.0015313295500755087,-0.0013545608464032837,9.15165554476404e-05,-0.0009415806819337428,-0.0015313295500755642,-0.0015313295500755083,-0.0015313295500755358,0.01601344636396776
2016-05-25,-0.0021901814628611173,-0.0008583439269701068,-0.00015720286022286956,-0.0007825364745470539,-0.0021901814628611386,-0.0019310590066635423,-0.0021901814628610666,0.006894244149350071
2016-05-26,0.0,0.0,0.0,0.0,1.932804201702227e-05,0.0,0.0,0.0002903979957887256
2016-05-27,0.0006858941242904721,0.0003007720504071131,0.0005960158543650096,0.0004326177412430429,0.0008930767189200333,0.0005012867506785868,0.000843603394169002,0.0052187828310587625
2016-05-31,-0.0006740465612950395,-0.0003035463632811153,-0.002607418637688417,-6.753765716374909e-05,-0.001093174075718609,-0.0003372737369789697,-0.0010931740757186368,-0.0005577030887090218
2016-06-01,-0.000868277995124869,0.0,-0.0006995563841634819,-0.0007110147483018465,-0.0008682779951248696,-0.00018969488252137102,-0.0008682779951248469,0.002088053066857052
2016-06-02,0.0007384296825681274,-0.0002082152973005293,0.0009848471742631086,0.0010547872902620832,0.000843653661868487,0.0004278035981827885,0.0008436536618686087,0.003798192949038277
2016-06-03,0.0,0.0006904377600217993,0.0,5.258710984130288e-05,-2.397234532555749e-05,0.0,0.0,-0.0035356413893807355
2016-06-06,-0.0007215256341633321,0.0,-0.0009621319952021317,-0.0007685538936868363,-0.000840666531835678,-0.0003143230229812389,-0.000721525634163282,0.0063275591116553394
2016-06-07,0.0,0.0,-0.000366880868580864,7.552500864877625e-07,-0.00041674106373693434,0.0,-0.00014630841950461558,0.0008319867300381834
2016-06-08,-0.0002242670013414569,-9.972229093312292e-05,-0.0004446492064580909,-0.00014491121087158897,-0.00018858630035236974,-0.0002489339237153975,-0.00022426700134147852,0.003957727327991557
2016-06-09,-0.00027816154250129873,-0.0001213331746424097,-0.00019056484115899077,-0.00048404987514454425,-0.00024373211845965105,0.0,-0.00027816154250132107,-0.0025508028811353934
2016-06-10,-0.0007568745408384223,0.0,-0.0014239652354234233,-0.0006432157917729366,-0.0009300428441999783,0.0,-0.0007568745408384446,-0.009904196283727879
2016-06-13,3.690269563336505e-05,-0.00019906781849427893,0.0002579241035462274,-0.00025892911775051076,0.0004220454277160617,0.0,3.690269563336505e-05,-0.008323771067237409
2016-06-14,0.0,1.7098665417145075e-05,-0.00211011633370052,0.0,-4.7253548188381654e-05,0.0,0.0,-0.002046223266542976
2016-06-15,0.0,0.0,0.0,7.970952882720275e-05,-0.0008410280683300831,0.0,0.0,-0.0012818554166647194
2016-06-16,0.0002372249795204784,0.0,0.0017084323852004052,-0.00047259711252437193,0.00023722497952061695,-6.375375440985571e-05,0.00023722497952060543,0.002953627533692448
2016-06-17,-8.748988674310951e-05,-6.999190939447424e-05,0.0002950893940611228,-0.00017770136887224728,-1.8435727339411788e-05,-8.74898867430872e-05,-8.74898867430872e-05,-0.005459557836829375
2016-06-20,0.0,0.0,0.0,0.0,0.0006401025178034001,0.0,0.0004210387861432786,0.007567281689874021
2016-06-21,0.0,0.0,0.0,0.0,-0.0004174461426762019,0.0,0.0,0.0011988426268272605
2016-06-22,7.2635434642149e-05,0.0,0.0,3.196425213226302e-05,0.0001535234850089526,0.0,7.263543464219234e-05,-0.0025515282480710923
2016-06-23,0.0005374617442314575,0.0,0.00047731040757233704,0.00021406305972866636,0.001144205485510484,0.0,0.0005374617442314575,0.014784972236179484
2016-06-24,-0.0004802310180565669,0.0008793101762275004,0.0,0.0,-0.00047935245220357114,0.0,-0.0004802310180565102,-0.03698276169162105
2016-06-27,-0.0018535462004380962,-0.0001559231083413673,-0.002135130840571335,0.0003499289205183278,-0.0018535462004380238,-0.0009918541713922033,-0.0018535462004380515,-0.02062660125482379
2016-06-28,0.0002922817015159458,0.00013714148946781843,-3.535163801985606e-05,9.904936630284727e-05,0.0008640340984567512,0.0,0.0002922817015159458,0.017475510119739805
2016-06-29,-0.0010042979743276445,0.0,-0.00017034212214703785,0.0003145530187781333,-0.0010042979743275819,-0.00040299049605885067,-0.0010042979743275877,0.018183969244930542
2016-06-30,0.0017027197075367277,0.0,0.0017693783691882072,0.0028752902190925223,0.0017027197075367277,0.0017027197075366832,0.0017027197075367277,0.014453512876521853
2016-07-01,-0.00027770826306525956,-0.0002468517893913418,1.4173567423015666e-06,-0.00010495581579451755,-0.0006224064566646797,0.0,-0.0004546588151100431,0.002427499125253839
2016-07-05,-0.0008020868121086213,-0.00014910886536999122,-0.002054192870460052,0.0005027580638077513,-0.0009452403149806925,-0.00014910886536999122,-0.0009452403149806763,-0.007980838523158187
2016-07-06,0.0021870062456577225,0.0,0.0003655035380608938,0.0002368256897745157,0.002187006245657667,0.000512826971841672,0.0021870062456577225,0.006605240561764222
2016-07-07,0.0,0.0,-0.0018620551579066652,0.0,-0.0005202644625245522,0.0,-0.0002824253627282202,0.0004355403189783657
2016-07-08,0.00048071259913157725,0.0,-0.00022305817064585182,0.0007082864747581549,0.00048071259913158885,0.0003032325419017088,0.00048071259913156527,0.01655374653732289
2016-07-11,-0.0007166982480045715,-0.00028449107795331595,-0.0007777381212063759,-0.00024229050776948478,-0.0009648502430053204,0.0,-0.0009648502430053374,0.005976317865043192
2016-07-12,-0.0003481988788565855,0.0,-0.0009767702870358836,-0.0001473807184534807,-0.000466909095540397,0.0,-0.00042169295540949234,0.007970227480728792
2016-07-13,-9.943360420899159e-05,-0.00013164468760621737,0.00022843640987078818,0.00018999310930664724,-0.00012713820063812138,-0.00018482480231119,-7.868379798944922e-05,-0.0010972290753184216
2016-07-14,0.0003177524448206504,0.0003177524448206504,0.00023113628932141647,8.233702245923704e-07,0.00021610578876209716,0.0,0.0003177524448206504,0.005211595123160656
2016-07-15,0.00012310722938683137,0.0,-0.0002179210917541997,6.1640806381166714e-06,0.00016067603212860902,0.0,0.00012310722938678679,5.629543943681738e-05
2016-07-18,-0.000420179996631488,0.0,-0.0007467146201574291,-0.0006722051317892745,-0.0005480444767381439,-0.00023412645043784992,-0.0005079480606522465,0.0029559944685007052
2016-07-19,-6.516849308887485e-05,0.0,-6.56257991608531e-05,6.932917558386951e-07,-5.748074215971861e-05,0.0,-6.516849308887485e-05,-0.001847333648958936
2016-07-20,2.868283665896656e-05,2.4162672172814e-05,-0.0003090449467458258,-0.0005531366402359156,4.828889876170027e-05,-2.1247011168683957e-05,2.8682836658991312e-05,0.0059957613152803214
2016-07-21,-0.000961085689154284,0.0,-0.001383865965632851,-0.000883886123764975,-0.0009610856891542677,-0.0009249574174173513,-0.0009610856891543401,-0.003916267989159239
2016-07-22,-0.00018788606094429064,0.0,-0.00026023194465269833,-0.00016566513691161497,-0.00012747649026583025,-0.00014231666838225912,-0.00012747649026583865,0.004644277160731684
2016-07-25,-0.0009251472008075584,0.0,-0.0010302700013269388,-0.0005425202387010079,-0.0010097745362487032,-0.0004190573177769481,-0.0009251472008075584,-0.0021809167485927336
2016-07-26,9.235702162592983e-05,0.0001445837135129721,-0.000255564850796497,0.00011046045965847554,7.841554132436885e-05,0.0,9.235702162588649e-05,0.0011350264068263065
2016-07-27,0.0,0.0,0.0,0.0,0.00025396081017564035,0.0,0.0,0.0017525383119520509
2016-07-28,0.0,0.0,0.0,0.0,-0.00017081010580815534,0.0,-6.557734213256025e-05,0.0003375096720753766
2016-07-29,-9.723819425946785e-05,0.0,-0.00029197550052849195,-0.00016445248657176356,-6.484072076108222e-05,0.0,-3.2534066461624816e-05,0.0010452951264444987
2016-08-01,-0.0007575211459332556,0.0,-0.00018543455156214334,-0.00015350357937593537,-0.001001890927419005,0.0,-0.0007575211459332833,0.0005183160534326938
2016-08-02,-0.0005573737346664619,0.0,-0.0004572386537518517,0.00021644773198434202,-0.0005573737346664192,1.8987339156528098e-05,-0.0005573737346664619,-0.0077612514467238995
2016-08-03,0.00028732593283799316,0.0,0.000525061878103207,0.000479947694097185,0.0005364918926418654,0.0,0.00034931117087174366,0.004013746430071347
2016-08-04,-2.9680233697956918e-05,0.0,-2.9678470538923447e-05,-0.00013343734181174463,-0.00015474166432226147,0.0,-2.9680233697956918e-05,0.0011525333489643059
2016-08-05,-0.0002953322491836091,-0.00025819403191868514,0.0003258637342994982,-0.00037799713479665754,-0.00029533224918358743,-0.0001533347281754617,-0.0002953322491836091,0.010399568677811413
2016-08-08,-0.000519955521898155,0.0,-0.0007836381279907653,-0.00044520739060735807,-0.0005441115722728138,0.0,-0.0005199555218982609,-0.0005873847938126524
2016-08-09,0.0,-6.42842835433346e-05,0.0,0.0,-5.1955564604799017e-05,0.0,0.0,0.0010101804998532426
2016-08-10,-4.291065662240988e-05,0.00010972509580326869,-0.0013841234520490578,-0.0010969714829782895,-9.186921445861428e-05,0.00012191677311479354,-9.186921445861428e-05,-0.003072165776942609
2016-08-11,-6.277615337141192e-05,0.0,-0.00013698947938031549,-0.0005501367643510591,-0.00016478872121018006,0.0,-0.00010545384781559126,0.005094653916553429
2016-08-12,0.0,0.0,0.0,-6.962916582704134e-05,-3.5344484369096724e-05,0.0,-2.0065564870179262e-05,-0.0005209945491413759
2016-08-15,-6.382976923959767e-05,-5.347634825501955e-05,-0.0008475246769579377,-0.0002245936762601606,-0.00027362110790498306,-6.382976923961995e-05,-0.00017741121677523206,0.004928167486810185
2016-08-16,0.000597767649487967,0.0002711636169870927,0.000551143212409015,0.0008321987859881345,0.0009035973740504388,0.0,0.0005977676494880116,-0.00567557119857881
2016-08-17,-0.00029072915405999267,-0.0006543819978813744,-9.717172234464881e-05,-0.00013228141859152328,-0.0002532450327152613,0.0,-0.0002942569091130778,0.0007377957560119285
2016-08-18,0.00020851012150535392,0.0,0.00030864937461250864,0.00027255213137295696,0.00026389195658080386,0.0,0.0002470174323970322,0.0028230570420017323
2016-08-19,0.0,0.00023963237533624872,0.0,0.0,-0.0003198456377633479,0.0,-0.00015351151731095305,-0.0011597050737038642
2016-08-22,6.989634996434705e-05,0.0,0.0,6.96910691840995e-05,-3.85017312312441e-05,0.0,6.989634996434705e-05,0.00021897362455427984
2016-08-23,-0.00023819648907505805,-0.00020842192794066225,-0.00027031568445831926,-7.185323451866731e-05,-0.00015909351368981783,0.0,-0.00023819648907503636,0.002890635125934045
2016-08-24,-0.0006189209591204494,0.0,0.0011525123414376874,-0.0017479432847047663,-0.0006317052252492674,-0.0006189209591204435,-0.0006317052252493205,-0.00566898663384946
2016-08-25,0.00015383580807056528,0.00017581235208068006,0.0,0.00016764290613364584,0.00016482942045568382,0.0,0.00015383580807063027,-0.0007459259795356417
2016-08-26,-0.00033454670287631555,0.0,-0.0023134652606105997,-9.442683143392631e-05,-0.0003345467028762662,0.0,-0.0003345467028762841,-0.00136982877595844
2016-08-29,3.583990104255774e-05,0.0,-0.0005257900707243566,0.00011132609076260769,-6.985747625056483e-05,0.0,-1.4076005385728896e-05,0.004484762893517518
2016-08-30,-0.0008122119565795332,0.0,-0.001240271489802804,-0.0001250247724081177,-0.0008879200884415713,0.0,-0.000812211956579505,-0.0013101074419964343
2016-08-31,8.374235390268087e-05,0.0,-0.0015183842550886505,0.0,-2.482438746392396e-05,0.0,1.2230555906429094e-05,-0.003030178162706322
2016-09-01,-0.0007445925607540091,0.0,0.0,0.0,-0.0009567097262797332,0.0,-0.0010492300912835369,0.0009947791144336252
2016-09-02,0.0,0.0,0.0,0.0,9.174390105441076e-05,0.0,0.0,0.00515883340759574
2016-09-06,0.00017806863526124847,0.0,0.00016174592375525147,0.000112785786841201,1.327474119254863e-05,0.0,-1.021294892945978e-05,0.0033100355373156137
2016-09-07,0.000254796421346506,0.0,0.00038840966686975857,7.745038566674656e-05,0.00017878113872251124,0.0,0.00025479642134654934,0.0013374657707265042
2016-09-08,-1.3221534641790928e-06,-9.656999804188829e-05,8.066133484435447e-05,8.065748298054637e-05,-7.153976744294698e-05,0.0,-1.3221534642038484e-06,-0.003105565000141354
2016-09-09,0.005464680731063653,0.0023986484823929665,0.005417801303130144,0.003243731975116962,0.005464680731063685,0.0054646807310636415,0.005464680731063597,-0.025008336994273905
2016-09-12,0.00013491508994298233,-0.00020438409271191155,0.0006648754116359512,-0.0012776942043292378,0.00013491508994302757,0.00013491508994302757,0.00013491508994298296,0.014537457445115039
2016-09-13,0.0009977883420970502,0.0,-0.0015604906049068157,-0.0003878967899812863,0.000997399690673279,0.0,0.000997788342096995,-0.013853401322526517
2016-09-14,0.0,0.0,0.0,0.0,-0.0006694146845824958,0.0,0.0,0.00044842905732840523
2016-09-15,5.496045939631407e-05,0.0,-0.0009456336060394438,-0.0009150435957554447,5.4960459396326795e-05,-0.00018766714176649864,5.496045939631991e-05,0.01172308079208619
2016-09-16,0.0,0.0,0.0,0.0,-6.966724275472687e-05,0.0,-1.26123802807206e-05,-0.0030770024188033814
2016-09-19,0.0003778504158392735,0.0003015940737744803,-0.00016876328288520828,0.00033696996129448933,0.0005363267723139224,0.0,0.0003778504158392735,0.0005765791400409626
2016-09-20,0.0,0.0,0.0,0.00035175425029976395,0.0007633598538803949,0.0,0.0003978888139278626,-0.00027979208334747406
2016-09-21,0.0015558533207893502,0.00047804380326512476,0.0008246940540030338,-0.0004726081266967138,0.0015558533207893055,0.0,0.0015558533207893502,0.0108706653218613
2016-09-22,5.204819824788905e-05,0.0,0.0001713470803219855,-0.0001187303289246559,-8.137969199901999e-06,0.0,5.204819824793239e-05,0.008212425205641074
2016-09-23,0.000517909809352818,0.0,0.00038890017968824385,0.0002281976586568229,0.0008055594781385023,0.0,0.000517909809352818,-0.006400473007156725
2016-09-26,0.00026320794088271533,0.0,-8.506409350198979e-05,-6.512926575171719e-05,0.0004623128677904538,0.0,0.0002632079408827707,-0.00883075202783111
2016-09-27,0.0005906438078202962,0.0004263736863558289,0.0005173109353611814,-0.0001912383648900743,0.0007654932630992139,0.0005906438078202408,0.0005906438078202408,0.006830873284591115
2016-09-28,0.0,0.0,4.7940890131585396e-05,0.00014550824003785632,0.0007173638536394949,0.0,0.00033135041644231553,0.005128514356267137
2016-09-29,0.0020318702414546053,0.0,0.0021736648684897476,0.002191480183499579,0.0020318702414545402,0.0005379744302066163,0.0020318702414545402,-0.010277751027063402
2016-09-30,-0.002757602459079839,0.0,-0.002097683733188592,-0.003051483805281973,-0.002757602459079838,0.0,-0.002757602459079826,0.008611991434816018
2016-10-03,0.0,0.0,0.0,0.0,-0.0003612971202275983,0.0,0.0,-0.0025313845885948823
2016-10-04,-0.00047085988639259654,0.0,-0.0036636311841640205,0.0002198188796583764,-0.0004708598863925433,0.0,-0.0004708598863925433,-0.0038795634114257927
2016-10-05,0.0,0.0,0.0,0.0,-4.457570925255067e-05,0.0,0.0,0.00510172481278173
2016-10-06,0.0,-3.6128271736889335e-05,0.0,0.0,5.5780358556467636e-05,0.0,0.0,-0.00026709573767390554
2016-10-07,0.0005257039224038155,0.0010012102573069323,0.0004893236686706464,0.000258081652828031,0.0007679739982651393,0.00023951431801869146,0.0005971950752480723,-0.003855203294645358
2016-10-10,-0.0001605295387679455,-0.00017836615418660612,-0.00014327993606335103,-9.554971222059326e-05,-0.00032209164799415,0.0,-0.00032209164799412834,0.0067908506328968575
2016-10-11,-0.0009719582889374269,-0.0006885673064635009,-0.0024396293356738112,-0.0006614795739582794,-0.0009719582889374388,-0.0009719582889374605,-0.0009719582889374336,-0.013586784605694199
2016-10-12,0.0,0.0,0.0,0.0,-8.316307602470218e-05,0.0,0.0,0.0002490119507388152
2016-10-13,-0.0006862748163374334,0.00033719631322143355,-0.0016965504584808661,-0.0005250811983938914,-0.0006862748163374056,0.0,-0.000686274816337411,-0.004159642422703952
2016-10-14,0.00036561492045916294,0.0,0.000161346738331763,0.00031753304768378004,0.0005624700342994017,0.0,0.00036561492045916294,7.523840133685202e-05
2016-10-17,0.0,0.0,0.0,0.0,3.8510251670560604e-06,0.0,0.0,-0.0026181919476846675
2016-10-18,0.0001360607768455596,0.0001360607768456226,0.0,3.122171969693352e-05,0.0002632304209696666,0.0,0.0001360607768455163,0.005958299458339807
2016-10-19,-0.00026621757589226846,0.00018178591654210795,-0.00019191367477748865,-0.00017161921306462627,-0.0005925756013850503,0.0,-0.0002662175758922468,0.002453349257823188
2016-10-20,0.0,-0.0001060347061702668,0.0,0.0,8.83152440721116e-06,0.0,0.0,-0.001881370295066833
2016-10-21,-0.00012008604556142439,0.0,-0.00047080953273232254,-3.071350280800669e-05,-9.651625131786869e-05,0.0,-0.00012008604556145277,0.0005060590076060709
2016-10-24,0.00017800983562382298,3.6399719576908504e-05,0.00019807125852834066,0.00021812894624152667,0.00013198336999849068,0.0,0.00017800983562382298,0.006388735728839757
2016-10-25,-0.0002339435657917368,0.0,-0.00048405717359338606,-0.00036573932474228283,-0.00023017688333914983,-0.00023577914728887856,-0.00023394356579169281,-0.004008006104954601
2016-10-26,-0.0004438824743087257,0.0,-0.0002816803682181505,-0.00044036094527724894,-0.0004475399024513588,-0.000270841543566908,-0.0004438824743088094,-0.0036525906910595336
2016-10-27,-0.0003301598048706419,0.0,0.0007012021168429839,-0.00047337892085453303,-0.00033015980487068655,-0.0004316382787950907,-0.0003301598048706419,-0.0046547740551970695
2016-10-28,0.0,0.0,0.0,0.0,5.892413259817961e-05,0.0,0.0,-0.00314205323271636
2016-10-31,0.0,0.0,0.0,0.0,7.084850496774103e-05,0.0,0.0,0.00036933932633874915
2016-11-01,-0.0012982954080303236,0.0,-0.0034287288128604693,-0.0009240437293320655,-0.0012982954080302735,-0.0012982954080302952,-0.001298295408030302,-0.007927726896903032
2016-11-02,0.0007854706868863566,0.0,0.0008228546233872082,0.0009963977401673551,0.0012898674167712719,0.0,0.0012201038811523242,-0.007382924560543432
2016-11-03,0.00019295429351266652,0.0,0.0003368115897275551,-0.001202564988147639,0.0005631068781718164,0.0,0.0005347805754499569,-0.004786042845367759
2016-11-04,-0.00028629392885505756,0.0,-0.0008017048605487581,-0.00030344744575322934,-0.00034597440265970563,0.0,-0.00028629392885505756,-0.0005182718001592449
2016-11-07,0.0016123979109398084,0.0,0.001684377758619098,0.0016105567942410887,0.001745676662681413,0.0,0.0016123979109398192,0.022481199621451738
2016-11-08,-0.0010768169332628268,0.0,0.0002394789399760128,-0.0016063443134128777,-0.0010768169332627821,-0.0006942241560277279,-0.0010768169332628051,0.004870053916937355
2016-11-09,-0.0015098858234225071,-0.0015098858234225236,0.0006185299446000316,-7.503336377703242e-05,-0.0015098858234225462,-0.001509885823422479,-0.0015098858234225735,0.014567734783386674
2016-11-10,-0.00011255764243680471,0.0,0.0003512685900670592,-0.00023853123813198564,-0.00045877913349094733,0.0005148269848260557,-0.00011255764243680471,0.003765420806995443
2016-11-11,0.00024933236767007115,0.0,0.0007819861461676364,-7.896092684542918e-05,0.0003997728038099502,0.0,0.00024933236767007115,0.005359743207280688
2016-11-14,0.0003204074555399084,0.0003204074555399084,0.0,-3.817344323867449e-05,0.0003904111916503309,0.0,0.0003204074555399084,0.001183052502644145
2016-11-15,-0.00019733806863759466,0.0,-0.00030626008422000406,-0.0002772144825857108,-0.00024330621594412477,0.0,-0.00019733806863755,0.006846941381360281
2016-11-16,8.049650615841458e-05,0.0,1.903367304071043e-05,1.9028857019424525e-05,6.488553320428786e-05,0.0,8.049650615841458e-05,0.0004083429478774029
2016-11-17,0.00030843444562086834,5.2317076665612e-05,0.0004945233232583006,0.00016158209552358097,0.0003553967716160916,0.0,0.00030843444562081304,0.004609518836838763
2016-11-18,0.0001700728625633913,0.0,4.596529256607498e-05,0.00017020021606590873,0.0003436950198262336,0.0,0.0002820401971476113,-0.0007612990168595157
2016-11-21,0.0004003848664123525,0.00031603536729110334,0.0006007427205892772,0.00032506510735924127,0.0005476857748983634,0.00011921986934144674,0.0005476857748983634,0.006822417109449336
2016-11-22,0.0,0.0,0.0,0.0,0.00011346768254188433,0.0,0.0,0.004185402946104604
2016-11-23,0.0008063938804587538,-0.00024415389007800576,0.0006739824255341512,0.00018783361459177243,0.0006029323053937354,0.0,0.0008063938804587538,0.001465781596612589
2016-11-25,0.0,0.0,0.0,0.0,-4.942565944126274e-06,0.0,0.0,0.0034357833460788257
2016-11-28,0.00035116850575114367,0.0003139207451572949,0.0005883066285257118,-0.00034752008875400895,0.0003378788998564449,0.0003488008279525908,0.00035116850575120866,-0.005108776253062838
2016-11-29,-8.599723385966804e-05,0.0,-0.0013318381459071413,0.0,-9.888242785694205e-05,0.0,-0.00012268550059136213,0.0016495653220520443
2016-11-30,0.0020000256996035764,0.00040124823407617586,0.0007453216002584113,0.0013247412457060574,0.0020000256996035334,0.0006687470567936413,0.0020000256996035777,-0.004396312632036692
2016-12-01,-0.0012776151909850864,-0.000291411166577664,-0.00021032127722888833,-0.0012092081941519797,-0.001301690591996319,-0.0012776151909850864,-0.0012776151909850372,-0.005010799980406737
2016-12-02,0.0,0.0,0.0,0.0,-2.9035891741433566e-05,0.0,0.0,8.791089760360881e-05
2016-12-05,0.00021829546192680022,0.00021829546192680022,0.0002801210732953694,0.00010717248769675793,0.00015556434764939098,0.00021829546192680022,0.0001596571815809708,0.007934901912210683
2016-12-06,0.00012415263563627103,-0.00012269229555831733,-0.0003503369578108254,0.0001055933150627999,4.7777557294986316e-05,0.00012415263563627103,0.00012415263563631438,0.004253434309955652
2016-12-07,-0.00011624085378049198,0.0,0.0011159674283782804,-0.0005784366015926493,-0.00011624085378049198,-0.00011624085378042574,-0.00011624085378044742,0.012886952859816767
2016-12-08,0.0005126025670649495,0.0,0.0007625764871538746,6.633671756666366e-05,0.0005738430300010685,0.0005126025670649495,0.0005126025670649495,0.005715408582161243
2016-12-09,0.00014460065521925872,0.0,0.0006167447175873657,0.0003536057321422366,0.00018373980907931845,0.0,0.0001913076613089678,0.005792405126677988
2016-12-12,-0.00029176179088672333,0.0,-0.0003283273833842683,-0.00020212420688708592,-0.0004542818871792467,-0.00029176179088676664,-0.00029176179088676664,-0.003027753915313472
2016-12-13,-0.0008844509117853069,-0.000577491580199853,-0.0007252052570572891,-0.0009239164632539663,-0.0009934655415940311,-0.0005774915801998305,-0.000993465541594058,0.006340861345457375
2016-12-14,-3.100509972609857e-05,0.0,0.000829760214614498,0.0008573176397342002,1.5987195739482926e-05,-5.5946141773295546e-05,-3.100509972609857e-05,-0.007098583690403056
2016-12-15,0.0,0.0,0.0,0.0,0.00012250489923164052,0.0,0.0,0.004000639669947288
2016-12-16,-0.00038889405609565187,0.0,2.6182568574379213e-05,-0.0009107086275178652,-0.0003849673104387314,0.0,-0.0003888940560956242,-0.0018477830651418411
2016-12-19,0.0,0.0,0.0,0.0,0.00021594941611446003,0.0,0.0,0.0033716649228872787
2016-12-20,0.0,0.00039870700740424973,0.0,0.0,0.00019305370983609867,0.0,0.0,0.0050468403770674965
2016-12-21,0.0,0.0,0.0,0.0,0.00030522863530928164,0.0,0.0,-0.002700438979346074
2016-12-22,-0.0009778706847847645,-0.0003503655342754004,0.00013860379399683508,-0.0006692192699707894,-0.0009778706847847797,-0.00046837786441652454,-0.0009778706847848589,-0.0032548140961482547
2016-12-23,0.0,0.0,0.0,0.0,0.00021090850263307914,0.0,0.0,0.001823916487455983
2016-12-27,-0.0007593119352505973,-0.0010229348354234937,-0.0006465000547841821,-0.0006692938720349695,-0.0008500203211240933,-0.00035792071284832173,-0.0007593119352505913,0.0030825362051758315
2016-12-28,4.0441462832265746e-05,4.04414628322874e-05,0.0001699144242489864,-0.000919871221178317,4.0441462832332004e-05,4.0441462832265746e-05,4.0441462832387326e-05,-0.007818179680142128
2016-12-29,0.0,0.0,-0.00013323326038461398,0.0,-0.00026347860434618224,0.0,0.0,-0.00038626902914218276
2016-12-30,-0.0005920367876702259,-0.0006036929442318987,-0.002576723219006335,-0.002111848381963091,-0.000592036787670232,-0.0005454121614236059,-0.0005920367876702543,-0.004697052599775308
2017-01-03,-0.0015755657995652394,-0.0004441407191528755,-0.0018645721504630172,-0.00105058724295698,-0.0025930588480417333,-0.0006344867416469618,-0.002200681578403158,0.006442765758729061
2017-01-04,-5.251289884860906e-05,0.0,0.0003178767803788557,-0.0005125218283367232,-6.95327306781268e-05,0.00015799296895918882,-5.251289884865903e-05,0.007571152706386699
2017-01-05,0.00033140338312615984,-7.79679801101667e-05,8.797100586708942e-05,5.011657209488369e-05,0.00030315191899322905,-9.745997513767492e-05,0.0003314033831261152,-0.002223374582331637
2017-01-06,-0.0005732640181155149,0.0,-0.0007395459600296626,-0.000998245251806235,-0.0004299077979442094,-0.00021425091436962857,-0.0005732640181155143,0.003291554402037968
2017-01-09,-0.00038881009879976667,0.0,-5.4058518267972114e-05,-7.575450701710298e-05,-9.934262369464091e-05,0.0,-0.00019012868055925746,-0.0026083672951046017
2017-01-10,0.000142476881992988,0.0,0.00043126764584075174,-0.00010985472508600613,1.8606013686707615e-05,0.0,0.00010785275227997399,0.002078904559257934
2017-01-11,0.0,0.00020110722298519176,0.0,0.00014442557718675277,0.0004548694403428464,0.0,0.00020110722298519176,0.003011973516397185
2017-01-12,-0.0005448561404969387,-0.0004903705264472535,-0.00038146440395611203,-0.00027267002711275657,-0.0005642413687002137,0.0,-0.0005448561404969387,-0.0035353753113679027
2017-01-13,0.0,0.00011215901566565685,0.0,0.0,3.5534837215451645e-05,0.0,0.0,0.002865676076625307
2017-01-17,-0.00020130077980315698,-0.00012078046788189853,-0.00044231101795873023,-1.912519104850799e-05,-0.0009765992992888128,-0.00020130077980315698,-0.0005699098503486225,-0.005387836497507768
2017-01-18,0.0,0.0,0.0,0.0,-0.00025816382362197135,0.0,0.0,0.0015604789966737961
2017-01-19,0.0002097991804421841,-0.00013916995114526137,-0.0010032882824133052,-0.0004560507887728854,0.0002410671738676651,0.00018197683202690192,0.00020979918044224552,-0.003950695604258332
2017-01-20,-0.0003661897619964917,0.0,-0.0002477823284961381,-0.00020323871908164176,-0.0008198695892430195,0.0,-0.0006846029213645069,0.0038253460771534974
2017-01-23,0.0,0.0,0.0,0.0,-7.266201935611779e-05,0.0,0.0,-0.0015034813142989338
2017-01-24,-0.0008770285241307853,0.0,-0.0012675060642307861,-0.0011251918519887864,-0.0008770285241307624,-0.0006659909194452456,-0.000877028524130707,0.007996555160053789
2017-01-25,0.00021745584486108186,0.0,0.0001599331150910518,-9.87626369602009e-05,0.0002818434878155034,0.0,0.0002643554881039703,0.009018142491674652
2017-01-26,-2.761260326350936e-05,0.0,-7.236973096372952e-05,-0.00016210827971916095,-4.2275731633108634e-05,0.0,0.0,-0.00046199913721734636
2017-01-27,-0.0004794758453664279,-0.0004534892713739666,-8.04096044989995e-05,-0.00033502223825346864,-0.000762782626877947,0.0,-0.0004794758453663508,-0.0008943454535070066
2017-01-30,-0.0018609300932191583,-0.0017948678890636173,-0.0009556866487354188,-0.0012985113885015255,-0.00186093009321918,-0.001860930093219159,-0.001860930093219159,-0.008094635774592969
2017-01-31,-0.00011700693533779955,0.0,-2.295671970645337e-06,-0.000416530798345967,-2.9350572982009667e-05,0.0,-0.0001170069353378279,-0.0005464413706868203
2017-02-01,-0.0003347349691583724,0.0,-0.0009342000547673617,-0.0002002573178310525,-0.00038799448761530145,0.0,-0.0003347349691583724,0.0020093346637182225
2017-02-02,0.0,0.0,0.0,0.0,-5.3577865964486566e-05,0.0,0.0,-0.0008665312390303548
2017-02-03,0.00014092012873545066,0.0,-8.466458849415384e-06,-0.00016303407352782307,0.00013091005814045751,0.0,0.00012716358437417575,0.008508916050220677
2017-02-06,-3.611266410125136e-05,0.0001015773647958628,-0.00033296063428415714,-4.687711651045659e-05,-2.8056019468392817e-05,0.0,-3.611266410125136e-05,-0.0019852961451290274
2017-02-07,-7.003288451547155e-07,0.0,-0.00016017547387695618,-0.00029622929911841733,1.8191958294108762e-05,0.0,6.5530025394601275e-06,0.00035864797773851756
2017-02-08,-0.0003945770651032172,0.0,-9.43062215623403e-05,-0.0005020745665247395,-0.0004840457511218533,0.0,-0.00047127870661336916,0.00024805537900664547
2017-02-09,-0.0009599020653522238,-9.896983790413054e-05,-0.0014799350009199268,-0.0006537006285100643,-0.0009599020653521792,-0.0006963509205264983,-0.0009599020653522068,0.007168796426877919
2017-02-10,-7.277531235153425e-05,0.0,2.917708921466024e-05,-0.00025128347117852126,-9.615394635745957e-05,0.0,-7.27753123515619e-05,0.0048614864451559416
2017-02-13,-0.0004741231806416483,-5.5627731121551865e-05,-0.0003451953372761432,-0.0004778424769584812,-0.00047412318064169763,-9.271288520257699e-05,-0.00047412318064168267,0.0053624944519585355
2017-02-14,0.0009424869906272122,0.0,0.0012340856763045065,0.000270709246165122,0.000942486990627269,0.0005679741847905283,0.0009424869906272122,0.004014663156905617
2017-02-15,-0.00025812058463826036,-1.7820694788387602e-05,0.0001917300898672248,-0.0001898803940259413,-0.0002581205846383121,-0.0002581205846382633,-0.00025812058463826036,0.0056362311404217
2017-02-16,-0.000620692460698404,0.0,-0.0012813316094193374,-0.00030965760564500184,-0.0010359510328265935,0.0,-0.0009735256551167414,-0.0008003241988990614
2017-02-17,0.0008504980022436743,0.0,0.0003083263881925073,0.0007876728669249669,0.0009990786556222319,0.0,0.000999078655622297,0.001269497042372027
2017-02-21,-0.00028300181702780106,-9.342650970910017e-05,0.00041713958347440943,-0.0003060881883700616,-0.0002830018170277457,-0.00019053485277727305,-0.00028300181702782935,0.005962026888655029
2017-02-22,-0.00017729605291766663,0.0,-0.00030175403319887366,-8.999741060156044e-05,-0.0002471608233605559,0.0,-0.00017729605291771667,-0.0004317594798719319
2017-02-23,-0.0003063290715818166,-0.00026028224267870664,-0.00023029405263246197,-0.0003051440639088245,-0.00029713538278412473,-0.0002732923206509424,-0.000306329071581701,-0.0015053265259995815
2017-02-24,0.001703647580468117,0.0010348663810033972,0.0015196295859651729,0.0010415661081891766,0.001703647580468117,0.0,0.0017036475804681614,0.0008075929986286182
2017-02-27,-0.0001475947992769134,5.404400396374441e-05,0.00011985635299157884,0.00019637615131972894,-0.00014759479927696804,6.755500495470761e-05,-0.00014759479927691272,0.0032224766190388867
2017-02-28,0.00011025386291069784,0.0,9.139808873715483e-05,-0.0002981257924867531,4.1740474275813376e-05,0.0002108072040942604,0.00011025386291063282,-0.00505482725283905
2017-03-01,-0.0011596683798265547,-0.00033057307704538794,-0.0019600159165071704,-0.0016543691853759162,-0.0011596683798265324,-0.0009538120679751095,-0.00115966837982661,0.01440803158825825
2017-03-02,0.0010227601559959232,0.0,0.0010365120402198284,6.441140042973771e-05,0.0010227601559958392,0.0004482056734157584,0.0010227601559958392,-0.006792719093698486
2017-03-03,0.0,0.0,0.0,0.0,2.238000890969746e-05,0.0,3.5536567975227654e-05,0.0003965715529438414
2017-03-06,0.0,0.0,0.0,-0.0005460248512979744,-0.000268720168404568,0.0,-9.208640002803634e-05,-0.0034066869835341117
2017-03-07,0.0,0.0,0.0,-9.780182106829913e-05,0.00013396688081786484,0.0,0.0,-0.003124053034374738
2017-03-08,0.0009804263539637858,-0.0001619308776946155,0.0014249274399216858,-0.00015793133645064462,0.0010276750671610532,0.0,0.0010276750671611085,-0.0023188433338440454
2017-03-09,0.0,0.0,-0.0005717989067338251,0.0,-6.296925866510449e-05,0.0,-3.324436790636761e-05,-0.0002765567193782382
2017-03-10,1.8059373279996815e-05,0.0,-0.0012520099715394818,-9.695211375049464e-05,-1.2125220011520161e-05,0.0,1.8059373279996815e-05,0.0034514321842914544
2017-03-13,0.0,0.0,0.0,0.0,4.4437544479706284e-05,0.0,0.0,0.0009000195741928032
2017-03-14,0.0,0.0001448333900558878,-0.00018074675689175605,0.0,-2.190476522594019e-06,0.0,0.0,-0.0032807011175932837
2017-03-15,-0.0011463249184144354,0.0,0.00027643489129785485,-0.0011184583208353489,-0.0011463249184144636,-0.0009576274713079066,-0.0011463249184143795,0.008491795918765505
2017-03-16,-0.0001847558187799403,0.0,-0.0008757200396104108,-7.308626893282113e-05,-0.00043564386374133235,0.0,-0.00038185769585069574,-0.0003423803249982404
2017-03-17,0.0,0.0,0.0,9.547660996866686e-05,0.00032983931111877637,0.0,0.00017933165387770897,-0.0002188272307130298
2017-03-20,0.0,-1.1053758477224738e-06,-0.0006192436944878528,0.0,-7.397182927935862e-05,0.0,-1.1053758477224738e-06,-0.0010672658800655694
2017-03-21,0.00344575502939324,0.0013410431428100057,0.0035928326421519,0.0004252932945080075,0.0034457550293931593,0.0034457550293931593,0.0034457550293932266,-0.016096393027998167
2017-03-22,-1.6151887368780386e-06,0.0,8.04716726622443e-05,0.00012990743980256374,-9.426321528841772e-05,0.0,-1.6151887369027942e-06,0.0020038587003152635
2017-03-23,0.0,0.0,-0.0013338934434371846,0.0,-4.713771984346177e-05,0.0,3.5807703115937724e-05,0.0003168376099698404
2017-03-24,-0.000605474443348874,0.0,-0.0002740782476944912,0.0,-0.0014601987415234351,0.0,-0.0013207144277556427,-0.00024274676843954597
2017-03-27,-0.0002836085289826495,0.0,0.00019629155693022445,-0.0013193054168260851,-0.0002836085289825522,-0.00031131327501125766,-0.0002836085289826802,-0.00034537616205211516
2017-03-28,-0.0008422367303648467,0.0,-0.0005699139983769443,-0.0008463043748504167,-0.000842236730364763,-0.0010189939278270632,-0.0008422367303647691,0.0071126239430979316
2017-03-29,-0.0001892073631486265,0.0,-0.00015223289092137793,2.704112179676018e-05,-0.00022829369852980325,0.0,-0.00024379800740810233,0.0016258358037835791
2017-03-30,-0.00024894277578782785,0.0,0.000308475506842018,-0.00024639859787954014,-0.0002590765108862464,0.0,-0.0002590765108861343,0.003676373558259061
2017-03-31,-0.0005672118996305783,0.0004442157440926714,0.0,-0.0010135394341615933,-0.0009539816997913419,0.0,-0.0008057159748860077,-0.0013763413648827578
2017-04-03,0.00021334927051809682,0.00019201434346627848,5.676056871285111e-06,-1.940371666398588e-05,0.00020816769595475746,0.00021334927051809682,0.00021334927051809682,-0.002918800594679325
2017-04-04,0.0,0.0,0.0,-1.8344351425169632e-06,2.170933467566181e-05,0.0,0.0001390194686962775,0.0007963737441793078
2017-04-05,0.0018590966262218948,-0.0010033950472878067,0.001172549557902118,0.0009258676218804038,0.0018590966262219503,0.00036143825374038385,0.0018590966262218948,-0.004800540995055588
2017-04-06,0.0,0.0,0.0,0.0,0.00018559548084115502,0.0,0.0,0.0031331401379601134
2017-04-07,0.0,0.0,0.0,0.0,-0.0001999564045402174,0.0,0.0,-0.0004991737786841036
2017-04-10,0.0,-0.000180861714505361,-0.0003340516227294106,0.0,-9.817722069448891e-05,0.0,0.0,0.0007166121385937425
2017-04-11,-8.483246869364809e-05,-0.00046646640954651407,0.00039092420570536676,-0.00013882540321938808,-0.0003870334952511214,0.0,-8.483246869362565e-05,0.00046928758538922915
2017-04-12,-1.2274580619398846e-06,0.0,0.0004849991963920193,-0.00021802843753848905,0.0001084538219497151,-1.2274580619158268e-06,8.148762844758008e-05,-0.0058351218431100796
2017-04-13,0.00026158730963869275,0.0,0.0,0.00026995663117711786,0.0008255779023693199,0.0,0.0005846692176581514,-0.0068774072681732
2017-04-17,0.000800009960631296,0.0,0.0,0.0005209169879700183,0.0008000099606312515,0.0,0.0008000099606313791,0.009381367614686435
2017-04-18,0.0,-9.690482979843346e-05,0.0,0.0,4.494596053280249e-05,0.0,0.0,-0.002645853200002216
2017-04-19,-0.0003240558869278176,8.704464925619042e-05,0.00012725016106378403,-0.000783019124325242,-0.00032405588692783994,-0.00010927592063265014,-0.000324055886927846,-0.0008984730687632765
2017-04-20,-0.000656086598915088,0.0,-0.0008314214174341015,-0.0012845300509221186,-0.0006560865989150657,-0.0005650086305121513,-0.000656086598915088,0.009212522425740163
2017-04-21,5.671810938266682e-05,0.0,0.0,0.0,-2.4889607152119852e-05,0.0,5.671810938266682e-05,-0.0018233547644071276
2017-04-24,0.0,0.0,0.0,0.0,-0.00012007722537257551,0.0,0.0,0.011424682070021747
2017-04-25,-0.0007060608300603517,0.0,-0.000146717987583564,-0.00036645054186442794,-0.0007898920319356843,-0.0004726939347499049,-0.000706060830060374,0.008474204211473112
2017-04-26,-0.0015433996933559846,0.0,-0.0013140255925957731,-0.000640866850242602,-0.0016155692815358314,-0.0011555264759267243,-0.0015433996933559295,0.0005152269242342854
2017-04-27,0.0,0.0,0.0,0.0,9.176939683141332e-05,0.0,0.0,0.0014853119488939762
2017-04-28,0.0004254355668965668,-0.0001427968777597892,5.285718479650439e-05,0.0002682890942733587,0.0004285207441589692,0.0006097320570954055,0.0004285207441589892,-0.0037239205336151793
2017-05-01,-0.0002637352029890614,0.0,-0.00015969416537383067,-0.0003503418726307775,-0.00018928645815568103,-0.0002637352029890391,-8.46614951575312e-05,0.003573310561325083
2017-05-02,-0.0006702772269752293,-0.0009911782325549058,-0.0005645299115974339,-0.0004588823108218271,-0.000903912893693764,-0.0006702772269752078,-0.0006702772269752293,-0.00014413202010142912
2017-05-03,-0.0002894502658466579,0.0,-0.00016701405124429025,-0.00021330448126144063,-0.0004866158093074641,0.0,-0.0005024144921648402,-0.0021834329914551336
2017-05-04,-0.0005810961424799835,-0.0003556123962527547,-0.000425393456645301,-0.00012500670342412032,-0.0007029625655527118,0.0,-0.0005810961424800551,-8.192717060880413e-05
2017-05-05,0.0,-0.0003816158010865782,0.0,0.0,0.0001585491729331696,0.0,0.00017325494313954863,0.0040642552750507314
2017-05-08,0.0,0.0,0.0,-0.00031041990053740483,-0.00017907249307203577,0.0,-0.00019181656099491866,-0.00023670057358659706
2017-05-09,5.4657595342933076e-05,-6.291918777890695e-05,0.0002079355364585239,-0.0016541872256089758,0.0001398651179161201,0.0,0.00014048880690311098,1.86790521115763e-05
2017-05-10,0.00020818209983242773,6.0772001747328946e-05,1.5239636777551344e-05,-1.9801048754146176e-05,0.0002596885098460565,0.0,0.00020818209983242773,0.0016840698956854749
2017-05-11,0.0,-0.0006947412875134754,0.0,0.0,5.793991398232514e-06,0.0,-3.631045313546614e-05,-0.002310622184642751
2017-05-12,0.0,0.0,0.0,0.0,-0.00017886015668561514,0.0,0.0,-0.0014754563049152473
2017-05-15,0.0003704514538404677,0.0003545658437660844,0.0005014364319160343,0.00043685479665889996,0.0003704514538404231,0.0,0.0003704514538405061,0.004968702413944557
2017-05-16,-8.42691126109141e-05,0.0,-0.0006763428810824612,-1.6958384759697785e-05,-0.00014690412934437977,0.0,-8.42691126109148e-05,0.0009454224886981124
2017-05-17,0.0031661467650523196,0.0009031047419191365,0.002914567993740874,0.0018541286583595108,0.0031661467650523196,0.0023211391588958893,0.0031661467650522545,-0.021154765956088405
2017-05-18,-0.00105559093111454,0.0,-0.0016263767131635084,-0.000461091831547633,-0.0010555909311145346,-0.00010762218882855078,-0.0010555909311145562,0.004349150874820395
2017-05-19,6.150188268300543e-05,0.0,-0.002071269796931724,0.00013002192654001425,2.8401572116170382e-05,0.0,7.67984019637102e-05,0.00583577810564578
2017-05-22,8.173306070727724e-05,4.903983642433959e-05,0.00011606266789335602,-0.0002134140406403715,0.0002528603177221043,0.0,8.097793856952712e-05,0.006082807775459014
2017-05-23,-0.00018273468021548682,-0.000370323783526168,-0.0001346971422947732,-0.00023629319503937036,-0.0001796252102140465,0.0,-0.00018273468021550912,0.002077940609274373
2017-05-24,7.134205107029447e-05,0.0,0.0,-0.00010707935770703434,9.734219245247991e-05,0.0,7.134205107029447e-05,0.0027932229636192726
2017-05-25,-0.00024608964427304427,0.0,-0.0007196376302696373,-0.0003746738447073288,-0.00025034460223041875,-0.00012268022968448707,-0.0002460896442729503,0.004353694152219343
2017-05-26,0.0,0.0,0.0,0.0,1.8255488292650106e-05,0.0,0.0,0.0002221291349397762
2017-05-30,-1.2701613256354836e-05,-0.00011143927106215455,-0.00011206611722016174,-0.00013452879497677072,-0.00014963203641515195,0.0,-0.00010892498403856358,-0.0021987980680209748
2017-05-31,-0.0008653612628998526,-0.0008977554361073938,-0.002121114798318398,-0.00027239839097411135,-0.0008653612628997959,-0.00025772704746157863,-0.0008653612628997952,-0.0007385821436806039
2017-06-01,0.0014734416293417454,0.0,0.0017326890008520516,0.0011984436462834996,0.0015066025723659163,0.0007373956579049252,0.0014734416293418022,0.009265836630204003
2017-06-02,-0.0009803289685657206,0.0,-0.0004612499743434071,-0.00047522295298506925,-0.0009803289685657653,0.00011125444785431824,-0.0009803289685656996,0.0055076667365193815
2017-06-05,0.0,0.0,0.0,0.0002069142375187814,0.0001725692028117263,0.0,0.0002701226572974598,-0.001719975677282631
2017-06-06,-0.0007599677437978012,-0.000941610085767047,-0.0022596465822653632,-0.0005120635426083682,-0.001046444324577824,-0.000876939740977262,-0.0009092681571576993,-0.0024928512172180755
2017-06-07,0.0,0.0,0.0,0.0,-7.959069885068121e-05,0.0,0.0,0.002035189187492248
2017-06-08,-0.0004625882173244375,-0.0003784523956900736,-0.000859267743243308,-0.00012383584860705394,-0.00047890983200212965,-0.00021028662019775832,-0.0004625882173244592,0.003454424838538317
2017-06-09,0.0004862734642811439,0.0,-0.0023065575730915806,-0.001409229271866454,0.0005251259466993875,0.0004880034670821131,0.0004862734642811439,-0.0037296178006634064
2017-06-12,0.0,0.0,0.0,0.0,-0.000661715095236346,0.0,0.0,-0.0020037218952500403
2017-06-13,-2.9784705701708202e-05,0.0,0.0,0.0,-0.00010818678787260201,0.0,-8.315353019905618e-05,0.005511176443469732
2017-06-14,-0.0021496223699928848,0.0,-0.002549815258089816,-0.0010170814089346223,-0.0023930096274997477,-0.0016236538989374096,-0.0021496223699929064,-0.001933435684735882
2017-06-15,-0.00013914973167593626,0.0002165396630091382,0.00011801951466018003,0.0003438666159739778,-9.985163061686174e-05,0.0,-9.985163061690562e-05,-0.002742623672013725
2017-06-16,0.0,0.0,0.0,0.0,-0.000445256783365073,0.0,0.0,-0.0010985818761486776
2017-06-19,0.000612884080812191,0.0,0.0006424807550162183,7.071699595985138e-05,0.0006128840808121464,0.0,0.0006128840808121464,0.00938258948046729
2017-06-20,0.00106193615416535,0.00025323354708168893,0.0009913092078225605,0.00025506185332684636,0.0011719728095619707,0.0,0.0010619361541653932,-0.006493537576488721
2017-06-21,6.571564426734212e-05,2.5511995272200707e-05,0.0001617383756079394,-0.000263113214191826,6.303087408601193e-05,2.9269936735598452e-05,6.303087408601193e-05,0.0008897970321541509
2017-06-22,-0.00025283830449548055,0.0,-0.000610670831790178,-3.831624034563207e-05,-0.0005276262605778414,0.0,-0.00025283830449545887,0.0003901046220379924
2017-06-23,0.00020645161032791743,0.0,0.00023813588140347234,3.9710300533606327e-05,0.00022216643036388763,0.0,0.0004970038547405085,0.0026216871908710153
2017-06-26,0.00023179907329948365,-0.00023974881248288283,0.00029923687209897586,4.6204341646096254e-05,0.00023787895682985893,0.00023179907329948365,0.00023179907329948365,-0.00039263055899136555
2017-06-27,0.0017922062648519366,0.0,0.00270212244477535,0.0015312089573630524,0.0020519971660785353,0.0012381360831884235,0.0020519971660785457,-0.009389739953476282
2017-06-28,-0.0006680961029167328,0.0,7.282488754172747e-05,4.1950546289323744e-05,-0.0006680961029166775,-0.00012313930189029407,-0.0006680961029167463,0.010753221052054444
2017-06-29,-0.0006328820639020392,-0.00012271335018709237,-0.0013316295991949282,0.0004087656162111179,-0.0006328820639020952,-0.0006328820639019727,-0.0006328820639020392,-0.009699142508110386
2017-06-30,0.0,0.0,0.0,0.0,-0.00042894657630679236,0.0,0.0,0.0008077851376352004
2017-07-03,-0.0007281192142121705,0.0,-0.0007281192142121419,-0.0007281192142121419,-0.0006838429160181618,0.0003622739493824433,-0.0007281192142121419,0.0020009181833863837
2017-07-05,7.037545727100149e-05,0.0,-1.4664317023851063e-05,-0.0001686518627668303,-4.6780364899871674e-05,0.0,7.037545727104609e-05,0.0020651471493367234
2017-07-06,6.308837325930804e-05,4.790625011552832e-05,0.0008103998198598587,-0.0008789342184831063,4.846396252551338e-05,2.45158968735513e-05,6.308837325930804e-05,-0.009313109665289348
2017-07-07,-5.2492901714548256e-05,0.0,8.739742276463576e-05,-0.00030659107369690756,-4.9595379818388616e-05,0.0,-4.9595379818383236e-05,0.007389551729305558
2017-07-10,-0.0005014061970735516,0.0,-0.0005538389273705905,-0.001046424648830782,-0.0005224819358392384,0.0,-0.0005014061970735516,0.0008557752054856504
2017-07-11,-6.516492370287217e-05,0.0,0.0001048891690114558,-0.00014901555474585023,-8.465862604317867e-05,0.0,-6.516492370289446e-05,0.0010046934393744772
2017-07-12,-0.00013728924980809662,-3.358900549000731e-05,-0.00010607017805110533,-0.00018148101946769638,-0.0002605865479048796,0.0,-0.00017587442627715544,0.008110760822517271
2017-07-13,0.0,-3.5961506469380984e-05,0.0,0.0,-7.385895553627995e-06,0.0,0.0,0.0014389959980036135
2017-07-14,-0.0014754161518478386,-0.0005399821085101485,-0.0003660038129566518,-0.0013306069773984153,-0.0014754161518477948,-0.001365829494820884,-0.0014754161518478327,0.004483994615291365
2017-07-17,0.0,0.0,-0.00012549616186830785,0.0,-1.4573842910060737e-06,0.0,0.0,0.00044598322462468756
2017-07-18,8.818531531011028e-05,0.0,0.00045142435783276425,0.0001472735680944727,4.765099187906731e-06,7.795410896902513e-05,8.818531531000427e-05,0.00045940801377788244
2017-07-19,-0.0001658289004491943,2.85575976190203e-05,0.00022656889715787776,0.00017085932289507769,-0.00012032450849979454,3.175517207975017e-05,-0.00016582890044918583,0.0058149458143983744
2017-07-20,0.0,0.00014319974952798302,-6.299372541821176e-05,7.762000107860611e-05,-0.00016186805770296872,0.0,0.0,0.0002530609192826543
2017-07-21,-0.0003615748692768163,0.0,-0.00012565761288835296,-7.076852751942514e-05,-0.0001355081795805436,0.0,-0.0003615748692767947,-0.001824749297548112
2017-07-24,-7.106052742915413e-05,0.00010623983015460826,0.00017189761887488668,-0.00016739616946103125,-2.860082156229613e-05,-7.106052742915413e-05,-6.283276274693294e-05,0.0006436056045210474
2017-07-25,-5.238257420859175e-05,-5.8202860231774915e-05,-8.692791071439668e-07,-0.00013774690129404898,-2.1582384682225376e-05,0.0,4.691654469628715e-06,0.003126249267965358
2017-07-26,-0.0001730427646570038,-0.00010382565879418494,-0.00011771417447466279,0.0001259082122037079,-0.00022909607866077465,-0.0001730427646570038,-0.00019379257087650284,0.0008443097975883629
2017-07-27,-0.0017960617575220178,-0.0008893027847133427,-0.0020736987417336182,-0.0014282162874572758,-0.0017475057952309008,-0.0017960617575220618,-0.0017960617575220673,-0.001710416836896592
2017-07-28,0.0,0.0,0.0,0.0,-1.3852315888136113e-06,0.0,0.0,-0.0007736983175347593
2017-07-31,0.0001588179347431662,0.0004080186196979113,2.9047884567296183e-06,0.00020514728835178766,0.0003465233762916719,0.0,0.0003628272445921327,-0.0011001087257319908
2017-08-01,1.1403414280638141e-05,-0.00011964823152014415,-0.00018215252654135407,0.0,-0.00011901353528649969,0.0,-4.1832143893510065e-05,0.0024575435573084034
2017-08-02,7.049440375611461e-05,4.016444799663811e-05,0.0004952884438103909,-0.00017090662852377024,-1.134811339198615e-05,0.0001010998525316627,7.049440375615922e-05,-0.0008218692414490045
2017-08-03,-5.473661552856533e-05,0.0002052370785406559,3.398980412977412e-05,-0.0004043102688815324,5.0788058585761705e-05,0.0,-5.473661552856533e-05,-0.0022764834974664016
2017-08-04,0.0,-0.00015845938499563743,0.0,0.0,-0.00018466240825682054,0.0,0.0,0.002573684885905068
2017-08-07,-9.35785939175654e-05,0.0,9.552108900406269e-05,-4.29489133092403e-06,-0.0001502576397885984,0.0,-0.00012073045968945129,0.0026486202055732437
2017-08-08,0.0,0.0,-0.0008743648014151511,-0.00031778017070455524,-1.1774510238768594e-05,0.0,0.0,-0.0018600893366094969
2017-08-09,-9.898386858271999e-05,0.0,0.0,0.0001761639682095996,-6.322402585078472e-05,0.0,-9.898386858271999e-05,-0.002551108381737849
2017-08-10,0.0023456704461813143,0.0,0.0038896013451645024,0.0010430348991402457,0.0023456704461813347,0.00183320416192797,0.0023456704461813143,-0.014959566316929905
2017-08-11,0.0,0.0,0.0,4.728925250943894e-05,9.067230303974148e-05,0.0,8.745940505081067e-05,0.0024376250108341865
2017-08-14,-0.0003102674878576205,-5.065723308769304e-05,0.0003844614856725346,0.0002484594400832035,-0.000378239388816537,-7.236747583961102e-05,-0.00031026748785764814,0.010536459254857761
2017-08-15,0.0004740352487682679,0.0002844211492609824,0.00011073759505847948,0.0004388486276958094,0.0005454793253386268,0.00047403524876831127,0.00047403524876831127,-0.0013282532309127175
2017-08-16,0.0,0.0,0.0,0.0,-0.00014060445366570237,0.0,0.0,0.001332815664524668
2017-08-17,0.002482123347989417,0.0,0.005094327964987247,0.0018703476575375013,0.00248212334798936,0.00248212334798936,0.00248212334798936,-0.016256365838942126
2017-08-18,0.0,0.0003726009315902703,0.0,0.0,-0.00025515907757550676,0.0,-0.00017141279872236846,-0.0017559368397377113
2017-08-21,0.0,0.0,0.0,0.0,-0.0001192102475467278,0.0,0.0,0.0003408615998140116
2017-08-22,-2.6283570388347027e-05,7.20420649953635e-06,0.00026158840621780786,-0.0003981639735263788,-2.628357038839034e-05,-2.6283570388333596e-05,-2.628357038839034e-05,0.011046030088917035
2017-08-23,-0.000590846935323335,-0.00023818378925194333,-0.0003580565413272512,-0.0010138491180287828,-0.0008215184912594323,0.0,-0.0005908469353233133,-0.0032036763400614355
2017-08-24,0.0006006861340254326,0.0008232105971928576,0.0005681143869907261,0.00010557283229170371,0.0006006861340254326,0.0,0.0006006861340254326,-0.0008932629528777963
2017-08-25,0.00022758762057219337,0.0,0.0,0.0001699768432008878,-7.283388504493961e-05,0.0,0.00022758762057219337,0.001250632976301943
2017-08-28,-0.00031090960021124296,-0.00014540441308825606,-0.00035697508663980226,-0.0002884275152967832,-0.0003486147128633194,0.0,-0.00031090960021127136,0.0014925221834463929
2017-08-29,-0.001043924928765253,-0.0007498588330501571,-0.0003979024983006264,-0.0007032110368006998,-0.001043924928765347,-0.0010439249287652963,-0.0010439249287652478,0.0022132978669527127
2017-08-30,-0.0005679563245480022,-0.00014160495799642447,-0.00047107337643109373,0.0005379711881991896,-0.000589948809748397,-0.0005679563245480022,-0.0005679563245480522,0.005696731431485734
2017-08-31,6.324147998125677e-05,6.434256127257284e-05,-1.4343956643967162e-05,-0.0006997393457302293,2.7137001562473263e-05,9.191794467509449e-05,6.324147998131206e-05,0.006677752318408803
2017-09-01,7.070497841744203e-05,0.00015526045382072482,0.0,5.0225389185851645e-05,-5.393531683244994e-05,0.0,7.070497841739867e-05,0.0020719640849940412
2017-09-05,-7.927743360515159e-06,4.52403053276005e-05,-0.0010342680200571878,-0.0007656073911148871,-7.927743360492851e-06,-7.927743360508559e-06,-7.927743360515159e-06,-0.008968254173048765
2017-09-06,0.0,0.0,0.0,0.0,-0.0002728696007695217,0.0,0.0,0.0027700791385797717
2017-09-07,-0.0008619985228258977,-0.0001276963112250071,-0.0003194827079922852,-0.0002643371217490473,-0.0008838040542175317,0.0,-0.0008619985228259469,-0.00021411096226385624
2017-09-08,-0.00018774569922531175,1.5353690595266232e-05,-0.00015059933347180124,-0.00018412063726419838,-0.00015680491937287137,-0.0002030993898206187,-0.00018774569922535246,-0.001968658270620715
2017-09-11,-8.021381315957826e-05,-7.030084592857856e-05,0.00022371754728222414,0.0001052206884490873,-0.00011584523080752247,-4.5792031956375796e-05,-8.021381315960662e-05,0.011046539063048231
2017-09-12,1.9390670657240492e-05,0.0,-0.0005099670254586572,2.6258779146609307e-05,-0.00017493226663525463,0.0,0.0,0.0036986095454964747
2017-09-13,1.1195989043213274e-05,8.396991782409957e-06,-0.00024234301108975803,0.00010085508757740953,0.00024077331650694498,0.0,1.1195989043213274e-05,0.0015769600360027016
2017-09-14,-1.2257314278113453e-05,-8.580119994663668e-06,4.614526597191043e-05,6.350166251362274e-05,-0.0001488545007908179,-1.2257314278113453e-05,-1.2257314278081957e-05,-0.0008307792735818918
2017-09-15,9.841555943478682e-05,0.0,0.0002794848314453057,0.00011047710060169533,0.00014541297872289134,4.797003665112375e-05,0.0001454129787228285,0.002711441698886346
2017-09-18,-0.00020334476057034094,-7.823170262300661e-05,-0.00040510529801654314,-0.00033943297339176907,-0.00019989685193324926,-3.73211172111698e-05,-0.00020334476057036387,0.0026531856978713815
2017-09-19,0.0,0.0,0.0,0.0,-9.94315669582852e-05,0.0,0.0,0.0011239505988932755
2017-09-20,-0.0008753462912069968,0.0,-0.0014018433913815611,-0.0004630810408932018,-0.0008886131434029988,0.0,-0.000875346291207069,0.0006997303592937603
2017-09-21,0.0,0.00036237344977568396,0.0,-2.201310196919334e-05,0.000399643082132109,0.0,7.370060376609291e-05,-0.002996045840853366
2017-09-22,-0.00033979677087885024,0.0,-0.0001886648712599237,-0.0003397942182477532,-0.0003246035863992168,-0.0003397967708788286,-0.00033979677087885024,0.0004030628479449035
2017-09-25,-0.0004697386480375302,-0.00027117578798868636,-0.0011887266964566484,-0.0008421922142139893,-0.0005808885092001138,-0.00038739398284092956,-0.0005861251058935193,-0.003083075327187949
2017-09-26,-0.0004885845519180747,0.0,-0.00040970014908225466,-0.0005386063712777725,-0.00041888644660589575,0.0,-0.0004885845519181181,0.0012918559174063644
2017-09-27,-0.0012649582931182114,0.0,-0.0005334777449277497,-0.000845135288443858,-0.0012947841765601111,-0.00025064654760826265,-0.0012649582931182114,0.008003586494410143
2017-09-28,2.037509279440097e-06,0.0,-2.5661351784533534e-06,-5.0720229366926286e-05,0.0001855338825152926,0.0,2.037509279503091e-06,0.001328879765466065
2017-09-29,0.0002995571992685693,0.0,0.00028489534697462017,0.0003058271920433898,0.0004125068958599064,0.0,0.0002995571992685693,0.00326457234658239
2017-10-02,0.0006665796534729825,0.00029103625650648966,0.0009127445900236118,0.0007329895486526597,0.0006361217365020645,0.000507488365140664,0.0006665796534730378,0.006056046966309782
2017-10-03,2.857051589163566e-05,0.0,-2.7693772921015843e-05,-4.2549579573820226e-05,4.007003747217305e-05,0.0,2.8570515891692398e-05,0.002691845342467709
2017-10-04,-5.802301575593792e-05,0.0,-3.3036353111482146e-05,3.406154098439471e-05,-0.00015881310923468429,0.0,-5.8023015755882584e-05,6.086131174689723e-05
2017-10-05,0.00031784374997163335,0.0,0.00023967245803745268,8.641997491714845e-05,0.00031249779835405475,0.00031784374997171846,0.0003178437499716779,0.005907812751017768
2017-10-06,0.00016030290996456585,1.9079275278201782e-05,9.694901099873485e-05,0.00013070094975891426,0.00020532145010118758,0.0,0.00017393096373467562,-0.0003205089669041771
2017-10-09,-0.0002690332143855508,-6.225408783181101e-05,-0.00012345019913794603,-0.0007164384795868047,-0.0002690332143855285,-0.00014108809277706553,-0.0002690332143855501,-0.0017329186707169693
2017-10-10,-0.0002472233544364353,0.0,-0.0006061623776858485,-0.00017907046650952044,-0.00046631866841623693,0.0,-0.0002472233544364576,0.0024528395219847086
2017-10-11,5.1698964344537376e-05,0.0,0.0,7.521173684489023e-05,8.545717509360203e-05,0.0,9.295291273008302e-05,0.0013567825205448537
2017-10-12,0.0,0.0,0.0,0.0,-0.0001622405117282035,0.0,0.0,-0.0013485493309948846
2017-10-13,0.0001553280656273141,0.00017751778928833418,0.0,-1.899787677003048e-05,0.00014780957177619214,0.0,0.00015532806562727075,0.0013132741047710249
2017-10-16,-1.2659496948943168e-05,-5.354764425137537e-05,-0.00019444093107572432,1.1171352125473196e-06,6.041851149740914e-05,0.0,6.733019524728647e-05,0.0019079825920930529
2017-10-17,-0.0004451808119745873,0.0,9.473549789041125e-05,-0.0001394562557035521,-0.0003875445002241731,-0.00044518081197456564,-0.0004451808119745873,0.0003352175698142958
2017-10-18,-0.00021664334321681264,0.00023212287265440598,-1.3513161083808223e-05,-0.00011284015350415615,-0.000319768212721951,-0.00021664334321681264,-0.00021664334321681264,0.003024949602583876
2017-10-19,0.000361490841423932,-0.0002622161646018842,0.0004180064736863944,0.0004442824855284743,0.00043574528265098137,0.0002864732806343667,0.0003614908414238887,-0.0007829923192979508
2017-10-20,0.00019080397116122777,-0.00020161229978053787,0.0,0.00013893936199125542,0.00020606526780342512,0.0,0.00019080397116128452,0.004939725624891368
2017-10-23,0.0005696738007289186,8.286205033594385e-05,0.0019632811878264097,1.6786213464286345e-05,0.0005696738007288983,0.0003093683322040791,0.0005696738007289739,-0.004654122319928877
2017-10-24,0.0,-0.00029168145027091573,0.0,0.0,-5.8397721949115185e-05,0.0,0.0,0.0033435399480469022
2017-10-25,0.00027566203133307283,0.0,-0.0007705426847609618,-0.00047916466790730105,0.00040770893108121214,0.00010143464697772732,0.0002756620313330175,-0.004746153184586015
2017-10-26,0.0,0.0,0.0,0.0,1.1225483777800163e-05,0.0,0.0,0.001034565992173808
2017-10-27,-0.0005051272659566106,0.0,1.765082372382513e-05,8.683678391284979e-05,-0.0005264951860470692,-0.00035468642596729247,-0.00050512726595661,0.01058262308245635
2017-10-30,-0.0005617867943953618,8.487060628800169e-05,-0.0003156328765092578,-0.00026646611390636685,-0.0005918380807651532,-0.0005617867943953834,-0.0005617867943953618,-0.0037756432813420048
2017-10-31,-0.0005474775335562613,0.0,-0.0006594465393040735,-0.0003547584862014091,-0.0006753395127455161,0.0,-0.0005474775335562613,0.0030653204474539487
2017-11-01,-7.04650020564338e-05,0.0,-0.0001527885413416055,0.00018402934796811818,5.05504168375801e-05,7.695261406613681e-05,5.05504168375801e-05,-0.00033860882445115807
2017-11-02,0.0,0.0,0.0,-0.00011403553032985082,3.630649521008476e-05,0.0,0.0001002944414915114,0.0012991738747166425
2017-11-03,0.00017994176088391688,-0.00013981947272672982,5.97052923823051e-05,6.287850375220552e-05,0.00014400466085818955,0.0,0.00022111223287352117,0.003068562156145124
2017-11-06,-0.0002623044444736527,-4.8345252253826794e-05,-0.000197947630290783,-0.00014749473727113783,-0.00044373770306994746,0.0,-0.0003691296833092329,0.0016555887344029453
2017-11-07,-0.0014763996700625274,0.0,-0.0009438877520993743,-0.0006730426414378362,-0.0015612136939849425,-0.0014763996700624983,-0.0014763996700625204,-0.002513401936192593
2017-11-08,2.097117253346744e-05,0.0,7.36254553469568e-05,2.533089571796235e-05,-0.0001028799631790105,0.0,-0.00010005120448871654,0.001724506211164638
2017-11-09,0.0,0.0,0.0,4.77207307983872e-05,0.0002595301511421005,0.0,0.0,-0.003917021243396364
2017-11-10,0.0,0.0,0.0,0.0,-0.00019948150591854815,0.0,0.0,-0.0006310332103262222
2017-11-13,-0.000734344096552465,-0.00029581700795948824,-0.00018075463979490096,0.0003022427748264448,-0.0007343440965524933,-0.0005670470246828551,-0.000734344096552465,0.0008897986900887476
2017-11-14,0.0,0.0,0.0,0.0,2.0973707093413353e-05,0.0,0.0,-0.002433770909956016
2017-11-15,0.0,0.00012701768858690082,-0.0003861684755851276,0.0,-3.9463677596345256e-05,0.0,0.0,-0.004975082582853927
2017-11-16,-0.0011663862282250707,-0.0002579423028061016,-0.0006211307428339171,-0.0006682333262639142,-0.0011663862282250209,-0.000983797774033702,-0.001166386228225058,0.010862837528255283
2017-11-17,-0.0001787877649614345,0.0,-0.00011271476644545262,-0.00028862670550155436,-0.0001423899642603764,-0.00021665910196922504,-0.0001787877649614345,-0.0019250658930876137
2017-11-20,0.0001306962539301233,0.0,-0.00011988441655388303,7.201206338117637e-05,0.00013021868986292032,0.0,0.0001306962539301233,0.002777786740659866
2017-11-21,0.0004485592983788122,0.0003389741332728354,-0.00010339567372827726,0.00018320598535511074,0.00044855929837879537,9.089500535338157e-05,0.0004485592983788122,0.008391495678578833
2017-11-22,7.139806556170495e-05,3.569903278089503e-05,5.715828627956595e-05,9.987333525132747e-05,0.00014398700607847934,7.139806556170495e-05,7.139806556179006e-05,-0.0008918247836479455
2017-11-24,-4.271401747655487e-05,0.0,-4.271401747657717e-05,-4.271401747655487e-05,-2.751634993669886e-05,0.0,-4.271401747657717e-05,0.0019447198971951345
2017-11-27,-8.51901435258419e-05,-0.00011358685803443696,0.00025392699296197693,0.00015950262758351077,0.0002628780953803774,0.0,0.0002585274333670391,-0.0006010874005252886
2017-11-28,0.000601797956137621,0.0,0.0022337260552185334,0.0002930666073834804,0.0005767615593546696,0.000601797956137621,0.000601797956137621,0.009941814807700969
2017-11-29,-0.0002695687231474017,-0.0002867925796544078,-0.00023867336211829708,-0.0002850082092679315,-0.0003370432100258572,-0.0002695687231473794,-0.0002695687231474017,-0.001974996118015453
2017-11-30,0.00016894373323593387,0.0,0.00021606631325107482,0.00048044935663040694,0.00017856360822350332,0.00015076175816672045,0.00012661058739288562,0.008368647711976863
2017-12-01,-0.0010072941809719847,0.0,-0.0016681640843005086,0.0,-0.0012033103325610848,0.0,-0.0010072941809719915,-0.0026096987872204587
2017-12-04,0.0014620119042725184,0.0,0.001391904466772474,0.0008948953444826712,0.0019148546064183965,0.0005808438203800004,0.0019148546064184846,-0.0029240523824447173
2017-12-05,0.000757466586794692,-0.00021712186051031334,0.0006916898143142836,0.00035919872751636396,0.0007764959827417147,0.0,0.000757466586794692,-0.004350194392940446
2017-12-06,-0.00014628194809028556,-0.00010239736366317538,-0.0001616810484577964,8.084963422302303e-06,-0.00030415367754956803,0.0,-0.0001462819480903079,-0.0003900905427162715
2017-12-07,-8.359467447496207e-05,-5.858304389686479e-05,0.00015589346088393363,0.00022156204276619975,-0.00013422726397066212,0.0,-0.0001342272639706905,0.004044003755690595
2017-12-08,0.0,0.0,0.0,0.0,0.00013221459170691455,0.0,0.0,0.0041495171797683965
2017-12-11,-8.346093987539782e-05,0.0,0.0002540907996344238,-6.096985152119418e-05,0.00010052994383187631,0.0,-8.34609398753316e-05,0.003168504709210668
2017-12-12,-0.0005663810471083605,0.0,-0.0007843542302167371,-0.0001101846841363853,-0.0005671619398248367,-0.0004378425346262369,-0.0005663810471083883,0.0009752274688152101
2017-12-13,-0.00033408600510805394,-0.000148966886004325,-0.0011865719386550035,-0.0003947682483597299,-0.0002992264087752871,-0.000148966886004325,-0.0003340860051080756,0.0026181974666714966
2017-12-14,0.0002053617579222267,0.0,0.0008795943725693233,0.001086088128115635,0.0002204654041020564,-0.00016654948895817082,0.00020536175792220502,-0.004509151246829437
2017-12-15,-0.0021952971235406626,0.0,-0.0013018931705768334,-0.0010907051595169142,-0.0023803697014590335,-0.0021952971235407073,-0.0021952971235406904,0.009360796594286227
2017-12-18,0.0,0.00043603740594868673,0.0,0.0,0.00010573520479861469,0.0,0.0,0.008263486780693783
2017-12-19,0.00018543300768415581,0.0002160334972092086,2.8186467682878933e-05,0.00048740106080258133,0.00018543300768415581,3.274440191549676e-05,0.00018543300768418083,-0.0043839192717047455
2017-12-20,4.654496663895817e-05,-7.3003591196566005e-06,-0.00028919107636659204,0.0004990587820727398,7.380369293602136e-05,0.0,4.654496663895817e-05,-0.000329978005080156
2017-12-21,-0.000454138739701667,0.0,-0.00044319440029576545,-0.00028599417389187776,-0.000631262034018492,0.0,-0.0004541387397016453,0.002124939168899886
2017-12-22,0.0,0.0,0.0,0.0,-0.00011698168233386787,0.0,0.0,-0.0010386188770783482
2017-12-26,0.0,-2.692755117196489e-05,0.0,0.0,-3.544476292064396e-05,0.0,0.0,-0.0015108596179899657
2017-12-27,0.0,0.0,0.0,0.0,-0.00010620327525165011,0.0,0.0,0.0002855847904408433
2017-12-28,-0.0002497604926514126,0.0,-0.00024973443852262353,-0.00018396552538196527,-0.00028164632923888033,0.0,-0.0002497604926514126,0.002336831664018236
2017-12-29,0.0032249765372007804,0.002993577214969112,0.0025593161106379136,0.0018836966604696484,0.003224976537200836,0.0032249765372007804,0.0032249765372007804,-0.00517707189192876
2018-01-02,0.0001572189915341336,0.00015863739633913774,-0.00023770327259194153,1.1052346914716004e-05,0.0004197318065687571,0.00015863739633913774,0.00015721899153407827,0.008871760286883032
2018-01-03,0.00021460900529508828,6.867293335998401e-05,0.00025382196246197985,-0.00024136373004187586,4.8297997980283294e-05,8.36363454797398e-05,0.00021460900529514504,0.005172171177334847
2018-01-04,-0.0005794065933344745,-0.0005214659340009547,-0.0005315356640122091,-0.0001982734408713088,-0.0004478022136975148,0.0,-0.0005794065933344185,0.003932273931588698
2018-01-05,0.0007303971844206643,-0.00012699171516295464,0.0005966288450590019,0.0006229807308610145,0.0006542021553229381,0.00032366999655663084,0.0007303971844207089,0.0068904864748477205
2018-01-08,9.686084573640467e-05,0.0001201210359566825,-6.554818932028488e-05,-0.00019490809203369592,-2.130853936701065e-05,0.0,1.355707641230955e-06,0.0015944612670209404
2018-01-09,-0.0001261179522796455,-5.0083236717918563e-05,-0.0007359659015591577,-0.0005948080670572167,-0.00011972879103505857,0.0,-0.00015115957063863316,0.0017736547876482207
2018-01-10,0.0,0.0,0.0,0.0,0.0001894739823483194,0.0,0.0,-0.0012300327744149493
2018-01-11,0.0009193471307595607,-0.00010083545877799378,0.0011396904102611866,0.0010258796083118624,0.0009193471307595174,0.00043042073294352644,0.0009193471307595607,0.009562334735367169
2018-01-12,0.0007633205302163555,0.0005699381016940029,0.0003762988435522392,0.00019694504624514055,0.0008397598197109656,0.00035613730542630195,0.0007633205302163555,0.00686956251762019
2018-01-16,0.0021336811204526987,-0.0012391799262582407,-0.0006898097889915521,0.001781213866409982,0.0021336811204527096,0.0021336811204526987,0.002133681120452742,-0.004453364189408709
2018-01-17,0.00013644487670505195,0.0,-0.0003557855961922549,-0.0006448948862945358,0.00016110677702264737,0.0,0.0001611067770226317,0.010691384794032303
2018-01-18,7.960520283928135e-05,0.0,0.0,3.908045368749674e-05,0.00022122886138766998,0.0,7.960520283928135e-05,-0.002828677438876901
2018-01-19,0.00011676789901815188,0.0,0.00022343880803743315,0.00011676681510762896,0.0001668412327800431,0.00011676789901815188,0.00011676789901815188,0.005338648104274396
2018-01-22,0.0022570127975438184,0.00046812961154124453,0.0024925954045558894,0.0018169304451951876,0.0022570127975438184,0.0019314353024440039,0.0022570127975438748,0.007306531177144186
2018-01-23,0.00011890804755205163,0.0,-0.0002426926635377093,-0.00015075708814258032,8.235178004304452e-05,0.0,8.70634999441332e-05,0.003080642201078695
2018-01-24,0.00011084905350066757,0.0,0.0007761585792332713,-0.00016241152547142248,6.182655963081807e-05,6.217909053899922e-05,6.182655963076857e-05,-0.0021003431025905395
2018-01-25,-0.0005514535436891617,-0.0007049396708673557,-0.0015539734339224105,-0.0008404243000301962,-0.0007245153612440325,0.0,-0.0006830130812705135,0.0013242117092405418
2018-01-26,0.0013036689763341962,0.0,0.0014024482393162382,0.0007530745575206235,0.0013031460686885408,0.0,0.001303668976334253,0.009685783923642962
2018-01-29,0.0006873314757360549,-0.00026711988486251504,0.0005459045549102115,0.0003583701216006161,0.0007599755109976417,0.0,0.0006873314757361102,-0.005959067656606443
2018-01-30,0.0,0.0,-0.0002509729649247784,0.0,0.00031856219747062795,0.0,0.0,-0.010589492836976269
2018-01-31,-0.0009188783353378655,0.0,-0.0016530538100349287,0.0005405392218081598,-0.0011957014805587837,-0.0006107548895653664,-0.001195701480558806,0.0007266481687958363
2018-02-01,0.00029403266355637923,0.0001039829703210692,-0.00010285295924423585,0.0,0.0006281423996559378,0.0,0.0005872650717726204,-0.001059690007096839
2018-02-02,0.0031642589972188644,0.0,0.0028539544978782535,0.0017609202603502158,0.0031642589972188644,0.003164258997218809,0.0031642589972188644,-0.0220076733117417
2018-02-05,0.018037333811303544,0.0,0.016598446661077543,0.011630031538608452,0.0180373338113035,0.013473758651725554,0.018037333811303485,-0.041308177361419805
2018-02-06,0.0034633761274110554,0.0030797540882589345,0.008226920476835212,0.00034679719965599446,0.003463376127411077,0.0009346272742665151,0.003463376127411144,0.02036361148702499
2018-02-07,0.0,0.0,0.0,0.0,-0.0026061017872386696,0.0,0.0,-0.004610573816725058
2018-02-08,0.015340041588879458,0.0,0.016718135277185558,0.012581892164534697,0.015340041588879354,0.0038716586295577666,0.015340041588879458,-0.037521680315533046
2018-02-09,0.0,0.0,0.0,0.0,-0.0024318598643478925,0.0,0.0,0.014195199435053416
2018-02-12,0.0,0.0,0.0,0.0,-0.001944859681117472,0.0,0.0,0.014632307145075896
2018-02-13,0.0,0.0,0.0,0.0,-0.000470328086744493,0.0,-0.000281507696334438,0.0027730865899529447
2018-02-14,0.0003213466366440378,0.0,0.0015707194890380775,0.0010496470627335726,0.0003213466366439728,0.0003213466366440378,0.00032134663664394895,0.01493287703340019
2018-02-15,0.0,0.0,0.0,0.0,0.0006015459542607934,0.0,0.0002855097402388667,0.01352403751547934
2018-02-16,-0.0015550390560364485,0.0,-0.0008452412974063485,0.0,-0.001693588556805765,0.0,-0.001555039056036471,9.617288062939304e-05
2018-02-20,0.0,0.0,0.0,0.0,-0.0002561636206676345,0.0,-0.0002209753800565104,-0.006067873179530786
2018-02-21,-0.0011699350343736725,0.0,-0.002216346979337844,0.0,-0.00207858673976993,0.0,-0.0011699350343736506,-0.0037088958551157584
2018-02-22,0.0,0.0,0.0,0.0,9.874683686273598e-05,0.0,0.0,0.0020566235530998203
2018-02-23,0.0006506755195940698,0.0,0.0005582001354889803,0.0005150080987931641,0.0011705912326446933,0.0,0.000983746001553215,0.015699254870163902
2018-02-26,-0.00012381532486348398,0.0,0.0008447084115006517,0.0004504999740316891,-0.00019401774845599076,0.0,-0.00012381532486351233,0.012055536607650616
2018-02-27,0.0037247095581495653,0.0,0.005209706362511436,0.0022509784593199647,0.0037247095581495653,0.0024394517797896483,0.003724709558149523,-0.012629582312477012
2018-02-28,0.0051670213090750745,0.0,0.006301559925949253,0.004943412816496927,0.005957374089641734,0.0011933127101138971,0.00595737408964172,-0.012084237768224412
2018-03-01,0.001983580704219149,0.0004762053607592306,-0.0017574265349019854,-0.0017661569657475965,0.0019495053109193214,0.0005952567009490382,0.0019835807042191044,-0.012532355137656435
2018-03-02,0.0014686044871032745,0.0,0.0021778348044484827,-0.0002128905706118222,0.002350044793143936,0.00045654336543068756,0.002119431748614654,0.006160353707661049
2018-03-05,-0.00048108703888391496,0.0,-0.001018909486142629,-0.0025586512785014965,-0.00048108703888392033,-0.00011404787494573175,-0.0004810870388839426,0.011519437641357166
2018-03-06,0.0,0.0,0.0,0.0,-6.091546798844362e-05,0.0,1.7397803217664516e-05,0.004021213185783374
2018-03-07,0.0005565287926939318,0.0,0.0017704561101260252,-0.0009187308208339765,0.0005565287926939425,0.00013401566656223878,0.0005565287926939871,0.0015074683615920368
2018-03-08,0.0,0.0,0.0,0.0,1.745628000660671e-05,0.0,0.0,0.0032876489769316625
2018-03-09,0.0014526979999879318,0.0,0.0017642877162046158,0.0012313065201101535,0.0014526979999879217,0.0,0.0014526979999878098,0.017433641589309015
2018-03-12,0.00024356624944046198,0.0,-0.0001716447586721496,0.00028499782364508805,0.00019151770050691456,0.0,0.00024356624944046198,-0.0005867865819513013
2018-03-13,-0.0008139854178942478,0.0,0.0022306694493255817,-0.0013321826438865106,-0.0008139854178942537,-0.000813985417894253,-0.0008139854178942821,-0.007563923227498359
2018-03-14,-0.0007904081971071217,0.0,0.0008128355588210413,-0.0011256880295080172,-0.0009441288661564001,-0.0007549334365825354,-0.0009441288661563435,-0.0051542821328430105
2018-03-15,-0.0003744032839970675,-0.00026208229879798626,-0.0002973007943439715,-0.00038983540058489327,-0.0003689131649536847,0.0,-0.0003744032839970675,-0.000375760523151944
2018-03-16,-0.00029311877025539227,0.0,-3.5545580098121746e-05,-0.000386688948595282,-0.0006943628168601246,0.0,-0.000656356679310404,0.001531505261821801
2018-03-19,-0.003550712714425869,0.0,-0.0041592679368716995,-0.0028690793894243947,-0.00355071271442596,-0.0035507127144259534,-0.003550712714425847,-0.014059068376487238
2018-03-20,0.0,0.0,0.0,0.0,-0.00026019837870377445,0.0,0.0,0.002459993559059994
2018-03-21,-0.00047984583940043464,0.0,-0.0002803699883149819,-0.00047984692032825254,-0.0010569937297815982,0.0,-0.00047984583940043464,-0.0009637793435348069
2018-03-22,0.004573353904300038,0.0,0.004422240149865234,0.0030821281331772994,0.005357269971893697,0.0,0.005357269971893741,-0.025556170464464508
2018-03-23,0.007234562362833841,0.0,0.008194391180063178,0.004472804873867198,0.007234562362833885,0.005342170822998869,0.007234562362833758,-0.02147122652075309
2018-03-26,0.0012757231660571724,0.0,0.0,0.0005290796233675463,0.0016714258820930393,0.0,0.0016714258820930393,0.02899409977514681
2018-03-27,0.0007794810018271073,0.0,0.008123465214766437,-0.004017859346516638,0.000779481001827247,0.0007794810018271206,0.0007794810018271073,-0.020489611388313792
2018-03-28,0.0,0.0,0.0,0.0,9.007702407944258e-05,0.0,0.0,-0.003270351171270583
2018-03-29,-0.001966382717341421,0.0,-0.002967345115719499,0.0,-0.002662758204385261,0.0,-0.00266275820438529,0.013816080263262611
2018-04-02,-0.005584021137597979,0.0,-0.004567511356430769,-0.004122233286658644,-0.00558402113759803,-0.005584021137597973,-0.005584021137597974,-0.02389565031103722
2018-04-03,-0.00012964473360353455,0.0,0.0,0.0,-0.0007793496716449637,0.0,-0.0006943037544598897,0.013500700065940134
2018-04-04,0.001121509490911719,0.0,0.004398318355900746,0.0007396753478997305,0.001121509490911721,0.0011215094909117643,0.0011215094909118473,0.012372298814189992
2018-04-05,0.0,0.0,0.0,0.0,-0.0003439464561639413,0.0,0.0,0.007645962476318572
2018-04-06,-0.003981711968006231,0.0,-0.0052705139386176,8.967027158478147e-05,-0.003981711968006176,-0.0035384497999931064,-0.0039817119680062045,-0.022354691616013625
2018-04-09,0.0,0.0,-0.002222565099283537,0.0,-0.001799619659976061,0.0,0.0,0.0033881766093362235
2018-04-10,-0.0006616006447130735,0.0,-0.0006147857461680589,-0.0003845030187820719,-0.0012944051535423934,0.0,-0.000937421251551337,0.01848071999262129
2018-04-11,0.0,0.0,-0.00024378127506764478,0.0,7.492559643915886e-05,0.0,0.0,-0.004527341945006605
2018-04-12,-0.0009148430247160816,0.0,0.0,0.0,-0.0025495260640887316,0.0,-0.0025495260640887377,0.009665180843087201
2018-04-13,-0.003401737387471381,-0.00037598880413424677,0.0006675520764169579,-0.001088655167575707,-0.0034017373874714314,-0.0026174452339803715,-0.0034017373874714037,-0.004253196578839347
2018-04-16,0.0,0.0,0.0,0.0,-0.00022843071162642714,0.0,-0.00011061949780565615,0.008264287213387227
2018-04-17,-0.0011282512859390498,0.0,-0.00019189021802708421,-0.0012970759643025668,-0.0011852133174771644,-0.00031961639705805494,-0.0011282512859390715,0.012424461754108815
2018-04-18,0.0,0.0,0.0,0.0,-0.00028161274278680145,0.0,0.0,0.0008602884661052708
2018-04-19,-0.001625399515370276,0.0,-0.0005728322756076777,0.0,-0.001625399515370276,0.0,-0.0016253995153702816,-0.005764597991072209
2018-04-20,-0.0019227697833142925,0.0,-0.00038972743523540705,-0.0012682326073729401,-0.002074213132037441,-0.0019227697833142472,-0.0020742131320374405,-0.009210437846164765
2018-04-23,-0.0001633525251415398,0.0,-0.0035865588840455743,-0.00013351731039583847,-0.0006700875379954301,0.0,-0.000559240010983038,-0.0012758393758120566
2018-04-24,-0.0011828150963007914,0.0,-0.0028845479784524296,-0.004612100290935683,-0.0011828150963008467,-0.0010381410487662562,-0.0011828150963008467,-0.01452020678111763
2018-04-25,0.0,-4.033066409668311e-05,0.0,0.0,-0.00014107881781054535,0.0,0.0,0.001287622424139084
2018-04-26,0.0,0.0,-0.0017323112465146466,-0.000320201437362864,-0.0004250015008839455,0.0,-0.0003859620597785921,0.011320937171953637
2018-04-27,-0.0003565196080106724,-0.0003565196080106724,-7.927540725628156e-05,8.096145685420009e-05,-0.00046867550450726804,-0.0003565196080106724,-0.0003565196080106724,-7.611596874836047e-05
2018-04-30,0.0015447314183405954,0.0,0.0020882080445122886,0.0025748547168548486,0.00154473141834052,0.0013336353401147073,0.001544731418340585,-0.0074418499575074565
2018-05-01,0.0011180198370148563,0.0,0.0009824278822896143,0.0006100875682524371,0.0005468420964775465,0.0,0.001118019837014813,0.0031934900123291024
2018-05-02,-0.00045131792280805346,0.0,-0.0009809149982959995,-8.217473932800685e-05,9.17501426458625e-05,0.0,-0.00016920829618855498,-0.003858583701737096
2018-05-03,-0.00031533503029955223,0.0,0.0,0.0,-0.000369543652294299,0.0,-0.0003153350302995806,-0.002229797008293845
2018-05-04,-0.0017352053781502712,-0.0001750775955703228,-0.0014413228045221313,-0.0010491812524936611,-0.0017352053781502213,-0.0017352053781501766,-0.0017352053781502265,0.013177735456662478
2018-05-07,-8.91934366747797e-05,0.0,-0.00039004972927066404,-0.0001320756153669187,-0.00031020113795734365,0.0,-8.919343667475802e-05,0.005570300718625216
2018-05-08,0.0001528294720317337,0.0,0.0,0.00014619146688661842,0.00010937102710395665,0.0,0.0001528294720317337,0.0009929044911960497
2018-05-09,6.503861750333558e-05,0.0,-0.0005346598681076057,0.0004917025767326055,0.00014248729637407042,0.0,0.00014248729637411503,0.008662949054655596
2018-05-10,0.0002632157598815198,0.0,-0.00022263845600905728,0.0003381601039344296,0.0002632157598815415,0.0,0.0002632157598815415,0.008401991014076765
2018-05-11,0.0,0.0,0.0,0.0,9.631086098377462e-05,0.0,0.0,0.0020398613347684834
2018-05-14,0.00016495325499654495,0.0,0.00014079442229635597,0.00011665955498584023,0.0001773072724204695,0.0,0.00016495325499654495,0.0007550681833379317
2018-05-15,-0.002450406073444344,-0.002138350245244983,-0.0014727744853903337,-0.001488865547943982,-0.002343520180962861,0.0,-0.002450406073444272,-0.006559294596535582
2018-05-16,0.00020446225028077674,0.0001639115199986715,-0.0012418556448587457,0.0002191614742808384,0.00023616645674745643,0.00023415931428380095,0.0002067321100355222,0.005623147241110441
2018-05-17,-9.775471292172327e-05,0.0,-0.00024254800855125582,-8.734134726353439e-05,-0.0002984493199704936,0.0,-9.775471292172327e-05,-0.0004180789804070203
2018-05-18,0.0,0.0,0.0,0.0,1.183442874309279e-05,0.0,0.0,-0.0015357433597204373
2018-05-21,-0.0002910932978484781,0.0,9.935384567924058e-05,-0.00038890058673748625,-8.750621683787224e-05,0.0,-0.00017928087729139765,0.008193514884668603
2018-05-22,0.0011143990546213407,0.0,0.001081803086543758,0.0004619575208669348,0.0012907711658832846,0.0008570283099575845,0.0011143990546213407,-0.004710918828276121
2018-05-23,0.0013254238186952484,0.0,0.0018885643937653334,0.0013769112419787376,0.0014639566497005525,0.0008383057703020131,0.0013254238186952484,0.003583318369368694
2018-05-24,0.0,0.0001698021581949636,0.0,0.0,-3.631071993054504e-05,0.0,0.0,-0.001457688833847658
2018-05-25,0.0,0.0,0.0,0.0,-6.809780413137312e-05,0.0,0.0,-0.0013699555934340469
2018-05-29,-0.002588046248445902,0.0011098438561342305,-0.0035270249139692034,-0.00039700990470413087,-0.002411067588883711,-0.00195414001198773,-0.002588046248445852,-0.008920176051989552
2018-05-30,-9.861560300130227e-05,-9.415260254361448e-05,-0.0010243045059586077,9.039055704027589e-05,-0.00013501800204455182,-9.415260254363614e-05,-9.861560300127462e-05,0.012316765547934792
2018-05-31,0.0008146908208650537,0.0,0.00046168520159435507,0.0003679336416644813,0.001025289475191021,0.0,0.0010538073260376974,-0.006820304787692786
2018-06-01,0.0003341064570520437,0.0,0.00017833734019804975,0.00018336911866758413,0.0004784971439843009,0.0,0.0004967224413581274,0.010768963134150477
2018-06-04,4.1235445762720275e-05,0.0,-4.9100642470379476e-05,-8.971740614997138e-05,2.213074013271732e-05,0.0,4.1235445762720275e-05,0.006302675276579491
2018-06-05,0.00038661539777022175,0.00027063077843916393,0.00010987441603205805,0.00024088356300025813,0.00036585787796775837,0.0,0.00038661539777022175,0.0023999949677106975
2018-06-06,0.0012420685862973607,0.0,0.0013631147527673,0.0011521150006282535,0.001486686120712482,0.000786077039052608,0.0012420685862974176,0.00907799741819497
2018-06-07,0.0003596360694048783,0.0,-0.00031596366101071757,0.00029472410827050216,0.0003268400270290012,1.8593122600369425e-05,0.00034151385470009254,-0.002004909424644438
2018-06-08,5.731779516489184e-05,0.0,-5.0092391874788486e-05,-3.325285014692706e-05,0.00010690865724278575,0.0,0.00010690865724272902,0.002324008217565316
2018-06-11,-0.0004078975152794854,0.0,-0.0003087847480742258,-0.00022259747905444685,-0.001185220665942721,0.0,-0.0008766629827688464,0.0014333848489767537
2018-06-12,0.0,0.0,-0.0014546735994939498,0.0,3.781588664973024e-05,0.0,-4.947329501439028e-05,0.0024639989581414163
2018-06-13,4.595510579612118e-05,0.0,0.00022064987010971435,0.0004963166009451753,0.0008400947696934409,0.0,0.0008999184934015709,-0.0031956800403052463
2018-06-14,-3.397215742687382e-05,0.0,-0.0004346799458330983,1.1187350889380445e-05,9.410987317540429e-06,0.0,6.329453589790185e-06,0.004025749980273752
2018-06-15,0.0,0.0,-8.508625007380267e-05,-1.4780780127893775e-05,7.199626069975454e-05,0.0,3.0401803907566068e-05,-0.003159245235695704
2018-06-18,0.0001273977366482148,5.5874249500737284e-05,0.0006333288495448202,0.00030468027979651,0.00023061457762958812,9.312374916785214e-05,4.4252642361861134e-05,-0.0009442629836227348
2018-06-19,0.0009004582860091144,0.0,-9.455522700528893e-06,0.00038817666468156863,0.0009004582860091144,0.0005684362366246332,0.0009004582860091144,-0.004840695079720079
2018-06-20,-0.00013482127378722176,0.0,-4.618773384397692e-05,-8.816864137857491e-05,-0.00013482127378724407,0.0,2.2328947779438896e-05,0.003314421962591435
2018-06-21,1.7134504326519486e-05,-0.00014786362166940015,0.0006074875841479425,-0.0022150232913744254,1.7134504326497802e-05,7.780704635844534e-05,1.7134504326497802e-05,-0.008066221676070476
2018-06-22,-0.00036611789219946194,0.00048680690167883246,-0.000524628244887612,-0.0003517222124283894,-0.00017105450531275813,-0.00036611789219946194,-0.00036611789219946194,0.0003773655895373929
2018-06-25,-0.004589582455491135,-0.0044628013746991985,-0.0051723426518969,0.00021189018481667068,-0.004589582455491164,-0.004589582455491157,-0.004589582455491142,-0.01573624546413569
2018-06-26,-0.0001768617199750754,0.0,-0.00020724613298600747,-0.0002578237356566467,-0.0002689252493784691,0.0,-0.0001768617199750971,0.0030617437775721833
2018-06-27,0.004605557109127396,0.0,0.0034437494867497753,0.004073478509390892,0.004605557109127396,0.002505218373012521,0.004605557109127382,-0.01080284312367483
2018-06-28,-0.0015127778688338034,0.0,-0.0016010088819249134,-0.0004889031968474723,-0.001613333141234552,0.0,-0.0016133331412345462,0.0055076084250957145
2018-06-29,0.0,0.0,0.0,0.0,-0.0005868895979801069,0.0,0.0,0.0009523577408620134
2018-07-02,0.002254146984081498,0.0004218609762771389,0.0031659315705547552,0.0019233310979313782,0.0022541469840814538,0.001297074304481463,0.002254146984081498,0.004537653627995536
2018-07-03,-0.00019262797194473722,0.0001487879069935064,-0.00019262797194470957,-0.00019262797194470957,-0.0001997479549369166,-0.0001926279719446819,-0.00019262797194473797,-0.004127661955053631
2018-07-05,0.0,-0.0004994327559445095,0.0,0.0,0.00046520187151477007,0.0,9.32316640368955e-05,0.00955686526860574
2018-07-06,-0.0009719689874701249,0.00014143939648423635,-0.00026897869850818463,0.0006614467316744207,-0.0009719689874700592,-0.0006911230752436484,-0.0009719689874701303,0.008679816772113283
2018-07-09,7.816104169181607e-05,0.0,-6.793382830437754e-05,-0.0001584042141940565,0.0002308234857232191,-8.717729758158532e-05,7.816104169187281e-05,0.009760969937350353
2018-07-10,-0.0004206826726307975,0.0,-0.00042070245437949254,-0.0003793519251610769,-0.00041809254318785196,-0.0004206826726307758,-0.0004206826726307758,0.0016247405671978555
2018-07-11,0.0,0.0,-0.0001556423275375215,-0.00013695756228375934,2.0281938780641563e-06,0.0,-5.3355670474970865e-05,-0.007114629962918426
2018-07-12,0.0003196676086641239,-8.339676040768243e-05,0.00026694933768264345,0.000240639013331454,0.0004140725897772016,0.0003196676086641239,0.00042270457705861995,0.00955116155287731
2018-07-13,-2.3721438439253126e-05,0.0,-3.94561640036324e-05,1.9478108497231814e-05,-3.504026015352679e-05,0.0,-2.3721438439284626e-05,0.0010817821930000188
2018-07-16,-0.000776638501007333,-0.00039840421240143746,-0.001491992901816782,-0.00026593176084518705,-0.0008815510529768693,-0.0005691488748592026,-0.0008815510529768633,-0.0011518819242291028
2018-07-17,-0.000962745290489202,-0.00019220310991399184,0.00030189806271756426,-0.0013873055497948977,-0.0009627452904892304,-0.0004791120565350444,-0.0009627452904892358,0.004202622765646577
2018-07-18,0.0,0.0,0.0,-4.833016369845927e-06,-5.835907080236255e-06,0.0,6.977883243043451e-06,0.0015610026935918271
2018-07-19,0.00020589720911227423,0.0001206447928979855,-6.384543316044765e-05,0.00027698750669097316,0.00024003217806932713,0.00020589720911227423,0.00020589720911227423,-0.0019537209388749586
2018-07-20,-8.941516497810568e-05,0.0,-0.0001199032028922689,-0.0001252169711095159,-0.00010192011703981333,0.0,-8.656663283463711e-05,-0.0013435370562894671
2018-07-23,-5.9738212588509265e-05,0.0,-0.00029064166088436157,2.3754948768472982e-05,-0.00018566024598188014,0.0,-0.00015775095353770345,0.0012651746450473202
2018-07-24,-0.00018489582769647063,7.507097197114811e-05,-0.00049074305094586,-0.00040915596502446737,-0.00018489582769644954,-0.00019030034866749247,-0.00018489582769647063,0.002193554685887229
2018-07-25,0.003411766354191342,0.0,0.002292615836915287,0.0011776021286632817,0.0033348926300901848,0.0,0.00341176635419123,0.008307582193562132
2018-07-26,-5.473721485737499e-05,0.0,-4.892093933825971e-06,-0.00024964557006513426,-0.00010050496358388986,0.0,-5.473721485737499e-05,-0.0015971595025619754
2018-07-27,-0.0012793308195948464,-0.0004627509787545325,-0.0019963948357397446,-0.0001919106155326408,-0.0012793308195947965,-0.0009675091167725854,-0.0012793308195947898,-0.00967049325269915
2018-07-30,-0.0003248953393295448,-0.00019710712200898302,0.0006871629912541039,-0.00012258164177184104,-0.0001361032474194304,-0.00019710712200898302,-0.0001361032474194304,-0.007737459487225584
2018-07-31,-0.00016551249522948742,0.0,-0.00025214356954087987,-0.00025212493636096343,-0.00040395922982496197,0.0,-0.00016551249522948742,0.00604975452127305
2018-08-01,0.0,0.0,0.0,0.0,0.000122973184272297,0.0,8.922046226841414e-05,-0.00020591353132138625
2018-08-02,0.00024924611284544475,5.785518371480561e-05,0.00013218562311505022,-0.0002239285253228452,0.00024924611284549624,0.00024924611284552774,0.00024924611284552774,0.006019973319118668
2018-08-03,-2.8956427082324487e-05,0.0,0.0001149549777308601,-9.225037618243892e-05,-2.8956427082324487e-05,0.0,-2.8956427082324487e-05,0.0025033823784717047
2018-08-06,0.00019566213345773554,0.0,0.00017254123586906973,0.00016989133095323897,0.0002218854221085912,0.0,0.00022188542210860844,0.004225127021014396
2018-08-07,0.0,0.0,0.0,0.0,-0.0002922428674207592,0.0,-0.0001524972806318984,0.0034790107170361035
2018-08-08,-0.0002152890553233133,0.0,0.0,-0.0002782825385160403,-0.0004642059752706178,0.0,-0.00021528905532329102,-0.0006290180376634099
2018-08-09,-0.00040447588769502773,0.0,-0.0004158632395859761,0.0,-0.00047546288662463944,0.0,-0.00040447588769500605,-0.00045395170523115295
2018-08-10,-0.0005354024853769506,0.00014959128388521414,-0.0021239790428099585,-0.0004213357525218743,-0.00044945052695668933,0.0,-0.0005354024853769289,-0.006156789299682505
2018-08-13,0.00045321740469989773,-0.000170063832613765,0.0008607475898493506,0.0006912554425198918,0.0005169560419980008,0.0,0.00045321740469989773,-0.003876818164553008
2018-08-14,-0.0002756239885620513,0.0,6.361137560819102e-06,3.5849650709847816e-05,-0.0005056442525303883,0.0,-0.00037771061798140467,0.006539266293617803
2018-08-15,-0.0007484616452176785,-0.0009887782566616998,-0.0017487686432567057,4.080005025059858e-05,-0.0008967287866642558,-0.0003102917862490197,-0.0007484616452176785,-0.008941070028256054
2018-08-16,-0.0005876507989321623,0.0,-0.0003621763121250988,-4.223846829337356e-05,-0.0007271655012079482,0.0,-0.0008107363880994098,0.009489547497395702
2018-08-17,-0.00013456249096480065,0.0,-0.0014268966701591293,-0.0005037163944952422,-0.00015924917193133292,0.0,-0.00013456249096477225,0.0032538327782370936
2018-08-20,0.0,5.546727550054815e-05,0.0,0.0,-6.303563651416253e-05,0.0,0.0,0.0019782018825362305
2018-08-21,-0.00020391826279106233,-0.0004648009446052354,-0.00018991025145074312,-0.0003020625959041359,-0.0006788769050353626,-0.00020391826279106233,-0.00020391826279110567,0.004468105769023643
2018-08-22,-0.00017652737210756226,0.0,0.0001403040324240953,-0.0004927266580781824,-0.0002683658727878482,-0.00012658404555740058,-0.00017652737210756226,0.0004107424081046414
2018-08-23,0.0,-0.0005426527769037803,0.0,0.0,-0.00021190272610945252,0.0,-0.00027132638845184557,-0.0021172572771653237
2018-08-24,1.8222963562116634e-05,0.0,7.672829121173959e-05,-0.00038706135904274135,-0.00010609315089401525,0.0,-0.00010609315089400802,0.006324577306172095
2018-08-27,0.0001785219173896862,6.290261424632183e-05,-9.494735202658189e-05,0.00015566896847102644,0.00013081284036088245,0.0,0.0001785219173896862,0.007733374991866811
2018-08-28,1.748914020550258e-06,0.0,0.0,-0.00028926243750533744,-3.804934712050524e-05,0.0,0.0,0.0007830931013217248
2018-08-29,-0.00048286505899072644,0.0,0.00029383227915502993,-0.0006145069691384179,-0.00048286505899069874,-0.00022924416561472032,-0.00048286505899072037,0.0055871362012786824
2018-08-30,-0.00033248382935178967,0.0,-0.00046306886135398875,-0.0004028230210164612,-0.0003370581914465419,-0.0001613959267353564,-0.0003324838293518173,-0.003256867728580263
2018-08-31,0.00033056737550720653,0.0,0.0002554419036805872,8.936871812320477e-05,3.150910254959131e-06,0.0,0.00033056737550720653,0.0008745704011569668
2018-09-04,0.0,1.9983349447471734e-06,0.0,0.0,-4.9180262858438995e-06,0.0,-1.7737380262289186e-05,-0.002170482228975906
2018-09-05,-7.407643270794123e-05,-7.023486284377275e-05,9.282343064317341e-05,-0.00021551614690951685,-2.176844585584679e-05,-7.407643270794123e-05,-7.407643270791892e-05,-0.003999817470415587
2018-09-06,0.0004569416315019999,-0.0003429775345766722,-0.0008272432605298908,-2.7738997008396134e-05,0.00032998563980120646,0.0,0.0004569416315019999,-0.003969109722875513
2018-09-07,-0.0004537120395545067,-0.0005671400494431444,-0.000650053456893946,0.0,-0.0006958321928335924,0.0,-0.0006222480953828179,-0.002328428557209576
2018-09-10,0.00023720918251727386,0.0,0.0,0.00013561544581101146,0.0002721574851177606,0.0,0.00023720918251727386,0.0008884442681128088
2018-09-11,-0.00019266082305505986,6.426425305425605e-05,-0.0004412732803261351,-0.0003013955272489573,-0.00023843629831079015,-0.00019266082305503216,-0.0001926608230550889,0.004087007100624034
2018-09-12,0.0,-6.804872833711956e-06,-0.0004870469792134256,0.0,-0.0001873931257355705,0.0,0.0,-0.000827755926663977
2018-09-13,-0.00017265036040530862,0.0,0.0,-0.00032141052652087985,-3.340661308842593e-05,0.0,-0.00017265036040530862,0.005472464047675712
2018-09-14,-0.00014682685531533363,0.0,-0.00020731758463102504,-8.35756870777271e-05,-0.00027596309613030895,0.0,-0.00014682685531531133,0.0006661502948758837
2018-09-17,0.00017608521823435743,0.00015559659260659016,0.0016323475662445492,-0.0002917184070631622,0.00017608521823442365,0.00021792744308039174,0.0001760852182344075,-0.008094990540979445
2018-09-18,-0.001762134518081224,-0.0008541468341509354,-0.0015385090141759841,-0.0009478906491204766,-0.001762134518081224,-0.0013379018768724651,-0.0017621345180812683,0.006312716883204101
2018-09-19,-0.0005559345813099747,-0.00016950581875950922,-0.0005880364507476942,-0.0004828180589799635,-0.0005948423162168818,-0.0001094775306760269,-0.0005559345813099747,0.001098779010716477
2018-09-20,-0.0006890210139006765,0.0,-0.00043717544581445993,-4.741430738112919e-05,-0.0006890210139007324,-0.00045507174581137374,-0.0006890210139007547,0.009324885668050962
2018-09-21,0.00042735058259885166,-1.3920051514037143e-05,0.0006431806590423931,-0.0001171626068203991,0.0004169105439633605,0.0003153945903653985,0.00042735058259889627,-0.0018045019439387054
2018-09-24,0.00023463878652817588,0.0,0.00031490209454188207,5.904041829072982e-05,0.00023705133546680866,0.00011808797558047046,0.00023463878652823264,-0.0028097466209157347
2018-09-25,0.00022978193214347767,0.0,8.544470319733289e-05,5.375131234924852e-05,3.81156440270046e-06,0.00015175429811590505,0.00022978193214347767,-0.00035658101452352
2018-09-26,-0.0002335430384180089,0.001191156899523811,1.3556827537748251e-05,0.0010193488503972517,-0.0013904436796602258,-0.0002335430384180089,-0.00023354303841796576,-0.0038159171471212824
2018-09-27,0.0,0.0,0.0,0.0,-8.365724207336233e-05,0.0,-2.4089310277360773e-05,0.0032400124146599145
2018-09-28,3.325431686544478e-05,7.386523968452567e-05,0.00020603572270108957,0.00037686418497210076,0.0001523471372396832,0.0,0.00013109667132004616,0.0008231344764903132
2018-10-01,-0.00032505759524207483,0.0,0.0007675787847751193,-0.0015055308055386485,-0.00046650114456247047,-0.0001650975983946086,-0.0004964233934780847,0.0007002485867037213
2018-10-02,-0.000273421619273429,0.0,-1.2064569605297443e-05,-7.638314418451507e-05,-0.0003520511881349616,-0.0005017788227446368,-0.0002734216192733723,-0.001565075809796719
2018-10-03,-0.0004681361846064105,0.0,-0.00021191833821924697,-0.00013822983729681318,-0.0005745052640307722,0.0,-0.0005745052640307439,0.0029217269164543594
2018-10-04,-0.002258037284487862,-0.0005145577773411897,-0.0009869091633152006,-0.001867705699402675,-0.0022580372844878114,-0.0022580372844878413,-0.002258037284487862,-0.011528144044595755
2018-10-05,0.00037261201677169685,0.0,0.0005625872697425146,0.00025998824287027706,0.00037261201677165343,0.0,0.00037261201677169805,-0.008159035601536108
2018-10-08,5.1837426323615636e-05,0.0,0.0,-0.0002829049846208398,9.080103340680842e-06,0.0,5.1837426323615636e-05,-0.0013623959636581875
2018-10-09,0.0,0.0,0.0,0.0,5.045012662167633e-06,0.0,0.0,-0.0013130821550031764
2018-10-10,0.010068096749251004,0.009912429326986289,0.012655218268651257,0.004390180762523512,0.010068096749251004,0.010068096749251087,0.01006809674925096,-0.03344765459999266
2018-10-11,0.0016640200857702743,-0.001469591844796052,0.0013533146557208034,0.0034886849121847337,0.004101598578577748,0.0,0.004101598578577813,-0.01919672950435034
2018-10-12,-0.00021551123877111355,0.0,-0.001005621074879176,-7.824292544842432e-05,-0.0003736201117465134,0.0,-0.00021551123877111355,0.013266335517475431
2018-10-15,0.0,0.0,-0.000866980272183966,0.0,-0.0004001434601917163,0.0,-0.0004664360702094358,-0.004459283924001115
2018-10-16,0.002262780245182474,0.0,0.0028937965782724886,-0.0004918199899953922,0.0022627802451824167,0.0004332631679686152,0.0022627802451825186,0.02455010368670315
2018-10-17,0.0,0.00010800526229466954,0.0,-0.0003405171108383277,6.611985283984116e-07,0.0,0.0,-0.0013439545843675275
2018-10-18,-0.00010481035762244967,0.0,2.021626362636451e-05,-0.00037399340495438083,-0.00010481035762247008,0.00018986534880214933,-0.00010481035762243346,-0.016425886391844724
2018-10-19,-6.668803695842289e-05,0.0,-0.00012916132472227558,1.1327219176008374e-05,7.380124814472527e-05,0.0,-6.668803695840123e-05,-0.0023665000317120125
2018-10-22,0.0,0.0,0.0,0.0,0.0005500583980084419,0.0,0.00032670698098377524,-0.0018167604508655003
2018-10-23,-0.0032678443780908293,0.0,-0.0032969087723997803,-0.0007755658572538486,-0.0032678443780908427,-0.0015946641841483905,-0.0032678443780909143,-0.005497688197113585
2018-10-24,0.007837051692606217,0.0,0.015275155022788206,0.007666421070709077,0.00783705169260616,0.00783705169260616,0.00783705169260616,-0.03389164765038327
2018-10-25,-0.00431903120570739,0.0,-0.003560661407852516,-0.0011130854188900383,-0.0043190312057073965,-0.0009463993440944494,-0.0043190312057073904,0.022085548361381734
2018-10-26,0.0,0.0002618797457611995,0.0,0.0,0.00016322460253211733,0.0,0.0,-0.016336267863349508
2018-10-29,-0.005511557236076878,0.0,0.0016324307581633355,-0.01445157209411119,-0.005511557236076927,-0.0035555935316515805,-0.005511557236076905,-0.009243662125370845
2018-10-30,0.0011324954953858754,0.00025544644743230306,0.00055929243871669,0.0009651844012075259,0.001477483421205615,0.0,0.0014774834212055597,0.01630073055312261
2018-10-31,0.0,0.0,0.0,0.0,-0.002095297991531067,0.0,-0.0008642670652601184,0.011711026368860006
2018-11-01,-0.00016010711513998114,0.0,-0.00039344389571716325,-0.0005493314832975315,0.00025705676664213083,-0.00016010711514000283,-8.241561706184473e-07,0.013712603766016901
2018-11-02,-0.00030981128713171283,0.0,-0.0006649632123357661,1.4506828795147854e-05,-0.0003211340873184013,-0.0003776881428829915,-0.0003098112871316575,-0.005718047266544988
2018-11-05,0.0,0.0,0.0,0.0,-3.5932815267259797e-05,0.0,0.0,0.003063588109401671
2018-11-06,0.0,0.0006572292195881159,0.0,0.0,0.0011314619766235022,0.0,0.00030463828862638357,0.006423337931762129
2018-11-07,0.0011138787121224144,0.0,0.0033021665514059322,0.0018230561851173936,0.0011138787121224144,0.0011138787121224144,0.0011138787121224144,0.02242922981050236
2018-11-08,-0.0004168975391971919,0.0,0.0,0.0,-0.000617456708447564,0.0,0.0,-0.0016508411427923902
2018-11-09,-0.00019085860402811105,0.0,-0.000995210073311653,0.0004138808579143387,0.0002465027595469104,-0.00019085860402811105,-5.603377960141517e-05,-0.012487319399334406
2018-11-12,0.004786933405963781,0.0037136395856896794,0.005029124282584164,0.0027527186639576986,0.004786933405963849,0.0034686365872460354,0.004786933405963838,-0.022577231195668852
2018-11-13,0.0,0.0,0.0,0.0,-0.0002341684675514113,0.0,4.581030627009653e-05,-0.002381899877703549
2018-11-14,0.004049395166266371,0.0,0.003937446811342042,0.002500022849215032,0.004049395166266415,0.0,0.00404939516626636,-0.007608809248259743
2018-11-15,0.00318432376275116,0.0,0.0006327030431779262,0.0020502281997626854,0.0039269175781496005,0.0,0.003926917578149656,0.012624327764027941
2018-11-16,0.0,0.0,0.0,0.0,-0.001074592639963667,0.0,-0.0010745926399637169,0.0018146396863066153
2018-11-19,0.0020007163445267635,0.0,0.001215438130909994,-0.0014768468927128476,0.0020007163445267635,0.000760114728802279,0.002000716344526784,-0.020785247403041406
2018-11-20,0.0,0.0,0.0,0.0,0.00046459622163618023,0.0,0.0001568174726049505,-0.01929680822191141
2018-11-21,-0.0003695321409926,0.0,-0.0003405941619132106,0.0,-0.00019773116742770924,0.0,-0.0003695321409926,0.005574804025344819
2018-11-23,-0.0002739119125692679,-0.0005340674239703491,-0.0002739119125692679,-0.0002739119125692895,-0.0004085942919894298,0.0,-0.0002739119125692895,-0.005585922749686136
2018-11-26,0.0,0.000620010721357124,0.0002416896502153699,0.00029598958674947927,0.0007457453177729213,0.0,0.00030796472489133335,0.016348835001633765
2018-11-27,0.0006872501518656125,0.0,0.0010326660028600154,0.0003703336364282472,0.000892197725715314,0.0,0.0009579553324858371,0.0011689138947892767
2018-11-28,0.0034171953927205822,0.0,0.005768530957667044,0.0018206132497506178,0.003417195392720526,0.0034171953927205705,0.003417195392720627,0.025977197018474653
2018-11-29,0.0,0.0,-0.0011064229343064965,0.0,-0.0016385180278250984,0.0,-0.0005535602806116265,-0.0019878614358959847
2018-11-30,-0.00013580132773201292,0.0,0.0010380265568171354,-0.0005092509645502194,0.0003118279513765395,0.0,-0.0001358013277320406,0.006646862169748925
2018-12-03,-0.0002790354179728669,-0.0005319376382729672,-0.0018859516676836706,-0.0002838105626756585,-0.0003362929991812351,0.0,-0.00027903541797283924,0.01290487349001825
2018-12-04,0.0008176485834391227,0.0,0.006607470341822648,-0.0004228742105797088,0.000817648583439066,0.0008176485834391227,0.0008176485834390875,-0.034736158686653196
2018-12-06,0.0017685798777385532,0.0,0.00209840852306541,0.0024864199756620283,0.004485309938592752,0.0,0.0017685798777385532,-0.0009732840320793487
2018-12-07,0.0005737917933533014,0.0,-0.0020803501437065275,0.0016178892623595776,0.0005737917933533337,0.00045911352345657635,0.0005737917933533337,-0.02451978252215651
2018-12-10,0.0,0.0,0.0,-0.00035733579720296794,0.00016610572349678095,0.0,0.00017802464728602474,0.002536504053922718
2018-12-11,0.0015868287417879913,0.0,0.0013122146732270018,0.0008285688967273361,0.002697308216634962,0.0,0.002259342715921868,-0.00014095309280465042
2018-12-12,0.0,0.0,0.0,0.0,0.0004887407215660015,0.0,0.0,0.0074746318716558515
2018-12-13,0.00043284000855433355,0.0,0.00018218935751120152,0.0004495270258200965,-5.376716988206488e-06,0.0,0.00019380236901931903,-0.002483613974925023
2018-12-14,0.00043074850199433315,-7.244676519676725e-05,0.0009869717932898354,-0.0020073940822154467,0.0004502949922377414,0.0,0.0004502949922377414,-0.019621648105269198
2018-12-17,-0.001571172551154755,0.0,0.0030469145942404368,-0.004538919593768835,-0.0015711725511547833,-0.0015711725511548054,-0.0015711725511547772,-0.020910821901899183
2018-12-18,-0.001318801813838041,0.0,-0.0031206681656461774,0.0,-0.0024474518297428697,0.0,-0.0020515104143076198,0.0016975617308832645
2018-12-19,-0.0030049118825006397,0.0,0.004315151973109109,-0.0022323938508796303,-0.0030049118825006952,-0.0015775377452882855,-0.003004911882500713,-0.018077230029457964
2018-12-20,0.0,0.0,0.0,0.0,0.0008471921534065522,0.0,0.00029828871241594326,-0.017027383114901595
2018-12-21,0.00013910450007293963,0.0,0.0038223896136477427,0.000490132348066459,0.00013910450007302832,0.0,0.00013910450007296196,-0.02387794469711602
2018-12-24,0.00220456690045875,0.0,0.0022045669004586944,0.0022045669004586927,0.0033868168420897304,0.0,0.0026362154428922376,-0.02473270931043179
2018-12-26,0.012551033794706559,0.0,0.01760958317582763,0.004862044301548998,0.012551033794706516,0.012551033794706559,0.012551033794706559,0.051955453311311225
2018-12-27,0.0,0.0,0.0,0.00248952800829501,0.004875958333805655,0.0,0.002116399804890323,0.00755454044703562
2018-12-28,0.0,0.0,-0.0021057797172754885,0.0,7.08059982996764e-05,0.0,0.0,-0.0007403710987383323
2018-12-31,0.0,0.0,0.0,0.0,-0.000819075272598296,0.0,0.0,0.009317140358960838
2019-01-02,0.0038682045800172314,0.0,0.0018257039041539487,0.004750832404290898,0.003868204580017065,0.0007862353786376383,0.0038682045800171646,0.002506585515016598
2019-01-03,0.0018110486019698479,0.0,0.0020189410178617206,0.0014037456979609543,0.0018110486019697926,0.0,0.0018110486019698479,-0.02615092466578587
2019-01-04,0.002232988671570435,0.0,0.0025782562654174247,0.0011827205464032494,0.0022329886715704798,0.00019035106690843556,0.002232988671570523,0.03689434604708816
2019-01-07,-0.0010143650178319993,0.0,0.0007536028210798501,-0.00033594894337059776,-0.0012497755720025992,-0.0001723006648891519,-0.0010143650178320277,0.009358310504101713
2019-01-08,0.0,0.0,0.0,0.0,0.00012310487007467048,0.0,0.0,0.011095861633905475
2019-01-09,-0.00034103111541333465,0.0,0.0,0.0,-0.0008119890752319274,0.0,-0.00034103111541333465,0.005972679563909921
2019-01-10,0.0010888030634347528,0.0,0.0018798731290540342,-0.00030160108017213193,0.0010888030634347528,0.0,0.0010888030634347528,0.004280909137545578
2019-01-11,0.0,0.0,0.0,0.0,0.0004419304886759078,0.0,0.0,-0.0006642485168115032
2019-01-14,-0.0002802588317365082,0.0,-0.0012609222845228092,-0.0002257253011370372,-0.0007668976314214614,0.0,-0.0005935903804354525,-0.006807602569256176
2019-01-15,0.0010844951115647102,0.000633681745258827,0.00199402833841961,0.0003229229698728895,0.0010844951115647102,0.0007464202881533604,0.0010844951115647102,0.011331637580724812
2019-01-16,-0.001160547411774402,-0.0003139303716252653,-0.00041273758069262185,0.0,-0.0016684888874920515,0.0,-0.0016016925440804526,0.0036713305992090704
2019-01-17,0.00060169247456786,0.00020704169503704234,0.001342953627885038,0.0009000764390593944,0.00060169247456786,0.0006016924745677532,0.0006016924745677978,0.007844821387308524
2019-01-18,0.0,0.0,0.0,0.0,0.0005204162648302518,0.0,0.0,0.012032271012838474
2019-01-22,-0.003625252772121418,-0.0004292684870141652,-0.004789767721233868,-0.003064043992929322,-0.0036252527721213623,-0.002566917068493122,-0.003625252772121362,-0.014739977649829964
2019-01-23,0.0,0.0,-0.0012501804561427256,0.0,-0.0002291681993422439,0.0,0.0,0.001983110036109635
2019-01-24,-3.6508002560586566e-05,0.0,0.0,0.0,-3.2999566519535466e-06,0.0,-3.6508002560586566e-05,0.0027356435956094357
2019-01-25,0.0,0.0,-9.29951924646768e-05,-0.0001450666820913468,-4.359905506392094e-06,0.0,7.676518108396381e-06,0.009889103943080235
2019-01-28,0.0,0.0,0.0,0.0,1.2255147491852658e-05,0.0,-9.74819351764077e-06,-0.008551783642759485
2019-01-29,7.357172511865194e-06,0.0,-0.0003397979233805784,8.861370857696085e-05,9.171501062246957e-06,7.357172511865194e-06,7.357172511865194e-06,-0.002421950971180073
2019-01-30,0.0004366557385900294,-0.00018111577610577996,-0.0033863153648435694,0.0011266351275975232,0.0004366557385898996,0.00023952839694531356,0.0004366557385898996,0.01775475037032903
2019-01-31,0.0003737611933553905,0.0,0.00036311039903901595,0.000325336281054191,0.001112542467104783,0.0,0.0010175664767225374,0.007180249627513451
2019-02-01,0.0,0.0,0.0,0.0,-0.00046522179921576414,0.0,0.0,0.00015189605760611478
2019-02-04,0.0020236655598131585,0.0,0.001824107881800783,0.0021022503110066783,0.0020236655598131585,0.0,0.0020236655598131585,0.009197661209711371
2019-02-05,-0.0002261480678079731,-0.00015830364746561014,6.16457495142725e-05,-4.8077035723220186e-05,-0.00039071672768438106,-0.0002261480678079731,-0.0003551838273190382,0.005361434411480871
2019-02-06,0.0,0.0,0.0,0.0,-0.00010382484616300558,0.0,-4.538959627948498e-05,-0.0015319220246356531
2019-02-07,-0.0022252868736078557,0.0,-0.0024380290170009696,-0.0007482603054255019,-0.002335284801104523,-0.001583284658135572,-0.002225286873607883,-0.009448280094112584
2019-02-08,0.0003742129897330117,0.0,0.0004301348076336285,0.0005037675036038925,0.0007416777899984307,0.0,0.00040050148820243317,0.00017565308544414943
2019-02-11,1.1092777425632538e-05,0.0,-0.00040559895940684164,-0.00025611146990165996,0.00018941280943461292,0.0,0.00019824503519000659,0.0012611173701631466
2019-02-12,-0.0006313123945702469,0.0,0.0003257612451550429,0.00038018481690989747,-0.0006313123945702246,-0.0005016961631381094,-0.0006313123945702306,0.013748127530605184
2019-02-13,0.0,0.0,0.0,0.0,-0.0004918527538845805,0.0,0.0,0.0028794775380765777
2019-02-14,-0.0015441514073187613,-0.0003067142431205303,-0.0014570156944261102,-0.0020153559537783613,-0.0015441514073187674,-0.0004381632044578726,-0.0015441514073188172,-0.0006596067573885168
2019-02-15,0.0009724087647654779,9.14342476716616e-05,0.0008455345125793678,0.00044932974463037173,0.0011120069609487219,0.0,0.0009724087647655223,0.012382828942042352
2019-02-19,-0.001449653391618904,-0.00046022010280163483,-0.0025462542671518024,-0.0018317386415030402,-0.0014496533916189256,-0.0008085627794132198,-0.0014496533916189263,0.0016699173580054794
2019-02-20,-0.00010033342341909826,0.0,-2.8630777407992603e-05,-0.0002811193495601214,-8.352990122847861e-05,0.0,-0.00010033342341905491,0.0023702130164413287
2019-02-21,-0.001677975941430744,0.0,-0.002252120389565299,-0.0016408053798176053,-0.0019829690246270025,0.0,-0.001982969024627042,-0.0038410320814666558
2019-02-22,6.791836692639906e-05,0.0,0.0,0.00015456387320755588,0.0005304177971307931,0.0,0.0004045241006620011,0.00713517829088651
2019-02-25,-0.00013368699004744915,0.0,0.00021172133371357893,0.00025233230457930413,-1.4107936040148036e-05,-0.00012627768749874424,-1.4107936040169693e-05,0.002070229095271289
2019-02-26,-0.0010126475514986954,0.0,-0.0013688535173826174,-0.00021864766446641205,-0.0010126475514987178,0.0,-0.00101264755149869,-0.0019776763488406636
2019-02-27,0.0002153730234081588,0.0,-8.674911399523585e-05,0.00010236008467507819,0.00031158801981949187,0.0,0.0002793185377985886,-0.0005848759672017859
2019-02-28,0.0,0.0,0.0,0.0,6.102020954943174e-06,0.0,0.0,-0.002717469059728846
2019-03-01,-6.965003105665448e-05,0.0,-6.111804766943184e-05,0.0,-0.00013076521564938949,0.0,-6.965003105671122e-05,0.0069192280089496825
2019-03-04,-0.002302483056586701,0.0,-0.0023586347429974336,-0.0008399647801379773,-0.002302483056586729,-0.002302483056586729,-0.0023024830565867294,-0.005259468014589918
2019-03-05,0.0,0.0,0.0,0.0,1.173600246009865e-05,0.0,0.00011590626568819612,-0.0013993482197934637
2019-03-06,-0.00030039106283516313,0.0,0.0008654536392393512,0.0010851352928882368,-0.00030039106283522596,4.2125447053783824e-05,-0.00030039106283519755,-0.00870086915791144
2019-03-07,-0.002108473302745853,-0.0020255109445517184,-0.0023318680227962588,-0.000726346066629888,-0.0021084733027458818,-0.002025510944551747,-0.0021084733027458367,-0.009063558233391823
2019-03-08,0.0,0.0,0.0005005997397365918,0.000798981429309308,0.0015971139764368975,0.0,0.000727489149521418,-0.001086518585575712
2019-03-11,0.0010118417788029907,0.00015771269428016413,0.0014409217174513424,0.0004044428240420045,0.0010118417788029907,0.0010118417788028786,0.001011841778802934,0.014604553999748278
2019-03-12,0.0,0.0,-0.0001885810567903737,0.0,2.1932321095471707e-05,0.0,0.0,0.0013649847511095063
2019-03-13,-0.0002031810508917698,0.0,-0.0007354065697868246,-0.0006349152008702455,-0.00018733517964420138,0.0,-0.0002280745941913355,0.006081743913964034
2019-03-14,0.0,0.0,-3.4257807578745897e-06,0.0,9.529444989116198e-05,0.0,6.19318575700152e-05,-0.0012319122296930013
2019-03-15,-0.0009341085800090219,-0.00022721084041927328,-0.0017566009450388817,-0.00044286886996300194,-0.0009341085800089938,0.0,-0.0009341085800090383,0.005413899712998662
2019-03-18,0.0,0.0008232009490543828,0.0,-1.4043359392345972e-05,0.0005321996002707074,0.0,0.0,0.003719689426843289
2019-03-19,-0.0008706398472169396,0.0,0.0008021080208815794,-0.0030824896365355967,-0.0009996242692487025,-8.196686846499796e-05,-0.0008706398472169179,-0.00035869712732406465
2019-03-20,-0.00037867011174700407,0.0,-0.0009549285965905831,0.0,-0.00044702905740751043,0.0,-0.00037867011174700407,-0.0034491803445640123
2019-03-21,6.263145343234398e-05,0.00022487664018851913,-2.2047095407737674e-05,-0.001310603478023963,6.263145343229156e-05,6.263145343226681e-05,6.263145343227592e-05,0.01179369035757531
2019-03-22,0.0040185648962111475,0.0023584585077079394,0.00552279801921018,0.0012544271296427603,0.0040185648962111475,0.002935787349350798,0.0040185648962110816,-0.0231825327170384
2019-03-25,-0.00038968721452643893,0.0,0.0,-0.00035661253321514583,-0.00044057178772700706,0.0,-0.0003896872145264823,0.0005488032950377415
2019-03-26,-0.0013524558230303477,0.0,0.0,-0.0005752597490884697,-0.0018481049421817503,0.0,-0.0013524558230304045,0.006814886965990412
2019-03-27,7.716919542724178e-05,0.0,-0.000202563595772444,0.0,0.0002686684986258736,0.0,7.716919542724178e-05,-0.0037907938916855195
2019-03-28,0.0,0.0,0.0,0.0,0.00011805027266474661,0.0,0.0,0.004417292381214298
2019-03-29,0.0,0.0,0.0,0.0,-0.0001755793041234882,0.0,-0.00010341196234674957,0.006537056508856954
2019-04-01,0.00016589913150779492,0.0,0.00015974533860553926,0.00014221763891896814,0.0002141290096843248,0.0,0.0001658991315076545,0.012138366461267895
2019-04-02,-5.47157122228694e-05,5.910706572045672e-05,0.0,-7.479797819683623e-05,-2.4147415648910104e-05,0.0,0.0,-0.0005689336240454252
2019-04-03,-0.0006374205803748457,-0.0002435804126858231,-0.0004548461157393303,-7.630493253573638e-05,-0.0007004230431962304,0.0,-0.0006374205803748457,0.003281880080083248
2019-04-04,0.00011115118379298334,0.00011115118379298334,4.905083034282235e-05,8.626687701490517e-05,0.0001305038482349107,0.0,0.00011115118379304007,0.0036236732890813257
2019-04-05,6.814065544591047e-05,0.0,0.00017617383921141684,2.2214217093555644e-05,7.681643113570181e-05,0.0,6.814065544591047e-05,0.004830446188929317
2019-04-08,0.00010409604300405591,0.0,0.00014460904397929744,-1.9550924670265077e-05,0.0002108857084183045,0.0,0.0001040960430040113,-0.0004161819010004108
2019-04-09,-0.0005594035541798434,-0.00027009040865455015,3.9321535114545135e-05,0.00019004855587484836,-0.000594216741640877,8.675385986693956e-05,-0.0005594035541798987,-0.006697751363007721
2019-04-10,0.00012303822703256078,0.0,0.00026695465922084666,-8.339801837590535e-05,9.271657961863676e-05,8.522647696716879e-05,0.0001230382270326041,0.0050775710848872495
2019-04-11,-0.0012531999024625894,-0.00031135817962123897,-0.0014455574356945923,-0.0005400919951978876,-0.00143838550576319,0.0,-0.0014383855057631331,-0.0010296605088946956
2019-04-12,-0.00024612306267782447,0.0,-0.0005196033837632758,0.0,-0.0002782095954808071,0.0,-0.00024612306267782447,0.006499006636427242
2019-04-15,-5.091886762943782e-05,-2.5459433814729746e-05,-0.00017213454087713404,-0.00027827748940792977,-9.813697430622539e-05,0.0,-5.091886762945949e-05,-0.0012184785050691946
2019-04-16,6.0496980833440954e-05,2.446743710058744e-05,0.00010932340104601292,-0.0011377824495581877,6.240118999415172e-05,0.0,6.0496980833440954e-05,0.0022788880731460398
2019-04-17,-0.0004352801721627292,-0.00031916862324069266,-0.00057135422504289,0.00025638692220263874,-0.00041072999873933795,-0.00010022416178649308,-0.00043528017216277256,-0.0019799129917656855
2019-04-18,-0.0003637589495130644,-8.674051368102122e-05,-0.0003530714701036682,-0.00013752491158392936,-0.0004110459489912574,0.0,-0.0003637589495130644,0.001579405934336036
2019-04-22,0.0004515976987973827,0.00033258051721135053,0.0003853817235834711,0.00010007189449899393,0.00015637672687421808,0.0002399417666858426,0.0001417440136670158,-0.0001799044757227825
2019-04-23,-0.00017368182337236076,-9.732498584532567e-05,-0.00030810674238840194,0.00039282213546785614,-0.00017368182337246664,-0.00030758776181793676,-0.00017368182337246664,0.00997458256843941
2019-04-24,-0.000436866353138312,0.0,-0.00031935501326297357,-0.0002668740489019696,-0.00021217232872955494,0.0,-0.0004368663531383337,-0.0011949549062866128
2019-04-25,-0.0004791082259789626,0.0,-0.0006020012691383658,-0.0004915467708012985,-0.000496344084250529,0.0,-0.0002435448452435391,-0.002581320554754802
2019-04-26,0.00033211587807077436,-0.00045270523208880566,0.00010308895265566003,-6.137085018782771e-05,0.0004835129460221285,0.0,0.00033211587807077436,0.004532510841091729
2019-04-29,0.0,0.0,-0.0004757951316469663,-0.00020064365913460163,-0.0004500753484400008,0.0,-0.0002549906695012451,0.0018966681417087318
2019-04-30,-8.088698986451174e-05,-0.00023319044752789583,-5.736282625745026e-06,-0.0004140288295220164,-0.00023116926275874226,-8.088698986449007e-05,-0.0002208012583812322,-0.0023296091144745647
2019-05-01,0.004405206729550354,0.0,0.002781782350436858,0.003436047376226781,0.0044052067295505,0.0,0.004405206729550399,-0.006530225055364808
2019-05-02,0.0,0.0,-0.0004364842101233289,0.0,-7.115195529024996e-05,0.0,-0.00012620542037744092,-0.0015513210675933216
2019-05-03,0.00032033224404012816,0.0,0.0004095214522323971,0.00018828433484555112,0.0004154895895223919,0.0,0.00048313091377182266,0.0123582365329203
2019-05-06,-0.0006593745281947989,-0.0005865640286712823,-0.0005993583375142055,-0.00038443048519234805,-0.0006593745281947929,-0.0006593745281947957,-0.0006593745281947712,-0.002800736109061416
2019-05-07,-0.005190212907976824,0.0,-0.003643388651077264,-0.004418221545941507,-0.0051902129079768305,-0.005190212907976824,-0.005190212907976852,-0.01830771862311963
2019-05-08,-0.0009343215523073527,0.0,0.0,0.0,-0.002637660871196338,0.0,-0.0025329194275920007,-0.0021966084929694054
2019-05-09,0.0,-9.970599659515683e-05,0.0,2.6781003300596185e-05,0.00020257191005782665,0.0,0.00012479975942009707,-0.003844207911446339
2019-05-10,-0.001891640513321948,0.0,0.0,0.0003164869739410132,-0.002058754650992076,0.0,-0.0020587546509921203,0.0034808256812559153
2019-05-13,-6.71570933134348e-05,0.0,0.0007210752325000446,-0.0007712260821095579,-0.0002943460456773957,0.0,-0.0002943460456773234,-0.02817040929137984
2019-05-14,-0.0023321507355398615,0.0,-0.0017557861428675642,-0.0003217655701370822,-0.0023321507355398615,0.0,-0.0023321507355398676,0.009877798218610104
2019-05-15,-0.0021045849533272197,0.0,-0.0009062104829679796,-0.0011599981357233102,-0.0021045849533271755,-0.0018375409079641023,-0.002104584953327224,0.006831831322135121
2019-05-16,-0.0008945021831711844,-0.000842756107477581,-0.0016873238137442503,0.0003946740390394887,-0.0009455991902255767,0.0,-0.0008945021831711499,0.00867793783578644
2019-05-17,-0.0009208010847590421,0.0,-0.004645597502066209,-0.00020141389490273157,-0.0008493616000923602,0.0,-0.0009208010847590144,-0.008127122934729843
2019-05-20,0.0,0.0,0.0,0.0,-3.498171166509984e-05,0.0,0.0,-0.008088292798051108
2019-05-21,0.00013223865610969917,0.0,0.00016989860417125483,0.0001074693148130856,2.9146634221447124e-05,0.0,0.00013223865610969917,0.010005298700860532
2019-05-22,0.0,0.0,-0.00038446259846378837,5.3366887530335504e-05,-0.0002611329751654074,0.0,0.0,-0.004874932522785655
2019-05-23,-0.000748956710997244,-0.0009166157757166497,-0.004923363487959852,-0.0026229306741254337,-0.0007267546818842478,-0.0003066710191721643,-0.0007267546818843473,-0.013953168848157841
2019-05-24,0.0,0.0,0.0,0.0,0.00018621238815982172,0.0,0.0,0.0033542535373610296
2019-05-28,0.0023319721306948975,-0.0005857289336979462,0.002738651171391055,0.0007535959379070766,0.002545159368017134,0.0009574315475801543,0.002545159368017049,-0.007685553855831813
2019-05-29,-0.0012384192024406592,0.0,-0.002720919188943755,0.0,-0.0014220785728028878,0.0,-0.001238419202440687,-0.007931950023594021
2019-05-30,-0.0003408508364161225,0.0,-0.0005058887345932812,0.0,-0.0005202802962402492,0.0,-0.0003408508364161225,0.0016599517621982071
2019-05-31,0.0,0.0,0.0,0.0,0.0002469920555105959,0.0,0.0,-0.014141827764813661
2019-06-03,-0.0014543354256663587,-0.0006643598723828677,-0.00047442413812753977,-0.0011327150967546467,-0.0020067257014162922,-0.0007381776359809567,-0.001454335425666331,-0.0049152317421751815
2019-06-04,0.0018791144540355976,0.0,0.0037410438735799934,0.0022214636322074248,0.001879114454035542,0.0,0.0018791144540355976,0.02368877294242657
2019-06-05,-0.00024014370900754767,0.0,-0.00034547746403689535,-0.00022424012688664999,-0.00038880748637460565,0.0,-0.00024014370900754767,0.006432832991564783
2019-06-06,-0.0003386675607075372,0.0,-0.0001542516597816802,-0.00041405985111590533,-0.00033312587077286243,0.0,-0.00033866756070758113,0.005226583986897273
2019-06-07,-0.001988341011215808,-0.00030985860525678126,-0.0003916794713155647,-0.0008702399532936135,-0.0019883410112159195,-0.0003442873391742064,-0.001988341011215858,0.0113033517747654
2019-06-10,-0.00022160476852409422,-0.00043319659052867436,-0.0007353315152300318,-0.0001492481342664317,-0.00017202123451950252,0.0,-0.0002216047685240496,0.006005024180396056
2019-06-11,-0.00044267923920713085,0.0,-0.0009453436201625826,-0.0001542593339433376,-0.00044267923920722713,-0.00041174968944824686,-0.0004426792392071755,-0.00041722820590655527
2019-06-12,0.0,0.0,0.0,0.0,-0.0001606740899084728,0.0,0.0,-0.0020761038591465917
2019-06-13,0.0,0.0,1.582817175368283e-05,0.0,-0.0005540701263042874,0.0,0.0,0.0061256663470456345
2019-06-14,0.0,0.0,0.00017216764941730005,0.0002694007208412827,-0.00043677073933126283,0.0,7.50517320066734e-06,-0.0033977253624240308
2019-06-17,-0.0005169519248238595,-0.00027177905909701996,-0.0005274776433558578,-2.0620052021339997e-05,-0.0006691234065135849,0.0,-0.0005169519248238372,0.0032912456559677887
2019-06-18,-0.0010511877032495153,-0.0011107947095759297,-0.0009619154899461941,-0.0004973476865171458,-0.0010511877032495086,-0.0002938589079742961,-0.0010511877032495429,0.012223469164159288
2019-06-19,0.0,0.0,0.0,0.0,-0.00021569741067046776,0.0,0.0,0.0027384567342692836
2019-06-20,0.0,0.0,0.0,0.0,-0.00020847981459857877,0.0,-0.00010631877560072902,0.008401027297456523
2019-06-21,0.0001616786501434788,0.00017964294460386053,8.735265985457827e-05,0.0002174653004360106,-0.00027705644317419507,0.0,0.0001616786501434788,-0.002804455880795176
2019-06-24,0.00012002972059249596,9.602377647401844e-05,0.00047752151756817827,0.00018228653306863305,0.00015177274052909743,0.00012002972059249596,0.00012002972059249596,-0.0030286842749868703
2019-06-25,0.0010702740103042088,0.00018368354249668952,0.0013588919962320885,0.0001421897618339241,0.0010702740103042088,0.0006799694232679542,0.0010702740103042088,-0.009675741608855131
2019-06-26,0.00011550750304469079,0.0,0.00013368548604876025,0.0,0.00021119483965213422,0.0,0.00011550750304469079,0.0001924102304991494
2019-06-27,0.0006447187853806049,0.00058024690684259,0.0009398699747193223,0.00044321707567120534,0.0005935508492638988,0.00064471878538067,0.00064471878538067,0.005763784197669397
2019-06-28,-0.0009178957318880309,-0.0004543724199848287,-0.0007908323063899421,-0.00020503111756432608,-0.0010733331280093537,-3.576934338318734e-05,-0.0009178957318880025,0.005005314172318653
2019-07-01,-0.001426939564449934,-0.00025921603452512776,-0.004240416614702062,-0.0008647598518009745,-0.001426939564449893,-0.0014269395644499006,-0.0014269395644499498,0.007648567458945016
2019-07-02,-0.000915997764050025,0.0,-0.0012029104028352582,-0.0004431907093984716,-0.0006843253833864242,-0.0009159977640500465,-0.0009159977640500032,0.0011135010942100007
2019-07-03,0.00043790208944465296,0.0,0.00043790208944473807,0.00043790208944465296,0.0005268136932370488,0.0,0.00043790208944465296,0.007263670461280521
2019-07-05,-1.824037755745724e-05,-2.4899767463398835e-05,-0.000640802623907313,0.000261794594474844,-3.0895330551212956e-05,0.0,-1.8240377557528246e-05,-0.00040324073576657047
2019-07-08,-0.00018858830895311147,-3.734490216348482e-05,-0.00024979161275627716,-9.688067524659628e-05,-0.00021659107334472938,0.0,-0.00018858830895311147,-0.006310307949492767
2019-07-09,0.000800896328043431,0.00019757886118796072,0.0006008150316665177,0.0008080158434210364,0.0013209866986777688,0.00039515772237589915,0.0008008963280433756,0.0014742523946017214
2019-07-10,7.612214407765074e-05,0.00031759240125798594,0.0,3.283616661986009e-05,7.271324151420197e-05,0.0,7.612214407767241e-05,0.004678087802870714
2019-07-11,-0.0004900518988897176,-0.0002615668649333119,-0.00043445183333916377,-5.452641537263077e-05,-0.0004335001043979371,-0.00032695858116662906,-0.0002153559350796318,0.0017308063960302818
2019-07-12,-3.381774011944219e-06,0.0,0.00017890021619418713,-0.000365239094778035,0.00029746985612784155,-0.00036920614631607136,0.00017907473080228505,0.006795415190342778
2019-07-15,-0.000299579401255305,-0.0002995794012552773,-0.00015784119779562106,-0.00012742964880164002,-0.0003530138666473088,-0.00012742574550015208,-0.0002995794012552773,-0.00011847504620009665
2019-07-16,0.00011962674190852459,0.0,-1.2549913869083502e-05,0.0003855021582341217,8.601273855398918e-05,0.0,0.00011962674190852459,-0.0022649320800273752
2019-07-17,0.0005927351606014744,0.0,0.0010121142093056515,0.0009634008523738352,0.0009140536994958453,0.0003499916548145746,0.0009140536994958212,-0.005697841623904305
2019-07-18,0.0003406929412170527,0.0,-0.0005767556948932641,0.00031752387371245823,0.0003970989228275789,0.0,0.00034069294121700816,0.0022604508462772824
2019-07-19,0.0016590883213172453,0.0,0.0019214680984757856,0.0021997604547864366,0.0020430102693823537,0.0011149277626595535,0.0020430102693823984,-0.00520372488560205
2019-07-22,-1.7783286667524187e-05,0.0,9.903432735453048e-06,7.788221834171833e-05,-4.06446526662739e-06,0.0,-1.778328666754894e-05,0.002603609711728533
2019-07-23,0.0,0.0,0.0,0.0,6.860934365766265e-05,0.0,-5.090575747200502e-05,0.006551622339182716
2019-07-24,0.00024974491883318227,2.6232268802016743e-05,0.001307639563386377,-1.1696464932366238e-05,0.00026143054646075436,0.00024974491883318227,0.0002497449188333255,0.005620195664569891
2019-07-25,-0.0002415275615998322,-0.00023722992014271993,-0.0009042565784098915,-0.00036432381254888793,-0.00024152756159966598,-0.00019974398863529885,-0.0002415275615997093,-0.007323553586615182
2019-07-26,-0.00030657328839576634,0.0,-0.000304893598360018,-0.0006540036734208278,-0.0003283411897891837,-5.61091620961741e-06,-0.00030657328839576634,0.007113007571379511
2019-07-29,-0.0004384801994062883,-0.0005669774140845436,-0.0003855091551747149,-0.0003245935125971567,-0.000497300129443075,-0.0004007204202288236,-0.0004007204202288236,-0.0023023978534530897
2019-07-30,0.0007164950549410281,0.0,0.00020973686562362933,0.00040052187363674935,0.0008986920227940986,0.0005513800897193174,0.0008986920227941234,0.0005587132543149489
2019-07-31,0.0038912037454923707,0.0,0.0008755022346990677,0.0034788174077798684,0.0037015382230746532,0.003891203745492383,0.003891203745492428,-0.011481175316188443
2019-08-01,0.0013896947663540197,0.0,0.0009852521742503017,0.0009166420646954708,0.0015378709385481144,0.0,0.0013896947663541027,-0.009544967522802764
2019-08-02,0.0,0.0,0.0,0.0,-6.455579380247962e-05,0.0,0.0,-0.00863957341240022
2019-08-05,-0.0035227421883381313,0.0,-0.005255713213091524,0.0015246641775354115,-0.003522742188338159,-0.0017607443083399944,-0.003522742188338159,-0.03096321743512103
2019-08-06,0.0,0.0,0.0,0.0,0.00041150070731318955,0.0,0.0,0.01230742387400963
2019-08-07,-0.0006377502425734382,0.0,-0.00041980195665538146,-0.0013894845629476903,-0.0006377502425734322,0.0,-0.0006377502425734605,0.0009149891120092295
2019-08-08,0.0015108306519702195,0.0,0.0014500546292673339,0.0002866518700322887,0.002008631087689966,0.0,0.0015108306519702195,0.019488290507241296
2019-08-09,0.0003483527712248814,0.00026126457841869357,0.00013722088775247441,0.00043607493371210416,0.000231041717538612,0.0,0.0003483527712249247,-0.007801577329215661
2019-08-12,0.0,0.0,-0.0007061203685583744,0.0,-0.00013476999890935172,0.0,-0.0001347699989093294,-0.013102024147914332
2019-08-13,-0.0006770122970684764,-0.0006770122970684264,-0.001228998467487409,0.0003887529295935504,-0.0006770122970684264,-0.0006770122970685048,-0.0006770122970685048,0.016071603775122834
2019-08-14,0.001956179687153641,0.0,0.0015338100326781987,0.0013387044956114677,0.001956179687153708,0.0001749531074568222,0.0019561796871535556,-0.029503360045391495
2019-08-15,-0.00022702198773941662,0.0,-0.00020742885671680644,-4.232905025400701e-05,-0.00033761590720902864,0.0,-0.00022702198773939493,0.0010969820684059266
2019-08-16,-2.1969593345148858e-05,-0.00012540961817785062,-0.00010701683900685624,-0.00026970250573406544,0.00015244710746048712,-0.00017915659739691083,-4.258405466881179e-05,0.01570630065924325
2019-08-19,0.0,0.0,0.0,0.0,-8.550065744961495e-05,0.0,0.0,0.011657545584355198
2019-08-20,0.00015700374723917734,0.0003128709636235399,0.0004087053729046561,0.00027074078836473645,0.0007126238162972749,0.0,0.0,-0.007040421239778678
2019-08-21,0.0,0.0,0.0,0.0,-7.141504166225884e-05,0.0,0.0,0.008629849441895335
2019-08-22,8.36609574741715e-05,0.0,0.0,0.0,0.00024635605649042305,0.0,8.36609574741715e-05,-0.0007802449333224384
2019-08-23,0.0008896539663518696,0.0,0.0032215635375210396,-0.00023416469979503407,0.0008896539663518696,0.0008896539663518696,0.0008896539663519262,-0.02741584735463613
2019-08-26,0.0,0.0,0.0,0.0,-0.00028064356474328525,0.0,0.0,0.011843818250679108
2019-08-27,0.0008659991213634372,0.0,0.001961494646825638,0.0011039056135080595,0.0008659991213634016,0.00048669744649312277,0.0008659991213634372,-0.0061548670937763
2019-08-28,0.000605719418683222,-2.1461606029871895e-05,-0.000859742008279896,0.00029875895831967827,0.0006456941302318457,0.0003491612322166901,0.0006456941302319026,0.008069981028497143
2019-08-29,0.00011970773974441604,0.00011970773974445938,-0.000232231044077605,8.627750273819634e-05,0.0002829149976009972,0.0,0.00011970773974445938,0.014414931087992739
2019-08-30,-0.0009556078271742547,-0.00012272420420698726,-0.0015218161004694453,-0.0008512076537068196,-0.0009556078271742487,-0.0006839539119553393,-0.000955607827174227,-0.0005285192332466838
2019-09-03,1.7312339803042122e-05,0.0,-0.0009704285501674941,8.706639213502371e-05,-0.00019943347953653952,0.0,1.7312339803042122e-05,-0.00988839976889181
2019-09-04,0.0,0.0,0.0,0.0,7.155106997431411e-05,0.0,0.0,0.010714273280130545
2019-09-05,-0.001501105777066894,-0.00036861064856180263,-0.000714364156946513,-0.0007053461923065007,-0.0015011057770669158,-0.00013172304780332468,-0.0015011057770668657,0.0156889149874635
2019-09-06,0.0,0.0,0.0,0.0,-8.783855581683313e-05,0.0,0.0,-0.0002632017874590251
2019-09-09,-0.0004953709769794829,-0.0003636922440768951,-0.0010433635995946177,-0.00015538287270462536,-0.0004953709769794552,-0.0003002771002285611,-0.0004953709769794774,0.0029569927328626637
2019-09-10,0.0004273733261653314,-0.0023055014808420985,0.0006441656904513692,0.00038096606744732843,-0.0010550876970817345,0.0004273733261653747,-0.00042149782851179504,0.002934736283127153
2019-09-11,0.0009954908466527535,0.0,0.0011551275109701917,0.0008484780889021532,0.0012594688303644355,0.00017578135904452072,0.0012594688303644355,0.01076601505855809
2019-09-12,0.0,0.0003960279760155013,-0.0005911223213084978,0.0,-0.0005012786933810447,0.0,-0.000310658495999932,0.0024356335132132132
2019-09-13,0.0,0.0,0.0,0.0,-4.738006220488798e-05,0.0,0.0,-7.993610675720978e-05
2019-09-16,-0.00010903781955423004,-9.346098818932457e-05,-0.0004903809116334125,-4.6049816212925216e-05,-8.867474790763383e-05,0.0,-0.00010903781955423004,-0.0026006118701257692
2019-09-17,0.0,0.0,0.0,7.369804520419442e-05,0.00043126821265067155,0.0,0.00019880169250612368,0.001481698164685547
2019-09-18,-0.0005216857870054785,0.0,-0.00743307607468472,-0.0002801717073105716,-0.0018647401733887432,-0.0005216857870054568,-0.001657198725942677,-0.0007722552653539221
2019-09-19,0.0,0.0,0.0,0.00011334519992939739,0.00035172007127930703,0.0,0.00022466105753012964,-0.0013224651809360661
2019-09-20,0.00151380233985254,0.0,0.002090087036883467,0.0011796780655720482,0.0014893352046095824,0.00041766793398907796,0.00151380233985254,-0.005834003914341165
2019-09-23,-0.0004497578405116774,0.0,0.0,0.0,-0.001493421326428497,0.0,-0.001329267736459777,0.0002518091047955213
2019-09-24,-0.0015249802964218478,0.0,-0.00031692917835308217,-0.0020012630244045384,-0.0015249802964218536,-0.0015249802964218536,-0.001524980296421826,-0.010031047384129193
2019-09-25,-0.0005385698753803537,0.0,-0.0001407850042261884,-0.0006457021504404788,-0.0006428224708106261,0.0,-0.0006428224708105761,0.008325964440707127
2019-09-26,0.0003200991521434463,0.0,0.0001809627076800196,0.00021190834944782643,0.0005858575601997207,0.0,0.0003200991521434463,-0.004513476844603847
2019-09-27,-0.003326819682870566,0.0,-0.004585438212143664,-0.0016377446551808015,-0.0033268196828706497,-0.0033268196828706437,-0.0033268196828706437,-0.006687216898335743
2019-09-30,0.0,0.0,0.0,0.0,-0.0007737826964897761,0.0,0.0,0.0045442659144573575
2019-10-01,0.0023825935007676913,-0.00032088158841563,0.00207071546024096,0.0012111659608148874,0.0023825935007676467,0.0017959649181041475,0.0023825935007676467,-0.013088160665230442
2019-10-02,0.0008210831534191049,0.00043161188932830104,0.0009587888529878222,0.000861822861206343,0.0007332443685684021,0.0006149440949693124,0.0008210831534190482,-0.015589354215570443
2019-10-03,0.0009073603756663098,0.0,0.0008046634499645347,0.0008006665527548788,0.0013916972408471544,0.0,0.0009073603756663544,0.007021551819105501
2019-10-04,0.0012153739752979286,0.0,0.0014565297381115842,0.00040170132347131426,0.0014286408101689871,0.0,0.0012153739752979286,0.013079381963827314
2019-10-07,0.0,0.0,0.0,0.0,-0.000974338767327453,0.0,0.0,-0.003319857771772034
2019-10-08,0.0,0.0011799575700596988,0.0,0.0012698386883086298,0.0007124019113060909,0.0,0.0,-0.014680816097974891
2019-10-09,0.0,0.0,0.0,0.0,-0.0009987237224527963,0.0,-0.00037684407211760517,0.00800286246932376
2019-10-10,-0.0001415726182443752,-0.0004020352475887202,0.0005983154230792732,0.0004898625086591723,-0.0002963084059157692,0.0,-0.00014157261824435292,0.006125220820797894
2019-10-11,-0.0069788690928290105,-0.001257874950587012,-0.0070672015057170025,-0.002142661486459161,-0.006978869092829055,-0.001796964215124269,-0.006978869092828983,0.012592237270928244
2019-10-14,0.0,0.0,0.0,0.0,-0.00019452106067275083,0.0,0.0,-0.0012004197447081867
2019-10-15,-0.001404990581598649,0.0,-0.0011711789955955187,-0.0002515625619281904,-0.0014049905815985485,-0.0008681632071161048,-0.0014049905815985268,0.010561800749424267
2019-10-16,0.0,0.0,-0.0001242210605748825,0.0,-6.065779712581932e-06,0.0,0.0,-0.0010114873155993062
2019-10-17,7.187470579834017e-05,6.999857132251373e-05,-7.747600585340096e-05,0.00011956597102705597,0.00010646159630261915,0.0,7.187470579835877e-05,0.004198026791427963
2019-10-18,0.0011579023907545218,0.0,0.0012894652157068196,0.0010140333465411793,0.0012317837022831955,0.0,0.0011579023907545218,-0.006961503374967476
2019-10-21,0.0,0.0,0.0,0.0,5.8696537883366084e-05,0.0,0.0,0.006611953722598861
2019-10-22,0.0009812956047205348,0.0,0.0009397624002358374,0.0005988996585912771,0.0007134185460962254,0.0005594912369966652,0.0009812956047205348,-0.0030371511686484716
2019-10-23,0.0,0.0,0.0,0.0,0.00017652441517817863,0.0,0.0,0.001949257397113418
2019-10-24,0.00010811174368834833,1.2440530641162097e-05,-0.00045041703210621867,-5.036076051902331e-05,9.563221642387856e-05,0.0,5.681868085116935e-05,0.0020817998001599718
2019-10-25,-0.0005257669694470013,-3.358467970781352e-05,-0.00038757319730702196,-0.0006112633910979293,-0.0005257669694469579,-0.0005257669694469572,-0.0005257669694470139,0.005567373575470389
2019-10-28,-0.0010106869258724848,-0.00047979583017724415,-0.00046420829356538015,-0.0003540761859141101,-0.001041928562883672,-0.0005331064779747085,-0.0010106869258724573,0.007140777760758381
2019-10-29,-3.595677254909554e-05,0.0,-6.96006256809973e-05,2.021034580463787e-05,-2.9284765698671663e-05,0.00017219705864863005,-3.595677254905223e-05,-0.001023469699013269
2019-10-30,-0.00017661745560347775,0.0001302859951110503,0.0,8.966169588062798e-05,-0.00012450305755907232,0.0,-0.00017661745560347775,0.0020713601930717734
2019-10-31,-0.002904875288233112,-0.00045179843392418836,-0.003450647849042545,-0.0022078247876238075,-0.002904875288233062,-0.0009685368498214083,-0.0029048752882330896,-0.0034274961389330607
2019-11-01,0.00043443855363553503,0.00013197094810961198,0.00017354304677760793,0.0003627944545382994,0.0007640309236928169,0.0001885299258709145,0.00043443855363553503,0.011521246899714281
2019-11-04,-0.00025432574530204953,0.0,0.0,-6.608258313264781e-05,-0.0006701459380379913,0.0,-0.0003945749574296824,0.004764697889696249
2019-11-05,0.0,0.0,0.0,0.0,5.7849342465269055e-05,0.0,0.0,0.00031677583521885213
2019-11-06,0.0001395702439118977,0.0,0.00012168541194836328,-0.0001985896251891783,1.788848696205663e-05,0.0,2.3078752738498227e-05,-0.0015188916250828252
2019-11-07,-0.0006717592408706282,3.0488116469971383e-05,-0.00015495387753220076,-0.0015711538090414914,-0.0007644352513145304,-0.00046834324359129424,-0.0007818570321545713,0.00469083190761237
2019-11-08,0.0001826026399390265,0.0,8.610403963290288e-05,0.0001870217101809791,0.0002858422821317329,0.0,0.0001826026399390265,0.00217232112673512
2019-11-11,2.080427326638253e-05,0.0,-7.905005215410067e-05,0.00018106211663750842,2.0804273266492733e-05,-0.00011896435285280711,2.080427326635182e-05,-0.001224323998012224
2019-11-12,0.0,0.00027881306436056217,-0.00028785597461966416,0.0,-0.00010446120990106005,0.0,0.0,0.0012661935952256614
2019-11-13,-0.0004869821055362676,0.0,-0.00038942261651510183,-0.000691851776970491,-0.0005677313430779145,-0.00017653589246863,-0.0005677313430779078,-1.0946685208778551e-05
2019-11-14,0.0,0.0,0.0,0.0,-2.320740519446112e-05,0.0,-1.5727751229515373e-05,0.0005623650089588473
2019-11-15,0.0,-0.0004077273636034202,0.00023424697890797423,0.0,9.559021134393798e-05,0.0,0.0002307172349551047,0.006854362173400004
2019-11-18,-2.7500728835001606e-05,0.0,-0.0002814513844148891,0.0,-4.7233442174846597e-05,0.0,-5.217780472684672e-05,0.0002499472240345403
2019-11-19,5.331870401884096e-05,0.00021746920570840468,-0.00034261735606760653,0.00016201254363086348,-4.876218502161282e-05,8.110799077200195e-06,4.6455954837075185e-05,0.00010878501986844186
2019-11-20,-0.0017748419063445841,0.0,-0.0012386779553558351,-0.0003578486567398401,-0.0018028297194638801,-0.0007054606350316426,-0.0017748419063446403,-0.004153896035580574
2019-11-21,1.9279619068417863e-05,0.0,0.0,0.00011500249702337017,0.0001306602852767174,0.0,1.9279619068417863e-05,-0.0025733911723712847
2019-11-22,0.0,0.0,0.0,0.0,-4.834467723013137e-05,0.0,0.0,0.0024896658984287453
2019-11-25,-3.352856672616809e-05,-0.00016968079151558947,0.0007939567705601436,0.00047935474804334355,-3.3528566726201735e-05,-0.0002021196759405174,-3.352856672618005e-05,0.011459081228054661
2019-11-26,0.0,0.0,0.0,0.0,7.138347188065311e-05,0.0,0.0,0.0016571437048045557
2019-11-27,8.770045596162755e-05,0.0,0.00024201387932737596,0.00017330274275818519,0.00014039787815269352,9.014741380287176e-05,8.770045596167215e-05,0.0048889149610827735
2019-11-29,0.0001335602080848013,0.0,0.00013356020808484467,0.00013356020808484467,0.000149492177205076,0.0,0.00013356020808484467,-0.004407345872800674
2019-12-02,5.428789046532897e-05,0.00010929726649749202,0.0017207536937090574,0.0012617368197015057,5.428789046533293e-05,5.4287890465390284e-05,5.428789046535524e-05,-0.009606393423021331
2019-12-03,4.423376171020537e-05,0.0,0.0,0.00014732596490582442,-4.697595827912744e-05,0.0,-2.8061325835607337e-05,-0.007034477373617988
2019-12-04,0.0,0.0,-0.00026567750407993624,0.0,-0.0002758230196273797,0.0,0.0,0.006069520466611638
2019-12-05,0.0,4.8514650913365495e-05,-0.0007674643320343048,1.1455920005704414e-05,4.79459216846056e-05,0.0,0.0,0.0013981883869209444
2019-12-06,-0.00016457833080815774,0.0,-0.00020373494640478035,-0.0008047047447381128,-0.0003128228946866639,0.0,-0.00016457833080810462,0.01079487450789289
2019-12-09,0.0,-0.0003671445149909905,0.0,0.0,0.00012283524279433283,0.0,0.0,-0.0032158813493220048
2019-12-10,0.0,0.0,0.0,0.0,2.52348455792595e-05,0.0,0.0,-0.0005580399654531135
2019-12-11,-3.9964143334390634e-05,0.0,-7.974600892718361e-05,0.0,-1.5221163082937918e-05,0.0,-3.996414333441294e-05,0.0022190758414187065
2019-12-12,-0.0003706258196362477,-0.0003706258196362686,0.0008227372709396543,-0.0005340751725188644,-0.00037062581963621927,-0.0003706258196362403,-0.0003706258196362477,0.008260666504416205
2019-12-13,0.0,0.0,0.0,0.0,-0.0003343051947063607,0.0,-0.0003259647514792,-3.2152034464354154e-05
2019-12-16,0.0,0.0,0.0,0.0,-0.00017193940934042743,0.0,-7.28726749721087e-05,0.006596753848830848
2019-12-17,1.4280788188053616e-05,0.0,0.0,0.0,-0.00013800323137419304,0.0,0.0,0.0015390970069730353
2019-12-18,0.0,1.4865582996721529e-05,-0.00032242070560912475,0.0,-3.254408470301796e-05,0.0,0.0,0.000541788925439574
2019-12-19,0.0004699042702985325,0.0,0.00022897154455141062,0.0005244764957275829,0.0006883865775900801,0.0002755468239590137,0.0006301148933389311,0.0047472888000961696
2019-12-20,-0.00020783393476352807,2.5563296041418616e-05,-0.0003917444375138728,-6.884339378870055e-05,-0.000186877508834977,0.0,-0.00020783393476355572,0.0034703124802463285
2019-12-23,0.0,-0.00014903491844885412,0.0,0.0,-3.4954633281372564e-07,0.0,0.0,0.0021725066159785115
2019-12-24,-0.00011552677851608763,-0.0002312854182286529,-0.00011552677851605928,-0.00011552677851605928,-0.0002107896597753062,-0.00011552677851605928,-0.00011552677851608763,0.0002988321858471281
2019-12-26,0.0006106051126037768,0.00035629683990879,0.0007242861946041947,0.0008239624409039858,0.0007808026012111372,0.0004453710498860154,0.0006106051126037214,0.0045025382239663
2019-12-27,0.00014604563941485055,0.00027431212799156773,0.0006926904531572753,-0.0009665598849925179,0.0002051887213341747,5.622271677138623e-05,0.00020518872133410605,-0.0011361009921550278
2019-12-30,0.0005638248798524182,0.000565886870852572,-0.0001423223865451907,-0.00017423266692725924,0.0005638248798524735,0.0005590135675188946,0.0005638248798524735,-0.0051948844933929
2019-12-31,0.00022948096591422266,-0.00019864707904673588,-0.0006304973869178114,-0.00017306643326416325,0.00022948096591422125,-0.0005598508817034833,0.0002294809659141659,0.001972728640089413
2020-01-02,0.0006605395091953782,0.00036745682592163723,0.0006974384341958876,0.0003870110411582407,0.0008932349230483322,0.0006605395091953782,0.0006605395091953564,0.009816106325486062
2020-01-03,-0.00091276435077886,-0.0009616436508155551,-0.0018926033788806015,-0.0009524402565128851,-0.000912764350778845,-0.0008204169760894164,-0.0009127643507788227,-0.007246835745366874
2020-01-06,0.0016169287898406895,0.000782425606020036,0.0016146893264796518,0.0012475179750799819,0.0016169287898407136,0.0016169287898407136,0.0016169287898407706,0.0035431072835274864
2020-01-07,0.0,0.0,0.0,0.0,-0.0002970875464628675,0.0,0.0,-0.0027670559542796094
2020-01-08,-0.0039918606639169525,-0.002235999798290437,-0.0026437791434287417,-0.003142046161976519,-0.0039918606639169525,-0.003991860663917002,-0.003991860663917002,0.005551493155198426
2020-01-09,0.0,0.0,0.0,-9.449777378771111e-05,5.9269282363026404e-05,0.0,2.4919356585659922e-05,0.006126755356102515
2020-01-10,0.0002746683143871474,0.0,0.0006188920908418744,-0.0010445910462362445,0.0002746683143871907,0.0,0.0002746683143872353,-0.0036207233262402776
2020-01-13,0.0009110185781928741,0.0,0.0005978743202409068,0.0007600993796068535,0.0008210509530676259,0.0,0.0009110185781928729,0.006731436296596693
2020-01-14,1.1565311832290162e-05,-0.00015385950824717577,-0.0001717078499725184,-7.779081788274487e-05,-1.2694267237927585e-05,0.00014832931916312298,1.156531183231247e-05,-0.00021914312976658093
2020-01-15,0.00018299923866329338,0.0012625705008584447,-0.0004749955785694549,0.0,0.0006130240109627306,0.0,0.0006103324405517733,0.002723730371161949
2020-01-16,0.0,0.00020865631783081057,0.0,0.00027039625320045074,0.0008447415338051871,0.0,0.00047698513670536765,0.009881000484842424
2020-01-17,-0.00017475163614981618,-8.737581807490809e-05,-4.937561670259833e-05,-6.329455765901751e-05,-0.00043894367351009195,-0.00017475163614983784,-0.00017475163614983784,0.0017777767833681859
2020-01-21,-0.0002678470637009857,0.0,0.00012177608223081463,2.477998685462303e-05,-7.94617383256993e-05,0.0,-0.00011034612592063608,-0.0037725252663364144
2020-01-22,-0.00023829322824538507,0.0,0.0,-0.00020636466859897052,-0.00031393679385947887,0.0,-0.0003139367938593735,0.0003898778401703522
2020-01-23,-0.0004943647627496193,0.0,-0.0005274455201143549,-0.00022858469503643313,-0.000503270669208158,0.0,-0.0005032706692082044,0.000695692215419428
2020-01-24,0.00024110340827037904,0.0,-0.0003846433062949095,-0.002324180574382433,0.00024110340827035735,0.00024110340827035735,0.00024110340827035735,-0.008842498991558506
2020-01-27,-0.0005905568683138979,0.0,-0.00045669097437670204,-0.0005791368449849759,-0.001441613116200994,0.0,-0.0012706485784230647,-0.015921290566023278
2020-01-28,-0.0012540789801304066,0.0,-0.0009096270438133315,-0.0005109442660433147,-0.0013800750609004324,0.0,-0.0012540789801304287,0.010136323081255219
2020-01-29,0.00020231287185239864,0.0007106402988856857,0.0002757713369346101,0.0006937042413129773,0.0008618797406287962,0.0,0.0005381666244190503,-0.0010817015564125064
2020-01-30,0.00264733186524801,0.0,0.0028961674607820556,0.0015529085865355098,0.0029823026459990768,0.0,0.002982302645999142,0.003013881336333558
2020-01-31,-0.0006967809944083225,0.0,0.00221541210527075,-0.00024142348320721626,-0.0006967809944083726,-0.0006967809944083509,-0.0006967809944083449,-0.019143635428877624
2020-02-03,-0.00033645459276777413,-0.0003028091334909945,9.239268624189482e-05,-8.57447197053559e-05,-0.0013416980261114551,0.0,-0.000997961212325768,0.009348513488121424
2020-02-04,-0.0008433173517225419,0.0,-0.0006108031215374296,-0.0002173810294664171,-0.0013282237634671457,0.0,-0.001081928606006774,0.01668710896131826
2020-02-05,-0.00014681445801284436,2.651375363427354e-05,0.000303864649880562,1.5390339373371934e-06,-0.00015145591063522743,-4.122645211084153e-05,-0.00014681445801281598,0.012018708197095497
2020-02-06,-4.336937029223152e-06,0.0,-3.819020876692726e-05,0.00010197972993947064,0.00010318334650876217,0.0,-4.336937029247209e-06,0.0032670131461688813
2020-02-07,-0.00014234470208015682,-8.544946978999427e-05,-0.00013806641896981945,0.00012094297913458136,-0.00016848879097462226,-0.00010681183723750367,-0.00014234470208017848,-0.00759719592394772
2020-02-10,0.0012949841809243947,0.000930301433860961,0.0024419927470592973,0.0012889946338182417,0.0012949841809244513,0.0010733008189709875,0.0012949841809244615,0.007789791079536512
2020-02-11,-0.0003773053648438203,0.0,0.00015704765440131938,0.00011583462903427816,-0.0003815694931628494,-0.0002472469418623176,-0.00037730536484384863,0.0019922400495941362
2020-02-12,0.0,0.0,0.0,-6.786328283931624e-06,0.00027055969347851585,0.0,0.00014264929727170723,0.008101810294073258
2020-02-13,-0.0007447345636721385,0.0,-0.0024482281077887755,0.0002747774979341843,-0.0008863249338565798,-0.0001609700269774202,-0.0007447345636721163,-0.0008965388798051065
2020-02-14,-0.0008280660115540958,0.0,-0.0009822387398487884,-0.0001202391846570435,-0.001223288194278548,0.0,-0.0008280660115540958,-4.939694952826884e-05
2020-02-18,-0.00019186054782590202,-0.0001343023834781247,-0.00023142991109912823,-0.00018196601027179493,-0.00022356077955741654,0.0,-0.00019186054782592432,-0.002567759544882847
2020-02-19,-0.00011307881314535944,0.0,-0.0013423772838963522,-1.6539307104535086e-05,-0.0008576135192244665,0.0,-0.0007244100385647143,0.005632553590931604
2020-02-20,-0.0004835642219816744,7.613892845667903e-05,-0.0007167799943290506,3.68482688664375e-05,-0.0004835642219816901,-0.0003013851554908369,-0.0004835642219816732,-0.0039441410029373465
2020-02-21,-0.0012450831726633982,0.0,-0.0005527621730869495,-0.0011357922392707842,-0.0015506513123727046,-0.00065137736035315,-0.001550651312372733,-0.011459442981343042
2020-02-24,0.0,-0.003791745932038784,-0.002128057542154458,0.0,-0.00184232267400026,0.0,0.0,-0.0344318821847403
2020-02-25,0.0016683040464793505,0.00025584336011178963,0.00465667686652446,0.0005351056698754486,0.0016683040464793505,0.00166830404647933,0.00166830404647933,-0.03064236774985677
2020-02-26,-3.187859549344569e-05,0.0,-0.0004472805932362801,9.133835201461315e-05,0.0002907235534596412,0.0,-3.187859549344569e-05,-0.0037586754746589787
2020-02-27,0.0033978300632526216,0.0,0.0,0.00569117389293554,0.007912148764168465,0.0,0.007912148764168465,-0.044119246924958125
2020-02-28,0.0,0.0,0.0023997996989422853,0.0,-0.00018592551861384065,0.0,0.0,-0.005889759390196833
2020-03-02,0.0,0.0,0.0,0.0,0.0068949602191554285,0.0,0.002515164348647671,0.04238402839725087
2020-03-03,0.0043626313859489955,0.0,0.0026925658894469302,0.004417718864752849,0.00718913224256879,0.0,0.006402933394289238,-0.027736995488772405
2020-03-04,0.0,0.0,0.0,0.0,0.0018865695863675993,0.0,0.0,0.03968882996764024
2020-03-05,-0.002833097690208699,0.0,-0.0008684642073766974,-0.0009023998126227586,-0.0043493506479172096,0.0,-0.0038539523270204245,-0.03317427498720948
2020-03-06,0.0,0.0,0.0,0.0,-0.0010881370583060517,0.0,0.0,-0.015196742701509187
2020-03-09,0.0,-0.004149869894171817,0.001302902445312591,-0.0008378621797008573,-0.0013836188381963301,0.0,-0.00033010819353800807,-0.08019691410338538
2020-03-10,0.0,0.0,0.0,0.0,-0.0008924520349697923,0.0,0.0,0.04717432379360332
2020-03-11,-0.004386480390741285,0.0,-7.367128748032495e-05,0.0007462121266294296,-0.004386480390741286,-0.0020538764365505445,-0.004386480390741256,-0.05353780162967797
2020-03-12,0.0051304748127567095,0.0,0.0024836899299407285,0.004951565670441173,0.006417488432750375,0.0008665693911138909,0.005130474812756753,-0.10002791918962568
2020-03-13,0.0,0.0,0.0,0.0,-0.011016623656744665,0.0,0.0,0.08868009810765404
2020-03-16,0.0,0.0,0.0,0.0,-0.007274869417647455,0.0,0.0,-0.12614013077964936
2020-03-17,0.0,0.0,0.0,0.0,0.0021614554175200845,0.0,0.0,0.06052119094364966
2020-03-18,-0.00774066816126462,0.0,0.0,-0.00460322647514457,-0.01851955590733971,0.0,-0.01327778150090248,-0.05504559058768074
2020-03-19,-0.0033133346486319197,0.0,-0.0021205475781088104,-0.003298172513079113,-0.006877726011277599,0.0,-0.005605385261535367,0.010207490312186575
2020-03-20,0.012653631481848816,0.0,0.009940669053044847,0.008477202016267608,0.013975434604126147,0.0,0.012653631481848872,-0.03910364288307747
2020-03-23,-0.006197051136601793,0.0,0.0,-0.0012163849783415387,-0.009570866374847753,0.0,-0.008068811002483998,-0.019452494052829405
2020-03-24,0.0,0.0,0.0,0.002029640330311309,0.005654424349798381,0.0,0.004312833810746399,0.09591217269625686
2020-03-25,-0.009863936994189523,0.0,-0.013194604811623628,-0.0074945008376274165,-0.013523011477630385,0.0,-0.009863936994189552,0.010738831235759295
2020-03-26,0.008835106023326,0.0,0.00952188375641971,0.011087822256205564,0.008835106023325944,0.0,0.008835106023326043,0.059796354419608067
2020-03-27,-0.00409739790559297,0.0,0.0,0.0,-0.012954797101810713,0.0,-0.010652434004331197,-0.03569715869394882
2020-03-30,0.0007233640823707383,0.0,0.0006048744201050179,0.00134831217294369,0.003237300667093727,0.0,0.0007233640823707383,0.03171082749822611
2020-03-31,-0.00371352749181951,0.0,0.0,0.0,-0.004420730944044906,0.0,-0.0038404449875401006,-0.012575234464508245
2020-04-01,-0.002029132830093212,0.0,0.0,-0.004944201562186978,-0.0029312067719293408,0.0,-0.002673404837143001,-0.049393683537745856
2020-04-02,0.004076485706895503,0.0,0.00461255527985967,0.002876496553053969,0.004548862913525624,0.0,0.004076485706895503,0.019349836756513212
2020-04-03,0.0,0.0,0.0,-0.006099968348836349,-0.002296284046030156,0.0,-0.001627353889410389,-0.01764054764441055
2020-04-06,0.00794645093473306,0.0008395857133753882,0.009834295325621936,0.005427938437443038,0.007946450934733106,0.0,0.007946450934733161,0.07215396281213288
2020-04-07,0.0013177927725687953,0.0,0.003895755982698316,0.007631299678286765,0.0013177927725687953,0.0013177927725688968,0.00131779277256884,0.0007435978035204851
2020-04-08,-0.0005214850406033858,0.0,-0.0006010265135314094,0.0005117188749466878,-0.00014843560899062741,0.0,-0.00018602782475546118,0.0338515075598029
2020-04-09,-0.0003274111135967772,-0.0003819796325295698,-0.0007734771979350203,-0.0003839631851989324,-0.000669690230402163,0.0,-0.0006688024448306638,0.018313016058453604
2020-04-13,-0.0002785673067655935,0.0,-0.000475562519371187,2.813018138037111e-05,-0.00033836264946922274,0.0,-3.11790048612749e-05,-0.009640395520463271
2020-04-14,9.810080517284746e-05,7.848064413831812e-05,-0.00020859222879632684,-1.1529315193729768e-05,0.00024646044209892517,0.0,0.00021065418218904478,0.029094146751820187
2020-04-15,0.0,0.0,-0.0012013713906027224,0.0,-0.00036867259679812346,0.0,0.0,-0.02285130414189826
2020-04-16,-0.000754335768479852,-0.0010283784983778172,-0.0013455813033374162,-0.0003280151786282267,-0.0007252492110146309,0.0,-0.000754335768479852,0.004305011451097327
2020-04-17,0.0,0.0,-0.00190189963019662,0.0,-0.0020195477316866167,0.0,-0.0008931318545063099,0.02759222921086662
2020-04-20,0.0,0.0,0.0,0.0,7.476086145288226e-05,0.0,0.0,-0.01718051659852564
2020-04-21,0.001408307499950773,-0.0007460823636752562,0.0011174992678120192,0.001195475839095286,0.0016542182449082138,0.001408307499950773,0.002027259426745831,-0.0293968701399486
2020-04-22,0.0,0.0,0.0,0.0,-0.0006072388752526566,0.0,-0.0003360021767650927,0.021548758522574193
2020-04-23,-0.0008384549498700812,0.0,-0.0016952614370288775,0.0,-0.0007416037068102068,0.0,0.0,0.0019936626639231393
2020-04-24,-0.000578464074492916,0.0,0.0,-0.00012014880785772828,-0.0005207733995412485,0.0,-0.0005457638008273045,0.014633481321706618
2020-04-27,-0.002077733535616212,-0.0010815428016817666,-0.0016991708683010962,-0.003472260054268065,-0.002078067493606764,-0.0013519285021022028,-0.002077733535616206,0.018047770029217047
2020-04-28,0.004319000238745671,0.0021332422623246703,0.004230735942065085,0.003841566767492339,0.005048943044160575,0.0030693132796435936,0.004319000238745671,-0.00239815207439706
2020-04-29,-0.00333527973275509,0.0,-0.002416243040746849,-0.0037017112667324676,-0.004082644022560091,0.0,-0.0040826440225601845,0.031306390497624334
2020-04-30,0.0,0.0,-0.0016868614632207738,0.0,0.00033981628174674643,0.0,0.0,-0.013754325338198524
2020-05-01,-0.0009237245558070602,0.0,-0.0012672379423565622,-0.0009431422762384132,-0.000786760576105195,0.0,-0.0007867605761051099,-0.029148653639050934
2020-05-04,0.0012488374020089266,0.0,0.0008227209911681299,0.00013914919814312043,0.0012488374020089266,0.0,0.0012488374020089266,0.004386556906876255
2020-05-05,0.0,-0.0005852888345743411,-0.004560600911956777,0.00010251942207849897,-3.600180469459798e-05,0.0,0.0,0.008130382419245566
2020-05-06,0.0010826705544768403,0.0010826705544768971,0.0012797902308671538,0.0014010547516646087,0.00199420947091992,0.0,0.001944789570080939,-0.004651008628009272
2020-05-07,0.0,0.0,0.0,0.0,-2.0071537765274377e-05,0.0,0.0,0.012252957462165462
2020-05-08,0.00017556878690905598,0.0,0.00028392193661995355,-6.376457133092987e-05,0.0005571500418481096,0.0,0.00017556878690905598,0.02106899166003889
2020-05-11,-0.0025043827162327063,0.0,-0.0033227507390532615,-0.0021319472783511125,-0.002504382716232733,-0.001573054079607114,-0.0025043827162327063,-0.0004182538885644579
2020-05-12,0.011454485048538245,0.0062625062409725814,0.01253383966107226,0.005561619583475111,0.011454485048538245,0.011454485048538245,0.011454485048538245,-0.02310310528793143
2020-05-13,-0.006466491566642415,0.0,-0.006786332410701915,-0.0039349544185903855,-0.006466491566642486,-0.0064664915666424625,-0.006466491566642513,-0.020865066287900753
2020-05-14,0.0034040713841332945,-0.001439954117676316,0.0027001979469178324,0.003718570178795567,0.00410351889837777,0.0009334984188411661,0.004103518898377772,0.011409927723813348
2020-05-15,0.0007641109551995897,0.0,0.001906547087658347,0.001388819801320974,0.0015123864389218246,0.0,0.0015123864389217812,0.006823644270383086
2020-05-18,-0.0009250030185060665,0.0,-0.000647197966561207,-0.002322968675537013,-0.001118395936272582,0.0,-0.0009250030185061225,0.03647937659992534
2020-05-19,0.0,0.0,0.0007600175463657418,0.0006584878087659433,-0.0005711343246330284,0.0,0.0,-0.01209532445892336
2020-05-20,0.0,0.0,0.0,-0.0001497064320140851,-0.00021452156016998328,0.0,-1.6387202218565556e-05,0.019929973491641436
2020-05-21,0.00035907936321220575,0.0,7.51904179746618e-05,0.00039440076774826914,0.0004910618137722864,0.0,0.00035907936321220575,-0.004812115539816939
2020-05-22,0.0,0.0,0.0,0.0,-0.00019124659413061586,0.0,0.0,0.0020741508802025214
2020-05-26,0.0008244380366147398,0.0006595504292918186,0.0013860378237443233,0.0001066441931077747,0.0016071020686599011,0.0008244380366147398,0.0016686934289262304,0.015559944063390032
2020-05-27,0.0,-0.001880743969765232,0.0,1.2044599227548988e-05,0.0007253286224850285,0.0,0.0,0.0180504600440857
2020-05-28,0.002422580794294087,0.0,0.0004645506210153661,0.0009443871606153308,0.0016853738063137063,0.0015962513380598216,0.001555371821086813,-0.007448796724380665
2020-05-29,0.0,0.0,0.0,0.0,0.0003958384248593141,0.0,0.00033319062911105245,0.0023248543944154555
2020-06-01,0.0,0.0,0.0,0.0,-0.0009676050303069742,0.0,-0.0007317089973700664,0.0059759776250840856
2020-06-02,0.0,0.0,0.0,0.0,0.0,0.0,0.0,0.008496778354508168
2020-06-03,-0.001118411539533639,0.0,-0.00010059006378374608,-0.0021181060191458496,-0.0012845031641231703,-0.00021911677774608042,-0.0011184115395336106,0.015628190228037412
2020-06-04,-0.0006377084827617158,0.0,-0.0007669082470192719,-0.0006377084827616935,-0.001125206222411357,0.0,-0.0006377084827617381,-0.0024124664074881737
2020-06-05,-0.0013246760360345969,-0.0005171113804204659,-0.0005190016447573419,2.0167880675848973e-05,-0.0017323880152162105,-0.0005745682004671595,-0.0018252046332440524,0.028538735931767503
2020-06-08,0.0,0.0,0.0008721548802344304,0.0009168260371864368,0.0015248791446643916,0.0,0.000471722404874398,0.014465444731863451
2020-06-09,-0.0022980371271801004,0.0,-0.0009015779264933948,-0.001010754861886578,-0.002911047456695545,-0.0007279418242974024,-0.0015914321195331382,-0.007417648495395806
2020-06-10,0.00047429616038011254,0.0012998480826814087,0.0014139018507523405,0.0002447287083297569,0.0008927318835113597,0.0,0.00047429616038011254,-0.007839823005060583
2020-06-11,0.00014154012604165558,0.0,0.004573456836942465,0.006592181658190623,0.00014154012604167726,0.0001415401260417176,0.00014154012604167726,-0.06249212036566548
2020-06-12,-0.009461352607341128,0.0,-0.007496066819106708,-0.004090137522437715,-0.00946135260734108,0.0,-0.009461352607341057,0.015209797048139987
2020-06-15,0.00405563368065922,0.0,0.001516270338349676,0.004683254284252028,0.004055633680659166,0.0014817816927368433,0.004055633680659164,0.01215119986906743
2020-06-16,-0.0005154285937920477,0.0,0.0,-0.0008370561106701466,-0.0012117236422839186,0.0,-0.0005154285937920477,0.020316782733431064
2020-06-17,-0.00011718117645922168,0.0,0.0,-8.253839762450255e-05,9.51912944569061e-05,0.0,-0.00011718117645922168,-0.006719730698471761
2020-06-18,0.0,0.0,0.0,0.0,0.00023570444999333986,0.0,-1.7705667403388974e-05,0.00046706571733587236
2020-06-19,0.0037307510927865268,0.0006454173451471906,0.002227226346154988,0.004373216483536725,0.0037307510927866282,0.0034982832829316907,0.0037307510927865276,-0.005248609485348043
2020-06-22,0.0,0.0,4.9408044219067574e-05,0.0005288728847630153,0.0017463302860140765,0.0,0.0010633186007562045,0.008798401571953598
2020-06-23,0.0,0.0,0.0,0.0,0.0003179311776571913,0.0,0.0,0.005211264653457455
2020-06-24,0.001949069693091492,0.001479583330216839,-0.0014792853819837436,0.004275374099771058,0.001949069693091492,0.0019490696930915354,0.0019490696930914814,-0.026021367136446844
2020-06-25,0.0014915780716308372,0.0,0.0,0.0014166856985757981,0.001708526679145809,0.0,0.0014915780716308372,0.011293332149525251
2020-06-26,0.0016589431888118203,0.0,0.001426962968028266,0.00379210877278921,0.0016589431888118203,0.001142434201112555,0.0016589431888119417,-0.02541856572630121
2020-06-29,0.0019993110990231943,0.0,0.0019735319019890665,0.001953817364853982,0.0030684727744882904,0.0,0.001999311099023151,0.02028898728874017
2020-06-30,0.0016163548316669068,0.0004634369962347204,0.001981821912827391,0.0008394944545918787,0.0022514310766857584,0.0006620528517638385,0.0022514310766858017,0.0125791543722099
2020-07-01,-0.0005779506566650673,0.0,0.000266224317705141,-0.0007711174060514714,-0.00036310556931732404,-0.0005779506566650896,-0.0004780734104561843,0.0021714230645449974
2020-07-02,0.0003907171616836519,0.0,0.0006840055668107992,0.0004060221338866787,0.0011872182940501044,0.0,0.00098990483518359,0.0050686386913457926
2020-07-06,0.0004285057239197575,0.0,0.00029291739140234593,0.00035779151331281526,0.0004285057239198056,0.0,0.0004285057239197575,0.016296583499408906
2020-07-07,0.0,0.0,0.0,0.00030300440283276015,0.0008799579720636281,0.0,0.0,-0.012497904553221197
2020-07-08,0.0,0.001030782560540648,0.0,0.0,0.0007907568990024639,0.0,0.0,0.008636279650058074
2020-07-09,-0.0012156529227705282,-0.0002131962409621533,0.0015743123313065573,-0.0008975780835458629,-0.0013429421377569835,-0.0007616267671178463,-0.0012156529227705223,-0.007935173750639507
2020-07-10,0.0003827691854622867,0.0,0.001644192253380672,0.0010653132658289646,0.0005154387978875666,0.0,0.0005154387978876111,0.011997568629713112
2020-07-13,0.006048672564538398,0.0014391744483180729,-0.0007736450626324633,0.005043630975525872,0.0060486725645384435,0.002176597346052081,0.0060486725645384435,-0.00957242008668489
2020-07-14,0.0020776242424810484,0.0,0.00220636495847936,0.001305045024556231,0.0036037257768076645,0.0009023835905822768,0.002872553789586734,0.014758359970357834
2020-07-15,-0.00034659722141491974,0.0,-0.0012290227476347503,-0.0006614807398580677,-0.0009034470949514946,0.0,-0.0008112973434298144,0.01325212589633494
2020-07-16,0.0,0.0,0.0,0.0,-0.00013968344351210393,0.0,0.0,-0.005291167762810225
2020-07-17,0.0,0.0,0.0,0.0,3.6113118372633145e-05,0.0,0.0,0.0012144423960371987
2020-07-20,-4.955869376759917e-05,0.0002794739176513007,0.001325350456183331,-0.0004949432258155059,-0.00029956754498597403,-4.955869376762682e-05,-4.955869376759917e-05,0.007817043293184613
2020-07-21,0.00016805902066081033,8.701092563637896e-05,0.0010895704920067524,0.0002543123127822421,0.00023243148651276745,0.00014195485914897434,0.0001680590206607489,0.002993307615329552
2020-07-22,0.0003442744790520056,0.0,0.0005382058139947669,0.00010208548320410907,0.0008593777164129254,0.0,0.0007239005987574742,0.004278529201671728
2020-07-23,-0.0012981720445428867,0.00021815227838319404,0.00015738738251292183,-0.0006321165335296131,-0.0012670074333452628,-0.001298172044542836,-0.0012981720445428583,-0.012537902588704668
2020-07-24,-0.00039250645701155256,0.0,0.0,0.0,-0.0006471070460544847,0.0,-0.00039250645701153087,-0.009224226359284828
2020-07-27,-0.0001915919454973504,0.0,0.0,4.1313086456132715e-05,0.00011211032683069606,0.0,1.835881861729748e-05,0.009647437820929904
2020-07-28,0.0,0.0,0.0,0.00018481192984551553,0.0007627723101763292,0.0,0.0003902627808704158,-0.008811434221375656
2020-07-29,0.0001513208841754132,0.0,0.001345413794554456,-0.000538333439190477,0.00010985796635106711,0.0002851134226697681,0.00010985796635103943,0.012314124156249273
2020-07-30,-0.0010247752408985085,0.00023876631028809997,1.2513472562550316e-05,-8.780599091163574e-05,-0.0011414694673862252,-0.0007604108927367437,-0.001141469467386226,-0.0029245470211485946
2020-07-31,-0.0014881585155638705,0.0,-0.005156590896735419,-0.001209272448943453,-0.003272215838955663,0.0,-0.002096459140085533,0.005300998046987982
2020-08-03,-2.478793436471033e-05,0.0,-7.935530314573195e-05,-7.934978540052569e-05,-0.00015083303100454294,0.0,-2.478793436471033e-05,0.010897003151135919
2020-08-04,0.0004841296088479492,0.0,0.000866768167255159,0.0008915005398354924,0.0011098560936517695,0.0,0.0009203533206225767,0.0052371134079359
2020-08-05,0.0008031542954553797,0.0,0.0009948863855219173,0.0008895482645165436,0.0008420495719678264,0.0,0.0008031542954553363,0.010387374079462112
2020-08-06,0.0002475765373341478,0.0001221814587109432,0.0004914467777230819,0.0006405158633915342,0.0002136932010913024,0.00024757653733417005,0.00024757653733420307,0.0066856029743639816
2020-08-07,0.0001692483284697398,0.0,0.0001282990905612934,0.0006109532271129397,0.00037409487012767277,0.0001692483284697398,0.00016924832846969512,0.001825602295334747
2020-08-10,-0.0003677091232602666,-0.00033564608745302024,5.2776070760358955e-05,-1.918214574363978e-06,-0.0007407209101102716,0.0,-0.0007581249985204009,0.00577706069757314
2020-08-11,0.004505255308370572,0.0,0.0,0.0025992459529491675,0.005593292637186321,0.0,0.005593292637186321,-0.008799609083831282
2020-08-12,-0.0006346242501033914,0.0,-0.0004970321342237149,-0.000195205668467883,-0.0007731818950077252,0.0,-0.0006346242501034191,0.013342646208253392
2020-08-13,0.0,0.0,0.0,0.0,-0.0001830044790917862,0.0,0.0,-0.0011398090495158175
2020-08-14,0.0,0.0,0.0,0.0,-1.8090735307194457e-06,0.0,-0.00037347309497593595,-2.0922826158235777e-05
2020-08-17,-0.00022197334299086405,0.0,-2.9169422036111375e-05,-0.00022934882391006356,-0.00019885975035021953,0.0,-0.00022197334299087012,0.0037117691635057655
2020-08-18,-0.00020041582230253196,-5.0361329715336605e-05,-0.0002002687946169453,-0.00027349043319388987,-0.0002668392196432995,-5.0361329715358275e-05,-0.00021706253235203037,5.713513235941774e-06
2020-08-19,0.0006041014501139304,-0.0004968151145424301,0.0,0.0003733416556651455,0.0009097115219122872,0.0,0.0006041014501139859,-0.0034242444367935743
2020-08-20,0.00046280083847136957,0.00025199358224282573,-5.241558890644414e-05,-0.0013669582956951697,0.0004628008384712913,0.0003103621029894968,0.0004628008384713682,0.0034288930739640516
2020-08-21,-0.0006982799141795272,-9.063879267436535e-05,-0.00043388781096285344,-5.751253872733889e-05,-0.0006982799141795549,-0.00012948398953477523,-0.0006982799141794988,0.0030009382144817807
2020-08-24,-0.000664466291881837,0.0,-0.0010926305785154081,-0.00035261036338259046,-0.0005662633227359388,0.0,-0.0006644662918818147,0.010488783884291197
2020-08-25,-2.4480637923292982e-05,-5.03865679950563e-05,-0.000335463957309937,-0.00013342820809709015,-3.465272992133083e-05,0.0,-2.4480637923337577e-05,0.002260447659370794
2020-08-26,0.00014604224835102183,0.0,0.001997030383354505,0.0006147218876940304,0.00014604224835096654,4.948073946998993e-05,0.0001460422483510111,0.006909603581251155
2020-08-27,-0.0011637569118002743,-0.0016153026414557207,-0.0009795077898945303,-0.0005723109480098432,-0.0015532711700003373,0.0,-0.001163756911800303,0.0021732198728275313
2020-08-28,0.0,0.0,0.0,0.0,-0.00018969476240168211,0.0,-0.00028328099501791877,0.006471002538433058
2020-08-31,0.0006839681283455281,0.0012206345190268837,0.00036824246389560765,6.620531601131223e-05,0.0005913289109299568,0.0,0.0006839681283455281,-0.003964507326774587
2020-09-01,0.0015668491170311623,0.0,0.001615323322916761,0.0011349699231132044,0.002234525669351902,0.0,0.0022345256693518016,0.011442239979485291
2020-09-02,7.355627949093074e-07,-0.00024596199361002737,0.0014243287448432711,-0.001581488658968702,3.6531813008339924e-05,7.355627948785973e-07,7.355627949093074e-07,0.012140522777682364
2020-09-03,-0.007095844373904065,0.0,-0.0032368413651987283,-0.0016741903575575293,-0.007095844373904092,-0.007095844373904087,-0.007095844373904065,-0.03495948394529914
2020-09-04,0.0,0.0009445664076487097,0.0007099893237990356,2.5689634430334982e-05,0.0014945263085932134,0.0,0.0008264956066926265,-0.008114231997553036
2020-09-08,0.0,0.0,0.0,0.0,0.0009433514156444792,0.0,0.0,-0.028579206109755548
2020-09-09,-0.0036216423842210226,0.0,-0.002817695255809285,0.0,-0.004693988075519802,0.0,-0.003621642384221024,0.01945204700034237
2020-09-10,4.922402791689784e-06,0.0,0.005529390318494436,0.0033771512471490535,4.922402791591088e-06,-0.0004563509544728659,4.922402791667504e-06,-0.015980050258695942
2020-09-11,0.0,0.0,-0.0009124509423693826,-3.577717074838684e-05,0.0003575807247057517,0.0,0.0004110694282862163,-0.00152576087394835
2020-09-14,0.00020903799748111254,0.0,1.0351035076064786e-05,-0.00015745149397060294,0.0002907433127667469,0.0,0.00020903799748111254,0.01656519000545912
2020-09-15,0.0,0.0,0.0,-0.000788825073114388,-3.513829357974175e-06,0.0,-1.9584483756570857e-05,0.005180125793128276
2020-09-16,0.0009787044657879995,0.0,-0.0018588846966903355,0.0010138756278939899,0.0009787044657880212,0.0,0.0009787044657879995,-0.002268457532803343
2020-09-17,0.0,0.0015012530648173788,0.0,0.0,0.0008011089957930548,0.0,0.0,-0.008723756757372733
2020-09-18,0.0004101292069177705,0.0,-0.0011347465925393846,0.00043591426567715923,0.0005836776396740096,0.0,0.0007199727372291264,-0.009253309302664242
2020-09-21,-0.000636918950525526,0.0,-0.004455337697245144,0.0004756929993393301,-0.0005567753883841836,0.0,-0.00020694051835802346,-0.014761555173203291
2020-09-22,0.0,0.0,0.0,0.0,7.045661877086075e-05,0.0,0.0,0.009897740911935276
2020-09-23,0.0033246710807722244,0.0,0.002767871048112777,0.0036302324456354714,0.003324671080772168,0.0033246710807722695,0.0033246710807722244,-0.025062372253553206
2020-09-24,0.0,0.00069375839339637,0.00025960875546248444,-3.344240991623413e-05,0.000990710333894553,0.0,0.0006937583933964146,0.0022735935226245087
2020-09-25,-0.001987882991966606,0.0,0.0016190780718944454,5.732876777456211e-05,-0.001987882991966611,-0.0017502094351758103,-0.001987882991966611,0.016973374204244586
2020-09-28,-0.00028273630674662784,0.0,-0.0003105973455068017,-0.0004069274819772504,-0.0006808049502087204,0.0,-0.00028273630674660615,0.018897084768756095
2020-09-29,0.0,0.0,0.0,0.0,0.0002597114182294246,0.0,0.0,-0.005052889204179228
2020-09-30,0.0005234307806887562,0.0013317960006717301,-0.002364539395966363,0.00034069417049291823,0.0007302314634809691,0.0,0.0007359555825710618,0.007870992780997043
2020-10-01,0.0,0.0,0.0,0.0,-0.0005198786553507296,0.0,-0.0003997406734246934,0.00908827350885864
2020-10-02,-0.002643590676503391,-0.0010866057386616982,-0.0026970540692570323,-0.002494608583955008,-0.002483873737015967,-0.0007787953024802841,-0.00264359067650339,-0.009252222445751784
2020-10-05,-0.00021360392999992647,0.0,0.0008622032362083996,0.0003769438016120077,-0.00021360392999995122,0.0,-0.0002136039299998809,0.020430866938092714
2020-10-06,0.00234718060960572,0.0,0.003987318767307012,0.0013040703446989205,0.0028353161791529217,0.0015030300217875494,0.002347180609605777,-0.012342384390478117
2020-10-07,0.0,0.0,0.0,0.0,-0.001121849115807712,0.0,-0.0011218491158077005,0.018839000560583498
2020-10-08,0.0,0.0,0.0,0.0,-5.019143474935279e-05,0.0,0.0,0.007365395403422211
2020-10-09,0.0002033678401059659,0.0,0.000494081902809449,0.00026181925762111985,0.00017604381978660993,0.0,0.00016533214725389814,0.00862724108207112
2020-10-12,-0.002228713186023944,0.0,-0.0027689685126670235,-0.0010365995949042394,-0.0024129949734884542,-0.0015576990071080243,-0.0022287131860239213,0.0152965422933007
2020-10-13,0.0,0.0,-0.00036699891439475506,0.0,0.0004926134755861006,0.0,0.0,-0.004960218972719678
2020-10-14,0.001403326705032973,0.0,0.0005636336949483502,0.0009167297868361438,0.0016898239620321755,0.0,0.0016898239620321755,-0.007092544264302244
2020-10-15,-0.0010470293637759188,0.0,0.0005145028685612353,-0.0013678314896359133,-0.001047029363775975,-0.0006062971937972692,-0.0010470293637759533,3.534857190455571e-05
2020-10-16,0.0,0.0,0.0,0.0,0.0004803124303890762,0.0,0.0,-0.000865059231170398
2020-10-19,-0.00020601532700455447,0.0,0.0009808043306852707,0.0004723977447508134,-0.00020601532700451655,-0.0002060153270045395,-0.00020601532700456718,-0.014312049169647276
2020-10-20,0.0,0.0,0.0,0.0,-0.0002320422601677838,0.0,0.0,0.0030091105097541687
2020-10-21,0.0,0.0,0.0,0.0001692456207344729,-0.0010422217235847753,0.0,0.0,-0.003633285011181585
2020-10-22,9.381700964351967e-05,0.0,0.000559117311435819,-6.412983140506052e-05,-4.258879210130396e-05,0.0,-7.819251204429416e-05,0.0071834593399984735
2020-10-23,0.0,0.0,0.0,0.0,-0.000574132162143307,0.0,-0.0001903299508623536,0.002328766802386524
2020-10-26,-0.0034644708159281175,0.0006030768632472145,-0.0036704366519745724,-0.00334324108606637,-0.0034644708159280195,-0.00272728114083288,-0.0034644708159280247,-0.01966702700345678
2020-10-27,0.0,0.0,0.0,0.0,0.0005232998013457097,0.0,0.0,-0.0034116497699611453
2020-10-28,0.005125940773085698,0.0016004141708842836,0.004955057266514865,0.0039748965892683116,0.0055167328421019835,0.002000517713605321,0.005125940773085742,-0.0342978233182091
2020-10-29,-0.004687631957642176,0.0,-0.004460220590149775,-0.002635695614056268,-0.004687631957642096,0.0,-0.004687631957642125,0.010207215866013534
2020-10-30,-0.0076143951104100435,0.0,-0.007658622650167738,-0.003951609974791412,-0.007614395110410071,-0.0016670073125265117,-0.007614395110410021,-0.012503491410323002
2020-11-02,0.0,0.0,0.0,-0.001013462739460277,-0.0002249639566389149,0.0,-0.00034764008081029566,0.011610484574772392
2020-11-03,-0.0007118818239707031,0.0,-0.0002661781440500998,-0.0030848459972703988,-0.0011412105775877826,0.0,-0.0011412105775877677,0.0205980487137128
2020-11-04,0.0003374337555235366,0.0003396911015613742,-0.003986125961203483,0.00011061239766260042,0.00033743375552358005,0.0,0.00033743375552356563,0.020322613790774647
2020-11-05,-0.00024677173298252647,0.0,-0.0003452953749919412,0.00027530963035406333,-0.000721180046747358,-0.00024677173298252647,-0.0002467717329825048,0.02275636218228841
2020-11-06,-0.0003346328072919802,-0.0004616195788482192,5.769320832847689e-05,0.00021035647527175455,-0.000327957927840627,-0.0003346328072919802,-0.0003346328072919368,-0.0021563251459693336
2020-11-09,0.010618700208850008,0.007733989074451373,0.014204029347315654,0.010768361655921266,0.010618700208849866,0.010618700208849967,0.010618700208849866,0.015344160972724674
2020-11-10,0.0,0.0,-0.00017598972607111993,0.0,-0.00012717165386127164,0.0,0.0,0.0021629232562293764
2020-11-11,-0.0015950368152329048,-0.000901099463788317,-0.0004967649959043347,0.0,-0.0014588290384637396,0.0,-0.0012597622797996346,0.006757939460903215
2020-11-12,-0.0035725407381372995,0.0,-0.0032865222696336215,-0.003490577677091167,-0.0035725407381372778,0.0,-0.003572540738137328,-0.010051250439966073
2020-11-13,0.00019933761234410165,3.155669071630467e-05,-0.000175849499155479,-0.001783374907267364,0.00031884647191078347,0.0,0.00026504539352952184,0.014236631157227307
2020-11-16,0.0,0.0,0.0,0.0,5.946299868199217e-05,0.0,0.00035953858260905986,0.014677325885202704
2020-11-17,0.00038708549429771605,-0.000594766982860543,-0.00016090702150052015,0.00015963199929998193,0.000449222161587633,0.0,0.00038708549429775936,-0.0026223659251410503
2020-11-18,0.004110620574349788,0.0,0.0017179656093909595,0.0028714721809123553,0.003360056192662126,0.0,0.004110620574349725,-0.01126960794489345
2020-11-19,-1.7608331385948584e-05,0.0,-0.0002349384677827896,-0.0003649114378397952,0.0005168190397336302,0.0,0.000413314818382837,0.004979383871612606
2020-11-20,0.0,0.0,0.0,0.0,0.000813533381684066,0.0,0.0003654341544367513,-0.005246028832925364
2020-11-23,-0.000685898550244659,0.0,-0.0012825347160721817,-0.00036009333345861713,-0.0006377607485567884,0.0,-0.0006858985502447157,0.009110463412332986
2020-11-24,-0.0004351975217723484,0.0,-9.376546132723682e-05,0.00037945723020592364,-0.00046547198592716,0.0,-0.0004654719859271817,0.01602406426843347
2020-11-25,0.0,0.0,-0.00016964575802259912,0.0,-0.00014926502143910983,0.0,-0.00015105751645226397,-0.0013886296076190251
2020-11-27,0.0,0.0,0.0,0.0,5.002320682298609e-05,0.0,0.0,0.004214191059478683
2020-11-30,-0.0009431059081730626,0.0,0.0006838975120563969,-0.000546739741882909,-0.0010287872536746468,0.0005415668486578582,-0.0009431059081730753,-0.007407960868027677
2020-12-01,8.596194517750474e-06,0.0,-0.00031767927088080907,0.0,0.00017965499793275465,0.0,8.596194517750474e-06,0.009907006302189682
2020-12-02,9.69610743362667e-05,0.0,-5.731815861255275e-05,-0.000574349166412258,0.00029213746289981086,0.0,0.00022765714976817988,0.001717638584378832
2020-12-03,-0.002842902015723745,0.0,-0.0011526409544415181,0.0,-0.0031080729317065976,0.0,-0.0028429020157238237,0.00219959711454985
2020-12-04,0.00018741194132284632,0.0,0.00073625272492443,7.696763218024779e-05,0.0009437355155581817,0.00018741194132284632,0.0005526742847201072,0.010794156154236761
2020-12-07,0.0001348722137261322,0.0001348722137261322,-0.0002613771784164994,-0.0006026625477015946,-5.024749564155738e-05,0.0,-1.0375538364673501e-05,-0.00045410037607372504
2020-12-08,0.00015900732000256627,0.00045357698279947697,0.00016855415228327698,0.000300024944140047,0.00015900732000251024,0.00045357698279947697,0.00015900732000256627,0.005299657507866131
2020-12-09,-0.002592581300856441,0.0,0.00030035945056698275,0.0008774340325202574,-0.0025925813008564978,-0.002592581300856447,-0.0025925813008564193,-0.010231145139705826
2020-12-10,-7.50657672765999e-05,2.633086205444469e-05,0.0009545923922402886,-0.0002527997270642828,-0.00022018612130280003,3.761551722066004e-05,-0.00016120342051441182,0.002448021660518983
2020-12-11,0.0,0.0,0.0,-5.168169584064926e-05,0.00016025976664485749,0.0,6.364554538546463e-05,-0.001345697925259397
2020-12-14,0.0015209742153197256,-0.0008513770194481077,0.0019585894095040255,0.000660288189521094,0.002031356742936617,0.0,0.0015209742153196924,-0.001320847100987643
2020-12-15,0.0005274335520489129,0.0,0.0006504196112110399,0.00048427643785301715,0.0009856683740803117,0.0,0.0005274335520489129,0.01493255143987108
2020-12-16,-0.0002588900380050285,0.0,-0.00011433344836287079,-0.0003006788342622617,-0.00028313792254855527,0.0,-0.0002588900380050061,0.0005906806338211157
2020-12-17,0.0,0.0,0.0,0.0,0.00017275817523911078,0.0,0.00028432304931240166,0.006826290604868493
2020-12-18,-0.004188212736535727,-0.002738827696977345,-0.003070689494801911,-0.0026628113648435392,-0.004188212736535714,-0.004081476970857717,-0.004188212736535698,-0.004001067582606097
2020-12-21,0.000723365466523753,0.0003966144417350756,-0.0001603651592508221,0.0020270974266124444,0.0007233654665237681,0.00037985495747057917,0.0007233654665237518,-0.0009500620339629345
2020-12-22,-2.0712036423093075e-05,0.0,-1.4214348356615347e-05,-4.440234313273757e-05,-0.00014605878526650128,0.0,-2.0712036423093075e-05,0.0004848433874769136
2020-12-23,0.0,0.0,0.0,0.0,-0.0005784657625697124,0.0,-0.0004140728953734233,0.0020960526151600815
2020-12-24,-4.225945356686937e-05,0.0,-4.225945356689104e-05,-4.225945356689104e-05,9.478972621126722e-05,0.0,-4.225945356686937e-05,0.0027126751369608306
2020-12-28,0.000501644964463144,0.0,0.0012791182804341799,0.000326785584992073,0.000434815067620836,0.000501644964463144,0.000501644964463144,0.005579637331414561
2020-12-29,0.0009011820693537267,0.0007661340393313336,-0.0010599496497880644,0.0006901705618235461,0.0009851412716509005,0.0009011820693536714,0.0009011820693537267,-0.005080015615859565
2020-12-30,-0.000265867041341038,-0.00020173367293587125,-4.959815932170101e-05,-0.0001981916353035513,-0.00030965181394051105,0.0,-0.0002658670413410596,0.0033128795120317797
2020-12-31,0.0006559398273706007,0.00027640172138478097,0.0004509464611678736,0.0007492209079682306,0.0006866511297467283,0.0,0.000655939827370656,0.00308268205554501
2021-01-04,-0.0031669710805664244,-0.0029891400090943207,-0.0021208737469197983,-0.0006914040413263401,-0.0031669710805663975,-0.003166971080566431,-0.003166971080566419,-0.012978947364158267
2021-01-05,7.12455059620504e-05,-0.00032787374703447156,-0.000289606345859999,-0.0013998216891646835,-2.456433700276287e-05,0.0,-2.456433700276287e-05,0.008568685863462277
2021-01-06,-0.00030539982872987485,-0.00034877336101161825,-0.0010297695590557167,-0.00018398640384045974,-0.0006440453597365433,-0.0003053998287298592,-0.0006440453597365717,0.011626268132351656
2021-01-07,-0.0006644911299947946,0.0,-6.156387476527231e-05,-0.0006229595706445225,-0.0006156217112163482,0.0,-0.0004965716882307584,0.015370955507741414
2021-01-08,-0.0006445371139772564,0.0,-0.0011667898501736686,-0.00048277701786779523,-0.0006771859999371997,0.0,-0.0006445371139772348,0.004491668354036303
2021-01-11,-0.00024091688687226246,0.0,-0.00045488311050296567,0.0,0.0002510340104991053,0.0,0.00022044660651079743,-0.00610387446444685
2021-01-12,0.00042960536017767914,0.0,0.00045165955169807663,0.00026434160959282665,0.00037542381423707235,0.0,0.00042960536017767914,0.004231139891499784
2021-01-13,-0.00038712518669758045,-0.0002709876306882977,-0.00010179617772972108,-0.0003786757936753967,-0.00037992421209547927,0.0,-0.0003633285165624457,0.00044531919148333007
2021-01-14,0.00018667543788101093,-0.00029451248592623347,-0.0008857953727718976,-0.0003332954832046547,0.0004806871680344168,-0.0003681406074078298,0.0004806871680344506,0.0016138848488803075
2021-01-15,0.0,0.0,0.0,3.2170654209981127e-06,-0.0001248195628803429,0.0,-8.003442336643234e-05,-0.008510656289100712
2021-01-19,-8.512000574095277e-05,0.0,-3.843020031044776e-05,-0.0001941722237575342,-8.462975696711584e-05,0.0,-8.512000574095277e-05,0.009213461371874381
2021-01-20,-0.0008656465561055123,0.0,-0.0006387408805479461,-0.001538255548897091,-0.0008894802059986203,-0.0008207050028381464,-0.00086564655610554,0.012214646806050566
2021-01-21,0.0004510917015867928,0.00064221130439441,0.0003951711664365696,0.0003430839633238111,0.00038106072343060114,0.0,0.0005137690435155454,0.0003480192911708774
2021-01-22,-0.0006137926001180693,0.0,0.0006650829508267173,-0.001082869183747658,-0.0008994960687562197,0.0007469743940905163,-0.0006137926001180693,-0.0008765339331043285
2021-01-25,-0.00127856978067999,0.0,-0.0013609666097723933,-0.00045304203573902173,-0.002141262712462178,0.0,-0.0012785697806800122,0.002551621320740302
2021-01-26,0.0004423071057693806,0.0,0.0,0.00027366870478057344,0.0006414928394650833,0.0,0.0004423071057693155,-0.0019455428750589547
2021-01-27,-0.0018496950221697536,-0.0017651417630856602,-0.000498037796519826,-0.0030980701650853842,-0.0020829111487253495,-0.0018496950221697991,-0.0018496950221697545,-0.022275603509101214
2021-01-28,-0.0006562937124252427,0.0,-0.005425626708554138,0.0,-0.0018498911914760052,0.0,-0.0014322545510292845,0.00533399559646861
2021-01-29,0.004068180328359082,0.0,0.0005155427328443228,0.002392279545700226,0.004068180328359047,0.0,0.004068180328359102,-0.019140201935869967
2021-02-01,-0.00026705523174575896,0.0,-0.00027848200058369025,-0.0004738421297067415,-0.0005763128648808839,0.0,-0.0003459899230554799,0.017420372092461674
2021-02-02,-0.0019498674277417234,0.0,-0.0025941033770418512,-0.0008953903866234398,-0.0019542032889627026,0.0,-0.0019498674277417518,0.015141990143991643
2021-02-03,0.00012910409879311708,0.0,0.00024046996794366824,0.00018266143118804824,0.00016490391497932998,0.0,0.00012910409879304411,0.00027377795620061424
2021-02-04,0.0013540973060844242,0.0006118691047568673,0.0011707828519723702,0.001453795428316547,0.0016247742100394822,0.00011612360976229846,0.0016247742100394822,0.013464062719420923
2021-02-05,-0.00027688853259600407,0.0,-0.00011487225939454644,-0.00012951033046305243,-0.0005592549987395669,0.0,-0.00046736094957403133,0.005571163818320766
2021-02-08,0.0007871005439163967,0.0006296804351331173,0.0008899868201497146,0.0003150741924821267,0.0007900117252461616,0.0007871005439163967,0.0007871005439163967,0.011117788648611855
2021-02-09,-0.00012217791046210605,-0.00015961510657768412,-0.0011386743545184596,-0.0008961415321516188,-0.00020155769236683218,0.0,-0.0002418892403953296,0.0009072888897315798
2021-02-10,0.0008937049229268779,0.0,0.0019166515417513045,-0.00220190083750386,0.0009521040052037529,0.00018038808076719775,0.0008937049229268983,-0.0014896708536155762
2021-02-11,0.0,0.0,0.0,0.0,-0.0005836096118684978,0.0,-0.00021021839622469793,0.0015298967099840076
2021-02-12,0.0,0.0,0.0,0.0004301382975740844,0.0010625436114223238,0.0,0.0005198594072238989,0.003557151296264786
2021-02-16,0.0007123214528007531,0.00036471336804653185,0.0004958500539343434,0.000342926948476411,0.0007422867646758485,0.0005210190972093033,0.0007123214528008084,-0.0017276919881085713
2021-02-17,6.510056813671081e-05,0.0,6.545558020946473e-05,2.6190410370433806e-05,0.0001565614666958263,0.0,6.510056813676613e-05,-0.0016911578004958575
2021-02-18,-0.0004745573255272461,0.0,-0.0002475781838568754,-0.0008656870544486816,-0.0003560032663463494,0.0,-0.0006259721617323542,-0.006607300133684153
2021-02-19,0.0005787816931531535,0.0,0.0004085650655605583,0.00035223951859267137,0.00083949534888248,0.0,0.0007874249716934114,0.003017531180946492
2021-02-22,-4.127777517242494e-05,-0.00013137872488091566,-0.0032656143948637424,-0.00012808662611330792,-0.0002199935564267544,-0.00047967118667692396,-4.12777751724695e-05,-0.008890768842957138
2021-02-23,-0.0036483515410724804,0.0033629093443508077,0.0011925074681491744,-0.0015575744190556426,-0.003648351541072509,-0.0020577930336715235,-0.003648351541072515,-0.0021448361786135656
2021-02-24,0.00010162412913967953,0.0,0.0016294038780524987,0.0003091740810510406,0.00010162412913962346,-0.00036709820198648066,0.00010162412913956397,0.01368038647515561
2021-02-25,0.0007908546187432129,0.0,0.006607575316694774,0.0008424834143523055,0.0007908546187431479,0.0007908546187431755,0.0007908546187431479,-0.027442702848058484
2021-02-26,0.0014733246990195669,0.0,0.0016638491835197196,0.0018825089380616058,0.0020939529316513113,0.0,0.0014733246990195669,-0.00465819143031051
2021-03-01,-0.00043604830813774944,0.0,-0.0013156719720265266,0.0,-0.0009229805596546497,0.0,-0.0009229805596546467,0.026639774445627533
2021-03-02,0.0013836640600806325,0.0,0.0021219892739653755,0.0012601489075514533,0.0018778884551583972,0.0,0.0013836640600806325,-0.011222198389333693
2021-03-03,0.0014972623621578394,0.00045109120027506154,0.0014214672094010768,0.0016717511180115996,0.002021024038050989,0.0006444160003929769,0.0014972623621578394,-0.013555428524964512
2021-03-04,-0.00235380666694149,0.0,0.0017086854779346644,-0.0004461045869881217,-0.0023538066669415133,-0.001491374962621879,-0.00235380666694154,-0.01600105636930575
2021-03-05,0.0,0.0,0.0,0.0,0.00024668655280278107,0.0,0.0,0.017908501410817037
2021-03-08,0.0007417714830473453,0.0,0.0003713737582875735,1.9219519156081846e-07,0.0004377030944491265,0.0,0.00015738781645087342,-0.0037561030570924057
2021-03-09,-0.0011022754311597275,0.0,-0.0007673160097152723,-0.00048237084637319774,-0.0027798502725706873,0.0,-0.001937818264704854,0.01743718435307477
2021-03-10,-0.0001636617177598625,1.1130722175800846e-05,8.972952620287065e-05,-4.422356810983657e-05,-0.00019943463689917946,0.0,-0.00016366171775979556,0.009182715096714804
2021-03-11,0.00015458950469791525,0.0,0.0,0.00012454081226952237,-0.0006353158586911731,0.0,-0.0002390034887055584,0.014387278448545095
2021-03-12,0.0003467116512950159,0.0,0.0004142868858591392,4.590477183652757e-05,0.000836039962424655,0.0,0.0003467116512950159,0.0027225081232916497
2021-03-15,0.0,0.0,0.0,0.0,0.00024016675977969244,0.0,0.0,0.006174625547723864
2021-03-16,-0.00012314652201154882,-9.851721760926071e-05,-0.00029455934643433506,-2.3121972780170255e-06,2.6544677618923648e-05,-0.00012314652201154882,-0.00012314652201152716,-0.0038266959299077382
2021-03-17,0.00045355277735687795,0.0,-0.0008798570321716076,0.0012599951606030748,0.00045355277735681225,-0.00042011228588147544,0.00045355277735696317,0.005267307791311868
2021-03-18,0.0017069628766243385,0.0,0.0,0.00031283428320221895,0.002890074578908677,0.0,0.002349913182051407,-0.018753392408730273
2021-03-19,0.0,0.0011281692441371062,-0.00022279541151156012,-0.0005314278219940426,-0.00016047566713675072,0.0,-0.00014426911850635616,-0.0001528746946266269
2021-03-22,-0.001225296869917273,0.0003799783835070052,-0.0026659249322519545,-0.0006487147372155979,-0.0009538837388409194,0.0,-0.0009538837388409471,0.005554490774658447
2021-03-23,-0.00038593106928004736,0.0,0.0019195692293567908,-0.0009131963815626077,-0.00038593106928004064,-0.00018223279136077373,-0.000385931069280069,-0.013793822077109096
2021-03-24,0.0032124217739758405,0.0012395086572237126,0.004071865744699148,0.0022360537221965777,0.004008479648768686,0.003212421773975884,0.004130765485326576,-0.010154234326260746
2021-03-25,0.0004878530930331938,0.0,0.0027573619645053075,-0.0005220922077768776,0.0004596616014762834,0.00023494357709291972,0.00048785309303313703,0.00819423348431694
2021-03-26,0.0,0.0,0.0,0.0,0.0022284562180220997,0.0,0.0010779694660651557,0.015583961433462863
2021-03-29,-0.0006915379933398788,0.0,0.00025873280627458384,0.0005030962413417757,0.00017851203364519587,0.0,0.00018258642406274243,-0.005397877836144736
2021-03-30,-0.0003611764964533271,0.0,-0.00021065873303685508,-0.00019157897588402637,-0.00041794290906123604,0.0,-0.0003611764964533271,0.001188974234091902
2021-03-31,-0.0022036458587661187,0.0,-0.0016724101191584598,-0.001379167333812268,-0.0022599208987330328,0.0,-0.0022036458587661916,0.006555144042857725
2021-04-01,0.0,0.0,0.0003061986656287971,0.0003775622387484531,0.0007165594421772669,0.0,0.00036841250727199197,0.010875437644850149
2021-04-05,-0.000349147056517073,-0.0004206345787579929,-0.000668438528218812,-0.0004421411018974454,-0.00034914705651711635,0.00019269343355722443,-0.00034914705651711635,0.012772974688412191
2021-04-06,0.0,0.0,0.0,0.0,-0.00021687044048228463,0.0,0.0,-0.001710187512908179
2021-04-07,-0.00017959802091290544,-0.00012571861463902946,0.000546457317601444,-0.00013755197434852978,-0.00014741152281764341,-0.00017959802091290544,-0.0001795980209128621,-0.002650325076542687
2021-04-08,0.0,0.0,0.0,0.0,8.597196900361734e-05,0.0,0.0,0.006244885697591174
2021-04-09,0.001537540263628083,0.0,0.0027913087335712447,0.0012896840418463599,0.0014988579045430777,0.001537540263628083,0.001537540263628083,0.005692030238922593
2021-04-12,0.0,3.014463289415784e-05,0.0,0.0,4.539817190358307e-05,0.0,0.0,-0.0013059926378079514
2021-04-13,-0.0006911075068116346,-7.442692025613003e-05,-0.00013099803202075243,-0.00014271282720567307,-0.000855284117954595,0.0,-0.0006911075068116292,0.0022280625176369618
2021-04-14,-4.005890399724738e-05,-0.0010513738907347542,-0.0001698163738639786,-0.00032406308006004754,-4.00589039973027e-05,0.000343013718134414,-4.005890399732439e-05,-0.0008582211851261746
2021-04-15,0.0,0.0,0.0,-3.378072512355457e-05,0.0003404201022744514,0.0,0.00011014775298312719,0.00960044011239502
2021-04-16,0.0,0.0002709312734969981,0.0,0.0,-1.7692386602370938e-05,0.0,0.0,0.0030940197484502453
2021-04-19,-0.0020789809721644325,0.0,-0.0007480602367444664,-0.0011427440383226183,-0.0020789809721644386,-0.0018139626741585156,-0.0020789809721643757,-0.007194392249431173
2021-04-20,-0.0018056247039464444,0.0,-0.0047806273222928885,-0.00019361739447950883,-0.0018056247039464162,-0.0010387952985222563,-0.0018056247039464496,-0.01022734547147926
2021-04-21,0.0024528857573060366,0.0014807238970328813,0.0028614647399822215,0.0009194547010612223,0.0024528857573060366,0.0017292222303235923,0.002452885757306081,0.012414606680046247
2021-04-22,-0.0006020177316247669,0.0,0.0008923440492876211,-0.00021429333786187978,-0.0004148756589412045,-0.0006020177316247107,-0.00041487565894123284,-0.008737758194412516
2021-04-23,-0.0029291635563831863,0.0,-0.001992697037331517,-0.0022013430800389084,-0.002929163556383207,0.0,-0.0029291635563831356,0.01162845905874341
2021-04-26,-0.0002042679118780162,0.0,-0.00012726791044765138,3.808084613580847e-05,-2.4991569720328567e-05,0.0,-3.774119997500814e-05,0.003925264825804154
2021-04-27,0.00015290109575670947,0.0001698901063963711,9.193592483087529e-05,0.00021840576003936556,-0.00021824083732099354,0.0,0.00015290109575670947,-0.0007784203124172454
2021-04-28,0.0,0.0,0.0,0.0,2.760548040826737e-05,0.0,0.0,-0.0018131924666319886
2021-04-29,-0.0009982530416607436,-0.0007954908032326357,0.00024331654517440593,-0.0003719017643138512,-0.001050832255726825,-0.000858229687341022,-0.0009982530416607874,0.0038765594374034376
2021-04-30,0.0,0.0,0.0,0.0,7.660039315491564e-06,0.0,0.0,-0.007726154637939855
2021-05-03,0.00011744997015608727,0.0,0.00028020715877127345,-5.99907513213897e-06,0.00024847911096619057,0.0,0.00011744997015608727,0.0023384943418864757
2021-05-04,-0.003030804152134618,-0.0038063414234729446,-0.0027876530004739388,-0.0029584033141230566,-0.0028453932010778773,-0.00244925172604834,-0.0030308041521346463,-0.007963606623349686
2021-05-05,-0.0006651192893904897,0.0,0.0,0.00010196126389627053,-0.0007398922678438261,0.0,-0.0007373022230904958,-0.0008765335872020846
2021-05-06,-0.0006452682097108949,-0.001782752932550151,-0.003175610771020475,0.0013636997265716302,0.00036229140122755464,0.0,1.5625193625928347e-05,0.0069422078641017525
2021-05-07,-0.0005189231733122693,0.0,-1.809246006527042e-05,-6.0925390331354184e-05,-0.000559476397731998,-0.0002859288279384839,-0.000518923173312241,0.008236512054276363
2021-05-10,0.002602351518009536,0.00045051574108551107,0.0025891290047264912,0.002723258335103902,0.0027883851297814807,0.002602351518009536,0.002602351518009536,-0.014043252719015253
2021-05-11,-0.0008548371442268475,-0.001068721835251263,-8.243822228129016e-06,0.0001092448237890276,-0.0009693438128809549,-0.0009214989755531163,-0.0009693438128809361,-0.007195444969703324
2021-05-12,0.000679814626274452,0.0,0.004032377079577759,0.001247783889271274,0.0006798146262743299,0.00025258805008047974,0.0006798146262742865,-0.024461913265875962
2021-05-13,-0.002127036293422818,-0.0018648612221940798,-0.0012403530783276183,-0.0038293273935359495,-0.0021966278518946317,-0.0010481407724808338,-0.002127036293422846,0.01267949995857815
2021-05-14,-0.0005007011018880817,0.0,-0.0012475910761327181,-0.00019621424464236862,-0.0007089517619589911,0.0,-0.0007089517619589859,0.017640286799139992
2021-05-17,0.0,0.0,0.0,0.0,-0.00020761737984343945,0.0,0.0,-0.002128551999669022
2021-05-18,0.0,0.0,0.0009123897118375432,0.0,0.002283715422483272,0.0,0.0017448000846627188,-0.0077656244933775945
2021-05-19,0.0007934603849586296,0.0,0.0013477273931211129,0.0020051041461106693,0.0011120352762668483,0.0002887410949108716,0.0011120352762668483,-0.0033971942990888735
2021-05-20,-0.002314038594309744,0.0,-0.0005100894762057689,-0.000525022914754168,-0.002453482379893593,0.0,-0.002314038594309778,0.010360127332023593
2021-05-21,0.00047421313838397243,0.0,0.0004068302763992779,7.233844393604013e-05,0.0006510289692772621,0.0,0.00047421313838397243,0.00016606740431019488
2021-05-24,-0.0010607702649471612,0.0,-0.0013344108413894458,-0.0006928506053905667,-0.0015531123756268223,-0.000538623043036714,-0.0010607702649471666,0.009571455908220235
2021-05-25,0.0008043385574416913,-6.525118721867134e-05,0.0006297330305061503,0.0005526059864031533,0.000804338557441636,0.0006833512002737359,0.0008043385574417583,-0.0030619129832237134
2021-05-26,-0.00017745867357284642,0.0,-0.00013606171329667998,-9.46489201723793e-05,-0.00023552533385081003,-0.00017745867357284642,-0.00017745867357282473,0.005482492162627649
2021-05-27,-0.00048145752187032334,0.0,-0.0003885428292026706,-2.459433909209218e-05,-0.0004058019183553263,0.0,-0.00048145752187030166,0.0025016161506210095
2021-05-28,-5.064735588311246e-05,0.0,-0.00010319735644740648,-0.0004336057780034178,-0.0001060847536602754,0.0,-5.064735588313414e-05,0.0020308939708721233
2021-06-01,0.0003124374253437422,1.9501417761529297e-05,0.0012143453231625485,-0.0003155890396683998,0.0002507562956379427,0.0003124374253436855,0.00031243742534376915,0.001800250087812724
2021-06-02,-0.0003550419204815591,-0.0005325628807223712,-0.00025001451495224877,-0.0002602008923647324,-0.0007390401958040936,0.0,-0.0003550419204815591,0.0013761492925370307
2021-06-03,-0.0006067378607449293,0.0005811220344605546,-7.035109221658084e-05,-0.00043267089306667456,-0.000577259514521839,-0.0003585001640306975,-0.0006067378607448734,-0.005482879632578102
2021-06-04,2.5165408346933423e-06,-8.979665860007448e-06,-0.0001309777624998548,-9.4806041126713e-05,2.4815894046073928e-05,-1.282809408578151e-05,2.5165408347180977e-06,0.008854247680904159
2021-06-07,-0.00031718106505876093,-0.0002318545642340659,1.810687729569119e-05,-0.00018394005718889495,-0.00032689138695287756,-0.00030534081098161983,-0.0003171810650587857,0.0022027725278962198
2021-06-08,-0.00028403332064377514,0.00053532390644257,3.9344209883029327e-05,-0.00032392840088648906,-0.00020984522239516753,-0.0003997059319023939,-0.00028403332064375346,0.002172432655488217
2021-06-09,7.093118425004139e-05,0.0,0.0005496238114372164,-0.00037505368495683266,7.093118425014622e-05,-0.0001426689837096091,7.09311842500909e-05,-0.0029178501093053816
2021-06-10,0.0005145462334145717,0.00020538159504542215,0.0010544356388536259,0.0004797235512553407,0.0005254301474412437,0.00018458511241889347,0.0005145462334145521,0.0021516598927264186
2021-06-11,-0.0004299635561191986,0.0,-0.0002803120081792824,-0.0002809381564617128,-0.000298217843905924,0.0,-0.0004299635561191986,0.0034182278333870306
2021-06-14,-0.0007672271221356886,-0.0006360531769947731,-0.0016900732903587885,-0.00025339330043598314,-0.0012974158338725683,-0.0016143214092650673,-0.0012974158338725631,0.001500936589572142
2021-06-15,-0.0007954510068935382,-0.00010758037593404007,-1.824279850691992e-05,-0.0004364592591337427,-0.0007954510068935599,-0.0002358994527348141,-0.0007954510068935382,-0.003348104446503678
2021-06-16,0.0011668889316772835,3.3555153900615965e-05,-0.0013365776839361434,0.0007299236671272163,0.0011443049359571092,0.0005028654688919484,0.0011668889316772835,-0.005074245675704384
2021-06-17,-0.0004933265346929315,0.0,-0.0005907621234599627,-0.00047337102822761045,-0.0005298178211410897,0.0,-0.00044262966549297273,-0.0014338028520410545
2021-06-18,0.0,0.0,-0.0005087128295604902,0.0,0.0004767557545695357,0.0,5.014952483033986e-05,-0.014990733395498886
2021-06-21,0.0002540815208688195,0.0,-8.748614901384768e-05,0.00046016511730138216,0.00037134500638032046,-2.577085696951049e-05,0.0002540815208688195,0.01509618246043392
2021-06-22,-0.001490434781474986,0.0,0.0003110048124880351,-0.00018380934936999596,-0.0014904347814749701,-0.0008441880834832245,-0.0014904347814749912,0.005259934452645531
2021-06-23,-0.0007811132259771968,-0.0003289571431164636,-0.0005096417290449811,-0.00023738196696599937,-0.0013234118691257796,0.0,-0.0010160826139175687,-9.482960884937163e-05
2021-06-24,0.00013315235072526048,0.0,-2.7052650674281664e-06,-2.5989942983360123e-05,0.0001147245906457592,0.0,0.00013315235072526048,0.008665985681765527
2021-06-25,-0.000973332377134176,0.0,-0.0009664369932876063,-4.4628483618188336e-05,-0.0010502214539750184,0.0,-0.0010224490519801723,0.0026375759791569192
2021-06-28,-0.0003604424129786656,-0.00023601449758808228,-0.000717299709478628,-0.0002456455122806219,-0.0003604424129787089,-0.0003379702165508402,-0.0003604424129787089,0.0006993896984195491
2021-06-29,0.00027781573208885123,0.0,-4.613898409695067e-05,0.00026794303115746634,0.00027367909301876926,0.0,0.0002778157320888066,-2.5405603477683344e-05
2021-06-30,-0.0004318930945217777,-5.591650846305682e-05,-0.0005427311915748411,-0.000558065143349127,-0.00041834637335888856,-6.212945384786614e-05,-0.0004318930945218061,0.001678903106866211
2021-07-01,8.262474397084287e-05,0.0,1.3658783135372129e-05,0.00014472351521427796,8.11818316434853e-05,8.262474397084287e-05,8.26247439708982e-05,0.004718497619919926
2021-07-02,0.0003848537999227192,0.0003302476180018111,0.0010039029367627523,-7.217014310002614e-05,0.0003848537999227192,0.0003845511740999663,0.00038485379992276377,0.003796846014826557
2021-07-06,-0.0002861288463985777,-0.000261559693015859,-0.0013409799508919719,-0.0001796792298825141,-0.00028612884639863013,-0.00018931119117836058,-0.00028220212211227803,-0.004384108969850931
2021-07-07,0.00021613341726062625,0.0,-0.00035335432805370275,7.544539584648499e-05,0.00017149026086625506,0.0,0.0002161334172605695,0.00031487945175874446
2021-07-08,0.0005190167713214813,0.0,0.0008272158261615326,0.000875201368548594,0.001191188298638316,0.0,0.0008424079710868909,-0.007429659191440454
2021-07-09,-0.0002227094293244605,0.0,-0.00033436814971158095,3.607967571539178e-05,-0.00015206588720915792,0.0,-0.00015206588720907425,0.012225554887381765
2021-07-12,-0.00018690241374046853,-8.057377711860398e-05,0.00014935969821553357,-6.30880641056219e-05,-0.00018358333290189777,-0.00011510539588371186,-0.00018690241374052526,0.003258617617610921
2021-07-13,0.0004552170910629985,0.00012293750936177752,0.0003513019314513155,0.00041379403793964436,0.0003836489166582084,0.0004552170910629985,0.00045521709106293345,-0.00589369831457197
2021-07-14,0.00011530545429888387,0.0,0.0006520684458383288,-0.00029696346328464277,0.00016098906140549495,0.00011530545429888387,0.00016098906140542805,-0.0022410317979065226
2021-07-15,-0.0002413096560402872,0.0,0.0001412724331655617,-8.170401914922614e-05,-0.0010347705628090266,0.0,-0.0009786426948317772,-0.0033294596438247243
2021-07-16,0.0006417644501793331,0.0,0.0018821781481712253,-0.0004797229009619298,0.0006417644501793765,0.000494921287202833,0.0006417644501793765,-0.009024042087345583
2021-07-19,-0.003443682349005479,-0.003267368426356141,-0.003437509646357846,-0.0026426077222671137,-0.004291389109287281,-0.003443682349005479,-0.004291389109287303,-0.01477222341413442
2021-07-20,-0.0028942199921535216,-0.0013851436022085644,-0.0009971547679771507,-0.002235634618454526,-0.002894219992153565,-0.00201631762661962,-0.0028942199921535776,0.01745252350158446
2021-07-21,0.0006471055923349483,0.00029933620160286015,0.0005974468247275821,0.0005497007699607597,0.0008075403095694639,0.0,0.0007698832912835915,0.010224363615809907
2021-07-22,0.00046626144986027527,0.00037950410039364085,0.0008888383117780324,-0.0001370985013112088,0.0003498275291499283,0.0,0.00046626144986027527,-0.0012550729670731827
2021-07-23,0.0001877092317472454,-9.565054852431119e-05,-5.508435009281169e-06,-0.00024968753706990814,0.00020727153288836226,6.04814037504182e-05,0.0001877092317472454,0.008294325868191808
2021-07-26,-1.1452993716736777e-05,0.0,0.00019691128417887458,0.00025061927586167996,-4.3172475171899894e-05,0.0,-1.1452993716673785e-05,0.002292237285507196
2021-07-27,-0.001484382493177596,-0.0008332548275315087,-0.0013520854605130002,-0.0015017877483104907,-0.0014435611180626294,-0.0012679975694933959,-0.001484382493177546,-0.006837241984219971
2021-07-28,-0.001144095223696757,0.0,-0.0010844061156205574,-0.0006794373881277345,-0.0011769338521705945,-0.0013121808617879622,-0.001144095223696757,0.0028663340212823317
2021-07-29,0.0,0.0,0.0,0.0,-0.00012626774314499902,0.0,0.0,0.004492911377482648
2021-07-30,3.610109288475825e-05,-8.935599945728783e-05,-0.00039908222752789,8.94241067280702e-05,5.034845460576705e-05,0.0,3.610109288475825e-05,-0.005222633159994873
2021-08-02,0.0014277174841289266,-0.0008545651415065596,0.0005012149357198739,0.00033386644532901557,0.0014277174841289132,0.0,0.0014277174841289132,-0.0025277899844435518
2021-08-03,0.00024545726265092995,-0.0007388215340484237,0.0006741119083831794,0.00038295649965360554,0.00024545726265098525,0.00012675573712640122,0.0002454572626509285,0.006838524132422662
2021-08-04,0.0002873127579078878,0.0,0.00022582311405674741,0.00028728358392533055,0.00033351036093604,0.0,0.0002873127579078878,-0.006325582174789406
2021-08-05,0.0005321065821114186,0.00014500263794933057,0.0007998574122561309,0.00044847055264691203,0.0008606680165667033,0.00020714662564194416,0.0006994817482758705,0.009414477884762417
2021-08-06,0.0,0.0,0.0,0.0,-3.709756530180123e-05,0.0,0.0,0.0019087272913749986
2021-08-09,0.0,0.0,0.0,0.0,3.777684912858655e-05,0.0,0.0,-0.0018551601119717932
2021-08-10,-3.612776287547216e-05,0.0,-9.075791411600294e-05,-0.00011902565758834893,-5.732245637082757e-05,1.679101247174396e-05,-3.6127762875500525e-05,0.000947535421501841
2021-08-11,-0.00018389878687021666,-0.0004827691944241694,-4.771386665577717e-05,-0.00016528670919578646,-0.00010541666871352552,0.0,-0.00018389878687021666,0.0031314165895898966
2021-08-12,-0.0003843826197485312,-0.0001262228363038981,7.307996194376508e-05,-0.00014890335420458638,-0.00042645689851650336,0.0,-0.00038438261974855354,0.0012901322097702153
2021-08-13,-0.000290476920266276,-0.00010972507853066213,-0.00016195050552968263,-0.00030789538942349007,-0.0002550561259819448,-0.0001371563481632789,-0.00029047692026628274,-0.0005393941705043581
2021-08-16,0.000816649000011521,-0.0007330847622059235,0.001047599800464337,0.0005838111583256401,0.000888121674528544,0.0006694192779083948,0.0008166490000114643,-0.0002558144712882553
2021-08-17,-0.00035839161731294946,0.0,-0.0008553730226990304,-0.0011651581947521054,-0.000862056958368957,0.0,-0.0005981086717470493,-0.008658090427997827
2021-08-18,0.0,0.0,0.0,0.0,0.0013624365666604584,0.0,0.0,-0.009966650610116961
2021-08-19,-0.002149042162177053,-0.0011073751824059743,3.372030716194132e-05,-0.0005032980589535441,-0.0021490421621770304,-0.0013781503762568925,-0.002149042162177025,-0.0016978484686592
2021-08-20,-0.00012509364051717034,0.0,0.0006965557944226303,-0.00033219788691010157,-0.00012509364051721007,0.0,-0.00012509364051713976,0.010047944095384719
2021-08-23,-0.000816419944461554,-0.00020772299409778507,-0.000903583156675212,-0.0005915054932833961,-0.0010267757599687795,-0.00023080332677533408,-0.001026775759968708,0.011766660087729986
2021-08-24,-3.7342116405019497e-05,0.0,1.3742520984800594e-05,2.42952460824609e-05,-0.00021895077505420282,0.0,-3.734211640504116e-05,0.0034831470853327225
2021-08-25,-0.0006637543721743451,0.0,-0.0011896915614193503,-0.0009613093524338924,-0.0006919026983218171,0.0,-0.0006637543721743451,0.0018250208708558509
2021-08-26,0.0005773454476026743,0.0,0.0006289189112296042,0.00012073878656973522,0.0005773454476027271,0.0003094450856600319,0.0005773454476027188,-0.0067780706991931216
2021-08-27,-0.0007935600249817038,-0.0003383605625377085,-0.0004718760425809168,-0.0005332945659349217,-0.0007935600249816814,-0.0007935600249816814,-0.0007935600249817099,0.012670131939063002
2021-08-30,-0.0005867938254028722,-7.59776942699979e-05,-0.0004971600023685997,-0.0006586050023844798,-0.00048548579982293636,-0.00019082449208570302,-0.0005867938254028998,0.0024645560233448743
2021-08-31,-0.00029841914673240955,-0.00040498511026787574,-0.0003443879082903856,0.0,-0.00028498159388860996,0.0,-0.00029841914673240955,-0.00037557200062940984
2021-09-01,0.0,-0.00011387336410530453,0.0,-0.00011075225741693742,-9.432873297572075e-06,0.0,2.176985301065551e-05,0.0017559339439748717
2021-09-02,-0.0007525851520387059,0.0,-0.00010646055047107479,-0.0006739455407165865,-0.0010515978316254615,0.0,-0.0010994382943766046,0.0032800568299430535
2021-09-03,-0.00020073995069748755,-5.7588822318211596e-05,-0.0003982245342459746,-6.14626801441789e-05,-0.00037961621249274214,-5.7588822318189296e-05,-0.000305896729047542,-0.0009653270301734258
2021-09-07,0.00040742161328509343,0.00022309233370524382,0.0005763678452430358,3.5957905133355834e-05,0.0003738843239103458,0.00012340288595455545,0.0004074216132849731,-0.004300564556035226
2021-09-08,-0.00038059104200626484,2.481014918228432e-05,-0.00038238582740263426,-0.0004333851361355477,-0.00041093943983550426,-0.0001048294985745801,-0.0003805910420062432,-0.0040629409269354495
2021-09-09,-0.0006177582897638495,0.0,0.0,-0.0014073463070144387,-0.0002936145708257455,0.0,-0.00044063131677048075,-0.0031846497005257753
2021-09-10,0.00311801832125522,0.0008829639539857297,0.005534976949888915,0.0017271614207801623,0.0031180183212552635,0.002194869335352692,0.0031180183212552635,-0.008179954530827076
2021-09-13,-0.0006282845075268268,-0.0003393895387421636,-0.0019586618073245228,-0.0011396354315162632,-0.0006472386968827016,0.0,-0.0006282845075268597,0.00394337418824311
2021-09-14,-0.002237322860793608,-0.0003019723214182511,-0.00031476080101624994,-0.0012865318382312167,-0.002237322860793558,-0.0017360863022038346,-0.0022373228607936125,-0.007242816024771337
2021-09-15,-1.4446693368263714e-05,0.0,0.000950504762272753,-0.0009079540403263569,-1.4446693368263714e-05,0.0,-1.4446693368291361e-05,0.00828731843810466
2021-09-16,0.0,0.0,0.0,-3.619560697811758e-05,9.416192505921142e-05,0.0,8.230858433162479e-05,-0.0010693226120701347
2021-09-17,-0.0003434031260193495,-0.000307896824064293,-0.00013224887400807743,0.0006519843061087523,-0.0005895234002546599,-0.00034210758229366876,-0.0004074840290651827,-0.006746399298384131
2021-09-20,-0.006803164373370038,0.0,-0.01016898717183376,-0.0030316061653782476,-0.006803164373370015,-0.002014131812675081,-0.006803164373369987,-0.01915660544018145
2021-09-21,0.0,0.0,0.0,0.0,0.000559910469915757,0.0,0.0,1.5620375810616096e-05
2021-09-22,-0.002378838773013724,0.0,-0.0002933939119854865,-0.0007626151435516875,-0.0023788387730137176,0.0,-0.0023788387730137523,0.010865850390833095
2021-09-23,-0.0009851968231463417,0.0,-0.0020683287788190556,-0.0013829486097231914,-0.0012027493931709545,0.0,-0.0012027493931709389,0.013438936978982253
2021-09-24,-0.00013527639996929294,-0.0002506297945259515,2.3560338881484118e-05,-0.0007089009062706927,-0.0002965595087537822,0.0,-0.0001352763999693044,7.397053923071219e-06
2021-09-27,-0.0006923103528588739,-0.0006609229225639369,-0.0008237904669885955,-0.0006315731891681734,-0.0009517841789028975,-0.0006923103528588521,-0.0006923103528588521,0.0012359288971880112
2021-09-28,0.0021086019161772303,0.0012084522601418985,0.005177826612684205,0.002086279938657827,0.002108601916177187,0.00210860191617713,0.0021086019161772303,-0.02137062529206632
2021-09-29,0.0,0.0,0.0,0.0,-0.0005936522680260769,0.0,0.0,0.0004175719919134951
2021-09-30,0.005002684339905352,0.0,0.005279753970479539,0.003703560736156872,0.0053002013848785995,0.00180963281581015,0.005002684339905352,-0.011019179279612623
2021-10-01,-0.0016706792901777278,0.0,-0.0016155334036197506,-0.0013359966206805773,-0.0017325958901877813,0.0,-0.0016706792901777278,0.012387572455898582
2021-10-04,-0.002287092060422621,-0.0006472217467757231,-0.000895248316348216,-0.00010829406742738701,-0.0022870920604225924,-0.0009246024953938773,-0.002287092060422727,-0.012739816669522218
2021-10-05,-0.0022768362689835147,0.0,-0.0033730667059446743,-0.002103537184483995,-0.002296757342666429,0.0,-0.0022768362689834874,0.009176675598463264
2021-10-06,0.0016123977879107195,0.0,0.00263566250930439,0.0018808515317501363,0.001727343223590961,0.0010711379406269173,0.0016123977879107195,0.002327473589704653
2021-10-07,-6.608023549754352e-05,-6.608023549760852e-05,-8.773606156052792e-05,0.0,-0.0006777690451907109,0.0,-6.608023549758685e-05,0.010673493433122405
2021-10-08,0.0003156664769940293,0.0003156664769940293,0.00031947198819621474,6.799162745889221e-05,0.0007001639924816008,0.0,0.000641644759335823,-0.003397392551013678
2021-10-11,0.00044834281959715757,-0.0016170685531075799,0.0,0.00043936240087375547,0.0009689951575476816,0.0,0.00044834281959715757,-0.007045805234768195
2021-10-12,0.0002497783128953218,0.0002497783128952772,-0.00011199052008145714,-0.0009947243628344422,0.0005724142527390915,0.0,0.000572414252739047,-0.0011855301403435577
2021-10-13,0.0,0.0,0.0,0.0,-0.00024256333203875866,0.0,0.0,0.003856248406998606
2021-10-14,0.00023750558557804764,0.0,-0.0001432852156644285,0.0003450934576569622,0.00048177099347522577,0.0,0.00036800864177067416,0.0161746873331261
2021-10-15,0.0008492382478032745,0.0,0.0008863671594131046,0.0007456792018662394,0.0009001855816226025,0.0,0.0009063403701438273,0.006053220716129128
2021-10-18,0.0001092464885366128,7.310810649861135e-05,0.000381531071491708,0.00031301751846856275,0.000165340542565684,0.00010416545991590463,0.00010924648853656468,0.0027100608335707487
2021-10-19,0.00013728846194215315,-5.1340846640893494e-05,0.0003790487269069048,0.0003463006519178834,0.0002084011495670113,0.0,0.00013728846194210857,0.006228130350153023
2021-10-20,0.00010882556131990362,0.0,1.9488054078258487e-05,0.00013361897083736184,0.00021567050966032517,0.0,0.0001088255613198603,0.003425292580264143
2021-10-21,0.00022628508952657846,-2.0149575026946635e-05,0.0004739705969301642,0.00034188809400246113,0.0002584357211163267,5.808806374265946e-05,0.0002262850895266338,0.0026098398308918996
2021-10-22,-0.00013196189776747293,-2.677995000861919e-05,-5.0729241206096764e-05,-9.501002816498761e-05,-0.00034371461941173177,0.0,-0.000145351872771776,-0.002058721065625076
2021-10-25,-0.00020830790338014033,0.0,-0.0004053108726185204,1.6813964523166824e-05,-0.00020957175010467063,0.0,-0.00020957175010469293,0.006481527454162151
2021-10-26,0.00035122141363812443,0.0,0.0006890936689258117,0.0004016110090041376,0.0006394437612049197,0.0,0.00035122141363812443,-0.0007775131727207998
2021-10-27,0.0015768312242216602,0.0,0.0014732794715881727,0.0014985045582744144,0.0015791207848995523,0.000830248076576736,0.001167815794278324,-0.006781010323971909
2021-10-28,0.0010849791005935214,0.0010210261198450696,0.000906329085035295,0.000866494899176966,0.0014819513718080208,0.0,0.001255653616910305,0.011342044783765328
2021-10-29,0.0014035453206559193,0.0,0.0012677684460241203,0.001102617918636677,0.001632171387018099,0.0007201098739797983,0.0014035453206559193,0.0024675446528257482
2021-11-01,0.00039193918489813153,0.00039193918489813153,0.0006097378298063936,-6.205013451364606e-05,-7.826151555374543e-05,0.00039193918489813153,0.00017582010069132575,0.00757335421803467
2021-11-02,5.826773013811163e-05,8.173765414676537e-05,-9.895011584687385e-06,-0.00015686287022355765,2.252124607040835e-05,0.0,5.826773013808091e-05,0.0036571525843507036
2021-11-03,0.0004159362019994279,-0.0003503513148434585,0.0009015367296376168,-0.00035045105734324766,0.0004159362019994833,0.00026321222650996375,0.000415936201999505,0.008688704381276034
2021-11-04,5.904621306935586e-05,0.0,7.639637365513463e-05,0.000452980482535222,-0.00039349201922553165,0.0,-0.0005390701538644517,0.0038630114404318216
2021-11-05,0.0,5.805896718959603e-05,0.0,0.0,-0.00013132593063229904,0.0,-6.86012929555199e-05,0.005689220142950681
2021-11-08,0.0,0.0,0.0,0.0,-0.00013305688736431736,0.0,0.0,0.0014824520800976225
2021-11-09,-0.0010446404269177708,-0.0012056496344770864,-0.0006409116415422784,-0.00016247101764393104,-0.001149521523797606,-0.00031332199376238936,-0.0010446404269178267,-0.004585252613074137
2021-11-10,0.000431402525851828,0.0,-0.0020823939627797805,-0.0012150051832005427,0.0004314025258517293,0.0,0.00043140252585177266,-0.010671328237422055
2021-11-11,0.00015040415937569263,0.0,8.225133230871633e-05,0.0,0.00013633484239663124,0.0,0.00015040415937569263,0.001251934295716449
2021-11-12,-0.00017450352585721623,0.0,0.0004515740168354793,-0.00016635856113251537,-0.00015908903188508909,0.0,-0.00017450352585724388,0.00601389300654705
2021-11-15,-9.822726100962531e-05,0.0,-0.00021562211558254988,-0.0010614581799889763,-7.996508499549693e-05,-4.217351231822482e-05,-9.822726100967464e-05,-0.0008275113503789527
2021-11-16,-0.00028676611029911884,-0.0005454089248184424,-0.000563077077849893,-0.0004913232031819149,-0.00036983707696279446,1.2881173421126313e-05,-0.0002020091638556877,0.0035821054879570362
2021-11-17,0.000595777237342049,0.0006960755657656433,8.255908535439874e-05,0.0004884537147326184,0.0006448619651441347,0.00026035219630435725,0.0005957772373421058,-0.00499520777915785
2021-11-18,-0.00014241812679874208,-0.00011820742015888342,-0.00031754516278349303,-0.0007870372040001731,-0.0001441782408956118,0.0,-0.00014241812679876377,0.001974556153883867
2021-11-19,-1.8106264709562503e-05,-1.2674385296703203e-05,-8.693598893477169e-06,-0.00012226132366600632,9.647241189647834e-06,0.0,-1.8106264709531007e-05,-0.0034359994351014964
2021-11-22,0.0010209513474429017,-0.0055173788084497705,0.0002722960159048627,0.002152530919096722,0.0009359859660097564,0.0,0.0010209513474429464,-0.004038508612827644
2021-11-23,0.0,0.0,3.427289956488416e-05,4.054728521747148e-05,-0.0004415585703546533,0.0,-0.00019174363217730695,0.000494463378155599
2021-11-24,-0.00023484804806064863,0.0,0.0,-0.00014604781713962626,-0.00023484804806067698,0.0,-0.00023484804806067936,0.0016476107344689664
2021-11-26,-0.002702800753132198,-0.0003241695499787269,-0.0027028007531322545,-0.002702800753132176,-0.0027028007531322037,-0.0013646835177288752,-0.002702800753132198,-0.025609028704131027
2021-11-29,-9.734401129283374e-05,0.0,0.00014687498813821285,-0.0003187091035606968,-0.0001973814763522757,0.0,-0.00025679450545658156,0.009802992549262807
2021-11-30,0.0002872337179647253,0.0,0.0012989838609147343,0.0013682060753683256,0.0002872337179646463,0.00010312763592787083,0.00028723371796471185,-0.01815366871610295
2021-12-01,0.0068047381356718065,0.0,0.013838376429495146,0.010255574405665492,0.0068047381356718065,0.006804738135671751,0.0068047381356718065,-0.015473058599438415
2021-12-02,-0.0003157723804691765,-0.00024435580219904143,-0.00019744613902248658,-0.002558487664872051,-0.00032678711787165253,0.0,-0.0003267871178717036,0.017315017707937475
2021-12-03,-0.004599253686207175,-0.001774409352015722,-0.008358843463699245,-0.005986444047448929,-0.004599253686207181,-0.0036257201067254764,-0.004599253686207202,-0.011286256550719046
2021-12-06,-1.429828557948087e-05,0.0,0.00014122549966228014,-0.00017519141079488438,-0.0003966875073114467,0.0,-0.0002481065218081242,0.014844255542150624
2021-12-07,0.0002475102097064646,-0.00028153604086327347,-0.0012202835983178965,0.00041498580864843173,0.0007060328517207186,0.0,0.0005681855408718175,0.021353995130579825
2021-12-08,0.0,0.0,0.0,0.0,-0.0001044297683357598,0.0,0.0,0.003439003578193468
2021-12-09,0.0007613048994954943,0.0,0.0013819333001945304,0.0009739635212661485,0.0008799742602014548,0.000774086617503251,0.0007613048994954627,-0.010000336633392969
2021-12-10,-0.0005263577408738171,-0.00047372196678642893,-0.0007582955147905237,-0.0003579862513676897,-0.0004561702901757094,0.0,-0.0005263577408738388,0.006145556694308486
2021-12-13,0.002403633204166629,0.0006431941533372569,0.002711553204974443,0.002495851146550344,0.002403633204166629,0.0,0.002403633204166629,-0.011261719580027488
2021-12-14,0.0,-0.00134685772187052,0.0,0.0,-0.0007527831608694968,0.0,0.0,-0.006710023442444656
2021-12-15,0.0018053017702924466,-0.00012741382206442572,0.0,0.003031927400725179,0.001805301770292559,0.0018053017702925034,0.0018053017702925034,0.015714317779479216
2021-12-16,0.0014655253469895027,0.0,-0.0009131289073012542,0.0007757089074295328,0.0016168754634639914,0.0002755270975130318,0.0014655253469894474,-0.01300568535923702
2021-12-17,-0.00045142154360422546,0.0,-0.0007990285253061764,-0.0005547554892201644,-0.0004991450816235788,0.0,-0.000864288758168566,-0.006204245802149871
2021-12-20,0.0,0.0,0.0,0.0,-0.0002608985641261745,0.0,0.0,-0.011640633487760156
2021-12-21,0.0011010082524580524,0.0,0.0002468802005797871,0.0015323576691913144,0.0011010082524581743,0.0,0.0011010082524580624,0.020708839484537608
2021-12-22,0.0016672011155647306,0.0,0.0015578034518428743,0.0013825441741455117,0.0016672011155646753,0.0,0.0012699351969460153,0.009661940178557074
2021-12-23,-0.0012560359922224192,0.0,-0.0020383306693308456,-0.001830326993387647,-0.0013705006053815582,0.0,-0.00125603599222242,0.0066894082889868995
2021-12-27,0.00175040619940422,-0.00023575801202344114,0.001898408258148228,0.0012292346918292628,0.00175040619940422,0.0013775073858736547,0.00175040619940422,0.012450975401968371
2021-12-28,-2.1086736141928272e-05,-0.0006800068858676897,-0.0001473120848637216,-3.366970330435652e-05,5.534516670155353e-05,0.0,-2.108673614195665e-05,-0.001734754694124407
2021-12-29,-0.0004569437254508624,0.0,0.0,-0.0003186526140485399,-0.000703522436991478,0.0,-0.0004569437254508908,0.0011774217216919225
2021-12-30,-0.00037716342999108795,-0.0011197560707102228,-0.0020141281210472686,0.00033303830475398075,-0.0004143222045908182,0.0,-0.00037716342999112286,-0.0023469490628047055
2021-12-31,-0.0006875375411757556,-0.0005194404062327959,0.0,-0.0005337313390854304,-0.00136208574973455,0.0,-0.0006875375411756989,-0.003085202553572452
2022-01-03,0.0003714894435529236,0.0,0.00017482363349122378,0.0002711920740397321,0.000580383999662543,0.0,0.0004961874017972166,0.008712074505445377
2022-01-04,0.00016930204452805114,0.0,-0.0007406390353675075,0.0002560832942965813,-1.8464864878405985e-05,0.00016930204452805114,-0.00020372537040274334,-0.0017431452905866463
2022-01-05,0.0036941597699638945,0.0,0.0071772805769473765,0.0037989038366235514,0.0036941597699638945,0.002836590277029193,0.003694159769963905,-0.022506175785858933
2022-01-06,0.0,0.0,-0.0016553504899727994,0.0,-0.0008878733635381097,0.0,-0.0008696057498087089,-0.0004423390771406456
2022-01-07,0.0006568082051617028,0.0,0.0004821257521388493,0.0005353170686787749,0.0003344591216938843,0.0,0.000197292278167073,-0.006084386806743619
2022-01-10,-0.0011056772755088358,-0.006027169657796943,0.0,6.138833014778162e-05,-0.000855696240432947,0.0,-0.0008556962404328303,-0.0020167512740786432
2022-01-11,0.00020882321075800625,-0.00010171804147048716,0.0007593980653138842,0.0006118265527158477,0.00021241061788353422,0.0,0.0002124106178835972,0.009483825126264988
2022-01-12,0.0002958191410787051,0.0,0.0006432930956094567,0.0003714704409714479,-0.00015079113172437398,0.0,6.927060130673752e-05,0.00030502951558375
2022-01-13,0.0034829268335956577,0.0,0.0034539518831730835,0.001352869758547553,0.0034829268335956143,0.002177666837390442,0.0034829268335956143,-0.012748818009587487
2022-01-14,0.0008221082886802542,0.0013760157036475395,0.0,9.040578997540807e-05,0.0012201796923417161,0.0,0.0012201796923416728,0.00018237316586921577
2022-01-18,0.0014057465389209515,0.0,0.0017215765278000734,-0.0004177691121823598,0.0018061315790582242,0.0,0.0015743455472091489,-0.021021695056750694
2022-01-19,0.002841428009207686,0.0,0.002259264728084299,0.003226077682397566,0.003541378120761661,0.0,0.003541378120761746,-0.011659846750973117
2022-01-20,0.00523715463644008,-0.003379434606809938,0.0,0.004396476622698965,0.006152057389782978,0.0,0.005237154636440125,-0.012568585473122337
2022-01-21,0.0013687369860361815,0.0,0.003362429753557102,0.0036003427693602364,0.0013687369860363114,0.0009674648349494709,0.0013687369860362127,-0.01955143811861424
2022-01-24,0.0021393663225522798,0.0,0.003977981308706595,0.0017686325537702903,0.00454076844911787,0.0021393663225522364,0.0021393663225522798,0.008993549517902944
2022-01-25,0.0,0.0,-0.0018520633056797464,0.0,-0.00032519733111544447,0.0,0.0,-0.012666407129656065
2022-01-26,-0.0003874745725681222,0.0,0.0014614732849559206,-0.0009922633416769144,-0.00038747457256806616,0.0,-0.0003874745725681222,-0.004970330663356552
2022-01-27,0.00018556108470785065,0.0,0.000271842681608714,0.00043345017116642646,0.0004336468875406926,0.0,0.0003685601726217043,-0.008985383051406668
2022-01-28,0.0,0.0,0.0,0.0012632993871201327,0.004125741579711275,0.0,0.0028537459133771213,0.022904829601717067
2022-01-31,0.00526910157648459,0.0,0.004752767348148462,0.004601729765165988,0.006175374234197558,0.0,0.0061753742341975814,0.021799052203792194
2022-02-01,0.0,0.0,0.0,0.0,0.00035727206951647976,0.0,0.0,0.007858314047130086
2022-02-02,-0.00029214289997416573,-0.00011955132871630074,7.439708327984987e-05,-0.0004385795511921642,-0.0003663056224073917,0.0,-0.00029214289997414405,0.004253262089447259
2022-02-03,0.0009692204656376409,0.0008722984190738682,0.0015089875830355955,0.0013605039102126742,0.00253179839438732,0.0,0.002390051776423285,-0.023619357042481925
2022-02-04,-0.005696984250765331,0.0,-0.0026489280206369223,-0.002395678378221566,-0.005696984250765302,0.0,-0.005696984250765251,0.005039072697092067
2022-02-07,-0.0006978760787113635,-0.0007975726613843753,-0.0010346576186266523,0.0,-0.0005676985889962516,0.0,-0.0006978760787113419,-0.0015768395489957527
2022-02-08,0.001184973317397499,0.0,0.0009303800445396627,0.00021991733601738352,0.001184973317397499,0.0,0.0011849733173975438,0.011320717343008942
2022-02-09,0.0,0.0,0.0003588724397813103,0.0,0.0007440821601251636,0.0,0.0003880829434474711,0.015414655321487029
2022-02-10,7.7566736811118e-05,-0.0006789343982853222,4.23670384160482e-05,-0.001162600915133875,0.00023072585463952707,0.0,7.7566736811118e-05,-0.017331414685282466
2022-02-11,0.0009900885088087576,0.0,0.0005621535031921263,-0.001535840117444796,0.0008807419309833501,0.0006362963491587349,0.0008807419309832933,-0.019088907924735353
2022-02-14,0.0,0.0,0.0,0.0,-0.00021290583064801673,0.0,0.0,-0.002386027189587331
2022-02-15,0.00018742058996897335,0.0,0.00021431074314961235,0.00033081999654055254,0.0004988117381291121,0.0,0.00018742058996897335,0.01924939991253044
2022-02-16,-0.0003794540257664464,0.0,0.0,-0.0002542084232628555,-0.0010105497334089665,0.0,-0.0007318004978702254,0.00021938094194008372
2022-02-17,0.0007882214876118381,7.54335150758482e-05,0.0027107555055978106,0.0018942982568845765,0.0007882214876118381,0.0004645633393972312,0.0007882214876119166,-0.02304467035670818
2022-02-18,0.0001089401453687528,0.0,0.0009214237249208172,0.0006762871622082382,0.0001923669538230983,0.0,0.000192366953823129,-0.007881007224171082
2022-02-22,0.0,0.0,0.0,0.0,-0.00022640248401138176,0.0,0.0,-0.012396465823818377
2022-02-23,0.004221922048704544,0.0,0.004460637639526215,0.0006909980794769005,0.004221922048704544,0.002197656206068506,0.004221922048704645,-0.018536137926472622
2022-02-24,0.01054144967759426,0.007244054562801844,0.011944779246849824,0.004267859348515144,0.010541449677594303,0.010541449677594317,0.010541449677594317,0.018425786561183138
2022-02-25,0.0007476779979735519,0.0,0.0011960270979093058,0.0004712624580494016,0.0013595304552397433,0.0,0.0011575848957364934,0.021347004515529185
2022-02-28,0.0,0.0,0.0,0.0,0.0015527922840815052,0.0,0.00038841676397067344,-0.0005259942846903976
2022-03-01,-0.0007854296594455878,0.0,-0.0004527486300959531,-0.0030097954228292265,-0.0010684108527601822,0.0,-0.0010684108527601829,-0.016640433566706785
2022-03-02,-0.0015831387082507857,0.0,-0.00017200561826276293,-0.0018804674483715823,-0.0015831387082508083,0.0,-0.001583138708250836,0.01899501301703513
2022-03-03,-0.00011314963325609253,-0.00034318504222709273,-0.00024019364185313828,-0.0034326422600646413,0.00014841640063875466,-0.0003961653385876119,-0.00011314963325613579,-0.007949825592844701
2022-03-04,0.0,0.0,-0.002559654971663417,0.0,-0.0009712162340362848,0.0,-0.0008751290948043991,-0.01018196078001209
2022-03-07,0.005459617438045248,0.0,0.0051538912512984585,0.004465172000239165,0.005459617438045304,0.0028558384990134585,0.005459617438045304,-0.028516581942317123
2022-03-08,0.0,0.0,-0.002735596328926557,0.0,-0.0012238937121996567,0.0,-0.0009266643831916002,-0.0036690822439493695
2022-03-09,0.0,0.0,0.0,0.0,-0.0010564572433672292,0.0,-0.00022642786078836788,0.02745372826049636
2022-03-10,0.0003463516707925597,0.0,0.0003117260043683457,0.00026332513606702594,0.0005900517628679139,0.0,0.0003463516707925597,-0.005005465193011335
2022-03-11,0.0029393690885810113,0.0,0.004597455134389505,0.002427225297459762,0.0035975286535092884,0.0011440007002782423,0.0035975286535092884,-0.01364087172337948
2022-03-14,-2.61855284502745e-05,0.0,0.00019767207649809229,-0.00010029008086028734,8.262681388558082e-06,-0.00043951789463465157,-2.6185528450229886e-05,-0.01024852562876348
2022-03-15,0.0003768771643690111,0.0,0.002656230323293627,6.040818189667877e-05,0.0007405554912271807,0.00028916654231627857,0.0007405554912270873,0.02137264645249125
2022-03-16,0.0031992483305431346,0.0,0.0019048322213641013,0.003373554670657475,0.004323831203617542,0.0,0.004178941390324507,0.025653361728347326
2022-03-17,0.0022424974400065763,0.0,0.0020457998945548964,0.0013264087339302762,0.002846004198289705,0.0,0.002846004198289705,0.013003516563854874
2022-03-18,0.0009577582301594599,0.0,0.002743518929611985,-0.00011050868158291788,0.0009577582301594478,0.00026118835443164417,0.0009577582301594599,0.011655417625723242
2022-03-21,-0.0010808854857397405,0.0,-0.005215801730780499,-0.0018336330254776954,-0.0014560639567578752,0.0,-0.001080885485739819,-0.003792894054215411
2022-03-22,0.0001531968598940776,0.000115001659148023,0.00013896430965669326,-0.0004092539695472148,0.0004440996590122636,0.0,0.0003285065839329672,0.011850069043017662
2022-03-23,0.00048561898370305873,0.0004249166107401764,0.0009466427863012463,0.0010991984662556888,0.0015708992684373064,0.0,0.0010676923940405392,-0.014239323096900828
2022-03-24,0.0011111137160392096,0.0,0.0010055200696372387,0.001561041615658466,0.0012728087879777658,0.0,0.0012728087879778104,0.014556729137457858
2022-03-25,-0.0012041021785907506,0.0,0.0,0.0,-0.0032064596486578037,0.0,-0.0027140749400372164,0.0027400805241550807
2022-03-28,0.0005782437102843871,0.0004625949682275542,0.0006844381298773164,0.0008004266910268145,0.0011724352028087874,0.0,0.0011419775671983618,0.0062890024840056916
2022-03-29,-0.0004075584826000667,-0.00020561791955572126,0.00024838018969477793,-9.839694466356906e-05,-0.0004092065557451428,-0.00022846435506191975,-0.0004075584826001101,0.015874261047453087
2022-03-30,-0.0017969175252188106,0.0,6.746169605547611e-05,-0.0016421551430665412,-0.0021713768413519074,-0.0005321878137117093,-0.001796917525218789,-0.009023646468745388
2022-03-31,0.0028218189590598877,0.0,0.0,0.004166561415146988,0.004236950600891942,0.0,0.00390013133160594,-0.014196846383482158
2022-04-01,-0.001605618861223521,0.00044212526728787643,0.0,-0.002655420470898059,-0.0017451441544068973,0.0,-0.001605618861223521,0.004080319280222987
2022-04-04,0.0006066497978404564,0.0002836879970009583,0.0008473920515347537,0.0007694243746062877,0.0007435385817685256,0.0003152088855566402,0.0006066497978404564,0.008509616386859545
2022-04-05,0.00046148617319349545,-0.000501952890556086,0.0025820623161560484,-0.0004195045137875765,0.000580704700974983,0.00046148617319351773,0.000580704700974983,-0.01584038461448434
2022-04-06,-0.00019856262427368776,-0.0003498891447719875,-0.0005327358601364116,0.0,-0.00047448974587927233,0.0,-0.00034954563730153667,-0.012007508779869603
2022-04-07,0.0,0.0,-0.0001739892148813212,-0.0015119496850998504,-0.000535549573633693,0.0,-0.000350907586107121,0.0020201059364724295
2022-04-08,-0.000697963949378339,0.0,-0.0003673301060751281,-0.0005795229945945403,-0.00044975831403845634,0.0,-0.000697963949378339,-0.0042362387736358895
2022-04-11,0.0005204709071842777,0.0,0.0,0.0005570684372995478,0.0010382296044980364,0.0,0.0012632620054408507,-0.01502324113003501
2022-04-12,-0.0028941846279134107,0.0004560320272246266,0.000649372000680183,-0.0012922393631748968,-0.002894184627913389,-0.0014792392914721956,-0.0028941846279134736,-0.0020932733563700733
2022-04-13,-0.0005804711093809082,0.0,0.001317267941467339,-0.0013090697518766548,-0.0005804711093808589,-0.0005804711093807818,-0.0005804711093808866,0.014948962479248996
2022-04-14,0.0018730580997358651,0.00048203480947770074,0.001938139826342419,0.0017389060604413346,0.0023045295540183855,0.0014374530624663485,0.002304529554018342,-0.011856324657406412
2022-04-18,0.0,0.0,0.0,-0.0005043490851940096,-0.00014778642567399436,0.0,-0.0002644428646657387,-0.0011786427429109933
2022-04-19,-0.0005163764300291944,-0.0004543829572029239,0.0024360500063937375,-1.0674584615240146e-05,-0.0005163764300292004,-0.0005163764300292221,-0.0005163764300291727,0.017692859341816292
2022-04-20,0.0003966048512171517,0.0003966048512171517,-0.0007170573028538109,0.0005842330596540354,0.00033974898036127264,0.0003966048512171517,0.0003966048512171517,-0.0007370467614136908
2022-04-21,0.0026641027045577652,0.0,0.002025318288407394,0.00038904608299352307,0.0026641027045577652,0.0026641027045577205,0.0026641027045577652,-0.016622216778582055
2022-04-22,0.00496683738144766,0.0,0.0025315407496139747,0.005822736689376469,0.00496683738144766,0.00496683738144766,0.00496683738144766,-0.026701092765780143
2022-04-25,0.001589145468936474,0.0,0.0,0.00013579166820818688,0.0020759297731741833,0.0,0.0020759297731741833,0.007804500149057152
2022-04-26,0.0038508271859969347,0.0,0.007151165323596501,0.003974053047968754,0.0038508271859969347,0.0011054623315575043,0.003850827185996936,-0.030562467789185165
2022-04-27,0.0,0.0,0.0,0.0,-0.00010451694958678748,0.0,0.0,0.0005022939949362426
2022-04-28,-0.0020763044541030253,0.0005226525168242637,-0.001680907169796408,0.00010790227682250182,-0.0025645616135378524,0.0,-0.0025645616135378585,0.024264326444351888
2022-04-29,0.004541874109762522,-0.0003696551386287523,0.008164097586295683,0.004290781587659996,0.004541874109762479,0.004541874109762479,0.004541874109762479,-0.03422794127674462
2022-05-02,0.0,0.0,-0.013426108695173519,0.0,0.0009687480355717365,0.0,0.0010699467397100434,0.008305424694470464
2022-05-03,0.0,0.0,0.0,0.0,-0.00023798683315376322,0.0,-0.0001808266375059053,0.003953892803101839
2022-05-04,0.003987053190987481,0.0,0.009452900856161914,0.0010319760176753883,0.003987053190987481,0.003176535309250937,0.003987053190987481,0.029784248071620847
2022-05-05,-0.010157566493638248,0.0,-0.00367662740713832,-0.006204737931493743,-0.010157566493638304,-0.01015756649363822,-0.010157566493638248,-0.03825604027396793
2022-05-06,-0.0019219075985428683,-0.0017297168386885876,-0.0008955666294517115,-0.0005174859600642744,-0.0036523883618620146,0.0,-0.0019219075985428683,-0.00918479798215925
2022-05-09,0.0007242425314345375,0.0,0.0013641701356560804,8.270528931827083e-05,0.0020744750610218105,0.0,0.0018787094472743652,-0.03232165443756645
2022-05-10,-9.988719658616789e-05,0.0,0.0,-0.0017385990532762761,0.0005208429686895675,0.0,0.00016631412215122033,0.0026116797509890544
2022-05-11,0.0015942967117013717,0.0,0.0,0.0006301447976995168,0.0025030046744484455,0.0,0.001594296711701415,-0.019226126603742608
2022-05-12,0.0,0.0,-0.0034924817476346846,0.0,-0.0012154611521872191,0.0,0.0,0.00125400042651752
2022-05-13,-0.0015178466904254115,0.0,0.00021083979857024562,-0.00014517916186852387,-0.0016823957178797888,0.0,-0.0015178466904253562,0.025472986418676093
2022-05-16,0.0,0.0,0.0,0.0,-0.000238774886467584,0.0,0.0,-0.004057589025386393
2022-05-17,0.00021388081438776884,0.0,0.0,0.00023167244965052372,0.0002372005689228439,0.0,0.00021388081438776884,0.021836852878648703
2022-05-18,-0.0034789777209264516,0.0,-0.001634855138075749,-0.0014160653840575277,-0.0034789777209264586,-0.003478977720926496,-0.0034789777209264863,-0.03982368696656887
2022-05-19,-0.00027689895503961665,0.0,-0.007082013748336056,-0.0007653787239549578,-0.0004341540848700354,0.0,-0.00027689895503961665,-0.004706118109343046
2022-05-20,-0.011309645620120507,0.0,-0.016140825673634743,-0.002731992911724565,-0.011309645620120507,0.0,-0.011309645620120486,-0.0011396439447415648
2022-05-23,0.0,0.0,0.0,0.0,0.0007796520898620125,0.0,0.000157464797523849,0.017253473499027627
2022-05-24,0.0,-0.0006481232793811558,-0.0016787337879505058,-4.079258311197939e-06,-0.0005984849912743886,0.0,-0.00023199835888420032,-0.009409552677384825
2022-05-25,-0.0027296748680384966,0.0,-0.0005155050857104825,-0.0013749780281752224,-0.0027296748680385244,-0.0006730167269595344,-0.0027296748680386016,0.011386882077139025
2022-05-26,2.6698237256022657e-06,0.0002601861165420589,-0.002317791470921576,-0.002844299161822065,2.6698237256359437e-06,0.00034298319428899846,2.66982372559263e-06,0.02060935824830443
2022-05-27,0.002061486974950355,0.0009952487228837837,0.004709408035953623,0.0018938617219443944,0.0020614869749504116,0.0020614869749504116,0.0020614869749503114,0.02511262191866912
2022-05-31,-0.0001575913939139655,0.0016513260963483944,-0.0007293257073868012,-8.583552967023692e-05,-0.0008866077200929345,0.0,-0.0001575913939139438,-0.006615471419361921
2022-06-01,0.001635673565441502,0.0,0.0012603165958870249,0.0016538606373466477,0.0027882635562283525,0.0,0.002412283085687487,-0.006665012075955942
2022-06-02,0.004422641185028891,0.0,0.003983675907051836,0.0027728523917525194,0.004422641185028891,0.002018093414370605,0.004422641185028891,0.020398395265835204
2022-06-03,-3.391792863232944e-05,0.0,0.0,-0.0003273141467504064,3.703539589824423e-05,0.0,-3.391792863237403e-05,-0.01510765668337417
2022-06-06,-0.002073050602576636,0.0,-0.00037808722942032154,-0.00026178462660296676,-0.002073050602576626,0.0,-0.0020730506025765476,0.00258197981649808
2022-06-07,0.0018875237897329087,0.0,0.0038332718408601663,0.0005000980185320612,0.0018875237897329348,0.0018875237897329348,0.0018875237897329087,0.010398341779296901
2022-06-08,2.9178166596791673e-06,0.0,-0.0006504421626862519,0.0001859847985035109,0.0003914100324081722,0.0,0.00022468042334022613,-0.010193162711299882
2022-06-09,0.006430580533221692,0.0,0.005724855382627835,0.004129358140206409,0.006430580533221735,0.0,0.006430580533221692,-0.022721302225621264
2022-06-10,0.0,0.0,0.00038782655318794193,0.002503130660632668,0.003328246216605854,0.0,0.0012093334577131006,-0.029439393605264007
2022-06-13,-0.0002944335221097487,0.0,0.0007033750224489498,-0.0021664850972315246,-0.0003919457011251108,-0.00035685588382931003,-0.0002944335221096601,-0.0387085425510461
2022-06-14,-0.0020080634262232637,0.0,-0.002591500111999575,0.0,-0.002375442255341139,0.0,-0.002008063426223214,-0.0024660571818360677
2022-06-15,-0.005185848456292669,0.0,0.0,-0.00028426692486887065,-0.006654866222543293,0.0,-0.006654866222543321,0.015115330860665889
2022-06-16,0.0,0.0,-0.0008629547035088723,-0.0006982176610703785,5.35398548048945e-06,0.0,0.00010695634086892579,-0.034488435547073176
2022-06-17,0.0,-0.0007800780481059275,0.0,0.0,-0.002286498077955902,0.0,-0.0005530836353236286,0.003953819424672707
2022-06-21,0.0,-0.0003808448992933986,-0.0005571582660918933,0.0,-0.001492611209513014,0.0,-0.0011697642324505519,0.022838698487446716
2022-06-22,-0.002729705103734876,-0.0010455020008087882,-0.007353605061225876,-0.0015742941892686584,-0.0027297051037349323,-0.0010320037492069156,-0.0027297051037348976,-0.002052663326072341
2022-06-23,0.0,0.0,0.0,0.0,0.0005346280658711173,0.0,0.0,0.010777328227023068
2022-06-24,0.0047451336823076075,0.00046270085320280466,0.005218075237357708,0.003847921742096236,0.004745133682307563,0.0030567604053766207,0.00474513368230762,0.03102245036840301
2022-06-27,5.2798909526071176e-05,9.045178902375802e-06,-2.915961999191971e-06,0.00011292928006612207,-6.280435151368462e-05,0.0,5.2798909526071176e-05,-0.002615510803260414
2022-06-28,0.002247152999897215,0.0,0.0020724268338610337,0.0008148796251758746,0.0022471529998971595,0.0022471529998971595,0.0022471529998971595,-0.021024306366530503
2022-06-29,-1.622421089965251e-05,-1.622421089967657e-05,-0.0008138355651525712,-0.0006787384990114769,-0.0003682249334311903,0.0,-1.622421089967657e-05,-0.0016569211676075246
2022-06-30,0.0,0.00030132659642175756,0.0,0.0,0.00023020493082299916,0.0,0.0,-0.008516987371913413
2022-07-01,0.0,0.0,0.0,-0.00023784583654892235,0.0012755885096288212,0.0,0.0010087481618805715,0.009631464034051521
2022-07-05,0.0020469795743341297,0.0,0.004166238368879818,0.0017060030435172746,0.0022926317749375324,0.0003583745069676501,0.0022926317749375324,0.005063469312916772
2022-07-06,-0.0008291930199693636,0.0,0.0,0.0,-0.0019916601810121993,0.0,-0.0015522652716374922,0.0013498248936397166
2022-07-07,-0.00020815625431570568,4.318727160244987e-06,-0.00018841577901726922,0.0004197783236403335,-0.00018628095576453,0.0,-0.00020815625431570568,0.017157217280179694
2022-07-08,-0.000463306616903164,0.00010030134960262453,-0.0012557648723608053,-0.0005068533667123957,-0.0008013760621094301,0.0,-0.0004633066169031417,-0.00027130364708946803
2022-07-11,0.000516706861643172,0.0001408815958292245,0.0005748486954839076,-0.0003512966911324855,0.0004914926661830745,0.0,0.000516706861643172,-0.013929480332679687
2022-07-12,-0.0010268764319217815,-8.783007218354108e-05,0.0007502934323717308,-0.0017181951254176889,-0.001280128910549447,-0.0005390712160153511,-0.0010268764319217422,-0.006852789486276478
2022-07-13,-0.0032565521140670416,-0.0012835500110220948,-0.006410308808745118,-0.0007867893120164788,-0.0032565521140670143,-0.0017317609334302543,-0.003256552114067036,-0.004241150096863415
2022-07-14,-0.0011827514241973557,0.0,3.9908287184851934e-05,0.00024544667192235675,-0.0012716657228316916,0.0,-0.001182751424197384,-0.00319130441640656
2022-07-15,0.0,-0.00011616304732217192,0.0,0.0,0.0005647809503077804,0.0,4.927405024684322e-05,0.019678647848782822
2022-07-18,0.001554155603358525,0.0,0.0024817139158883113,-0.001487042178969568,0.001554155603358393,0.00155415560335846,0.001554155603358525,-0.006627286829072699
2022-07-19,0.0008852942497185246,8.740789636970818e-05,0.0013959783458096307,-0.0007187812426184749,0.0008852942497184596,0.0007034285811401416,0.0008852942497184395,0.02873379337694086
2022-07-20,-0.00147756977332362,0.0,0.0007648514657137985,-0.00078929079032427,-0.001605412198345746,-0.0009121656298714282,-0.0014775697733236423,0.009338459914738112
2022-07-21,0.0011725453130172854,0.0,0.0,0.0010002541121909632,0.0021212679266453902,0.0,0.001673157408958628,0.008716938515988922
2022-07-22,-0.001096997921593697,-0.0005586366974782496,-0.0037869304382546908,-0.0031061668493130314,-0.001096997921593753,-0.0006982958718477686,-0.0010969979215937247,-0.01117419490673675
2022-07-25,-0.001266836393647781,0.0,-0.0009543097973048498,-0.0008361200671813338,-0.0029009351582649184,0.0,-0.002116953975102778,0.0009151749968356417
2022-07-26,-0.000359304373944294,0.0,-0.00028149294462892136,-0.00042704068885708905,-0.00032200733318952585,-0.0002204618565857301,-0.00032802760352155705,-0.01119137854549423
2022-07-27,-0.004797573288995579,-0.0007643008982364071,0.002346149267100909,-0.0034458378262060036,-0.004797573288995558,-0.004797573288995508,-0.004797573288995514,0.025396296694370612
2022-07-28,-0.0008427270627208691,0.0,-0.0005434154637792904,5.67335498885295e-05,-0.00099384845847895,0.0,-0.000993848458479006,0.011514437281414769
2022-07-29,-0.0013621263786455574,0.0,0.000342907316859002,-0.0015512090005221232,-0.001362126378645564,-0.00045262495782322676,-0.0013621263786455574,0.012656835111996195
2022-08-01,-0.0003387439985177438,0.00015375232001613856,-0.0020119867308805266,-0.00020437296106451264,-0.00044627383363342446,0.0,-0.0005376712272330204,-0.0015786238549543876
2022-08-02,0.0005538853715008968,0.0005538853715009535,0.0005930604807534126,0.0006388715022857186,-0.00032446229113377304,0.0,0.00012830895761167213,-0.006022395842928825
2022-08-03,-0.0008025015281667939,-2.1076361861689538e-05,-0.0008090266575373654,-0.0026166151785834233,-0.0008025015281668214,-2.6345452327094975e-05,-0.0008025015281667841,0.01705211141750395
2022-08-04,0.0,0.0,0.0,0.0,-3.790110922920114e-05,0.0,0.0,-0.00015709470939330323
2022-08-05,0.0013728552323729352,0.0011186456488531354,0.0018678719435140942,0.0006736753456242753,0.00168101053489825,0.00032656514728266004,0.00168101053489835,-0.00013135558791894247
2022-08-08,-0.0005782008045027824,0.0003359605957868557,-0.0009645288760078023,0.0,-0.0005526995303325776,0.0,-0.0005782008045027817,0.0016481964040599842
2022-08-09,-0.0005884365052167206,0.0,-0.000576274053261433,-0.0007575909683009301,-0.0004782854348503728,0.0,-0.0005884365052167206,-0.007051075411568911
2022-08-10,3.649110807847512e-05,0.0,0.0003574170609010685,-0.00032529742137113433,0.00018074591510391138,0.0,3.649110807851846e-05,0.022816769380475246
2022-08-11,-0.00022214740711679632,0.0,7.698876293220233e-05,-0.0007747361830854214,-0.0002221474071167482,1.4434234865713257e-05,-0.0002319693501360261,6.615970465558772e-05
2022-08-12,0.001128955591918734,0.0,0.0022226232989863972,0.0006496688209700526,0.0011289555919186895,0.00046678584993690476,0.001128955591918646,0.016905165909512323
2022-08-15,-0.0007421702034283353,-0.0005371238579377893,0.00012634335513981936,-5.262490681556061e-06,-0.0007421702034283285,-0.0007421702034283129,-0.0007421702034283346,0.005017180167254265
2022-08-16,0.00010562928102486623,3.753317368271479e-05,0.00017851877228037562,-0.00011215500027676311,0.00012626690223864763,5.361881954672325e-05,0.0001056292810248095,0.0018795201586901003
2022-08-17,0.0,0.0,0.0,0.0,-4.70916561325608e-05,0.0,0.0,-0.009439761170170183
2022-08-18,0.0,0.0,0.0,0.0,-0.0005508593468275949,0.0,-0.00013168506235086548,0.0031393310547934324
2022-08-19,4.0812857450578125e-05,-0.0001513038632958435,-0.000985428366240599,0.0002717880674366939,8.554053541758344e-05,-0.00015130386329586517,8.554053541757266e-05,-0.015225253484212437
2022-08-22,-0.0010428926102585853,0.0,-0.0015302244719563153,-0.0027579410985143393,-0.0010428926102586124,-0.00044807533902976946,-0.0010428926102585413,-0.021161631301114807
2022-08-23,0.0,-0.0003273757111530805,0.0,0.0,-0.00016562905889383448,0.0,0.0,-0.002076791665151511
2022-08-24,-0.0001409714407205412,0.0,-2.6881992284333503e-05,-0.001264926883930478,-0.00043836592051920873,0.0,-0.00031383611602523245,0.0038281688196879935
2022-08-25,0.003590456572219629,0.00046619689659345453,0.000636277945861941,0.0022209090017205313,0.003590456572219662,0.0,0.0035904565722196854,0.013980273662888155
2022-08-26,0.003631510683448605,0.0,0.005059283956213557,0.000967341175639959,0.0036315106834485487,0.003631510683448605,0.0036315106834485487,-0.034386830705911
2022-08-29,0.0,0.0,0.0,0.0,-0.0013615004874693761,0.0,0.0,-0.007532301736112407
2022-08-30,0.00015317425968487463,-0.00012616387468540393,-0.002646693421119819,0.00014878690754501774,0.00015317425968487463,-0.00015770484335671158,0.00015317425968487463,-0.011279741836171255
2022-08-31,0.001513371791943057,0.0,0.0007040505364940303,0.0,0.0022103508522898136,0.0,0.0019721456940390678,-0.00689859080452151
2022-09-01,-0.0012149123912880094,-0.0012149123912880094,-0.0008664556128345175,0.0,2.3866933190288598e-05,0.0,-0.0012149123912880094,-1.564405001787156e-05
2022-09-02,0.0004249873258629498,3.538989250796445e-06,0.0005911747651783188,-0.005207983752544772,0.0004249873258628445,0.00042498732586291493,0.00042498732586297564,-0.010677231001433963
2022-09-06,-0.0003162318969568168,0.0,-0.00027328257278947033,9.680565355868252e-05,-0.0002459864723631262,0.0,-0.00037175326605034094,-0.006131185495759215
2022-09-07,-0.0018320597142232318,0.0,-0.0001610374291662139,-0.000641458883100238,-0.0018320597142232593,-0.0018320597142232062,-0.0018320597142232123,0.01783451311119552
2022-09-08,0.002351046310260586,0.0,0.0028573203682367362,0.0026731674568024662,0.002351046310260586,0.00024054723431817998,0.0023510463102605415,0.006513743766436632
2022-09-09,-0.0007095848630913136,0.0,-0.0002243674473716745,-0.00160953051960529,-0.0007095848630912919,0.0,-0.0007095848630913412,0.0169958846909245
2022-09-12,0.0,0.001134519234166826,0.0,5.960213561508508e-05,0.0006051310574171906,0.0,0.0,0.010399678834181176
2022-09-13,0.00183202289709228,0.0,0.0061031662103510805,-0.0013291929691072032,0.0018320228970922449,0.0018320228970923017,0.0018320228970923017,-0.04409098879436227
2022-09-14,-0.0015903056396959967,0.0,0.0,0.0,-0.0024978804792155753,0.0,-0.0008512219738892944,0.004213224993994512
2022-09-15,-0.0017085134296250565,0.0005593114242000141,0.0,-0.0006205944452100625,-0.0022848641870681233,0.0,-0.002054846654247891,-0.01014516751690059
2022-09-16,0.0,-0.000734308090080617,0.0,-0.00031073740177837387,-9.893123218748139e-05,0.0,0.0002200866470570602,-0.008177486335713836
2022-09-19,0.00099398949902419,0.00010069732484024612,0.004414114902442675,0.00021590160351843754,0.00099398949902419,0.00014385332120038874,0.0009939894990241456,0.008320250991084854
2022-09-20,0.0,0.0,0.0,0.0,-9.401801255041803e-05,0.0,0.0,-0.010721748794418418
2022-09-21,0.010106506167039678,0.0,-0.006193537952082099,0.0035877719734598162,0.010106506167039734,0.0,0.010106506167039835,-0.017145244255237065
2022-09-22,0.0,0.0,-8.02963581624192e-05,0.0,0.0004985163614921336,0.0,0.0003678333798780886,-0.011007188616294968
2022-09-23,-0.0005038534847977093,0.0,-0.012167237527730246,0.0,-0.0029864542587065513,0.0,-0.0029864542587065513,-0.017846507267509373
2022-09-26,0.0,-0.0015839832928914949,0.0,0.0,0.0003931212002337099,0.0,0.0,-0.009864408694639419
2022-09-27,-0.0008175528642514024,0.0,0.00030717266011855127,-0.0005491977566231079,-0.0009207260858614532,0.0,-0.0009207260858614816,-0.0009540924349884321
2022-09-28,-0.0015147310031940835,0.0,0.002143047528862446,-0.0036605750674379824,-0.0015147310031940777,-0.0006478212604324634,-0.0015147310031940991,0.021870812924741946
2022-09-29,-0.00501285370079158,-0.0043986363262603495,-0.009055353103558334,-0.0011585659621373965,-0.005012853700791531,-0.001350642659592025,-0.005012853700791559,-0.021204480960206683
2022-09-30,0.0,-0.0008914485424304686,0.0008465773281064723,0.001007803735656353,0.0022424231523369307,0.0,0.00113343635205548,-0.014529573995364458
2022-10-03,-0.004167696515882299,0.0,-0.004424845526931043,-0.0020061923948036307,-0.0041676965158822495,-0.003317849771421291,-0.004167696515882305,0.025874984573699217
2022-10-04,0.0036880830604571176,0.003593210180948457,0.0023655559490071334,0.0031654592485239625,0.003688083060457073,0.0,0.003688083060457085,0.03210136997488502
2022-10-05,-0.0028965562091372503,0.0,-0.0010131373225541855,-0.003054681023738448,-0.0028965562091372503,-0.0027496629059551025,-0.002749662905955075,-0.002652458530052339
2022-10-06,0.0,0.0,-0.00017264764773749217,0.0,0.0003881505346956845,0.0,0.0,-0.009191738091949418
2022-10-07,-0.003043018907229478,-0.002422085562479026,0.00028054769456977737,-0.0008042165147845604,-0.003043018907229483,-0.0030430189072295057,-0.003043018907229505,-0.02865928327034997
2022-10-10,0.0008652619494381221,0.00033415927010261486,0.0007555840592500705,0.0010337073344832974,0.0011550065597599358,0.0,0.0011550065597598805,-0.006595022593066744
2022-10-11,0.0,0.0,0.0,0.0,-0.0006356456017976354,0.0,-0.00040161296078274576,-0.004106813342930659
2022-10-12,0.0,0.0,0.0,0.0,3.1218875654528825e-06,0.0,0.0,-0.001896913413965532
2022-10-13,-0.0005251839158668729,-0.00033061926680642297,-0.002499220671901524,-0.0003103547015860683,-0.0005251839158669297,-0.000525183915866823,-0.0005251839158668676,0.025943288972739877
2022-10-14,0.0028408317561000925,0.0,0.0024459690002324825,0.002221975017080189,0.0028408317561000925,0.0022817783520120154,0.0028408317561001576,-0.02217529391698337
2022-10-17,0.0,0.0,0.0,4.342180342800651e-05,1.873362132594688e-05,0.0,-9.625950805057443e-05,0.02642483745255475
2022-10-18,-0.0037323329283620596,0.0,-0.0045271708480134985,-0.0006810954339776938,-0.003732332928362026,-0.0010381556836456174,-0.003732332928362081,0.010900763024790601
2022-10-19,-0.0005729775175034043,0.0,-0.000556845631926267,-0.00041035555903031244,-0.0007688296765962326,0.0,-0.0005729775175034043,-0.007589761550653745
2022-10-20,-0.0003979087149328593,0.0,-3.3611107736903234e-05,-0.00020865144955599792,-0.000612077042418052,0.0,-0.0005867050062397391,-0.007391620445277546
2022-10-21,-0.0010848311635019581,-0.0006854268788107766,0.003541440764439379,-0.0010680639886974906,-0.0010848311635019798,-0.0010848311635018968,-0.001084831163501953,0.024144293343023718
2022-10-24,-0.0013687144734991139,0.0,-0.001000289608872505,-0.0001637610260879448,-0.0013943599544176293,0.0,-0.0013687144734991139,0.010577367581039783
2022-10-25,-0.00045337549509620904,-0.00045457736490979266,0.002972507377241474,-0.0008985848477327426,-0.00045337549509620904,-0.0004125742815294737,-0.0004533754950962098,0.017836846679399023
2022-10-26,0.0,0.0,0.0,0.0,-0.00016415094683141024,0.0,0.0,-0.005944566277438581
2022-10-27,0.0003389862721551294,0.00029055966184725064,7.725161594253521e-05,0.00029815422309641555,0.000937002096264817,0.0,0.0006539169898936503,-0.003777874450740632
2022-10-28,8.426045536214066e-05,-4.936629422883534e-05,0.0002414097792664108,-0.00014822855579321858,8.426045536206823e-05,-0.0001432661436711152,8.426045536198741e-05,0.02555273821866138
2022-10-31,-0.00029517949053397776,0.0,0.0,-0.0005601961613956661,-0.00037794294308488377,0.0,-0.00029517949053397776,-0.005379962630046796
2022-11-01,0.00029334571903386595,0.0,0.0015995688057715259,0.0006694285436110921,0.00029334571903392277,0.00027201319067083837,0.0002933457190338614,-0.004009980986753702
2022-11-02,0.004992625367112889,0.0004863839838385973,0.011239328790638827,0.005537395462532262,0.004992625367112844,0.003864832306470613,0.004992625367112877,-0.02615034971256862
2022-11-03,0.0,0.0,0.0,0.0,-0.0014183282837704318,0.0,0.0,-0.009786343758091186
2022-11-04,0.0,0.0,0.0,0.0,-0.002273117879208111,0.0,0.0,0.014141329755405854
2022-11-07,-0.00020545271207716688,0.0,0.0,-6.99213413108418e-05,-0.0003809365379804475,0.0,-0.00020545271207716688,0.009881695993547676
2022-11-08,-0.000619460451757965,0.0,-0.0006008232433569877,-0.0006287701612636622,-0.0010949237699304905,0.0,-0.000619460451757965,0.005884964942530571
2022-11-09,0.0029157925146387474,0.0,0.0015984455891847188,0.00025463002816977873,0.0029157925146386923,0.0,0.0029157925146386823,-0.022228187475517597
2022-11-10,0.0020709382767816155,0.0002174482535757383,0.004577034271181405,0.00178657181579348,0.002424697937301192,0.0009725266009516755,0.002424697937301192,0.055232639675238795
2022-11-11,0.00010851692197547949,-0.0001253321600928681,-0.0011906981496228948,-0.0002485186737899836,8.267491913386693e-06,0.00012754268269964968,0.0001275426826996943,0.00916492161639874
2022-11-14,0.0,0.0,-0.001094757318034626,0.0,-0.0017633064632376237,0.0,0.0,-0.008296232976687308
2022-11-15,1.3077683167304959e-05,0.0,0.00021184777265027742,0.0002114939622689393,0.0003491258210670785,0.0,0.0003948546549350353,0.009076906553669538
2022-11-16,-0.00040336892594886015,0.0,0.0,-1.4757250520078572e-05,-0.0005556718458941669,0.0,-0.00040336892594883847,-0.009257156735249211
2022-11-17,0.0,0.0,0.0014539100973899378,0.00127290515103378,0.0021198548060868422,0.0,0.0015122828392360853,-0.003175223973669863
2022-11-18,-6.578491392109635e-06,0.0,-0.0018601582817906943,0.000189585721033804,-0.00015895938953658774,0.0,-6.578491392109635e-06,0.004185098091156186
2022-11-21,0.0,0.0,0.0,0.0,-0.00029714532487944297,0.0,0.0,-0.004830538166666195
2022-11-22,0.0006875632642170959,0.0,0.0014219092359133443,0.0005272524446997794,0.0008320054220753315,0.0,0.0006875632642170959,0.012692732654789905
2022-11-23,-0.0002896589549678924,-0.00022008625850265096,6.461080306887768e-05,0.00025317300567174973,-0.00028965895496782003,0.0,-0.00028965895496792075,0.005397528141278991
2022-11-25,0.0,0.0,0.0,0.0,6.094997122364922e-05,0.0,0.0,1.2955825425747081e-05
2022-11-28,-0.0020697334186310858,0.0,0.0003933003028244977,-0.00043101681689511226,-0.002069733418631086,-0.0014773991398829179,-0.002069733418631064,-0.01616338330261451
2022-11-29,-0.00020451498958123812,0.0,-0.0002629466626463113,-0.0002045149895812158,-0.0003508397668874826,0.0,-0.0002045149895812158,-0.0014430141307031023
2022-11-30,0.005661294011012277,-0.001137135499725727,0.010379300719420293,0.005005347246920306,0.005661294011012277,0.005661294011012277,0.005661294011012277,0.031151987106337556
2022-12-01,0.0,0.0,0.0,0.0,-5.1541124082562964e-05,0.0,-8.673221047005028e-05,-0.0017647899823818563
2022-12-02,-0.0005018580276669219,-0.00035318076482331956,0.0002752978924474724,0.0010129539387462069,-0.0005018580276668664,-0.0005045439497475838,-0.0005018580276668695,0.0003997064158586462
2022-12-05,-0.00280306633763774,-0.0006366023344523754,-0.0018167370269970575,-0.0016942964762952197,-0.0028030663376378464,-0.001465834306307613,-0.002803066337637762,-0.018751662369901535
2022-12-06,-0.004499111923650171,-0.0019223452549762287,-0.003301326242607246,-0.0008397800376462533,-0.004499111923650222,-0.004499111923650167,-0.004499111923650116,-0.014705595980289412
2022-12-07,0.0,0.0,0.0,0.0,-2.94320160525328e-05,0.0,0.0,-0.002189264077886262
2022-12-08,-0.00017524156593610684,0.0,0.0,0.0,-0.00018147004498396497,0.0,-0.00017524156593610684,0.008169884469467703
2022-12-09,0.0,0.0,0.0,0.0,-0.00023908552226280342,0.0,0.0,-0.008687163496306523
2022-12-12,0.0013502154884261978,0.0,0.003103294456931357,0.00188918267985694,0.001350215488426253,0.0007343769907718478,0.001350215488426253,0.01386339361237518
2022-12-13,-0.0006354078435192973,-0.00022018132661785018,-0.0012777255877247443,0.0003884493320804068,-0.000635407843519348,-0.000635407843519319,-0.0006354078435193697,0.007222834018878502
2022-12-14,0.0,0.0,0.0,0.0,-0.0008076509863954508,0.0,0.0,-0.0063611074308265805
2022-12-15,0.0,0.0,0.0,0.0,0.0010974672528262952,0.0,0.0003745805659159263,-0.02565517749907178
2022-12-16,0.0,0.0,0.0,0.0,0.0002370451334132298,0.0,0.0,-0.00976034756194593
2022-12-19,-0.0026104089312099796,0.0,-0.002683444128240439,-0.0019389953531327212,-0.0026104089312099345,-0.0007873518609806078,-0.0026104089312099284,-0.009672492158870689
2022-12-20,-0.00027806418826058454,0.0,-0.000288454257970503,-0.0005356786150979,-0.0007818702936206082,0.0,-0.0004852709248305973,0.002159071813157982
2022-12-21,0.0007854237025369153,0.0,-7.02160090038259e-05,0.0005815680830170871,0.0010526950721726316,0.0,0.0010526950721726884,0.015556245944985735
2022-12-22,-0.0010967467515543216,-0.000527111186251206,-0.0058027666043069075,-0.003642546729551218,-0.0010967467515543945,-0.00027276934158067343,-0.0010967467515543498,-0.014930666319488705
2022-12-23,0.0,0.0,0.00019559099349047415,0.0,0.0007840163646892516,0.0,0.0005151995378481183,0.004481260461454169
2022-12-27,0.0003636180684636135,0.00036024973540056134,-4.662831504662915e-05,0.00034887421968871546,0.0003497928249492346,0.0,0.00036361806846363517,-0.00543180747512075
2022-12-28,0.0007525910227972258,0.0,0.003875259257106984,-0.0003002741236680695,0.0007525910227972258,0.0007334883081143813,0.0007525910227972909,-0.012965739496646936
2022-12-29,-1.1406626618930022e-06,0.00036862944870660175,9.101398129008405e-06,-0.000841087100676901,2.6810449244759675e-05,7.060074435611655e-05,2.6810449244827993e-05,0.019042752517052293
2022-12-30,0.0,0.0,-0.003291546397521224,0.0,-3.6442128727469386e-05,0.0,0.0,-0.0021152637881550946
2023-01-03,-0.001319924601602834,-0.0012181091080549088,-0.001984166278546298,-0.0005581668642103742,-0.0013199246016028271,-0.00035089685523064803,-0.0013199246016028557,-0.004122421724827334
2023-01-04,0.0,0.0,0.0,-0.001184021178762965,-0.0007083123963699193,0.0,0.0,0.007141070443797363
2023-01-05,0.0,0.0,0.0,0.0,0.00025250614340537535,0.0,0.0,-0.011790826130651116
2023-01-06,-0.000778200122134303,0.0,-0.0013729129762319477,-0.0018932629295592667,-0.0007782001221343171,-0.00038032476178085864,-0.000778200122134303,0.023347528259009494
2023-01-09,-8.185470091243323e-05,-0.0004230679592138617,0.00016755737314427382,0.00015129112910396806,0.00010079640127855677,0.0,-8.18547009124616e-05,0.0009052688486069183
2023-01-10,0.001773303129552505,0.0,0.0015312700045197348,0.0016224354141666304,0.002114702171121057,0.0007469859417736501,0.0021147021711211923,0.008771528212077433
2023-01-11,0.001461596641402356,0.0,0.0013187786951822304,0.0013885537051827974,0.0016146718517430774,0.0,0.001461596641402291,0.012038883374076027
2023-01-12,0.0004060356687400379,-0.0012205306633039112,0.0001966789783306119,0.0003695184106058827,0.0005502413686117746,0.0004060356687400813,0.0004060356687400813,0.007703292991574002
2023-01-13,0.0004912444299192238,0.0,0.0023361113995246027,-0.000818968960718065,0.0004912444299192238,0.0,0.0004912444299192238,0.0048610155494663585
2023-01-17,0.00014217506580351246,0.0,0.00027554150944894974,-8.953786561690954e-05,0.00013312899568344947,0.0,0.00014217506580351246,-0.003523849795532146
2023-01-18,0.003078468011934672,-0.0004193276358517624,0.0039207124234929905,0.0005119378285962534,0.00307846801193476,0.00307846801193476,0.0030784680119347154,-0.015862663709318128
2023-01-19,0.0,0.0,0.0,0.0,-0.0009220100972248243,0.0,0.0,-0.008285926585832633
2023-01-20,0.0014929551093949083,0.0,0.0032010386597526373,0.0018156920623537617,0.0014929551093947806,0.0007584693468922062,0.0014929551093947723,0.017729074879462313
2023-01-23,0.001404211531740082,0.0004957776546494448,0.0014020195852808342,0.0008719197782226841,0.001580588734886379,0.0004957776546493779,0.001404211531740192,0.013066750964496034
2023-01-24,-0.00026849284885602324,0.0,-0.00048295147940940125,0.00030841293735684377,-0.0007427799404433108,0.0,-0.0004497694257035799,-0.000524587873945425
2023-01-25,0.0006296684861542566,-0.0003496282128587594,0.0014138696312462166,0.0013216630758019394,0.0006296684861542566,0.0004685040304010106,0.0006296684861543134,0.00042184234920088605
2023-01-26,-0.0005268130248692598,-0.000702417366492368,-0.0005849762098453275,-0.0005412316698428587,-0.00016179747357552936,0.0,-0.0005268130248692814,0.010431872677764978
2023-01-27,-0.004322479875074464,0.0,-0.0032935137194626237,-0.0029379768399371113,-0.004322479875074514,-0.0021024192608766583,-0.004322479875074558,0.004172947815406695
2023-01-30,1.563667541068595e-05,0.0,0.00038771103977891595,0.0002837639173852776,-4.011642553846176e-05,0.0,-4.011642553840991e-05,-0.013095802922458382
2023-01-31,0.003697230122741168,0.0,0.002846624339347289,0.003581843961741615,0.004530151683791311,0.0010839052353682909,0.0045301516837913235,0.01590797762955186
2023-02-01,-0.001748119724204493,0.0,0.0036089645374080175,-0.005014204386659766,-0.0017481197242045095,-0.0011642565763431922,-0.0017481197242044594,0.011266690602252457
2023-02-02,0.0,0.0,0.0,0.0,0.0006821457274895558,0.0,0.0,0.01584076062561208
2023-02-03,0.0,-8.251469684805469e-05,0.0,0.0,-8.843682214862631e-05,0.0,0.0,-0.009572769465633136
2023-02-06,-0.00046682885573855144,0.0,0.0,-0.00023611356780805584,-0.0004964771736695843,0.0,-0.00046682885573855144,-0.0069389810993334515
2023-02-07,0.0015833858858508292,0.0,0.003828046135357176,0.0011129041749149162,0.0015833858858508292,0.00114578186893551,0.0015833858858508292,0.01213835887882413
2023-02-08,-0.00015258611689269967,0.0,0.0,0.0,-0.00027054696040148136,0.0,-0.00014589565130934155,-0.011928078676764705
2023-02-09,-0.0011630363049197497,0.0,0.0026918293140481644,-0.00032885116805145623,-0.001163036304919728,-0.0011630363049197619,-0.001163036304919822,-0.00938138231258676
2023-02-10,0.0,0.0,0.0,0.0,0.0003358337280862784,0.0,0.0,0.0009599388579464274
2023-02-13,0.001825605371335783,0.0,0.002352096402746095,0.0004518436018553751,0.0018256053713357253,0.0,0.0018256053713358263,0.012688364529866969
2023-02-14,-0.00048688809110234994,-0.0004952983651436351,-0.0004567632654595017,-0.0016302776978959184,-0.00048688809110232825,-1.11651066115067e-05,-0.0004868880911023251,0.00015441786855662843
2023-02-15,0.0008841453404785653,0.0,0.0011308576148155482,0.0008006374583402015,0.00155847018285347,0.00023452264487836588,0.001335546298955305,0.005390757098414167
2023-02-16,-0.00027370879436132786,0.0,-0.009457875114538128,-0.00020456186621764595,-0.00036160794581634734,0.0,-0.00027370879436132786,-0.013724198790035553
2023-02-17,0.00029248848584609424,0.0,6.530569643829841e-05,0.00020833118221176344,0.00035111959931499276,0.0,0.00029248848584609424,-0.0005654686743765654
2023-02-21,0.001216380017589566,0.00020427650065531867,0.0016037350888005537,0.0014918087468115966,0.0012163800175896229,0.00034046083442550943,0.001216380017589566,-0.02299766569207457
2023-02-22,-0.0010614341659569513,0.0,-0.0009343703198023395,-0.0012444888907089647,-0.0014318489730562895,0.0,-0.00106143416595698,-0.0002464318424271532
2023-02-23,0.0,0.0,0.0,0.0,7.762456072747575e-05,0.0,0.0,0.005935050633093123
2023-02-24,0.0,0.0,0.0,0.0,-0.00018042077489699044,0.0,0.0,-0.011789339633001165
2023-02-27,-0.00018682572283471488,0.0,0.0,-0.000689984251253273,-0.0002858943799079752,0.0,-0.0001868257228347156,0.004147253369584629
2023-02-28,0.0002297132674265074,-0.0006385602042246705,-0.001144307399659985,0.00011900085374985456,-0.0004108443804836964,0.0,0.0002297132674265074,-0.003678647631323931
2023-03-01,-0.000393954463891343,0.0,-0.00029195488914157783,4.732586723080822e-05,-0.0006769302988368739,0.0,-0.000393954463891343,-0.001931454174086758
2023-03-02,0.0007286405119728615,0.0,0.0019714016374610573,-0.0008321854202706785,0.0007286405119728615,0.00046042425273813237,0.0007286405119728615,0.007542490528103959
2023-03-03,-3.7198743111323735e-05,0.0,0.00022304761399033075,0.0004396276280074808,-3.719874311121694e-05,0.00010960571103922848,-3.719874311119531e-05,0.015195281029095162
2023-03-06,-0.0009016153757917445,0.0,-0.0004908946335635183,-0.00021371002361225471,-0.001141375010182823,-0.0009016153757917229,-0.0009016153757917445,-0.002322849022160537
2023-03-07,-9.451660501787591e-05,0.0,-0.001343672131313505,0.0008235675901517575,-9.45166050178519e-05,-9.451660501782957e-05,-9.451660501790358e-05,-0.014368989964385046
2023-03-08,-0.0014225521625903246,0.0,-0.001638088985260377,0.0,-0.0020308635731629875,0.0,-0.0014225521625902961,0.0013639398807898274
2023-03-09,0.0002479567244422031,6.930178656683271e-05,0.004992160093512705,0.0018313893741479033,0.00024795672444223073,0.0002479567244422031,0.00024795672444225306,-0.01984126655519655
2023-03-10,0.0006231965944863887,-0.00022985862896793123,0.0021177442400718144,-0.003297134711824858,0.0006231965944865351,-0.0005624368379115619,0.0006231965944864899,-0.016307694625926676
2023-03-13,-0.0011247707985842558,-0.0006978566023589624,-0.006455945103687848,-0.003638253710703169,-0.0014195928426188596,0.0,-0.0013272459151378293,-0.003009673559988331
2023-03-14,-0.0011363330775646014,0.0,-0.0008361960851315506,-0.0006077729050661507,-0.0030329071291528304,0.0,-0.002276211808347993,0.01681853025624682
2023-03-15,7.69160563256212e-05,0.0,0.00019903514521598447,0.00047543324748593185,0.0007377760209140459,0.0,0.0003995612523161307,-0.006333199058894181
2023-03-16,-0.0005428700606286984,0.0,0.0014459397671513045,-0.0011497116060325062,-0.0005428700606286984,-0.0006939535862049111,-0.0005428700606286544,0.016827206513886722
2023-03-17,0.0003595514211579845,0.0,-0.0007003581112337714,0.0002955865050802753,0.0006986509662128176,0.0,0.0006393703430761848,-0.0134372170069748
2023-03-20,0.0003153212156193202,0.0003153212156193202,0.0004593794932878997,0.00021794548508738206,0.000617189371904248,0.0,0.0005445431670819989,0.009453577186152716
2023-03-21,0.00016924932557506884,0.0,0.0,-0.0003066925174779868,0.0001625546177597949,0.0,0.00016924932557506884,0.013803350318695373
2023-03-22,-0.00011990882711994215,0.0,0.002451950007422335,0.0069002368882184984,0.0006221111811982348,0.0,-0.00011990882712000807,-0.01894494038171412
2023-03-23,-0.0007407725638617489,0.0,-0.0005911383688082574,0.0,-0.0018785329340218577,0.0,-0.0012261933458034124,0.003168053989200341
2023-03-24,-0.00017901188924420344,0.0,0.0006694275702857908,0.00020325528762384792,-0.00011321878766314385,0.0,-0.00016466761872427964,0.006054571483802526
2023-03-27,0.0,0.0,0.0,0.0,9.557898431286471e-05,0.0,0.0,0.003179617385039398
2023-03-28,-0.0006450993985861643,-0.0005644619737628854,-0.0007047810047107624,0.0,-0.001057712345764301,0.0,-0.0006450993985861643,-0.002552272940428787
2023-03-29,-0.000206582351896251,0.0,0.00018086355057291974,-0.00012818328044640246,-0.0001673425967969333,0.0,-0.00018412472040626158,0.013432221622171149
2023-03-30,-0.00043389178375793393,0.0,-0.0002529711293668144,-0.00014950306758414897,-0.0005028588680671435,-0.00043389178375789056,-0.00043389178375793393,0.004561428063390323
2023-03-31,0.0008876903252501704,0.0,0.003740049562132787,0.0027425661602317824,0.0008876903252501272,0.00040433910651259755,0.0008876903252501272,0.015105712326207967
2023-04-03,-0.00010787776905476734,-0.000125315189624444,-0.0003486174458675967,-0.00017809817649411984,-6.934850083530647e-05,-0.000125315189624444,-0.00010787776905482876,0.0034369700396474105
2023-04-04,-0.0028747397872486958,-0.0010947656004410668,-0.0029040852609182573,-0.0030190717775222626,-0.0028747397872487175,-0.002212324742170774,-0.0028747397872487014,-0.007693754936503393
2023-04-05,-0.0008129388536418841,-7.1108434139551554e-06,-0.00048148612436931817,2.2950493046005783e-06,-0.0009162287926653715,0.0,-0.0008129388536419498,-0.004314563173741012
2023-04-06,8.000789964039572e-05,0.0,0.00017318450782709,5.142993944648752e-05,0.00011775526786458507,-7.63230944568025e-05,8.000789964039572e-05,0.00307510694559648
2023-04-10,0.001689879174373843,2.8730848764236877e-05,0.001018646537337947,0.001320550441239529,0.0016898791743737997,0.0002748690035187985,0.001689879174373843,0.003393282097179647
2023-04-11,-0.0015507762410840553,0.0,-0.0012226618399590425,-0.0002870975151869724,-0.0015851319050360143,0.0,-0.001550776241084005,0.0010353260213045218
2023-04-12,-0.001062597190812732,-0.00024761345930734047,0.0023509022366328997,0.00019551843201713126,-0.0010625971908127603,-0.0010625971908126597,-0.0010625971908127328,-0.004938440405480138
2023-04-13,-0.0006166656912297199,0.0,-0.0006088766470989726,-0.000453103938295991,-0.0006166656912296646,-0.00039321024217920964,-0.000616665691229693,0.014135893329292265
2023-04-14,-0.001171082530833885,0.0006709828061344978,-0.0008731290383513328,-0.0003151679445716299,-0.0013586067943625812,-0.0007264335035442172,-0.001171082530833885,-0.004411551649980317
2023-04-17,-9.673572203327621e-05,0.0,0.0005811385889059208,0.00024463184581293,9.06123494532331e-05,-9.673572203325454e-05,-9.673572203327621e-05,0.004790348957770542
2023-04-18,-0.0009512640806028452,-0.0005240081963706781,-0.001574089143941906,-0.0003922387215471456,-0.0009512640806028012,-0.0005421855244779204,-0.0009512640806028288,-0.000885750592570435
2023-04-19,-0.0010339593645979194,0.0,-0.001082658327736404,-0.00022581659045476074,-0.0010677651145577164,0.0,-0.0010339593645978913,-0.0002681905137452548
2023-04-20,0.0,0.0006718399581355904,0.0,0.0,-0.0015106880813622109,0.0,0.0,-0.005314431936181309
2023-04-21,0.0,-0.0002340498963004785,0.0,0.0,-0.00020767903207808433,0.0,0.0,0.0010224015129161382
2023-04-24,0.0,0.0,0.0,0.0,-3.101642496668358e-05,0.0,0.0,0.0001478337518182287
2023-04-25,0.0017967588566267269,0.0,0.0011074906639195127,0.0006511566770446828,0.00179675885662667,0.0017967588566266835,0.0017967588566266835,-0.016778718257806403
2023-04-26,-0.00027366611302980735,0.0,1.9750286760953747e-05,-0.0011373873751526823,-0.00022528803052581235,-0.00018928174518065426,-0.0002018816167320233,-0.003941196867236356
2023-04-27,-0.0001865551588365782,0.0,-0.0005437056871415106,8.092421707106039e-05,-0.00018655515883648843,-0.00021791235305150698,-0.00018655515883648843,0.018934942790900185
2023-04-28,0.0017982676071834403,0.0005293691047383794,0.001823223358705241,0.0012702909599693448,0.0017982676071835852,0.0014494103172986174,0.001798267607183485,0.008184230423352794
2023-05-01,0.0,0.00039925619712579953,0.0,0.0,-2.4079774667056384e-06,0.0,0.0,-0.0009070149186873768
2023-05-02,0.0008109083548289468,0.00019430146049444262,0.0002059595716189068,0.00010247483863866133,0.0008109083548289468,0.0005527302719156,0.0008109083548289034,-0.012533307296882979
2023-05-03,0.0010604435388740473,-0.0005177458299856851,-0.003283171821537409,0.0005068023549218652,0.0008015706238810772,0.00024269952459874528,0.0010604435388740026,-0.004764168427442001
2023-05-04,-0.00021184888791216016,0.0,-0.00035353616540201256,-0.0003428412151243524,-0.00019047771720182648,0.0,-0.00018981782674585282,-0.007504859664810899
2023-05-05,-0.0009844235063803824,0.0,-0.0013369122490595863,-0.0006141856835612897,-0.0011363918359067451,-0.0003288067616824924,-0.001136391835906718,0.01958019837927434
2023-05-08,-0.0002072222283524094,-0.00017268519029366004,-8.483857783071019e-05,-1.5073046252994823e-05,-0.00024450116210174955,0.0,-0.00020722222835243106,-0.00030174609066823906
2023-05-09,-0.00042308614204715755,0.0,-0.00030829459062251837,0.0,-0.0007699814447697634,0.0,-0.00042308614204720086,-0.003765719910632007
2023-05-10,-0.00018112459982350067,0.0002609657914859794,-0.0020371483117641452,0.00013387515781580729,-0.00011803864264030424,0.0,-0.0001811245998235019,0.004590655223748029
2023-05-11,0.0,-0.00032471894063401647,0.0,0.0,-0.0001698699063854991,0.0,0.0,-0.0032398156171969637
2023-05-12,-0.0026182515714589637,0.0,-0.004141830385634547,-0.0013307413491573216,-0.002618251571459014,0.0,-0.0026182515714589637,-0.0016468157750831522
2023-05-15,1.7996190832825265e-05,0.0,9.547100598677093e-05,0.00010860115714791996,0.00012056526751890375,0.0,1.7996190832825265e-05,0.0053920353304491115
2023-05-16,-0.0003248637830368904,0.0005339349251996066,-0.00019026033841086415,0.00024074832384912768,0.00022620994793939246,0.0,0.00013279472427704252,-0.007811062964718761
2023-05-17,0.0011029593870245055,-0.0006177891486928106,0.0015206612889139626,0.0003886055124813153,0.0011029593870245055,0.00036348958426073543,0.0011029593870245488,0.014736291787086941
2023-05-18,0.0021228492114023618,0.0005360168942398208,0.002445166381477069,0.000778357168142105,0.0025176229671167783,0.0006700211177997816,0.002122849211402405,0.009198584717237796
2023-05-19,-0.0007367165377494744,0.0,-0.00011062182752333779,1.925841769892535e-05,-0.0009273600457599107,-0.00032894843667500087,-0.0009273600457598338,-0.003338068435054211
2023-05-22,-0.00023601553524270008,-2.4037350851311742e-05,-0.0009445761936321814,4.542517231363048e-06,-0.0002150913524350347,0.0,-0.0002520404358102247,0.0025504751593060197
2023-05-23,0.00061650307645577,-0.0004053866743128845,0.0006364819898658709,0.0008564516881844279,0.0007652160292941089,0.0,0.00061650307645577,-0.008914167284912535
2023-05-24,0.0,0.0001169871299831672,-0.0007407957671512633,0.0,0.00029782744216416435,0.0,0.0003105106719350441,-0.0076945199882757775
2023-05-25,0.0,0.00034593135282318826,-0.0005331061292283963,0.0,-0.00028909192641391715,0.0,-0.00021517419341642732,0.005899962189049875
2023-05-26,-0.0003140460565246268,-0.00017536781736409172,-0.00029929550444693766,-0.0008880276889255113,-0.0003140460565247119,-0.000400830681356448,-0.0003140460565246268,0.0143942820513271
2023-05-30,0.00030993056265372866,0.00016684809891915484,8.075270081506599e-05,0.00020827828550882204,0.0002628310759605453,0.0,0.000309930562653772,-2.0144051304052006e-05
2023-05-31,-0.00020575156328647156,0.0,-0.00015105888664934398,0.0,-0.00017969466473106117,0.0,-0.00020575156328649324,-0.006009157206678292
2023-06-01,-0.0006878340080462155,0.00010172351880787306,-0.002076374129128097,0.000903243896021323,-0.0006878340080461879,-0.00045296796556413296,-0.0006878340080462094,0.00914239358995116
2023-06-02,0.00021274389563590273,-3.135831953085124e-05,0.00019270563707212394,-2.296214608198989e-06,0.00021040618778589247,0.00021274389563584673,0.00021274389563587438,0.019521938436094427
2023-06-05,-2.728532034619924e-06,-7.301628251477467e-05,0.000444109494455719,0.00033332011705706946,-1.71799857176969e-05,-0.00010952442377218366,-2.7285320345765967e-06,-0.004881746892716537
2023-06-06,-0.00021714241467164818,-0.00021714241467164818,-4.58982982837952e-05,-0.00037574080259461415,-0.0002970447975384394,-0.00021714241467164818,-0.00021714241467162652,0.0063855388528158575
2023-06-07,4.687484944982321e-05,-0.0004056155573568585,0.0002295727584191872,-0.0002122312172607294,-3.3283870247620344e-05,-6.149030955170852e-05,-3.3283870247620344e-05,0.0001590421242996259
2023-06-08,9.339303620588343e-05,0.0,0.00012446584828302486,-0.0005295923561632741,9.339303620580045e-05,0.0,9.339303620580045e-05,0.004838284495422344
2023-06-09,-0.0005086089092242019,-0.00013972375609937708,-0.0002584247952809361,-0.0005218320424848472,-0.0005275342688406649,0.0,-0.0005086089092242019,0.00011525571804520433
2023-06-12,0.0008849368425757201,-0.00024361513474570472,0.0013891304024485837,0.0006509703137877668,0.0006761238699366015,0.0,0.000676123869936557,0.00887979360285629
2023-06-13,-0.0003325764062700029,-0.0005625296850412069,-0.00012940569761917128,-0.00032044505507886534,-0.00035303134545462537,0.0,-0.0002244467921934662,0.007148209647878622
2023-06-14,9.377601725353056e-05,0.0,-0.0001824725764168653,-0.0004440384309850377,0.0003577980484858857,0.0002565348480088876,9.377601725350218e-05,-0.002194127150860488
2023-06-15,-0.0007562763331801551,0.0,-0.0017996818734351554,-7.133526674029693e-05,-0.000756276333180161,-0.0006424228320270507,-0.0007562763331801334,0.01160500125473191
2023-06-16,-0.00029584224406896566,-0.0003545541866193537,0.0008114573734149745,0.0003867952381487652,-0.00029584224406898723,-0.0006894376441485437,-0.00029584224406896566,-0.005064103155181631
2023-06-20,0.0,0.0,0.0,0.0,-4.4347316033465335e-05,0.0,0.0,-0.004697853876800729
2023-06-21,0.000716921768437493,0.0,-0.0007934335071329637,0.00026104794405958375,0.00037064037301586493,0.0,0.00036137926636625284,-0.005775456358315439
2023-06-22,0.0010054739413209073,0.0004407625822129969,0.0003523744423027825,0.00045541548902254867,0.0010054739413209073,0.0007443626701409228,0.0010054739413208843,0.0018670379977721566
2023-06-23,0.0,0.00011579098655821887,0.0,0.0,-7.684015309784885e-05,0.0,0.0,-0.009584174397189624
2023-06-26,-0.0008453636107779467,-0.0026776224857743437,-0.000748821334808377,-0.0001528389691647802,-0.0008453636107779183,0.0,-0.0008453636107779183,-0.003694409019540058
2023-06-27,-0.0016211448881325082,0.0,-0.00037522731180829436,-0.0012967515948947848,-0.0016211448881325366,-0.0016211448881324868,-0.0016211448881325642,0.01163291633699719
2023-06-28,7.266455180165727e-05,0.0,-0.000286380114374807,4.1090540178174626e-05,0.00019792022068873652,0.0,7.266455180171398e-05,0.0012675582351360177
2023-06-29,0.000432189630209481,0.0002145673267256798,0.0005679091148613777,0.0006031739314562918,0.0003208683058867401,0.0002494737174451609,0.000432189630209481,0.00553422278677433
2023-06-30,-0.0011314066227967024,0.0,-0.0008780416682348602,-0.0009286247911227985,-0.0009293392087389007,0.0,-0.0011314066227966733,0.009716420851754714
2023-07-03,-0.0002662276472381171,-0.00011319335462465526,-0.0002662276472381388,-0.0002662276472381388,-0.00028450974577343043,0.0,-0.0002662276472381388,0.0018180681601256874
2023-07-05,-0.0007301379959664259,-3.9341490474734423e-05,-0.0004229940424490078,-0.00010859364703542823,-0.0005168614355309997,0.0,-0.0007301379959663761,-0.004012742914780118
2023-07-06,-7.612641231097986e-05,-6.0438113198279966e-05,0.00010092180984579809,-0.00033258143789839233,-0.00013015246236599399,0.0,-7.612641231100153e-05,-0.010327174932554837
2023-07-07,-0.0016342329549796407,-0.0018606763060349312,-0.004367687261916053,-0.0004343090350800385,-0.0021553520044195525,-0.0009425472327836258,-0.0016342329549796466,-0.00046213016033774086
2023-07-10,0.0008054466644354224,0.0008054466644354224,0.0005039950833090334,0.0006491966323472643,0.0009540681654102296,0.0005063350883942795,0.0008054466644354224,0.00628797296092518
2023-07-11,0.0005759363819628447,0.0,0.0006531553818862007,0.0005168108608915112,0.0009605725763689374,0.0,0.0008485258927930395,0.007383879372589398
2023-07-12,-0.0001473415789811001,0.0,0.0,5.6549809820239184e-05,-0.0002046103964065341,0.0,-0.00013937410854381342,0.008290449790502495
2023-07-13,-0.0003373352145527857,-2.7413595175467555e-05,0.0001689925999976508,-0.0010566258676546314,-0.00032008926958573846,-0.0001890416762406014,-0.00030992161937733447,0.007985787687219463
2023-07-14,-0.0003123242373243879,2.90852029624249e-05,-0.0003753308354858244,-0.00039153365558540303,-0.0004489572087691459,-0.00023357747273305428,-0.00031232423732441554,-0.0012579316688331142
2023-07-17,-0.0016878275557318542,-0.00037022689026028853,-0.00051871101677672,-0.0012630593063208961,-0.0016878275557317543,-0.0008726153395045266,-0.0016878275557317885,0.005842026223923787
2023-07-18,-0.0008125648931932713,-6.695338157289124e-05,-0.0003026874504719877,-0.0005337814267362315,-0.0008125648931932369,-0.0008125648931933099,-0.0008125648931933032,0.009703498897255624
2023-07-19,0.0,-0.00035460940301931815,0.0,0.0,-0.00037723331148094264,0.0,-0.0002364062686795265,0.0020695990717011616
2023-07-20,-0.0013117868434892514,-8.233423821371594e-05,-2.3222346207677993e-05,-0.00021679674222667457,-0.0012492693085208357,-0.0013117868434892022,-0.001311786843489224,-0.007283172136035647
2023-07-21,0.0001962132162316963,2.4229962430410955e-05,0.0006854550761794863,8.008601847463371e-05,0.00043189984453091614,0.0,0.0003764109964207276,-0.001420095079503855
2023-07-24,0.00013421029997837466,0.0,-7.83323618073925e-05,-7.085437112217222e-05,1.0702687270874427e-05,0.0,0.00013421029997837466,0.0037446572904526665
2023-07-25,-0.0008320601781617346,0.0,-0.00047655813487470285,-0.0005636200085444932,-0.0012389911103240347,0.0,-0.0012389911103239688,0.0024821861268084127
2023-07-26,0.0007205049560240958,0.00014978041667577347,-0.0010311162529821078,8.385360162289302e-05,0.0004924361240770958,0.0,0.0007205049560240958,0.0017343625072109192
2023-07-27,-0.00012608688113398628,0.0,-0.0003722614472926936,-0.0016341037608579908,-0.0001260868811338977,-0.00013695800599031004,-0.00012608688113394106,-0.007213902084278284
2023-07-28,0.0,0.0,-0.00013011149335040057,0.0,3.73706846908167e-05,0.0,0.0,0.011002984406837299
2023-07-31,0.0002999031551518985,0.00022492736636394557,0.0002453336358692652,0.00031827708238306473,5.875809979881413e-05,0.0,0.0002999031551518985,0.004127968926484702
2023-08-01,0.0,8.371580996797896e-06,0.0,0.0,-9.5470004741741e-05,0.0,0.0,-0.001939623663130129
2023-08-02,-0.0016499895834188834,-0.0002826791707827997,0.0007589585748610677,-0.00019382765032479414,-0.0016499895834189045,-0.0013729278125029411,-0.0016499895834188828,-0.01445163251812087
2023-08-03,-7.74390615153821e-05,-7.74390615153821e-05,-0.0013448207167678274,-3.190687273098475e-05,-0.00034466830159572096,0.0,-7.743906151540441e-05,-0.0023056654519888354
2023-08-04,0.0005414070809659934,0.0,0.00043020499903166827,-0.000807913466001079,0.0005372226139258921,0.0002517246002722365,0.0005414070809659934,-0.0038030944237096667
2023-08-07,0.00032421809532991793,-0.0002588956998430427,4.7879040565632484e-05,0.0002860418967593792,0.00045099368166466646,0.0,0.00032421809532991793,0.0077397886264400605
2023-08-08,2.5409889484898975e-05,-0.00022167778168891665,0.0,4.1868130620537925e-05,-8.454438477020659e-05,0.0,2.5409889484898975e-05,-0.005812742655588551
2023-08-09,0.0010826708847869225,0.0005994379001756213,0.0009345100320822017,0.0013248824693870768,0.0015752696353700947,0.0,0.0008991568502633986,-0.007446737580743486
2023-08-10,0.00011214808403043651,-0.00046331992013657285,0.0003226909085428329,-0.0018094239139850624,0.00012602553428107304,0.0,0.0001260255342810971,9.898449943700747e-05
2023-08-11,-0.00019434185165813012,0.0,-0.0002568477683127973,-3.990431842256254e-05,-0.00035599790711699023,0.0,-0.00019434185165813012,-0.0003991023941992586
2023-08-14,0.0011997007004151006,-0.0001558965018813331,0.0013716893209727832,0.0005982882502024555,0.0011171527780280245,0.0,0.0011997007004151006,0.003915036705503804
2023-08-15,-0.0008888035766817129,0.0,0.0014278807520537464,-0.0013208368592971917,-0.0008888035766817122,-0.0008888035766817346,-0.0008888035766817406,-0.01132622520109625
2023-08-16,0.0011209062040546782,-0.00012516185623895318,0.0008272536898508342,0.0012520875374784012,0.0011209062040547228,0.000449852749606138,0.0011209062040546133,-0.008659322640403486
2023-08-17,0.0013970833785593721,0.0,0.001868934109562736,-0.00018655186561189154,0.001397083378559372,0.0013970833785594274,0.001397083378559472,-0.009252993147125414
2023-08-18,-0.0001335292453393768,-0.0003499813469311108,0.00013227337163867586,-0.0010418826189692043,-0.00013352924533937622,-0.0003499813469311108,-0.00013352924533937622,0.0015290482471833227
2023-08-21,-0.0001193447838823291,-4.9609017326665275e-05,7.267078651726792e-05,-0.0005963284059327884,-5.357923810294288e-05,-7.087002475235985e-05,-0.00011934478388230679,0.004665179353450477
2023-08-22,0.0006682844235028119,0.00033958195347684504,0.0005918948478037592,-0.0011419158975177787,0.0006682844235027874,0.0,0.000668284423502747,-0.0031375971570492094
2023-08-23,-0.0008380440721096196,-0.000274226932505379,-9.215144713088105e-05,-0.0008836182229483291,-0.0007906190876999612,-0.0008380440721095867,-0.0007906190877000403,0.010387128827128361
2023-08-24,0.003790259117735859,-0.0009362529780323304,0.004458355924379201,0.0019591819200193744,0.003790259117735692,0.003790259117735759,0.003790259117735749,-0.014731172526707682
2023-08-25,-0.0021744246897704212,0.0,-0.0012688733455845937,-0.001331713992409418,-0.002174424689770356,0.0,-0.0021744246897704212,0.006766164593173404
2023-08-28,0.0,0.00011169277776011827,0.0,0.0,-0.00023803525470377862,0.0,0.0,0.007137967261269357
2023-08-29,-0.0001220977646982188,0.0,0.0009791627093198346,-0.0004029748254197081,-0.00012209776469824645,-0.00012209776469826813,-0.00012209776469811803,0.014205640083187168
2023-08-30,-4.918803925345764e-06,-4.389957160612406e-05,-0.0004944937836475448,-2.3556249569346542e-05,8.070259955212749e-06,-5.745105274787801e-05,8.488284316645204e-06,0.004006157730145174
2023-08-31,-0.00010696808020591736,-0.00042351120494115937,0.00019526019506990494,-0.00020133740595269648,4.573542826146939e-05,0.00030664574851595286,-0.00010696808020589508,-0.0016658949484868737
2023-09-01,-0.00038366009618193765,-9.923268590432547e-05,-0.001201461903366884,-0.0004888525528369155,-0.000383660096181984,0.0,-0.0003836600961819908,0.003999846498193836
2023-09-05,0.0003253039814618229,0.00019503473900620637,0.00016919291379250204,0.0002899833064835813,0.00042229623360977097,0.00019503473900620637,0.0003253039814618229,-0.007075735905765154
2023-09-06,-0.0009438409012215941,0.0,-0.0006575142397451095,-0.0003580855782964814,-0.0009438409012215941,-0.0008290945369495381,-0.0009438409012216165,-0.006229706608315622
2023-09-07,-0.00025234074873095846,9.052429185419556e-05,-0.00030538786083463703,-0.0006951486433324889,-0.0002020494754786481,0.0,-0.0002523407487308862,-0.004027030172497978
2023-09-08,0.0,1.8348454113787481e-06,0.0,0.0,-0.00010388866141152721,0.0,0.0,0.0009609359178544197
2023-09-11,4.4786504086132124e-05,4.4786504086132124e-05,1.2128037830143464e-05,4.491938878749971e-05,-0.00015170259106114735,0.0,-0.00011608556862592793,0.005700382177365994
2023-09-12,-0.0002090751385781522,-7.359888059294864e-06,4.6321709109119106e-05,3.6580858509139517e-05,-0.0001759558383319894,0.0,-0.00020907513857817452,-0.004339138502329264
2023-09-13,-0.0006771342921402291,-0.0002741815210278421,-0.0003103305845945949,-0.00021743942325802766,-0.0006644386052215319,-0.0003046461344753994,-0.0006771342921402007,-0.0008266443477544839
2023-09-14,3.516597900655945e-05,0.0001038950986891718,-0.00039776289682222864,-4.6907879100507304e-05,-1.4876286038829324e-05,0.0,-1.4876286038829324e-05,0.010113049273376742
2023-09-15,0.0005061435041977757,9.516332495808469e-05,0.0004823558631284923,-0.000864612452625227,0.0005061435041977757,0.000555448697024909,0.0005061435041977757,-0.012102409592055432
2023-09-18,0.0003212820091289702,0.0003212820091289268,0.000321268626796228,0.00018073692914735362,0.0003673401452564925,0.0,0.0003212820091289702,-0.0008294455162048096
2023-09-19,0.00013575032839972887,0.0,-1.7018695006505708e-05,0.0,-4.35612287330486e-05,0.0,-4.136941715929279e-05,-0.002685778563424737
2023-09-20,0.004372487350845265,-0.0014166196131343552,0.0054476455957230465,0.001371416177181257,0.004621732933566702,0.004372487350845265,0.004372487350845265,-0.008619875664940487
2023-09-21,0.0007545646169555272,0.0003757773658072599,0.0009225590699935794,0.0008066498533620308,0.0014207224146424318,0.0,0.001420722414642497,-0.015090159602255657
2023-09-22,0.0,0.0,0.0,0.0,-0.00015953077768185832,0.0,0.0,-0.002002768400152293
2023-09-25,0.0002456802233076789,0.0002456802233076356,0.0003092423997724064,0.0007218729158703025,0.0011896182532550041,0.0,0.0006719081196371381,0.0037077539802360866
2023-09-26,-0.001190336404164832,-0.0002048678485667338,-0.00020505504704449096,-0.00011893239514944097,-0.0010257792003746913,0.0,-0.0010257792003747414,-0.013500718381953892
2023-09-27,-0.0006125148948930554,-0.0005444576843493753,-0.00023655209958012437,-0.000981525560185929,-0.00048088401945284504,0.0,-0.0005019351989881385,0.002245827763629659
2023-09-28,-0.0026646300639365595,0.0,0.000152875298258195,-0.00015029834508306584,-0.0026646300639365595,0.0,-0.00266463006393651,0.006357275383673592
2023-09-29,0.00034025110400281034,0.0,0.0012831598304889635,-0.0007658265417029267,0.00034025110400283875,-9.814119475875744e-05,0.00034025110400285073,-0.00314279948546117
2023-10-02,-0.0007311404568013541,0.0,-0.0008219047004396015,-0.0006402806753307923,-0.0008485189194417774,-0.0007311404568013541,-0.0007311404568013541,-0.002076648156816799
2023-10-03,-0.002506986341924221,0.0,-0.000999372155364607,-0.0011519727013060651,-0.0025069863419241167,0.0,-0.002506986341924172,-0.014773920379379074
2023-10-04,0.00010148478360155054,0.0,0.0005651323350057579,-0.0004245785970542884,0.0001393136388629661,0.0,0.00010148478360155054,0.005979879093160202
2023-10-05,0.0,0.0,0.0,0.0,-0.00024322025685427195,0.0,-0.00018644046211953238,-0.00039167995530092596
2023-10-06,-0.0028912982518136373,0.0,-0.0030116606677462604,-0.002191167609704313,-0.002891298251813658,-0.002891298251813659,-0.0028912982518136364,0.01153105658185279
2023-10-09,-0.000192023111361783,0.0,-0.0009950613638242693,0.0011266712712144306,-0.000192023111361783,-0.0003510194100363388,-0.00019202311136178236,0.005905816101830161
2023-10-10,-0.0005173503997557172,-0.0003048635608009843,-0.0006809701888206952,-0.0005916630578847843,-0.0006478761514045978,-0.00033873728977886186,-0.0006451604121445779,0.0061499261848578035
2023-10-11,0.0,0.0,-0.0003547292729187497,0.0,-0.00042171611619571775,0.0,-0.00019649171419401304,0.0028408872280353955
2023-10-12,-0.0005727045065780526,-0.0001889022538420358,-0.0018490140160301782,6.451630879793926e-06,-0.0005727045065780526,-0.00018890225384197908,-0.0005727045065780803,-0.008636503657251467
2023-10-13,-0.0005758691702509994,0.0002048020259098108,8.595897251564578e-05,-0.001900326711664875,-0.0007832917671731613,-0.0002348844481518371,-0.000783291767173039,-0.005668976221127021
2023-10-16,-0.0014808302558031313,0.0,-0.0008122143160678109,-0.0007462400143584912,-0.001790969921407372,0.0,-0.0017909699214073444,0.011495935518164628
2023-10-17,-0.00013184109279130069,-0.0004042354267874206,-3.365483900946345e-05,0.0003709248504855041,0.00016138099063501505,-0.0004042354267874206,0.00016138099063501505,0.001933827334178661
2023-10-18,0.0004533544810497734,0.00010902126513949303,0.0017804744089165176,-0.0005730608240396629,0.0004533544810497167,0.00013627658142434463,0.0004533544810497734,-0.01414891552743995
2023-10-19,0.0006425223297165419,0.0,0.0012568608544275316,-0.0014033454091152732,0.0006425223297164852,7.258167498632577e-05,0.0006425223297164852,-0.009878178112706968
2023-10-20,0.0014536138479356512,0.0,0.0005393891250883269,0.0006271275026817572,0.001744956602227153,0.0,0.0014536138479356512,-0.011788904751375864
2023-10-23,-0.00041859767546634696,0.0,-0.002376240519590677,0.0,-0.0005114187004626111,0.0,-0.0004185976754663916,-0.0033055022004363386
2023-10-24,0.0,0.0,0.0,0.0,-0.0004152846380916687,0.0,0.0,0.007891934026838023
2023-10-25,0.00073614058436155,8.861742187274977e-05,0.00025343321703531963,0.00014231693462785913,0.0007361405843615633,0.000325857968487016,0.00073614058436155,-0.013849690088432504
2023-10-26,0.001798938682292452,0.000645868427284137,6.97062461512514e-05,-5.9839791848323966e-05,0.0021857584578278792,0.0,0.002293232487050705,-0.009211913395830633
2023-10-27,-0.0004835866483887211,-2.6915443527695327e-05,-0.0020978001422006093,-0.0023580304127718537,-0.000535015066146168,-0.0001917364556950571,-0.0004835866483886927,-0.0057452339293780266
2023-10-30,-0.0008131502528371394,0.0,-0.0002524410313139563,-0.0006987051279981646,-0.000996212207477686,-0.0004326734671983459,-0.0010599376132150776,0.01134367486831983
2023-10-31,-0.0001750065736331719,0.0,-0.0002138377659195181,-0.00012812499074084618,-0.00019716653201856926,0.0,-0.00020188513323113702,0.0058202692237031214
2023-11-01,-9.72665829417692e-05,0.0,0.00190023337198279,-0.0004134510925873988,7.581376607266024e-05,2.796742441250904e-05,-9.726658294177993e-05,0.009905746965663728
2023-11-02,0.0011644050729639607,0.0,0.0013738914562572797,0.000536760449965173,0.0011913726443544157,0.0,0.0011644050729639525,0.019934175922326845
2023-11-03,-0.00143134580067561,-0.0008797228622638173,-0.0033219718036474996,-0.0010418440031215793,-0.0015504765439088286,-0.0010473064582571644,-0.001431345800675604,0.012776931524707335
2023-11-06,-0.00011221599933563496,-6.234222185313293e-05,-2.6930772464737823e-05,-0.00033479025072865167,-0.0002259652993675086,-0.00011221599933563496,-0.00011221599933563496,-0.0006987560044319593
2023-11-07,-0.0005420931756801482,0.0,-0.00020974987209348032,-0.0010920193460989493,-0.0006226796534028478,-0.00036151540392585747,-0.0006003167008116275,0.0026671405183240206
2023-11-08,-0.0005737903647035735,0.0,-0.0005240773027389893,-9.942119569282383e-05,-0.0006879741695232283,-0.00028453223073564955,-0.0005737903647035452,-0.002458801368260542
2023-11-09,-0.00048000704376878646,0.0,-0.00028630602471069265,-0.0011648647356317684,-0.00048000704376873653,-0.00048000704376873653,-0.00048000704376875876,-0.008756194368111007
2023-11-10,0.00022205819793121468,0.0,0.0009329626617752731,-0.00010840601854867699,-1.2324145739236691e-05,8.047574543096979e-05,-1.2324145739128637e-05,0.01486978102919171
2023-11-13,-0.0003945019352065997,0.0,-3.744881555467458e-05,-0.00038548102572186986,-0.0007789257518374579,0.0,-0.0006263289139368745,-0.00040777224858336254
2023-11-14,-0.0016792657161415255,-0.0003111755221526052,-8.923106609905581e-05,-0.001320242294166842,-0.0016792657161415615,-0.00046228112022287857,-0.0016792657161416404,0.026025015458418455
2023-11-15,-0.00013396007343354074,-0.0001235738558946104,-0.0001412142130513015,-0.00010311672517407004,-0.00019574700138080725,0.0,-0.00015390888357381325,0.002625149097855459
2023-11-16,0.000267934686275397,0.0004316916722576693,0.00020699820944864152,6.150901067411784e-05,0.00030044683146102807,0.0,0.000267934686275397,-0.0029710807245731468
2023-11-17,0.0,0.0,0.0,0.0,-0.0002195367347558012,0.0,-4.821060464511253e-05,0.003332651406393902
2023-11-20,-0.0013320073449328946,-0.0012510144494031839,-0.0006036612050679492,-0.0012573085215891338,-0.0013320073449328723,-0.001302699717079744,-0.0013320073449328393,0.007783946510263487
2023-11-21,0.00023295373012640513,0.00023295373012640513,0.0001445884576073617,-3.010894521481538e-05,0.00018659937298547513,0.0,0.0002329537301263401,-0.005267263976563796
2023-11-22,-0.00019174831766491352,0.0,0.0,-7.860727763870211e-05,-0.0002525095387845476,0.0,-0.00019174831766488514,0.004807936356806791
2023-11-24,6.38469934347623e-05,5.472599437264101e-05,6.38469934347623e-05,6.384699343471895e-05,7.14667863863228e-05,0.0,6.38469934347623e-05,0.0021904681615062256
2023-11-27,0.0,0.0,0.0,0.0,-0.0003783061248477509,0.0,0.0,-0.0017287682222749791
2023-11-28,0.0,8.378178087707848e-05,-0.00015652298598455843,0.0,0.00027614443404528174,0.0,-3.190819239310869e-05,0.0005857562066324182
2023-11-29,-0.00024097535343486464,-0.00024621935866986404,0.0009622371415844387,-5.315529356465384e-05,-0.00021327747009063447,-0.0002409753534348923,-0.0002409753534348923,0.001162068042774066
2023-11-30,-0.0009235152592418744,0.0,0.00010680038668472178,-0.00024292555887848343,-0.0010619312112079469,-0.001389121194280513,-0.0009235152592419312,0.0054023716102162694
2023-12-01,0.0005129793095268241,0.00035146522609934364,0.0008211450221776609,0.0002523262141544783,0.0005129793095267964,0.000647334929436973,0.000512979309526837,0.011267135623418818
2023-12-04,0.0004448461103248748,0.0,0.00040408448555704957,0.00016880407208230764,0.0004052845458438125,0.0003385915618343016,0.0004448461103248748,-0.0015547524953357524
2023-12-05,0.00029005753292204366,0.00018035699573482446,0.0004227076009016991,3.1338134322108805e-05,0.0002466709359955964,0.0,0.0002900575329220129,-0.0028870483867178562
2023-12-06,0.0003141922216024577,-8.5048862064739e-05,0.0013504588945207343,0.0006294750303168413,0.0003141922216024393,0.0002660099419896921,0.0003141922216024577,-0.0035332749205266183
2023-12-07,-7.71119146804857e-05,0.0,0.00011733944668664821,-3.969898078483551e-06,-4.087309517931267e-06,0.0,-0.00013579904708467582,0.007635910961285608
2023-12-08,-0.000991379142624172,-0.00021639274960977194,-0.0008646389751906875,-0.001289082829762952,-0.0009913791426241997,-0.0006822466431817097,-0.0009913791426242997,0.004542003532969038
2023-12-11,0.000413829763447233,0.0001493349047588223,0.00030193053173660457,0.00017738762728705193,0.0005877713187044107,0.00021333557822685395,0.0005727190889521573,0.004771189824657908
2023-12-12,-2.3910007828596166e-05,0.000512423963091559,0.000659361109056317,0.00039695833837758283,-0.00038106946174345266,0.00015043978342131663,-2.3910007828612375e-05,0.004265415698056321
2023-12-13,0.004215700061794063,0.0,0.0025451003769569164,0.0010080997731674848,0.004215700061794104,0.004215700061794104,0.004215700061794063,0.01818311101631316
2023-12-14,0.0,0.0,0.0,0.0,-0.0003768571710574264,0.0,-0.0003026505959759396,0.007789237382978219
2023-12-15,0.0,0.0,0.0,0.0,0.00011273783075402548,0.0,0.0,-0.0014363018345968522
2023-12-18,-0.000460622885192153,0.0,-0.000309853398991408,-0.00018669370076552244,-0.0006729486948618568,0.0,-0.0007320599668042646,0.0036319577944288178
2023-12-19,0.0005295223704894097,0.0001971229373851054,0.0010608313961077396,0.00020965391602390448,0.0006678771112707074,-8.934673895736633e-05,0.0005295223704894097,0.008949394031953386
2023-12-20,0.003119242977419936,0.0,0.005606025106993396,0.004056682663724193,0.0031192429774199496,0.003119242977420005,0.0031192429774200485,-0.015206380498582632
2023-12-21,0.0,0.0,0.0,0.0,0.000328981836811239,0.0,0.0,0.01169787381723038
2023-12-22,0.0,0.0,0.0,0.0,-0.00013188105044573746,0.0,0.0,0.0027583039726992954
2023-12-26,-0.0012377361935573623,0.0,-0.0004868062947458625,-0.0009045142935902088,-0.0012377361935573333,0.0,-0.0012377361935573907,0.006313599919053316
2023-12-27,0.0,0.0,0.0,0.0,0.0003106038241340205,0.0,0.0003050500846390274,0.0026817584883214915
2023-12-28,0.0,0.0,0.0,-0.00031147054402840533,-0.00015718584633010963,0.0,-0.00011983955261298393,-0.00045271658459642783
2023-12-29,0.0013809453435652723,0.0,0.0013239151662107487,0.000767715524474853,0.0014559580102221099,0.0,0.001380945343565317,-0.005321589743805993
2024-01-02,-0.00034807245788212485,0.00048118682937383695,-0.00021289096769264984,-0.0002457926108590721,-0.001297427634974676,-0.0010326381464089837,-0.0009700514944400707,-0.00646021595580322
2024-01-03,-0.00018209367900488433,0.0,0.0014598595811532741,0.0001835957595953824,0.00015524786286454946,-0.00018209367900488433,-1.7954904508229097e-05,-0.012636519683978447
2024-01-04,0.0,0.0,0.0,0.0,-0.00022311496404238916,0.0,0.0,-0.0021412890106074856
2024-01-05,0.0,0.0,0.0,0.0,-0.0004910682991962201,0.0,0.0,0.0001530298792493974
2024-01-08,0.001729472878488191,0.0002853203971197012,0.0014682577449966852,0.000655020699083624,0.0017294728784883195,0.0012130334977861047,0.0017294728784881933,0.014256995369920668
2024-01-09,4.5188662324359164e-05,0.0,-2.7432042330659795e-06,0.00032383936204994506,-7.70446182644139e-05,4.461524926183396e-05,-8.54066157478633e-05,-0.003339841888024708
2024-01-10,8.414456692068254e-05,0.0,-0.0012565043770849788,0.00037316651191605563,9.53550243329415e-05,0.0,0.00015714022123475654,0.004412460086001865
2024-01-11,-0.00020136868891727777,-0.00021029835310886386,0.0,-0.0002097823361515897,-0.0005268293651551578,0.0,-0.00033280515961033475,-0.001071503539808811
2024-01-12,-0.0006483973831456506,0.0,-0.0005757451261462741,-0.00042742955311458376,-0.0009134393669935181,-0.0003216617661010349,-0.0008071586621932948,-0.0009757239880006047
2024-01-16,-0.0007955027346232315,0.0,-0.000678501640646081,-0.0006979716911377197,-0.0010308699188452436,0.0,-0.0007955027346232816,-0.005424945128107035
2024-01-17,0.0,-0.0008755899305945027,0.0,0.0,-0.0003294706049308155,0.0,0.0,-0.005123395904074056
2024-01-18,-0.00014984090163944213,0.0,0.0004501168949692762,-3.199495255745237e-05,-0.00017419229826170983,-0.0001375354104548596,-0.00014984090163941018,0.008606185595695943
2024-01-19,0.00012531650673467223,-0.00019366626764380672,6.540256716901933e-05,0.0006040494460060463,0.00027992562936352515,0.00012531650673464385,0.00027992562936352515,0.012963166889178614
2024-01-22,0.00018340005425846945,0.00018340005425851276,0.0009255522754502873,0.00018340005425846945,0.00030327243298831864,0.00018340005425846945,0.00018340005425846945,0.006636289915064658
2024-01-23,0.00029835765799540205,0.0,0.00039030117897331313,5.8610798163652125e-05,0.00035761519863158566,0.0,0.00029835765799540205,0.0001517147288594697
2024-01-24,7.500663582692896e-05,-0.00012446314057368564,0.001663517004130966,0.0012785634953471955,7.500663582692832e-05,0.0001612977259801102,7.500663582686271e-05,-0.0009671683981926999
2024-01-25,-0.0012178876129325458,0.0,-0.0007431494724508015,-0.0008585987497279342,-0.0013799679098907588,0.0,-0.0012178876129325241,0.005386578030961053
2024-01-26,0.0,0.0,0.0,0.0,-5.0960871969842746e-05,0.0,0.0,-0.001173591857435405
2024-01-29,0.0007254283852080902,0.0,0.0013849786009420611,0.0012474179265536713,0.0007254283852081469,0.0004651878668612136,0.0007254283852082022,0.00990698397273102
2024-01-30,-0.0002350451687704095,0.0,-9.886274029431325e-05,-5.7815276878944374e-05,-0.00020375634274434048,0.0,-0.00012754121083535818,-0.0026811761584387595
2024-01-31,0.004269452519718914,0.0,0.0038989419613284057,0.0013038835599037612,0.004269452519718911,0.0034972248218607853,0.00426945251971887,-0.01652905821371223
2024-02-01,0.0004101885378952786,0.0,0.0006308099358925997,0.00036729346389023534,0.0005086234170854756,0.0,0.0004017843246679015,0.012303956981903381
2024-02-02,-0.0032023218389623446,0.0,-0.002161711242855422,-0.0011353119143923491,-0.003202321838962244,-0.0023962794513860495,-0.0032023218389623225,0.006321974034077849
2024-02-05,0.0,0.0,0.0,0.0002344329541536926,0.0002747944719683019,0.0,0.00035586411504372423,-0.006265192451988213
2024-02-06,-7.71206107585717e-05,-0.00024964217389462874,-1.2416362464094178e-05,-0.0004193163479942854,-2.1600081476719546e-05,0.0,-7.712061075854941e-05,0.0034275706609514576
2024-02-07,-6.516852903266906e-05,0.0004631695259988909,-0.00015700596933501852,-3.305713992102387e-05,-0.00012107188186398183,0.0,-0.0002020981966822788,0.005330813242234717
2024-02-08,5.8534181917976836e-05,0.0,6.991883680219506e-05,0.0002864547332745815,-2.498827469331276e-05,5.853418191802017e-05,5.8534181917976836e-05,0.004433007273452447
2024-02-09,3.636109076568494e-05,0.0,0.0003076548181380388,0.0003325563879017409,3.272531142327723e-05,3.636109076579096e-05,3.636109076572954e-05,0.006769998819325201
2024-02-12,0.00013514532022572363,-0.00010945896606870306,1.6293661598090536e-05,-0.00043457781528097013,0.00012456366915332174,-0.00010945896606865973,0.00013514532022572363,0.003842079120722665
2024-02-13,-0.004397744311536783,-0.001473072874730691,-0.004067034876697997,-0.002189928414982136,-0.005078350141735387,-0.002774403528041392,-0.005078350141735381,-0.019929895818670468
2024-02-14,-0.00023986587549902733,0.0,0.0,-8.911975070425019e-05,-7.034521792096089e-05,0.0,0.0,0.011087827169046407
2024-02-15,0.0002198931601524329,0.0,5.215642989438432e-05,0.000538029585360149,0.0002198931601524329,0.00012536477576322757,0.0002198931601524329,0.011064219680008197
2024-02-16,0.00047504784699641764,0.00092589397425266,0.0005168823851091996,7.16134402642378e-05,0.0007064227267084152,0.0,0.00047504784699641764,-0.007354796634871878
2024-02-20,0.0,0.0,0.0,0.0,-0.00025747921819062363,0.0,-0.0001757801742339088,-0.006514753912129863
2024-02-21,0.0,0.0,0.0,0.0,-0.0025403970957101093,0.0,0.0,-0.0014520282770596653
2024-02-22,-0.00035976343658170685,0.0,0.0002462435949575885,-0.0007035826211053728,-0.0004095627533512086,0.0,-0.0004095627533512217,0.01737834627918892
2024-02-23,-0.0001164907179668765,0.0,0.00013142848822224876,5.05759431301669e-05,-0.0001145755912048021,0.0,-0.00011649071796683189,0.0004384640070786743
2024-02-26,-0.00029839662062638756,-0.00029839662062636587,0.0002113744023029022,-3.623112177873393e-05,-4.117064780527558e-05,0.0,-0.00029839662062638756,-0.000158513728909022
2024-02-27,0.0,0.0,0.0,0.0,-2.6644451707098837e-05,0.0,5.6416127379802774e-06,0.0032482480596987173
2024-02-28,0.00010905095831575806,0.0,0.00035129992951737324,0.00013933505560935892,3.3299581637234714e-05,0.0,0.00010905095831581479,-0.0032381812967776195
2024-02-29,-2.925733503820605e-05,0.0,-0.000417166755248548,3.3961652878572266e-07,8.465166052579918e-06,0.0,-2.925733503820605e-05,0.004409319943054783
2024-03-01,-0.000152870282126169,0.0,-0.0007907896056939562,-1.979188055021882e-05,-0.00015287028212619132,-0.00021436980830595007,-0.00015287028212614134,0.009423894181855685
2024-03-04,-0.0007954533806367443,-0.00025207906638015273,-0.00127657039345202,5.193253324861812e-05,-0.000480207421730455,0.0,-0.0007954533806367451,-0.0021587000149776853
2024-03-05,-0.0037911606299466842,-0.0010485552068339112,-0.0025087330499806095,-0.0022486341443241956,-0.003791160629946685,-0.003272818856111706,-0.003791160629946635,-0.011730467814427213
2024-03-06,-0.0005509108983954097,0.0,-0.0004583143417563274,-8.344858292379276e-05,-0.0007780316353537997,0.0,-0.000550910898395432,0.005173109290962597
2024-03-07,0.0,0.0,-0.00016188096240667382,-0.00020443808565263997,-7.500814521097762e-06,0.0,2.868875635063238e-05,0.008825505631816732
2024-03-08,-9.533825259786308e-05,-6.782376186748795e-05,0.001656875033404805,0.0002449228206614588,-9.275537848334696e-05,-0.0001487246978156535,-9.533825259789672e-05,-0.005391108076093573
2024-03-11,0.0,0.0,0.0,0.0,6.6837730559134e-05,0.0,0.0001159996821786583,-0.0023722222690716797
2024-03-12,-0.0006626646946414718,0.0,-0.0002506741396259401,1.7058893490480026e-05,-0.0006604706694711572,0.0,-0.0006626646946414718,0.0076356659355050465
2024-03-13,-0.00018724809111387867,0.0,0.0,-9.027088717092344e-06,-0.0007189595998546149,0.0,-0.00047838032674983177,-0.0010028920471662917
2024-03-14,-0.005094432377300729,-0.005094432377300744,-0.002321803250411649,-0.0042796805161470055,-0.005094432377300767,-0.005094432377300745,-0.005094432377300745,-0.005872821811107001
2024-03-15,0.0,0.0,0.0,0.0,5.0319406990397225e-05,0.0,-0.00011867872817104789,-0.005777799533783778
2024-03-18,0.0003877906375403652,0.0,0.0,0.00028412480886825733,0.0003877906375403652,0.0,0.0003877906375403652,0.0031020951962723734
2024-03-19,0.0012996946565185725,0.0,0.0008256013246264883,0.0005269516039324083,0.0012996946565185725,0.00013324462877466447,0.001068660354011782,0.005541544594177546
2024-03-20,-0.0005301133493281619,0.0,0.002765387364581045,0.0005934169677867702,-0.0005301133493282047,-0.0005301133493281764,-0.000530113349328148,0.012194005187511528
2024-03-21,0.0,0.0,0.0,0.0,-0.00038503123257246967,0.0,-0.00023889717000197247,0.006410030767829941
2024-03-22,0.0006604814256347966,0.0,0.0012914475222123223,0.0007200135431822846,0.0006746001053888526,0.0,0.00066048142563484,-0.005425955007290128
2024-03-25,-0.00018745592302311858,0.0,-0.0006725335992850666,-0.00039977139984717007,-0.0003141289701401954,0.0,-0.0002176041957440496,-0.0022245624057142355
2024-03-26,0.0014226671017170808,0.0,0.0006736914060779375,0.0006558040010003169,0.0014656083890038337,0.0,0.0014226671017170808,-0.0017649357432304343
2024-03-27,0.0010835310716560194,-0.00010655395763834385,-0.001163646971540458,0.0006521072531855333,0.00045850507213055305,9.161608991409774e-05,0.0010835310716561044,0.011362945934520799
2024-03-28,0.0,0.0,0.0,0.0,-0.00044155122682247344,0.0,0.0,0.00029942299517259617
2024-04-01,-0.00022000802855869471,0.0001407384603812549,-0.0003216296874397938,-3.452870563887992e-05,-0.00033225544677184147,-2.0549661744687878e-05,-0.00022000802855869471,-0.003772843954425477
2024-04-02,-0.0005454055146188803,0.0,-0.0007096075672816396,-0.00017634192417761746,-0.00051079503887448,-0.000545405514618902,-0.000545405514618902,-0.010312853850612893
2024-04-03,0.0003629831161875921,0.0,-0.0010808289923660945,-6.022641726895912e-05,0.00047903889486649275,0.00034142632788553213,0.0005824611899030852,0.0018419303768429482
2024-04-04,0.0005245327932111958,0.0,0.005132479800330964,0.00010984813591137171,0.0005245327932111512,0.0005245327932111958,0.0005245327932110115,-0.012773471776894878
2024-04-05,-9.213076990820734e-05,0.0,-5.233119731907166e-05,1.1418865898213766e-05,-0.00025209348309624416,0.0,-0.00025209348309624964,0.008492176529421925
2024-04-08,0.0,0.0,0.0,0.0,-5.142561380992952e-05,0.0,0.0,0.001525115454806319
2024-04-09,-0.0003174661433703926,0.0,-0.0042132217331421785,-0.001173974968596633,-0.000714003955860049,0.0,-0.0007140039558599985,0.001861814157754961
2024-04-10,0.0,0.0,-0.0018739053855946746,0.0,-9.871030559349887e-05,0.0,0.0,-0.013678838548726983
2024-04-11,-0.00025632544933976994,0.0,2.742131536541496e-05,-0.0007916501829827861,-0.0005522459333277493,0.0,-0.0005578015155683731,0.0072864156530779624
2024-04-12,-0.0029246291172511877,0.0,-0.0026158293808952494,-0.0008301896530416729,-0.002924629117251238,-0.001639008126349854,-0.0029246291172511894,-0.014724094143025893
2024-04-15,-0.0010101456349607479,0.0,0.00010561764592977686,-0.0006328989495245269,-0.0010101456349607485,-0.0010101456349607418,-0.0010101456349606978,-0.012242516199717404
2024-04-16,0.0,0.0,0.0,0.0,-0.0006402142755453988,0.0,0.0,-0.0008018453711661516
2024-04-17,0.0003203240447592816,0.0,0.0019810543388133865,0.001368423775871915,0.0003126038856415991,0.0,0.00032032404475932497,-0.0070548430985391125
2024-04-18,0.0,0.0,0.0,0.0,0.00024443986281409285,0.0,0.00010056169355024373,-0.0018590117075220369
2024-04-19,-7.011156074545743e-05,0.0006789526328817299,-0.00046256069141731694,-0.0009792500554289532,0.0001285149258471379,-1.7104607312050293e-05,-7.011156074546033e-05,-0.005059360097677532
2024-04-22,0.0,0.0,-0.0013510918010863483,0.0,-0.0011988469315640138,0.0,-0.0011988469315638922,0.009192825077180234
2024-04-23,-0.00024676327476218164,-0.00011096804300554957,-0.0012733513575948693,-0.0004026445614390206,-0.00014558539604616821,-0.00011096804300554957,-0.0002467632747622586,0.012308539090234723
2024-04-24,0.0,0.0,-0.0013633528556513436,0.0,-1.2919906785394212e-05,0.0,0.0,-0.0007868127462680975
2024-04-25,-0.0014361042930579695,0.00044776644765890186,0.0009261656307199004,0.0004519524096217426,-0.0014361042930579133,-0.0008790590586970877,-0.0014361042930579628,-0.006140698195318666
2024-04-26,-0.0014287878622958852,-0.00013385096046274737,-0.0013117505025111908,-0.0001943612463002108,-0.0014287878622958475,0.0,-0.0014287878622958698,0.009269768156030594
2024-04-29,0.0,0.0,0.0,0.0,-0.0005455285608147158,0.0,0.0,0.004646393732132033
2024-04-30,0.00435974296832912,0.0,0.004484691228069076,0.004062770169916937,0.004359742968329203,0.0008354526162035508,0.00435974296832916,-0.01716434409525357
2024-05-01,-0.012531884129177096,0.0,-0.014975624213516649,-0.0021265934239879077,-0.012531884129177094,-0.008907421465554767,-0.012531884129177167,-0.0015852955204253576
2024-05-02,0.0,0.0,0.0,0.0,-0.00010359802320681073,0.0,0.0,0.012190570190736036
2024-05-03,-0.00018498265082904304,0.0,-0.00010000428836688092,-0.00022919443896152433,-0.00026833725608667135,0.0,-0.00018498265082908638,0.013263497196743308
2024-05-06,0.0,0.0,0.0,0.0,0.0003728931730220969,0.0,0.0,0.009354177636224481
2024-05-07,0.0,0.0,0.0,0.0,-0.00011419449596039535,0.0,0.0,0.0010026260015529242
2024-05-08,-8.347010920278485e-05,-2.547874164919494e-05,0.00048216038088761033,-0.00036900333680388726,-8.347010920281321e-05,-4.2730399957270874e-05,-8.347010920278485e-05,-6.35355630090043e-06
2024-05-09,0.0005998839714758896,6.949920732084138e-05,0.0005762610985862064,0.0004048207051937059,0.0006106153775149428,0.0005998839714758896,0.0005998839714758896,0.0067701337496731216
2024-05-10,-0.0001852091996809095,0.0,-0.00028348783994174215,-7.611507525538054e-05,-0.0001685123438814682,-0.0001852091996809095,-0.0001852091996809095,9.361391989096433e-05
2024-05-13,-1.827923244579672e-05,0.0,0.0002452985346085159,0.00020330619320580237,-6.430595569397048e-05,0.0,-1.827923244579672e-05,0.0005638827497244413
2024-05-14,-0.0004961350273006153,0.0,-0.0001228172030955341,-0.0007903030351020784,-0.0005640661688168523,-0.00023754336065792459,-0.0004961350273005869,0.005785731839492955
2024-05-15,0.0006921510303361514,-0.00031371371928176633,0.0008199676794262896,0.0003541123044427596,0.0006025185391127063,0.00029148403455956615,0.000692151030336129,0.012095244795599779
2024-05-16,0.0,0.0,0.0,0.0,-7.664830792571803e-05,0.0,0.0,-0.0024701428222316025
2024-05-17,0.0,0.0,0.0,0.0,6.7348687320844595e-06,0.0,0.0,0.001385343007745685
2024-05-20,-0.0004337024718125607,-0.00030867882592297883,6.020754839816724e-05,-8.080002169271257e-05,-0.00048481485539303117,0.0,-0.000433702471812539,0.0011037445861822603
2024-05-21,0.0004932083718506368,0.0,0.00033884211001117005,0.00029507941147264216,0.0005920655129082381,0.0,0.0004932083718506368,0.001297272083573513
2024-05-22,-0.0018948792196108876,0.0,-0.0023499237751271533,-0.002269372752535924,-0.0018948792196108375,-0.0003022831180620694,-0.0018948792196108383,-0.0041059885241062155
2024-05-23,-0.0017041653972520868,-0.0017041653972521206,-0.0025226978408854975,-0.0006459110552225652,-0.0017041653972521423,-0.0017041653972521423,-0.0017041653972521475,-0.010859591177095212
2024-05-24,0.0,0.0,0.0,0.0,0.00013746443694063855,0.0,7.468876442262206e-05,0.006322102870839275
2024-05-28,-0.0019305206272673334,-0.0004264788481927894,-0.0020423491391185697,-0.0009891157334642586,-0.0021654406172794483,-0.0006092554974182923,-0.0019305206272673117,-0.0007616970704389443
2024-05-29,0.0,0.0,0.0,0.0,-0.00039047286325130377,0.0,-0.000286703318603188,-0.00957781922078609
2024-05-30,0.000325029185384781,0.0,0.0005489053533930859,-8.432370165768871e-05,0.0003405699912304435,0.0,0.000325029185384781,-0.004613235069028667
2024-05-31,-0.00018413480111765732,0.0,-0.0033096947131436858,0.000574586314165878,-0.0017405738959525199,-0.002337844331797953,-0.00018413480111765732,0.008860994652953164
2024-06-03,-0.002154503781597967,-0.0003136494676599034,-0.003450133786279353,-0.002690604039258884,-0.002154503781597939,-0.0003484994085109821,-0.002154503781598017,-0.0010800086732822244
2024-06-04,0.0002758275250805211,0.0,-0.00021721160106507494,-5.6988222597610196e-05,0.00044285819165340416,0.0,0.0002758275250805211,-0.0010922411871747177
2024-06-05,0.0011995661173923296,0.0,0.000892795634343636,0.0010292224790612891,0.0011710288826032146,0.0,0.0011995661173922465,0.011896926071556471
2024-06-06,0.0,-0.0001067153043447593,0.0,0.0,-5.4306748982277774e-05,0.0,0.0,-0.0010448278977975125
2024-06-07,0.0,0.0,0.0,0.0,-0.00033013039820432285,0.0,0.0,-0.0036189818320957797
2024-06-10,-0.00023511019191141543,0.0,7.779391312759287e-05,1.2706611194464299e-05,-0.00017656664504189795,-0.00017571446098331512,-0.00023511019191140215,0.003083295121734436
2024-06-11,0.000892705971416903,-0.0005087393260619094,0.0005997004033802017,0.000751758140814591,0.0009124877268831453,0.0,0.000892705971416903,0.00042292151864515095
2024-06-12,-0.0007842380760302327,0.000202204835282539,0.00044268146275479537,-0.0008680788623401786,-0.0007009110250122362,-0.000784238076030211,-0.0006578600539786386,0.008328330338984285
2024-06-13,0.0,0.0,0.0,0.0,-6.169990295065464e-05,0.0,0.0,-0.0007932435637314763
2024-06-14,0.000177091641995936,0.0,0.00013549794032890916,0.0,0.00017262110741075255,0.0,0.00017709164199603732,-0.002338751127518576
2024-06-17,-0.001687650679309285,0.0,-0.000721127760809963,-0.0009539681826115964,-0.0016876506793092917,-0.0016876506793092687,-0.0016876506793092538,0.008363163237047637
2024-06-18,0.0,0.0,0.0,0.0,-3.082206801747633e-05,0.0,0.0,0.0015825145900911237
2024-06-20,-0.00022831920304917106,-0.00020469119985052823,-0.0007640871371920655,0.00037306571065069514,-0.00023807164806190895,-0.00029094084588967867,-0.00022831920304917106,-0.0014224690533871718
2024-06-21,0.0,0.0,0.0,0.0,2.193671604185297e-05,0.0,0.0,-0.0006234285358014117
2024-06-24,-0.0010600040371620035,-0.0010600040371619751,-0.0005465061766843095,-0.0005192701036699191,-0.00047731721306172993,0.0,-0.0004773172130617746,-0.00034920741751141
2024-06-25,-3.6836478059385695e-06,0.00015615899389711605,0.00020417069854198288,-8.813071053869103e-05,-6.555813369012554e-05,0.0,-3.6836478059385695e-06,0.0007935482129397581
2024-06-26,-1.4149244566937566e-05,0.0,-0.00025437019964175215,-1.4213376353116128e-05,0.00033822223152124857,0.0,-1.414924456690607e-05,0.0004991378972332941
2024-06-27,0.0003626901252357104,0.0,0.0,0.0003350472933069943,0.0004709182979773237,0.0,0.00032489982277705246,0.003445943622201516
2024-06-28,-0.0013749546336528243,-0.0008440495174533143,-0.001182067340530908,-0.000586428419485951,-0.0009753042850582925,-0.001055061896816632,-0.0009753042850582127,-0.0017407211783220032
2024-07-01,-0.00012082372392523298,0.0,-3.250815004249691e-05,3.3681329233172326e-05,-0.0005215510526466655,-0.00012082372392523298,-0.00012082372392523298,0.00043020201708203964
2024-07-02,0.001101277941311187,0.0,0.0013694068866703035,0.0008679628935017868,0.001068393352362481,0.0007945000995249263,0.001101277941311299,0.006072391973265959
2024-07-03,3.446506376387393e-05,0.0,3.446506376387393e-05,3.446506376384626e-05,0.00013073768905497588,3.446506376387393e-05,3.446506376390159e-05,0.002762019083448884
2024-07-05,0.00013155611687417368,0.0,0.00023103254183025996,-0.00024022580061611984,4.559263300517041e-05,-6.1715499084948e-06,0.00013155611687417368,0.003653706234899184
2024-07-08,-7.695527625860238e-05,1.8118582216813862e-05,-7.691460413973169e-05,-6.656497037305186e-05,-0.0003426064442995687,0.0,-7.6955276258574e-05,0.0021290991857142827
2024-07-09,0.0,4.1594557315797775e-05,0.0,0.0,-0.00018673447918433406,0.0,-0.00014088030905289652,-0.0008736301452368297
2024-07-10,0.0019092411538638911,0.0,0.0018486042427391582,0.0014940660614496549,0.0021458182751129557,0.0016913072854491816,0.0019092411538638911,0.010259558280043077
2024-07-11,0.00035100337933159425,0.0,0.0011061387131228266,-6.456321968499488e-05,0.0003510033793316388,0.00035100337933159425,0.00035100337933159425,0.000834532423534041
2024-07-12,-0.004210820095404712,0.0,-0.004821989795734002,-0.0006040361402021319,-0.004333676263886815,-0.002719488693030075,-0.004210820095404712,0.007386524620395546
2024-07-15,-0.000827064413059454,0.0,-0.0003999476503848093,-0.00031840037199926574,-0.0010314187237186023,-0.000827064413059454,-0.000827064413059454,0.006962706458803239
2024-07-16,7.331988946545499e-06,7.331988946593615e-06,0.00033040962925550945,0.00027145659424412857,-3.6807736719582436e-05,7.331988946593615e-06,7.331988946593615e-06,0.014287011792386981
2024-07-17,0.0004907755688389697,-0.0010433193680479953,0.00045196018199012686,0.0005824657765592213,0.0003349378110814937,-0.0001851962302521445,0.0004907755688389981,-0.010955250983110423
2024-07-18,-0.0023796086859239167,0.0007385992627543272,-0.00037629490192394113,0.00022096539520148723,-0.002379608685923895,-0.0023796086859239167,-0.002379608685923817,-0.011017598409958263
2024-07-19,0.00022197476114577995,0.0,-4.1968255536356366e-05,-0.0006135348873919204,0.0007842096774775453,0.0,0.00022197476114577995,-0.007575563921080384
2024-07-22,7.824079856870833e-06,-5.099104707625208e-05,0.0004591533529816145,-0.00010303110670401295,6.834235269135208e-06,0.0,7.824079856822716e-06,0.01053410300070382
2024-07-23,-0.0009066955348784527,0.0,-0.001035240363275251,-0.00044067526711682743,-0.00129596036405966,-0.0009066955348784312,-0.0009066955348784527,0.0006082007229411676
2024-07-24,0.0014238951560111152,0.00025764164107644233,0.002659936042098448,0.002231894991257445,0.0014238951560111538,0.00034504070434867646,0.0014238951560111152,-0.022251191485246777
2024-07-25,-0.0034438760952574306,0.0004914340253326062,-0.0010792987999930109,-0.0017731690065539117,-0.004436732403275894,-0.0018818602796744446,-0.0034438760952574306,-0.0007338645895202003
2024-07-26,-0.00028825799944542875,-0.00028825799944542875,0.00017432325815740552,-3.559417158660773e-05,-0.00040082395938571716,-0.00028825799944542875,-0.00028825799944542875,0.013740752825563297
2024-07-29,-0.00011039826354745836,0.0,-0.0006349722483789308,0.00020120959161653966,3.812128464545976e-05,0.0,-0.00011039826354741502,-0.002167427380353211
2024-07-30,-0.00019920164118509217,0.00020232218668014707,-0.0001190709897924456,8.743557879675737e-05,-0.0001320434417284217,-5.81140967379975e-05,-0.00019920164118509217,-0.0025050247874076163
2024-07-31,0.0,0.0,-0.008428298988587653,-0.0017858855614304454,-0.0005325085803410526,0.0,-0.0007529095832728359,0.013160796013440286
2024-08-01,-0.0027668172909031848,0.0,-0.0058556053472499335,-0.0031029111797419126,-0.0027668172909032173,-0.0027668172909032125,-0.002766817290903174,-0.019752497229684324
2024-08-02,-0.0004942767985434504,0.0,-0.0020137440468390496,-0.0011051876659456698,-0.0007831495406864072,0.0,-0.000714387149214901,-0.022368736820717536
2024-08-05,0.0009312633680480819,0.0006415953532211013,0.0024173580882814755,0.0021643927638835283,0.0009312633680480819,0.0005986522950488251,0.0009312633680480266,-0.028715776033931405
2024-08-06,-0.0024220949013433507,0.0,-0.004996175656418222,-0.0016305129355892781,-0.0036378598894579936,0.0,-0.0024220949013433225,0.008918009107409584
2024-08-07,0.003518248428317169,0.0,0.00082362047234657,0.00295030349185318,0.0035182484283171568,0.0007340835266415218,0.0035182484283171568,-0.008391589516676961
2024-08-08,0.0014042108360435642,0.00023805512493799307,0.0006435966491629835,4.497603870462411e-05,0.0015384126737370291,0.0,0.0015384126737370291,0.023371549538548163
2024-08-09,0.0,0.0,0.0,0.0,-9.05546091463699e-06,0.0,0.0,0.0022820251274575085
2024-08-12,-0.00017565672268839638,-0.0001922817215693848,-0.00016649542335413095,-0.000812831134229216,-0.00031272157578039213,0.0,-0.00017565672268842473,-0.002194220990262832
2024-08-13,0.0013042548429817915,0.0,0.0006737841869043574,0.0008632833272298949,0.0013042548429818483,0.0,0.0013042548429818483,0.016399140437694887
2024-08-14,-0.0002262594045358735,-0.0005275831563538487,-0.00046379791776269993,-9.443787591884314e-05,-0.00044047544448914695,0.0,-0.00022625940453585184,0.001324758093363617
2024-08-15,2.4921622730372308e-05,0.0,-0.0006591970240642635,-0.00010268256676012501,-0.0003141224109629184,0.0,-0.0003141224109628474,0.020158963520966685
2024-08-16,-6.283502989064008e-05,7.454612676662662e-05,-0.0007376938148857219,4.110067876719046e-06,-2.5561966507197254e-05,0.0,8.916666925556284e-06,0.0021560270954238065
2024-08-19,0.002021861657772283,0.0,0.0019683117339181068,0.002126017317844582,0.0020218616577722275,0.001438253926908821,0.002021861657772195,0.009920805932976173
2024-08-20,0.00037379528282880525,-0.00015905783750120016,0.000352996271735561,0.00019687610872694925,0.0003545132506092994,0.00037379528282880525,0.00037379528282880525,-0.0038251823458775353
2024-08-21,0.00016002798865128964,0.0,0.0,7.829128038332535e-05,0.0002083189638326742,0.0,0.00016002798865124627,0.005218456789187492
2024-08-22,-0.00037758929036634464,0.0,2.8548925090962667e-05,-0.0009583153403235098,-0.0003775892903662404,-0.0002734598825453504,-0.00037758929036623367,-0.008660905391646741
2024-08-23,-2.8398555265047017e-05,0.0,0.0005535082667730435,0.00047020691002042737,-0.00010466559637715224,7.839642153680022e-05,-7.449896345279782e-05,0.01515233277544294
2024-08-26,-8.75277742873353e-05,0.0,0.00013635843055557763,-0.00031668711007917067,-9.941225188161562e-05,0.0,-0.00019450020462756656,-0.002091378279230984
2024-08-27,7.304963327111694e-06,0.0,-7.970858294790959e-05,-4.049445651111206e-06,-3.9682390109204343e-05,0.0,-1.1522388269882638e-05,-0.000420993824826523
2024-08-28,0.00012430984047131068,0.0,-0.0005046084742759598,0.0001969488758730248,0.00012430984047126606,0.0,0.00012430984047131068,-0.006699030306688337
2024-08-29,0.0,-0.00014932682783419703,0.0,0.0,-0.0005466263705864083,0.0,-0.0005016077202871269,0.0028967174924385006
2024-08-30,0.0,0.0,0.0,0.0,2.5383884762345416e-05,0.0,0.0,0.008141528180658542
2024-09-03,0.0006692386597028511,0.0,0.0006826068267438126,-0.001894962479542678,0.0006692386597028643,0.0006692386597028077,0.0006692386597028511,-0.022994134567350548
2024-09-04,0.0,0.0,0.0,0.0,-2.5717235204390054e-05,0.0,0.0,-0.0015790889786630946
2024-09-05,-0.00018646511782435924,8.880911942895727e-05,0.00024425837616681413,-0.0008630866020575466,-0.00021735189639510976,0.0,-0.00018646511782435924,-0.0028118988192022756
2024-09-06,0.0018433309843725989,0.0005471775183184467,0.00024293876536938584,0.0002638213644263334,0.001843330984372544,0.0015600983222823393,0.001843330984372532,-0.01738367097028543
2024-09-09,0.0,0.0,0.0,0.0,1.2103909499297207e-06,0.0,0.0,0.009684528178243343
2024-09-10,0.0,0.0,0.0,-0.0002644187874738683,-0.0001466999473678964,0.0,-9.896303125065587e-05,0.0025411650292519712
2024-09-11,0.001195753400350698,-0.0008269189076092832,0.0025225183173740954,0.0015924016611344569,0.0011957534003506764,0.00062804033192659,0.001195753400350698,0.008812135714361787
2024-09-12,-2.0115592393462348e-05,0.0,6.599169915556736e-05,-6.393996702379918e-05,0.00018306641886052652,0.0,-2.0115592393440664e-05,0.009357160775161017
2024-09-13,0.0005559352172515598,0.0,0.0007296022238104804,0.00041441849573139094,0.0005391078359627625,0.0,0.0005391078359627625,0.009817892458715635
2024-09-16,0.0,0.00010296376842561435,0.0,0.0,3.218850345751809e-05,0.0,0.0,0.0019106735965927042
2024-09-17,-0.0008065362072601127,0.0,-0.001066209683511204,-0.0015660228866928327,-0.0010805391179667509,0.0,-0.0010517540781214702,0.001909240869578337
2024-09-18,-0.0021466120078493614,0.0,-0.002493311090690786,0.0,-0.0031408034290513745,0.0,-0.0021466120078494047,-0.0026254849880026293
2024-09-19,0.0,0.0,0.0,0.0,-0.0001535573453716455,0.0,0.0,0.018528445656311395
2024-09-20,0.0,0.0,0.0,0.0,0.00015371533179251823,0.0,0.0,-0.0029960167881612374
2024-09-23,0.0,0.0,4.761980771124816e-05,6.168707588723055e-05,0.00020340682635903873,0.0,0.00020340682635903873,0.0008762907073626767
2024-09-24,0.0,0.0,0.0,0.0,6.796120104795566e-05,0.0,0.0,0.002901516769672107
2024-09-25,0.0005625014539077497,0.00018808036745244881,0.000426445270034563,-0.00022532649954479662,0.0005230087492666106,0.0005625014539078064,0.0004899134934776693,-0.004978992001235089
2024-09-26,0.00019875968310778994,2.4896010552562703e-05,0.0003353968655048834,0.00013758986284076843,0.00019875968310778994,3.556572936081342e-05,0.0001987596831078176,0.005494154521170821
2024-09-27,9.311641602819365e-05,0.0,0.00015186020817679565,1.073432084040272e-05,1.9440113405223e-05,0.0,9.311641602823825e-05,0.0007378518240093825
2024-09-30,0.0,0.0004992327604076506,-0.001021905301386516,0.0,-0.00032067748352864996,0.0,0.0,0.0025825081310152003
2024-10-01,0.0016514900087059668,0.0016514900087059668,0.0018177546177735493,9.978016100209577e-05,0.0016514900087059668,0.0,0.001651490008705884,-0.009765806110704364
2024-10-02,0.0,0.0,0.0,0.0,-0.00029634382814327446,0.0,0.0,0.00036478006845687617
2024-10-03,0.0,0.0,0.0,0.0,-0.0003005460755086481,0.0,0.0,-0.003405810085007329
2024-10-04,0.0,-0.0003304095754919279,0.0,0.0,-7.666963427465387e-05,0.0,0.0,0.010593980705977547
2024-10-07,-0.0005639114436016649,0.0,-0.00289842761733831,-0.0011217152476837443,-0.0005639114436017048,0.0,-0.0005639114436016642,-0.009217553886471306
2024-10-08,0.00017363778561186284,0.0,0.0003858345223562995,-0.00020609726571401722,9.378438632063779e-05,0.0,0.00017363778561182446,0.0069551595011537294
2024-10-09,0.000324762123581768,-5.619239611042181e-05,0.0009969325493337773,0.00017728464081409254,0.00036090800511014663,7.472968282167471e-05,0.000324762123581768,0.007030078056777866
2024-10-10,-0.0004744521537227578,0.0,-0.0005920059717973994,0.0,-0.0003790825988755776,0.0,-0.0004744521537227578,-0.0023284678334830307
2024-10-11,-0.0005472216837449678,0.00016889759596364128,0.0002538045390573886,-0.0005585592147092503,-0.0005472216837450177,-0.00019015040455194456,-0.000547221683744946,0.009242638228820713
2024-10-14,-0.00030229192035022414,-0.0003678398739470359,0.0001190275777138762,-0.0007201492150020364,-0.00030229192035022414,-0.00017132129830315333,-0.00030229192035026746,0.007189222191656906
2024-10-15,-0.001568071787584218,4.769157004192765e-05,-0.0009222963228188603,-0.0012869613616729673,-0.0015680717875842455,-0.000800594247081979,-0.001568071787584218,-0.0072399026107759015
2024-10-16,-4.5976086591321144e-05,6.688441654393161e-06,-0.00011806096950170089,-0.0004829211296849534,-4.7027098005987415e-05,2.5160888285799263e-05,-4.5976086591411784e-05,0.006906908832539788
2024-10-17,0.000281228060579388,0.0002712871927435,0.001040076859451149,0.0003286652578268235,0.0002651605491465497,0.00028122806057933263,0.000281228060579388,0.000703807192828742
2024-10-18,6.282605759523773e-05,-0.00018450275794768236,0.0,6.28260575951944e-05,4.27467139967876e-05,0.0,6.282605759523773e-05,0.002369453212707787
2024-10-21,-0.00023455204194684957,-5.616625297406856e-05,-0.0008390799797380855,-0.0008536997158654113,-0.0002631353497471405,-0.00023455204194684957,-0.00023455204194682122,-0.005519005246346457
2024-10-22,-0.0006831282015855709,0.0,0.00020392553212851815,-0.0008280828702895459,-0.0006713841075740162,0.0,-0.0006831282015855209,-0.0008720362815671054
2024-10-23,-0.0011247672838692996,0.0,-0.0016593006582202566,-7.332149654240146e-05,-0.0011247672838692498,-0.0007442316865290849,-0.0011247672838693213,-0.010632997980595027
2024-10-24,0.0,0.0,0.0,0.0,3.2799323032131896e-05,0.0,0.0,0.001989470558968813
2024-10-25,0.00019724218440688801,-0.0002378655033574965,0.0008423563724557873,6.712004114916554e-05,0.0002813269094860095,0.0001972421844068399,0.00032890001015745623,-0.0013410541534636525
2024-10-28,-0.00012195560211079629,0.0,2.4460285259387935e-05,-0.00030064533359272814,3.1700262873671044e-05,0.0,2.7043531915610738e-05,0.006381973787717014
2024-10-29,-0.001032342842465195,0.0,-0.0003207150206205735,-0.0007787782367080481,-0.0011498512864772704,-0.0005186791680701213,-0.0010323428424652502,0.0008655618916391484
2024-10-30,-0.00010327616760365829,-0.0009229085619276744,-0.0007741424020681187,0.00019441902427704035,-6.415395301195567e-05,0.0,-0.00010327616760365829,-0.003272092524438562
2024-10-31,0.0032011121852695114,0.001580671419975982,0.002833793031585906,0.0029077455440306745,0.003201112185269456,0.0032011121852695114,0.003201112185269456,-0.01752468579197701
2024-11-01,0.0,0.0,0.0,0.0,-0.00019015429931837734,0.0,0.0,0.005942952241818205
2024-11-04,-0.00031831926149006144,0.0,-9.834441252759453e-05,-0.00018668336779110688,-0.0002648641612603471,0.0,-0.0003012414375337643,-0.001748823241316474
2024-11-05,0.0016845962102097084,0.0015731986667497568,0.0030988205910656196,0.0018461913406664795,0.0016845962102097084,0.0015807072010629636,0.0016845962102097084,0.013213803782116066
2024-11-06,-0.00014742689581354735,0.00016455278961088828,0.0003711088621094779,-0.00045180584143142167,-0.0003111660796951667,-9.132907873052163e-05,-0.0001924272265616664,0.035506170897852345
2024-11-07,-0.00022521474117095474,-5.0193858079239227e-05,-0.0002183630768813774,-0.00017761921008028277,-0.00022521474117096014,-0.00010038771615852305,-0.00010038771615852305,0.00487839533585538
2024-11-08,-0.00014778971139111502,0.0,-0.0005451526467139696,0.00014202677402969492,3.035851618215861e-05,0.0,-0.00011758521063281927,0.004930494086903011
2024-11-11,-0.0004013194332979854,-0.00021851011108244104,-0.000652069659978668,-0.0003598094551074962,-0.0003792186751016735,0.0,-0.0004013194332979854,0.005180492784757432
2024-11-12,0.00012060757683923714,0.0,0.000813853207896361,-0.0001068952881053022,0.00022935029746782096,0.00012060757683923714,0.00024070314386654562,-0.007408117023605195
2024-11-13,0.0006991369756031552,0.0,0.0005400971651343333,0.0006804385578060937,0.0006212851168356651,0.0006991369756031552,0.0006991369756031118,-0.0019473451741070724
2024-11-14,0.0008877100237233015,0.00019730496586789164,0.002200563700976818,-0.0008717591600871481,0.0008877100237233015,0.0002818642369541247,0.0008877100237233853,-0.007587786557869256
2024-11-15,-0.00030910116850263637,0.0,-0.0009684467402864601,-0.0009872954815458037,-0.00036702823080394284,-0.0001287777764625527,-0.00036702823080394354,-0.014098469710799647
2024-11-18,0.0,0.0,0.0,0.0,-0.00023168238479156236,0.0,-7.605452626038697e-05,0.002984395473014055
2024-11-19,0.0005989816397872543,0.0,0.0013433958925413764,0.0005481903469566751,0.0005989816397872543,0.0005472205871136603,0.0005989816397872543,0.0032829341290332944
2024-11-20,-0.0007506830708357684,-0.001966925221316074,-0.0029323742870314587,0.0,-0.0016186678179972015,0.0,-0.0013470302937742943,0.0011602586089474337
2024-11-21,-0.001478451703094014,0.0010142193960132415,-0.0012037170822621136,-0.0008601476646150153,-0.0017347934771918662,-0.0014784517030940357,-0.0014784517030940643,0.008659201365405057
2024-11-22,0.0006997451788577534,0.0005750223123738179,0.00016357725938506126,0.0005461899709126566,0.000810172289941182,0.0002737417429911827,0.0006997451788577534,0.007868842459034964
2024-11-25,-0.0011763535897054054,0.0,-0.001432156592725025,-0.0010991514321337125,-0.0011460786898667013,0.0,-0.0011763535897054054,0.0073807580202788405
2024-11-26,3.295100847478503e-05,0.0,0.00017742615567211992,-7.551867696704754e-05,0.00010289772051094378,0.0,3.295100847478503e-05,0.0019489797756002563
2024-11-27,-0.00033041009947715476,0.0,-0.00016601193392933803,-0.0004639722030387698,-0.000328720042998624,0.0,-0.0003304100994771271,-0.0030259830269978335
2024-11-29,-0.0007731556010998828,-9.425052501559456e-05,-0.0007731556010998828,-0.000773155601099945,-0.0007700060240518645,-0.00041916799159789474,-0.0007731556010999105,0.006026155271013743
2024-12-02,-0.00013316973607134427,0.00023999446842981224,0.0001331046485819009,-0.0001305575621108283,-0.0003294614912634576,-0.00021684182780431978,-0.0003294614912634576,0.0020214507283968413
2024-12-03,0.0001239097900258312,3.3990027358774187e-05,0.00021790521269063548,-2.793019653264171e-05,9.881181932421858e-05,0.0,0.0001239097900258312,-0.0012962171593546542
2024-12-04,0.00025438857302134953,0.00034948997880712446,0.0005073903120292953,-0.0003032697938210067,0.00028409662891538224,0.0,0.00024041038156453773,0.0071383902797705675
2024-12-05,0.0005153309059796629,0.0,0.0007623908371048474,0.0004471889400439779,0.0005272382054646414,0.0,0.0005153309059796629,-0.005075979847677973
2024-12-06,7.40606612554213e-05,0.00015062042881233643,-4.9898346378445826e-05,-2.3371953554509974e-05,-3.248117387213466e-05,9.066729456988635e-05,-3.997531565244282e-05,0.0024564951206172596
2024-12-09,3.352204453272085e-05,0.0,0.0013183508211338593,-7.868402242995731e-05,3.3522044532770804e-05,-0.00024503097542692036,3.352204453272085e-05,-0.005656892895015736
2024-12-10,-0.0005301515178746071,0.0,0.0002671471012983898,-0.0003056328653803641,-0.0004282945377368346,-0.0005301515178746348,-0.0005301515178746124,-0.0033798088842537932
2024-12-11,-0.0005643739146086677,-0.00024023030214552027,-0.000343464189630958,-0.00033230307376806457,-0.0004205979202601984,-0.00026692255793942237,-0.0005643739146085625,0.0063861901338657205
2024-12-12,0.0005457753109942759,0.0,0.000762522862852667,0.0005188942610190971,0.0005652496002908096,0.0002218434666802135,0.0005457753109942759,-0.007220985707454905
2024-12-13,-0.0003204932588418916,-0.00011547387499143137,-0.0002828428731333345,-6.494535515602294e-05,-0.00033698952669776515,0.0,-0.0003204932588417982,-0.0003691999827477751
2024-12-16,-0.0008218621005532405,-0.00017682592254702833,-0.001155659832607121,-8.950822610610961e-05,-0.0007160008834613736,-0.00035516875984384474,-0.0008218621005532405,0.005057650147758028
2024-12-17,-0.000712210901126842,0.0,-0.00034853061139293357,-0.00022366706365502497,-0.001235784680125905,0.0,-0.0009958042586239732,-0.0064762037886095395
2024-12-18,0.010702132449263132,0.0,0.016712320676939812,-0.0017691630027680209,0.010702132449263187,0.010702132449263132,0.010702132449263177,-0.033119342334473195
2024-12-19,0.0,0.0,0.0,0.0,0.0013940632408963372,0.0,0.0,-0.0018818883931426861
2024-12-20,-0.0022798789909824952,0.0,-0.004149009479265069,-0.001572969621230724,-0.0022798789909824445,-0.0009609883901651442,-0.0022798789909824952,0.010758511331973161
2024-12-23,0.0,0.0,0.0,0.0,0.0004171961208174737,0.0,0.0,0.0035241785262111235
2024-12-24,0.0005555352968709497,0.0,0.0005555352968709497,0.0005555352968710065,0.0006012144294973519,0.0,0.0006012144294973519,0.010490624597898198
2024-12-26,0.00040811703712757927,0.0,0.00045362780204828457,-0.00011478167068691353,-3.609400137257604e-05,0.0003885059245430989,-3.609400137257604e-05,0.00247246762891218
2024-12-27,-0.0017513771735021594,-0.00018224008800707436,0.0002069171327298644,-0.00364360782698681,-0.0021150686062014258,-0.0006073309977879576,-0.002115068606201404,-0.011158035244370906
2024-12-30,0.0,0.0009460813636069655,0.0,0.0,-0.0007796466087046793,0.0,0.0,-0.01055435880754749
2024-12-31,0.00043458913884683007,0.0,0.0003793905768054711,0.00033772288742471134,0.0008020802574772521,0.0,0.00043458913884683007,-0.0028487316532306703
2025-01-02,-0.00019560631886290204,0.0,-0.00445346130505015,-0.0007411053721316359,-0.00019560631886290204,0.0,-0.000195606318862796,-0.002063068613466343
2025-01-03,-0.00026164916611210717,0.0,-0.00011609519868116659,-6.529654776177491e-05,-0.00034800582588807866,0.0,-0.00031070316895118774,0.012626419622678506
2025-01-06,-0.00014922362614623377,0.0,-0.00011151851947206789,-0.0002687988162091656,-0.0001330097962217608,0.0,-0.00014922362614626215,0.004240526562117961
2025-01-07,-0.002466304197106634,0.0,0.0013598815967795228,-0.002604232329971522,-0.0024663041971067067,-0.0024663041971066065,-0.0024663041971066564,-0.0100018534178003
2025-01-08,0.0,0.0,0.0,0.0,2.811956601738687e-05,0.0,0.0,-6.022550154902737e-05
2025-01-10,-0.00030361526542592584,0.0,0.0005051772628890124,-0.00011599743229815664,-0.000576233419953839,0.0,-0.000576233419953839,-0.016930056323002075
2025-01-13,0.0012859385125990814,0.0002748600032228884,0.0012349539026631582,0.0012840804222517851,0.001547338252585135,0.0,0.001285938512599026,0.002629499598056945
2025-01-14,-0.0014307260754515242,0.0,-0.0011143175448621893,-0.0016679071558196507,-0.0016445042950639036,0.0,-0.0014307260754515517,0.0040577036817945064
2025-01-15,-0.0003275148313251558,0.0,0.0,-0.00022729123955244848,-0.0006370019284704385,0.0,-0.000603243072822487,0.019004963709775807
2025-01-16,0.0004986708172673073,0.00033244721151152334,0.0006326130761877309,0.0005508453578317037,0.0005688944447592179,0.0,0.0004986708172673073,-0.0020413858000538046
2025-01-17,-0.0002285644589626708,-2.643298482701862e-05,-0.00037906100481139844,-1.8904251790385414e-06,-0.00039478098746129764,0.0,-0.0002285644589626925,0.009622905340103759
2025-01-21,0.0005058568416536333,8.79385281870858e-05,0.0009544499878384257,0.00044891488239781906,0.00044096295328139304,0.00017587705637422835,0.0005058568416535332,0.011520755381071859
2025-01-22,-0.0001503051988646115,-0.00010759619552994498,-0.0006281293240811053,-5.2909571068270334e-05,-0.0002686692120442441,0.0,-0.00015030519886461213,0.003763639116044138
2025-01-23,0.0014973761182045084,0.0,0.0014506688246774466,0.0014454193772298067,0.0014973761182045637,0.0005904453857113541,0.0012126307707426211,0.005624399207249673
2025-01-24,-0.0011837942398023882,0.0,-0.0007310631212761542,-0.0012357282491333257,-0.001366960997420464,-0.0009081909894333743,-0.001183794239802372,-0.0034999695218421332
2025-01-27,0.0014309596423623407,0.0029485544551918403,0.0007003272077263057,0.0011054164998504975,0.0013084088293478634,0.0005708187945036933,0.0009775523772236538,-0.010554119414446683
2025-01-28,-0.0004879009231174428,0.0,-0.0005014471284088677,-0.0004606567903449421,-0.0006246236422693597,0.0,-0.00048790092311741507,0.006765620498451803
2025-01-29,0.0,0.0,0.0,0.0,0.0001297712103568241,0.0,0.0,-0.0029683721029179454
2025-01-30,-0.0005928742769047382,0.0,-0.0006962260876309122,0.0,-0.0014610307310607665,0.0,-0.0005928742769047665,0.005671765923384328
2025-01-31,-0.000672121405310891,0.0,0.0010722048125253558,-0.0007499858693312422,-0.000672121405310912,0.0,-0.0006721214053108687,-0.005977995550388679
2025-02-03,-0.0014228508508310938,0.0,-0.0033454026046482793,-0.000936867864168626,-0.001422850850831066,0.0,-0.00142285085083106,-0.006844177749956526
2025-02-04,0.0004993869588833587,0.0,0.00044520458728397497,9.940279254198168e-05,0.0006707491770476092,0.0,0.0004993869588834019,0.008429540963676646
2025-02-05,0.00029834170506488726,0.0,0.0007516608593475704,0.0005113302159927329,0.0004510188507631208,0.0,0.00029834170506488726,0.006502310694614527
2025-02-06,-0.0008389722740948899,-0.0003476712705819265,-0.002392120561993538,-0.0006716513338686476,-0.0010640342988564293,-0.0004966732436884974,-0.0008389722740949116,0.0006263956991995536
2025-02-07,-0.0007839278236984291,0.0,0.0003193716090634599,-0.0002638693036796298,-0.0007839278236984359,-0.0007839278236984291,-0.0007839278236984792,-0.010585835314981352
2025-02-10,0.0,0.0,0.0,0.0,-0.00021303232785430196,0.0,0.0,0.006567954461786966
2025-02-11,-0.0003054667412871464,0.0,-0.0004805094652280611,4.081049373062912e-05,-0.0002800142808089948,-0.00010126823426617876,-0.00030546674128717407,-0.0007301867149216185
2025-02-12,-0.0003507416453846595,-0.0002723908147932575,-0.0010642971016391887,0.0003000936146506651,-0.0002603819058658121,-0.00017958012474704701,-0.0002603819058657114,-0.004194277737457231
2025-02-13,-2.7848343413346617e-05,0.0,0.0008710426682355586,0.0004456359756640063,-2.784834341341286e-05,0.00027046523719231625,8.558705777186072e-06,0.010726840056395646
2025-02-14,-2.275570502968933e-05,0.0,0.0,-0.00022150211655951645,-9.079544271433622e-05,0.0,-0.00010318305935758804,-9.236938242888543e-05
2025-02-18,-0.0005990656868280898,0.0,-0.0004595763152839546,-0.0006124968918395019,-0.0009375175690075748,0.0,-0.0005990656868280898,0.0025278820158542927
2025-02-19,0.00021930572744842185,0.0,-0.0006137425394820638,0.0001233265774618854,0.00046041979465544767,0.0,0.0004345561454719653,0.0004709942553297947
2025-02-20,-0.0010135952207645691,-0.0011595215908908238,-0.0007599108186852324,-0.0005885854344367695,-0.0010135952207645752,-0.0003457102954843886,-0.0010135952207645407,-0.006869799508095895
2025-02-21,0.0011621293448922218,0.0005738043924340198,4.224103400996701e-06,0.0004209217884085984,0.0011621293448922218,0.0011621293448922218,0.0011621293448922218,-0.020478857544534414
2025-02-24,0.0023910760836454285,0.002474983917465429,0.0021528709828138636,0.002291697585634507,0.0025000886828283908,0.0010172475506430093,0.002391076083645373,-0.005205410920526994
2025-02-25,0.0006928749647009878,0.0005389027503229534,0.0005172685232627037,9.04092779237262e-05,0.0006155153814043661,0.0,0.0006928749647009878,-0.003967246092500509
2025-02-26,0.0,0.0,-0.00031136857804178443,0.0,-0.0008002965725140567,0.0,-0.0001783124897041756,-0.0002546348293111114
2025-02-27,0.001789792106163287,0.001690647226572662,0.0056091575813645945,0.0015140284503332652,0.0018164753652687186,0.0017897921061634375,0.0018164753652687186,-0.015106081504440497
2025-02-28,0.002421914974957094,0.0,0.0,0.003535998767217107,0.004606702608848092,0.0,0.004606702608848092,0.014019329564716526
2025-03-03,-0.004418497980212594,0.0,0.004190847349342887,-0.005847282771462147,-0.004418497980212594,-0.004418497980212616,-0.004418497980212616,-0.01942103756236536
2025-03-04,-0.0059362392767459415,0.0020337359984228132,-0.004135982184417859,0.0,-0.00824544785911515,0.0,-0.007946491588924472,-0.010923777694180035
2025-03-05,-0.0013032644115983424,0.0,-9.703835913105229e-05,-0.0006959769648813092,-0.0013036448931042382,0.0,-0.0013036448931042107,0.011265930510006525
2025-03-06,0.0,0.0,-0.000381170732109251,-0.0003811707321092733,0.00013138427536356963,0.0,7.933585857692766e-05,-0.01721598485640126
2025-03-07,-7.254191745048198e-05,0.0,0.0,0.0,-0.0004246097033581224,0.0,-0.00012387884550375713,0.005294460411987277
2025-03-10,-0.0010425285500443718,0.0,-0.0060329292085909165,-0.001812233513442002,-0.0010425285500443773,0.0,-0.0010425285500444427,-0.026879238891665623
2025-03-11,0.0,0.0,0.0,0.0,-0.00043559083652477623,0.0,0.0,-0.006290591991436003
2025-03-12,0.0,0.0,0.0,0.0,0.0005435326574143878,0.0,0.0,0.003763976230705562
2025-03-13,0.0001584548805942847,0.0,0.002065955524719146,-0.0005083154887845409,0.00015845488059429967,0.0,0.00015845488059430037,-0.014493890937600592
2025-03-14,0.0009271970082694013,0.0,0.0014601648922132554,0.0010280467881423232,0.0012029556739197838,0.0,0.0012029556739197838,0.020824725427247157
2025-03-17,-0.003009421845513908,-0.0006443409665443236,-0.0034984050754496097,-0.003016511491472424,-0.003009421845513909,-0.0009204870950633356,-0.0030094218455138802,0.00877699386836141
2025-03-18,3.304796821303237e-05,3.664991071334868e-05,0.00040296410506542653,-0.00039132217894122235,0.00017484242171696742,0.0,0.0001456230832176645,-0.010181148978563252
2025-03-19,0.0003391341121985736,0.0,-0.002449149119265744,-0.0037432029905931736,0.00033913411219862967,0.0,0.00033913411219863867,0.011814925802876746
2025-03-20,0.0,0.0,0.0,0.0,0.0003345313409750726,0.0,0.0,-0.002930087380851883
2025-03-21,0.0,0.0,0.001305645748337722,0.0009392576751302036,0.002016302352264175,0.0,0.0013918240971492245,-0.00015895666092253334
2025-03-24,0.00020621426680830714,0.0,0.00024018965082344155,-0.0002067996062269297,0.0001383994034531738,0.0,0.00017342770528319145,0.018810295732931706
2025-03-25,0.0,0.0,0.0,0.0,-0.0003321949262535842,0.0,0.0,0.0009902231356403155
2025-03-26,-0.0023170823919550308,-0.0004901228042537149,-0.002899380023842303,-0.001057561587142069,-0.0023170823919549245,-0.002317082391954974,-0.0023170823919549744,-0.01056307356632593
2025-03-27,-0.001107089598250301,0.0,0.0,0.0,-0.0025997435741466094,0.0,-0.001914064674919935,-0.004011016363857979
2025-03-28,-0.0006931453394530721,-0.0004551389430674898,0.00011223647305211125,-0.0012602650172291326,-0.0006931453394530654,-0.0006931453394530385,-0.0006931453394530885,-0.020519719171275614
2025-03-31,0.0022231970650122197,0.0,0.003591981390447769,-0.0007905427656381481,0.0022231970650122197,0.0012316014914192214,0.0022231970650122197,0.003490682084005695
2025-04-01,0.0,0.0,0.0,0.0,0.0005550843399451204,0.0,0.0,0.0024839310057556572
2025-04-02,0.0026425810066851244,0.0010219913909124245,0.0062708141390980104,-5.869536320819324e-05,0.00264258100668518,0.002058089672086173,0.0026425810066851244,0.008493198539501803
2025-04-03,0.0023616753946251643,0.0,0.0012994044386357851,0.002362803711403263,0.0023616753946253044,0.0,0.0023616753946251643,-0.0503672887838348
2025-04-04,0.007513304816390803,0.0,0.0032133249247218495,0.009484691060304123,0.007550914975401471,0.007513304816390758,0.007513304816390758,-0.05523813328887563
2025-04-07,0.0039779482187942035,0.0,0.0021715941938153954,0.003219236917875819,0.0050787366553276215,0.0,0.005078736655327668,-0.0046842404991273455
2025-04-08,0.0008970243476383007,0.0,0.0066390293802948185,-0.012645109080868503,0.0008970243476383224,0.0,0.0008970243476383007,-0.016298460297619628
2025-04-09,0.0032108855741174408,0.0,0.021036425389979622,0.0018951460559681762,0.0032108855741174408,0.0032108855741174408,0.003210885574117419,0.09267365097098472
2025-04-10,0.0,0.0,0.0,0.0,-0.002166203559554075,0.0,0.0,-0.03472216406107701
2025-04-11,0.0,0.0,0.0,0.0,-0.0005652608226506034,0.0,-0.00048455322589471155,0.01640378496480266
2025-04-14,0.0,0.0,0.0,0.0,0.000839920393482263,0.0,0.0,0.009198089116656961
2025-04-15,0.0,0.0,0.0,0.0,0.00010930386849113096,0.0,0.0,-0.001382752970924999
2025-04-16,-0.009961635052172586,0.0,-0.006473749090009733,-0.006210590648725759,-0.009961635052172535,-0.007485206064635807,-0.009961635052172579,-0.019858953676142772
2025-04-17,0.0,0.0,0.0,0.0,2.300472558473395e-06,0.0,6.639110998936807e-05,-0.0015929280043628898
2025-04-21,-0.00630566508604615,-0.0008781828549329651,-0.009875155626035774,-0.0031597883533571076,-0.0063056650860461565,-0.0034671479394923427,-0.006305665086046101,-0.02344658203211592
2025-04-22,0.0022198526526090237,0.0,-0.00024430945888242393,0.0006529095055186004,0.0028586841707753936,0.0,0.00285868417077545,0.025991538531714993
2025-04-23,-0.0007292371061573921,0.00024234857892233212,0.00045461530944931015,-0.0009431770114859178,-0.0008413013453504592,0.0,-0.0008413013453503978,0.015491695834809959
2025-04-24,0.0019408983702002896,0.0,0.0007062005534590041,2.0978863455784806e-05,0.0019408983702002896,0.0,0.0019408983702002896,0.02005933581469367
2025-04-25,0.0003599908251160723,0.0,0.0002663928374261582,0.0003867322598422454,0.0007692155524096489,0.0,0.0003599908251160723,0.004716405378397441
2025-04-28,0.0,0.0,0.0,0.0,-9.26809000004814e-05,0.0,0.0,0.0018989718160535942
2025-04-29,-0.0013411259311684202,0.0,-0.0009489770644531193,-0.00023846301052309868,-0.0013411259311684643,0.0,-0.0013411259311684144,0.0063525066084868095
2025-04-30,0.0016798362140605612,-0.0074879941890692876,0.0017317143658771327,0.002782549420474233,0.003691852272224852,0.0,0.0016798362140605612,-0.0005690815657746924
2025-05-01,-0.0006523079218603262,0.0,0.0,-0.0006966632131112834,-0.001621092407464223,0.0,-0.0006523079218603696,0.0070354765861724835
2025-05-02,-0.0004708196884637289,0.0,-0.00015763384023447885,-0.00031541280713064926,-0.0010087683663248163,0.0,-0.0004708196884637072,0.01628782757481045
2025-05-05,0.0,0.0,-0.0024956051873154528,0.0,-0.0010076677416529785,0.0,0.0,-0.0048772189617081775
2025-05-06,-0.0014872018303814746,0.0,-0.0016197435478245848,-0.001838538010513991,-0.00199527743809832,0.0,-0.0014872018303814522,-0.009599654449438593
2025-05-07,-0.0007601948572006808,0.0,0.0,0.0,-0.0025891419411742814,0.0,-0.0017896037269085757,0.004729880769976037
2025-05-08,-0.001232562188077225,0.0,0.0,0.0,-0.00437317180939279,0.0,-0.002602090463081847,0.010226052285776456
2025-05-09,0.0,0.0,0.0,0.0,0.0002251203223353633,0.0,0.0,-0.0017805701833228107
2025-05-12,0.0,-0.0005358849609617062,-0.00020086086706945475,0.0,-0.0002124393025749819,0.0,-0.00014669797554895615,0.03380365816238162
2025-05-13,-0.0007883174243383176,-0.0001651233244623836,-0.0008634795574930799,-0.000858265450197332,-0.0008578118763324614,-0.0003852877570789768,-0.00078831742433829,0.00431405538165134
2025-05-14,0.0,0.0,0.0,-3.08207362558563e-05,0.00011499283479104941,0.0,0.0,-0.000851921630916038
2025-05-15,0.0008486521988905773,0.0,0.0006360780802230809,0.0008132369494377857,0.0012161648438781204,0.00025905251742671997,0.001115264777338333,0.0049892961337430625
2025-05-16,0.00010854829360316006,0.0,0.0002164958948516744,0.00026298951514516,0.0001138169104715512,0.0,0.00010854829360308164,0.0068689428036238925
2025-05-19,0.002219917937660061,0.001660995150688089,0.0010735686739029796,0.001700597375533972,0.0022199179376601293,0.002219917937660006,0.0022199179376600625,0.0005233114297359929
2025-05-20,-0.00037512690313333275,0.0,-0.0011797350553468474,0.0,-0.0009135420295078866,0.0,-0.0003888193500314578,-0.0023281110470052624
2025-05-21,-0.0015239974396383043,0.0,0.0010956600555804411,0.0019279796930671816,-0.0015239974396383043,-0.000959652338462649,-0.0015239974396383032,-0.019264421450656932
2025-05-22,-0.0019602690705472214,0.0,0.0,0.0,-0.0038686666887539954,0.0,-0.0038686666887539503,0.0005309487155239065
2025-05-23,-0.0011897315535590771,-0.00013676621010631242,-0.002682705798964705,-0.0027976065337667966,-0.0011897315535590995,-0.00015196245567365878,-0.0011897315535590832,-0.006277422224732713
2025-05-27,0.0010017549745105461,0.0,0.0009335254749032844,0.0007841642375554226,0.0010017549745105028,0.0,0.001001754974510688,0.02151865244708385
2025-05-28,0.0009490996580100332,0.00019756441186532855,0.0007049147261305478,0.0007746351263489892,0.001120845663141703,0.0,0.0006278885353961463,-0.006423792634928776
2025-05-29,-0.00123429045778664,-0.0004117644135018059,-0.0013383638542883477,-0.0006771641803814039,-0.0013348930195067027,-0.0004575160150020066,-0.0012342904577866015,0.0028796592454465525
2025-05-30,0.0,0.0007993505174312025,0.0,0.0,-0.0014892565073310244,0.0,-0.0013111368593072582,-0.0015744274457418367
2025-06-02,6.948296310590294e-05,-8.70539007384914e-05,0.0004345184378930499,0.00046475444001488645,0.00018495134188861604,0.0,0.00017861151795249807,0.0046708422805857314
2025-06-03,-0.00010593704747332894,0.0,-0.0006092825119948678,0.000371526345657304,-0.00010593704747332356,6.2291317732568e-05,-0.00010593704747338567,0.0083799070034923
2025-06-04,0.0,0.0,0.0,0.0,9.664312409056355e-05,0.0,0.0,-0.0008741994578029603
2025-06-05,-0.0008475230274255384,-0.0013051693098161908,0.001982384675426308,0.0009462292766929299,-0.001091253083389263,-0.0008475230274255107,-0.0008475230274255607,-0.003582609342714365
2025-06-06,0.0,0.0,0.0,0.0,-6.536089797221202e-05,0.0,0.0,0.011385982644072503
2025-06-09,0.0,0.0,0.0,0.0,-0.0003284345733398384,0.0,0.0,0.0020502581909225956
2025-06-10,9.718943036557635e-05,0.0,0.0003497621322215193,0.0004938599318985221,0.00019066252578450136,0.0,9.718943036557635e-05,0.005218834441613028
2025-06-11,-0.0009041135617339473,0.0,-0.0004138598289197588,-0.0006197057224021604,-0.00113148848648222,-0.0004946548717622556,-0.0011314884864822427,-0.00244797960379333
2025-06-12,0.00012714678266386405,0.0,0.00011222180184215059,0.0,0.00025060004230501753,0.0,0.00021688115094608266,0.0013309648546084873
2025-06-13,-0.001120922793404116,-0.0003036835545961482,-0.00022090206746688633,-0.0011397844850027801,-0.0012093736523402822,-0.00043383364942303245,-0.0011209227934041444,-0.014926347320185464
2025-06-16,5.3961893713723124e-05,0.00021994292330737269,4.723278497645498e-05,6.78280503115671e-05,0.0001784827596447565,0.0,5.3961893713723124e-05,0.010594619626161289
2025-06-17,0.00013910768352437186,-0.0002842208646127338,0.00021081866592767787,0.00016954897743427176,0.0003696940953192993,0.0,0.0001391076835244272,-0.008977927846764901
2025-06-18,0.0,0.0,0.0,-0.00028528694540136916,-0.0003090010353998656,0.0,-0.00018257118163496718,0.000882705507626961
2025-06-20,-0.0007087631791605614,0.0,-0.0009498306711957524,-0.0005994270255564427,-0.0010315608546430225,0.0,-0.0010315608546429436,-0.0018946181333653854
2025-06-23,0.0015294378312822965,0.0,0.0025662855252769064,0.0016277753153608853,0.0015294378312822846,0.0006641604587258051,0.0015294378312822859,0.010337082111263567
2025-06-24,-0.0008316875188551103,0.0,-0.00015739201308743634,-0.001235519088367994,-0.0009539194554719152,0.0,-0.0009539194554719374,0.01256522433113009
2025-06-25,0.0006178879035667327,0.0004943103228533906,-6.322005555746646e-05,0.0003912095148584771,0.00040875051343001887,0.0006178879035667977,0.0006178879035667977,-0.0022946053268485815
2025-06-26,0.000669114153897736,0.0,0.001265702245356762,0.0007722270441914389,0.0006691141538976559,0.0006030454190732616,0.0006691141538977111,0.010377616993192403
2025-06-27,-0.0002174832636985558,0.0013583493645188739,-0.003937611015258728,0.0005427324137191956,-0.000780577694590915,0.0,-0.00021748326369853423,0.0049456853888563
2025-06-30,0.0,0.0,0.0,0.0,6.9634841667935e-05,0.0,0.0,0.004738141069826055
2025-07-01,-0.0012005451843610736,-0.0003384526607596218,-0.0012742157738838606,-0.0003965918517213994,-0.0010240546655214985,-0.0009580264543961503,-0.0010240546655215486,0.0029780736248918986
2025-07-02,0.0006988249079606429,0.0,0.0007238494245741307,0.0007425980701300318,0.0006854662593012935,0.0,0.0006988249079605982,0.005682852364922301
2025-07-03,-0.0001937473527747012,-0.00017507624233476584,-0.00019374735277472954,-0.00019374735277472884,-0.00016570643008269345,-0.00020063340885220413,-0.00016570643008270914,0.0085381157558522
2025-07-07,-0.002216853172476199,0.0,-0.0007765632189008542,-0.001724461304561072,-0.0022168531724761713,-0.0019427357511578457,-0.0022168531724761774,-0.009420044586286895
2025-07-08,0.0,0.0,0.0,0.0,-4.026698848337617e-05,0.0,0.0,0.0002617379305610155
2025-07-09,0.0,0.00011877042137560187,0.0,0.0,0.00022040844740703688,0.0,0.0,0.006947471244992152
2025-07-10,-0.0010175932976555027,8.976216339944584e-05,-0.0009390229735215016,-0.0014388351970360009,-0.0009776990028112819,0.0,-0.001017593297655531,0.0028726723508917936
2025-07-11,-0.0005630646677575933,0.0,-0.0004367772964990755,-0.00010535357167339277,-0.0002671740599913056,0.0,-0.00019749756170012262,-0.006303946690259837
2025-07-14,0.00021948296046286995,0.0,4.8390981954013736e-05,0.00025514048790064377,0.00021948296046286995,0.0,0.00021948296046294893,0.0034060994055571826
2025-07-15,0.002051163383699097,0.0016853349795556167,0.0018984139990571485,0.0023547180918431177,0.0020511633836990417,0.0017305841864325242,0.0020511633836989554,-0.00797620192428283
2025-07-16,0.0,-4.877596480594663e-05,0.0,0.0,-1.883926626032465e-05,0.0,0.0,0.004736894078406916
2025-07-17,-7.955287589477385e-05,0.0,-0.00010653153066561643,-5.6119313506674e-05,-7.955287589472925e-05,0.0,-7.955287589477385e-05,0.008002386127688629
2025-07-18,-0.00032713927037072174,-0.00012108199856840718,-0.0009318957496400338,-0.0007308138904263504,-0.00032713927037071567,9.580826103401483e-05,-0.00032713927037071567,-0.0029573961188082785
2025-07-21,0.00011934142448210682,-0.0005736807600653629,-0.0010766695462184192,-0.00019505048574329335,1.9627725613689855e-05,0.0,0.00011934142448206351,0.0009309008686253623
2025-07-22,-0.00019316251172285965,0.00025629122086844367,3.065849422950452e-05,-0.0005127594732433256,-0.00021290716375030105,-0.00020255283093207932,-0.00019316251172283796,0.001649769758580673
2025-07-23,0.0009292076789726052,-0.0005365099473500121,0.0006178151659148715,0.0006039407148970269,0.0010075878343595252,0.0003364474212303119,0.0009292076789725618,0.010035419496414302
2025-07-24,0.00047738971228279854,0.0,0.0004675104673936015,0.00026169060784201237,3.386677493800793e-05,0.0,0.00047738971228279854,-0.004342588554196522
2025-07-25,-0.00041388602709216437,3.6588772044759384e-05,-0.00031850622076764806,-0.0004178091583908121,-0.0004138860270921651,0.0,-0.0004138860270921428,0.003690251038262253
2025-07-28,-0.0006296357883090999,-2.76512339287233e-05,-0.0005717658843181228,-0.00047487724840641356,-0.0009139198085782118,0.0,-0.0008487246708470892,-1.0965029614351208e-05
2025-07-29,-0.00017418066106686145,0.00019401798588523732,0.00041738653144721784,-0.0009933127289397012,-0.00017418066106686796,-0.0001741806610668927,-0.0001741806610668927,-0.00369600531533464
2025-07-30,-0.00399956975800729,0.0,-0.0017493656179540806,-0.004218153496211831,-0.003999569758007218,-0.0033963342752543133,-0.0039995697580072695,-0.002183806263449864
2025-07-31,0.0010804643603964062,0.0,0.0014663088324775868,0.0018533059171518505,0.001145665716790575,0.0005219872526111675,0.0010804643603964062,-0.0065947419042297105
2025-08-01,-7.073987893574567e-05,0.00017910578965699633,-0.0002817833216979114,4.276942666275254e-06,5.8736547728974496e-05,0.0,-5.252550946223061e-05,-0.01688923309776061
2025-08-04,0.0006750214468722701,0.0003302705830663832,0.001385686379125214,0.0008233861516030853,0.0006750214468723269,0.0,0.0006750214468722823,0.016992992622302222
2025-08-05,0.0005052632969465324,0.0,0.00021988602703336765,0.00014096949662971358,0.0005093866607832776,0.00027066696158360997,0.0005052632969464494,-0.0021481182439855463
2025-08-06,-0.00025665921878943244,0.0,4.6091633801983745e-05,-0.00016685346314147944,-0.00027638843954930507,-0.0002566592187894601,-0.00025665921878943244,0.005129504167750234
2025-08-07,-0.0033868977217064505,-0.0006594281643680843,-0.0028548857694772186,-0.0016822472731524306,-0.003386897721706422,-0.003386897721706501,-0.0033868977217065286,-0.0015194571756982603
2025-08-08,-3.345053224485415e-05,0.0,-6.464504852135645e-05,0.00016533699202387174,-0.00011341367182374976,0.0,-3.345053224485415e-05,0.006070682951797765
2025-08-11,5.589289829650293e-05,0.0,-0.00011480261951821252,-3.170771220478029e-06,0.00010417882941240138,0.0,5.589289829650293e-05,-0.002519594184509601
2025-08-12,0.0006134414746672084,0.0,0.001407954495396604,0.0005034695590552742,0.0006134414746672084,0.0004739889546876655,0.0006134414746672084,0.0151355709532162
2025-08-13,0.0002573021343992415,0.00012545536992540109,0.0010107132715966168,-0.0002418093682269845,0.00019938137282847208,0.0003428332174624293,0.0002573021343992626,0.008423940687601713
2025-08-14,-0.00014827609429247365,-5.0223817128117845e-05,6.383452654916943e-05,-0.0003967300302354286,-0.00021973196244216375,0.0,-0.00019012927523252496,-0.0031974193953068714
2025-08-15,0.00019604928496116418,0.00019957176524309193,0.0006472941626912478,0.0005139680484534987,0.00019604928496115022,0.0,0.00019604928496110073,-0.002261570469792669
2025-08-18,0.0,0.0,-0.00012915329190539766,0.0,-4.422522814164207e-05,0.0,-2.5875985447995404e-05,0.0003925239521208503
2025-08-19,-0.00047431667409269395,-9.613857625065636e-05,-0.0008664664127302178,-0.000312899025265432,-0.0006735526308223572,-0.00047431667409271564,-0.000673552630822341,-0.006077377426412014
2025-08-20,-5.1170452215304706e-05,-0.00013211651251078606,-0.0017254801053616107,0.0,-8.751213944016892e-05,0.0,-5.117045221528241e-05,-0.002785217010023517
2025-08-21,3.618083391608767e-05,0.0,-0.00016900653057457576,0.00019511744534234844,5.241296775623737e-05,0.0,3.618083391608767e-05,-0.0024033656381314793
2025-08-22,0.00022548976914846117,0.0,-0.00018835403380638212,0.00043989272667838283,0.00022548976914846117,0.00022548976914848345,0.00022548976914849419,0.021575380105718966
2025-08-25,0.00013512963230084005,0.0,0.00021883304097301094,0.00014848966611591362,0.0001576880322487699,0.0,0.00013512963230084005,-0.006258501331263743
2025-08-26,0.0003632602127273245,0.0,0.0003668989427181291,0.00043134441857739893,0.0003632602127274096,0.0,0.0003632602127273798,0.004680314644635093
2025-08-27,-0.00013860913262092475,-4.452605635383638e-05,-0.0006298459821353282,-0.0007038687533145807,-4.7703633340626926e-05,6.055959720345413e-05,-4.770363334067027e-05,0.0034894407064711285
2025-08-28,-0.0002815665882880803,-0.00013375075229603322,-0.00031540348436980914,-0.000448522917147634,-0.00027870014917491,0.0,-0.0002815665882880803,0.003110936120185996
2025-08-29,-0.0010788577792059182,-0.00032963598516016346,-0.0010432306520076467,-0.0006735849347612843,-0.001096413311163626,-0.0010788577792059837,-0.0010788577792059675,-0.00562806994689675
2025-09-02,0.0005592521618747359,0.0005592521618747805,0.0010957860999234416,0.0008004323420242694,0.0010606255281891935,0.0,0.0008396656704705685,-0.006634263708654184
2025-09-03,-0.0005109332934631381,0.00040805860736634964,0.0,0.0,-0.0013303643287339646,0.0,0.0,0.0027618956846102755
2025-09-04,0.0012743391508004663,0.0,0.0016170703596895307,0.0007809104859050755,0.001274339150800446,6.486983919369378e-05,0.0012743391508004012,0.009377366784383428
2025-09-05,-7.44138564787411e-05,0.00012454785779737328,-0.0009234880065312097,-0.0006692508758629049,-9.337417180800155e-05,-0.00018407227529583525,-7.441385647871879e-05,-0.0006235732710141923
2025-09-08,0.0,-0.00031357070723249435,0.0,0.0,-0.0004092790663671425,0.0,0.0,0.002941247202706696
2025-09-09,-0.00012132024805517011,0.0,-1.1033561149205476e-05,-0.00029940173329425196,-8.519810801176021e-05,0.0,-0.00012132024805521345,0.0011253340163326886
2025-09-10,-0.00238275614971541,-0.0003826202378051896,-0.00018405167194090918,-0.0007912102628084641,-0.0023827561497153813,-0.0017729316544480072,-0.00238275614971541,-0.0008061650972775563
2025-09-11,0.0001202147130185641,0.00022137774056256982,0.0008912340016364478,-4.888912292398784e-05,3.164978367434453e-05,0.00022137774056256982,0.00012021471301861943,0.011316963584761041
2025-09-12,0.0004725994963915586,0.0,-0.00040095899618909327,0.0003781732682599184,0.00040125776268421366,0.0,0.00047259949639152416,-0.0028988344415623504
2025-09-15,0.0003233831101064183,0.0002910447990957876,0.00034619799145785507,0.0002929705186456313,0.0003352049371456561,0.0,0.0003233831101064183,0.004772662824424439
2025-09-16,-5.4043442030280425e-05,-8.26715220328217e-05,0.0,8.119096459970489e-06,-8.79611824375772e-05,0.0,-5.404344203036413e-05,-0.0017291094651990407
2025-09-17,-0.0007771812005485886,-0.0006454142295042779,-0.0014572093949111644,-6.407280597069836e-05,-0.0008780079984350536,0.0,-0.0007771812005485602,0.0013422705998725197
2025-09-18,0.0,0.0,0.0,0.0,0.000109053449906388,0.0,0.00015236823358691593,0.009542033461033226
2025-09-19,0.0,0.0,0.0,0.0,8.478849903232938e-05,0.0,0.00014108316571620564,0.002177630857849374
2025-09-22,-0.0006460932695756545,0.0,-0.0003397096505269706,-0.0004506798946367824,-0.0006460932695756321,-0.00038285552342355806,-0.0006460932695755888,0.004328586371970597
2025-09-23,-0.000996801306905082,8.265672278972381e-05,-0.0014587767838557188,-0.0002633061246889112,-0.0009968013069051312,-0.0006663314703506489,-0.0009968013069051088,-0.003857659707860365
2025-09-24,-5.7718726237734506e-05,0.0,0.0005573932812926481,-0.0003629363790871807,-5.7718726237721116e-05,0.0,-5.771872623780555e-05,-0.004888531353005279
2025-09-25,0.0,-0.0005068036409702516,0.0,0.0,-7.738920814858656e-05,0.0,0.0,-0.005303672410183839
2025-09-26,6.761099355708412e-05,-2.9855832065585857e-05,-1.0053772446820134e-05,8.94069902208207e-05,2.82300912917093e-06,0.0,6.761099355704078e-05,0.00618992140249952
2025-09-29,-0.0003314889917099537,-0.00023021967504799595,-2.909935933942505e-05,7.675380654031865e-06,-0.0008068522589504639,0.0,-0.0003314889917099537,0.00247043321027118
2025-09-30,0.0002088362491166475,0.0,0.0,0.0002917404296174829,0.00016569820943915093,0.0,0.0002088362491166475,0.0023800054025534642
