,headline,lb63,lb126,modwt6,modwt7,long_only,monthly,benchmark
2016-01-05,,,,,,,,0.000896156432844936
2016-01-06,,,,,,,,-0.0029210293808620896
2016-01-07,,,,,,,,-0.007564657217793706
2016-01-08,,,,,,,,-0.004263012866312922
2016-01-11,,,,,,,,-0.004082411475039181
2016-01-12,,,,,,,,0.002006101430483989
2016-01-13,,,,,,,,-0.005122373957805316
2016-01-14,,,,,,,,0.001512875742572587
2016-01-15,,,,,,,,-0.008654207802129247
2016-01-19,,,,,,,,-0.0010335217716185203
2016-01-20,,,,,,,,-0.0030709938318223594
2016-01-21,,,,,,,,0.002176648984379273
2016-01-22,,,,,,,,0.012519108230070882
2016-01-25,,,,,,,,-0.006721521741330986
2016-01-26,,,,,,,,0.009226115821500742
2016-01-27,,,,,,,,-0.0026396426461045243
2016-01-28,,,,,,,,0.0023894989060608465
2016-01-29,,,,,,,,0.010849662624656664
2016-02-01,,,,,,,,-0.004520289410427826
2016-02-02,,,,,,,,-0.006331593819958617
2016-02-03,,,,,,,,0.004411273294671886
2016-02-04,,,,,,,,0.0007502285379384738
2016-02-05,,,,,,,,-0.005101338051932055
2016-02-08,,,,,,,,-0.003173175853982477
2016-02-09,,,,,,,,-0.006772741414311214
2016-02-10,,,,,,,,0.001033152364248655
2016-02-11,,,,,,,,0.0015078913145575963
2016-02-12,,,,,,,,0.005497507505006335
2016-02-16,,,,,,,,0.001646292007402665
2016-02-17,,,,,,,,0.007590756770787858
2016-02-18,,,,,,,,0.00287816456663844
2016-02-19,,,,,,,,-0.0011964736942090735
2016-02-22,,,,,,,,0.006170107234579164
2016-02-23,,,,,,,,-0.0038424034065834656
2016-02-24,,,,,,,,0.0022302680697027255
2016-02-25,,,,,,,,0.005153282941426349
2016-02-26,,,,,,,,-0.0018795448992380039
2016-02-29,,,,,,,,0.0033675055788632826
2016-03-01,,,,,,,,0.006780615564358359
2016-03-02,,,,,,,,0.002544211660266358
2016-03-03,,,,,,,,0.004065869136445799
2016-03-04,,,,,,,,0.0034351602005440168
2016-03-07,,,,,,,,0.0025402242569720016
2016-03-08,,,,,,,,-0.00486633314836702
2016-03-09,,,,,,,,0.0018600024772318158
2016-03-10,,,,,,,,6.813147923006473e-05
2016-03-11,,,,,,,,0.005596907255200449
2016-03-14,,,,,,,,-0.002099402578916478
2016-03-15,,,,,,,,-0.003727129784097043
2016-03-16,,,,,,,,0.007877104848443605
2016-03-17,,,,,,,,0.004985451523898626
2016-03-18,,,,,,,,0.0009932010758420449
2016-03-21,,,,,,,,-0.0010271069906302337
2016-03-22,,,,,,,,0.00013245819958843338
2016-03-23,,,,,,,,-0.00589127666570509
2016-03-24,,,,,,,,-0.0016255566837983216
2016-03-28,,,,,,,,0.0007301695754437439
2016-03-29,,,,,,,,0.00656571574143511
2016-03-30,,,,,,,,-0.0012837593379628792
2016-03-31,,,,,,,,0.0014005560054266165
2016-04-01,,,,,,,,-0.002356537480550107
2016-04-04,,,,,,,,-0.00355211042907646
2016-04-05,,,,,,,,-0.0010898474039545112
2016-04-06,,,,,,,,0.004549803023172048
2016-04-07,,,,,,,,-0.0016553348056133426
2016-04-08,,0.0,,0.0,,,,0.004382073266890828
2016-04-11,,-2.250090054278786e-06,,0.0003116644530141,,,,0.00281023278789604
2016-04-12,,0.0053388668883365,,0.0021868323178195,,,,0.005004587825797899
2016-04-13,,0.0036716396413065,,0.0024574451398142,,,,0.005188963235625065
2016-04-14,,-0.0029371589314616,,-0.0032341160675359,,,,-0.002320889249089639
2016-04-15,,0.0016045483852444,,0.0028741513756926,,,,0.000597242343781824
2016-04-18,,0.0024640217192899,,0.004313346003381,,,,0.0016026478288719663
2016-04-19,,0.0067764729635526,,0.0067639948897901,,,,0.0056499762338287785
2016-04-20,,-0.0014170090932221,,-0.0014144173689234,,,,-1.0262346950173267e-05
2016-04-21,,-0.0033150679980875,,-0.0033089961162304,,,,-0.002831327085234557
2016-04-22,,-0.0016567462235086,,-0.0016537016509919,,,,-0.0004934321339624174
2016-04-25,,-0.0013822643576502,,-0.001380855180332,,,,-0.0023144252077176306
2016-04-26,,0.0029247594491474,,0.0029247553219438,,,,0.002336929982601076
2016-04-27,,0.0043781852062332,,0.0043781790460797,,,,0.00420124708090983
2016-04-28,,0.0007953034774412,,0.0007953023633187,,,,-0.0005346676059249909
2016-04-29,,0.0013154636931569,,0.0013154618518178,,,,6.692553444804893e-05
2016-05-02,,-3.4052034815212906e-06,,-3.4051712427540792e-06,,,,-0.0015171989875181833
2016-05-03,,-0.0049920200740881,,-0.0049920200739272,,,,-0.0038442216280467805
2016-05-04,,-0.0022031845238528,,-0.0022031845237815,,,,-0.0015543212502470481
2016-05-05,,-0.000155305922013,,-0.0001553059220078,,,,0.001205992398537362
2016-05-06,,0.0019419935991329,,0.0019419935990698,,,,0.0018241989965279478
2016-05-09,,-0.0036977508104824,,-0.0036977508103998,,,,-0.003501184569433087
2016-05-10,,0.0074598703288419,,0.0074598703288413,,,,0.007030194183085853
2016-05-11,,9.940841700029068e-05,,9.940841700006864e-05,,,,0.00022409710757710416
2016-05-12,,-0.002270429404008,,-0.0022704294040077,,,,-0.0012423101578585348
2016-05-13,,-0.0028106364617818,,-0.0028106364617814,,,,-0.0011854820353768033
2016-05-16,,0.0048528237928817,,0.0057091973831666,,,,0.0037984856559751313
2016-05-17,,-0.0035517915015091,,-0.0034644637807637,,,,-0.002172279506980233
2016-05-18,,-0.0069345280384964,,-0.0031002702560077,,,,-0.005353858935082865
2016-05-19,,-0.0033445407978862,,-0.0042081035777845,,,,-0.0023690323309467397
2016-05-20,,0.0043447579792808,,0.0041099627835607,,,,0.003187544363799956
2016-05-23,,-0.0007684283888197,,-0.0013103829816669,,,,-0.0010603745698094308
2016-05-24,,0.0044531545248736,,0.0051668219846847,,,,0.00347453814696147
2016-05-25,,0.0039510512096219,,0.0045889497679179,,,,0.0025968202857511013
2016-05-26,,0.0008163990008243,,-8.875849359823995e-06,,,,0.0007733618224661302
2016-05-27,,0.0004498759594575,,0.0006904020550826,,,,0.0010344088998465427
2016-05-31,,-0.0025594240343502,,-3.380899972416085e-05,,,,-0.0002536987091689267
2016-06-01,,0.0015209224041932,,0.0021644010740489,,,,0.0005872512218453237
2016-06-02,,0.0010383430681377,,0.0022749437213309,,,,0.00243198918160177
2016-06-03,,0.0004189141198538,,0.0028389121521572,,,,0.004602485505161222
2016-06-06,,0.0031068817385,,0.0025508192515673,,,,0.0020919178321314154
2016-06-07,,0.0031265245539247,,0.0031282586735179,,,,0.0024439443337340634
2016-06-08,,0.0051227603502264,,0.0051255928166868,,,,0.005715798045816875
2016-06-09,,-0.002074115310524,,-0.0020752562780995,,,,7.419737670732974e-06
2016-06-10,,-0.0076161971021991,,-0.0076203954729617,,,,-0.004189893547787824
2016-06-13,,-0.0035805286952966,,-0.0037570243051195,,,,-0.002862375211597551
2016-06-14,,-0.0015036706086636,,-0.0031657809820638,,,,-0.0015142981149442142
2016-06-15,,0.0015004766655961,,0.0021648990894631,,,,0.001555082252997806
2016-06-16,,-0.0017405505835282,,-0.0015323757632889,,,,-0.0018312980709123171
2016-06-17,,0.001413521895448,,0.0024993311149601,,,,0.001963155025871668
2016-06-20,,0.0021810485506177,,0.0055283283276672,,,,0.002276863577346073
2016-06-21,,-0.0033880776967821,,-0.0033767992040356,,,,-0.0006531945750347825
2016-06-22,,-0.0001180472200728,,-0.0001176529239791,,,,-0.0008748087656039926
2016-06-23,,-0.0006498275855072,,-0.0006476568048018,,,,0.004225931461494279
2016-06-24,,0.0059212034011579,,0.0059014105137507,,,,-0.005232548981732111
2016-06-27,,0.0002048376556615,,0.0002004482325952,,,,-0.0021124536422906905
2016-06-28,,0.0036759273375424,,0.0036759434695092,,,,0.008362641940956992
2016-06-29,,0.0040498638352277,,0.0040498815431375,,,,0.007747791889191909
2016-06-30,,0.0028232540249937,,0.002823266319796,,,,0.006151593016209011
2016-07-01,,0.0061579183693669,,0.006157945110581,,,,0.006054482532335422
2016-07-05,,-2.825941690853817e-05,,-2.825297727437892e-05,,,,-0.002269684997477874
2016-07-06,,0.001617517620251,,0.0016175176098343,,,,0.0021415238904203193
2016-07-07,,-0.004882854566848,,-0.004882854535454,,,,-0.003760883983301164
2016-07-08,,0.0084754876891166,0.0,0.0084754876343569,0.0,,,0.00935698934521085
2016-07-11,,-1.344510233514118e-05,-0.0013546174156353,0.0001098713378455,-0.0014708886507274,,,0.00035267967328781304
2016-07-12,,0.0002428029925081,0.0015432455066286,0.0013472226039883,0.0004372272147958,,,0.0009912256157860672
2016-07-13,,0.0003007985481735,0.0006301834229442,0.0002423790224537,0.0006891490762372,,,0.00022885062089680075
2016-07-14,,-0.0015310957797055,-0.0004850757725994,-0.0008715591216839,-0.00114473477955,,,-0.0007214869943136001
2016-07-15,,-0.0015882602466534,-0.0026903487371917,-0.0020113316814889,-0.0022682948484915,,,-0.002036683252154317
2016-07-18,,0.0008744880111657,0.0008853395791197,0.0008723390031493,0.0008728225399154,,,0.0010014558248380395
2016-07-19,,-0.0001325171632389,-0.0018604215266616,-0.0001325174477712,-0.0018604447933232,,,-0.0005737180774295866
2016-07-20,,-0.0013944569247504,-0.0007627081505272,-0.0013944599192344,-0.0007627177068286,,,-0.0007990405007083067
2016-07-21,,0.0007816491431356,0.0007485139928677,0.0007816508240081,0.0007485233784831,,,0.0005867388373761663
2016-07-22,,0.0014053532833211,0.0005826589246136,0.001405356303058,0.0005826662251078,,,0.0013184221684644345
2016-07-25,,-0.0032004279686588,-0.0033223749228668,-0.0032004316346803,-0.0033223990904286,,,-0.0034898241963925323
2016-07-26,,0.0001132367444853,0.0004128586000127,0.0001132367449017,0.0004128586100238,,,0.00012106194486203572
2016-07-27,,0.0040030515158371,0.0039935672023634,0.004003051530558,0.00399356729916,,,0.0032320899073641674
2016-07-28,,0.0002074405128666,-0.0009419423655826,0.0002074405136265,-0.0009419423883227,,,-0.001432797836857222
2016-07-29,,0.0025651499867427,0.0065842840823413,0.0025651499961361,0.0065842842414471,,,0.003245623616719977
2016-08-01,,-0.0013286615762346,-0.0050784753173249,-0.0013286615840092,-0.0050784754043523,,,-0.004630249052164615
2016-08-02,,-0.0046561388213066,-0.0039175458561891,-0.0046561388213428,-0.0039175458565318,,,-0.004692699235629988
2016-08-03,,-0.0009498572165109,0.0018019350766385,-0.0009498572165184,0.0018019350767968,,,0.0028535091995020283
2016-08-04,,0.0018718884175954,0.0028634406872529,0.0018718884176101,0.0028634406875041,,,0.0034084095302526693
2016-08-05,,-0.0009791571651009,-0.0014180531234299,-0.0009791571651087,-0.001418053123554,,,-0.0007986416711569564
2016-08-08,,-0.0001589681266016,0.0016610933053626,-0.0001589681266068,0.0016610933054155,,,0.0019704465688886704
2016-08-09,,0.0033775136677149,0.0037241589334453,0.0033775136677149,0.0037241589334449,,,0.003128046343831218
2016-08-10,,0.000691989919465,-3.688354575348552e-05,0.000691989919465,-3.688354575326347e-05,,,-0.00082628890580014
2016-08-11,,-0.0012732964685495,0.0007407848089797,-0.0012732964685496,0.0007407848089795,,,0.0013387927192217322
2016-08-12,,0.0001955078749857,0.0022595528573785,0.0001955078749857,0.0022595528573785,,,0.0016918209409512936
2016-08-15,,0.0012108885151349,0.0029297607201634,0.0012108885151349,0.0029297607201637,,,0.002081169367369494
2016-08-16,,-0.0037945141032407,-0.0012475142276699,-0.0037945141032407,-0.0012475142276701,,,-0.002627306087894435
2016-08-17,,0.0009170085856424,0.0012552258441105,0.0009170085856426,0.0012552258441105,,,0.0012522768660554197
2016-08-18,,0.001567078433706,0.0045822542717122,0.001567078433706,0.0045822542717124,,,0.0027827130446582632
2016-08-19,,-0.0036776039362683,-0.0042269501537848,-0.0036776039362683,-0.0042269501537847,,,-0.003332556207633449
2016-08-22,,0.0004764277459654,-0.0017157591790079,0.0004764277459652,-0.0017157591790086,,,-0.0012455446873337879
2016-08-23,,0.0011168705235904,0.0017645111631148,0.0011168705235904,0.0017645111631148,,,0.001558470845771554
2016-08-24,,-0.0037505185278989,-0.0051474759316755,-0.003750518527899,-0.0051474759316755,,,-0.003774072992164344
2016-08-25,,-0.0001889709535353,0.0004319593915862,-0.0001889709535352,0.0004319593915862,,,-0.00011736478211143441
2016-08-26,,-0.003619962600142,-0.0036284039847903,-0.0036199626001419,-0.0036284039847902,,,-0.001550570182866039
2016-08-29,,0.004901591855261,0.0044488783700551,0.0043983694437856,0.0044488783700549,,,0.004199604973451157
2016-08-30,,-0.0026632047054423,-0.0032913618134513,-0.001739332707511,-0.0032913618134512,,,-0.0019417935715186525
2016-08-31,,-0.0016988644355233,-0.0036248915473537,-0.0016981425427392,-0.0036248915473536,,,-0.0034256479974301792
2016-09-01,,0.00231202110529,0.0008139174785539,0.0014754815795265,0.0008139174785539,,,0.00012205640880059683
2016-09-02,,0.0040826059619321,0.0049433524342887,0.0045477905280226,0.0049433524342887,,,0.004803651519084987
2016-09-06,,0.004728940634985,0.0080671669524843,0.004317105570551,0.0080671669524838,,,0.005263095409730098
2016-09-07,,-0.0009961593057769,0.0004549258545285,-0.0009965677956149,0.0004549258545285,,,0.0002966686600641015
2016-09-08,,-0.0068137827092551,-0.0028413624729554,-0.0068165795887851,-0.0028413624729554,,,-0.002170231057199563
2016-09-09,,-0.0136651478930911,-0.0177211927621526,-0.0136707955766581,-0.0177211927621528,,,-0.013925254615665626
2016-09-12,,0.0044864923159604,0.0055451069960616,0.0048791123138662,0.0055451069960614,,,0.003598668625662431
2016-09-13,,-0.00731076689726,-0.0116355557349682,-0.008000006386165,-0.0116355557349682,,,-0.00907052671480497
2016-09-14,,0.0018293984342545,0.0005360958317459,0.0022800686342998,0.0005360958317457,,,-0.00017693444539019313
2016-09-15,,0.0035346560516429,0.0044359578959627,0.0035790491468452,0.0044359578959629,,,0.003374414179315343
2016-09-16,,-4.681906644210532e-05,-0.0021822793763651,0.0001545598271208,-0.0021822793763652,,,-0.00013348553727490772
2016-09-19,,0.0022467197406339,0.0023169754806928,0.0020435054266221,0.0023169754806928,,,0.0011757259245792177
2016-09-20,,-0.0003898295836416,0.0008923062378267,-0.0003899086410389,0.0008923062378265,,,0.0014208126687044105
2016-09-21,,0.0055162675932378,0.0083537544700853,0.0055173867280668,0.0083537544700855,,,0.009400461135355838
2016-09-22,,0.0029336501710721,0.0053206856805385,0.0029342420812747,0.0053206856805385,,,0.00516753240837643
2016-09-23,,-0.0006442861764234,-0.0022359843437228,-0.000644415791003,-0.0022359843437229,,,-0.0036008270654482692
2016-09-26,,-0.0052464180622725,-0.0029863447905107,-0.0048862557078509,-0.0029863447905108,,,-0.0016874707404718433
2016-09-27,,0.0029137025946901,0.0006778797167474,0.0034902999570731,0.0006778797167477,,,0.0007951295507211485
2016-09-28,,0.0001369220430615,0.0052399098853599,5.4135590084714025e-05,0.0052399098853599,,,0.004718791247251369
2016-09-29,,-0.0060310080338185,-0.0041854720239495,-0.0056362193058582,-0.0041854720239496,,,-0.002992952641786694
2016-09-30,,0.0016287291734515,0.0019588464538882,0.0009706292228921,0.0019588464538884,,,0.0011019284114818847
2016-10-03,,-0.0007633195275534,-0.0021696993892585,-0.0014739308888788,-0.0021696993892581,,,-0.0015782627035687768
2016-10-04,,0.0041442377335993,-0.0079535268170183,0.0006365827101086,-0.0079535268170183,,,-0.007071894691104837
2016-10-05,,0.0029349440615065,0.0014789656391911,0.0026422525540528,0.0014789656391911,,,0.0009785344922927173
2016-10-06,,0.000805812123765,-0.0015470801800749,-0.0007879782634511,-0.0015470801800749,,,-0.0012566958846640984
2016-10-07,,-0.0010119161881619,-0.0015095517934455,-0.000409080590953,-0.0015095517934456,,,-0.0008207843829090293
2016-10-10,,0.0013514653888335,0.0046100824902512,0.0019590116944476,0.0046050608643088,,,0.0038099753080824595
2016-10-11,,-0.0056641032226156,-0.0069647740940865,-0.0043337847025521,-0.0075598225549287,,,-0.005436111924537935
2016-10-12,,-0.002225200589749,0.0002118134448794,-0.0017211326994972,0.0003846920773853,,,0.0004845608381864156
2016-10-13,,-0.0023750958196807,-0.0010818318323143,-0.0030367658231936,-0.0007877199894431,,,-0.0003728806968357559
2016-10-14,,0.002022260693471,-0.0009935956786648,0.0029392325036901,-0.0016748472067728,,,-0.0015229672449763652
2016-10-17,,-0.0016381736142747,-0.0003496085393653,-0.0018413263658945,1.902701393485806e-05,,,0.00029003417423354057
2016-10-18,,0.0010381506248673,0.0054515880278185,0.0010383619170815,0.0054495784168864,,,0.004646330522293766
2016-10-19,,0.0008172870461886,0.002995176023999,0.0008174532140454,0.0029940779009436,,,0.0027493364692983435
2016-10-20,,-0.0003663760868828,-0.0018893041068671,-0.0003664505163059,-0.0018886134979861,,,-0.0014532850321268447
2016-10-21,,0.0007030061779313,0.0009865045408454,0.0007031490462228,0.0009861432554809,,,0.0011101764019602208
2016-10-24,,0.0017976770241545,0.0014268004433086,0.0017975894407205,0.0018313025094525,,,0.0006299175426447188
2016-10-25,,-0.002064784513138,-0.0010061083056172,-0.0020647846936543,-0.000762571629058,,,-0.000622437653703899
2016-10-26,,-0.0006629521473512,-0.005548747322644,-0.0006629522054306,-0.0049194854394756,,,-0.00500171905175651
2016-10-27,,0.0017413790963927,-0.0039499699913435,0.0017413792490512,-0.0038401227817915,,,-0.003427736365046503
2016-10-28,,-0.0027075386271061,-0.0024101761145798,-0.0027075388640509,-0.0023016294365477,,,-0.0022735788496798704
2016-10-31,,-0.0038243257660974,-0.0002453571667844,-0.0040125364309717,0.0003534554496211,,,4.182875803111763e-05
2016-11-01,,-0.0005144590388762,-0.0017422459606054,8.311052377707462e-05,-0.0007183874611662,,,-0.0023496030390676567
2016-11-02,,-0.0033540093429268,-0.0024319949915845,-0.0022980204840786,-0.0013285036138951,,,-0.003309222473006658
2016-11-03,,-0.0001557887021021,-0.0026993425576342,-1.462047847289316e-05,-0.0018654601985351,,,-0.0030655635478892356
2016-11-04,,-0.0042525442351264,-0.0007447659110109,-0.002765819850754,-0.0006047394909738,,,-4.392974039880228e-05
2016-11-07,,0.0028056246011409,0.0079216214991009,0.0013916531169659,0.0057320914171963,,,0.006809132977220226
2016-11-08,,-0.0007704013631932,0.0004861496738801,-0.0011185732706202,0.0004872080465267,,,0.00022280084856878408
2016-11-09,,0.0049287517888627,-0.0038751601939018,0.0058805719929102,-0.0038835925070884,,,-0.005595084411637174
2016-11-10,,0.0043650430236454,-0.0043186403096703,0.0032088963574909,-0.0043280742691931,,,-0.0068596180820535094
2016-11-11,,0.0033329780379454,-0.0060257784830884,0.0020113775922081,-0.0060389988611537,,,-0.007018142798732845
2016-11-14,,0.00189887805071,-0.0033335903206125,0.0016672502179182,-0.0036650016490725,,,-0.00043369127979594937
2016-11-15,,-0.0077311269677502,0.0017977647358946,-0.0077329147312857,0.0013411475972631,,,0.007263725831990041
2016-11-16,,0.0023704621807751,-0.0005147940940939,0.0023710146037272,-0.0008196019961126,,,-0.0013727179484129932
2016-11-17,,0.0031072345089844,0.0036398978121334,0.00310795691976,0.0047319213591421,,,-0.002024495879443274
2016-11-18,,0.0029095191502326,-0.0016278617801386,0.0029101934976965,-0.0006099296814021,,,-0.0014395839878757492
2016-11-21,,-0.0049382016631982,0.0013303670311881,-0.0049391969772927,0.0011339802541414,,,0.005234607212358788
2016-11-22,,-0.001293729053542,0.0019570535102275,-0.0012937303476007,0.0019574374143191,,,0.003272983515506192
2016-11-23,,0.0045151362343307,0.001518231072237,0.0045151407564669,0.0015185283131882,,,-0.0029970287251553035
2016-11-25,,0.0011983305074771,0.001894573806952,0.0011983317022707,0.0018949441662974,,,-0.0003863219809682343
2016-11-28,,-0.0043836740939926,-0.0032161934820955,-0.0043836763904178,-0.0032164770590444,,,0.0020764358300715295
2016-11-29,,-0.0012828865934175,-0.0011518426546704,-0.0012828865963765,-0.0011518429823603,,,-0.001298907019580724
2016-11-30,,0.0024078571357302,0.0020365382581111,0.0024078571412911,0.002036538838158,,,-0.00024617642986411205
2016-12-01,,0.000170973633583,-0.0008322462463256,0.0001709736339772,-0.0008322464828842,,,-0.0037505030691209664
2016-12-02,,-0.0020819988124171,-0.001327267372818,-0.0020819988172132,-0.0013272677503963,,,0.003929396685370837
2016-12-05,,-0.0012212937875351,0.0018791752549831,-0.0007309886603501,0.0018791758520906,,,0.002019659918289618
2016-12-06,,-0.0007090558350912,0.0010766554790537,0.0001396869266332,0.001076655478412,,,0.0020188542040494987
2016-12-07,,-0.0060706375970436,0.0009278061322275,-0.0050667071084453,0.0009278061316753,,,0.005974442616406702
2016-12-08,,0.0038353671624884,0.0029900920274477,0.0037151590271997,0.0029900920256691,,,0.0008455919618873744
2016-12-09,,0.0038960430118299,0.003153701679494,0.0040720271651466,0.0031537016776239,,,-0.0010320975260425496
2016-12-12,,-0.0010337890273022,-0.0017475368294735,-0.0008336640240564,-0.0017475368292303,,,-0.0003356849298053225
2016-12-13,,0.0009763008642749,0.0031337107081534,0.0026132913392216,0.0031337107081528,,,0.002845921151984047
2016-12-14,,0.0039314369800655,0.0008206103619063,0.0016914654563922,0.0008206103619061,,,-0.008805484206080735
2016-12-15,,0.0047886502564005,0.0044727945765772,0.0045244140593634,0.0044727945765761,,,-0.0008390910572962961
2016-12-16,,-0.0010805615528962,-0.0023398983066208,-0.0010812774825483,-0.0023398983066204,,,0.001002962768266474
2016-12-19,,-0.0012763272661898,-0.0014509683311204,-0.0011233369305901,-0.0015937824468805,,,0.0028534894861323413
2016-12-20,,0.0027954567570394,0.0025282215860473,0.0027964314949173,0.0030641095753682,,,0.000971179005159851
2016-12-21,,-0.0009900030605825,-0.0006256695497868,-0.000990541505486,-0.001414654092952,,,-0.0013972336565444229
2016-12-22,,0.000390269905129,-0.0006703760257058,0.0003904977147364,-0.0005776611255795,,,-0.0016289626744280528
2016-12-23,,0.0003918253474872,0.0004612691906424,0.0003920192902295,0.0009033302201739,,,0.0017482817219211832
2016-12-27,,0.0012208450403305,0.001115516330356,0.0012215661312282,0.0009758290932975,,,0.0021033754454230997
2016-12-28,,-0.0028392311416829,-0.0028990767051358,-0.0028392290968372,-0.0029082838456357,,,0.0005813670827493401
2016-12-29,,-0.004167887622446,-0.0021350646267933,-0.00416788461214,-0.0040320823223385,,,0.003069044922730609
2016-12-30,,-0.0015643144642515,-0.0016335861001329,-0.0015643133296782,-0.0015645923650846,,,-0.0008636366093146134
2017-01-03,,-0.0014815662159806,0.0029399251183774,-0.001481568624825,-4.454041074297699e-06,,,0.004068922538478756
2017-01-04,,-0.0009358759573063,0.001297186267033,-0.0009358759595641,0.0013010056922553,,,0.004252114498014864
2017-01-05,,-0.0056337774444849,-0.0036992302978028,-0.0056337774580885,-0.0037101081307884,,,0.003631242528321394
2017-01-06,0.0,0.0039566916176001,0.002928471182986,0.0039566916272084,0.0029371146155465,0.0,,-0.0016787805297546143
2017-01-09,-0.0019329190307331,-0.0044408831769311,-0.0031565727217111,-0.0044408831853784,-0.00316304581208,-0.0020866993589226,,-0.0007002489359193067
2017-01-10,0.0003551442272271,-0.001490977769027,-5.164735006890631e-06,-0.0014909777720972,-4.235005923836077e-06,0.000343251037252,,0.00018203788458106743
2017-01-11,0.0028365142258486,0.0008802277750712,0.0026327328352313,0.0008802277770814,0.0026389736097118,0.0031904223214545,,0.0024893292456995564
2017-01-12,0.0008505362004858,8.441332978326166e-05,-0.0001163689061632,8.441333073760937e-05,-0.0001159451896065,0.0010125380642587,,0.0008568832937012487
2017-01-13,0.0004665398204335,0.0009697065634879,0.0011003248155745,0.0009697065647027,0.00110380035404,0.0003047034657794,,-0.0005030665480675357
2017-01-17,0.0004366826577455,-0.0043679251554583,-0.0061954697674506,-0.0045379883582724,-0.0062064703865267,0.0009714932490691,,0.0015778928920981063
2017-01-18,-0.0016588164097394,0.0039359484095895,0.0026240749638395,0.0044812901461519,0.0026324171980369,-0.0025045748835161,,-0.0029869503432629002
2017-01-19,-0.0028210613193422,-0.0009576489524958,0.0001413489220303,-0.0006861728574169,0.0001432733870507,-0.003448935024459,,-0.0033828507411133323
2017-01-20,0.002945095970567,0.0012614918799411,0.0014150409821771,0.0010798092568726,0.0014158573932954,0.0032769953751947,,0.0023873611946918466
2017-01-23,0.0007949347723812,-0.0023531083476149,-0.0026107364061433,-0.0029787222391074,-0.0026138528229557,0.0019688938634094,,0.0024971235620999056
2017-01-24,0.0028028022539297,0.0034619190565443,0.0042449758354152,0.0034640913518619,0.0042449890991993,0.0024152424736985,,0.00034904221651342685
2017-01-25,0.002737554174498,0.0040806841341785,0.0057350523691876,0.0040832358546634,0.0057350702130931,0.001837620599425,,-0.0011649368232455187
2017-01-26,-0.0008257008224324,0.0004013889231266,0.0011878220847452,0.0004016388976726,0.0011878257594319,-0.0006285518966627,,0.0003652537057267181
2017-01-27,-0.0008246559065819,-0.0020673823569479,-0.0016646297841953,-0.0020686693518175,-0.0016646349278408,-0.0005991015360629,,0.00012300668821963107
2017-01-30,-0.0036813027001149,-0.0030064572758303,-0.0032373376908896,-0.003007427040952,-0.0032373443844925,-0.0045078021437365,,-0.0031329023377109607
2017-01-31,0.0015494610078909,-0.0025489226172088,-0.0032998153111749,-0.0025489250965213,-0.0032998153333341,0.0026824563026395,0.0,0.0026000585355063794
2017-02-01,0.0019085037749422,0.0027105452200344,0.0040117720447359,0.0027105478632931,0.0040117720717656,0.0015864754234373,-0.0007966983187852,0.0004794195642209702
2017-02-02,0.0011838842778173,0.0005460929843157,-0.0006724673661852,0.0005460935154131,-0.000672467370698,0.0014046565947873,0.001180814673855,0.0012138971141672796
2017-02-03,0.0028730944928136,0.0023725088722028,0.0017931911697783,0.002372511178303,0.00179319118182,0.0034264018411287,0.0028612231324498,0.002268233213210426
2017-02-06,-0.0010045518203078,-0.0046345005833257,-0.0044478299971029,-0.0046345036770422,-0.0044478300191911,-0.0002671940387395,-0.0009191451787473,0.001245131371486906
2017-02-07,-0.0014283688058704,-0.0012992381905558,-0.0009881044252281,-0.001299238194594,-0.0009881044252501,-0.000971713754542,-0.0013768420822258,0.00020328694605558427
2017-02-08,0.0009769703977644,-0.0007156985179661,-0.0015207942007838,-0.0007156985201934,-0.0015207942008175,0.0025312757007054,0.0009033739455863,0.003246669171738919
2017-02-09,0.0032434904761535,0.0053855286503285,0.0051488450461705,0.0053855286671011,0.0051488450462851,0.0023526819716421,0.0032220195420722,-5.5405744523850234e-05
2017-02-10,0.0040640415382411,0.0027132066257169,0.0019668505441188,0.0027132066341217,0.0019668505441621,0.0046737927816904,0.0039658197865426,0.0033439776509478518
2017-02-13,0.0003211603830519,0.0019437836813291,0.0018892352631938,0.001943783686287,0.0018892352632271,6.0673076836215145e-05,0.0004599692284132,-0.0007157992443988921
2017-02-14,0.0016237131038683,0.00153085717257,0.0021585217360962,0.0015308571725627,0.0021585217360962,0.0011755726794626,0.0017927429781197,-6.812490549473109e-05
2017-02-15,0.0018366413764141,0.0018763105979029,0.0022590556052004,0.0018763105978938,0.0022590556052002,0.0021363686880686,0.0022889918270074,0.0005941331970865439
2017-02-16,-0.0012214913899444,-0.0021486932938287,-0.0028117731993385,-0.0021486932938181,-0.0028117731993385,-0.0002352011584818,-0.0004332751260814,0.0007884239805042762
2017-02-17,7.791315305927249e-05,-2.8762816250971213e-05,-0.0002713015108923,-2.8762816250749168e-05,-0.0002713015108924,0.0005991165668728,-0.0003078661481933,0.001218483634306547
2017-02-21,0.0046973049179463,0.0052597737314854,0.0024796217067062,0.0052597737314703,0.0024796217067055,0.005139286588317,0.0038639759920335,0.0030553672895230885
2017-02-22,-0.0009513615662622,-0.0009508292548882,-0.0011730145139013,-0.0009508292548882,-0.0011730145139012,-0.0008071095856175,-0.0009745418798888,-0.0003331745339774263
2017-02-23,0.0009464775182401,0.000945947435599,-0.0018667618647151,0.000945947435599,-0.0018667618647152,0.0015948674749088,0.0010720956908372,0.0019554106919896686
2017-02-24,-0.0008683351455194,-0.0008678492867638,-0.0038339349105538,-0.0008678492867638,-0.0038339349105537,0.0003479614422166,-0.00055337976077,0.0020794663525576696
2017-02-27,0.0007851834431182,-0.000314559083444,0.0016427869977158,-0.0003145590834439,0.001642786997716,0.0001085128736848,0.0007411213890504,-0.0010903217502111293
2017-02-28,-0.0022577872792226,-0.0017629157866372,-0.0019779430005967,-0.0017629157866373,-0.0019779430005968,-0.0023644739137647,-0.0019479249723961,-0.00103043398359514
2017-03-01,0.0069648819859418,0.003459845602973,0.0081811949059404,0.003459845602973,0.0081811949059407,0.0061328086762353,0.0065634959096121,0.0017268797417287233
2017-03-02,-0.0067067693686443,-0.0076212409910035,-0.0014728012710359,-0.0076212409910034,-0.0014728012710359,-0.0084196259448257,-0.0070272925623341,-0.006154369193532385
2017-03-03,0.0009315485575138,0.0014271671443857,0.0004809562650986,0.0014271671443857,0.0004809562650986,0.0013872792801135,0.0010814113389236,0.0007052348708636456
2017-03-06,-0.0014133730919038,-0.0031774242741444,0.0003046587084025,-0.0024120524205827,0.0003046587084021,-0.0025599806466883,-0.0020464931742658,-0.0020747048104853157
2017-03-07,-0.0022034672925631,-0.0039438945852783,0.0004239196655688,-0.0033499200615849,0.000423919665569,-0.0040142840702569,-0.0033775975932254,-0.0038178735307292174
2017-03-08,-0.005867562498981,-0.0079640578592654,-0.0019860079747712,-0.0066934252094432,-0.0019860079747711,-0.008834405587185,-0.0062108330205136,-0.006386100859069978
2017-03-09,-0.0022820656985719,-0.0039372894690899,0.0015349078016513,-0.0030473924429975,0.0015349078016515,-0.0044094095313522,-0.0030266189008175,-0.004436768749896474
2017-03-10,-0.0003183839731754,0.0015531076991224,-0.0008145035813625,-1.7662444893096207e-05,-0.0008145035813625,0.0003021060755707,0.0003637012808395,0.000449767467600338
2017-03-13,0.0018195390658812,0.0018424648722201,0.0024342005764623,0.0021403514552276,0.0024342005764621,0.0015612455189646,0.0019389618829004,8.5189930456561e-05
2017-03-14,-0.0023610933493809,-0.0017122677639012,-0.0015309476220849,-0.0020036119273073,-0.0015309476220848,-0.0029227491759479,-0.0030441872158382,-0.0013283163634000552
2017-03-15,0.0061178366148273,0.0004210299215519,-0.0008913490078766,0.0063803136162821,-0.0008913490078766,0.0113658549703508,0.0085721642645477,0.009881590342860219
2017-03-16,0.0001596156993337,0.0016102351204285,0.0008717893765832,0.000983128981367,0.0008717893765832,-0.0001134621538021,0.0007898484060697,-0.0009713110062391207
2017-03-17,8.82669904400668e-05,-0.0010806638840997,-0.0010383380464383,0.000163408539983,-0.0010383380464384,0.0010961328304164,0.0003411051367181,0.0016698153289838678
2017-03-20,-0.0007643104758384,0.0009409514057094,-0.0006136917284186,0.0013118809828362,-0.0006686057552294,0.0002189450372933,0.0001373228366319,0.0011853031999096673
2017-03-21,-0.0070085821306803,-0.0024600243093253,-0.0085086242642351,-0.0024591130090658,-0.0073830168855746,-0.0082795959863306,-0.0066893367474306,-0.003731112796956494
2017-03-22,0.0008432629336416,0.0019768112337843,0.0003944165033404,0.0019760771314751,0.0004689958904782,0.0018701952755133,0.0011679922609897,0.0017554289937732313
2017-03-23,0.0012425659176251,0.0009962978222048,-0.0004956342347524,0.0009959285698972,0.0002546358860096,0.0007984465108734,0.0004275254814145,-3.409742758309813e-05
2017-03-24,0.0008824218797549,0.0010868088248598,0.0006052745459486,0.0010864064277229,7.946757883203759e-05,0.0020411277913907,0.0015750600797257,0.0019409641149868405
2017-03-27,-0.0007540531345661,0.0002973213380028,-0.0028277441520959,0.0002968604572153,-0.0009415229770988,-0.0006267178963617,-0.0001568414024035,0.0005606797156075271
2017-03-28,0.0040993448697927,-0.0004856369634529,0.0033455465580796,-0.0004856371872073,0.0042865972952286,0.0039979413485078,0.003994483487071,0.0020286539786051314
2017-03-29,0.0030224139123447,0.0004087848466973,-0.0005928599728578,0.0004087850351341,0.0010690631468219,0.0042350927029075,0.0026537088438045,0.0037468470578740304
2017-03-30,0.001817998296566,-0.0033720880887797,0.002025705727779,-0.0033720896425689,0.003486646236344,0.0012512176835253,0.0015915430310275,0.0003254750897937918
2017-03-31,0.0002236939939743,-0.0001730284195406,-0.0019954061953542,-0.0001730284995383,-0.0014577137840467,0.0006528311005313,1.4101060808346944e-05,0.0008375130765824088
2017-04-03,-0.0012062228274336,0.0018255448927038,-0.0025527286507732,0.0018255447520838,-0.0031131552893717,-0.0001651298601703,-0.001216359106921,0.0014308044933961056
2017-04-04,0.0020620872962588,-0.0015100722336858,0.0006370055513102,-0.0015100722338977,0.0016110054582287,0.0018447030847741,0.0020621082236069,0.0006474724590739242
2017-04-05,-0.0020406788040771,-0.0012420928316567,-0.0020625068987337,-0.0012420928318312,-0.0023189737907591,-0.0019808786470579,-0.0020406994715401,-0.0007987287973516998
2017-04-06,0.001785145509412,-0.0002420687350286,0.0007133713097176,-0.0002420687350626,0.0017162537149151,0.0019386864337875,0.0017851636258705,0.0013646366919630461
2017-04-07,0.000521589471373,-0.0021929857456564,0.000988490495871,-0.0021929857459653,0.0015952651156552,-2.455983285254426e-05,0.0005215947552648,-0.0005109025187498533
2017-04-10,0.0008132241287375,-0.000872370949971,-9.72232049711863e-05,-0.0012781232895791,0.0005353406688008,0.0014902871340343,0.0008303502386433,0.0014967754658411561
2017-04-11,0.0019836678394771,0.0030142895085647,-0.0010659143586618,0.0008075904674513,-0.0010573915241431,0.0035152365884638,0.0019836539796085,0.0035629420458191314
2017-04-12,-0.0012219408288849,0.0013408729816528,-0.0025189834943102,0.0020324122439763,-0.0025191154145585,-0.0007279456169818,-0.0012219323080979,0.0002551784564463805
2017-04-13,-0.001612009575852,-0.0014273617812576,-0.0028018166079797,-0.0007606815106662,-0.0027919786067872,-0.0013853827799239,-0.0016119983213018,5.9740317043890945e-06
2017-04-17,0.0029368948731984,0.0027515406034188,0.0037478509657453,0.0024632662742065,0.003745008128972,0.0030931367999071,0.0030118203356142,0.0012749102843704558
2017-04-18,-0.003221391926513,0.0014056741225476,-0.0039219181704797,0.001406078346601,-0.0039219292782544,-0.0022196468394517,-0.0031602936787666,-2.870534635052693e-05
2017-04-19,-0.0038371551525594,-0.0005174696961325,-0.0006214602073812,-0.0005176182938716,-0.0006214619744296,-0.0051411713138506,-0.0035647252863774,-0.0038890167892433334
2017-04-20,0.0032292238135827,0.0019135286389642,0.0039471067856871,0.0019140784166424,0.0039471180157968,0.0032665299204084,0.0032266974845327,0.0014833197971057491
2017-04-21,-0.0018368469382787,0.0010960741762229,-0.0003540800900295,0.0010963884886872,-0.0003540810934796,-0.0021056915846806,-0.0017025254748204,-0.001145330475306146
2017-04-24,0.0035797580495109,0.0034515691998411,0.0042795414516405,0.0034523634117589,0.0042795540467035,0.003516045981897,0.0033290684147451,0.000684109987180647
2017-04-25,0.0022119461948757,-0.0005563829714689,0.0021477138521717,-0.0005563825311034,0.0021477138252363,0.0016227705228066,0.0028970587916752,-0.00075602522124681
2017-04-26,-0.0012009296718246,0.0004904219374304,-0.0007310215849191,0.0004904215490555,-0.0007310215757708,-0.0011940635002651,-0.0018426044970945,0.00011871360139904244
2017-04-27,-0.0006087297176494,-4.836716881395642e-05,3.523670416427649e-05,-4.8367130529913815e-05,3.5236703723295904e-05,-0.0007383559720109,-0.0006726178984889,-0.0003370571661489396
2017-04-28,-0.0015722736497628,-0.0008292409417234,-0.0016205055185253,-0.000829240285321,-0.0016205054982314,-0.0017602142125761,-0.0017374699490522,-0.0008697035172200217
2017-05-01,0.0034784759056298,-0.0001889040051158,0.0037369122326218,-0.0001889038557131,0.0030632351205224,0.0020100953580788,0.0031733436029814,-0.000840348948164638
2017-05-02,0.0005549523777788,0.0028778444644415,0.0015561928792333,0.0028778421841051,0.0015202652029948,8.566362813189343e-05,0.0005420869026417,-4.346842422078094e-05
2017-05-03,-2.67021265953904e-05,-0.0041566826653214,0.0004728066469663,-0.0041566793811151,-0.0015695831909475,-0.0029802007424979,-4.565215840335313e-05,-0.0029959373779680602
2017-05-04,0.0006297982051832,0.0012901498501733,0.0041214773045548,0.0012901488265675,0.0027031401777439,-0.0040557694706564,0.0006214594861808,-0.0057653403914696985
2017-05-05,0.0025699902145817,0.0018491349963842,0.0006965219383248,0.0018491335311696,0.0009329705537708,0.0052959968332211,0.0025760316973448,0.003431861621225212
2017-05-08,8.696133976848763e-05,-0.0023098775565858,0.0007374108881652,-0.0023098757850313,0.0007857496920109,-0.001243506321548,0.0001328927148922,-0.0011850970225393664
2017-05-09,0.0014195965325025,0.0005047847411614,0.0021552403803506,0.0005047847786991,0.0021771659654827,0.0004887087829925,0.0014439137486137,-0.00037828312922106336
2017-05-10,0.0018994188480037,-0.0002709706197853,-0.0002085017230689,-0.0002709709409793,-0.000206709081694,0.0041070059359862,0.0017210212684315,0.003071297500731749
2017-05-11,-0.001294246540837,-0.0013027724016605,-0.0019253490651341,-0.00130277209494,-0.0019392152040957,-0.0006962274374291,-0.0012862578333341,0.0005315246656936963
2017-05-12,-0.0012575709225224,0.0015757723282541,-0.0021260531648921,0.0015757705390138,-0.0021397930547822,0.0002799413408767,-0.0012410032395229,0.0017050728649918787
2017-05-15,0.001072560668347,0.0004269359640127,0.0006566045599494,0.000931675891878,0.000636104793577,0.0036981457362372,0.0011983430321218,0.002626420160415754
2017-05-16,8.071825886513118e-05,0.0018188199779101,-0.0010033080327745,0.0019159360599645,-0.00100332858728,0.0008359859549971,-0.0007840380323862,0.0003936063070824042
2017-05-17,-0.0104994927819213,-0.0037052417215948,-0.01078847223465,-0.0069710637732779,-0.0107886934771972,-0.0105657660895791,-0.0095915859994859,-0.0010093955162610692
2017-05-18,0.0011766607343488,0.0007081363560457,0.0022532355906907,0.0010943155532614,0.002253282302451,0.0006538887099432,0.0017703464144254,-0.00025497693678946487
2017-05-19,0.0017819258292868,0.0003729241210606,0.0003282863869098,0.0009348036916285,0.0003282931773045,0.0063322086008446,0.0025565853165059,0.004236084809058843
2017-05-22,0.001505339451914,-0.0008514319599844,0.0005876258546939,-0.0006139434389497,0.0005876187698898,0.0034407264633207,0.0012114439724448,0.0022067079211477735
2017-05-23,0.0012118972726598,-0.0017789803527166,-0.0009417396610822,-0.0017785576057609,-0.0009417396677502,0.00039502426041,0.0014068270869589,-0.0006304678606861685
2017-05-24,0.0006907535944906,0.0016589532980977,0.0021314607900704,0.0016585583713009,0.0021314608051767,0.0020447716713694,8.42910541734021e-05,0.0018320596937058539
2017-05-25,0.0016641960651051,0.0039213152538206,-0.0015756238689421,0.0039203832997809,-0.0015756238800853,7.370004783568973e-05,0.0021219809610397,-0.0014218924800306234
2017-05-26,-0.0006991512917344,-0.0001123282592874,0.0008879057875341,-0.0001123016671962,0.0008879057938233,0.0010190690490348,-0.0016973071747704,0.0021778725246731157
2017-05-30,-0.0016291741445009,0.0014819235354572,-0.0013782492321271,0.0014815731338546,-0.0013782492410542,-0.0018021448079268,-0.0018968631324363,-0.0006105690249395562
2017-05-31,-0.0006032039265418,0.0020697925210102,0.0016398855543502,0.0020693031965375,0.001639885556314,-0.0014758793453935,-0.0006789778566352,-0.0014978178913040007
2017-06-01,0.0034414871940724,0.0013297457735128,0.0040257322479326,0.0013294320543961,0.0040257322731058,0.0040465747243669,0.0059753337143946,0.0024639025160614727
2017-06-02,0.0030477439982377,0.0036920962729822,0.0069713034899059,0.0036912263748465,0.0069713035316916,0.0050171459835799,0.0036310346394445,0.0038113248624927856
2017-06-05,-0.0006070267337641,-0.0012546990605298,-0.001472308878221,-0.0012545560387433,-0.0014723088880319,-0.0018022743778005,-4.0555651413254346e-05,-0.0018930748447562357
2017-06-06,-0.0017237315862981,-4.779734260762503e-05,-7.98880335926011e-05,-4.779733576287804e-05,-7.988803359337826e-05,-8.849424782819693e-05,-0.0016362600746759,0.0016133443516006343
2017-06-07,0.0030765172613085,0.0015086001095414,0.0019153361659109,0.0015085998934976,0.0019153361659298,6.370637799935075e-05,0.0029108320225799,-0.002791537414023659
2017-06-08,0.0005045880740457,0.0005344987725297,-0.0006274326530829,0.0005344986961004,-0.0006274326530892,0.000264730519949,0.0005672615800562,-1.8581219947240587e-05
2017-06-09,-0.0034004848931004,-0.004021171675221,-0.0042205044378162,-0.0040211711005304,-0.0042205044378575,-0.0040415280161547,-0.0032834168567957,-0.0015642233224521264
2017-06-12,-0.0002405342949455,0.0003777436038427,-0.0006207619081636,0.0003777438326331,-0.0006207619081894,-0.001089166504872,-0.0007672101832795,-0.0014179276081252498
2017-06-13,0.001978342327128,0.0019032971528196,0.0019051987859788,0.001903297152384,0.001905198785979,0.0037301544064161,0.0017527500224767,0.0019991809673044095
2017-06-14,0.0008031530712193,0.0031807701931232,0.00318394213928,0.0031807701923971,0.0031839421392803,-0.0002707168583554,-0.0002541847193452,-0.00019298526775941282
2017-06-15,-0.0009123158174332,-0.0034093036578719,-0.0034126927129447,-0.0034093036570961,-0.0034126927129449,-0.0027476356505717,-0.0020580188302962,-0.0019170295851579765
2017-06-16,-0.0005763701741455,-0.0002379702651265,-0.0002382076320956,-0.0002379702650721,-0.0002382076320959,-0.0003777974458593,-0.0010641009741574,-4.0697057539446684e-05
2017-06-19,0.0056070242781463,0.0025862959482572,0.0025878923723461,0.0025862959478903,0.002587892372347,0.0054076476253841,0.0033926241412118,0.0006947658478808572
2017-06-20,-0.0026608191196982,-0.0014731823888977,-0.001473456145732,-0.0014731823888348,-0.0014734561457321,-0.00472120124496,-0.0031759573675915,-0.002076006655241239
2017-06-21,0.0011093565773172,0.0021262906999499,0.0021274527985382,0.0021262906996839,0.0021274527985382,-0.0002078597409652,0.0012122040823268,-0.001712079542813875
2017-06-22,-0.0003937135844782,0.000514889628338,0.0005155378849353,0.0005148896281896,0.0005155378849353,0.0013206529341758,0.0008759199837939,0.0018422148467823665
2017-06-23,0.0004285384651119,0.0014636529942928,0.0014648530057979,0.0014636529940184,0.0014648530057981,0.0025143501591491,0.0018285919636691,0.0020635074681505695
2017-06-26,0.0017829523184342,0.0009597122330227,0.0006620166250133,0.000959712232939,0.0006620166250135,0.0023733263223839,-0.0004224432620891,0.001175860558674666
2017-06-27,-0.005668774879572,-0.0059825097171211,-0.0051905111915415,-0.0059825097165665,-0.0051905111915419,-0.0079350700089345,-0.0043567572481917,-0.00445890345058032
2017-06-28,0.0030876023585693,0.0031345054185918,0.0039348065897355,0.003134505418245,0.0039348065897357,0.0060432445713036,0.0040629736123802,0.0031623641718270122
2017-06-29,-0.0038331783264604,-0.005577289815289,-0.0067693803845864,-0.0055772898144895,-0.0067693803845864,-0.0082363417371937,-0.0055863026421759,-0.0055659929086308195
2017-06-30,-0.0008436313923844,-0.0021650801735075,-0.0022331093344468,-0.002165080173196,-0.0022331093344469,0.0008094254874415,-0.001281102929461,0.0016371600403083282
2017-07-03,0.0024533936302513,0.0002434263172959,-0.0034741108700815,0.0002434263174253,-0.0034741108700815,0.0007135343243112,-0.0016236008234544,-0.0006222598922821284
2017-07-05,0.0030813225534005,0.0010578381921404,0.0010541393805743,0.0010578381921402,0.0010541393805743,0.0009911423952242,0.0030828927102581,-0.0016628138555864777
2017-07-06,-0.0010626573467559,-0.0054581514181547,-0.0057229921706487,-0.0054581514181538,-0.0057229921706487,-0.0072171141940506,-0.0010906054666615,-0.004780665816333903
2017-07-07,0.0050143635183519,0.0048600730422656,0.0003985679759235,0.0048600730422652,0.0003985679759233,0.0036892542214264,0.0050560579065053,-0.0015994191607169594
2017-07-10,0.0007883437801909,0.0014367814979519,-0.0002303040009741,0.0014367814979516,-0.0017948646725538,0.0025426161154662,0.0008549825913968,0.0013519660482207627
2017-07-11,-0.0005825365379997,2.543322365666789e-05,0.0002681586910522,2.543322365666789e-05,0.0001710143174524,0.0023850588729581,-0.0004804830639159,0.0019831943281749978
2017-07-12,0.0018864514604799,0.0040458618465377,0.0045503395643202,0.0040458618465375,0.0062406172431805,0.0099024052674314,0.0023962319819481,0.005274453191952027
2017-07-13,0.0019938168539395,0.0005477096325221,0.0002932776179433,0.0005477096325221,0.0005113941348295,0.0022576075739986,0.0017431308402797,-0.00019116403589917503
2017-07-14,-0.0003147859140242,0.0004799255356515,0.0017682136681753,0.0004799255356515,0.0030758582085099,0.0058123741147961,-7.438802727099958e-05,0.003800825096967351
2017-07-17,-0.0014681083845125,-0.0007793536515049,0.0009563943325903,-0.0007793536515053,0.0010320276239734,-0.0005448135666606,-0.0014256376454667,0.0007534173327026997
2017-07-18,-0.0009967063283998,0.0009515717919277,0.0017788868563444,0.0009515717919277,0.0017754976608392,0.0019483245214357,-0.000983482589146,0.0025237357289946013
2017-07-19,0.000786067528061,0.0007927668569507,0.0017962556856536,0.0007927668569507,0.0017956313044444,0.0047209030899375,0.0007535115314538,0.003130708494670189
2017-07-20,0.001189406468756,0.001661628703963,0.001249412000893,0.001661628703963,0.0012459576280496,0.001038023368185,0.00118085986671,-0.0005059336194347908
2017-07-21,-0.0006095805683266,0.000374922107287,0.0015850216528086,0.000374922107287,0.0015822169422938,-0.0012096631402699,-0.0006877261130231,-0.0006668557566566124
2017-07-24,0.0001191050471562,-0.0006314484076272,-0.0007203394812038,-0.000631448407627,-0.0007196458948522,0.0005674772492996,0.0002086887533749,0.00034707298559085543
2017-07-25,0.0003006260614544,-0.0025829042029585,-0.0029011945828523,-0.0025829042029585,-0.0028960752044171,0.0002680232790139,0.0003414842945483,-0.0004908044310720292
2017-07-26,-0.0012879634349578,-0.0005460688149486,0.0017012233023006,-0.0005460688149486,0.0017004938621347,0.0025267128851242,-0.0013286134368765,0.003077877191177717
2017-07-27,-0.0017646075343097,-0.002763853879154,-0.0027223029089238,-0.0027638538791541,-0.0027176125022252,-0.0032169335835714,-0.0016979923246044,-0.0008434457840721371
2017-07-28,-0.0016673275125493,-0.0004523303277014,0.0003779925149141,-0.0004523303277015,0.0003766084680132,-0.000197874294482,-0.0016240828765614,0.000989824469734267
2017-07-31,0.0002622390719919,-0.0002363440808893,-0.0007704998078446,5.084976468494595e-05,-0.000769768875185,0.0007157904585055,-0.0011147712768222,0.00017070333570818916
2017-08-01,-0.0004775870609289,0.0026379492621422,0.0037353240816091,0.0025222916992599,0.0037353213492354,0.0007092914023436,0.0005302851811184,0.0012530521741955052
2017-08-02,0.0010211952937104,-0.0005404371987633,-0.0010787119352737,-0.0008205043448854,-0.0010787111491369,-0.0005485951676795,0.0010207358908376,-0.001286459577345635
2017-08-03,-0.0026784371609469,-0.0003174874262947,0.0006755704484469,-0.0001008567816881,0.0006755699555776,-0.0028075777683957,-0.0026766086372765,-0.0002840228379673975
2017-08-04,0.0026178686677431,0.0007517546130604,-0.0006184939319523,-0.000446477961868,-0.0006184934810282,0.0015516582668002,0.0026167758569621,-0.0005840787285914978
2017-08-07,0.0012282002113059,0.0020167667974768,0.0010038408941706,0.0017652800642002,0.0010038404211947,0.0021157195300183,0.001284463094215,0.00087442675324094
2017-08-08,-0.0019893712100702,-0.0029118955967447,-0.0025821215487245,-0.002912626609414,-0.0025821215499444,-0.0028774744764008,-0.0020088259624493,-0.001190138169056228
2017-08-09,-0.0034161114672872,-0.0010668857228967,-0.0022368080252623,-0.0010671543400798,-0.002236808026322,-0.0018104297010395,-0.0034141595240875,0.0012325509259413902
2017-08-10,-0.0095740290688625,-0.0075860219503862,-0.0048713355019686,-0.0075879339759268,-0.0048713355042815,-0.0140902419104772,-0.0096487286562024,-0.0047811153057412585
2017-08-11,0.0016551252425915,0.0016833493049566,0.0009638275082251,0.0016837768302386,0.0009638275086849,0.0023874279465923,0.0016169395595795,0.0009391863456268154
2017-08-14,0.0036289999367782,0.0015715860639036,0.0018623858811028,0.0015720467342785,0.005052564399917,0.0060536230062282,0.0027327780931065,0.0018732546202487738
2017-08-15,0.0014490155343418,-0.0026017641201809,0.0005117009733113,-0.0026017629235066,-0.0010072287844336,-0.0014210522254974,0.0015663180054075,-0.002205733020515645
2017-08-16,-0.0003313741525123,0.0038323208271817,0.0019431503418347,0.003832319059918,0.0025174565858137,0.0027511986117683,-0.0011457674981782,0.002394509422477217
2017-08-17,-0.0062647325555396,-0.0025548720820257,-0.0018211115783729,-0.0025548709083517,-0.0050450018731552,-0.0098340772697858,-0.006356997704192,-0.002593455888236062
2017-08-18,0.0018484415611768,0.001457705013754,-0.0001825248494843,0.0014577043423888,-0.0017378161994747,0.0026081685951491,0.0032953470307155,0.0011043327646554925
2017-08-21,-0.0001008922444469,0.002029829279198,0.001773422603948,0.0015838554344087,0.0030954558707005,0.0002357720211469,-0.0017371965985432,-0.00018110300202788334
2017-08-22,0.0040472006436305,0.0006511051375839,0.0009941302922273,0.0023355335275503,0.0006504134437432,0.0073074225765445,0.0046987481526092,0.00249551762354497
2017-08-23,-0.0024844955032611,0.0017875756181904,-4.66272537411605e-05,0.0024535864312973,0.0013221544828403,-2.5470883794231906e-05,-0.0010993178805654,0.0022174775112940768
2017-08-24,0.0013643124806475,-0.0015283517182307,-0.0003946254120985,-0.001112114843711,-0.0008330718015714,-0.0002119502118923,0.0006946265914886,-0.0013016948777133314
2017-08-25,0.0008048717792852,0.0031336382025732,0.0019035355111467,0.0031242797669335,0.0026083776630754,0.0027991253191257,0.000563385870536,0.0010623574580623063
2017-08-28,-0.0007887854996352,0.0008595570458029,0.0011280640941744,0.0014637567748512,7.357356984449837e-05,0.0005611713350055,-0.0017429566291281,0.000943317024691787
2017-08-29,-4.060838571795511e-05,0.0003409197143968,0.0004827286205906,0.0004399846657889,0.0003411876519459,-0.0003094946896753,-0.0002992971894442,0.00010674246566900846
2017-08-30,0.0015993997243466,0.0013763118968892,0.0005956724185725,0.0002838486116447,0.0013773932067853,0.0033688713283361,0.0002079007181809,0.001638216667630464
2017-08-31,-0.0019046698608948,0.0001896355653865,-0.0005426560580609,0.0036616679885665,0.0001897843490752,0.0053319266027849,0.0026951339363359,0.005627092539360043
2017-09-01,0.0005833894934856,-0.0009749939243649,-0.0014960920639224,-0.0007743253093361,-0.0009757587369504,0.0016824990605672,0.0006157698291688,0.0004393090760517551
2017-09-05,-0.0052720251134801,-0.0015268753629718,-0.0014815294825494,-0.0012844008701361,-0.001266494681046,-0.0039814805617146,-0.0043158546868118,0.0011891474834259278
2017-09-06,0.0016209139358152,0.0002293994448785,-0.0006882083358291,0.000230534115027,-0.0006868022081623,0.0020576183701883,0.0016515187566126,0.00024389317803209703
2017-09-07,0.0004289139959054,0.0049749334181574,0.0037307785432421,0.0049588883034279,0.0037296415172876,0.0033940012825128,0.0003857089433569,0.0028473485887175413
2017-09-08,-0.0006310554695337,-0.0013008750949664,0.0003302881676479,-0.0012988147328754,0.0003310910441436,-0.0033112619257534,-0.0006203186482078,-0.003275559223747409
2017-09-11,0.0031740156020025,0.0009102755077703,0.001185619282815,0.0009103207822542,0.0011358094704183,0.0040220576101877,0.0032565411544702,0.001015064314316392
2017-09-12,0.0024086161786132,-0.0003166440175921,0.0002004556376684,-0.0003166440032692,-0.0002224701808588,0.0023331637180212,0.002429053830339,0.0002282590993512401
2017-09-13,-0.0009574130095271,-0.0020854748822145,-0.0029295831725398,-0.0020854747878517,-0.0033539981660929,-0.0012973035166843,-0.0009530304647982,-0.00022638985468824668
2017-09-14,-0.0002420121926285,0.0021447405548533,0.0016126819567436,0.002144740457606,0.0014443500901046,0.0009252362341118,-0.0002114965442182,0.0010098519882398137
2017-09-15,0.0013570029763967,0.0004920303602193,0.0006712415674103,0.0004920303379571,0.0002481164907894,0.0015253824942424,0.0013894095674524,0.0001346253927386777
2017-09-18,0.0011638450023618,-0.0024173746952504,-0.0020418837941944,-0.0024173746309218,-0.0019151878318826,-0.0003963512687418,0.0018830979618704,-0.0016735505149546262
2017-09-19,0.0004366496097805,0.0004381840652225,0.0007973687666753,0.0004381840651941,0.0007972675494221,0.0002877682330015,0.0017312098156254,-0.00024137213331120025
2017-09-20,-0.0003675369036335,-0.0013935577317617,-0.002170503845765,-0.0013935577316717,-0.0021702285435052,-0.0003734876470468,-0.0008200725167979,0.0002999657246552003
2017-09-21,-0.0009731188414532,-0.0022105101601941,-0.0022705793547687,-0.0022105101600516,-0.0022702907327607,-0.0024470953813769,-0.0006785394185976,-0.002319019981820596
2017-09-22,-5.648533928603872e-05,0.0007370709765641,0.0008573681536618,0.0007370709765166,0.0008572589223365,0.0003616690020111,0.0009642766234121,0.0006841322043506695
2017-09-25,-0.0044029738043245,1.9161876236850617e-05,7.36058242380988e-05,1.916187632855504e-05,7.386358602445853e-05,-0.0009912285564236,-0.0030065512889183,0.0033537164422194786
2017-09-26,0.0011383213561833,-0.0024100686403643,-0.0011218843827438,-0.002410068640364,-0.0011218840935861,-0.0007332570555326,-0.0004027351832435,-0.001459726006508239
2017-09-27,0.0040718921874403,0.0024411792982577,-0.0014149020304475,0.0024411792982574,-0.0014149016653572,0.0027166581357898,0.0027137216082597,-0.001390645693363079
2017-09-28,0.0004497999855708,0.0005886874614078,0.0005223965937954,0.0005886874614076,0.0005223964588092,0.0009158254307413,0.0007538212498254,0.00020328661786012063
2017-09-29,0.0026173694591336,0.001016839903867,0.0022047796292938,0.0010168399038668,0.0022047790598811,0.0033161830957724,0.0019417687775784,0.00045997145495070286
2017-10-02,0.0018419466741463,-0.0019929977054348,-0.0011802835621065,-0.0019929977054345,-0.0008839116003434,0.0014372069896304,0.0012605155118536,-8.120488299719995e-05
2017-10-03,0.0019358870424728,0.0020862018320797,0.0021259082492806,0.0020862018320795,0.00191667886163,0.0034883465177442,0.0019388748756239,0.0017041531130552474
2017-10-04,-0.0003341924907688,7.2520286155342e-05,0.0008185881423938,7.252028615511996e-05,0.0001939183945784,-0.0004183566311256,-0.0003201372059128,-0.00026304675820191755
2017-10-05,0.0019783322732316,0.0020110464123215,0.0009759369983324,0.0020110464123215,0.0020172548278269,0.004206674471908,0.0019862969114801,0.0021376565591754515
2017-10-06,-0.0008427375323574,-0.0021281555030268,-0.0012419019807904,-0.0021281555030265,-0.0029625492652314,-0.0027717352529338,-0.0008471401693961,-0.001975617346130577
2017-10-09,-0.001143397538702,0.0013219606024363,9.45178929285806e-05,0.0013219606024366,0.0004874389533069,2.2004539986575367e-05,-0.0018451174097127,0.0009739975938997444
2017-10-10,0.0019393856833063,0.0046536961432028,0.0007979299083078,0.0046536961432028,0.0007976165375913,0.0042321929944053,0.0012703506483779,0.0028250646479990324
2017-10-11,0.0007632854647929,0.0022432089577064,0.0010301800795124,0.0022432089577062,0.0010297758197168,0.0017796455309759,-0.0001676720263035,0.0010308832888723059
2017-10-12,-0.0002177145090302,-0.0001192623171175,0.0007837882779442,-0.0001192623171174,0.0007834810227929,-3.200243697887295e-05,-0.0011887638850127,0.00029479339840285135
2017-10-13,0.001352273199852,0.004471405161317,0.0015722455591484,0.004471405161317,0.0015716297010497,0.0041536323197153,-8.477824929042921e-05,0.003974256676919892
2017-10-16,-0.000589091230986,-0.0010785429216153,-0.0014100708324991,-0.0010785429216143,-0.001409734007586,-0.0008850971447668,0.0011404972546487,-0.0005149575408624852
2017-10-17,-0.0008706518744657,-0.0015631263095484,-0.0007591132239903,-0.0015631263095483,-0.0007591129679411,-0.0014663303053916,-9.579844076856858e-05,-0.0007549671899147078
2017-10-18,0.0011811274600554,-0.0003653620428792,-0.0001229971765737,-0.0003653620428792,-0.0001229971350552,0.000475306155228,0.0018905339212738,-0.0007960936564990194
2017-10-19,-0.0013255669338387,-0.0004037439454835,-0.0009426716419655,-0.0004037439454834,-0.0009426713237213,-0.0014840363098902,-0.0016330571366892,-0.00042074625803026594
2017-10-20,0.0012790273009648,-0.0015442890239132,-0.0008867888934802,-0.0015442890239131,-0.0008867885938194,0.00038199127749,0.002981789999489,-0.0007540187060188307
2017-10-23,-0.0025200060622658,-0.0023039202312122,-0.0024809844825578,-0.0023039202312128,-0.0024534422705636,-0.0028983670363048,-0.0021516109761444,-0.0007017395528056294
2017-10-24,0.0008214336839507,0.0009766979624825,0.0002479360957972,0.0009766979624825,0.0009945328495772,0.0003518478275474,0.0022307156348251,-0.000488474740264905
2017-10-25,-0.0010631278198613,-0.001921611295801,-0.0023824287117196,-0.0019216112958011,-0.0015557338388798,-0.002765471146142,-0.000618914744657,-0.0025899445682794624
2017-10-26,-0.0018592570477384,-0.0005305673531195,-0.0019846426196671,-0.0005305673531195,-0.000176998229312,-0.0021737234533851,0.0003638254275619,-0.00018639055589262364
2017-10-27,0.0040607003556709,0.006130396569083,0.0068495292780044,0.0061303965690833,0.0040482784116495,0.0081555432755098,0.0026305679297762,0.005870885694605077
2017-10-30,-0.00175428722231,-0.0019799092206371,0.0008156312317302,-0.0010508931043672,0.0001797713597111,-0.0012105170579059,-0.0015571989045576,0.00048577522512704296
2017-10-31,0.002161765968965,0.0020776765355845,0.0017864851818232,0.0014897039678345,0.001787620931887,0.0027615629664057,0.0021509690834262,0.0007799302921072907
2017-11-01,-0.0013348692278208,-0.0013266202678088,-0.0002315185152741,0.0015110908091788,-0.0002316654395028,0.0007761831755372,-0.0024356724251667,0.002127502038427725
2017-11-02,0.0006270299333674,-9.562122925210748e-05,0.0021112799218587,0.0004846690155346,0.0021126200740815,0.0020717709655149,0.0011381400429493,0.001489603170843893
2017-11-03,0.0006844595160704,0.0017834993715699,0.0016608993612252,0.0008286395415537,0.001661951408123,0.001093851329678,0.0016788091175568,0.0009426446805718577
2017-11-06,0.0017459278754263,0.0046694567221412,0.0056791209288986,0.0043312990073753,0.0056821393089605,0.0054829139655141,0.0018946866833606,0.004178677039391716
2017-11-07,-0.000956967812284,-0.0021591148151409,-0.002282541906599,-0.0033877730474995,-0.002283522762439,-0.0022970945587789,-0.0009416356417171,-0.0015622876554072143
2017-11-08,0.0005539485952841,0.0009813516085994,0.0008581673811656,0.0002693299044831,0.0008586204917737,0.0010080187466428,0.0005412368275052,4.124116130860877e-05
2017-11-09,-0.0018628194345357,-0.0021339156299987,-0.0016589779730867,-0.0022629962449574,-0.0016600317335112,-0.003043624571956,-0.0018442876281378,-0.002178298603927086
2017-11-10,0.0015893295242372,-0.0026715156834727,-0.0032351360886354,-0.0028948931049516,-0.0032369927052267,-0.0014185577740518,0.001586872387852,-0.0034763929264574377
2017-11-13,-0.0017400589998166,0.000810138624314,0.0002705377348655,0.0006632641539572,0.0002699039377636,-0.0013278090282295,-0.0008307078696767,0.0002715477534381241
2017-11-14,-0.0018355508686714,-0.0042562122798749,-0.0018318613142522,-0.0042568369944485,-0.0018318624749672,-0.0026421248626602,-0.0031981513438024,-0.002637128555876498
2017-11-15,-0.001185959120439,-0.003152163000389,-0.0014570380653459,-0.0031526276437015,-0.0014570389902575,-0.0014985474695842,-0.0031589958612924,-0.000301648143926901
2017-11-16,0.0044136835505304,0.0061979288114897,0.0048989504699223,0.00619884530404,0.0048989535842596,0.0053212017214694,0.0060243567856059,0.0034281437987087487
2017-11-17,0.0024630148929236,-0.0009367621058626,0.0035476593065355,-0.0009368997722307,0.0035476615508418,0.0032052954316084,-0.0007226119662555,0.002707016551519501
2017-11-20,-0.0011735029288786,0.0009005895949043,-0.0021164579148087,0.0009007220778647,-0.0021164589703766,-0.001477117643748,0.0019504065312865,-0.0011639037466690113
2017-11-21,0.0055669435960166,0.005379376161086,0.0055722041068866,0.0053793754490518,0.005572204112781,0.005926888995452,0.0045329638964317,0.003910742005096792
2017-11-22,0.0037274688400721,0.0021678351471092,0.0037309716120181,0.0021678348617018,0.003730971615943,0.0034077045993416,0.0004267283083851,0.002001599701959593
2017-11-24,0.0013408629675388,0.000719459557035,0.0013421183177859,0.0007194594625188,0.0013421183191923,0.0010655743924978,0.0026578867364406,-0.0001432615282205877
2017-11-27,-0.0028855020709758,-0.0016886193196455,-0.0023174255993653,-0.0032969401436372,-0.0023174255990888,-0.0029432766350016,-0.0032979161647043,-0.0016743075887738147
2017-11-28,0.0021001272832761,0.0036905191505678,0.003074428224447,0.0020838774322362,0.0030744282244461,0.0025798480019085,0.0028999992673044,0.002210921274919167
2017-11-29,-0.0055171829849591,-0.0028597697096809,-0.0040499253892495,-0.0050583579417503,-0.0040499253892481,-0.0059882808467965,-0.0010698607930846,-0.004744976275227095
2017-11-30,-0.0006037333317616,0.0012256745195962,7.618279868393252e-05,-0.000123009012379,7.618279868393252e-05,-0.0008483714267867,0.0021980690291794,-0.001565102525887778
2017-12-01,0.0018011502546175,0.0004556460734088,0.0017131403497216,0.0012336114416764,0.0017131403497212,0.0018646590718611,0.0003476293988553,0.001928883318412254
2017-12-04,-0.0035249188850909,-0.0021136063826703,-0.0034185340336897,-0.004425149021783,-0.0033772199971213,-0.0038455277929848,-0.0032295522358025,-0.0020591111327335127
2017-12-05,-0.0011691107277294,-5.09648677954333e-05,-0.0002663692339777,-0.0007242644839651,-0.0013226389148063,-0.0018402918579216,-0.001179030991892,-0.0011126856541857886
2017-12-06,-0.0026030421993621,-0.0021634971871611,-0.0025975868544664,-0.0026939464871149,-0.0028766654458937,-0.003151503780544,-0.0025963869905886,-0.0017796949913062193
2017-12-07,0.000850603686497,0.0032661441838799,0.0029846079008573,0.0043884798001798,0.0011080901568225,0.0003880733449326,0.0008553851530144,-0.000608413238654827
2017-12-08,0.0025414231351397,0.0029574363272413,0.0026769832687743,0.0030392879752556,0.0026613970579569,0.0033809174309054,0.0025469147718593,0.0025396398606918253
2017-12-11,0.0015632060187698,0.0027999000943057,0.0021885789276536,0.0025815946709815,0.0020582090161427,0.0014265966621531,0.0015810840058021,0.0005485011090580613
2017-12-12,-0.0013226595244973,-0.0019028850773801,-0.0013708150024075,-0.0019066412051949,-0.001376890532495,-0.0013529320141025,-0.001320087351459,-0.0008285653528777357
2017-12-13,0.0024403679028115,-0.0017071815772222,0.000632411706436,-0.0017143219653773,0.000622530067825,0.0031227947230458,0.0024531404885217,0.0024419943891055215
2017-12-14,-0.0010014510064318,-0.0011195886624936,-0.0006734604074581,-0.0011242966261441,-0.0006730058765402,-0.0014990792906325,-0.0010163163275009,-0.0010876778274981132
2017-12-15,0.0027800975423981,0.0017941175385942,0.0025425351754491,0.0017983952020064,0.0025480766466399,0.0039610654896482,0.0027977561732195,0.0031953997177861823
2017-12-18,0.0035267807056205,0.0027251642544852,0.0032777671867689,0.0027341516114685,0.00315543374869,0.0040252286348221,0.0035620624429129,0.0018785314651345113
2017-12-19,-0.0041504113296213,-0.0036720333008031,-0.0034988862397308,-0.0036755135894191,-0.0036080960390811,-0.0048619966415495,-0.0041679516497905,-0.003913561888126437
2017-12-20,-0.001162855311694,-0.0014248810471042,-0.0007324826674733,-0.0014242375247887,-0.0011250294392408,-0.0013414967971059,-0.0011673647176384,-0.0013156569624302543
2017-12-21,0.0018783209304711,0.0014655745486298,0.0017894337586361,0.0014691961905299,0.00157692574501,0.0019978754177023,0.001882494643334,0.0014801935492275607
2017-12-22,0.001483211167647,0.0004627308390456,0.0014338363067927,0.0004626849317956,0.0006724692083925,0.0022511095400929,0.0014845922635249,0.0021277136730988135
2017-12-26,0.0023384700870239,0.0009017288867436,0.0010996450258011,0.0009025145864398,0.0011140734242978,0.0029611480869389,0.0021414565223432,0.0025943740661330188
2017-12-27,0.0030539091465404,-0.001030709130085,-0.0006576998687319,-0.0010317492907436,-0.000195314000303,0.0031487655640707,0.0022163853869543,0.0027534871040625023
2017-12-28,0.0026099212568655,0.0009383993840172,0.0012761810033907,0.000939744257868,0.0020850165107113,0.0025830933964339,0.001836141882078,0.001191339225559199
2017-12-29,0.0007944755296518,-0.0019249582971598,-0.0002346891373355,-0.0019296625042034,-0.0002932015124678,0.0005045457202079,0.000173901874056,0.00031715781228842417
2018-01-02,0.0048262689743989,0.0031217861549546,0.0044479649395379,0.0031649131287985,0.0049262816227093,0.0048218179745407,0.0040067293584504,0.0019468098472261294
2018-01-03,0.0035115772170055,0.0027208977517096,0.003527882056332,0.003418045778359,0.0033917567020742,0.0040572246182466,0.0035297574399573,0.0036335465391330113
2018-01-04,0.0012445181970268,0.0010731304482647,0.0012360896862848,0.0013405757566873,0.0013318717327273,0.0010703919690493,0.0012472778948597,0.0005064527513265192
2018-01-05,0.0013805257029777,0.0015084503465829,0.0013859102722817,0.0015906550882216,0.0015776599452925,0.0015476223846089,0.001401197581722,0.0008999474315154432
2018-01-08,0.0004328104414741,-9.629748338424449e-05,0.0004370416036931,-8.073560613230946e-05,0.0004994507537363,0.0007828028122169,0.0004868645168849,0.0008929091596659073
2018-01-09,-0.0025264100437543,2.841236222694832e-05,-0.0025263993587734,2.841192004154891e-05,-0.0018561300734487,-0.0025679367451093,-0.0024090692155648,-0.0023731204520989328
2018-01-10,-0.000947481530462,0.0007401973806795,-0.0009474775131159,0.0007401858612161,-0.0008951392957141,-0.0011786243806163,-0.0009427468925323,-0.001039832990327423
2018-01-11,0.0043177787206123,0.0046588349537868,0.0043177603957569,0.004658762503402,0.0041937576963384,0.0043433277925752,0.0043860783719287,0.0026128458747703698
2018-01-12,0.0050319439756105,0.0062736491239063,0.0050319227116166,0.0062735520136678,0.005165849663862,0.0046067211999614,0.0051558767909272,0.001649649860279923
2018-01-16,-0.0009722234020256,-0.0015410484290847,-0.0007921223659728,-0.001541064329902,-0.0010511157470634,-0.0019172814707634,-0.0013265445890725,-0.0017139809126855304
2018-01-17,0.0010432024255597,0.0013335446370308,0.0013325451189551,0.0013335446582678,0.0013328906024641,0.0020419899605303,0.0022166996385184,0.0013663127360964906
2018-01-18,-0.0012600567198161,-0.0007838127430557,-0.0007832260417113,-0.0007838127555215,-0.0007834288352138,-0.0025988186035961,-0.0029669955470083,-0.002866658345411874
2018-01-19,0.0013594289345508,0.0017339231362036,0.0017326242386792,0.0017339231638018,0.0017330732028411,0.0021356707571331,0.0022243815138209,0.0012889728830709883
2018-01-22,0.0025894361280687,0.0032192067124241,0.0028312810657382,0.0032192067138432,0.0028313131048742,0.0036376800655857,0.0039669336300491,0.0019257363677819635
2018-01-23,0.0029984461216543,0.001331826156349,0.0021608212441013,0.0013318261563473,0.0021608211750656,0.004799266726301,0.0051471911579228,0.0036941688287268786
2018-01-24,0.0014062513460626,0.0025854753919107,0.0050530948992031,0.002585475391907,0.0050530947381115,0.0020047115082255,0.0029410448142799,0.000508246738565846
2018-01-25,-2.5154483262568306e-05,-0.0022348620001685,-0.0028279084404324,-0.0022348620001654,-0.0028279083507326,-0.0009543648572176,-0.0016079162299089,-0.0005044243516497233
2018-01-26,0.0043387255013269,0.0056053081432085,0.0059855305904965,0.0056053081432008,0.0059855304001001,0.0052342478630231,0.0046854906124333,0.0023994730987225675
2018-01-29,-0.0054804736655225,-0.0027770596229872,-0.0038051679877485,-0.0027770596229846,-0.0038051678946037,-0.0067876693899251,-0.0065280900799604,-0.004745675592138283
2018-01-30,-0.006411021733079,-0.0051189220885794,-0.0051242049975535,-0.0051189220885795,-0.0051242049970743,-0.0070517737091863,-0.0065837154682304,-0.005401106074616894
2018-01-31,0.0037982928094062,0.0014483270010676,0.0014498294245772,0.0014483270010676,0.0014498294244411,0.0040253190186758,0.0037742180681887,0.0029389673915991925
2018-02-01,-0.0025901921252419,0.0010575371678012,0.0010586326168597,0.0010575371678014,0.0010586326167603,-0.0032523845651164,-0.0033008991172398,-0.003843911316880112
2018-02-02,-0.0142909322302353,-0.0126076421086079,-0.0126206879142327,-0.012607642108608,-0.0126206879130496,-0.0149677254464059,-0.0110597233898129,-0.01004780222010221
2018-02-05,-0.0128401696521882,-0.0140910091932731,-0.0140936272050989,-0.0140910091932729,-0.0140936272048615,-0.0178327071289562,-0.016294839907274,-0.009148937897481607
2018-02-06,0.0059452377541928,0.0062845509255222,0.0062845676137486,0.006284550925522,0.0062845676137468,0.0074467086092824,0.0054625579239553,0.0034703411417514284
2018-02-07,-0.0065763508582007,-0.0040157671308151,-0.0040157777278324,-0.0040157671308151,-0.0040157777278314,-0.0098416855032833,-0.0078179307228203,-0.006158715386613721
2018-02-08,-0.0122063818828438,-0.0102011732843928,-0.0102012003123226,-0.0102011732843929,-0.0102012003123203,-0.0184518217572786,-0.0157301231587815,-0.01102714140597131
2018-02-09,5.371167067136362e-05,0.0020750203125838,0.0020750258669957,0.0020750203125838,0.0020750258669954,0.00171436571947,0.0029111081661086,0.0013124943821188678
2018-02-12,0.0056400882240552,0.0026860490167524,0.0038119637403555,0.0026860490167524,0.0038119637403541,0.0081935177105696,0.0062340485523253,0.004919229082022417
2018-02-13,0.0012021454837793,0.0010955752599135,0.0011456386818813,0.0010955752599135,0.0011456386818815,0.0018954946914797,0.0023748800172858,0.0009103531242898326
2018-02-14,0.0082308930201859,0.0058983060660937,0.0102040031368333,0.0058983060660937,0.0102040031368333,0.0105179626092082,0.0072852517879,0.004358037544222477
2018-02-15,0.0055410636797219,0.00180206146783,0.0029228807861556,0.00180206146783,0.0029228807861554,0.0079051364471556,0.0074137251515558,0.005154489833681893
2018-02-16,0.0007712060483453,-0.0021438308392642,-0.00133261771153,-0.0021438308392643,-0.00133261771153,0.0016348947157491,0.0015741392555799,0.00223699424731899
2018-02-20,-0.0031019559042032,-0.0006599603397031,-0.0011507441251298,-0.000659960339703,-0.0011507441251298,-0.0053666570820577,-0.0048053745354693,-0.003809309815189639
2018-02-21,-0.0025358394881386,0.0004904274560275,0.0004906684271672,0.0004904274560275,0.000490668427167,-0.0047483074895504,-0.0050436956842819,-0.0037080522320766655
2018-02-22,0.0022516530131901,0.0015043373593666,0.0015050761518264,0.0015043373593666,0.0015050761518264,0.0041768104739026,0.0034813768318862,0.00256407528945573
2018-02-23,0.0053146541998374,0.0030432154900166,0.0030447077921649,0.0030432154900164,0.0030447077921651,0.0088513650023269,0.0087652848762715,0.00702068947473708
2018-02-26,0.0032152420453517,0.0027328238520685,0.0028721643511662,0.0027328238520687,0.0028721643511662,0.0051836607422335,0.0045610576028585,0.003650593491690472
2018-02-27,-0.0056913371108219,-0.0043131169457851,-0.0047288676145755,-0.004313116945785,-0.0047288676145756,-0.0100239659568438,-0.0098462069640491,-0.00719471402663441
2018-02-28,-0.0047177545041778,-0.0058004136517932,-0.0061250282950351,-0.0058004136517932,-0.0061250282950352,-0.0060637628486469,-0.0051326262997071,-0.002851826543985308
2018-03-01,-0.0026615685035517,-0.0032847212071601,-0.0036748780857134,-0.0032847212071601,-0.0036748780857132,-0.0031630744954302,-0.002648359117312,-0.0019476027698360895
2018-03-02,0.0021709797982092,0.0039625788036719,0.00419479557534,0.0039625788036719,0.00419479557534,0.0020848461757927,0.0022506150284602,0.0002534431237092135
2018-03-05,0.0025125677211013,0.001610556559294,0.0025110665777379,0.0014722314904489,0.0028485884272488,0.0039771898413651,0.0025291859077882,0.002437648918349045
2018-03-06,0.0021587926286568,0.0004318274197414,0.00159608839315,0.0009406035480594,0.0018893177472052,0.0042884650736425,0.0021467720919559,0.0030067047397300227
2018-03-07,-0.0014496226801672,-0.0016551428150293,-0.0006982436423758,-0.0006198471287005,-0.0011539127859678,-0.0027580137696336,-0.0014479869869575,-0.0016516288195745606
2018-03-08,-0.0009100181823963,-0.0021464047959826,-0.0023493819077986,-0.0026318721025608,-0.0021206572412317,-8.97490997689987e-05,-0.0009229627926657,0.001590634757711317
2018-03-09,0.0050913630179549,0.0043174043279234,0.0060236780632541,0.0053365281523343,0.006674976656493,0.0076305753316934,0.0050642910710896,0.004598285734297158
2018-03-12,0.0003680513256256,-0.0006362741919051,-0.0016203053376135,-0.0004822486044794,-0.0017612824166942,0.0004227464123021,0.0001210009578367,0.0004075235420060396
2018-03-13,-0.0020009922435486,-0.0025988655192069,-0.0035000829735192,-0.0025984650342855,-0.0035005772755989,-0.0025427174488705,-0.0024010630905897,-0.002000065890783349
2018-03-14,0.0007065056207009,-0.0013913304644493,-0.0014516617624956,-0.0013911155019887,-0.0014518674947967,0.0009394071103527,0.0002506574324703,0.0007322211379224906
2018-03-15,-0.0006643659545352,-0.0020223983649793,0.0002861096357134,-0.0020220854663866,0.000286150242678,-0.0010136102348473,-0.000662413562301,-0.0004229660774402595
2018-03-16,0.0006114677970168,0.0005235513466634,0.0016651057541963,0.0005234701804557,0.0016653420116985,0.0010411648851142,0.0009334684627364,0.0007213327474256898
2018-03-19,-0.0039003966804068,-0.0017500423920142,-0.0024422449034271,-0.0017499893170579,-0.0024422998719008,-0.0059559533810189,-0.003542782813092,-0.005051577388308127
2018-03-20,0.0014874012353183,0.0016672736053604,0.0033113635488135,0.0016672735167149,0.0033113637312798,0.0017342462038472,0.0015260404480874,0.0009117936234485818
2018-03-21,0.0044581647392443,0.0069855108469396,0.0013526671587344,0.006985510476152,0.0013526672330246,0.0065800177140245,0.0044132957743341,0.002616599526973317
2018-03-22,-0.0067434577574756,-0.0090992593033387,-0.0070974837304972,-0.0090992588237051,-0.0070974841197729,-0.0099711590451084,-0.0069557656192517,-0.006421305998994332
2018-03-23,-0.0014720650715556,0.00059036557007,-0.002568396736158,0.0005903655386654,-0.0025683968780337,-0.0030558448771246,-0.0015773158100149,-0.004185943522014569
2018-03-26,0.0066117603644366,0.0042397607155391,0.0048828523608515,0.004239760479185,0.0048828525160811,0.0099089814968247,0.0068388100927145,0.007216932014811653
2018-03-27,-0.0050594292341715,-0.0039086180073072,-0.0074219805300522,-0.003908618008227,-0.0074219805289058,-0.0062310589070668,-0.0054412606560114,-0.0029303129819482354
2018-03-28,-0.0031227626672789,-0.0058881777360449,-0.0039990916716833,-0.0058881777374364,-0.0039990916710608,-0.0024622691338688,-0.0032041307485801,0.000422785620428387
2018-03-29,0.0051800394073455,-0.0002756976251887,0.0026684900877016,-0.0002756976252541,0.0026684900872846,0.007616170287211,0.0053758601283904,0.0054189368437085605
2018-04-02,-0.0065413127138865,0.0013905289208739,-0.0060065406331978,0.0013905289212632,-0.0060065406330727,-0.0088957453448134,-0.0067796214854433,-0.0057770140738891435
2018-04-03,0.0019378109127969,0.0002016409633442,0.0033758349380983,0.0002016409633442,0.0033758349380978,0.0022983275969785,0.0019382758623169,0.0016509069932659191
2018-04-04,0.0017425935529433,-0.0010191696109306,0.0016055359305899,-0.0010191696109302,0.0016055359305897,0.0025136935390017,0.0017430108540548,0.0019665237564300345
2018-04-05,0.0003168595257383,-0.0005589210459923,0.0015310073271326,-0.0005589210459922,0.0015310073271324,0.0011626880483222,0.0003169352724676,0.0014735105310813327
2018-04-06,-0.0036931479576886,-0.0012104527788886,-0.0058226187732429,-0.0012104527788882,-0.005822618773242,-0.0060375069442247,-0.0036940305419997,-0.00450155450555324
2018-04-09,0.0036159882441608,0.000597340974745,0.0024354518884646,0.0005973409747443,0.0024354518884643,0.0053059343449159,0.0037032783657264,0.002807896048917622
2018-04-10,0.0070883324776718,-0.0035612782375467,0.0067151084137531,-0.0035612782375465,0.0067151084137531,0.009843868979255,0.0073675425320927,0.0058136115798941125
2018-04-11,0.0013882651895,0.0003364381026833,0.0006073420598198,0.0003364381026831,0.0006073420598196,0.0024770013745196,0.0015089289312817,0.0012475645066244495
2018-04-12,0.0009573307313848,0.0001485903006437,0.0020797763447553,0.0001485903006437,0.0020797763447555,-0.0005331142957176,0.0009950158499971,-0.00089052703666625
2018-04-13,-0.0007202668905166,0.0003395874668081,-0.001295223993772,0.0003395874668083,-0.0012952239937721,0.0002104564007037,-0.0006794198630553,0.0004697521096584409
2018-04-16,0.000580700885193,-0.0025602536467738,0.0002084908104915,-0.0025602536467734,0.0002084908104915,0.001061345759836,0.0004384507875299,0.0008670788168750653
2018-04-17,0.0015016000995906,-0.0034645510880486,0.0009617515806532,-0.0034645510880487,0.0009617515806534,0.0037639695619449,0.0015324364159126,0.0034862467926865064
2018-04-18,0.0011800175415126,0.0022543906455319,0.0036975485739936,0.0022543906455319,0.0036975485739936,0.0031525962709331,0.0017331981710828,0.0019657456375514457
2018-04-19,-0.002865337415796,0.0024963815130616,-0.0007386655168701,0.0024963815130616,-0.0007386655168701,-0.0048777113247462,-0.0029520755978903,-0.0035520067843559763
2018-04-20,-0.003261967816639,0.003170437537419,-0.0010988941457862,0.0031704375374188,-0.0010988941457863,-0.0057156966228568,-0.0032386496565085,-0.00420816280155686
2018-04-23,-0.0002811730327298,0.0012728776319699,-0.0005414514056645,0.0012728776319708,0.000346407488325,-0.0017091800844348,0.0001968057793853,-0.0014740185424924211
2018-04-24,-0.0030056504596276,0.0024547095360849,-0.0014094562950723,0.0024547095360849,-0.0020821241806155,-0.0051917059550232,-0.0040753339593313,-0.003396848906637427
2018-04-25,0.000249551925707,0.0010807572871194,-0.0003439089098399,0.0010807572871194,0.0007935541214991,-0.0013778422422847,-0.0008874217774901,-0.0014139480548565396
2018-04-26,0.0011356527368584,-0.0039295282368755,-0.000308232912161,-0.0039295282368755,-5.921002548647802e-05,0.0049993800172374,0.0024356744446256,0.005138234008460843
2018-04-27,-0.0010781365208386,-0.0022106509403809,-0.0014431715468875,-0.0022106509403809,-0.0014408637749399,0.0011667226973228,0.0003125720114502,0.0021356384452320782
2018-04-30,-0.0018056282867325,0.00029418474607,-0.0034086819084312,0.00029418474607,-0.001526532138926,-0.0030505554724249,-0.0012087862289122,-0.0016425489810896858
2018-05-01,-0.0013876330843096,0.0008424205658816,-0.0009230512418725,0.0008424205658816,-0.0009213112650598,-0.0021644209396519,-0.0013266613456948,-0.000337002629835044
2018-05-02,-0.0011960314592616,0.0006735001298987,-0.0010855331380507,0.0006735001298987,-0.0010834849914433,-0.0006086826598573,-0.0010877349603032,0.00025370156876684504
2018-05-03,0.0011650981523139,9.09049655586358e-05,0.001156397463673,9.09049655586358e-05,0.0011542132461253,0.001626250894448,0.0011093672652031,0.00026002388916894037
2018-05-04,0.002042173631535,-0.0025009030157338,0.0017384019973161,-0.0025009030157339,0.001735122268057,0.005984716857087,0.0018565967768671,0.004757801324101103
2018-05-07,0.0002693721609161,0.0005537708065819,0.0003882708355729,-4.8195065813216864e-05,0.0003876571875349,0.0011034184998701,0.0006684488153401,0.0009762783456209286
2018-05-08,0.0003016621074569,0.0003657356995305,0.0008656100277648,0.0001144090476472,0.0008656105587387,0.000271664845411,0.0005873003100094,0.00023521322089843622
2018-05-09,0.0020387918867208,0.0020542101036571,0.0028200565468883,0.0013037672940827,0.0028200582752437,0.0029556893837263,0.0032087348734328,0.002069151921636838
2018-05-10,0.005348601031923,-0.0036690272800082,0.0008880541468601,-0.0047015775546149,0.0008880546895999,0.0072823791586713,0.001535049668041,0.00496747497719356
2018-05-11,-0.0002217666897563,-0.0012977403999969,-0.0006388793535424,-0.0014534691063313,-0.0006388797436512,-0.0006717923844193,-0.0007273382049172,-0.0005390191006106855
2018-05-14,-0.0012033271398336,-0.001492935474921,0.0022528346795154,-0.0016226481577393,0.0021993246529599,-0.0014134954097921,0.0023515561258886,-0.0008959337249235615
2018-05-15,-0.0072896476801815,-0.0047339042504067,-0.0005637065524114,-0.0047345192958295,0.0002624519961116,-0.008662343047301,-0.0004111266695264,-0.0061197601942106815
2018-05-16,0.0020087599000584,0.0025349817360234,0.0026394773225535,0.0025353126564795,0.0024150610386453,0.0024384469107856,0.0025252959539114,0.0018059023605016481
2018-05-17,-0.0009513725265765,-0.0004265771536952,0.0004407385867444,-0.0004266326989155,0.0003771134462529,-0.0011644436653875,0.000444324764129,-0.0010844795083656958
2018-05-18,-0.0004083030013066,-0.0007837001759909,-0.0027400564489372,-0.0007838022662648,-0.0025486486440559,0.0001403575417782,-0.0028093685355906,0.0008038171974015891
2018-05-21,0.0022405903695703,0.00282495651717,0.0017088130469367,0.0030692630773998,0.0016875735181878,0.0045609849555876,0.002152091993772,0.0032167468575200037
2018-05-22,-0.0007579817141938,-0.0006592051453448,-0.0007583841040714,-0.0004613144049904,-0.0007584001846552,-0.0012352102303607,-0.0007408973910721,-0.0004803064481361834
2018-05-23,-0.0018413327003664,0.0023198846190535,-0.0011797383543419,-0.0004254408296677,-0.0011797633882,0.0002062479715774,-0.0016538386414562,0.0025066291254823144
2018-05-24,-0.0022844795630287,-0.0017887958725741,-0.0025329374509428,-0.0036328079553659,-0.0025329912629531,-0.001349068157226,-0.0024644956669127,0.0007450716273218471
2018-05-25,-0.004746899039645,-0.0007117451977032,-0.0039992876351957,-0.0029973964834181,-0.0039993728154342,-0.0063205739399475,-0.004913638540438,-0.0007792528703750588
2018-05-29,-0.0068176635663315,0.004365326778515,-0.0064409681987547,-5.423470866416924e-05,-0.0075096278871884,-0.0071047074669373,-0.0086124270411109,0.0001649582402567739
2018-05-30,0.0050232386933386,0.0001142306609407,0.0034927084663527,0.0001022473742056,0.0047472590844905,0.0077755512768247,0.0062690696609963,0.0028063076776800515
2018-05-31,-0.0018653906950675,-0.0006731735315405,-0.0015517694587938,-0.0006609683075956,-0.0017187433362896,-0.0041126982179326,-0.0014971956846874,-0.0026041330211069706
2018-06-01,0.0009769390958345,-0.0011873733799055,0.0008195246375375,-0.0012012631749968,0.0023050560218889,0.0013376395451942,0.0026042603339586,0.0009790216310860318
2018-06-04,0.0017979712162352,-0.0019720946754909,-0.0002945741829031,-0.0020034113437416,0.0013409133907402,0.0013985396551767,0.0011354262970484,-0.00016377731711695643
2018-06-05,-3.224204799190389e-05,0.0006240863904443,-0.0001402547292346,0.0006241059739846,4.818488995894654e-05,0.001032727394979,0.0004103352018121,0.001073340596021037
2018-06-06,0.0038191980406641,0.000147941891867,0.0027968140840963,0.0001479465313192,0.001901229595425,0.0046903127958191,0.0023839288184168,0.0012370364928352682
2018-06-07,-0.0022138926727282,0.0010328921065327,-0.0026069532741315,0.0010329244931988,-0.0012039938451045,-0.0015745111302069,-0.0006132851138797,0.00023133526027393667
2018-06-08,0.0005393475085468,-9.68357746160553e-05,0.0002226767945638,-9.683880779987052e-05,9.847761648029696e-05,0.0005776698350303,5.4634540716858027e-05,-5.2396392144082036e-05
2018-06-11,0.0008485346019071,0.0002056482915773,0.0014070876601797,0.0006834530720709,0.0012397302194118,0.0018860687383659,0.0005947377499833,0.0010396338997907826
2018-06-12,0.0003376913538177,0.0018789084501966,-0.0005039934528872,0.0008898567793054,-0.0005040776955036,0.000482593521353,0.0003072754807702,0.0003985145295150094
2018-06-13,-0.0015044012845675,-0.0008435066030341,0.0021832433535164,-0.0006793909789848,0.002183608467168,-0.001998312736356,-0.0015513780467495,-0.0011257487414477495
2018-06-14,-0.0020118750481104,0.0034499637816349,-0.0002638825113326,0.0031492844065073,-0.0002639265454443,0.0013507946085196,-0.0006007080825323,0.004173654989032972
2018-06-15,-0.0035745971573342,-0.0034248438612207,-0.0076519474026299,-0.0041656896860633,-0.0076532246212541,-0.0092379393732584,-0.0037525914824326,-0.005586555951993761
2018-06-18,0.0002767740561213,0.0024429957991973,-0.0003219454750263,0.000637810229904,-0.0003223002104136,0.0005009008870351,0.0005324060768747,-0.0003721554324397616
2018-06-19,-0.0031930635198397,-0.0002989627824783,-0.0029250989467924,0.000173714535999,-0.002925099984763,-0.0052234605178949,-0.0023813918631161,-0.001711793002619386
2018-06-20,0.0016728462412693,0.0020823589635732,0.0014561732586377,0.0015708531285738,0.0014561737768763,0.0017699463292404,0.0015929704651325,-5.427626815124212e-05
2018-06-21,-0.0037698160934084,-0.0001884558543491,-0.0029687322722812,0.0002014342224723,-0.0029687333272894,-0.0057485363690855,-0.0022409347371448,-0.002328175183599425
2018-06-22,0.0035755595015183,0.0020785556217963,0.0030924711047153,0.0021431765139412,0.0030924722069693,0.0081018566809252,0.0047087948465343,0.0037971704680918035
2018-06-25,-0.0059127126395626,-0.0038955785079609,-0.0048143144066457,-0.0037592449752751,-0.0046822563805984,-0.010823357070087,-0.0055012280248788,-0.005514110646100053
2018-06-26,0.0015692981561499,0.0038579722776761,0.0022412950964465,0.0036310523399858,0.0017665210719526,0.0036459644037802,0.0018575165772014,0.0026399473777701647
2018-06-27,-0.0046961104577729,0.001651513644308,-0.001655517414654,0.0001693246943426,-0.0010922251777039,-0.0055919293356712,-0.0025765512151035,-0.001001513954352139
2018-06-28,0.0026002704373835,0.0018944399672014,0.0006951963346597,0.0016074434627475,-0.0005016427093624,0.0035682627420152,0.0025213541165782,0.0011494984112672317
2018-06-29,0.0033519597684739,-0.0007663614114234,0.0001429586159418,-0.0002852724360039,-0.0001279854301995,0.0042284767103097,0.0027607223460535,0.0008149182176915321
2018-07-02,-0.0024613050584993,0.0001860578496133,0.0009942434700909,-0.0009982032108277,0.0004490914256607,-0.0045193649826001,-0.0019290174904664,-0.002025494630370494
2018-07-03,-0.0008554403911021,-0.0016499742262604,-0.0038043183376992,-0.0016519301789255,-0.002835986056039,0.0005857233286497,-0.0008549841707597,0.0013109050319398317
2018-07-05,0.0031565773640218,0.0016637661137763,-0.0009980910896162,0.0016657416794536,0.0005377731760838,0.0053928409413754,0.0031548924691622,0.0033365249497991677
2018-07-06,0.0033324277781505,0.0020448148044309,0.0003269984532237,0.0020472387918293,0.0010180137869542,0.005277963955903,0.0033306546132831,0.0031540216240496617
2018-07-09,0.0037865813833992,-0.0010812247636526,-0.0002035468975489,-0.0010834359021502,0.0001611897504798,0.0047570920339714,0.0039088087060221,0.0023857751744612954
2018-07-10,0.000115396002426,0.0005550958652591,0.0006555249895778,0.0005550970939842,0.0006839767022321,-0.000224166218716,0.0001406425444843,-0.0004519711078028432
2018-07-11,-0.0071793108369617,-0.0006634112850264,-0.0013783779912678,-0.0006634127526969,-0.0016072054128423,-0.0095574298017397,-0.0079005129197783,-0.005501485090195553
2018-07-12,0.0036156655855568,0.0004741982384022,7.534582634205478e-05,0.0004741992881713,0.0005635277795861,0.0052390121306504,0.0036909406258096,0.0039021535947085678
2018-07-13,0.000360590767698,0.0006633345548678,-2.213714219301277e-05,0.0006633360226468,6.578425697734147e-06,0.0002668706129291,-3.4796795845504214e-05,0.00020583138640105846
2018-07-16,-0.0038467435458352,-0.0024593800173352,-0.0025352509802925,-0.0024593832712627,-0.0025385011562959,-0.005124463228433,-0.0030751493972611,-0.003948799951082009
2018-07-17,3.408966735318764e-05,0.0016547764182568,0.0020018909788102,0.0016547764236547,0.0022959794490264,-0.0001025515615835,0.0014951398376819,6.700955847506224e-05
2018-07-18,0.0004720176056394,-0.0001838837643649,0.0007677450880074,-0.0001838837649636,0.0013543388966843,0.0004936248483315,0.0013281834345706,0.00040453755557616104
2018-07-19,-0.0006713661097252,0.0032881103371171,0.0027947207398657,0.003288110347827,0.0018644035629378,-0.0003995240867681,-0.0004236639348522,0.00010721887437278914
2018-07-20,0.0004454195610434,-0.0051464923634366,-0.0038060248148389,-0.0051464923801447,-0.0019376887686231,-7.774929655834928e-05,0.0014119579304052,-0.0010531609506829976
2018-07-23,0.001104545024066,-0.0001860591782421,0.0026572664443629,-0.0001860591774158,0.0031576650964786,-0.0006002056881738,0.0018734211000557,-0.002160724966569074
2018-07-24,0.000285660909715,-0.0013566033937807,-0.0018880912123495,-0.0013566033937795,-0.0018871493880174,0.0018875396188675,0.0005725541407797,0.002224613755331808
2018-07-25,0.0037855266633877,-0.0006169921407923,0.0010745377699379,-0.0006169921407918,0.0010740007517762,0.0071350095379705,0.0047462110301013,0.003901149652434612
2018-07-26,0.0007671345024389,0.0023372723227361,0.0025777815417236,0.0023372723227341,0.0025764946345687,-0.0010246886783484,-0.0005577033279525,-0.0012379909465459235
2018-07-27,-0.0043251593621964,-0.0039630194998813,-0.0050269398273551,-0.0039630194998778,-0.0050244366750556,-0.0057724624312416,-0.0039252125767027,-0.0018531049437561136
2018-07-30,-0.0007387619271944,-0.0020023117634563,0.0004329169869847,-0.0020023117634557,0.0004654840129685,-0.0023091126029031,-0.0006385958561736,-0.0014519848139656463
2018-07-31,-0.0011966484454182,0.0027909083264294,0.000631351888652,0.0027909083264294,-0.0001231484516931,0.0019145178829855,0.0014395379241258,0.002651073901769399
2018-08-01,9.47955281824786e-05,0.0018723768425297,0.0041297496375418,0.0018723768425297,0.0025481286887341,-0.0027671506677074,0.0002305168386298,-0.0028957679388235233
2018-08-02,0.0025368493170165,0.0041476059195761,0.002788264907011,0.0041476059195761,0.0033968039081031,0.0033608869244761,0.0020935999619333,0.0013711250969502154
2018-08-03,-0.0014084656478743,0.0004876046587733,-0.0018433705716331,0.0004876046587733,-0.0013964270502383,0.0013836952654124,0.0001369368101691,0.002694076332261982
2018-08-06,0.0012684478126105,0.0028866856429472,0.0023288681486857,0.0028866856429476,0.0027414192792485,0.0011211991284219,0.001433037997981,0.00023861131731863817
2018-08-07,0.0023446783607288,-0.0021300493753955,0.000252956962752,-0.0021300493753954,0.0002521325427982,0.0030417815507857,0.0023982318214903,0.0009013087364553798
2018-08-08,-0.0026960859256324,-0.0011548038203392,-0.0024205544232807,-0.0011548038203392,-0.0024218326037728,-0.0035899092864351,-0.0028170946245331,-0.0016876259083291691
2018-08-09,-0.00096025484923,0.0019876866411219,-0.0002928771845824,0.0019876866411219,-0.0002927221565711,-0.000126436669243,-0.000990520819706,0.0011514101565049922
2018-08-10,-0.0038235835037274,0.0028559977624762,0.0008727513628337,0.0028559977624762,0.0008746821253537,-0.0051750484425256,-0.0037966636540487,-0.0010070871668396392
2018-08-13,0.0001913560127329,0.0023023393974117,0.0025593766297158,0.0023023393974117,0.0024663491947309,-0.0036529821105967,0.0001772141322142,-0.003803338986290868
2018-08-14,0.0025671998250667,0.0015763881184236,0.0015838179528648,0.0015763881184236,0.0013844132400104,0.0043338509944248,0.0025626871232067,0.0023347483856948925
2018-08-15,-0.0033347832029404,0.0067154728082365,0.0027520085957686,0.0067154728082365,0.0024852137255155,-0.0097537630826528,-0.0035192573359852,-0.006840148136458145
2018-08-16,0.002545511986548,0.0001401907684277,0.0012658822543309,0.0001401907684275,0.0010489577696375,0.0053715064239023,0.0025999799703082,0.003073685099456889
2018-08-17,0.0006146645134721,-0.0012955598899776,-0.0006360116992334,-0.0012955598899777,-0.0007824122867332,0.0034006578545406,0.0006639226163762,0.002551789266632129
2018-08-20,-0.0004591743321116,2.1422103088086782e-05,0.0005186266408616,2.142210308830883e-05,0.0001168011333481,0.0013398613927437,-0.0001727253423655,0.0018582469270509152
2018-08-21,0.0007985385932522,-0.0015741539130822,-0.0010667465943166,-0.0015741539130822,-0.0010671751902479,0.0018472297985077,0.001966521448492,0.0005392524928728801
2018-08-22,0.0008333345301783,-0.0022196505995915,0.001274869324461,-0.0022196505995915,0.0012753820868542,0.0031198550423903,0.0016124816337272,0.0024372003716746126
2018-08-23,0.0014817484332079,0.0030042530937388,0.0026728918541258,0.003004253093739,0.0026739655427299,-0.0012268682601239,-1.856465051575107e-05,-0.0018651639518373416
2018-08-24,-0.0008001290603788,-0.0025367366388484,-0.0009296489752416,-0.0025367366388485,-0.0009300214151509,0.004673117693362,0.000929654521993,0.004733698949073424
2018-08-27,0.0015846394604051,-0.002189125035939,-0.001627703843434,-0.0021891250359389,-0.001627875883532,0.0035212973919993,0.0029714586483291,0.0014645904533103775
2018-08-28,0.002867421506228,0.0016035582548326,0.0012017259117589,0.0016035582548326,0.0012017261188412,0.0009967676913646,0.002539162740176,-0.0018775957598903357
2018-08-29,0.0018684264936348,-2.849015254047238e-05,0.0011061209981957,-2.849015254047238e-05,0.0011061211885743,0.0044759810994174,0.0025008318583985,0.002470213516331041
2018-08-30,0.000313203192831,0.002583297132451,0.00237994988763,0.0025832971324508,0.0023799502967993,-0.0023409700088207,-0.0019792139116795,-0.0024801882997574805
2018-08-31,0.0008770972922795,0.0011701938037862,0.0013019352639886,0.0011701938037864,0.0013019354872905,0.0009969019053812,0.0013521022628455,0.0006331971833921302
2018-09-04,0.0006547731985144,0.0007007524814053,0.0001138579265826,0.0007007524814055,0.0001138583722861,-0.0039905560733374,-0.0008391152334799,-0.004528731005241163
2018-09-05,-0.0017862444728231,-0.0005747054927381,-0.0009685438267452,-0.000574705492738,-0.0009685438263137,-0.0038113856920466,-0.0017889151637954,-0.0025893400646205024
2018-09-06,-0.0027142586506897,-0.0004742922457505,-0.0009999344234372,-0.0004742922457506,-0.0009999344229911,-0.0033085323185837,-0.0027183241283856,-0.0005440843672266741
2018-09-07,0.0002417658065365,-0.0014516666064023,-0.0013224300590559,-0.0014516666064022,-0.0013224300584654,-0.0026184853939427,0.0002421289158518,-0.00273873791798991
2018-09-10,0.0012723272797727,0.0009318127367623,0.0013291752002533,0.0009318127367623,0.0013291751998028,0.0021634061906623,0.0011046154890297,0.0010290535136809633
2018-09-11,0.0030256678788351,0.0001657572449877,0.0010318092605323,0.000165757244988,0.0010318092605328,0.0039994150458761,0.0031909272932122,0.0006478397526126342
2018-09-12,-0.0015642217297918,-0.0015474985193318,-0.0008134326152872,-0.0015474985193318,-0.0008134326152874,0.0006405483696085,-0.0011008016302629,0.0020066916613961923
2018-09-13,-0.0006656842978429,0.0009228432029093,-0.0001447575154153,0.0009228432029093,-0.0001447575154154,0.0004292057787684,0.0004862920798207,0.0006734174953570095
2018-09-14,0.0014199297945449,0.0007293368227936,0.0001957019187441,0.0007293368227936,0.0001957019187441,-0.0001146368037534,0.0016623605523098,-0.0011545097314246849
2018-09-17,-0.0035595985323898,-0.0033511607788191,-0.0035606155987539,-0.0033511607788193,-0.0030507450668945,-0.0046500580824022,-0.0028351077857496,-0.0018431141283046279
2018-09-18,0.003903773190665,0.0002008096592218,0.0011897333473993,0.0002008096592216,-0.0004767636360633,0.0044446601837255,0.0039103823327715,0.0008341176071819761
2018-09-19,-0.0005426377148762,-0.0022939359513864,-0.0016083551183024,-0.0022939359513863,-0.0025361478548303,-0.0003087993950444,-0.0005059885272648,0.00024184847198115687
2018-09-20,0.0013055763576292,-1.0853511547170848e-05,-1.0837623047210698e-05,-1.0853511547170848e-05,0.000714893260429,0.0046765420882595,0.0012615546494048,0.00277035684046026
2018-09-21,0.0003598727501061,0.0001835188954242,0.0004115521385117,0.0001835188954242,0.0003615138547534,2.085004537022428e-05,0.0003604981823637,0.000288720582721061
2018-09-24,0.0003849125754122,-0.0014139546141157,-0.0001658592964085,-0.0014139546141158,-0.0007338828325653,-0.0010165346233306,0.0004082539820555,-0.0011916253810564362
2018-09-25,-0.0002692211030604,-0.0002883387057623,-0.0004225181704812,-0.0002883387057622,-0.0002881424707316,0.0008563657519828,-0.000281785226319,0.0008606616878044665
2018-09-26,-0.0024579934861737,-0.0018660525036219,-0.0013640442896163,-0.001866052503622,-0.0018647821559124,-0.0034844042392578,-0.0023806817875237,-0.0004894026576949548
2018-09-27,0.0028062494926053,0.0029964196271481,0.0030300849157387,0.0029964196271483,0.0029943759513417,0.0036124172515996,0.0028367272654128,0.001890034038586506
2018-09-28,0.0007641156554085,0.0006718224553519,0.0006899101670991,0.0006718224553519,0.0006713656140207,0.0032682433571367,0.0006342133450565,0.0023701532044605937
2018-10-01,0.0024139527444224,0.0022239094856471,0.0021071694943741,0.0017754188800993,0.0022223492546447,0.0017437451027668,0.0023345894585491,0.0003379025955181871
2018-10-02,-0.0030175486437968,-0.0028735294270088,-0.0030184724306017,-0.0040106983942738,-0.002873533900437,-0.002339418991772,-0.0030177875685811,0.0006708809309297308
2018-10-03,0.0041962843503309,0.003253921242615,0.0041975728825207,0.0024815108352347,0.0032539263228241,0.0017440614752839,0.0041966176112764,-0.002459460672769425
2018-10-04,-0.0035200027805395,-0.0041558210404761,-0.0035210791322425,-0.0064150474029733,-0.0041558275077393,-0.0098052940692467,-0.0035202811642154,-0.0066973783513330455
2018-10-05,-0.0019293267585129,-0.0025130230687993,-0.0019299187955376,-0.0028629747837369,-0.0025130269958707,-0.0048056662025499,-0.0019294798806855,-0.003370075849061397
2018-10-08,-0.0001050286212507,-0.0009774141405642,0.0009108450094152,-0.0016043498220963,0.0009804243198383,-0.0017654449712295,0.0017141848282917,-0.001854521564682144
2018-10-09,-0.0010112404850844,9.050446566627455e-06,-0.0003390868222177,9.056129732343264e-06,-0.0003390632518992,0.0005056290843501,-0.0006490072601289,0.00159593302690421
2018-10-10,-0.008738447306703,-0.0013588006928175,-0.0079463456150842,-0.0013596539346397,-0.0079457930680344,-0.0216968581891932,-0.0104030055917596,-0.01075223792380949
2018-10-11,-0.0089080347823349,-0.0040070645879308,-0.0110867742284795,-0.0040095841995912,-0.0110859971379525,-0.0132017448236817,-0.0126038243773339,-0.003057458854478097
2018-10-12,0.003987136976099,0.0034846413469398,0.0031997775668941,0.003486841283681,0.0031995507749238,0.008429529124915,0.0033736853098043,0.004451204220851526
2018-10-15,-0.0017857479994076,-0.0005163901190137,-0.0015080364010107,-0.0005170534722664,-0.0015079369234524,-0.0021749462238968,-0.0007976044396231,-0.0007695635938795302
2018-10-16,0.0018949404436237,-0.0077563115093169,0.0005556541344458,-0.0077563166571531,0.0005556540790869,0.0121988550821743,0.0071921937100669,0.007369532987251107
2018-10-17,0.0010337081002218,0.0013483108753249,0.0011399722533915,0.001348311777189,0.0011399721398819,-0.0031257610881658,-1.3892077394550562e-05,-0.0030600151335139626
2018-10-18,-0.0024534722083857,0.0044456342686507,-0.0001714036998484,0.0044456372382628,-0.0001714036828009,-0.010308113846376,-0.004923573715812,-0.005075693186168509
2018-10-19,-0.0014991822170143,0.0002912435249866,0.0009289724012575,0.0002912437186717,0.000928972308847,-0.0007126296285673,6.606764024219558e-05,0.0005014216941077033
2018-10-22,0.0014270197002976,0.0019034553290997,2.1547484059469824e-05,0.0017512273894495,2.154753041749835e-05,0.0002896157309704,-0.0008730967724726,-0.00044747391850806446
2018-10-23,-0.0049430694418549,-0.0018899946730062,-0.0033010206972199,-0.0027862538326249,-0.0033010206970669,-0.0092107897382368,-0.0052354376713261,-0.0025438030657967603
2018-10-24,-0.0058394014975926,0.0082956642499711,-0.0003666195647445,0.0079476342874773,-0.0003666195647274,-0.0164720490767963,-0.0091672033696594,-0.0065076010416540075
2018-10-25,0.0039612653632592,-0.0047915935943386,0.003040413632533,-0.0044705678675346,0.0030404136323916,0.012002273103189,0.007644760380187,0.005423433178504591
2018-10-26,-0.0023131685155741,0.0045128400474896,-0.0039406856277004,0.0040699880980497,-0.0039406856275174,-0.0069563384797607,-0.0066369538108441,-0.0029731759415280064
2018-10-29,-0.0004703197893417,0.0024657429606627,0.0022807688180428,0.0020061065218157,0.0022807688180022,-0.0048659844176504,0.0003257628796669,-0.0033167277354556046
2018-10-30,0.0010968680591385,-0.0048964952279383,0.0010915115798189,-0.0049544840440116,0.0010915115798189,0.0057057380454059,0.0050537359982605,0.003485358392716511
2018-10-31,0.0024534672391214,-0.0015829679811582,0.00172651968249,-0.0022552627312173,0.0017265196824898,0.0013488854953815,0.0024192566072096,-0.0007028654364616034
2018-11-01,-0.0048080368077869,-0.006678271846534,-0.0054913580096306,-0.0085130175014627,-0.0054913580096307,0.0021475983426904,-0.0038344448042596,0.0054653271681052076
2018-11-02,0.0008107819493747,0.0025357646202601,-0.0012984580971352,0.0027907181670243,-0.0012984580971352,-0.0028664225831572,0.000822951303488,-0.0029001324589637764
2018-11-05,-0.0011976454779576,-0.0008687186083435,0.0022264565447605,-0.0003634786830908,0.0020757160137028,1.9441064637693017e-05,-0.0010624358198544,0.0008880126104188364
2018-11-06,0.0008286649183957,-0.0010158968390169,0.0019741805826383,-0.0010153833807426,0.002500138464522,0.0015107604725497,0.0009559689843368,0.0003986537749032119
2018-11-07,0.000723317773607,-0.0067425187690396,0.0013714299176947,-0.0067391074769185,0.0032369855774407,0.008195708129725,0.0005187196216751,0.005670198392844213
2018-11-08,0.0014401667806209,0.0043686887042535,0.0036548562060167,0.0043664634250439,0.0034237960927381,-0.0023147854329246,0.0017756586777477,-0.0031415215709813117
2018-11-09,-0.0020650391348883,0.004189459857913,0.0020128866260196,0.0041873351499703,1.7274100369002454e-05,-0.0085656125912312,-0.0015637225420706,-0.004604679552849177
2018-11-12,-0.0012205300718198,0.0058715055783111,0.0017924019647126,0.0063766168402998,0.0017339737320034,-0.0098734392417653,-0.0022237009599914,-0.004710405579435785
2018-11-13,-0.0018638502895933,0.0035283590731622,0.0031573312960375,0.0034975362034219,0.003157515454,-0.0083312147756317,-0.0049926555689152,-0.0032092321204219643
2018-11-14,-0.002749676990821,-0.0004380496195727,-0.0031887689189047,-0.001827476432889,-0.0031889543251095,-0.0021260306783454,-0.0019282612672872,0.0006499166191504741
2018-11-15,0.0013176302148105,-0.0034311549032814,-0.0010882229368394,-0.003608334097263,-0.0010882864123568,0.0062340178583886,0.0010529873337155,0.003241055827020227
2018-11-16,-0.0037324401690757,-0.0014131886665558,-0.0026187516844324,-0.0025936440304273,-0.0026189046013685,-0.0014469771123771,-0.0029494368769846,0.001769308643427369
2018-11-19,-0.0022404529203499,0.0037605969141831,0.001361021862817,0.0039235393554346,0.0025201885979957,-0.0078625689941532,-0.0031801244389123,-0.004230904768282381
2018-11-20,-0.0038271827205016,0.010980662848421,0.0072871089564374,0.0109788806250332,0.0069899666554085,-0.0161957800530219,-0.0032521487498275,-0.008047074868955183
2018-11-21,0.0001491579249763,-0.0048410901574347,-0.0039704768010563,-0.0048403129540757,-0.0037052116569912,0.0063166569098969,-7.008704601441096e-05,0.0045575023881530485
2018-11-23,-0.003052833128897,0.006374687768591,0.0048606875673922,0.0063736593790735,0.0051229638973471,-0.0110218420622429,-0.002583227697258,-0.0050027417545280275
2018-11-26,0.0017417463557536,-0.0043183639512245,-0.0024832371278687,-0.0043177697037244,-0.0026876255483,0.0103123070087385,0.0024170332208806,0.004416581498417023
2018-11-27,0.001869400173152,0.0001348244519894,0.0018854604289701,0.0001348243715229,0.0018858468337603,0.0032591517028937,0.0004486554350828,-8.417280634413895e-05
2018-11-28,-0.0021106912082631,-0.0064148589585185,-0.0060595825672755,-0.0064148551304901,-0.0060608220758789,0.0104428325535455,0.0001681110357589,0.005688644391277549
2018-11-29,-0.0011240779064528,-0.0001302368514998,-0.000127563468565,-0.0001302367732799,-0.0001275897212271,-0.0013968838185035,0.0005066127390609,0.0003667866433692113
2018-11-30,0.0016771677991969,1.2802628455377274e-05,0.0017458457912249,1.2802620765084429e-05,0.001746205133509,0.0057748375411932,0.0006611634993829,0.0008204226381667106
2018-12-03,-0.0072193829719418,-0.0087282569065667,-0.0091893231907324,-0.008728251663293,-0.0095627449876363,0.0072978870102853,0.0001480572190351,0.008658714188357328
2018-12-04,-0.0071950937773054,0.0077135772304948,0.0008208445092583,0.007713572556401,-0.0020984867937312,-0.0169859919957617,-0.0070112117285092,-0.006297966909478526
2018-12-06,0.0022719650043183,2.429360250078005e-05,0.0026255242293793,2.4293587892465496e-05,0.0031185672217659,0.0023701114535534,0.0021928607092751,-0.0005185378655763056
2018-12-07,-0.0062257714026617,0.00450068131154,-0.0011456355942942,0.0045006786052632,-0.0036602783938636,-0.0118823370435749,-0.0060374659272707,-0.0035620867018355657
2018-12-10,0.0037135103999927,0.0018442289468159,0.0025165279734962,0.0026592871525106,0.0024232457069852,0.0024730714799003,0.003311715679042,-0.0012257841380994797
2018-12-11,-0.0006398216601665,-0.0017659417657169,-0.0017801421187708,-0.0018596933584001,-0.0017803077730412,0.0017713911692189,-0.00077526444065,0.0017789506933053602
2018-12-12,-0.0021337189250594,-0.0034184654467648,-0.0052706125775595,-0.0006687571300152,-0.0052711039184648,-0.0013475014055361,-0.0012725107848162,0.0011264811321611932
2018-12-13,-0.0003408883141786,-0.0013504487392721,-0.0011562273022623,-0.0016554135139675,-0.0011563356600959,0.0020720539997678,-0.0015760136142818,0.0017669321577258252
2018-12-14,0.0026650110908663,0.0060038078256057,0.0082439257757318,0.0056217271636664,0.0082446992638507,-0.0060603270129493,0.0012432831097866,-0.0059848770572655105
2018-12-17,-0.0016655464050518,0.0091204496181118,0.0020738625466101,0.0089867427107377,0.0029808435381677,-0.0137348643141964,-0.005324590118093,-0.0063294260239507155
2018-12-18,0.0020374797127522,0.0027788371564567,0.003196466411961,0.0027792053968969,0.0043751204237849,0.0016715020132933,0.0017597578658219,-0.0008935197750425549
2018-12-19,-0.0008336276607934,0.0050119140296867,0.0027735070448011,0.0050125763478683,0.0053030869405166,-0.0079027779520868,-0.0042476419821548,-0.003887596906780056
2018-12-20,-0.0014789092650311,0.0059077085025833,0.0001312522058893,0.0059084853051041,-0.0006158517519292,-0.0097095732838174,-0.0045055160783044,-0.0047832256380714415
2018-12-21,0.003877495169887,0.0061666036711447,0.0064336641583995,0.0061674097529778,0.0064291237569715,-0.0054807129498556,-0.0005481887162847,-0.006462395083537706
2018-12-24,0.0042987665355893,0.0099211350929273,0.0049980043620714,0.009921472849115,0.0056810129541675,-0.0038737523381543,-0.0055590737438564,-0.0068044999527560246
2018-12-26,-0.0141758500247317,-0.0155337113411619,-0.0173546773418412,-0.0155337061460976,-0.0173428909069928,0.0046359665007342,0.0050072049358675,0.015661652173100796
2018-12-27,-0.0015236422772421,0.0019031058670744,-0.0009870141023728,0.0019031052205606,-0.0009863319407649,-0.0055374881911287,-0.0002523625393838,9.130109533035778e-05
2018-12-28,-0.0031048422683613,0.0014966759246024,0.0005831708220378,0.0014966754171248,0.0005827673733824,-0.0009280537853988,-0.0024010097106501,0.002561465612857335
2018-12-31,-0.0028407861565881,-0.0009750703064066,-0.0012075739588505,-0.0009750693859267,-0.0012056900651801,0.0008180794354153,-0.0010936405293477,0.0028519557589814343
2019-01-02,0.0002818374179256,0.0019061020382327,0.0020097470493549,0.0019061020364765,0.0020097432586347,0.0046401766916572,-0.0065778654887291,0.001869685662556406
2019-01-03,0.0001712631828887,0.006074480462398,0.0044905244121398,0.0060744804568118,0.0044905159592454,0.0011243085518279,0.0002434473283867,-0.0014080764199376288
2019-01-04,-0.0094567517792703,-0.0137358268764467,-0.0134121798429726,-0.0137358268638911,-0.0134121547089554,-0.0046346284221469,-0.0096678615043508,0.009169162213225612
2019-01-07,-0.0037474630198863,-0.0050420714759337,-0.0042663210093428,-0.0045966349903979,-0.0042663199550125,-0.0022333036762306,-0.0043571949582378,0.0027462567535722817
2019-01-08,-0.0034767333419749,-0.0045683912022297,-0.0046481475590561,-0.0050454869908598,-0.0046481475541344,0.0014422032014933,-0.0043273854984683,0.004505699403931316
2019-01-09,-0.0060306495912485,-0.0041093821913372,-0.0048598505953778,-0.0048800246882978,-0.0048598505902078,-0.0026380514445228,-0.0069039906343422,0.0045918878522970856
2019-01-10,0.0008450366153696,-0.0038663900964398,-0.0023525613987879,-0.0033129862012418,-0.002352561396273,0.0024149994475819,0.0005944707372107,0.0012252906630612792
2019-01-11,0.0006533935602381,0.0027064733084449,0.0023652673732084,0.0022944424036042,0.0023652673706742,0.0011796957850449,0.000976444827617,-0.00036145300170693784
2019-01-14,0.0023759915223058,0.0027575400308026,0.0021715135303077,0.0031422563389607,0.0021715135275854,-0.001468019691766,0.0034488712287692,-0.003457767700123108
2019-01-15,-0.0011700599918055,-0.0019834336324224,-0.0030857774127208,-0.0036300344339594,-0.003085777412729,0.0031429766505928,-0.0031691677953371,0.0042225844612181936
2019-01-16,-0.0015461056503117,0.0009279755978037,-0.0009604555625923,-7.799247996365111e-05,-0.000960455562595,0.0017549462922084,-0.0027555264224288,0.002660635057450512
2019-01-17,-0.0007386758087639,-0.0008479618012887,-0.0011758155749141,-0.0018847636908179,-0.0011758155749175,0.0008616422458798,-0.0019223724029485,0.0015621018465231588
2019-01-18,-0.0007587875329923,-0.0041740937808173,-0.0034177875124955,-0.0051600250898867,-0.0034177875125048,0.0015023535598255,-0.002041052354696,0.0029233969270078103
2019-01-22,0.0017480044660902,0.0034195949949613,0.0049857139128246,0.0040640311470363,0.0048954611004772,-0.0022004206824159,0.0047690630438768,-0.0041220091717113685
2019-01-23,-0.0007155282752832,0.000584833039591,-0.0004844518770577,0.0005844576775204,-0.0004844953871998,-9.374676844542408e-05,-0.001196249751702,0.0005676697299149436
2019-01-24,-0.000273230385543,0.0010348886502002,-0.0008134295797979,0.0010342248179344,-0.0004609255055935,0.0032998032344244,-0.0014092815078993,0.003182836552226389
2019-01-25,-0.0053530567763869,0.0010296649838796,-0.0042328959104147,0.0010290051847301,-0.0029887956279419,0.0004146727969174,-0.0082646778411661,0.004188679272199087
2019-01-28,0.0019279200032578,0.0026685046915615,0.0047880104038837,0.0026677971456672,0.0044059758519536,-0.000513873557388,0.0025620513731789,-0.002567116519876983
2019-01-29,-0.0006202184766855,0.0016818542516512,0.0015640368372282,0.0016818554384738,0.0015646317322475,0.0025269065637461,-0.0024783541215219,0.0024007947727939204
2019-01-30,-0.0050181923832183,0.0003900679786639,-0.0013220779190636,0.0003900682534585,-0.0013225799973357,0.0021789144070303,-0.0081337777359512,0.007029506607485506
2019-01-31,0.0003256822434394,0.0026177837482175,0.001931594317182,0.0026177855916709,0.0019323288396144,0.0048866797960671,-0.0030651522629645,0.004225079127387303
2019-02-01,-0.0011552140924457,-0.0036451889731954,-0.0030081368703924,-0.0036451915334494,-0.0030092785607876,-0.00314266048847,-0.0014868910909504,-0.0013297097296758166
2019-02-04,-0.0002602534265261,0.0010438972037507,-0.0017636294482803,0.0010438967658548,-0.0017637819317489,0.0003358936818849,-0.0004202621358352,0.0013055624723830094
2019-02-05,0.0006791277003985,0.0038061285740051,0.001035113033136,0.0038061285756703,0.0010351131912524,0.0033576109048358,0.0008181718120621,0.0028898927995919766
2019-02-06,0.0022709303891303,-0.0035421296672643,-0.0003780159402229,-0.0035421296688079,-0.0003780159979061,-0.0001343107856843,0.0021494394718193,-0.001645576413547054
2019-02-07,0.0040109297580945,-3.994638137494455e-06,0.0049966706062305,-3.99463813915979e-06,0.0049966713689852,0.0021151149494869,0.0039521245282529,-0.002272744942267962
2019-02-08,0.0006164447365619,0.0009182056569259,0.0019860720177171,0.0009182056573273,0.0019860723193889,0.0017598505221088,0.0005612721231849,0.001102936826962027
2019-02-11,0.0009869142165692,-0.0011780359363924,-0.0007982897714021,-0.0014349952180946,-0.0007982899599842,-0.0003512181124318,0.001044736946653,-0.0008632638764148948
2019-02-12,-0.0009767033947379,-0.0026065226944433,-0.0034370482052341,-0.001722963129741,-0.0034370482058828,0.0014795943552599,-0.003805789669012,0.0031433198688392734
2019-02-13,0.00083223345654,-0.002627949486706,-0.0019060072650446,-0.0026077687080484,-0.0019060072654054,5.486520674446993e-05,0.0001535962064946,3.783754437212218e-05
2019-02-14,-0.0001418786196778,0.0017579939724789,0.0015624568419303,0.0018274543235066,0.001562456842227,0.0018291824268905,-0.0001230256689639,0.0021317608415818766
2019-02-15,-0.0016026167630514,-0.001543100647897,-0.0014316944710369,-0.0012638180570666,-0.0014316944713084,0.0028993294309074,-0.0039630506669879,0.004863106557413368
2019-02-19,-0.0028511015563921,0.0052026574519519,0.002588799604084,0.0041600875620226,0.002588799604559,0.000635472772144,-0.0031925732103128,0.002506996064437565
2019-02-20,-0.0013964959591695,0.0008728935645005,-0.0010953555163363,-0.0001692890774799,-0.0010953555163357,-0.0003951385309959,-0.0019084550153434,0.00090647619245804
2019-02-21,0.0008205652938655,-0.0042091781225157,-0.0030138368468251,-0.0041558493181604,-0.0030138368468236,-0.00262711197967,0.0015625632797844,-0.0031556805950657195
2019-02-22,0.0004968962762064,0.0043164860871627,0.001620489011431,0.0037491818436734,0.0016204890114301,0.0037140857052733,-0.0010023039087488,0.003937148944982236
2019-02-25,0.0003143556231068,-0.0011585027765018,0.00060102352891,-6.004957662686383e-05,0.00060102352891,-0.0010250098585899,-4.666691589827465e-06,-0.001611124616223887
2019-02-26,-0.0006099805901138,0.0007067202980248,0.0002291410222505,0.0007059439522327,0.0002291410222505,0.0002492606599038,-1.4620965383960184e-05,0.0006550502703076564
2019-02-27,-0.0002940677423868,-0.0039640442687438,-0.0041312193639263,-0.0039596927620615,-0.0041312193639264,-0.0025798821407296,-0.0005516866077741,-0.0020427571714114238
2019-02-28,0.000972207555892,-0.003011987190402,-0.001780194621387,-0.003008667654532,-0.0017801946213868,-0.0014300015545233,0.001518425269787,-0.0023376018117079256
2019-03-01,0.0043198913425137,-0.0031555316344914,-0.0046074057337913,-0.0031520434021766,-0.0046074057337914,0.0001816646329866,0.0025628656470582,-0.002333410952587492
2019-03-04,0.0012102135112361,-1.805939273791246e-05,0.0012755862183257,-1.992118081661776e-05,0.001275586218326,0.0013811826864404,0.0011033564395044,0.0007800068733621786
2019-03-05,-0.0008634884293899,0.0016643981051529,-7.202466080458159e-05,0.0016644012039712,-7.202466080447056e-05,0.0006198701300021,-0.0008505306466667,0.0014513043968711614
2019-03-06,0.0003459917980206,-0.0021871013929103,0.0014185331074016,-0.0021871054581447,0.0014185331074016,-0.001447154221034,0.0003288984751319,-0.002043467222870502
2019-03-07,0.0028718892634715,-0.0012846586294699,0.0031468816957094,-0.0012846610225392,0.0031468816957092,0.0012290116316349,0.0028564120704257,-0.0007392314568337286
2019-03-08,-0.0017513168965052,0.0019997108232003,0.0027839266157683,0.0019997145530648,0.0027839266157683,0.0001731948831054,-0.00170289684094,0.0008075791899612295
2019-03-11,3.480559061497246e-05,0.0039676323140787,-0.0030063542160539,0.0003138251524987,-0.0040890210188042,0.0033817366028963,0.0013436175632082,0.004022744025409267
2019-03-12,-0.0002129177400778,0.0035301840056412,0.0019040890765635,0.0027604718557321,0.0013100457158743,0.0028019437163795,-9.355727054571884e-05,0.002929794880056755
2019-03-13,-0.002253774602528,0.0029310194044283,-0.0017948000070624,0.0013631794958202,-0.0018918171186769,0.0005876088528034,-0.0019287878326426,0.0023643520059849557
2019-03-14,0.0021977360555835,-0.0036431221754014,-0.0028484421970904,-0.0030963208492565,-0.0022256533032664,-0.0012486288279792,0.0017833676504854,-0.0024490640534519208
2019-03-15,-0.0009285868125992,0.0039273381160578,0.0012722425108919,0.0025516046733604,-0.0004252790518943,0.0025393132007076,-0.0005296252515948,0.003355471522446903
2019-03-18,-0.0022566018368112,0.0015322821548053,-0.0010536732332571,0.0012646097932837,-0.0016304685311799,-0.0005419028540966,-0.0015162118785595,0.0011576989943679421
2019-03-19,-0.0007222546609569,0.0001296956249403,-0.0002379896531298,0.0001297302970277,3.380817136822145e-05,-0.0004954314924904,-0.0011331951729427,1.2190168900452032e-05
2019-03-20,0.0005111950390177,0.0040450522028305,0.0028826208209689,0.0040461334437114,0.0028835023022657,0.0038294938130085,-0.0001586559131371,0.0035148363977620845
2019-03-21,0.0032070009803848,0.0025571376332247,0.0001790285177916,0.0025578184006436,0.0002037325859449,0.0048248305276328,0.0042301994509814,0.002857874629895642
2019-03-22,0.0060634994286308,-0.0050452010135866,0.0063291282357123,-0.0050465407325508,0.0037432334723475,0.0008149645464958,0.0029151219733265,-0.004278317181280689
2019-03-25,-0.0014806783445975,0.0022556930823258,0.0012991766580539,0.0022556565965676,0.0012256550699771,0.0007164784421167,-0.001073992431092,0.0018075420114015309
2019-03-26,0.000555176271189,0.0021758488798557,-0.0018594073055798,0.0021758489590646,-0.0018595438448076,0.00228910161206,0.0014221044047042,0.0024120841945173867
2019-03-27,0.0033589268762515,-0.0018457269742438,0.0008229591559774,-0.0018457270412893,0.0008230196997573,0.0013025048607655,0.0030434383641055,-0.0012528699888539965
2019-03-28,0.0036452142098428,-8.245872516210451e-05,-0.0009021790659828,-8.245872816270428e-05,-0.0009022453832638,0.0030031280996236,0.0044874487297521,0.0007813229699474215
2019-03-29,-0.0013554706182316,0.0023368202160907,-0.0003486580104822,0.0023368203011386,-0.000348683662742,0.0008025984119319,-0.0010201593882108,0.002001262753831237
2019-04-01,-0.0041331640980744,0.0028252479977814,-0.0056463753341008,0.0021376443596381,-0.0056465289961036,-0.0015961902936245,-0.0035313180077806,0.001523551092860867
2019-04-02,0.0001314299591734,0.0017914105686516,0.0004272069113002,0.0019534674329615,0.0004272069773183,0.0016364038573375,0.0001313505782472,0.0016354368668101357
2019-04-03,-0.0014806775726015,1.7175802950131214e-05,-0.0021608021170882,9.744188407090348e-05,-0.0021608024508643,-0.0010766450565914,-0.0014797833919936,-0.0002534565777567862
2019-04-04,0.0005252914891367,0.0010953233124131,0.0010371208219062,0.001336557388599,0.0010371209824557,0.0014597548970232,0.000524973795694,0.001415234632585599
2019-04-05,0.0009183775626246,0.0035127987408569,-0.000907397265494,0.0031128010088785,-0.0009073974058163,0.0031617048461451,0.0009178224242907,0.0027071548906733803
2019-04-08,-0.0021472316832784,-0.0003474155248309,-0.0013317904961407,0.0012616220336489,-0.0013317904391958,-0.0010306595587883,-0.0029853669808196,0.00011656915450292455
2019-04-09,-0.001023922583354,-0.0015396660409927,0.0022204541528816,-0.002299393170998,0.002220454152755,-0.0020328400824544,-0.0005536496557784,-0.0009468559717436223
2019-04-10,0.0019725903341107,0.0044916762398574,-9.482563752638562e-05,0.0040370124111479,-9.48256375208345e-05,0.0047509322756562,0.0014472328792507,0.0038840158658586315
2019-04-11,0.0019317769010003,-0.0020145783445529,-0.0018319527767656,-6.791077428147663e-05,-0.0018319527766614,-0.0014557413736764,0.0028717985686104,-0.0029996048598429008
2019-04-12,-0.0007481652321957,0.0012947570927257,-0.0021326963706165,0.0014663684341265,-0.0021326963704949,0.000570925166464,-0.0011514675807433,0.0005152269338889624
2019-04-15,-0.0002190719969631,-0.0013148705680993,-0.0008694113689466,-0.0005569245159043,-0.0003131841161567,-0.0010974278376679,0.0002351213335873,-0.0009230990667075639
2019-04-16,-0.0020969480614283,-0.002183646465802,-0.0024982085048496,-0.0021819904573122,-0.0027474744859621,-0.0033642211598625,-0.0021263462287601,-0.0016565199017704523
2019-04-17,-0.0010018670177647,-0.0016083009480827,-0.0006162958333131,-0.001607078596296,0.0003744942493388,-0.002114003199415,-0.0008852954188585,-0.0012539038156253578
2019-04-18,0.0014124903412038,0.0019023596921192,0.0013330336797945,0.0019009115204875,0.0015677780375558,0.0026706291880744,0.0014257388887657,0.0020199357075052216
2019-04-22,-0.0024048182723118,-0.0006910965895166,-0.0031063063513662,-0.000690339519983,-0.0029600185495662,-0.0024228945409168,-0.0026624634598511,-0.0010151402004731508
2019-04-23,0.0042390745084908,0.0056219961508325,0.0016654710575747,0.00562199189165,0.003283959054898,0.0065962246978439,0.0042033027962287,0.0037121193794747856
2019-04-24,0.0030437691463589,-0.0006161043312375,0.0012872013249738,-0.0006161038670907,0.001597213798558,0.0028505424118783,0.0031044369387622,0.0012186708241314964
2019-04-25,0.0002065624246678,-0.001192871388007,0.0009604244217953,-0.0011928704887949,7.506224338382772e-05,-0.0006955001460723,0.0001574221231823,-0.0007200069931086845
2019-04-26,0.0030672220916851,-0.0003224579164866,0.0048123676217719,-0.0003224576731206,0.0058458512459997,0.0035624971148573,0.0029647610955914,0.0016235338406401065
2019-04-29,-0.0013985608759069,0.000410745439624,-0.0023505788043546,0.0003422951533558,-0.002116127694144,-0.0020158672092107,-0.0014489855497731,-0.0013719001567076678
2019-04-30,-0.0004058186938766,0.0002622546274657,0.0001722428975907,0.0007258846130622,0.0001722024294166,0.0004244064523724,-0.0003008886575984,0.000618309811676419
2019-05-01,0.0015261340714209,-0.0006764746673,-0.0030877130028487,-0.0016653638714718,-0.0030869876748595,-0.0017262320809983,0.001362491324881,-0.002759777263309114
2019-05-02,0.0016463474535322,-0.0021697059363069,0.000816849941829,-0.0027479226952195,0.0008166574631951,-0.0010482498172392,0.0018599242595354,-0.0024235918609993483
2019-05-03,0.0006055954490491,0.0039250237820194,0.0065388711709286,0.0048225625326552,0.0065373316397066,0.0059031772222453,0.0005611738340112,0.005133404004926569
2019-05-06,0.0010787342766349,-0.0013245236646792,-0.0025839122835213,-0.001398211038876,-0.0025824656605307,-8.918181654049562e-05,0.0009087943019803,-0.0005895075320055841
2019-05-07,-0.0005492088307507,-0.0088688348815885,-0.0048624285978321,-0.0088694893177829,-0.0048624215455188,-0.0069712842131774,-0.0002676855184874,-0.005728105486262455
2019-05-08,-0.0014290021187657,-0.0003910851907864,-0.0022365611530286,-0.0003911143074272,-0.0022365578933406,-0.0021442618301174,-0.0014632315406256,-0.0012566642264571822
2019-05-09,0.0017225007300718,-0.0019275391037807,-0.0010036272885775,-0.0019276826669325,-0.0010036258225569,-0.0003017714772337,0.0017571383072356,-0.001518696421429989
2019-05-10,5.295952074857446e-05,0.0021351752716123,0.0022403989802888,0.0021353346066577,0.0022403957044003,0.0020244023278228,5.3453776688972e-05,0.001893435170551784
2019-05-13,-0.0006560392523153,-0.0105145715298,-0.0074560662603035,-0.010515097838749,-0.0073395876871144,-0.0077197069285488,-0.0018412008601377,-0.006277831287734322
2019-05-14,-0.0019089990731138,0.0040616378815201,0.0021566198705398,0.0040616400419133,0.002004490744438,0.0029253761859551,-0.0006520564641708,0.004030260254196012
2019-05-15,0.0014668410735836,0.0041346663207182,0.0024870850757938,0.004134668511059,0.0025629569204046,0.0048432296585791,0.0016627810117835,0.0033615712640946297
2019-05-16,0.0012591163166091,0.0051270864574366,6.807371578521071e-05,0.0051270891623282,0.0015799185458842,0.0029151067258839,0.0018081931561231,0.0014455998720436394
2019-05-17,0.0031397871450624,-0.0010903408760456,-0.0032818524103772,-0.0010903414483413,-0.0022956127087865,-0.0016366718966549,0.0017091818574155,-0.0034679215593111773
2019-05-20,-0.0030563661048769,-0.0032121783353274,-0.004479423950498,-0.0032121790886704,-0.0042569281836393,-0.0054961503514247,-0.0035068011095017,-0.0026676071862771233
2019-05-21,0.0004634138291186,0.001331793674689,0.0033586479379046,0.0013317936756953,0.0019374199911106,0.0032655431836661,0.0017770117943105,0.0027530603537202535
2019-05-22,0.0040020144718131,-0.0011577855982203,-0.0027436072499968,-0.0011577855990942,0.0004100158643103,0.0010684240451483,0.0029341358736727,-0.0014826112132071976
2019-05-23,0.0041562058534962,-0.0044590730611812,-0.0051217153944386,-0.0044590730645504,0.0001849286728663,-0.0008052087161922,0.002064064107853,-0.003462468375372287
2019-05-24,-0.0024159168340943,0.0020079770493581,0.0027916371248086,0.0020079770508818,-6.67852232509869e-05,0.0002892924387754,-0.0015680599594404,0.001810590986514724
2019-05-28,0.0009272500116699,0.00140588884567,-0.0016033810281376,0.0014058888480565,-0.0015810697717929,-0.0005034861964646,0.0002068079769259,-0.0005438849029555106
2019-05-29,-0.0010329962842891,-0.0018753551522691,-0.0019753787268528,-0.0018753551522645,-0.0013142160882072,-0.002540259871207,-0.0019006645588562,-0.0013584918732610202
2019-05-30,0.0028934678167267,0.0009428795955654,0.0016346435230911,0.0009428795955632,0.0027025171961048,0.0038298884404843,0.0027760652486816,0.001899702256620886
2019-05-31,0.002656867003107,-0.0020280276522737,-0.0038607369989132,-0.0020280276522689,0.0006562075392204,-0.0010055288385626,0.0016869606786504,-0.002904794400544355
2019-06-03,-0.0029210029025394,0.0023967608541675,0.0021239856747625,-0.0010403385160675,0.0001449708293581,-0.0005422172747228,-0.0029143999547557,0.0018007280221818754
2019-06-04,-0.0008132800587811,-0.0068221526855866,0.0027913132635737,-0.0039395669032167,0.0028140048512692,0.0037468581761959,-0.0007861297369584,0.004268618868838758
2019-06-05,0.0048066197216203,0.0032134778801673,-0.0002636036916422,0.0037000056417848,-0.0002649663604001,0.0038127579398368,0.0049846302178948,-0.00015619107254602309
2019-06-06,-0.0012037082275425,-0.0025418222439547,0.0040616516021225,-0.0022347314544276,0.0040487805168036,0.002228051907863,-0.0012507637136183,0.00292890004593736
2019-06-07,-0.000177184222911,-0.002982270184117,0.0059651835520613,-0.0017269354867395,0.0059478794069209,0.0054006607305805,-0.0001959438771761,0.005186834883758558
2019-06-10,0.0010025620612437,-0.0021242862874467,-0.0024567552298202,0.0001068893710511,-0.0026905888662256,-0.0007326878733493,0.0013733426919153,-0.0015333556841257132
2019-06-11,-0.0009079819071072,-0.0002275099738411,0.0010291176416583,-0.0002270024133782,0.0020475495276137,0.0006142384924869,-0.0007401671519465,0.0014762314300106683
2019-06-12,0.0033854200419025,0.0023305372506683,-0.0005360273387223,0.0018753119551619,-0.0022469859258751,0.0008985294373362,0.002799954553208,-0.0017223008926653895
2019-06-13,-3.684543601700785e-05,8.930010422547596e-05,0.0031709806532782,-0.0001354499166434,0.0037361572805238,0.0035094790221095,-0.0010970599686396,0.004226744466549482
2019-06-14,0.0015532992995277,0.0006494514356027,-0.0013098859024647,-0.0001751703828025,3.1787417629436376e-05,0.00055606508504,0.0015336360400337,-0.00030020229292226816
2019-06-17,0.0010808606955534,0.0010774938448061,0.0010198669166774,0.0014035087047097,0.0005423195296661,0.0015555162120532,0.0013598096649116,0.0006359907262350735
2019-06-18,-0.0018364362315911,-0.0018364424079428,0.0086376891882153,9.380214353882366e-05,0.0086418118583124,0.0050509718703521,-0.0025425967762072,0.007752993776458096
2019-06-19,0.0006176635896384,0.0006176656708032,0.0036904334901171,0.0015526311909954,0.0036921798004594,0.003208727682876,-0.0004566586069031,0.0031498566990153633
2019-06-20,-0.0013337812040242,-0.0013337856953118,0.0097002964780283,3.0328701787762924e-05,0.0097048697656003,0.0062676260006708,-0.0055492655189194,0.007666752108616965
2019-06-21,-0.0013941049577469,-0.0013941096584348,-0.0035225121768198,-0.0020110241423694,-0.0035241569331065,-0.0036554559837357,-0.0025723993515434,-0.003412735146202006
2019-06-24,0.0011697493148317,-0.0004918135866295,0.0019584154185179,0.0014885975089444,0.0019592785339179,0.0023650229451652,-0.0014179591832654,0.0017451215071974447
2019-06-25,-0.0007929939724578,-0.0033101432087617,-0.0036831213961524,-0.0016558559755711,-0.0036831182234099,-0.0032611817446475,-0.0013237170900816,-0.002769169776984168
2019-06-26,-0.0041333790755111,-0.003279915046823,-0.0018895319279513,-0.0039961915188465,-0.0018895302942391,-0.0043924107307943,-0.0027685163982344,-0.0014328126983432577
2019-06-27,0.0013511247864297,0.0043088484237996,0.0040315276311055,0.0017716829724185,0.0040315241387991,0.0039300297172899,0.0015445063869281,0.0037598363000335374
2019-06-28,0.0013544365569373,0.0031082878321553,0.0010884030154152,0.0020811449713225,0.001088402076373,0.0017805212959587,0.0012139891362499,0.0007139928463662749
2019-07-01,-0.0023773731094305,9.996751440577434e-05,0.0010946256283126,-0.0031023152418904,0.0010946241279636,-0.0004097112686516,-0.0006484723801315,0.0016003286930115286
2019-07-02,0.0063150568057035,0.0069696972672312,0.0026359886428257,0.0070044568210552,0.0026359877219697,0.0055826287895039,0.0062417772280112,0.0019686103145961126
2019-07-03,0.0022713404323146,0.0033997235785057,0.0046483664512424,0.0034079325099374,0.0046483632552349,0.0042961038832731,0.0022726931912686,0.003969408112608455
2019-07-05,-0.0037654201737671,-0.0069396936241526,-0.005038111073764,-0.0069603710585898,-0.0050381080557,-0.0054686348373063,-0.0037332648446217,-0.00407405948700068
2019-07-08,-0.0011731288011258,-0.0019449530702441,-0.0020686301814024,-0.0019385930628127,-0.0020686296796568,-0.0023254227034917,-0.0011694246010015,-0.002222673862124907
2019-07-09,-0.0007866250816763,-0.0003619091319748,0.0002944752068294,-0.0003619068257593,0.0002944752066813,0.0001606871899748,-0.0007624135677986,0.000743568465069265
2019-07-10,-0.0003712549091345,-0.0010625331375926,0.0044763479782949,-0.0010625263642966,0.004476347976045,0.0032711930248834,-0.0002662888115197,0.004682038777344032
2019-07-11,-0.0029932109822967,-0.0033187186847704,-0.0032755902855529,-0.0033186975065386,-0.0032755902839137,-0.0043982051412075,-0.0029653093804423,-0.0038197145925948296
2019-07-12,0.0005272369571607,0.0012681839638166,0.0013686979784031,0.0012681758440191,0.0013686979777158,0.0015913782061247,0.0005208341298366,0.0015530708294105111
2019-07-15,0.0020908817517157,0.0029802379540784,-0.0005810268814363,0.0019398445619187,-0.00058102688196,0.0017819941711543,0.0020026561876673,0.0006704137945059931
2019-07-16,-0.0014589086729611,-0.0002432444760818,-0.0037117891810396,-0.0012378794921596,-0.0037117891810416,-0.0025887710061359,-0.001627396561133,-0.002433947951580263
2019-07-17,0.0012005876611325,0.0049244494540281,-0.0017230343283605,0.0015327878938302,-0.0017230343283615,0.0017963077832652,0.0011952178546805,0.001355810424511713
2019-07-18,0.0011076585174649,0.0032150471136276,-0.0002128341716354,0.0003330679208373,-0.0002128341716355,0.002360396953025,0.0011187783278305,0.0016915348565803283
2019-07-19,-0.0032625927212059,-0.0036740980407973,-0.002641850902763,-0.0026281125093109,-0.0026418509027642,-0.0043185672779142,-0.0033928113775374,-0.002635207588728244
2019-07-22,0.0016440842605132,0.0024609347561965,0.0009160645292243,0.0013568348943098,0.0009160645292249,0.0023074108872902,0.0009230451925852,0.0017676086320033513
2019-07-23,-0.0003589194097278,0.0005981288021745,0.0025737279500286,0.000598788301271,0.0025737279500284,0.0014918349283397,0.0006131289579542,0.0022609479369276393
2019-07-24,0.002252738003625,0.0023066999714582,0.0028295145915115,0.0023092418256041,0.0028295145915115,0.0034228606537132,0.0011201815135715,0.0022823601736369245
2019-07-25,-0.0010510541024603,-0.0026680173880065,-0.0050500130293218,-0.0026709506201617,-0.0050500130293219,-0.0041092377083604,-0.0022636055842705,-0.004060500733871184
2019-07-26,0.0008999387975638,0.0013055563181909,0.0028444128019329,0.0013069954975561,0.0028444128019329,0.0025214605229262,0.0019518274284124,0.002418122904502492
2019-07-29,0.0003008619271103,0.00051409866144,0.0009643839115005,-0.0001733870606716,0.0009977917672021,0.0008926064428365,-0.0003499800343389,0.0009184081017201413
2019-07-30,0.0009714700173277,-0.0007826250815501,0.0006498322811834,0.0003088168152614,0.001277546527804,0.0015190269544331,-0.0023579274076795,0.0011429873017624102
2019-07-31,-0.000499040401568,-0.0013055038302408,-0.0035517977581728,-0.0021397618392831,-0.0042659497615592,-0.0032496723084974,-0.0003474349219189,-0.002918361450964986
2019-08-01,0.0094892666789427,0.0089065130353791,0.0022967764698229,0.0074374103455903,-0.0009411443109749,0.0057591161484651,0.0108261630397545,-0.00014909473138894152
2019-08-02,0.0004206049666866,-0.000806158727862,-0.0022448033707381,-0.0019432721272458,-0.0021621753121753,-0.0011947486779826,0.0003978317279378,-0.0017633345832122162
2019-08-05,0.003208230397677,0.0025591382733296,-0.0069732767780719,0.0007772676098545,-0.0079758794618762,-0.0035422059121503,0.0033106078173552,-0.006919363233783798
2019-08-06,0.0041931140582693,0.0027526517857094,0.006181289879922,0.0027575528457381,0.0051272185790522,0.006728755736715,0.004230125811182,0.005078789326043248
2019-08-07,0.0049022123073039,0.0044601079643014,0.0055510513997858,0.0044680272894723,0.0041865196427641,0.0055767965552178,0.0047766259099712,0.002044278217706428
2019-08-08,0.001385621422518,-0.0009677292306359,0.0051261496681327,-0.00096943987821,0.005646110333114,0.0058008616513216,0.0014398790870917,0.00612634502267909
2019-08-09,-0.0013842519709238,-0.0003665798344448,-0.0038191350065546,-0.0003672284636266,-0.0023314292540662,-0.0025951819588251,-0.0014479948855433,-0.002066925671835963
2019-08-12,0.0015517020988202,0.0021550638877763,0.0015468910802542,0.0021547865840636,0.0015458230624876,0.0021742318447897,0.0015619491219083,0.00389944719715878
2019-08-13,-0.0007884406687539,-0.0008048509220891,0.0018240360617398,-0.000810434026581,-0.0005536662164165,0.0024335765727341,-0.000505016237,0.0041388079707878256
2019-08-14,0.0064041776847374,0.0064250743344989,-0.0028194354025848,0.0064340384914398,-0.0007541665132,-0.0010212323231272,0.0057124520948326,-0.006183767114284757
2019-08-15,0.0038821435697142,0.0038740708107936,0.0035478011823519,0.003870598620435,0.0040292645677986,0.0050817894685144,0.0039187272728349,0.003443012892745813
2019-08-16,-0.0019325181925186,-0.0019404555264944,0.002332356367275,-0.00194386115028,0.002046212503088,0.0013787865356296,-0.0016291940864727,0.0033641610150161767
2019-08-19,-0.0032971126969962,-0.003298378238286,-0.000300492406596,-0.0032989156991182,-0.0009043090220289,-0.001738311442917,-0.0030214063610338,0.0005774618056020252
2019-08-20,0.0022413308766551,0.0022413337225386,0.0017175944333085,0.0022413349311549,0.0015523954420788,0.0023039586600861,0.002249887444947,0.0013079940268525105
2019-08-21,-0.0007044434920132,-0.0007044443844655,0.0003582378630699,-0.0007044447634805,0.0002636681354171,0.0013444972309368,-0.0007061261808152,0.002240022107382557
2019-08-22,0.0001748411211086,0.0001748413427693,-8.375043847386188e-05,0.0001748414369062,-0.0005579245849244,-0.0017043990266761,-3.477894450765184e-05,-0.0024482495979151636
2019-08-23,0.0044108269981388,0.0044108325891323,0.0025904027332839,0.0044108349635672,0.0010758983277587,-0.000298693854885,0.0041572249445178,-0.0037463287515121027
2019-08-26,0.0015311577256369,0.0015311596547804,0.0029567412322619,0.0015311604740533,0.0040911108090539,0.0041196596816088,0.0015991773326569,0.0038118131934280234
2019-08-27,0.0035688410576688,0.0035688455546534,0.0035590935840286,0.0035688474644746,0.0035560867225017,0.0050139732719776,0.0036802196473442,0.0034267363223126675
2019-08-28,-9.238446146886405e-05,-9.238457746552076e-05,-9.22298640980701e-05,-9.23846267283368e-05,-9.9972296607298e-05,0.0024073396257271,1.953564032741717e-05,0.0031568971053955964
2019-08-29,-0.0016089743193546,-0.0016089763397495,-0.0016092405909819,-0.0016089771977895,-0.0016153147087115,0.0012057454162544,-0.0013714988402161,0.00268798185411565
2019-08-30,0.0012521912711092,0.0012521928460242,0.0012462464376992,0.0012521935148739,0.0012609082923373,0.000379399669917,0.0011688219580991,-0.0006347416457063895
2019-09-03,0.0051210690164353,0.0057757711752077,0.0051111679872726,0.0051470732531542,0.0056413084010789,0.0042370259150816,0.0047202234511669,0.0005204040524321793
2019-09-04,-0.0015851300664591,0.0037524127792809,-0.0015851456810691,0.0013126651548385,0.0005469635630965,0.0049358730486692,-0.0015857624737131,0.007017199123691374
2019-09-05,-0.0068157777173046,-0.0043534017828015,-0.0068158449639502,-0.004267191992298,-0.0059341778468126,-0.0069308884955857,-0.0068185012750772,-0.0033450639204588525
2019-09-06,-0.0014911578129823,-0.0010083994649873,-0.0014911726261872,-0.0014112942450207,-0.0010225781603182,-0.0011805092544622,-0.0014917577645068,-5.2998736856123464e-05
2019-09-09,-0.0056511251388934,-0.0021401953590983,-0.0057776162645687,-0.0029216718899378,-0.0053130171575022,-0.0044824474655866,-0.0057320703714475,-0.0015336622099843865
2019-09-10,-0.0044853265105122,-0.0032617563889802,-0.0041977032395644,-0.0032643128441708,-0.0041957425733344,-0.0053341306501825,-0.0044578098305126,-0.003336554035802451
2019-09-11,0.0008900670621196,0.0022263027707098,0.0018160312632078,0.0022280533866632,0.0018151794560636,0.0021511658811876,0.0010172498818983,0.0019670465641736705
2019-09-12,-0.0003396912207294,-0.0001269359312821,0.0005273300644084,-0.0001270355233324,0.0005270831690744,-0.0003215060560584,-0.0002868586985301,-0.0004985691502235674
2019-09-13,-0.0072011926071452,-0.005633730178066,-0.0063786908525674,-0.0056381508808543,-0.0063757059300991,-0.0088447144470018,-0.0074363361533037,-0.00591095855365273
2019-09-16,-0.0017069771780832,0.0085067007124488,-0.0020288181338359,0.0093493667581898,-0.0020141899865071,0.0050987271205285,-0.001314559883536,0.008895551955841144
2019-09-17,0.0050539873053716,0.0022833175143319,0.0047829931631082,-0.0002759648382386,0.0047829230555695,0.0027654290476788,0.0048258871373203,-0.00018995690463519084
2019-09-18,0.0004088926788814,-0.001044942894008,-0.000186459406984,-0.0017354577169207,0.0002599892029169,-0.0007764601110397,0.0009922828724551,-0.0012285034953948368
2019-09-19,0.0004872964679702,0.0004065613453956,4.440589336662804e-05,0.0010974552645071,0.0005225959784729,0.0009238491008258,0.0004787804062325,0.000869707800227871
2019-09-20,0.0024135145855375,0.0022797257247102,0.0022056552938858,0.002283656186651,0.0021717209394078,0.002735271373176,0.0029808539348301,0.002904717415617202
2019-09-23,0.0020073968447802,0.0007701496911938,0.001355824023854,0.0016394483685571,0.0018067347510126,0.0024838445828516,0.0023983462087942,0.0022350184666171313
2019-09-24,0.0011055416586434,0.0004860064540994,0.0008159616811667,-0.0015231579666385,0.0008155944188372,-0.0009090919556264,0.0033824444258681,-0.0019909261462802063
2019-09-25,-0.0035560632353168,-0.0022684463449624,-0.0024384679460038,-0.0033693192040645,-0.0024373712920527,-0.0040137730718124,-0.0033588586779537,-0.003574099716378137
2019-09-26,0.0020276459845662,0.0003108214107678,0.0009948390676337,0.0009660332392318,0.0009943905647731,0.0017125171869512,0.0014165318184518,0.0009425469663271314
2019-09-27,-0.0023119683933616,-0.0013665143927927,-0.001604910776615,-0.0025458740641166,-0.0016041879541611,-0.003617584349692,-0.0001923941920948,-0.0033701634044323503
2019-09-30,0.0011963909533705,-3.397398498528048e-05,0.0010392057670149,-0.0007331120687303,0.0010146794655732,0.0005608046387075,0.0005686655933092,-0.0008716183837668263
2019-10-01,0.0011335044515405,0.001160006854328,-0.0004531922907398,-0.000681893920662,-0.0022889870424889,-0.0015689293908121,0.0007667072565402,-0.0024821802457592095
2019-10-02,0.002285038059675,0.0023031435053799,-0.0013026990488099,0.0015726451069477,-0.0020529549657293,-0.0015018392897588,0.0022538642503457,-0.0031724657795414884
2019-10-03,0.002176929534035,0.0021922330868402,0.0033703999330463,0.0025471837049004,0.0037222688167433,0.0048289217100387,0.0022166196213699,0.004187375559974043
2019-10-04,0.001158672038936,0.0011477712081688,0.0025279005646539,0.0020150757506653,0.0034033478187107,0.0044316586221242,0.0011574807051095,0.004666729845699779
2019-10-07,-0.0018667523575031,-0.0017080832212348,-0.0020711201544082,-0.0019422642234391,-0.0023032516821563,-0.0035775211412807,-0.001803749315193,-0.003259194292509534
2019-10-08,0.0013221013582307,0.0048952444630983,0.0013305260698281,0.0049174893373087,0.0013467034846128,-0.0012375320260662,0.0013525708090387,-0.002078030965269373
2019-10-09,-0.0006241674129461,-0.0028645292738804,-0.0006230277654738,-0.0028756545474881,-0.0006273227912367,0.0012534369971299,-0.0006669915713231,0.0018804915014944022
2019-10-10,-0.0044819323934105,-0.0060822740835928,-0.0044866050172877,-0.0061083170180382,-0.0044936553996549,-0.0033522386197665,-0.0044213101850628,-0.0012893911787139535
2019-10-11,-0.004841278975133,-0.0074490809156356,-0.0048547435019692,-0.0074973083386133,-0.0048755635187419,-0.0009122029529007,-0.0049343875529827,0.0022239921258407863
2019-10-14,0.0029866440831196,0.0033487930978493,0.0033685587724945,0.0033674889991721,0.0033734600979977,0.002258446141365,0.003332002680124,0.000747590928863208
2019-10-15,0.0002248276313641,-0.0050076735790037,-0.0007551205624577,-0.0050075802702487,-0.0007551168738096,0.000313705216425,-0.0027597573651158,-0.0006919191134643843
2019-10-16,2.439802305653771e-05,-4.0929610634066194e-05,-0.0003351418124459,-4.09288441480804e-05,-0.0003351401740924,0.0005812792360968,-0.0004686498797328,0.0008434730793373603
2019-10-17,5.504429862623894e-05,-0.0013680787659736,-0.0004026710760317,-0.0013680531450084,-0.0004026691068989,0.0014290963067147,-0.000666636525005,0.0017456884943102765
2019-10-18,-0.0001759241437828,0.0019847182753398,0.0005107553094638,0.0019846810552173,0.0005107528107739,-0.0006655773988962,0.0004729151631381,-0.001042437332069835
2019-10-21,0.000880623563811,-0.002695617159566,-0.0001950844184771,-0.0023121006676305,-0.0001950882809875,0.0012872596542614,-0.0009915927421293,0.000537561002074721
2019-10-22,-0.0005340101108793,0.0001097878847438,-0.000662957444053,-0.0006643641882687,-0.0006629574466143,1.250653270790103e-05,-9.90161872140849e-05,0.0009145266395683223
2019-10-23,-0.0002255037095116,-0.0004309897919514,-0.0002578899477576,-0.0002584375339975,-0.0002578899487545,0.00151972265451,-0.0008935164118049,0.0024610034353341353
2019-10-24,0.0015261714758958,0.0006314755268979,0.0015601829187392,0.0015634965630078,0.001560182924772,0.0023356023340894,0.0012313756000896,0.0024546136736214685
2019-10-25,-0.0002860682109354,-0.0019193502637189,-0.0011523762344904,-0.0011548199248204,-0.0011523762389393,0.0006021980436301,-0.0012595380819414,0.0012884197044171586
2019-10-28,-0.0005367671473728,-0.0038205523302874,-0.0016865419907302,-0.0029218966435697,-0.0016865419972584,-0.0012046179965153,-0.0022990267326795,-0.001714323212434394
2019-10-29,-0.0006536123374651,-0.0014785084243921,-0.0003195513631296,-0.0011452393542784,-0.0003195513643671,-0.0009750859182051,-0.0003077945546244,-0.001145544425727496
2019-10-30,0.0038949428005385,0.0028607996040856,0.0037172210674893,0.0025311185509695,0.0037172210818865,0.0034975258161584,0.0028916760367272,0.002367693603383239
2019-10-31,0.0021499226110723,0.0012339692995697,0.003628875710032,0.0006530809423364,0.0036288757240345,0.0015207803482588,0.0036780908549425,0.0012189007125387266
2019-11-01,0.001217444377243,0.0038112895152684,-0.0021813625504433,0.0054742789097885,-0.0021813625588301,0.0036758283263766,-0.0016575541589396,0.0046060869710625885
2019-11-04,-0.0010462441771419,-0.0010015527681096,-0.0027306308005033,-0.0001636691497058,-0.0030312135220395,-0.000407248680767,-0.0010182911344889,6.259308189773767e-05
2019-11-05,-0.005155521235313,-0.0049249741491694,-0.0059179565647533,-0.0049208469185085,-0.005792742157003,-0.0051355742137028,-0.0051389634046887,-0.0036344788773014823
2019-11-06,0.0020032017529088,7.603894918606358e-06,0.0028620216915467,7.597491184840877e-06,0.0023387957235752,0.0011408533668335,0.0021121854339656,0.0003382076385454999
2019-11-07,-0.0044961259944258,-0.0045430640462826,-0.0055790805097808,-0.0045392380660846,-0.0053153473827295,-0.0047016600781649,-0.0043891687034033,-0.004136492098972655
2019-11-08,-0.0019614421165025,-0.0016602917240243,-0.0012165446322153,-0.00165888711933,-0.0009736395577907,-0.0017480203721188,-0.0020159467140111,-0.0010720099934701454
2019-11-11,4.140376433259263e-06,1.26999235836589e-05,0.0020131065803516,1.4631217804428331e-05,0.001400021182863,-0.0006423594935034,-7.318952738200046e-05,-0.0011780561383337607
2019-11-12,-0.0001216011372517,-0.0009563360345516,-0.0001213573354755,-0.0009563341876123,-0.0001214316338665,-0.0001129178712259,-0.0001067988008073,0.0003683929061203571
2019-11-13,0.0006565274323733,-0.0009426967051872,0.0006552109810238,-0.0009426948828465,0.0006556121684226,0.0010856140112247,0.0007248715990864,0.0014291982639933899
2019-11-14,0.0026110013628901,-0.000854939360141,0.0026057692805054,-0.0008549377058856,0.0026073637545009,0.0025270462160966,0.0026960591808335,0.0020464313340261076
2019-11-15,0.0015376418974744,0.0037838298537971,0.0015345686857595,0.0037838225260531,0.0015355052486001,0.0023876531858268,0.0012582433864896,0.0019992432399706943
2019-11-18,0.0009757600967095,-0.0012650601607239,0.0018991298138144,-0.0014122210960608,0.0018996874789425,0.0005110030189474,0.0020388688632018,-0.00017290661023399174
2019-11-19,2.7167933801308664e-05,-0.0012989727446873,0.0024752403589181,-0.0017228392612282,0.0024752389811799,3.49580520127013e-05,0.0026236805487116,8.221357854549799e-05
2019-11-20,0.0006611098260553,-0.0012324917592931,-0.0021362447472169,-0.0012756374083253,-0.0021362435611023,0.0006683710886776,-0.0020958382887018,0.001388114123499884
2019-11-21,-0.0017894120097019,6.972118193293575e-05,-0.0041561635222393,0.0002397434190315,-0.0041561612096584,-0.0017965020503368,-0.0042730263323372,-0.0011988956650868265
2019-11-22,0.0003537447887633,0.000518940210813,0.0009115562099633,0.001028987024308,0.0009115557006362,0.000355062856975,0.0009412689389209,0.0006219905299615435
2019-11-25,0.0045866452339231,0.0048341212897973,0.0043820371819718,0.0051484430258783,0.0043820361127069,0.0045917949572324,0.0037253087145276,0.003448524194111947
2019-11-26,0.0029068880162086,0.0004602879542765,0.0019902919959031,0.0004601440168214,0.0019902919980219,0.002906873114963,0.0020278851117028,0.0025883107870321295
2019-11-27,0.0007780929246408,0.0028836565487395,0.0015734539013514,0.002882755210178,0.0015734539030232,0.0007780889475534,0.0012685315059237,2.9659822624139836e-05
2019-11-29,-0.0051943136873752,-0.0059883168405016,-0.0009048800897553,-0.0059864504649994,-0.0009048800907152,-0.0051942871581819,1.0419551441431809e-05,-0.0041509211919533665
2019-12-02,-0.0058531556174261,-0.0031933643990406,-0.0070600553222983,-0.0028448026551206,-0.0058657932484763,-0.0058531255672048,-0.007482801887669,-0.005085961311888263
2019-12-03,0.0023994518548218,-0.0037180276111142,0.0023977151583256,-0.0040028865903813,0.0020212736100855,0.0023994394634583,0.0024384420179135,0.003577554920746098
2019-12-04,0.003041664547887,0.0062759888573351,0.0030750278375388,0.0045015379156421,-0.0004071322987704,0.0030416488775784,0.0030618188043984,0.0016745576868742959
2019-12-05,0.0003373994631388,0.0006987289448723,0.0003395789160129,0.0006586726696573,4.1839513717611965e-05,0.0003373977301666,0.0003341740912321,-9.743439613369287e-05
2019-12-06,0.002384272593368,0.0063652101069109,0.0023929858239788,0.0058208102384698,0.0010735608913017,0.0023842603512469,0.0023771128865683,0.0010952867506055662
2019-12-09,-0.0010641413456792,-0.0014987842502361,-0.0010719596314557,-0.0011785338174467,-0.0005325078833027,-0.0010641408922309,-0.0010521971480077,-0.0006058529117520078
2019-12-10,0.0004005022425717,-6.798701807309016e-05,0.0004005053771727,-6.796521951080159e-05,0.0004002892087353,0.0004005022423898,0.0003898947706317,0.00037354037987367115
2019-12-11,0.0025193129587224,-0.0007959741797718,0.0025193326686741,-0.0007957189505737,0.0025179734302551,0.0025193129575793,0.0025015445620772,0.0024246588718378737
2019-12-12,0.0015535137285838,0.0048374303839819,0.0015535258520211,0.0048358780262189,0.001552689793957,0.0015535137278805,0.0015500845015374,0.00024124234387611955
2019-12-13,0.0028123733435259,1.6721551458820372e-05,0.0028123952569119,1.6716211246547985e-05,0.0028108840619023,0.0028123733422549,0.0028813185605347,0.0031841918940978516
2019-12-16,0.0035088942826662,0.003125153610672,0.0035089205674501,0.0031451354324383,0.0035071079085959,0.0035088942811423,0.0035159677645222,0.001715306706781717
2019-12-17,0.0006806677962605,0.0014254887047802,0.0006806677784318,0.0021683544708526,0.0006806690079383,0.0006806677962616,0.0006241921911345,0.0008245839052065362
2019-12-18,0.0010035376878014,-0.0013599039045126,0.0010035376615336,-0.0013588687961633,0.0010035394730147,0.0010035376878028,0.0009979407988518,0.00036011176387986635
2019-12-19,0.0025793184455571,0.0004198843679679,0.002579318378111,0.0005680234267462,0.0025793230293587,0.0025793184455611,0.0025495039905556,0.0018891905694693248
2019-12-20,0.0012198184371901,0.000179199169938,0.0012198184053753,-0.0004886505880887,0.0012198205993971,0.001219818437192,0.0013020070593079,0.0008640444241112686
2019-12-23,0.0013422034562355,0.0007286763317868,0.0013422034135095,0.0006848088108792,0.0013422063599781,0.0013422034562375,0.0010841477596854,0.0010269736866564735
2019-12-24,0.002481697275521,-0.0013615077272918,0.0024816972756269,-0.0013615674123876,0.0024816972683243,0.002481697275521,0.0021820021125558,0.0023056987413033665
2019-12-26,0.0042467864940543,0.0012829133701133,0.0042467864942348,0.0012829696865075,0.0042467864817696,0.004246786494054,0.0041920489294726,0.0033694483267215467
2019-12-27,7.734508783152627e-05,0.000839835431543,7.734508783485694e-05,0.0008398722507876,7.734508760859349e-05,7.734508783152627e-05,0.000159631766522,-0.00021784493176529353
2019-12-30,-0.0019563846706018,-0.0020677179176906,-0.0019563846706077,-0.0022577125763236,-0.0019563846702225,-0.0019563846706019,-0.0021399115423841,-0.0014986537984054017
2019-12-31,-0.0005383736343332,0.0005310645902147,-0.0005383736343331,0.0008019134364951,-0.0005383736343329,-0.0005383736343331,-0.0002989332007684,-0.0013204779013899352
2020-01-02,0.0057913848178623,0.0051791179200049,0.0057913848178623,0.0044753222320599,0.0057913848178599,0.0057913848178623,0.0057387661211774,0.005298069910627855
2020-01-03,0.001329858050765,-0.0027745535410843,0.0013298580507647,-0.0028840049047198,0.0013298580507645,0.001329858050765,0.0012968013904859,0.0024537652501903065
2020-01-06,0.0013720497938463,0.0026559218674722,0.001372049793846,0.0008584795407819,0.0013720497938465,0.001372049793846,0.001313718542985,0.00041513733478775784
2020-01-07,-0.0011261983216119,-0.0009212887352672,-0.0011261983216118,-0.0009382706166931,-0.0011261983216117,-0.0011261983216119,-0.001107275036611,-0.0007251679378957178
2020-01-08,-0.0018809740111196,-0.0011802986799966,-0.0018809740111195,-0.0011662386065875,-0.0018809740111184,-0.0018809740111196,-0.0018590631593422,-0.0018243555688212073
2020-01-09,0.0010798697698974,0.000308041711557,0.0010798697698974,0.0003231925303417,0.0010798697698972,0.0010798697698974,0.0011016914174677,0.0011933951822907397
2020-01-10,0.0013659294091452,0.0001369180332464,0.0013659294091452,0.0001243615282771,0.0013659294091448,0.0013659294091452,0.0013717794726506,0.0015352145154175498
2020-01-13,0.0017988753428765,0.0023393160549314,0.0023666768700965,0.0023437109695694,0.001798875342877,0.0017988753428772,0.0018045455841171,0.0005708712471361474
2020-01-14,-0.000182779790565,-0.0011638370082022,-0.0005668799551566,-0.0011638319051977,-0.0001827797905652,-0.0001827797905651,-0.0001754059798675,0.00026091339583291857
2020-01-15,0.0015757274647691,0.0007102812410875,0.002055967143093,0.0007102781231322,0.0015757274647691,0.0015757274647691,0.0015821997098024,0.0014262386090843635
2020-01-16,0.0035427931700271,0.0039726618892468,0.0029650001850938,0.0039726444626428,0.0035427931700271,0.0035427931700273,0.0034649843029608,0.0021616505258582573
2020-01-17,0.001160743799986,0.0017795910825122,0.0009693947918534,0.0017795833069913,0.001160743799986,0.001160743799986,0.0011328950717268,0.0008375753010944943
2020-01-21,-0.0023665288316135,-0.0038994980903109,-0.0018551645402711,-0.003899479012616,-0.0023665288316133,-0.0023665288316131,-0.0023533026249809,-0.0009902336983703477
2020-01-22,-0.0009111603410177,-0.0013880996980958,-0.0009106935401634,-0.0013880996715104,-0.000911160341018,-0.000911160341018,-0.0008489531215842,-0.0005889546936678034
2020-01-23,-0.0004899606862901,-0.0017112136974509,-0.0004897094434131,-0.0017112136646316,-0.0004899606862901,-0.00048996068629,-0.0004424718430937,-0.000107649251116308
2020-01-24,-0.0027868321126526,-0.0043613960812777,-0.0027854023759708,-0.004361395997487,-0.0027868321126526,-0.0027868321126526,-0.0027495621001356,-0.001251318512075932
2020-01-27,-0.0078557987558798,-0.0105107818372394,-0.0078099540336475,-0.0106006633291604,-0.0078139979221966,-0.0078001184116232,-0.0078629349453691,-0.0048115730948716075
2020-01-28,0.0016248437898478,0.0008544536064158,0.0008140303320742,0.002394205137022,0.0008148608002827,0.0023898511626025,0.002326985422272,0.0014719069161886718
2020-01-29,0.0015786478228934,0.0020770819467799,0.0021011740395182,0.0009296669986342,0.0021019589648274,0.0012683682690324,0.0009537450018675,0.0015362554203695717
2020-01-30,0.0009843508531088,0.0013267302453103,0.0013229770741676,-0.0002536903582751,0.0013232447801665,0.0002927507230767,-0.0003459032255774,-0.0003781130041042768
2020-01-31,-0.0058969317687501,-0.0047250698730951,-0.0046445835497541,-0.0071244951270196,-0.004647618120937,-0.0072538622088652,-0.0070492168251655,-0.004509267229173825
2020-02-03,0.0036554188972495,0.0042340849213424,0.0042091749090877,0.0025960896121755,0.004209457411745,0.0019932409193237,0.0026283932280457,-0.0002977032992771806
2020-02-04,0.0049837711466693,0.0049808993669937,0.0049810229211968,0.004989036930947,0.004981021519943,0.0055124932651327,0.0049888761895062,0.0028841273581928406
2020-02-05,0.0011564133300887,0.0011557502769918,0.0011557788039788,0.0011576291149657,0.0011557784804483,0.0032037769097199,0.0011575920025415,0.00316131289159282
2020-02-06,0.0026190228265847,0.0026175228901457,0.0026175874229779,0.0026217731291275,0.002617586691098,0.0030818633325049,0.0026216891749044,0.002512765128441893
2020-02-07,-0.001037653064997,-0.0010370603438054,-0.0010370858449072,-0.0010387398815098,-0.001037085555694,-0.0019428731983811,-0.0010387067060348,-0.0008504576131015564
2020-02-10,0.0051077001188974,0.0051056451790501,0.004856786643141,0.0051114719163809,0.0051057325313266,0.0045426852851244,0.0052160756674293,0.002596530681207029
2020-02-11,0.0005496334970342,0.0005496303351777,0.0011402675787053,0.0005496392925044,0.0005496304697008,0.0011831725832653,0.0004953506892606,0.0007260676615776447
2020-02-12,0.0006330429947551,0.000633279265769,0.0021076232347045,0.0006326097664222,0.0006332692158064,0.0025163225911017,0.0006879675435156,0.0028774608109415904
2020-02-13,0.000306635647677,0.0003066583578827,0.000502297327398,0.0003065940051041,0.000306657391901,0.000508149072494,0.000246189000177,0.0005979441832513643
2020-02-14,0.0013881625759877,0.001387887723012,0.0013851122245698,0.0013886665407554,0.0013878994142029,0.0018741121579604,0.0013397124784448,0.001824774934862207
2020-02-18,0.0016363819330251,0.0016354234784627,0.0021952216262539,0.0016381393464912,0.0016354642472726,0.0021402875814606,0.0016660687353746,0.0023989350153943998
2020-02-19,0.0008097669562971,0.0008091021134022,0.0020562935539407,0.0008109860040514,0.0008091303931583,0.0023217954567316,0.0010045195372363,0.0026904800010950003
2020-02-20,0.0002477829400842,0.0002477750559897,-0.001305490967187,0.0002477973953303,0.000247775391361,0.0002955100582402,6.641005300656033e-05,0.0009190248459953775
2020-02-21,-0.0005045223551161,-0.0005047919699254,-0.0021270101819738,-0.0005040279904908,-0.0005047805016294,-0.0011960544533907,-0.0007131473664084,-0.0007823358367290874
2020-02-24,-0.0088366405822372,-0.0088350010434016,-0.0135026123381781,-0.0088396467969572,-0.008685574232741,-0.012269420638754,-0.0091580092902763,-0.009098598916846858
2020-02-25,-0.0111731654049104,-0.0111731469227822,-0.0136585588282087,-0.0111731992934072,-0.0135921885660288,-0.0148008446560093,-0.0113092160145933,-0.011015953271788406
2020-02-26,-8.58917057411368e-06,-8.589156205496273e-06,-0.0012417672108947,-8.58919691948401e-06,-0.0012356500156691,-0.001430552683247,-1.942752332662057e-05,-0.001832861623777794
2020-02-27,-0.0149919229578804,-0.0149918978785134,-0.0173829557319294,-0.0149919689429575,-0.0172972178511101,-0.019313268644894,-0.0150688889809267,-0.014634722929321503
2020-02-28,-0.0027830022570846,-0.0027829975306573,-0.0049076524835031,-0.0027830109233774,-0.0048830204233004,-0.0053716744255725,-0.0029796578051763,-0.003676834712338332
2020-03-02,0.0033715220861185,-0.0069964430409674,0.0045518551665155,-0.0069964365253829,0.0045393331491223,0.0104910031679992,0.0034728138238036,0.010804294000293457
2020-03-03,0.0033210373025625,0.0061038380622469,-0.0016343951404967,0.0061038380221964,-0.0016344155139395,0.002430587830688,0.0033207020731125,0.0015218446635101841
2020-03-04,0.0071952214387023,-0.0065425590421088,0.0072335412831441,-0.0065425589994401,0.0072336315999812,0.0120480307118424,0.0071944975483286,0.010221714586382984
2020-03-05,0.0006523439599264,0.0102032347278337,-0.0034468761954792,0.0102032346608533,-0.0034469189235439,-0.0049092471489413,0.0006522787982965,-0.006562846537568358
2020-03-06,0.0073945230952767,0.0139396849363973,0.0059053441946315,0.0139396848458126,0.0059054176514841,-0.0005226819371186,0.0073937849492715,-0.005634288550652694
2020-03-09,0.0026062086748646,0.0261223999129396,-0.0015873037071205,0.0261223997353539,-0.0012205798639424,-0.0260402188293006,-8.812281159586988e-05,-0.03753130999175974
2020-03-10,-0.0115744796378034,-0.0260862635261071,-0.0184925993646252,-0.0260862635306217,-0.0129936065259413,0.0007248821175613,-0.0058274340018648,0.010621307986659757
2020-03-11,-0.0044971473871486,0.0107018859046372,0.002270701741563,0.0107018859065393,-0.0030109495469965,-0.022647923801722,-0.012137715564586,-0.025617426224610253
2020-03-12,-0.0039325130297953,0.0203380474524907,0.0095896102724175,0.0203380474560666,-0.001216159452958,-0.0371262963303302,-0.019013363889503,-0.04410775240101617
2020-03-13,0.0026666598404883,-0.0246170210728383,-0.0070224135782163,-0.0246170210770803,-0.0001167628379783,0.022530798852526,0.010098579337741,0.029706929659210558
2020-03-16,0.0058692165959375,0.0342723513057448,0.0224264136481184,0.0342723513110596,0.0106133553572222,-0.0317679699299888,-0.0151603907911392,-0.050739771890898545
2020-03-17,-0.0149491126527276,-0.0114055873978133,-0.0071763396742015,-0.0114055873977547,-0.007260223899991,-0.0100433903468523,0.0006693996775644,0.006503652582285721
2020-03-18,0.0151971561393569,0.0253206591948087,0.023531606281796,0.025320659194677,0.0238086788077951,-0.0180449062072608,-0.0133378732585656,-0.039962916250664844
2020-03-19,-0.0041778312298828,0.0045896962645903,0.0050852333463933,0.0045896962645672,0.0051437169291668,-0.001406120959957,-0.0072601359883545,0.0034062931622707744
2020-03-20,0.0153315164560106,0.0145109624767501,0.0122290857128466,0.0145109624766768,0.0123690086492578,0.016426294284755,0.0049278796313381,-0.0010203843850739077
2020-03-23,0.0122044750042815,0.0052600505669109,0.000620883148299,0.0052600505669273,0.0005857363828634,0.0234946849605102,0.0109204131032345,0.009434777994934206
2020-03-24,-0.0283604460109441,-0.0285563624548752,-0.0380193970455257,-0.0285563624548749,-0.0380207325221183,0.001595796690333,0.0151143106404616,0.03425349669469875
2020-03-25,-0.017942845345371,-0.0180704397231685,-0.0155026652763875,-0.0180704397231682,-0.0155032313484393,-0.0061740417762146,0.0052348264788366,0.014352646845651854
2020-03-26,-0.0175510214069963,-0.0176781263049208,-0.0191777253738112,-0.0176781263049203,-0.0191778809576372,-0.0008785924153517,0.01167644622646,0.017787034960684442
2020-03-27,0.012098048649711,0.0122210511602738,0.0120440076940211,0.0122210511602733,0.0120440096045131,0.0023879443662628,0.0019798455030546,-0.00925171262920646
2020-03-30,-0.0019808292313243,-0.0053930250190812,-0.0054898133431094,-0.0053930250190805,-0.0054898129625339,0.0047765620362794,0.0063248455835207,0.007623083263583829
2020-03-31,-2.6637539523033386e-05,0.0009346938770677,0.0009347848439125,0.0009346938770675,0.0009347848435548,-0.0058310532388894,-0.0058342347872104,-0.0070090338234095615
2020-04-01,0.014058496814947,0.0198273128732642,0.0198292407169233,0.0198273128732642,0.0198292407093423,0.0012179721255409,-0.0004691936164051,-0.016217716699594514
2020-04-02,-0.0071384536499099,-0.0091736632272453,-0.0091745378550596,-0.0091736632272453,-0.0091745378516203,0.006032561498968,-0.0072892275075805,0.014776716729275219
2020-04-03,0.0010675529193453,0.0028408819081606,0.0028411552691354,0.0028408819081608,0.0028411552680602,0.0011995322737605,0.0012384984974191,-0.0019756484846110475
2020-04-06,-0.0082109427524523,-0.0162640671420959,-0.0162656276046833,-0.0162640671420962,-0.0162656275985458,0.0092956728966306,-0.0086189865124213,0.023583726757766193
2020-04-07,-0.00228713920368,-0.0026170684955741,-0.0026173237586447,-0.002617068495574,-0.0026173237576408,-0.0053125688049476,-0.0023692727200692,-0.0028525873570600306
2020-04-08,-0.0079703982783982,-0.0121332705340903,-0.0121344570920581,-0.0121332705340903,-0.0121344570873921,0.0018450267696348,-0.0083484758873146,0.013338228821266791
2020-04-09,-0.0055213059424938,-0.0119713108902342,-0.0119724959901056,-0.0119713108902342,-0.0119724959854453,0.0073976296378563,-0.0058828134255397,0.0186937910736257
2020-04-13,0.0045843975062411,0.0028056845657122,0.0041922515352421,0.0028056845657122,0.0041922515344965,0.0016048434013138,0.003818487113367,-0.004822422490284644
2020-04-14,-0.0005957707149133,-0.0059384557599693,-0.0020307528998266,-0.0059384557599693,-0.0020307528998281,0.0039992699497819,-0.0024036979032269,0.006308771550497845
2020-04-15,0.0126208873477691,0.0147985498038136,0.0136440882268318,0.0147985498038138,0.013644088226842,0.0051525742996845,0.0148065783090447,-0.007433282764619755
2020-04-16,0.0027527319176767,0.0010414936476677,0.0027549828216479,0.0010414936476677,0.0027549828216499,0.0032541794294769,0.0029741429217968,0.0006884223504334201
2020-04-17,-0.0097219173576175,-0.0084620940166864,-0.0076082140180187,-0.0084620940166864,-0.0076082140180242,-0.0062653161882547,-0.0082168777922455,0.0038921137181999726
2020-04-20,0.0088254568365981,0.0095621429952841,0.0083813425381094,0.0095621429952836,0.0083813425381149,0.0021474179568152,0.0095583736553217,-0.008694124427963572
2020-04-21,0.0086479947744053,0.017220922027719,0.0136969976157976,0.017220922027719,0.0136969976158078,-0.0046527756105395,0.0153335407327679,-0.017844602443959506
2020-04-22,0.0005148907397447,-0.0054400348956933,-0.0027230460395518,-0.0054400348956931,-0.0027230460395538,0.0052743072738015,-0.0029147677028457,0.006037165264846527
2020-04-23,0.0016058931733449,0.0010750530482617,0.0008452936285798,0.0010750530482617,0.0008452936285805,0.0028713381589775,0.0007921419182834,0.0026221771744122688
2020-04-24,0.0011063028811264,-0.001464213317605,5.492077333935086e-05,-0.0014642133176051,5.49207733395729e-05,0.0011500414674656,0.0001857791396857,0.00017449532318069872
2020-04-27,-0.0034212308905912,-0.0046531860631935,-0.0040684063712301,-0.0046531860631935,-0.0040684063712314,-0.0045767509309627,-0.00541457312907,-0.0019192739871858814
2020-04-28,-0.0007324577357861,0.0014958000958018,-0.0001226842855586,0.0014958000958016,-0.0001226842855587,-0.0002244566114001,-0.0009575907068988,0.0011021509454813253
2020-04-29,-0.0062771288400194,-0.0105746149702827,-0.0075301481714444,-0.0105746149702825,-0.0075301481714444,0.0031219162655078,-0.0086397247895538,0.01231639701475223
2020-04-30,-0.0048503129111331,-0.002903575597728,-0.0027204692952287,-0.0029035755977282,-0.0027204692952287,-0.0077864926694108,-0.000610235089903,-0.005681869627745875
2020-05-01,0.0078233434153092,0.0108204976666888,0.0080115269420406,0.0108204976666888,0.0080115269420408,-0.0004412079882449,0.0076411917018108,-0.01056485347612765
2020-05-04,-0.0012253272807121,-0.0012153692993651,-0.0001992375384229,-0.0012153692993652,-0.0001992375384232,0.0014934165212425,0.0002202323777185,0.0027721366041508063
2020-05-05,-0.0047443232807584,-0.0068236159212197,-0.0058295024033606,-0.0068236159212197,-0.0058295024033607,0.0015693236354152,-0.0047960387068511,0.006643416414303511
2020-05-06,0.0013177212910284,0.0026592609103697,0.0015108077871013,0.0026592609103697,0.0015108077871013,-0.0042197848101118,0.0007591009016383,-0.007176052796216654
2020-05-07,0.002479848311333,-0.0015450928441143,0.000180655687646,-0.0015450928441141,0.0001806556876462,0.0075728981998901,0.001289860046298,0.007394217273142988
2020-05-08,-0.0082492434923481,-0.0101619953282948,-0.0094551536857395,-0.0101619953282947,-0.0094551536857397,-0.0016883033735329,-0.0077220670668978,0.007280462743333891
2020-05-11,0.0018443399340077,0.0016122400925979,0.0012994143131908,0.0016122400925984,0.0012994143131912,-0.0011935298744314,0.0012968432013351,-0.0038571802152689537
2020-05-12,0.0035194063691879,0.006304567812537,0.0055227209806469,0.006304567812537,0.0055227209806469,-4.586036680853667e-05,0.0034864826588354,-0.004973980322474522
2020-05-13,0.0047545104476001,0.0062719663031045,0.0054234146937823,0.0062719663031043,0.0054234146937823,0.0019063281166316,0.0037152294334907,-0.003691069554123336
2020-05-14,0.0020893826556089,-0.0028214689004941,-0.0007183784344181,-0.0028214689004942,-0.0007183784344181,0.0060609157726581,0.0004519204246049,0.005745427582206034
2020-05-15,0.001566075840004,-0.004409232111428,-0.0032662372356782,-0.0044092321114279,-0.003266237235678,0.0044858520934629,-0.0027896889960564,0.0042437318417829955
2020-05-18,-0.0130629321468531,-0.0202573905564645,-0.0176955096657169,-0.0202573905564646,-0.017695509665717,-0.00146360501614,-0.0144615418918317,0.014322005915307148
2020-05-19,0.0042443004872121,0.002996796943161,0.0027528212906813,0.0029967969431607,0.0027528212906813,0.0029184552442165,0.0017172640596827,-0.0012742122670071827
2020-05-20,-0.0029203085764423,-0.009332864231507,-0.0058671526409137,-0.0093328642315071,-0.0058671526409136,0.004084644233993,-0.0040682351311153,0.009445527414965606
2020-05-21,-0.0030859858448354,0.0014496604172149,0.0004089917406189,0.0014496604172151,0.0004089917406191,-0.0039353543223518,-0.0002493529124499,-0.002085346378177372
2020-05-22,0.0046003256848048,0.0036144013461552,0.0039679847891582,0.0036144013461552,0.0039679847891582,0.0031009935281116,0.004071831472987,0.00046905832505645924
2020-05-26,-0.0090047800576323,-0.0114379395109716,-0.0100566942208017,-0.0097147657209689,-0.0119726480519345,-0.0049634147608244,-0.0086217199001462,0.004078484851585332
2020-05-27,0.0016010118338631,-0.0015548909771222,-0.0009149229740009,-0.0020256934293803,0.0001301647171141,0.0026267627922604,0.0004742211266572,0.0036160518961337574
2020-05-28,-0.0009891861417632,-0.0013783394501269,-0.0012352807376773,-0.001176355429046,-0.0008669502687643,-0.0010315835902139,-0.0013816783990563,-0.000748754932478655
2020-05-29,0.0010814428056364,-0.0033052111140569,-0.0022908069871204,-0.0045903331319138,0.0004811429442277,0.0055277093473748,-0.0017912348697914,0.005433063544572327
2020-06-01,-0.00201246824362,-0.0046930895511011,-0.0054932690674118,-0.0037155656700562,-0.0041200157839309,0.001766572659791,-0.003639840855272,0.00544725340985275
2020-06-02,-0.0045086762877625,-0.0060492604850577,-0.0067379217080896,-0.0057619011432067,-0.0067491691196227,-0.000502516352238,-0.0043047696440052,0.004243383085998176
2020-06-03,-0.008328224537583,-0.0091735725142406,-0.0103671160174282,-0.00730402806013,-0.0103766181333172,-0.0056210413607132,-0.0081602257313103,0.001614657224688667
2020-06-04,-0.0022193958682689,-0.001486059877312,-0.0012050924272147,-0.0003367883453755,-0.0011983712697606,-0.0027906903384057,-0.0022098028572984,-0.0027765688271851876
2020-06-05,-0.0084335281600332,-0.0093121145975408,-0.0113563800106938,-0.0108201116673838,-0.0113718025273275,-0.0008260643722044,-0.0081163983633758,0.008424027003478031
2020-06-08,0.0036272484689159,0.0008705304199423,0.0015859404898663,0.0001779279922231,0.0014196502718899,0.0045917378075723,0.0022309851231843,0.005056755826734994
2020-06-09,-0.0004707960031071,-0.0031471438918468,0.0039430423015525,0.000969640394558,0.0028813753957355,-0.000687013718934,0.0023298583943887,-0.0024316172677588638
2020-06-10,0.004893167658817,-0.0009648340288784,0.0074132085860179,-0.0013750427429464,0.0072016074831324,0.0053023194082852,0.0059504941915713,0.0023510139177226877
2020-06-11,-0.0070531161207916,-0.0097224176359332,0.0059955053349713,0.002673269312625,0.0027832922219399,-0.013548579593116,0.0075661815566288,-0.021951257768576007
2020-06-12,0.0018957583824585,0.0036454555152451,-0.0045474112377201,0.0004253083990297,-0.0033449526086594,0.0033419350672942,-0.0026928713013193,0.006469393261955973
2020-06-15,-0.0069776330099148,0.0027348093064629,-0.0056250236008588,0.0124373929135102,-0.0064717196629157,-0.0007024164072785,-0.0005220498869271,0.0048894768550373216
2020-06-16,-0.0026015195087554,0.0007283332112579,-0.0046866117080188,0.0024058294637114,-0.0046906056916385,0.0013399783966021,-0.002542789200491,0.005175241613565642
2020-06-17,0.0018517664704067,9.421033306988846e-05,0.0027446467856524,-0.0008234486606286,0.0027469968278746,0.0005759102523272,0.0016378249235724,-0.001456857261528346
2020-06-18,0.0010353195188552,-0.0010519984200435,0.0010709375306463,-0.0004295581439476,0.0010718519848733,0.0018846528039928,0.0008724243167474,0.0013644645990498279
2020-06-19,0.0013186354844842,-0.0006502146347281,0.0021408586850728,0.0007335289898351,0.0021426847683698,0.0020201442694849,0.0013229777551451,0.0006512020877572765
2020-06-22,-0.002292348777151,0.0029348040143766,-0.0029139053952386,0.0035864589914311,-0.0029135032609124,0.0001351046987219,-0.0026527802953364,0.0029334158525801883
2020-06-23,0.000347150501758,0.0024992568790338,-7.128341449236242e-05,0.0024976340460736,-7.12833857431372e-05,0.0010410566649574,0.0009035850184979,0.0009101393856927801
2020-06-24,0.0048534064991523,-0.0088786906451217,0.0073131455155199,-0.0088729398421074,0.0073131425658496,-0.0028023972839748,0.004540174869092,-0.009975738188706064
2020-06-25,-0.0003858586595668,0.0037519767713376,-0.0013674358983466,0.003749524828311,-0.0013674353508119,0.0031493020495541,-0.0008659838547595,0.00504523839394691
2020-06-26,0.0040508529879301,-0.0044973011352582,0.0063013797858222,-0.0044943730963085,0.0063013772592328,-0.0005765725269798,0.0031226009808349,-0.006094740967272883
2020-06-29,-0.0016618340759706,0.0040087608975001,-0.0034090607775503,0.0038331613160156,-0.0029613077797037,0.0023859358013205,-0.0031072206942792,0.005841539546011465
2020-06-30,0.0013225850103557,0.005127425657101,-0.0024018024760298,0.0043337789834252,0.0001241919196595,0.0035674452639453,0.0027036696283129,0.003871167364758425
2020-07-01,-0.0027094812259176,0.0022589542964939,-0.0019660432549709,0.0019038570577041,-0.0032926259374375,-0.0008846478791214,-0.0028225884159035,0.0024068129295225886
2020-07-02,-0.0012860885180612,0.002537969616255,-0.0011263503124412,0.0027323549818409,-0.0017577312100233,0.0015965082251701,-0.0012213702484178,0.004102748488725182
2020-07-06,-0.0015704589430307,0.008558599686909,-0.0053239870238067,0.0072750534748213,-0.002807047091748,0.0035271853866316,-0.0015698905165735,0.006437059615840779
2020-07-07,0.0046780725693449,-0.0042378109967081,0.0058875975443601,-0.0042432111366536,0.0058727371010325,0.0023370519367471,0.0048014541945584,-0.0026156576948980588
2020-07-08,-0.0010694150173878,0.0062417061775996,-0.0048885995246967,0.0062496937255072,-0.0048763326176549,0.0022991752057324,-0.0012343114465508,0.004008176510165568
2020-07-09,0.0049118751847596,-0.0028746781929649,0.0062420714456137,-0.0028783340872448,0.0062263315338695,0.0033777406426498,0.0048370743775747,-0.001122692614894495
2020-07-10,-0.0019378140091713,0.0020679523410673,-0.0033057588839121,0.0020705898671717,-0.0032974747129416,-0.0002590849603542,-0.0019613740283995,0.002235455205270485
2020-07-13,0.0009634675285841,-0.0014788654997279,-0.000395397769516,-0.0014725230940174,-0.0003875215419057,-0.0014343228938331,0.002228565889661,-0.003935557025050482
2020-07-14,0.0002142963579343,0.0053614439453355,-0.000761245705962,0.0053614098907368,-0.0007612397078933,0.0037541162026466,0.0003014300029144,0.00544291820879136
2020-07-15,-0.0025065909703234,0.0041954680331683,-0.0030038828201516,0.0041954415266791,-0.0030038591336836,0.0009481616785222,-0.0027546745372463,0.004671459546837242
2020-07-16,-0.0006220927220211,-0.0037721226380118,0.0004193395619087,-0.0037720989057381,0.0004193362453348,-0.002652026677039,0.0006046376519432,-0.002950262731837676
2020-07-17,0.0002933222567651,0.0036681810003573,0.0004740652336188,0.0036681578346482,0.0004740614857889,0.0020150680347781,-4.39363051493169e-05,0.0023700040795828856
2020-07-20,0.0052737241067428,0.0055875076904066,0.0026563774316665,0.0055874940847464,0.0026563611486198,0.0065516251964323,0.0034229908590284,0.003996781541538412
2020-07-21,0.0024183350642645,0.0066031810372115,0.0019738424098394,0.006603181126553,0.0019738424418944,0.0049884020498391,0.0014994230357809,0.005080745689013073
2020-07-22,0.00549819267911,0.0076597343132958,0.0056820252538287,0.0076597344162527,0.0056820253459224,0.0079490193826148,0.0069364261560878,0.0058582184145275305
2020-07-23,-0.0005205106429942,-0.0036452159274625,0.0017322565931439,-0.0036452159760868,0.0017322566210615,-0.0016704302291726,0.0002454797770541,-0.00235621051008024
2020-07-24,0.0005991334871815,-0.0003838043582723,0.0021547302568596,-0.0003838043634106,0.0021547302915261,-0.0004841753631352,0.0004157985823338,-0.001881254979105452
2020-07-27,0.0039842483846317,0.0106907285384465,0.002979652344732,0.0095903690690066,0.0029796524261198,0.0076620912164908,0.0035865690514373,0.006692277779787907
2020-07-28,0.0002778522397788,-0.0020611105832311,0.0022504506021825,-0.0009674771177277,0.0022504506019997,-0.0003508593666327,0.0017859371136141,-0.0008916035869536045
2020-07-29,0.0015503343154912,0.006697837751282,-0.0023062782873274,0.0064437692294625,-0.0023062782871408,0.0049817218899643,-0.0023218772023694,0.005359818463942436
2020-07-30,0.0009880824448387,-0.004403334953396,0.0021013011469943,-0.0033603935193333,0.0021013011468238,-0.0023543931152933,-0.0007269544615765,-0.004287299324040059
2020-07-31,0.0038464488808156,0.0020881468155868,0.0032498727610748,0.0019828722318115,0.0032498727608116,0.0051647037795623,0.0068747382604001,0.002854872380689594
2020-08-03,-0.000490878496327,0.0042140339328109,-0.001285861619019,0.0027460877561551,-0.0016677678966255,0.0017427869563308,0.0002081625823378,0.002960062824159209
2020-08-04,0.0051810269763232,0.0085807571108962,0.0051851511083911,0.0085933187052495,0.0040888493747881,0.0094433486318148,0.0051774059793934,0.007500038990050255
2020-08-05,0.0011405149880567,0.0040630053059185,0.0011414181625064,0.004068902568403,-0.0001773125584925,0.0030058047503316,0.0011397219928142,0.002725964702974707
2020-08-06,0.0059800483837406,0.0069379677855969,0.0059847785882221,0.0069479971135197,0.0051197035904482,0.0091044382466558,0.0059758952148751,0.005887225885708548
2020-08-07,-0.005742380653894,-0.0062691322150338,-0.005746895841352,-0.0062781321617692,-0.0033568422544226,-0.0074970481747727,-0.0057384162372096,-0.003546942256151174
2020-08-10,-0.0006520142326733,0.0008421924850863,-0.0012182341279979,0.0008455030377405,-0.0015581341108747,0.0006034527918301,-0.0010916857023224,0.0017681679471620243
2020-08-11,-0.0101781349263913,-0.0139306676139019,-0.0081796853434786,-0.0139306215346534,-0.0081824699571884,-0.0158139081767694,-0.0134318835428649,-0.013912886722917477
2020-08-12,0.0007335165087551,0.0044585231831788,-0.0016831523765504,0.0044585082271249,-0.0016837301000243,0.0030337819066434,-0.0011407471919168,0.003567058069336264
2020-08-13,0.0008593631054978,0.0003552077623838,0.0021362549493426,0.0003552065761334,0.0021369894319436,0.0006692360558722,0.0031677781192853,0.0012263913597647795
2020-08-14,-0.0021285103689933,-0.0022396879052345,-0.0011437539313476,-0.0022396804282367,-0.0011441463358102,-0.003172048195531,-0.002122330150266,-0.0029671584406500895
2020-08-17,0.0039383647683555,0.0081552308036751,0.0015396863271486,0.0081552158249906,0.0010880641455621,0.0072161682179705,0.0044262237564491,0.006908257757985702
2020-08-18,0.0032700111179533,0.0013074261200147,0.0036551531557675,0.0013074261394399,0.0037033118587039,0.0032266932990401,0.004310965579388,0.001193220003807295
2020-08-19,-0.0054955553353825,-0.005766237663509,-0.0044531041511046,-0.005766237749069,-0.0033427838627153,-0.0071856948969085,-0.0066828928935851,-0.005649666763646764
2020-08-20,0.0036731012047825,0.001802046425638,0.0035040914404127,0.0018020464525321,0.0038270536886648,0.0046378478689772,0.0047263077257764,0.003255990448153785
2020-08-21,0.0004480990316073,-0.0029592120904895,0.0014498372796096,-0.002959212134574,0.0010083348723839,2.272537266501118e-05,0.0004523959982947,-0.0007829976355280491
2020-08-24,0.0009003551316502,0.0024833018193541,-0.0021026113061266,0.0024833018848289,-0.003483322671642,0.0024622911680618,-0.0011373368988064,0.0025556255735613084
2020-08-25,-0.0010144240136419,0.0017299755357684,-0.0013514330746053,0.0017299755356554,-0.0013533055359984,7.118503329017756e-07,-0.000596578853043,0.000744176661528527
2020-08-26,0.00343669735492,0.0028674431127824,0.0032703037432819,0.0028674431125954,0.0032748410125247,0.0040252096028103,0.0043142795459369,0.002731123175759782
2020-08-27,-0.0050638931247309,-0.004769332816614,-0.0037601135243927,-0.0047693328163038,-0.0037653133346371,-0.0063901428174601,-0.004663345129157,-0.004155376233993884
2020-08-28,0.003791769238427,0.0053404973052439,0.0023440213706487,0.0053404973048949,0.0023472751376181,0.0049651443412315,0.003541585899367,0.003662954874788101
2020-08-31,0.0010794523291797,-0.0012090323639138,0.0012700334503183,-0.0012090323638603,0.0012728826159493,0.0003176784750309,0.0029004144413862,-0.000552452842170674
2020-09-01,0.0049698743510133,0.0027851226609452,0.0049803557689063,0.0027851226606723,0.0049857726443816,0.0072115747693792,0.0056939102273334,0.005267569053466803
2020-09-02,0.0029623039257302,-0.0008449771930221,0.0029690811066229,-0.0008449771930337,0.0029716104219648,0.0033038490248686,0.0029836409313066,0.0017071879484177
2020-09-03,-0.0083080465777634,-0.0120631706576923,-0.0083234539992317,-0.012063170656937,-0.0083308806921,-0.0129330504120694,-0.008123672596228,-0.010366400404998064
2020-09-04,-0.0025130862383397,-0.0021472521467075,-0.0025183267423386,-0.0021472521464149,-0.0025212166657245,-0.0061263768316016,-0.0025785920548415,-0.005354869898471102
2020-09-08,-0.0032013248651088,-0.0127331329163038,-0.0022698746469076,-0.012473468680102,-0.0032048124603415,-0.0086049715511717,-0.0030445271779099,-0.008278078064356714
2020-09-09,0.004648529483151,0.0076172195859018,0.0064325259563415,0.006011916636738,0.0046485457474643,0.0084803625893794,0.0045523174208006,0.00751299517310363
2020-09-10,-0.0023500419922033,-0.0054316209422852,-0.0047449605935859,-0.0039192654517342,-0.0023500501765043,-0.0056804058251419,-0.002219357800437,-0.0055779111237703885
2020-09-11,0.000668920135507,0.0023281844944704,0.0012529176327196,0.0016331777387934,0.0006689224705884,0.001542314389032,0.0006686592026816,0.0013438066010954886
2020-09-14,0.0024459885836356,0.0057255715009942,0.0056728067438118,0.006505649453701,0.0041634547053124,0.0054253848775092,0.0036168462422434,0.00528703469421573
2020-09-15,-8.970297442745245e-05,0.0035139648712696,0.0021519596963188,0.0035112414225495,0.0008880581406118,0.0026052003602206,0.0002325432968155,0.0031333228089478666
2020-09-16,-0.004703624707077,0.0020707281967831,-0.0007386200211646,0.0020691289236471,-0.0012832408650668,-0.0016643791525255,-0.0037837110363475,0.0017349952241352074
2020-09-17,-0.0009908139181424,-0.0007715257562317,-0.002017791602756,-0.0007709311187358,9.922635775660992e-05,-0.0018907393156059,-0.0015289224021239,-0.001979102363908903
2020-09-18,-0.002174628368132,-0.004523547273471,-0.0041488354755786,-0.0045200581532355,-0.00175043990373,-0.0046191897788776,-0.0025017573096846,-0.0038749163971075213
2020-09-21,-0.0005267608815698,-0.0120415078784059,-0.0102942050498949,-0.010211976708744,-0.0090010228835668,-0.0080481968744691,-0.0032898566967539,-0.010291777758468186
2020-09-22,-0.000229209269823,0.001014068568728,0.0012545701617963,-0.0001846885511479,0.0012529330382502,0.0011805287452959,0.0005653473245352,0.001631168862183922
2020-09-23,-0.0048299087542647,-0.0128298147208258,-0.0124961025638757,-0.0096853794970459,-0.0124798164570028,-0.0119445695822965,-0.0075104718857665,-0.011787020406732055
2020-09-24,-0.0001880986653414,0.0019034905094659,0.000896552274995,0.0013173425818042,0.0008953690363773,0.0012205349753469,-0.0001627302873666,0.0019249445967789692
2020-09-25,-0.0003490822759242,0.0031075057477936,0.0033926910369572,0.0010230521580392,0.0033882174863968,0.0023825458621358,0.00110739561166,0.0029887285690380896
2020-09-28,0.0024096659286574,0.0092712883853092,0.0086275915998428,0.0077499828027429,0.0083658026803152,0.0079420881740335,0.0048771207993019,0.007983232949012093
2020-09-29,0.003831977405226,-0.0020518368922587,0.0006260814610283,-0.002054934357872,0.0008161448369565,0.000728142577494,0.0028489158615769,-0.001661716049847085
2020-09-30,-0.0019529596812509,0.0013641255021481,0.001220323599,0.0013661890348344,-0.000473751879176,-0.0003911794707559,-0.0019931545208609,0.0003843019234990446
2020-10-01,0.0034270909011067,0.0035004978385768,0.0056000882182254,0.0035057858686313,0.005881164602862,0.00512682674715,0.0051343377569792,0.003741046771747615
2020-10-02,-0.0015140632911642,-0.0046573225277753,-0.0006369033214023,-0.0046643335369396,-0.0013657920198485,-0.0045271986174945,-0.0012239799316078,-0.003083110239213205
2020-10-05,-0.0019105676459097,0.0075747879342318,0.007530437000832,0.0091646516844585,0.0056065796511792,0.0036570364175936,-0.0002204301558876,0.006226325624720973
2020-10-06,-0.0041856944630225,-0.0042485997372951,-0.0051930307326252,-0.0052459839951427,-0.0052319624601845,-0.0044650688611355,-0.0043267916953178,-0.0031624763277077095
2020-10-07,0.003726244708456,0.0044591156134807,0.0057488383556318,0.0057932265427704,0.0057921599441423,0.005246172931558,0.003498425547771,0.0038042523449751254
2020-10-08,0.0015329259960419,0.0042785967902261,0.0032469328088629,0.0032509113220786,0.0032401247544364,0.004950324097438,0.0010924458868333,0.005027296855265403
2020-10-09,0.0059730733982441,0.0060294331679369,0.0061043093971584,0.0061399390156022,0.0061281763247589,0.0063921273282088,0.0059031752806002,0.0043282479284968665
2020-10-12,0.0059905986237946,0.0040212354564308,0.0044577986956584,0.003440512059996,0.0044634615406249,0.0064221073651744,0.0061860001848921,0.0033561875186153313
2020-10-13,-0.0031285728021857,-0.0057735539477291,-0.0061213090394254,-0.0064288557602874,-0.0061678915428563,-0.0039774439456252,-0.0031737618644335,-0.003225923625500711
2020-10-14,-0.0017738522605813,-0.0013299488449197,-0.0023000963523485,-0.0026455848609499,-0.0023144702724939,-0.0019499098092997,-0.0019476600082696,-0.0010065166506152317
2020-10-15,-0.0020889829973366,-0.000813324597682,-0.0009522461788306,-0.0005134281893705,-0.0009520852597815,-0.0016348517759725,-0.0019880772676957,-6.619928996471198e-05
2020-10-16,0.0002811277890348,-0.0010744543858374,-0.000761175098412,-0.0002796319207953,-0.0007556217820813,-0.0010579939304735,0.0003684609517813,-0.001874490509028815
2020-10-19,-0.0024474386730974,-0.002347950782123,-0.0031952975951173,-0.0024443918716562,-0.0031936098366691,-0.0047917645319154,-0.0023262131848929,-0.004183503811051328
2020-10-20,2.773673619826944e-05,0.0045574334802627,0.0040652743901843,0.0045324027374726,0.0041090143080606,0.0015647584052205,-0.0003715497175738,0.0022349206279867863
2020-10-21,0.0014773225982502,0.0014232921583055,0.0011130105687782,0.0014514836458532,0.0011286024551662,-0.0010598948132632,0.0018280850591048,-0.002397816222863781
2020-10-22,-0.0018661235720184,0.0017995325221278,0.0011876515964015,0.0017674803567027,0.0012240337044642,-0.0011600934977185,-0.0020181032144561,-0.0003238422487667298
2020-10-23,0.0035552401883711,0.001004620111239,0.0016577430414546,0.0010377779882415,0.0016428865431377,0.0032199644998494,0.0037737409234981,0.001013140921047876
2020-10-26,-0.0020554178713141,-0.0084277449422301,-0.0085232751437135,-0.0083976468360492,-0.0085812998114286,-0.006019081568497,-0.0020618018714743,-0.005757036269516194
2020-10-27,0.0018057056001268,-0.0027025656567817,-0.000260588626872,-0.0027152470014658,-0.0002858936722576,0.0021254166752546,0.0004276914054532,0.0010525925295047753
2020-10-28,-0.0043430463886985,-0.0111870973755383,-0.0167644485963437,-0.0111546856933499,-0.0168209863970147,-0.0141762687751401,-0.0067657770437586,-0.013972332929308457
2020-10-29,0.0010882164973446,0.0050429685729138,0.0023946914874855,0.0050556150573008,0.0024386539299141,0.0011677429205561,0.0018330411807678,0.0006855629052484735
2020-10-30,-0.0031145156910101,-0.0012545337453604,-0.0027504478331683,-0.0012607823225104,-0.0027261498363096,-0.0058525337294147,-0.0034112888606117,-0.003851336130988422
2020-11-02,-0.0004092027692397,-0.0015215008335608,0.007519891036932,-0.0014945376278836,0.0075061046183444,0.0064691852014002,0.0006917796354053,0.008266404024521305
2020-11-03,-0.0022015256640071,-0.0031372990782561,0.0093820718571566,-0.0013181722170118,0.0093822002386811,0.0037081128245755,-0.0021991034985922,0.0059610357896481185
2020-11-04,0.0079648506432419,-0.0051566887530807,0.0072212115205461,-0.0027665888625439,0.0072213094150246,0.0160505140747955,0.0079560682315287,0.010970583642672607
2020-11-05,0.0043891577815804,-0.0034935960479791,0.01040630532694,-0.0013495880009387,0.0104064453887684,0.0103831454456244,0.0043843562947094,0.00877832712906012
2020-11-06,0.0007283286547878,0.0028700669320949,-6.698414492578575e-05,0.002848315592409,-6.698503720170557e-05,-0.0023406054925498,0.0007275353829994,-0.003154489973902017
2020-11-09,-0.0190004056933161,-0.0072898943422342,0.0078698962291234,-0.0029036156903068,0.0078701733272072,-0.0106863719459525,-0.0154057186722416,0.0005243699850174901
2020-11-10,-0.0051347784208333,-0.0020683318985504,0.0034106382326544,-0.002059233199373,0.0034106372949527,-0.0024211622249004,-0.0072911313492907,0.0011742788625376684
2020-11-11,0.0007079111388372,0.0008475849082698,0.0017103503120075,0.0008438486445085,0.0017103498433717,0.0027520231199107,0.000980564304478,0.002950729420091227
2020-11-12,0.0030396420964797,-0.0046462045585263,-0.0061189718403534,-0.0046257407570161,-0.0061189701666191,0.0005781590343834,0.0046857879788508,-0.0017446628632702323
2020-11-13,0.0025688080020278,0.0033233180199188,0.0057769471071822,0.0033086127335941,0.005776945517274,0.0054846018907421,0.0005582702376309,0.004716840278224925
2020-11-16,0.0006363226468759,0.00146827144331,0.0069491549137088,0.0010819747596595,0.0069491531433945,0.0048062553257204,-0.0016596056406368,0.005198045217295299
2020-11-17,0.0005255535253569,-0.0001347764602822,-0.0009631829063048,-0.000134828467711,-0.0009631829079982,0.0006261133353109,0.0001090498716218,0.00011950558850993095
2020-11-18,-0.001804356000577,-0.0027833095629916,-0.003331439251742,-0.0024525210809118,-0.0033314392576045,-0.0031254026709816,0.0006311205884863,-0.0030886348523025296
2020-11-19,0.0026246122063608,0.0023234423708409,0.0019654009096026,0.0022126754551257,0.0019654009130727,0.0035067594127939,0.0009383082700782,0.002415712416739845
2020-11-20,0.0004195313623931,-0.0024740232621828,-0.0008716989541492,-0.0018105426781143,-0.0008716989556853,0.0011371932207626,1.936093316556864e-05,0.000878925131029093
2020-11-23,-0.0018728197503087,0.0033148761003081,0.0005763809971259,0.0040389913253764,0.0005763810030883,-0.0013378371240159,-0.0032822063207123,-0.00043060583526070677
2020-11-24,-0.0008881979795076,0.0070056493551582,0.0070338437231198,0.0070005968647637,0.0070338437230781,0.002102279701277,-0.0047502639944487,0.0031300432018816584
2020-11-25,-0.001591558065761,-0.0001896573399388,0.001197832998186,-0.0001895215095238,0.0011978329981792,-0.0008240795001313,-0.0011605340739343,0.0003067156436507581
2020-11-27,0.0023304966152983,0.0028218399401307,-0.0006763118464296,0.0028198185875918,-0.0006763118464256,0.0023255420198671,0.0017305928585684,0.0007659567307456516
2020-11-30,-0.003204033921915,-0.0045169170800117,-0.0053699647942661,-0.0045169043624625,-0.0053699647942538,-0.0055641368371636,0.0018011603436638,-0.004504113797666778
2020-12-01,0.0062336157734681,0.0034411806823055,0.0102391995655992,0.0034411806383434,0.010239199565599,0.0071984933021607,0.0015463075661943,0.004448245219306178
2020-12-02,-0.0002764111984518,0.0008441769447158,0.001938064990999,0.0008441769339682,0.001938064990999,-0.0001466378461629,-0.0003001399334646,0.00010120214877007894
2020-12-03,0.0031016766749172,0.0011205468230939,0.0024130535156563,0.0011205468088397,0.0024130535156565,0.0042121574826905,0.003089217660702,0.002815298965566023
2020-12-04,-0.0004919578619444,0.0056524039864198,0.0053509132166578,0.0056524039145979,0.0053509132166575,0.0011367593101698,-0.0005138289443515,0.002159864068292917
2020-12-07,0.002311150437313,-0.0032938132158361,-0.0009482873325704,-0.0032938131908299,-0.0009482873325704,0.0025276295427023,0.0026201618365901,0.001694326985281408
2020-12-08,0.0017218217908956,-4.728945849208355e-05,0.0004511514384057,-4.72894584908623e-05,0.0004511514384057,0.0022954313531096,0.0017220339705044,0.0015914115509044423
2020-12-09,-0.0048592036941363,-0.0011213006555987,-0.0045559845938855,-0.0011213006555708,-0.0045559845938856,-0.0067381592533181,-0.0050183178568885,-0.005205201323932624
2020-12-10,0.0019565060229691,0.0031010469947791,0.0030979577810379,0.0031010469947014,0.0030979577810379,0.0042893437600273,0.0022624161375843,0.0036613112756787077
2020-12-11,-0.0001877429642235,-0.0021038544465515,-0.0019815427085101,-0.0021038544464989,-0.0019815427085101,-0.0005240078231152,-0.0002815088092799,-0.0003421892444184991
2020-12-14,-0.0011612941035962,0.0006859412900102,-0.0002042331592727,0.0006859412899173,-0.0002042331592724,-0.0016227925447633,-0.0011857237854877,-0.0011750738253304839
2020-12-15,0.0039504146898916,0.005400294755768,0.0083430123243535,0.0054002947557687,0.0083430123243535,0.0071990626140439,0.004459826861481,0.006425669411540483
2020-12-16,0.0006524897441833,0.0003474359177404,0.0025893464822202,0.0003474359177404,0.0025893464822202,0.0015825408857133,0.0010657619949958,0.0019521364103508466
2020-12-17,0.0021195774048401,0.0037142786904547,0.0059864136325666,0.0037142786904551,0.0059864136325664,0.0042584833936385,0.0025208191944947,0.003882108265660835
2020-12-18,-0.0014347505691529,-0.0011990253531308,-0.0017775824440371,-0.0011990253531311,-0.001777582444037,-0.0022978985891669,-0.0015844826593267,-0.001824053603889625
2020-12-21,-0.0002035369636728,-0.0044073325510878,-0.0044002538447611,-0.0050654301677076,-0.004400253844761,-0.0022342519579243,-0.0001151130132465,-0.0024338519940563857
2020-12-22,-0.0005810584829488,-0.0024634378793411,-0.003391516383423,-3.250477217398018e-05,-0.003391516383423,-0.0012495073895369,-0.0008882513445913,-0.0009117920214476157
2020-12-23,0.0012933519988351,0.0041743436561862,0.0049344078186008,0.0032015999990833,0.0049344078186011,0.0026880777695841,0.0016144900501773,0.0022233634759170674
2020-12-24,0.0009653956425492,0.0011275138046888,0.0015805917809292,0.0007196213461346,0.0015805917809292,0.0022392088810385,0.0011061649790784,0.002281888979660249
2020-12-28,0.0022741447918426,0.0007373716350449,0.0014032014413927,-0.0011027822560836,0.0014032014413927,0.0026219078698426,0.0022348578646176,0.0017169222376865125
2020-12-29,0.0004933462403799,0.0008315695690876,0.0008310166611238,0.0008331014744242,0.0008310166611238,0.00030500132815,0.0006275309524577,-0.0002431316073396439
2020-12-30,0.0026252419764127,0.0035555926691415,0.003553230529852,0.0035621372777949,0.003553230529852,0.0039640945637999,0.0029192203837411,0.0028263072259718932
2020-12-31,-0.0011834965460636,0.000462456973912,0.0004621508308504,0.0004633051748439,0.0004621508308504,9.191100213334912e-05,-0.0010926043902923,0.0012576379100967111
2021-01-04,0.0027104719696287,-0.0026432855514993,-0.0024169572216788,-0.0023986457084785,-0.0024169572216793,0.0002664679209452,0.0029469894203628,-0.0015499352825277162
2021-01-05,4.175928757232938e-06,0.0082099998695315,0.0085783235793495,0.0085781661195736,0.0085783235793495,0.0038930497643308,4.174943979196044e-06,0.004369853836288393
2021-01-06,-0.0028537222777266,0.0041505879841685,0.0022015197186437,0.0022014796522531,0.0022015197186437,-0.0035365707165492,-0.002853049308659,-0.0028615050766943612
2021-01-07,0.0015196208934173,0.0050560037820444,0.0047750843861278,0.0047749976732394,0.0047750843861278,0.0034819709095361,0.0015192615087971,0.003040734427289737
2021-01-08,-0.0035825569476939,0.0052186296776346,0.0012307603737984,0.0012307381300851,0.0012307603737982,-0.0019071079339058,-0.0035817109717219,-0.0007926496753584177
2021-01-11,-0.0038835799893639,-0.0055773082074299,-0.0058635497975232,-0.0063791375456919,-0.005863549797523,-0.0062775472656079,-0.0037482124516492,-0.004709676718205357
2021-01-12,0.0013573588298754,0.0049148764506516,0.0055543051477517,0.0049188426436745,0.0055543051477517,0.0038482897086498,0.0014920408320464,0.003660838891153178
2021-01-13,0.0012222584113572,-0.0001985965318771,-0.000613613920094,-0.0001987560102926,-0.0006136139200939,0.0025891709047638,0.0010991855241881,0.0025243247636110985
2021-01-14,-0.0008488759588128,0.0039946990637085,0.0039178317900392,0.0039979075533878,0.0039178317900392,0.0004065754066202,-0.0006045124671379,0.0010111412921403609
2021-01-15,-0.0039245195894294,-0.0061310218998877,-0.0073671532203999,-0.006135926647208,-0.0073671532203998,-0.0058464403718618,-0.0039876098492821,-0.0038781550535326244
2021-01-19,0.0050179611271341,0.0040263459195246,0.004873015969443,0.0040303904435812,0.0048730159694421,0.0067160194808888,0.0051553793217402,0.004366136542216131
2021-01-20,0.0046341446114317,0.0048126680839997,0.0067440762174995,0.0048126486971842,0.0067440762174995,0.0076162837767934,0.0045356209215534,0.006117853925819335
2021-01-21,0.0002234969773164,0.0008471618503411,0.0007624314208041,0.0008471584540736,0.0007624314208043,-0.0007987768240468,0.0001272291900287,-0.0015920357379537431
2021-01-22,-0.000506666630577,-0.0031459798022688,-0.0040774983504705,-0.0031459672007282,-0.0040774983504705,-0.0023748710779396,-0.0002050935129372,-0.002526849039833603
2021-01-25,0.001102847337437,0.0013476599245245,0.0014682924547999,0.0013476589055607,0.0010248372108228,0.0038561658437481,0.00097740973097,0.003955301820833161
2021-01-26,-0.0009596987379981,0.000212702351618,0.0002126767304146,0.0002127023518345,-4.379019641764792e-05,-0.0012015542583637,-0.0011477588615906,-0.0009008740071495001
2021-01-27,-0.0068113283901023,-0.00902814825132,-0.0086910734839997,-0.0090281482605052,-0.0093269222631048,-0.0098415481971927,-0.007193692087022,-0.00658997540124894
2021-01-28,0.0030463768178328,0.0038395987413974,0.0042144233615846,0.0038395987453396,0.0043142560322877,0.0034434912501908,0.0029064603941941,0.0021296508873386074
2021-01-29,-0.0058542753925661,-0.005648418170405,-0.0053249500328265,-0.005648418176182,-0.0053725910625668,-0.0084992553917017,-0.006182619972893,-0.005821516474036214
2021-02-01,0.0056235339422634,0.0106695808981884,0.0102788080110356,0.0106695809067378,0.0117330863881555,0.0123811045272617,0.0056648779712229,0.011783300236170541
2021-02-02,-0.0006061044528756,0.0044018846907389,0.0048533466298195,0.0044018846907016,0.0048463703658665,0.0006290537384783,-0.0006060795352309,-6.5615039478184056e-06
2021-02-03,-0.000565878724164,0.002735133909598,0.0032183564999386,0.0027351339095749,0.0032137527038935,2.590512592792749e-05,-0.0005658554461365,0.0003340916364750155
2021-02-04,0.0001399260510168,0.0044959493668446,0.0041722734031064,0.0044959493668068,0.0041663241669567,0.0016233568960317,0.0001399202917498,0.001594884111697087
2021-02-05,0.0024971853796502,0.0042085030400629,0.0047407250288098,0.0042085030400278,0.0047339932852703,0.0031073554450598,0.0024970826114742,0.001986090794275861
2021-02-08,0.0048633210711592,0.0044336544520791,0.0044262830528929,0.0050411967357582,0.0042432646987577,0.0072333733758485,0.0047587540374294,0.005814503548973173
2021-02-09,0.0013896435481732,0.0018586221622987,0.0020074948106012,0.0015713783338104,0.0018506680646044,0.0015256654012036,0.0013654864282972,0.0005280579988173267
2021-02-10,2.44303704379778e-05,-0.0015865473814506,-0.0012538270394406,-0.0010682636396101,-0.0015769008176156,0.0004568307241934,2.468443450798219e-05,0.0007669895991527807
2021-02-11,0.000289246824829,0.0021995618431898,0.0021735082558185,0.0016436415566556,0.0021881514840416,4.380653159552495e-06,0.0001914450087248,-0.00041530396533541496
2021-02-12,-0.0003631699664166,0.0052027725752143,0.0048490026870431,0.0045589132039538,0.0051863550095314,0.0009980050587772,-0.0004647229273661,0.0010569631940927694
2021-02-16,-0.0024470574704585,0.0035253940849888,0.0034878657725216,0.0026291902825901,0.0039005439804773,-0.0028068917249133,-0.0028785221172763,-0.003066664139111785
2021-02-17,-0.0008129021915768,5.2773114290527445e-05,-0.0002804381935797,5.282028573350139e-05,-0.0008625653471894,-0.000121666024728,-0.0009717385652783,0.0006169388242272566
2021-02-18,-0.0025581507678613,-0.0034231255405244,-0.0026244583367135,-0.003426185152314,-0.0030619946336006,-0.004573235291109,-0.0025444169790549,-0.0043522869447955295
2021-02-19,-0.0002538755825064,0.0018635418474546,0.0014394403850448,0.0018652132196639,0.0031815770947127,-0.0007920554797452,0.0001504892452084,-0.0008929752895377246
2021-02-22,-0.0024258844389729,0.0011806435277887,0.0006225347030612,0.0011813154435069,-0.0001939453195057,-0.0015033198944643,-0.0037447432823669,-0.00036393575381476166
2021-02-23,-0.0007719738691436,0.000505401439881,0.0005128699666936,0.0005059316890292,0.001789043575727,-0.0003974842383286,-0.0012323318906788,-2.5897129014539272e-05
2021-02-24,0.0030500087747102,0.0056964543832001,0.0056964503350804,0.0057016407863619,0.0051396898158901,0.0050006325039573,0.0019508152204024,0.0030047195105189902
2021-02-25,-0.0111946021819959,-0.0058509888533827,-0.0058476268032998,-0.0058574942703933,-0.0046987804668306,-0.0184263922372424,-0.0139915602548682,-0.014346882902895668
2021-02-26,-0.005205437212865,-0.0103451278160437,-0.0103414260218033,-0.010353297064012,-0.0086608891741489,-0.0050267926682604,0.0001357266507437,-0.000940939558872891
2021-03-01,0.008353470973111,0.0085748800760454,0.0091274545264234,0.0085817840365882,0.0078670870927055,0.0100968810458013,0.0057607689926002,0.005711930993610717
2021-03-02,-0.0020407872165456,-0.0037131741331403,-0.0040195038267332,-0.0037131487156598,-0.0037157817771749,-0.0036207067189648,-0.0020460480630821,-0.0027881557461011375
2021-03-03,-0.006350074860067,-0.0006369597809142,0.0001526920951933,-0.0006369554045366,-0.0006374087658292,-0.007626165992289,-0.00636647797209,-0.005728119881875442
2021-03-04,-0.0092260227853062,-0.0018380867163063,-0.0007062998528988,-0.0018380740792623,-0.0018393831868288,-0.0091768347386566,-0.0092500075627934,-0.0056800223152188465
2021-03-05,0.0043077948175842,0.0072648774078196,0.0075434684244626,0.007264827369031,0.007270011037179,0.0077651461068322,0.0043190982958263,0.005956226161510723
2021-03-08,-0.003948163165182,-0.0027336543309555,-0.0029681752502049,-0.0027336481036029,-0.002883902454605,-0.0094809471528932,-0.0051322712446704,-0.006316768836794172
2021-03-09,0.0061451538717727,0.0027529560205896,0.0019253404829446,0.0027529560033989,0.0019251777598421,0.0150678580882765,0.0091490148922113,0.00912974158207658
2021-03-10,0.000648385190874,0.0020046911726425,0.0016696549677504,0.0020046911601587,0.0016695141254474,0.0046822918005469,0.0033315931582125,0.0038692057135909634
2021-03-11,0.0053980440382641,0.0075335691029598,0.0085430707934375,0.0075335690561402,0.0085423513511981,0.0109944061575519,0.0068747471364523,0.005011051762180001
2021-03-12,0.0008889730981576,0.0029751705989631,0.0030949950845271,0.0029751705806111,0.0030947366516571,-0.0028722031071921,-0.000497798901212,-0.004048874298225824
2021-03-15,0.0015571149249111,0.0011094750319002,-0.0001448294385008,0.00110947503881,-0.0001446317151683,0.0035865341988206,0.0023507488733158,0.003390991626239825
2021-03-16,-0.0007839982483609,-0.0014816420522573,-0.0008588706736557,-0.0014816420522469,-0.0008588705038125,-0.0021262108526278,-0.0007896472488515,-0.0018377800466975514
2021-03-17,0.0034247484369582,0.0013960152245717,0.0015191858256655,0.0013960152245622,0.0015191855249854,0.0032836999200158,0.0030962221185513,0.0008928928471732321
2021-03-18,-0.0068492987584897,-0.0100540327359378,-0.0103007717620697,-0.0100540327358683,-0.0103007697264138,-0.015582224260248,-0.008421266417419,-0.012160959017009964
2021-03-19,0.0008915204167483,0.0025849613458432,0.0019166478773562,0.002584961345825,0.0019166474946425,0.0037166584165724,0.0007471743078717,0.0037720032674603936
2021-03-22,0.0006655965564112,-0.0003051461951874,0.0009511769302814,-0.0003051461951811,0.0009511768069878,0.0023416301778551,0.0015078361089417,0.002102585983615187
2021-03-23,-0.0067280737941499,-0.0086542274445715,-0.0080483812927134,-0.0086542274445714,-0.0080483812937047,-0.009691742962844,-0.0057397848131629,-0.0056086645865654405
2021-03-24,-0.0040488967933178,-0.0013698839273873,-0.0020104705329087,-0.0013698839273874,-0.0020104705331582,-0.002434897021849,-0.0042785327626907,0.0007216943145226834
2021-03-25,0.0028005075020278,0.0018155778161321,0.0010438360792099,0.0018155778161319,0.0010438360793398,0.0018649209043375,0.0027026206618918,-0.0002123524165066033
2021-03-26,0.0070796210688264,0.0088780408897806,0.009498761262769,0.0088780408897806,0.0094987612639498,0.010852282080493,0.0067693546188036,0.006580953561170989
2021-03-29,-0.0020205091393666,0.0004820155322262,-0.0001726201172953,0.000482015532226,-0.0001726201175342,-0.0042336284267601,-0.0035845645209864,-0.0037240808785820906
2021-03-30,-0.0035151547224139,0.0005767729030055,-0.0020261693955559,0.0005767729030055,-0.0020261693955565,-0.0039003264573163,-0.0021597227216136,-0.001963696076335505
2021-03-31,0.0034079207147093,-0.0002567291349281,0.0010191525576204,-0.0002567291349281,0.0010191525576208,0.0040481411172696,0.004226158652749,0.0027625337941761235
2021-04-01,0.0076408409182813,0.0026484768074983,0.0047393657830951,0.0026484768074983,0.0047393657830963,0.012243943336913,0.0066514698703965,0.008782016646130698
2021-04-05,0.001855828765906,0.0023134704250247,0.0029488049936985,0.0023134704250244,0.0029488049936992,0.0012598278091839,0.0019916855711867,-0.0005134826999064245
2021-04-06,0.000935340375362,-0.0026731418649571,-0.0015062589122391,-0.0026731418649571,-0.0015062589122394,0.002361392781996,0.0009069236178227,0.002668251272364313
2021-04-07,-0.0007162028122218,0.0004439260773698,0.0002485792993351,0.0004439260773698,0.0002485792993354,-0.0016702960538774,-0.0006704806357885,-0.0016954937651985347
2021-04-08,0.0029455064462151,-0.0009327344433627,0.0006085610411148,-0.0009327344433627,0.000608561041115,0.0049075484517042,0.0029259140789521,0.003935169991988148
2021-04-09,-0.0002532855188736,0.0018346149846211,0.0010904554348842,0.0018346149846211,0.0010904554348847,-0.0009578985127233,-0.0001737956290331,-0.0013402771431886243
2021-04-12,-0.0006474127968678,0.0005325343378246,-0.0003699134223454,0.0005325343378246,-0.0003699134223453,-0.0014857226009677,-0.0012306960637076,-0.0016735478854991554
2021-04-13,0.0026995910454004,-0.0002900157624061,0.0016779835384133,-0.0002900157624062,0.0016779835384135,0.0052535806314546,0.0034511428410499,0.00423974104968717
2021-04-14,-0.0003246661888415,0.0024078985742825,0.0030030529010143,0.0024078985742828,0.0030030529010141,0.0005444684567108,0.0021602796174455,0.0009839937117323446
2021-04-15,0.0046971320369286,0.0005748068131217,0.0017643820152324,0.0005748068131217,0.0017643820152324,0.0097198538350606,0.004938132325158,0.008060256395064778
2021-04-16,0.001674295635119,0.0017885775200499,0.0021469565946148,0.0017885775200496,0.0021469565946148,0.0009648416728054,0.0014946192778597,-0.0006239697707179466
2021-04-19,-0.0012098020180183,-0.0007605447308218,-0.0002660419044823,-0.0007605447308217,-0.0002660419044827,-0.0027763186363574,-0.0011517355557382,-0.002910894677749503
2021-04-20,-0.0037360724209823,-0.003729796835578,-0.0046638023302136,-0.0037297968355781,-0.0046638023302137,-0.0040975290845186,-0.0039504617655816,-0.0018141302885876997
2021-04-21,0.0047422358556854,0.0019706009441582,0.0026780396776446,0.0019706009441584,0.0026780396776446,0.0066721552184576,0.004692692853526,0.004591997220791229
2021-04-22,-0.0030635801486802,-0.0017090223486156,-0.0023680887568043,-0.0017090223486158,-0.0023680887568044,-0.0034699562738291,-0.0030356257685325,-0.0016111123937606162
2021-04-23,0.0051138764619151,0.0032443914278232,0.0055364055267852,0.0032443914278232,0.0055364055267854,0.0058992614933131,0.005202864730226,0.0027506100963840996
2021-04-26,0.0020267777366256,0.0014385632345232,0.0016776166014329,0.0014411590814438,0.0016776166014329,0.0025021761268642,0.0020400876733646,0.0013932478281989784
2021-04-27,0.0008008667852572,0.0024794623873096,0.0020756486782789,0.0023301870369087,0.0020756486782789,-3.5810990016704736e-06,0.0008606717824537,-0.0008755006319082293
2021-04-28,0.0013060215778215,-0.0006860258435985,0.0008273114480137,-0.0007109465516645,0.0008273114480139,0.001499421955051,0.0012242237443291,0.000709460918541574
2021-04-29,0.0017772223248102,0.0028439046560571,0.0025693302398395,0.0031672854470898,0.0025693302398395,0.0018811047618014,0.0018410833177364,0.00046869796804906513
2021-04-30,-0.0053180705626655,-0.0019862259674661,-0.0052292396362823,-0.0013669368799817,-0.0052292396362824,-0.0058555453674904,-0.0052953480828605,-0.0024568446567050104
2021-05-03,0.0043896704592174,0.0005521934760759,0.0020550851906602,-0.0009841496424086,0.00205508519066,0.0057898986140481,0.0043355854587094,0.003755271882359065
2021-05-04,-0.0042489279773668,-0.0016517177559379,-0.0033047294380847,-0.0005641798155402,-0.0033047294380849,-0.0044943432209764,-0.0042491567886079,-0.0016319974768021486
2021-05-05,0.0003458816430998,-0.0006153127600996,-0.0005450923824495,-0.0010770356440713,-0.0005450923824494,0.0007376234372828,0.0003459003488366,0.0008130897101113986
2021-05-06,0.0049940269275743,-0.0004369298578402,0.0023454701022662,-0.0014032121116276,0.0023454701022662,0.0064739106843854,0.0049942969177658,0.00392837206139634
2021-05-07,0.0058939346212292,0.0029434110566524,0.0045974977289684,0.0019396459888023,0.0045974977289686,0.0066874300705148,0.0058942516793087,0.0029243115485529194
2021-05-10,-0.0042914761524533,-0.0041444657578387,-0.0037130270487625,-0.0037217486222118,-0.0037130270487625,-0.0069965539830976,-0.0040956533970656,-0.005664682829212065
2021-05-11,-0.0014892739128093,-0.0005021464536341,-0.0007752008683791,-0.0005019333947721,-0.0007752008683791,-0.0028277991930816,-0.0015090624466226,-0.0019316147375350002
2021-05-12,-0.0099927312762038,-0.0062134716186872,-0.0075150977863817,-0.0062108339419819,-0.0075150977863815,-0.014417133434647,-0.0096964911261997,-0.009538360164266055
2021-05-13,0.0016963354649965,0.0009860072236167,0.0003544276833986,0.0009855860384346,0.0003544276833986,0.0028544975192501,0.0014947879867754,0.0020361293844595534
2021-05-14,0.0085594959954802,0.0056634542447182,0.0061634587175309,0.005661037412179,0.0061634587175307,0.012244529742573,0.0084491433347151,0.00809398803534598
2021-05-17,0.0023933208538338,0.0022412011498131,0.0010508279032084,0.0022411322934097,0.0010508279032086,0.0028543353124124,0.0022533808699516,0.0014818833447113936
2021-05-18,-0.0007118491689499,-0.000277693251087,-0.0003628175219333,-0.0002776932701653,-0.0003628175219333,-0.0018764212016165,-0.0006819415573928,-0.0021065239116044077
2021-05-19,-0.004486834128649,-0.0033050735010988,-0.0042543011891085,-0.0033050737282284,-0.0042543011891085,-0.0061263362802833,-0.0044396959049244,-0.0038758179549596822
2021-05-20,0.0036577344608688,-0.0004657580773167,0.0015924183858595,-0.0004657581094306,0.0015924183858595,0.005667808275005,0.0036585122088603,0.003923310929738105
2021-05-21,-5.212547314326077e-05,0.001323431441661,-0.0001737182445264,0.0013234315329533,-0.0001737182445263,0.0005983272396614,0.0001217350900366,0.0010580726212462974
2021-05-24,0.0055202607428328,0.0029275667362482,0.0048880624277962,0.002267787700068,0.0047117694691534,0.007850799229335,0.0054704213506304,0.005073781225767559
2021-05-25,0.0002571058812059,-0.0014798552387393,-0.0005245229109748,-0.0008839152639016,-0.0017621716867836,0.0015780214576539,0.0002037121334717,0.0019607165843857667
2021-05-26,0.0012436732050709,0.0001021898490236,0.0013642134027183,-0.0011161896357451,0.001606094414347,0.0019372731351012,0.0012942408528029,0.0016060522887518074
2021-05-27,0.0017184360966182,0.0009114616387826,0.0023263291590145,0.0017365561352145,0.0022492044705868,0.0015134812092489,0.0016852275795111,0.0003838761524449824
2021-05-28,0.0013626421298817,0.0004298672583988,0.0012133375357494,0.0004181152788862,0.00075273514142,0.0018300120240712,0.0013314399438348,0.0010702877281055549
2021-06-01,0.004335809854933,-0.0001617492245792,0.0043102855875132,0.0008854115311474,0.0039462872497879,0.0057583363875737,0.0041365226799323,0.003433788463187263
2021-06-02,0.0027652294207198,0.0025773966619337,0.0024126918243361,0.0027747621233131,0.0024135665880806,0.0042204305797337,0.0027657782253367,0.0029174418455180343
2021-06-03,-0.0056138329938286,-0.0039738488624102,-0.0048420798294738,-0.0056331322676722,-0.0048438311834466,-0.0076661757368885,-0.0056149440770048,-0.004842860939553557
2021-06-04,0.0042667732024348,0.0030439962061725,0.0029395568881618,0.004281524641631,0.002940625285055,0.007650968503748,0.0042676224455857,0.006158415512097489
2021-06-07,0.0023475466097337,0.0026137813238575,0.0025166183743452,0.0022864393998507,0.0025175303751938,0.0025727383879108,0.0023750063020364,0.001001288535610356
2021-06-08,0.0002604233431546,0.0019752184721772,-0.0004073249604547,0.0019773370907065,-0.0004074722000335,0.0017181244552006,0.0002604678209956,0.0022241680741736996
2021-06-09,-0.0015295287060703,0.0005537944849278,-0.0022878469974995,0.0005554163428962,-0.0022886743441605,-0.0006000575903182,-0.0015297898670675,0.0007151201944754237
2021-06-10,0.0023607035739088,0.0041036295106824,0.0015022373294222,0.0040988545191704,0.0015027818247892,0.0042981291018795,0.0023611072723117,0.0034900859020138963
2021-06-11,-0.0006638477155694,-0.0012085132125433,-0.0007714597765544,-0.0012065746460059,-0.0007717389774238,-0.0006662318349478,-0.0006639609712075,-4.1350871111504953e-05
2021-06-14,0.0011376447298181,-0.0004052522801367,0.0017709629268347,-0.0008066325371648,0.0017705290933904,0.0002687997520467,0.00106292303866,-0.0011312732785680904
2021-06-15,-0.0017969819214722,-0.0017778833767717,-0.0019300022122495,-0.0019791651664964,-0.0019300030480693,-0.0025360817827089,-0.0017128075037712,-0.0014510757036394991
2021-06-16,-0.0052711654452402,-0.0064960965789496,-0.0047644759944972,-0.0066607890339748,-0.0047644780618231,-0.0071305936475132,-0.0051929140022903,-0.004326027007177136
2021-06-17,-0.0070593169145505,-0.0028850613893818,-0.0080482640312458,-0.0037133921130556,-0.0080482675401386,-0.006519743651803,-0.0072416920785485,-0.0021774166924581105
2021-06-18,-0.0076366786041237,-0.001491309569426,-0.0086066925383481,-0.0031893070745038,-0.0086066963211505,-0.0069794154437061,-0.0075196859761005,-0.0012616630312767265
2021-06-21,0.0090202562214716,0.0033651155720033,0.0094848938737432,0.0040444695804418,0.0094848956816366,0.0093953120382861,0.0090320263589833,0.0034832449649889905
2021-06-22,0.0001207193800938,0.0007434971914854,7.48497735485465e-05,0.0007429941283119,7.48497734146536e-05,0.0004369972356701,-6.638132529102059e-06,0.00040017476121518306
2021-06-23,0.0005797122476673,-0.0006256067524258,0.0011084007807442,-0.0006251837702537,0.0011084007787593,0.0003701035896617,0.0004438639096349,-2.527008894875932e-05
2021-06-24,0.0030636886115016,0.0017363098515734,0.0028215381017913,0.0017351351718735,0.0028215380967442,0.0043365743170207,0.0028631892563997,0.002801703468710283
2021-06-25,0.0026721544514547,0.000216460518825,0.0026093886769682,0.000216314328705,0.0026093886723137,0.0022125642887684,0.0027188893326435,0.0002048179499881041
2021-06-28,-0.0012190632535366,0.0007148812382689,-0.0017740147439992,0.0007143483818792,-0.0017593873485802,-2.327713208782889e-05,-0.00134387958449,0.001281121355697293
2021-06-29,-0.0010285904780455,-0.0006383441014532,0.0003816846860127,-0.0006383444413561,0.0013562137178892,-0.0008978491906194,-0.0011561040312975,-0.0002518461073892539
2021-06-30,-0.000797740407833,0.000211783034582,-0.0008970948102172,0.0002117831474233,-0.0018694233544344,5.8559782500466895e-05,-0.000841176511468,0.0014090320779199363
2021-07-01,0.0018349275138089,0.0017062244453869,0.001915242669793,0.0017062253542985,0.0022106804986377,0.0026709546495753,0.0017201179549413,0.001798020492976102
2021-07-02,0.0028512904799853,0.0044396425153745,0.000851237971954,0.0044396448763583,-0.0004167263587748,0.0044622006429027,0.0020458924508404,0.003226166816102189
2021-07-06,-0.0055611109625514,-0.0027328257926902,-0.0050288053318461,-0.0027328257294536,-0.006495208725603,-0.0051048768838012,-0.0061900057155124,-0.0010538126466375231
2021-07-07,-0.0016802376696172,0.0001937902577777,-0.0025843067435814,0.0001937902577655,-0.0025602010368322,-0.0008273563355805,-0.0020622831825719,0.0008248813478098615
2021-07-08,-0.0031577869776688,-0.0021610181514584,-0.0031274618359947,-0.0021610181513214,-0.003747821468679,-0.0039113915614333,-0.0032637914742331,-0.002301563984972965
2021-07-09,0.0087648591016473,0.0056933580368205,0.0080529163536646,0.0056933580364588,0.0085472797089214,0.0092527457870354,0.0082737776859544,0.0032048963221077017
2021-07-12,0.0010916401148974,0.0010833878087008,0.0012372680375425,0.0005239273154213,0.0015562220726872,0.0019865318887017,0.0016640864819945,0.0010999584709885221
2021-07-13,-0.0018211121660256,-0.00343785588911,-0.0001041871166379,-0.0035441431056207,0.0005406778154195,-0.0031082679164677,-0.0018013224710087,-0.0019582643705790275
2021-07-14,-0.0018894626181175,0.0022039105023259,-0.003359997593578,0.0016293296363734,-0.0041945909733404,-0.0003227795944005,-0.0018411667406917,0.001447247819063799
2021-07-15,-0.0032928314672738,-0.0006939840113223,-0.0031652254764008,-0.0009562587633357,-0.0035531471585805,-0.0027152623686961,-0.0033727730442337,0.00021048831840271326
2021-07-16,-0.002911027622873,-0.0046948664814134,-0.0008607648734345,-0.0037075967486009,-0.0006011896069774,-0.0055387531626183,-0.0029762833054193,-0.0038333825146795145
2021-07-19,-0.0135052437454917,-0.0079449703029689,-0.0123009003524644,-0.0059752484363664,-0.0132205579422132,-0.0154971969747587,-0.0138978385180507,-0.005660592126487032
2021-07-20,0.0071862427214739,0.0030874141654857,0.0072538891797191,0.0030844448023408,0.0072621805450814,0.0087746062318585,0.0074765270637184,0.00448212547228884
2021-07-21,0.0075377907055009,0.0005522926036132,0.0067365016610425,0.0005548425055554,0.0067463813930233,0.0078923615863513,0.0082411235339263,0.002710948939644209
2021-07-22,0.0002274890006017,0.0032519676399869,-8.342240684577895e-05,0.0032476672860264,-8.74750427377613e-05,0.0017816743360428,-7.998462175018428e-05,0.0022791254432922453
2021-07-23,0.0024507564150741,0.003243763606012,0.0048211720684465,0.0032331098582079,0.0048259845301408,0.0024870306818032,0.002954164312646,0.0007070632479328837
2021-07-26,0.0002249379745571,0.0008252948176701,0.0019169169266539,0.000816161645307,0.001916024023211,-0.0004341714159403,0.0004590412818126,-0.001172461213104768
2021-07-27,-0.0045827624468373,0.0025102675478483,-0.001066682087317,0.0025102904558578,-0.0010666830379398,-0.0051000715844101,-0.0045431803246697,-0.0014802491843576356
2021-07-28,0.0031126082535797,-0.0014391750690787,-0.0009998409538458,-0.0014391881697071,-0.0009998418458514,0.004960261451359,0.0031731372186651,0.0030728788841939037
2021-07-29,0.0042341651551809,0.0002749751838184,0.0007937712850598,0.0002749776904902,0.0007937719939297,0.0058304463028586,0.0043985823066585,0.002582287514648464
2021-07-30,-0.0025372850666942,0.0001129252695102,-0.0006536903208265,0.0001129262986532,-0.0006536909041352,-0.0032676080928955,-0.0027169943219647,-0.0011793910789587075
2021-08-02,-0.0025127947804735,-0.0006683268869872,-0.0030271405062547,-0.0006683203616604,-0.0028563373296042,-0.0024241685483175,-0.0025514680950006,-0.00029137918413780866
2021-08-03,0.0020455204862761,0.0007019409813362,0.0011074843167218,0.0007019409767525,0.0015734360993575,0.0030392295292127,0.0020455997956889,0.001570856585538051
2021-08-04,-0.0036751279150515,-0.0019617064195686,-0.0034234525307782,-0.0019617064067681,-0.0038556556492257,-0.004977747270126,-0.0036752701171069,-0.00250802603159189
2021-08-05,0.0045022512438284,0.0017702753304016,0.0054686310572464,0.0017702753188277,0.0047199848835139,0.0051827424847143,0.0045024260924573,0.0016089235314815415
2021-08-06,-0.0004016376522887,-0.0036702336468701,0.0039579973789818,-0.0036702336229167,0.0015420613894086,-0.0050999881605552,-0.0004016531803033,-0.005958616976950925
2021-08-09,1.1878063171710808e-05,-0.0012253343527438,-0.000331448483274,-0.001538713779,-0.0008299288652489,-0.0040421397386538,-0.0019920040707348,-0.0047289815028000335
2021-08-10,0.0015477913374073,-2.3598441662109337e-05,0.0004628422434178,0.0001577848715872,0.0011520458346077,0.0013223724601794,0.0008088307221034,0.00010414778310789842
2021-08-11,0.0007274718735374,0.000102285990996,0.000362455074214,0.0005427503621628,0.000432370651922,0.004085617410243,0.0018724992134189,0.003190528603045751
2021-08-12,0.0004146645629607,0.0017149242232987,0.0016049560808297,0.0014813429551985,0.0018144016643979,-0.0003773107105947,-0.0005519109151561,-0.0006942971616301577
2021-08-13,-0.0034875241255276,0.0009560368772589,-0.0008123705364033,0.0001371758438271,-0.0029999165751262,0.0003289387017118,-0.0006948292037771,0.003290022328979073
2021-08-16,-0.0027764233162861,0.000154998717933,-0.0004677594596046,-0.0003674811366249,-0.0008352856170202,-0.003196226698867,-0.0020588484692647,-4.4486264329681475e-05
2021-08-17,-0.0048959354445927,-0.0018804513887471,-0.0005462347044346,-0.0018814342478975,-0.0005244331425555,-0.0073278512535798,-0.00513881912062,-0.0034978921959083306
2021-08-18,-0.0047011946412784,-0.0042887690947914,-0.0033454210125808,-0.004291014939406,-0.0037978661874576,-0.0069987214554019,-0.0049101223362943,-0.0034055880142684495
2021-08-19,-0.0029723828625763,0.0011902526760372,0.0020113912253727,0.0011908786464134,0.001018593036782,-0.0036683825288696,-0.0035533731871203,-0.001339535727958194
2021-08-20,0.0016197795104417,0.0013293243446179,-0.0001468249514945,0.0013300226231467,-0.0002133146049605,0.0018289891371225,0.0007932826677061,-0.00023407723596313983
2021-08-23,0.0063455294878798,0.0016671269156336,0.0022445441908367,0.002451185545893,0.002463185491589,0.0111023945918045,0.0078526134563445,0.007462878183453563
2021-08-24,0.0041848980953866,-0.0047728728587151,-0.0004873901755009,-0.0024784386915117,-0.0005585983536574,0.0050979276043296,0.0051552351874439,0.00271291787670828
2021-08-25,0.0022415758397775,-0.0014792803781151,3.645676538210907e-06,-0.000805575983523,-0.0008169297499708,0.0013058034269635,0.0025247112719242,-0.0006867909776200627
2021-08-26,-0.0026350670288961,0.0009680319109244,-0.0002391405871331,0.0004621339865211,-0.0001107590091597,-0.0038101951990088,-0.0037441284664728,-0.0022224602115524725
2021-08-27,0.0037833109190124,-0.000748196834638,0.0014193418921231,0.0002887266944309,0.0031913471103661,0.0084278192038438,0.0056757872734296,0.007412840333956539
2021-08-30,0.0023396225038063,0.0024454626543826,0.0023380145446094,0.0024405137402254,0.0019961625345501,0.0034739327483446,0.0020801311829203,0.0016628464604316186
2021-08-31,0.0009863201930946,-0.0016950887968584,-0.0014208521754575,-0.001695097165284,-0.0014213369289829,0.0005193432725667,0.0005989896781697,-0.0005118616888041204
2021-09-01,0.0026372516296233,0.0011393093281935,0.0011391185408384,0.001139314962361,0.0011395077281908,0.0044646284352189,0.0027943589379841,0.0022994406264501156
2021-09-02,0.0027211825627764,0.0035331393362478,0.003193040008004,0.0035331567886156,0.0031941296894533,0.0035325538664885,0.002742028600742,0.0015859514308580295
2021-09-03,-0.000588274665238,-0.002992986575098,-0.0016901936452984,-0.0029930013072649,-0.0016907686172769,0.0004602736830872,-0.0006028045379096,0.0008453654136465703
2021-09-07,-6.309302782014914e-05,-0.001251987377532,-0.0042260032022254,-0.0017500896956207,-0.0040307452511323,-0.0036364317713251,-0.0001554300730541,-0.004562784641235684
2021-09-08,-0.0010478755290932,0.00320042128921,-8.450067985366072e-05,0.0022551632292004,0.0003199821685668,-0.0013857410488069,-0.0010480539024421,-2.629610282811338e-05
2021-09-09,-0.0039034936636089,-0.0019589268731597,-0.0011333958900597,-0.0019657900607485,-0.0015370523887813,-0.0039084837382685,-0.0039102531370874,-0.0002708478701369015
2021-09-10,-0.0005414838207747,-0.0010767977799286,-0.0029712774823472,-0.0019319033988072,-0.0027277186515108,-0.0031837437792485,-0.0005351103804851,-0.002577772570608403
2021-09-13,0.0018667093984106,0.0022512675335744,0.0032446249121629,0.0028608124046451,0.0034490363975141,0.0041473625901549,0.0020128090176634,0.003188154543614966
2021-09-14,-0.0038256011580289,0.0003616253005769,0.0011433687081372,0.0003614055025309,0.0011431357937714,-0.003221481428555,-0.0037969559738002,0.00032380313051984586
2021-09-15,0.0046620681797668,0.0026473803049256,0.0019125926761383,0.0026457717924794,0.0019122035088858,0.0055800244669292,0.0046510922402209,0.0018099885542568594
2021-09-16,0.0017620505183639,0.0026199172833025,-0.0001373167328545,0.0026183296575124,-0.0001372888454823,-0.0017656586521481,0.0017046263053164,-0.004018064246623728
2021-09-17,-0.0033354338300332,-0.0035417942972524,-0.0037300760760512,-0.0035396536344645,-0.0037293184385716,-0.0069368188051514,-0.0033465670460069,-0.004456157698746554
2021-09-20,-0.0098053257158517,-0.0025213688770873,-0.0014957078354314,-0.0024067634020765,-0.0014951563105615,-0.0125269331751682,-0.0096350802815791,-0.0043390338056092615
2021-09-21,0.0006607577608481,-0.0004247534407528,0.0003226203687176,-0.0006028271818234,0.0003226201905182,0.0021194555870376,0.000729315313654,0.0017588918084266816
2021-09-22,0.0048313140820501,0.0048242814419536,0.0029942702010197,0.0035302975797417,0.0029942685476658,0.0083923523429019,0.004674845056549,0.005146623486563171
2021-09-23,0.0078535597297659,0.0018191476713549,-0.0013524839799445,0.0002400962776976,-0.0013524832353695,0.0065092945107139,0.0076770493272673,-0.0009422088798147984
2021-09-24,-0.0008839601351292,-0.0009451413431974,-0.000676287900082,-0.0005166960013156,-0.000676287527265,-0.002950610723559,-0.0008487538467681,-0.0024914920660483366
2021-09-27,-2.6660885480089824e-05,-0.002668630606768,-0.0015488080172001,-0.0028990513236298,-0.0015488072824265,0.0001653790942139,0.0002451279573139,0.0008466750203125676
2021-09-28,-0.0075421031101722,-0.0064885592414227,-0.0098427722564619,-0.006490058686864,-0.0098427722492183,-0.0148119701158977,-0.0077404427786597,-0.009310230009588416
2021-09-29,0.000767174713347,0.0037781457505094,0.0030072458730177,0.003779024548155,0.0030072458707823,-4.322369657550063e-05,0.0006149273056184,-0.00042139642124503103
2021-09-30,-0.0048879744953713,-0.0049774952795154,-0.003385780149368,-0.0049786486874041,-0.003385780146859,-0.0043534796884199,-0.0045692727836018,0.00021548337696039002
2021-10-01,0.0036525887356024,0.0038103890139038,0.0055683231622662,0.0038112763925568,0.0055683231581262,0.0079412964433704,0.0035025003064077,0.0057639057869711
2021-10-04,-0.0037318648637127,-0.0013855189109306,-0.0016375591709884,-0.0013855331012684,-0.0024096886147845,-0.0055433907169454,-0.0036459776474158,-0.002291147493864274
2021-10-05,0.0042867855322981,0.0007872389510199,0.0009545021131169,0.0007872389622067,0.0012825552551793,0.0047723884891377,0.0042946813876321,0.001028080842697111
2021-10-06,-0.0020664374646603,0.0012502090318617,0.0006621630629866,0.0012502090496133,0.0001830123101929,-0.001801660427494,-0.0020865751796285,-0.00047755786398929844
2021-10-07,0.0062340851088538,-0.000568488676002,-0.0002630748778202,-0.0005684886840637,0.0011616835268586,0.0072524235925168,0.0062375735767661,0.0019217920286407082
2021-10-08,-0.0012585554184494,-0.0022600496378347,-0.0021847745866973,-0.002260049669903,-0.0028931821138853,-0.0028139913073281,-0.0012602278175901,-0.0022215251236771126
2021-10-11,-0.0008917251070531,0.0008430583174003,-0.001451095403433,0.0003668775770189,-0.0012672313806905,-0.0020464247039649,-0.0008724648299108,-0.0013141602739025365
2021-10-12,-0.0010996853978405,-0.0034464056046237,0.0036785827987222,-0.0039443848823066,0.0030356308955614,0.0016198863578924,-0.0009336228808942,0.003360510336376844
2021-10-13,0.0016272817961431,-0.0062216128426249,0.0034694537158836,-0.0050815865279804,0.0009272583308983,0.0062991192604526,0.0017590417175357,0.005347516058716304
2021-10-14,0.0053017037847111,-0.0039688031233328,0.00620035605232,-0.0012969286638526,0.0058508751733457,0.0104925212872046,0.0054219619628386,0.006718635317435058
2021-10-15,0.0047135398656004,0.0024352907098328,-0.0007290377253927,0.0033937477979024,0.0015686368968048,0.0035960897861677,0.0047130591659749,-0.0008791215377809841
2021-10-18,-6.258072943732262e-05,0.0035130736923474,0.0006899419809396,0.0029576229836001,0.0002358092138234,-0.0002979600201877,0.0003353850143428,-0.0005761033257739416
2021-10-19,0.0029783227227331,0.002178219411973,-0.0012879765695431,0.0021794257376328,-0.0008767276568938,0.0037358222725578,0.0028376949999779,0.0009209968866726286
2021-10-20,0.0018448846157854,0.0019073722122591,0.0004304636378169,0.0019084262421091,0.0015021889977162,0.0041839974560646,0.0014150535629144,0.0027593768330888063
2021-10-21,-0.0010359325376906,0.00042677561993,-0.0005914082174758,0.0004270110104844,-0.0006955652934674,-0.0023352306291187,-0.00079150168584,-0.0020861771551878732
2021-10-22,-0.0007150653847618,-0.0015234500407013,0.0011304901267517,-0.0015242899497067,0.0018782880970775,0.0011474025596101,-0.0009668546573952,0.002052395015538413
2021-10-25,0.0012157098775393,0.0009058207725856,0.001265048499405,0.0008256401554855,0.0017648129383966,0.0032511552214096,0.0012881996080451,0.0029368287965483137
2021-10-26,0.0012129354804606,0.0004242028546914,0.0023265662146552,0.0010578291350231,0.0021104347514404,0.001178555043892,0.0011724380830815,0.00048819210652950205
2021-10-27,-0.0058459245482826,-0.0067458657380273,-0.0012306398005579,-0.0059509825321203,-0.0021956223673763,-0.005431559176059,-0.0051503332803092,-0.001101246320438382
2021-10-28,0.004963119057364,0.0048200159625735,0.0039317031706298,0.0047225400209678,0.0043822865703599,0.0059848470147074,0.0057419601656172,0.0022219495514875275
2021-10-29,-0.0009336053460333,-0.0004583785135527,8.487941505119778e-05,0.0010359632222374,1.3548643859051523e-05,-0.0019158702860911,-0.0020053984146607,-0.0012378252580909767
2021-11-01,0.003604873186749,0.0026236386522608,0.0019757648972547,0.0029804576911769,0.0025824233680886,0.0048802901300957,0.0032761869681996,0.0023653853915369754
2021-11-02,-0.0001738732304262,0.0017881928393661,0.0034558168838711,0.0013976893290297,0.0031865156397568,0.0004983766999913,-0.0001916212889252,0.0009553715488102883
2021-11-03,0.0022904500366291,0.0017852586011244,-0.0006406123708884,0.0014682227716946,-0.0016487280029344,0.0007692310894817,0.0022278139913978,-0.0019134472562884035
2021-11-04,-0.0015872444307514,-0.002046989620721,0.0012408846107638,-0.002549557604796,0.0026081785014273,0.0009348657201,-0.0016190976528562,0.003497784445316748
2021-11-05,0.0025928169583924,0.0001785870648287,0.0045101348442457,-0.0004884036862247,0.0060737129318835,0.0069540067612472,0.0026078071708288,0.006642069480824814
2021-11-08,0.0011352259034207,4.7731589607247216e-05,-0.0014565096287691,-0.0004488849446987,-0.0010173527057534,0.0015359832480903,0.0016913437252832,0.00035186968340194505
2021-11-09,-0.0014718614392268,0.0010542370912167,0.0015737643711706,0.0014252832977965,0.0015730725378133,-3.5497431256970025e-05,-0.0017302700683037,0.001761603817741527
2021-11-10,-0.0053151906457791,-0.0048629441093686,-0.0089761516681242,-0.0059118768792139,-0.0089722119120727,-0.0081434627734463,-0.0058421025268088,-0.005544465548934476
2021-11-11,0.0013272971692848,0.001569058997362,-0.0012144545946642,8.213096543374654e-05,-0.0012139167280362,0.0028209480615339,0.0023522792783048,0.0023082987294985673
2021-11-12,0.0013323243039446,0.0009063588578435,0.0007858069686073,0.0006916826597,0.0007854585216229,0.0019397694538776,0.00177619901355,0.0011042441315447466
2021-11-15,0.0014289749593903,0.0009893025579816,-0.0006434351369797,0.0023288322579446,-0.0011812580060438,-0.0001688079414519,-0.0001384768619406,-0.0019023159283589083
2021-11-16,0.0007817399637286,5.748382317438683e-05,0.0011154640196091,0.0003964683039412,0.0002451086824561,0.0001251811707199,3.636348828250924e-05,-0.00047595636990274644
2021-11-17,-0.0032572201339238,-0.0026656447776896,-0.0018313471167825,-0.0024578241590121,-0.001120833961451,-0.00239120008192,-0.0028552757759336,6.65722560449119e-05
2021-11-18,0.0002432755740997,-0.0006209118025797,0.002672885200935,-0.0008009491532708,0.0009396113493413,0.0003500302724002,0.0005542669997073,-4.001005367740295e-05
2021-11-19,-0.0034208191402286,-0.0051068393516445,-0.0008174941602432,-0.0037606741663741,-0.0020116948854415,-0.0039299858855244,-0.0044156710317293,-0.0014653433512471425
2021-11-22,0.0008298785272053,-0.0008565890132506,-0.0004888539159548,-0.0014157084827847,-0.0028693944421525,-0.0037401115846213,-0.0009399027583562,-0.00546810320249906
2021-11-23,0.0039014891733142,0.0030098673371725,0.0016642020406301,0.0027457818014369,0.0016681751414249,0.0021345533904348,0.0026474033597325,-0.0017801007380258116
2021-11-24,-0.0011560177037114,-0.0012531182863512,0.0026112701391678,-0.0013071587408448,0.0026174938794267,0.0005695182274825,-0.0010905350183108,0.0022050247563368394
2021-11-26,-0.0231870184932942,-0.022231909859101,-0.0114580152234955,-0.0234987528695163,-0.0114852531330866,-0.0288758306536792,-0.020368265138399,-0.011861499355952982
2021-11-29,0.0064603995303413,0.0081237206596758,0.0059260702322865,0.0071641805666966,0.0042268542156738,0.0070003037123098,0.0047428010119041,0.0024108663419914592
2021-11-30,-0.0096132989350086,-0.0035678873659025,-0.0021146751360376,-0.0057352541893702,-0.0042885504715429,-0.0145978994764818,-0.0095449235762276,-0.005913529941940744
2021-12-01,-0.0053706031990919,-0.0015621613308323,-0.0011581105814716,-0.0039658060734121,-0.0035648716160568,-0.0088874926501297,-0.0063889390305773,-0.0035575238799552935
2021-12-02,0.007182079230356,0.0011362379340524,0.0011354295775189,0.0040594982824344,0.00406264109549,0.0131327335936084,0.0089086248761112,0.006621175858750417
2021-12-03,-0.0056120132902055,-0.0013747540836938,0.0012738646863421,-0.0036115104274873,-0.000957357027953,-0.0058641952555709,-0.006501614226777,0.00025914835337442917
2021-12-06,0.0084974636824972,-0.0011083678107211,0.0015185619048889,0.0007297668385075,0.0024406360174913,0.0117173842969233,0.0089705914942164,0.003706470947590701
2021-12-07,0.0081055043498659,-0.0021369910982268,0.001216175112864,-0.0022195592460896,0.0012150564395503,0.0149005872105949,0.0104518073889876,0.007009593425502603
2021-12-08,0.0038195523758857,-0.0020856482564782,-0.0009467626566569,-0.0008337146087664,-0.0009458928536321,0.0035762872812077,0.0041304625782649,-0.0005632988852956135
2021-12-09,-0.0045351595975363,0.0035897260184099,-7.112234609996104e-05,0.0037351035561279,-7.105694322218081e-05,-0.0095516727460124,-0.0068184677957892,-0.00514019362570355
2021-12-10,0.0018797973962014,-3.302769694291108e-05,0.0019024626687087,-0.0002576553350444,0.0019007130726622,0.004508364036067,0.0027395078238214,0.002747622694751571
2021-12-13,-0.0036496003729519,0.0022031593962101,0.0024825050771277,0.0014748578858525,0.0024812987577733,-0.0043006466399703,-0.0051938088504897,-8.978442278218023e-05
2021-12-14,-0.0010792125228683,0.0005067141355727,-0.0009720010047553,0.000507082632762,-0.0009720021743967,-0.0056085349431971,-0.0026900032372657,-0.004562302898039423
2021-12-15,0.0057835292515151,0.0005465629451537,0.0011378229594911,0.0005469602200998,0.0011378243300037,0.0096717079757875,0.0061093795673015,0.0038838788842074667
2021-12-16,-0.0050692136552267,-0.002888892323879,-0.0024512036436503,-0.0028909909973395,-0.00245120659278,-0.0053023684072268,-0.0035980770470456,-0.0004932415706621616
2021-12-17,-0.0025370627555459,-0.0001396383204885,0.0006105123850717,-0.0001397400566837,0.0006105131214055,-0.003667284948989,-0.0037093566084623,-0.0006571550315663895
2021-12-20,-0.0015564609118867,-0.0012095139171723,-0.0024119249780426,-0.0011022421551672,-0.0024119278133334,-0.0066030375580991,-0.0038707135195116,-0.005326777177984284
2021-12-21,0.0065677300240196,0.001308333624705,0.0010088710552711,0.0004288141797925,0.0010088710581384,0.0134863826716753,0.0098945359517448,0.00694004651767311
2021-12-22,0.0016636227314574,0.0022677242342503,0.0017706689065923,0.0007890496965234,0.0017706689116199,0.0069748870225472,0.0038769020318487,0.005064802458810292
2021-12-23,0.0026245677172025,6.403220786066477e-05,-0.000333399271152,-0.0002594112207549,-0.0003333992720969,0.0042918891640546,0.0035692921159413,0.0015883175262470142
2021-12-27,0.0038176889178158,0.0031145673567243,0.0030374777981221,0.0029519922537959,0.0040893445034015,0.0093335783485837,0.0056872343188822,0.005448904115438827
2021-12-28,0.0008331606358904,-6.653052029226281e-05,-0.0001585853890166,-6.654130466321462e-05,-4.8320641048205104e-05,-0.0004351958885652,0.0001027990347137,-0.001141517764825285
2021-12-29,0.0027771373801164,0.0007283036777925,-0.0004337369800095,0.0007284217411949,-0.0004992971886764,0.0009513322036041,0.0015654687903647,-0.0021322414740035283
2021-12-30,-0.0035170244562841,0.0001363970441345,0.0004428443202013,0.000136419139008,1.7248806869485378e-06,-0.0009304543940604,-0.001044429760328,0.0023298607721697583
2021-12-31,-0.0020058265689788,0.0003809954953475,-0.0009099202670638,0.0003810572041555,-0.0010194861270647,-0.0027349015839063,-0.0019486717512824,-0.0012815734592608883
2022-01-03,0.0074356796771444,-0.001031264841703,-0.00227108416064,-0.0027082013420124,-0.0020415555163416,0.0046541122507841,0.0059208929256626,-0.0027070620569388006
2022-01-04,-0.000134375077603,0.0012775092644021,0.0007835788357462,0.0013405936609847,0.0006902687060497,0.0006100299759319,-0.0001452647120585,0.0006075721721991551
2022-01-05,-0.0043990882938305,-0.0068400961514364,-0.0022426928115107,-0.0087283834781508,-0.0030291722406377,-0.0137482292495821,-0.0043164461353277,-0.00936715496418187
2022-01-06,0.0031364211100539,-0.0009012432081845,0.0008019129683465,-0.0015770778881345,0.0003391585959067,0.0019953486557482,0.0031437654211305,-0.000623051849557984
2022-01-07,-0.00245235146119,-0.001943384145567,-0.0013872286208503,-0.0034303783557397,-0.0020185942684152,-0.0042308319975247,-0.002428962325884,-0.0028434539724640933
2022-01-10,-0.0019810632866233,-0.0020201644552046,-0.0029488685197942,-0.003801072227811,-0.0034157713649789,-0.0025524596910582,-0.0019830857084943,-0.0004687398016425973
2022-01-11,0.0008059041589227,0.0014941463628506,-0.0010896766093335,0.0007921737875984,-0.0010901871262517,0.0087236673777884,0.0006969667630907,0.007385249297834845
2022-01-12,-0.0008253335394143,-0.0004659735363551,-0.0004084722078065,-4.275343812754073e-05,-0.000408663787178,0.0020241182763895,-0.0008170619622612,0.0017460330436420556
2022-01-13,-0.0039977076325263,-0.0019623820765836,-0.0025174459000533,-0.0029888515464675,-0.0025186271012925,-0.0078221461669489,-0.0037991061005495,-0.0035456774990264323
2022-01-14,0.004192433772677,0.0020365645647675,0.0042741932055994,0.0037939288766857,0.0042762037473818,0.0025513492866151,0.0041748865340831,-0.0016935708768914485
2022-01-18,-0.0018701438019796,0.0007360268155676,-0.0006943776734275,0.0016777791512438,0.0015500441649203,-0.007737923817894,-0.0015586765044526,-0.006356143941167092
2022-01-19,-0.0066582470298514,-0.0022874569434515,-0.003945809865288,-0.0022853063337803,-0.0051858703560683,-0.0047988575901189,-0.0065135238335279,0.0009264953922972344
2022-01-20,-0.0048036278182922,-0.003216638957477,-0.0052072928801372,-0.0032136078271096,-0.0030911156194715,-0.0063880744202909,-0.0046694773467942,-0.0017014079324921844
2022-01-21,-0.0047205624919716,-0.0035525083731213,-0.0052904202153257,-0.0035491499507995,-0.0030331164988418,-0.0082584736323904,-0.0044435234713848,-0.0029725525377898485
2022-01-24,-0.0004482202063941,-0.0065242130150684,-0.0034556141079717,-0.0068916022617836,-0.0028553718797376,-0.0011258993564486,0.0025237455165234,-0.0008698052259172526
2022-01-25,-0.0010119759601181,0.0050326145342438,0.003442464511816,0.0053862332588641,0.0034403922822607,-0.0040226431034388,-0.0018615410842779,-0.0026779269094867795
2022-01-26,0.0047901376519745,0.0026425712645883,0.0032713355437332,0.0039983748785585,0.0032693730788007,-0.0011954640578312,0.0038914898416555,-0.005290706404040826
2022-01-27,0.0008726731779149,0.0030055318619781,0.0013909973189571,0.006094279655521,0.0013901655828587,-0.0031994990886304,-0.0005372716049779,-0.0023565581095504233
2022-01-28,0.0051786372883055,-0.0076913499031753,0.0005065447414913,-0.0063586401410733,0.0005062422774524,0.0109735815653226,0.0061679809888499,0.005373207238759924
2022-01-31,0.0003190641806538,-0.0079167688904714,-0.0038701891139132,-0.0080749593974078,-0.0038702934913921,0.0077603519045073,0.0026955622852871,0.006036403635180585
2022-02-01,0.0005482443628956,-0.0027648646820354,-0.0023951150077954,-0.0027653056179204,-0.0023951152587629,0.0029987706987981,0.000533350322764,0.0019126416640412786
2022-02-02,0.0019611414110398,-0.0028454578427843,-0.0002794671246324,-0.0028459128898729,-0.0002794671539861,0.0044250456191696,0.0018978411653964,0.00215678045027267
2022-02-03,-0.0020471443192249,0.009853157277565,0.005720682337422,0.0098547374967346,0.0057206829384597,-0.0113788514599095,-0.0019844672442079,-0.009104904745372516
2022-02-04,0.0030848341901503,0.0029677827543839,0.0025340918066611,0.0029682540735604,0.0025340920713885,0.002306700090344,0.0030863738470234,-0.0014580646824805122
2022-02-07,-0.003176281173129,-0.0010803438902642,-0.0014727727263105,-0.0010805597716612,-0.0022799160514636,-0.0019811867744329,-0.0026087602271815,0.00103943082121784
2022-02-08,-0.0004093815740073,-0.0019847959868121,-0.0009849379536749,-0.0019850984043249,-0.0020445042294698,0.0007206164759332,-0.0005578857060719,0.00040387921420846466
2022-02-09,0.0013396721230176,-0.0061365667496909,-0.0043185225517392,-0.0061374102587745,-0.0026629395229333,0.0117647526823061,0.0025827381865599,0.007258921080162976
2022-02-10,0.0017064089754037,0.0095127006839059,0.0072447318376822,0.0095141257849153,0.0054698651321232,-0.0107475848899516,-0.000979410049447,-0.010128221448665294
2022-02-11,-0.005401372209652,0.0059421736342957,0.0035261746755546,0.0059426772393169,-0.0007438113439752,-0.0047637039578037,-0.0060741640668576,0.0020342824963940384
2022-02-14,0.0026475240979959,0.0037824796292327,0.0045562833714785,0.0047129674751404,0.0046390779121772,3.740671760543712e-05,0.0014267681812414,-0.0026291316881621317
2022-02-15,0.0006106119595938,-0.0050992398592372,-0.0067154378676791,-0.0067143906010497,-0.0067148844335095,0.00134800941882,0.002580898173552,0.00026536742874271117
2022-02-16,-0.0014796821050354,-0.004278571010723,-0.0025765886982471,-0.0025761841653134,-0.0025763749203484,0.0017966183130615,-0.0020416722661468,0.0028052699459386633
2022-02-17,-0.0015959371274983,0.0045747987299065,0.0068322761503982,0.006831200689898,0.0068317078166217,-0.0046698814486961,-0.0046458235679783,-0.0023065540553091762
2022-02-18,-0.0012475641397918,0.0017059362057458,0.0015707249142533,0.0015704793458313,0.0015705951421618,-0.0014248267027296,-0.0008475847405178,0.0003368602625328393
2022-02-22,0.0002031239372644,0.0038344487066162,0.0039506499587684,0.0043401646521652,0.003950241154905,-0.0019518799623372,-0.0005639291123915,-0.0019030125095109605
2022-02-23,0.0010588982117341,0.0077504757433157,0.0096107714122026,0.0077465731420787,0.0096107753256642,-0.0041570924389694,-0.0002616854745411,-0.0052090096396233635
2022-02-24,0.0021278195137883,-0.0019138865526661,-0.0037086516380574,-0.0019129302603251,-0.0037086531338277,0.005530180154738,0.0044798512397892,0.004484628296248625
2022-02-25,-0.0001917045671648,-0.0095657329984502,-0.0091128986797067,-0.0095609442247793,-0.0091129023687948,0.0061911585373415,0.0017436939153834,0.005214143509885026
2022-02-28,-0.0020992345021246,0.0011602091378513,0.002265609141584,0.0011571988210348,0.0022656121408772,0.0013236230443189,-0.0044568055520209,0.004613981114174883
2022-03-01,0.0005600178784515,0.0099390317724983,0.0112295340760073,0.00993906165755,0.0112295340424029,0.0056731798993092,0.0015088510601395,0.00513540877109442
2022-03-02,0.0105514869786069,0.0029226336628753,0.0028237552230356,0.0029226423642756,0.0028237552146792,0.0098703804323143,0.006601111198548,0.00043411557952434187
2022-03-03,-0.0007350417042188,0.0016206073295101,0.0024419483410043,0.0016206121403967,0.0024419483337982,-0.0009591168651424,0.0011374144745996,-7.19655893750608e-05
2022-03-04,0.0024507145898193,0.00848063477269,0.0101004223302074,0.0084806599073161,0.0101004223004743,0.0064185445393492,0.0069181140952661,0.004219678862273561
2022-03-07,0.0078860252406687,0.0160000160374023,0.0165747902801896,0.0141678133095222,0.0165747902679265,0.0003954594655568,0.0045456964315984,-0.007537934739192371
2022-03-08,0.0052685061324193,0.0081221854899047,0.0081175931834072,0.0076125763877576,0.0081175931835051,0.0086294441450329,0.0039654748614432,0.002015491200885271
2022-03-09,-0.0163961038757912,-0.0219933427883732,-0.0219810078208126,-0.0204485662955524,-0.0219810078210755,-0.0204634280125489,-0.0116948305841183,-0.003399643014916242
2022-03-10,0.0031104881220578,0.0059029951367077,0.0058996100335693,0.0061670095007702,0.0058996100336414,-0.0025160758993491,-0.0001322274256909,-0.005649907287303091
2022-03-11,0.002972736473225,0.0063720037710239,0.0063683711435398,0.0055185823315415,0.0063683711436173,-0.0005821598050524,0.0027859065883912,-0.0031888410109555828
2022-03-14,-0.0023261756050223,0.0027676744259375,0.0027691672638487,0.0033412902675145,0.0027691672638172,-0.0166128331376089,-0.0005992529141743,-0.013710312408382783
2022-03-15,-0.0040189151427482,-0.0095366987391987,-0.0095366845417683,-0.0095312465550554,-0.0095366845417687,-0.0028791585550665,-0.0044519126829755,0.0013278274539847044
2022-03-16,-0.0074442056070227,-0.0147950808605498,-0.0147950586228106,-0.0147865410346769,-0.0147950586228111,0.0067367938355673,-0.0025649533579822,0.012054170135982206
2022-03-17,0.0021965883074079,0.0003910669222504,0.0003910663256303,0.0003908378078325,0.0003910663256303,0.0110000035938382,0.0060540318337152,0.008171510356022229
2022-03-18,0.0001670258708983,-0.0056480629963163,-0.0056480543828802,-0.0056447552578574,-0.0056480543828805,0.004896701323459,0.0017593552617336,0.00447333757026319
2022-03-21,0.007344922483057,0.0125747458766924,0.0118858355010409,0.0125711743143299,0.0118858355010407,0.0041535376026835,0.0084057810557827,-0.0028873883952040104
2022-03-22,-0.0008687596224725,-0.0037196417702112,-0.0021788912382744,-0.0037196548902099,-0.0021788912382744,-0.0005614278656679,3.925250477432307e-05,0.0004444822325127976
2022-03-23,0.0031762745720211,0.0053320040317526,0.0025891394080859,0.0053320229091269,0.0025891394080859,0.0060790642400052,0.0032378380927975,0.002822491014064334
2022-03-24,-0.00071416027007,-0.0019540928715912,0.0004495844913847,-0.0019540997531496,0.0004495844913845,0.0020634839538808,-0.000459472301641,0.0022406270600992266
2022-03-25,0.0038142984663309,0.0031486222744889,0.0050859347090432,0.0031486333844272,0.0050859347090432,0.0009152660422593,0.0039105699312314,-0.003139599851117055
2022-03-28,-0.0043290412909604,-0.0095553425093304,-0.0074657887975203,-0.0095553542749036,-0.0074657887975203,-0.0067784408959979,-0.0065398578063103,-0.002135476626009711
2022-03-29,-0.003940289912893,-0.0101479968126737,-0.0051611703386545,-0.0101479969332226,-0.0051611703386545,0.006570522834685,0.0008013106362925,0.008904293490402107
2022-03-30,0.0005631754034018,0.0029790807655285,0.0013491281295949,0.0029790808012803,0.0013491281295949,5.414442090567739e-05,0.0020892464317781,8.422123446797324e-05
2022-03-31,-0.001033524341181,0.0033250889013043,-1.625568410057454e-05,0.0033250889410896,-1.6255684100685563e-05,-0.0080079953654434,-0.0039649336206988,-0.005733878407000013
2022-04-01,-0.0006882959386379,-0.0032746551279748,-0.0006698552147389,-0.0032746551670269,-0.0006698552147389,0.002131264850135,-0.0019713865093818,0.002220578657991773
2022-04-04,0.0012325314472301,-0.0007557034861418,0.0009682749939414,-0.0007557034733521,0.0009682749939412,0.0074142107044714,0.0015643919754819,0.005525438229471129
2022-04-05,0.00688295455598,0.0093456185755549,0.0057649134992854,0.0093456185754352,0.0057649134992854,-0.0064412159509238,0.006925124094862,-0.011795735605891991
2022-04-06,0.0026356446244775,0.0048981501635758,0.0035052794086536,0.0048981501635139,0.0035052794086538,-0.0030096790537003,0.0026493931111426,-0.005542135439789994
2022-04-07,0.0020758582619084,0.002957574436242,0.0026111408601738,0.0029575744362047,0.0026111408601736,0.0012335314772093,0.0020935617635511,-0.001003918262859775
2022-04-08,0.0034231067060448,0.0049346517828239,0.0039148666740076,0.0049346517827617,0.0039148666740076,0.0015080357956331,0.0034788373509169,-0.002265572541515733
2022-04-11,0.0012396742250473,0.0074541813170003,0.003387397021658,0.0074541813169399,0.0033873970216584,-0.0066482430362081,0.0012917341147049,-0.007007999331450442
2022-04-12,0.0010524678654901,0.0033299560630797,0.0026085217809477,0.0033299560630801,0.0026085217809477,0.0067126740557226,0.0010343381712185,0.004786606668745385
2022-04-13,-0.0010002185925842,-0.0035127546472879,-0.0012310203102816,-0.0035127546472881,-0.0012310203102815,0.0080224864119418,-0.0009906441532445,0.00757228773418605
2022-04-14,0.0049645568653284,0.0081372339898571,0.0061224135421571,0.0081372339898577,0.0061224135421571,-0.0023024064887311,0.0048396040893572,-0.006692193247344396
2022-04-18,0.0028119412387006,0.004304185223968,0.003608520209958,0.004304185223968,0.0039284375373178,0.0027642393827129,0.0031324208336926,-0.0005243055790757143
2022-04-19,0.0008444192148633,-0.0060430511254465,-0.0035473798571811,-0.0060430511254468,-0.0016660258460992,-0.0014345809221564,0.0023327667067365,-0.002734030157580108
2022-04-20,-0.0025282223079186,-0.0041461888681597,-0.00225071479347,-0.0041461888681599,-0.0023340845435153,0.0018119094468065,-0.0034623756681509,0.0037186314200994826
2022-04-21,0.006261480101166,0.0068007544333184,0.0060046830270985,0.0068007544333188,0.0042070038744133,-0.0028865183713259,0.0047315506712422,-0.007820470622070532
2022-04-22,0.0013979115153432,0.004699954590255,0.0026861930743584,0.0046999545902555,-0.0005141583150021,-0.0105577393227046,-0.0004171373032044,-0.00874941875505957
2022-04-25,-0.0039068561515386,-0.0062008054308995,-0.0065946624655008,-0.0062008054309002,-0.0071768620725034,-0.003098297492959,-0.0029162211096221,0.0019117044044337861
2022-04-26,0.0041435605075093,0.0073767747447022,0.0074714569227483,0.0073767747447026,0.0067955114764597,-0.0024328792470122,0.0014865976954447,-0.0048849415040284816
2022-04-27,0.002898917865129,0.0026001236631372,0.0026130429316779,0.0026001236631374,0.001946856407339,0.0004950537258314,0.0028364322923297,-0.002217012044922544
2022-04-28,0.0005104428705426,-0.0021817543337534,-0.0022524230548037,-0.0021817543337534,-0.0025642281704023,0.0123342936338597,0.0027547804128209,0.008584395445210275
2022-04-29,0.0020551876022194,0.0061502936457855,0.0062868540933143,0.006150293645786,0.0046924100198988,-0.0161404515891683,-0.0008846750507208,-0.013272237448668567
2022-05-02,0.0008076902933729,0.0042422798330374,0.0030995862124247,0.0014375938837927,0.0014409837884676,-0.0022113935438212,0.000532809751865,-0.0021916836798987717
2022-05-03,-0.0031521446338693,-0.0052922685847708,-0.005018837186148,-0.0038791318747135,-0.0050271494638128,-0.0006463201875546,-0.0031530106356791,0.0022196440501789172
2022-05-04,-0.0042072268047311,-0.0064734871261862,-0.0085856039212433,-0.0050488885302039,-0.0085998953797841,0.011652790422024,-0.0042083863296498,0.012394159378334043
2022-05-05,0.0124653328199297,0.0170489926866135,0.0193192762537892,0.0138167473673205,0.0193517137703338,-0.007378194835528,0.0124687828237464,-0.01657801874451333
2022-05-06,0.0058013895135438,0.0070917223933584,0.0077919604719036,0.0056927775427519,0.007804794985883,-0.0002873083614635,0.0058029753780568,-0.005805238739543942
2022-05-09,0.0004536212812207,0.0052138425269863,0.0064730345190513,0.0041809402514605,0.0064804741308117,-0.0228487239139627,-0.0014810732991984,-0.014906790465823114
2022-05-10,-0.0041746903016935,-0.002446983838093,-0.0024439224322251,-0.0024495008099584,-0.0024439043674594,-0.0071119212413197,-0.0040353679656099,0.00037926740590675057
2022-05-11,0.0038887838332362,0.0041168669401279,0.0041117037356941,0.0041211119548467,0.0041116732687143,0.0089449449212442,0.0022763619266361,0.001811185353555026
2022-05-12,0.0022039369778694,0.0013846814725331,0.0013829519734245,0.0013861033957742,0.0013829417679624,0.0023732076898406,0.0020873556933624,1.5970243908509463e-05
2022-05-13,-0.0037669535192098,-0.0061910358690179,-0.0061833138016164,-0.0061973846161766,-0.0061832682350113,0.0049992135990957,-0.0009734692096586,0.0067664240910563994
2022-05-16,-0.001456988869684,-0.0008756649186938,-0.0008752320344945,-0.0008760216672183,-0.0008752294663983,0.0014459466519018,-2.3188281548680575e-05,0.0017211575202688927
2022-05-17,-0.0036533536616737,-0.0050129906542791,-0.0050129884823337,-0.0050129924442242,-0.0050129884694486,-0.0057697984175573,-0.0026865260156466,0.0009473077074253249
2022-05-18,0.0041353280843154,0.007221170264696,0.0072211671202642,0.0072211728560873,0.0072211671016098,-0.0095849296175408,0.0002599077695166,-0.008692644395208058
2022-05-19,-0.0055009668680549,-0.0050820387433425,-0.0050820365462531,-0.0050820405540092,-0.0050820365332188,-0.0025018402490661,-0.0038484692780772,0.0038684980205803644
2022-05-20,-0.0007486508012312,-0.0013975936395601,-0.0013975930322599,-0.0013975941400486,-0.0013975930286571,0.0038787321860369,-0.0005591935400742,0.0027852080905876203
2022-05-23,-0.0023770969676553,-0.0032347354692167,-0.0032347340576522,-0.0032347366325079,-0.003234734049278,-0.0012055551240685,0.0005533837093494,0.0017074772856303538
2022-05-24,-0.0040989480718595,-0.0040930834557868,-0.0040930816689224,-0.0040930849283785,-0.0040930816583217,-0.0023461995663951,-0.002409052841649,0.0025629368626200345
2022-05-25,-0.0041196215240753,-0.0041138249733578,-0.0041138231700577,-0.0041138264594947,-0.0041138231593597,0.0047076617444312,-0.003544810719647,0.006128360233512442
2022-05-26,-0.0046452184320199,-0.0046394347298092,-0.0046394326877065,-0.0046394364127481,-0.0046394326755916,0.0035356722535497,-0.0029427347339244,0.006172738491889813
2022-05-27,-0.0079823382659067,-0.0079697257767655,-0.0079697222524446,-0.0079697286812314,-0.0079697222315364,0.0025610782886915,-0.0025200933821529,0.008709550797614428
2022-05-31,0.0076876056030898,0.0080128855161143,0.0065841249869569,0.0080128884597692,0.0065841249677069,0.0025978339744467,0.0042222849705262,-0.0071782384915010525
2022-06-01,0.0023155956243308,0.0040900410057542,0.0051056047035598,0.0040900424963488,0.0051056046914543,0.0010203362203395,0.0041578454088706,-0.0018803483179945712
2022-06-02,-0.0047020534166468,-0.0081050424041541,-0.0062257907798318,-0.0081050453459632,-0.0062257907611401,0.0067211268931572,-0.0063170738738611,0.008368792662639252
2022-06-03,0.0065810520389995,0.0097438706544452,0.0080991744867882,0.0097438742199831,0.0080991744633731,2.2610106879872305e-05,0.0077995420012988,-0.005601609929871097
2022-06-06,0.0045668424344915,0.0018585465347882,0.0019247640487558,0.0026277359260387,0.0019247640595156,0.0040894187964264,0.0026363239491367,-0.002634155757476172
2022-06-07,-0.0046684070276111,-0.004393947170049,-0.0036203201248237,-0.0046774358407257,-0.0036203201247847,0.0031978555101388,-0.0032227745215233,0.005798286892652647
2022-06-08,0.0074405829007064,0.0059999444871821,0.0072897512786527,0.0074550407954845,0.0072897512785741,0.0060873017348965,0.0050405684311263,-0.00471168797954672
2022-06-09,0.009658830908247,0.0075211433468964,0.0091823097577001,0.0096774602276517,0.009182309757602,0.0040811772217315,0.0072622081355473,-0.007929684557322958
2022-06-10,0.0095640964584435,0.0072618354935944,0.0116913222082686,0.0095823662550267,0.0116913222081447,0.0021634531654459,0.0072928939380794,-0.009782997782490876
2022-06-13,0.0248380690988989,0.0225410872202973,0.0205856393387005,0.0248676483569361,0.0205856393385677,0.0037750926889488,0.0196975858968293,-0.023792481817211344
2022-06-14,0.0023432204712965,0.0023484841570569,0.0010107123523717,0.0023431528423465,0.0010107123523719,-0.0036901005138129,0.0017368663023609,-0.0037365017005132886
2022-06-15,-0.0148706940367111,-0.014904020505691,-0.0127710423155883,-0.0148702658488983,-0.01277104231559,-0.0071038837874025,-0.0120402730841848,0.012306846743280758
2022-06-16,0.0064977673411941,0.0065125496977629,0.0084759350249088,0.0064975774198421,0.0084759350249099,-0.003767195384067,0.0032414051941573,-0.008726739786105187
2022-06-17,-0.0023467804191467,-0.0023520847765466,-0.0038074671139622,-0.0023467122685977,-0.0038074671139627,-0.0089325214610747,-0.0012929735488451,-0.0006350152479035306
2022-06-21,-0.0026844318412261,-0.0022854711112941,-0.0028719759699192,-0.0022804130167303,-0.0028719759699195,-0.0018216532997049,-0.0003971990884527,0.0015300929857551728
2022-06-22,-0.0041339461042689,-0.0048279914118352,-0.0041347236346377,-0.0048279669355821,-0.0041347236346379,-0.0057548862469559,-0.003495117057481,0.0009777235278986872
2022-06-23,-0.0067639556493687,-0.005670403365576,-0.0067652331252575,-0.0056703744791216,-0.0067652331252574,-0.0073284010335215,-0.0032040465378643,0.0030218676758444474
2022-06-24,-0.0069247376213694,-0.00663585531426,-0.0069260543715002,-0.0066358213167734,-0.0069260543715002,0.0026112799281103,-0.0038016832027175,0.008395065070219617
2022-06-27,0.0033919093850631,0.0035479899222619,0.003392068083442,0.0025186639107024,0.003392068083442,0.0002975907057283,0.003314396201222,-0.003441348401623091
2022-06-28,0.0070548185116225,0.0072948543833215,0.0070548173958193,0.0061444907537002,0.0070548173958191,0.0058498009689187,0.0058191713782935,-0.0037176771993307233
2022-06-29,-0.0019572169283726,-0.0018107324890745,-0.0019572166209842,-0.0006763899769189,-0.0019572166209842,-0.0023733102960182,-0.0020190614571584,0.0005926687419191355
2022-06-30,-0.0022456508474785,-0.0011391748449993,-0.0022456504940987,0.0004680785961259,-0.0022456504940986,-0.011091367845473,-0.000972043134969,-0.0038985443807185356
2022-07-01,-0.0039167239194256,-0.0037328094412077,-0.0039167233016954,-0.004556398683427,-0.0039167233016954,0.0034467383982903,-0.0039678871252356,0.006799659566195616
2022-07-05,-0.0054191208271607,-0.0017296585504357,-0.0028649749990863,0.0002784323372877,-0.0028649749990867,-0.0208373947942984,-0.004393985167182,-0.005774978908778466
2022-07-06,0.0013036615714585,0.0040461482735851,0.0040507551308046,0.0040380255017489,0.0040507551308044,-0.006695623039147,0.0015557099441327,-0.004879909905816534
2022-07-07,-0.0013098747741856,-0.0014372363706057,-0.0014388661750227,-0.0014343626767557,-0.0014388661750225,0.0115913842058648,-0.0018438925200423,0.008083836537854158
2022-07-08,0.0033463868398944,0.0032312084565846,0.0032348778781581,0.0032247385105328,0.0032348778781579,0.0058825367068344,0.0030262770288804,-0.00025857723289927963
2022-07-11,0.0045125128866885,0.0050687296113103,0.0049192439239595,0.0050631076534555,0.0049192439239598,0.0037271114609696,0.0042243781666608,-0.0019363296569291843
2022-07-12,-0.0025017103574144,0.0009724141604425,-0.0025006978151081,0.0009724195997742,-0.0025006978151083,-0.0182482752462516,-0.0035216850962686,-0.004715122944602481
2022-07-13,-0.0023582179800718,-0.0027192475167155,-0.0023572611220613,-0.0027192627124218,-0.0023572611220612,0.0002064007976665,-0.0014652965297,0.002228620603168407
2022-07-14,0.0079672904142187,0.0085798419418536,0.0079640500102704,0.0085798900184816,0.0079640500102706,0.002401289791492,0.0053155372550268,-0.00615098649016412
2022-07-15,-0.0076177459936097,-0.0084894102912845,-0.0076146722336469,-0.0084894574565118,-0.007614672233647,-9.944457656552164e-05,-0.0078724852969038,0.008000235649451968
2022-07-18,0.0041077480635272,0.0027631581592908,0.0041060766913327,0.0027631734859672,0.0041060766913321,0.0051835883177642,0.0045061809872224,-0.0021977722859162522
2022-07-19,-0.0085998783042056,-0.0097578564423733,-0.0085963959368809,-0.0097579086969888,-0.0085963959368809,-0.0012359229189918,-0.0082580430246872,0.008243021930595472
2022-07-20,3.822294263544634e-05,0.0004608231647258,3.820733073034432e-05,0.0004608249551727,3.820733073012228e-05,0.0010629068775946,-0.0016941811341339,0.0008243234786961708
2022-07-21,-0.0115012169599972,-0.0088159773487593,-0.0114965195444236,-0.0088160310489876,-0.0114965195444235,-0.0088300896953387,-0.0091920328122243,0.007568516422321404
2022-07-22,-0.0015932986041218,-9.764038368220708e-05,-0.0015926402885013,-9.764272293844024e-05,-0.0015926402885013,-0.0052356494543113,-0.0011663253247898,-0.000349738794395909
2022-07-25,0.0031978672133725,0.00087769938204,0.0031967938651773,0.0012236122705926,0.0031967938651773,0.0054862529057471,0.002876340215336,-0.0007092829297850138
2022-07-26,0.0034385535670604,0.0040465991181828,0.0034385572460646,0.0040228177252601,0.0034385572460646,0.0041119312887476,0.0036077291037401,-0.0021228855494733767
2022-07-27,-0.0090447697909856,-0.0107028682756902,-0.0090447794350752,-0.0120370429335874,-0.0090447794350752,0.0033417172864644,-0.0077063648470048,0.01047336134736462
2022-07-28,-0.0112328679635949,-0.0067292855365145,-0.0112328800500887,-0.0085188606959424,-0.0112328800500887,-0.0015893962667086,-0.009250827245244,0.009504952462846234
2022-07-29,-0.0040151777423705,-0.0044252531764636,-0.0040151821117569,-0.004961259191006,-0.0040151821117568,-5.477692655464495e-06,-0.0037122259519573,0.0037557936556631465
2022-08-01,-0.0047016212431388,0.0008629200374086,-0.004701623909418,0.0022023340411945,-0.0047016239094181,-0.0117628824271792,-0.0039475739785017,-0.00035972749509925403
2022-08-02,0.0096027664872171,0.0036063823925376,0.0096027665129418,0.0032265075777666,0.0096027665129418,0.0056306316799052,0.0095954968499838,-0.007135134583601916
2022-08-03,-0.0082084270074911,-0.0026374613574,-0.0082084270292713,-0.0016049869017852,-0.0082084270292713,-0.0049701224365991,-0.0082022719954472,0.006316872348794496
2022-08-04,-0.0053290152755405,-0.0015834238060885,-0.0053290152897975,-0.0025738217168022,-0.0053290152897974,-0.0098928137377024,-0.0053249863167759,0.0009365504194880118
2022-08-05,0.0083112489437602,0.0022805989582788,0.008311248966115,0.001926854921463,0.008311248966115,0.0049861111526108,0.0083049316519332,-0.0061403160925942585
2022-08-08,-0.0048446538190847,-0.0056109260650083,-0.0048446538341667,-0.0036942617126995,-0.0048446538341665,0.0051690420863657,-0.004780163229629,0.006161796208960215
2022-08-09,0.0032025681218159,-0.0032014696343209,0.0032025681218645,0.0009190370069744,0.0032025681218645,0.0006584681900614,0.0032102978568544,-0.0030411808780308044
2022-08-10,-0.0081595747109787,0.0005379853540128,-0.0081595747111021,-0.0076528443985894,-0.0081595747111019,-0.0028556146102118,-0.0082752794002085,0.007535285319548214
2022-08-11,0.0063422386372278,-0.0044655044185186,0.0063422386373244,-0.0003823236427905,0.0063422386373244,0.0072435128642167,0.0062299385792778,-0.003019248878412112
2022-08-12,-0.009775934553612,0.0029247584261105,-0.00977593455376,-0.0048317330035593,-0.00977593455376,-0.0001638287011497,-0.0097834289837137,0.00898565552479609
2022-08-15,0.0016238285432945,0.0079796199108306,0.0019399876600696,0.0087730711274485,0.0019399876600698,-0.0038287700667639,0.0019989423845945,-0.0015092827693735397
2022-08-16,-0.0002560250776172,-0.0003362243148926,3.864714960544191e-05,0.0002746447395565,3.864714960544191e-05,-0.0046248422494328,0.0002326502099936,-0.0023863840045842896
2022-08-17,0.0067941554747503,-0.0048737596081794,0.0079262476132977,-0.0032479671409813,0.0079262476132979,0.0005381186845443,0.0082134039787429,-0.006453875844001204
2022-08-18,0.0025963125558736,-0.0008738387033747,0.0029988954413691,0.0003270301146356,0.0029988954413688,0.0080008278845933,0.0027945256604131,0.0025424926856738063
2022-08-19,0.0096017327371704,-0.0062972491874565,0.0109133163267638,-0.0037152819752154,0.0109133163267638,6.525113098598823e-05,0.0112949206981904,-0.009379984169743106
2022-08-22,0.0088868929300935,-0.0051346965026953,0.0099351684856749,-0.0053831131964902,0.0099351684856749,0.0072986265349168,0.010119185819958,-0.006566888069773009
2022-08-23,0.0008622166873377,-0.0031696264040261,0.0008613217381321,-0.003723885994135,0.0008613217381319,0.005304356550478,0.0007660685325892,0.0008968805560322427
2022-08-24,0.000680115251963,0.0004381994663305,0.0006794099248623,-0.0003442489511698,0.0006794099248623,0.0049698609993376,0.0006499282679488,0.0010234553143046077
2022-08-25,-0.0101053451574789,0.0015182346657867,-0.0100948723228754,0.0029857491247264,-0.0100948723228755,-0.0072898243843463,-0.0096184705523183,0.007095504295255707
2022-08-26,0.012923984480607,-0.0033733108974283,0.0129104539151403,-0.0036507663944358,0.0129104539151403,0.0023764104860646,0.0123773958614148,-0.010993227896063811
2022-08-29,0.0058702429260257,-0.0020878334608851,0.0058641743508851,-0.0029460409835879,0.0058641743508853,0.0081006389319218,0.0057203427893648,-0.0029529215995762184
2022-08-30,0.0029664476883708,0.004755701905611,0.0029633994751869,0.0047611916209528,0.0029633994751869,-0.0118177670534987,0.002984543799765,-0.007094210354956113
2022-08-31,0.0036206109966514,0.005837255276595,0.0036169015816482,0.0058428208471903,0.0036169015816482,-0.0097607525562648,0.0037725337320313,-0.007495249570395675
2022-09-01,0.004432549763885,0.0074041219197626,0.0044280248615318,0.0074115035623496,0.0044280248615318,-0.0034264189732499,0.0038215652953326,-0.005442696877494107
2022-09-02,0.0010147282013386,-0.0025507772699129,0.001013696897818,-0.0025529149604909,0.0010136968978178,0.0021411846082908,0.0011317350221007,-0.00019373002579824497
2022-09-06,0.0062808316170765,0.0076779542766005,0.0077211758328674,0.0076830446120508,0.0077211758328679,0.0023842543935383,0.0066891053202033,-0.005850107983186712
2022-09-07,-0.0134115235599137,-0.0091457180293794,-0.008596222370107,-0.0091509749140757,-0.0085962223701071,-0.0165730019413008,-0.0142389874220087,0.0073238600651793564
2022-09-08,0.000936807318344,0.0003766473207578,0.0004200410777159,0.0003775653854527,0.0004200410777159,0.0023408402282714,0.0009259381713182,9.705445733447119e-05
2022-09-09,-0.0056034447574548,-0.0107180660712583,-0.0103344327285861,-0.0107277847544212,-0.010334432728586,0.0080520700241335,-0.0060708382629394,0.008456260185342544
2022-09-12,-0.0053960827027993,-0.0055557680598099,-0.0075356815771983,-0.0077962437798455,-0.007535681577198,0.0019227302296971,-0.0057864528527645,0.005003663335993017
2022-09-13,0.019076790846884,0.0033015612495079,0.0197607035242299,0.0197658928741029,0.0197607035242297,0.0081365808754885,0.0195267302057084,-0.014666385731827637
2022-09-14,-0.0015407386338621,-0.002093996606573,-0.0023714388747106,-0.0023720495663895,-0.0023714388747105,0.0003675882589149,-0.0015323542242194,0.0017264053190907671
2022-09-15,0.0056557378209731,0.0050757840284771,0.0098160178237471,0.0098185516498023,0.0098160178237471,-0.0102580252770537,0.0055236784081305,-0.009301001030513237
2022-09-16,0.0011460269459044,-0.0013382718199641,0.0012867682983113,0.0012870972245107,0.001286768298311,-0.0006544519381611,0.0010503898421061,-0.001518897471220637
2022-09-19,-0.0026195095370769,0.0016588358456905,-0.0028709584192642,0.0046095648990938,0.0001314603917828,-0.0003056050856472,-0.0019118665812531,0.0017992784510851474
2022-09-20,0.0090502679139923,0.0016562149226855,0.0096576875578802,0.0016513503049653,0.0090253741716539,0.0020802864070468,0.0086259468325535,-0.007657013483312566
2022-09-21,0.0033175562384664,-0.0032597254585388,0.0041140430810326,-0.003250166810567,0.0033085125631857,0.0046939182973151,0.0026262174131155,-0.0010054645271016785
2022-09-22,0.0085090092490043,0.0017257996908435,0.0081179381260221,0.0017207225447715,0.0084858901361293,0.0015905630661523,0.0081306765774109,-0.00816572927553935
2022-09-23,0.0104895595114442,0.0064142639493105,0.015265839075395,0.0063954261814458,0.0104612990275048,-0.0027976984024639,0.0097564102459446,-0.01063771347656241
2022-09-26,0.0121295451440286,0.013096157166951,0.0151727991098458,0.0130917060664641,0.0149665069780144,-0.0001995883112341,0.0112782224151797,-0.012629387425785961
2022-09-27,0.0057740203821567,0.0041806937769759,0.0041721417313977,0.0041807121451926,0.0041729897199829,0.0047756158975924,0.0053983250994749,-0.004062558112424851
2022-09-28,-0.0167707555216128,-0.0205590468975952,-0.0205171659540689,-0.0205591368493707,-0.0205213187423326,0.001139876277616,-0.0152050259323904,0.018075241984352012
2022-09-29,0.0091933391821241,0.0099567105971756,0.0099360028652122,0.0099567550750911,0.0099380561024753,-0.0053230505974379,0.0074606583462639,-0.010173913989995183
2022-09-30,0.0019276737566424,0.0038588559309782,0.00385090933083,0.0038588729990449,0.0038516972759776,-0.004843556786648,0.0012564450171683,-0.0040329103012846776
2022-10-03,-0.0161036081058247,-0.0195190502434055,-0.0194953667600704,-0.0195191011157773,-0.0194977131205168,0.0056260017055407,-0.0160849705085962,0.017762704308296167
2022-10-04,-0.0157379496077844,-0.0194925911034983,-0.019492120272009,-0.0194925921148737,-0.0194921669170202,0.0003133211037837,-0.0157376514950846,0.013931824863860435
2022-10-05,0.0089600024329836,0.006506874888555,0.0065067145945441,0.0065068752328767,0.0065067304747747,0.0130091903788038,0.0089598299963313,-0.00326806909630377
2022-10-06,0.0079075890582007,0.0067182767035476,0.0067181122716568,0.0067182770567575,0.0067181285618271,0.0099841060484258,0.007907438226832,-0.0031187093504834625
2022-10-07,0.0160953231201934,0.0139612323625977,0.0139608929374337,0.0139612330917042,0.0139609265640892,0.0086444667074692,0.016095018522487,-0.010617836896836192
2022-10-10,0.0076805186517865,0.0094239121457944,0.008870903143209,0.009423912264513,0.0088709086612155,-0.0028432387601209,0.0082223123955624,-0.008700421946138683
2022-10-11,0.0008673929654303,0.0017674759648884,0.0021929167433381,0.0017674759646806,0.0021929167313441,-0.0064531621526803,0.0012894520332213,-0.003146391506693705
2022-10-12,-0.0002338714674648,-1.5006795453409438e-05,-0.000189165073264,-1.500679545152206e-05,-0.0001891650722317,-0.0012446229476006,-7.310105824709368e-05,-0.00018409797795801615
2022-10-13,-0.0033179435992246,-0.0065511732427783,-0.0046775223536826,-0.0065511732420091,-0.0046775223281502,0.0018168354627299,-0.004297846053178,0.004016872655920222
2022-10-14,0.0102509575182034,0.0113962990734313,0.0121896674746384,0.0113962990720843,0.0121896674077877,-0.004396252105693,0.0109846938482087,-0.011361316656404203
2022-10-17,-0.012581691835276,-0.0097392534404827,-0.0111800678999085,-0.0107123049315519,-0.0111800678367139,-0.0074810621342903,-0.0133326242965418,0.009212163182288551
2022-10-18,-0.0060788647594416,-0.0034622814507894,-0.0034673263583757,-0.0045654095010383,-0.0034673263581542,-0.0070094535862812,-0.0058684143458774,0.0033185311361451568
2022-10-19,0.0125918141043936,0.011102427884295,0.0111186615748939,0.0111256637710785,0.0111186615741807,0.0081507268799205,0.012350996278742,-0.008675317537640123
2022-10-20,0.0044004412452347,0.0041440118302544,0.0041500044699134,0.0042436401167988,0.0041500044696503,0.0007909393207747,0.0042777499994386,-0.00444095498021338
2022-10-21,-0.0093681509133439,-0.0098787706689009,-0.0098929972808806,-0.0097622368854141,-0.0098929972802558,-0.0041487554159552,-0.0099992808057848,0.0068650606949799756
2022-10-24,0.0022749112202071,0.0023161888053708,0.0021878441545128,0.0022114036120701,0.002187844154373,0.0010813568196434,0.0023424330455075,-0.0010926252791661243
2022-10-25,-0.0133852301594973,-0.0134339025742459,-0.0141649259097796,-0.0134634230462057,-0.0141649259088779,-0.0042509854071695,-0.013829445244885,0.011432059390821876
2022-10-26,-0.0027020383526316,-0.0065579002512426,-0.0070967568313521,-0.0065803428985969,-0.007096756830894,0.0036311382582083,-0.0029986697132642,0.0034263216121641934
2022-10-27,0.000934283236383,0.0001147379192263,7.112140932075128e-05,0.0001142705089718,7.112140931631039e-05,0.0067795143593103,0.0012101508481383,0.00240878510739251
2022-10-28,-0.0043207934274158,-0.0033111333979632,-0.0022235321396401,-0.0033108691054238,-0.0022235321394954,-0.0039459535164401,-0.0049292057111682,0.002713129860616973
2022-10-31,0.0054103074879259,0.0061915958347846,0.0074516387721164,0.006209364974564,0.0074516387716274,0.0003345044937606,0.0059949450610599,-0.005084508994319489
2022-11-01,-0.0030531094885591,-0.0062222505189767,-0.0062144682071325,-0.0062221406372333,-0.0062144682071357,0.0076565945093429,-0.0046618742705272,0.0053063507146117435
2022-11-02,0.0112080255223592,0.0094671946401396,0.0094552797573852,0.009467026407586,0.0094552797573899,0.0064870501732505,0.0111035947656259,-0.008115858419464113
2022-11-03,0.0038083548169791,0.004515911677086,0.0045102814381927,0.0045158321816798,0.0045102814381949,0.0030188369646984,0.0038451429685255,-0.0027322708973367906
2022-11-04,-0.010617128839927,-0.017758656307415,-0.0177366150128219,-0.0177583451000185,-0.0177366150128306,0.0069985511692798,-0.0104835561493247,0.010931531921009433
2022-11-07,-0.0007114199941858,-0.0010855425570701,0.0003897623702362,-0.0010854970798922,0.0003897623702351,-0.0058395199154577,-0.000614867831448,-0.0017867205103171643
2022-11-08,-0.0088017976949429,-0.0066215022201679,-0.0054346921125597,-0.0066215019187134,-0.0054346921125597,-0.0111594994679008,-0.0088147463942511,0.0039803011137903325
2022-11-09,0.0054151555259671,0.004114638727469,0.0105021713445563,0.0041146385388948,0.0105021713445563,-0.0086151307875395,0.0058168526233683,-0.007850551441346354
2022-11-10,-0.0339522808242569,-0.0315202654584947,-0.0350500788786634,-0.0315202640198386,-0.0350500788786634,-0.0093570279740861,-0.0340454445860692,0.02917854350316857
2022-11-11,-0.0045899279567657,-0.0046626658921062,-0.0086448072240221,-0.0046626656723653,-0.0086448072240222,0.0023173447778712,-0.0049475873225887,0.0041017667146558195
2022-11-14,0.0025853173368326,0.0037768085995284,0.0071959245048194,0.0055872457446151,0.0069411518076782,-0.0081442255213123,0.0029958842206567,-0.005326618469977162
2022-11-15,-0.0064440972222643,-0.0079140275400048,-0.0085560928898233,-0.0094334518063677,-0.0078427426319334,0.0053561385945566,-0.007308805139858,0.008361228890661746
2022-11-16,-0.0009779312644278,-0.0015160444457329,-0.0012898301232244,-0.0001020007796257,-0.0015359452746323,-0.0075605558763253,-0.0003221664835471,-0.0015667065617933622
2022-11-17,0.0032570744167088,0.0014574006680945,0.0043454780035667,0.003564564269501,0.004268493453885,-0.0075200113514501,0.003643935244235,-0.005596719588786709
2022-11-18,8.386086463962883e-05,-0.0001848482801848,0.0028194502876104,0.0010569975830676,0.0030083126426896,-0.0032442971957409,0.0001226973273209,-0.0008004193814400608
2022-11-21,0.0027736948029388,-0.0023386415293316,0.0021713746445501,0.0004508582378175,0.0013667602035816,0.0033918853717718,0.0032354564291563,-0.0010955558995852342
2022-11-22,-0.0062017833362881,-0.0045564721130847,-0.0059975061417347,-0.004464228167872,-0.0046127641311859,0.0021116088563808,-0.0065908542027407,0.006729416219059659
2022-11-23,-0.0099348971296268,0.0006421756137473,-0.0047543532476586,0.0005123373335416,-0.0036805141025579,-0.0160524861177301,-0.0102848950231342,0.003448973178469956
2022-11-25,-0.0004990415440709,0.0014855169840464,0.0011720959245113,0.0014521158164364,0.0008399013834672,-0.0040005584122863,-0.0005689290058945,-0.0009306922954548227
2022-11-28,0.0079383488282158,0.0008636573815641,0.0051180314041405,0.003324605467728,0.0038609570031031,0.002311845596449,0.008996318226635,-0.006620106145911728
2022-11-29,0.0004800697097653,0.0001227757111332,-0.0024285140970897,-0.0014015233545726,-0.0030254011489749,0.0083093725509688,-0.000266722566303,0.002361151650360138
2022-11-30,-0.0140192314468594,-0.0062356616393971,-0.0128632866427913,-0.0110552156406543,-0.0091542358471019,0.0067057873835574,-0.0155552524552498,0.015580571972214496
2022-12-01,-0.0097648999922814,0.0002532846202314,-0.0096675722265852,-0.003409129087659,-0.0095497460598177,-0.0072385937643882,-0.0105920442841661,0.005701792988989794
2022-12-02,-0.0032995906535248,-0.0005071993687901,-0.0010754283516788,0.0001026974856077,-0.0013964210227256,-0.0050150571909917,-0.0031570762030901,0.0010967630727610983
2022-12-05,0.0063936076636288,-0.0003949994698568,0.0107259478941237,0.0010871279349076,0.008872317082321,-0.0089155271249474,0.0103048610451643,-0.012391738986269094
2022-12-06,-0.0003560360750658,0.00038004450132,0.0025349251708475,0.0003794818386357,0.0009716145176117,-0.0058990908078019,-0.0010078402681693,-0.0027713222372028282
2022-12-07,-0.0031740247252648,0.0019511369439828,-0.0025472804705769,0.0019482493466174,-0.0027481658830093,0.0005052895881498,-0.0069129552190463,0.003958479953153118
2022-12-08,-0.0015677962456137,0.00311476798705,9.182036570321016e-05,0.0031101672300415,0.0009293161291821,-0.0008704714647475,-0.0027819762971461,0.0008248420509409818
2022-12-09,0.0058937860925216,0.001480386017131,0.0040719859572337,0.0014782061504368,0.0032842193136708,0.0038257608979599,0.0043712103794208,-0.003766774618309068
2022-12-12,-0.0016929353645631,-0.0042854199073819,-0.0020909027264055,-0.0042051493522569,-0.0030329619365728,0.0023395053547896,7.274083103570028e-05,0.003140731099393314
2022-12-13,-0.0037514696933552,8.215064762961966e-05,-0.0032079253749259,0.0008592079654887,-0.0100058207276957,0.0085038950606188,-0.0081193653810899,0.008720928823759702
2022-12-14,0.0020471845314589,-0.0004030233152403,-0.0022260016172204,-0.0003700169239836,-2.213555332242212e-05,0.0028006894712422,0.0016546100027616,-0.0006160682419796752
2022-12-15,0.0035693566099144,0.0008318552817241,0.000693292435949,-0.0016248107515964,0.0090395404336045,-0.0093627024989743,0.0091728647849755,-0.00834651616208356
2022-12-16,0.00442773199727,0.0040542075099523,0.0011372641649567,0.0042430377139797,0.0060610578901381,-0.0010407205499145,0.0027378062309402,-0.005249852283870911
2022-12-19,0.0057751671410404,-0.0008036503981897,-0.0019705359582067,8.545831727246878e-05,-0.0001152391484564,-7.085552055785538e-05,0.0069350135822678,-0.006136560749431936
2022-12-20,0.0032388044579889,0.0008355731593825,0.0008355869850988,0.0008348303074867,-0.0007112817991136,0.0070522453528423,-0.000788293042428,-0.001022785917754353
2022-12-21,-0.0033311525558497,-0.0023108454784523,0.0011345797546946,-0.0023087927748235,0.0001855271783592,0.0070184529453172,-0.0026020711870088,0.006486847576534971
2022-12-22,0.0036467607773162,-0.0001328209294358,-0.0012766784803452,-0.0001327026727471,0.0007589468749524,-0.0056342060962535,0.0049636828803758,-0.005737755450878086
2022-12-23,0.0022585631022213,-0.0035434487312741,-0.0002152149208736,-0.0035402934143372,-0.0014074447448912,0.0090846724126729,0.0017571961206055,0.001473935044035013
2022-12-27,0.0053191458873069,0.0011896866035221,-0.0021958713885232,0.0011899992457224,-0.0024630621549458,0.005782093194153,0.0041409816907336,-0.0038685076943162865
2022-12-28,0.00474829111667,-0.0076170810432844,0.0016202657803516,-0.007617078664694,0.000814105345009,-0.0072341126723409,0.0065344905382427,-0.007787725198220097
2022-12-29,-0.0094418016262846,0.0075560673539174,-0.0012010463676357,0.0075560649762691,-0.0005660197264448,-0.0004118236891543,-0.0103546482092681,0.009138271405661754
2022-12-30,0.0045093426891911,1.2744547488674485e-05,-0.0011325462869242,1.274454350852494e-05,-0.000224621380416,0.0050100099746379,0.0042267836570908,-0.002705316445335045
2023-01-03,-0.0053751462747989,-0.0020230115249205,0.0025193574111219,-0.0020230124106432,0.0009254880430502,-0.0067140291346153,-0.0071405088472962,0.003365442914017019
2023-01-04,-0.0125663435014029,0.0038937279960717,0.0010839568317437,0.0038937279995274,0.0002463806280172,-0.0145886761218053,-0.0125886871992659,0.005859406883422575
2023-01-05,0.0049710700961544,-0.0060146237309534,-0.0022908743877922,-0.0060146237362708,-0.0004317869413064,7.013237071973322e-05,0.0049800216393471,-0.004330728073096141
2023-01-06,-0.0143553815712852,0.0124477146903385,0.0002126223565594,0.0124477147014099,-0.0024921774461462,-0.0001207741326875,-0.0143811036069937,0.013740127993967056
2023-01-09,-0.0026444374154944,0.0055622457501096,-0.0013271373426535,0.0055622457543984,-0.0034992537988508,0.0015865275983726,-0.0022671551154225,0.00241779726352379
2023-01-10,0.0004812200902317,-0.0005957333799694,0.0027765870626921,-0.0005957333799668,0.0034297269148,0.0009525189543124,-4.970955816763212e-05,-0.00015846238270076694
2023-01-11,-0.0057026180419893,0.0036073118457855,-0.0034761117426659,0.00360731184577,-0.0051795943027104,0.0059197556676133,-0.0059029917530353,0.008873914409595474
2023-01-12,-0.0059246715773531,0.0082853284366766,0.0024029254648163,0.0082853284366415,0.0001635074106232,0.0036125966360143,-0.0080209289694006,0.007495966975345535
2023-01-13,0.0036135499811407,-0.0007766698739399,0.0023212374264618,-0.0007766698739366,0.0029605012139066,0.009678641565904,0.0019042016113468,0.0019770748066870025
2023-01-17,0.0015148795719182,-0.0035456550274131,-0.0024969737477427,-0.003545655027403,-0.0011899321756949,0.0003194300349091,0.0026935544727175,-0.0014672191630581094
2023-01-18,-0.0031093748216379,0.0012034924275741,-0.0020770797345095,0.0012034924275741,-0.0034540466402744,-0.0073905466153498,-0.0031168033305299,-0.0003806801609554531
2023-01-19,0.0051871251869177,-0.0015677936700293,0.000782963545642,-0.0015677936700293,0.0019944280067725,0.0083256222090732,0.0030457475618586,-0.0005441269933799941
2023-01-20,-0.0019520184221265,0.0016583176032816,0.0018139193702944,0.0016583176032813,0.0025602824129367,0.0020534860384455,-0.0013267448726326,0.002555027198120627
2023-01-23,-0.0037640581527687,0.000843576294399,0.0002570472207137,0.0008435762943992,0.000521216175096,-0.0028841056380147,-0.002725211574272,0.0014152078124357644
2023-01-24,-0.003095190183425,0.0016085014965838,-0.0011024724188374,0.0016085014965838,0.000726715460475,-0.0030937673561531,-0.0034903127009725,0.001854119259166728
2023-01-25,-0.0012224755655274,0.0017795513521901,0.0010680952603738,0.0017795513521903,0.0015215903501739,-0.0001416405541323,-0.001286122856733,0.0009060458504319251
2023-01-26,-0.0023266712395341,0.0020757875197334,0.0004316107407698,0.0020757875197334,-0.0003043315486073,0.0004275388163978,-0.0007787742043251,0.0022639672079716247
2023-01-27,-0.0008063961487865,-0.0023280869419736,-0.0014912281054278,-0.0023280869419733,-0.0006241146408751,-0.0049049220220473,-0.0018996095949288,-0.001689655011928247
2023-01-30,0.0044160698486903,-0.0065764196650366,-0.0010654087150162,-0.006576419665037,-0.001592993017085,-0.0044617098221594,0.0052319359017964,-0.006242440897014797
2023-01-31,-0.0050871053199196,0.0056534596939847,-0.0012775527694326,0.005653459693985,-0.0001572041681219,0.005864996621159,-0.0056151265668982,0.007945898737291221
2023-02-01,-0.0099012497157709,0.0117765997861618,0.0045869764650894,0.0117765997861616,0.0061675739531692,-0.0078043059776226,-0.0098342320955497,0.005555034064839219
2023-02-02,-0.0056224543990834,0.00245604137201,-0.0026738185660507,0.0024560413720102,-4.284159363698858e-05,-0.0064223993457392,-0.0072020007407443,0.002472796616938916
2023-02-03,0.0075711809420306,-0.0109061598136667,-0.0010687652885665,-0.0109061598136668,-0.0024340280311229,-0.0107799322104027,0.0040949920306292,-0.012110224712941748
2023-02-06,0.0077550875253953,-0.0074906634756714,-0.0018015590825185,-0.0074906634756715,-0.0024467952724457,0.0059142363939996,0.0075245937194796,-0.004421496394553749
2023-02-07,0.0003352801163214,-0.0001996428127299,0.0006868038623686,-0.0001996428127298,0.0007107743748444,0.0071924597911618,6.246929831932313e-05,0.0028977462935594394
2023-02-08,0.0031028517163367,-0.0027611239778001,-0.0025674782859781,-0.0027611239778002,-0.0025829730062784,0.0031573291671334,0.0034280442949483,-0.0011624645652622673
2023-02-09,0.0031196161352771,-0.0042578516010089,0.0013053158389615,-0.0042578516010089,0.0012904841002245,-0.0057065231997218,0.0020968571157693,-0.006209303481033479
2023-02-10,0.0056415468255244,-0.0054588841949925,-0.0013698542259716,-0.0054588841949925,-0.0013738090977929,0.0085361594711148,0.0058406242127744,-0.001495499677013197
2023-02-13,-0.0059382220210604,0.005120413566197,-0.0029131211429149,0.0051204135661973,9.428099985098191e-05,-0.0035354536091701,-0.005829458817618,0.0036573999475784874
2023-02-14,0.001348646863583,-0.0012130569447218,0.0006464338893901,-0.0012130569447217,0.0006493505178188,0.000746778236957,0.0012007177142299,-0.0010992168679077054
2023-02-15,0.0004832447177551,-0.0018629515244135,-5.8093674845105525e-05,-0.0018629515244136,-0.0002356816465276,-0.0029348304508231,-0.0003149757896917,-0.001955333957003658
2023-02-16,0.0055038352517784,-0.0055580789437212,0.0055027354482419,-0.005558078943721,0.0025615664545746,-0.0010711449375534,0.0051368116317183,-0.0059062874799197035
2023-02-17,-0.0017980509966439,0.0022044658389464,0.000129132520759,0.0022044658389464,0.0003448281001212,-0.0035868691266552,-0.0013037883961166,0.00037775623457059036
2023-02-21,0.0118542361545657,-0.0112065498836458,0.0087763196990771,-0.0120472343969826,0.0061027019631363,0.0004291593673582,0.0111185135391995,-0.010874304001624997
2023-02-22,-0.0008954615999949,0.0005116941996294,-0.0012073932276406,0.0009178288166269,-0.0012106017549028,-0.0061627978112114,-0.0029580735527064,-0.0006683710359588211
2023-02-23,-0.0032746221678027,0.0025604996967831,-0.0052166611514578,0.0033469600854647,-0.0052305407115771,0.0057544108309619,-0.0033933535010033,0.005286518471310973
2023-02-24,0.0101660757934491,-0.0090386977834366,0.003372339962874,-0.0103233010316881,0.0033813596605287,0.0046020712987711,0.0069549381402091,-0.007732094121007323
2023-02-27,-0.0039663436424555,0.004574049857464,-0.0005372442734808,0.0046668046756397,-0.0001729682906067,-0.0046754139167097,-0.0038027177682828,0.0018995090147491084
2023-02-28,0.0013565787670741,-0.0021687275568457,-6.001008991951551e-05,-0.002654976727648,-0.0004431609298921,0.005088785505775,0.0027940843542919,0.0010160448179150853
2023-03-01,0.0016954516689149,0.0002071059025279,0.0021904444898166,-0.0002438087389835,0.0017432527447656,0.0036720106436569,0.0029223838719092,-0.0013773382149818104
2023-03-02,-0.0005654811314422,0.0006983053249152,-0.0015744508024603,0.0016579152909104,-0.0014157352184193,0.0027476826229717,-0.0005751063634974,0.0012072969904419963
2023-03-03,-0.0093979088710318,0.0046626240549436,-0.0069112056014172,0.0066837148655369,-0.0049333623760174,0.0058345329018458,-0.009396390985811,0.011029331034493125
2023-03-06,0.0003705485585903,-0.0006921665094146,-0.0018544635559178,-0.000583641631789,-0.0011279015475985,-0.0061066286278332,0.0027589685372868,-0.002862020705800947
2023-03-07,0.0106081420057673,-0.0019928562262521,-0.0058003649099277,-0.0067626204834068,-0.0047788025673124,0.0002693682533061,0.0080617096433845,-0.008180686426322085
2023-03-08,0.000663949311725,0.0018776155951489,0.0004846087301411,0.0011540873145308,5.571866638698353e-05,0.002402653610082,-0.0014747020169526,4.2002910487053124e-07
2023-03-09,0.0050788798936374,-0.0029734392045677,-0.0029473143549587,-0.006239709182126,-0.0014566145304644,-0.0050566820537354,0.0042655954422778,-0.005599355744066857
2023-03-10,-0.0048898543811669,-0.0051112716137834,-0.0052990596781244,-0.0034267568895526,-0.0041843355398795,-0.007580258294074,-0.0012867801255792,0.0037542518900994734
2023-03-13,-0.0056182694837731,-0.0003260411873668,-0.0014668376172606,-0.0032863982292907,-0.0003880933571911,-0.0084790863264182,-0.0066112371057807,0.0025211718396755834
2023-03-14,0.0013693141169721,0.0002216944188389,0.0011399945681058,0.0018098485083566,0.001246379244175,0.0052743085558137,-0.0039926798167728,-0.0001980664197707925
2023-03-15,0.0001201365240453,-0.0011482040176192,0.0005076489991937,-0.0017836397601553,-0.0017858797379528,-0.0059705991335501,-0.0011475041812916,0.0005109136522434148
2023-03-16,-0.0022987691773268,0.0003097887255079,-0.0009537717080027,0.0016509348073718,0.0010550705629153,0.0051658156545664,-0.0039400478187203,0.0027213740614651437
2023-03-17,-0.0022546565145262,0.0002395914434487,0.0055712427153056,-0.0012042143812041,0.0047774606621131,-0.0079572543126987,-0.0021383001479819,0.0003175962773308287
2023-03-20,-0.0020529452701197,-0.0024187216208596,-0.0009008279878774,-0.0037433876635655,-0.001787851397392,0.0003880132524127,-0.0017303531251056,0.0009483540519389969
2023-03-21,-0.006195026862504,-0.0066724469255055,0.0003262682758171,-0.0076605944672164,-0.0007329266330579,-0.0074854589571813,-0.001394655920785,0.002198962195014287
2023-03-22,0.0012394239914472,0.0025246613855132,0.0062443815494925,0.0039803307118742,0.0058388761907548,0.0015833651697314,-0.0003357584528869,0.000255319991493916
2023-03-23,-0.0003298135271194,0.0020293990599129,0.0039410650627873,0.0020433065332741,0.0024170934826168,0.0052653770405792,-0.0033244403559006,0.0023772031717356323
2023-03-24,-0.0025859581758602,-0.0021196297981157,-0.0025231520113582,-0.0016249374186558,-0.0022780101800492,-0.0003329413549061,-0.0006205003859175,0.002581202532195512
2023-03-27,-0.0006119169997169,-0.0049674439294868,-0.0076399933514075,-0.0077870767110714,-0.0068842105025346,-0.0051637120658979,0.0066274116657885,-0.002979810438683007
2023-03-28,-0.0010395864858936,-0.0002414269706785,0.0013772845229313,-0.0003509919237683,0.001531939777831,0.0002585569017401,-0.0012275191354721,0.0005668241765768225
2023-03-29,-0.0051095898088054,0.0006124079113414,0.0037036765078342,0.0032645317429997,0.0027156732911453,-3.980052024132874e-05,-0.0056740387335039,0.004818648682747051
2023-03-30,-0.0059552025064135,-0.0002633839038541,0.0039378979584279,0.0010392893544974,0.0040777098440087,0.0006065383978839,-0.0053254785273108,0.005180144185644876
2023-03-31,-0.0086147927655378,-0.0003384172503982,0.0035507404211878,0.0020839713245788,0.00194458023906,0.0005686784634226,-0.0058704430017317,0.008456512519095712
2023-04-03,-0.0049327232608783,-0.0008748442755459,-0.0004284591044146,-0.0005630795460523,-0.0006738299084818,-0.0004284613412532,-7.950593877203982e-05,0.003814413205357113
2023-04-04,-0.0002357813004324,0.0017467627958016,0.0027135152995159,0.0027138807999496,0.0026208404478011,0.0041963863533083,-0.0002401037784965,0.0018045013026859456
2023-04-05,0.0018866416493243,-0.0014543846142243,-0.0022418088228775,-0.0022421099689261,-0.00195971900892,0.0020519694276432,0.0019157020804005,-0.00047334744728557093
2023-04-06,-0.0021609169445051,0.0015556806459207,0.0015547126986046,0.0015549220151558,0.0012257565045823,-0.002716947461484,-0.0022238494627756,0.0011685057060592304
2023-04-10,0.0026467830661596,-0.0009408437686512,-0.0023166201486058,-0.0053994203378238,-0.0030548295286059,0.0028789409338128,0.0019536368856862,-0.0020475520332363844
2023-04-11,-0.0013126730852449,0.0031446621131376,0.0012840753958562,0.001156646324647,0.0024365576412572,0.0020206769702861,-0.0024332772701286,0.0019517450023515991
2023-04-12,0.0017111626862045,0.0012395750531866,-0.0009167601274762,0.0034890208029139,0.0002923673168282,0.0032566835620535,-0.0006617315207166,-3.29166951513256e-05
2023-04-13,-0.0014409095707799,0.0062010940645682,0.0067851301640753,0.0032342844880814,0.0062245215110443,0.006609461729145,-0.0044103475255061,0.0037749336018214692
2023-04-14,0.0015562061584937,-0.0058853850620637,-0.0062888007964466,-0.0028384532667209,-0.0060255517794625,-0.0057265216812061,0.0038355423036242,-0.004541369680064937
2023-04-17,0.0010706035134473,-0.0036904165040665,-0.0013024985767218,-0.0062282204364065,-0.0009875967164341,0.000296150307858,0.0018565834584598,-0.001359029368428744
2023-04-18,-0.0003789458655958,0.000346863037828,0.0013715240364573,0.0025692948915123,0.0014651658383324,0.001281178036016,-0.001212955529664,0.0009289508089087382
2023-04-19,0.0023619955986657,0.0010752590300022,-0.001782576519847,-0.0030142308738947,-0.0005692132894344,-0.0012254818658996,0.0030763558345487,-0.0026279695629081922
2023-04-20,0.0018414012004761,-0.0001965893827036,-0.0001710364911718,0.0005723351984614,0.0012390908539918,0.0008882866039794,0.0018055787656265,-0.0006442360251738586
2023-04-21,0.0004788965640216,0.0001462414165003,-0.0006877911580127,-0.0001312449772385,-0.0012574843047458,-0.0015290424109943,-0.0001685410436828,-0.001312526258843884
2023-04-24,-0.0025185729831151,-0.0013495430075376,0.001307762600909,-0.0003006880211414,0.001353864387285,8.859562874552473e-05,-0.002866363153629,0.002518753244998473
2023-04-25,0.0044563124361858,0.0020451823758087,-0.002724078043202,-0.0002924410578751,-0.0027239526281331,-0.0007821030014673,0.0064098941393644,-0.0024519277605636698
2023-04-26,0.0037561708227822,0.0024041963903824,-0.0007879471053171,0.0024893534901799,-0.0007879107295758,-0.0031209696393064,0.003926302373546,-0.00521480827435715
2023-04-27,-0.0034301242833085,0.0007866012541781,0.0047763038952435,0.0026961903001643,0.0047760832223147,0.0037769979058188,-0.0048642803138616,0.0035953542020725976
2023-04-28,-0.0066236874975086,-0.0028741727811814,0.0039798350025184,-0.0034163222900569,0.0039796520017614,0.0007670817762643,-0.0065667437791057,0.006787402301206149
2023-05-01,0.0014985019163686,-0.001091549036694,-0.0062967069563121,-0.0006858786727984,-0.0060935103159772,-0.0029695972367647,0.0010605092398834,-0.006887331023892445
2023-05-02,0.0038572848371134,0.0092298486844784,0.006877079333698,0.0092261018385217,0.0047308062900397,0.0017087648422662,0.0038589725098305,0.0002360340858804734
2023-05-03,0.0008719421070675,0.0027398511729701,0.0033429383191692,0.0027387491015102,0.0037568858054366,-0.0004843935124958,0.0008723221402033,-0.0009220519903539817
2023-05-04,-0.0001851368916445,-0.0013988275680517,0.0002664729146266,-0.0013982664436338,-0.0008661922311111,1.0841439197939453e-05,-0.00018521751263,9.050598887328155e-05
2023-05-05,-0.0028949552916871,-0.004281173776346,-0.0008058981829001,-0.0042794540255228,0.0015510341009898,0.0026824863315417,-0.0028962161823899,0.004457000482386006
2023-05-08,0.000555905257833,-0.0024173846002527,-0.0035958865241819,-0.0017373398618707,-0.0031456415629179,-0.0007666637516198,0.0001563492793867,-0.0020595641267309446
2023-05-09,0.001989228862568,-1.222066242534403e-06,-0.0022398836218734,0.0011310980179239,-0.0022388719431801,0.0013744112957796,0.0002228973582867,-0.0008736127395870866
2023-05-10,-0.0044254234883948,-0.0010285095222105,0.0036901321051583,-0.0019930229197565,0.003688461658996,-0.0025463993556144,-8.332593678894717e-05,0.0033935911079630053
2023-05-11,-0.0002996800369101,-0.0008537991119769,-0.0009644147523564,0.0007143011137806,-0.0009639797861842,-0.0070717774914673,0.0002200019727816,-0.002254559488800976
2023-05-12,0.0042847580195279,0.0012598851996439,-0.0030853349826727,0.0027944360635629,-0.0030839421055227,0.000629445216524,0.0017624530995481,-0.0035989684637214355
2023-05-15,-0.0003553030200996,-0.0011625601836781,-0.0004185626023702,-0.0016670283160791,-0.0004183727092766,0.0026490463485384,-0.0016284068230995,0.0014517795548594486
2023-05-16,-0.0010267210046452,-0.000401158074025,-0.0042516126314102,-0.0004032484740446,-0.0042496864922695,-0.0063962027748166,0.0005169368367383,-0.006510288268191765
2023-05-17,0.0010707382606327,-0.0020879512626592,-0.000606446387141,-0.002073427246293,-0.0006061704717484,0.0050766565519555,-0.0012588824143509,0.004279283552624082
2023-05-18,0.0033364582651518,0.000874306472079,-0.0018774385426916,0.0008832610330062,-0.0018765838449,0.0013985821565956,0.0026789293940308,-0.0018016388271277122
2023-05-19,0.001365879365212,0.0006459222585859,0.0012417117484109,0.0006364537856979,0.0012411454003757,0.0009487822281741,0.0021509655437943,-0.0005416408458256466
2023-05-22,0.0006281655527282,-0.0010286705291205,-0.0004726213952285,-0.0014876122819731,-0.0004728861976537,0.0018551679070133,-0.0007442097208667,0.0009712808511941419
2023-05-23,-0.0028473943324923,-0.0016670198433943,-0.0042088527663226,-0.0014397341682087,-0.0042088538813644,-0.0059133046628503,-0.0018778549012802,-0.002385727377384001
2023-05-24,-0.0018067156911943,-0.0019788674000503,-0.004165074387504,-0.002413249620477,-0.0041650754956115,-0.0068291153587249,-0.0013735014012432,-0.005013730585891227
2023-05-25,0.0035732284010676,0.0025975062424947,0.001262839189986,0.0023474134496008,0.0012628395273666,0.0013242444534291,0.0034612184394304,-0.002479660753431731
2023-05-26,0.0013382406274442,0.0013831324173312,0.0047719920007018,0.0022294698760543,0.0047719932739804,0.0098593956085182,0.0008441526487452,0.007974710901508626
2023-05-30,0.0013221330006372,0.0040559112005171,0.0035564491284971,0.004295007554433,0.004060629820815,-0.0004018961806326,0.0029167168163055,0.00011063393433460625
2023-05-31,-0.0003977540906046,0.0012689728191428,0.0001659154156585,0.00126867070993,0.0011099192951087,-0.0028817155065726,0.0007104027538267,-0.0011209637395246247
2023-06-01,-0.0010641583387693,0.003017214305562,0.0025914087756879,0.0030164968959678,0.004288649299988,0.0076252421542117,-0.0017809274945734,0.006431701307355705
2023-06-02,0.0006443065721588,-0.003016568657316,-0.0017206890270944,-0.003015853558333,-0.004120563710683,0.0074442429892012,-0.0031113715098609,0.00412318663677938
2023-06-05,3.43227096033516e-05,0.0005914878220132,0.001331154845316,0.000591982794355,-0.0007732416829466,-0.0017825194429968,0.0013577004037503,-0.001422831229198752
2023-06-06,0.0003362522414034,0.0006650143310755,0.0006645230958151,0.0006650140021067,0.0027944635404795,0.0045720745596569,-0.0021244985311712,0.0034661302963617437
2023-06-07,-0.0004257750420257,-0.0084629631364128,-0.0084567158347897,-0.0084629589527406,-0.006927134910769,-0.0046238818300744,-0.0024036209691915,-0.00375057926737121
2023-06-08,0.0010599839967433,0.0074949193475999,0.0074893394617856,0.007494915610857,0.0071369563310106,0.0071539682503019,0.0015687496752703,0.0048354267828969125
2023-06-09,0.0012545439113444,0.0011518117447981,0.0011509606079533,0.0011518111748112,0.0004823004934817,0.0001663466909027,0.001992754893485,-0.0012079306401161065
2023-06-12,0.0027804368820931,0.0046549155506798,0.0043735985984667,0.0043472748222281,0.0047050823217111,0.0031263221764805,0.0028661699531074,0.0003042582586531223
2023-06-13,-0.0001360984075513,-0.0004182796195627,0.001139788305297,-0.0015342074012228,-0.001049757289123,0.0015946014454473,-0.0017837561076237,0.0004037579319947032
2023-06-14,-0.001024194660759,0.0011663963798846,3.4514175124567004e-05,0.0022534392075699,0.0008039184376809,0.0008107311565457,7.531470248611782e-05,0.0015793467777287643
2023-06-15,-0.0022572132212853,0.0027549015834316,-0.0009742033367009,0.0048874761516173,0.0022333650606787,0.0052393539717094,-0.0040598965057386,0.006910998569621207
2023-06-16,-0.0010172411181086,-0.0027355602199935,-0.001558565357583,-0.0035715494207996,-0.0026993405038091,-0.0016018536582049,0.0002306876380919,-0.0007018743450765625
2023-06-20,-0.0027324476588104,-0.0046914070605006,-0.0046695712445335,-0.0044599546867761,-0.0037611365997636,-0.0072198826873056,-0.0010324205234221,-0.004087963815291509
2023-06-21,-0.004411167269186,-0.0012703861185027,-0.004419752333915,-0.0014542893141448,-0.0042614406097929,-0.0044062450391213,-0.0030715499022327,-0.0015379878556326888
2023-06-22,0.0021655771550461,-0.002962324322874,0.0021698105368368,-0.0043050994741993,0.0011271638884859,-0.002696407723197,0.0055600585769277,-0.005712549498435089
2023-06-23,-0.0027966271577198,-0.0067682393473645,-0.0028020823119156,-0.0064213314639001,-0.0020723798209132,-0.004478290667874,0.0009380107061174,-0.0020160138561382073
2023-06-26,-0.0015539804280999,0.0014858860232391,-0.0020075686729914,0.0021229180189306,-0.0012412326495804,0.0003679264615994,-0.0026203845458701,0.0019363126858349135
2023-06-27,0.0047850999853695,0.0037197711822438,0.0035473854278573,0.0037174065888221,0.0044608270626032,0.0048955317319936,0.0019193118343585,0.0009804396711955616
2023-06-28,-4.444005430248588e-05,0.0009793745327897,0.0016915631280731,0.0009787542673234,0.0004917237348189,0.0015036883254744,-0.0016855988976843,0.0026651883640848384
2023-06-29,0.0006039824522177,0.0043362111843687,-0.0029087439851188,0.0043334676250073,0.0010145217738011,-0.0006978746847775,0.0019708366485919,-0.0023010087334835788
2023-06-30,0.002968826038372,0.0020713427323821,0.0041039073586088,0.0020700378301745,0.0023414627414375,0.0069433870574424,-0.0008937409239225,0.005891642068272722
2023-07-03,0.0011639456166205,0.0022276132920027,0.0006839722817626,0.0022262682059059,0.0005883659326866,0.0013593125464681,-0.0006680022525294,7.44550954979339e-05
2023-07-05,-0.0023550087795707,-0.002304139221694,-0.0048785104472545,-0.0023036711171261,-0.004879603692765,-0.0032877047102959,-0.0023032798523269,-0.0022597891378184206
2023-07-06,-0.0049779996387905,-0.0040358353219962,-0.0075776852383994,-0.0040337371209844,-0.0075804890402403,-0.0100516370153848,-0.0049166263635569,-0.00870734557248451
2023-07-07,0.0013677253036252,-0.0013167883197103,-0.0010255299960898,-0.0013167183485593,-0.0010286349491972,0.0026390415190553,0.0013507787663227,0.001439707260237858
2023-07-10,0.001123390779546,0.0006425869272281,0.0014433856326863,0.0006428792587518,0.0026292076456475,0.0041857572711949,0.0012118712132689,0.002720991823920593
2023-07-11,0.0005164883806518,0.0011068362718229,0.0036875077076665,0.0011068359484676,0.0034560209869087,0.0061342833462214,0.0006994090731733,0.005020066769867507
2023-07-12,0.0056570930369759,-0.0010650331498256,0.0032937016172081,-0.0010650328390268,0.0058518782460377,0.0154416826413315,0.0053951527114255,0.00911837301192051
2023-07-13,0.0026944421150456,-7.489735823174026e-05,0.0022777765549608,-7.489733635190898e-05,0.0041156673900697,0.0108356405545833,0.0026867144734445,0.0075613312398257835
2023-07-14,0.0003932241826356,0.0008000889820563,-0.0023832857283522,0.0008000887483072,-0.0026390327641873,-0.0037579912249335,-0.0005679323326943,-0.004192495978995249
2023-07-17,0.0022368082780748,0.0013116495200444,0.0019259455592341,0.0016684667755724,0.0022757111310873,0.0025332619191726,0.002420144693664,0.00027713325252043776
2023-07-18,0.0015333381272217,-0.0014956501493936,0.001399765511624,-0.0016502978637035,0.002537474912942,0.0060895041114299,0.0020229506179585,0.004264578607247702
2023-07-19,-0.002208021662485,-0.0006896247047086,3.579471724712846e-05,-0.0013889524061165,-0.0001729563662924,0.0008456938864687,-0.0005591937924614,0.003347874505460739
2023-07-20,-0.0031295232915552,-0.0001078144983346,-0.0046930926620136,-0.0011974407546035,-0.0044199296763077,-0.0085635822007038,-0.00343600936924,-0.0052823405426111435
2023-07-21,-0.0020127077242239,-3.750943756486436e-05,-0.0011540369999597,-0.0006609283689277,-0.0003555385118979,-0.0008858076238574,-0.0010314389046279,0.0013060104211966388
2023-07-24,-0.0023076006763379,0.0027405387866419,-0.0014835497445274,0.0014279537178618,-0.0024267240714415,-7.448627243800132e-05,-0.001391368260326,0.0015474639632070194
2023-07-25,0.0022077679109782,0.0002857170074326,0.0005863307695828,-7.516397637663541e-05,0.0012366594420061,0.0030827486251479,0.0021916758431326,0.001059087378655889
2023-07-26,0.0026920587860141,-0.000231205114453,0.0010552336255758,0.0001597782746565,0.0013232397724551,0.0040653145513538,0.0021716816102319,0.002256933675696015
2023-07-27,-0.0044370684522366,0.0004316764039136,-0.0015231334179253,-0.0001874804309507,-0.0013163804062449,-0.0108430699620033,-0.002821341825128,-0.0083638675320137
2023-07-28,0.0053487584492644,0.0042401383546641,0.0010571003856767,0.003681803362501,0.0023354769950809,0.0103908313537444,0.0052379548391128,0.006479893053918664
2023-07-31,4.5546203026880505e-06,0.0007477408777427,0.0010130010366524,0.00020281654478,0.0011640254302236,0.0032608536699887,0.0010506242805661,0.003421475410979066
2023-08-01,-0.0015063754299119,0.0013342001347005,0.0006061333730704,0.0013349270253935,-0.0008200943646994,-0.0078689915225742,-0.002041456878383,-0.006207074557552493
2023-08-02,-0.0044630973679263,-0.0048029899296651,-0.0023669439882392,-0.0048056031765375,-0.0049962095662374,-0.0140906658545928,-0.003888990671924,-0.008451207690027527
2023-08-03,0.0015129173198227,0.0028973639186395,0.0022674430323619,0.0028989479504124,0.0026779889933661,-0.0019710888649068,0.0014417571013136,-0.003834015804968255
2023-08-04,-0.0020851186904919,-0.0038079214344056,-0.0023997321064528,-0.0038099972637392,-0.0024367707027239,0.0006930321957461,-0.0030013561431603,0.003523199338305041
2023-08-07,0.0011084918324091,0.0046504259866828,0.0013708312418538,0.0046516904401328,0.002950172070987,0.0018561580598379,0.0012897832472658,-7.570884182745243e-05
2023-08-08,-0.0036636988759968,-0.002465813152593,-0.0021839105277445,-0.0024658100491234,-0.0012722009641965,-0.0039239525622322,-0.00372308461694,-0.00010617040733330613
2023-08-09,-0.0024763479234102,-0.0006026395431171,-0.0011339342703289,-0.0006026387827607,-0.0025137938486798,-0.0025115796182425,-0.0031544134450993,-0.00027835190632436336
2023-08-10,0.0029027372352958,0.0019793073662917,0.0027302248213283,0.0019793048674741,0.0026769763748144,-4.896967228984472e-05,0.003676199800477,-0.003173914692512824
2023-08-11,-0.0005331587433027,-0.0004417972904957,0.0009522157237946,-0.0004417967338413,0.0011385438646567,-0.0022806560126548,-0.000622754694168,-0.002315907318837051
2023-08-14,0.0007470000208071,0.0006592556545015,0.0019501848403968,0.0006592574167616,0.0017241411943942,0.000517250200837,0.001596454532607,-0.0008022924185741954
2023-08-15,-9.181471188179911e-05,-0.0045287118800558,-0.0026036597313521,-0.0045287118720802,-0.0012004395928908,-0.006437606197804,-0.0014375188774157,-0.006016532285936499
2023-08-16,0.0003699671881927,-0.0023944542018233,-0.0015382079952847,-0.0023944541975873,-0.0002070296673275,-0.005255900712674,-0.0008436778477208,-0.0052569845192659715
2023-08-17,-0.000440954543129,-0.0022452544673307,-0.0010992001096673,-0.0022452544633491,0.0001101911931731,-0.0030120836576824,-0.0015014479293447,-0.0025252510190584597
2023-08-18,-0.0022512553612633,6.115382023907934e-05,0.0006628901585952,6.115382013049953e-05,9.231786593066892e-05,-0.0002917165436933,-0.00168337517051,0.0019959039336702343
2023-08-21,0.0043963649648093,0.0009581616374565,0.0047221743915566,0.0009581616350906,0.0055936831902836,0.0039459762895097,0.0053768085362593,-0.0008901597460520736
2023-08-22,-0.000700870020471,-0.0009797098477217,-0.0006431769080833,-0.0009797098477239,-0.0004892788792263,4.859595644379766e-05,-0.0009089019112779,0.0011022757004014684
2023-08-23,-0.0014102881449742,-0.0038907162482593,-0.0011222353292231,-0.0038907162482684,-0.002730976884682,0.0088855319333358,0.0019911502598537,0.010491745313766515
2023-08-24,-0.0011894171972802,-0.0007950124278439,-0.0011310525590907,-0.000795012427846,0.0005213970634829,-0.0061881769617214,-0.0029474185653477,-0.004309630211347424
2023-08-25,0.0011932063933224,0.0021757372493649,0.0025178869910145,0.00217573724937,0.0003841860897799,0.0045308286853973,0.0009410755886487,0.0031053370047559132
2023-08-28,0.0002862259214764,0.0011458804313146,-0.000220941560054,0.0006884265960924,-0.0011342488073491,0.0040806519714173,0.0021146068480306,0.0034927344829323425
2023-08-29,0.001454033064953,0.004000866546123,0.0041679021703062,0.0024305956657633,0.0041717130680707,0.0098705493757071,0.0028561471645083,0.008192314384651013
2023-08-30,-0.0003690801944509,0.0006520443359145,-7.2965766524824e-05,0.0006920874409153,-7.303220519749853e-05,0.0003987670139082,0.0001063895597988,0.0002412164005249815
2023-08-31,-0.0019555200396805,-0.0008562305266396,0.0002409921210475,-0.0002581356161004,0.0002412115714396,-0.0017560713624305,-0.0020945814554019,0.0005100194411810306
2023-09-01,0.000807134491187,0.0054046372384499,0.0028795449851111,0.0053927683187557,0.0028821665018801,0.0020029482483396,0.0022495624290002,0.0003951875707277218
2023-09-05,-0.0027087620032382,-0.0008677274459423,-0.0020619157529189,-0.0005172960681373,-0.0020617262096509,-0.0065530401898593,-0.0020137246662595,-0.005638091425353888
2023-09-06,-0.0024668373550061,-0.0013544251188473,-0.0026266805925656,-0.0013539502401337,-0.0026266800936675,-0.0034431893212485,-0.0029129471068097,-0.002271911206375245
2023-09-07,-0.0021938348856985,-0.0027009787641699,-0.0018626219153771,-0.0027000304826562,-0.0018626215606687,-0.0021224574229122,-0.0024013497683111,-8.090977672228425e-06
2023-09-08,0.0001599895406438,-0.0002422822104082,0.0005211859991915,-0.0002421969177133,0.0005211858997544,0.0003555779031265,-0.0003166442581634,0.00037599233801330394
2023-09-11,0.0025334458036914,0.0039881782507986,0.0031459946525205,0.0039869240467884,0.0037065896448398,0.0035455341322581,0.0029714944412544,0.0013659367029090772
2023-09-12,-0.0016484946265012,0.0003848412995497,-0.0016474880098259,0.0003848417803025,-0.0015329394560881,-0.0014584402909485,-0.0033134518009459,-0.000244654484646685
2023-09-13,0.0003277462216422,0.0022725641357834,0.0003275457604245,0.0022725669736318,0.0011239451677125,-0.0003002477669766,-0.0003279584163787,-0.0003450830376642755
2023-09-14,0.0041068011889238,0.0008992975140791,0.0041042901460925,0.0008992986345242,0.0024265720714082,0.0057313438918806,0.0017488675172949,0.0036764490075473404
2023-09-15,-0.0014398407374477,-0.0014718776715066,-0.0014389639666515,-0.0014718795036883,-0.000165174842278,-0.0028748467885993,-0.0008092332128325,-0.002603360006031157
2023-09-18,0.000805986328459,-0.0001683496594118,-0.0017529062346715,-0.0001683493196097,-0.0012945276090807,0.0007175311829925,0.0001230156678611,0.00039694055398686645
2023-09-19,-0.000320489269629,0.0014296031393805,-0.0001826428340101,0.0014296031388947,-0.0003249182678215,-0.0018088009859649,0.0002131366504545,-0.002390364761003342
2023-09-20,-0.0025590601932994,-0.0021308465161553,-0.0036864559224257,-0.002130846515432,-0.0035817120709724,-0.0039891575296461,-0.0011178133477613,-0.00209339749005681
2023-09-21,-0.0024466993497654,0.0054246991051427,-0.004102270303282,0.0054246991032977,-0.0052858970420405,-0.0094789247551121,-0.0005821506027524,-0.01017526576898656
2023-09-22,0.0013107087706663,-0.0014792839736588,-0.0008833838459851,-0.0014792839731584,-0.0003716143943037,0.002499534955112,0.0001181303609143,0.002877721325851682
2023-09-25,0.0003768494627789,0.0009617556554142,0.0026202452852477,0.0009617556545413,0.0020235805300283,-0.002404848953629,0.0029394647972338,-0.00443626407578264
2023-09-26,-0.0046950186733152,0.0046408046177783,-0.0044850352024663,0.0046408046165351,-0.0023653715041093,-0.0080528623427167,-0.0038551765250722,-0.005556219252509811
2023-09-27,0.0008159916387,0.0009994993034752,0.0036930450536944,0.0009994993028312,0.0044303545413819,0.00030558676763,-0.0004156689628119,-0.001158010431843335
2023-09-28,0.0008635585959255,-0.004141556133471,0.0018773276835468,-0.0041415561325647,0.0007141217927819,0.0020737935163939,0.0011260447842553,0.001970888231105947
2023-09-29,-0.003903780822165,-0.0022858660424266,-0.0016482628902719,-0.0022858660424169,-0.0019595216277946,-0.0051783783667772,-0.0012135542063158,-0.002689644680607982
2023-10-02,-0.0048978914800152,0.0031437298077376,0.0016681053991196,0.0027159104797007,0.000978218493864,-0.0094325519909123,-0.0038569914919741,-0.007808036615238846
2023-10-03,-0.0034916577883897,0.0091760121530473,0.0019357896147165,0.0074831727157693,0.0002681791519134,-0.0091313411111375,-0.0035054670096064,-0.009263206992799209
2023-10-04,-0.0042186687471016,-0.0085931374013699,-0.005497270353334,-0.007823500300917,-0.0052829128978617,-0.0036772722775315,-0.0042596477756005,0.0011992311200392518
2023-10-05,-0.0010146410750915,-0.0021635094982882,-0.0023524489004778,-0.0020294979794516,-0.0011681105533419,-0.0013844626812464,-0.0010317417012165,-0.0006723348550532509
2023-10-06,0.0064318710755499,-0.0036089410376707,0.0010779810551322,-0.0033937879167489,0.0025694042220196,0.0074992121991341,0.0065595267143094,0.002426956614630689
2023-10-09,0.0036738681786352,-0.0047659010838728,-0.0017995411939741,-0.0047091146060209,-0.0058949799343612,0.0098924863795528,0.0049802063271733,0.01016268616422412
2023-10-10,0.0025865035922683,-0.0034804521869172,-0.0003272971553086,-0.0034802536091709,-0.0017549350688177,0.0033127288416754,0.0024441513026594,0.001427984628367997
2023-10-11,0.0001176425107083,-0.00613341950132,-0.0041782481030734,-0.0061330683359621,-0.0039341697752418,0.0030293519223696,-0.0008409125303415,0.004557280809551907
2023-10-12,-0.00150788873995,0.0091183382666413,0.0040229362189427,0.0091178129798801,0.007852663846507,-0.0063000052007938,-0.0028737184795191,-0.0072397293960072915
2023-10-13,0.0008075712868322,-0.0001729539618172,-0.0071087603802908,-0.0001729440883566,-0.0059571587036311,0.0053736526782988,0.0049143422105983,0.006702263098627887
2023-10-16,0.0031649450673565,-0.0021830424316769,0.0018587846889206,-0.0021830641947083,0.0009237891200675,0.0026034260981966,0.0023246107699819,-0.001081198748698511
2023-10-17,0.0011795261365077,0.0018638303800266,0.0015338604979862,0.0018638304206781,0.0006933944288334,4.637463591627977e-05,0.001818157933823,-0.00237905860307684
2023-10-18,-0.006152977476954,0.0087635545087414,0.0051002345033754,0.0087635546995248,0.0042389599888088,-0.0084333193690524,-0.0015747073560365,-0.005012744448334787
2023-10-19,-0.0023201256057179,0.0065051896802328,0.0042089411961261,0.0065051898206209,0.0036422589147246,-0.0045636563764343,0.0024183146288194,-0.004674759959411023
2023-10-20,-0.0036998888090397,0.0013430011977242,-0.0020664482129697,0.0013430012265203,-0.0017276579658995,-0.0048726857868695,-0.0039273099444422,-0.0012106907281060903
2023-10-23,-0.00171723587187,-0.0027734400881439,-0.0022646882508015,-0.0027734400279687,-0.0026929884409218,-0.002061650913993,-0.0017905844440192,-0.0003776202339606394
2023-10-24,-0.0008618652745157,-0.006239705505283,-0.0040290302486011,-0.0062397055049063,-0.0040307605426845,0.002344978642268,-0.0005753664943689,0.004271971040639026
2023-10-25,-5.639207608931773e-05,0.0108934806504215,0.0054086973564355,0.01089348064976,0.0054110295583664,-0.0055269847915973,-0.0011151534762458,-0.006960553013262345
2023-10-26,-0.005901846819863,-0.0015893399886024,-0.0056356912335476,-0.0015893399885071,-0.0056381082355783,-0.0048563591059601,-0.005678616390254,0.0012191059434878944
2023-10-27,0.0040426951937986,0.0039759327865687,0.0022090256530937,0.0039759327863295,0.0022099784187885,0.0036602012765205,0.0033126444148039,0.0006035601100548502
2023-10-30,0.0015092409239119,-0.0061348454745169,-0.0035657072653921,-0.0061348454742337,-0.0028575528567289,0.0012922516651545,0.0004473427664033,-0.0005253070279415128
2023-10-31,-0.0011112035644581,-0.0019039999346095,-0.0013520273406431,-0.0019039999346089,-0.000434994777266,-0.0004157326568482,-0.0016607131679388,0.00043246886475044213
2023-11-01,0.0020184404377361,-0.0080859361917723,-0.0061527607913267,-0.00808593619177,-0.0045937347213429,0.0069844426462262,0.0027572269443825,0.007966370970471188
2023-11-02,0.0014418435533742,-0.0108253688484833,-0.0087906297044638,-0.0108253688484802,-0.0059571534497416,0.0106429397012672,0.0020204463155895,0.011202682576594973
2023-11-03,0.0005350048164283,-0.0114040587336798,-0.0099743007637481,-0.0114040587336765,-0.0085411536510793,0.0061900112538646,0.0010641577795822,0.006634598504983465
2023-11-06,-0.0007716388037694,0.0018095465122303,0.0021389163104608,0.0022940198469205,0.0018067161842736,-0.0024541106923919,0.0010586496977864,-0.003346977257825634
2023-11-07,-0.0007677963625886,-0.0051939510614859,-0.0021657233884662,-0.0039836515738429,-0.0024844896675623,-0.002089510839184,-0.0004190044193557,-0.0005182725122057426
2023-11-08,-0.0003905110137707,-0.0033472215262484,-0.0024626839440904,-0.0030636751079652,-0.0032791018541704,-0.0014028104631201,-0.0015235209529252,-0.00022451135511276533
2023-11-09,-0.0025948583473189,0.0062000799637549,0.0017605187356106,0.00603070991642,0.0005901811221036,-0.0058691782924977,0.0014990852354561,-0.006194123096577876
2023-11-10,0.0027330649720582,-0.005023916835102,0.0038430716203028,-0.0038057496970039,0.0047057608525262,0.0052546234785963,0.0015268619353387,0.004088065196409164
2023-11-13,-0.001067884675695,-0.0014411592413507,0.0005339373749557,-0.0008451858522385,-0.0001761399767422,0.0004740329595178,0.0004204158729472,0.0007791967459358084
2023-11-14,0.0007763456559393,-0.0141006985503417,-0.0099014755231365,-0.0140922878005913,-0.0134751905986397,0.0127889506937315,0.0012568770471759,0.014901999382056693
2023-11-15,0.0014209794491053,0.0015245589175105,0.0010954077052025,0.0015236365541733,-9.255305763022914e-05,-0.0002197243888606,0.0014868022226492,-0.002122796201446859
2023-11-16,0.0015060594124816,0.0036901471865784,-0.0060893498194086,0.0036879180313857,-0.004743816720869,0.0002055599669332,0.0016806394193897,0.0005937758440963462
2023-11-17,0.0005080143670372,-0.0051382246421481,-6.328280362266625e-05,-0.0051351321328986,-0.0002508131329667,0.0035313088740909,0.0004709734024874,0.0032362644645082886
2023-11-20,0.000598462899789,0.0014688771617161,0.0054797869849843,0.0001659111082432,0.0023641880846048,0.0038318747633157,0.0007781157349269,0.003459876242598444
2023-11-21,0.0008463836786611,0.0006040233615711,-0.0005817133342305,0.0008467497227067,-0.0018275647805356,0.0007947222858744,0.0011493812199168,0.0005107573591073148
2023-11-22,0.001140696421267,0.0014256303883222,0.0002928575210603,0.0011411893323267,-3.950248590878225e-05,0.0011908466033736,0.000261567166941,0.0008077300173029107
2023-11-24,0.0024433767815239,0.0016936823840898,-0.0013905271840244,0.0024444313956801,-0.0016394960259883,0.0016416622742625,0.0016791712674448,-0.0010904770660607654
2023-11-27,0.0001023435626044,0.0009673491556534,-0.0022732150125773,0.0003732904240929,-0.0037820693327118,0.0014324026684953,-0.0003327404464992,0.002625340290029504
2023-11-28,0.00196753381329,0.0009246041734531,0.0035881587121917,0.0009251532376752,0.0035935932748585,0.0047191619238227,0.0021084535359572,0.0041506799819907205
2023-11-29,-0.0004829456057913,-0.001531489641017,0.0015905208990285,-0.0015323982557118,0.0015929212483902,0.0023613199199636,-0.0005487670088345,0.004297564133711715
2023-11-30,0.0010909760235635,0.0030529864545429,-0.0002564265402181,0.0030548005352,-0.000256812913247,-0.0008234885720831,0.0007828669339031,-0.0019985218041168856
2023-12-01,0.0006948063856302,0.0014140219380185,0.004744990405922,0.0014148595891934,0.0047521418000762,0.0063357487920212,0.0036247919292338,0.008284606168610658
2023-12-04,-0.0042590380330601,-0.0043365489317016,-0.005023284181129,-0.00433831558722,-0.0050309155214924,-0.0072823319821144,-0.0048169745249645,-0.004967406987473017
2023-12-05,-0.001429371037995,0.0007388597666302,-0.0037663567209544,0.0007388610776282,-0.003766385608636,-0.0011827902182656,-0.0022109931767325,0.0010149518475840095
2023-12-06,0.0014935445815356,0.0022955834239195,-0.0041030915691905,0.0022955874940879,-0.0041031231585815,-0.0002726195594452,-0.0009088130892702,-0.0008310767146798109
2023-12-07,0.0021751579512605,0.0013286318006964,0.0029836932313109,0.0013286341510228,0.002983716297181,0.0029270067139586,0.0024967094298617,0.0010150756570567192
2023-12-08,-0.0014616699387891,-0.0035872305495514,0.0001249757784753,-0.003587236886879,0.0001249767417443,-0.0024094903556363,-0.0002385459970346,-0.0024120299684462724
2023-12-11,0.0011182654371053,0.0004504713420387,-0.0001701921687728,0.0010407366089839,-0.0001702005174203,0.0007755051893689,0.0006029337190307,-1.7009528322099515e-05
2023-12-12,0.000677955795665,0.0038038527334329,-0.0008933761447533,0.0036517923396244,-0.000893376152213,0.0002163732797584,0.0007507747447834,-0.00016208833796502834
2023-12-13,0.0094624507209788,0.0088417555576929,0.0058068047733454,0.0137405822824472,0.005806804821876,0.0160788958358562,0.0064849551580941,0.015235661685599828
2023-12-14,0.0036600529740828,0.0027229850270147,0.0022341778495105,0.0061791618043043,0.002234177868075,0.0085135998521472,0.0012504562174648,0.00925175075746469
2023-12-15,-0.0030561437925648,-0.0009265770932954,-0.0008308316281386,-0.0029551873571148,-0.0008308316350268,-0.0036850157873341,-0.0019496195820394,-0.0021228907438566326
2023-12-18,0.0022914320022684,-0.0008861000329875,0.0029834531580557,-0.0007937885500175,0.0023616866183819,0.0020875505574877,0.0016613747467506,0.00019846976506563059
2023-12-19,0.0021594348888727,0.0042881647093768,0.0020618743891815,0.0042877685480651,0.0029432591653872,0.0045869619755658,0.0033609103279297,0.0046576038413097464
2023-12-20,-0.0039956151616342,-0.0042963533358577,-0.0018736107853531,-0.0042959581126666,-0.003218660730935,-0.0055713459249101,-0.0049231623580441,-0.0031823971315335367
2023-12-21,0.0047503437683922,0.0065077013547427,0.0022370448168547,0.0065071001259455,0.0024155545166018,0.0062598785785688,0.0059091137940054,0.003840752719900615
2023-12-22,0.0011431382457038,0.0002088668029545,0.0015753332613877,0.0002088476310728,0.0014596715159738,0.0004529736082214,0.0002589397128955,-0.0004807742536447411
2023-12-26,0.0012876312379908,0.0026722588299172,0.0029589208937697,0.0026721834625036,0.0028161088165885,0.0034169446326071,0.0027132201739046,0.0038867755248536006
2023-12-27,0.0020907754355383,0.0059985228615495,0.0016767415141658,0.0059985233124379,0.0016769803006555,0.0031238461575437,0.0001816781712324,0.0038048464297864345
2023-12-28,-0.0007419763938977,-0.0008023006544907,-0.0018535306580198,-0.0008023007144374,-0.001853794179314,-0.0018820461105181,-0.0005966063145661,-0.0025997182063230524
2023-12-29,-0.0022902156668115,-0.0029461424937191,-0.0028764970775233,-0.0029461427140268,-0.0028769067961588,-0.0033824420955805,-0.0009954486487092,-0.00375784385276801
2024-01-02,-0.0017986969342969,-0.0051094202960769,-0.0044929961994362,-0.0051094206790468,-0.0044936380134505,-0.0038760968050522,-0.0008679693378109,-0.003904146453636381
2024-01-03,-0.0075224151577438,-0.0079469836932195,-0.0042587882019788,-0.0079469842922966,-0.0042593993058138,-0.0062687177191672,-0.0075563609108042,-0.0031843825775046946
2024-01-04,-0.002301272852121,-0.0023085734355934,-0.0019829451341456,-0.0023085736110176,-0.0019832308888898,-0.0032085225796202,-0.0023051043088591,-0.003719450652367248
2024-01-05,-0.0016456889473999,-0.0016951176479654,0.0011875849009554,-0.0016951177770724,0.0011877563794175,-0.0007496661477132,-0.0016431925412269,-0.0003352796595114918
2024-01-08,0.0067881752842777,0.0081004460891238,0.0027914490173095,0.0081004462018001,0.0027909360888438,0.0062344497286821,0.0078290019155962,0.0035109320796580237
2024-01-09,-0.0011681036459888,-0.0037084316105688,-0.0007871189383119,-0.0037084316101542,-0.000787119340924,-0.0014915291423215,-0.0030845123085502,-0.0008754588446383451
2024-01-10,0.0012793859510433,0.0015354037376256,0.0003042071291146,0.001535403737453,0.0003042072848393,0.0006321419558923,0.0012518736716635,-0.0006409111494385173
2024-01-11,0.0012154135192654,0.0004172317478321,0.0016223433418081,0.0004172317477855,0.0016223441720393,0.0019689818395955,0.0003637007140691,0.002250036386433101
2024-01-12,0.0016432230435301,0.0021393001273599,0.0034512302304723,0.0021393001271201,0.0034512319937725,0.0028910860157858,0.0025007911452545,0.0031148386501621147
2024-01-16,-0.0031212922226632,-0.0084831241134092,-0.0035950254157006,-0.0084831241127342,-0.0035950270990886,-0.007017648153999,-0.006480604801908,-0.007480006756587307
2024-01-17,-0.002770316444681,-0.0062081134171444,-0.002164715728116,-0.0062081134171403,-0.0021647157317732,-0.0056093191038609,-0.0060586028498041,-0.005062547558932081
2024-01-18,0.0013246477835813,0.0020350965300923,0.0022976484428192,0.0020350965300908,0.0022976484467094,0.0035363219573965,0.0022228091007432,0.0026773954708848484
2024-01-19,0.0030836114046621,0.0046033094671953,0.0028808216737223,0.0046033094671922,0.0028808216785889,0.0046233172542744,0.0042389579503927,0.0029859922439080706
2024-01-22,0.0028033893842875,-0.0002626522078297,0.0025022670901611,-0.0002626522078303,0.0025823029031095,0.002887478354703,0.0003239428801384,0.0018797269612507638
2024-01-23,-0.0008974066270677,-0.0015226975069239,-0.0011502887790562,-0.0015226975069239,-0.0006769403476646,-0.0001355034683341,0.0001857624248788,0.00013289070328365276
2024-01-24,-0.0023137716548664,-0.0016460461949487,-0.0014813775281992,-0.0016460461949486,-0.0009167752772704,-0.001432525022266,-0.0013358542228288,-0.0005255235248914289
2024-01-25,0.0011217861688122,0.0021843110099524,0.0027130146191416,0.0021843110099524,0.0018973891689595,0.0051801079755675,0.0034877159501878,0.005817073016244927
2024-01-26,-0.0009164627324144,-0.0011817106635239,-0.0005435805221619,-0.001181710663524,-0.0002054760564746,-0.0009641547405768,-0.0017013588657152,-0.0006237770000824976
2024-01-29,0.0026020385992724,0.0051989330416981,0.0031365594136669,0.0051989330416977,0.0025286994568451,0.0055657622112859,0.0066281497897326,0.004842407644368021
2024-01-30,-0.0012754719164842,-0.0015594455704112,-0.0010362116817559,-0.001559445570411,-0.0010368399646056,-0.001276966345614,-0.0019038970890503,-7.813003167012793e-05
2024-01-31,-0.0048403395757145,-0.0017936220685602,-0.0032516517559815,-0.0017936220685603,-0.0032536253657035,-0.0070882402443648,-0.0021863666141886,-0.0030806998873396906
2024-02-01,0.0026596685622928,0.009486618853074,0.0037860673536829,0.0094866188530737,0.0037883728313485,0.0068965155824862,0.0035078850234253,0.006078638112734797
2024-02-02,0.0028107958739358,-0.002853714594745,0.0003705669197153,-0.0028537145947449,0.0003707917201105,-0.0018794687522983,0.0016765809253289,-0.00608424537636087
2024-02-05,-0.0002759371028918,-0.0064323646111221,-0.0036611825853397,-0.006432364611122,-0.002941286204295,-0.0040912926446383,-0.0008784913507435,-0.005641752083138821
2024-02-06,-0.0011986830099867,0.0050043122817904,0.0014711322497327,0.0050043122817902,-4.75574992326866e-05,0.003462249574025,-0.0002981972422981,0.005279381763945527
2024-02-07,0.0017530020690801,0.0006787328516766,0.0003521251339064,0.0006787328516768,0.000898884555941,0.0018330915105793,0.0013861193970754,-0.00011677832318481121
2024-02-08,0.0006426570609445,-0.0024852595922261,-0.0015096247142946,-0.0024852595922262,-0.0021235579487622,0.001599163352294,2.8074920181531127e-05,0.0010650191099712417
2024-02-09,0.0015233549600588,0.0018630900088281,0.0010651287845824,0.0018630900088281,-1.4839229543039956e-05,0.0028213497998086,0.0011920815033723,0.0014462768236377789
2024-02-12,0.0007262627793283,0.0010516739533603,0.0002018146436333,0.0001804761815165,-0.0001085116063814,0.0012242381668186,-0.0003190468827943,0.00116999299007907
2024-02-13,-0.0056575025239268,-0.011397234246926,-0.0098448353712202,-0.0098450454069602,-0.0079841119328877,-0.0119378086424604,-0.0030817359119202,-0.010979648679607046
2024-02-14,0.0042547709665339,0.0062619604634661,0.0062424175371154,0.0062425520408653,0.0056808331071049,0.006311160143531,0.0021151510340566,0.004471919889229961
2024-02-15,0.0034294285996301,0.0066058932803634,0.0037846578149391,0.0037847388560749,0.0032321491623894,0.0068676614426808,0.0014200119709231,0.006079582383452945
2024-02-16,0.0006502830192929,-0.0016714458667659,-0.0036525287987022,-0.003652606715655,-0.0030518425983752,-0.0004763600728651,-0.0022860259181354,-0.0015743292613136658
2024-02-20,-0.0010851983213034,-0.0004666284445088,-7.795620506334533e-05,-7.794548760742259e-05,-0.0001503051017381,-0.0015001388719202,0.0001066428126059,-0.0011009882265864026
2024-02-21,-0.0009478089159258,-0.0007915368780319,-0.0011474770208149,-0.00114750410082,-0.000401579266091,-0.0009678106120747,-0.0008453223406467,-0.0010459727466871082
2024-02-22,0.0055800172875948,0.0067494398932237,0.0062554172641882,0.0062555536368802,0.0057739697719332,0.0072638114577248,0.0047033696643266,0.004673773517403916
2024-02-23,0.0010363267624224,0.0017559454240723,0.002433573564792,0.0024336317959621,0.0009618710002159,0.0010669323206127,0.0004619813747981,0.001349192840407687
2024-02-26,-0.002578968445027,-0.0027295426328098,-0.0031151132339685,-0.0040746370590304,-0.00424371839678,-0.0025817962834439,0.0003021161692338,-0.0020066162779410644
2024-02-27,0.0010496974241911,-0.0002991500851028,0.0004799820637093,-0.0002949794373954,-0.0002959930076591,0.0014072658906441,0.0008699677057018,0.0009137040604946241
2024-02-28,-0.0012441446343186,-0.0003564259266273,-0.0005079711369579,-0.0003582546461382,-0.0003574890710156,-0.0013551663966394,-0.0003575124105551,-0.00026086426402224957
2024-02-29,0.0025293053968886,0.0028562602251063,0.0026520345493903,0.0028597089311308,0.0028617958605001,0.0032614176650596,0.0011818245288901,0.003048409604882473
2024-03-01,0.0076054964291816,0.0055077484968397,0.0066915525338961,0.0055140556059709,0.0055171364614898,0.0094987761359619,0.006338739566956,0.007799716121786776
2024-03-04,0.001250151563414,-0.0018398591022322,-0.0015227467098489,-0.0018804467894846,-0.0018811869899585,0.0014702920291858,0.0012754873138109,0.0010918419943260135
2024-03-05,-0.0029297536016745,-0.0007037979633812,-0.0006960454393003,-0.000694938074082,-0.0006929473105132,-0.003084413052131,-0.0028741762186775,-0.0009349231042760744
2024-03-06,0.004334650455692,0.0034477517740296,0.003436803455955,0.0034418603429351,0.0034440389851089,0.0059573144770741,0.0043947764127278,0.004922502405070148
2024-03-07,0.0040239003905269,0.0034186841655299,0.0034164517456507,0.0034272505479373,0.0034282047752489,0.0046982807156366,0.0039634662107306,0.0029313744365649075
2024-03-08,-0.0004835908935154,-0.0005675042350388,-0.0005702023897077,-0.0005670196139652,-0.0005672603719434,-0.000876156623374,-0.0004913996773907,-0.00038133401842543933
2024-03-11,-0.001320683027329,-0.0002107356791212,-0.0023817676605296,-0.0017550129591171,-0.0023830283889688,-0.0006913882019965,-0.0011894813830801,-7.925412292335887e-05
2024-03-12,0.0015829921615808,0.000129415398814,0.0009515168368972,0.0006787821038685,0.0009515180393668,0.0009866171602133,0.0016216640660686,-0.0007152881789056048
2024-03-13,0.0004641300589434,0.0022405938315801,-0.0017456409938731,-3.074705953831636e-05,-0.0017456431978123,0.0015591405411194,0.0005733686621511,0.0014161334313583262
2024-03-14,-0.0031132521082846,-0.0042574370601674,-0.0059244381357324,-0.0047417717013177,-0.0059244456286443,-0.0042481408032155,-0.0030168311048082,-0.004548996403346909
2024-03-15,-0.0015722651836096,-0.0010224580282305,-0.0016024625159829,-0.0015777271052783,-0.0016024645547703,-0.0014960498346231,-0.0016482246866681,-0.0006648449865747014
2024-03-18,0.0013876362795746,0.0029453689939034,-0.0010063945746213,0.0010350926967099,-0.0010063929140635,0.0020298083975609,0.0011191749956613,0.0013257721775887872
2024-03-19,0.0008124831819575,0.0002607134144436,0.0013238034923188,0.0012956633913872,0.0013238034901184,0.0014428290248416,0.0014599498019685,0.001960833355065871
2024-03-20,0.0050964343082775,0.004128599831773,0.0068902325763524,0.0054775654487275,0.0068902325649145,0.0061615400630086,0.0057594151202395,0.004430629234708372
2024-03-21,0.0003388091129647,-0.0006685503820875,0.001242348878345,0.0003985917150099,0.0012423488762969,0.000547543911348,0.0007218212255659,0.0011177684494394274
2024-03-22,-0.0037157325543709,-0.0029859929276959,-0.0005958283589891,-0.0029345096551315,-0.000595828358008,-0.0031962888080155,-0.0016446698333605,-0.0005131234231446836
2024-03-25,0.0005979437141878,0.0017279899350917,-0.0025403305759226,0.0016551636348591,-0.0025403305739966,0.0001280499578786,-0.001023572424459,-0.0009850089530631142
2024-03-26,-0.0018224371825193,-0.0013412116253264,0.0002946174264355,-0.0013413091394053,0.0002946174264351,-0.0017754139725826,-0.0005316121971831,-0.000811576125626401
2024-03-27,0.0048039050721302,0.0010306895087075,0.0064939579371117,0.0010307645466269,0.0064939579370988,0.0066518432715449,0.0054442101311786,0.006164149116940068
2024-03-28,0.0034348720178118,0.0028812055298583,0.0003114279948439,0.0028814150760354,0.0003114279948432,0.0038931761481817,0.0013716108122905,0.0024448353434780436
2024-04-01,0.0014415984166367,0.0048367694867954,-0.0039059998750492,0.0048371655246748,-0.0039059998750429,-0.0005138928720542,9.192298001159394e-05,-0.003131984788276234
2024-04-02,0.0009922776639696,0.0025451610341686,-0.0023545079234905,0.0025453072040697,-0.002354507923485,0.0006335533197312,0.0009772001721048,-0.00018594620492508524
2024-04-03,0.0039344339608939,0.0036926058544963,0.0017189378992596,0.0036927858167019,0.0017189378992588,0.0046463930193887,0.0039018241951389,0.0030334516867236844
2024-04-04,-0.0041606335870961,-0.0036575468178833,-0.0042388127980438,-0.0036577249516636,-0.004238812798038,-0.0040526114635506,-0.0041641193872793,-0.0018216391395248202
2024-04-05,0.0057853419767244,0.0059611974419435,0.0022911363607434,0.0059615087543578,0.002291136360742,0.005172396353011,0.0057777298996561,0.001602686830507142
2024-04-08,0.002717392862541,0.0015616281878032,0.0018891300469696,0.0015617517982753,0.0018891300469678,0.0029809920447139,0.0027059308764609,0.0017956687214845256
2024-04-09,0.0014213656560755,-0.0007523283948761,0.0032528274725156,-0.0007523283020255,0.0032528274725156,0.0027321704808216,0.0013748940363349,0.0034378239067971595
2024-04-10,-0.0056715588547533,0.0010773375527917,-0.0106041689064418,0.001077337419729,-0.0106041689064418,-0.0095127122293597,-0.0055220442470185,-0.009980775368382867
2024-04-11,0.0046798355032513,0.0047576577554084,0.0038923620754149,0.0047576571684195,0.0038923620754149,0.0050172075690644,0.0047194843150033,0.003045958805597554
2024-04-12,-0.007382435738915,-0.0066590287255472,-0.00606966976407,-0.0066590279078614,-0.00606966976407,-0.0078680275039773,-0.0072242809928703,-0.003611582420652826
2024-04-15,-0.0008441190043483,0.0035835157039725,-0.0037863877086075,0.0023827223700338,-0.0037863877086077,-0.0027128083869131,-0.0007903060909154,-0.004134441809091343
2024-04-16,-0.0032123033150086,-0.0008443869241899,-0.004638195520913,-0.0013972755304652,-0.0046381955209129,-0.0046068067335437,-0.0033655786704435,-0.0042821540824506356
2024-04-17,-0.0059726294481727,-0.006449120584187,-0.0035818847682366,-0.0062498880877849,-0.0035818847682367,-0.00561504520239,-0.0056321778835441,-0.0017856778540098145
2024-04-18,0.0004446432516751,0.0005737360378264,-0.0008497924095869,0.00076000114932,-0.0008497924095871,-0.0002374609227058,0.0004707054178521,-0.0007981911727692941
2024-04-19,-0.000560032679495,-0.0015349666913346,0.0001904214476922,-0.0012195175614091,0.0001904214476922,-0.0002179872579708,-0.0004349050921466,0.0006224767744811517
2024-04-22,0.0005073108779176,-0.0008603015628787,-0.0016914324755901,-0.0001160832373342,-0.0006590733151549,0.0009119918621816,0.00038658415291,0.0002309741360507121
2024-04-23,0.004450679443118,0.0025441110006378,0.0035434696436458,0.0040887395898958,0.0048634589637133,0.0061237563961358,0.0048756481746081,0.004062260978426958
2024-04-24,-0.0002885293563912,0.0001022477832341,-0.0010211662623548,0.0004194843110965,-0.0014287018895162,-0.0011035648544852,-0.0001713557974298,-0.0016715229432515087
2024-04-25,0.0009488828422503,0.0019476346458462,-0.0028770416323964,0.0014392987736491,-0.0019519073638947,-7.584279623873424e-05,0.0003897879654695,-0.0016185357652294746
2024-04-26,0.0037023704411929,0.00142050914702,0.0049279905598154,0.0030489779979803,0.0048151636163495,0.0052786538596867,0.0035815916094272,0.004421892811971396
2024-04-29,0.0006949247898397,-0.0011545509867271,0.0031702513494706,-0.0006418746094272,0.0028544340069138,0.0021365498855154,0.0011058802702881,0.002681924964404748
2024-04-30,-0.0095447694954756,-0.0068235316923948,-0.0090810271283928,-0.0068200311819975,-0.009083886911187,-0.0122036000453895,-0.0095868927794381,-0.009403809581215785
2024-05-01,-0.0024469441270852,-0.0032074213834515,0.0016026865687583,-0.0032057646592082,0.0016031959111024,-0.0019427791406234,-0.0028339918222372,0.0006827221879760002
2024-05-02,0.0058159451469224,0.0032810399306302,0.006471551816465,0.0032793397298729,0.0064736052181622,0.0075588805759514,0.0035348958370564,0.005732650865028492
2024-05-03,0.0031626322188484,0.001216005976139,0.005098016745902,0.0012153779141219,0.0050996239252807,0.0049973258050584,0.0013327249606767,0.004923953667261039
2024-05-06,0.0055765868226538,0.0049867503280882,0.0044829422010332,0.0049851902456421,0.0043579567382872,0.0069813757412935,0.0051450187909398,0.005406796548710306
2024-05-07,-0.0004474496169618,-0.0014924586527553,0.0008493622550072,-0.0014924609695642,0.0010213885537075,0.0002374093438908,-0.0014554517863242,0.0010196443545301532
2024-05-08,-0.0006778502858386,0.0007344163368929,-0.0010535504531538,0.0007344174786636,-0.0017862799310206,-0.0015527219510692,0.0006033726204719,-0.001915248354714922
2024-05-09,0.005031179046254,0.0025849024827695,0.0052643813595611,0.002584906498475,0.0047977188827339,0.0066243624026787,0.0029216183209201,0.0053608348605312306
2024-05-10,-0.0002618576943137,0.0006090330424646,-0.0010436043730871,0.0006090339861721,0.0003592882823453,-0.0010585148966667,0.0005968610528888,-0.0013312793825942752
2024-05-13,0.0010111608297509,0.0005856082001749,0.0012041473632276,0.0005856091058877,-5.056625964727779e-05,0.0015407377221967,0.000738906665392,0.0009577917987146644
2024-05-14,0.0020250805896446,0.0007339794838026,0.0032847433390033,0.0007339806197603,0.0040138767236375,0.0031393879697927,0.0009800415865259,0.0032975371570317475
2024-05-15,0.0062900993004209,0.0032287785059732,0.0095410556572377,0.0032287834993898,0.0089810849783293,0.0093540935503626,0.0037139808116579,0.008544282117885247
2024-05-16,-0.0007073411088615,-0.0003033629641299,-0.0011979330099733,-0.0003033634317811,-0.0015974841762097,-0.0011251091404598,-0.0003385259575855,-0.0012743535165202005
2024-05-17,0.0059962964397202,0.0063932124331895,0.0044774399899858,0.0063932222916809,0.0026426317192713,0.0061772487321645,0.0065246218064209,0.0034939963141523457
2024-05-20,0.0015581331761711,0.0018661286736234,0.0009331725200405,0.0018752327647129,0.000640917220033,0.0014834643783014,0.0022943224655567,0.0006976149937005018
2024-05-21,-0.0012794260962298,-0.0008765754800242,-0.0001610335873509,-0.0012790211501093,-0.0001610806201262,-0.0008511492129927,-0.0013918578974561,0.000436323374060171
2024-05-22,-0.0060548198673638,-0.0062519230994972,-0.0061033122879962,-0.0060529010259086,-0.0061050951580577,-0.0071835933526849,-0.0056220852831551,-0.00517462245840853
2024-05-23,-0.0058643758269497,-0.0064491211354934,-0.0073380672655763,-0.0058625060216358,-0.007340223993317,-0.0078095315149395,-0.0034177317443662,-0.006778930188536573
2024-05-24,0.0036462629195428,0.0038301288602697,0.0042222467548787,0.00364509348445,0.0042234968896146,0.0046597588654353,0.0032503269333272,0.0032724623715626715
2024-05-28,0.0051192228161518,0.0064486715483009,0.0022250452755689,0.0062838908981006,0.0022266545833515,0.0043569999818133,0.0075642910791913,0.0012281655016879675
2024-05-29,-0.0054352762386096,-0.0044504988733234,-0.0078932880495183,-0.0044512276498692,-0.0078932753750101,-0.0078809366243678,-0.0038297505453815,-0.006325876243117581
2024-05-30,-0.0022474710630124,-0.0037636409525716,-0.0001520624590046,-0.0037642600105657,-0.0001520622128905,-0.0014241638197889,-0.0051022755588502,0.0005805503953771594
2024-05-31,0.000327213471513,-0.0016166350500272,0.00220957350972,-0.0016169019650532,0.0022095699329647,0.0015007583074508,-0.0027923975416919,0.0021054687703470697
2024-06-03,-0.0027995981213854,-0.0007220358801491,-0.0010220167340084,-0.0025200587961702,0.0004295908614411,-0.0013988024377893,-0.0037640354484356,0.0017196774911715314
2024-06-04,-0.0046867453059133,-0.0053351342984208,-0.0037334871839005,-0.0054980817844555,-0.0020807556171439,-0.0040099412661397,-0.0046912824560226,-0.001369482531337403
2024-06-05,0.0059371933756406,0.0045699478408793,0.0065807559303749,0.0060927204656071,0.007615442277929,0.0080435340370315,0.0059429681521494,0.006654471650431405
2024-06-06,0.0035011743429875,0.0017130174933308,0.0034279162500727,0.003254719119357,0.003244870193457,0.0039967236589195,0.0035045596211913,0.002822623520217053
2024-06-07,-0.0057761297926796,-0.0029294331655318,-0.0076351519142613,-0.0047918113850592,-0.0102312444978788,-0.0094888333492638,-0.0057816952162265,-0.010211759135071774
2024-06-10,0.0053509741961126,0.0011951914577335,0.0050420563249942,0.0017136090696074,0.0040858419188996,0.0055689374054472,0.0053449225832176,0.003031312711559143
2024-06-11,-0.0017808334383572,-0.0018059495781312,-0.0017813808097544,-0.0018050149436619,0.0004215133875304,-0.0008000854970299,-0.0019187863224108,0.0009896298442271956
2024-06-12,0.0047678701047539,0.0004978157499349,0.0047693382112039,0.0004975576490926,0.0066842982235602,0.0067357773714205,0.0045799047800194,0.005642678065605622
2024-06-13,-0.0027276588734681,-0.0028251717201223,-0.0027284947782579,-0.0028237076913665,0.0002794353921473,-0.0014357791811648,-0.0028219835658622,0.000991868813089951
2024-06-14,-0.0006732246334616,0.000439278219926,-0.0006734315110031,0.0004390499374979,0.0008099748001759,8.296253739903392e-05,-0.0007821327220377,0.0016026991502767712
2024-06-17,0.003736834494721,0.002507634248704,0.0034694491526552,0.0025070437777485,0.0015884849998972,0.0026828082295147,0.003800819811017,-8.848998836924929e-05
2024-06-18,0.0031234031587765,0.0027166887361145,0.0027297733796505,0.0027166903362285,0.0042970264109769,0.0039568460307111,0.0023526013979362,0.003941611219106434
2024-06-20,0.0012594102188603,0.0003081234611996,0.0015271823074234,0.0003081236421909,0.0004075734939217,0.0008890175731965,0.0018314816742608,0.0008904792198105888
2024-06-21,-0.0032529124727663,-0.0028927284445307,-0.0035487775030282,-0.0028927301431918,-0.0032147468069305,-0.0034483261374235,-0.0033480777883724,-0.0028294197872714044
2024-06-24,0.0012082871036087,0.0006082992515858,0.0003461616328805,0.0006082996943563,0.0004057881797814,0.0015372174252015,0.0012263910438305,0.001266264914528006
2024-06-25,-0.0017340789916484,6.204253120145609e-07,-0.0004377021131112,6.204253117925163e-07,-0.0004013513439862,-0.0017082996749665,-0.0020140803529267,-0.001365743758955115
2024-06-26,-0.0011567856467188,-0.0014678042491328,5.666396233161564e-05,-0.0014678042484834,0.0010559883356637,-0.0021966741311296,1.2893546286640856e-05,-0.0031859679747007065
2024-06-27,0.0034255872540183,0.0016485327918045,0.0020480603195975,0.0016485327910742,0.0016828101299644,0.0039192024490524,0.0030055534169453,0.0034759931585662046
2024-06-28,-0.000133040851416,-0.0038975628068929,-0.0001360849397075,-0.0038975628051683,0.0010236927105089,-0.0013524703387253,0.0009383623069603,-0.0025963399282703534
2024-07-01,0.0022826081220088,0.0028045960614981,0.0058424938289942,0.0028045960616924,0.0052842742303804,0.0011394073319068,0.0034018170983407,-0.0012831550679939369
2024-07-02,0.0018165709517965,-0.0003404423090208,-3.714353962946948e-05,-0.0003404423090207,0.0002580307192983,0.0030641260641595,0.0018145447221438,0.003170483242963569
2024-07-03,0.0038034791660614,0.0011035663337419,0.0026490936737844,0.0011035663337415,0.0026445125225691,0.0061059353504517,0.0037992443942795,0.006341034289301737
2024-07-05,0.0029799940194914,0.0012363205727823,0.0022289761609444,0.0012363205727818,0.0017565189463004,0.0046267574803051,0.0029766886691591,0.004832960205364886
2024-07-08,-0.0018845959373694,-0.0025402720356557,-0.0032908032752433,-0.0026833367522394,-0.0023089689173382,-0.001948140908511,-0.0020019094648545,-0.001498752207681243
2024-07-09,-0.001001083444747,-0.0003377354210875,-0.0007695880221199,-0.0010973893495033,-0.0004602760325065,-0.0013591765266173,-0.0006994188735935,-0.0012615078637172156
2024-07-10,0.0046426346389045,0.0031881924714056,0.0036507628171411,0.0039846923518795,0.0032647102036615,0.0051646232391078,0.0044933911536944,0.0038933239032885323
2024-07-11,0.0039883367804367,0.000895012570885,-0.0001796323986643,0.0013781746901233,-0.0011387447802961,0.0049115240958999,0.0028235575137764,0.0055587278985860245
2024-07-12,0.0020611545419377,0.0020635610296626,0.0008199249437528,0.0013172667427723,0.0001857601223977,0.002453140936719,0.0017001955379374,0.0018428051843914967
2024-07-15,0.000170935447034,-0.001610633135596,0.0003914311576063,-0.0015958804051114,0.0009530797406078,-0.0005578280932754,0.0006257050253357,-0.001396678596361777
2024-07-16,0.004939095005614,0.0082559496286516,0.0049380063824722,0.0082558276361663,0.0049352355989622,0.0061786675056214,0.0042724821047108,0.00675273210257313
2024-07-17,-0.0051753662899967,-0.0068863566294105,-0.0051742311955381,-0.006886255707651,-0.0051713421212884,-0.0054774431152806,-0.0055561639327658,-0.0044106960613587275
2024-07-18,-0.0055360244183968,-0.0046905735436986,-0.0055348039068803,-0.0046905043251863,-0.0055316974393058,-0.0063857623340646,-0.0050719049841183,-0.005294168615151793
2024-07-19,-0.0059108188561576,-0.002731278426601,-0.0059095084620058,-0.0027312379313458,-0.0059061732380634,-0.0066849743276962,-0.0055021632196662,-0.005661577277926111
2024-07-22,0.0038179948098171,0.004424875601479,0.0036272325057531,0.0044248110042337,0.0036248855691045,0.0044334046390492,0.0048995246404215,0.0029399405415855744
2024-07-23,-0.0003215632647561,0.0004008004724174,-0.0015668336455642,0.0004007930908604,-0.0015659802997171,-0.0011441473506932,-0.0015349791080727,-0.0007988912076945501
2024-07-24,-0.0086611251636157,-0.010011756975353,-0.0101210649765105,-0.0100116078820694,-0.010115704615129,-0.0108158093469812,-0.0084974793577831,-0.008066702947271812
2024-07-25,-0.0029179035777686,-0.0026984899973528,-0.0015286446384333,-0.0026984501532806,-0.0015274909131162,-0.0026379106582588,-0.0029876119705697,-0.001600716169472562
2024-07-26,0.0063994175702157,0.0089828654768768,0.0059067125571712,0.0089827318378572,0.005903605234713,0.0070198347119669,0.0041059133895149,0.005399498458411385
2024-07-29,-0.0006234049470654,0.0004355111863181,0.0002546808310452,0.0004354915059421,-0.0007628610666725,-0.0007923680019038,-0.0018258637019765,-0.00010907047860973465
2024-07-30,9.50812947269064e-05,0.001403370581245,0.0005660203880299,0.0014033706088518,0.0001475458340225,0.0001400455110598,-0.0007933516634773,0.0009884146016475746
2024-07-31,0.007687799021109,0.0051388354299386,0.0089867253467388,0.005138835530887,0.0123515536722198,0.0115704021971347,0.0098138866189014,0.010147851725353416
2024-08-01,-0.006539961147274,-0.0037223340147704,-0.0054000687994341,-0.0037223340875189,-0.0071143430511584,-0.0078723854574075,-0.0070496771569964,-0.004675943115081537
2024-08-02,-0.0079285474938007,-0.0006547440413967,-0.0040138985001887,-0.0006547440542408,-0.0065837534908804,-0.0083735527033553,-0.0076025773801698,-0.0036446017643423836
2024-08-05,-0.0148830118701431,-0.0169332788049513,-0.0128439904664056,-0.0131007647455048,-0.0154261744626544,-0.0167869033482563,-0.0139097032037602,-0.011400111787550547
2024-08-06,0.0008400952131673,0.0002914839536909,0.0008383599533863,0.001047903296486,0.0008405586708399,0.0002934782707157,0.0035858955777399,-0.0014673468041506744
2024-08-07,-0.0019850494785625,-0.0058763386267967,-0.0019809526915635,-0.0047338727088587,-0.0019861436566323,-0.0014858259250117,-0.0010818095450082,-0.0012290902540193014
2024-08-08,0.0094870943004881,0.0050660590269397,0.0094674757717128,0.0086384784331363,0.0094923340836652,0.0107720347090618,0.0095782864237614,0.00818158102344538
2024-08-09,0.0030749897848931,0.0015292602149372,0.0030686905969687,0.0022688837050541,0.0030766721519315,0.0037145564018346,0.0016207609520073,0.0033773811360210187
2024-08-12,0.0020679000477707,-0.0013154621581382,0.0020659106518232,0.0010480420381593,0.002964436251015,0.0032489565017019,0.0013509811521315,0.0037473524047425873
2024-08-13,0.0067351368966126,0.0054064326797138,0.0067351502678429,0.0055021056421331,0.005475517958333,0.0065452697815349,0.0062404797540769,0.004780785012452711
2024-08-14,0.0003088478553943,0.0020811773148197,0.0003088484644462,-0.0002847875611333,-0.0004784764555256,-9.091189531473808e-05,-0.0002944421985469,-0.00015576642005432251
2024-08-15,0.0052643831303609,-0.0012574199693208,0.0052643935085863,0.0027449932592706,0.0062551794146525,0.0061724034680157,0.0063793758804184,0.004890783415674687
2024-08-16,0.0037565581990657,0.0021895531389297,0.0037565655659763,0.0039786952708085,0.0029742446581555,0.0036050612102425,0.0032367130219699,0.003098882486031964
2024-08-19,0.0039405832570535,0.0024582906314389,0.0030552880214151,0.0023149977263796,0.0032358136456311,0.0038490490749405,0.0035631914741789,0.0027307734992727054
2024-08-20,-0.0005929613925653,0.0001209761054701,-0.0011180877926784,0.0005430149927834,-0.0011121902895043,-0.0009136386544623,-0.0016294389406019,-0.0005648815888922934
2024-08-21,0.0023893230295748,0.0027126319918326,0.001736204539233,0.0014195564083738,0.0017446013082575,0.0022151184176524,0.0025297187750437,0.0015731679288071127
2024-08-22,-0.00458018926134,-0.0041677896328364,-0.0047862458752251,-0.0033468037490312,-0.0047873673523132,-0.0050145152702685,-0.0035092513797857,-0.0045927088316740266
2024-08-23,0.0088404977559115,0.0086300938990782,0.0112311757499554,0.0060733042497036,0.0112086419881083,0.0107394699890548,0.0080107373871185,0.009369290904532064
2024-08-26,-0.00111519529809,-0.0017653611446535,0.0001459341012866,-0.0013397813160125,0.0001289013134604,-0.0004768191721326,-0.0010020928742928,0.00014325434018714272
2024-08-27,-0.0001937758754864,0.0002549419989648,-0.0003290158747092,0.0002548333552336,-0.0003290214780445,-0.0005684229918466,0.0001834170261514,-0.0007597300573924184
2024-08-28,-0.0027572322108903,-0.0022867660031082,-0.0053564310794442,-0.0022857917442717,-0.0053565223326638,-0.0038271075358851,-0.0027918787117366,-0.0035857237150599126
2024-08-29,0.000335456945264,-0.0005284144667547,0.0012716084543418,-0.0005281888241165,0.0012716302343802,0.0011931918522412,0.0007719900451206,0.001583762515127686
2024-08-30,7.792004498274885e-05,0.0003672927281181,-0.0020935025221178,0.0003671358045229,-0.0020935383339725,-0.0007116006633219,0.001729551548923,-0.0014370847696793868
2024-09-03,-0.0060119112337283,-0.0034104109630066,-0.0076038867708745,-0.0034103534547517,-0.0087458353148959,-0.007929847941632,-0.0078999055467973,-0.006624931887057027
2024-09-04,0.0013611569879723,0.0035274655207133,0.0019296726272481,0.003527465317161,0.0003354698315971,0.0009113091128141,0.0013637473079075,0.0009302733785017673
2024-09-05,0.0021377536628557,0.0008096989887371,0.0020204237730907,0.0008096989421775,0.0023516668730227,0.0024093825256537,0.0021418163276025,0.0025710185938743538
2024-09-06,-0.0063368435017308,-0.003634064018426,-0.0070605699466144,-0.0036340638096283,-0.008139060208014,-0.0077667608674224,-0.0063488605311325,-0.006945347552338045
2024-09-09,0.0042346740618421,0.0020742630769119,0.0047006256487009,0.002074262988587,0.0042236535084434,0.0054857020389069,0.0051653545326086,0.005209983765168042
2024-09-10,0.0048920719113314,0.0049716946575122,0.0048898031074591,0.0049716946579503,0.0048921255979177,0.0027511172392595,0.0022741366370284,0.000617333482483183
2024-09-11,0.001432805680458,-0.0024151309101781,0.0014321444193541,-0.00241513091039,0.0014328213278083,0.0029191297457449,0.0026433295607379,0.0032593200420635883
2024-09-12,0.0018740780218233,-0.0028441209524056,0.0018732143438913,-0.0028441209526555,0.0018740984589276,0.0049081195364466,0.0042366079108664,0.005814543479855378
2024-09-13,0.0048160398079657,0.0022075528254208,0.0048138244625135,0.0022075528256155,0.0048160922293654,0.0054771959502291,0.0047273641608118,0.004752691181066997
2024-09-16,0.0012930401392969,0.0006640019630901,0.0012925639246832,0.000667163991608,0.0012930550050898,0.0026880390809811,0.0023667562941431,0.002901294230590688
2024-09-17,-0.0019790938322391,-0.0024860927687158,-0.0019786986827051,-0.0024360240353913,-0.00197910317547,-0.001260473192965,-0.0010619765781195,-0.00017678016400676365
2024-09-18,-0.0028673803129332,-0.0026743602639891,-0.0028662856438881,-0.003047995342706,-0.0028674062055462,-0.0041120041516494,-0.003864946884768,-0.004395612426921774
2024-09-19,0.0051782424739448,0.0037526392721234,0.0051770430753215,0.0058280584226551,0.0051782708364129,0.0079488465299772,0.0072128217092946,0.008070429698087985
2024-09-20,-0.0004648413142488,-0.0006285413968701,-0.0004646265916584,-0.0007965632699554,-0.0004648463935166,-0.0004171731590799,-0.0003703710811251,7.045580674165417e-05
2024-09-23,0.0009824837252438,0.0004632388700624,0.00087197037078,0.0006757540581741,0.000982483561873,0.0008172264581576,0.0003374077925062,3.8096954653337063e-05
2024-09-24,0.0036405109019694,0.0046396360361469,0.0046377413228808,0.0046386507088607,0.0036405109025636,0.0057709016643399,0.0046595325516036,0.005848781154676089
2024-09-25,-0.0022197104613792,-0.0034403525978298,-0.0034389541281695,-0.0034396253378836,-0.0022197104617402,-0.0038790571012071,-0.0039120418400835,-0.0040451913761140055
2024-09-26,0.0056805456033233,0.0065276135664527,0.0065249509989764,0.0065262289243408,0.0056805456042492,0.0044630752857255,0.0035265435313365,0.002018492712917579
2024-09-27,-0.0009464932977474,-0.0007180357568183,-0.0007177447737541,-0.000717884434121,-0.0009464932979009,-0.0001121641657764,0.0001361973421014,0.0007699422440143182
2024-09-30,-0.002072539528837,-0.0021256639867514,-0.0021251732666029,-0.0021254108682829,-0.0020725395290024,-0.0022837672225964,-0.0016740302160812,-0.0019132347659453104
2024-10-01,-0.0027287080127731,-0.0027288532827021,-0.0027288519407469,-0.0027288525905078,-0.0027287080127734,-8.786452216136276e-05,-0.0024964553628519,0.0025527895609264275
2024-10-02,-0.0013569604200301,-0.0013570328590533,-0.0013570321898855,-0.0013570325138896,-0.0013569604200305,-1.702769462608167e-05,-0.000496507636662,0.0012921581390851083
2024-10-03,-0.0066907707650568,-0.0066911284258265,-0.0066911251218748,-0.006691126721614,-0.0066907707650578,-0.0050142005774314,-0.006086921368276,-0.0016043573391423857
2024-10-04,-0.0014859843690382,-0.0014860643386676,-0.0014860635999344,-0.0014860639576214,-0.0014859843690386,-0.0005904987231688,-0.0004268450428959,0.0002911130803314937
2024-10-07,-0.0039205893070659,-0.0059741442504476,-0.0065733597915778,-0.0059741433948076,-0.0065731779082907,-0.0035932040266728,-0.0066063190962059,-0.0023866954516761365
2024-10-08,-0.0039130072845959,0.0005902296148443,0.0018217413492993,0.0005902296143363,0.0018217410157626,-0.0039117216038959,0.0022560461006653,-0.0033511441766524703
2024-10-09,-0.0011950568993626,-0.0013213642805567,0.0002552261383799,-0.0013213642794199,0.0002552260917363,-0.0011946627024467,0.0003553929879347,-0.0010725087945920345
2024-10-10,0.0018356594563389,-0.002346538932926,-0.0024386362098595,-0.0023465389309046,-0.0024386357643032,0.0018350532284661,-0.0027819392125865,0.0017952301194363223
2024-10-11,0.0040232649998754,0.0037335487748617,0.0040071191991277,0.0037335487716381,0.0040071184652086,0.0040219387474222,0.003901445504626,0.0036375758734852304
2024-10-14,-1.484823981201533e-05,0.0016393659689559,0.0030882783078096,0.0016393659700018,0.0030882783343137,-1.3836967975078274e-05,0.0032824656285002,-4.9081000518557826e-05
2024-10-15,-0.0021930076302812,0.0014112538905033,0.002667427663584,0.0014112538905017,0.0026674276635134,-0.0021930054125237,0.0029278012750246,-0.0018361286664083528
2024-10-16,0.0037437790780738,0.0039934474684129,0.0043504307071453,0.0039934474684089,0.004350430707031,0.0037437752837221,0.0043641492204009,0.0035080289962999144
2024-10-17,-0.0026820053712881,-0.002894190193836,-0.002816904603482,-0.0028941901938331,-0.0028169046034083,-0.0026820026631916,-0.0026993323615753,-0.002354432177589924
2024-10-18,0.0037765166616385,0.0042273283866798,0.0052397337620571,0.0042273283866756,0.0052397337619192,0.0037765128381281,0.0052994699149686,0.0036690272690996484
2024-10-21,-0.0048682789866345,-0.0054603072897858,-0.0064859553803263,-0.0054603072897805,-0.006485955380184,-0.0055090383225184,-0.0063837551328034,-0.004691073737130887
2024-10-22,-0.0006137459865365,-0.0005746584039273,-0.0005391658031876,-0.0005746584039268,-0.0005391658031498,0.0012299473152959,-0.0009185632932703,0.002569955158852849
2024-10-23,-0.0041341728781307,-0.0041353785125372,-0.004127745583176,-0.0041353785125344,-0.0041277455830969,-0.0050337159904429,-0.0039485777170308,-0.004934049093919244
2024-10-24,0.0026298703909504,0.0026165222722276,0.0026065544410027,0.0026165222722263,0.0026065544409612,0.0026047026713373,0.0025763228489326,0.0018873396945944154
2024-10-25,-0.0021633277829347,-0.0021275833860439,-0.0021143358356782,-0.002127583386042,-0.0021143358356284,-0.0013932021095882,-0.0022368020246865,-0.00026790841440462566
2024-10-28,0.0046971289897754,0.0045767783743355,0.0045191561196682,0.0040316192212821,0.0045191561195243,0.001651800724298,0.0049934820447252,-0.0012932921537082672
2024-10-29,0.0017851648320084,0.0016105559993384,0.0017854811135911,0.0018056809482309,0.0017854811135913,0.0014688039581343,0.0017746217717657,0.0011173685295919659
2024-10-30,-0.003198778865721,-0.0020649621032372,-0.0031993445903234,-0.0016294051264613,-0.0031993445903238,-0.0019422899925772,-0.0033577331768692,-0.0008044746449151974
2024-10-31,-0.0088692221313432,-0.0065795457671352,-0.0088707957448154,-0.0063847478042593,-0.0088707957448167,-0.0085198573160821,-0.0085337896579893,-0.0057401115615578185
2024-11-01,-0.0009056312843838,-0.0006951648038954,-0.0009057934032942,-0.0026333263357543,-0.0009057934032944,-0.0021411402247482,-0.0012803885451925,-0.002775618520604293
2024-11-04,0.0014069723250937,0.0018984753368604,0.0014073589827345,0.004057734300314,0.0014073589827352,0.0036863438279755,0.001557963046425,0.004761667779957009
2024-11-05,0.0053128243961018,0.0041932794409531,0.0053128223447447,0.004184261656507,0.0053128223447447,0.0063064965048507,0.0051665961362867,0.005024688946624426
2024-11-06,-0.0023712876543832,0.0043734928712921,-0.0023712867436339,0.0043641267223941,-0.0023712867436339,-0.0032803956495091,-0.0024333831708539,-0.0034722047977748683
2024-11-07,0.0077159986288086,0.0033928748294498,0.0077159956582522,0.0033856403168035,0.0077159956582522,0.0090491093455187,0.0076762197104052,0.00819528145251202
2024-11-08,0.0024910769803923,-0.0022441001184883,0.0024910760287042,-0.0022393312451302,0.002491076028704,0.0011650289586875,0.0023416385184891,-0.00045354888112384177
2024-11-11,-0.0010457608181677,-0.0006411554358897,-0.0008440643328093,-0.0009554433932711,-0.0008440643328092,-0.0028184180096636,-0.0008264745013594,-0.003880331401062444
2024-11-12,-0.0071644010802213,-0.0033911654563734,-0.0069359470623486,-0.00412786903055,-0.0069359470623487,-0.0080077086462854,-0.0069830448165162,-0.006989392851214567
2024-11-13,-0.0022472487044777,-0.0008527496169781,-0.0022952624579204,-0.0011945808858583,-0.0022952624579204,-0.0025730962385024,-0.0023316573810305,-0.0023034159539070563
2024-11-14,-0.0013128367297122,-0.0025155313865717,-0.0017294116100285,-0.0026897159030874,-0.0017294116100287,-0.0014885639686149,-0.0017745872810873,-0.0009118691415898248
2024-11-15,-0.0040717768046818,-0.0024818292692426,-0.0028262141012068,-0.0029991213755701,-0.0028262141012068,-0.0046087065978963,-0.0028664259214804,-0.0038505059800961953
2024-11-18,0.0031050686997167,-0.0006329820935129,0.0002152738914411,0.0003808801429763,-0.0003427023655183,0.0053650962374025,0.0022228309881884,0.006117153372657876
2024-11-19,0.0026468063254352,0.0012439306924527,0.0026477061646006,0.0012457680721402,0.00205203442006,0.0031495379113601,0.0026986815292846,0.002796264589303774
2024-11-20,-0.0004062668933821,0.0013053391428041,0.0008479907371186,0.0013058242588639,0.0005556013964267,-0.0005528330604775,-0.0003349475716246,-0.0004732784669863375
2024-11-21,0.001421365077405,0.0020946367168674,0.0017117668378237,0.0020975427352341,0.0018021507589518,0.0025444560403524,0.0015353001320528,0.0027090437452209626
2024-11-22,0.0035778635848959,0.0025307634210358,0.0021315431332009,0.0025344150036956,0.0028319239217329,0.0044316776516759,0.0036709087190194,0.004185156523389116
2024-11-25,0.004131746906766,-0.0046386372218344,0.0053779984371715,-0.0046407569128427,0.000778888056123,0.0032253143335678,0.0048440416089414,0.0013726274284067371
2024-11-26,-0.0006357304945214,0.0022169279154851,0.0005429235111937,0.002216932636597,0.0005454185330076,-0.0006681201331849,-0.0003260681549294,-0.0008005181561576154
2024-11-27,0.0011318817251555,-0.0029397545392071,0.0002373843317469,-0.0029397607857832,0.0002384746441204,0.0009225702895536,0.0011523177855878,0.0002900057724080965
2024-11-29,0.0046417652208419,-0.0007099738035639,0.0026952519966407,-0.0007099753166092,0.0027076284072879,0.0049036873550905,0.0045138678431224,0.004371576382592026
2024-12-02,0.0011669991137488,-0.0009335937716411,0.0005908763113637,-0.0002613481223424,0.0008974678455639,0.0004828292447147,0.0009354751852892,1.0335350785023196e-05
2024-12-03,-0.0021608700299011,-9.541731818774046e-06,-0.0029132301560645,-0.0011783191033818,-0.0031645432903107,-0.0007171228245436,-0.002161369855445,0.0006868349843486205
2024-12-04,0.0044345239758907,0.001136052255638,0.004348558196848,0.0020961500037628,0.003937046410124,0.0039127741131788,0.0044355519365524,0.002678922145741285
2024-12-05,-0.0010612091042652,-0.0027326363615099,-0.0017761734095176,-0.0019840376934607,-0.0011466176438106,-0.0013845940397224,-0.0010614540153144,-0.001518924917272271
2024-12-06,0.0024130321193589,0.0009174739101076,0.002454833739286,0.0016729157351356,0.0030865028755209,0.0015698691581351,0.0024135896025059,0.0005822652613390698
2024-12-09,-0.0009729111266701,0.0003999340820226,-0.0015343028475608,0.000147630770009,-0.0018375060014148,0.0004220995747779,-0.0006697007314225,0.0015996990365080871
2024-12-10,-0.0026122428951336,4.997250314686674e-05,-0.0030474875103375,-0.0012491636861564,-0.0017466806878115,-0.0026086003258669,-0.0029963703659166,-0.0018022626217648998
2024-12-11,0.0037266536982738,0.0051057623119541,0.0008244125115586,0.0060342408984814,-9.924967039831588e-05,0.0037214435788173,0.0005891017223469,0.0028188124804828536
2024-12-12,-0.005911466957048,-0.0012433970791818,-0.0054399568006168,-0.0025769345046915,-0.0040952715082105,-0.0059032329599968,-0.0054528572492462,-0.005602549407560307
2024-12-13,-0.0026884968498598,0.0007438688585705,-0.0034917084644544,0.0003664099326341,-0.0031039481717501,-0.0026847298438654,-0.0036390339949552,-0.003291680016496266
2024-12-16,0.0011462596001485,0.0013301644228094,0.0022269571055102,0.0007523016196349,0.0026788457437441,0.0010215814987166,0.0019246142138658,0.0006228695771046434
2024-12-17,-0.0028871498415746,-0.0018163675734043,-0.0017790948094157,-0.0018186946825211,-0.0014932682421433,-0.0028711056262985,-0.0013113140347561,-0.0019455103206256772
2024-12-18,-0.0162550498594366,-0.001536483820742,-0.0149481184458445,-0.0014996310944883,-0.0112549978283994,-0.0183919329274032,-0.0162373626551981,-0.014808659005374945
2024-12-19,-0.0017062816586197,0.0030766389016587,-0.0013769320863812,0.0030871023015857,-0.001019408842858,-0.0029481988978515,-0.0034049454078765,-0.003424711917105211
2024-12-20,0.00505461956147,0.0010386710641558,0.0038312935796873,0.0010505891453482,0.0042139434804187,0.0058337409790349,0.0045304700342114,0.005099373625739794
2024-12-23,0.0020664659910059,0.0010534779265152,0.0007836517688646,0.0016686789085174,0.0005971894186811,0.0015569920355251,0.0004303731307111,-0.0002086861857013725
2024-12-24,0.0035161045230429,0.0008006557862694,0.0024313118236425,0.000254334723893,0.0024317649011862,0.005374986903351,0.0036747202281492,0.00408830047571875
2024-12-26,0.0012986156450534,-0.000361085308759,0.0009264032440059,-0.0007976130605384,0.0009265754614431,0.001521797832432,0.0016931355893177,0.0010248883908767796
2024-12-27,-0.0038833420410013,0.0001863026351185,-0.0040051910476627,0.0007324974187896,-0.0040059349194224,-0.0056709835838451,-0.006082257725439,-0.004456740072579808
2024-12-30,-0.004636479355442,-0.0020191366654049,-0.0027911200173619,-0.0020160375341496,-0.0027916529301155,-0.0037499194521418,-0.0031321481032176,-0.0002541815554525387
2024-12-31,0.0005629743017965,-9.80221087604205e-05,-0.0003034566091544,-9.80218043633574e-05,-0.000303456771323,0.0003247935271295,-0.0009936921282526,0.00010881437430364786
2025-01-02,0.001056188137104,-0.0005533465119135,0.0006275600664511,-0.0005533447933873,0.0006275604019241,0.0023694825677558,0.0011772450162201,0.0034197641225425196
2025-01-03,0.0045421041098299,0.002141786993594,0.0027452457341348,0.0021417803381713,0.0027452472007316,0.0049928601549715,0.0039590162166016,0.0019330903964089067
2025-01-06,0.0002541230638122,3.584285954327804e-05,4.873979036124077e-05,3.58430832800849e-05,-0.0008329645267824,0.0005258524338722,0.0010992972645209,-0.0004519289722726863
2025-01-07,-0.0012943972776519,3.097682656294509e-05,-0.0017958129593781,3.097682655606171e-05,-0.0035782467970741,-0.0029475172279106,-0.0012768882795168,-0.002878131917376174
2025-01-08,-0.0002036630870826,-0.0001745005020288,0.0015817246169482,-0.0001745005019896,0.0012526038735081,5.755187239597781e-05,-0.0001743118684197,0.0007997651319785624
2025-01-10,-0.0025195757143008,0.0012599760016449,-0.0037352786994546,0.0012599760013627,-0.0073173506257416,-0.0043333198951699,-0.0024225931460114,-0.0033512862782102606
2025-01-13,-0.00010603587157,0.0010454336497125,0.0010487853221134,0.0010454336494072,0.0004921539024305,-0.0003579100894394,-0.0001010066925508,-0.0008342894167068318
2025-01-14,0.0021918546626842,-0.0028255089280364,-0.0001087006795327,-0.0028255089280373,-0.0007308900813953,0.0025276237329103,0.0020397203435182,0.0014823553389485624
2025-01-15,0.0088630760739487,-0.0014550508986616,-0.0031959670028097,-0.001455050898662,0.001078119601571,0.0130271391569118,0.0084023235581891,0.011612442230371183
2025-01-16,0.0004882467378932,-0.0033763916289106,0.0009141638903278,-0.0033763916289119,-0.0008401780092224,0.0011411106151766,0.0006155909591833,0.0016486085779005531
2025-01-17,0.0018030904603678,0.0007080962379961,0.001996557165433,0.0007080962379966,0.0011152376720817,0.0022844175292031,0.0018989146388004,0.0015344332800948472
2025-01-21,0.0044528224236235,-0.0062676429134994,0.0008128278784944,-0.0052991002864078,-0.0022452250164181,0.0060437661007783,0.0045539575083539,0.005001356682443211
2025-01-22,-0.0007159405187601,0.0033664156833301,0.0001335433291607,0.0026990421092156,0.0006795874642728,-0.0011326287808903,1.5875261290432263e-05,-0.0011269425462820915
2025-01-23,0.0008640719960832,-0.0006451789461336,-0.0002609653377648,-0.0002048653240781,0.0006101445627277,0.0003914298095133,0.0016283034903201,-0.0005240284363301894
2025-01-24,0.0008461347675674,-0.002118553208115,-0.0012825084538481,-0.002386217676156,-0.001974624258616,0.0012030682289894,0.0003392806050308,0.0010789022337655207
2025-01-27,-0.0056330081951785,-0.0055751860079564,-0.0038153953155484,-0.0063878564204394,-0.0047405073262899,-0.005132101958411,-0.006782162651114,-0.0026082513788428206
2025-01-28,0.0026574621355657,0.0029503659040845,0.0026308380604309,0.0029527789936305,0.0028559293937084,0.0027219271891349,0.0025927592219225,0.002282714427484193
2025-01-29,-0.0013410627474457,-0.0002645506708754,-0.0011214694165351,-0.0002647664085231,-0.0010818941001843,-0.0015567426582564,-0.0012254203964253,-0.0011964925420563529
2025-01-30,0.0058865404653309,-0.0022917388273624,0.0055050403566623,-0.0022936082056588,0.003831707573515,0.0065616761759701,0.0053793380810853,0.005534168125368102
2025-01-31,-0.0023814625480904,0.002260434253547,-0.0021397006416362,0.0022622823353835,-0.0007156311551904,-0.0030142177957022,-0.0021779672657151,-0.0025222864978947466
2025-02-03,-0.0019615259951325,0.0009866979221913,-0.0028387334387244,0.0002336063911321,0.0004468201065559,-0.001498451044297,-0.0029848733549672,6.054380944808704e-07
2025-02-04,0.0047612693585512,3.681720484927098e-06,0.0025524353178276,-0.0017656202077607,0.0043129805290773,0.0052903702014643,0.004780707765623,0.003949962728592892
2025-02-05,0.0018280110982762,-0.0020061373505633,-0.0008261692604858,-0.0035363239740799,0.0006935513763941,0.0031421237499922,0.0018308862230573,0.004155744476475299
2025-02-06,0.0004128794182269,8.300418145323896e-05,-6.515635398407493e-05,-0.0006405577295465,0.0006515938865858,0.0004154759127379,0.0004132714642237,0.0001283749138610225
2025-02-07,-0.0030564852954164,-0.0001281278439939,-0.001041397060209,0.0012992887574305,-0.0024451047932589,-0.0037415044336008,-0.00303940294816,-0.0033821234847135656
2025-02-10,0.0061004632479881,0.0040193927029097,0.0054503633112215,0.0033078129454726,0.0062454568404484,0.00632363903811,0.0061420625568313,0.0047934692508413744
2025-02-11,8.981386052742124e-05,0.0015453533535072,0.0005577655746371,0.0015464493702534,0.0009859346476639,-0.0003151946638305,-4.005569240905782e-05,-0.001343838954326848
2025-02-12,-0.0021398777429726,-0.0003758395969892,-0.0008648976702485,-0.0003761057435321,0.0001600823458423,-0.0032472324805133,-0.0019395401628129,-0.00369389867299503
2025-02-13,0.004880195567722,-0.0001798763409956,0.0035345488935174,-0.0001800037663093,0.0020375175856559,0.0063488740673742,0.0049651424217374,0.006296548682168208
2025-02-14,-0.0004760187671745,-0.0021161975982477,-0.0012393160571515,-0.0021176969932723,-0.0019442748966044,-0.0001242255134803,-0.0004884001397424,0.00020806353338531235
2025-02-18,0.0045234613314673,0.003063606044982,0.0062915509061081,0.0035435248788673,0.0060707739803058,0.0042772350225428,0.0051710449766961,0.002596591193540482
2025-02-19,0.0001912291010222,0.0003825407027755,-0.0007333037495621,0.0002782534645666,-0.0006296218811545,0.0001912759861191,8.51719233287973e-05,0.00045865054448027294
2025-02-20,0.0007163312853868,0.0006651606975798,-0.0008385428381788,0.0003006482316492,-0.0004749610981685,0.0007165068802041,0.0002429373824981,0.0002533759172562147
2025-02-21,-0.0056114558933006,-0.0032718948412907,-0.0067875135912813,-0.0039308086433672,-0.0061274314117185,-0.005612830448752,-0.0068922286645528,-0.003378602830326403
2025-02-24,-0.0013409600848912,-0.0006820122776289,-0.0029438486020862,-0.0007856663189488,-0.0031068562052775,-0.0013408567623868,-0.0015696202749159,-0.0004237915835583843
2025-02-25,-0.000753288146033,-0.0015776560767225,-0.0059116539329562,-0.0015778197357321,-0.0042111110812873,-0.000753288068097,-0.0028197129739451,9.307818563192934e-05
2025-02-26,0.0013963103284857,0.0016989657479364,-0.0002908920611148,0.0016991422695902,3.6785814820916585e-06,0.0013963101839129,0.0006622158554401,0.001550211136253082
2025-02-27,-0.0067511597972595,-0.00561618494587,-0.004854923799889,-0.0056167674747519,-0.006209221623987,-0.0067511590992244,-0.0055919880308484,-0.005242447312496943
2025-02-28,0.0034170407165496,0.0014919918794802,-0.0001745697205568,0.0014921475078357,-0.0001134155261615,0.0034170403608437,0.0016400528809619,0.0036620930924660547
2025-03-03,-0.0029393278051654,0.0020219866229205,0.0025675511124865,-0.0002300036508976,0.0015335665516913,-0.0029393280447966,-0.0019055118085065,-0.002341934389624003
2025-03-04,-0.0028207363197331,0.001113215154044,0.0008047940129556,-0.001135409506268,0.0013918059079585,-0.002820736320411,-0.0028178146300892,-0.0031201258900696955
2025-03-05,0.0036448379108653,0.0001453825802075,0.003218605607665,-0.0009518370659095,0.0037876677539656,0.0036448379117437,0.0036410519571608,0.0015999391134524424
2025-03-06,-0.0074609249347743,-0.0009060064963479,-0.003556408495472,-0.0028338185830956,-0.0030258329690342,-0.0074609249365661,-0.0074532032630739,-0.0064400745978633045
2025-03-07,0.0024331406643605,0.0006928327014608,0.0003947717083438,0.0017229421754174,0.0006781148113641,0.0024331406649493,0.0024306035801218,0.001579300518635514
2025-03-10,-0.007828186513868,0.0007677090231754,-0.0058032449055673,-0.0021620785735679,-0.0054203519447983,-0.0090877825436269,-0.0089652656394735,-0.006539433326834404
2025-03-11,-0.0003309035357498,0.004454606369256,0.0033359255550764,0.0050290850723597,0.0027714027558918,-0.000682608782738,-0.0007083337560792,-0.0016085016184665033
2025-03-12,0.0017807595228833,0.0004891974970389,0.0044820451192164,0.0018715945628571,0.0030939557500682,0.0023092466797907,0.0022996884379429,0.0016626245289117418
2025-03-13,-0.0019977098366833,0.0036418427709801,-0.0011174250048878,0.0023985338600742,0.000133080321985,-0.0022512690679533,-0.0019590671213685,-0.0010525779389655664
2025-03-14,0.0072399694485458,-0.0015211468422964,0.0042949050966689,-0.0008216753651832,0.0035887561814107,0.008116292839001,0.0072683900924916,0.005707797936877895
2025-03-17,0.0044531861142855,0.0002768597901767,0.0016767939687278,0.0009942097275048,0.0009572300226501,0.0056924376520675,0.0059890072559389,0.004739222536812357
2025-03-18,-0.0011393635834124,0.0018927629651219,-0.0011024587661153,0.0018914065402986,-0.001103251297061,-0.0015001372697984,-0.0017022334383154,-0.0012851462095863613
2025-03-19,0.0038871077678854,-0.0012933207740694,0.0008560158225059,-0.0012923956816943,0.0008566318712359,0.004942652477387,0.0049176629769285,0.004864160317669992
2025-03-20,-0.0026896271900155,-0.0004475859210777,-0.0006768741015523,-0.0004472653554835,-0.0006773608104666,-0.0021404895698533,-0.0013659745017357,-0.0008666966641690351
2025-03-21,-0.0025635874851657,-0.0016220329648194,-0.0004922196560921,-0.0016208707284656,-0.0004925738284229,-0.0034470617199795,-0.0036402559487695,-0.0028028808661556552
2025-03-24,0.0026616715309626,-0.0037027493178524,0.0027032282199386,-0.0037019778231168,0.002704606922133,0.0031846259556269,0.003419984627653,0.0024409856418945875
2025-03-25,0.0013430263999165,0.002426639317733,0.0022903645709344,0.0024266374386372,0.0022903614217213,0.0013578955742208,0.0012049932563233,0.0010048963223140371
2025-03-26,-0.0043424024262676,-0.0012728599496161,-0.0010670280459702,-0.0012728589663487,-0.0010670265821771,-0.0041904595883752,-0.0040381818418142,-0.0034994686268292443
2025-03-27,0.0011598059706428,0.0031275043706282,0.0027412650199314,0.0031275019515932,0.0027412612553336,0.0012354435223933,0.0010999841948762,0.000508473734157409
2025-03-28,-0.0025443428463591,0.0033291392270895,-0.0058517467577312,0.0033291366601237,-0.0058517387434573,-0.0030020884375414,-0.0039146415411717,-0.0024111227526034196
2025-03-31,0.0015525031995309,0.0038861460540944,-0.0022529382445501,0.0038861438577546,-0.0012733557314702,0.0036169641398926,0.0043829517837423,0.003970596852352755
2025-04-01,0.00190914619307,0.0004169577423966,-0.0025025331812267,0.000416957743309,-0.00205464342585,0.0019369680245027,0.00183595287805,0.0019076098267476482
2025-04-02,0.0008413814104841,0.0008400806984878,-0.0007364314993625,0.000840080700325,-0.0006566109385116,0.0020898397783173,0.000838257701148,0.0022230574374570364
2025-04-03,-0.0116598108765386,-0.0036607490069205,-0.0031746324049126,-0.0036607490149198,-0.0055081628742603,-0.018864120714508,-0.011622364939459,-0.018741159477242073
2025-04-04,-0.0183387058037539,-0.0121255082569948,-0.0016931471858194,-0.0121255082835872,-0.0077972990272034,-0.0245269339128225,-0.0182436822945945,-0.021574410836013417
2025-04-07,-0.0186808737828469,-0.0167141534376831,0.0005483611919068,-0.016714153449578,-0.0039747691761634,-0.0196468679361734,-0.0117412080546775,-0.013090878484269469
2025-04-08,-0.0006218994357053,0.0056925733997355,0.0102754186733715,0.0056925733998043,0.010322081204408,-0.0087509309017687,-0.0068498878729634,-0.010824690818687805
2025-04-09,-0.0065208902257321,-0.0254964857427245,-0.0316416727484178,-0.025496485743031,-0.0317838952637303,0.0218607011202627,0.0263357225449365,0.034541234325796394
2025-04-10,0.0001793841891077,0.0127877309136432,0.0155009304937348,0.0127877309138011,0.0155728910293733,-0.011847873602268,-0.0104155920226768,-0.016270666231435537
2025-04-11,-0.0009343765548857,-0.0043689862901249,-0.0097431202026204,-0.0043689862901782,-0.00978765747127,0.0060209205084327,0.0074752545159777,0.007385716070967143
2025-04-14,-0.0002323117148901,-0.0017974398903566,-0.005179431532444,-0.0017974398904153,-0.0052107302208307,0.0040654241684752,0.0043727120670398,0.0055342842630825275
2025-04-15,0.0032231579975612,0.0011770555784555,-0.002006286354232,0.0011770555784558,-0.0020063494772807,0.0034899415232829,0.0026838968410773,0.002920974742576901
2025-04-16,-0.0004594524454004,0.0051480543316737,0.0038684075877768,0.0051480543316739,0.003868529542744,0.0008419946297826,0.0008192457794842,0.00039553634402525933
2025-04-17,-0.0013605935283472,-0.0042319680352242,-0.0038237897746854,-0.0042319680352246,-0.0038239098584891,0.0006106213689109,0.0003615418751694,0.002186540112131824
2025-04-21,-0.0037360473393955,0.0052857764998965,0.0096617482221719,0.005285776499897,0.0110389679651687,-0.0069196504235032,-0.0045121490327437,-0.007630833160667973
2025-04-22,0.0020080640928838,-0.0042192761527078,-0.0055518781880118,-0.004219276152708,-0.0080012541248305,0.0056895276339681,0.004573340057757,0.007324092079312583
2025-04-23,0.0036972917538806,-0.0002371386486181,-0.0037997545499817,-0.000237138648618,-0.0030971096638479,0.0054746218668182,0.0043135821811541,0.004924409856009771
2025-04-24,0.0065689623027409,0.0008563810242501,-0.0010930697821895,0.0008563810242501,-0.0035715804432869,0.0100592183912333,0.0072215074879204,0.008633287748003128
2025-04-25,0.0002891210097382,-0.0013768384951693,-0.0029718790611027,-0.0013768384951694,-0.0036668854440415,0.0014659318923035,0.0011234989100572,0.002180598451865355
2025-04-28,0.0045754088070122,0.0039333212400192,0.0023236916275921,0.0039333212400189,0.0015337249454425,0.0039726252657734,0.0026534940765179,0.0015635774770295647
2025-04-29,0.0027366224938809,0.0013749586394093,0.0009984442280941,0.0013749586394093,-0.001384950816221,0.0019092039839947,0.0012040183306381,0.0008762401341208564
2025-04-30,0.0001042244870401,-0.0002864581681125,0.0014222740752642,-0.0002864581681126,-5.711556623178016e-05,-0.0028120794680551,-0.0016359871002462,-0.003358155587130934
2025-05-01,-0.0038170268117247,-0.00553758385522,-0.0041169360705032,-0.0055375838552198,-0.0026096870060475,-0.0028118796241185,-0.0035797595244428,-0.00030549846289686523
2025-05-02,0.0015246308349876,-0.001850962853754,-0.0021074478958281,-0.001850962853754,-0.0009553210560319,0.0028829610713896,0.0015105729075917,0.0032438200172597025
2025-05-05,0.0033636760391491,0.0042267138376519,0.0029040715522172,0.0043344888486189,0.0031576217346747,0.0020418970230409,0.0034185096172942,-0.00012579673127349492
2025-05-06,0.0002287218393388,0.0023150910878044,0.0002340184564837,0.0030124638502568,0.0002103193941975,0.0023533447003769,0.0009679750763265,0.0023837758086433943
2025-05-07,-0.000838336158937,-0.0016610790708337,-2.26132270829682e-05,-0.0017270549950987,-9.581957494120277e-08,-0.0017899084721907,-0.0010399880816365,-0.001112369314721619
2025-05-08,-0.0054285115904912,-0.0080244581718351,-0.0060112152498205,-0.0076589461598401,-0.0060443857929097,-0.0033969333025019,-0.0069652188461648,8.057906795657017e-07
2025-05-09,0.0011449967527765,0.0013946094766374,-0.0004762651732818,0.0007815568470772,-0.0004919528237807,0.0024957503206013,0.0012395351549008,0.0023008566562071077
2025-05-12,0.0016373579331925,-0.0063317065275005,-0.0063026925506118,-0.007641715452057,-0.0061995501103973,0.0047586334847713,-0.0019603509348883,0.006409866038449697
2025-05-13,-0.0013618521810649,7.067731683418899e-05,-0.0001452503080174,-0.0001454462992153,0.0011741620955814,0.0004492068053145,-0.0004054895196736,0.0016724474531038132
2025-05-14,-0.0021551635565326,-0.0022388753552111,-0.0010155375445257,-0.0010169080433277,-0.0017940895834157,-0.0045682451509332,-0.0033183502115082,-0.004648239008405439
2025-05-15,0.0048446674943554,0.0033982729223813,0.0017614120405824,0.0017637915394326,0.0034754129077991,0.0057082304176261,0.0068638254135517,0.004516912600540201
2025-05-16,0.0001190822855117,-0.0025494460955964,-0.003030508518238,-0.0030345952366779,-0.0022289527123473,0.0007578562071048,-0.0002195218594625,0.0012372342990544715
2025-05-19,0.0014274543252184,0.0021120263581952,0.0060176054829625,0.0042245640318034,7.078749266753448e-06,0.0011775427385665,0.0021426996302087,0.0003147234208581211
2025-05-20,0.0003985619230588,0.0021437846276417,0.0030905210609484,0.0003781726354115,0.002479162155005,0.0007636305032105,0.0002980018815874,0.0011199716844629117
2025-05-21,-0.0043085919842382,0.0034547774116042,0.0010011554483273,0.0025489256891291,0.0051350773952101,-0.0078960963041887,-0.0036325901565192,-0.00819054134624808
2025-05-22,0.0003859651455153,-7.698398494748737e-05,-0.0005157280059852,0.0010692249358545,-0.0011201624784724,0.0003578755096578,0.0002358544310487,0.00017902730863898007
2025-05-23,-0.0003059591326044,0.0029541112439057,0.0025167650890807,0.0019535296197672,0.0021280575973579,0.0008005797857977,0.0024603291432931,0.0014418477608421072
2025-05-27,0.0038119773078557,-0.0032367128736676,-0.0017630375923449,-0.0022812453358364,-0.0027421678511901,0.0066523705754653,0.0042554545563864,0.006261604226578421
2025-05-28,-0.0021517724058386,-0.0007470955300801,-0.0014223212189165,-0.000746380072419,-0.0019608117368039,-0.0034434788728774,-0.0028980278309015,-0.00266877910540542
2025-05-29,0.0035570488830103,0.0011734177894167,0.0006026763363256,0.0011722932239623,0.0016798920702847,0.0043965377962711,0.0050440125866479,0.0024652221486165253
2025-05-30,9.376205109989932e-05,-0.0004154534789221,-0.0014248744607135,-0.0004150557880271,-0.0007173194338498,-0.0007782981395759,0.000138652617603,-0.0011515332925229067
2025-06-02,0.0021584958173981,0.0031195489406918,0.0057441568753995,0.0037184241857421,0.0049112646829783,0.0046115647520699,0.0012365833835492,0.005000181469414249
2025-06-03,0.0006419682294787,-0.0025744226350088,-0.0023772153062803,-0.0021480884325024,-0.0023791855937452,0.00133392515937,0.000642559337018,0.0015404939431227747
2025-06-04,0.0017626774154639,0.0010245467408149,0.0027640257747241,0.0009972810532783,0.0027663221225098,0.0031546811686542,0.00176429940046,0.003239075357588054
2025-06-05,-0.000940640606046,0.000343947227229,-0.000466883949882,-1.059471020270486e-05,-0.0004672707661935,-0.0003455526913026,-0.0009415046426969,-5.038219501735862e-05
2025-06-06,0.0002471433899584,-0.0017503953695022,-0.0031250336997344,-0.0010109325993585,-0.0031276240203418,0.000442834665326,0.0002473706204064,0.0004639240662094253
2025-06-09,0.0025334225132354,0.0005256935300856,0.0009778119800283,0.0008124503843582,0.0009541204210665,0.0030121734666905,0.0017763614519139,0.0025987003862837947
2025-06-10,0.0014277638702102,0.0005168175042777,-0.0004939115679226,-0.0003130620392267,-6.765677404063641e-05,0.0019230500368838,0.0019859291511505,0.002242111416149272
2025-06-11,0.0022907662988858,-0.0022959934749434,8.055695329911572e-06,-7.832180473754669e-05,-0.0001939421357168,0.0027144509270398,-0.0028359617123638,0.0020357581318999458
2025-06-12,0.0011506829372895,0.0008572935003945,0.0009778751272409,5.120911713918375e-05,0.0012602782824222,0.0021985174267755,0.000617686420189,0.0028492506172946726
2025-06-13,0.0011594300539825,-0.0061272860164485,-0.0001819437567165,0.0001451013535609,-0.001006304580719,0.0004377176912673,-0.0078458045548236,-0.001413984447508465
2025-06-16,2.514147122822941e-05,0.0017403813959138,0.0007571057030948,0.0006977619543209,0.0011812954754362,-0.0003962674752338,0.003145647902504,1.7758702689320077e-05
2025-06-17,0.0008478542905672,0.0006067544622172,0.0015193710131176,0.0008074031507969,0.0015186027564622,0.0028606941865259,-0.0043098300561909,0.0029366034387132366
2025-06-18,-0.0001370771098488,-0.0001452279904513,-0.0009621962784041,-0.0001452582498293,-0.000962108216986,0.0001994945518719,-0.0002029045499911,0.00037953035879096405
2025-06-20,-0.0002206843082722,-0.0002847023692325,-0.0001434217799731,-0.0002353464779618,-0.0001435617477357,-0.0005686911818857,-0.0017723606422,-0.000914983459411973
2025-06-23,0.0001417747181633,-0.0011695167116331,-0.0041871974353845,-0.0011608334188203,-0.0034993723534137,-0.0001866548548697,0.009010053546266,-7.18898458107551e-06
2025-06-24,0.001282544859448,0.0009703941887555,-0.0019420301368733,0.0009703857527458,-0.0008066939931119,0.0015702009516715,0.00576250515558,0.001084123455585921
2025-06-25,-0.0009893113750326,0.0014012000777039,0.0020276845118203,0.0014011879083419,0.0022256814119776,-0.0015357520400403,-0.0015185176378073,-0.0013311771894220033
2025-06-26,0.0040740785049417,0.004210109685212,0.001714272494085,0.0042100731717544,0.0024222692786994,0.0049061632845563,0.0022502761645428,0.0037426906797515176
2025-06-27,-0.0015241708110029,-0.0017652917123466,-0.002477337887633,-0.0017652764665031,-0.0021906408765162,-0.002274762082935,-0.0003463573157368,-0.002130182183575619
2025-06-30,0.0032827581257532,0.002661732586662,0.0028423043967504,0.0026617107376976,0.0032740874272172,0.0043785392125914,0.0017781306454083,0.003274183002633881
2025-07-01,-9.237755721858144e-05,-0.0007965628277315,0.0006305227892073,-0.0007965615557762,0.0006137222631794,0.0009071428790548,-0.0006949111701214,0.0013213611624344845
2025-07-02,0.0010503932018639,0.0008075686453845,0.0021163557600996,0.0008075479115643,0.0021217832086983,0.0029888451749358,0.0010095035079769,0.0032929800922565098
2025-07-03,0.0008600835481846,0.0006994705946941,-0.0012393147798512,0.0006994662078432,-0.001217044412214,0.0008818781811901,0.000800190785327,0.0006148953629700385
2025-07-07,-0.0051252278677359,-0.0035315913381381,-0.0047609296029262,-0.004353356242802,-0.004151785090897,-0.0062326994256386,-0.0044318834711681,-0.004022305544667976
2025-07-08,-0.0010679400167485,-0.0007836951616109,-0.000447716330814,-0.0009013335534133,-0.0009536131116102,-0.0007678923668773,-0.0009256372974566,-0.00019996466059693413
2025-07-09,0.0036634805175264,0.0020342077915582,0.0035058234558766,0.002129804140738,0.002702389695508,0.0044263992831261,0.0021405405725756,0.0034411189467906302
2025-07-10,0.0019725314012919,0.0012479246413357,0.0007128825271067,0.0018449085640503,0.0003215221480425,0.001918484137962,0.0018840379554279,0.0010875848044425815
2025-07-11,-0.0036644625463245,-0.0014898995965522,-0.0012267868202547,-0.0015369272743076,-0.0001835063284303,-0.0025781471067177,-0.0017271158069207,-0.0002693073760129907
2025-07-14,0.0001874484627477,-0.0007719255595957,0.0004004315640069,-0.000712545280967,-0.0003071906228699,-7.843283940067725e-05,0.0011945056704203,-0.0005323767386653424
2025-07-15,-0.0041164829422043,-0.0043566120435262,-0.0050828790197383,-0.0043563531622246,-0.00316566056041,-0.0051761940559675,-0.0035965113572448,-0.0035270457956880935
2025-07-16,0.0033340147515605,0.003280631085422,0.0035582757405916,0.0032804352887687,0.0025994920673324,0.0038827292097594,0.002864025137762,0.0024645055883673727
2025-07-17,0.0021144013886527,0.0028644928945753,0.0020475480861865,0.0028643224931295,0.0007851907688858,0.0035181313229402,0.0005809252734929,0.003104750270261163
2025-07-18,0.0002863136754769,0.0001077378022718,0.0005409035939329,0.0001077314115276,0.0012369205873226,0.0002181666071665,0.0003772488533397,0.00035567368741703316
2025-07-21,0.003655034618879,0.003018609324368,0.0055303181499368,0.0034022184555329,0.0042846403102623,0.0044205415656728,0.0038992788275533,0.003186785411261191
2025-07-22,0.0031184725836765,0.0019436008315278,0.0035204325158162,0.0029215706614877,0.003967328262147,0.0036667406883448,0.0034682305582456,0.002358511089587419
2025-07-23,0.0039696333071193,0.0036464407463592,0.0020524649449211,0.0039203099872677,0.0031524034798959,0.0042131902643687,0.0026100159432709,0.0011003230632778494
2025-07-24,-0.0030005918430775,-0.0019778722572102,-0.0020285704377498,-0.0023912426677558,-0.0031963319237067,-0.0032052052776888,-0.0028293290854445,-0.001791112182107915
2025-07-25,-0.0012329805646738,-0.0016807312466962,0.0003422273224624,-0.0021658783512845,-0.0003849163219459,-0.0012793578811997,-0.0001756561172823,-0.0006250689781145375
2025-07-28,-0.004542623479062,-0.0011662211132097,-0.0063256323146619,-0.0030111131973469,-0.0051061628239018,-0.0038358273684969,-0.0051237317935022,-0.000424417679769834
2025-07-29,-1.6396324964196296e-05,0.0015656943649529,0.0017531409412179,0.0041726553750909,0.0017509920668243,0.0028431250161278,-0.0011397515076396,0.00478762327512929
2025-07-30,-0.0059499072556621,-0.0035750668154891,-0.0059857527360649,-0.0058625252647088,-0.0059784286541952,-0.0061813747629062,-0.0057711601071862,-0.003463702887028448
2025-07-31,-0.0035176487059311,-0.0050231939508331,-0.0015104919979831,-0.0043310233978839,-0.0015086326655827,-0.0045716572343955,-0.0014879079693065,-0.0024374957427517226
2025-08-01,-0.0015671594347242,-0.0048904223894569,0.0043840987963061,-0.001060418571563,0.004378694058549,-0.0029831778584842,-0.0014587665983013,-0.0012122218426644515
2025-08-04,0.006183886455287,0.0059132337779961,0.0049440264770703,0.0066435173495116,0.0049383741722777,0.0079596086834401,0.0062215476473419,0.005101362081383089
2025-08-05,-0.0012985766898204,-0.0003318222442255,-0.0005480433634724,-0.0008034350984478,-0.000548046445958,-0.0010313138975314,-0.0008110286441346,-0.0002542086063649923
2025-08-06,0.0020359321245795,0.0010402828022759,0.002991809940394,0.0009547700570142,0.0029918267771424,0.0013382632681047,0.0010541376329884,-0.0006356259777191727
2025-08-07,0.0025018437692738,0.0020076400562365,0.0022238424459455,0.0021310211796403,0.0022238549235391,0.0028102079099168,0.0021282080981452,0.0014859117408849607
2025-08-08,0.0006539152826126,0.0002133355544391,0.0012204674104367,0.0011317867486577,0.0012204742430728,0.0007214698286412,0.001204337858391,0.00010758960395269943
2025-08-11,-0.0026133117719248,-0.0024740789511833,-0.0020007270998724,-0.0025022498603152,-0.0026012494182956,-0.0025892175033678,-0.0020073827747476,-0.0014173508859258166
2025-08-12,0.0048418209033151,0.0050617186337138,0.0036000411961374,0.0050618615846282,0.0034726464399499,0.0047858746881808,0.0050514552766516,0.0025542174957632656
2025-08-13,0.0038589713683168,0.0055245810292361,0.0016551706536114,0.0055247362663262,0.0041928927280605,0.0048402825737909,0.0039032619296961,0.004390176235718864
2025-08-14,-0.0021330064171325,-0.0039188709429371,-0.0020035445246204,-0.0039189804556021,-0.004087336023112,-0.0028983467859524,-0.0021349143861909,-0.0026898263347560317
2025-08-15,-0.000284926285927,-0.0007168257902687,0.0010685149385254,-0.0007168459007445,0.0008248157462853,-0.0008339375658765,-0.0002832178270485,-0.0014893781875401722
2025-08-18,-0.0003417066014586,-0.0006298374739364,0.0003078270972762,-0.0006298430126415,0.0004337117017831,-0.0002643840313771,0.0002672264537837,-0.00012340940201834824
2025-08-19,-0.0022492045401645,-0.0023660289582904,-0.0038902787823531,-0.0023660289714033,-0.003889789268455,-0.002371454113893,-0.002758407953328,-0.0013168341225918987
2025-08-20,0.0007486987653178,0.0019009863641523,-0.0007686915614263,0.0019009863747128,-0.0007685944592366,0.001468846000725,0.0015301713794571,0.0021790590334491078
2025-08-21,-0.0011694621976763,-0.0022470097779366,-0.0022422772662317,-0.0022470097903957,-0.0022419938007713,-0.0014448800416728,-0.00071542330258,-0.0010642116395613772
2025-08-22,0.0096252745378255,0.0127413968675134,0.0084085402163516,0.0127413969383209,0.0084074748322313,0.0114572287991305,0.0100584253959059,0.008990410672544967
2025-08-25,-0.0025868305644092,-0.0038993874844933,-0.0046548102883922,-0.0038993874961344,-0.0045105053658894,-0.0027929488575229,-0.002274610492426,-0.0016117468999363544
2025-08-26,0.0003649022442229,0.0006271564490976,0.0026949836273288,0.0006271564491049,0.0025608281974729,0.0003235261104685,0.000235115154211,0.00025176001798801674
2025-08-27,0.0011339482645178,0.0009442892819744,0.0005701672403652,0.0009442892819853,0.0003795564531514,0.0011270794998341,0.001077080630502,0.0009977530132261512
2025-08-28,0.0022023293730144,0.0038651072356015,0.0017500971095441,0.0038651072356465,0.0028173908050368,0.0029686108793469,0.0021589680625822,0.0027410305879750877
2025-08-29,-0.0007318302419352,-0.0018056234782513,-0.0005075492557414,-0.0018056234782721,-0.0016470808649379,-0.0014117438901928,-0.0008862520652268,-0.0011846296439631356
2025-09-02,0.0005550068159203,-0.0011404568271407,-0.0023150614855061,-0.0011404568272023,-0.0029890647482138,0.0003773870198793,-0.0033150232474197,0.0011298097159343446
2025-09-03,0.0021809764423481,0.002824067129318,0.0024465361499883,0.0028240671293182,0.001111659440949,0.0026448417813176,0.0,0.00219927435386081
2025-09-04,0.0027948846240144,0.0032042326363745,0.0025435293919819,0.0032042326363745,0.002071840374781,0.0034866569323437,0.0,0.003033082058911843
2025-09-05,0.002438065744668,0.0047427517998341,0.0033480326497929,0.0047427517998346,0.0023299382160772,0.0034974141963994,0.0,0.003164096293420143
2025-09-08,0.0016842438222244,0.0047986719461163,0.0031696942878671,0.0047986719461163,0.0031168744612941,0.0033459370880637,0.0,0.0038600476399126998
2025-09-09,0.0002265933014971,-0.0006562885512135,-0.0012844042300059,-0.0006562885512136,-0.0006658469263777,-0.000219866387532,0.0,-0.0006539399998837779
2025-09-10,0.0020190994653783,0.0028930783865011,0.0029126299207595,0.0028930783865013,0.0010916610836388,0.0026568373470108,0.0,0.002703475077717992
2025-09-11,0.0041285507857247,0.0051627329751993,0.0055327953169708,0.0051627329751995,0.0057570071142587,0.0049441723921257,0.0,0.0037386760808401794
2025-09-12,0.0003261039519111,-0.0003307004256786,-0.0004462021595285,-0.0003307004256787,-4.333116906463097e-05,1.3346771636779664e-05,0.0,-0.0004461682797298567
2025-09-15,0.0047702600841461,0.0046214922008456,0.005148733273006,0.004621492200846,0.004120571259738,0.0051660376236011,0.0,0.003837815795718667
2025-09-16,0.0006727630132326,-0.0007005791917712,0.0012956273299447,-0.000700579191771,0.001301081503263,0.0005303416631177,0.0,1.1312656845820657e-05
2025-09-17,-0.0021071983210446,-0.0020847505115073,-0.0030072776184931,-0.0020847505115074,-0.0030174412000569,-0.0026908495162843,0.0,-0.0023470711912612495
2025-09-18,0.0025860782754372,0.0013895735453679,0.0003238966032386,0.0013895735453679,0.0003291501357751,0.0021646986006123,0.0,0.0008736714170615547
2025-09-19,0.0017909119629322,0.001562092600748,0.0003097291314366,0.0015620926007482,0.0003111416509977,0.0014361192291221,0.0,0.000584412147223035
2025-09-22,0.0035258389006522,0.0025669611655823,0.0031959805322197,0.0025669611655823,0.0034380291238613,0.0037096064848749,0.0,0.001991585668517125
2025-09-23,-0.0003406422507133,-0.0009705709365839,-0.0006098551352967,-0.0009705709365839,0.001619633139301,0.0006291485204776,0.0,0.0017252877201379177
2025-09-24,-0.0006261819062419,-0.0041013975593637,-0.0038654261015833,-0.0041013975593638,-0.0035580882170965,-0.0017608918959037,0.0,-0.001799143820891704
2025-09-25,0.0003099366064069,-0.001322240946644,-0.0015867262690347,-0.001322240946644,-0.0011535593991726,0.0001720689477771,0.0,0.0004085819823370989
2025-09-26,0.0021876639643052,0.0031077254232196,0.0039135915468182,0.0031077254232196,0.0037551414503522,0.0030988517917929,0.0,0.0024022334378868745
2025-09-29,0.002171946487308,0.0048368888120426,0.0038959788749113,0.0048368888120424,0.0034789475770407,0.0030163116143189,0.0,0.0026650009504257132
2025-09-30,0.0,0.0,0.0,0.0,0.0,0.0,0.0,0.0003744339741676195
