unnamed: 0,clf_prob,direction,signed_dir,magnitude,signal,confidence,meta_prob,trade_signal,fold
2024-02-16 11:25:00,0.3473104,0,-1,0.0010417042,-0.0010417042067274451,0.34767216,0.654743,-1,1
2024-02-16 11:30:00,0.5539753,1,1,0.0012587095,0.001258709467947483,0.5546726,0.08402111,0,1
2024-02-16 11:35:00,0.43861648,1,1,0.00095168164,0.0009516816353425384,0.4390339,0.20145494,0,1
2024-02-16 11:40:00,0.4092729,1,1,0.0011207247,0.0011207247152924538,0.40973157,0.37748638,0,1
2024-02-16 11:45:00,0.5532119,1,1,0.00086254865,0.0008625486516393721,0.5536891,0.23616348,0,1
2024-02-16 11:50:00,0.57400244,1,1,0.0012684914,0.001268491381779313,0.5747306,0.14714712,0,1
2024-02-16 11:55:00,0.55560166,1,1,0.00092566176,0.000925661763176322,0.5561159,0.12373851,0,1
2024-02-16 12:00:00,0.29891983,0,-1,0.00089466333,-0.0008946633315645158,0.29918727,0.484236,0,1
2024-02-16 12:05:00,0.466376,1,1,0.0006170125,0.0006170124979689717,0.46666378,0.15151893,0,1
2024-02-16 12:10:00,0.30521375,0,-1,0.0012617543,-0.0012617543106898665,0.30559886,0.43166527,0,1
2024-02-16 12:15:00,0.4148059,1,1,0.001053784,0.001053784042596817,0.41524303,0.5010559,1,1
2024-02-16 12:20:00,0.45881444,1,1,0.0012279667,0.0012279667425900698,0.45937786,0.27156186,0,1
2024-02-16 12:25:00,0.42462572,1,1,0.0014259949,0.0014259949093684554,0.42523122,0.10677815,0,1
2024-02-16 12:30:00,0.49985114,1,1,0.0010853093,0.001085309311747551,0.5003936,0.18897527,0,1
2024-02-16 12:35:00,0.6896835,1,1,0.001295282,0.0012952820397913456,0.69057685,0.20343569,0,1
2024-02-16 12:40:00,0.5998521,1,1,0.001270587,0.0012705869739875197,0.6006142,0.5039169,1,1
2024-02-16 12:45:00,0.65207094,1,1,0.0006720568,0.0006720568053424358,0.6525092,0.6146375,1,1
2024-02-16 12:50:00,0.75632244,1,1,0.00089630403,0.0008963040309026837,0.7570004,0.20355879,0,1
2024-02-16 12:55:00,0.641948,1,1,0.0012842614,0.0012842613505199552,0.6427724,0.19415751,0,1
2024-02-16 13:00:00,0.5570648,1,1,0.0016271219,0.0016271219355985522,0.5579712,0.1516761,0,1
2024-02-16 13:05:00,0.5661777,1,1,0.0020336802,0.002033680211752653,0.56732917,0.5417846,1,1
2024-02-16 13:10:00,0.5839172,1,1,0.0015287858,0.0015287857968360186,0.58480984,0.51728725,1,1
2024-02-16 13:15:00,0.5712648,1,1,0.002096737,0.0020967370364814997,0.5724626,0.61463845,1,1
2024-02-16 13:20:00,0.5866406,1,1,0.0020923445,0.0020923444535583258,0.58786803,0.6015593,1,1
2024-02-16 13:25:00,0.67547107,1,1,0.0015298595,0.0015298594953492284,0.67650443,0.55446696,1,1
2024-02-16 13:30:00,0.69227976,1,1,0.0015876857,0.001587685663253069,0.69337887,0.80160594,1,1
2024-02-16 13:35:00,0.72914994,1,1,0.0008629592,0.0008629591902717948,0.7297792,0.88301694,1,1
2024-02-16 13:40:00,0.63116735,1,1,0.00065489864,0.0006548986420966685,0.6315807,0.82174546,1,1
2024-02-16 13:45:00,0.5680632,1,1,0.002549304,0.0025493039283901453,0.56951135,0.8419794,1,1
2024-02-16 13:50:00,0.6453453,1,1,0.0009539903,0.0009539903257973492,0.6459609,0.64271057,1,1
2024-02-16 13:55:00,0.5732342,1,1,0.0005969317,0.0005969317280687392,0.57357633,0.66729,1,1
2024-02-16 14:00:00,0.3469269,0,-1,0.0018538418,-0.0018538418225944042,0.34757003,0.50356454,-1,1
2024-02-16 14:05:00,0.3026171,0,-1,0.00089767994,-0.0008976799435913563,0.30288875,0.4070443,0,1
2024-02-16 14:10:00,0.4111858,1,1,0.0006253688,0.0006253687897697091,0.41144294,0.37119427,0,1
2024-02-16 14:15:00,0.26893207,0,-1,0.0019473645,-0.0019473645370453596,0.2694558,0.40881735,0,1
2024-02-16 14:20:00,0.31369963,0,-1,0.0014793498,-0.001479349797591567,0.3141637,0.45470825,0,1
2024-02-16 14:25:00,0.32763323,0,-1,0.0018902778,-0.0018902778392657638,0.32825255,0.67174536,-1,1
2024-02-16 14:30:00,0.48855996,1,1,0.0011004362,0.001100436202250421,0.4890976,0.12987655,0,1
2024-02-16 14:35:00,0.4498161,1,1,0.001353292,0.0013532920274883509,0.45042482,0.17674614,0,1
2024-02-16 14:40:00,0.50031716,1,1,0.0014347848,0.0014347848482429981,0.50103503,0.38729656,0,1
2024-02-16 14:45:00,0.5053727,1,1,0.0028885796,0.0028885796200484037,0.5068325,0.5592832,1,1
2024-02-16 14:50:00,0.58970565,1,1,0.0033192374,0.003319237381219864,0.59166306,0.5180869,1,1
2024-02-16 14:55:00,0.56576747,1,1,0.0020633638,0.002063363790512085,0.5669349,0.18264279,0,1
2024-02-16 15:00:00,0.6137564,1,1,0.0019387598,0.0019387598149478436,0.6149463,0.27560273,0,1
2024-02-16 15:05:00,0.674215,1,1,0.0017711665,0.001771166455000639,0.6754092,0.43630955,0,1
2024-02-16 15:10:00,0.75130475,1,1,0.001941506,0.001941506052389741,0.75276345,0.7030832,1,1
2024-02-16 15:15:00,0.42294127,1,1,0.0023226503,0.002322650281712413,0.4239236,0.5643562,1,1
2024-02-16 15:20:00,0.30014235,0,-1,0.0027818945,-0.002781894523650408,0.3009773,0.15197259,0,1
2024-02-16 15:25:00,0.25840768,0,-1,0.0017678695,-0.0017678694566711783,0.25886452,0.45706305,0,1
2024-02-16 15:30:00,0.319537,0,-1,0.0021810352,-0.0021810352336615324,0.32023394,0.26510894,0,1
2024-02-16 15:35:00,0.42105338,1,1,0.0025810935,0.0025810934603214264,0.42214018,0.6274793,1,1
2024-02-16 15:40:00,0.5457699,1,1,0.0023920333,0.0023920333478599787,0.5470754,0.74851114,1,1
2024-02-16 15:45:00,0.52319497,1,1,0.0022557967,0.0022557966876775026,0.5243752,0.7212521,1,1
2024-02-16 15:50:00,0.397741,0,-1,0.0024838797,-0.002483879681676626,0.3987289,0.40017083,0,1
2024-02-16 15:55:00,0.3240943,0,-1,0.0027592261,-0.002759226132184267,0.32498854,0.31573752,0,1
2024-02-20 09:30:00,0.20284833,0,-1,0.003091069,-0.0030910689383745193,0.20347536,0.17681228,0,1
2024-02-20 09:35:00,0.2605042,0,-1,0.0029726864,-0.002972686430439353,0.2612786,0.24457014,0,1
2024-02-20 09:40:00,0.25943455,0,-1,0.0025711278,-0.0025711278431117535,0.2601016,0.19924419,0,1
2024-02-20 09:45:00,0.15994917,0,-1,0.0026624077,-0.002662407699972391,0.16037501,0.12272157,0,1
2024-02-20 09:50:00,0.2817977,0,-1,0.002801789,-0.0028017889708280563,0.28258723,0.11260399,0,1
2024-02-20 09:55:00,0.23066044,0,-1,0.0020865488,-0.0020865488331764936,0.23114172,0.31408775,0,1
2024-02-20 10:00:00,0.21620405,0,-1,0.0024297945,-0.002429794520139694,0.21672939,0.1562314,0,1
2024-02-20 10:05:00,0.27818996,0,-1,0.0027431073,-0.0027431072667241096,0.27895308,0.40580285,0,1
2024-02-20 10:10:00,0.35873035,0,-1,0.0025423057,-0.002542305737733841,0.35964233,0.16750711,0,1
2024-02-20 10:15:00,0.32735088,0,-1,0.0021085208,-0.0021085208281874657,0.32804114,0.17663845,0,1
2024-02-20 10:20:00,0.2855794,0,-1,0.0027501758,-0.0027501757722347975,0.2863648,0.24873424,0,1
2024-02-20 10:25:00,0.19177945,0,-1,0.0028649347,-0.0028649347368627787,0.19232889,0.20679015,0,1
2024-02-20 10:30:00,0.07414502,0,-1,0.002488352,-0.0024883518926799297,0.07432952,0.09009859,0,1
2024-02-20 10:35:00,0.16466944,0,-1,0.0018302877,-0.0018302877433598042,0.16497084,0.4597833,0,1
2024-02-20 10:40:00,0.13606624,0,-1,0.0019389461,-0.0019389460794627666,0.13633007,0.146575,0,1
2024-02-20 10:45:00,0.19476746,0,-1,0.0020940194,-0.0020940194372087717,0.1951753,0.13006799,0,1
2024-02-20 10:50:00,0.28616592,0,-1,0.0025774636,-0.0025774636305868626,0.2869035,0.39326578,0,1
2024-02-20 10:55:00,0.34730822,0,-1,0.0016349134,-0.0016349133802577853,0.34787604,0.4056401,0,1
2024-02-20 11:00:00,0.2687038,0,-1,0.0023870477,-0.0023870477452874184,0.2693452,0.616061,-1,1
2024-02-20 11:05:00,0.34529465,0,-1,0.002254711,-0.0022547109983861446,0.3460732,0.5090795,-1,1
2024-02-20 11:10:00,0.2688675,0,-1,0.0014928133,-0.0014928133459761739,0.26926887,0.2774064,0,1
2024-02-20 11:15:00,0.3517603,0,-1,0.001957241,-0.001957240980118513,0.3524488,0.41025308,0,1
2024-02-20 11:20:00,0.5035654,1,1,0.001847609,0.0018476089462637901,0.5044958,0.20350473,0,1
2024-02-20 11:25:00,0.44909036,1,1,0.0018293555,0.001829355489462614,0.44991192,0.3550049,0,1
2024-02-20 11:30:00,0.355988,0,-1,0.0024913105,-0.0024913104716688395,0.35687488,0.68564457,-1,1
2024-02-20 11:35:00,0.42029873,1,1,0.0017038774,0.0017038773512467742,0.42101485,0.6245908,1,1
2024-02-20 11:40:00,0.36597013,0,-1,0.001725221,-0.0017252210527658463,0.3666015,0.4370961,0,1
2024-02-20 11:45:00,0.38243568,0,-1,0.0015731872,-0.0015731871826574206,0.38303733,0.892135,-1,1
2024-02-20 11:50:00,0.40638557,1,1,0.0013284257,0.0013284257147461176,0.40692544,0.8032188,1,1
2024-02-20 11:55:00,0.44475698,1,1,0.0016395177,0.0016395177226513624,0.44548616,0.23091827,0,1
2024-02-20 12:00:00,0.3792276,0,-1,0.0022804323,-0.002280432265251875,0.3800924,0.5501408,-1,1
2024-02-20 12:05:00,0.302157,0,-1,0.0022706785,-0.002270678523927927,0.30284312,0.9035202,-1,1
2024-02-20 12:10:00,0.4913791,1,1,0.0019280018,0.0019280017586424947,0.49232647,0.7431507,1,1
2024-02-20 12:15:00,0.39126277,0,-1,0.0023778337,-0.00237783370539546,0.39219314,0.6151061,-1,1
2024-02-20 12:20:00,0.35211667,0,-1,0.0019368939,-0.0019368939101696014,0.3527987,0.40803155,0,1
2024-02-20 12:25:00,0.39189067,0,-1,0.0014481017,-0.001448101713322103,0.3924582,0.549507,-1,1
2024-02-20 12:30:00,0.27943513,0,-1,0.002246504,-0.0022465039510279894,0.28006288,0.21709383,0,1
2024-02-20 12:35:00,0.18640962,0,-1,0.0027318674,-0.002731867367401719,0.18691888,0.2779084,0,1
2024-02-20 12:40:00,0.16668259,0,-1,0.0032567568,-0.0032567568123340607,0.16722544,0.45479518,0,1
2024-02-20 12:45:00,0.31626394,0,-1,0.0021336754,-0.0021336753852665424,0.31693876,0.28110647,0,1
2024-02-20 12:50:00,0.21604039,0,-1,0.0025654105,-0.002565410453826189,0.21659462,0.2202018,0,1
2024-02-20 12:55:00,0.20708495,0,-1,0.0023365354,-0.002336535369977355,0.20756881,0.4608661,0,1
2024-02-20 13:00:00,0.46753132,1,1,0.0024403639,0.0024403638672083616,0.46867225,0.48525763,0,1
2024-02-20 13:05:00,0.3917943,0,-1,0.0022121898,-0.0022121898364275694,0.392661,0.46262512,0,1
2024-02-20 13:10:00,0.2585585,0,-1,0.0022245152,-0.0022245151922106743,0.2591337,0.88352984,-1,1
2024-02-20 13:15:00,0.32408696,0,-1,0.0022301052,-0.00223010522313416,0.3248097,0.51839846,-1,1
2024-02-20 13:20:00,0.3960182,0,-1,0.0020378837,-0.00203788373619318,0.39682525,0.4317939,0,1
2024-02-20 13:25:00,0.47900328,1,1,0.002491804,0.0024918040726333857,0.48019686,0.49141908,0,1
2024-02-20 13:30:00,0.566237,1,1,0.0038852592,0.0038852591533213854,0.568437,0.5431735,1,1
2024-02-20 13:35:00,0.58085525,1,1,0.002746407,0.0027464069426059723,0.58245057,0.38963178,0,1
2024-02-20 13:40:00,0.37070456,0,-1,0.002541736,-0.00254173600114882,0.37164682,0.6708955,-1,1
2024-02-20 13:45:00,0.24502516,0,-1,0.003444523,-0.003444523084908724,0.24586916,0.96487594,-1,1
2024-02-20 13:50:00,0.5335224,1,1,0.002463756,0.0024637558963149786,0.5348369,0.47574726,0,1
2024-02-20 13:55:00,0.5402503,1,1,0.0021998712,0.0021998712327331305,0.5414388,0.52951163,1,1
2024-02-20 14:00:00,0.54400456,1,1,0.0020523148,0.0020523148123174906,0.545121,0.1911756,0,1
2024-02-20 14:05:00,0.38197884,0,-1,0.0019613474,-0.0019613474141806364,0.38272804,0.4298861,0,1
2024-02-20 14:10:00,0.40628624,1,1,0.0026473876,0.0026473875623196363,0.40736184,0.77001417,1,1
2024-02-20 14:15:00,0.30705073,0,-1,0.0030384467,-0.0030384466517716646,0.30798367,0.3518655,0,1
2024-02-20 14:20:00,0.4416299,1,1,0.0023737873,0.0023737873416393995,0.44267824,0.6669435,1,1
2024-02-20 14:25:00,0.384982,0,-1,0.0022232377,-0.0022232376504689455,0.3858379,0.29785183,0,1
2024-02-20 14:30:00,0.49654898,1,1,0.0022893802,0.002289380179718137,0.4976858,0.5884791,1,1
2024-02-20 14:35:00,0.3886074,0,-1,0.0024193719,-0.0024193718563765287,0.3895476,0.5132072,-1,1
2024-02-20 14:40:00,0.30974013,0,-1,0.0026326412,-0.0026326412335038185,0.31055555,0.27135742,0,1
2024-02-20 14:45:00,0.25570324,0,-1,0.0024704754,-0.0024704753886908293,0.25633496,0.53663224,-1,1
2024-02-20 14:50:00,0.42320257,1,1,0.003718341,0.003718341002240777,0.4247762,0.41102245,0,1
2024-02-20 14:55:00,0.41086426,1,1,0.0023999447,0.0023999447003006935,0.4118503,0.1617712,0,1
2024-02-20 15:00:00,0.40336376,0,-1,0.0028101604,-0.0028101603966206312,0.40449727,0.1774349,0,1
2024-02-20 15:05:00,0.4662948,1,1,0.0009883348,0.0009883347665891051,0.46675566,0.14301626,0,1
2024-02-20 15:10:00,0.464641,1,1,0.0016318894,0.0016318893758580089,0.46539924,0.123958915,0,1
2024-02-20 15:15:00,0.35110995,0,-1,0.003289085,-0.003289085114374757,0.3522648,0.5572519,-1,1
2024-02-20 15:20:00,0.35467905,0,-1,0.0024370733,-0.0024370732717216015,0.35554343,0.19932732,0,1
2024-02-20 15:25:00,0.3736633,0,-1,0.0021549233,-0.002154923276975751,0.37446854,0.13650289,0,1
2024-02-20 15:30:00,0.33917657,0,-1,0.003033687,-0.0030336868949234486,0.3402055,0.57442236,-1,1
2024-02-20 15:35:00,0.5128702,1,1,0.0029805277,0.002980527700856328,0.5143988,0.5165392,1,1
2024-02-20 15:40:00,0.39646125,0,-1,0.0022866246,-0.0022866246290504932,0.39736784,0.29407814,0,1
2024-02-20 15:45:00,0.47987124,1,1,0.0024320767,0.0024320767261087894,0.48103833,0.079359286,0,1
2024-02-20 15:50:00,0.4243589,1,1,0.004333228,0.004333227872848511,0.42619777,0.23875497,0,1
2024-02-20 15:55:00,0.5670243,1,1,0.0057981643,0.005798164289444685,0.570312,0.39972273,0,1
2024-02-21 09:30:00,0.12738527,0,-1,0.0025965364,-0.0025965364184230566,0.12771603,0.28022814,0,1
2024-02-21 09:35:00,0.294587,0,-1,0.0024180692,-0.0024180691689252853,0.29529932,0.31930706,0,1
2024-02-21 09:40:00,0.31590205,0,-1,0.0018042623,-0.00180426228325814,0.31647202,0.24806108,0,1
2024-02-21 09:45:00,0.17195137,0,-1,0.0021671834,-0.0021671834401786327,0.17232403,0.30645114,0,1
2024-02-21 09:50:00,0.29398078,0,-1,0.0015813585,-0.001581358490511775,0.29444566,0.32574284,0,1
2024-02-21 09:55:00,0.22829275,0,-1,0.001718187,-0.0017181870061904192,0.22868499,0.3853565,0,1
2024-02-21 10:00:00,0.22669634,0,-1,0.0027014238,-0.002701423829421401,0.22730874,0.58514214,-1,1
2024-02-21 10:05:00,0.21523635,0,-1,0.002650641,-0.002650640904903412,0.21580686,0.5805232,-1,1
2024-02-21 10:10:00,0.46435112,1,1,0.0021572444,0.0021572443656623363,0.46535283,0.39520258,0,1
2024-02-21 10:15:00,0.32218912,0,-1,0.002197115,-0.002197114983573556,0.32289702,0.38599285,0,1
2024-02-21 10:20:00,0.31757823,0,-1,0.002165189,-0.0021651890128850937,0.31826586,0.86843413,-1,1
2024-02-21 10:25:00,0.3708114,0,-1,0.0019753391,-0.001975339138880372,0.37154385,0.10174084,0,1
2024-02-21 10:30:00,0.27166787,0,-1,0.0025420373,-0.002542037284001708,0.27235845,0.84521836,-1,1
2024-02-21 10:35:00,0.4168403,1,1,0.0018374491,0.0018374491482973099,0.41760626,0.105735265,0,1
2024-02-21 10:40:00,0.36080754,0,-1,0.001978811,-0.0019788111094385386,0.36152148,0.56647146,-1,1
2024-02-21 10:45:00,0.4201481,1,1,0.0025776825,0.002577682491391897,0.4212311,0.29483107,0,1
2024-02-21 10:50:00,0.37513644,0,-1,0.0021872744,-0.002187274396419525,0.37595695,0.6168487,-1,1
2024-02-21 10:55:00,0.33742696,0,-1,0.0020463583,-0.0020463583059608936,0.33811745,0.44357836,0,1
2024-02-21 11:00:00,0.28035104,0,-1,0.0020835802,-0.002083580242469907,0.28093517,0.5024304,-1,1
2024-02-21 11:05:00,0.4940174,1,1,0.002218166,0.0022181659005582333,0.4951132,0.2925479,0,1
2024-02-21 11:10:00,0.40848058,1,1,0.0019639381,0.001963938120752573,0.40928283,0.1620387,0,1
2024-02-21 11:15:00,0.39618444,0,-1,0.0023190884,-0.002319088438525796,0.39710322,0.26691228,0,1
2024-02-21 11:20:00,0.2777126,0,-1,0.0035117487,-0.003511748742312193,0.2786879,0.8492323,-1,1
2024-02-21 11:25:00,0.5211904,1,1,0.0023672055,0.0023672054521739483,0.5224242,0.15098561,0,1
2024-02-21 11:30:00,0.5459087,1,1,0.0020610045,0.0020610045175999403,0.5470338,0.092930466,0,1
2024-02-21 11:35:00,0.38088486,0,-1,0.0021046964,-0.002104696352034807,0.38168648,0.21664914,0,1
2024-02-21 11:40:00,0.4839144,1,1,0.002709858,0.002709857886657119,0.48522574,0.07682028,0,1
2024-02-21 11:45:00,0.43060547,1,1,0.002527057,0.002527056960389018,0.4316936,0.18317291,0,1
2024-02-21 11:50:00,0.4935524,1,1,0.0024327403,0.002432740293443203,0.49475306,0.3853487,0,1
2024-02-21 11:55:00,0.39812288,0,-1,0.002545159,-0.002545159077271819,0.39913616,0.48393285,0,1
2024-02-21 12:00:00,0.69284326,1,1,0.0023424483,0.0023424483370035887,0.69446623,0.09471046,0,1
2024-02-21 12:05:00,0.5936656,1,1,0.002327366,0.0023273660335689783,0.59504724,0.37125248,0,1
2024-02-21 12:10:00,0.43410525,1,1,0.0036081756,0.003608175553381443,0.4356716,0.8340151,1,1
2024-02-21 12:15:00,0.24650764,0,-1,0.0021851698,-0.002185169840231538,0.24704632,0.62925494,-1,1
2024-02-21 12:20:00,0.40594044,1,1,0.0020329023,0.0020329023245722055,0.40676567,0.7168198,1,1
2024-02-21 12:25:00,0.47452632,1,1,0.0019323487,0.0019323487067595124,0.47544327,0.86691165,1,1
2024-02-21 12:30:00,0.3744131,0,-1,0.0019925903,-0.001992590259760618,0.37515914,0.7072821,-1,1
2024-02-21 12:35:00,0.37191692,0,-1,0.0019403029,-0.0019403029000386596,0.37263852,0.7463403,-1,1
2024-02-21 12:40:00,0.40135422,0,-1,0.0021812243,-0.0021812242921441793,0.40222964,0.3274995,0,1
2024-02-21 12:45:00,0.31351876,0,-1,0.0022213333,-0.0022213333286345005,0.31421518,0.46349302,0,1
2024-02-21 12:50:00,0.51268375,1,1,0.002006397,0.002006396884098649,0.5137124,0.54942775,1,1
2024-02-21 12:55:00,0.48122233,1,1,0.0022653977,0.0022653976920992136,0.48231253,0.3258519,0,1
2024-02-21 13:00:00,0.27627805,0,-1,0.003924693,-0.00392469298094511,0.27736238,0.79176825,-1,1
2024-02-21 13:05:00,0.34791598,0,-1,0.0019461035,-0.0019461035262793303,0.34859306,0.3650221,0,1
2024-02-21 13:10:00,0.51972646,1,1,0.0019795422,0.0019795421976596117,0.5207553,0.30134773,0,1
2024-02-21 13:15:00,0.4292082,1,1,0.0021669187,0.0021669187117367983,0.43013823,0.40574974,0,1
2024-02-21 13:20:00,0.3525986,0,-1,0.0023547555,-0.0023547555319964886,0.3534289,0.676743,-1,1
2024-02-21 13:25:00,0.47512546,1,1,0.0020441297,0.002044129651039839,0.47609666,0.15228274,0,1
2024-02-21 13:30:00,0.58031166,1,1,0.0019984269,0.0019984268583357334,0.5814714,0.23197009,0,1
2024-02-21 13:35:00,0.47478953,1,1,0.0021576025,0.002157602459192276,0.47581393,0.12020364,0,1
2024-02-21 13:40:00,0.45694086,1,1,0.0023164954,0.002316495403647423,0.45799935,0.1757488,0,1
2024-02-21 13:45:00,0.499409,1,1,0.0023068653,0.002306865295395255,0.50056106,0.35484445,0,1
2024-02-21 13:50:00,0.51168543,1,1,0.0022364073,0.0022364072501659393,0.5128297,0.16478053,0,1
2024-02-21 13:55:00,0.5129566,1,1,0.0021787707,0.002178770722821355,0.51407427,0.118189104,0,1
2024-02-21 14:00:00,0.48471716,1,1,0.004213969,0.004213969223201275,0.48675972,0.27637807,0,1
2024-02-21 14:05:00,0.31099573,0,-1,0.0027666176,-0.002766617573797703,0.31185612,0.454731,0,1
2024-02-21 14:10:00,0.5797711,1,1,0.0020105417,0.002010541735216975,0.5809368,0.08229236,0,1
2024-02-21 14:15:00,0.2921751,0,-1,0.001994372,-0.0019943721126765013,0.2927578,0.62361926,-1,1
2024-02-21 14:20:00,0.23784563,0,-1,0.0021114398,-0.0021114398259669542,0.23834783,0.43855006,0,1
2024-02-21 14:25:00,0.28794464,0,-1,0.0036413944,-0.0036413944326341152,0.28899315,0.6584157,-1,1
2024-02-21 14:30:00,0.39420766,0,-1,0.0021695578,-0.002169557847082615,0.39506292,0.41181067,0,1
2024-02-21 14:35:00,0.36578327,0,-1,0.0034388946,-0.003438894636929035,0.36704117,0.6516016,-1,1
2024-02-21 14:40:00,0.3980871,0,-1,0.0037782495,-0.003778249491006136,0.39959118,0.8003357,-1,1
2024-02-21 14:45:00,0.38857275,0,-1,0.0027122085,-0.0027122085448354483,0.38962665,0.5082834,-1,1
2024-02-21 14:50:00,0.24802913,0,-1,0.0028378894,-0.002837889362126589,0.24873301,0.94730794,-1,1
2024-02-21 14:55:00,0.3433244,0,-1,0.0025110499,-0.0025110498536378145,0.34418648,0.7949661,-1,1
2024-02-21 15:00:00,0.36294872,0,-1,0.003805035,-0.003805035026744008,0.36432976,0.8628159,-1,1
2024-02-21 15:05:00,0.3191944,0,-1,0.0039529367,-0.003952936735004187,0.32045618,0.9216956,-1,1
2024-02-21 15:10:00,0.37611055,0,-1,0.0027758034,-0.002775803441181779,0.37715456,0.84676987,-1,1
2024-02-21 15:15:00,0.33582172,0,-1,0.0025947443,-0.0025947443209588528,0.33669308,0.7254785,-1,1
2024-02-21 15:20:00,0.272036,0,-1,0.0028901023,-0.0028901023324579,0.2728222,0.6211897,-1,1
2024-02-21 15:25:00,0.22715609,0,-1,0.0024673145,-0.0024673144798725843,0.22771655,0.8622249,-1,1
2024-02-21 15:30:00,0.41032326,1,1,0.0020660153,0.0020660152658820152,0.411171,0.6060936,1,1
2024-02-21 15:35:00,0.30887893,0,-1,0.0036608402,-0.0036608402151614428,0.31000966,0.6974758,-1,1
2024-02-21 15:40:00,0.2850109,0,-1,0.004455188,-0.004455187823623419,0.2862807,0.55624455,-1,1
2024-02-21 15:45:00,0.26988018,0,-1,0.0018329646,-0.0018329645972698927,0.27037486,0.5393923,-1,1
2024-02-21 15:50:00,0.33673814,0,-1,0.0032874306,-0.0032874306198209524,0.33784515,0.65159225,-1,1
2024-02-21 15:55:00,0.45067024,1,1,0.0028867796,0.0028867796063423157,0.45197123,0.34031814,0,1
2024-02-22 09:30:00,0.37802535,0,-1,0.0020626746,-0.0020626746118068695,0.3788051,0.7317281,-1,1
2024-02-22 09:35:00,0.33486134,0,-1,0.0023198454,-0.0023198453709483147,0.33563817,0.32736397,0,1
2024-02-22 09:40:00,0.3645808,0,-1,0.0010815888,-0.001081588794477284,0.36497512,0.41713718,0,1
2024-02-22 09:45:00,0.34463006,0,-1,0.001515277,-0.001515276962891221,0.34515226,0.485958,0,1
2024-02-22 09:50:00,0.30102625,0,-1,0.00083631155,-0.0008363115484826267,0.301278,0.5802197,-1,1
2024-02-22 09:55:00,0.36803597,0,-1,0.00036651047,-0.0003665104741230607,0.3681709,0.4099052,0,1
2024-02-22 10:00:00,0.39898157,0,-1,0.00034728475,-0.00034728474565781653,0.39912012,0.4718439,0,1
2024-02-22 10:05:00,0.29598388,0,-1,0.0004694246,-0.00046942458720877767,0.29612282,0.5994608,-1,1
2024-02-22 10:10:00,0.3474839,0,-1,0.00034619827,-0.0003461982705630362,0.3476042,0.30299845,0,1
2024-02-22 10:15:00,0.3434518,0,-1,0.0005696199,-0.0005696198786608875,0.34364742,0.27618673,0,1
2024-02-22 10:20:00,0.3626547,0,-1,0.00043597192,-0.00043597191688604653,0.3628128,0.6481796,-1,1
2024-02-22 10:25:00,0.3325411,0,-1,0.0005479537,-0.0005479537067003548,0.33272335,0.5321018,-1,1
2024-02-22 10:30:00,0.3681311,0,-1,0.0004057437,-0.0004057436890434474,0.36828047,0.34948024,0,1
2024-02-22 10:35:00,0.44234198,1,1,0.00046375763,0.00046375763486139476,0.4425471,0.35148585,0,1
2024-02-22 10:40:00,0.466732,1,1,0.0007897774,0.0007897773757576942,0.4671006,0.28935316,0,1
2024-02-22 10:45:00,0.55084586,1,1,0.0011924024,0.0011924024438485503,0.5515027,0.41596162,0,1
2024-02-22 10:50:00,0.5020949,1,1,0.0007763805,0.0007763804751448333,0.50248474,0.17231287,0,1
2024-02-22 10:55:00,0.37773156,0,-1,0.001959404,-0.0019594039767980576,0.3784717,0.5687346,-1,1
2024-02-22 11:00:00,0.2690235,0,-1,0.0019805003,-0.0019805002957582474,0.2695563,0.42543757,0,1
2024-02-22 11:05:00,0.44098556,1,1,0.001631553,0.0016315530519932508,0.44170502,0.27027568,0,1
2024-02-22 11:10:00,0.40206397,0,-1,0.0016070758,-0.0016070757992565632,0.4027101,0.542804,-1,1
2024-02-22 11:15:00,0.46820855,1,1,0.0016814448,0.0016814448172226548,0.4689958,0.46969637,0,1
2024-02-22 11:20:00,0.4830034,1,1,0.0013932525,0.0013932525180280209,0.4836763,0.23619443,0,1
2024-02-22 11:25:00,0.36696997,0,-1,0.0013321186,-0.0013321186415851116,0.36745885,0.2695417,0,1
2024-02-22 11:30:00,0.38046038,0,-1,0.0020769397,-0.002076939679682255,0.3812506,0.56063265,-1,1
2024-02-22 11:35:00,0.3075197,0,-1,0.0017392527,-0.0017392527079209685,0.30805457,0.46196023,0,1
2024-02-22 11:40:00,0.30565214,0,-1,0.0015039791,-0.0015039790887385607,0.3061118,0.7678904,-1,1
2024-02-22 11:45:00,0.37463668,0,-1,0.0015501969,-0.0015501969028264284,0.37521744,0.40227702,0,1
2024-02-22 11:50:00,0.27265432,0,-1,0.0021815046,-0.0021815046202391386,0.27324912,0.26410183,0,1
2024-02-22 11:55:00,0.2779816,0,-1,0.0015585452,-0.0015585451619699597,0.27841485,0.7746463,-1,1
2024-02-22 12:00:00,0.2853812,0,-1,0.0015787956,-0.001578795607201755,0.28583175,0.5052782,-1,1
2024-02-22 12:05:00,0.2835343,0,-1,0.0014005499,-0.0014005498960614204,0.2839314,0.6543254,-1,1
2024-02-22 12:10:00,0.41079506,1,1,0.0014220362,0.0014220362063497305,0.41137922,0.6209792,1,1
2024-02-22 12:15:00,0.40867883,1,1,0.0013179219,0.0013179219095036387,0.40921745,0.29865518,0,1
2024-02-22 12:20:00,0.37853336,0,-1,0.0013084186,-0.0013084185775369406,0.37902865,0.32258222,0,1
2024-02-22 12:25:00,0.23092934,0,-1,0.0015357597,-0.001535759656690061,0.231284,0.37993896,0,1
2024-02-22 12:30:00,0.28042218,0,-1,0.0015976642,-0.0015976642025634646,0.2808702,0.4549699,0,1
2024-02-22 12:35:00,0.29848942,0,-1,0.0016003766,-0.0016003765631467104,0.29896712,0.6656891,-1,1
2024-02-22 12:40:00,0.31869918,0,-1,0.0014054159,-0.0014054159400984645,0.31914708,0.260525,0,1
2024-02-22 12:45:00,0.46939343,1,1,0.0014775193,0.0014775192830711603,0.47008696,0.24825506,0,1
2024-02-22 12:50:00,0.26637882,0,-1,0.0014928083,-0.0014928083401173353,0.26677647,0.49657124,0,1
2024-02-22 12:55:00,0.36814082,0,-1,0.0019103605,-0.0019103605300188065,0.3688441,0.5088204,-1,1
2024-02-22 13:00:00,0.43385485,1,1,0.0018665745,0.0018665745155885816,0.43466467,0.46425322,0,1
2024-02-22 13:05:00,0.38342103,0,-1,0.001148691,-0.0011486910516396165,0.38386148,0.568121,-1,1
2024-02-22 13:10:00,0.43411386,1,1,0.0014087401,0.0014087400631979108,0.4347254,0.23751818,0,1
2024-02-22 13:15:00,0.3521886,0,-1,0.0009942059,-0.000994205940514803,0.35253873,0.36772978,0,1
2024-02-22 13:20:00,0.40710008,1,1,0.0015615362,0.0015615362208336592,0.40773576,0.5325488,1,1
2024-02-22 13:25:00,0.5284484,1,1,0.0010010742,0.0010010742116719484,0.52897745,0.14344074,0,1
2024-02-22 13:30:00,0.48152193,1,1,0.0019290688,0.0019290688214823604,0.4824508,0.31425828,0,1
2024-02-22 13:35:00,0.44947964,1,1,0.002088081,0.0020880810916423798,0.45041817,0.6385556,1,1
2024-02-22 13:40:00,0.494212,1,1,0.0014212885,0.001421288470737636,0.49491444,0.49139035,0,1
2024-02-22 13:45:00,0.5861491,1,1,0.0023630578,0.0023630578070878983,0.5875342,0.7175799,1,1
2024-02-22 13:50:00,0.434541,1,1,0.0017706099,0.0017706098733469844,0.4353104,0.54480886,1,1
2024-02-22 13:55:00,0.47715926,1,1,0.0025130562,0.00251305615529418,0.4783584,0.5873344,1,1
2024-02-22 14:00:00,0.4237146,1,1,0.0015594093,0.001559409312903881,0.42437533,0.29523572,0,1
2024-02-22 14:05:00,0.39069924,0,-1,0.0014803392,-0.0014803392114117742,0.3912776,0.74676067,-1,1
2024-02-22 14:10:00,0.38812152,0,-1,0.0012299384,-0.0012299383524805307,0.38859886,0.3758221,0,1
2024-02-22 14:15:00,0.3386119,0,-1,0.0013839257,-0.0013839256716892123,0.3390805,0.71880203,-1,1
2024-02-22 14:20:00,0.3252871,0,-1,0.0011276704,-0.0011276704026386142,0.32565394,0.3964808,0,1
2024-02-22 14:25:00,0.2972822,0,-1,0.0013974276,-0.001397427637130022,0.2976976,0.6566989,-1,1
2024-02-22 14:30:00,0.4526029,1,1,0.0018188214,0.0018188214162364602,0.45342606,0.34587386,0,1
2024-02-22 14:35:00,0.46725425,1,1,0.0015669093,0.0015669092535972595,0.46798638,0.24482027,0,1
2024-02-22 14:40:00,0.4512074,1,1,0.0017609699,0.0017609698697924614,0.45200196,0.21550928,0,1
2024-02-22 14:45:00,0.662283,1,1,0.0014187244,0.0014187244232743979,0.6632226,0.26686588,0,1
2024-02-22 14:50:00,0.56010234,1,1,0.0015926429,0.0015926428604871035,0.5609944,0.1415399,0,1
2024-02-22 14:55:00,0.522408,1,1,0.0024194997,0.0024194996803998947,0.523672,0.393495,0,1
2024-02-22 15:00:00,0.5962359,1,1,0.0024152645,0.002415264490991831,0.597676,0.28680184,0,1
2024-02-22 15:05:00,0.44053906,1,1,0.0030393838,0.0030393837951123714,0.44187802,0.38990253,0,1
2024-02-22 15:10:00,0.758214,1,1,0.0019364576,0.001936457585543394,0.75968224,0.46548894,0,1
2024-02-22 15:15:00,0.63280076,1,1,0.0024386353,0.0024386353325098753,0.6343439,0.81804323,1,1
2024-02-22 15:20:00,0.7190288,1,1,0.0020260217,0.0020260217133909464,0.72048557,0.5593429,1,1
2024-02-22 15:25:00,0.79674757,1,1,0.0016987429,0.0016987428534775972,0.798101,0.46570772,0,1
2024-02-22 15:30:00,0.6264637,1,1,0.0021060684,0.0021060684230178595,0.62778306,0.72390324,1,1
2024-02-22 15:35:00,0.59256405,1,1,0.0024475951,0.0024475951213389635,0.5940144,0.7702949,1,1
2024-02-22 15:40:00,0.7064226,1,1,0.0021400787,0.002140078693628311,0.7079344,0.7045063,1,1
2024-02-22 15:45:00,0.5579985,1,1,0.0020437625,0.0020437624771147966,0.5591389,0.61352557,1,1
2024-02-22 15:50:00,0.7779821,1,1,0.00462999,0.0046299900859594345,0.78158414,0.46018648,0,1
2024-02-22 15:55:00,0.63890064,1,1,0.0044683376,0.004468337632715702,0.64175546,0.72204316,1,1
2024-02-23 09:30:00,0.50155985,1,1,0.0015065484,0.0015065483748912811,0.50231546,0.22290389,0,1
2024-02-23 09:35:00,0.3149904,0,-1,0.002024861,-0.002024861052632332,0.31562823,0.23810601,0,1
2024-02-23 09:40:00,0.35312435,0,-1,0.002245722,-0.0022457221057265997,0.35391736,0.33360672,0,1
2024-02-23 09:45:00,0.5256233,1,1,0.0018123313,0.0018123312620446086,0.5265759,0.41651338,0,1
2024-02-23 09:50:00,0.35171434,0,-1,0.0016677609,-0.0016677608946338296,0.3523009,0.19438373,0,1
2024-02-23 09:55:00,0.5386728,1,1,0.0021057392,0.002105739200487733,0.5398071,0.31818208,0,1
2024-02-23 10:00:00,0.43385836,1,1,0.001466471,0.001466471003368497,0.4344946,0.2205678,0,1
2024-02-23 10:05:00,0.43480268,1,1,0.00070102257,0.0007010225672274828,0.4351075,0.5925557,1,1
2024-02-23 10:10:00,0.5920931,1,1,0.0007335469,0.0007335469126701355,0.5925274,0.33003584,0,1
2024-02-23 10:15:00,0.54209447,1,1,0.0008038076,0.0008038075757212937,0.54253024,0.1365104,0,1
2024-02-23 10:20:00,0.4871508,1,1,0.0008076939,0.0008076939266175032,0.48754424,0.09168206,0,1
2024-02-23 10:25:00,0.6072171,1,1,0.0010689376,0.0010689375922083855,0.60786617,0.19792615,0,1
2024-02-23 10:30:00,0.6341073,1,1,0.0011087472,0.0011087472084909678,0.6348104,0.3050262,0,1
2024-02-23 10:35:00,0.6655898,1,1,0.00028557828,0.0002855782804545015,0.66577995,0.28618228,0,1
2024-02-23 10:40:00,0.46696323,1,1,0.0019547953,0.001954795327037573,0.46787605,0.4842067,0,1
2024-02-23 10:45:00,0.57603884,1,1,0.0008057087,0.0008057086961343884,0.576503,0.45368293,0,1
2024-02-23 10:50:00,0.5527687,1,1,0.0010776204,0.0010776204289868474,0.5533644,0.29942873,0,1
2024-02-23 10:55:00,0.59583914,1,1,0.0015698733,0.0015698733041062951,0.5967745,0.21968764,0,1
2024-02-23 11:00:00,0.39829928,0,-1,0.0021885298,-0.002188529819250107,0.399171,0.48551613,0,1
2024-02-23 11:05:00,0.6930294,1,1,0.0026376669,0.0026376668829470873,0.69485736,0.65676856,1,1
2024-02-23 11:10:00,0.5820685,1,1,0.002100773,0.002100772922858596,0.58329135,0.5727548,1,1
2024-02-23 11:15:00,0.698322,1,1,0.0019559267,0.001955926651135087,0.6996879,0.506887,1,1
2024-02-23 11:20:00,0.5427327,1,1,0.0019538566,0.0019538565538823605,0.54379314,0.6933636,1,1
2024-02-23 11:25:00,0.39380795,0,-1,0.002360082,-0.002360081998631358,0.39473736,0.16914661,0,1
2024-02-23 11:30:00,0.32286924,0,-1,0.0016230519,-0.0016230519395321608,0.32339326,0.1052692,0,1
2024-02-23 11:35:00,0.39434707,0,-1,0.0016827298,-0.0016827298095449805,0.39501065,0.5233213,-1,1
2024-02-23 11:40:00,0.41695195,1,1,0.002536527,0.0025365271139889956,0.41800958,0.704777,1,1
2024-02-23 11:45:00,0.49799877,1,1,0.001352276,0.0013522759545594454,0.49867222,0.16191699,0,1
2024-02-23 11:50:00,0.6847065,1,1,0.0012544113,0.0012544112978503108,0.6855654,0.45370108,0,1
2024-02-23 11:55:00,0.5090033,1,1,0.0011262778,0.0011262778425589204,0.50957656,0.6644061,1,1
2024-02-23 12:00:00,0.5723659,1,1,0.0010481045,0.0010481044882908463,0.57296574,0.16677076,0,1
2024-02-23 12:05:00,0.5865622,1,1,0.0009817636,0.000981763587333262,0.5871381,0.23409806,0,1
2024-02-23 12:10:00,0.5646294,1,1,0.0013532669,0.0013532668817788363,0.56539345,0.12747195,0,1
2024-02-23 12:15:00,0.5740696,1,1,0.0018343705,0.0018343705451115966,0.5751227,0.18689895,0,1
2024-02-23 12:20:00,0.6481213,1,1,0.0015979754,0.001597975380718708,0.649157,0.59988993,1,1
2024-02-23 12:25:00,0.5045512,1,1,0.0018609354,0.0018609353573992848,0.5054901,0.48759973,0,1
2024-02-23 12:30:00,0.6138892,1,1,0.0018137149,0.0018137148581445217,0.6150027,0.16063285,0,1
2024-02-23 12:35:00,0.56006056,1,1,0.0016302731,0.0016302730655297637,0.56097364,0.3002732,0,1
2024-02-23 12:40:00,0.5189899,1,1,0.0016973341,0.0016973341116681695,0.5198708,0.2563307,0,1
2024-02-23 12:45:00,0.61085546,1,1,0.0013058636,0.0013058636104688048,0.61165315,0.34445906,0,1
2024-02-23 12:50:00,0.5811178,1,1,0.0011925601,0.001192560070194304,0.58181083,0.27304122,0,1
2024-02-23 12:55:00,0.66074425,1,1,0.0011756484,0.0011756484163925052,0.6615211,0.16187026,0,1
2024-02-23 13:00:00,0.76329523,1,1,0.00096022163,0.0009602216305211186,0.7640282,0.43782812,0,1
2024-02-23 13:05:00,0.6379533,1,1,0.0006374469,0.0006374468794092536,0.6383599,0.655419,1,1
2024-02-23 13:10:00,0.7951868,1,1,0.0008769955,0.0008769955020397902,0.7958842,0.44876674,0,1
2024-02-23 13:15:00,0.7711521,1,1,0.00081785716,0.0008178571588359773,0.7717828,0.2988335,0,1
2024-02-23 13:20:00,0.77947235,1,1,0.0013317043,0.0013317043194547296,0.78051037,0.49726242,0,1
2024-02-23 13:25:00,0.75622463,1,1,0.0013427497,0.0013427496887743473,0.75724006,0.42370617,0,1
2024-02-23 13:30:00,0.5836286,1,1,0.0005838451,0.000583845074288547,0.58396935,0.22216384,0,1
2024-02-23 13:35:00,0.70419866,1,1,0.0011848662,0.0011848661815747619,0.705033,0.24002007,0,1
2024-02-23 13:40:00,0.606171,1,1,0.0014264762,0.001426476170308888,0.6070357,0.1620999,0,1
2024-02-23 13:45:00,0.67117876,1,1,0.001314983,0.0013149830047041178,0.6720614,0.18544638,0,1
2024-02-23 13:50:00,0.5922684,1,1,0.0024665662,0.002466566162183881,0.59372926,0.43832833,0,1
2024-02-23 13:55:00,0.51992416,1,1,0.0011753358,0.0011753358412533998,0.52053523,0.5022369,1,1
2024-02-23 14:00:00,0.5133972,1,1,0.0016914562,0.0016914561856538057,0.5142656,0.30492532,0,1
2024-02-23 14:05:00,0.7096879,1,1,0.0010208071,0.0010208070743829012,0.7104123,0.2572496,0,1
2024-02-23 14:10:00,0.74993527,1,1,0.0011289249,0.0011289248941466212,0.7507819,0.48052645,0,1
2024-02-23 14:15:00,0.5727189,1,1,0.0011856168,0.001185616827569902,0.573398,0.33988637,0,1
2024-02-23 14:20:00,0.67283314,1,1,0.0013172947,0.0013172946637496352,0.67371947,0.18077396,0,1
2024-02-23 14:25:00,0.70558375,1,1,0.0012944407,0.0012944407062605023,0.70649713,0.3564853,0,1
2024-02-23 14:30:00,0.64083076,1,1,0.0009525167,0.000952516682446003,0.6414411,0.42524177,0,1
2024-02-23 14:35:00,0.71888447,1,1,0.000904127,0.0009041270241141319,0.7195344,0.59892774,1,1
2024-02-23 14:40:00,0.6805069,1,1,0.0012905624,0.0012905624462291598,0.6813851,0.3571939,0,1
2024-02-23 14:45:00,0.69267017,1,1,0.0016499351,0.0016499351477250457,0.693813,0.8076237,1,1
2024-02-23 14:50:00,0.55491424,1,1,0.00092410133,0.0009241013322025537,0.555427,0.22876117,0,1
2024-02-23 14:55:00,0.48796016,1,1,0.0025300605,0.002530060475692153,0.48919475,0.79166734,1,1
2024-02-23 15:00:00,0.6015501,1,1,0.00081330765,0.0008133076480589807,0.6020394,0.2745372,0,1
2024-02-23 15:05:00,0.49068192,1,1,0.0016602036,0.0016602035611867905,0.49149656,0.37920445,0,1
2024-02-23 15:10:00,0.64291435,1,1,0.001175429,0.0011754289735108614,0.64367,0.42074996,0,1
2024-02-23 15:15:00,0.6506265,1,1,0.00058046135,0.0005804613465443254,0.65100414,0.68429846,1,1
2024-02-23 15:20:00,0.48076826,1,1,0.002012082,0.0020120819099247456,0.48173565,0.45704174,0,1
2024-02-23 15:25:00,0.6272386,1,1,0.0014133786,0.001413378631696105,0.6281251,0.19456172,0,1
2024-02-23 15:30:00,0.65801525,1,1,0.0018371592,0.001837159157730639,0.6592241,0.3202488,0,1
2024-02-23 15:35:00,0.5867288,1,1,0.0013259639,0.0013259638799354434,0.5875068,0.22837892,0,1
2024-02-23 15:40:00,0.5269403,1,1,0.001881328,0.0018813279457390308,0.52793163,0.51166564,1,1
2024-02-23 15:45:00,0.6718898,1,1,0.0018597085,0.0018597084563225508,0.6731393,0.20012821,0,1
2024-02-23 15:50:00,0.7040692,1,1,0.0046141786,0.0046141785569489,0.70731795,0.51276743,1,1
2024-02-23 15:55:00,0.5783929,1,1,0.003742128,0.003742127912119031,0.58055735,0.5550214,1,1
2024-02-26 09:30:00,0.6015084,1,1,0.0018199307,0.001819930737838149,0.6026031,0.1797086,0,1
2024-02-26 09:35:00,0.6475319,1,1,0.0011446823,0.001144682290032506,0.6482731,0.23330432,0,1
2024-02-26 09:40:00,0.71140325,1,1,0.00080849655,0.000808496552053839,0.7119784,0.22183615,0,1
2024-02-26 09:45:00,0.53616065,1,1,0.001352564,0.0013525639660656452,0.53688586,0.25549865,0,1
2024-02-26 09:50:00,0.63293606,1,1,0.00091632875,0.0009163287468254566,0.6335161,0.261872,0,1
2024-02-26 09:55:00,0.5541459,1,1,0.00080446334,0.0008044633432291448,0.55459166,0.15437278,0,1
2024-02-26 10:00:00,0.53528905,1,1,0.000883658,0.0008836580091156065,0.5357621,0.122758545,0,1
2024-02-26 10:05:00,0.74909955,1,1,0.0008754455,0.0008754454902373254,0.7497554,0.21663791,0,1
2024-02-26 10:10:00,0.7042948,1,1,0.00077196077,0.0007719607674516737,0.7048385,0.20351566,0,1
2024-02-26 10:15:00,0.6108851,1,1,0.0010313248,0.0010313248494639993,0.6115151,0.17410123,0,1
2024-02-26 10:20:00,0.61213475,1,1,0.00074444484,0.0007444448419846594,0.6125905,0.22733355,0,1
2024-02-26 10:25:00,0.78830886,1,1,0.0006915789,0.0006915788981132209,0.788854,0.664331,1,1
2024-02-26 10:30:00,0.544215,1,1,0.0011918119,0.0011918118689209223,0.54486364,0.4164204,0,1
2024-02-26 10:35:00,0.69466376,1,1,0.00077078474,0.000770784739870578,0.6951992,0.46211845,0,1
2024-02-26 10:40:00,0.53386027,1,1,0.00081130635,0.0008113063522614539,0.5342934,0.77019894,1,1
2024-02-26 10:45:00,0.6178479,1,1,0.0012175653,0.0012175652664154768,0.6186002,0.50946754,1,1
2024-02-26 10:50:00,0.68691224,1,1,0.0011238218,0.0011238218285143375,0.6876842,0.35794798,0,1
2024-02-26 10:55:00,0.60652167,1,1,0.0012871998,0.0012871997896581888,0.60730237,0.47051835,0,1
2024-02-26 11:00:00,0.506772,1,1,0.0012500315,0.0012500315206125379,0.50740546,0.7180823,1,1
2024-02-26 11:05:00,0.5341422,1,1,0.0017517156,0.001751715550199151,0.5350778,0.27235147,0,1
2024-02-26 11:10:00,0.7198057,1,1,0.0012294974,0.0012294973712414503,0.7206907,0.4909035,0,1
2024-02-26 11:15:00,0.77238643,1,1,0.0011825847,0.0011825846740975976,0.7732998,0.62922317,1,1
2024-02-26 11:20:00,0.6884642,1,1,0.0014810732,0.001481073210015893,0.6894839,0.2753268,0,1
2024-02-26 11:25:00,0.5954189,1,1,0.0015866064,0.0015866063768044114,0.59636354,0.5582058,1,1
2024-02-26 11:30:00,0.5349064,1,1,0.0011895875,0.001189587521366775,0.5355427,0.49086714,0,1
2024-02-26 11:35:00,0.6282106,1,1,0.00083203835,0.0008320383494719863,0.62873334,0.61825895,1,1
2024-02-26 11:40:00,0.5856913,1,1,0.0007483667,0.0007483666995540261,0.5861296,0.8374431,1,1
2024-02-26 11:45:00,0.60978615,1,1,0.0009081719,0.0009081718744710088,0.61033994,0.61642575,1,1
2024-02-26 11:50:00,0.5497825,1,1,0.0009626987,0.0009626987157389522,0.5503118,0.763873,1,1
2024-02-26 11:55:00,0.67728794,1,1,0.001629863,0.0016298630507662892,0.6783918,0.7717948,1,1
2024-02-26 12:00:00,0.7439171,1,1,0.0010379871,0.001037987065501511,0.7446893,0.5143641,1,1
2024-02-26 12:05:00,0.69777876,1,1,0.0011171326,0.0011171326041221619,0.6985583,0.73704964,1,1
2024-02-26 12:10:00,0.7044442,1,1,0.00079005345,0.0007900534546934068,0.70500076,0.5807975,1,1
2024-02-26 12:15:00,0.66449183,1,1,0.0007695268,0.0007695268141105771,0.6650032,0.700164,1,1
2024-02-26 12:20:00,0.59028494,1,1,0.0010272247,0.0010272247018292546,0.5908913,0.25829807,0,1
2024-02-26 12:25:00,0.6096515,1,1,0.0017580243,0.0017580243293195963,0.61072326,0.58703244,1,1
2024-02-26 12:30:00,0.6887675,1,1,0.0011178965,0.0011178965214639902,0.6895375,0.38431022,0,1
2024-02-26 12:35:00,0.71761554,1,1,0.00091789576,0.0009178957552649081,0.71827424,0.5470684,1,1
2024-02-26 12:40:00,0.73196167,1,1,0.0011966034,0.001196603407151997,0.73283756,0.55297214,1,1
2024-02-26 12:45:00,0.7686227,1,1,0.0015563015,0.0015563014894723892,0.7698189,0.78166825,1,1
2024-02-26 12:50:00,0.73438704,1,1,0.0011100319,0.001110031851567328,0.73520225,0.4400912,0,1
2024-02-26 12:55:00,0.71458894,1,1,0.0010400676,0.001040067640133202,0.7153322,0.6892324,1,1
2024-02-26 13:00:00,0.5693288,1,1,0.0009972658,0.000997265800833702,0.5698966,0.22884549,0,1
2024-02-26 13:05:00,0.61832815,1,1,0.0012414505,0.0012414505472406745,0.6190958,0.5571284,1,1
2024-02-26 13:10:00,0.6779046,1,1,0.00085697824,0.0008569782366976142,0.6784856,0.8197255,1,1
2024-02-26 13:15:00,0.8069264,1,1,0.0011672252,0.0011672251857817173,0.80786824,0.3412025,0,1
2024-02-26 13:20:00,0.49397516,1,1,0.0014589751,0.0014589751372113824,0.49469587,0.5226627,1,1
2024-02-26 13:25:00,0.5933542,1,1,0.002011387,0.0020113869104534388,0.5945477,0.53832793,1,1
2024-02-26 13:30:00,0.65538806,1,1,0.00214521,0.002145210048183799,0.65679395,0.6292621,1,1
2024-02-26 13:35:00,0.69510484,1,1,0.0023161895,0.0023161894641816616,0.6967149,0.6999255,1,1
2024-02-26 13:40:00,0.60393685,1,1,0.0012681114,0.00126811140216887,0.6047027,0.49581555,0,1
2024-02-26 13:45:00,0.74894696,1,1,0.00117338,0.0011733799474313855,0.7498258,0.5264198,1,1
2024-02-26 13:50:00,0.69056624,1,1,0.0011387129,0.0011387128615751863,0.6913526,0.2804462,0,1
2024-02-26 13:55:00,0.5791864,1,1,0.00091771403,0.0009177140309475362,0.5797179,0.8234754,1,1
2024-02-26 14:00:00,0.5399914,1,1,0.0014608072,0.0014608071651309729,0.5407802,0.7130628,1,1
2024-02-26 14:05:00,0.70137054,1,1,0.0008742994,0.0008742993813939393,0.70198375,0.34668362,0,1
2024-02-26 14:10:00,0.71794873,1,1,0.0013861031,0.0013861031038686633,0.71894383,0.30919424,0,1
2024-02-26 14:15:00,0.65750307,1,1,0.0010726337,0.0010726336622610688,0.6582083,0.74185824,1,1
2024-02-26 14:20:00,0.6405778,1,1,0.00059913483,0.000599134829826653,0.6409616,0.5921922,1,1
2024-02-26 14:25:00,0.73214513,1,1,0.00060349336,0.0006034933612681925,0.7325869,0.9124487,1,1
2024-02-26 14:30:00,0.6056086,1,1,0.0009480515,0.00094805151456967,0.60618275,0.26885283,0,1
2024-02-26 14:35:00,0.6020711,1,1,0.0011758351,0.0011758351465687156,0.6027791,0.34529653,0,1
2024-02-26 14:40:00,0.7365026,1,1,0.0010250236,0.0010250236373394728,0.73725754,0.5208969,1,1
2024-02-26 14:45:00,0.56027186,1,1,0.0012768557,0.0012768557062372565,0.56098723,0.59430444,1,1
2024-02-26 14:50:00,0.4817587,1,1,0.0011667357,0.001166735659353435,0.4823208,0.23527838,0,1
2024-02-26 14:55:00,0.7021856,1,1,0.0015356785,0.0015356785152107477,0.7032639,0.38338366,0,1
2024-02-26 15:00:00,0.68668926,1,1,0.0019751454,0.001975145423784852,0.6880456,0.75857943,1,1
2024-02-26 15:05:00,0.62893564,1,1,0.002116762,0.002116762101650238,0.63026696,0.40798178,0,1
2024-02-26 15:10:00,0.5118255,1,1,0.0019794048,0.001979404827579856,0.5128386,0.36272916,0,1
2024-02-26 15:15:00,0.5950182,1,1,0.0019375003,0.001937500317580998,0.5961711,0.3117551,0,1
2024-02-26 15:20:00,0.62497336,1,1,0.0008447149,0.0008447148720733821,0.6255013,0.36569571,0,1
2024-02-26 15:25:00,0.5937513,1,1,0.0007759703,0.0007759702857583761,0.594212,0.8424432,1,1
2024-02-26 15:30:00,0.53840417,1,1,0.0023057791,0.00230577914044261,0.5396456,0.6759044,1,1
2024-02-26 15:35:00,0.6341457,1,1,0.002269614,0.0022696140222251415,0.63558495,0.48108754,0,1
2024-02-26 15:40:00,0.6891458,1,1,0.0014956038,0.0014956038212403655,0.6901765,0.6790962,1,1
2024-02-26 15:45:00,0.5941862,1,1,0.001923157,0.001923157018609345,0.5953289,0.60529274,1,1
2024-02-26 15:50:00,0.6059393,1,1,0.0022244186,0.002224418567493558,0.6072872,0.65738386,1,1
2024-02-26 15:55:00,0.7303068,1,1,0.0030178793,0.0030178793240338564,0.7325108,0.8275461,1,1
2024-02-27 09:30:00,0.5463288,1,1,0.0025352659,0.0025352658703923225,0.5477139,0.42145663,0,1
2024-02-27 09:35:00,0.5485597,1,1,0.0018150631,0.0018150630639865994,0.5495554,0.46904367,0,1
2024-02-27 09:40:00,0.48899764,1,1,0.002599765,0.002599765080958605,0.4902689,0.7971579,1,1
2024-02-27 09:45:00,0.54784,1,1,0.001740019,0.0017400189535692334,0.54879326,0.32637802,0,1
2024-02-27 09:50:00,0.50527585,1,1,0.0014658442,0.0014658442232757807,0.5060165,0.12303109,0,1
2024-02-27 09:55:00,0.66402876,1,1,0.0014980464,0.0014980464475229383,0.66502357,0.41004768,0,1
2024-02-27 10:00:00,0.5268988,1,1,0.0022820171,0.002282017143443227,0.5281012,0.3404067,0,1
2024-02-27 10:05:00,0.45447767,1,1,0.0020045019,0.00200450187548995,0.45538867,0.4386277,0,1
2024-02-27 10:10:00,0.61485326,1,1,0.0013807111,0.0013807110954076052,0.61570215,0.4809901,0,1
2024-02-27 10:15:00,0.61440265,1,1,0.0010648336,0.0010648336028680205,0.6150569,0.39768645,0,1
2024-02-27 10:20:00,0.6662476,1,1,0.0011404688,0.001140468753874302,0.66700745,0.21385697,0,1
2024-02-27 10:25:00,0.68598074,1,1,0.0011431022,0.001143102184869349,0.6867649,0.30815953,0,1
2024-02-27 10:30:00,0.6328437,1,1,0.0011209779,0.0011209779186174273,0.633553,0.5438396,1,1
2024-02-27 10:35:00,0.62050456,1,1,0.0012812105,0.0012812104541808367,0.62129956,0.1193424,0,1
2024-02-27 10:40:00,0.61097586,1,1,0.0011282106,0.0011282105697318912,0.6116652,0.6317308,1,1
2024-02-27 10:45:00,0.60635626,1,1,0.0013984086,0.0013984085526317358,0.6072042,0.25222638,0,1
2024-02-27 10:50:00,0.6373782,1,1,0.00089617923,0.0008961792336776853,0.63794947,0.06797589,0,1
2024-02-27 10:55:00,0.67855394,1,1,0.0011181793,0.0011181792942807078,0.6793127,0.38100597,0,1
2024-02-27 11:00:00,0.73946846,1,1,0.0014552026,0.0014552025822922587,0.7405445,0.7086559,1,1
2024-02-27 11:05:00,0.6461948,1,1,0.0012246293,0.0012246293481439352,0.6469862,0.22905345,0,1
2024-02-27 11:10:00,0.6614952,1,1,0.000816688,0.0008166879997588694,0.66203547,0.115084715,0,1
2024-02-27 11:15:00,0.6448646,1,1,0.0011891419,0.0011891418835148215,0.64563143,0.2733366,0,1
2024-02-27 11:20:00,0.6982516,1,1,0.00078622747,0.0007862274651415646,0.69880056,0.24560599,0,1
2024-02-27 11:25:00,0.75962365,1,1,0.0011885066,0.001188506605103612,0.7605265,0.6160664,1,1
2024-02-27 11:30:00,0.7675458,1,1,0.0007575446,0.0007575445924885571,0.7681273,0.74266374,1,1
2024-02-27 11:35:00,0.7852642,1,1,0.0012070735,0.0012070734519511461,0.7862121,0.52494204,1,1
2024-02-27 11:40:00,0.7699645,1,1,0.0011384458,0.0011384458048269153,0.77084106,0.6972021,1,1
2024-02-27 11:45:00,0.77476203,1,1,0.001127409,0.0011274090502411127,0.7756355,0.81934273,1,1
2024-02-27 11:50:00,0.6744597,1,1,0.00078350876,0.0007835087599232793,0.67498815,0.52397937,1,1
2024-02-27 11:55:00,0.7557722,1,1,0.0016571694,0.001657169428654015,0.7570246,0.7954596,1,1
2024-02-27 12:00:00,0.7858579,1,1,0.0019765252,0.001976525178179145,0.78741115,0.7923135,1,1
2024-02-27 12:05:00,0.70212406,1,1,0.0014706284,0.0014706284273415804,0.70315665,0.7571186,1,1
2024-02-27 12:10:00,0.68942064,1,1,0.0016082171,0.0016082171350717545,0.6905294,0.74235743,1,1
2024-02-27 12:15:00,0.74556327,1,1,0.0010588734,0.0010588733712211251,0.7463527,0.73673487,1,1
2024-02-27 12:20:00,0.4934568,1,1,0.0012916421,0.0012916420819237828,0.49409416,0.4369226,0,1
2024-02-27 12:25:00,0.7175346,1,1,0.0009825075,0.000982507481239736,0.7182396,0.58031833,1,1
2024-02-27 14:05:00,0.59476715,1,1,0.0029064568,0.002906456822529435,0.5964958,0.33682862,0,2
2024-02-27 14:10:00,0.4794348,1,1,0.0029306381,0.0029306381475180387,0.48083985,0.5665194,1,2
2024-02-27 14:15:00,0.52715623,1,1,0.0021685546,0.0021685545798391104,0.5282994,0.17276989,0,2
2024-02-27 14:20:00,0.4046063,1,1,0.002344172,0.0023441719822585583,0.40555477,0.48654348,0,2
2024-02-27 14:25:00,0.4384678,1,1,0.0023176926,0.002317692618817091,0.43948403,0.6255146,1,2
2024-02-27 14:30:00,0.3231998,0,-1,0.0021954079,-0.0021954078692942858,0.32390934,0.09414707,0,2
2024-02-27 14:35:00,0.5692155,1,1,0.0024250296,0.0024250296410173178,0.57059586,0.6253978,1,2
2024-02-27 14:40:00,0.4082371,1,1,0.0021259277,0.0021259277127683163,0.409105,0.54013115,1,2
2024-02-27 14:45:00,0.44105104,1,1,0.0020491846,0.002049184637144208,0.44195485,0.6466556,1,2
2024-02-27 14:50:00,0.38782412,1,1,0.002054332,0.0020543320570141077,0.38862082,0.47667876,0,2
2024-02-27 14:55:00,0.38519108,1,1,0.0016390957,0.0016390957171097398,0.38582247,0.053885676,0,2
2024-02-27 15:00:00,0.39044172,1,1,0.0019307123,0.0019307122565805912,0.39119554,0.3596495,0,2
2024-02-27 15:05:00,0.3794576,1,1,0.002110711,0.0021107110660523176,0.38025853,0.47974297,0,2
2024-02-27 15:10:00,0.48672348,1,1,0.0023362297,0.0023362296633422375,0.4878606,0.6460388,1,2
2024-02-27 15:15:00,0.46194994,1,1,0.0022009257,0.002200925722718239,0.46296668,0.84280473,1,2
2024-02-27 15:20:00,0.36407006,1,1,0.0022498243,0.0022498243488371372,0.36488914,0.10825679,0,2
2024-02-27 15:25:00,0.4977926,1,1,0.002181103,0.0021811029873788357,0.4988783,0.5188098,1,2
2024-02-27 15:30:00,0.37349096,1,1,0.0023624667,0.002362466650083661,0.37437332,0.6399128,1,2
2024-02-27 15:35:00,0.59980494,1,1,0.0025424233,0.002542423317208886,0.60132986,0.32641378,0,2
2024-02-27 15:40:00,0.41786402,1,1,0.0023681063,0.002368106273934245,0.41885355,0.33923823,0,2
2024-02-27 15:45:00,0.37281427,1,1,0.0022822728,0.0022822727914899588,0.37366512,0.24622214,0,2
2024-02-27 15:50:00,0.54186434,1,1,0.003355228,0.0033552281092852354,0.54368246,0.6159131,1,2
2024-02-27 15:55:00,0.59323573,1,1,0.003645577,0.0036455770023167133,0.59539837,0.56794125,1,2
2024-02-28 09:30:00,0.23597221,0,-1,0.0021056016,-0.0021056015975773335,0.23646908,0.40424874,0,2
2024-02-28 09:35:00,0.44186428,1,1,0.0025867715,0.0025867715012282133,0.44300726,0.7825846,1,2
2024-02-28 09:40:00,0.4026711,1,1,0.0027176333,0.0027176332660019398,0.4037654,0.8138226,1,2
2024-02-28 09:45:00,0.39309987,1,1,0.002624588,0.0026245880872011185,0.39413163,0.69973606,1,2
2024-02-28 09:50:00,0.45329455,1,1,0.0024253558,0.002425355836749077,0.45439392,0.65086275,1,2
2024-02-28 09:55:00,0.5453149,1,1,0.002838213,0.0028382129967212677,0.54686266,0.72989446,1,2
2024-02-28 10:00:00,0.4574843,1,1,0.0027324886,0.0027324885595589876,0.4587344,0.8121697,1,2
2024-02-28 10:05:00,0.4029006,1,1,0.0024841689,0.0024841688573360443,0.4039015,0.3648702,0,2
2024-02-28 10:10:00,0.332366,0,-1,0.0027071494,-0.0027071493677794933,0.33326575,0.6851763,-1,2
2024-02-28 10:15:00,0.30286896,0,-1,0.0029794164,-0.002979416400194168,0.30377132,0.65816927,-1,2
2024-02-28 10:20:00,0.32385096,0,-1,0.0034906084,-0.0034906084183603525,0.3249814,0.51538545,-1,2
2024-02-28 10:25:00,0.35224122,0,-1,0.0026018778,-0.00260187778621912,0.3531577,0.44034532,0,2
2024-02-28 10:30:00,0.3924969,1,1,0.002636072,0.0026360719930380583,0.39353156,0.75336146,1,2
2024-02-28 10:35:00,0.4120494,1,1,0.0021337792,0.002133779227733612,0.4129286,0.62707305,1,2
2024-02-28 10:40:00,0.55166537,1,1,0.002674058,0.0026740580797195435,0.5531406,0.59430975,1,2
2024-02-28 10:45:00,0.4648655,1,1,0.0022965244,0.002296524355188012,0.4659331,0.5100208,1,2
2024-02-28 10:50:00,0.3938187,1,1,0.0023295402,0.002329540206119418,0.39473614,0.36243063,0,2
2024-02-28 10:55:00,0.3517619,0,-1,0.0021203968,-0.0021203968208283186,0.35250777,0.22852151,0,2
2024-02-28 11:00:00,0.38410693,1,1,0.0019776814,0.00197768141515553,0.38486657,0.23528995,0,2
2024-02-28 11:05:00,0.47838482,1,1,0.0018684602,0.0018684602109715343,0.47927868,0.7912141,1,2
2024-02-28 11:10:00,0.3723743,1,1,0.0020771942,0.0020771941635757685,0.3731478,0.61356854,1,2
2024-02-28 11:15:00,0.4547582,1,1,0.0019059288,0.0019059288315474987,0.45562494,0.37034404,0,2
2024-02-28 11:20:00,0.6094012,1,1,0.0019507544,0.0019507544348016381,0.61059,0.43092328,0,2
2024-02-28 11:25:00,0.38195413,1,1,0.0019286665,0.0019286664901301265,0.38269082,0.42441678,0,2
2024-02-28 11:30:00,0.45530462,1,1,0.0020184775,0.0020184775348752737,0.45622364,0.7945774,1,2
2024-02-28 11:35:00,0.435636,1,1,0.002369457,0.002369456924498081,0.43666822,0.4704873,0,2
2024-02-28 11:40:00,0.3879743,1,1,0.0022824665,0.0022824665065854788,0.38885984,0.36311918,0,2
2024-02-28 11:45:00,0.48279724,1,1,0.0022477694,0.002247769385576248,0.48388246,0.6963777,1,2
2024-02-28 11:50:00,0.6203986,1,1,0.0023934743,0.0023934743367135525,0.6218835,0.36116198,0,2
2024-02-28 11:55:00,0.4289783,1,1,0.0023257732,0.002325773239135742,0.429976,0.5199706,1,2
2024-02-28 12:00:00,0.39966214,1,1,0.0023136071,0.0023136071395128965,0.4005868,0.4018554,0,2
2024-02-28 12:05:00,0.5569154,1,1,0.002630797,0.002630796981975436,0.55838054,0.72033733,1,2
2024-02-28 12:10:00,0.66312814,1,1,0.0026593213,0.0026593212969601154,0.6648916,0.6096685,1,2
2024-02-28 12:15:00,0.4915257,1,1,0.0026256812,0.0026256812270730734,0.4928163,0.79812986,1,2
2024-02-28 12:20:00,0.410715,1,1,0.0023954376,0.002395437564700842,0.41169885,0.58468103,1,2
2024-02-28 12:25:00,0.42282137,1,1,0.0029557757,0.002955775707960129,0.42407113,0.71270674,1,2
2024-02-28 12:30:00,0.4900613,1,1,0.0022330845,0.002233084524050355,0.49115562,0.6578555,1,2
2024-02-28 12:35:00,0.5662382,1,1,0.002353737,0.002353736897930503,0.56757104,0.7330178,1,2
2024-02-28 12:40:00,0.40207547,1,1,0.0026617607,0.002661760663613677,0.40314567,0.6843275,1,2
2024-02-28 12:45:00,0.32238737,0,-1,0.0025785454,-0.0025785453617572784,0.32321864,0.39638823,0,2
2024-02-28 12:50:00,0.2872329,0,-1,0.0029231329,-0.0029231328517198563,0.28807253,0.4535687,0,2
2024-02-28 12:55:00,0.52530587,1,1,0.003266233,0.003266233019530773,0.52702165,0.710363,1,2
2024-02-28 13:00:00,0.45657098,1,1,0.003439805,0.003439805004745722,0.45814148,0.7495808,1,2
2024-02-28 13:05:00,0.41628048,1,1,0.0035325093,0.003532509319484234,0.417751,0.5290571,1,2
2024-02-28 13:10:00,0.43487945,1,1,0.0029139128,0.002913912758231163,0.43614668,0.5578674,1,2
2024-02-28 13:15:00,0.38104066,1,1,0.0026396166,0.002639616606757045,0.3820465,0.60704815,1,2
2024-02-28 13:20:00,0.3743382,1,1,0.0026978164,0.002697816351428628,0.37534812,0.76620036,1,2
2024-02-28 13:25:00,0.3429508,0,-1,0.0027673473,-0.002767347265034914,0.34389985,0.63977987,-1,2
2024-02-28 13:30:00,0.37262088,1,1,0.0021090126,0.0021090125665068626,0.37340677,0.5463441,1,2
2024-02-28 13:35:00,0.5586773,1,1,0.0026796062,0.0026796062011271715,0.56017435,0.628496,1,2
2024-02-28 13:40:00,0.3885187,1,1,0.002493857,0.002493856940418482,0.3894876,0.6491016,1,2
2024-02-28 13:45:00,0.4260536,1,1,0.0024452384,0.002445238409563899,0.4270954,0.62032485,1,2
2024-02-28 13:50:00,0.447157,1,1,0.0024670593,0.0024670592974871397,0.44826016,0.52817297,1,2
2024-02-28 13:55:00,0.41258955,1,1,0.0023245781,0.002324578119441867,0.41354865,0.42413902,0,2
2024-02-28 14:00:00,0.45734623,1,1,0.0023446681,0.0023446681443601847,0.45841858,0.76752573,1,2
2024-02-28 14:05:00,0.5629448,1,1,0.0021907364,0.0021907363552600145,0.56417805,0.7948995,1,2
2024-02-28 14:10:00,0.5015485,1,1,0.002315476,0.002315476071089506,0.50270987,0.5153578,1,2
2024-02-28 14:15:00,0.38655207,1,1,0.002095449,0.0020954490173608065,0.38736206,0.105144076,0,2
2024-02-28 14:20:00,0.4821815,1,1,0.0024810305,0.002481030533090234,0.48337778,0.51188195,1,2
2024-02-28 14:25:00,0.5832146,1,1,0.0030610212,0.003061021212488413,0.58499986,0.838714,1,2
2024-02-28 14:30:00,0.430928,1,1,0.002619509,0.0026195088867098093,0.4320568,0.6775819,1,2
2024-02-28 14:35:00,0.44303477,1,1,0.0027324418,0.002732441760599613,0.4442453,0.79361767,1,2
2024-02-28 14:40:00,0.44617915,1,1,0.0035019643,0.0035019642673432827,0.4477417,0.6879644,1,2
2024-02-28 14:45:00,0.29219717,0,-1,0.003388469,-0.0033884691074490547,0.2931873,0.61610943,-1,2
2024-02-28 14:50:00,0.33693963,0,-1,0.002983963,-0.002983962884172797,0.33794504,0.54099613,-1,2
2024-02-28 14:55:00,0.3573019,0,-1,0.0027621419,-0.0027621418703347445,0.35828882,0.2078759,0,2
2024-02-28 15:00:00,0.4296969,1,1,0.0024562357,0.0024562356993556023,0.4307523,0.28538185,0,2
2024-02-28 15:05:00,0.35426825,0,-1,0.002386966,-0.002386966021731496,0.35511386,0.23485728,0,2
2024-02-28 15:10:00,0.28443444,0,-1,0.002609566,-0.0026095660869032145,0.2851767,0.5725456,-1,2
2024-02-28 15:15:00,0.39256674,1,1,0.0026961542,0.002696154173463583,0.39362517,0.55889475,1,2
2024-02-28 15:20:00,0.45518935,1,1,0.0022610372,0.002261037239804864,0.45621854,0.49019447,0,2
2024-02-28 15:25:00,0.45124584,1,1,0.0023074406,0.002307440619915724,0.45228705,0.6800882,1,2
2024-02-28 15:30:00,0.50751907,1,1,0.0026293462,0.002629346214234829,0.50885355,0.58326036,1,2
2024-02-28 15:35:00,0.39384034,1,1,0.0024334355,0.0024334355257451534,0.39479873,0.4300445,0,2
2024-02-28 15:40:00,0.5294872,1,1,0.0034087545,0.003408754477277398,0.5312921,0.5744555,1,2
2024-02-28 15:45:00,0.43475077,1,1,0.0022636892,0.0022636891808360815,0.4357349,0.54217446,1,2
2024-02-28 15:50:00,0.5345528,1,1,0.0031754407,0.0031754407100379467,0.5362503,0.5782748,1,2
2024-02-28 15:55:00,0.65394723,1,1,0.002854267,0.0028542669024318457,0.65581375,0.34949395,0,2
2024-02-29 09:30:00,0.43783224,1,1,0.0020788042,0.002078804187476635,0.4387424,0.24094339,0,2
2024-02-29 09:35:00,0.35386136,0,-1,0.0024484908,-0.0024484908208251,0.35472777,0.121578045,0,2
2024-02-29 09:40:00,0.41777393,1,1,0.002439061,0.0024390609469264746,0.4187929,0.42876416,0,2
2024-02-29 09:45:00,0.47315285,1,1,0.0023521539,0.0023521538823843002,0.47426575,0.59118783,1,2
2024-02-29 09:50:00,0.36992684,1,1,0.0022836165,0.0022836164571344852,0.3707716,0.19093704,0,2
2024-02-29 09:55:00,0.44909838,1,1,0.0022316086,0.002231608610600233,0.45010057,0.39888868,0,2
2024-02-29 10:00:00,0.41102123,1,1,0.002052055,0.002052054973319173,0.41186467,0.36426806,0,2
2024-02-29 10:05:00,0.55017513,1,1,0.0018325541,0.001832554116845131,0.5511834,0.68558556,1,2
2024-02-29 10:10:00,0.60653275,1,1,0.004616754,0.004616754129528999,0.609333,0.26413018,0,2
2024-02-29 10:15:00,0.53080404,1,1,0.004225666,0.004225666169077158,0.533047,0.2904152,0,2
2024-02-29 10:20:00,0.41319138,1,1,0.0019883518,0.001988351810723543,0.41401297,0.15237626,0,2
2024-02-29 10:25:00,0.38601395,1,1,0.0018422432,0.0018422432476654649,0.3867251,0.16073364,0,2
2024-02-29 10:30:00,0.5307219,1,1,0.0020152763,0.0020152763463556767,0.53179145,0.6903796,1,2
2024-02-29 10:35:00,0.46945617,1,1,0.002377504,0.0023775040172040462,0.4705723,0.44867685,0,2
2024-02-29 10:40:00,0.54414845,1,1,0.00227023,0.0022702300921082497,0.5453838,0.6028969,1,2
2024-02-29 10:45:00,0.56683505,1,1,0.001965369,0.0019653690978884697,0.5679491,0.3655274,0,2
2024-02-29 10:50:00,0.25143307,0,-1,0.0027897074,-0.002789707388728857,0.2521345,0.42993024,0,2
2024-02-29 10:55:00,0.45407328,1,1,0.0028869954,0.002886995440348983,0.4553842,0.74035,1,2
2024-02-29 11:00:00,0.41299886,1,1,0.0026672492,0.0026672491803765297,0.41410044,0.63040966,1,2
2024-02-29 11:05:00,0.37799907,1,1,0.002753608,0.002753607928752899,0.37903994,0.46574265,0,2
2024-02-29 11:10:00,0.48966697,1,1,0.0031036732,0.0031036732252687216,0.4911867,0.6442796,1,2
2024-02-29 11:15:00,0.6248421,1,1,0.002984705,0.002984704915434122,0.62670714,0.37974313,0,2
2024-02-29 11:20:00,0.6512632,1,1,0.0023806305,0.0023806304670870304,0.65281355,0.6182664,1,2
2024-02-29 11:25:00,0.63267887,1,1,0.0025329867,0.002532986691221595,0.6342814,0.38356775,0,2
2024-02-29 11:30:00,0.6018822,1,1,0.0049723564,0.004972356371581554,0.60487497,0.39795062,0,2
2024-02-29 11:35:00,0.42527387,1,1,0.0040789484,0.004078948404639959,0.42700854,0.23960726,0,2
2024-02-29 11:40:00,0.75520754,1,1,0.0058043017,0.005804301705211401,0.759591,0.55921966,1,2
2024-02-29 11:45:00,0.5830743,1,1,0.0052724173,0.005272417329251766,0.58614844,0.31840253,0,2
2024-02-29 11:50:00,0.4780434,1,1,0.0050394675,0.005039467476308346,0.48045248,0.6989506,1,2
2024-02-29 11:55:00,0.4121822,1,1,0.0044017844,0.004401784390211105,0.41399655,0.52828556,1,2
2024-02-29 12:00:00,0.40042603,1,1,0.0029386256,0.0029386256355792284,0.40160275,0.35238364,0,2
2024-02-29 12:05:00,0.37340444,1,1,0.003839116,0.0038391160778701305,0.374838,0.5808439,1,2
2024-02-29 12:10:00,0.5570755,1,1,0.003408815,0.003408815013244748,0.55897444,0.6380879,1,2
2024-02-29 12:15:00,0.47020954,1,1,0.0028921538,0.0028921538032591343,0.47156945,0.68468887,1,2
2024-02-29 12:20:00,0.40839875,1,1,0.002687957,0.002687956904992461,0.4094965,0.6549048,1,2
2024-02-29 12:25:00,0.5705544,1,1,0.0033060214,0.003306021448224783,0.5724406,0.8643433,1,2
2024-02-29 12:30:00,0.66724193,1,1,0.00328803,0.0032880299258977175,0.66943586,0.5893297,1,2
2024-02-29 12:35:00,0.6437687,1,1,0.0027635135,0.0027635134756565094,0.6455478,0.6931889,1,2
2024-02-29 12:40:00,0.43856463,1,1,0.002778823,0.002778823021799326,0.4397833,0.6573951,1,2
2024-02-29 12:45:00,0.3771241,1,1,0.0024226143,0.0024226142559200525,0.37803772,0.2682699,0,2
2024-02-29 12:50:00,0.42579973,1,1,0.0022425663,0.002242566319182515,0.42675462,0.16298181,0,2
2024-02-29 12:55:00,0.5464563,1,1,0.0026532542,0.002653254196047783,0.54790616,0.38247234,0,2
2024-02-29 13:00:00,0.39741835,1,1,0.0023696364,0.0023696364369243383,0.3983601,0.39591813,0,2
2024-02-29 13:05:00,0.51907647,1,1,0.002703416,0.0027034159284085035,0.52047974,0.44883463,0,2
2024-02-29 13:10:00,0.35583928,0,-1,0.002181527,-0.0021815269719809294,0.35661554,0.2613033,0,2
2024-02-29 13:15:00,0.36203408,0,-1,0.0023030555,-0.002303055487573147,0.36286786,0.42648366,0,2
2024-02-29 13:20:00,0.5788116,1,1,0.002129478,0.0021294779144227505,0.58004415,0.78295493,1,2
2024-02-29 13:25:00,0.3535459,0,-1,0.0021985425,-0.002198542468249798,0.3543232,0.29039824,0,2
2024-02-29 13:30:00,0.4000049,1,1,0.0023568592,0.0023568591568619013,0.40094766,0.42473564,0,2
2024-02-29 13:35:00,0.4517082,1,1,0.0023429375,0.0023429375141859055,0.4527665,0.5115838,1,2
2024-02-29 13:40:00,0.5962271,1,1,0.0023750563,0.002375056268647313,0.59764314,0.53019434,1,2
2024-02-29 13:45:00,0.4271127,1,1,0.0022063202,0.0022063201759010553,0.42805505,0.56647515,1,2
2024-02-29 13:50:00,0.33337837,0,-1,0.0021189665,-0.002118966542184353,0.33408478,0.23115058,0,2
2024-02-29 13:55:00,0.33425507,0,-1,0.0022118662,-0.0022118662018328905,0.33499438,0.33226386,0,2
2024-02-29 14:00:00,0.26896906,0,-1,0.002269872,-0.00226987199857831,0.2695796,0.18010138,0,2
2024-02-29 14:05:00,0.5563654,1,1,0.0023955202,0.002395520219579339,0.55769813,0.68218887,1,2
2024-02-29 14:10:00,0.3999209,1,1,0.0022662338,0.0022662337869405746,0.40082726,0.3092592,0,2
2024-02-29 14:15:00,0.43371323,1,1,0.0024034833,0.002403483260422945,0.43475565,0.47709236,0,2
2024-02-29 14:20:00,0.5218664,1,1,0.0023922105,0.0023922105319797993,0.5231148,0.7933472,1,2
2024-02-29 14:25:00,0.46016908,1,1,0.0022379286,0.0022379285655915737,0.4611989,0.7792185,1,2
2024-02-29 14:30:00,0.39319766,1,1,0.0022951309,0.0022951308637857437,0.3941001,0.4021666,0,2
2024-02-29 14:35:00,0.59885734,1,1,0.0026283837,0.002628383692353964,0.6004313,0.35692665,0,2
2024-02-29 14:40:00,0.46670645,1,1,0.0024499954,0.0024499953724443913,0.46784988,0.60587716,1,2
2024-02-29 14:45:00,0.42350122,1,1,0.002460301,0.002460300922393799,0.42454314,0.22880664,0,2
2024-02-29 14:50:00,0.38896763,1,1,0.0024369021,0.002436902141198516,0.3899155,0.4654247,0,2
2024-02-29 14:55:00,0.49531263,1,1,0.0023912818,0.002391281770542264,0.4964971,0.21331833,0,2
2024-02-29 15:00:00,0.4587332,1,1,0.0025166105,0.0025166105479002,0.45988765,0.7157511,1,2
2024-02-29 15:05:00,0.35608822,0,-1,0.002786024,-0.002786024007946253,0.3570803,0.35531816,0,2
2024-02-29 15:10:00,0.510487,1,1,0.0024523465,0.002452346496284008,0.5117389,0.68486315,1,2
2024-02-29 15:15:00,0.4106534,1,1,0.0022885874,0.0022885873913764954,0.41159323,0.6618314,1,2
2024-02-29 15:20:00,0.44774565,1,1,0.0026036364,0.0026036363560706377,0.44891143,0.71744436,1,2
2024-02-29 15:25:00,0.27117574,0,-1,0.0022329804,-0.0022329804487526417,0.2717813,0.28629506,0,2
2024-02-29 15:30:00,0.35823762,0,-1,0.0021371252,-0.002137125236913562,0.35900325,0.45392218,0,2
2024-02-29 15:35:00,0.34450677,0,-1,0.002338788,-0.002338788006454706,0.3453125,0.18197225,0,2
2024-02-29 15:40:00,0.4595305,1,1,0.0021813763,0.0021813763305544853,0.46053293,0.65668625,1,2
2024-02-29 15:45:00,0.5225441,1,1,0.0020413513,0.002041351282969117,0.5236108,0.21777257,0,2
2024-02-29 15:50:00,0.3128817,0,-1,0.0022521536,-0.0022521535865962505,0.31358635,0.06466055,0,2
2024-02-29 15:55:00,0.6487107,1,1,0.0035321396,0.0035321395844221115,0.6510021,0.39858845,0,2
2024-03-01 09:30:00,0.5964236,1,1,0.0024275836,0.002427583560347557,0.5978715,0.3006671,0,2
2024-03-01 09:35:00,0.5551803,1,1,0.002428673,0.0024286729749292135,0.5565286,0.5257939,1,2
2024-03-01 09:40:00,0.40812477,1,1,0.0022436262,0.0022436261642724276,0.40904045,0.5691668,1,2
2024-03-01 09:45:00,0.4370763,1,1,0.0022118308,0.002211830811575055,0.43804303,0.5802628,1,2
2024-03-01 09:50:00,0.45874783,1,1,0.0029124757,0.0029124757274985313,0.46008396,0.8047404,1,2
2024-03-01 09:55:00,0.41731346,1,1,0.0023028792,0.002302879234775901,0.4182745,0.09518404,0,2
2024-03-01 10:00:00,0.6096868,1,1,0.0035934872,0.003593487199395895,0.6118777,0.33579457,0,2
2024-03-01 10:05:00,0.5279848,1,1,0.002280627,0.0022806269116699696,0.52918893,0.13089,0,2
2024-03-01 10:10:00,0.44177186,1,1,0.0020082167,0.0020082166884094477,0.44265902,0.5082147,1,2
2024-03-01 10:15:00,0.5183826,1,1,0.0022811189,0.00228111888282001,0.5195651,0.68135595,1,2
2024-03-01 10:20:00,0.4470955,1,1,0.0019939262,0.001993926241993904,0.44798696,0.7625403,1,2
2024-03-01 10:25:00,0.66378146,1,1,0.001833361,0.0018333609914407134,0.6649984,0.546351,1,2
2024-03-01 10:30:00,0.5273144,1,1,0.0017239642,0.0017239642329514027,0.5282235,0.8350469,1,2
2024-03-01 10:35:00,0.5724504,1,1,0.0022357204,0.0022357203997671604,0.5737303,0.62946,1,2
2024-03-01 10:40:00,0.5035066,1,1,0.002312593,0.0023125929292291403,0.504671,0.18714742,0,2
2024-03-01 10:45:00,0.37165168,1,1,0.0020490915,0.0020490915048867464,0.37241322,0.4654026,0,2
2024-03-01 10:50:00,0.39536384,1,1,0.0018256496,0.0018256496405228972,0.39608565,0.13861886,0,2
2024-03-01 10:55:00,0.36982918,1,1,0.0016977965,0.001697796513326466,0.37045705,0.28554085,0,2
2024-03-01 11:00:00,0.4121777,1,1,0.0019583427,0.0019583427347242832,0.4129849,0.25078565,0,2
2024-03-01 11:05:00,0.23168205,0,-1,0.0020007864,-0.0020007863640785217,0.2321456,0.19831607,0,2
2024-03-01 11:10:00,0.5305706,1,1,0.0016797427,0.0016797427088022232,0.5314619,0.6738458,1,2
2024-03-01 11:15:00,0.37046757,1,1,0.0017626855,0.001762685482390225,0.37112057,0.17468438,0,2
2024-03-01 11:20:00,0.3914209,1,1,0.0018783711,0.0018783711129799485,0.39215612,0.3479591,0,2
2024-03-01 11:25:00,0.61928165,1,1,0.0018791013,0.001879101269878447,0.6204453,0.280805,0,2
2024-03-01 11:30:00,0.5425552,1,1,0.0019320432,0.0019320432329550385,0.5436034,0.40421993,0,2
2024-03-01 11:35:00,0.45483124,1,1,0.001901153,0.0019011530093848705,0.45569596,0.10410154,0,2
2024-03-01 11:40:00,0.488844,1,1,0.0017433187,0.0017433187458664179,0.4896962,0.12757088,0,2
2024-03-01 11:45:00,0.52587557,1,1,0.0018176564,0.001817656448110938,0.52683145,0.08291204,0,2
2024-03-01 11:50:00,0.31344742,0,-1,0.0021280195,-0.0021280194632709026,0.31411442,0.06177922,0,2
2024-03-01 11:55:00,0.41441286,1,1,0.0020701473,0.0020701473113149405,0.41527078,0.22880879,0,2
2024-03-01 12:00:00,0.54154325,1,1,0.0023770982,0.0023770981933921576,0.5428306,0.32592508,0,2
2024-03-01 12:05:00,0.48657638,1,1,0.0023346555,0.0023346554953604937,0.48771238,0.22973137,0,2
2024-03-01 12:10:00,0.5717506,1,1,0.0023450756,0.002345075597986579,0.5730914,0.12879434,0,2
2024-03-01 12:15:00,0.34239122,0,-1,0.0024285887,-0.002428588690236211,0.34322274,0.123293415,0,2
2024-03-01 12:20:00,0.29851207,0,-1,0.0022759228,-0.0022759228013455868,0.29919147,0.03985506,0,2
2024-03-01 12:25:00,0.30427966,0,-1,0.0023022876,-0.0023022876121103764,0.3049802,0.055312622,0,2
2024-03-01 12:30:00,0.25301674,0,-1,0.0025057634,-0.0025057634338736534,0.25365075,0.09717798,0,2
2024-03-01 12:35:00,0.3055115,0,-1,0.0022200726,-0.002220072550699115,0.30618975,0.06074563,0,2
2024-03-01 12:40:00,0.284149,0,-1,0.002368724,-0.002368723973631859,0.28482205,0.07047687,0,2
2024-03-01 12:45:00,0.2601189,0,-1,0.0027037424,-0.0027037423569709063,0.2608222,0.074206434,0,2
2024-03-01 12:50:00,0.20543376,0,-1,0.0022508553,-0.0022508553229272366,0.20589617,0.063957855,0,2
2024-03-01 12:55:00,0.3624158,1,1,0.0021712577,0.002171257743611932,0.3632027,0.266657,0,2
2024-03-01 13:00:00,0.31057832,0,-1,0.0023531136,-0.0023531136102974415,0.31130913,0.07421631,0,2
2024-03-01 13:05:00,0.23372039,0,-1,0.0022907592,-0.0022907592356204987,0.23425578,0.061402407,0,2
2024-03-01 13:10:00,0.26104978,0,-1,0.0023387978,-0.0023387977853417397,0.2616603,0.06772845,0,2
2024-03-01 13:15:00,0.26360062,0,-1,0.0020195937,-0.0020195937249809504,0.264133,0.10170965,0,2
2024-03-01 13:20:00,0.23164518,0,-1,0.0023240703,-0.002324070315808058,0.23218355,0.07856618,0,2
2024-03-01 13:25:00,0.16664965,0,-1,0.0022264072,-0.0022264071740210056,0.16702068,0.064410135,0,2
2024-03-01 13:30:00,0.24643326,0,-1,0.0023491054,-0.00234910543076694,0.24701217,0.06434211,0,2
2024-03-01 13:35:00,0.21441251,0,-1,0.0023663621,-0.002366362139582634,0.21491988,0.05452298,0,2
2024-03-01 13:40:00,0.26036674,0,-1,0.0024758661,-0.0024758661165833473,0.26101136,0.044001438,0,2
2024-03-01 13:45:00,0.31955618,0,-1,0.0022568004,-0.0022568004205822945,0.32027733,0.074311204,0,2
2024-03-01 13:50:00,0.24814884,0,-1,0.0027550734,-0.0027550733648240566,0.24883251,0.0714188,0,2
2024-03-01 13:55:00,0.53579694,1,1,0.00341328,0.0034132800064980984,0.5376258,0.2736113,0,2
2024-03-01 14:00:00,0.3937092,1,1,0.003574579,0.0035745790228247643,0.39511657,0.3406113,0,2
2024-03-01 14:05:00,0.340579,0,-1,0.0033566914,-0.0033566914498806,0.34172222,0.05191912,0,2
2024-03-01 14:10:00,0.30139694,0,-1,0.0033613492,-0.0033613492269068956,0.30241004,0.12544382,0,2
2024-03-01 14:15:00,0.4016499,1,1,0.003267476,0.003267476102337241,0.4029623,0.32202125,0,2
2024-03-01 14:20:00,0.31586856,0,-1,0.0035129557,-0.0035129557363688946,0.3169782,0.05828174,0,2
2024-03-01 14:25:00,0.43595248,1,1,0.0033051907,0.003305190708488226,0.4373934,0.3249399,0,2
2024-03-01 14:30:00,0.44910032,1,1,0.0031183257,0.003118325723335147,0.45050073,0.71998614,1,2
2024-03-01 14:35:00,0.41536134,1,1,0.0022641195,0.002264119451865554,0.4163018,0.24358247,0,2
2024-03-01 14:40:00,0.24743871,0,-1,0.002217903,-0.002217903034761548,0.24798751,0.047514055,0,2
2024-03-01 14:45:00,0.2852338,0,-1,0.0025781237,-0.0025781237054616213,0.28596917,0.11588769,0,2
2024-03-01 14:50:00,0.27968577,0,-1,0.0033158148,-0.003315814770758152,0.28061315,0.07090717,0,2
2024-03-01 14:55:00,0.2998526,0,-1,0.0036238746,-0.0036238746251910925,0.30093923,0.060025975,0,2
2024-03-01 15:00:00,0.32893255,0,-1,0.00219675,-0.0021967499051243067,0.32965514,0.20504001,0,2
2024-03-01 15:05:00,0.3255873,0,-1,0.0025798935,-0.0025798934511840343,0.32642728,0.10025546,0,2
2024-03-01 15:10:00,0.29213414,0,-1,0.0023403906,-0.0023403905797749758,0.29281786,0.06289339,0,2
2024-03-01 15:15:00,0.2313177,0,-1,0.002361449,-0.00236144894734025,0.23186393,0.10643188,0,2
2024-03-01 15:20:00,0.35690325,0,-1,0.0020340993,-0.00203409930691123,0.3576292,0.15696838,0,2
2024-03-01 15:25:00,0.52722734,1,1,0.0020990823,0.002099082339555025,0.528334,0.34912997,0,2
2024-03-01 15:30:00,0.44494185,1,1,0.0021068337,0.0021068337373435497,0.44587925,0.39324966,0,2
2024-03-01 15:35:00,0.3330218,0,-1,0.0020398493,-0.002039849292486906,0.33370107,0.14784636,0,2
2024-03-01 15:40:00,0.22878975,0,-1,0.0025593035,-0.0025593035388737917,0.22937529,0.08567691,0,2
2024-03-01 15:45:00,0.22312309,0,-1,0.002299593,-0.00229959306307137,0.22363617,0.12879609,0,2
2024-03-01 15:50:00,0.32171932,0,-1,0.0026417316,-0.0026417316403239965,0.3225692,0.15321323,0,2
2024-03-01 15:55:00,0.43543395,1,1,0.003641238,0.00364123797044158,0.43701947,0.17907535,0,2
2024-03-04 09:30:00,0.34280202,0,-1,0.0034736283,-0.0034736283123493195,0.3439928,0.15487386,0,2
2024-03-04 09:35:00,0.38813365,1,1,0.0030578831,0.003057883121073246,0.3893205,0.15705092,0,2
2024-03-04 09:40:00,0.38323185,1,1,0.002348559,0.0023485589772462845,0.38413188,0.103464164,0,2
2024-03-04 09:45:00,0.44572327,1,1,0.0023672539,0.0023672538809478283,0.44677842,0.15029156,0,2
2024-03-04 09:50:00,0.45500407,1,1,0.0019883374,0.0019883373752236366,0.45590875,0.4373938,0,2
2024-03-04 09:55:00,0.5440357,1,1,0.0021323585,0.002132358495146036,0.54519576,0.25593477,0,2
2024-03-04 10:00:00,0.56671166,1,1,0.002231554,0.0022315538953989744,0.56797636,0.10570494,0,2
2024-03-04 10:05:00,0.45747384,1,1,0.0021230953,0.002123095327988267,0.4584451,0.20240724,0,2
2024-03-04 10:10:00,0.50257444,1,1,0.0031475793,0.00314757926389575,0.50415635,0.25318715,0,2
2024-03-04 10:15:00,0.44629553,1,1,0.0022691733,0.0022691732738167048,0.44730824,0.2765587,0,2
2024-03-04 10:20:00,0.5516705,1,1,0.0025426089,0.0025426088832318783,0.55307317,0.35601705,0,2
2024-03-04 10:25:00,0.5675928,1,1,0.0022573145,0.002257314510643482,0.56887406,0.19874431,0,2
2024-03-04 10:30:00,0.5256276,1,1,0.0024548175,0.0024548175279051065,0.52691793,0.21304,0,2
2024-03-04 10:35:00,0.46088567,1,1,0.0028203418,0.0028203418478369713,0.46218553,0.29060626,0,2
2024-03-04 10:40:00,0.34044382,0,-1,0.0026515424,-0.0026515424251556396,0.34134653,0.2167024,0,2
2024-03-04 10:45:00,0.5250148,1,1,0.0025455446,0.00254554464481771,0.5263513,0.1870988,0,2
2024-03-04 10:50:00,0.4321693,1,1,0.0025669509,0.002566950861364603,0.43327865,0.093418755,0,2
2024-03-04 10:55:00,0.48701957,1,1,0.0027274908,0.0027274908497929573,0.48834792,0.19531018,0,2
2024-03-04 11:00:00,0.4906092,1,1,0.0024297256,0.0024297256022691727,0.49180123,0.13285773,0,2
2024-03-04 11:05:00,0.6000238,1,1,0.0027157497,0.00271574966609478,0.6016533,0.08949609,0,2
2024-03-04 11:10:00,0.5149967,1,1,0.0025645618,0.0025645617861300707,0.5163174,0.12890366,0,2
2024-03-04 11:15:00,0.557172,1,1,0.0027375265,0.00273752654902637,0.5586973,0.10185366,0,2
2024-03-04 11:20:00,0.4071593,1,1,0.0031147248,0.003114724764600396,0.40842748,0.20599683,0,2
2024-03-04 11:25:00,0.4072796,1,1,0.0027514114,0.0027514114044606686,0.40840024,0.1639597,0,2
2024-03-04 11:30:00,0.47070876,1,1,0.0033622084,0.0033622083719819784,0.47229135,0.23730782,0,2
2024-03-04 11:35:00,0.4505407,1,1,0.0026857252,0.002685725223273039,0.4517507,0.24380964,0,2
2024-03-04 11:40:00,0.66606015,1,1,0.0026061845,0.0026061844546347857,0.667796,0.17825048,0,2
2024-03-04 11:45:00,0.6123497,1,1,0.0026260228,0.0026260227896273136,0.61395776,0.24500138,0,2
2024-03-04 11:50:00,0.5755967,1,1,0.0026179985,0.0026179985143244267,0.57710356,0.31055224,0,2
2024-03-04 11:55:00,0.54681784,1,1,0.0025898723,0.0025898723397403955,0.548234,0.28963244,0,2
2024-03-04 12:00:00,0.62575537,1,1,0.0025813198,0.002581319771707058,0.62737066,0.13850738,0,2
2024-03-04 12:05:00,0.65439975,1,1,0.0027239602,0.00272396020591259,0.6561823,0.17701973,0,2
2024-03-04 12:10:00,0.54263705,1,1,0.0028029012,0.002802901202812791,0.544158,0.23705515,0,2
2024-03-04 12:15:00,0.37381488,1,1,0.0028119523,0.0028119522612541914,0.374866,0.15743706,0,2
2024-03-04 12:20:00,0.31159753,0,-1,0.0026315562,-0.0026315562427043915,0.3124175,0.25145137,0,2
2024-03-04 12:25:00,0.35032734,0,-1,0.002474152,-0.0024741520173847675,0.3511941,0.06594317,0,2
2024-03-04 12:30:00,0.4371348,1,1,0.0024303778,0.002430377760902047,0.43819717,0.098773845,0,2
2024-03-04 12:35:00,0.6591399,1,1,0.002484254,0.0024842540733516216,0.66077733,0.10128909,0,2
2024-03-04 12:40:00,0.47349244,1,1,0.0024668507,0.002466850681230426,0.47466046,0.1396283,0,2
2024-03-04 12:45:00,0.51628685,1,1,0.002523504,0.00252350396476686,0.51758975,0.09017341,0,2
2024-03-04 12:50:00,0.33809894,0,-1,0.0023466547,-0.0023466546554118395,0.33889234,0.1660586,0,2
2024-03-04 12:55:00,0.55828077,1,1,0.0026088723,0.002608872251585126,0.55973727,0.09202908,0,2
2024-03-04 13:00:00,0.6168368,1,1,0.0026408345,0.002640834543853998,0.6184658,0.043990616,0,2
2024-03-04 13:05:00,0.6997579,1,1,0.0025659858,0.0025659857783466578,0.70155346,0.07670929,0,2
2024-03-04 13:10:00,0.65001714,1,1,0.0025430808,0.0025430808309465647,0.6516702,0.15632565,0,2
2024-03-04 13:15:00,0.7050819,1,1,0.0027527316,0.002752731554210186,0.70702285,0.06995569,0,2
2024-03-04 13:20:00,0.43610522,1,1,0.0030077128,0.00300771277397871,0.4374169,0.36292338,0,2
2024-03-04 13:25:00,0.32246998,0,-1,0.0027300778,-0.0027300778310745955,0.32335037,0.14734311,0,2
2024-03-04 13:30:00,0.55616647,1,1,0.002773356,0.0027733559254556894,0.5577089,0.1871704,0,2
2024-03-04 13:35:00,0.7291932,1,1,0.0025336358,0.002533635823056102,0.7310408,0.15194765,0,2
2024-03-04 13:40:00,0.63441813,1,1,0.0024927019,0.002492701867595315,0.6359995,0.1038036,0,2
2024-03-04 13:45:00,0.64095914,1,1,0.00237024,0.002370239933952689,0.64247835,0.21796972,0,2
2024-03-04 13:50:00,0.6326519,1,1,0.002572083,0.0025720829144120216,0.63427913,0.08885858,0,2
2024-03-04 13:55:00,0.67988825,1,1,0.0026794383,0.002679438330233097,0.68171,0.23639545,0,2
2024-03-04 14:00:00,0.4095788,1,1,0.0022161477,0.0022161477245390415,0.41048646,0.21473233,0,2
2024-03-04 14:05:00,0.49720982,1,1,0.0024102663,0.002410266315564513,0.49840823,0.12162668,0,2
2024-03-04 14:10:00,0.5839052,1,1,0.0029485219,0.0029485218692570925,0.5856269,0.18375982,0,2
2024-03-04 14:15:00,0.4295071,1,1,0.0027472738,0.0027472737710922956,0.4306871,0.2683748,0,2
2024-03-04 14:20:00,0.5442844,1,1,0.0027258021,0.002725802129134536,0.545768,0.2933202,0,2
2024-03-04 14:25:00,0.56738055,1,1,0.002879103,0.002879102947190404,0.56901413,0.23869906,0,2
2024-03-04 14:30:00,0.371905,1,1,0.002682392,0.00268239201977849,0.3729026,0.16458103,0,2
2024-03-04 14:35:00,0.4173694,1,1,0.0021227284,0.0021227283868938684,0.41825536,0.0773242,0,2
2024-03-04 14:40:00,0.22954327,0,-1,0.002315365,-0.0023153650108724833,0.23007475,0.06913565,0,2
2024-03-04 14:45:00,0.30072182,0,-1,0.0023786083,-0.0023786083329468966,0.3014371,0.10082758,0,2
2024-03-04 14:50:00,0.30483133,0,-1,0.0027724085,-0.002772408537566662,0.30567646,0.07948251,0,2
2024-03-04 14:55:00,0.45078686,1,1,0.0021868786,0.0021868785843253136,0.4517727,0.40280664,0,2
2024-03-04 15:00:00,0.38786608,1,1,0.0021094326,0.0021094325929880142,0.38868424,0.13408339,0,2
2024-03-04 15:05:00,0.3006642,0,-1,0.0023564112,-0.0023564111907035112,0.30137268,0.05542047,0,2
2024-03-04 15:10:00,0.31427452,0,-1,0.0022872905,-0.0022872905246913433,0.31499335,0.036632672,0,2
2024-03-04 15:15:00,0.45363975,1,1,0.0023050453,0.002305045258253813,0.4546854,0.25793678,0,2
2024-03-04 15:20:00,0.45554614,1,1,0.0017756565,0.001775656477548182,0.456355,0.229389,0,2
2024-03-04 15:25:00,0.513758,1,1,0.0019508242,0.0019508241675794125,0.51476026,0.40896702,0,2
2024-03-04 15:30:00,0.6031207,1,1,0.0018883632,0.0018883631564676762,0.6042596,0.22245957,0,2
2024-03-04 15:35:00,0.38308877,1,1,0.0018679644,0.0018679643981158733,0.38380438,0.25285524,0,2
2024-03-04 15:40:00,0.42492372,1,1,0.0028452512,0.0028452512342482805,0.42613274,0.36068603,0,2
2024-03-04 15:45:00,0.37423155,1,1,0.0026903385,0.0026903385296463966,0.37523836,0.2329839,0,2
2024-03-04 15:50:00,0.5231938,1,1,0.003523599,0.0035235988907516003,0.5250373,0.1442687,0,2
2024-03-04 15:55:00,0.5538433,1,1,0.0037297392,0.003729739226400852,0.555909,0.1685509,0,2
2024-03-05 09:30:00,0.12560998,0,-1,0.0016452728,-0.0016452728305011988,0.12581664,0.20449503,0,2
2024-03-05 09:35:00,0.53444093,1,1,0.0011457767,0.001145776710473001,0.53505325,0.12588716,0,2
2024-03-05 09:40:00,0.5329504,1,1,0.0017452777,0.0017452776664867997,0.53388053,0.14890708,0,2
2024-03-05 09:45:00,0.4632651,1,1,0.0015194156,0.0015194156439974904,0.463969,0.26871932,0,2
2024-03-05 09:50:00,0.4451895,1,1,0.0013393229,0.0013393228873610497,0.44578576,0.0919631,0,2
2024-03-05 09:55:00,0.39151427,1,1,0.0015601908,0.0015601908089593053,0.39212513,0.23328225,0,2
2024-03-05 10:00:00,0.6307683,1,1,0.001271768,0.001271768007427454,0.63157046,0.15829948,0,2
2024-03-05 10:05:00,0.35676572,0,-1,0.0014138471,-0.0014138470869511366,0.35727012,0.20433621,0,2
2024-03-05 10:10:00,0.47762313,1,1,0.0010843389,0.0010843388736248016,0.47814104,0.2572812,0,2
2024-03-05 10:15:00,0.5543717,1,1,0.001041393,0.0010413930285722017,0.55494905,0.57744247,1,2
2024-03-05 10:20:00,0.6036934,1,1,0.0012114344,0.001211434369906783,0.6044247,0.339273,0,2
2024-03-05 10:25:00,0.6109003,1,1,0.001588185,0.0015881849685683846,0.6118705,0.36284536,0,2
2024-03-05 10:30:00,0.6106785,1,1,0.0011003698,0.0011003698455169797,0.6113505,0.59142065,1,2
2024-03-05 10:35:00,0.63195544,1,1,0.0016476574,0.0016476573655381799,0.63299674,0.57845163,1,2
2024-03-05 10:40:00,0.63170666,1,1,0.0020136617,0.002013661665841937,0.63297874,0.5325838,1,2
2024-03-05 10:45:00,0.6853776,1,1,0.0009483256,0.0009483256144449115,0.6860275,0.7665093,1,2
2024-03-05 10:50:00,0.62489194,1,1,0.0019061388,0.0019061388447880745,0.6260831,0.5483852,1,2
2024-03-05 10:55:00,0.5538348,1,1,0.0017304793,0.0017304793000221252,0.5547932,0.44524193,0,2
2024-03-05 11:00:00,0.5094138,1,1,0.002469559,0.0024695589672774076,0.5106718,0.5954659,1,2
2024-03-05 11:05:00,0.44030994,1,1,0.0018461546,0.0018461545696482062,0.44112283,0.6773943,1,2
2024-03-05 11:10:00,0.5478165,1,1,0.0013386157,0.001338615664280951,0.54854983,0.6792949,1,2
2024-03-05 11:15:00,0.4601418,1,1,0.0019023109,0.0019023108761757612,0.46101716,0.6278632,1,2
2024-03-05 11:20:00,0.2801454,0,-1,0.0014768906,-0.0014768906403332949,0.28055915,0.5435693,-1,2
2024-03-05 11:25:00,0.3765377,1,1,0.0020914997,0.0020914997439831495,0.37732524,0.49997985,0,2
2024-03-05 11:30:00,0.41343,1,1,0.0030151107,0.0030151107348501682,0.41467658,0.7430781,1,2
2024-03-05 11:35:00,0.56557363,1,1,0.004353973,0.0043539730831980705,0.56803614,0.6902955,1,2
2024-03-05 11:40:00,0.6940703,1,1,0.00396257,0.003962569870054722,0.69682056,0.42488852,0,2
2024-03-05 11:45:00,0.6949242,1,1,0.0052788337,0.0052788336761295795,0.69859254,0.6750941,1,2
2024-03-05 11:50:00,0.70696735,1,1,0.004431809,0.0044318088330328465,0.71010053,0.8630873,1,2
2024-03-05 11:55:00,0.6623754,1,1,0.005157028,0.00515702785924077,0.6657913,0.4484908,0,2
2024-03-05 12:00:00,0.4705623,1,1,0.004838639,0.004838638938963413,0.47283918,0.6509035,1,2
2024-03-05 12:05:00,0.47827944,1,1,0.0032403723,0.003240372287109494,0.47982922,0.79185903,1,2
2024-03-05 12:10:00,0.37602022,1,1,0.002574589,0.002574589103460312,0.37698832,0.45111558,0,2
2024-03-05 12:15:00,0.5863739,1,1,0.0031549768,0.003154976759105921,0.58822393,0.71148396,1,2
2024-03-05 12:20:00,0.3615568,0,-1,0.0026199615,-0.0026199615094810724,0.36250407,0.17986281,0,2
2024-03-05 12:25:00,0.35086507,0,-1,0.0027127352,-0.0027127352077513933,0.35181686,0.3665551,0,2
2024-03-05 12:30:00,0.3849559,1,1,0.0024404272,0.0024404271971434355,0.38589537,0.4518133,0,2
2024-03-05 12:35:00,0.47771546,1,1,0.0028238758,0.0028238757513463497,0.47906443,0.84821576,1,2
2024-03-05 12:40:00,0.39257023,1,1,0.0024671224,0.00246712239459157,0.39353877,0.14987157,0,2
2024-03-05 12:45:00,0.5514191,1,1,0.0028812066,0.0028812065720558167,0.5530078,0.70611805,1,2
2024-03-05 12:50:00,0.62294674,1,1,0.0027795103,0.002779510337859392,0.6246782,0.2863088,0,2
2024-03-05 12:55:00,0.6890104,1,1,0.0030735978,0.0030735977925360203,0.69112813,0.6840901,1,2
2024-03-05 13:00:00,0.4901929,1,1,0.0034178523,0.003417852334678173,0.4918683,0.7172637,1,2
2024-03-05 13:05:00,0.4727205,1,1,0.0026236267,0.0026236267294734716,0.47396076,0.2312222,0,2
2024-03-05 13:10:00,0.662799,1,1,0.0030482216,0.003048221580684185,0.66481936,0.6736401,1,2
2024-03-05 13:15:00,0.5048268,1,1,0.005488414,0.005488413851708174,0.50759745,0.39373377,0,2
2024-03-05 13:20:00,0.46433032,1,1,0.0066264085,0.00662640854716301,0.46740714,0.6914492,1,2
2024-03-05 13:25:00,0.49769953,1,1,0.0035922711,0.003592271124944091,0.4994874,0.78231084,1,2
2024-03-05 13:30:00,0.46168146,1,1,0.0024892748,0.0024892748333513737,0.46283072,0.5763241,1,2
2024-03-05 13:35:00,0.5882479,1,1,0.005361778,0.005361778195947409,0.59140193,0.39891946,0,2
2024-03-05 13:40:00,0.641126,1,1,0.004364629,0.0043646288104355335,0.64392424,0.5683335,1,2
2024-03-05 13:45:00,0.6026991,1,1,0.0064323437,0.006432343740016222,0.60657585,0.584402,1,2
2024-03-05 13:50:00,0.6000551,1,1,0.0061628656,0.006162865553051233,0.60375315,0.33063754,0,2
2024-03-05 13:55:00,0.5998126,1,1,0.004870275,0.004870275035500526,0.6027339,0.45593652,0,2
2024-03-05 14:00:00,0.5833266,1,1,0.0064783893,0.006478389259427786,0.58710563,0.7386093,1,2
2024-03-05 14:05:00,0.6521554,1,1,0.0065473523,0.0065473522990942,0.6564253,0.59471834,1,2
2024-03-05 14:10:00,0.55303454,1,1,0.006912477,0.006912476848810911,0.5568574,0.6286547,1,2
2024-03-05 14:15:00,0.52309626,1,1,0.006835443,0.006835442967712879,0.5266719,0.6264617,1,2
2024-03-05 14:20:00,0.5375176,1,1,0.0071785958,0.007178595755249262,0.5413762,0.69579875,1,2
2024-03-05 14:25:00,0.67509115,1,1,0.007856755,0.007856754586100578,0.6803951,0.68425214,1,2
2024-03-05 14:30:00,0.56111956,1,1,0.004464554,0.004464554134756327,0.5636247,0.42774752,0,2
2024-03-05 14:35:00,0.65905035,1,1,0.005964094,0.005964093841612339,0.662981,0.49559292,0,2
2024-03-05 14:40:00,0.6255374,1,1,0.0046554464,0.004655446391552687,0.62844956,0.4357913,0,2
2024-03-05 14:45:00,0.76999366,1,1,0.0049304673,0.004930467344820499,0.7737901,0.76587474,1,2
2024-03-05 14:50:00,0.7621491,1,1,0.00581401,0.005814009811729193,0.7665802,0.55484563,1,2
2024-03-05 14:55:00,0.7732615,1,1,0.005192432,0.005192432086914778,0.7772766,0.4808936,0,2
2024-03-05 15:00:00,0.7256162,1,1,0.005390953,0.005390952806919813,0.729528,0.7477847,1,2
2024-03-05 15:05:00,0.7706889,1,1,0.003848537,0.003848537104204297,0.77365494,0.74042606,1,2
2024-03-05 15:10:00,0.6664811,1,1,0.0038898424,0.003889842424541712,0.6690736,0.6943163,1,2
2024-03-05 15:15:00,0.8388687,1,1,0.0045191376,0.004519137553870678,0.8426596,0.7492126,1,2
2024-03-05 15:20:00,0.7973401,1,1,0.0033418196,0.0033418196253478527,0.80000466,0.58808964,1,2
2024-03-05 15:25:00,0.80968463,1,1,0.0028037769,0.002803776878863573,0.81195486,0.8233799,1,2
2024-03-05 15:30:00,0.6932003,1,1,0.0037444972,0.0037444971967488527,0.69579595,0.5096194,1,2
2024-03-05 15:35:00,0.62097067,1,1,0.0031078155,0.0031078155152499676,0.6229005,0.70722264,1,2
2024-03-05 15:40:00,0.65913737,1,1,0.003656627,0.0036566269118338823,0.6615476,0.70774364,1,2
2024-03-05 15:45:00,0.73550856,1,1,0.0039413027,0.00394130265340209,0.73840743,0.24601619,0,2
2024-03-05 15:50:00,0.783493,1,1,0.0041859937,0.004185993690043688,0.7867727,0.2640673,0,2
2024-03-05 15:55:00,0.65267295,1,1,0.0037972012,0.00379720120690763,0.65515125,0.5931669,1,2
2024-03-06 09:30:00,0.3468821,0,-1,0.0029261156,-0.002926115645095706,0.3478971,0.21568803,0,2
2024-03-06 09:35:00,0.45757055,1,1,0.0024246713,0.0024246713146567345,0.45868003,0.77775216,1,2
2024-03-06 09:40:00,0.59024036,1,1,0.0024877845,0.0024877844844013453,0.5917087,0.21594729,0,2
2024-03-06 09:45:00,0.4722535,1,1,0.0021094903,0.0021094903349876404,0.47324973,0.53914195,1,2
2024-03-06 09:50:00,0.59088075,1,1,0.0021000034,0.00210000341758132,0.5921216,0.38749608,0,2
2024-03-06 09:55:00,0.5560985,1,1,0.0020826624,0.0020826624240726233,0.5572567,0.7800685,1,2
2024-03-06 10:00:00,0.5591478,1,1,0.004243745,0.004243745002895594,0.56152064,0.70670813,1,2
2024-03-06 10:05:00,0.6471807,1,1,0.004674231,0.004674231167882681,0.65020573,0.76889104,1,2
2024-03-06 10:10:00,0.48148218,1,1,0.0024132186,0.0024132186081260443,0.48264414,0.24560434,0,2
2024-03-06 10:15:00,0.4763322,1,1,0.0019395954,0.0019395954441279173,0.47725612,0.22346503,0,2
2024-03-06 10:20:00,0.5899067,1,1,0.001856777,0.0018567770021036267,0.59100205,0.32254156,0,2
2024-03-06 10:25:00,0.608509,1,1,0.0019536063,0.0019536062609404325,0.60969776,0.6232327,1,2
2024-03-06 10:30:00,0.6667813,1,1,0.0019329407,0.0019329406786710024,0.6680702,0.1345785,0,2
2024-03-06 10:35:00,0.55114496,1,1,0.0018824195,0.0018824194557964802,0.55218244,0.75583786,1,2
2024-03-06 10:40:00,0.4526084,1,1,0.0018302652,0.0018302651587873697,0.4534368,0.5743488,1,2
2024-03-06 10:45:00,0.427052,1,1,0.0019994406,0.0019994406029582024,0.4279059,0.13375571,0,2
2024-03-06 10:50:00,0.5567198,1,1,0.0020370495,0.0020370495039969683,0.5578538,0.19161747,0,2
2024-03-06 10:55:00,0.33700916,0,-1,0.0021295582,-0.002129558240994811,0.33772683,0.117011726,0,2
2024-03-06 11:00:00,0.39308593,1,1,0.0020193218,0.0020193217787891626,0.39387968,0.2120802,0,2
2024-03-06 11:05:00,0.4135672,1,1,0.0021490322,0.0021490321960300207,0.41445595,0.15793207,0,2
2024-03-06 11:10:00,0.35361338,0,-1,0.0020127099,-0.00201270985417068,0.35432512,0.086915255,0,2
2024-03-06 11:15:00,0.35995165,0,-1,0.002070973,-0.002070972928777337,0.36069712,0.07649051,0,2
2024-03-06 11:20:00,0.5296569,1,1,0.0019412668,0.0019412668189033866,0.5306851,0.7040496,1,2
2024-03-06 11:25:00,0.5634947,1,1,0.001983107,0.001983107067644596,0.5646122,0.3364856,0,2
2024-03-06 11:30:00,0.51152545,1,1,0.0016492243,0.0016492243157699704,0.5123691,0.60826755,1,2
2024-03-06 11:35:00,0.5561992,1,1,0.0018406247,0.001840624725446105,0.5572229,0.11722082,0,2
2024-03-06 11:40:00,0.5568854,1,1,0.001955764,0.001955763902515173,0.5579746,0.25446522,0,2
2024-03-06 11:45:00,0.52997667,1,1,0.0020968406,0.0020968406461179256,0.531088,0.14081344,0,2
2024-03-06 11:50:00,0.57701325,1,1,0.002137801,0.0021378009114414454,0.5782468,0.1700922,0,2
2024-03-06 11:55:00,0.5531454,1,1,0.0017032138,0.0017032137839123607,0.5540876,0.43673453,0,2
2024-03-06 12:00:00,0.3704037,1,1,0.001692832,0.0016928319819271564,0.37103075,0.19664444,0,2
2024-03-06 12:05:00,0.29065743,0,-1,0.0017657847,-0.0017657846910879016,0.29117066,0.15077767,0,2
2024-03-06 12:10:00,0.42313495,1,1,0.001933172,0.0019331719959154725,0.42395297,0.09941749,0,2
2024-03-06 12:15:00,0.27694368,0,-1,0.002377294,-0.0023772940039634705,0.27760205,0.1097295,0,2
2024-03-06 12:20:00,0.2950099,0,-1,0.0024026881,-0.002402688143774867,0.29571873,0.052368347,0,2
2024-03-06 12:25:00,0.2664015,0,-1,0.0024585603,-0.0024585602805018425,0.26705647,0.071979,0,2
2024-03-06 12:30:00,0.3769703,1,1,0.0026861215,0.0026861215010285378,0.37798288,0.2268074,0,2
2024-03-06 12:35:00,0.34217602,0,-1,0.0022962932,-0.002296293154358864,0.34296176,0.053860422,0,2
2024-03-06 12:40:00,0.40430474,1,1,0.0022981367,0.002298136707395315,0.4052339,0.21886073,0,2
2024-03-06 12:45:00,0.45454428,1,1,0.0020615547,0.0020615546964108944,0.45548138,0.52612287,1,2
2024-03-06 12:50:00,0.45607919,1,1,0.0024609768,0.002460976829752326,0.45720157,0.30816808,0,2
2024-03-06 12:55:00,0.43191206,1,1,0.0023801953,0.0023801953066140413,0.43294013,0.12419042,0,2
2024-03-06 13:00:00,0.42858663,1,1,0.0025444375,0.0025444375351071358,0.42967713,0.1707892,0,2
2024-03-06 13:05:00,0.495642,1,1,0.0024370155,0.0024370155297219753,0.4968499,0.32405087,0,2
2024-03-06 13:10:00,0.48781437,1,1,0.0025657823,0.0025657822843641043,0.48906597,0.16946484,0,2
2024-03-06 13:15:00,0.39966178,1,1,0.002656488,0.0026564879808574915,0.40072346,0.33611658,0,2
2024-03-06 13:20:00,0.31965554,0,-1,0.0027370565,-0.002737056463956833,0.32053044,0.1960938,0,2
2024-03-06 13:25:00,0.32449806,0,-1,0.0027785283,-0.00277852825820446,0.3253997,0.12852165,0,2
2024-03-06 13:30:00,0.3588185,0,-1,0.0030230451,-0.003023045137524605,0.35990322,0.13520212,0,2
2024-03-06 13:35:00,0.64712197,1,1,0.0026165608,0.002616560785099864,0.64881516,0.2698924,0,2
2024-03-06 13:40:00,0.53169847,1,1,0.0021718356,0.0021718356292694807,0.53285325,0.18978183,0,2
2024-03-06 13:45:00,0.3719122,1,1,0.004177087,0.004177086986601353,0.37346572,0.12111023,0,2
2024-03-06 13:50:00,0.54072505,1,1,0.005003911,0.005003910977393389,0.5434308,0.2941163,0,2
2024-03-06 13:55:00,0.5373436,1,1,0.0024318,0.002431799890473485,0.53865033,0.113416426,0,2
2024-03-06 14:00:00,0.31543118,0,-1,0.0046934052,-0.004693405237048864,0.3169116,0.1546443,0,2
2024-03-06 14:05:00,0.6347608,1,1,0.0019091929,0.0019091928843408823,0.6359726,0.06505883,0,2
2024-03-06 14:10:00,0.3470242,0,-1,0.004332495,-0.004332494921982288,0.3485277,0.15889141,0,2
2024-03-06 14:15:00,0.6243569,1,1,0.00271207,0.002712070010602474,0.6260502,0.19475603,0,2
2024-03-06 14:20:00,0.44893888,1,1,0.0017163827,0.0017163826851174235,0.44970942,0.29379383,0,2
2024-03-06 14:25:00,0.41308573,1,1,0.0013350043,0.0013350043445825577,0.41363722,0.12608404,0,2
2024-03-06 14:30:00,0.31541932,0,-1,0.0013492815,-0.001349281519651413,0.31584492,0.38649642,0,2
2024-03-06 14:35:00,0.30952334,0,-1,0.002232767,-0.002232766943052411,0.31021443,0.30961695,0,2
2024-03-06 14:40:00,0.46684745,1,1,0.0015303226,0.001530322595499456,0.46756187,0.4968078,0,2
2024-03-06 14:45:00,0.5862614,1,1,0.0051968023,0.005196802318096161,0.5893081,0.565275,1,2
2024-03-06 14:50:00,0.56389153,1,1,0.002750761,0.0027507611084729433,0.5654427,0.48044416,0,2
2024-03-06 14:55:00,0.57642066,1,1,0.005307449,0.005307449027895927,0.57948,0.44425905,0,2
2024-03-06 15:00:00,0.43471578,1,1,0.0044704666,0.004470466636121273,0.43665916,0.6488054,1,2
2024-03-06 15:05:00,0.39567742,1,1,0.0044633253,0.0044633252546191216,0.39744344,0.609478,1,2
2024-03-07 10:15:00,0.15822478,0,-1,0.0020797644,-0.0020797643810510635,0.15855384,0.74274576,-1,3
2024-03-07 10:20:00,0.16153495,0,-1,0.0020089652,-0.002008965238928795,0.16185945,0.8197575,-1,3
2024-03-07 10:25:00,0.18690188,0,-1,0.0021588437,-0.0021588436793535948,0.18730538,0.8202109,-1,3
2024-03-07 10:30:00,0.19529173,0,-1,0.0019248078,-0.001924807787872851,0.19566761,0.8874507,-1,3
2024-03-07 10:35:00,0.14862141,0,-1,0.002159153,-0.0021591531112790108,0.1489423,0.797244,-1,3
2024-03-07 10:40:00,0.14304984,0,-1,0.0020225325,-0.0020225325133651495,0.14333916,0.75928813,-1,3
2024-03-07 10:45:00,0.18464352,0,-1,0.002030259,-0.002030258998274803,0.18501839,0.8964156,-1,3
2024-03-07 10:50:00,0.3265308,1,1,0.0024071403,0.0024071403313428164,0.32731685,0.53599167,1,3
2024-03-07 10:55:00,0.1436917,0,-1,0.0025443132,-0.0025443132035434246,0.14405729,0.8508914,-1,3
2024-03-07 11:00:00,0.18930745,0,-1,0.0026421684,-0.002642168430611491,0.18980762,0.90000963,-1,3
2024-03-07 11:05:00,0.1760134,0,-1,0.0025665425,-0.002566542476415634,0.17646515,0.8939031,-1,3
2024-03-07 11:10:00,0.22208565,0,-1,0.0025733488,-0.0025733488146215677,0.22265716,0.8760765,-1,3
2024-03-07 11:15:00,0.13846423,0,-1,0.0026670857,-0.0026670857332646847,0.13883352,0.93461585,-1,3
2024-03-07 11:20:00,0.10122962,0,-1,0.0019363518,-0.0019363517640158534,0.10142563,0.7962676,-1,3
2024-03-07 11:25:00,0.18776457,0,-1,0.0017297133,-0.001729713287204504,0.18808936,0.75041777,-1,3
2024-03-07 11:30:00,0.27946833,1,1,0.002041511,0.0020415110047906637,0.28003886,0.6658704,1,3
2024-03-07 11:35:00,0.18102084,0,-1,0.0016429184,-0.0016429184470325708,0.18131825,0.57927865,-1,3
2024-03-07 11:40:00,0.12345929,0,-1,0.001729973,-0.0017299730097875,0.123672865,0.5186694,-1,3
2024-03-07 11:45:00,0.13650827,0,-1,0.001530321,-0.0015303209656849504,0.13671717,0.69969445,-1,3
2024-03-07 11:50:00,0.13525392,0,-1,0.0016358529,-0.0016358528519049287,0.13547519,0.7130893,-1,3
2024-03-07 11:55:00,0.14936398,0,-1,0.001571298,-0.0015712979948148131,0.14959867,0.72204334,-1,3
2024-03-07 12:00:00,0.14637718,0,-1,0.0015222473,-0.0015222473302856088,0.14660001,0.67241096,-1,3
2024-03-07 12:05:00,0.15031546,0,-1,0.0016025814,-0.0016025813529267907,0.15055636,0.48268667,0,3
2024-03-07 12:10:00,0.13264163,0,-1,0.002355932,-0.0023559320252388716,0.13295412,0.96386766,-1,3
2024-03-07 12:15:00,0.15040857,0,-1,0.001674784,-0.001674783998169005,0.15066047,0.67148376,-1,3
2024-03-07 12:20:00,0.18434232,0,-1,0.0015738307,-0.00157383072655648,0.18463244,0.7008196,-1,3
2024-03-07 12:25:00,0.20585832,0,-1,0.0015975998,-0.0015975998248904943,0.2061872,0.45631522,0,3
2024-03-07 12:30:00,0.16856545,0,-1,0.0015795503,-0.001579550327733159,0.1688317,0.70884204,-1,3
2024-03-07 12:35:00,0.27479523,1,1,0.0017809221,0.001780922058969736,0.27528462,0.6365848,1,3
2024-03-07 12:40:00,0.23797339,0,-1,0.0016072701,-0.0016072700964286923,0.23835589,0.632405,-1,3
2024-03-07 12:45:00,0.1440881,0,-1,0.0016117357,-0.0016117356717586517,0.14432034,0.84036225,-1,3
2024-03-07 12:50:00,0.113006085,0,-1,0.0015505237,-0.0015505236806347966,0.11318131,0.58165765,-1,3
2024-03-07 12:55:00,0.115901776,0,-1,0.001462739,-0.001462738960981369,0.116071306,0.56263584,-1,3
2024-03-07 13:00:00,0.106081426,0,-1,0.0015006514,-0.0015006513567641377,0.106240615,0.69691354,-1,3
2024-03-07 13:05:00,0.14843136,0,-1,0.0015049853,-0.0015049852663651109,0.14865476,0.33343053,0,3
2024-03-07 13:10:00,0.14430742,0,-1,0.0014798477,-0.0014798477059230208,0.14452097,0.5426084,-1,3
2024-03-07 13:15:00,0.16663937,0,-1,0.0016356517,-0.0016356516862288117,0.16691194,0.43278548,0,3
2024-03-07 13:20:00,0.123175204,0,-1,0.0016048589,-0.0016048589022830129,0.12337289,0.40630975,0,3
2024-03-07 13:25:00,0.15114693,0,-1,0.0017570867,-0.0017570867203176022,0.15141252,0.51302975,-1,3
2024-03-07 13:30:00,0.17315726,0,-1,0.0015640594,-0.0015640594065189362,0.17342809,0.7114153,-1,3
2024-03-07 13:35:00,0.27286485,0,-1,0.0017196494,-0.0017196494154632092,0.27333406,0.81226027,-1,3
2024-03-07 13:40:00,0.23119533,0,-1,0.0015366737,-0.0015366737497970462,0.23155062,0.6997878,-1,3
2024-03-07 13:45:00,0.22455189,0,-1,0.0014341066,-0.0014341066125780344,0.22487392,0.6395488,-1,3
2024-03-07 13:50:00,0.21688063,0,-1,0.0016630875,-0.0016630875179544091,0.21724133,0.59876823,-1,3
2024-03-07 13:55:00,0.2283442,0,-1,0.0016759767,-0.0016759766731411219,0.2287269,0.68255055,-1,3
2024-03-07 14:00:00,0.33845505,1,1,0.0017012047,0.0017012046882882714,0.33903083,0.5952948,1,3
2024-03-07 14:05:00,0.35886425,1,1,0.001837893,0.001837893039919436,0.35952377,0.6570754,1,3
2024-03-07 14:10:00,0.19596332,0,-1,0.001867527,-0.0018675270257517695,0.1963293,0.34278154,0,3
2024-03-07 14:15:00,0.19446594,0,-1,0.0018616405,-0.0018616404850035906,0.19482797,0.49627966,0,3
2024-03-07 14:20:00,0.24086115,0,-1,0.0018400801,-0.0018400801345705986,0.24130435,0.3707623,0,3
2024-03-07 14:25:00,0.18254787,0,-1,0.0018658254,-0.0018658253829926252,0.18288848,0.6754848,-1,3
2024-03-07 14:30:00,0.18825756,0,-1,0.0017947463,-0.0017947462620213628,0.18859543,0.65932274,-1,3
2024-03-07 14:35:00,0.18175308,0,-1,0.0019862955,-0.001986295450478792,0.1821141,0.7929859,-1,3
2024-03-07 14:40:00,0.18264495,0,-1,0.0013654636,-0.0013654635986313224,0.18289433,0.38086867,0,3
2024-03-07 14:45:00,0.15575017,0,-1,0.0015502797,-0.0015502796741202474,0.15599163,0.5719537,-1,3
2024-03-07 14:50:00,0.12318408,0,-1,0.0017883299,-0.0017883299151435494,0.123404376,0.6723323,-1,3
2024-03-07 14:55:00,0.38297912,1,1,0.0014029697,0.001402969704940915,0.38351643,0.82989603,1,3
2024-03-07 15:00:00,0.3127061,1,1,0.001254278,0.001254278002306819,0.31309834,0.5805637,1,3
2024-03-07 15:05:00,0.20996119,0,-1,0.00081065105,-0.00081065105041489,0.21013139,0.34141812,0,3
2024-03-07 15:10:00,0.23680851,0,-1,0.001048795,-0.001048794947564602,0.23705688,0.807115,-1,3
2024-03-07 15:15:00,0.1670137,0,-1,0.0008995751,-0.0008995751268230379,0.16716394,0.7318906,-1,3
2024-03-07 15:20:00,0.1869668,0,-1,0.0007032081,-0.0007032080902718008,0.18709828,0.6148853,-1,3
2024-03-07 15:25:00,0.15006588,0,-1,0.00072288746,-0.000722887460142374,0.15017436,0.6285969,-1,3
2024-03-07 15:30:00,0.21567109,0,-1,0.0024153432,-0.002415343187749386,0.216192,0.6920064,-1,3
2024-03-07 15:35:00,0.15589355,0,-1,0.0012693335,-0.0012693335302174091,0.15609144,0.7043413,-1,3
2024-03-07 15:40:00,0.21868978,0,-1,0.002166142,-0.002166141988709569,0.21916349,0.8245303,-1,3
2024-03-07 15:45:00,0.29262534,1,1,0.0019398668,0.0019398668082430959,0.293193,0.5897328,1,3
2024-03-07 15:50:00,0.26033106,0,-1,0.0020727355,-0.002072735456749797,0.26087067,0.8982676,-1,3
2024-03-07 15:55:00,0.40273026,1,1,0.0015196262,0.0015196262393146753,0.40334228,0.8012636,1,3
2024-03-08 09:30:00,0.15938532,0,-1,0.0018820618,-0.0018820618279278278,0.1596853,0.88946956,-1,3
2024-03-08 09:35:00,0.1414432,0,-1,0.0019423291,-0.0019423291087150574,0.14171791,0.7555689,-1,3
2024-03-08 09:40:00,0.16973786,0,-1,0.0020438435,-0.002043843502178788,0.17008477,0.7543536,-1,3
2024-03-08 09:45:00,0.25120974,0,-1,0.0017350151,-0.0017350150737911463,0.25164557,0.8758484,-1,3
2024-03-08 09:50:00,0.12780641,0,-1,0.0020259363,-0.0020259362645447254,0.12806535,0.87092006,-1,3
2024-03-08 09:55:00,0.124261655,0,-1,0.002079146,-0.002079145982861519,0.12452001,0.85566986,-1,3
2024-03-08 10:00:00,0.15847175,0,-1,0.002298907,-0.002298906911164522,0.15883607,0.9136328,-1,3
2024-03-08 10:05:00,0.13005099,0,-1,0.002226733,-0.0022267329040914774,0.13034058,0.92808205,-1,3
2024-03-08 10:10:00,0.16373894,0,-1,0.0024109555,-0.0024109554942697287,0.16413371,0.89379066,-1,3
2024-03-08 10:15:00,0.324858,1,1,0.0026108734,0.002610873430967331,0.32570618,0.36214244,0,3
2024-03-08 10:20:00,0.14681241,0,-1,0.0027731233,-0.002773123327642679,0.14721954,0.860748,-1,3
2024-03-08 10:25:00,0.1687754,0,-1,0.0025106708,-0.002510670805349946,0.16919914,0.8196455,-1,3
2024-03-08 10:30:00,0.29636246,1,1,0.002646418,0.0026464180555194616,0.29714677,0.40772915,0,3
2024-03-08 10:35:00,0.30852538,1,1,0.0023363025,0.002336302539333701,0.30924618,0.3917355,0,3
2024-03-08 10:40:00,0.15695162,0,-1,0.0025869792,-0.0025869791861623526,0.15735765,0.73974764,-1,3
2024-03-08 10:45:00,0.2458199,0,-1,0.0026419703,-0.0026419702917337418,0.24646933,0.8576716,-1,3
2024-03-08 10:50:00,0.17249052,0,-1,0.002212276,-0.0022122759837657213,0.17287213,0.83220226,-1,3
2024-03-08 10:55:00,0.09082371,0,-1,0.0016038409,-0.0016038408502936363,0.090969376,0.7369434,-1,3
2024-03-08 11:00:00,0.28025627,1,1,0.0010785282,0.0010785282356664538,0.28055853,0.88559955,1,3
2024-03-08 11:05:00,0.31122887,1,1,0.002208149,0.0022081490606069565,0.3119161,0.7025574,1,3
2024-03-08 11:10:00,0.37080073,1,1,0.001645818,0.0016458180034533143,0.371411,0.8774432,1,3
2024-03-08 11:15:00,0.23001736,0,-1,0.0020087655,-0.00200876547023654,0.23047942,0.86316025,-1,3
2024-03-08 11:20:00,0.54649204,1,1,0.0028865691,0.0028865691274404526,0.54806954,0.5975079,1,3
2024-03-08 11:25:00,0.58539724,1,1,0.0040284265,0.004028426483273506,0.5877555,0.7923658,1,3
2024-03-08 11:30:00,0.5881398,1,1,0.0030446067,0.003044606652110815,0.5899304,0.85028905,1,3
2024-03-08 11:35:00,0.42883772,1,1,0.002188393,0.0021883929148316383,0.4297762,0.7311482,1,3
2024-03-08 11:40:00,0.46923554,1,1,0.0021908716,0.0021908716298639774,0.47026354,0.7310883,1,3
2024-03-08 11:45:00,0.5464479,1,1,0.001783843,0.0017838430358096957,0.54742265,0.7768278,1,3
2024-03-08 11:50:00,0.48002973,1,1,0.0021516085,0.0021516084671020508,0.48106256,0.46289933,0,3
2024-03-08 11:55:00,0.7012851,1,1,0.0020040656,0.002004065550863743,0.70269054,0.83663374,1,3
2024-03-08 12:00:00,0.448039,1,1,0.0017309659,0.0017309659160673618,0.4488145,0.33999282,0,3
2024-03-08 12:05:00,0.5771978,1,1,0.0011351567,0.0011351567227393389,0.57785296,0.5073543,1,3
2024-03-08 12:10:00,0.4336104,1,1,0.0017574223,0.0017574223456904292,0.43437243,0.36579704,0,3
2024-03-08 12:15:00,0.49928293,1,1,0.0024439546,0.0024439545813947916,0.5005031,0.41508776,0,3
2024-03-08 12:20:00,0.46574497,1,1,0.0023451822,0.0023451822344213724,0.46683723,0.3950325,0,3
2024-03-08 12:25:00,0.3715705,1,1,0.0017021609,0.0017021609237417579,0.372203,0.50602376,1,3
2024-03-08 12:30:00,0.31089213,1,1,0.0018845021,0.001884502125903964,0.311478,0.37017232,0,3
2024-03-08 12:35:00,0.7178555,1,1,0.0012700344,0.0012700343504548073,0.7187672,0.69244826,1,3
2024-03-08 12:40:00,0.76098824,1,1,0.0015290077,0.0015290076844394207,0.7621518,0.4303894,0,3
2024-03-08 12:45:00,0.6233038,1,1,0.0024076214,0.0024076213594526052,0.6248045,0.5488336,1,3
2024-03-08 12:50:00,0.42803487,1,1,0.0022710087,0.002271008677780628,0.42900696,0.7985219,1,3
2024-03-08 12:55:00,0.73049736,1,1,0.005007215,0.005007214844226837,0.7341552,0.91134876,1,3
2024-03-08 13:00:00,0.6359955,1,1,0.0053643975,0.005364397540688515,0.6394073,0.8956258,1,3
2024-03-08 13:05:00,0.57067436,1,1,0.0033823159,0.0033823158591985703,0.57260454,0.77276504,1,3
2024-03-08 13:10:00,0.6959623,1,1,0.003837326,0.0038373260758817196,0.69863296,0.55211824,1,3
2024-03-08 13:15:00,0.65951014,1,1,0.0023831856,0.002383185550570488,0.6610819,0.5345543,1,3
2024-03-08 13:20:00,0.8015883,1,1,0.0032987036,0.003298703581094742,0.80423254,0.55809575,1,3
2024-03-08 13:25:00,0.73390985,1,1,0.00317907,0.0031790700741112232,0.736243,0.6191827,1,3
2024-03-08 13:30:00,0.6955388,1,1,0.003961273,0.00396127300336957,0.6982941,0.83040756,1,3
2024-03-08 13:35:00,0.71604127,1,1,0.006054926,0.006054926197975874,0.7203768,0.84197104,1,3
2024-03-08 13:40:00,0.62946963,1,1,0.0065329787,0.006532978732138872,0.633582,0.5207979,1,3
2024-03-08 13:45:00,0.5900551,1,1,0.0056445994,0.005644599441438913,0.5933857,0.4182924,0,3
2024-03-08 13:50:00,0.6733478,1,1,0.0035147106,0.003514710580930114,0.67571443,0.4215424,0,3
2024-03-08 13:55:00,0.5269523,1,1,0.0035344628,0.00353446276858449,0.5288148,0.15793025,0,3
2024-03-08 14:00:00,0.55934846,1,1,0.0033271317,0.003327131737023592,0.5612095,0.5313906,1,3
2024-03-08 14:05:00,0.39033476,1,1,0.0026176271,0.0026176271494477987,0.3913565,0.16820082,0,3
2024-03-08 14:10:00,0.4005735,1,1,0.00249113,0.0024911300279200077,0.40157136,0.2259626,0,3
2024-03-08 14:15:00,0.56693673,1,1,0.0023697605,0.002369760535657406,0.5682802,0.29362464,0,3
2024-03-08 14:20:00,0.4617555,1,1,0.0030531334,0.003053133375942707,0.46316534,0.092678376,0,3
2024-03-08 14:25:00,0.36384198,1,1,0.0025120773,0.002512077335268259,0.364756,0.39194977,0,3
2024-03-08 14:30:00,0.16724257,0,-1,0.002003371,-0.0020033710170537233,0.16757761,0.4093998,0,3
2024-03-08 14:35:00,0.23403703,0,-1,0.0033129042,-0.003312904154881835,0.23481238,0.45510706,0,3
2024-03-08 14:40:00,0.19277517,0,-1,0.0025525822,-0.002552582183852792,0.19326726,0.28894234,0,3
2024-03-08 14:45:00,0.28510532,1,1,0.0024686716,0.0024686716496944427,0.28580916,0.23352244,0,3
2024-03-08 14:50:00,0.45294753,1,1,0.002834607,0.0028346069157123566,0.45423144,0.41091,0,3
2024-03-08 14:55:00,0.2614396,0,-1,0.0028909359,-0.002890935866162181,0.2621954,0.54316103,-1,3
2024-03-08 15:00:00,0.23857553,0,-1,0.0024448875,-0.0024448875337839127,0.23915882,0.44373322,0,3
2024-03-08 15:05:00,0.25840208,0,-1,0.0026688224,-0.002668822417035699,0.2590917,0.5040332,-1,3
2024-03-08 15:10:00,0.6103376,1,1,0.0031108186,0.003110818564891815,0.61223626,0.5024426,1,3
2024-03-08 15:15:00,0.5289075,1,1,0.003664545,0.003664545016363263,0.53084564,0.5929814,1,3
2024-03-08 15:20:00,0.47087532,1,1,0.0038178358,0.003817835822701454,0.47267303,0.671815,1,3
2024-03-08 15:25:00,0.44915047,1,1,0.0029293715,0.0029293715488165617,0.4504662,0.33686084,0,3
2024-03-08 15:30:00,0.4803335,1,1,0.0027125138,0.0027125137858092785,0.4816364,0.8903725,1,3
2024-03-08 15:35:00,0.56318027,1,1,0.0026948126,0.0026948126032948494,0.564698,0.5122289,1,3
2024-03-08 15:40:00,0.7215974,1,1,0.0022501792,0.0022501791827380657,0.7232211,0.72737765,1,3
2024-03-08 15:45:00,0.43144262,1,1,0.0027284147,0.002728414721786976,0.43261978,0.74681085,1,3
2024-03-08 15:50:00,0.34682414,1,1,0.003781544,0.003781544044613838,0.34813568,0.7870266,1,3
2024-03-08 15:55:00,0.43712303,1,1,0.0024441085,0.002444108482450247,0.4381914,0.6584955,1,3
2024-03-11 09:30:00,0.10476952,0,-1,0.0005108546,-0.0005108545883558691,0.10482304,0.69831985,-1,3
2024-03-11 09:35:00,0.34314066,1,1,0.0011538648,0.0011538647813722491,0.3435366,0.38557085,0,3
2024-03-11 09:40:00,0.22168794,0,-1,0.0012431256,-0.0012431256473064423,0.22196352,0.12614684,0,3
2024-03-11 09:45:00,0.34090427,1,1,0.0008901912,0.0008901911787688732,0.3412077,0.11413579,0,3
2024-03-11 09:50:00,0.31863722,1,1,0.0006448732,0.0006448731874115765,0.3188427,0.16826901,0,3
2024-03-11 09:55:00,0.39974523,1,1,0.00090777926,0.0009077792637981474,0.4001081,0.1961463,0,3
2024-03-11 10:00:00,0.50644535,1,1,0.0011973395,0.0011973395012319088,0.5070517,0.20152111,0,3
2024-03-11 10:05:00,0.37643427,1,1,0.0011134876,0.0011134876403957605,0.37685344,0.11215991,0,3
2024-03-11 10:10:00,0.53445673,1,1,0.0006535965,0.0006535964785143733,0.5348061,0.23151876,0,3
2024-03-11 10:15:00,0.3323803,1,1,0.0012817896,0.0012817896204069257,0.33280632,0.04864868,0,3
2024-03-11 10:20:00,0.27052784,0,-1,0.0010134326,-0.0010134326294064522,0.270802,0.22416231,0,3
2024-03-11 10:25:00,0.36758932,1,1,0.0011720245,0.0011720245238393545,0.36802018,0.1250095,0,3
2024-03-11 10:30:00,0.27603745,1,1,0.0014551982,0.0014551981585100293,0.27643913,0.06066567,0,3
2024-03-11 10:35:00,0.26081014,0,-1,0.0005897218,-0.0005897217779420316,0.26096395,0.24768025,0,3
2024-03-11 10:40:00,0.4206819,1,1,0.00035044053,0.0003504405322019011,0.42082933,0.13475738,0,3
2024-03-11 10:45:00,0.28330854,1,1,0.00070962665,0.0007096266490407288,0.28350958,0.163774,0,3
2024-03-11 10:50:00,0.37473476,1,1,0.0010448802,0.0010448802495375276,0.3751263,0.2688502,0,3
2024-03-11 10:55:00,0.5695015,1,1,0.0014207273,0.0014207273488864303,0.57031065,0.4126926,0,3
2024-03-11 11:00:00,0.5688752,1,1,0.0011976862,0.0011976861860603094,0.56955653,0.70978636,1,3
2024-03-11 11:05:00,0.72093314,1,1,0.0012450186,0.0012450185604393482,0.7218307,0.7119547,1,3
2024-03-11 11:10:00,0.709044,1,1,0.0012368253,0.0012368252500891685,0.70992094,0.6617204,1,3
2024-03-11 11:15:00,0.51257783,1,1,0.0013975448,0.00139754475094378,0.51329416,0.710456,1,3
2024-03-11 11:20:00,0.7040717,1,1,0.0013083217,0.0013083217199891806,0.70499283,0.24028412,0,3
2024-03-11 11:25:00,0.7477426,1,1,0.0011365645,0.001136564533226192,0.74859244,0.2733555,0,3
2024-03-11 11:30:00,0.5609345,1,1,0.0010988286,0.001098828623071313,0.56155086,0.47200963,0,3
2024-03-11 11:35:00,0.431544,1,1,0.0011399622,0.001139962230809033,0.43203595,0.34337544,0,3
2024-03-11 11:40:00,0.27943352,1,1,0.0011473972,0.001147397211752832,0.27975413,0.7306767,1,3
2024-03-11 11:45:00,0.24405955,0,-1,0.0011940011,-0.0011940010590478778,0.24435095,0.46245113,0,3
2024-03-11 11:50:00,0.32721338,1,1,0.0013457134,0.0013457133900374174,0.32765374,0.57384604,1,3
2024-03-11 11:55:00,0.40643504,1,1,0.0016285385,0.0016285384772345424,0.40709692,0.39970672,0,3
2024-03-11 12:00:00,0.5775208,1,1,0.0012803837,0.0012803836725652218,0.57826024,0.5737648,1,3
2024-03-11 12:05:00,0.28746036,1,1,0.0012552162,0.0012552161933854222,0.2878212,0.64256936,1,3
2024-03-11 12:10:00,0.31155455,1,1,0.0014437307,0.001443730667233467,0.31200436,0.635734,1,3
2024-03-11 12:15:00,0.19688109,0,-1,0.0013176855,-0.0013176854699850082,0.19714053,0.26846746,0,3
2024-03-11 12:20:00,0.21082725,0,-1,0.0014479961,-0.001447996124625206,0.21113253,0.32008407,0,3
2024-03-11 12:25:00,0.18975456,0,-1,0.0012340002,-0.0012340001994743943,0.18998873,0.34994286,0,3
2024-03-11 12:30:00,0.17883193,0,-1,0.0015323751,-0.0015323751140385866,0.17910597,0.4225672,0,3
2024-03-11 12:35:00,0.21242478,0,-1,0.0014217031,-0.0014217031421139836,0.21272679,0.18553707,0,3
2024-03-11 12:40:00,0.26274514,0,-1,0.0016190887,-0.0016190886963158846,0.26317054,0.39363667,0,3
2024-03-11 12:45:00,0.2295744,0,-1,0.0014812547,-0.0014812547015026212,0.22991447,0.4093295,0,3
2024-03-11 12:50:00,0.24194019,0,-1,0.0016015802,-0.001601580181159079,0.24232768,0.40269607,0,3
2024-03-11 12:55:00,0.24639128,0,-1,0.0019889998,-0.001988999778404832,0.24688135,0.6008353,-1,3
2024-03-11 13:00:00,0.24906722,0,-1,0.0015856017,-0.001585601712577045,0.24946214,0.15522814,0,3
2024-03-11 13:05:00,0.22119245,0,-1,0.001412225,-0.0014122249558568,0.22150484,0.21787398,0,3
2024-03-11 13:10:00,0.3492134,1,1,0.0013240614,0.0013240614207461476,0.34967577,0.49170423,0,3
2024-03-11 13:15:00,0.15256456,0,-1,0.0013228739,-0.001322873868048191,0.15276638,0.48644942,0,3
2024-03-11 13:20:00,0.23194504,0,-1,0.0016584687,-0.0016584687400609255,0.23232971,0.28289065,0,3
2024-03-11 13:25:00,0.2786275,1,1,0.0015631338,0.0015631337882950902,0.27906308,0.4680212,0,3
2024-03-11 13:30:00,0.339334,1,1,0.0016240088,0.0016240087570622563,0.3398851,0.13558973,0,3
2024-03-11 13:35:00,0.2928122,1,1,0.0013015643,0.0013015642762184143,0.2931933,0.13266574,0,3
2024-03-11 13:40:00,0.38247406,1,1,0.0012763967,0.001276396680623293,0.38296226,0.50430435,1,3
2024-03-11 13:45:00,0.12239154,0,-1,0.0011700307,-0.0011700306786224246,0.12253474,0.733272,-1,3
2024-03-11 13:50:00,0.122955985,0,-1,0.001259915,-0.001259914948605001,0.1231109,0.6931634,-1,3
2024-03-11 13:55:00,0.12932912,0,-1,0.0014865592,-0.0014865591656416655,0.12952137,0.2344076,0,3
2024-03-11 14:00:00,0.12707682,0,-1,0.0015402532,-0.001540253171697259,0.12727256,0.40694785,0,3
2024-03-11 14:05:00,0.1626987,0,-1,0.0016402486,-0.001640248578041792,0.16296557,0.60200363,-1,3
2024-03-11 14:10:00,0.20956486,0,-1,0.0012179158,-0.0012179157929494977,0.2098201,0.124734074,0,3
2024-03-11 14:15:00,0.15499194,0,-1,0.0012800572,-0.001280057244002819,0.15519033,0.41842484,0,3
2024-03-11 14:20:00,0.15833844,0,-1,0.0014626815,-0.0014626814518123865,0.15857005,0.3436985,0,3
2024-03-11 14:25:00,0.2097927,0,-1,0.0015442276,-0.0015442275907844305,0.21011667,0.39538223,0,3
2024-03-11 14:30:00,0.2096034,0,-1,0.0013006004,-0.0013006003573536873,0.209876,0.13152188,0,3
2024-03-11 14:35:00,0.19738786,0,-1,0.0014686247,-0.0014686246868222952,0.19767776,0.46380073,0,3
2024-03-11 14:40:00,0.20722516,0,-1,0.001894057,-0.0018940570298582315,0.20761767,0.28860548,0,3
2024-03-11 14:45:00,0.22905728,0,-1,0.0016536925,-0.00165369245223701,0.22943607,0.11807076,0,3
2024-03-11 14:50:00,0.27169502,0,-1,0.0016359807,-0.0016359806759282947,0.27213952,0.12851503,0,3
2024-03-11 14:55:00,0.23020197,0,-1,0.0016204013,-0.0016204012790694833,0.230575,0.24347602,0,3
2024-03-11 15:00:00,0.27594253,1,1,0.002067839,0.002067839028313756,0.27651313,0.20220658,0,3
2024-03-11 15:05:00,0.23622456,0,-1,0.0014963347,-0.001496334676630795,0.23657803,0.06966647,0,3
2024-03-11 15:10:00,0.28948316,1,1,0.0012555555,0.0012555555440485477,0.2898466,0.21651205,0,3
2024-03-11 15:15:00,0.229704,0,-1,0.0012567777,-0.001256777672097087,0.22999269,0.38463345,0,3
2024-03-11 15:20:00,0.17272247,0,-1,0.001280192,-0.0012801920529454947,0.17294359,0.5291511,-1,3
2024-03-11 15:25:00,0.1711099,0,-1,0.0012339267,-0.0012339267414063215,0.17132103,0.55420065,-1,3
2024-03-11 15:30:00,0.16404374,0,-1,0.0014191143,-0.0014191142981871963,0.16427653,0.7911628,-1,3
2024-03-11 15:35:00,0.27095777,0,-1,0.001498708,-0.0014987080357968807,0.27136385,0.6544883,-1,3
2024-03-11 15:40:00,0.22648846,0,-1,0.001999387,-0.001999387051910162,0.22694129,0.65960425,-1,3
2024-03-11 15:45:00,0.37482417,1,1,0.0015006796,0.0015006796456873417,0.3753867,0.30476078,0,3
2024-03-11 15:50:00,0.24614333,0,-1,0.0014611572,-0.0014611572260037065,0.24650298,0.6765682,-1,3
2024-03-11 15:55:00,0.2692912,0,-1,0.002136613,-0.0021366130094975233,0.26986656,0.60087895,-1,3
2024-03-12 09:30:00,0.17610554,0,-1,0.0011862987,-0.0011862986721098423,0.17631444,0.45617124,0,3
2024-03-12 09:35:00,0.1664462,0,-1,0.0021175942,-0.002117594238370657,0.16679867,0.45857993,0,3
2024-03-12 09:40:00,0.35074547,1,1,0.0023225516,0.0023225515615195036,0.3515601,0.18275551,0,3
2024-03-12 09:45:00,0.285339,1,1,0.0016079244,0.0016079243505373597,0.2857978,0.42378873,0,3
2024-03-12 09:50:00,0.15407519,0,-1,0.0020565037,-0.0020565036684274673,0.15439205,0.2778463,0,3
2024-03-12 09:55:00,0.3751527,1,1,0.0015111442,0.0015111442189663649,0.3757196,0.5689225,1,3
2024-03-12 10:00:00,0.35811287,1,1,0.0019411235,0.0019411235116422176,0.358808,0.39570794,0,3
2024-03-12 10:05:00,0.28150216,1,1,0.0019111879,0.0019111878937110305,0.28204015,0.6182212,1,3
2024-03-12 10:10:00,0.17633805,0,-1,0.0019384809,-0.0019384808838367462,0.17667986,0.4924434,0,3
2024-03-12 10:15:00,0.1673828,0,-1,0.0022336242,-0.0022336242254823446,0.16775668,0.5414586,-1,3
2024-03-12 10:20:00,0.38367018,1,1,0.0023017046,0.002301704604178667,0.38455328,0.5989951,1,3
2024-03-12 10:25:00,0.112004325,0,-1,0.0022855725,-0.0022855724673718214,0.11226032,0.91819113,-1,3
2024-03-12 10:30:00,0.13231461,0,-1,0.0022628205,-0.002262820489704609,0.13261402,0.9059311,-1,3
2024-03-12 10:35:00,0.14339803,0,-1,0.0026573504,-0.0026573503855615854,0.14377908,0.90923584,-1,3
2024-03-12 10:40:00,0.105649136,0,-1,0.0026788646,-0.002678864635527134,0.105932154,0.8968784,-1,3
2024-03-12 10:45:00,0.08980748,0,-1,0.0020279246,-0.0020279246382415295,0.089989595,0.8749947,-1,3
2024-03-12 10:50:00,0.1128714,0,-1,0.002106754,-0.00210675410926342,0.113109194,0.95842576,-1,3
2024-03-12 10:55:00,0.34573117,1,1,0.0017345137,0.0017345136730000377,0.34633085,0.7949226,1,3
2024-03-12 11:00:00,0.42362502,1,1,0.0023556007,0.002355600707232952,0.4246229,0.27181733,0,3
2024-03-12 11:05:00,0.21778315,0,-1,0.002589724,-0.002589724026620388,0.21834715,0.72922647,-1,3
2024-03-12 11:10:00,0.15016972,0,-1,0.0025888702,-0.0025888702366501093,0.15055849,0.88047254,-1,3
2024-03-12 11:15:00,0.15254954,0,-1,0.0026529827,-0.0026529827155172825,0.15295425,0.86010975,-1,3
2024-03-12 11:20:00,0.14370516,0,-1,0.0025939909,-0.002593990880995989,0.14407793,0.8787835,-1,3
2024-03-12 11:25:00,0.29768932,1,1,0.0028170072,0.0028170072473585606,0.29852793,0.61205846,1,3
2024-03-12 11:30:00,0.19595264,0,-1,0.0026543518,-0.0026543517597019672,0.19647276,0.76314956,-1,3
2024-03-12 11:35:00,0.20896131,0,-1,0.0023610787,-0.0023610787466168404,0.20945469,0.6716369,-1,3
2024-03-12 11:40:00,0.4427335,1,1,0.0017679723,0.0017679722514003515,0.44351625,0.21785654,0,3
2024-03-12 11:45:00,0.31841227,1,1,0.0017021094,0.0017021093517541885,0.31895423,0.36852586,0,3
2024-03-12 11:50:00,0.34620145,1,1,0.0020893074,0.0020893074106425047,0.34692475,0.42426804,0,3
2024-03-12 11:55:00,0.34095538,1,1,0.0018306513,0.0018306513084098697,0.34157956,0.5534584,1,3
2024-03-12 12:00:00,0.28196758,1,1,0.0013576838,0.001357683795504272,0.2823504,0.28579968,0,3
2024-03-12 12:05:00,0.18526472,0,-1,0.0014569756,-0.001456975587643683,0.18553464,0.3633592,0,3
2024-03-12 12:10:00,0.18704283,0,-1,0.002021296,-0.002021295949816704,0.1874209,0.6012933,-1,3
2024-03-12 12:15:00,0.2743199,1,1,0.001084744,0.0010847439989447594,0.27461743,0.3108224,0,3
2024-03-12 12:20:00,0.1792453,0,-1,0.0010849056,-0.0010849055834114552,0.17943975,0.46614814,0,3
2024-03-12 12:25:00,0.14011608,0,-1,0.0010876516,-0.001087651588022709,0.14026847,0.7356937,-1,3
2024-03-12 12:30:00,0.14949527,0,-1,0.0010799979,-0.001079997862689197,0.14965673,0.6379819,-1,3
2024-03-12 12:35:00,0.37866944,1,1,0.0009879691,0.0009879691060632467,0.37904358,0.56102955,1,3
2024-03-12 12:40:00,0.26114815,0,-1,0.0005772401,-0.0005772400763817132,0.2612989,0.20166758,0,3
2024-03-12 12:45:00,0.4825784,1,1,0.0011345877,0.0011345876846462488,0.48312595,0.81374747,1,3
2024-03-12 12:50:00,0.36200604,1,1,0.0013949235,0.0013949235435575247,0.36251098,0.23725559,0,3
2024-03-12 12:55:00,0.29925305,1,1,0.00045490146,0.0004549014556687325,0.29938918,0.26054585,0,3
2024-03-12 13:00:00,0.5399983,1,1,0.0003550657,0.0003550657129380852,0.54019004,0.41604602,0,3
2024-03-12 13:05:00,0.4822538,1,1,0.00038091358,0.0003809135814663023,0.48243746,0.35794473,0,3
2024-03-12 13:10:00,0.32486263,1,1,0.00028174755,0.00028174754697829485,0.32495415,0.23892361,0,3
2024-03-12 13:15:00,0.3630414,1,1,0.001341652,0.0013416520087048411,0.3635285,0.30930868,0,3
2024-03-12 13:20:00,0.32117262,1,1,0.0011743084,0.0011743083596229553,0.32154977,0.21455099,0,3
2024-03-12 13:25:00,0.39368454,1,1,0.00064368156,0.000643681560177356,0.39393798,0.33979684,0,3
2024-03-12 13:30:00,0.2620745,0,-1,0.0011123552,-0.0011123551521450281,0.26236603,0.35551715,0,3
2024-03-12 13:35:00,0.19125243,0,-1,0.0013141651,-0.0013141650706529617,0.19150376,0.40988684,0,3
2024-03-12 13:40:00,0.13767493,0,-1,0.001817186,-0.0018171860137954354,0.13792512,0.5630431,-1,3
2024-03-12 13:45:00,0.17772037,0,-1,0.0016184635,-0.001618463546037674,0.178008,0.6203167,-1,3
2024-03-12 13:50:00,0.22639948,0,-1,0.0014538012,-0.001453801174648106,0.22672862,0.25677365,0,3
2024-03-12 13:55:00,0.25567344,0,-1,0.0018951258,-0.0018951258389279246,0.25615796,0.62777543,-1,3
2024-03-12 14:00:00,0.17342442,0,-1,0.0018465479,-0.0018465479370206594,0.17374466,0.553362,-1,3
2024-03-12 14:05:00,0.18011743,0,-1,0.0017747757,-0.0017747756792232394,0.1804371,0.39511874,0,3
2024-03-12 14:10:00,0.18922624,0,-1,0.0019411993,-0.001941199298016727,0.18959357,0.6931112,-1,3
2024-03-12 14:15:00,0.15306258,0,-1,0.0018118991,-0.001811899128369987,0.15333991,0.44150084,0,3
2024-03-12 14:20:00,0.1852471,0,-1,0.002244382,-0.002244381932541728,0.18566285,0.5806962,-1,3
2024-03-12 14:25:00,0.16188462,0,-1,0.0021820688,-0.002182068768888712,0.16223787,0.69773006,-1,3
2024-03-12 14:30:00,0.19142476,0,-1,0.0023561192,-0.0023561192210763693,0.19187579,0.8996004,-1,3
2024-03-12 14:35:00,0.29624984,1,1,0.002338009,0.0023380089551210403,0.29694247,0.55325395,1,3
2024-03-12 14:40:00,0.18169591,0,-1,0.0018926875,-0.0018926875200122595,0.1820398,0.54001254,-1,3
2024-03-12 14:45:00,0.2814358,1,1,0.002083297,0.00208329688757658,0.2820221,0.45538056,0,3
2024-03-12 14:50:00,0.21168087,0,-1,0.0022351772,-0.002235177205875516,0.21215402,0.66493034,-1,3
2024-03-12 14:55:00,0.20582801,0,-1,0.0021229337,-0.002122933743521571,0.20626496,0.84804976,-1,3
2024-03-12 15:00:00,0.15891422,0,-1,0.002091605,-0.002091604983434081,0.15924661,0.624761,-1,3
2024-03-12 15:05:00,0.15263781,0,-1,0.002130904,-0.0021309040021151304,0.15296306,0.66847235,-1,3
2024-03-12 15:10:00,0.1621846,0,-1,0.0021617888,-0.0021617887541651726,0.16253519,0.781002,-1,3
2024-03-12 15:15:00,0.45187426,1,1,0.00220384,0.0022038400638848543,0.4528701,0.3026554,0,3
2024-03-12 15:20:00,0.20148958,0,-1,0.0022254817,-0.0022254816722124815,0.201938,0.6061023,-1,3
2024-03-12 15:25:00,0.18419853,0,-1,0.0021527207,-0.0021527206990867853,0.18459505,0.66752267,-1,3
2024-03-12 15:30:00,0.5593781,1,1,0.0024771192,0.0024771192111074924,0.5607638,0.5214923,1,3
2024-03-12 15:35:00,0.42195427,1,1,0.0026915553,0.0026915553025901318,0.42308998,0.58692306,1,3
2024-03-12 15:40:00,0.38428986,1,1,0.0024263458,0.002426345832645893,0.3852223,0.4186867,0,3
2024-03-12 15:45:00,0.38779402,1,1,0.0030171243,0.003017124254256487,0.38896403,0.7970922,1,3
2024-03-12 15:50:00,0.39693505,1,1,0.002936832,0.002936831908300519,0.3981008,0.77916694,1,3
2024-03-12 15:55:00,0.52422893,1,1,0.0034116413,0.0034116413444280624,0.5260174,0.46356195,0,3
2024-03-13 09:30:00,0.20354407,0,-1,0.0016219959,-0.0016219959361478686,0.2038742,0.72808856,-1,3
2024-03-13 09:35:00,0.15748592,0,-1,0.0011512873,-0.0011512873461470008,0.15766723,0.5374654,-1,3
2024-03-13 09:40:00,0.3352914,1,1,0.0013279846,0.0013279846170917153,0.33573666,0.65397257,1,3
2024-03-13 09:45:00,0.16982828,0,-1,0.0012792525,-0.0012792524648830295,0.17004552,0.94703174,-1,3
2024-03-13 09:50:00,0.15781647,0,-1,0.0009062227,-0.0009062226745299995,0.15795949,0.78342307,-1,3
2024-03-13 09:55:00,0.21832986,0,-1,0.0007571773,-0.0007571773021481931,0.21849519,0.5649021,-1,3
2024-03-13 10:00:00,0.23548898,0,-1,0.0009550453,-0.0009550452814437449,0.2357139,0.6188175,-1,3
2024-03-13 10:05:00,0.10370168,0,-1,0.0011517397,-0.0011517397360876203,0.10382111,0.5304658,-1,3
2024-03-13 10:10:00,0.08451148,0,-1,0.0012805043,-0.0012805042788386345,0.0846197,0.71690774,-1,3
2024-03-13 10:15:00,0.07473155,0,-1,0.001009475,-0.0010094749741256237,0.07480699,0.40562558,0,3
2024-03-13 10:20:00,0.10735759,0,-1,0.0010095063,-0.0010095062898471951,0.10746597,0.5774006,-1,3
2024-03-13 10:25:00,0.075659804,0,-1,0.001041887,-0.0010418869787827134,0.07573863,0.45585355,0,3
2024-03-13 10:30:00,0.11437904,0,-1,0.001173546,-0.0011735459556803107,0.11451326,0.8040797,-1,3
2024-03-13 10:35:00,0.22615373,0,-1,0.0009394259,-0.000939425895921886,0.22636618,0.35137543,0,3
2024-03-13 10:40:00,0.14861827,0,-1,0.0011886554,-0.0011886553838849068,0.14879492,0.65572006,-1,3
2024-03-13 10:45:00,0.21134919,0,-1,0.0011052904,-0.0011052903719246387,0.2115828,0.45274627,0,3
2024-03-13 10:50:00,0.20924841,0,-1,0.00093784864,-0.0009378486429341137,0.20944464,0.4719981,0,3
2024-03-13 10:55:00,0.11861623,0,-1,0.001161821,-0.0011618209537118673,0.118754044,0.74074626,-1,3
2024-03-13 11:00:00,0.1139328,0,-1,0.0011832679,-0.0011832679156213999,0.114067614,0.4243783,0,3
2024-03-13 11:05:00,0.105857015,0,-1,0.0014027087,-0.0014027087017893791,0.106005505,0.73992085,-1,3
2024-03-13 11:10:00,0.11879125,0,-1,0.0012419411,-0.0012419411214068532,0.11893878,0.54131913,-1,3
2024-03-13 11:15:00,0.10440265,0,-1,0.0013750996,-0.0013750996440649033,0.10454621,0.75996786,-1,3
2024-03-13 11:20:00,0.14604445,0,-1,0.0017598707,-0.0017598706763237715,0.14630146,0.64489716,-1,3
2024-03-13 11:25:00,0.35936862,1,1,0.00098401,0.0009840100537985563,0.35972223,0.4656892,0,3
2024-03-13 11:30:00,0.14238739,0,-1,0.00096599926,-0.0009659992647357285,0.14252493,0.69225997,-1,3
2024-03-13 11:35:00,0.10910072,0,-1,0.0009909517,-0.0009909516666084528,0.10920884,0.6233517,-1,3
2024-03-13 11:40:00,0.22110406,0,-1,0.0008472343,-0.0008472342742606997,0.22129138,0.6470705,-1,3
2024-03-13 11:45:00,0.111203566,0,-1,0.00092890067,-0.000928900670260191,0.11130686,0.680807,-1,3
2024-03-13 11:50:00,0.08347529,0,-1,0.0010024535,-0.001002453500404954,0.08355897,0.51795876,-1,3
2024-03-13 11:55:00,0.080446385,0,-1,0.0012451651,-0.0012451651273295283,0.08054655,0.4566361,0,3
2024-03-13 12:00:00,0.12067264,0,-1,0.0010330069,-0.0010330069344490767,0.12079729,0.5191327,-1,3
2024-03-13 12:05:00,0.0889231,0,-1,0.0009661969,-0.0009661968797445297,0.08900902,0.45564586,0,3
2024-03-13 12:10:00,0.0890806,0,-1,0.0010421125,-0.0010421124752610922,0.089173436,0.27296335,0,3
2024-03-13 12:15:00,0.107181564,0,-1,0.0011608942,-0.001160894171334803,0.10730599,0.6568576,-1,3
2024-03-13 12:20:00,0.088923596,0,-1,0.0014595743,-0.0014595743268728256,0.089053385,0.28268567,0,3
2024-03-13 12:25:00,0.13065484,0,-1,0.0010340054,-0.0010340054286643863,0.13078994,0.51437545,-1,3
2024-03-13 12:30:00,0.121028036,0,-1,0.0010819659,-0.0010819658637046814,0.12115898,0.6943074,-1,3
2024-03-13 12:35:00,0.094013266,0,-1,0.001138962,-0.001138961990363896,0.09412034,0.33621687,0,3
2024-03-13 12:40:00,0.09410526,0,-1,0.0013729922,-0.0013729921774938703,0.09423446,0.57686996,-1,3
2024-03-13 12:45:00,0.10033145,0,-1,0.0016096466,-0.0016096465988084674,0.10049295,0.7774989,-1,3
2024-03-13 12:50:00,0.11548479,0,-1,0.0014973457,-0.001497345743700862,0.11565772,0.6732889,-1,3
2024-03-13 12:55:00,0.13038313,0,-1,0.0012849563,-0.001284956349991262,0.13055067,0.65179414,-1,3
2024-03-13 13:00:00,0.16078043,0,-1,0.001948144,-0.0019481440540403128,0.16109365,0.8240693,-1,3
2024-03-13 13:05:00,0.16982968,0,-1,0.0019095729,-0.0019095728639513254,0.17015399,0.7159126,-1,3
2024-03-13 13:10:00,0.18229668,0,-1,0.0016014249,-0.001601424883119762,0.18258862,0.72120756,-1,3
2024-03-13 13:15:00,0.22854258,0,-1,0.0015856524,-0.0015856523532420397,0.22890496,0.52246064,-1,3
2024-03-13 13:20:00,0.1449287,0,-1,0.0014530756,-0.0014530755579471588,0.14513928,0.553867,-1,3
2024-03-13 13:25:00,0.20788589,0,-1,0.0018723251,-0.0018723250832408667,0.20827511,0.6925847,-1,3
2024-03-13 13:30:00,0.31051192,1,1,0.0014686759,0.001468675909563899,0.31096795,0.40729418,0,3
2024-03-13 13:35:00,0.19408856,0,-1,0.0014743333,-0.0014743333449587226,0.19437473,0.7135847,-1,3
2024-03-13 13:40:00,0.1641192,0,-1,0.0013219854,-0.001321985386312008,0.16433617,0.7322021,-1,3
2024-03-13 13:45:00,0.14518605,0,-1,0.0013906854,-0.0013906854437664151,0.14538796,0.77211577,-1,3
2024-03-13 13:50:00,0.16935992,0,-1,0.0014807472,-0.0014807472471147776,0.1696107,0.45690766,0,3
2024-03-13 13:55:00,0.14414552,0,-1,0.0015030171,-0.0015030171489343047,0.14436217,0.8021642,-1,3
2024-03-13 14:00:00,0.2189369,0,-1,0.0013603336,-0.0013603336410596967,0.21923472,0.6376826,-1,3
2024-03-13 14:05:00,0.19319576,0,-1,0.0013178701,-0.0013178701046854258,0.19345036,0.77494484,-1,3
2024-03-13 14:10:00,0.15867975,0,-1,0.001496422,-0.0014964219881221652,0.1589172,0.6970497,-1,3
2024-03-13 14:15:00,0.10035026,0,-1,0.001333242,-0.0013332420494407415,0.10048405,0.71636426,-1,3
2024-03-13 14:20:00,0.113432236,0,-1,0.0016014837,-0.0016014836728572845,0.113613896,0.88965833,-1,3
2024-03-13 14:25:00,0.10356521,0,-1,0.0012729621,-0.0012729620793834329,0.10369704,0.74322367,-1,3
2024-03-13 14:30:00,0.0995741,0,-1,0.0014834305,-0.0014834305038675666,0.09972181,0.5939037,-1,3
2024-03-13 14:35:00,0.15335582,0,-1,0.001360321,-0.0013603209517896175,0.15356444,0.7657852,-1,3
2024-03-13 14:40:00,0.11731437,0,-1,0.001530242,-0.0015302420360967517,0.11749389,0.8537699,-1,3
2024-03-13 14:45:00,0.12331698,0,-1,0.0012215357,-0.0012215357273817062,0.12346762,0.8420833,-1,3
2024-03-13 14:50:00,0.10369005,0,-1,0.0012443762,-0.0012443761806935072,0.10381909,0.8711553,-1,3
2024-03-13 14:55:00,0.18608934,0,-1,0.0008558572,-0.0008558572153560817,0.18624859,0.23763846,0,3
2024-03-13 15:00:00,0.12212503,0,-1,0.0011084939,-0.0011084938887506723,0.12226041,0.72119325,-1,3
2024-03-13 15:05:00,0.1397551,0,-1,0.0008844512,-0.0008844512049108744,0.1398787,0.49704543,0,3
2024-03-13 15:10:00,0.20490862,0,-1,0.0012013543,-0.0012013543164357543,0.2051548,0.57440567,-1,3
2024-03-13 15:15:00,0.14323574,0,-1,0.0011844953,-0.0011844952823594213,0.14340541,0.7495214,-1,3
2024-03-13 15:20:00,0.24686174,0,-1,0.0010667436,-0.001066743629053235,0.24712506,0.5434839,-1,3
2024-03-13 15:25:00,0.20650187,0,-1,0.0010302017,-0.001030201674439013,0.20671462,0.8479336,-1,3
2024-03-13 15:30:00,0.42403886,1,1,0.0027004462,0.0027004461735486984,0.42518395,0.8153077,1,3
2024-03-13 15:35:00,0.2866436,1,1,0.002165699,0.0021656989119946957,0.28726438,0.8648946,1,3
2024-03-13 15:40:00,0.3660785,1,1,0.0017720461,0.0017720460891723633,0.3667272,0.49750483,0,3
2024-03-13 15:45:00,0.22896992,0,-1,0.0021512976,-0.002151297638192773,0.22946249,0.914878,-1,3
2024-03-13 15:50:00,0.40504053,1,1,0.0019166981,0.001916698063723743,0.40581685,0.8701978,1,3
2024-03-13 15:55:00,0.33077115,1,1,0.0022317236,0.002231723628938198,0.33150932,0.8644249,1,3
2024-03-14 09:30:00,0.22085713,0,-1,0.0025580383,-0.0025580383371561766,0.22142208,0.8754513,-1,3
2024-03-14 09:35:00,0.20467211,0,-1,0.002648179,-0.002648178953677416,0.20521413,0.65031046,-1,3
2024-03-14 09:40:00,0.18122391,0,-1,0.0012901333,-0.0012901333393529058,0.18145771,0.5191625,-1,3
2024-03-14 09:45:00,0.24940372,0,-1,0.0018176307,-0.0018176307203248143,0.24985702,0.8269322,-1,3
2024-03-14 09:50:00,0.27609396,1,1,0.0018162352,0.0018162352498620749,0.2765954,0.8065303,1,3
2024-03-14 09:55:00,0.5610687,1,1,0.003129559,0.003129559103399515,0.5628246,0.89778554,1,3
2024-03-14 10:00:00,0.50976247,1,1,0.002877626,0.0028776261024177074,0.51122934,0.93966115,1,3
2024-03-14 10:05:00,0.342623,1,1,0.0013587438,0.0013587437570095062,0.34308854,0.23619418,0,3
2024-03-14 10:10:00,0.3746635,1,1,0.002974044,0.0029740440659224987,0.37577775,0.8637822,1,3
2024-03-14 10:15:00,0.38736513,1,1,0.0014287597,0.0014287596568465233,0.38791856,0.7647914,1,3
2024-03-14 10:20:00,0.35141084,1,1,0.0023165785,0.0023165785241872072,0.35222492,0.21167763,0,3
2024-03-14 10:25:00,0.28578138,1,1,0.0010152374,0.0010152374161407351,0.2860715,0.3741538,0,3
2024-03-14 10:30:00,0.25163108,0,-1,0.0035108633,-0.0035108632873743773,0.2525145,0.7930738,-1,3
2024-03-14 10:35:00,0.35889137,1,1,0.002104243,0.002104243030771613,0.3596466,0.68730026,1,3
2024-03-14 10:40:00,0.47292787,1,1,0.0008526773,0.0008526772726327181,0.47333112,0.5355392,1,3
2024-03-14 10:45:00,0.30386573,1,1,0.0011967754,0.0011967753525823355,0.30422938,0.603566,1,3
2024-03-14 10:50:00,0.3474415,1,1,0.00244622,0.0024462200235575438,0.3482914,0.71867603,1,3
2024-03-14 10:55:00,0.22634976,0,-1,0.0016506313,-0.0016506313113495708,0.22672336,0.4743275,0,3
2024-03-14 11:00:00,0.21330747,0,-1,0.001545355,-0.0015453549567610025,0.2136371,0.47794446,0,3
2024-03-14 11:05:00,0.27248043,0,-1,0.0014407147,-0.0014407146954908967,0.272873,0.62346154,-1,3
2024-03-14 11:10:00,0.1779686,0,-1,0.0011339495,-0.0011339494958519936,0.17817041,0.63551456,-1,3
2024-03-14 11:15:00,0.26927176,0,-1,0.00090478983,-0.0009047898347489536,0.2695154,0.46681064,0,3
2024-03-14 11:20:00,0.4772197,1,1,0.0009857421,0.0009857420809566975,0.47769013,0.6164752,1,3
2024-03-14 11:25:00,0.2043542,0,-1,0.0013074102,-0.0013074101880192757,0.20462136,0.54657894,-1,3
2024-03-14 11:30:00,0.22449324,0,-1,0.0009404312,-0.0009404312004335225,0.22470436,0.7248579,-1,3
2024-03-14 11:35:00,0.19261593,0,-1,0.0009541839,-0.0009541839244775474,0.19279972,0.70884323,-1,3
2024-03-14 11:40:00,0.34158567,1,1,0.0008577479,0.000857747916597873,0.34187865,0.45922354,0,3
2024-03-14 11:45:00,0.21094602,0,-1,0.00073739316,-0.0007373931584879756,0.21110158,0.38330576,0,3
2024-03-14 11:50:00,0.17507608,0,-1,0.0011841356,-0.001184135559014976,0.17528339,0.69242376,-1,3
2024-03-14 11:55:00,0.12541832,0,-1,0.00114294,-0.001142940018326044,0.12556167,0.41423875,0,3
2024-03-14 12:00:00,0.28830332,1,1,0.00091305346,0.0009130534599535167,0.28856653,0.5162555,1,3
2024-03-14 12:05:00,0.3169262,1,1,0.0017600557,0.0017600556602701545,0.317484,0.37186855,0,3
2024-03-14 12:10:00,0.25042695,0,-1,0.0019392893,-0.0019392892718315125,0.2509126,0.7153028,-1,3
2024-03-14 12:15:00,0.24597326,0,-1,0.0013343825,-0.0013343824539333582,0.24630149,0.5705636,-1,3
2024-03-14 12:20:00,0.15545976,0,-1,0.001077088,-0.001077087945304811,0.1556272,0.4295681,0,3
2024-03-14 12:25:00,0.14877777,0,-1,0.001385365,-0.0013853650307282805,0.14898388,0.8740456,-1,3
2024-03-14 12:30:00,0.122552544,0,-1,0.0010578264,-0.0010578264482319355,0.12268219,0.580336,-1,3
2024-03-14 12:35:00,0.07898541,0,-1,0.0010843462,-0.0010843462077900767,0.07907105,0.36209998,0,3
2024-03-14 12:40:00,0.30965906,1,1,0.00084043393,0.0008404339314438403,0.3099193,0.34001136,0,3
2024-03-14 12:45:00,0.38283804,1,1,0.001284613,0.0012846130412071943,0.38332984,0.46754822,0,3
2024-03-14 12:50:00,0.19195202,0,-1,0.0008052422,-0.0008052422199398279,0.19210659,0.53638816,-1,3
2024-03-14 12:55:00,0.43846118,1,1,0.0012435167,0.001243516686372459,0.4390064,0.32136452,0,3
2024-03-14 13:00:00,0.37367713,1,1,0.004565843,0.004565842915326357,0.3753833,0.42081717,0,3
2024-03-14 13:05:00,0.3412716,1,1,0.00085650006,0.0008565000607632101,0.3415639,0.43558133,0,3
2024-03-14 13:10:00,0.4097735,1,1,0.0021078603,0.0021078602876514196,0.41063723,0.29092377,0,3
2024-03-14 13:15:00,0.44172245,1,1,0.0021763737,0.0021763737313449383,0.44268382,0.52361566,1,3
2024-03-14 13:20:00,0.52973014,1,1,0.0020827637,0.0020827637054026127,0.5308334,0.60243434,1,3
2024-03-14 13:25:00,0.64833784,1,1,0.0037628992,0.00376289919950068,0.65077746,0.41012385,0,3
2024-03-14 13:30:00,0.59078604,1,1,0.0026962098,0.0026962098199874163,0.5923789,0.44812262,0,3
2024-03-14 13:35:00,0.51195294,1,1,0.0022831936,0.00228319363668561,0.51312184,0.35662466,0,3
2024-03-14 13:40:00,0.43406442,1,1,0.0015115621,0.0015115621499717236,0.43472055,0.4584526,0,3
2024-03-14 13:45:00,0.29338625,1,1,0.00065882166,0.0006588216638192534,0.29357955,0.24645418,0,3
2024-03-14 13:50:00,0.29347676,1,1,0.0018518235,0.0018518235301598907,0.2940202,0.21122807,0,3
2024-03-14 13:55:00,0.10748451,0,-1,0.0015455408,-0.0015455407556146383,0.10765064,0.3706452,0,3
2024-03-14 14:00:00,0.21831532,0,-1,0.0038617451,-0.0038617451209574938,0.21915841,0.85644996,-1,3
2024-03-14 14:05:00,0.15459348,0,-1,0.0025040812,-0.002504081232473254,0.1549806,0.9247811,-1,3
2024-03-14 14:10:00,0.14380278,0,-1,0.0019416189,-0.0019416188588365912,0.14408198,0.7982049,-1,3
2024-03-14 14:15:00,0.21164985,0,-1,0.0027447792,-0.002744779223576188,0.21223079,0.8604901,-1,3
2024-03-14 14:20:00,0.29950166,1,1,0.002714828,0.0027148278895765543,0.30031475,0.25498757,0,3
2024-03-14 14:25:00,0.1430222,0,-1,0.002715585,-0.0027155850548297167,0.14341058,0.5020312,-1,3
2024-03-14 14:30:00,0.14884695,0,-1,0.0026660278,-0.0026660277508199215,0.14924379,0.8166045,-1,3
2024-03-14 14:35:00,0.32165587,1,1,0.0023862247,0.002386224688962102,0.3224234,0.26040956,0,3
2024-03-14 14:40:00,0.14071208,0,-1,0.0028098472,-0.0028098472394049168,0.14110747,0.5751067,-1,3
2024-03-14 14:45:00,0.161934,0,-1,0.0026176341,-0.0026176341343671083,0.16235788,0.5784627,-1,3
2024-03-14 14:50:00,0.49150014,1,1,0.0021320682,0.0021320681553333998,0.49254805,0.5866532,1,3
2024-03-14 14:55:00,0.3895928,1,1,0.0015418398,0.0015418397961184382,0.3901935,0.7333744,1,3
2024-03-14 15:00:00,0.64106417,1,1,0.0025033012,0.0025033012498170137,0.6426689,0.83895004,1,3
2024-03-14 15:05:00,0.41554824,1,1,0.0016182096,0.0016182096442207694,0.4162207,0.8024817,1,3
2024-03-14 15:10:00,0.55230063,1,1,0.0028210438,0.0028210438322275877,0.5538587,0.8610453,1,3
2024-03-14 15:15:00,0.6039389,1,1,0.003087699,0.0030876989476382732,0.6058036,0.9104874,1,3
2024-03-14 15:20:00,0.7968331,1,1,0.0024806033,0.002480603288859129,0.79880977,0.8723116,1,3
2024-03-14 15:25:00,0.319999,1,1,0.002740009,0.0027400089893490076,0.32087582,0.7551429,1,3
2024-03-14 15:30:00,0.64678717,1,1,0.0026585122,0.0026585122104734182,0.64850664,0.817876,1,3
2024-03-14 15:35:00,0.3907285,1,1,0.0029669234,0.0029669234063476324,0.39188775,0.6666066,1,3
2024-03-14 15:40:00,0.27452722,1,1,0.0027157401,0.00271574012003839,0.27527276,0.71986187,1,3
2024-03-14 15:45:00,0.28280723,1,1,0.0019113761,0.0019113761372864246,0.2833478,0.80333537,1,3
2024-03-14 15:50:00,0.28570956,1,1,0.003713251,0.0037132510915398598,0.28677046,0.69958377,1,3
2024-03-14 15:55:00,0.23907527,0,-1,0.0041213846,-0.004121384583413601,0.2400606,0.75944597,-1,3
2024-03-15 09:30:00,0.15567656,0,-1,0.0006545876,-0.0006545875803567469,0.15577847,0.64090616,-1,3
2024-03-15 09:35:00,0.3871346,1,1,0.0013005247,0.0013005246873944998,0.38763812,0.67924845,1,3
2024-03-15 09:40:00,0.523937,1,1,0.0013587099,0.0013587098801508546,0.5246489,0.76203674,1,3
2024-03-15 09:45:00,0.38894078,1,1,0.0013228453,0.0013228453462943435,0.3894553,0.5595256,1,3
2024-03-15 09:50:00,0.31741804,1,1,0.0024713674,0.0024713673628866673,0.3182025,0.53982836,1,3
2024-03-15 09:55:00,0.32906362,1,1,0.0018363621,0.00183636206202209,0.32966793,0.12383698,0,3
2024-03-15 10:00:00,0.4775566,1,1,0.0018199553,0.0018199553014710546,0.4784257,0.5787509,1,3
2024-03-15 10:05:00,0.3410022,1,1,0.0020368532,0.002036853227764368,0.34169674,0.72189623,1,3
2024-03-15 10:10:00,0.32233188,1,1,0.0022063258,0.002206325763836503,0.32304305,0.16551574,0,3
2024-03-15 10:15:00,0.2927619,1,1,0.001388509,0.0013885089429095387,0.2931684,0.08054454,0,3
2024-03-15 10:20:00,0.3962591,1,1,0.0016744662,0.0016744661843404174,0.3969226,0.41240248,0,3
2024-03-15 10:25:00,0.38146585,1,1,0.0009080566,0.0009080566233024001,0.38181224,0.47448108,0,3
2024-03-15 10:30:00,0.3012459,1,1,0.001996454,0.001996454084292054,0.3018473,0.20676568,0,3
2024-03-15 10:35:00,0.38664705,1,1,0.002518375,0.002518374938517809,0.38762078,0.7158677,1,3
2024-03-15 10:40:00,0.13454998,0,-1,0.0011079425,-0.0011079425457865,0.13469905,0.6480632,-1,3
2024-03-15 10:45:00,0.23203492,0,-1,0.0019187374,-0.0019187374273315072,0.23248015,0.4563091,0,3
2024-03-15 10:50:00,0.30242586,1,1,0.0018911264,0.0018911263905465603,0.3029978,0.35761803,0,3
2024-03-15 10:55:00,0.2879494,1,1,0.0017345478,0.001734547782689333,0.28844887,0.2954867,0,3
2024-03-15 11:00:00,0.15901327,0,-1,0.0017437721,-0.001743772067129612,0.15929055,0.7808988,-1,3
2024-03-15 11:05:00,0.34767213,1,1,0.0016691253,0.0016691252822056413,0.34825245,0.32899106,0,3
2024-03-15 11:10:00,0.29149184,1,1,0.0016458101,0.00164581008721143,0.29197156,0.22877847,0,3
2024-03-15 11:15:00,0.3079768,1,1,0.0013611836,0.0013611835893243551,0.308396,0.091615476,0,3
2024-03-15 12:55:00,0.4093613,1,1,0.005195639,0.005195639096200466,0.41148818,0.6747387,1,4
2024-03-15 13:00:00,0.51966316,1,1,0.0023523273,0.0023523273412138224,0.5208856,0.8921487,1,4
2024-03-15 13:05:00,0.31097737,1,1,0.0025384226,0.0025384225882589817,0.31176677,0.3599743,0,4
2024-03-15 13:10:00,0.34076074,1,1,0.0021446524,0.0021446524187922478,0.34149158,0.67851835,1,4
2024-03-15 13:15:00,0.38653597,1,1,0.0015053917,0.0015053916722536087,0.38711786,0.45846614,0,4
2024-03-15 13:20:00,0.3334472,1,1,0.0043883543,0.004388354253023863,0.33491045,0.51599896,1,4
2024-03-15 13:25:00,0.4302367,1,1,0.0013213767,0.0013213766505941749,0.43080524,0.34488025,0,4
2024-03-15 13:30:00,0.45665628,1,1,0.0015015492,0.001501549151726067,0.45734197,0.7765558,1,4
2024-03-15 13:35:00,0.409168,1,1,0.0012049547,0.001204954693093896,0.40966102,0.75308996,1,4
2024-03-15 13:40:00,0.3978759,1,1,0.0010981263,0.001098126289434731,0.39831284,0.6033039,1,4
2024-03-15 13:45:00,0.5209836,1,1,0.0014067849,0.0014067848678678274,0.5217165,0.87025625,1,4
2024-03-15 13:50:00,0.4104178,1,1,0.0014075612,0.0014075612416490912,0.41099545,0.30884352,0,4
2024-03-15 13:55:00,0.446922,1,1,0.0012000701,0.0012000701390206814,0.44745836,0.8913196,1,4
2024-03-15 14:00:00,0.5469464,1,1,0.0013263398,0.0013263397850096226,0.54767185,0.56291175,1,4
2024-03-15 14:05:00,0.57157826,1,1,0.0013128823,0.0013128822902217507,0.5723287,0.35015124,0,4
2024-03-15 14:10:00,0.48121262,1,1,0.0013401823,0.001340182265266776,0.4818575,0.62469614,1,4
2024-03-15 14:15:00,0.48850888,1,1,0.0013466493,0.0013466492528095841,0.48916677,0.7152108,1,4
2024-03-15 14:20:00,0.5315537,1,1,0.0013915502,0.0013915501767769456,0.5322934,0.7700463,1,4
2024-03-15 14:25:00,0.4666726,1,1,0.0013185639,0.0013185639400035143,0.46728793,0.72188485,1,4
2024-03-15 14:30:00,0.54007804,1,1,0.0014039333,0.0014039332745596766,0.5408363,0.73226964,1,4
2024-03-15 14:35:00,0.46095052,1,1,0.0013052343,0.0013052342692390084,0.46155217,0.68057483,1,4
2024-03-15 14:40:00,0.51269954,1,1,0.001323951,0.0013239509426057339,0.5133783,0.67034817,1,4
2024-03-15 14:45:00,0.510455,1,1,0.0013047396,0.0013047396205365658,0.51112103,0.8025714,1,4
2024-03-15 14:50:00,0.46436325,1,1,0.0012641731,0.0012641730718314648,0.4649503,0.7919196,1,4
2024-03-15 14:55:00,0.4928543,1,1,0.0012753964,0.001275396440178156,0.4934829,0.91732264,1,4
2024-03-15 15:00:00,0.54565036,1,1,0.001405541,0.0014055409701541066,0.54641736,0.5448046,1,4
2024-03-15 15:05:00,0.5845451,1,1,0.0015991657,0.0015991657273843884,0.58547986,0.78720695,1,4
2024-03-15 15:10:00,0.582362,1,1,0.0016185284,0.0016185283893719316,0.5833045,0.85621107,1,4
2024-03-15 15:15:00,0.55287254,1,1,0.0016277313,0.0016277312533929944,0.55377245,0.6619196,1,4
2024-03-15 15:20:00,0.51284975,1,1,0.001953775,0.0019537750631570816,0.5138517,0.9364796,1,4
2024-03-15 15:25:00,0.5417812,1,1,0.0019099494,0.0019099493511021137,0.542816,0.8852817,1,4
2024-03-15 15:30:00,0.5449923,1,1,0.0015773991,0.0015773990890011191,0.545852,0.6888067,1,4
2024-03-15 15:35:00,0.46979702,1,1,0.0019046393,0.0019046392990276217,0.4706918,0.73072094,1,4
2024-03-15 15:40:00,0.31050563,1,1,0.001700712,0.0017007120186462998,0.31103373,0.69956005,1,4
2024-03-15 15:45:00,0.38114768,1,1,0.0020569824,0.0020569823682308197,0.3819317,0.8627798,1,4
2024-03-15 15:50:00,0.45597893,1,1,0.00220413,0.0022041299380362034,0.45698398,0.7073355,1,4
2024-03-15 15:55:00,0.49610665,1,1,0.002647404,0.0026474040932953358,0.49742004,0.83292365,1,4
2024-03-18 09:30:00,0.38975236,1,1,0.0027355317,0.0027355316560715437,0.39081854,0.92905146,1,4
2024-03-18 09:35:00,0.3624131,1,1,0.0019123169,0.001912316889502108,0.36310616,0.7178251,1,4
2024-03-18 09:40:00,0.30682063,1,1,0.0013895298,0.0013895297888666391,0.30724695,0.6146455,1,4
2024-03-18 09:45:00,0.386604,1,1,0.0012675625,0.001267562503926456,0.38709405,0.84847313,1,4
2024-03-18 09:50:00,0.39983442,1,1,0.0012484294,0.0012484294129535556,0.4003336,0.8684287,1,4
2024-03-18 09:55:00,0.5407108,1,1,0.0013988232,0.0013988232240080833,0.54146713,0.85143304,1,4
2024-03-18 10:00:00,0.1742048,0,-1,0.0011503162,-0.0011503162095323205,0.1744052,0.6220783,-1,4
2024-03-18 10:05:00,0.25760508,0,-1,0.003858432,-0.0038584319408982992,0.25859904,0.55817336,-1,4
2024-03-18 10:10:00,0.49393007,1,1,0.006400213,0.006400213111191988,0.49709132,0.8096589,1,4
2024-03-18 10:15:00,0.37837654,1,1,0.00735735,0.007357350084930658,0.3811604,0.6959549,1,4
2024-03-18 10:20:00,0.32878968,1,1,0.007096954,0.00709695415571332,0.3311231,0.48164856,0,4
2024-03-18 10:25:00,0.39636725,1,1,0.0072997236,0.007299723569303751,0.39926064,0.8285094,1,4
2024-03-18 10:30:00,0.4831348,1,1,0.0076536885,0.007653688546270132,0.4868326,0.6854808,1,4
2024-03-18 10:35:00,0.46031913,1,1,0.0076364633,0.0076364632695913315,0.46383432,0.6250676,1,4
2024-03-18 10:40:00,0.35271683,1,1,0.0075659743,0.00756597425788641,0.35538548,0.45172232,0,4
2024-03-18 10:45:00,0.28428337,0,-1,0.0075215288,-0.007521528750658035,0.2864216,0.6558397,-1,4
2024-03-18 10:50:00,0.26646155,0,-1,0.007515487,-0.007515486795455217,0.26846412,0.415907,0,4
2024-03-18 10:55:00,0.2335921,0,-1,0.00768472,-0.00768472021445632,0.23538718,0.52168673,-1,4
2024-03-18 11:00:00,0.35636258,1,1,0.0074501173,0.007450117263942957,0.35901752,0.63975805,1,4
2024-03-18 11:05:00,0.3492128,1,1,0.007278763,0.007278763223439455,0.35175464,0.7258709,1,4
2024-03-18 11:10:00,0.3923123,1,1,0.006795977,0.006795976776629686,0.39497843,0.58757305,1,4
2024-03-18 11:15:00,0.29361585,0,-1,0.006845924,-0.006845924071967602,0.29562593,0.34502807,0,4
2024-03-18 11:20:00,0.23161267,0,-1,0.006688734,-0.006688734050840139,0.23316185,0.30242696,0,4
2024-03-18 11:25:00,0.2545153,0,-1,0.0068639517,-0.006863951683044434,0.25626227,0.30814028,0,4
2024-03-18 11:30:00,0.4273342,1,1,0.006261969,0.006261968985199928,0.43001014,0.6539237,1,4
2024-03-18 11:35:00,0.25286424,0,-1,0.006907258,-0.006907258182764053,0.25461084,0.5151473,-1,4
2024-03-18 11:40:00,0.20177962,0,-1,0.006805949,-0.006805948913097382,0.20315291,0.23674384,0,4
2024-03-18 11:45:00,0.40454462,1,1,0.0065908115,0.006590811535716057,0.40721092,0.7091179,1,4
2024-03-18 11:50:00,0.3599517,1,1,0.006232965,0.0062329648062586784,0.36219528,0.7053825,1,4
2024-03-18 11:55:00,0.26449978,0,-1,0.0066213217,-0.00662132166326046,0.26625115,0.38997823,0,4
2024-03-18 12:00:00,0.38640827,1,1,0.0062118266,0.006211826577782631,0.38880858,0.79640824,1,4
2024-03-18 12:05:00,0.29395643,0,-1,0.0065243146,-0.006524314638227224,0.2958743,0.5097412,-1,4
2024-03-18 12:10:00,0.26799136,0,-1,0.0067967875,-0.006796787492930889,0.26981285,0.15149307,0,4
2024-03-18 12:15:00,0.3047268,1,1,0.006583712,0.006583712063729763,0.30673304,0.3163822,0,4
2024-03-18 12:20:00,0.27645975,0,-1,0.006528422,-0.006528421770781279,0.27826458,0.28241324,0,4
2024-03-18 12:25:00,0.22397722,0,-1,0.006803297,-0.006803296972066164,0.225501,0.13518728,0,4
2024-03-18 12:30:00,0.30797213,1,1,0.006568564,0.006568564102053642,0.30999506,0.3192449,0,4
2024-03-18 12:35:00,0.23516504,0,-1,0.006690559,-0.006690558977425098,0.23673841,0.14242359,0,4
2024-03-18 12:40:00,0.3184646,1,1,0.006610078,0.006610077805817127,0.32056966,0.46584082,0,4
2024-03-18 12:45:00,0.544313,1,1,0.0062704314,0.006270431447774172,0.5477261,0.74256825,1,4
2024-03-18 12:50:00,0.44730234,1,1,0.0060274587,0.00602745870128274,0.44999844,0.60210216,1,4
2024-03-18 12:55:00,0.35706136,1,1,0.007940027,0.007940026931464672,0.35989645,0.27938634,0,4
2024-03-18 13:00:00,0.36453912,1,1,0.0057164705,0.0057164705358445644,0.36662298,0.6562081,1,4
2024-03-18 13:05:00,0.53071773,1,1,0.006453321,0.006453320849686861,0.5341426,0.80016214,1,4
2024-03-18 13:10:00,0.32906243,1,1,0.00662815,0.006628150120377541,0.33124352,0.29130706,0,4
2024-03-18 13:15:00,0.3273001,1,1,0.006612911,0.0066129108890891075,0.3294645,0.42240378,0,4
2024-03-18 13:20:00,0.21778242,0,-1,0.006430469,-0.006430468987673521,0.21918288,0.28665513,0,4
2024-03-18 13:25:00,0.35131195,1,1,0.0066472483,0.006647248286753893,0.3536472,0.39462847,0,4
2024-03-18 13:30:00,0.39575207,1,1,0.0063310154,0.006331015378236771,0.39825755,0.7456382,1,4
2024-03-18 13:35:00,0.40249556,1,1,0.0057413015,0.005741301458328962,0.40480644,0.512105,1,4
2024-03-18 13:40:00,0.24255833,0,-1,0.006788541,-0.006788541097193956,0.24420494,0.2742202,0,4
2024-03-18 13:45:00,0.4313088,1,1,0.006608617,0.006608617026358843,0.43415916,0.7715984,1,4
2024-03-18 13:50:00,0.5180193,1,1,0.0063724862,0.006372486241161823,0.52132034,0.8162238,1,4
2024-03-18 13:55:00,0.32808116,1,1,0.006428217,0.006428217049688101,0.33019015,0.78380024,1,4
2024-03-18 14:00:00,0.29658994,1,1,0.007115484,0.007115484215319157,0.29870033,0.17882998,0,4
2024-03-18 14:05:00,0.3423424,1,1,0.007042017,0.007042016834020615,0.3447532,0.58638114,1,4
2024-03-18 14:10:00,0.40362105,1,1,0.006700406,0.006700405851006508,0.40632546,0.4254627,0,4
2024-03-18 14:15:00,0.3711355,1,1,0.0067322417,0.006732241716235876,0.37363407,0.27884296,0,4
2024-03-18 14:20:00,0.35313663,1,1,0.006703143,0.006703143008053303,0.35550374,0.25587717,0,4
2024-03-18 14:25:00,0.20657498,0,-1,0.006423916,-0.0064239162020385265,0.207902,0.25939107,0,4
2024-03-18 14:30:00,0.2708588,0,-1,0.0067049256,-0.006704925559461117,0.2726749,0.11024485,0,4
2024-03-18 14:35:00,0.2389404,0,-1,0.006660024,-0.006660024169832468,0.24053174,0.11686767,0,4
2024-03-18 14:40:00,0.39872745,1,1,0.006142757,0.006142756901681423,0.40117672,0.7037901,1,4
2024-03-18 14:45:00,0.3751285,1,1,0.006834193,0.006834193132817745,0.3776922,0.40882233,0,4
2024-03-18 14:50:00,0.35816774,1,1,0.006614854,0.006614854093641043,0.36053693,0.26768696,0,4
2024-03-18 14:55:00,0.3978311,1,1,0.0070090136,0.007009013555943966,0.40061954,0.58087337,1,4
2024-03-18 15:00:00,0.31666136,1,1,0.006712276,0.0067122760228812695,0.3187869,0.13745713,0,4
2024-03-18 15:05:00,0.26323667,0,-1,0.006568277,-0.006568276789039373,0.26496568,0.5771426,-1,4
2024-03-18 15:10:00,0.22372063,0,-1,0.0067488384,-0.006748838350176811,0.22523047,0.15734024,0,4
2024-03-18 15:15:00,0.24183843,0,-1,0.0071576918,-0.00715769175440073,0.24356943,0.14122263,0,4
2024-03-18 15:20:00,0.38801312,1,1,0.0066932854,0.006693285424262285,0.3906102,0.23974468,0,4
2024-03-18 15:25:00,0.28743407,0,-1,0.006696707,-0.0066967071034014225,0.28935894,0.13060524,0,4
2024-03-18 15:30:00,0.32184285,1,1,0.006679609,0.006679608952254057,0.32399264,0.41442478,0,4
2024-03-18 15:35:00,0.43370286,1,1,0.0066792215,0.006679221522063017,0.43659964,0.4551735,0,4
2024-03-18 15:40:00,0.27885824,0,-1,0.006798332,-0.006798332091420889,0.28075403,0.09563862,0,4
2024-03-18 15:45:00,0.33600008,1,1,0.0067547695,0.00675476947799325,0.33826968,0.3471322,0,4
2024-03-18 15:50:00,0.38713163,1,1,0.00453778,0.004537779837846756,0.38888836,0.81257576,1,4
2024-03-18 15:55:00,0.3987652,1,1,0.0061439434,0.006143943406641483,0.4012152,0.6057097,1,4
2024-03-19 09:30:00,0.17894952,0,-1,0.005931872,-0.005931871943175793,0.18001102,0.5962007,-1,4
2024-03-19 09:35:00,0.321654,1,1,0.006606632,0.00660663191229105,0.32377902,0.5055113,1,4
2024-03-19 09:40:00,0.19316563,0,-1,0.0067273774,-0.0067273774184286594,0.19446512,0.21443276,0,4
2024-03-19 09:45:00,0.222153,0,-1,0.006566256,-0.006566255819052458,0.22361171,0.24957271,0,4
2024-03-19 09:50:00,0.21564321,0,-1,0.006839688,-0.0068396879360079765,0.21711813,0.1810948,0,4
2024-03-19 09:55:00,0.4366256,1,1,0.0061314986,0.006131498608738184,0.43930277,0.41870028,0,4
2024-03-19 10:00:00,0.18684319,0,-1,0.006538401,-0.0065384008921682835,0.18806484,0.40074235,0,4
2024-03-19 10:05:00,0.25635225,0,-1,0.006525325,-0.006525325123220682,0.25802502,0.37301782,0,4
2024-03-19 10:10:00,0.19699588,0,-1,0.0064125904,-0.006412590388208628,0.19825915,0.42153496,0,4
2024-03-19 10:15:00,0.31179416,1,1,0.00583445,0.005834450013935566,0.31361333,0.20117104,0,4
2024-03-19 10:20:00,0.22496109,0,-1,0.006440589,-0.00644058920443058,0.22640999,0.24728507,0,4
2024-03-19 10:25:00,0.23562431,0,-1,0.006394564,-0.006394564174115658,0.23713101,0.12596141,0,4
2024-03-19 10:30:00,0.31737927,1,1,0.0065318495,0.006531849503517151,0.31945235,0.4920694,0,4
2024-03-19 10:35:00,0.27410254,0,-1,0.006915288,-0.006915288046002388,0.27599806,0.14532438,0,4
2024-03-19 10:40:00,0.3321314,1,1,0.0073088794,0.007308879401534796,0.33455887,0.7596562,1,4
2024-03-19 10:45:00,0.2896366,0,-1,0.0071108965,-0.007110896520316601,0.2916962,0.39891863,0,4
2024-03-19 10:50:00,0.31537414,1,1,0.007181391,0.00718139111995697,0.31763896,0.42229086,0,4
2024-03-19 10:55:00,0.31431678,1,1,0.00726683,0.007266830187290907,0.3166009,0.5375147,1,4
2024-03-19 11:00:00,0.40066668,1,1,0.0072743166,0.007274316623806953,0.40358123,0.83710796,1,4
2024-03-19 11:05:00,0.31945413,1,1,0.007441733,0.007441733032464981,0.32183143,0.7113142,1,4
2024-03-19 11:10:00,0.24635747,0,-1,0.0074459384,-0.007445938419550657,0.24819183,0.5901852,-1,4
2024-03-19 11:15:00,0.21756698,0,-1,0.0074075623,-0.007407562341541052,0.21917862,0.44780886,0,4
2024-03-19 11:20:00,0.23414212,0,-1,0.007272782,-0.007272781804203987,0.235845,0.30629948,0,4
2024-03-19 11:25:00,0.4024272,1,1,0.0070794383,0.007079438306391239,0.40527618,0.5126253,1,4
2024-03-19 11:30:00,0.25120544,0,-1,0.0071475217,-0.007147521711885929,0.25300094,0.23568794,0,4
2024-03-19 11:35:00,0.26147264,0,-1,0.0074854256,-0.007485425565391779,0.26342988,0.3992951,0,4
2024-03-19 11:40:00,0.27924478,0,-1,0.0072298734,-0.0072298734448850155,0.2812637,0.2747842,0,4
2024-03-19 11:45:00,0.3259185,1,1,0.0072418097,0.007241809740662575,0.32827875,0.66134393,1,4
2024-03-19 11:50:00,0.43323508,1,1,0.0069791577,0.00697915768250823,0.43625867,0.5978081,1,4
2024-03-19 11:55:00,0.3288819,1,1,0.0071351947,0.007135194726288319,0.33122852,0.78245753,1,4
2024-03-19 12:00:00,0.19664033,0,-1,0.0074491585,-0.00744915846735239,0.19810513,0.30246344,0,4
2024-03-19 12:05:00,0.40850303,1,1,0.007256195,0.0072561949491500854,0.4114672,0.56451136,1,4
2024-03-19 12:10:00,0.3071567,1,1,0.0073941783,0.007394178304821253,0.3094279,0.26433533,0,4
2024-03-19 12:15:00,0.40437177,1,1,0.006939881,0.006939881015568972,0.40717807,0.52166456,1,4
2024-03-19 12:20:00,0.27048382,0,-1,0.006868433,-0.006868433207273483,0.27234164,0.48751903,0,4
2024-03-19 12:25:00,0.39267185,1,1,0.007418188,0.00741818780079484,0.39558476,0.46943876,0,4
2024-03-19 12:30:00,0.27326033,0,-1,0.00693416,-0.006934159900993109,0.27515516,0.23969698,0,4
2024-03-19 12:35:00,0.2840684,0,-1,0.007313679,-0.007313678972423077,0.28614601,0.5296588,-1,4
2024-03-19 12:40:00,0.19440982,0,-1,0.0064156423,-0.006415642332285643,0.19565707,0.5009838,-1,4
2024-03-19 12:45:00,0.22552022,0,-1,0.0072628367,-0.007262836676090956,0.22715814,0.5130467,-1,4
2024-03-19 12:50:00,0.24477124,0,-1,0.0070735356,-0.007073535583913326,0.24650264,0.5184622,-1,4
2024-03-19 12:55:00,0.4259728,1,1,0.0066142622,0.006614262238144875,0.42879027,0.48863065,0,4
2024-03-19 13:00:00,0.4204064,1,1,0.0069432613,0.0069432612508535385,0.4233254,0.39826152,0,4
2024-03-19 13:05:00,0.45564947,1,1,0.0069551347,0.006955134682357311,0.45881858,0.5421008,1,4
2024-03-19 13:10:00,0.41625434,1,1,0.0074307485,0.007430748548358679,0.41934744,0.3896553,0,4
2024-03-19 13:15:00,0.52793425,1,1,0.0071894983,0.007189498282968998,0.5317298,0.48665848,0,4
2024-03-19 13:20:00,0.35847884,1,1,0.0072522964,0.007252296432852745,0.36107865,0.37238097,0,4
2024-03-19 13:25:00,0.50776595,1,1,0.0069240197,0.006924019660800695,0.5112817,0.7838887,1,4
2024-03-19 13:30:00,0.33177033,1,1,0.007011555,0.0070115551352500916,0.33409655,0.27026004,0,4
2024-03-19 13:35:00,0.4277902,1,1,0.0070412112,0.007041211239993572,0.43080235,0.5435782,1,4
2024-03-19 13:40:00,0.32401803,1,1,0.0070930077,0.007093007676303387,0.32631627,0.20513366,0,4
2024-03-19 13:45:00,0.38609555,1,1,0.007223704,0.007223703898489475,0.3888846,0.31534803,0,4
2024-03-19 13:50:00,0.5397633,1,1,0.006845769,0.006845769006758928,0.54345834,0.2951807,0,4
2024-03-19 13:55:00,0.3549247,1,1,0.0071479687,0.0071479687467217445,0.35746172,0.49678528,0,4
2024-03-19 14:00:00,0.46932593,1,1,0.0068945345,0.006894534453749657,0.47256175,0.46861124,0,4
2024-03-19 14:05:00,0.36099157,1,1,0.006950497,0.0069504971615970135,0.36350062,0.37407354,0,4
2024-03-19 14:10:00,0.3638407,1,1,0.0069123358,0.006912335753440857,0.3663557,0.48783106,0,4
2024-03-19 14:15:00,0.3318413,1,1,0.007018971,0.007018970791250467,0.33417046,0.26699105,0,4
2024-03-19 14:20:00,0.5262825,1,1,0.0068635168,0.006863516755402088,0.5298946,0.46952873,0,4
2024-03-19 14:25:00,0.38688987,1,1,0.0070034945,0.007003494538366795,0.38959947,0.5256692,1,4
2024-03-19 14:30:00,0.29358408,0,-1,0.0071918173,-0.0071918172761797905,0.29569548,0.29137248,0,4
2024-03-19 14:35:00,0.2868414,0,-1,0.007247237,-0.0072472370229661465,0.2889202,0.4499215,0,4
2024-03-19 14:40:00,0.3145182,1,1,0.007323086,0.00732308579608798,0.31682143,0.29839906,0,4
2024-03-19 14:45:00,0.32033864,1,1,0.0073837736,0.007383773569017649,0.32270396,0.3120497,0,4
2024-03-19 14:50:00,0.46572372,1,1,0.006818292,0.006818292196840048,0.46889916,0.40581,0,4
2024-03-19 14:55:00,0.3879051,1,1,0.0071003675,0.0071003674529492855,0.39065936,0.34924856,0,4
2024-03-19 15:00:00,0.29675847,1,1,0.006885436,0.006885435897856951,0.29880178,0.23700671,0,4
2024-03-19 15:05:00,0.45457545,1,1,0.0067173797,0.006717379670590162,0.45762897,0.39061046,0,4
2024-03-19 15:10:00,0.40067792,1,1,0.0068972404,0.006897240411490202,0.4034415,0.4155093,0,4
2024-03-19 15:15:00,0.3289942,1,1,0.0071160626,0.007116062566637993,0.33133537,0.13540094,0,4
2024-03-19 15:20:00,0.414136,1,1,0.0072689457,0.007268945686519146,0.4171463,0.6113359,1,4
2024-03-19 15:25:00,0.3103471,1,1,0.0072637526,0.00726375263184309,0.31260142,0.26522633,0,4
2024-03-19 15:30:00,0.34714398,1,1,0.0070877247,0.00708772474899888,0.34960443,0.45690402,0,4
2024-03-19 15:35:00,0.36861292,1,1,0.0069413753,0.006941375322639942,0.37117156,0.16943435,0,4
2024-03-19 15:40:00,0.29359215,0,-1,0.0071751457,-0.007175145670771599,0.2956987,0.29189724,0,4
2024-03-19 15:45:00,0.3182681,1,1,0.0073322966,0.007332296576350927,0.32060173,0.1187238,0,4
2024-03-19 15:50:00,0.33392403,1,1,0.007841667,0.007841667160391808,0.33654255,0.3496821,0,4
2024-03-19 15:55:00,0.42215517,1,1,0.0080397315,0.008039731532335281,0.42554918,0.56371385,1,4
2024-03-20 09:30:00,0.38350123,1,1,0.00678251,0.0067825098522007465,0.38610235,0.5699482,1,4
2024-03-20 09:35:00,0.35535464,1,1,0.006962919,0.006962919142097235,0.35782894,0.502693,1,4
2024-03-20 09:40:00,0.24389061,0,-1,0.0068176,-0.0068176002241671085,0.24555336,0.32977074,0,4
2024-03-20 09:45:00,0.22071023,0,-1,0.0069125206,-0.006912520620971918,0.22223589,0.28272033,0,4
2024-03-20 09:50:00,0.24750693,0,-1,0.006878966,-0.006878965999931097,0.24920952,0.37543002,0,4
2024-03-20 09:55:00,0.31246886,1,1,0.006865399,0.006865398958325386,0.3146141,0.27982408,0,4
2024-03-20 10:00:00,0.3467838,1,1,0.006948232,0.006948232185095549,0.34919333,0.4932631,0,4
2024-03-20 10:05:00,0.22908436,0,-1,0.0071618557,-0.007161855697631836,0.23072502,0.5339047,-1,4
2024-03-20 10:10:00,0.33842662,1,1,0.0068490193,0.006849019322544336,0.34074453,0.28848523,0,4
2024-03-20 10:15:00,0.20622943,0,-1,0.0069072107,-0.006907210685312748,0.20765391,0.38436395,0,4
2024-03-20 10:20:00,0.31971845,1,1,0.007268228,0.007268228102475405,0.32204223,0.36011586,0,4
2024-03-20 10:25:00,0.29960757,1,1,0.0072544017,0.007254401687532663,0.30178103,0.38375878,0,4
2024-03-20 10:30:00,0.4037234,1,1,0.007270613,0.007270613219588995,0.40665868,0.6786188,1,4
2024-03-20 10:35:00,0.414026,1,1,0.0066783777,0.006678377743810415,0.416791,0.49292815,0,4
2024-03-20 10:40:00,0.27440637,0,-1,0.006703164,-0.006703163962811232,0.27624574,0.57873064,-1,4
2024-03-20 10:45:00,0.31108853,1,1,0.0067132404,0.006713240407407284,0.31317696,0.4167575,0,4
2024-03-20 10:50:00,0.27845764,0,-1,0.006708492,-0.006708492059260607,0.28032568,0.46257052,0,4
2024-03-20 10:55:00,0.20413807,0,-1,0.007000288,-0.0070002879947423935,0.2055671,0.58717227,-1,4
2024-03-20 11:00:00,0.25447765,0,-1,0.006966017,-0.006966017186641693,0.25625035,0.74535096,-1,4
2024-03-20 11:05:00,0.23835336,0,-1,0.007242765,-0.007242764811962843,0.2400797,0.8035064,-1,4
2024-03-20 11:10:00,0.2701326,0,-1,0.0073766406,-0.007376640569418669,0.27212527,0.9281434,-1,4
2024-03-20 11:15:00,0.2575483,0,-1,0.0073558,-0.007355799898505211,0.25944278,0.8626131,-1,4
2024-03-20 11:20:00,0.20831496,0,-1,0.0072353263,-0.007235326338559389,0.20982218,0.72080344,-1,4
2024-03-20 11:25:00,0.24821827,0,-1,0.0071718264,-0.007171826437115669,0.24999845,0.818952,-1,4
2024-03-20 11:30:00,0.35467768,1,1,0.006924725,0.006924725137650967,0.35713372,0.4263385,0,4
2024-03-20 11:35:00,0.2994791,1,1,0.006760804,0.006760803982615471,0.30150384,0.41379672,0,4
2024-03-20 11:40:00,0.262426,0,-1,0.006785074,-0.006785073783248663,0.26420656,0.56965196,-1,4
2024-03-20 11:45:00,0.30405384,1,1,0.0066059316,0.006605931557714939,0.30606243,0.7618597,1,4
2024-03-20 11:50:00,0.26546624,0,-1,0.0066675018,-0.006667501758784056,0.26723623,0.63208956,-1,4
2024-03-20 11:55:00,0.32509312,1,1,0.0066791866,0.006679186597466469,0.3272645,0.25102562,0,4
2024-03-20 12:00:00,0.3231488,1,1,0.006707351,0.006707351189106703,0.32531625,0.29894242,0,4
2024-03-20 12:05:00,0.38385853,1,1,0.0065915724,0.006591572426259518,0.38638875,0.7381854,1,4
2024-03-20 12:10:00,0.35948944,1,1,0.0064223106,0.0064223106019198895,0.3617982,0.7486091,1,4
2024-03-20 12:15:00,0.26942044,0,-1,0.006577512,-0.0065775117836892605,0.27119255,0.7518286,-1,4
2024-03-20 12:20:00,0.27454612,0,-1,0.006720261,-0.006720261182636023,0.27639115,0.5380527,-1,4
2024-03-20 12:25:00,0.20614044,0,-1,0.006889898,-0.0068898978643119335,0.20756073,0.727221,-1,4
2024-03-20 12:30:00,0.39404973,1,1,0.0063382583,0.006338258273899555,0.39654732,0.7983798,1,4
2024-03-20 12:35:00,0.33353314,1,1,0.006459984,0.0064599839970469475,0.33568776,0.6936186,1,4
2024-03-20 12:40:00,0.28949928,0,-1,0.006816575,-0.006816574838012457,0.2914727,0.50791836,-1,4
2024-03-20 12:45:00,0.31973878,1,1,0.0069210203,0.006921020336449146,0.32195172,0.383503,0,4
2024-03-20 12:50:00,0.317513,1,1,0.0069915443,0.006991544272750616,0.31973287,0.5088089,1,4
2024-03-20 12:55:00,0.22692479,0,-1,0.0071682683,-0.007168268319219351,0.22855146,0.69397,-1,4
2024-03-20 13:00:00,0.37904835,1,1,0.00669576,0.0066957599483430386,0.38158637,0.37245795,0,4
2024-03-20 13:05:00,0.49478063,1,1,0.006318706,0.006318706087768078,0.49790698,0.7702917,1,4
2024-03-20 13:10:00,0.5488012,1,1,0.006130784,0.006130783818662167,0.5521658,0.7100788,1,4
2024-03-20 13:15:00,0.28194857,0,-1,0.0064684865,-0.0064684865064918995,0.28377235,0.7450148,-1,4
2024-03-20 13:20:00,0.3434092,1,1,0.0064126095,0.006412609480321407,0.34561136,0.80102164,1,4
2024-03-20 13:25:00,0.32241774,1,1,0.0064911754,0.006491175387054682,0.3245106,0.7603083,1,4
2024-03-20 13:30:00,0.27264264,0,-1,0.006711813,-0.0067118131555616856,0.27447256,0.4211936,0,4
2024-03-20 13:35:00,0.48928875,1,1,0.006576373,0.006576372776180506,0.4925065,0.8691341,1,4
2024-03-20 13:40:00,0.28732482,0,-1,0.0066373046,-0.0066373045556247234,0.2892319,0.4650441,0,4
2024-03-20 13:45:00,0.36153623,1,1,0.0065279957,0.006527995690703392,0.36389634,0.8265118,1,4
2024-03-20 13:50:00,0.20516646,0,-1,0.0066282186,-0.006628218572586775,0.20652635,0.5885273,-1,4
2024-03-20 13:55:00,0.34419608,1,1,0.0066055167,0.006605516653507948,0.34646967,0.7880786,1,4
2024-03-20 14:00:00,0.39223862,1,1,0.007608851,0.0076088509522378445,0.3952231,0.62401915,1,4
2024-03-20 14:05:00,0.38903737,1,1,0.007601849,0.007601848803460598,0.39199477,0.79410565,1,4
2024-03-20 14:10:00,0.3336432,1,1,0.007641895,0.007641895208507776,0.33619288,0.28817743,0,4
2024-03-20 14:15:00,0.45034137,1,1,0.006915748,0.006915748119354248,0.45345584,0.7005166,1,4
2024-03-20 14:20:00,0.30052388,1,1,0.007176167,0.007176166865974665,0.3026805,0.21798927,0,4
2024-03-20 14:25:00,0.31265098,1,1,0.0068245353,0.006824535317718983,0.31478468,0.2774431,0,4
2024-03-20 14:30:00,0.3187093,1,1,0.006661681,0.006661680992692709,0.32083243,0.7499868,1,4
2024-03-20 14:35:00,0.42286623,1,1,0.0065675,0.006567500066012144,0.42564338,0.7717226,1,4
2024-03-20 14:40:00,0.45301777,1,1,0.007141408,0.007141408044844866,0.45625293,0.64764184,1,4
2024-03-20 14:45:00,0.24816857,0,-1,0.0061615547,-0.006161554716527462,0.24969769,0.9239432,-1,4
2024-03-20 14:50:00,0.32210323,1,1,0.006402005,0.006402004975825548,0.32416534,0.7096405,1,4
2024-03-20 14:55:00,0.36737972,1,1,0.00539354,0.005393540021032095,0.3693612,0.7084847,1,4
2024-03-20 15:00:00,0.2960355,0,-1,0.005527396,-0.005527396220713854,0.2976718,0.60786724,-1,4
2024-03-20 15:05:00,0.20398875,0,-1,0.0063503697,-0.006350369658321142,0.20528415,0.80014384,-1,4
2024-03-20 15:10:00,0.53043526,1,1,0.006366125,0.006366124842315912,0.5338121,0.8685244,1,4
2024-03-20 15:15:00,0.27518547,0,-1,0.006561493,-0.006561493035405874,0.2769911,0.89756244,-1,4
2024-03-20 15:20:00,0.2660447,0,-1,0.0068397727,-0.0068397726863622665,0.26786438,0.85504127,-1,4
2024-03-20 15:25:00,0.22035708,0,-1,0.0068367305,-0.006836730521172285,0.22186361,0.6504871,-1,4
2024-03-20 15:30:00,0.243602,0,-1,0.0069843535,-0.00698435353115201,0.24530339,0.8365038,-1,4
2024-03-20 15:35:00,0.29736468,1,1,0.0068647717,0.0068647717125713825,0.29940602,0.44815612,0,4
2024-03-20 15:40:00,0.38537177,1,1,0.006364555,0.006364555098116398,0.3878245,0.6881682,1,4
2024-03-20 15:45:00,0.46680993,1,1,0.006775635,0.006775634828954935,0.46997285,0.6099135,1,4
2024-03-20 15:50:00,0.37677962,1,1,0.0056339386,0.00563393859192729,0.37890238,0.569884,1,4
2024-03-20 15:55:00,0.20963302,0,-1,0.005488275,-0.005488275084644556,0.21078354,0.8966111,-1,4
2024-03-21 09:30:00,0.14357653,0,-1,0.0061633904,-0.006163390353322029,0.14446145,0.78747565,-1,4
2024-03-21 09:35:00,0.20445637,0,-1,0.0070529804,-0.007052980363368988,0.2058984,0.7266629,-1,4
2024-03-21 09:40:00,0.2771992,0,-1,0.00689608,-0.006896079983562231,0.27911082,0.6394383,-1,4
2024-03-21 09:45:00,0.50859547,1,1,0.0069388454,0.006938845384865999,0.51212454,0.8535875,1,4
2024-03-21 09:50:00,0.34021452,1,1,0.0073010963,0.007301096338778734,0.34269845,0.49516147,0,4
2024-03-21 09:55:00,0.28364652,0,-1,0.0067875446,-0.006787544582039118,0.28557178,0.63626856,-1,4
2024-03-21 10:00:00,0.511599,1,1,0.007556469,0.007556469179689884,0.51546484,0.37726197,0,4
2024-03-21 10:05:00,0.3737484,1,1,0.0073647937,0.0073647936806082726,0.37650096,0.46093303,0,4
2024-03-21 10:10:00,0.513085,1,1,0.007386222,0.007386222016066313,0.51687473,0.36946744,0,4
2024-03-21 10:15:00,0.36002424,1,1,0.007605624,0.007605623919516802,0.36276248,0.38906792,0,4
2024-03-21 10:20:00,0.42684582,1,1,0.0075672194,0.007567219436168671,0.43007582,0.32207352,0,4
2024-03-21 10:25:00,0.3408864,1,1,0.0075015966,0.007501596584916115,0.3434436,0.31195927,0,4
2024-03-21 10:30:00,0.36379015,1,1,0.007560722,0.007560722064226866,0.36654067,0.524657,1,4
2024-03-21 10:35:00,0.26125222,0,-1,0.0071599497,-0.007159949745982885,0.26312277,0.71551466,-1,4
2024-03-21 10:40:00,0.2709415,0,-1,0.0072459565,-0.00724595645442605,0.27290472,0.8757896,-1,4
2024-03-21 10:45:00,0.24551445,0,-1,0.007326351,-0.007326351013034582,0.24731319,0.6789708,-1,4
2024-03-21 10:50:00,0.34258586,1,1,0.007356843,0.00735684297978878,0.3451062,0.661818,1,4
2024-03-21 10:55:00,0.36465403,1,1,0.007102226,0.007102225907146931,0.3672439,0.4420457,0,4
2024-03-21 11:00:00,0.34513208,1,1,0.00721169,0.007211689837276936,0.34762105,0.6188976,1,4
2024-03-21 11:05:00,0.38276497,1,1,0.0067916946,0.006791694555431604,0.3853646,0.36773166,0,4
2024-03-21 11:10:00,0.2249889,0,-1,0.006612822,-0.006612821947783232,0.2264767,0.5652418,-1,4
2024-03-21 11:15:00,0.28297374,0,-1,0.006669068,-0.006669067777693272,0.2848609,0.64439094,-1,4
2024-03-21 11:20:00,0.3304087,1,1,0.0064598485,0.006459848489612341,0.33254308,0.56136423,1,4
2024-03-21 11:25:00,0.20959096,0,-1,0.006621648,-0.006621648091822863,0.21097879,0.5494466,-1,4
2024-03-21 11:30:00,0.3316621,1,1,0.006656966,0.006656966172158718,0.33386996,0.17767552,0,4
2024-03-21 11:35:00,0.26853457,0,-1,0.0070511247,-0.007051124703139067,0.27042803,0.5939545,-1,4
2024-03-21 11:40:00,0.19319838,0,-1,0.0070153032,-0.0070153032429516315,0.19455373,0.6701228,-1,4
2024-03-21 11:45:00,0.22473024,0,-1,0.006813862,-0.006813861895352602,0.22626153,0.5358715,-1,4
2024-03-21 11:50:00,0.28789735,0,-1,0.0069395727,-0.006939572747796774,0.2898952,0.4067229,0,4
2024-03-21 11:55:00,0.25131923,0,-1,0.0069751902,-0.006975190248340368,0.25307223,0.47489458,0,4
2024-03-21 12:00:00,0.21158946,0,-1,0.0070284083,-0.007028408348560333,0.2130766,0.5956539,-1,4
2024-03-21 12:05:00,0.23038492,0,-1,0.0069342623,-0.0069342623464763165,0.23198247,0.6235329,-1,4
2024-03-21 12:10:00,0.33506328,1,1,0.0069853277,0.006985327694565058,0.3374038,0.41820705,0,4
2024-03-21 12:15:00,0.19070683,0,-1,0.007116689,-0.007116688881069422,0.19206403,0.8114786,-1,4
2024-03-21 12:20:00,0.26701275,0,-1,0.0070373407,-0.00703734066337347,0.26889178,0.82582337,-1,4
2024-03-21 12:25:00,0.2166115,0,-1,0.0070468877,-0.007046887651085854,0.21813795,0.6055325,-1,4
2024-03-21 12:30:00,0.36055544,1,1,0.0071249087,0.007124908734112978,0.36312437,0.3927858,0,4
2024-03-21 12:35:00,0.23800278,0,-1,0.0071182502,-0.007118250243365765,0.23969693,0.79463243,-1,4
2024-03-21 12:40:00,0.31433254,1,1,0.0066810353,0.0066810352727770805,0.31643263,0.42096385,0,4
2024-03-21 12:45:00,0.23464338,0,-1,0.0065766824,-0.006576682440936565,0.23618655,0.68046093,-1,4
2024-03-21 12:50:00,0.19403017,0,-1,0.0068730684,-0.0068730683997273445,0.19536373,0.36804903,0,4
2024-03-21 12:55:00,0.21435885,0,-1,0.006880357,-0.006880356930196285,0.21583372,0.6846781,-1,4
2024-03-21 13:00:00,0.35431185,1,1,0.00665901,0.006659009959548712,0.3566712,0.49179867,0,4
2024-03-21 13:05:00,0.25036833,0,-1,0.0066826567,-0.006682656705379486,0.25204146,0.5463613,-1,4
2024-03-21 13:10:00,0.4942224,1,1,0.0067242216,0.006724221631884575,0.49754566,0.25395244,0,4
2024-03-21 13:15:00,0.3702084,1,1,0.0066614235,0.006661423482000828,0.37267452,0.34016114,0,4
2024-03-21 13:20:00,0.37523788,1,1,0.006586072,0.006586072035133839,0.37770924,0.7379445,1,4
2024-03-21 13:25:00,0.29623067,0,-1,0.00650196,-0.006501960102468729,0.29815674,0.5378752,-1,4
2024-03-21 13:30:00,0.41103196,1,1,0.0064009177,0.006400917656719685,0.41366294,0.7619871,1,4
2024-03-21 13:35:00,0.33492303,1,1,0.006476295,0.006476295180618763,0.33709207,0.71252453,1,4
2024-03-21 13:40:00,0.34818044,1,1,0.0065152645,0.0065152645111083984,0.35044894,0.48840922,0,4
2024-03-21 13:45:00,0.4051271,1,1,0.0064739073,0.006473907269537449,0.40774986,0.71061033,1,4
2024-03-21 13:50:00,0.4043902,1,1,0.006436914,0.0064369142055511475,0.4069932,0.6358861,1,4
2024-03-21 13:55:00,0.21662511,0,-1,0.0065048337,-0.006504833698272705,0.21803421,0.63733524,-1,4
2024-03-21 14:00:00,0.30388182,1,1,0.0063710124,0.006371012423187494,0.30581787,0.7923182,1,4
2024-03-21 14:05:00,0.37040582,1,1,0.0062603652,0.00626036524772644,0.3727247,0.64758617,1,4
2024-03-21 14:10:00,0.3415904,1,1,0.0062315315,0.006231531500816345,0.34371904,0.7634753,1,4
2024-03-21 14:15:00,0.5112399,1,1,0.00604745,0.006047450006008148,0.5143316,0.6927782,1,4
2024-03-21 14:20:00,0.29596478,0,-1,0.006536082,-0.006536081898957491,0.29789925,0.63300234,-1,4
2024-03-21 14:25:00,0.30406585,1,1,0.0065113553,0.00651135528460145,0.30604574,0.6490833,1,4
2024-03-21 14:30:00,0.408101,1,1,0.0063067,0.006306699942797422,0.41067475,0.78823173,1,4
2024-03-21 14:35:00,0.41020977,1,1,0.0054908725,0.005490872543305159,0.4124622,0.8444253,1,4
2024-03-21 14:40:00,0.32875484,1,1,0.0061093397,0.006109339650720358,0.3307633,0.7483613,1,4
2024-03-21 14:45:00,0.26088694,0,-1,0.0069876765,-0.006987676490098238,0.26270995,0.7491379,-1,4
2024-03-21 14:50:00,0.35676947,1,1,0.007518013,0.007518013007938862,0.35945168,0.3927555,0,4
2024-03-21 14:55:00,0.3319663,1,1,0.0054763155,0.005476315505802631,0.33378428,0.66132796,1,4
2024-03-21 15:00:00,0.28216887,0,-1,0.0056236093,-0.00562360929325223,0.28375566,0.77708226,-1,4
2024-03-21 15:05:00,0.29380074,0,-1,0.0065127,-0.006512700114399195,0.29571417,0.5857642,-1,4
2024-03-21 15:10:00,0.24515297,0,-1,0.006576482,-0.006576482206583023,0.24676523,0.67342514,-1,4
2024-03-21 15:15:00,0.29944313,1,1,0.006699818,0.0066998181864619255,0.30144933,0.32309422,0,4
2024-03-21 15:20:00,0.37313727,1,1,0.0065450785,0.0065450784750282764,0.37557948,0.6815943,1,4
2024-03-21 15:25:00,0.3174945,1,1,0.006524373,0.006524372845888138,0.31956595,0.6741001,1,4
2024-03-21 15:30:00,0.27841535,0,-1,0.006866336,-0.006866335868835449,0.28032705,0.7727221,-1,4
2024-03-21 15:35:00,0.40900758,1,1,0.0064956453,0.006495645269751549,0.41166434,0.6731374,1,4
2024-03-21 15:40:00,0.26212955,0,-1,0.006800212,-0.00680021196603775,0.26391208,0.5542881,-1,4
2024-03-21 15:45:00,0.41314963,1,1,0.0068418887,0.006841888651251793,0.41597635,0.501288,1,4
2024-03-21 15:50:00,0.34917888,1,1,0.006728609,0.006728609092533588,0.35152838,0.639419,1,4
2024-03-21 15:55:00,0.47424227,1,1,0.0061621373,0.006162137258797884,0.47716463,0.8972809,1,4
2024-03-22 09:30:00,0.2933807,0,-1,0.0067124274,-0.0067124273627996445,0.29535002,0.74692625,-1,4
2024-03-22 09:35:00,0.36002207,1,1,0.0062555363,0.006255536340177059,0.3622742,0.4771266,0,4
2024-03-22 09:40:00,0.41890073,1,1,0.0062949075,0.006294907536357641,0.4215377,0.65433025,1,4
2024-03-22 09:45:00,0.41558635,1,1,0.006665546,0.006665545981377363,0.41835648,0.34141096,0,4
2024-03-22 09:50:00,0.2662754,0,-1,0.006402686,-0.006402685772627592,0.2679803,0.5021396,-1,4
2024-03-22 09:55:00,0.2693751,0,-1,0.00637906,-0.006379059981554747,0.27109343,0.77270406,-1,4
2024-03-22 10:00:00,0.23970336,0,-1,0.0067454143,-0.006745414342731237,0.24132027,0.37421265,0,4
2024-03-22 10:05:00,0.29318964,0,-1,0.0065214294,-0.006521429400891066,0.29510167,0.70442337,-1,4
2024-03-22 10:10:00,0.37745744,1,1,0.0065090708,0.006509070750325918,0.37991434,0.7590252,1,4
2024-03-22 10:15:00,0.290195,0,-1,0.0063919527,-0.006391952745616436,0.2920499,0.552194,-1,4
2024-03-22 10:20:00,0.3982978,1,1,0.0061698332,0.006169833242893219,0.4007552,0.8107767,1,4
2024-03-22 10:25:00,0.29404634,0,-1,0.006280075,-0.006280074827373028,0.29589298,0.39496917,0,4
2024-03-22 10:30:00,0.4583846,1,1,0.0061928807,0.006192880682647228,0.46122333,0.789053,1,4
2024-03-22 10:35:00,0.19956982,0,-1,0.006382408,-0.006382408086210489,0.20084357,0.74937165,-1,4
2024-03-22 10:40:00,0.3754607,1,1,0.0063259685,0.006325968541204929,0.37783587,0.8620488,1,4
2024-03-22 10:45:00,0.2645043,0,-1,0.006410547,-0.006410547066479921,0.26619995,0.7760168,-1,4
2024-03-22 10:50:00,0.323622,1,1,0.0063127396,0.006312739569693804,0.32566494,0.82788086,1,4
2024-03-22 10:55:00,0.2536971,0,-1,0.0064542773,-0.006454277317970991,0.25533453,0.81641984,-1,4
2024-03-22 11:00:00,0.24823244,0,-1,0.006158176,-0.006158175878226757,0.24976112,0.44779488,0,4
2024-03-22 11:05:00,0.26069736,0,-1,0.0063484777,-0.006348477676510811,0.2623524,0.7927327,-1,4
2024-03-22 11:10:00,0.3432412,1,1,0.0062350794,0.006235079374164343,0.34538138,0.57416934,1,4
2024-03-22 11:15:00,0.26718074,0,-1,0.0064840615,-0.0064840614795684814,0.26891315,0.779435,-1,4
2024-03-22 11:20:00,0.25237307,0,-1,0.006486229,-0.006486229132860899,0.25401,0.5815661,-1,4
2024-03-22 11:25:00,0.22118527,0,-1,0.006592922,-0.0065929219126701355,0.22264351,0.49756172,0,4
2024-03-22 11:30:00,0.3557724,1,1,0.00660125,0.006601249799132347,0.35812095,0.39697143,0,4
2024-03-22 11:35:00,0.35080236,1,1,0.0064872815,0.0064872815273702145,0.3530781,0.77789426,1,4
2024-03-22 11:40:00,0.3148529,1,1,0.006563081,0.006563080940395594,0.3169193,0.7226419,1,4
2024-03-22 11:45:00,0.2599656,0,-1,0.0066369413,-0.006636941339820623,0.26169097,0.54461604,-1,4
2024-03-22 11:50:00,0.32116687,1,1,0.0065572998,0.006557299755513668,0.32327288,0.8373565,1,4
2024-03-22 11:55:00,0.34009728,1,1,0.0064878757,0.006487875711172819,0.34230378,0.6419878,1,4
2024-03-22 12:00:00,0.4326455,1,1,0.0065516788,0.006551678758114576,0.43548003,0.7942282,1,4
2024-03-22 12:05:00,0.27816877,0,-1,0.006614543,-0.006614543031901121,0.28000873,0.59956867,-1,4
2024-03-22 12:10:00,0.24724977,0,-1,0.0065950234,-0.006595023442059755,0.24888039,0.82688296,-1,4
2024-03-22 12:15:00,0.25007775,0,-1,0.006773215,-0.006773214787244797,0.2517716,0.7902918,-1,4
2024-03-22 12:20:00,0.2954839,0,-1,0.006559274,-0.006559274159371853,0.29742205,0.6697042,-1,4
2024-03-22 12:25:00,0.2935691,0,-1,0.006536828,-0.006536827888339758,0.2954881,0.71172094,-1,4
2024-03-22 12:30:00,0.5074927,1,1,0.00638878,0.006388780195266008,0.510735,0.8250022,1,4
2024-03-22 12:35:00,0.34986097,1,1,0.0063721463,0.006372146308422089,0.3520903,0.7758413,1,4
2024-03-22 12:40:00,0.26914158,0,-1,0.0065844804,-0.006584480404853821,0.27091375,0.6748636,-1,4
2024-03-22 12:45:00,0.274144,0,-1,0.0066449298,-0.006644929759204388,0.27596566,0.20199564,0,4
2024-03-22 12:50:00,0.31668147,1,1,0.0065956837,0.006595683749765158,0.31877023,0.4113225,0,4
2024-03-22 12:55:00,0.23894362,0,-1,0.0070561706,-0.007056170608848333,0.24062963,0.3041457,0,4
2024-03-22 13:00:00,0.2626949,0,-1,0.0070561375,-0.0070561375468969345,0.2645485,0.586622,-1,4
2024-03-22 13:05:00,0.26349452,0,-1,0.007065836,-0.007065835874527693,0.26535633,0.7763854,-1,4
2024-03-22 13:10:00,0.27448612,0,-1,0.007004122,-0.007004121784120798,0.27640867,0.44308105,0,4
2024-03-22 13:15:00,0.19525829,0,-1,0.007067808,-0.007067807950079441,0.19663833,0.87809515,-1,4
2024-03-22 13:20:00,0.18605357,0,-1,0.007058781,-0.0070587811060249805,0.18736687,0.67361546,-1,4
2024-03-22 13:25:00,0.22891673,0,-1,0.007241554,-0.007241554092615843,0.23057446,0.6934532,-1,4
2024-03-22 13:30:00,0.2952762,0,-1,0.0071674148,-0.007167414762079716,0.29739258,0.62812454,-1,4
2024-03-22 13:35:00,0.28893182,0,-1,0.007178913,-0.007178912870585918,0.29100603,0.6689397,-1,4
2024-03-22 13:40:00,0.22823538,0,-1,0.0071896613,-0.007189661264419556,0.22987631,0.56369025,-1,4
2024-03-22 13:45:00,0.23160759,0,-1,0.007240661,-0.007240660954266787,0.23328458,0.67504495,-1,4
2024-03-22 13:50:00,0.3091333,1,1,0.0072938725,0.007293872535228729,0.31138805,0.6391378,1,4
2024-03-22 13:55:00,0.32906234,1,1,0.0073598083,0.007359808310866356,0.3314842,0.43264797,0,4
2024-03-22 14:00:00,0.23944522,0,-1,0.0073449495,-0.007344949524849653,0.24120393,0.9566736,-1,4
2024-03-22 14:05:00,0.3241012,1,1,0.0073002805,0.007300280500203371,0.32646725,0.6822735,1,4
2024-03-22 14:10:00,0.18504158,0,-1,0.007452005,-0.0074520050548017025,0.18642052,0.90522933,-1,4
2024-03-22 14:15:00,0.23230161,0,-1,0.0070890808,-0.0070890807546675205,0.23394842,0.75053835,-1,4
2024-03-22 14:20:00,0.25979152,0,-1,0.007165291,-0.007165290880948305,0.261653,0.7889659,-1,4
2024-03-22 14:25:00,0.2520434,0,-1,0.0072305854,-0.007230585440993309,0.25386584,0.8519939,-1,4
2024-03-22 14:30:00,0.402628,1,1,0.0071876543,0.007187654264271259,0.40552193,0.613984,1,4
2024-03-22 14:35:00,0.27313176,0,-1,0.0073270304,-0.007327030412852764,0.275133,0.88741773,-1,4
2024-03-22 14:40:00,0.29518676,0,-1,0.0072694793,-0.007269479334354401,0.2973326,0.6925201,-1,4
2024-03-22 14:45:00,0.20022838,0,-1,0.006953231,-0.006953231059014797,0.20162061,0.6851472,-1,4
2024-03-22 14:50:00,0.26483712,0,-1,0.006872128,-0.00687212822958827,0.2666571,0.6857274,-1,4
2024-03-22 14:55:00,0.37744197,1,1,0.006910126,0.006910126190632582,0.38005012,0.23691,0,4
2024-03-22 15:00:00,0.25733012,0,-1,0.0070396895,-0.0070396894589066505,0.25914162,0.55310714,-1,4
2024-03-22 15:05:00,0.281545,0,-1,0.0070337504,-0.007033750414848328,0.28352532,0.75127316,-1,4
2024-03-22 15:10:00,0.31716487,1,1,0.006344794,0.006344793830066919,0.3191772,0.91040397,1,4
2024-03-22 15:15:00,0.29008266,0,-1,0.006789546,-0.0067895459942519665,0.2920522,0.7714056,-1,4
2024-03-22 15:20:00,0.21231788,0,-1,0.0064801327,-0.006480132695287466,0.21369372,0.6299524,-1,4
2024-03-22 15:25:00,0.2895185,0,-1,0.0062128613,-0.006212861277163029,0.29131722,0.3834476,0,4
2024-03-22 15:30:00,0.30452248,1,1,0.0065963613,0.0065963612869381905,0.30653122,0.67405367,1,4
2024-03-22 15:35:00,0.26705444,0,-1,0.0061710333,-0.006171033252030611,0.26870242,0.646368,-1,4
2024-03-22 15:40:00,0.24958186,0,-1,0.0068071755,-0.00680717546492815,0.2512808,0.30352548,0,4
2024-03-22 15:45:00,0.17676151,0,-1,0.0070362943,-0.00703629432246089,0.17800526,0.7218724,-1,4
2024-03-22 15:50:00,0.28958288,0,-1,0.006442412,-0.006442411802709103,0.2914485,0.526047,-1,4
2024-03-22 15:55:00,0.36036587,1,1,0.005447694,0.0054476941004395485,0.36232904,0.9240625,1,4
2024-03-25 09:30:00,0.186546,0,-1,0.0059973453,-0.005997345317155123,0.18766478,0.83580345,-1,4
2024-03-25 09:35:00,0.23536465,0,-1,0.006437866,-0.0064378660172224045,0.2368799,0.79799354,-1,4
2024-03-25 09:40:00,0.31336528,1,1,0.0061374055,0.006137405522167683,0.3152885,0.8729387,1,4
2024-03-25 09:45:00,0.3281392,1,1,0.006507922,0.00650792196393013,0.33027467,0.43864268,0,4
2024-03-25 09:50:00,0.32113585,1,1,0.007740134,0.007740133907645941,0.32362148,0.23287259,0,4
2024-03-25 09:55:00,0.23057531,0,-1,0.006549382,-0.006549382116645575,0.23208542,0.7374837,-1,4
2024-03-25 10:00:00,0.30695793,1,1,0.0063903937,0.00639039371162653,0.30891952,0.77730006,1,4
2024-03-25 10:05:00,0.32362324,1,1,0.006425709,0.006425708997994661,0.32570276,0.62101054,1,4
2024-03-25 10:10:00,0.3726358,1,1,0.006197202,0.006197202019393444,0.3749451,0.5181626,1,4
2024-03-25 10:15:00,0.2096567,0,-1,0.0070508,-0.007050800137221813,0.21113494,0.7280001,-1,4
2024-03-25 10:20:00,0.3522143,1,1,0.007207712,0.007207712158560753,0.354753,0.43769643,0,4
2024-03-25 10:25:00,0.37394047,1,1,0.006658632,0.006658631842583418,0.37643042,0.45513126,0,4
2024-03-25 10:30:00,0.3578693,1,1,0.006608655,0.006608655210584402,0.36023432,0.3825109,0,4
2024-03-25 10:35:00,0.39416862,1,1,0.0066599115,0.0066599114798009396,0.39679372,0.39025444,0,4
2024-03-25 10:40:00,0.34952822,1,1,0.0064203963,0.006420396268367767,0.35177234,0.72985256,1,4
2024-03-25 10:45:00,0.33077875,1,1,0.0064706868,0.0064706867560744286,0.33291912,0.71936655,1,4
2024-03-25 10:50:00,0.33414158,1,1,0.0064926753,0.0064926752820611,0.33631107,0.7514012,1,4
2024-03-25 10:55:00,0.24380827,0,-1,0.0068387054,-0.006838705390691757,0.24547559,0.6488183,-1,4
2024-03-25 11:00:00,0.2253156,0,-1,0.00700858,-0.007008580025285482,0.22689474,0.810187,-1,4
2024-03-25 11:05:00,0.24604554,0,-1,0.0070483666,-0.007048366591334343,0.24777977,0.7796174,-1,4
2024-03-25 11:10:00,0.29972434,1,1,0.006830272,0.006830271799117327,0.30177152,0.45890686,0,4
2024-03-25 11:15:00,0.2594498,0,-1,0.0069662626,-0.006966262590140104,0.2612572,0.7856031,-1,4
2024-03-25 11:20:00,0.22780031,0,-1,0.006861477,-0.00686147715896368,0.22936335,0.7084611,-1,4
2024-03-25 11:25:00,0.37154186,1,1,0.006837824,0.006837823893874884,0.37408242,0.65413797,1,4
2024-03-25 11:30:00,0.30256027,1,1,0.0068065915,0.006806591525673866,0.30461967,0.50370026,1,4
2024-03-25 11:35:00,0.3464133,1,1,0.006957378,0.006957377772778273,0.34882346,0.2972948,0,4
2024-03-25 11:40:00,0.28964543,0,-1,0.0071540144,-0.007154014427214861,0.29171756,0.673901,-1,4
2024-03-25 11:45:00,0.30500776,1,1,0.0070371674,0.007037167437374592,0.30715415,0.5592392,1,4
2024-03-25 11:50:00,0.26443002,0,-1,0.0070346375,-0.007034637499600649,0.2662902,0.8136411,-1,4
2024-03-25 11:55:00,0.30125988,1,1,0.006835428,0.006835428066551685,0.30331913,0.4908392,0,4
2024-03-25 12:00:00,0.42980725,1,1,0.006507882,0.0065078819170594215,0.43260437,0.7597789,1,4
2024-03-25 12:05:00,0.25394306,0,-1,0.0066993735,-0.006699373479932547,0.2556443,0.43754613,0,4
2024-03-25 12:10:00,0.32262233,1,1,0.00643103,0.006431030109524727,0.3246971,0.52784324,1,4
2024-03-25 12:15:00,0.3340384,1,1,0.0068245796,0.006824579555541277,0.33631808,0.34000647,0,4
2024-03-25 12:20:00,0.26613155,0,-1,0.0069598667,-0.0069598667323589325,0.2679838,0.6271733,-1,4
2024-03-25 12:25:00,0.3210382,1,1,0.006584266,0.006584266200661659,0.323152,0.72778744,1,4
2024-03-25 12:30:00,0.39810237,1,1,0.006445981,0.0064459810964763165,0.40066853,0.6950048,1,4
2024-03-25 12:35:00,0.30938125,1,1,0.0065101874,0.006510187406092882,0.31139535,0.7766296,1,4
2024-03-25 12:40:00,0.44150865,1,1,0.0064356504,0.006435650400817394,0.44435003,0.75760835,1,4
2024-03-25 12:45:00,0.33052972,1,1,0.006444359,0.006444359198212624,0.33265975,0.77585965,1,4
2024-03-25 12:50:00,0.38577202,1,1,0.006467369,0.006467368919402361,0.38826695,0.5298085,1,4
2024-03-25 12:55:00,0.32284212,1,1,0.0066105714,0.006610571406781673,0.32497627,0.70017695,1,4
2024-03-25 13:00:00,0.31360292,1,1,0.0066366564,0.006636656355112791,0.3156842,0.605035,1,4
2024-03-25 13:05:00,0.29260847,0,-1,0.006406326,-0.006406325846910477,0.294483,0.7680753,-1,4
2024-03-25 13:10:00,0.28450382,0,-1,0.006584333,-0.006584332790225744,0.28637707,0.77016014,-1,4
2024-03-25 13:15:00,0.28294575,0,-1,0.0067965337,-0.006796533707529306,0.28486878,0.53246444,-1,4
2024-03-25 13:20:00,0.30445218,1,1,0.0065779085,0.006577908527106047,0.3064548,0.7446835,1,4
2024-03-25 13:25:00,0.2953352,0,-1,0.0065569836,-0.006556983571499586,0.2972717,0.65877783,-1,4
2024-03-25 13:30:00,0.30522874,1,1,0.0067541995,0.006754199508577585,0.30729032,0.3019195,0,4
2024-03-25 13:35:00,0.2760902,0,-1,0.006669841,-0.0066698407754302025,0.2779317,0.48422307,0,4
2024-03-25 13:40:00,0.30841315,1,1,0.006784762,0.006784761790186167,0.31050566,0.25621855,0,4
2024-03-25 13:45:00,0.31902722,1,1,0.006622321,0.006622320972383022,0.3211399,0.49874693,0,4
2024-03-25 13:50:00,0.32756406,1,1,0.0067112567,0.006711256690323353,0.32976243,0.2974765,0,4
2024-03-25 13:55:00,0.3110755,1,1,0.0068087624,0.006808762438595295,0.31319356,0.56906706,1,4
2024-03-25 15:35:00,0.13555162,0,-1,0.00309844,-0.0030984398908913136,0.13597162,0.8760382,-1,5
2024-03-25 15:40:00,0.14036043,0,-1,0.0033668634,-0.0033668633550405502,0.140833,0.52525145,-1,5
2024-03-25 15:45:00,0.1977041,0,-1,0.0025331893,-0.0025331892538815737,0.19820493,0.854932,-1,5
2024-03-25 15:50:00,0.340744,1,1,0.0030138667,0.0030138667207211256,0.34177095,0.5161962,1,5
2024-03-25 15:55:00,0.27174142,1,1,0.003959217,0.003959217108786106,0.27281728,0.5782661,1,5
2024-03-26 09:30:00,0.07157497,0,-1,0.004029385,-0.0040293848142027855,0.071863376,0.61653197,-1,5
2024-03-26 09:35:00,0.19400959,0,-1,0.003875365,-0.003875365015119314,0.19476144,0.20064093,0,5
2024-03-26 09:40:00,0.1673027,0,-1,0.003914814,-0.003914813976734877,0.16795766,0.63722974,-1,5
2024-03-26 09:45:00,0.10373834,0,-1,0.0028127425,-0.0028127424884587526,0.104030125,0.7736786,-1,5
2024-03-26 09:50:00,0.2872549,1,1,0.0027592306,0.0027592305559664965,0.2880475,0.41955128,0,5
2024-03-26 09:55:00,0.13652863,0,-1,0.0029960934,-0.002996093360707164,0.13693768,0.27406862,0,5
2024-03-26 10:00:00,0.11945024,0,-1,0.003413424,-0.0034134238958358765,0.119857974,0.9264468,-1,5
2024-03-26 10:05:00,0.11405624,0,-1,0.0033179806,-0.0033179805614054203,0.11443467,0.82378477,-1,5
2024-03-26 10:10:00,0.14884602,0,-1,0.003951816,-0.003951815888285637,0.14943422,0.6138983,-1,5
2024-03-26 10:15:00,0.14057362,0,-1,0.0037377735,-0.0037377735134214163,0.14109905,0.7063882,-1,5
2024-03-26 10:20:00,0.12804152,0,-1,0.0034253383,-0.0034253383055329323,0.1284801,0.96347713,-1,5
2024-03-26 10:25:00,0.2372811,1,1,0.0038855937,0.003885593730956316,0.23820308,0.705637,1,5
2024-03-26 10:30:00,0.17765793,0,-1,0.0028324074,-0.0028324073646217585,0.17816113,0.7204747,-1,5
2024-03-26 10:35:00,0.11436162,0,-1,0.0031032998,-0.0031032997649163008,0.114716515,0.6863964,-1,5
2024-03-26 10:40:00,0.12831862,0,-1,0.0034746344,-0.003474634373560548,0.12876448,0.6567666,-1,5
2024-03-26 10:45:00,0.14780408,0,-1,0.0025261182,-0.0025261181872338057,0.14817746,0.44484812,0,5
2024-03-26 10:50:00,0.15932918,0,-1,0.0030822363,-0.003082236275076866,0.15982027,0.5097917,-1,5
2024-03-26 10:55:00,0.12061706,0,-1,0.0030244426,-0.0030244425870478153,0.120981865,0.8682866,-1,5
2024-03-26 11:00:00,0.22520822,1,1,0.0027582492,0.0027582491748034954,0.22582941,0.4346446,0,5
2024-03-26 11:05:00,0.16589233,0,-1,0.0026024107,-0.0026024107355624437,0.16632406,0.6748676,-1,5
2024-03-26 11:10:00,0.18334585,0,-1,0.0025694077,-0.0025694076903164387,0.18381695,0.59524137,-1,5
2024-03-26 11:15:00,0.16781656,0,-1,0.002656016,-0.002656016033142805,0.16826229,0.6790237,-1,5
2024-03-26 11:20:00,0.1841875,0,-1,0.0027247372,-0.002724737161770463,0.18468937,0.3836387,0,5
2024-03-26 11:25:00,0.13574661,0,-1,0.0027777005,-0.0027777005452662706,0.13612367,0.89436203,-1,5
2024-03-26 11:30:00,0.17688315,0,-1,0.0026017148,-0.0026017148047685623,0.17734335,0.62278175,-1,5
2024-03-26 11:35:00,0.19222067,0,-1,0.0023336082,-0.0023336082231253386,0.19266924,0.6232919,-1,5
2024-03-26 11:40:00,0.17444691,0,-1,0.0021423853,-0.00214238534681499,0.17482065,0.8120408,-1,5
2024-03-26 11:45:00,0.20804666,1,1,0.0021553834,0.002155383350327611,0.2084951,0.62503284,1,5
2024-03-26 11:50:00,0.14727643,0,-1,0.0030309071,-0.003030907129868865,0.14772281,0.26938468,0,5
2024-03-26 11:55:00,0.09793167,0,-1,0.002891282,-0.002891282085329294,0.09821482,0.9056872,-1,5
2024-03-26 12:00:00,0.17303534,0,-1,0.0024611417,-0.002461141673848033,0.17346121,0.39699066,0,5
2024-03-26 12:05:00,0.10640849,0,-1,0.0028846718,-0.002884671790525317,0.10671544,0.88579124,-1,5
2024-03-26 12:10:00,0.12024129,0,-1,0.0029210926,-0.0029210925567895174,0.12059253,0.90211064,-1,5
2024-03-26 12:15:00,0.18657194,0,-1,0.0022722725,-0.0022722724825143814,0.18699588,0.7086973,-1,5
2024-03-26 12:20:00,0.13054276,0,-1,0.0019296582,-0.0019296582322567701,0.13079466,0.9642915,-1,5
2024-03-26 12:25:00,0.11783176,0,-1,0.0020797814,-0.0020797813776880503,0.118076816,0.8362964,-1,5
2024-03-26 12:30:00,0.22036688,1,1,0.0017846307,0.0017846307018771768,0.22076017,0.8073602,1,5
2024-03-26 12:35:00,0.1909883,0,-1,0.0017902461,-0.0017902461113408208,0.19133022,0.9385096,-1,5
2024-03-26 12:40:00,0.21969362,1,1,0.0019002054,0.0019002053886651993,0.22011107,0.90577847,1,5
2024-03-26 12:45:00,0.13292065,0,-1,0.0022422888,-0.0022422887850552797,0.1332187,0.97083884,-1,5
2024-03-26 12:50:00,0.3073333,1,1,0.0019540866,0.0019540865905582905,0.30793384,0.53930414,1,5
2024-03-26 12:55:00,0.21117459,1,1,0.001809078,0.001809078035876155,0.21155663,0.9067747,1,5
2024-03-26 13:00:00,0.21691042,1,1,0.0024814159,0.002481415867805481,0.21744868,0.7560671,1,5
2024-03-26 13:05:00,0.1801837,0,-1,0.001764788,-0.0017647879431024194,0.18050168,0.9614923,-1,5
2024-03-26 13:10:00,0.18790154,0,-1,0.0019381664,-0.0019381664460524917,0.18826574,0.93901724,-1,5
2024-03-26 13:15:00,0.30628765,1,1,0.0019498414,0.0019498413894325495,0.30688486,0.7556712,1,5
2024-03-26 13:20:00,0.22418816,1,1,0.0018421924,0.0018421923741698265,0.22460115,0.83603376,1,5
2024-03-26 13:25:00,0.22049795,1,1,0.0017955201,0.0017955200746655464,0.22089386,0.93246424,1,5
2024-03-26 13:30:00,0.1565836,0,-1,0.0019839383,-0.0019839382730424404,0.15689425,0.93604803,-1,5
2024-03-26 13:35:00,0.32863575,1,1,0.0019536596,0.0019536595791578293,0.32927778,0.4972314,0,5
2024-03-26 13:40:00,0.21491581,1,1,0.0019541655,0.001954165520146489,0.2153358,0.8813587,1,5
2024-03-26 13:45:00,0.2708454,1,1,0.0026376268,0.002637626836076379,0.2715598,0.8029135,1,5
2024-03-26 13:50:00,0.19551717,0,-1,0.0018080876,-0.0018080875743180513,0.19587067,0.9404207,-1,5
2024-03-26 13:55:00,0.29271162,1,1,0.0018409834,0.0018409834010526538,0.29325047,0.7634708,1,5
2024-03-26 14:00:00,0.24302323,1,1,0.0020310506,0.0020310506224632263,0.24351683,0.8175541,1,5
2024-03-26 14:05:00,0.17448343,0,-1,0.0019312698,-0.0019312697695568204,0.17482041,0.9579817,-1,5
2024-03-26 14:10:00,0.16541566,0,-1,0.001912534,-0.0019125340040773153,0.16573201,0.9560771,-1,5
2024-03-26 14:15:00,0.1552378,0,-1,0.0019436881,-0.001943688141182065,0.15553953,0.90209264,-1,5
2024-03-26 14:20:00,0.15889335,0,-1,0.0019926792,-0.001992679201066494,0.15920997,0.8848653,-1,5
2024-03-26 14:25:00,0.12461821,0,-1,0.0020816403,-0.0020816402975469828,0.12487762,0.94437456,-1,5
2024-03-26 14:30:00,0.14680193,0,-1,0.0021875121,-0.0021875121165066957,0.14712307,0.7919771,-1,5
2024-03-26 14:35:00,0.22741748,1,1,0.0020999887,0.0020999887492507696,0.22789505,0.58277184,1,5
2024-03-26 14:40:00,0.17336391,0,-1,0.0021897827,-0.0021897826809436083,0.17374353,0.9386849,-1,5
2024-03-26 14:45:00,0.14616503,0,-1,0.0023128025,-0.0023128024768084288,0.14650308,0.9599569,-1,5
2024-03-26 14:50:00,0.112747744,0,-1,0.002248981,-0.002248981036245823,0.11300132,0.98150235,-1,5
2024-03-26 14:55:00,0.14515215,0,-1,0.0021067231,-0.002106723142787814,0.14545794,0.9429715,-1,5
2024-03-26 15:00:00,0.19959629,0,-1,0.0020187793,-0.002018779283389449,0.19999923,0.91333836,-1,5
2024-03-26 15:05:00,0.15040183,0,-1,0.0019507611,-0.0019507610704749823,0.15069522,0.93548375,-1,5
2024-03-26 15:10:00,0.23489188,1,1,0.0021184878,0.0021184878423810005,0.23538949,0.6318002,1,5
2024-03-26 15:15:00,0.15765913,0,-1,0.0020012022,-0.0020012021996080875,0.15797463,0.9061431,-1,5
2024-03-26 15:20:00,0.22192745,1,1,0.0022671449,0.0022671448532491922,0.22243059,0.9415645,1,5
2024-03-26 15:25:00,0.52777576,1,1,0.0025450771,0.002545077120885253,0.529119,0.78746355,1,5
2024-03-26 15:30:00,0.64219147,1,1,0.0023391119,0.0023391118738800287,0.6436936,0.6596655,1,5
2024-03-26 15:35:00,0.4486453,1,1,0.0032396156,0.003239615587517619,0.45009875,0.94812274,1,5
2024-03-26 15:40:00,0.6606002,1,1,0.0018482868,0.0018482868326827884,0.6618212,0.6374175,1,5
2024-03-26 15:45:00,0.4821377,1,1,0.0021925215,0.0021925214678049088,0.4831948,0.7292319,1,5
2024-03-26 15:50:00,0.52456754,1,1,0.0026037719,0.0026037718635052443,0.5259334,0.61936986,1,5
2024-03-26 15:55:00,0.7191313,1,1,0.0025970729,0.002597072860226035,0.72099894,0.32874423,0,5
2024-03-27 09:30:00,0.069876514,0,-1,0.0042732526,-0.004273252561688423,0.07017512,0.65535575,-1,5
2024-03-27 09:35:00,0.20323835,0,-1,0.0041103703,-0.004110370296984911,0.20407373,0.60372746,-1,5
2024-03-27 09:40:00,0.1407604,0,-1,0.0040573133,-0.0040573133155703545,0.14133151,0.6754771,-1,5
2024-03-27 09:45:00,0.21349344,1,1,0.004075884,0.004075883887708187,0.2143636,0.3749744,0,5
2024-03-27 09:50:00,0.43531117,1,1,0.0031626334,0.0031626333948224783,0.4366879,0.752533,1,5
2024-03-27 09:55:00,0.24084994,1,1,0.0028482152,0.0028482151683419943,0.24153595,0.6237668,1,5
2024-03-27 10:00:00,0.5572081,1,1,0.0031965112,0.003196511184796691,0.5589892,0.7832435,1,5
2024-03-27 10:05:00,0.26859897,1,1,0.002918207,0.002918207086622715,0.2693828,0.9062036,1,5
2024-03-27 10:10:00,0.18907267,0,-1,0.0028122352,-0.002812235150486231,0.18960439,0.7521156,-1,5
2024-03-27 10:15:00,0.1654163,0,-1,0.003254999,-0.003254998940974474,0.16595474,0.78754026,-1,5
2024-03-27 10:20:00,0.34391865,1,1,0.0029566346,0.002956634620204568,0.34493548,0.7764857,1,5
2024-03-27 10:25:00,0.18866697,0,-1,0.002707972,-0.0027079719584435225,0.18917787,0.9196716,-1,5
2024-03-27 10:30:00,0.15919375,0,-1,0.0024958616,-0.0024958616122603416,0.15959108,0.83517194,-1,5
2024-03-27 10:35:00,0.14224505,0,-1,0.002752595,-0.002752595115453005,0.1426366,0.8316661,-1,5
2024-03-27 10:40:00,0.2860139,1,1,0.0028778322,0.002877832157537341,0.286837,0.521623,1,5
2024-03-27 10:45:00,0.3127462,1,1,0.002764065,0.0027640650514513254,0.31361067,0.8271757,1,5
2024-03-27 10:50:00,0.24537191,1,1,0.0026022533,0.0026022533420473337,0.24601042,0.6137842,1,5
2024-03-27 10:55:00,0.18561442,0,-1,0.0028911922,-0.002891192212700844,0.18615107,0.5499532,-1,5
2024-03-27 11:00:00,0.19490485,0,-1,0.002825673,-0.002825672971084714,0.19545558,0.67373943,-1,5
2024-03-27 11:05:00,0.2585993,1,1,0.0022215405,0.0022215405479073524,0.2591738,0.44676548,0,5
2024-03-27 11:10:00,0.25409064,1,1,0.0021097355,0.002109735505655408,0.25462672,0.6667843,1,5
2024-03-27 11:15:00,0.19212185,0,-1,0.0025090217,-0.0025090216659009457,0.19260389,0.6030777,-1,5
2024-03-27 11:20:00,0.29179522,1,1,0.0017534981,0.001753498101606965,0.29230687,0.7390148,1,5
2024-03-27 11:25:00,0.42788962,1,1,0.00207814,0.0020781399216502905,0.42877886,0.80518806,1,5
2024-03-27 11:30:00,0.21303134,1,1,0.0026574847,0.0026574847288429737,0.21359748,0.764705,1,5
2024-03-27 11:35:00,0.19298658,0,-1,0.0025338489,-0.002533848863095045,0.19347556,0.502164,-1,5
2024-03-27 11:40:00,0.16592497,0,-1,0.0025316447,-0.002531644655391574,0.16634503,0.82350516,-1,5
2024-03-27 11:45:00,0.23272112,1,1,0.0019840677,0.001984067726880312,0.23318286,0.7173324,1,5
2024-03-27 11:50:00,0.3027092,1,1,0.0020451318,0.002045131754130125,0.30332828,0.710615,1,5
2024-03-27 11:55:00,0.30441713,1,1,0.0029032526,0.0029032526072114706,0.30530092,0.7271548,1,5
2024-03-27 12:00:00,0.20849794,1,1,0.0024244175,0.0024244175292551517,0.20900342,0.8458021,1,5
2024-03-27 12:05:00,0.19449979,0,-1,0.002058643,-0.002058642916381359,0.1949002,0.96104467,-1,5
2024-03-27 12:10:00,0.2235868,1,1,0.0019395207,0.0019395207054913044,0.22402045,0.8686682,1,5
2024-03-27 12:15:00,0.22972336,1,1,0.0019543543,0.0019543543457984924,0.23017232,0.7503061,1,5
2024-03-27 12:20:00,0.20457289,0,-1,0.0020695007,-0.0020695007406175137,0.20499624,0.47727606,0,5
2024-03-27 12:25:00,0.14058876,0,-1,0.0018457556,-0.0018457556143403053,0.14084825,0.8894645,-1,5
2024-03-27 12:30:00,0.22404043,1,1,0.002693534,0.0026935338973999023,0.2246439,0.47804847,0,5
2024-03-27 12:35:00,0.15546097,0,-1,0.002035937,-0.00203593703918159,0.15577748,0.8001443,-1,5
2024-03-27 12:40:00,0.12255846,0,-1,0.0025543733,-0.002554373349994421,0.122871526,0.9431843,-1,5
2024-03-27 12:45:00,0.16477123,0,-1,0.0029853894,-0.0029853894375264645,0.16526313,0.3789773,0,5
2024-03-27 12:50:00,0.1262706,0,-1,0.0029912589,-0.002991258865222335,0.1266483,0.83910197,-1,5
2024-03-27 12:55:00,0.14338596,0,-1,0.002933144,-0.0029331441037356853,0.14380653,0.736797,-1,5
2024-03-27 13:00:00,0.15972167,0,-1,0.0026807352,-0.002680735196918249,0.16014986,0.29685587,0,5
2024-03-27 13:05:00,0.21785924,1,1,0.0032259969,0.003225996857509017,0.21856207,0.7403823,1,5
2024-03-27 13:10:00,0.11453108,0,-1,0.0024805486,-0.0024805485736578703,0.114815176,0.87583715,-1,5
2024-03-27 13:15:00,0.2182014,1,1,0.0030750362,0.003075036220252514,0.21887237,0.31583682,0,5
2024-03-27 13:20:00,0.13138084,0,-1,0.003054742,-0.0030547420028597116,0.13178217,0.80964214,-1,5
2024-03-27 13:25:00,0.14529437,0,-1,0.0028544008,-0.0028544007800519466,0.14570908,0.6489276,-1,5
2024-03-27 13:30:00,0.10589349,0,-1,0.0031055205,-0.0031055205035954714,0.10622235,0.9162485,-1,5
2024-03-27 13:35:00,0.16171625,0,-1,0.0024927265,-0.0024927265476435423,0.16211937,0.55078036,-1,5
2024-03-27 13:40:00,0.15253232,0,-1,0.002458119,-0.0024581190664321184,0.15290727,0.6107841,-1,5
2024-03-27 13:45:00,0.13316901,0,-1,0.0023912042,-0.0023912042379379272,0.13348745,0.8970589,-1,5
2024-03-27 13:50:00,0.22349744,1,1,0.0021800755,0.002180075505748391,0.22398469,0.68325657,1,5
2024-03-27 13:55:00,0.16189268,0,-1,0.0021599156,-0.002159915631636977,0.16224237,0.8128936,-1,5
2024-03-27 14:00:00,0.20828095,1,1,0.0019665018,0.0019665018189698458,0.20869052,0.8651666,1,5
2024-03-27 14:05:00,0.121233925,0,-1,0.0019640892,-0.0019640892278403044,0.12147204,0.93654484,-1,5
2024-03-27 14:10:00,0.21726854,1,1,0.002709625,0.002709625056013465,0.21785726,0.2110433,0,5
2024-03-27 14:15:00,0.13886192,0,-1,0.0037186884,-0.0037186883855611086,0.13937831,0.41970378,0,5
2024-03-27 14:20:00,0.11685369,0,-1,0.0026353905,-0.0026353904977440834,0.11716165,0.93657,-1,5
2024-03-27 14:25:00,0.11883645,0,-1,0.0031545144,-0.003154514357447624,0.119211316,0.9091328,-1,5
2024-03-27 14:30:00,0.20531334,0,-1,0.0035625687,-0.003562568686902523,0.20604478,0.35174653,0,5
2024-03-27 14:35:00,0.13655975,0,-1,0.0024197677,-0.0024197676684707403,0.13689019,0.9085521,-1,5
2024-03-27 14:40:00,0.118958086,0,-1,0.0027408537,-0.002740853698924184,0.11928413,0.9159115,-1,5
2024-03-27 14:45:00,0.1765045,0,-1,0.0025913771,-0.0025913771241903305,0.17696188,0.5280955,-1,5
2024-03-27 14:50:00,0.18149056,0,-1,0.002203741,-0.0022037411108613014,0.1818905,0.8168604,-1,5
2024-03-27 14:55:00,0.1300657,0,-1,0.002154992,-0.002154991962015629,0.13034599,0.98529786,-1,5
2024-03-27 15:00:00,0.1429348,0,-1,0.002415014,-0.0024150139652192593,0.14328,0.63664764,-1,5
2024-03-27 15:05:00,0.1959358,0,-1,0.0022773677,-0.0022773677483201027,0.19638202,0.78237784,-1,5
2024-03-27 15:10:00,0.20135593,0,-1,0.0022975376,-0.0022975376341491938,0.20181856,0.87937814,-1,5
2024-03-27 15:15:00,0.27092263,1,1,0.002092047,0.002092046895995736,0.2714894,0.6821355,1,5
2024-03-27 15:20:00,0.12851836,0,-1,0.0031910047,-0.003191004740074277,0.12892845,0.8032254,-1,5
2024-03-27 15:25:00,0.14543833,0,-1,0.0032255137,-0.003225513733923435,0.14590745,0.55892116,-1,5
2024-03-27 15:30:00,0.21665277,1,1,0.0029530912,0.0029530911706387997,0.21729255,0.42571697,0,5
2024-03-27 15:35:00,0.10722054,0,-1,0.003370523,-0.0033705229870975018,0.10758193,0.5937827,-1,5
2024-03-27 15:40:00,0.08494551,0,-1,0.0037532728,-0.0037532728165388107,0.08526433,0.61765176,-1,5
2024-03-27 15:45:00,0.15499154,0,-1,0.004127118,-0.004127117805182934,0.15563121,0.25676435,0,5
2024-03-27 15:50:00,0.11160218,0,-1,0.005312521,-0.005312521010637283,0.112195075,0.2698886,0,5
2024-03-27 15:55:00,0.10591778,0,-1,0.005160278,-0.005160278175026178,0.106464356,0.34116957,0,5
2024-03-28 09:30:00,0.13860545,0,-1,0.0031903258,-0.0031903258059173822,0.13904764,0.73289603,-1,5
2024-03-28 09:35:00,0.20979384,1,1,0.005472256,0.0054722558706998825,0.2109419,0.21548197,0,5
2024-03-28 09:40:00,0.11571035,0,-1,0.0056158616,-0.0056158616207540035,0.11636016,0.51949155,-1,5
2024-03-28 09:45:00,0.13586612,0,-1,0.004155516,-0.004155516158789396,0.13643071,0.8679758,-1,5
2024-03-28 09:50:00,0.11752854,0,-1,0.0043033296,-0.00430332962423563,0.11803431,0.9128875,-1,5
2024-03-28 09:55:00,0.18759626,0,-1,0.0060955104,-0.006095510441809893,0.18873976,0.23569618,0,5
2024-03-28 10:00:00,0.08866609,0,-1,0.0037300745,-0.0037300745025277138,0.08899682,0.7834833,-1,5
2024-03-28 10:05:00,0.20217817,0,-1,0.0040752576,-0.004075257573276758,0.2030021,0.6519937,-1,5
2024-03-28 10:10:00,0.17201738,0,-1,0.0041898466,-0.004189846571534872,0.1727381,0.6161296,-1,5
2024-03-28 10:15:00,0.131337,0,-1,0.0041228393,-0.00412283930927515,0.13187848,0.8198377,-1,5
2024-03-28 10:20:00,0.14715265,0,-1,0.004537216,-0.004537215922027826,0.14782031,0.6876045,-1,5
2024-03-28 10:25:00,0.14888042,0,-1,0.004039783,-0.004039783030748367,0.14948186,0.743339,-1,5
2024-03-28 10:30:00,0.12977225,0,-1,0.0033308766,-0.003330876585096121,0.1302045,0.9566241,-1,5
2024-03-28 10:35:00,0.10838096,0,-1,0.0029950263,-0.002995026297867298,0.10870556,0.9251859,-1,5
2024-03-28 10:40:00,0.17344914,0,-1,0.0040040943,-0.004004094284027815,0.17414366,0.5182188,-1,5
2024-03-28 10:45:00,0.14350164,0,-1,0.0035430656,-0.0035430656280368567,0.14401007,0.8220776,-1,5
2024-03-28 10:50:00,0.11390135,0,-1,0.0035672477,-0.003567247651517391,0.11430766,0.9434912,-1,5
2024-03-28 10:55:00,0.12155013,0,-1,0.0032066535,-0.003206653520464897,0.12193989,0.9162079,-1,5
2024-03-28 11:00:00,0.14806172,0,-1,0.0032918998,-0.0032918998040258884,0.14854912,0.6551194,-1,5
2024-03-28 11:05:00,0.18226534,0,-1,0.0030705628,-0.003070562845095992,0.182825,0.48340985,0,5
2024-03-28 11:10:00,0.118029796,0,-1,0.002684294,-0.0026842940133064985,0.11834662,0.89186764,-1,5
2024-03-28 11:15:00,0.13537553,0,-1,0.003327428,-0.0033274278976023197,0.13582598,0.8756102,-1,5
2024-03-28 11:20:00,0.100027375,0,-1,0.003511947,-0.003511947114020586,0.10037866,0.97030467,-1,5
2024-03-28 11:25:00,0.102258556,0,-1,0.004088077,-0.00408807722851634,0.10267659,0.96636736,-1,5
2024-03-28 11:30:00,0.12937298,0,-1,0.0029755929,-0.0029755928553640842,0.12975794,0.87562096,-1,5
2024-03-28 11:35:00,0.15388592,0,-1,0.0034772428,-0.003477242775261402,0.15442102,0.7433064,-1,5
2024-03-28 11:40:00,0.096815854,0,-1,0.0036790252,-0.0036790252197533846,0.097172044,0.9489453,-1,5
2024-03-28 11:45:00,0.17815289,0,-1,0.0027050725,-0.002705072518438101,0.17863481,0.47073597,0,5
2024-03-28 11:50:00,0.100471914,0,-1,0.003090593,-0.003090593032538891,0.10078243,0.9258699,-1,5
2024-03-28 11:55:00,0.099054426,0,-1,0.0030296256,-0.003029625630006194,0.09935452,0.92981803,-1,5
2024-03-28 12:00:00,0.122011915,0,-1,0.0033769193,-0.003376919310539961,0.12242395,0.91386986,-1,5
2024-03-28 12:05:00,0.14778712,0,-1,0.0023530354,-0.0023530353792011738,0.14813487,0.6577637,-1,5
2024-03-28 12:10:00,0.10530069,0,-1,0.0024543956,-0.0024543956387788057,0.10555914,0.97419703,-1,5
2024-03-28 12:15:00,0.13888973,0,-1,0.0023089277,-0.002308927709236741,0.13921042,0.94452584,-1,5
2024-03-28 12:20:00,0.15841638,0,-1,0.0022160092,-0.0022160091903060675,0.15876742,0.81281745,-1,5
2024-03-28 12:25:00,0.15717153,0,-1,0.0027484277,-0.0027484276797622442,0.1576035,0.2194584,0,5
2024-03-28 12:30:00,0.21702284,1,1,0.0023436544,0.0023436543997377157,0.21753146,0.6781741,1,5
2024-03-28 12:35:00,0.12522218,0,-1,0.0020852012,-0.002085201209411025,0.12548329,0.9816964,-1,5
2024-03-28 12:40:00,0.13968812,0,-1,0.0021320872,-0.0021320872474461794,0.13998595,0.94357604,-1,5
2024-03-28 12:45:00,0.11699951,0,-1,0.0020531425,-0.00205314252525568,0.11723972,0.8966316,-1,5
2024-03-28 12:50:00,0.13670334,0,-1,0.0019146064,-0.0019146064296364784,0.13696508,0.95430887,-1,5
2024-03-28 12:55:00,0.17636573,0,-1,0.0021797903,-0.002179790288209915,0.17675017,0.5936761,-1,5
2024-03-28 13:00:00,0.14805874,0,-1,0.0021524213,-0.0021524212788790464,0.14837743,0.35420203,0,5
2024-03-28 13:05:00,0.11214373,0,-1,0.0022482004,-0.0022482003550976515,0.11239585,0.83776236,-1,5
2024-03-28 13:10:00,0.23628402,1,1,0.0020607968,0.002060796832665801,0.23677094,0.49142933,0,5
2024-03-28 13:15:00,0.15206872,0,-1,0.0020337228,-0.0020337228197604418,0.15237798,0.7611876,-1,5
2024-03-28 13:20:00,0.20399229,0,-1,0.002022775,-0.002022774890065193,0.20440492,0.85417664,-1,5
2024-03-28 13:25:00,0.1836249,0,-1,0.0017837107,-0.0017837106715887785,0.18395244,0.90820044,-1,5
2024-03-28 13:30:00,0.23992357,1,1,0.0018538261,0.0018538261065259576,0.24036834,0.76095885,1,5
2024-03-28 13:35:00,0.12283433,0,-1,0.0023276352,-0.002327635185793042,0.12312025,0.6575342,-1,5
2024-03-28 13:40:00,0.11138866,0,-1,0.0019354658,-0.0019354658434167504,0.11160425,0.9417703,-1,5
2024-03-28 13:45:00,0.14178573,0,-1,0.0027314175,-0.00273141753859818,0.142173,0.64333785,-1,5
2024-03-28 13:50:00,0.17401585,0,-1,0.0024274082,-0.0024274082388728857,0.17443827,0.74422103,-1,5
2024-03-28 13:55:00,0.124173686,0,-1,0.0030207005,-0.0030207005329430103,0.12454877,0.8053851,-1,5
2024-03-28 14:00:00,0.17706333,0,-1,0.0023088227,-0.002308822702616453,0.17747214,0.32964867,0,5
2024-03-28 14:05:00,0.15794563,0,-1,0.0035832962,-0.003583296202123165,0.15851161,0.5314858,-1,5
2024-03-28 14:10:00,0.11049564,0,-1,0.0032431595,-0.0032431595027446747,0.110854,0.9741796,-1,5
2024-03-28 14:15:00,0.15687287,0,-1,0.002835101,-0.00283510098233819,0.15731762,0.6644671,-1,5
2024-03-28 14:20:00,0.11265487,0,-1,0.0025615913,-0.0025615913327783346,0.11294345,0.9221271,-1,5
2024-03-28 14:25:00,0.12287247,0,-1,0.0035738568,-0.00357385678216815,0.1233116,0.93864304,-1,5
2024-03-28 14:30:00,0.14593215,0,-1,0.002377354,-0.002377354074269533,0.1462791,0.7728689,-1,5
2024-03-28 14:35:00,0.096484944,0,-1,0.0024524343,-0.0024524342734366655,0.096721575,0.9595732,-1,5
2024-03-28 14:40:00,0.20627044,0,-1,0.0026625555,-0.0026625555474311113,0.20681964,0.61303186,-1,5
2024-03-28 14:45:00,0.16719617,0,-1,0.0031644711,-0.0031644711270928383,0.16772527,0.5737933,-1,5
2024-03-28 14:50:00,0.14619128,0,-1,0.003054932,-0.003054931992664933,0.1466379,0.8275436,-1,5
2024-03-28 14:55:00,0.1228392,0,-1,0.0034667708,-0.003466770751401782,0.12326505,0.71856153,-1,5
2024-03-28 15:00:00,0.2027537,0,-1,0.0029029408,-0.002902940846979618,0.20334229,0.64518005,-1,5
2024-03-28 15:05:00,0.16079426,0,-1,0.0028190613,-0.002819061279296875,0.16124755,0.6120772,-1,5
2024-03-28 15:10:00,0.15206112,0,-1,0.002943736,-0.002943736035376787,0.15250875,0.5503783,-1,5
2024-03-28 15:15:00,0.11508702,0,-1,0.0035601386,-0.0035601386334747076,0.11549675,0.9480471,-1,5
2024-03-28 15:20:00,0.096765,0,-1,0.002625798,-0.0026257981080561876,0.097019084,0.95389986,-1,5
2024-03-28 15:25:00,0.15436845,0,-1,0.0032839978,-0.0032839977648109198,0.15487538,0.8376416,-1,5
2024-03-28 15:30:00,0.1783274,0,-1,0.0030649358,-0.0030649357941001654,0.17887397,0.6178883,-1,5
2024-03-28 15:35:00,0.16973326,0,-1,0.0028075103,-0.002807510318234563,0.17020978,0.80368435,-1,5
2024-03-28 15:40:00,0.14124662,0,-1,0.00292869,-0.002928690053522587,0.14166029,0.8840679,-1,5
2024-03-28 15:45:00,0.15180027,0,-1,0.0024807665,-0.0024807665031403303,0.15217686,0.8466459,-1,5
2024-03-28 15:50:00,0.1526831,0,-1,0.0025010202,-0.0025010202080011368,0.15306495,0.62734497,-1,5
2024-03-28 15:55:00,0.682669,1,1,0.0034888354,0.0034888354130089283,0.68505067,0.48643667,0,5
2024-04-01 09:30:00,0.091309085,0,-1,0.0025078335,-0.00250783353112638,0.09153807,0.82593673,-1,5
2024-04-01 09:35:00,0.16752833,0,-1,0.0028104198,-0.0028104197699576616,0.16799916,0.8179572,-1,5
2024-04-01 09:40:00,0.120404385,0,-1,0.0036333138,-0.003633313812315464,0.120841846,0.9559871,-1,5
2024-04-01 09:45:00,0.17330445,0,-1,0.0029334484,-0.002933448413386941,0.17381284,0.4701501,0,5
2024-04-01 09:50:00,0.116006166,0,-1,0.0020417445,-0.0020417445339262486,0.11624301,0.90644556,-1,5
2024-04-01 09:55:00,0.13974607,0,-1,0.002257625,-0.0022576251067221165,0.14006156,0.76111174,-1,5
2024-04-01 10:00:00,0.49654934,1,1,0.0024162505,0.002416250528767705,0.49774912,0.253724,0,5
2024-04-01 10:05:00,0.13985349,0,-1,0.0028923217,-0.0028923216741532087,0.140258,0.72121197,-1,5
2024-04-01 10:10:00,0.13410659,0,-1,0.0022530206,-0.0022530206479132175,0.13440874,0.9544257,-1,5
2024-04-01 10:15:00,0.4442856,1,1,0.0023924431,0.0023924431297928095,0.4453485,0.66484714,1,5
2024-04-01 10:20:00,0.20712027,1,1,0.0021083439,0.0021083438768982887,0.20755695,0.7084963,1,5
2024-04-01 10:25:00,0.24196653,1,1,0.0020488764,0.0020488763693720102,0.24246228,0.27209225,0,5
2024-04-01 10:30:00,0.29086658,1,1,0.002684962,0.0026849620044231415,0.29164755,0.4700545,0,5
2024-04-01 10:35:00,0.6285711,1,1,0.0023951142,0.0023951141629368067,0.63007665,0.58974063,1,5
2024-04-01 10:40:00,0.4349933,1,1,0.002949578,0.0029495779890567064,0.43627635,0.81098515,1,5
2024-04-01 10:45:00,0.3509417,1,1,0.0029797065,0.002979706507176161,0.35198742,0.8757301,1,5
2024-04-01 10:50:00,0.51096344,1,1,0.0023994837,0.002399483695626259,0.51218945,0.77896196,1,5
2024-04-01 10:55:00,0.2820628,1,1,0.0028438587,0.0028438586741685867,0.28286496,0.74080056,1,5
2024-04-01 11:00:00,0.26094607,1,1,0.0038665473,0.003866547252982855,0.26195502,0.81850237,1,5
2024-04-01 11:05:00,0.32232365,1,1,0.0023799604,0.0023799603804945946,0.3230908,0.84947824,1,5
2024-04-01 11:10:00,0.3730859,1,1,0.0024919952,0.0024919952265918255,0.3740156,0.66853666,1,5
2024-04-01 11:15:00,0.46659297,1,1,0.0023854868,0.002385486848652363,0.46770602,0.8508712,1,5
2024-04-01 11:20:00,0.36463562,1,1,0.0021375823,0.0021375822834670544,0.36541504,0.7404389,1,5
2024-04-01 11:25:00,0.23902121,1,1,0.0030760288,0.0030760287772864103,0.23975646,0.65293074,1,5
2024-04-01 11:30:00,0.5538277,1,1,0.0042207288,0.004220728762447834,0.5561653,0.729214,1,5
2024-04-01 11:35:00,0.3792169,1,1,0.0030932939,0.0030932938680052757,0.38038993,0.79190475,1,5
2024-04-01 11:40:00,0.5518255,1,1,0.0052395044,0.005239504389464855,0.5547168,0.70978296,1,5
2024-04-01 11:45:00,0.2861794,1,1,0.0045643942,0.0045643942430615425,0.28748563,0.61530787,1,5
2024-04-01 11:50:00,0.6858709,1,1,0.003302417,0.0033024169970303774,0.6881359,0.7746881,1,5
2024-04-01 11:55:00,0.4317276,1,1,0.002221155,0.0022211549803614616,0.4326865,0.8793677,1,5
2024-04-01 12:00:00,0.25482008,1,1,0.0056871804,0.005687180440872908,0.2562693,0.71431226,1,5
2024-04-01 12:05:00,0.2543824,1,1,0.0035195905,0.0035195904783904552,0.25527772,0.75890845,1,5
2024-04-01 12:10:00,0.21903597,1,1,0.0036389362,0.0036389362066984177,0.21983303,0.92232835,1,5
2024-04-01 12:15:00,0.17669141,0,-1,0.0037793377,-0.003779337741434574,0.17735918,0.9554229,-1,5
2024-04-01 12:20:00,0.20094723,0,-1,0.0029044866,-0.002904486609622836,0.20153089,0.93678194,-1,5
2024-04-01 12:25:00,0.19647902,0,-1,0.0023626413,-0.0023626412730664015,0.19694322,0.94949514,-1,5
2024-04-01 12:30:00,0.14836851,0,-1,0.0019039991,-0.0019039991311728954,0.148651,0.9510912,-1,5
2024-04-01 12:35:00,0.20988506,1,1,0.0021893622,0.0021893621888011694,0.21034458,0.59384197,1,5
2024-04-01 12:40:00,0.12938005,0,-1,0.0022289737,-0.0022289736662060022,0.12966843,0.94582736,-1,5
2024-04-01 12:45:00,0.17601737,0,-1,0.0025119225,-0.0025119225028902292,0.17645952,0.61347026,-1,5
2024-04-01 12:50:00,0.15457283,0,-1,0.0023310757,-0.0023310757242143154,0.15493314,0.9091355,-1,5
2024-04-01 12:55:00,0.23431592,1,1,0.0025347776,0.0025347776245325804,0.23490985,0.8131801,1,5
2024-04-01 13:00:00,0.24892955,1,1,0.003837907,0.003837906988337636,0.24988492,0.9300153,1,5
2024-04-01 13:05:00,0.2988417,1,1,0.0037052038,0.003705203766003251,0.299949,0.8626993,1,5
2024-04-01 13:10:00,0.2425445,1,1,0.0040682643,0.0040682642720639706,0.24353124,0.89166254,1,5
2024-04-01 13:15:00,0.47916678,1,1,0.0037201326,0.0037201326340436935,0.48094934,0.816356,1,5
2024-04-01 13:20:00,0.54825014,1,1,0.0032576662,0.0032576662488281727,0.55003613,0.81029373,1,5
2024-04-01 13:25:00,0.16352375,0,-1,0.0043819915,-0.00438199145719409,0.16424032,0.82013386,-1,5
2024-04-01 13:30:00,0.4308034,1,1,0.004775787,0.0047757867723703384,0.4328608,0.71759295,1,5
2024-04-01 13:35:00,0.36862534,1,1,0.004620742,0.004620742052793503,0.3703287,0.69663197,1,5
2024-04-01 13:40:00,0.25358883,1,1,0.0024930001,0.0024930001236498356,0.25422102,0.48382387,0,5
2024-04-01 13:45:00,0.33819246,1,1,0.002448128,0.002448128070682287,0.33902037,0.9323517,1,5
2024-04-01 13:50:00,0.38121912,1,1,0.0031642024,0.0031642024405300617,0.38242537,0.9164627,1,5
2024-04-01 13:55:00,0.27361163,1,1,0.002467275,0.002467274898663163,0.27428672,0.9563161,1,5
2024-04-01 14:00:00,0.26318616,1,1,0.002335577,0.0023355770390480757,0.26380083,0.84369516,1,5
2024-04-01 14:05:00,0.2976735,1,1,0.0025212187,0.0025212187319993973,0.298424,0.95248234,1,5
2024-04-01 14:10:00,0.34421468,1,1,0.003507726,0.0035077258944511414,0.3454221,0.9207329,1,5
2024-04-01 14:15:00,0.2543509,1,1,0.0024363047,0.0024363046977669,0.25497058,0.32011077,0,5
2024-04-01 14:20:00,0.16527985,0,-1,0.0024345159,-0.0024345158599317074,0.16568223,0.58563393,-1,5
2024-04-01 14:25:00,0.18960008,0,-1,0.0025483365,-0.0025483365170657635,0.19008325,0.4435374,0,5
2024-04-01 14:30:00,0.11109486,0,-1,0.0025143924,-0.0025143923703581095,0.11137419,0.92608994,-1,5
2024-04-01 14:35:00,0.14146248,0,-1,0.0023831497,-0.0023831496946513653,0.1417996,0.89223737,-1,5
2024-04-01 14:40:00,0.1333572,0,-1,0.0026841192,-0.0026841191574931145,0.13371514,0.83832693,-1,5
2024-04-01 14:45:00,0.10801524,0,-1,0.0032346013,-0.0032346013467758894,0.10836463,0.95808655,-1,5
2024-04-01 14:50:00,0.1382666,0,-1,0.002600688,-0.0026006880216300488,0.13862617,0.8027259,-1,5
2024-04-01 14:55:00,0.18177955,0,-1,0.0033517214,-0.0033517214469611645,0.18238881,0.76124144,-1,5
2024-04-01 15:00:00,0.16622722,0,-1,0.0028927375,-0.0028927375096827745,0.16670807,0.41109464,0,5
2024-04-01 15:05:00,0.18523073,0,-1,0.0035238347,-0.0035238347481936216,0.18588345,0.66322094,-1,5
2024-04-01 15:10:00,0.17014709,0,-1,0.0023782835,-0.0023782835341989994,0.17055173,0.8004279,-1,5
2024-04-01 15:15:00,0.18696035,0,-1,0.0026864763,-0.0026864763349294662,0.18746263,0.33593455,0,5
2024-04-01 15:20:00,0.17315401,0,-1,0.0024682726,-0.00246827257797122,0.17358139,0.53274804,-1,5
2024-04-01 15:25:00,0.18928653,0,-1,0.0022739626,-0.002273962600156665,0.18971695,0.8522175,-1,5
2024-04-01 15:30:00,0.18705396,0,-1,0.0027146272,-0.0027146271895617247,0.18756175,0.5637807,-1,5
2024-04-01 15:35:00,0.24363385,1,1,0.0031269174,0.0031269174069166183,0.24439566,0.37493446,0,5
2024-04-01 15:40:00,0.12894492,0,-1,0.0030627071,-0.0030627071391791105,0.12933984,0.65191716,-1,5
2024-04-01 15:45:00,0.2028314,0,-1,0.0022022834,-0.0022022833582013845,0.2032781,0.67758906,-1,5
2024-04-01 15:50:00,0.131208,0,-1,0.002868287,-0.002868287032470107,0.13158435,0.74666125,-1,5
2024-04-01 15:55:00,0.21507189,1,1,0.0028762335,0.0028762335423380136,0.2156905,0.21088442,0,5
2024-04-02 09:30:00,0.22124223,1,1,0.0014437817,0.0014437816571444273,0.22156166,0.27476093,0,5
2024-04-02 09:35:00,0.49340707,1,1,0.0020401967,0.0020401966758072376,0.4944137,0.72236264,1,5
2024-04-02 09:40:00,0.3268107,1,1,0.0026748355,0.0026748355012387037,0.32768485,0.86150885,1,5
2024-04-02 09:45:00,0.42643723,1,1,0.0023284333,0.0023284333292394876,0.42743015,0.85646534,1,5
2024-04-02 09:50:00,0.3661922,1,1,0.0027694395,0.0027694394811987877,0.36720636,0.8533169,1,5
2024-04-02 09:55:00,0.4061298,1,1,0.0027623542,0.0027623542118817568,0.40725166,0.7005023,1,5
2024-04-02 10:00:00,0.43247077,1,1,0.0028427844,0.0028427843935787678,0.4337002,0.604635,1,5
2024-04-02 10:05:00,0.5283419,1,1,0.0022383125,0.002238312503322959,0.52952445,0.7166048,1,5
2024-04-02 10:10:00,0.5478841,1,1,0.0018282061,0.0018282061209902167,0.54888576,0.6938707,1,5
2024-04-02 10:15:00,0.38127682,1,1,0.002284696,0.0022846960928291082,0.3821479,0.8159838,1,5
2024-04-02 10:20:00,0.33570206,1,1,0.0022214348,0.0022214348427951336,0.3364478,0.72181576,1,5
2024-04-02 10:25:00,0.37704465,1,1,0.0025945434,0.0025945433881133795,0.37802294,0.8652097,1,5
2024-04-02 10:30:00,0.40736127,1,1,0.0024007543,0.002400754252448678,0.40833923,0.83435047,1,5
2024-04-02 10:35:00,0.23602644,1,1,0.0030354166,0.003035416593775153,0.23674288,0.55837035,1,5
2024-04-02 10:40:00,0.38696232,1,1,0.0028183176,0.0028183176182210445,0.3880529,0.7288011,1,5
2024-04-02 10:45:00,0.46940568,1,1,0.0031299319,0.003129931865260005,0.4708749,0.7678671,1,5
2024-04-02 10:50:00,0.28853825,1,1,0.002439261,0.0024392609484493732,0.28924206,0.7094739,1,5
2024-04-02 10:55:00,0.4062412,1,1,0.002333027,0.0023330270778387785,0.40718898,0.87314403,1,5
2024-04-02 11:00:00,0.35699037,1,1,0.0021350004,0.0021350004244595766,0.35775256,0.5276779,1,5
2024-04-02 11:05:00,0.37256572,1,1,0.0026462448,0.002646244829520583,0.3735516,0.44281277,0,5
2024-04-02 11:10:00,0.1771091,0,-1,0.0025109043,-0.002510904334485531,0.17755382,0.5204291,-1,5
2024-04-02 11:15:00,0.14503837,0,-1,0.0026954287,-0.0026954286731779575,0.14542931,0.56585073,-1,5
2024-04-02 11:20:00,0.16411243,0,-1,0.002259543,-0.0022595429327338934,0.16448325,0.513747,-1,5
2024-04-02 11:25:00,0.19379169,0,-1,0.0021350584,-0.0021350583992898464,0.19420543,0.81515497,-1,5
2024-04-02 11:30:00,0.17231278,0,-1,0.0026773845,-0.0026773845311254263,0.17277414,0.69785,-1,5
2024-04-02 11:35:00,0.25676504,1,1,0.0032891429,0.003289142856374383,0.25760958,0.4002944,0,5
2024-04-02 11:40:00,0.21481024,1,1,0.0026100534,0.002610053401440382,0.21537091,0.36066213,0,5
2024-04-02 11:45:00,0.37499487,1,1,0.002572368,0.002572367899119854,0.37595952,0.6432615,1,5
2024-04-02 11:50:00,0.30006352,1,1,0.0028388463,0.0028388462960720062,0.30091536,0.7355595,1,5
2024-04-02 11:55:00,0.33572543,1,1,0.002130818,0.002130818087607622,0.3364408,0.9348101,1,5
2024-04-02 12:00:00,0.16562046,0,-1,0.0023975691,-0.002397569129243493,0.16601755,0.6778369,-1,5
2024-04-02 12:05:00,0.21263428,1,1,0.0021604388,0.0021604388020932674,0.21309367,0.48413718,0,5
2024-04-02 12:10:00,0.5528685,1,1,0.0021127774,0.0021127774380147457,0.55403656,0.517734,1,5
2024-04-02 12:15:00,0.3811062,1,1,0.002181367,0.002181367017328739,0.38193753,0.7644017,1,5
2024-04-02 12:20:00,0.23472378,1,1,0.0021951809,0.0021951808594167233,0.23523906,0.5140311,1,5
2024-04-02 12:25:00,0.18789883,0,-1,0.0026419444,-0.002641944447532296,0.18839525,0.5019507,-1,5
2024-04-02 12:30:00,0.14639702,0,-1,0.002461928,-0.002461927942931652,0.14675744,0.9487711,-1,5
2024-04-02 12:35:00,0.13770358,0,-1,0.002071307,-0.0020713070407509804,0.1379888,0.92743176,-1,5
2024-04-02 12:40:00,0.24818303,1,1,0.0020813514,0.0020813513547182083,0.24869959,0.6439312,1,5
2024-04-02 12:45:00,0.15017807,0,-1,0.0038151615,-0.003815161529928446,0.15075102,0.53111494,-1,5
2024-04-02 12:50:00,0.15065178,0,-1,0.0027703766,-0.0027703766245394945,0.15106915,0.64724255,-1,5
2024-04-02 12:55:00,0.095710315,0,-1,0.0027363067,-0.0027363067492842674,0.09597221,0.92420167,-1,5
2024-04-02 13:00:00,0.104412116,0,-1,0.0034272557,-0.003427255665883422,0.10476997,0.9787917,-1,5
2024-04-02 13:05:00,0.11834943,0,-1,0.0028848082,-0.0028848082292824984,0.118690856,0.875542,-1,5
2024-04-02 13:10:00,0.2310094,1,1,0.0026726,0.002672600094228983,0.23162678,0.46539205,0,5
2024-04-02 13:15:00,0.13326065,0,-1,0.0026249124,-0.0026249124202877283,0.13361044,0.785334,-1,5
2024-04-02 13:20:00,0.1547743,0,-1,0.0026312775,-0.002631277544423938,0.15518156,0.935761,-1,5
2024-04-02 13:25:00,0.13416345,0,-1,0.0024370896,-0.0024370895698666573,0.13449043,0.9208083,-1,5
2024-04-02 13:30:00,0.1824089,0,-1,0.0024146356,-0.0024146356154233217,0.18284935,0.9544312,-1,5
2024-04-02 13:35:00,0.16637453,0,-1,0.0025698747,-0.0025698747485876083,0.16680211,0.50870246,-1,5
2024-04-02 13:40:00,0.1370776,0,-1,0.0026822696,-0.002682269550859928,0.13744529,0.9053041,-1,5
2024-04-02 13:45:00,0.08840895,0,-1,0.0025881147,-0.0025881147012114525,0.08863776,0.56870604,-1,5
2024-04-02 13:50:00,0.17310737,0,-1,0.0023338655,-0.002333865500986576,0.17351139,0.4872337,0,5
2024-04-02 13:55:00,0.13306917,0,-1,0.0026467845,-0.002646784530952573,0.13342138,0.795762,-1,5
2024-04-02 14:00:00,0.15925781,0,-1,0.0021043073,-0.0021043072920292616,0.15959294,0.85727847,-1,5
2024-04-02 14:05:00,0.15591781,0,-1,0.0026799652,-0.002679965225979686,0.15633567,0.4025441,0,5
2024-04-02 14:10:00,0.16689096,0,-1,0.0023184498,-0.0023184497840702534,0.1672779,0.7114349,-1,5
2024-04-02 14:15:00,0.10040456,0,-1,0.002667375,-0.002667374908924103,0.10067238,0.91102105,-1,5
2024-04-02 14:20:00,0.15914178,0,-1,0.0031046106,-0.003104610601440072,0.15963584,0.3721675,0,5
2024-04-02 14:25:00,0.11743668,0,-1,0.0025810497,-0.0025810496881604195,0.11773978,0.82060295,-1,5
2024-04-02 14:30:00,0.12828667,0,-1,0.0029508134,-0.002950813388451934,0.12866522,0.9237725,-1,5
2024-04-02 14:35:00,0.1205792,0,-1,0.0025833126,-0.0025833125691860914,0.120890684,0.54131347,-1,5
2024-04-02 14:40:00,0.12188685,0,-1,0.002981098,-0.0029810979031026363,0.1222502,0.80496526,-1,5
2024-04-02 14:45:00,0.2162126,1,1,0.0025328835,0.002532883547246456,0.21676023,0.71626353,1,5
2024-04-02 14:50:00,0.12874755,0,-1,0.0026164395,-0.0026164394803345203,0.12908441,0.817555,-1,5
2024-04-02 14:55:00,0.16821048,0,-1,0.0028862632,-0.0028862631879746914,0.16869599,0.6549107,-1,5
2024-04-02 15:00:00,0.10420354,0,-1,0.0035280215,-0.0035280215088278055,0.10457116,0.86585355,-1,5
2024-04-02 15:05:00,0.16943222,0,-1,0.0025582856,-0.002558285603299737,0.16986567,0.72416604,-1,5
2024-04-02 15:10:00,0.24451421,1,1,0.003267456,0.003267456078901887,0.24531314,0.5587567,1,5
2024-04-02 15:15:00,0.16442025,0,-1,0.0031044013,-0.0031044012866914272,0.16493069,0.68565875,-1,5
2024-04-02 15:20:00,0.11850337,0,-1,0.0036844872,-0.0036844871938228607,0.118939996,0.7662438,-1,5
2024-04-02 15:25:00,0.13721777,0,-1,0.0025049092,-0.0025049091782420874,0.1375615,0.9705508,-1,5
2024-04-02 15:30:00,0.17480767,0,-1,0.0027776137,-0.0027776136994361877,0.1752932,0.4297138,0,5
2024-04-02 15:35:00,0.11266756,0,-1,0.0026243243,-0.0026243242900818586,0.11296323,0.9460029,-1,5
2024-04-02 15:40:00,0.13976924,0,-1,0.002620464,-0.0026204639580100775,0.1401355,0.6935996,-1,5
2024-04-02 15:45:00,0.106166326,0,-1,0.0027893223,-0.0027893222868442535,0.106462464,0.866546,-1,5
2024-04-02 15:50:00,0.15920699,0,-1,0.0030282645,-0.0030282645020633936,0.15968911,0.45217052,0,5
2024-04-02 15:55:00,0.12758487,0,-1,0.002875344,-0.002875343896448612,0.12795173,0.67697155,-1,5
2024-04-03 09:30:00,0.36108208,1,1,0.0027299921,0.002729992149397731,0.36206785,0.8812344,1,5
2024-04-03 09:35:00,0.13517876,0,-1,0.0024793858,-0.002479385817423463,0.13551393,0.9067701,-1,5
2024-04-03 09:40:00,0.21533859,1,1,0.0035749276,0.003574927570298314,0.21610841,0.7227527,1,5
2024-04-03 09:45:00,0.16256426,0,-1,0.0034375256,-0.0034375255927443504,0.16312309,0.80742234,-1,5
2024-04-03 09:50:00,0.11686775,0,-1,0.002605559,-0.0026055590715259314,0.117172256,0.9065639,-1,5
2024-04-03 09:55:00,0.17114192,0,-1,0.0033821526,-0.003382152644917369,0.17172076,0.46200663,0,5
2024-04-03 10:00:00,0.24739371,1,1,0.0032456915,0.0032456915359944105,0.24819668,0.48337936,0,5
2024-04-03 10:05:00,0.5469906,1,1,0.0030898221,0.003089822130277753,0.54868066,0.6444014,1,5
2024-04-03 10:10:00,0.14341457,0,-1,0.003472142,-0.003472141921520233,0.14391252,0.6486111,-1,5
2024-04-03 10:15:00,0.14284116,0,-1,0.003023777,-0.003023776924237609,0.14327307,0.66392475,-1,5
2024-04-03 10:20:00,0.09919776,0,-1,0.0037588438,-0.003758843755349517,0.099570625,0.9485559,-1,5
2024-04-03 10:25:00,0.15013449,0,-1,0.0037146187,-0.0037146187387406826,0.15069218,0.7118245,-1,5
2024-04-03 10:30:00,0.13343781,0,-1,0.004023837,-0.004023836925625801,0.13397473,0.8500603,-1,5
2024-04-03 10:35:00,0.1991123,0,-1,0.004225325,-0.004225324839353561,0.19995362,0.628493,-1,5
2024-04-03 10:40:00,0.13001393,0,-1,0.003981379,-0.003981378860771656,0.13053156,0.9133555,-1,5
2024-04-03 10:45:00,0.09594361,0,-1,0.0041127647,-0.004112764727324247,0.0963382,0.92837375,-1,5
2024-04-03 10:50:00,0.129378,0,-1,0.0043145483,-0.004314548335969448,0.12993622,0.83132166,-1,5
2024-04-03 10:55:00,0.10600358,0,-1,0.004125978,-0.0041259778663516045,0.10644095,0.8904548,-1,5
2024-04-03 11:00:00,0.07496416,0,-1,0.0038600017,-0.0038600016850978136,0.07525352,0.9655485,-1,5
2024-04-03 11:05:00,0.094859205,0,-1,0.0035294327,-0.0035294326953589916,0.095194004,0.9825714,-1,5
2024-04-03 11:10:00,0.06959641,0,-1,0.0035062376,-0.003506237640976906,0.06984043,0.97006154,-1,5
2024-04-03 11:15:00,0.1264901,0,-1,0.0034848882,-0.0034848882351070642,0.12693089,0.8319251,-1,5
2024-04-03 11:20:00,0.0912284,0,-1,0.0032914719,-0.0032914718613028526,0.091528684,0.983331,-1,5
2024-04-03 11:25:00,0.15195805,0,-1,0.0033438674,-0.0033438673708587885,0.15246616,0.85647976,-1,5
2024-04-03 11:30:00,0.14063983,0,-1,0.0037945972,-0.003794597228989005,0.1411735,0.7236006,-1,5
2024-04-03 11:35:00,0.10836363,0,-1,0.003145869,-0.0031458688899874687,0.10870452,0.9619499,-1,5
2024-04-03 11:40:00,0.10530056,0,-1,0.003144552,-0.0031445519998669624,0.10563168,0.94286144,-1,5
2024-04-03 11:45:00,0.14325082,0,-1,0.002908712,-0.0029087120201438665,0.1436675,0.7203623,-1,5
2024-04-03 11:50:00,0.2212384,1,1,0.003267607,0.0032676069531589746,0.22196133,0.6403347,1,5
2024-04-03 11:55:00,0.1433004,0,-1,0.0029039932,-0.0029039932414889336,0.14371653,0.65042704,-1,5
2024-04-03 12:00:00,0.21367772,1,1,0.0026495096,0.0026495095808058977,0.21424387,0.5504317,1,5
2024-04-03 12:05:00,0.12562972,0,-1,0.0027218722,-0.002721872180700302,0.12597167,0.90222555,-1,5
2024-04-03 12:10:00,0.19538906,0,-1,0.0026009048,-0.0026009047869592905,0.19589725,0.7805466,-1,5
2024-04-03 12:15:00,0.16614462,0,-1,0.0028398163,-0.0028398162685334682,0.16661644,0.57257026,-1,5
2024-04-03 12:20:00,0.20146815,0,-1,0.0029351844,-0.002935184398666024,0.20205949,0.42236584,0,5
2024-04-03 12:25:00,0.15725173,0,-1,0.0028578104,-0.002857810351997614,0.15770112,0.42017385,0,5
2024-04-03 12:30:00,0.15613735,0,-1,0.0028683203,-0.0028683203272521496,0.1565852,0.48871902,0,5
2024-04-03 12:35:00,0.40680712,1,1,0.0023910431,0.0023910431191325188,0.40777984,0.7963785,1,5
2024-04-03 12:40:00,0.18068278,0,-1,0.003343079,-0.0033430790062993765,0.18128683,0.5953111,-1,5
2024-04-03 12:45:00,0.22180079,1,1,0.0023045004,0.0023045004345476627,0.22231194,0.27992377,0,5
2024-04-03 12:50:00,0.19127016,0,-1,0.00267256,-0.0026725600473582745,0.19178134,0.31828856,0,5
2024-04-03 12:55:00,0.2926764,1,1,0.002142734,0.00214273389428854,0.29330352,0.17054659,0,5
2024-04-03 13:00:00,0.13452104,0,-1,0.0021336316,-0.0021336316131055355,0.13480805,0.7528236,-1,5
2024-04-03 13:05:00,0.1406683,0,-1,0.0022546113,-0.0022546113468706608,0.14098546,0.5377552,-1,5
2024-04-03 13:10:00,0.12024618,0,-1,0.0021613976,-0.002161397598683834,0.12050608,0.93288267,-1,5
2024-04-03 13:15:00,0.11618164,0,-1,0.0024557903,-0.0024557902943342924,0.11646696,0.8250791,-1,5
2024-04-03 13:20:00,0.13937925,0,-1,0.002457604,-0.002457604045048356,0.1397218,0.4805401,0,5
2024-04-03 13:25:00,0.08640514,0,-1,0.0029156888,-0.0029156887903809547,0.08665708,0.95605934,-1,5
2024-04-03 13:30:00,0.1470501,0,-1,0.002582035,-0.0025820350274443626,0.1474298,0.51491934,-1,5
2024-04-03 13:35:00,0.15506814,0,-1,0.002607892,-0.002607892034575343,0.15547255,0.35672432,0,5
2024-04-03 13:40:00,0.09013258,0,-1,0.0023991377,-0.002399137709289789,0.09034882,0.8623265,-1,5
2024-04-03 13:45:00,0.07917609,0,-1,0.0028891305,-0.002889130497351289,0.079404846,0.8479389,-1,5
2024-04-03 13:50:00,0.08799681,0,-1,0.0027005624,-0.0027005623560398817,0.088234454,0.9174783,-1,5
2024-04-03 13:55:00,0.12786351,0,-1,0.0025435318,-0.0025435318239033222,0.12818874,0.88033247,-1,5
2024-04-03 14:00:00,0.08870122,0,-1,0.0023625356,-0.0023625355679541826,0.08891077,0.92096615,-1,5
2024-04-03 14:05:00,0.10588482,0,-1,0.0029817135,-0.002981713507324457,0.10620053,0.7503446,-1,5
2024-04-03 14:10:00,0.16656934,0,-1,0.002543187,-0.002543187001720071,0.16699296,0.45406502,0,5
2024-04-03 14:15:00,0.15546663,0,-1,0.0026232293,-0.0026232292875647545,0.15587445,0.44859692,0,5
2024-04-03 14:20:00,0.10398391,0,-1,0.0030593234,-0.003059323411434889,0.10430203,0.94731885,-1,5
2024-04-03 14:25:00,0.2620105,1,1,0.0022140315,0.0022140315268188715,0.26259062,0.16446958,0,5
2024-04-03 14:30:00,0.17134954,0,-1,0.0026615777,-0.002661577658727765,0.1718056,0.7640078,-1,5
2024-04-03 14:35:00,0.1331332,0,-1,0.002053694,-0.002053694101050496,0.13340662,0.97619855,-1,5
2024-04-03 14:40:00,0.19008987,0,-1,0.0021004758,-0.0021004758309572935,0.19048914,0.6263546,-1,5
2024-04-03 14:45:00,0.30915868,1,1,0.0021164645,0.0021164645440876484,0.309813,0.38591468,0,5
2024-04-03 14:50:00,0.25252208,1,1,0.0021266723,0.0021266723051667213,0.25305912,0.3939743,0,5
2024-04-03 14:55:00,0.47031763,1,1,0.0022464602,0.0022464601788669825,0.4713742,0.46332508,0,5
2024-04-03 15:00:00,0.45869637,1,1,0.002272015,0.0022720149718225002,0.45973852,0.70379317,1,5
2024-04-03 15:05:00,0.329646,1,1,0.0022447237,0.002244723727926612,0.33038595,0.92409307,1,5
2024-04-03 15:10:00,0.5421601,1,1,0.001969447,0.0019694468937814236,0.54322785,0.8201956,1,5
2024-04-03 15:15:00,0.72487384,1,1,0.0022415542,0.0022415542043745518,0.7264987,0.73067796,1,5
2024-04-03 15:20:00,0.52980083,1,1,0.0022037474,0.00220374739728868,0.53096837,0.8640851,1,5
2024-04-03 15:25:00,0.39505473,1,1,0.0022486136,0.002248613629490137,0.39594308,0.84719545,1,5
2024-04-03 15:30:00,0.36190152,1,1,0.0023572538,0.0023572538048028946,0.3627546,0.80550706,1,5
2024-04-03 15:35:00,0.16344038,0,-1,0.0025020717,-0.0025020716711878777,0.16384932,0.7582572,-1,5
2024-04-03 15:40:00,0.19805652,0,-1,0.0025131456,-0.002513145562261343,0.19855426,0.81280655,-1,5
2024-04-03 15:45:00,0.1414911,0,-1,0.002552609,-0.002552608959376812,0.14185227,0.6290989,-1,5
2024-04-03 15:50:00,0.24751185,1,1,0.0028525703,0.00285257026553154,0.2482179,0.6711069,1,5
2024-04-03 15:55:00,0.2630732,1,1,0.0041713095,0.004171309527009726,0.26417056,0.44144547,0,5
2024-04-04 09:30:00,0.06529102,0,-1,0.004482912,-0.00448291189968586,0.065583706,0.25992787,0,5
2024-04-04 09:35:00,0.27291805,1,1,0.005621606,0.005621606018394232,0.27445227,0.30154648,0,5
2024-04-04 09:40:00,0.14595224,0,-1,0.0033791508,-0.0033791507594287395,0.14644542,0.6351371,-1,5
2024-04-04 09:45:00,0.13891503,0,-1,0.003926362,-0.003926361910998821,0.13946047,0.7133226,-1,5
2024-04-04 09:50:00,0.23060589,1,1,0.004493212,0.0044932118616998196,0.23164205,0.6162243,1,5
2024-04-04 09:55:00,0.22180274,1,1,0.0044842595,0.004484259523451328,0.22279736,0.40783927,0,5
2024-04-04 10:00:00,0.2084904,1,1,0.005399911,0.0053999111987650394,0.20961624,0.58683056,1,5
2024-04-04 10:05:00,0.16528031,0,-1,0.0051212762,-0.005121276248246431,0.16612676,0.59273654,-1,5
2024-04-04 11:45:00,0.2673818,0,-1,0.0007008681,-0.0007008680840954185,0.26756918,0.5132985,-1,6
2024-04-04 11:50:00,0.35168716,0,-1,0.0010918032,-0.001091803191229701,0.35207114,0.52464104,-1,6
2024-04-04 11:55:00,0.23113947,0,-1,0.00080289703,-0.0008028970332816243,0.23132505,0.8181676,-1,6
2024-04-04 12:00:00,0.43703577,0,-1,0.0016890713,-0.0016890713013708591,0.43777394,0.37140214,0,6
2024-04-04 12:05:00,0.27521142,0,-1,0.0018356924,-0.0018356924410909414,0.27571663,0.29284176,0,6
2024-04-04 12:10:00,0.4188297,0,-1,0.0011487826,-0.0011487825540825725,0.41931087,0.4366413,0,6
2024-04-04 12:15:00,0.30401197,0,-1,0.0022188069,-0.0022188068833202124,0.30468652,0.5059625,-1,6
2024-04-04 12:20:00,0.22166124,0,-1,0.00090979715,-0.0009097971487790346,0.22186291,0.5568761,-1,6
2024-04-04 12:25:00,0.17741245,0,-1,0.0009695115,-0.0009695115149952471,0.17758445,0.7429383,-1,6
2024-04-04 12:30:00,0.17210415,0,-1,0.0010210688,-0.0010210687760263681,0.17227988,0.50748456,-1,6
2024-04-04 12:35:00,0.19777457,0,-1,0.0009982461,-0.0009982461342588067,0.197972,0.5171811,-1,6
2024-04-04 12:40:00,0.18263476,0,-1,0.00095899036,-0.0009589903638698161,0.1828099,0.6056386,-1,6
2024-04-04 12:45:00,0.20708437,0,-1,0.0009859529,-0.000985952909104526,0.20728855,0.6992034,-1,6
2024-04-04 12:50:00,0.27758408,0,-1,0.0012171553,-0.0012171552516520023,0.27792194,0.48716483,0,6
2024-04-04 12:55:00,0.32131377,0,-1,0.00076055253,-0.0007605525315739214,0.32155815,0.45354143,0,6
2024-04-04 13:00:00,0.32708773,0,-1,0.0006793451,-0.0006793451029807329,0.32730994,0.80277556,-1,6
2024-04-04 13:05:00,0.2803573,0,-1,0.0007432423,-0.0007432422717101872,0.28056568,0.77675617,-1,6
2024-04-04 13:10:00,0.2802348,0,-1,0.00076863536,-0.0007686353637836874,0.28045022,0.7568919,-1,6
2024-04-04 13:15:00,0.45856157,1,1,0.000765589,0.0007655890076421201,0.45891264,0.4113004,0,6
2024-04-04 13:20:00,0.44604483,0,-1,0.0007582,-0.0007582000107504427,0.446383,0.36834958,0,6
2024-04-04 13:25:00,0.3755172,0,-1,0.0006698892,-0.0006698892102576792,0.37576872,0.7725936,-1,6
2024-04-04 13:30:00,0.5118638,1,1,0.00080700906,0.0008070090552791953,0.51227695,0.2642934,0,6
2024-04-04 13:35:00,0.5191685,1,1,0.0010525609,0.0010525608668103814,0.519715,0.3875308,0,6
2024-04-04 13:40:00,0.6344816,1,1,0.0006782299,0.0006782299024052918,0.6349119,0.38180795,0,6
2024-04-04 13:45:00,0.6467652,1,1,0.0007412872,0.0007412871927954257,0.6472446,0.31828487,0,6
2024-04-04 13:50:00,0.62227666,1,1,0.0007393599,0.0007393598789349198,0.62273675,0.21688768,0,6
2024-04-04 13:55:00,0.50878197,1,1,0.0009523285,0.0009523284970782697,0.5092665,0.3819488,0,6
2024-04-04 14:00:00,0.55696136,1,1,0.0014680052,0.001468005240894854,0.557779,0.29712173,0,6
2024-04-04 14:05:00,0.38722578,0,-1,0.0010172096,-0.0010172096081078053,0.38761967,0.32681897,0,6
2024-04-04 14:10:00,0.42015365,0,-1,0.0022081835,-0.0022081835195422173,0.42108145,0.33024424,0,6
2024-04-04 14:15:00,0.5301311,1,1,0.0031693105,0.003169310512021184,0.53181124,0.24783166,0,6
2024-04-04 14:20:00,0.62777656,1,1,0.0023040303,0.0023040303494781256,0.629223,0.27686092,0,6
2024-04-04 14:25:00,0.5016215,1,1,0.0030598745,0.0030598745215684175,0.50315636,0.42797956,0,6
2024-04-04 14:30:00,0.5462457,1,1,0.0031453017,0.003145301714539528,0.5479638,0.3710055,0,6
2024-04-04 14:35:00,0.86913484,1,1,0.0035213798,0.0035213797818869352,0.87219536,0.82462984,1,6
2024-04-04 14:40:00,0.75377774,1,1,0.0034731897,0.0034731896594166756,0.75639576,0.8300557,1,6
2024-04-04 14:45:00,0.7650112,1,1,0.0022540067,0.0022540066856890917,0.76673555,0.82406706,1,6
2024-04-04 14:50:00,0.78357303,1,1,0.0038642192,0.00386421917937696,0.7866009,0.8218847,1,6
2024-04-04 14:55:00,0.7875472,1,1,0.0038619933,0.003861993318423629,0.7905887,0.89382744,1,6
2024-04-04 15:00:00,0.5561919,1,1,0.0037622643,0.003762264270335436,0.55828446,0.7632434,1,6
2024-04-04 15:05:00,0.72806096,1,1,0.0027014432,0.0027014431543648243,0.73002774,0.92418283,1,6
2024-04-04 15:10:00,0.6934203,1,1,0.0029556877,0.0029556876979768276,0.6954698,0.9461297,1,6
2024-04-04 15:15:00,0.6079678,1,1,0.003947025,0.003947025164961815,0.6103675,0.9166681,1,6
2024-04-04 15:20:00,0.7762733,1,1,0.0040584398,0.004058439750224352,0.7794238,0.9495868,1,6
2024-04-04 15:25:00,0.5354466,1,1,0.0036146564,0.0036146563943475485,0.53738207,0.7619155,1,6
2024-04-04 15:30:00,0.7665413,1,1,0.0041038077,0.004103807732462883,0.769687,0.89195883,1,6
2024-04-04 15:35:00,0.5771269,1,1,0.0039781486,0.003978148568421602,0.57942283,0.9098906,1,6
2024-04-04 15:40:00,0.759815,1,1,0.0039718505,0.003971850499510765,0.7628328,0.9162238,1,6
2024-04-04 15:45:00,0.72856444,1,1,0.0026676303,0.002667630324140191,0.730508,0.91446024,1,6
2024-04-04 15:50:00,0.6896684,1,1,0.0032835146,0.003283514641225338,0.6919329,0.8237228,1,6
2024-04-04 15:55:00,0.44546124,0,-1,0.0032282586,-0.0032282585743814707,0.44689932,0.7156071,-1,6
2024-04-05 09:30:00,0.4520794,0,-1,0.0016432083,-0.00164320832118392,0.45282224,0.34147513,0,6
2024-04-05 09:35:00,0.44090703,0,-1,0.0016726222,-0.0016726221656426787,0.4416445,0.55266356,-1,6
2024-04-05 09:40:00,0.5108564,1,1,0.002322369,0.002322369022294879,0.51204276,0.17638041,0,6
2024-04-05 09:45:00,0.37176484,0,-1,0.0020894306,-0.0020894305780529976,0.3725416,0.2907795,0,6
2024-04-05 09:50:00,0.34166655,0,-1,0.0024429795,-0.002442979486659169,0.34250122,0.4205393,0,6
2024-04-05 09:55:00,0.5217566,1,1,0.0017659124,0.0017659123986959457,0.522678,0.06723098,0,6
2024-04-05 10:00:00,0.5384146,1,1,0.0022056154,0.002205615397542715,0.5396021,0.27324852,0,6
2024-04-05 10:05:00,0.6484382,1,1,0.0025637946,0.002563794609159231,0.6501007,0.49996364,0,6
2024-04-05 10:10:00,0.5284122,1,1,0.002810121,0.0028101210482418537,0.52989715,0.11075311,0,6
2024-04-05 10:15:00,0.42599627,0,-1,0.0027457017,-0.0027457016985863447,0.42716596,0.4046494,0,6
2024-04-05 10:20:00,0.39874926,0,-1,0.0022139784,-0.0022139784414321184,0.39963207,0.47261,0,6
2024-04-05 10:25:00,0.6513771,1,1,0.003129389,0.003129388904199004,0.6534155,0.61235094,1,6
2024-04-05 10:30:00,0.41476554,0,-1,0.0030517997,-0.0030517997220158577,0.4160313,0.22335999,0,6
2024-04-05 10:35:00,0.35683125,0,-1,0.0029634119,-0.0029634118545800447,0.3578887,0.33133236,0,6
2024-04-05 10:40:00,0.34339842,0,-1,0.0019114378,-0.001911437837406993,0.3440548,0.29541263,0,6
2024-04-05 10:45:00,0.47405103,1,1,0.003121532,0.0031215320341289043,0.47553077,0.33407182,0,6
2024-04-05 10:50:00,0.58469033,1,1,0.003083438,0.0030834379140287638,0.5864932,0.36225554,0,6
2024-04-05 10:55:00,0.46303955,1,1,0.0032842471,0.003284247126430273,0.46456027,0.39160198,0,6
2024-04-05 11:00:00,0.5980112,1,1,0.003993995,0.003993995022028685,0.6003997,0.3096187,0,6
2024-04-05 11:05:00,0.52329683,1,1,0.0026570323,0.0026570323389023542,0.5246873,0.2246059,0,6
2024-04-05 11:10:00,0.48642725,1,1,0.0024999878,0.0024999878369271755,0.48764327,0.22940403,0,6
2024-04-05 11:15:00,0.5327516,1,1,0.0033279653,0.003327965270727873,0.5345246,0.25873753,0,6
2024-04-05 11:20:00,0.46621364,1,1,0.0016297334,0.001629733364097774,0.46697342,0.18528467,0,6
2024-04-05 11:25:00,0.62316614,1,1,0.0024353752,0.002435375237837434,0.62468374,0.44985446,0,6
2024-04-05 11:30:00,0.53545886,1,1,0.0022885953,0.0022885953076183796,0.5366843,0.21271689,0,6
2024-04-05 11:35:00,0.613649,1,1,0.0026485715,0.0026485715061426163,0.6152743,0.43253303,0,6
2024-04-05 11:40:00,0.50066257,1,1,0.0041608275,0.004160827491432428,0.50274575,0.39742717,0,6
2024-04-05 11:45:00,0.39022103,0,-1,0.0027038548,-0.002703854814171791,0.39127615,0.3538898,0,6
2024-04-05 11:50:00,0.3745005,0,-1,0.0023687454,-0.002368745394051075,0.37538758,0.2065034,0,6
2024-04-05 11:55:00,0.16138591,0,-1,0.0031559383,-0.0031559383496642113,0.16189523,0.2982314,0,6
2024-04-05 12:00:00,0.23401332,0,-1,0.0024994563,-0.0024994562845677137,0.23459822,0.7405913,-1,6
2024-04-05 12:05:00,0.12618905,0,-1,0.003216338,-0.00321633811108768,0.12659493,0.59874713,-1,6
2024-04-05 12:10:00,0.17914866,0,-1,0.0027104495,-0.0027104495093226433,0.17963423,0.7221062,-1,6
2024-04-05 12:15:00,0.15554541,0,-1,0.003025472,-0.003025471931323409,0.156016,0.6277943,-1,6
2024-04-05 12:20:00,0.13647805,0,-1,0.0024803686,-0.002480368595570326,0.13681658,0.53171986,-1,6
2024-04-05 12:25:00,0.4420186,0,-1,0.002531375,-0.0025313750375062227,0.44313753,0.21650453,0,6
2024-04-05 12:30:00,0.49669746,1,1,0.0041349693,0.00413496932014823,0.4987513,0.26560563,0,6
2024-04-05 12:35:00,0.40409356,0,-1,0.0025257056,-0.002525705611333251,0.40511417,0.16933066,0,6
2024-04-05 12:40:00,0.45683566,1,1,0.002452873,0.0024528729263693094,0.4579562,0.27207935,0,6
2024-04-05 12:45:00,0.44658977,0,-1,0.002193203,-0.0021932029630988836,0.44756922,0.25673398,0,6
2024-04-05 12:50:00,0.49976063,1,1,0.0025935345,0.0025935345329344273,0.5010568,0.108861245,0,6
2024-04-05 12:55:00,0.19146855,0,-1,0.003340487,-0.003340486902743578,0.19210815,0.5086169,-1,6
2024-04-05 13:00:00,0.4832389,1,1,0.0033071574,0.00330715742893517,0.48483703,0.2242503,0,6
2024-04-05 13:05:00,0.5458944,1,1,0.004102099,0.004102099221199751,0.54813373,0.22142182,0,6
2024-04-05 13:10:00,0.52163243,1,1,0.0030573932,0.0030573932453989983,0.5232273,0.16291986,0,6
2024-04-05 13:15:00,0.46124288,1,1,0.0016409954,0.0016409953823313117,0.4619998,0.18091823,0,6
2024-04-05 13:20:00,0.588866,1,1,0.0023273763,0.002327376278117299,0.5902365,0.20659776,0,6
2024-04-05 13:25:00,0.4858411,1,1,0.0014627929,0.0014627928612753749,0.4865518,0.10830603,0,6
2024-04-05 13:30:00,0.60253274,1,1,0.0020333258,0.002033325843513012,0.6037579,0.1338318,0,6
2024-04-05 13:35:00,0.4657955,1,1,0.0016652562,0.001665256218984723,0.46657115,0.113269515,0,6
2024-04-05 13:40:00,0.5366342,1,1,0.0026867746,0.002686774590983987,0.538076,0.07660514,0,6
2024-04-05 13:45:00,0.54071766,1,1,0.0018247328,0.0018247327534481883,0.54170436,0.07555426,0,6
2024-04-05 13:50:00,0.5295494,1,1,0.0018835069,0.0018835068913176656,0.53054684,0.1094283,0,6
2024-04-05 13:55:00,0.59485555,1,1,0.0028024937,0.0028024937491863966,0.5965226,0.2952247,0,6
2024-04-05 14:00:00,0.62217635,1,1,0.0026486088,0.002648608759045601,0.62382424,0.43662977,0,6
2024-04-05 14:05:00,0.66866434,1,1,0.0035440638,0.003544063773006201,0.67103416,0.39253867,0,6
2024-04-05 14:10:00,0.58284986,1,1,0.003258479,0.0032584790606051683,0.58474904,0.1846997,0,6
2024-04-05 14:15:00,0.48024845,1,1,0.001402516,0.0014025160344317555,0.48092198,0.09123583,0,6
2024-04-05 14:20:00,0.5036763,1,1,0.002538732,0.0025387320201843977,0.504955,0.07801121,0,6
2024-04-05 14:25:00,0.543795,1,1,0.001992676,0.001992675941437483,0.5448786,0.11938232,0,6
2024-04-05 14:30:00,0.7173021,1,1,0.0023543818,0.002354381838813424,0.71899086,0.1824723,0,6
2024-04-05 14:35:00,0.57711095,1,1,0.0023210668,0.002321066800504923,0.5784505,0.12134909,0,6
2024-04-05 14:40:00,0.4844749,1,1,0.0024750743,0.0024750742595642805,0.485674,0.07942863,0,6
2024-04-05 14:45:00,0.36851022,0,-1,0.0020135636,-0.002013563644140959,0.36925223,0.67892927,-1,6
2024-04-05 14:50:00,0.60608095,1,1,0.0015506042,0.0015506042400375009,0.60702074,0.52937645,1,6
2024-04-05 14:55:00,0.6088649,1,1,0.0023998544,0.002399854362010956,0.61032605,0.20972066,0,6
2024-04-05 15:00:00,0.511752,1,1,0.0018328999,0.001832899870350957,0.51268995,0.055431027,0,6
2024-04-05 15:05:00,0.5460596,1,1,0.0026884426,0.002688442589715123,0.5475276,0.08850033,0,6
2024-04-05 15:10:00,0.5067484,1,1,0.0016888113,0.0016888113459572196,0.5076042,0.050533697,0,6
2024-04-05 15:15:00,0.47524357,1,1,0.0014382377,0.001438237726688385,0.47592708,0.109169476,0,6
2024-04-05 15:20:00,0.50832486,1,1,0.0015755675,0.001575567526742816,0.50912577,0.13165736,0,6
2024-04-05 15:25:00,0.49714017,1,1,0.0015259044,0.00152590440120548,0.49789876,0.10578507,0,6
2024-04-05 15:30:00,0.48412243,1,1,0.0034277185,0.003427718533203006,0.48578188,0.24826376,0,6
2024-04-05 15:35:00,0.49786752,1,1,0.0031317938,0.003131793811917305,0.49942672,0.11609548,0,6
2024-04-05 15:40:00,0.46147335,1,1,0.0014673243,0.0014673243276774883,0.46215048,0.20936432,0,6
2024-04-05 15:45:00,0.43408063,0,-1,0.0030463035,-0.0030463035218417645,0.43540296,0.24505185,0,6
2024-04-05 15:50:00,0.4944366,1,1,0.0039227353,0.003922735340893269,0.49637613,0.20137173,0,6
2024-04-05 15:55:00,0.4447615,0,-1,0.0039038456,-0.0039038455579429865,0.4464978,0.074205734,0,6
2024-04-08 09:30:00,0.45108035,0,-1,0.0023008746,-0.002300874562934041,0.45211822,0.52295333,-1,6
2024-04-08 09:35:00,0.54565567,1,1,0.0033853385,0.003385338466614485,0.5475029,0.53807694,1,6
2024-04-08 09:40:00,0.49334016,1,1,0.0032117027,0.003211702685803175,0.49492463,0.1315618,0,6
2024-04-08 09:45:00,0.5674539,1,1,0.0018619656,0.0018619656329974532,0.5685105,0.5250859,1,6
2024-04-08 09:50:00,0.5808813,1,1,0.0016655915,0.0016655914951115847,0.5818488,0.54769146,1,6
2024-04-08 09:55:00,0.50284266,1,1,0.0013368593,0.001336859306320548,0.5035149,0.3208546,0,6
2024-04-08 10:00:00,0.59564465,1,1,0.0023955589,0.0023955588694661856,0.5970715,0.8678249,1,6
2024-04-08 10:05:00,0.5186597,1,1,0.002419297,0.002419296884909272,0.5199145,0.41030183,0,6
2024-04-08 10:10:00,0.4974964,1,1,0.0015066679,0.0015066679334267974,0.49824595,0.22831994,0,6
2024-04-08 10:15:00,0.5318522,1,1,0.0015179439,0.0015179439214989543,0.5326595,0.2475413,0,6
2024-04-08 10:20:00,0.4829667,1,1,0.0016830007,0.0016830007079988718,0.48377952,0.17072196,0,6
2024-04-08 10:25:00,0.50093955,1,1,0.002371216,0.002371215960010886,0.50212735,0.06526109,0,6
2024-04-08 10:30:00,0.58626634,1,1,0.0031696497,0.0031696497462689877,0.5881246,0.15503648,0,6
2024-04-08 10:35:00,0.46843487,1,1,0.0016326702,0.0016326701734215021,0.4691997,0.19963911,0,6
2024-04-08 10:40:00,0.47878593,1,1,0.0014323896,0.001432389602996409,0.47947174,0.1446517,0,6
2024-04-08 10:45:00,0.5096536,1,1,0.001484436,0.0014844359830021858,0.51041013,0.1331179,0,6
2024-04-08 10:50:00,0.38249055,0,-1,0.0016170938,-0.0016170938033610582,0.38310906,0.24262413,0,6
2024-04-08 10:55:00,0.55332863,1,1,0.0017458575,0.0017458575312048197,0.55429465,0.23453794,0,6
2024-04-08 11:00:00,0.54974705,1,1,0.003857249,0.003857248928397894,0.55186754,0.24521133,0,6
2024-04-08 11:05:00,0.5024041,1,1,0.0014284062,0.0014284062199294567,0.50312173,0.19459464,0,6
2024-04-08 11:10:00,0.5243109,1,1,0.0014808599,0.001480859937146306,0.5250873,0.26614118,0,6
2024-04-08 11:15:00,0.42505628,0,-1,0.0014084595,-0.0014084595022723079,0.42565495,0.33087534,0,6
2024-04-08 11:20:00,0.57598746,1,1,0.0015702568,0.001570256776176393,0.5768919,0.29963887,0,6
2024-04-08 11:25:00,0.52052754,1,1,0.0015977329,0.0015977328876033425,0.5213592,0.21823283,0,6
2024-04-08 11:30:00,0.49048844,1,1,0.0013761203,0.00137612025719136,0.49116343,0.25185618,0,6
2024-04-08 11:35:00,0.5746959,1,1,0.0030302887,0.0030302887316793203,0.5764374,0.62960476,1,6
2024-04-08 11:40:00,0.5355637,1,1,0.0009855638,0.0009855638490989804,0.53609157,0.5202485,1,6
2024-04-08 11:45:00,0.59620875,1,1,0.001706944,0.0017069439636543393,0.59722644,0.90781456,1,6
2024-04-08 11:50:00,0.66458255,1,1,0.0010930534,0.0010930533753708005,0.66530895,0.8355054,1,6
2024-04-08 11:55:00,0.565857,1,1,0.0010997449,0.0010997449280694127,0.56647927,0.8041348,1,6
2024-04-08 12:00:00,0.616237,1,1,0.0011986707,0.0011986707104369998,0.61697567,0.885319,1,6
2024-04-08 12:05:00,0.6529465,1,1,0.0011065585,0.0011065584840252995,0.65366894,0.86054003,1,6
2024-04-08 12:10:00,0.692967,1,1,0.001283253,0.0012832529610022902,0.6938563,0.910898,1,6
2024-04-08 12:15:00,0.68312216,1,1,0.0011676729,0.0011676729191094637,0.6839198,0.80626637,1,6
2024-04-08 12:20:00,0.6429394,1,1,0.0014474537,0.0014474537456408143,0.64387,0.92871714,1,6
2024-04-08 12:25:00,0.5860231,1,1,0.002094863,0.0020948629826307297,0.5872507,0.78819335,1,6
2024-04-08 12:30:00,0.49774194,1,1,0.0011663485,0.0011663484619930387,0.4983225,0.18642282,0,6
2024-04-08 12:35:00,0.5751286,1,1,0.0010190507,0.0010190507164224982,0.57571465,0.79481035,1,6
2024-04-08 12:40:00,0.59520227,1,1,0.0014129642,0.0014129641931504011,0.5960433,0.19297738,0,6
2024-04-08 12:45:00,0.54438007,1,1,0.0011185579,0.001118557876907289,0.544989,0.19851731,0,6
2024-04-08 12:50:00,0.63319755,1,1,0.0010619742,0.0010619742097333074,0.63386995,0.45060846,0,6
2024-04-08 12:55:00,0.4727833,1,1,0.0017476301,0.0017476300708949566,0.47360954,0.046953034,0,6
2024-04-08 13:00:00,0.530984,1,1,0.0010869302,0.0010869301622733474,0.53156114,0.09411063,0,6
2024-04-08 13:05:00,0.51769733,1,1,0.0011562738,0.0011562737636268139,0.51829594,0.29598787,0,6
2024-04-08 13:10:00,0.53686196,1,1,0.0012486167,0.0012486167252063751,0.53753227,0.33094847,0,6
2024-04-08 13:15:00,0.47697988,1,1,0.0015950621,0.001595062087289989,0.47774068,0.26021987,0,6
2024-04-08 13:20:00,0.562851,1,1,0.0012281403,0.0012281403178349137,0.56354225,0.5776302,1,6
2024-04-08 13:25:00,0.6103355,1,1,0.0012841653,0.001284165307879448,0.6111193,0.64735687,1,6
2024-04-08 13:30:00,0.58419126,1,1,0.0011966799,0.0011966798920184374,0.5848903,0.7878463,1,6
2024-04-08 13:35:00,0.5417391,1,1,0.0012228681,0.0012228681007400155,0.54240155,0.39733908,0,6
2024-04-08 13:40:00,0.58265513,1,1,0.0012131486,0.0012131485855206847,0.583362,0.76254064,1,6
2024-04-08 13:45:00,0.5402008,1,1,0.0009657398,0.0009657397749833763,0.5407225,0.7104163,1,6
2024-04-08 13:50:00,0.57013583,1,1,0.0011711789,0.0011711788829416037,0.5708036,0.7724418,1,6
2024-04-08 13:55:00,0.5204879,1,1,0.0013501324,0.001350132399238646,0.52119064,0.0968186,0,6
2024-04-08 14:00:00,0.571539,1,1,0.00150265,0.0015026499750092626,0.57239777,0.51832676,1,6
2024-04-08 14:05:00,0.4594404,1,1,0.002421854,0.0024218540638685226,0.4605531,0.10153538,0,6
2024-04-08 14:10:00,0.5314237,1,1,0.0011525123,0.0011525122681632638,0.5320362,0.3163546,0,6
2024-04-08 14:15:00,0.6185703,1,1,0.0011437138,0.0011437138309702277,0.6192778,0.6427819,1,6
2024-04-08 14:20:00,0.5387519,1,1,0.0011135327,0.0011135326931253076,0.5393518,0.2903507,0,6
2024-04-08 14:25:00,0.55697614,1,1,0.0012084433,0.0012084433110430837,0.5576492,0.34917185,0,6
2024-04-08 14:30:00,0.49539074,1,1,0.0010779598,0.001077959779649973,0.49592477,0.37128887,0,6
2024-04-08 14:35:00,0.5243461,1,1,0.000977122,0.0009771219920367002,0.5248585,0.6271026,1,6
2024-04-08 14:40:00,0.5216402,1,1,0.0009839203,0.0009839202975854278,0.52215344,0.78753185,1,6
2024-04-08 14:45:00,0.49781165,1,1,0.0012172558,0.0012172558344900608,0.49841762,0.26412702,0,6
2024-04-08 14:50:00,0.5185836,1,1,0.0010707384,0.0010707384208217263,0.5191389,0.23598634,0,6
2024-04-08 14:55:00,0.6085121,1,1,0.001203957,0.001203957013785839,0.60924476,0.3841,0,6
2024-04-08 15:00:00,0.520887,1,1,0.0011177898,0.001117789768613875,0.5214693,0.22573304,0,6
2024-04-08 15:05:00,0.54505944,1,1,0.0013309167,0.0013309166533872485,0.5457849,0.24217011,0,6
2024-04-08 15:10:00,0.5017315,1,1,0.0010993792,0.0010993791511282325,0.5022831,0.2567455,0,6
2024-04-08 15:15:00,0.5299418,1,1,0.0010863829,0.001086382893845439,0.5305175,0.40872958,0,6
2024-04-08 15:20:00,0.5390735,1,1,0.001384974,0.0013849739916622639,0.53982013,0.40605652,0,6
2024-04-08 15:25:00,0.54733,1,1,0.0012793095,0.0012793095083907247,0.54803026,0.12971838,0,6
2024-04-08 15:30:00,0.51010746,1,1,0.0017039662,0.0017039661761373281,0.5109767,0.059470404,0,6
2024-04-08 15:35:00,0.53588134,1,1,0.0024566986,0.002456698566675186,0.5371978,0.24874088,0,6
2024-04-08 15:40:00,0.5982187,1,1,0.0025462369,0.002546236850321293,0.5997419,0.9321264,1,6
2024-04-08 15:45:00,0.52756566,1,1,0.001512389,0.0015123890480026603,0.5283635,0.48586327,0,6
2024-04-08 15:50:00,0.62922376,1,1,0.003198138,0.0031981379725039005,0.63123614,0.9003139,1,6
2024-04-08 15:55:00,0.6158827,1,1,0.0032510555,0.0032510554883629084,0.617885,0.8701734,1,6
2024-04-09 09:30:00,0.32287794,0,-1,0.0029709132,-0.002970913192257285,0.3238372,0.85125524,-1,6
2024-04-09 09:35:00,0.44139853,0,-1,0.0033195673,-0.0033195673022419214,0.4428638,0.20928386,0,6
2024-04-09 09:40:00,0.5524323,1,1,0.002542787,0.0025427869986742735,0.553837,0.46569,0,6
2024-04-09 09:45:00,0.51557404,1,1,0.0032982514,0.003298251423984766,0.51727456,0.85017586,1,6
2024-04-09 09:50:00,0.6584813,1,1,0.0023487671,0.002348767127841711,0.6600279,0.93118644,1,6
2024-04-09 09:55:00,0.64921576,1,1,0.0017098235,0.0017098234966397285,0.6503258,0.9107365,1,6
2024-04-09 10:00:00,0.66979665,1,1,0.002186998,0.002186998026445508,0.6712615,0.7776789,1,6
2024-04-09 10:05:00,0.62370694,1,1,0.0014179905,0.0014179905410856009,0.62459135,0.87057555,1,6
2024-04-09 10:10:00,0.52177924,1,1,0.0014609603,0.0014609602512791753,0.5225415,0.52580214,1,6
2024-04-09 10:15:00,0.5457523,1,1,0.0014436409,0.0014436409110203385,0.54654014,0.39143145,0,6
2024-04-09 10:20:00,0.43607652,0,-1,0.0011109719,-0.0011109719052910805,0.43656102,0.6906865,-1,6
2024-04-09 10:25:00,0.58972573,1,1,0.0025209251,0.0025209251325577497,0.5912124,0.96651936,1,6
2024-04-09 10:30:00,0.49924403,1,1,0.0019742292,0.001974229235202074,0.50022966,0.77989984,1,6
2024-04-09 10:35:00,0.53477836,1,1,0.003458808,0.0034588079433888197,0.53662807,0.8822853,1,6
2024-04-09 10:40:00,0.5845286,1,1,0.0040148487,0.004014848731458187,0.58687544,0.9207358,1,6
2024-04-09 10:45:00,0.6471635,1,1,0.003451788,0.0034517880994826555,0.64939743,0.91916937,1,6
2024-04-09 10:50:00,0.74017704,1,1,0.0044597164,0.004459716379642487,0.74347806,0.94408256,1,6
2024-04-09 10:55:00,0.7262971,1,1,0.0023328073,0.0023328072857111692,0.7279914,0.96054316,1,6
2024-04-09 11:00:00,0.7366594,1,1,0.0023266347,0.0023266347125172615,0.73837334,0.96039265,1,6
2024-04-09 11:05:00,0.513052,1,1,0.0029623006,0.002962300553917885,0.51457185,0.7508576,1,6
2024-04-09 11:10:00,0.61998105,1,1,0.0022334023,0.0022334023378789425,0.6213657,0.953174,1,6
2024-04-09 11:15:00,0.41146967,0,-1,0.002517835,-0.0025178350042551756,0.4125057,0.83541113,-1,6
2024-04-09 11:20:00,0.5417518,1,1,0.0018539651,0.001853965106420219,0.5427562,0.8170096,1,6
2024-04-09 11:25:00,0.5553156,1,1,0.0025797817,0.0025797816924750805,0.5567482,0.8488444,1,6
2024-04-09 11:30:00,0.62454784,1,1,0.0023652082,0.0023652082309126854,0.626025,0.92795146,1,6
2024-04-09 11:35:00,0.5125421,1,1,0.0026165124,0.002616512356325984,0.51388323,0.7807471,1,6
2024-04-09 11:40:00,0.4840352,1,1,0.0030734795,0.003073479514569044,0.48552287,0.7542945,1,6
2024-04-09 11:45:00,0.4369296,0,-1,0.0017871668,-0.0017871668096631765,0.4377105,0.38116676,0,6
2024-04-09 11:50:00,0.40924576,0,-1,0.0022784767,-0.002278476720675826,0.4101782,0.57959217,-1,6
2024-04-09 11:55:00,0.3953796,0,-1,0.0014498589,-0.0014498588861897588,0.39595282,0.6058011,-1,6
2024-04-09 12:00:00,0.4759576,1,1,0.0031431923,0.003143192268908024,0.47745362,0.21436924,0,6
2024-04-09 12:05:00,0.48670354,1,1,0.001774192,0.0017741919727995992,0.48756704,0.33052373,0,6
2024-04-09 12:10:00,0.47292674,1,1,0.002835981,0.0028359810821712017,0.47426796,0.13755597,0,6
2024-04-09 12:15:00,0.5195645,1,1,0.001492776,0.0014927759766578674,0.5203401,0.24410091,0,6
2024-04-09 12:20:00,0.4231394,0,-1,0.0012483649,-0.0012483649188652635,0.4236676,0.52725446,-1,6
2024-04-09 12:25:00,0.4800705,1,1,0.001261828,0.001261828001588583,0.48067626,0.41484737,0,6
2024-04-09 12:30:00,0.5082558,1,1,0.0015061075,0.0015061075100675225,0.5090213,0.18546928,0,6
2024-04-09 12:35:00,0.4375379,0,-1,0.0012170532,-0.0012170531554147601,0.4380704,0.4185761,0,6
2024-04-09 12:40:00,0.3925389,0,-1,0.0014593222,-0.0014593221712857485,0.39311177,0.5051937,-1,6
2024-04-09 12:45:00,0.42629898,0,-1,0.0015080094,-0.0015080093871802092,0.42694184,0.37875676,0,6
2024-04-09 12:50:00,0.45837924,1,1,0.0025740233,0.002574023324996233,0.45955908,0.85351115,1,6
2024-04-09 12:55:00,0.46554062,1,1,0.001572731,0.0015727309510111809,0.4662728,0.7617344,1,6
2024-04-09 13:00:00,0.49938646,1,1,0.0025105255,0.002510525519028306,0.5006402,0.19458641,0,6
2024-04-09 13:05:00,0.43421525,0,-1,0.0015109566,-0.0015109565574675798,0.43487135,0.46816245,0,6
2024-04-09 13:10:00,0.5542995,1,1,0.0012884034,0.0012884034076705575,0.55501366,0.20285888,0,6
2024-04-09 13:15:00,0.5359935,1,1,0.0015000727,0.001500072656199336,0.5367976,0.17519517,0,6
2024-04-09 13:20:00,0.5073007,1,1,0.0013453958,0.0013453958090394735,0.5079832,0.2178217,0,6
2024-04-09 13:25:00,0.48444438,1,1,0.0011597676,0.0011597676202654839,0.48500624,0.30969378,0,6
2024-04-09 13:30:00,0.504133,1,1,0.0011582497,0.0011582496808841825,0.5047169,0.37947166,0,6
2024-04-09 13:35:00,0.5229726,1,1,0.001404038,0.0014040380483493209,0.52370685,0.22316106,0,6
2024-04-09 13:40:00,0.4594096,1,1,0.002259986,0.0022599860094487667,0.46044785,0.4347792,0,6
2024-04-09 13:45:00,0.5255736,1,1,0.001148071,0.0011480710236355662,0.52617705,0.50983405,1,6
2024-04-09 13:50:00,0.4891002,1,1,0.0011292837,0.0011292836861684918,0.4896525,0.26838338,0,6
2024-04-09 13:55:00,0.5934016,1,1,0.0010786057,0.0010786056518554688,0.59404165,0.9059149,1,6
2024-04-09 14:00:00,0.60433364,1,1,0.0010369774,0.001036977395415306,0.6049603,0.8329512,1,6
2024-04-09 14:05:00,0.51056314,1,1,0.0012905645,0.0012905645417049527,0.51122206,0.26272452,0,6
2024-04-09 14:10:00,0.57408375,1,1,0.0010915264,0.0010915263555943966,0.57471037,0.7168122,1,6
2024-04-09 14:15:00,0.50032544,1,1,0.0012731634,0.0012731633614748716,0.50096244,0.15384434,0,6
2024-04-09 14:20:00,0.53135896,1,1,0.002003827,0.0020038268994539976,0.5324237,0.42709175,0,6
2024-04-09 14:25:00,0.64012516,1,1,0.0020825956,0.0020825956016778946,0.6414583,0.8864329,1,6
2024-04-09 14:30:00,0.56062233,1,1,0.0009938553,0.0009938552975654602,0.5611795,0.7466642,1,6
2024-04-09 14:35:00,0.6535248,1,1,0.0010367562,0.001036756206303835,0.65420234,0.89204365,1,6
2024-04-09 14:40:00,0.69215405,1,1,0.0011255504,0.0011255503632128239,0.69293314,0.9031962,1,6
2024-04-09 14:45:00,0.66863227,1,1,0.0012095959,0.0012095959391444921,0.66944104,0.89998144,1,6
2024-04-09 14:50:00,0.5338346,1,1,0.0017079043,0.0017079042736440897,0.5347463,0.51138085,1,6
2024-04-09 14:55:00,0.63089323,1,1,0.000851702,0.0008517020032741129,0.63143057,0.8389811,1,6
2024-04-09 15:00:00,0.64934474,1,1,0.0009893593,0.000989359337836504,0.64998716,0.9052167,1,6
2024-04-09 15:05:00,0.70359224,1,1,0.0015662805,0.0015662804944440722,0.7046943,0.94572735,1,6
2024-04-09 15:10:00,0.61009276,1,1,0.0016506937,0.00165069370996207,0.61109984,0.9450153,1,6
2024-04-09 15:15:00,0.54212564,1,1,0.002160923,0.0021609230898320675,0.5432971,0.66875064,1,6
2024-04-09 15:20:00,0.5306848,1,1,0.0032477556,0.003247755579650402,0.53240836,0.19274917,0,6
2024-04-09 15:25:00,0.669858,1,1,0.003861765,0.0038617649115622044,0.6724448,0.72604156,1,6
2024-04-09 15:30:00,0.5080786,1,1,0.0037131794,0.0037131793797016144,0.5099651,0.1763656,0,6
2024-04-09 15:35:00,0.5376373,1,1,0.003730363,0.003730362979695201,0.53964293,0.049467124,0,6
2024-04-09 15:40:00,0.5186356,1,1,0.0037761084,0.003776108380407095,0.520594,0.07426464,0,6
2024-04-09 15:45:00,0.5106934,1,1,0.0024454782,0.0024454782251268625,0.51194227,0.11193978,0,6
2024-04-09 15:50:00,0.5476297,1,1,0.0029261254,0.0029261254239827394,0.5492321,0.058846645,0,6
2024-04-09 15:55:00,0.6723177,1,1,0.003530107,0.0035301069729030132,0.6746911,0.753869,1,6
2024-04-10 09:30:00,0.57248557,1,1,0.0028135257,0.0028135257307440042,0.5740963,0.5669661,1,6
2024-04-10 09:35:00,0.5754827,1,1,0.0032679418,0.003267941763624549,0.5773633,0.5979538,1,6
2024-04-10 09:40:00,0.63889086,1,1,0.003353829,0.0033538290299475193,0.6410336,0.53156215,1,6
2024-04-10 09:45:00,0.7319704,1,1,0.003195684,0.0031956839375197887,0.73430955,0.9288355,1,6
2024-04-10 09:50:00,0.7314965,1,1,0.0031460437,0.0031460437458008528,0.73379785,0.6117759,1,6
2024-04-10 09:55:00,0.5901965,1,1,0.002644589,0.002644588937982917,0.5917573,0.29405478,0,6
2024-04-10 10:00:00,0.50011396,1,1,0.0027770263,0.002777026267722249,0.50150275,0.12979752,0,6
2024-04-10 10:05:00,0.57032317,1,1,0.0031158398,0.0031158397905528545,0.5721002,0.45719957,0,6
2024-04-10 10:10:00,0.45100728,0,-1,0.002275791,-0.0022757910192012787,0.4520337,0.16261284,0,6
2024-04-10 10:15:00,0.5649661,1,1,0.0031559377,0.0031559376511722803,0.5667491,0.2766519,0,6
2024-04-10 10:20:00,0.4299461,0,-1,0.001689395,-0.0016893950523808599,0.43067247,0.24754693,0,6
2024-04-10 10:25:00,0.3732644,0,-1,0.0025547151,-0.002554715145379305,0.37421802,0.27078152,0,6
2024-04-10 10:30:00,0.43416798,0,-1,0.0022826383,-0.0022826383356004953,0.43515903,0.43128115,0,6
2024-04-10 10:35:00,0.5672012,1,1,0.002482674,0.0024826740846037865,0.56860936,0.52862126,1,6
2024-04-10 10:40:00,0.5204654,1,1,0.0025497715,0.0025497714523226023,0.5217924,0.28536454,0,6
2024-04-10 10:45:00,0.49147353,1,1,0.0021553012,0.002155301161110401,0.4925328,0.30986223,0,6
2024-04-10 10:50:00,0.5562102,1,1,0.0019137366,0.0019137365743517876,0.5572747,0.4331946,0,6
2024-04-10 10:55:00,0.50269955,1,1,0.0023840955,0.0023840954527258873,0.503898,0.36578542,0,6
2024-04-10 11:00:00,0.5545765,1,1,0.0018950368,0.001895036781206727,0.55562747,0.8914583,1,6
2024-04-10 11:05:00,0.43527266,0,-1,0.0017475911,-0.0017475910717621446,0.43603334,0.66561824,-1,6
2024-04-10 11:10:00,0.5452894,1,1,0.0019706553,0.001970655284821987,0.54636395,0.88916135,1,6
2024-04-10 11:15:00,0.5977636,1,1,0.0019020454,0.0019020454492419958,0.5989006,0.94875014,1,6
2024-04-10 11:20:00,0.49269295,1,1,0.0012916998,0.001291699823923409,0.49332938,0.7314621,1,6
2024-04-10 11:25:00,0.3970112,0,-1,0.0018649113,-0.0018649112898856401,0.39775157,0.6175848,-1,6
2024-04-10 11:30:00,0.42281342,0,-1,0.0014974645,-0.0014974644873291254,0.4234466,0.45326504,0,6
2024-04-10 11:35:00,0.5284251,1,1,0.0014962646,0.0014962645946070552,0.5292158,0.67481786,1,6
2024-04-10 11:40:00,0.5870803,1,1,0.0016226635,0.0016226634616032243,0.58803296,0.9410192,1,6
2024-04-10 11:45:00,0.55836236,1,1,0.001246776,0.0012467759661376476,0.55905855,0.81076056,1,6
2024-04-10 11:50:00,0.5394925,1,1,0.0011542167,0.001154216704890132,0.5401152,0.6823567,1,6
2024-04-10 11:55:00,0.5601979,1,1,0.0013032331,0.0013032330898568034,0.5609279,0.7637116,1,6
2024-04-10 12:00:00,0.5074057,1,1,0.0015762417,0.0015762416878715158,0.5082055,0.5523475,1,6
2024-04-10 12:05:00,0.5318441,1,1,0.0015682754,0.0015682753873988986,0.5326782,0.6362472,1,6
2024-04-10 12:10:00,0.6132453,1,1,0.0017090547,0.0017090546898543835,0.6142934,0.94098234,1,6
2024-04-10 12:15:00,0.69508916,1,1,0.002656115,0.002656114986166358,0.6969354,0.9665012,1,6
2024-04-10 12:20:00,0.5714673,1,1,0.0019764877,0.0019764876924455166,0.5725968,0.8802997,1,6
2024-04-10 12:25:00,0.55045533,1,1,0.0016029981,0.0016029981197789311,0.5513377,0.6864966,1,6
2024-04-10 12:30:00,0.58098435,1,1,0.0015870932,0.0015870932256802917,0.58190644,0.93418205,1,6
2024-04-10 12:35:00,0.48537993,1,1,0.0016973242,0.0016973242163658142,0.48620376,0.38122582,0,6
2024-04-10 12:40:00,0.66868573,1,1,0.0014950231,0.0014950231416150928,0.6696854,0.93942493,1,6
2024-04-10 12:45:00,0.5544983,1,1,0.0013660025,0.0013660024851560593,0.5552558,0.6047835,1,6
2024-04-10 12:50:00,0.4571593,1,1,0.0014889042,0.0014889042358845472,0.45784,0.26145977,0,6
2024-04-10 12:55:00,0.60006046,1,1,0.0021824734,0.0021824734285473824,0.6013701,0.25547037,0,6
2024-04-10 13:00:00,0.5960573,1,1,0.0022508765,0.002250876510515809,0.597399,0.975795,1,6
2024-04-10 13:05:00,0.6388341,1,1,0.0026269828,0.0026269827503710985,0.64051235,0.9771055,1,6
2024-04-10 13:10:00,0.55435693,1,1,0.002556992,0.002556991996243596,0.55577445,0.8932422,1,6
2024-04-10 13:15:00,0.6056843,1,1,0.0025663767,0.0025663767009973526,0.60723865,0.8575343,1,6
2024-04-10 13:20:00,0.6346373,1,1,0.0029842611,0.002984261140227318,0.63653123,0.37874687,0,6
2024-04-10 13:25:00,0.5006825,1,1,0.0028054654,0.002805465366691351,0.5020871,0.22789386,0,6
2024-04-10 13:30:00,0.8037109,1,1,0.0030884922,0.003088492201641202,0.8061931,0.78650993,1,6
2024-04-10 13:35:00,0.5927046,1,1,0.002872694,0.0028726940508931875,0.59440726,0.9794773,1,6
2024-04-10 13:40:00,0.54269135,1,1,0.0029528297,0.0029528297018259764,0.5442938,0.9141053,1,6
2024-04-10 13:45:00,0.48105544,1,1,0.0025578449,0.0025578448548913,0.48228592,0.5847698,1,6
2024-04-10 13:50:00,0.5646426,1,1,0.0018439953,0.0018439952982589602,0.56568384,0.6593112,1,6
2024-04-10 13:55:00,0.71145195,1,1,0.0032707606,0.0032707606442272663,0.7137789,0.37667978,0,6
2024-04-10 14:00:00,0.6534877,1,1,0.0028077245,0.0028077245224267244,0.6553225,0.43545443,0,6
2024-04-10 14:05:00,0.51447636,1,1,0.0021549049,0.0021549048833549023,0.515585,0.11481834,0,6
2024-04-10 14:10:00,0.52156156,1,1,0.002172451,0.002172451000660658,0.52269465,0.08405761,0,6
2024-04-10 14:15:00,0.7481081,1,1,0.0024197255,0.002419725526124239,0.7499183,0.65573,1,6
2024-04-10 14:20:00,0.7576921,1,1,0.0026706986,0.0026706985663622618,0.7597156,0.8691198,1,6
2024-04-10 14:25:00,0.62644506,1,1,0.0023249458,0.0023249457590281963,0.6279015,0.811493,1,6
2024-04-10 14:30:00,0.5985233,1,1,0.0020360898,0.002036089776083827,0.599742,0.8007837,1,6
2024-04-10 14:35:00,0.49402687,1,1,0.002268146,0.002268146025016904,0.4951474,0.31888086,0,6
2024-04-10 14:40:00,0.51928574,1,1,0.0018227146,0.0018227145774289966,0.52023226,0.24785656,0,6
2024-04-10 14:45:00,0.4933325,1,1,0.0017300006,0.0017300006002187729,0.49418595,0.14190082,0,6
2024-04-10 14:50:00,0.48192897,1,1,0.0020001987,0.0020001986995339394,0.48289293,0.66707313,1,6
2024-04-10 14:55:00,0.374662,0,-1,0.0020533968,-0.00205339677631855,0.37543133,0.9170649,-1,6
2024-04-10 15:00:00,0.60737354,1,1,0.002990233,0.002990233013406396,0.60918975,0.9755146,1,6
2024-04-10 15:05:00,0.39455897,0,-1,0.002134414,-0.0021344139240682125,0.39540112,0.7729744,-1,6
2024-04-10 15:10:00,0.42136836,0,-1,0.0023665207,-0.0023665206972509623,0.42236555,0.4341417,0,6
2024-04-10 15:15:00,0.5009119,1,1,0.0028642407,0.0028642406687140465,0.50234663,0.061309133,0,6
2024-04-10 15:20:00,0.50844127,1,1,0.002357766,0.002357766032218933,0.50964004,0.10294166,0,6
2024-04-10 15:25:00,0.5591686,1,1,0.0023486216,0.0023486216086894274,0.56048185,0.11459223,0,6
2024-04-10 15:30:00,0.5767289,1,1,0.0025661115,0.002566111506894231,0.5782088,0.60587114,1,6
2024-04-10 15:35:00,0.46714392,1,1,0.0021442855,0.0021442854776978493,0.46814564,0.74056625,1,6
2024-04-10 15:40:00,0.60737395,1,1,0.0027896794,0.0027896794490516186,0.6090684,0.3714948,0,6
2024-04-10 15:45:00,0.4851782,1,1,0.0026563264,0.0026563263963907957,0.486467,0.10142453,0,6
2024-04-10 15:50:00,0.45454136,0,-1,0.0028959962,-0.002895996207371354,0.4558577,0.28379154,0,6
2024-04-10 15:55:00,0.48701367,1,1,0.0031766207,0.0031766206957399845,0.4885607,0.1889766,0,6
2024-04-11 09:30:00,0.51437294,1,1,0.0030972394,0.003097239416092634,0.5159661,0.48729694,0,6
2024-04-11 09:35:00,0.47173086,1,1,0.0025400338,0.0025400337763130665,0.47292906,0.68049127,1,6
2024-04-11 09:40:00,0.6131737,1,1,0.0026976948,0.0026976948138326406,0.6148279,0.88246757,1,6
2024-04-11 09:45:00,0.6009654,1,1,0.0024142445,0.0024142444599419832,0.6024163,0.83541715,1,6
2024-04-11 09:50:00,0.5263394,1,1,0.0021022144,0.002102214377373457,0.5274459,0.57586724,1,6
2024-04-11 09:55:00,0.5267727,1,1,0.0021058647,0.0021058646962046623,0.527882,0.68025666,1,6
2024-04-11 10:00:00,0.61544114,1,1,0.0024638455,0.0024638455361127853,0.6169575,0.93915516,1,6
2024-04-11 10:05:00,0.6239955,1,1,0.0025075872,0.002507587196305394,0.62556016,0.9742576,1,6
2024-04-11 10:10:00,0.57024324,1,1,0.002568975,0.00256897509098053,0.57170814,0.9764415,1,6
2024-04-11 10:15:00,0.4936773,1,1,0.0024595493,0.002459549345076084,0.4948915,0.8952561,1,6
2024-04-11 10:20:00,0.5360353,1,1,0.0026132548,0.0026132548227906227,0.5374361,0.8783861,1,6
2024-04-11 10:25:00,0.5884616,1,1,0.0025343578,0.0025343578308820724,0.58995295,0.97087866,1,6
2024-04-11 10:30:00,0.5196094,1,1,0.0022953243,0.00229532434605062,0.5208021,0.8220885,1,6
2024-04-11 10:35:00,0.5140513,1,1,0.0019766446,0.0019766446202993393,0.5150674,0.32832804,0,6
2024-04-11 10:40:00,0.4983674,1,1,0.0015170682,0.001517068245448172,0.49912345,0.2422673,0,6
2024-04-11 10:45:00,0.53221905,1,1,0.0016423578,0.0016423577908426523,0.53309315,0.29565853,0,6
2024-04-11 10:50:00,0.49021128,1,1,0.0015936824,0.001593682449311018,0.49099255,0.31895643,0,6
2024-04-11 10:55:00,0.4921247,1,1,0.001804829,0.0018048289930447936,0.4930129,0.3680271,0,6
2024-04-11 11:00:00,0.53227407,1,1,0.002399614,0.002399614080786705,0.5335513,0.12496451,0,6
2024-04-11 11:05:00,0.5247898,1,1,0.0020818792,0.0020818791817873716,0.52588236,0.32573596,0,6
2024-04-11 11:10:00,0.4993396,1,1,0.0016401862,0.0016401861794292927,0.5001586,0.50204855,1,6
2024-04-11 11:15:00,0.5325345,1,1,0.0021263103,0.0021263102535158396,0.53366685,0.26183993,0,6
2024-04-11 11:20:00,0.54644185,1,1,0.00202106,0.0020210600923746824,0.54754627,0.21904871,0,6
2024-04-11 11:25:00,0.517754,1,1,0.0018368621,0.0018368620658293366,0.51870507,0.65627253,1,6
2024-04-11 11:30:00,0.54425955,1,1,0.0021790967,0.0021790966857224703,0.54544556,0.2459966,0,6
2024-04-11 11:35:00,0.5075472,1,1,0.0017875292,0.0017875292105600238,0.50845444,0.100523785,0,6
2024-04-11 11:40:00,0.54156363,1,1,0.0023084308,0.0023084308486431837,0.54281384,0.28404978,0,6
2024-04-11 11:45:00,0.48188168,1,1,0.0023011703,0.0023011702578514814,0.4829906,0.09922248,0,6
2024-04-11 11:50:00,0.4974469,1,1,0.0017755978,0.0017755978042259812,0.49833018,0.12875564,0,6
2024-04-11 11:55:00,0.45400015,0,-1,0.002163402,-0.0021634020376950502,0.45498234,0.27552703,0,6
2024-04-11 12:00:00,0.5192051,1,1,0.0023826452,0.0023826451506465673,0.5204422,0.24762459,0,6
2024-04-11 12:05:00,0.5568367,1,1,0.0017769097,0.001776909688487649,0.55782616,0.29004738,0,6
2024-04-11 12:10:00,0.4947182,1,1,0.0016127711,0.0016127710696309805,0.49551606,0.18656085,0,6
2024-04-11 12:15:00,0.47708583,1,1,0.001293035,0.001293034991249442,0.47770274,0.31724098,0,6
2024-04-11 12:20:00,0.47981855,1,1,0.001393747,0.0013937470503151417,0.48048732,0.22403383,0,6
2024-04-11 12:25:00,0.5687797,1,1,0.0024025715,0.0024025714956223965,0.5701462,0.39055663,0,6
2024-04-11 12:30:00,0.44982064,0,-1,0.0014367497,-0.0014367497060447931,0.4504669,0.24768823,0,6
2024-04-11 12:35:00,0.46359956,1,1,0.0015841986,0.001584198558703065,0.46433398,0.24247974,0,6
2024-04-11 12:40:00,0.52257836,1,1,0.0016138741,0.0016138741048052907,0.5234217,0.20773727,0,6
2024-04-11 12:45:00,0.44739878,0,-1,0.0014473341,-0.0014473340706899762,0.4480463,0.16488306,0,6
2024-04-11 12:50:00,0.4442882,0,-1,0.0014885266,-0.0014885265845805407,0.44494954,0.22361855,0,6
2024-04-11 12:55:00,0.55919534,1,1,0.0015993876,0.0015993876149877906,0.5600897,0.28167263,0,6
2024-04-11 13:00:00,0.63552314,1,1,0.0024773476,0.002477347617968917,0.63709754,0.51359594,1,6
2024-04-11 13:05:00,0.3586608,0,-1,0.0017897172,-0.001789717236533761,0.35930267,0.2967054,0,6
2024-04-11 13:10:00,0.33131707,0,-1,0.0017842666,-0.0017842665547505021,0.33190826,0.67719066,-1,6
2024-04-11 13:15:00,0.14976443,0,-1,0.002125542,-0.002125541912391782,0.15008275,0.5873773,-1,6
2024-04-11 13:20:00,0.13562402,0,-1,0.0017129022,-0.0017129022162407637,0.13585633,0.63051724,-1,6
2024-04-11 13:25:00,0.15998137,0,-1,0.0016847617,-0.0016847617225721478,0.1602509,0.6886499,-1,6
2024-04-11 13:30:00,0.25727206,0,-1,0.0015856777,-0.001585677731782198,0.25768003,0.78215235,-1,6
2024-04-11 13:35:00,0.44914773,0,-1,0.0021975238,-0.002197523834183812,0.45013472,0.34148034,0,6
2024-04-11 13:40:00,0.17579791,0,-1,0.0022969982,-0.0022969981655478477,0.17620173,0.413907,0,6
2024-04-11 13:45:00,0.20993458,0,-1,0.002136292,-0.0021362919360399246,0.21038307,0.5733221,-1,6
2024-04-11 13:50:00,0.17462909,0,-1,0.0019328479,-0.0019328478956595063,0.17496662,0.7504067,-1,6
2024-04-11 13:55:00,0.2045968,0,-1,0.0017154954,-0.0017154953675344586,0.2049478,0.7324777,-1,6
2024-04-11 14:00:00,0.12107074,0,-1,0.0027910743,-0.002791074337437749,0.121408656,0.37564978,0,6
2024-04-11 14:05:00,0.13144723,0,-1,0.0026052315,-0.0026052314788103104,0.13178967,0.5403042,-1,6
2024-04-11 14:10:00,0.26376864,0,-1,0.002645848,-0.002645848086103797,0.26446652,0.63155466,-1,6
2024-04-11 14:15:00,0.17888935,0,-1,0.0020569465,-0.002056946512311697,0.17925732,0.7612108,-1,6
2024-04-11 14:20:00,0.220091,0,-1,0.0018356992,-0.0018356991931796074,0.22049502,0.6497979,-1,6
2024-04-11 14:25:00,0.12652802,0,-1,0.001986474,-0.0019864740315824747,0.12677938,0.70620036,-1,6
2024-04-11 14:30:00,0.15327078,0,-1,0.001996836,-0.0019968359265476465,0.15357685,0.5859817,-1,6
2024-04-11 14:35:00,0.14050679,0,-1,0.0018762838,-0.0018762837862595916,0.1407704,0.74480677,-1,6
2024-04-11 14:40:00,0.19544773,0,-1,0.0022851015,-0.0022851014509797096,0.19589435,0.72914684,-1,6
2024-04-11 14:45:00,0.25848612,0,-1,0.003068011,-0.0030680110212415457,0.25927916,0.49910194,0,6
2024-04-11 14:50:00,0.20445809,0,-1,0.003629284,-0.003629283979535103,0.20520014,0.38229063,0,6
2024-04-11 14:55:00,0.31624117,0,-1,0.0025943553,-0.002594355260953307,0.3170616,0.34436584,0,6
2024-04-11 15:00:00,0.3012411,0,-1,0.002982816,-0.0029828159604221582,0.30213967,0.51578707,-1,6
2024-04-11 15:05:00,0.25386766,0,-1,0.0026140756,-0.0026140755508095026,0.25453126,0.31891888,0,6
2024-04-11 15:10:00,0.34380326,0,-1,0.0028094603,-0.002809460274875164,0.34476915,0.28733152,0,6
2024-04-11 15:15:00,0.43474472,0,-1,0.0029988834,-0.002998883370310068,0.43604845,0.36231238,0,6
2024-04-11 15:20:00,0.28916445,0,-1,0.0025513854,-0.002551385434344411,0.28990224,0.19042301,0,6
2024-04-11 15:25:00,0.30313608,0,-1,0.0027186244,-0.0027186244260519743,0.30396017,0.5962344,-1,6
2024-04-11 15:30:00,0.312982,0,-1,0.002620947,-0.0026209470815956593,0.3138023,0.6625018,-1,6
2024-04-11 15:35:00,0.25706765,0,-1,0.0028861999,-0.0028861998580396175,0.25780958,0.72942334,-1,6
2024-04-11 15:40:00,0.20413528,0,-1,0.0034707633,-0.0034707633312791586,0.20484379,0.4721625,0,6
2024-04-11 15:45:00,0.28249055,0,-1,0.004281068,-0.004281068220734596,0.2836999,0.4213436,0,6
2024-04-11 15:50:00,0.54490465,1,1,0.0038628737,0.003862873651087284,0.5470095,0.06777732,0,6
2024-04-11 15:55:00,0.66461116,1,1,0.0041111098,0.004111109767109156,0.66734344,0.2635898,0,6
2024-04-12 09:30:00,0.31888467,0,-1,0.002307412,-0.0023074119817465544,0.31962046,0.24280167,0,6
2024-04-12 09:35:00,0.6908188,1,1,0.002111644,0.0021116440184414387,0.69227755,0.31162727,0,6
2024-04-12 09:40:00,0.73925906,1,1,0.002194336,0.0021943359170109034,0.7408812,0.3811459,0,6
2024-04-12 09:45:00,0.69509214,1,1,0.0028445707,0.0028445706702768803,0.6970694,0.33963427,0,6
2024-04-12 09:50:00,0.6324204,1,1,0.002987807,0.0029878069180995226,0.63431,0.39058527,0,6
2024-04-12 09:55:00,0.6845697,1,1,0.0025903354,0.002590335439890623,0.68634295,0.25853762,0,6
2024-04-12 10:00:00,0.5378365,1,1,0.002092035,0.0020920350216329098,0.53896165,0.5096168,1,6
2024-04-12 10:05:00,0.57844424,1,1,0.0017128184,0.0017128183972090483,0.579435,0.8929895,1,6
2024-04-12 10:10:00,0.6727583,1,1,0.0022373067,0.0022373066749423742,0.6742635,0.8339006,1,6
2024-04-12 10:15:00,0.70790416,1,1,0.0024872394,0.0024872394278645515,0.7096648,0.76594454,1,6
2024-04-12 10:20:00,0.6257423,1,1,0.001146539,0.0011465389980003238,0.6264598,0.87425774,1,6
2024-04-12 10:25:00,0.58094364,1,1,0.0012987002,0.001298700226470828,0.5816981,0.9485304,1,6
2024-04-12 10:30:00,0.5805266,1,1,0.0019672536,0.001967253629118204,0.5816687,0.93608284,1,6
2024-04-12 10:35:00,0.70631176,1,1,0.0014539468,0.0014539468102157116,0.70733875,0.9053721,1,6
2024-04-12 10:40:00,0.6400354,1,1,0.0016776649,0.001677664928138256,0.6411091,0.9290624,1,6
2024-04-12 10:45:00,0.6944713,1,1,0.0016998034,0.0016998033970594406,0.69565177,0.9295266,1,6
2024-04-12 10:50:00,0.73483455,1,1,0.002119705,0.002119705080986023,0.73639214,0.9149719,1,6
2024-04-12 10:55:00,0.7369033,1,1,0.0020378921,0.0020378921180963516,0.73840505,0.9472413,1,6
2024-04-12 11:00:00,0.58159244,1,1,0.0018894565,0.0018894565291702747,0.5826913,0.94454235,1,6
2024-04-12 11:05:00,0.6965318,1,1,0.0018688769,0.0018688768614083529,0.6978335,0.9366231,1,6
2024-04-12 11:10:00,0.6330706,1,1,0.0019351682,0.001935168169438839,0.63429564,0.9177078,1,6
2024-04-12 11:15:00,0.4148872,0,-1,0.0020037694,-0.002003769390285015,0.41571853,0.7616476,-1,6
2024-04-12 11:20:00,0.467291,1,1,0.0021015387,0.0021015387028455734,0.468273,0.82034135,1,6
2024-04-12 11:25:00,0.38717008,0,-1,0.0019391153,-0.001939115347340703,0.38792083,0.7679073,-1,6
2024-04-12 11:30:00,0.42070284,0,-1,0.0019182301,-0.0019182300893589854,0.42150983,0.7559631,-1,6
2024-04-12 11:35:00,0.56326044,1,1,0.0019343435,0.001934343483299017,0.56434995,0.71593565,1,6
2024-04-12 11:40:00,0.5276189,1,1,0.0014636298,0.0014636297710239887,0.5283911,0.6516786,1,6
2024-04-12 11:45:00,0.4877515,1,1,0.0021130545,0.002113054506480694,0.4887822,0.17701872,0,6
2024-04-12 11:50:00,0.5704382,1,1,0.0021711222,0.0021711222361773252,0.57167673,0.94757515,1,6
2024-04-12 11:55:00,0.65408653,1,1,0.0016986532,0.0016986532136797905,0.65519756,0.9593825,1,6
2024-04-12 12:00:00,0.5949671,1,1,0.0020022956,0.002002295572310686,0.5961584,0.9835445,1,6
2024-04-12 12:05:00,0.6476485,1,1,0.001788609,0.0017886089626699686,0.6488069,0.96850765,1,6
2024-04-12 12:10:00,0.5963566,1,1,0.0027478435,0.0027478435076773167,0.5979953,0.9844593,1,6
2024-04-12 12:15:00,0.56101704,1,1,0.0022720757,0.002272075740620494,0.56229174,0.9649506,1,6
2024-04-12 12:20:00,0.54091036,1,1,0.0030642792,0.0030642792116850615,0.54256785,0.90699714,1,6
2024-04-12 12:25:00,0.61088747,1,1,0.002498924,0.002498924033716321,0.612414,0.9795257,1,6
2024-04-12 12:30:00,0.6011886,1,1,0.0024608232,0.0024608231615275145,0.60266805,0.96642715,1,6
2024-04-12 12:35:00,0.67577153,1,1,0.0019669267,0.001966926734894514,0.6771007,0.92255926,1,6
2024-04-12 12:40:00,0.54293865,1,1,0.004357657,0.004357656929641962,0.5453046,0.81668746,1,6
2024-04-12 12:45:00,0.5260989,1,1,0.004017318,0.00401731813326478,0.5282124,0.8347347,1,6
2024-04-12 14:25:00,0.5666856,1,1,0.0021458366,0.0021458365954458714,0.5679017,0.28338838,0,7
2024-04-12 14:30:00,0.5794,1,1,0.0024626118,0.0024626117665320635,0.5808268,0.19547507,0,7
2024-04-12 14:35:00,0.5321631,1,1,0.0020796536,0.0020796535536646843,0.53326976,0.3848772,0,7
2024-04-12 14:40:00,0.5007783,1,1,0.002637269,0.002637268975377083,0.502099,0.36569995,0,7
2024-04-12 14:45:00,0.4544466,0,-1,0.0015105212,-0.001510521164163947,0.45513305,0.41172093,0,7
2024-04-12 14:50:00,0.42348638,0,-1,0.0019564882,-0.00195648823864758,0.42431492,0.13614433,0,7
2024-04-12 14:55:00,0.5680045,1,1,0.0022378496,0.002237849636003375,0.56927556,0.4528862,0,7
2024-04-12 15:00:00,0.5023786,1,1,0.0024736933,0.0024736933410167694,0.50362134,0.47333613,0,7
2024-04-12 15:05:00,0.45028362,0,-1,0.0024151257,-0.002415125723928213,0.45137113,0.28407484,0,7
2024-04-12 15:10:00,0.51164776,1,1,0.0012308676,0.0012308675795793533,0.51227754,0.5874554,1,7
2024-04-12 15:15:00,0.5664024,1,1,0.0021907375,0.002190737519413233,0.5676432,0.6055089,1,7
2024-04-12 15:20:00,0.5020688,1,1,0.0017574378,0.0017574378289282322,0.50295115,0.31043947,0,7
2024-04-12 15:25:00,0.49540907,1,1,0.0031494047,0.0031494046561419964,0.4969693,0.6221522,1,7
2024-04-12 15:30:00,0.5496767,1,1,0.0028909869,0.002890986856073141,0.5512658,0.5359689,1,7
2024-04-12 15:35:00,0.5215341,1,1,0.0032611086,0.003261108649894595,0.52323484,0.5133699,1,7
2024-04-12 15:40:00,0.7218644,1,1,0.0039800527,0.003980052657425404,0.72473747,0.3613491,0,7
2024-04-12 15:45:00,0.56063646,1,1,0.004439307,0.004439306911081076,0.5631253,0.35042316,0,7
2024-04-12 15:50:00,0.6195313,1,1,0.004452104,0.004452104214578867,0.6222895,0.51383305,1,7
2024-04-12 15:55:00,0.570248,1,1,0.0061876895,0.0061876894906163216,0.57377654,0.31893322,0,7
2024-04-15 09:30:00,0.2721752,0,-1,0.0048107747,-0.004810774698853493,0.2734846,0.42849854,0,7
2024-04-15 09:35:00,0.43803883,0,-1,0.0029166818,-0.0029166818130761385,0.43931645,0.30750617,0,7
2024-04-15 09:40:00,0.5325675,1,1,0.0027212328,0.0027212328277528286,0.5340167,0.36807483,0,7
2024-04-15 09:45:00,0.5701596,1,1,0.0025211768,0.0025211768224835396,0.5715971,0.12848605,0,7
2024-04-15 09:50:00,0.5663776,1,1,0.0013265811,0.0013265811139717698,0.5671289,0.1407031,0,7
2024-04-15 09:55:00,0.6163037,1,1,0.0017244454,0.0017244453774765134,0.6173665,0.1284699,0,7
2024-04-15 10:00:00,0.64794576,1,1,0.002311653,0.0023116529919207096,0.6494436,0.17929201,0,7
2024-04-15 10:05:00,0.76186436,1,1,0.004210529,0.004210528917610645,0.76507217,0.5512023,1,7
2024-04-15 10:10:00,0.75846857,1,1,0.0050265165,0.005026516504585743,0.762281,0.53164953,1,7
2024-04-15 10:15:00,0.5950778,1,1,0.0043233093,0.004323309287428856,0.5976505,0.557721,1,7
2024-04-15 10:20:00,0.640545,1,1,0.0044322084,0.0044322083704173565,0.64338404,0.64352655,1,7
2024-04-15 10:25:00,0.54950213,1,1,0.0045666234,0.004566623363643885,0.55201155,0.6906236,1,7
2024-04-15 10:30:00,0.590186,1,1,0.0039172643,0.00391726428642869,0.5924979,0.63218695,1,7
2024-04-15 10:35:00,0.73043936,1,1,0.0035357256,0.0035357256419956684,0.73302203,0.62439555,1,7
2024-04-15 10:40:00,0.5497671,1,1,0.0038702618,0.0038702618330717087,0.5518948,0.7352792,1,7
2024-04-15 10:45:00,0.489422,1,1,0.0032920777,0.00329207768663764,0.49103323,0.48195845,0,7
2024-04-15 10:50:00,0.42125452,0,-1,0.002933692,-0.002933691954240203,0.42249036,0.1572132,0,7
2024-04-15 10:55:00,0.6584163,1,1,0.0033827582,0.0033827582374215126,0.6606436,0.9123548,1,7
2024-04-15 11:00:00,0.6459193,1,1,0.0034148316,0.0034148315899074078,0.64812505,0.9048863,1,7
2024-04-15 11:05:00,0.60805523,1,1,0.002957681,0.0029576809611171484,0.6098537,0.882735,1,7
2024-04-15 11:10:00,0.6421595,1,1,0.0032370167,0.0032370167318731546,0.6442382,0.7746266,1,7
2024-04-15 11:15:00,0.5866196,1,1,0.0032588833,0.0032588832546025515,0.5885313,0.76315105,1,7
2024-04-15 11:20:00,0.6031463,1,1,0.0032966603,0.0032966602593660355,0.60513467,0.7719658,1,7
2024-04-15 11:25:00,0.5361382,1,1,0.00308271,0.0030827100854367018,0.53779095,0.64301306,1,7
2024-04-15 11:30:00,0.48609152,1,1,0.0029143929,0.0029143928550183773,0.4875082,0.44686514,0,7
2024-04-15 11:35:00,0.5529725,1,1,0.003352834,0.0033528339117765427,0.55482656,0.51693606,1,7
2024-04-15 11:40:00,0.4903021,1,1,0.0031466226,0.0031466225627809763,0.4918449,0.6078418,1,7
2024-04-15 11:45:00,0.5041419,1,1,0.0029520218,0.0029520217794924974,0.50563014,0.7089941,1,7
2024-04-15 11:50:00,0.5041273,1,1,0.002839397,0.0028393969405442476,0.5055588,0.49305308,0,7
2024-04-15 11:55:00,0.5307966,1,1,0.0018313009,0.001831300905905664,0.5317686,0.27655175,0,7
2024-04-15 12:00:00,0.47298637,1,1,0.0018147749,0.0018147749360650778,0.4738447,0.4148687,0,7
2024-04-15 12:05:00,0.59431386,1,1,0.0018642173,0.0018642173381522298,0.5954218,0.1572616,0,7
2024-04-15 12:10:00,0.7606175,1,1,0.0032858523,0.003285852260887623,0.7631168,0.32350898,0,7
2024-04-15 12:15:00,0.44891706,0,-1,0.0031011463,-0.003101146314293146,0.45030922,0.20436166,0,7
2024-04-15 12:20:00,0.3918092,0,-1,0.0042583193,-0.004258319269865751,0.39347762,0.16213673,0,7
2024-04-15 12:25:00,0.4600757,0,-1,0.004264931,-0.004264931194484234,0.46203792,0.32958192,0,7
2024-04-15 12:30:00,0.58101064,1,1,0.004434294,0.004434294067323208,0.58358705,0.6585995,1,7
2024-04-15 12:35:00,0.5819204,1,1,0.0034780628,0.003478062804788351,0.5839443,0.5727145,1,7
2024-04-15 12:40:00,0.5915226,1,1,0.003688574,0.003688574070110917,0.59370446,0.65845805,1,7
2024-04-15 12:45:00,0.55826366,1,1,0.0037560316,0.0037560316268354654,0.56036055,0.66561794,1,7
2024-04-15 12:50:00,0.6188468,1,1,0.003938238,0.003938238136470318,0.6212839,0.86781603,1,7
2024-04-15 12:55:00,0.55664146,1,1,0.003723739,0.0037237389478832483,0.5587143,0.81861687,1,7
2024-04-15 13:00:00,0.6131259,1,1,0.0034449347,0.003444934729486704,0.6152381,0.7795156,1,7
2024-04-15 13:05:00,0.6913258,1,1,0.0036753125,0.00367531250230968,0.69386667,0.77162296,1,7
2024-04-15 13:10:00,0.5125982,1,1,0.0031791653,0.0031791653018444777,0.51422787,0.5208304,1,7
2024-04-15 13:15:00,0.43851408,0,-1,0.003157809,-0.0031578089110553265,0.43989885,0.11786677,0,7
2024-04-15 13:20:00,0.5162003,1,1,0.0034144737,0.0034144737292081118,0.5179629,0.35242704,0,7
2024-04-15 13:25:00,0.58496517,1,1,0.003175011,0.0031750109046697617,0.58682245,0.51410025,1,7
2024-04-15 13:30:00,0.6070805,1,1,0.004988323,0.004988322965800762,0.61010885,0.61875176,1,7
2024-04-15 13:35:00,0.72401756,1,1,0.0048888056,0.004888805560767651,0.7275571,0.5254755,1,7
2024-04-15 13:40:00,0.719653,1,1,0.004782693,0.0047826929949223995,0.7230949,0.554029,1,7
2024-04-15 13:45:00,0.65866673,1,1,0.0044409437,0.004440943710505962,0.6615918,0.6038783,1,7
2024-04-15 13:50:00,0.7207343,1,1,0.0045394814,0.0045394813641905785,0.72400606,0.47065404,0,7
2024-04-15 13:55:00,0.7005137,1,1,0.0029786837,0.0029786836821585894,0.7026003,0.26299113,0,7
2024-04-15 14:00:00,0.6290796,1,1,0.004373336,0.004373336210846901,0.63183075,0.4771849,0,7
2024-04-15 14:05:00,0.66244715,1,1,0.00471602,0.004716020077466965,0.6655713,0.43269196,0,7
2024-04-15 14:10:00,0.6892981,1,1,0.0050669545,0.005066954530775547,0.69279075,0.5320697,1,7
2024-04-15 14:15:00,0.76819116,1,1,0.004580378,0.004580378066748381,0.77170974,0.38226947,0,7
2024-04-15 14:20:00,0.6290234,1,1,0.004964395,0.004964394960552454,0.63214606,0.6096242,1,7
2024-04-15 14:25:00,0.76035994,1,1,0.0038985733,0.0038985733408480883,0.7633243,0.3699333,0,7
2024-04-15 14:30:00,0.71450245,1,1,0.0037542665,0.0037542665377259254,0.7171849,0.6445942,1,7
2024-04-15 14:35:00,0.43962446,0,-1,0.003862452,-0.003862451994791627,0.4413225,0.23886026,0,7
2024-04-15 14:40:00,0.548277,1,1,0.00342081,0.003420809982344508,0.5501526,0.71129984,1,7
2024-04-15 14:45:00,0.66080844,1,1,0.0029114822,0.0029114822391420603,0.66273236,0.7213327,1,7
2024-04-15 14:50:00,0.6874829,1,1,0.0036757807,0.003675780724734068,0.69000995,0.68900734,1,7
2024-04-15 14:55:00,0.5576661,1,1,0.0037864447,0.003786444664001465,0.5597777,0.6551158,1,7
2024-04-15 15:00:00,0.44692385,0,-1,0.0035558096,-0.003555809613317251,0.448513,0.22940142,0,7
2024-04-15 15:05:00,0.5437921,1,1,0.0044846125,0.0044846124947071075,0.54623085,0.74842286,1,7
2024-04-15 15:10:00,0.54738384,1,1,0.0037466364,0.0037466364447027445,0.54943466,0.6753538,1,7
2024-04-15 15:15:00,0.49889356,1,1,0.0034314874,0.003431487362831831,0.50060546,0.38439912,0,7
2024-04-15 15:20:00,0.68541616,1,1,0.0053237067,0.0053237066604197025,0.6890651,0.7239725,1,7
2024-04-15 15:25:00,0.58279073,1,1,0.0061193607,0.0061193606816232204,0.58635706,0.73966235,1,7
2024-04-15 15:30:00,0.65014654,1,1,0.005838168,0.005838167853653431,0.6539422,0.7357477,1,7
2024-04-15 15:35:00,0.6093266,1,1,0.007087858,0.00708785792812705,0.6136454,0.79057413,1,7
2024-04-15 15:40:00,0.67669964,1,1,0.0061456133,0.006145613268017769,0.6808584,0.70345336,1,7
2024-04-15 15:45:00,0.63143855,1,1,0.0065324684,0.006532468367367983,0.6355634,0.7478922,1,7
2024-04-15 15:50:00,0.57144904,1,1,0.0067475718,0.006747571751475334,0.5753049,0.7248384,1,7
2024-04-15 15:55:00,0.7222635,1,1,0.0060626604,0.006062660366296768,0.7266423,0.6649981,1,7
2024-04-16 09:30:00,0.5775716,1,1,0.0035829893,0.0035829893313348293,0.579641,0.43828726,0,7
2024-04-16 09:35:00,0.403979,0,-1,0.0024672158,-0.002467215759679675,0.40497574,0.13890032,0,7
2024-04-16 09:40:00,0.56986666,1,1,0.0024614458,0.002461445750668645,0.57126933,0.45804033,0,7
2024-04-16 09:45:00,0.69870454,1,1,0.0029204146,0.0029204145539551973,0.70074505,0.5451004,1,7
2024-04-16 09:50:00,0.48076573,1,1,0.0023498503,0.002349850255995989,0.48189545,0.20563461,0,7
2024-04-16 09:55:00,0.68353266,1,1,0.002459304,0.002459303941577673,0.6852137,0.28805217,0,7
2024-04-16 10:00:00,0.54038596,1,1,0.0018435166,0.0018435165984556079,0.5413822,0.15054202,0,7
2024-04-16 10:05:00,0.571588,1,1,0.0021458382,0.002145838225260377,0.5728145,0.30627337,0,7
2024-04-16 10:10:00,0.51502496,1,1,0.0017556318,0.0017556317616254091,0.51592916,0.10105357,0,7
2024-04-16 10:15:00,0.53951573,1,1,0.0023143215,0.0023143214639276266,0.54076433,0.2367032,0,7
2024-04-16 10:20:00,0.6131787,1,1,0.0014117783,0.0014117782702669501,0.61404437,0.32040533,0,7
2024-04-16 10:25:00,0.28683317,0,-1,0.0030011027,-0.003001102712005377,0.28769398,0.1424581,0,7
2024-04-16 10:30:00,0.54696405,1,1,0.0039820806,0.003982080612331629,0.5491421,0.7673078,1,7
2024-04-16 10:35:00,0.5402475,1,1,0.0043614567,0.004361456725746393,0.5426038,0.72148836,1,7
2024-04-16 10:40:00,0.5817802,1,1,0.0025439842,0.0025439842138439417,0.5832602,0.6790949,1,7
2024-04-16 10:45:00,0.568808,1,1,0.0031290501,0.003129050135612488,0.5705878,0.68198216,1,7
2024-04-16 10:50:00,0.503873,1,1,0.0023882897,0.002388289663940668,0.50507635,0.5747379,1,7
2024-04-16 10:55:00,0.4862313,1,1,0.002725431,0.0027254309970885515,0.48755652,0.759776,1,7
2024-04-16 11:00:00,0.4963516,1,1,0.002612408,0.0026124080177396536,0.49764824,0.640188,1,7
2024-04-16 11:05:00,0.50998837,1,1,0.0018787436,0.0018787436420097947,0.5109465,0.31605402,0,7
2024-04-16 11:10:00,0.48444018,1,1,0.0019189578,0.0019189578015357256,0.48536977,0.29960394,0,7
2024-04-16 11:15:00,0.47404107,1,1,0.0019916713,0.0019916712772101164,0.47498518,0.37389374,0,7
2024-04-16 11:20:00,0.6017325,1,1,0.0019286937,0.001928693731315434,0.60289305,0.15364906,0,7
2024-04-16 11:25:00,0.49434537,1,1,0.0014901052,0.001490105176344514,0.495082,0.16084523,0,7
2024-04-16 11:30:00,0.52825266,1,1,0.0016972887,0.001697288709692657,0.5291493,0.14849906,0,7
2024-04-16 11:35:00,0.5198473,1,1,0.0013385222,0.001338522182777524,0.5205431,0.323621,0,7
2024-04-16 11:40:00,0.5773064,1,1,0.0018353009,0.0018353009363636374,0.5783659,0.10011023,0,7
2024-04-16 11:45:00,0.50578076,1,1,0.0018543258,0.0018543257610872388,0.50671864,0.0781884,0,7
2024-04-16 11:50:00,0.59610504,1,1,0.0024486405,0.0024486405309289694,0.5975647,0.13773143,0,7
2024-04-16 11:55:00,0.41389754,0,-1,0.0018682823,-0.0018682823283597827,0.4146708,0.027014833,0,7
2024-04-16 12:00:00,0.6112501,1,1,0.002032819,0.0020328189712017775,0.6124927,0.20160048,0,7
2024-04-16 12:05:00,0.5692783,1,1,0.0022536777,0.0022536776959896088,0.57056123,0.0978111,0,7
2024-04-16 12:10:00,0.49477494,1,1,0.0014658215,0.0014658215222880244,0.49550018,0.06888511,0,7
2024-04-16 12:15:00,0.52212965,1,1,0.0014219006,0.0014219005824998021,0.5228721,0.12208515,0,7
2024-04-16 12:20:00,0.5664061,1,1,0.0014174399,0.0014174398966133595,0.5672089,0.0892969,0,7
2024-04-16 12:25:00,0.55892605,1,1,0.0015723476,0.0015723475953564048,0.55980486,0.14428648,0,7
2024-04-16 12:30:00,0.4749317,1,1,0.0014410509,0.0014410509029403329,0.47561607,0.22755165,0,7
2024-04-16 12:35:00,0.4671438,0,-1,0.0015094895,-0.0015094894915819168,0.467849,0.16486621,0,7
2024-04-16 12:40:00,0.57166183,1,1,0.0015443643,0.0015443642623722553,0.5725447,0.21308003,0,7
2024-04-16 12:45:00,0.7387248,1,1,0.0016602698,0.00166026980150491,0.73995125,0.06925278,0,7
2024-04-16 12:50:00,0.5900853,1,1,0.0015224926,0.0015224926173686981,0.59098375,0.12059243,0,7
2024-04-16 12:55:00,0.5694931,1,1,0.00141135,0.0014113499782979488,0.5702968,0.1610401,0,7
2024-04-16 13:00:00,0.5719748,1,1,0.0012243362,0.001224336214363575,0.57267505,0.2750516,0,7
2024-04-16 13:05:00,0.58571684,1,1,0.0018945573,0.0018945572664961219,0.58682656,0.10631323,0,7
2024-04-16 13:10:00,0.50209755,1,1,0.0016861606,0.0016861605690792203,0.5029442,0.059106138,0,7
2024-04-16 13:15:00,0.5459504,1,1,0.0016726409,0.0016726409085094929,0.54686356,0.07644077,0,7
2024-04-16 13:20:00,0.5490378,1,1,0.0013707425,0.0013707424513995647,0.54979044,0.13933353,0,7
2024-04-16 13:25:00,0.5900283,1,1,0.0014609005,0.001460900530219078,0.5908903,0.1730228,0,7
2024-04-16 13:30:00,0.4058229,0,-1,0.0028582446,-0.0028582445811480284,0.40698287,0.08943866,0,7
2024-04-16 13:35:00,0.6762798,1,1,0.0028170082,0.002817008178681135,0.67818487,0.38286182,0,7
2024-04-16 13:40:00,0.5552129,1,1,0.00229909,0.002299089916050434,0.5564894,0.28386366,0,7
2024-04-16 13:45:00,0.35582286,0,-1,0.0019235604,-0.0019235603976994753,0.3565073,0.08312302,0,7
2024-04-16 13:50:00,0.7662921,1,1,0.0027776645,0.0027776644565165043,0.76842064,0.4847669,0,7
2024-04-16 13:55:00,0.52351856,1,1,0.0016180838,0.0016180837992578745,0.5243656,0.31397828,0,7
2024-04-16 14:00:00,0.55051416,1,1,0.0017761036,0.0017761036287993193,0.5514919,0.22232093,0,7
2024-04-16 14:05:00,0.65471876,1,1,0.003270067,0.0032700670417398214,0.6568597,0.13126972,0,7
2024-04-16 14:10:00,0.4773931,1,1,0.002429246,0.0024292459711432457,0.4785528,0.105389826,0,7
2024-04-16 14:15:00,0.3723107,0,-1,0.002641212,-0.002641211962327361,0.37329406,0.12153136,0,7
2024-04-16 14:20:00,0.57170147,1,1,0.0034586152,0.0034586151596158743,0.5736788,0.5199519,1,7
2024-04-16 14:25:00,0.60886854,1,1,0.003956859,0.00395685900002718,0.61127776,0.7575014,1,7
2024-04-16 14:30:00,0.73186386,1,1,0.002815111,0.0028151110745966434,0.73392415,0.43379536,0,7
2024-04-16 14:35:00,0.46896502,0,-1,0.0019429206,-0.00194292061496526,0.46987617,0.06640852,0,7
2024-04-16 14:40:00,0.52314955,1,1,0.0019086564,0.0019086564425379038,0.52414805,0.11692233,0,7
2024-04-16 14:45:00,0.5117761,1,1,0.0015885868,0.0015885868342593312,0.5125891,0.18459871,0,7
2024-04-16 14:50:00,0.7220926,1,1,0.0025693935,0.002569393487647176,0.723948,0.16949564,0,7
2024-04-16 14:55:00,0.70450616,1,1,0.0022477503,0.0022477502934634686,0.7060897,0.09123914,0,7
2024-04-16 15:00:00,0.6280969,1,1,0.0021236124,0.002123612444847822,0.6294307,0.07976327,0,7
2024-04-16 15:05:00,0.58546776,1,1,0.0018575151,0.0018575150752440095,0.5865553,0.03754303,0,7
2024-04-16 15:10:00,0.55141795,1,1,0.0016458108,0.001645810785703361,0.5523255,0.07600193,0,7
2024-04-16 15:15:00,0.57038003,1,1,0.0018089474,0.001808947417885065,0.57141185,0.033637475,0,7
2024-04-16 15:20:00,0.55675465,1,1,0.0017602782,0.0017602782463654876,0.55773467,0.037616573,0,7
2024-04-16 15:25:00,0.60772604,1,1,0.0015732205,0.0015732204774394631,0.6086821,0.05513879,0,7
2024-04-16 15:30:00,0.66812056,1,1,0.0017989088,0.0017989088082686067,0.66932243,0.28190237,0,7
2024-04-16 15:35:00,0.636316,1,1,0.0026476183,0.0026476182974874973,0.6380007,0.23061915,0,7
2024-04-16 15:40:00,0.4811008,1,1,0.002375994,0.002375994110479951,0.48224387,0.15937947,0,7
2024-04-16 15:45:00,0.57911676,1,1,0.0023846496,0.0023846495896577835,0.58049774,0.12321686,0,7
2024-04-16 15:50:00,0.4572387,0,-1,0.0024832499,-0.0024832498747855425,0.45837414,0.05562816,0,7
2024-04-16 15:55:00,0.5401778,1,1,0.0030600496,0.0030600496102124453,0.54183084,0.44759232,0,7
2024-04-17 09:30:00,0.2649123,0,-1,0.0034050662,-0.003405066207051277,0.26581436,0.17784159,0,7
2024-04-17 09:35:00,0.4857728,1,1,0.0023217683,0.002321768319234252,0.48690063,0.12162681,0,7
2024-04-17 09:40:00,0.4463057,0,-1,0.002418362,-0.002418362069875002,0.44738504,0.0871362,0,7
2024-04-17 09:45:00,0.58976096,1,1,0.0021520199,0.002152019878849387,0.5910301,0.115662664,0,7
2024-04-17 09:50:00,0.5274211,1,1,0.002375277,0.002375276992097497,0.5286739,0.11328658,0,7
2024-04-17 09:55:00,0.48888788,1,1,0.0022042552,0.002204255200922489,0.48996553,0.14110433,0,7
2024-04-17 10:00:00,0.35149127,0,-1,0.0031804154,-0.0031804153695702553,0.35260916,0.12604417,0,7
2024-04-17 10:05:00,0.56551814,1,1,0.0018561741,0.001856174087151885,0.56656784,0.47370976,0,7
2024-04-17 10:10:00,0.5578275,1,1,0.003551241,0.003551241010427475,0.55980843,0.5517027,1,7
2024-04-17 10:15:00,0.6347687,1,1,0.003531764,0.003531764028593898,0.63701063,0.7845739,1,7
2024-04-17 10:20:00,0.52781665,1,1,0.0036004141,0.0036004141438752413,0.52971697,0.73150474,1,7
2024-04-17 10:25:00,0.5137934,1,1,0.002080343,0.0020803429652005434,0.51486224,0.58658683,1,7
2024-04-17 10:30:00,0.5492617,1,1,0.002956425,0.0029564250726252794,0.5508855,0.70613617,1,7
2024-04-17 10:35:00,0.61524767,1,1,0.0032532502,0.0032532501500099897,0.6172492,0.73238826,1,7
2024-04-17 10:40:00,0.45987645,0,-1,0.0035212857,-0.003521285718306899,0.46149582,0.49128944,0,7
2024-04-17 10:45:00,0.759858,1,1,0.0027103191,0.002710319124162197,0.7619175,0.7146435,1,7
2024-04-17 10:50:00,0.5009689,1,1,0.00289764,0.0028976399917155504,0.5024205,0.5069844,1,7
2024-04-17 10:55:00,0.44296524,0,-1,0.0054244176,-0.005424417555332184,0.44536805,0.345055,0,7
2024-04-17 11:00:00,0.57774097,1,1,0.0028250145,0.002825014526024461,0.5793731,0.7517102,1,7
2024-04-17 11:05:00,0.21820258,0,-1,0.0031057545,-0.0031057544983923435,0.21888027,0.15417849,0,7
2024-04-17 11:10:00,0.3900828,0,-1,0.004005612,-0.004005611874163151,0.39164534,0.2791927,0,7
2024-04-17 11:15:00,0.4878013,1,1,0.004368416,0.004368416033685207,0.48993224,0.7265327,1,7
2024-04-17 11:20:00,0.4674537,0,-1,0.004782142,-0.0047821421176195145,0.46968913,0.34167424,0,7
2024-04-17 11:25:00,0.46939716,0,-1,0.0041570743,-0.004157074261456728,0.47134846,0.31195202,0,7
2024-04-17 11:30:00,0.29141834,0,-1,0.004081439,-0.004081439226865768,0.29260775,0.13210322,0,7
2024-04-17 11:35:00,0.5413061,1,1,0.0050791237,0.00507912365719676,0.54405546,0.7865062,1,7
2024-04-17 11:40:00,0.56806433,1,1,0.004794196,0.004794196225702763,0.5707878,0.7844583,1,7
2024-04-17 11:45:00,0.5978802,1,1,0.004281877,0.00428187707439065,0.60044026,0.8090471,1,7
2024-04-17 11:50:00,0.6533715,1,1,0.0044295844,0.004429584369063377,0.6562657,0.8136721,1,7
2024-04-17 11:55:00,0.633511,1,1,0.004446371,0.004446370992809534,0.63632786,0.8490784,1,7
2024-04-17 12:00:00,0.3990945,0,-1,0.004181743,-0.004181743133813143,0.4007634,0.1652021,0,7
2024-04-17 12:05:00,0.6843484,1,1,0.005052644,0.005052643828094006,0.6878062,0.7058893,1,7
2024-04-17 12:10:00,0.6052161,1,1,0.0053690826,0.005369082558900118,0.60846555,0.7669372,1,7
2024-04-17 12:15:00,0.6589333,1,1,0.0052518346,0.005251834634691477,0.6623939,0.7830645,1,7
2024-04-17 12:20:00,0.6299706,1,1,0.004792817,0.004792816936969757,0.63298994,0.8130987,1,7
2024-04-17 12:25:00,0.5409096,1,1,0.0056352043,0.005635204259306192,0.54395777,0.73501426,1,7
2024-04-17 12:30:00,0.64365876,1,1,0.006661269,0.006661268882453442,0.64794636,0.7761312,1,7
2024-04-17 12:35:00,0.6698787,1,1,0.0074897083,0.007489708252251148,0.6748959,0.8365967,1,7
2024-04-17 12:40:00,0.5914833,1,1,0.005368006,0.005368005950003862,0.5946584,0.63848,1,7
2024-04-17 12:45:00,0.56135416,1,1,0.007744395,0.007744395174086094,0.56570154,0.6595835,1,7
2024-04-17 12:50:00,0.5357185,1,1,0.008113134,0.0081131337210536,0.5400649,0.75589263,1,7
2024-04-17 12:55:00,0.53621256,1,1,0.0068280334,0.0068280333653092384,0.53987384,0.7020522,1,7
2024-04-17 13:00:00,0.6258582,1,1,0.006502185,0.006502185016870499,0.62992764,0.7926133,1,7
2024-04-17 13:05:00,0.6237039,1,1,0.0058085923,0.0058085923083126545,0.6273267,0.8123246,1,7
2024-04-17 13:10:00,0.5665851,1,1,0.00431192,0.004311920143663883,0.5690282,0.8639847,1,7
2024-04-17 13:15:00,0.62674284,1,1,0.004043146,0.004043146036565304,0.6292768,0.75639653,1,7
2024-04-17 13:20:00,0.5094297,1,1,0.006130613,0.006130612920969725,0.5125528,0.74471396,1,7
2024-04-17 13:25:00,0.5436037,1,1,0.002878157,0.0028781569562852383,0.54516834,0.56866324,1,7
2024-04-17 13:30:00,0.63420415,1,1,0.0022625988,0.0022625988349318504,0.6356391,0.3323853,0,7
2024-04-17 13:35:00,0.63149625,1,1,0.0018790411,0.0018790410831570625,0.6326829,0.31209642,0,7
2024-04-17 13:40:00,0.6420357,1,1,0.0024498182,0.0024498181883245707,0.6436086,0.2993559,0,7
2024-04-17 13:45:00,0.62921053,1,1,0.0018241341,0.0018241341458633542,0.6303583,0.26791254,0,7
2024-04-17 13:50:00,0.5361462,1,1,0.00165469,0.001654690015129745,0.5370334,0.15548792,0,7
2024-04-17 13:55:00,0.5681233,1,1,0.0014723681,0.001472368137910962,0.5689598,0.14612012,0,7
2024-04-17 14:00:00,0.5857733,1,1,0.0015958172,0.0015958171570673585,0.58670807,0.119742766,0,7
2024-04-17 14:05:00,0.6230562,1,1,0.0016127006,0.0016127006383612752,0.6240609,0.14293918,0,7
2024-04-17 14:10:00,0.67235225,1,1,0.0019013324,0.0019013324053958058,0.67363065,0.2199191,0,7
2024-04-17 14:15:00,0.5498725,1,1,0.0021031832,0.0021031831856817007,0.551029,0.2943933,0,7
2024-04-17 14:20:00,0.632223,1,1,0.0020792778,0.002079277765005827,0.63353753,0.44626698,0,7
2024-04-17 14:25:00,0.54887825,1,1,0.001932062,0.0019320619758218527,0.5499387,0.36042947,0,7
2024-04-17 14:30:00,0.5049515,1,1,0.0017605749,0.0017605748726055026,0.5058405,0.23973478,0,7
2024-04-17 14:35:00,0.5678965,1,1,0.0018491431,0.0018491430673748255,0.5689466,0.1139652,0,7
2024-04-17 14:40:00,0.6989384,1,1,0.001213537,0.0012135369470342994,0.6997866,0.10883283,0,7
2024-04-17 14:45:00,0.43205217,0,-1,0.002246263,-0.0022462629713118076,0.43302268,0.026195874,0,7
2024-04-17 14:50:00,0.581383,1,1,0.0027593612,0.0027593611739575863,0.58298725,0.5884396,1,7
2024-04-17 14:55:00,0.62469435,1,1,0.003469276,0.0034692760091274977,0.6268616,0.71004593,1,7
2024-04-17 15:00:00,0.54620546,1,1,0.003460007,0.003460007021203637,0.54809535,0.5967978,1,7
2024-04-17 15:05:00,0.6182508,1,1,0.00422368,0.0042236801236867905,0.62086207,0.7719516,1,7
2024-04-17 15:10:00,0.69858074,1,1,0.005012946,0.005012946203351021,0.7020827,0.6636709,1,7
2024-04-17 15:15:00,0.5135654,1,1,0.0041695214,0.004169521387666464,0.5157067,0.6844941,1,7
2024-04-17 15:20:00,0.59786534,1,1,0.0048224544,0.0048224544152617455,0.60074854,0.7753159,1,7
2024-04-17 15:25:00,0.6294818,1,1,0.0056847907,0.005684790667146444,0.6330602,0.8490798,1,7
2024-04-17 15:30:00,0.59534305,1,1,0.004317122,0.004317122045904398,0.59791327,0.82219297,1,7
2024-04-17 15:35:00,0.6522647,1,1,0.004575055,0.004575055092573166,0.6552488,0.8514397,1,7
2024-04-17 15:40:00,0.7529253,1,1,0.0047850916,0.004785091616213322,0.7565281,0.6879308,1,7
2024-04-17 15:45:00,0.57705796,1,1,0.0036903631,0.0036903631407767534,0.5791875,0.6714199,1,7
2024-04-17 15:50:00,0.49004695,1,1,0.0039003114,0.0039003114216029644,0.49195826,0.5373845,1,7
2024-04-17 15:55:00,0.36253488,0,-1,0.005060554,-0.005060554016381502,0.3643695,0.19372322,0,7
2024-04-18 09:30:00,0.42685398,0,-1,0.0036946835,-0.0036946835462003946,0.42843106,0.30482736,0,7
2024-04-18 09:35:00,0.40117812,0,-1,0.0044372566,-0.00443725660443306,0.40295824,0.21686767,0,7
2024-04-18 09:40:00,0.524134,1,1,0.0029662712,0.002966271247714758,0.5256887,0.41213575,0,7
2024-04-18 09:45:00,0.55678236,1,1,0.0032818452,0.0032818452455103397,0.5586096,0.37130463,0,7
2024-04-18 09:50:00,0.5381518,1,1,0.0024026344,0.002402634359896183,0.5394448,0.18923186,0,7
2024-04-18 09:55:00,0.44368863,0,-1,0.00222128,-0.0022212800104171038,0.44467416,0.12723425,0,7
2024-04-18 10:00:00,0.5797032,1,1,0.0023048485,0.0023048485163599253,0.5810393,0.19073665,0,7
2024-04-18 10:05:00,0.7988635,1,1,0.0022043902,0.0022043902426958084,0.8006245,0.1964494,0,7
2024-04-18 10:10:00,0.60322374,1,1,0.0020555,0.0020554999355226755,0.6044637,0.071002804,0,7
2024-04-18 10:15:00,0.5475434,1,1,0.0024975552,0.00249755522236228,0.5489109,0.11084483,0,7
2024-04-18 10:20:00,0.5105466,1,1,0.0016366808,0.0016366807976737618,0.5113822,0.05050992,0,7
2024-04-18 10:25:00,0.53249377,1,1,0.0017914916,0.0017914916388690472,0.53344774,0.051990047,0,7
2024-04-18 10:30:00,0.561041,1,1,0.0017627566,0.0017627566121518612,0.56202996,0.054250967,0,7
2024-04-18 10:35:00,0.55055815,1,1,0.0021155567,0.002115556737408042,0.55172294,0.071307145,0,7
2024-04-18 10:40:00,0.5792294,1,1,0.0018981639,0.0018981639295816422,0.5803289,0.061787564,0,7
2024-04-18 10:45:00,0.67580414,1,1,0.0018060664,0.001806066371500492,0.67702466,0.0457059,0,7
2024-04-18 10:50:00,0.6326616,1,1,0.0021298034,0.0021298034116625786,0.634009,0.10518686,0,7
2024-04-18 10:55:00,0.633733,1,1,0.0020930807,0.0020930806640535593,0.6350594,0.08262993,0,7
2024-04-18 11:00:00,0.6664743,1,1,0.0018070022,0.0018070022342726588,0.6676786,0.06245151,0,7
2024-04-18 11:05:00,0.68542665,1,1,0.0017691931,0.0017691930988803506,0.6866393,0.056665193,0,7
2024-04-18 11:10:00,0.6413636,1,1,0.0017101447,0.001710144686512649,0.64246047,0.06978084,0,7
2024-04-18 11:15:00,0.6318959,1,1,0.001886896,0.0018868959741666913,0.6330882,0.05709489,0,7
2024-04-18 11:20:00,0.5768932,1,1,0.0016907487,0.0016907487297430634,0.5778686,0.05948431,0,7
2024-04-18 11:25:00,0.4347925,0,-1,0.0016179262,-0.0016179261729121208,0.43549594,0.018764284,0,7
2024-04-18 11:30:00,0.5229557,1,1,0.0016835616,0.001683561597019434,0.52383614,0.056656808,0,7
2024-04-18 11:35:00,0.55450445,1,1,0.0015575943,0.0015575942816212773,0.5553681,0.08353197,0,7
2024-04-18 11:40:00,0.5402024,1,1,0.001730974,0.0017309739487245679,0.5411374,0.050481327,0,7
2024-04-18 11:45:00,0.47803697,1,1,0.0014703542,0.0014703541528433561,0.47873983,0.099110425,0,7
2024-04-18 11:50:00,0.48814228,1,1,0.0016516087,0.0016516087343916297,0.48894852,0.037848704,0,7
2024-04-18 11:55:00,0.6258178,1,1,0.00141012,0.0014101200504228473,0.6267003,0.08551858,0,7
2024-04-18 12:00:00,0.49691525,1,1,0.0017127576,0.0017127576284110546,0.49776638,0.070894495,0,7
2024-04-18 12:05:00,0.54415894,1,1,0.0018070218,0.0018070217920467257,0.54514223,0.23264714,0,7
2024-04-18 12:10:00,0.4617706,0,-1,0.0014085636,-0.0014085635775700212,0.46242103,0.3491354,0,7
2024-04-18 12:15:00,0.5239603,1,1,0.0016051495,0.001605149474926293,0.5248013,0.28155398,0,7
2024-04-18 12:20:00,0.4589617,0,-1,0.0014270467,-0.0014270467218011618,0.45961666,0.33745322,0,7
2024-04-18 12:25:00,0.6086028,1,1,0.0014528313,0.001452831318601966,0.609487,0.2431254,0,7
2024-04-18 12:30:00,0.18504356,0,-1,0.0019184323,-0.0019184323027729988,0.18539855,0.12936702,0,7
2024-04-18 12:35:00,0.60281885,1,1,0.0028547738,0.00285477377474308,0.6045398,0.50155205,1,7
2024-04-18 12:40:00,0.47303852,1,1,0.0020041782,0.0020041782408952713,0.47398657,0.27321455,0,7
2024-04-18 12:45:00,0.40792328,0,-1,0.0020038872,-0.002003887202590704,0.40874073,0.122515775,0,7
2024-04-18 12:50:00,0.6001085,1,1,0.0031005258,0.0031005258206278086,0.6019691,0.7515398,1,7
2024-04-18 12:55:00,0.53167355,1,1,0.0037898317,0.0037898316513746977,0.5336885,0.74896127,1,7
2024-04-18 13:00:00,0.4062756,0,-1,0.0028349701,-0.0028349701315164566,0.40742737,0.309995,0,7
2024-04-18 13:05:00,0.48263168,1,1,0.0039719683,0.003971968311816454,0.48454866,0.8002543,1,7
2024-04-18 13:10:00,0.6746285,1,1,0.003247669,0.003247668966650963,0.67681944,0.5392084,1,7
2024-04-18 13:15:00,0.67747796,1,1,0.0039298288,0.003929828759282827,0.6801403,0.5751039,1,7
2024-04-18 13:20:00,0.50419563,1,1,0.0054549715,0.005454971455037594,0.506946,0.56488264,1,7
2024-04-18 13:25:00,0.7162182,1,1,0.005131908,0.005131908226758242,0.71989375,0.7046415,1,7
2024-04-18 13:30:00,0.64480704,1,1,0.0058346954,0.005834695417433977,0.6485693,0.819387,1,7
2024-04-18 13:35:00,0.6476388,1,1,0.0058015315,0.005801531486213207,0.6513961,0.82910776,1,7
2024-04-18 13:40:00,0.6030413,1,1,0.006695617,0.006695616990327835,0.607079,0.77612615,1,7
2024-04-18 13:45:00,0.53168035,1,1,0.007482241,0.007482240907847881,0.53565854,0.68009657,1,7
2024-04-18 13:50:00,0.64323056,1,1,0.0057330932,0.005733093246817589,0.6469183,0.7931205,1,7
2024-04-18 13:55:00,0.5922247,1,1,0.0063456628,0.006345662754029036,0.59598273,0.7876136,1,7
2024-04-18 14:00:00,0.5122886,1,1,0.0039003973,0.0039003973361104727,0.5142867,0.7488389,1,7
2024-04-18 14:05:00,0.50326914,1,1,0.004157785,0.00415778486058116,0.5053616,0.7320425,1,7
2024-04-18 14:10:00,0.48779202,1,1,0.0044864793,0.004486479330807924,0.48998046,0.6908309,1,7
2024-04-18 14:15:00,0.6688363,1,1,0.003943829,0.0039438288658857346,0.67147404,0.8022308,1,7
2024-04-18 14:20:00,0.6631711,1,1,0.0034729762,0.003472976153716445,0.66547424,0.7966997,1,7
2024-04-18 14:25:00,0.6894359,1,1,0.0036623466,0.0036623466294258833,0.6919609,0.77025044,1,7
2024-04-18 14:30:00,0.3627173,0,-1,0.0032516043,-0.0032516042701900005,0.3638967,0.16521597,0,7
2024-04-18 14:35:00,0.6195159,1,1,0.0048016147,0.004801614675670862,0.6224906,0.82948047,1,7
2024-04-18 14:40:00,0.5583123,1,1,0.004801422,0.004801421891897917,0.56099296,0.80637413,1,7
2024-04-18 14:45:00,0.63424003,1,1,0.004012249,0.004012248944491148,0.63678473,0.781073,1,7
2024-04-18 14:50:00,0.679848,1,1,0.0040497463,0.004049746319651604,0.6826013,0.7029515,1,7
2024-04-18 14:55:00,0.6461729,1,1,0.0038379272,0.003837927244603634,0.64865285,0.78026986,1,7
2024-04-18 15:00:00,0.6384742,1,1,0.0040049637,0.004004963673651218,0.64103127,0.78903246,1,7
2024-04-18 15:05:00,0.6353095,1,1,0.003460758,0.003460757900029421,0.63750815,0.72135586,1,7
2024-04-18 15:10:00,0.66503954,1,1,0.0032483505,0.0032483504619449377,0.6671998,0.67957866,1,7
2024-04-18 15:15:00,0.56767875,1,1,0.0039641256,0.003964125644415617,0.56992906,0.77434963,1,7
2024-04-18 15:20:00,0.6268816,1,1,0.0034010618,0.0034010617528110743,0.62901366,0.5632917,1,7
2024-04-18 15:25:00,0.5815486,1,1,0.0033671232,0.003367123194038868,0.5835067,0.609178,1,7
2024-04-18 15:30:00,0.6153244,1,1,0.0023425033,0.002342503285035491,0.61676574,0.3665591,0,7
2024-04-18 15:35:00,0.6860718,1,1,0.00324244,0.0032424400560557842,0.6882964,0.5030187,1,7
2024-04-18 15:40:00,0.59028804,1,1,0.0023996243,0.002399624325335026,0.59170455,0.30077788,0,7
2024-04-18 15:45:00,0.6506651,1,1,0.0019186985,0.001918698544614017,0.6519135,0.27696428,0,7
2024-04-18 15:50:00,0.6579581,1,1,0.0032679867,0.003267986699938774,0.6601083,0.5510416,1,7
2024-04-18 15:55:00,0.6960412,1,1,0.0058643753,0.0058643752709031105,0.7001231,0.7315505,1,7
2024-04-19 09:30:00,0.6363025,1,1,0.0022173487,0.002217348664999008,0.6377133,0.25331882,0,7
2024-04-19 09:35:00,0.61014986,1,1,0.0018863353,0.0018863353179767728,0.6113008,0.20800397,0,7
2024-04-19 09:40:00,0.80893195,1,1,0.0024692824,0.002469282364472747,0.8109294,0.10262345,0,7
2024-04-19 09:45:00,0.62056816,1,1,0.0018717607,0.0018717607017606497,0.6217297,0.22173266,0,7
2024-04-19 09:50:00,0.6853569,1,1,0.0019611216,0.001961121568456292,0.686701,0.15285994,0,7
2024-04-19 09:55:00,0.531559,1,1,0.00135605,0.0013560500228777528,0.5322798,0.18913178,0,7
2024-04-19 10:00:00,0.5221126,1,1,0.0013449058,0.001344905816949904,0.5228148,0.24547479,0,7
2024-04-19 10:05:00,0.4594283,0,-1,0.0012356371,-0.0012356371153146029,0.45999599,0.2978583,0,7
2024-04-19 10:10:00,0.43068483,0,-1,0.0016619435,-0.0016619435045868158,0.4314006,0.08102547,0,7
2024-04-19 10:15:00,0.5224837,1,1,0.0022556905,0.0022556905169039965,0.52366227,0.32574406,0,7
2024-04-19 10:20:00,0.6247451,1,1,0.002457035,0.002457035006955266,0.62628007,0.5411446,1,7
2024-04-19 10:25:00,0.5582272,1,1,0.0028772654,0.0028772654477506876,0.55983335,0.48829687,0,7
2024-04-19 10:30:00,0.6349974,1,1,0.0027615083,0.0027615083381533623,0.63675094,0.69353235,1,7
2024-04-19 10:35:00,0.2688194,0,-1,0.0018869668,-0.001886966754682362,0.26932666,0.11337929,0,7
2024-04-19 10:40:00,0.7451753,1,1,0.0024185423,0.00241854228079319,0.7469775,0.4537857,0,7
2024-04-19 10:45:00,0.6466207,1,1,0.0032941734,0.0032941733952611685,0.6487508,0.46722358,0,7
2024-04-19 10:50:00,0.5916308,1,1,0.0015104475,0.0015104474732652307,0.59252447,0.21670476,0,7
2024-04-19 10:55:00,0.55855316,1,1,0.0022875788,0.002287578769028187,0.5598309,0.32311368,0,7
2024-04-19 11:00:00,0.5996183,1,1,0.0018939015,0.0018939014989882708,0.6007539,0.5900594,1,7
2024-04-19 11:05:00,0.54373306,1,1,0.0020270327,0.0020270326640456915,0.5448352,0.26757568,0,7
2024-04-19 11:10:00,0.49185288,1,1,0.0017659141,0.0017659141449257731,0.49272147,0.25431323,0,7
2024-04-19 11:15:00,0.628315,1,1,0.003586441,0.003586441045626998,0.6305684,0.79958016,1,7
2024-04-19 11:20:00,0.5520526,1,1,0.002820045,0.0028200449887663126,0.55360943,0.7930041,1,7
2024-04-19 11:25:00,0.6080708,1,1,0.003671656,0.003671655897051096,0.6103034,0.8566856,1,7
2024-04-19 11:30:00,0.561373,1,1,0.003662302,0.0036623019259423018,0.56342894,0.7514879,1,7
2024-04-19 11:35:00,0.57819086,1,1,0.0029858297,0.002985829720273614,0.57991725,0.6431917,1,7
2024-04-19 11:40:00,0.44515654,0,-1,0.0015546506,-0.0015546506037935615,0.44584858,0.48413152,0,7
2024-04-19 11:45:00,0.5104756,1,1,0.0013089557,0.00130895571783185,0.51114374,0.54293674,1,7
2024-04-19 11:50:00,0.60560405,1,1,0.002368668,0.002368668094277382,0.60703856,0.603106,1,7
2024-04-19 11:55:00,0.65534705,1,1,0.0037051395,0.0037051395047456026,0.6577752,0.79610837,1,7
2024-04-19 12:00:00,0.4828334,1,1,0.0041066157,0.004106615670025349,0.48481622,0.7681409,1,7
2024-04-19 12:05:00,0.59816915,1,1,0.0037623479,0.0037623478565365076,0.6004197,0.80125535,1,7
2024-04-19 12:10:00,0.43687987,0,-1,0.0029149137,-0.002914913697168231,0.43815333,0.14796235,0,7
2024-04-19 12:15:00,0.7353713,1,1,0.005588859,0.005588858854025602,0.7394812,0.6858046,1,7
2024-04-19 12:20:00,0.6841369,1,1,0.0055882363,0.005588236264884472,0.6879601,0.74400795,1,7
2024-04-19 12:25:00,0.7017848,1,1,0.0064166547,0.00641665467992425,0.7062879,0.6781674,1,7
2024-04-19 12:30:00,0.75071377,1,1,0.0039223707,0.003922370728105307,0.7536583,0.7759068,1,7
2024-04-19 12:35:00,0.7655848,1,1,0.0036957576,0.00369575759395957,0.7684142,0.67460114,1,7
2024-04-19 12:40:00,0.71816915,1,1,0.004144378,0.0041443780064582825,0.7211456,0.6712398,1,7
2024-04-19 12:45:00,0.6953917,1,1,0.004174279,0.004174279049038887,0.69829446,0.7488198,1,7
2024-04-19 12:50:00,0.73390853,1,1,0.0030607386,0.003060738556087017,0.7361548,0.6214811,1,7
2024-04-19 12:55:00,0.5569893,1,1,0.0025855603,0.002585560316219926,0.5584294,0.44709998,0,7
2024-04-19 13:00:00,0.42806587,0,-1,0.0020981045,-0.002098104450851679,0.428964,0.09051178,0,7
2024-04-19 13:05:00,0.3587163,0,-1,0.00097071764,-0.0009707176359370351,0.35906452,0.20101167,0,7
2024-04-19 13:10:00,0.48738074,1,1,0.0009895876,0.0009895876282826066,0.48786303,0.18490583,0,7
2024-04-19 13:15:00,0.47602415,1,1,0.0018446032,0.0018446032190695405,0.47690225,0.18352593,0,7
2024-04-19 13:20:00,0.61217594,1,1,0.0015048187,0.0015048186760395765,0.61309713,0.29969922,0,7
2024-04-19 13:25:00,0.55336666,1,1,0.0023146153,0.002314615296199918,0.55464745,0.40564442,0,7
2024-04-19 13:30:00,0.53560746,1,1,0.0019325528,0.001932552782818675,0.5366425,0.3352877,0,7
2024-04-19 13:35:00,0.6867179,1,1,0.0029264255,0.0029264255426824093,0.68872756,0.638879,1,7
2024-04-19 13:40:00,0.5773368,1,1,0.00252248,0.0025224799755960703,0.5787931,0.5092849,1,7
2024-04-19 13:45:00,0.48163557,1,1,0.0019809583,0.0019809582736343145,0.48258963,0.15738204,0,7
2024-04-19 13:50:00,0.53623533,1,1,0.0022294114,0.0022294113878160715,0.5374308,0.1487437,0,7
2024-04-19 13:55:00,0.65677786,1,1,0.0022319106,0.002231910591945052,0.6582438,0.39852437,0,7
2024-04-19 14:00:00,0.5813141,1,1,0.0026969854,0.0026969853788614273,0.58288187,0.3885059,0,7
2024-04-19 14:05:00,0.8141315,1,1,0.003350312,0.003350311890244484,0.81685907,0.5538293,1,7
2024-04-19 14:10:00,0.665136,1,1,0.003005584,0.003005584003403783,0.6671351,0.6770245,1,7
2024-04-19 14:15:00,0.670553,1,1,0.002848037,0.002848037052899599,0.67246276,0.6301124,1,7
2024-04-19 14:20:00,0.57070476,1,1,0.0019449098,0.0019449098035693169,0.5718147,0.52365756,1,7
2024-04-19 14:25:00,0.34078205,0,-1,0.0030207736,-0.0030207736417651176,0.34181148,0.16276024,0,7
2024-04-19 14:30:00,0.5802197,1,1,0.0046342025,0.00463420245796442,0.5829086,0.7476472,1,7
2024-04-19 14:35:00,0.4345479,0,-1,0.0034113626,-0.0034113626461476088,0.43603033,0.1586186,0,7
2024-04-19 14:40:00,0.6135269,1,1,0.0032976002,0.003297600196674466,0.61555004,0.65749604,1,7
2024-04-19 14:45:00,0.6108374,1,1,0.00474811,0.004748110193759203,0.6137377,0.72210556,1,7
2024-04-19 14:50:00,0.51933604,1,1,0.0043850057,0.004385005682706833,0.52161336,0.69275427,1,7
2024-04-19 14:55:00,0.548262,1,1,0.00492914,0.004929140210151672,0.5509645,0.7339382,1,7
2024-04-19 15:00:00,0.6225531,1,1,0.004338645,0.004338644910603762,0.62525415,0.7736059,1,7
2024-04-19 15:05:00,0.74571955,1,1,0.003948428,0.003948428202420473,0.74866396,0.6683646,1,7
2024-04-19 15:10:00,0.5891873,1,1,0.0033234046,0.003323404584079981,0.59114546,0.63921666,1,7
2024-04-19 15:15:00,0.6562905,1,1,0.0037336173,0.003733617253601551,0.6587408,0.79888743,1,7
2024-04-19 15:20:00,0.6481675,1,1,0.0028544017,0.0028544017113745213,0.65001756,0.7228843,1,7
2024-04-19 15:25:00,0.4650946,0,-1,0.0032881373,-0.003288137260824442,0.4666239,0.23853068,0,7
2024-04-19 15:30:00,0.5372027,1,1,0.007763098,0.007763097994029522,0.5413731,0.7191,1,7
2024-04-19 15:35:00,0.71208453,1,1,0.005908015,0.005908015184104443,0.71629155,0.68256897,1,7
2024-04-19 15:40:00,0.56685734,1,1,0.007864525,0.007864524610340595,0.57131535,0.68820226,1,7
2024-04-19 15:45:00,0.5618798,1,1,0.00899379,0.008993789553642273,0.5669332,0.6974627,1,7
2024-04-19 15:50:00,0.58299065,1,1,0.010438315,0.010438314639031887,0.5890761,0.7476447,1,7
2024-04-19 15:55:00,0.5779657,1,1,0.010322001,0.010322000831365585,0.58393145,0.77366525,1,7
2024-04-22 09:30:00,0.28991246,0,-1,0.0068783374,-0.006878337357193232,0.2919066,0.35756448,0,7
2024-04-22 09:35:00,0.39982745,0,-1,0.003545189,-0.00354518904350698,0.4012449,0.1560617,0,7
2024-04-22 09:40:00,0.52488434,1,1,0.003217726,0.0032177260145545006,0.52657324,0.26070863,0,7
2024-04-22 09:45:00,0.5054394,1,1,0.0036964181,0.003696418134495616,0.5073077,0.4142648,0,7
2024-04-22 09:50:00,0.53371465,1,1,0.0019629162,0.001962916227057576,0.53476226,0.116487816,0,7
2024-04-22 09:55:00,0.58848256,1,1,0.0019981128,0.0019981127697974443,0.5896584,0.11614702,0,7
2024-04-22 10:00:00,0.4737405,1,1,0.0017734587,0.0017734586726874113,0.47458065,0.13716245,0,7
2024-04-22 10:05:00,0.6341192,1,1,0.001584124,0.0015841240528970957,0.6351238,0.13461201,0,7
2024-04-22 10:10:00,0.6192761,1,1,0.0017694116,0.0017694116104394197,0.6203719,0.14437793,0,7
2024-04-22 10:15:00,0.6194799,1,1,0.0017567953,0.0017567953327670693,0.6205682,0.15966351,0,7
2024-04-22 10:20:00,0.45616084,0,-1,0.0018004116,-0.0018004116136580706,0.45698214,0.071126595,0,7
2024-04-22 10:25:00,0.662324,1,1,0.0023679433,0.0023679432924836874,0.6638924,0.3261434,0,7
2024-04-22 10:30:00,0.63887775,1,1,0.0017534235,0.001753423479385674,0.639998,0.33740038,0,7
2024-04-22 10:35:00,0.5624972,1,1,0.001215142,0.0012151419650763273,0.5631807,0.33294344,0,7
2024-04-22 10:40:00,0.52718526,1,1,0.0011608771,0.0011608770582824945,0.5277972,0.17693867,0,7
2024-04-22 10:45:00,0.5634027,1,1,0.0008655916,0.0008655915735289454,0.5638904,0.14389485,0,7
2024-04-22 10:50:00,0.3404966,0,-1,0.0018520134,-0.0018520134035497904,0.34112722,0.09761526,0,7
2024-04-22 10:55:00,0.52643234,1,1,0.005408538,0.005408538039773703,0.52927953,0.87502515,1,7
2024-04-22 11:00:00,0.5756076,1,1,0.0014054519,0.001405451912432909,0.5764166,0.74861455,1,7
2024-04-22 11:05:00,0.6235283,1,1,0.0017424941,0.0017424940597265959,0.6246148,0.6879683,1,7
2024-04-22 11:10:00,0.63756233,1,1,0.0019858642,0.0019858642481267452,0.63882846,0.71536136,1,7
2024-04-22 11:15:00,0.50796354,1,1,0.0028080773,0.00280807726085186,0.50938994,0.5740756,1,7
2024-04-22 11:20:00,0.5195529,1,1,0.0012227219,0.0012227218830958009,0.52018815,0.60704464,1,7
2024-04-22 11:25:00,0.54547364,1,1,0.0010131605,0.0010131604503840208,0.5460263,0.2350654,0,7
2024-04-22 11:30:00,0.42253548,0,-1,0.0009076102,-0.0009076102287508547,0.422919,0.13537127,0,7
2024-04-22 11:35:00,0.5322482,1,1,0.0014302093,0.0014302092604339123,0.5330094,0.20588973,0,7
2024-04-22 11:40:00,0.4658861,0,-1,0.0010884608,-0.001088460790924728,0.4663932,0.15160541,0,7
2024-04-22 11:45:00,0.45734453,0,-1,0.0012071881,-0.0012071881210431457,0.45789665,0.35213837,0,7
2024-04-22 11:50:00,0.5109878,1,1,0.001194595,0.0011945950100198388,0.5115982,0.17923863,0,7
2024-04-22 11:55:00,0.43787122,0,-1,0.0010106739,-0.0010106739355251193,0.43831375,0.19706684,0,7
2024-04-22 12:00:00,0.5283944,1,1,0.0013743641,0.0013743641320616007,0.5291206,0.09140523,0,7
2024-04-22 12:05:00,0.5666765,1,1,0.0011676941,0.0011676941066980362,0.56733817,0.17954065,0,7
2024-04-22 12:10:00,0.4068758,0,-1,0.0011421546,-0.0011421545641496778,0.4073405,0.15367197,0,7
2024-04-22 12:15:00,0.54019874,1,1,0.0013943873,0.0013943873345851898,0.54095197,0.057980824,0,7
2024-04-22 12:20:00,0.6143685,1,1,0.0014708277,0.001470827730372548,0.6152721,0.09818738,0,7
2024-04-22 12:25:00,0.56395704,1,1,0.0012537732,0.0012537732254713774,0.56466407,0.10484381,0,7
2024-04-22 12:30:00,0.61796564,1,1,0.001279112,0.0012791119515895844,0.6187561,0.12536097,0,7
2024-04-22 12:35:00,0.5709483,1,1,0.001018292,0.001018292037770152,0.5715297,0.09939656,0,7
2024-04-22 12:40:00,0.54551965,1,1,0.0012137546,0.0012137546436861157,0.5461818,0.2092477,0,7
2024-04-22 12:45:00,0.5965002,1,1,0.0011224176,0.001122417626902461,0.59716976,0.0720779,0,7
2024-04-22 12:50:00,0.6200393,1,1,0.00090520305,0.0009052030509337783,0.6206005,0.03946839,0,7
2024-04-22 12:55:00,0.46710542,0,-1,0.00083801814,-0.0008380181388929486,0.46749687,0.100434475,0,7
2024-04-22 13:00:00,0.59555477,1,1,0.0014447223,0.001444722292944789,0.59641516,0.056590293,0,7
2024-04-22 13:05:00,0.6329565,1,1,0.0013362913,0.0013362913159653544,0.63380235,0.057819325,0,7
2024-04-22 13:10:00,0.82271236,1,1,0.0013607034,0.001360703376121819,0.8238318,0.07089553,0,7
2024-04-22 13:15:00,0.6944887,1,1,0.0013139269,0.0013139268849045038,0.6954012,0.09191859,0,7
2024-04-22 13:20:00,0.60765433,1,1,0.0011022477,0.00110224774107337,0.6083241,0.065006204,0,7
2024-04-22 13:25:00,0.3579545,0,-1,0.0009903228,-0.0009903227910399437,0.35830897,0.18201424,0,7
2024-04-22 13:30:00,0.4134238,0,-1,0.001177879,-0.001177879050374031,0.41391078,0.05189116,0,7
2024-04-22 13:35:00,0.43047073,0,-1,0.0011669142,-0.0011669142404571176,0.43097308,0.056450248,0,7
2024-04-22 13:40:00,0.5562064,1,1,0.0011670756,0.0011670755920931697,0.55685556,0.11118333,0,7
2024-04-22 13:45:00,0.2790828,0,-1,0.0013671323,-0.0013671322958543897,0.27946433,0.19558445,0,7
2024-04-22 13:50:00,0.2504447,0,-1,0.0011428936,-0.0011428935686126351,0.25073093,0.14880572,0,7
2024-04-22 13:55:00,0.38265797,0,-1,0.0013992961,-0.0013992961030453444,0.38319343,0.03253172,0,7
2024-04-22 14:00:00,0.56867105,1,1,0.0015876661,0.001587666105479002,0.5695739,0.08919143,0,7
2024-04-22 14:05:00,0.28380886,0,-1,0.001701569,-0.001701568951830268,0.28429177,0.030139638,0,7
2024-04-22 14:10:00,0.39629897,0,-1,0.0015141759,-0.001514175906777382,0.39689904,0.089115955,0,7
2024-04-22 14:15:00,0.3459266,0,-1,0.001479537,-0.0014795369934290648,0.3464384,0.056455985,0,7
2024-04-22 14:20:00,0.20662093,0,-1,0.001230951,-0.0012309510493651032,0.20687528,0.08425257,0,7
2024-04-22 14:25:00,0.5002239,1,1,0.0015793444,0.0015793443890288472,0.50101393,0.08291114,0,7
2024-04-22 14:30:00,0.3982632,0,-1,0.0014133699,-0.001413369900546968,0.39882606,0.14861284,0,7
2024-04-22 14:35:00,0.38023943,0,-1,0.001932527,-0.0019325270550325513,0.38097423,0.019119631,0,7
2024-04-22 14:40:00,0.39485762,0,-1,0.0027687794,-0.002768779406324029,0.39595088,0.041205823,0,7
2024-04-22 14:45:00,0.6320592,1,1,0.0024869086,0.0024869085755199194,0.6336311,0.12351411,0,7
2024-04-22 14:50:00,0.613278,1,1,0.0021756294,0.002175629371777177,0.6146123,0.103596315,0,7
2024-04-22 14:55:00,0.340047,0,-1,0.002996578,-0.002996578114107251,0.34106597,0.10119687,0,7
2024-04-22 15:00:00,0.615023,1,1,0.0022707009,0.002270700875669718,0.61641955,0.121940844,0,7
2024-04-22 15:05:00,0.46884072,0,-1,0.0022940068,-0.002294006757438183,0.46991625,0.07851055,0,7
2024-04-22 15:10:00,0.47181332,1,1,0.0024647783,0.0024647782556712627,0.47297624,0.14222887,0,7
2024-04-22 15:15:00,0.6063512,1,1,0.0022118394,0.0022118394263088703,0.6076923,0.1487721,0,7
2024-04-22 15:20:00,0.6894061,1,1,0.0029251813,0.002925181295722723,0.6914227,0.33387718,0,7
2024-04-22 15:25:00,0.6709411,1,1,0.0025253962,0.002525396179407835,0.67263556,0.20257993,0,7
2024-04-23 10:35:00,0.67859876,1,1,0.0024521835,0.0024521835148334503,0.6802628,0.4486553,0,8
2024-04-23 10:40:00,0.62343484,1,1,0.0020761024,0.0020761024206876755,0.62472916,0.26568934,0,8
2024-04-23 10:45:00,0.63634,1,1,0.0020645333,0.0020645332988351583,0.6376538,0.28093004,0,8
2024-04-23 10:50:00,0.6191116,1,1,0.0014664199,0.0014664198970422149,0.62001944,0.10246251,0,8
2024-04-23 10:55:00,0.6266432,1,1,0.0016062658,0.0016062657814472914,0.6276497,0.08635366,0,8
2024-04-23 11:00:00,0.6108241,1,1,0.0024422188,0.002442218828946352,0.6123159,0.3768674,0,8
2024-04-23 11:05:00,0.67481,1,1,0.0017036572,0.0017036572098731995,0.6759596,0.22798659,0,8
2024-04-23 11:10:00,0.61562574,1,1,0.0020896052,0.002089605201035738,0.6169122,0.08475939,0,8
2024-04-23 11:15:00,0.5658171,1,1,0.0015204408,0.0015204407973214984,0.5666774,0.07899148,0,8
2024-04-23 11:20:00,0.63146335,1,1,0.0015634255,0.0015634255250915885,0.6324506,0.094649054,0,8
2024-04-23 11:25:00,0.54138565,1,1,0.0016177534,0.0016177534125745296,0.5422615,0.20513164,0,8
2024-04-23 11:30:00,0.6012158,1,1,0.001980668,0.001980667933821678,0.60240656,0.30373687,0,8
2024-04-23 11:35:00,0.60349715,1,1,0.0017917005,0.0017917004879564047,0.60457844,0.065310225,0,8
2024-04-23 11:40:00,0.59449667,1,1,0.0015822266,0.0015822265995666385,0.59543735,0.08232223,0,8
2024-04-23 11:45:00,0.5507331,1,1,0.0015783703,0.0015783703420311213,0.5516023,0.15612495,0,8
2024-04-23 11:50:00,0.57049036,1,1,0.0015644847,0.00156448467168957,0.5713829,0.06835634,0,8
2024-04-23 11:55:00,0.42774507,0,-1,0.0012920138,-0.0012920137960463762,0.42829773,0.603829,-1,8
2024-04-23 12:00:00,0.5542597,1,1,0.0016131363,0.0016131362644955516,0.5551538,0.04409635,0,8
2024-04-23 12:05:00,0.5905591,1,1,0.0015451103,0.0015451102517545223,0.59147155,0.048238095,0,8
2024-04-23 12:10:00,0.52952456,1,1,0.0013150021,0.0013150020968168974,0.53022087,0.056560535,0,8
2024-04-23 12:15:00,0.5232185,1,1,0.0015752639,0.0015752639155834913,0.5240427,0.096416496,0,8
2024-04-23 12:20:00,0.49354693,0,-1,0.001488053,-0.0014880530070513487,0.49428138,0.4621127,0,8
2024-04-23 12:25:00,0.5501533,1,1,0.0014694934,0.0014694933779537678,0.55096173,0.0558083,0,8
2024-04-23 12:30:00,0.6511013,1,1,0.0019573532,0.0019573532044887543,0.6523757,0.10050594,0,8
2024-04-23 12:35:00,0.56267834,1,1,0.0013278513,0.0013278513215482235,0.5634255,0.0364777,0,8
2024-04-23 12:40:00,0.5266648,1,1,0.0013634497,0.0013634497299790382,0.52738285,0.06431387,0,8
2024-04-23 12:45:00,0.54104275,1,1,0.0018861692,0.0018861691933125257,0.54206324,0.08887381,0,8
2024-04-23 12:50:00,0.5439062,1,1,0.0013654518,0.0013654518406838179,0.5446489,0.086608976,0,8
2024-04-23 12:55:00,0.76506025,1,1,0.0019252921,0.001925292075611651,0.76653326,0.05934718,0,8
2024-04-23 13:00:00,0.56694376,1,1,0.0015824011,0.001582401106134057,0.5678409,0.056612547,0,8
2024-04-23 13:05:00,0.48969656,0,-1,0.0014271967,-0.0014271966647356749,0.49039546,0.378983,0,8
2024-04-23 13:10:00,0.5533807,1,1,0.0017239911,0.0017239911248907447,0.55433476,0.2809117,0,8
2024-04-23 13:15:00,0.5827935,1,1,0.0014936061,0.0014936061343178153,0.58366394,0.123598985,0,8
2024-04-23 13:20:00,0.6155299,1,1,0.0013664608,0.001366460812278092,0.61637104,0.095823936,0,8
2024-04-23 13:25:00,0.49994296,0,-1,0.00130878,-0.0013087800471112132,0.5005973,0.5309703,-1,8
2024-04-23 13:30:00,0.45284376,0,-1,0.001299925,-0.0012999250320717692,0.45343244,0.36867535,0,8
2024-04-23 13:35:00,0.58837664,1,1,0.0014496752,0.0014496751828119159,0.5892296,0.050308894,0,8
2024-04-23 13:40:00,0.57539195,1,1,0.0016117039,0.001611703890375793,0.57631934,0.08428328,0,8
2024-04-23 13:45:00,0.5488271,1,1,0.0013400472,0.0013400472234934568,0.5495626,0.046412285,0,8
2024-04-23 13:50:00,0.6371443,1,1,0.0015119354,0.0015119353774935007,0.63810766,0.07764598,0,8
2024-04-23 13:55:00,0.54618233,1,1,0.0013470119,0.001347011886537075,0.5469181,0.044029888,0,8
2024-04-23 14:00:00,0.50417596,0,-1,0.0013272677,-0.001327267731539905,0.50484514,0.3447033,0,8
2024-04-23 14:05:00,0.53786886,1,1,0.0013722945,0.0013722945004701614,0.538607,0.056163542,0,8
2024-04-23 14:10:00,0.6261013,1,1,0.0019420316,0.0019420315511524677,0.62731725,0.1024844,0,8
2024-04-23 14:15:00,0.6091559,1,1,0.0013080064,0.0013080063508823514,0.6099526,0.06229825,0,8
2024-04-23 14:20:00,0.5965711,1,1,0.0013750697,0.0013750697253271937,0.5973914,0.039323475,0,8
2024-04-23 14:25:00,0.5615594,1,1,0.0013078264,0.001307826372794807,0.5622938,0.067012645,0,8
2024-04-23 14:30:00,0.5929338,1,1,0.0015146504,0.0015146504156291485,0.5938319,0.060528226,0,8
2024-04-23 14:35:00,0.60059524,1,1,0.0012849028,0.0012849027989432216,0.601367,0.05942521,0,8
2024-04-23 14:40:00,0.6095171,1,1,0.001290216,0.0012902159942314029,0.6103035,0.056769203,0,8
2024-04-23 14:45:00,0.47076946,0,-1,0.0013036665,-0.001303666504099965,0.47138318,0.36319172,0,8
2024-04-23 14:50:00,0.58218396,1,1,0.0014894503,0.0014894503401592374,0.5830511,0.30186856,0,8
2024-04-23 14:55:00,0.47588158,0,-1,0.0012169679,-0.0012169679393991828,0.47646073,0.5713649,-1,8
2024-04-23 15:00:00,0.5513081,1,1,0.0015403199,0.0015403198776766658,0.5521573,0.31402913,0,8
2024-04-23 15:05:00,0.5120062,0,-1,0.0012146414,-0.0012146413791924715,0.51262814,0.5616659,-1,8
2024-04-23 15:10:00,0.5541734,1,1,0.0017412979,0.0017412978922948241,0.5551384,0.23294203,0,8
2024-04-23 15:15:00,0.4886162,0,-1,0.0014624001,-0.0014624000759795308,0.48933077,0.62688416,-1,8
2024-04-23 15:20:00,0.50648797,0,-1,0.0012987129,-0.0012987129157409072,0.5071457,0.59379923,-1,8
2024-04-23 15:25:00,0.5063133,0,-1,0.001441789,-0.0014417889760807157,0.50704336,0.6613775,-1,8
2024-04-23 15:30:00,0.58783346,1,1,0.0015347867,0.0015347866574302316,0.5887357,0.22844103,0,8
2024-04-23 15:35:00,0.5417088,1,1,0.0015395004,0.001539500430226326,0.54254276,0.1712175,0,8
2024-04-23 15:40:00,0.56909496,1,1,0.0022284703,0.0022284702863544226,0.57036316,0.4618546,0,8
2024-04-23 15:45:00,0.5559578,1,1,0.002242916,0.0022429160308092833,0.5572048,0.38408574,0,8
2024-04-23 15:50:00,0.53029644,1,1,0.002723316,0.0027233159635215998,0.5317406,0.48113114,0,8
2024-04-23 15:55:00,0.64611024,1,1,0.0037282468,0.003728246781975031,0.6485191,0.5834782,1,8
2024-04-24 09:30:00,0.5197687,1,1,0.0034478088,0.0034478087909519672,0.5215608,0.057139233,0,8
2024-04-24 09:35:00,0.561651,1,1,0.0017528267,0.0017528267344459891,0.5626355,0.033947725,0,8
2024-04-24 09:40:00,0.6316475,1,1,0.0016520645,0.0016520645003765821,0.6326911,0.06949481,0,8
2024-04-24 09:45:00,0.58842164,1,1,0.0013396036,0.0013396035647019744,0.58920985,0.02723924,0,8
2024-04-24 09:50:00,0.5819697,1,1,0.0016222721,0.0016222720732912421,0.5829138,0.05408734,0,8
2024-04-24 09:55:00,0.57338,1,1,0.002321881,0.0023218810092657804,0.57471126,0.2547809,0,8
2024-04-24 10:00:00,0.5535878,1,1,0.0015739176,0.0015739175723865628,0.5544591,0.030219026,0,8
2024-04-24 10:05:00,0.5464017,1,1,0.0022370615,0.0022370615042746067,0.54762405,0.05909167,0,8
2024-04-24 10:10:00,0.48045424,0,-1,0.0020681608,-0.0020681608002632856,0.4814479,0.83369404,-1,8
2024-04-24 10:15:00,0.4858321,0,-1,0.0017619125,-0.001761912484653294,0.48668808,0.41580474,0,8
2024-04-24 10:20:00,0.50201887,0,-1,0.0017988386,-0.001798838609829545,0.50292194,0.58108693,-1,8
2024-04-24 10:25:00,0.5896368,1,1,0.0017131704,0.001713170437142253,0.5906469,0.21493417,0,8
2024-04-24 10:30:00,0.5503383,1,1,0.0018052139,0.0018052138620987535,0.5513318,0.10021254,0,8
2024-04-24 10:35:00,0.57732594,1,1,0.0017417226,0.0017417225753888488,0.57833153,0.46699926,0,8
2024-04-24 10:40:00,0.58920485,1,1,0.0022242484,0.002224248368293047,0.5905154,0.7490147,1,8
2024-04-24 10:45:00,0.5611022,1,1,0.0018714677,0.0018714676843956113,0.56215227,0.3792572,0,8
2024-04-24 10:50:00,0.5333972,1,1,0.0016400514,0.001640051370486617,0.534272,0.4224411,0,8
2024-04-24 10:55:00,0.65134853,1,1,0.0016929838,0.0016929837875068188,0.6524513,0.33694342,0,8
2024-04-24 11:00:00,0.5882182,1,1,0.0018784354,0.001878435374237597,0.5893231,0.25189906,0,8
2024-04-24 11:05:00,0.51999533,1,1,0.0019280585,0.0019280584529042244,0.52099794,0.17789693,0,8
2024-04-24 11:10:00,0.4649534,0,-1,0.0020055305,-0.002005530521273613,0.4658859,0.45171717,0,8
2024-04-24 11:15:00,0.52716446,1,1,0.0023326974,0.0023326973896473646,0.52839416,0.28854495,0,8
2024-04-24 11:20:00,0.6965549,1,1,0.001814553,0.0018145530484616756,0.6978189,0.22573775,0,8
2024-04-24 11:25:00,0.59272665,1,1,0.002602562,0.0026025620754808187,0.5942693,0.29026535,0,8
2024-04-24 11:30:00,0.58262175,1,1,0.002073522,0.0020735219586640596,0.5838298,0.27152985,0,8
2024-04-24 11:35:00,0.6340167,1,1,0.001807275,0.0018072749953716993,0.6351626,0.21160337,0,8
2024-04-24 11:40:00,0.44773534,0,-1,0.0027744975,-0.0027744974941015244,0.44897756,0.37520257,0,8
2024-04-24 11:45:00,0.4195654,0,-1,0.0049763294,-0.004976329393684864,0.42165327,0.46384937,0,8
2024-04-24 11:50:00,0.47618932,0,-1,0.004748902,-0.004748901817947626,0.47845072,0.5225853,-1,8
2024-04-24 11:55:00,0.4602112,0,-1,0.0039113634,-0.003911363426595926,0.46201125,0.4986195,0,8
2024-04-24 12:00:00,0.6440584,1,1,0.0037130506,0.003713050624355674,0.6464498,0.6335329,1,8
2024-04-24 12:05:00,0.4927067,0,-1,0.0040141917,-0.004014191683381796,0.4946845,0.43269938,0,8
2024-04-24 12:10:00,0.52860534,1,1,0.0044927225,0.004492722451686859,0.5309802,0.2668756,0,8
2024-04-24 12:15:00,0.60878414,1,1,0.00624597,0.006245969794690609,0.61258656,0.46534187,0,8
2024-04-24 12:20:00,0.5851216,1,1,0.0049340227,0.004934022668749094,0.5880086,0.58009493,1,8
2024-04-24 12:25:00,0.56957644,1,1,0.0038454945,0.0038454944733530283,0.57176673,0.75333744,1,8
2024-04-24 12:30:00,0.47680208,0,-1,0.0042448994,-0.0042448993772268295,0.47882608,0.74016464,-1,8
2024-04-24 12:35:00,0.62973624,1,1,0.00570139,0.005701390095055103,0.63332665,0.6161632,1,8
2024-04-24 12:40:00,0.5217142,1,1,0.005010655,0.005010655149817467,0.5243283,0.6521037,1,8
2024-04-24 12:45:00,0.55770105,1,1,0.0052356436,0.005235643591731787,0.56062096,0.57456505,1,8
2024-04-24 12:50:00,0.65422636,1,1,0.0043466385,0.004346638452261686,0.65707004,0.49635652,0,8
2024-04-24 12:55:00,0.5631681,1,1,0.0037215082,0.0037215081974864006,0.5652639,0.5743335,1,8
2024-04-24 13:00:00,0.5937752,1,1,0.0032904774,0.003290477441623807,0.59572905,0.72754556,1,8
2024-04-24 13:05:00,0.5472443,1,1,0.0024715725,0.0024715724866837263,0.54859686,0.64480513,1,8
2024-04-24 13:10:00,0.7139418,1,1,0.0019318989,0.0019318988779559731,0.71532106,0.17742437,0,8
2024-04-24 13:15:00,0.5309369,1,1,0.0015851646,0.0015851645730435848,0.5317785,0.049431216,0,8
2024-04-24 13:20:00,0.50834554,0,-1,0.0013246483,-0.0013246482703834772,0.5090189,0.35811755,0,8
2024-04-24 13:25:00,0.52063066,1,1,0.0013565397,0.0013565396657213569,0.5213369,0.057273604,0,8
2024-04-24 13:30:00,0.51207536,0,-1,0.0015015422,-0.0015015421668067575,0.51284426,0.5238832,-1,8
2024-04-24 13:35:00,0.5723779,1,1,0.0023268051,0.002326805144548416,0.5737097,0.18122786,0,8
2024-04-24 13:40:00,0.621523,1,1,0.001252484,0.001252484042197466,0.6223015,0.07801147,0,8
2024-04-24 13:45:00,0.6351961,1,1,0.0013664961,0.0013664960861206055,0.6360641,0.07890615,0,8
2024-04-24 13:50:00,0.6189353,1,1,0.0012728511,0.0012728511355817318,0.6197231,0.035421334,0,8
2024-04-24 13:55:00,0.58065623,1,1,0.0012512563,0.001251256326213479,0.58138275,0.033785332,0,8
2024-04-24 14:00:00,0.64366996,1,1,0.0015927358,0.0015927357599139214,0.64469516,0.12728187,0,8
2024-04-24 14:05:00,0.64713526,1,1,0.002126803,0.002126802923157811,0.6485116,0.26795754,0,8
2024-04-24 14:10:00,0.57466966,1,1,0.0016913047,0.0016913047293201089,0.57564163,0.33050093,0,8
2024-04-24 14:15:00,0.5734898,1,1,0.0020354928,0.0020354927983134985,0.57465714,0.56101143,1,8
2024-04-24 14:20:00,0.6555706,1,1,0.0016830104,0.0016830103704705834,0.65667397,0.12926692,0,8
2024-04-24 14:25:00,0.62345135,1,1,0.0015713325,0.001571332453750074,0.62443095,0.3781382,0,8
2024-04-24 14:30:00,0.59837073,1,1,0.002276423,0.0022764229215681553,0.5997329,0.48687637,0,8
2024-04-24 14:35:00,0.59491855,1,1,0.0013541091,0.0013541091466322541,0.5957241,0.09630074,0,8
2024-04-24 14:40:00,0.58347386,1,1,0.0013273873,0.0013273872900754213,0.58424836,0.07963911,0,8
2024-04-24 14:45:00,0.4564955,0,-1,0.0015379793,-0.0015379793476313353,0.4571976,0.4727836,0,8
2024-04-24 14:50:00,0.5627547,1,1,0.0012666215,0.0012666215188801289,0.5634675,0.1875869,0,8
2024-04-24 14:55:00,0.57806855,1,1,0.0023178349,0.0023178348783403635,0.5794084,0.6831447,1,8
2024-04-24 15:00:00,0.60584146,1,1,0.0016872488,0.0016872488195076585,0.6068637,0.41228014,0,8
2024-04-24 15:05:00,0.59427625,1,1,0.0018348988,0.0018348988378420472,0.59536666,0.17022754,0,8
2024-04-24 15:10:00,0.52154905,1,1,0.0018684426,0.0018684426322579384,0.5225236,0.26153,0,8
2024-04-24 15:15:00,0.42295113,0,-1,0.001233039,-0.0012330389581620693,0.4234726,0.27755886,0,8
2024-04-24 15:20:00,0.5908868,1,1,0.0023374523,0.002337452257052064,0.59226793,0.063519664,0,8
2024-04-24 15:25:00,0.5265525,1,1,0.0019457103,0.0019457102753221989,0.52757704,0.11788386,0,8
2024-04-24 15:30:00,0.52523565,1,1,0.0013909108,0.001390910823829472,0.5259662,0.037872735,0,8
2024-04-24 15:35:00,0.44801039,0,-1,0.0013048183,-0.0013048183172941208,0.448595,0.20612565,0,8
2024-04-24 15:40:00,0.59500015,1,1,0.0012694687,0.0012694686884060502,0.59575546,0.03208879,0,8
2024-04-24 15:45:00,0.55530304,1,1,0.0022377616,0.002237761626020074,0.5565457,0.1016685,0,8
2024-04-24 15:50:00,0.5904834,1,1,0.0023677533,0.002367753302678466,0.5918815,0.090386,0,8
2024-04-24 15:55:00,0.5817853,1,1,0.0030060727,0.0030060727149248123,0.58353424,0.3399808,0,8
2024-04-25 09:30:00,0.34018746,0,-1,0.0020727175,-0.0020727175287902355,0.34089255,0.55892783,-1,8
2024-04-25 09:35:00,0.48439986,0,-1,0.002444144,-0.002444144105538726,0.4855838,0.73878276,-1,8
2024-04-25 09:40:00,0.49808416,0,-1,0.0024082072,-0.0024082071613520384,0.49928367,0.61274123,-1,8
2024-04-25 09:45:00,0.54537344,1,1,0.0021033227,0.0021033226512372494,0.54652053,0.46078104,0,8
2024-04-25 09:50:00,0.55623806,1,1,0.0022363137,0.0022363136522471905,0.557482,0.5962134,1,8
2024-04-25 09:55:00,0.47181025,0,-1,0.002774368,-0.002774368040263653,0.47311923,0.6187851,-1,8
2024-04-25 10:00:00,0.41194046,0,-1,0.003158332,-0.0031583320815116167,0.4132415,0.5990085,-1,8
2024-04-25 10:05:00,0.48739082,0,-1,0.0024283852,-0.0024283851962536573,0.48857442,0.6891142,-1,8
2024-04-25 10:10:00,0.5030465,0,-1,0.0020681617,-0.0020681617315858603,0.5040869,0.6619545,-1,8
2024-04-25 10:15:00,0.44923863,0,-1,0.0020493802,-0.002049380214884877,0.45015925,0.77009135,-1,8
2024-04-25 10:20:00,0.5628333,1,1,0.0022273527,0.002227352699264884,0.5640869,0.3931232,0,8
2024-04-25 10:25:00,0.48093274,0,-1,0.0027427746,-0.0027427745517343283,0.48225182,0.8304638,-1,8
2024-04-25 10:30:00,0.5220536,1,1,0.002416219,0.0024162190966308117,0.523315,0.36327165,0,8
2024-04-25 10:35:00,0.51915056,1,1,0.002818396,0.002818396082147956,0.52061373,0.5485302,1,8
2024-04-25 10:40:00,0.48657575,0,-1,0.0020425993,-0.002042599255219102,0.48756966,0.6414434,-1,8
2024-04-25 10:45:00,0.42886123,0,-1,0.0009955639,-0.0009955639252439141,0.42928818,0.31126854,0,8
2024-04-25 10:50:00,0.5164009,1,1,0.0010181912,0.00101819122210145,0.51692665,0.1839851,0,8
2024-04-25 10:55:00,0.48593622,0,-1,0.00113178,-0.0011317799799144268,0.4864862,0.16206682,0,8
2024-04-25 11:00:00,0.4888645,0,-1,0.0016875005,-0.0016875005094334483,0.48968947,0.7584187,-1,8
2024-04-25 11:05:00,0.4817606,0,-1,0.0013046007,-0.0013046007370576262,0.48238912,0.3846271,0,8
2024-04-25 11:10:00,0.48743296,0,-1,0.0013389308,-0.0013389308005571365,0.4880856,0.4053582,0,8
2024-04-25 11:15:00,0.5001338,0,-1,0.0014313158,-0.0014313157880678773,0.50084966,0.57232845,-1,8
2024-04-25 11:20:00,0.56994367,1,1,0.0014141131,0.0014141130959615111,0.5707496,0.31411645,0,8
2024-04-25 11:25:00,0.595149,1,1,0.0014950524,0.0014950523618608713,0.59603876,0.3765189,0,8
2024-04-25 11:30:00,0.5481068,1,1,0.0011809111,0.0011809110874310136,0.54875404,0.41313186,0,8
2024-04-25 11:35:00,0.6261744,1,1,0.00088351016,0.0008835101616568863,0.6267276,0.3842201,0,8
2024-04-25 11:40:00,0.48578903,0,-1,0.0011882165,-0.0011882164981216192,0.4863662,0.57314634,-1,8
2024-04-25 11:45:00,0.5986564,1,1,0.0009493644,0.0009493643883615732,0.59922475,0.44566956,0,8
2024-04-25 11:50:00,0.60556114,1,1,0.0015263878,0.0015263877576217055,0.6064854,0.57644695,1,8
2024-04-25 11:55:00,0.47724697,0,-1,0.0021584795,-0.00215847953222692,0.47827712,0.91372406,-1,8
2024-04-25 12:00:00,0.55672705,1,1,0.001271604,0.0012716039782389998,0.557435,0.46478012,0,8
2024-04-25 12:05:00,0.64569545,1,1,0.0015247449,0.0015247449046000838,0.64667994,0.48412874,0,8
2024-04-25 12:10:00,0.5503779,1,1,0.0016693664,0.0016693663783371449,0.5512967,0.7295273,1,8
2024-04-25 12:15:00,0.58382714,1,1,0.0017002235,0.001700223539955914,0.5848198,0.5305325,1,8
2024-04-25 12:20:00,0.55838263,1,1,0.0017834423,0.0017834423342719674,0.5593785,0.3843128,0,8
2024-04-25 12:25:00,0.5817184,1,1,0.0015449637,0.0015449636848643422,0.5826171,0.40514195,0,8
2024-04-25 12:30:00,0.64862514,1,1,0.0014510261,0.0014510260662063956,0.6495663,0.37586123,0,8
2024-04-25 12:35:00,0.66323984,1,1,0.0017719964,0.0017719963798299432,0.6644151,0.42066666,0,8
2024-04-25 12:40:00,0.6545933,1,1,0.0015525507,0.0015525507042184472,0.6556096,0.29285032,0,8
2024-04-25 12:45:00,0.731263,1,1,0.0012395142,0.001239514211192727,0.7321694,0.33228183,0,8
2024-04-25 12:50:00,0.66919345,1,1,0.0014956044,0.0014956044033169746,0.67019427,0.40588686,0,8
2024-04-25 12:55:00,0.6653651,1,1,0.0018588257,0.0018588256789371371,0.6666019,0.5477585,1,8
2024-04-25 13:00:00,0.46383074,0,-1,0.0017438667,-0.0017438667127862573,0.46463963,0.8035263,-1,8
2024-04-25 13:05:00,0.6821614,1,1,0.0017695252,0.0017695252317935228,0.6833685,0.6898994,1,8
2024-04-25 13:10:00,0.6183326,1,1,0.0017628283,0.0017628283239901066,0.6194227,0.67748505,1,8
2024-04-25 13:15:00,0.60351497,1,1,0.0012233644,0.0012233643792569637,0.6042533,0.40943837,0,8
2024-04-25 13:20:00,0.5512449,1,1,0.0018671524,0.0018671524012461305,0.55227417,0.69579816,1,8
2024-04-25 13:25:00,0.6561092,1,1,0.0019708376,0.001970837591215968,0.65740234,0.74476904,1,8
2024-04-25 13:30:00,0.6551557,1,1,0.002157742,0.0021577419247478247,0.65656936,0.8949956,1,8
2024-04-25 13:35:00,0.47212026,0,-1,0.0019990306,-0.001999030588194728,0.47306404,0.71916926,-1,8
2024-04-25 13:40:00,0.4521693,0,-1,0.0026050275,-0.0026050275191664696,0.45334724,0.94765663,-1,8
2024-04-25 13:45:00,0.37176672,0,-1,0.0019211753,-0.001921175280585885,0.37248096,0.7824943,-1,8
2024-04-25 13:50:00,0.4136875,0,-1,0.0017201822,-0.001720182248391211,0.41439912,0.81748646,-1,8
2024-04-25 13:55:00,0.49403602,0,-1,0.0015250527,-0.0015250527067109942,0.49478945,0.76563746,-1,8
2024-04-25 14:00:00,0.42049184,0,-1,0.003065695,-0.0030656950548291206,0.42178094,0.8119313,-1,8
2024-04-25 14:05:00,0.4788345,0,-1,0.0021735895,-0.0021735895425081253,0.47987527,0.8326994,-1,8
2024-04-25 14:10:00,0.6140953,1,1,0.0028622076,0.002862207591533661,0.61585295,0.35786787,0,8
2024-04-25 14:15:00,0.52517885,1,1,0.0024804822,0.002480482216924429,0.52648157,0.36227304,0,8
2024-04-25 14:20:00,0.60222703,1,1,0.0028385133,0.002838513348251581,0.60393643,0.33293355,0,8
2024-04-25 14:25:00,0.5621995,1,1,0.0020088258,0.002008825773373246,0.5633288,0.53544235,1,8
2024-04-25 14:30:00,0.52956325,1,1,0.002054697,0.0020546969026327133,0.53065133,0.67613745,1,8
2024-04-25 14:35:00,0.5591226,1,1,0.0017965164,0.0017965163569897413,0.5601271,0.5662693,1,8
2024-04-25 14:40:00,0.5737762,1,1,0.0017104584,0.0017104584258049726,0.5747576,0.43454042,0,8
2024-04-25 14:45:00,0.62084526,1,1,0.0015662888,0.001566288759931922,0.6218177,0.21370564,0,8
2024-04-25 14:50:00,0.5784435,1,1,0.0015968919,0.0015968919033184648,0.5793673,0.35968316,0,8
2024-04-25 14:55:00,0.5316055,1,1,0.0028592923,0.002859292319044471,0.53312546,0.5688205,1,8
2024-04-25 15:00:00,0.46537036,0,-1,0.005754961,-0.0057549611665308475,0.46804854,0.3709604,0,8
2024-04-25 15:05:00,0.42528418,0,-1,0.0044758446,-0.00447584455832839,0.42718768,0.7467938,-1,8
2024-04-25 15:10:00,0.52673566,1,1,0.00508746,0.005087459925562143,0.5294154,0.2663976,0,8
2024-04-25 15:15:00,0.34386775,0,-1,0.006217197,-0.006217197049409151,0.34600565,0.35368276,0,8
2024-04-25 15:20:00,0.47825864,0,-1,0.0058732913,-0.005873291287571192,0.4810676,0.69356024,-1,8
2024-04-25 15:25:00,0.5107483,0,-1,0.004085489,-0.004085489083081484,0.512835,0.81984496,-1,8
2024-04-25 15:30:00,0.560577,1,1,0.0036677804,0.0036677804309874773,0.5626331,0.37564197,0,8
2024-04-25 15:35:00,0.5809226,1,1,0.003092684,0.0030926840845495462,0.5827192,0.3918468,0,8
2024-04-25 15:40:00,0.5463905,1,1,0.0025568136,0.002556813647970557,0.5477875,0.6520435,1,8
2024-04-25 15:45:00,0.5789566,1,1,0.0022119782,0.002211978193372488,0.5802372,0.6636181,1,8
2024-04-25 15:50:00,0.502618,0,-1,0.0029618123,-0.0029618123080581427,0.50410664,0.8187329,-1,8
2024-04-25 15:55:00,0.5773954,1,1,0.0041853935,0.004185393452644348,0.57981205,0.11337615,0,8
2024-04-26 09:30:00,0.39430594,0,-1,0.0011907291,-0.00119072909001261,0.39477548,0.16590747,0,8
2024-04-26 09:35:00,0.51301175,1,1,0.0011979,0.0011979000410065055,0.51362634,0.4807833,0,8
2024-04-26 09:40:00,0.65835136,1,1,0.0014626245,0.0014626245247200131,0.6593143,0.11006567,0,8
2024-04-26 09:45:00,0.59525335,1,1,0.0013864797,0.0013864797074347734,0.5960787,0.040092338,0,8
2024-04-26 09:50:00,0.5240292,1,1,0.0012258899,0.0012258898932486773,0.5246716,0.06323448,0,8
2024-04-26 09:55:00,0.71189654,1,1,0.0013247927,0.0013247927417978644,0.71283966,0.064460084,0,8
2024-04-26 10:00:00,0.5425465,1,1,0.0011967209,0.0011967208702117205,0.5431958,0.021696305,0,8
2024-04-26 10:05:00,0.5608465,1,1,0.0010478297,0.0010478297481313348,0.5614342,0.042308472,0,8
2024-04-26 10:10:00,0.51878345,1,1,0.0010088981,0.0010088981362059712,0.51930684,0.12388119,0,8
2024-04-26 10:15:00,0.58457714,1,1,0.0010758288,0.0010758287971839309,0.5852061,0.063632764,0,8
2024-04-26 10:20:00,0.5114011,0,-1,0.0012402764,-0.001240276382304728,0.51203537,0.44200763,0,8
2024-04-26 10:25:00,0.66909665,1,1,0.0018183787,0.0018183786887675524,0.67031336,0.25098106,0,8
2024-04-26 10:30:00,0.6342415,1,1,0.001574789,0.0015747890574857593,0.6352403,0.06275556,0,8
2024-04-26 10:35:00,0.7263604,1,1,0.0015327291,0.0015327291330322623,0.7274737,0.07062392,0,8
2024-04-26 10:40:00,0.6721307,1,1,0.0016018924,0.001601892407052219,0.6732074,0.09374237,0,8
2024-04-26 10:45:00,0.63385844,1,1,0.0022940657,0.0022940656635910273,0.63531256,0.18899724,0,8
2024-04-26 10:50:00,0.61527014,1,1,0.0015115609,0.0015115608694031835,0.61620015,0.06689205,0,8
2024-04-26 10:55:00,0.45328155,0,-1,0.0012114024,-0.0012114023556932807,0.45383066,0.3486139,0,8
2024-04-26 11:00:00,0.5154828,1,1,0.0014802833,0.0014802833320572972,0.5162459,0.46651947,0,8
2024-04-26 11:05:00,0.49000356,0,-1,0.0013661192,-0.0013661192497238517,0.49067298,0.4534078,0,8
2024-04-26 11:10:00,0.6588421,1,1,0.002254352,0.0022543519735336304,0.6603274,0.27115807,0,8
2024-04-26 11:15:00,0.56322896,1,1,0.0013375031,0.001337503083050251,0.5639823,0.025784312,0,8
2024-04-26 11:20:00,0.46251732,0,-1,0.0012244561,-0.0012244561221450567,0.46308362,0.38672006,0,8
2024-04-26 11:25:00,0.5217365,1,1,0.0010720756,0.0010720755672082305,0.52229583,0.06796566,0,8
2024-04-26 11:30:00,0.5368711,1,1,0.0011440088,0.0011440088273957372,0.5374853,0.03131414,0,8
2024-04-26 11:35:00,0.56934255,1,1,0.00133819,0.0013381900498643517,0.5701045,0.039641652,0,8
2024-04-26 11:40:00,0.581177,1,1,0.0017326802,0.0017326802480965853,0.582184,0.038041662,0,8
2024-04-26 11:45:00,0.5717186,1,1,0.0012765871,0.0012765871360898018,0.57244843,0.053455133,0,8
2024-04-26 11:50:00,0.5692417,1,1,0.0016365398,0.0016365398187190294,0.57017326,0.08732827,0,8
2024-04-26 11:55:00,0.4472309,0,-1,0.001062586,-0.001062585972249508,0.44770613,0.3633847,0,8
2024-04-26 12:00:00,0.54205334,1,1,0.0012550168,0.0012550167739391327,0.5427336,0.035877362,0,8
2024-04-26 12:05:00,0.5201224,1,1,0.0009742661,0.0009742660913616419,0.52062917,0.06424124,0,8
2024-04-26 12:10:00,0.58929163,1,1,0.0009806233,0.0009806232992559671,0.5898695,0.053554647,0,8
2024-04-26 12:15:00,0.42085242,0,-1,0.000999789,-0.000999788986518979,0.4212732,0.31951255,0,8
2024-04-26 12:20:00,0.4873121,0,-1,0.0009887558,-0.0009887558408081532,0.48779392,0.36003727,0,8
2024-04-26 12:25:00,0.48232096,0,-1,0.0009951523,-0.000995152280665934,0.48280096,0.41637218,0,8
2024-04-26 12:30:00,0.57468647,1,1,0.0011184781,0.0011184781324118376,0.5753292,0.04923178,0,8
2024-04-26 12:35:00,0.4756752,0,-1,0.0011403739,-0.001140373875387013,0.47621763,0.4732044,0,8
2024-04-26 12:40:00,0.5949092,1,1,0.0014739558,0.0014739558100700378,0.59578604,0.06704016,0,8
2024-04-26 12:45:00,0.5456931,1,1,0.0011014423,0.0011014422634616494,0.54629415,0.050518848,0,8
2024-04-26 12:50:00,0.47563294,0,-1,0.0010480332,-0.0010480332421138883,0.47613144,0.42331958,0,8
2024-04-26 12:55:00,0.4955903,0,-1,0.0010350157,-0.0010350156808272004,0.49610323,0.5200555,-1,8
2024-04-26 13:00:00,0.5718447,1,1,0.0012861481,0.0012861480936408043,0.57258016,0.04195666,0,8
2024-04-26 13:05:00,0.53215855,1,1,0.0010925316,0.0010925316018983722,0.53273994,0.07119857,0,8
2024-04-26 13:10:00,0.5386775,1,1,0.0009739057,0.0009739057277329266,0.53920215,0.075134225,0,8
2024-04-26 13:15:00,0.56423366,1,1,0.0013769716,0.0013769716024398804,0.5650106,0.049036056,0,8
2024-04-26 13:20:00,0.50951463,0,-1,0.00095914525,-0.0009591452544555068,0.5100033,0.53193504,-1,8
2024-04-26 13:25:00,0.49269667,0,-1,0.0011654699,-0.0011654698755592108,0.4932709,0.32967114,0,8
2024-04-26 13:30:00,0.6133381,1,1,0.0010369072,0.0010369071969762444,0.6139741,0.056603756,0,8
2024-04-26 13:35:00,0.59775907,1,1,0.0010398916,0.0010398916201665998,0.5983807,0.04955117,0,8
2024-04-26 13:40:00,0.58321756,1,1,0.001479669,0.0014796690084040165,0.5840805,0.055872936,0,8
2024-04-26 13:45:00,0.52240413,1,1,0.0010673648,0.0010673648212105036,0.52296174,0.10656684,0,8
2024-04-26 13:50:00,0.38856986,0,-1,0.0017711149,-0.0017711148830130696,0.38925806,0.48940036,0,8
2024-04-26 13:55:00,0.5496295,1,1,0.0010674288,0.0010674288496375084,0.5502162,0.05442352,0,8
2024-04-26 14:00:00,0.5197047,1,1,0.0011365518,0.0011365518439561129,0.5202954,0.23599286,0,8
2024-04-26 14:05:00,0.48925868,0,-1,0.00120192,-0.0012019199784845114,0.4898467,0.5082241,-1,8
2024-04-26 14:10:00,0.41446277,0,-1,0.00093864155,-0.000938641547691077,0.4148518,0.5210655,-1,8
2024-04-26 14:15:00,0.50251913,0,-1,0.0011809666,-0.001180966617539525,0.5031126,0.4830608,0,8
2024-04-26 14:20:00,0.52454287,1,1,0.0009775136,0.000977513613179326,0.52505565,0.15969175,0,8
2024-04-26 14:25:00,0.46680295,0,-1,0.00087590265,-0.0008759026532061398,0.46721184,0.45854482,0,8
2024-04-26 14:30:00,0.45640117,0,-1,0.00095683656,-0.0009568365640006959,0.4568379,0.5410222,-1,8
2024-04-26 14:35:00,0.47093898,0,-1,0.0013644004,-0.001364400377497077,0.47158152,0.72986996,-1,8
2024-04-26 14:40:00,0.4773407,0,-1,0.0010382708,-0.0010382707696408033,0.47783634,0.5079791,-1,8
2024-04-26 14:45:00,0.47877046,0,-1,0.0010436323,-0.0010436322772875428,0.47927016,0.4075139,0,8
2024-04-26 14:50:00,0.45788595,0,-1,0.000994423,-0.0009944230550900102,0.4583413,0.47673997,0,8
2024-04-26 14:55:00,0.5515614,1,1,0.002619401,0.0026194010861217976,0.5530062,0.10001736,0,8
2024-04-26 15:00:00,0.46021876,0,-1,0.0011198716,-0.001119871623814106,0.46073413,0.50493634,-1,8
2024-04-26 15:05:00,0.57808477,1,1,0.0014324816,0.0014324815711006522,0.5789129,0.081526116,0,8
2024-04-26 15:10:00,0.52267313,1,1,0.0009433002,0.0009433001978322864,0.5231662,0.22984211,0,8
2024-04-26 15:15:00,0.56194127,1,1,0.00093842257,0.0009384225704707205,0.5624686,0.12934466,0,8
2024-04-26 15:20:00,0.61367667,1,1,0.0013978491,0.0013978490605950356,0.6145345,0.059553232,0,8
2024-04-26 15:25:00,0.5881833,1,1,0.0012058853,0.0012058853171765804,0.5888926,0.047710195,0,8
2024-04-26 15:30:00,0.5289514,1,1,0.0016598008,0.0016598007641732693,0.5298293,0.47499487,0,8
2024-04-26 15:35:00,0.4642394,0,-1,0.0011862335,-0.0011862334795296192,0.4647901,0.47826087,0,8
2024-04-26 15:40:00,0.541145,1,1,0.0020556906,0.002055690623819828,0.5422574,0.37464797,0,8
2024-04-26 15:45:00,0.4924447,0,-1,0.0018202547,-0.0018202547216787934,0.49334106,0.7915039,-1,8
2024-04-26 15:50:00,0.5167261,1,1,0.0018043191,0.0018043190939351916,0.5176584,0.4816383,0,8
2024-04-26 15:55:00,0.6503208,1,1,0.002733569,0.0027335688937455416,0.65209854,0.6176144,1,8
2024-04-29 09:30:00,0.22054628,0,-1,0.0026130823,-0.002613082295283675,0.22112258,0.3543788,0,8
2024-04-29 09:35:00,0.5833057,1,1,0.002019166,0.002019166015088558,0.5844835,0.118094124,0,8
2024-04-29 09:40:00,0.4309961,0,-1,0.0019726208,-0.001972620841115713,0.4318463,0.748021,-1,8
2024-04-29 09:45:00,0.45413804,0,-1,0.0017306923,-0.0017306923400610685,0.45492402,0.46354833,0,8
2024-04-29 09:50:00,0.5539129,1,1,0.0015561113,0.001556111266836524,0.5547749,0.14017019,0,8
2024-04-29 09:55:00,0.46081772,0,-1,0.00096681685,-0.0009668168495409191,0.46126324,0.38801524,0,8
2024-04-29 10:00:00,0.5102816,0,-1,0.0009975107,-0.000997510738670826,0.51079065,0.4770063,0,8
2024-04-29 10:05:00,0.5699348,1,1,0.0009922567,0.0009922566823661327,0.5705003,0.034332052,0,8
2024-04-29 10:10:00,0.55081356,1,1,0.0011854211,0.0011854211334139109,0.5514665,0.0321712,0,8
2024-04-29 10:15:00,0.5590243,1,1,0.0014380259,0.00143802585080266,0.55982816,0.036073614,0,8
2024-04-29 10:20:00,0.4938289,0,-1,0.0013866154,-0.0013866154477000237,0.49451366,0.22861844,0,8
2024-04-29 10:25:00,0.5397547,1,1,0.0012279726,0.0012279725633561611,0.5404175,0.03081429,0,8
2024-04-29 10:30:00,0.46799186,0,-1,0.0013335731,-0.0013335731346160173,0.46861598,0.56417763,-1,8
2024-04-29 10:35:00,0.52320915,1,1,0.0019193783,0.0019193782936781645,0.5242134,0.2447036,0,8
2024-04-29 10:40:00,0.53376216,1,1,0.0019229064,0.0019229063764214516,0.53478855,0.11365233,0,8
2024-04-29 10:45:00,0.4827037,0,-1,0.0036594996,-0.0036594995763152838,0.48447013,0.8736439,-1,8
2024-04-29 10:50:00,0.5370674,1,1,0.0031586345,0.003158634528517723,0.5387638,0.47161826,0,8
2024-04-29 10:55:00,0.5903919,1,1,0.0027973393,0.0027973393443971872,0.5920434,0.32361546,0,8
2024-04-29 11:00:00,0.5284437,1,1,0.0027564378,0.0027564377523958683,0.5299003,0.47947845,0,8
2024-04-29 11:05:00,0.5198526,1,1,0.0027565795,0.0027565795462578535,0.5212856,0.527841,1,8
2024-04-29 11:10:00,0.49660948,0,-1,0.0027527942,-0.002752794185653329,0.49797654,0.8689472,-1,8
2024-04-29 11:15:00,0.49450716,0,-1,0.0027298273,-0.002729827305302024,0.49585706,0.8717737,-1,8
2024-04-29 11:20:00,0.56293344,1,1,0.0027083538,0.002708353800699115,0.5644581,0.505299,1,8
2024-04-29 11:25:00,0.54923856,1,1,0.0026335435,0.0026335434522479773,0.55068505,0.35616243,0,8
2024-04-29 11:30:00,0.5582107,1,1,0.002356971,0.002356970915570855,0.5595264,0.4297505,0,8
2024-04-29 11:35:00,0.5601102,1,1,0.0015599102,0.0015599102480337024,0.5609839,0.12163978,0,8
2024-04-29 11:40:00,0.51585984,1,1,0.0040148124,0.004014812409877777,0.5179309,0.6857251,1,8
2024-04-29 11:45:00,0.5207239,1,1,0.0026358636,0.002635863609611988,0.5220964,0.41356,0,8
2024-04-29 11:50:00,0.44869548,0,-1,0.0027751024,-0.002775102388113737,0.44994065,0.7077854,-1,8
2024-04-29 11:55:00,0.4452121,0,-1,0.0026806744,-0.0026806744281202555,0.44640556,0.8167195,-1,8
2024-04-29 12:00:00,0.5290388,1,1,0.002508034,0.002508033998310566,0.53036565,0.33173692,0,8
2024-04-29 12:05:00,0.49702907,0,-1,0.0024579319,-0.0024579318705946207,0.49825075,0.80969125,-1,8
2024-04-29 12:10:00,0.49523714,0,-1,0.0016943847,-0.001694384729489684,0.4960763,0.5863361,-1,8
2024-04-29 12:15:00,0.53985816,1,1,0.0016736239,0.0016736239194869995,0.54076165,0.045711443,0,8
2024-04-29 12:20:00,0.5609179,1,1,0.0023658993,0.00236589927226305,0.562245,0.31511265,0,8
2024-04-29 12:25:00,0.58842057,1,1,0.002664505,0.002664505038410425,0.5899884,0.14040044,0,8
2024-04-29 12:30:00,0.6125962,1,1,0.0026971395,0.002697139512747526,0.61424845,0.19134146,0,8
2024-04-29 12:35:00,0.5498024,1,1,0.002621759,0.0026217589620500803,0.5512439,0.13364892,0,8
2024-04-29 12:40:00,0.5785858,1,1,0.0036364177,0.0036364176776260138,0.5806897,0.1765217,0,8
2024-04-29 12:45:00,0.5208239,1,1,0.002673595,0.002673594979569316,0.5222164,0.30409425,0,8
2024-04-29 12:50:00,0.57802415,1,1,0.0028346893,0.00283468933776021,0.5796627,0.48293912,0,8
2024-04-29 12:55:00,0.54066753,1,1,0.002751689,0.002751688938587904,0.54215527,0.27105215,0,8
2024-04-29 13:00:00,0.5368019,1,1,0.002799638,0.002799638081341982,0.53830475,0.4362364,0,8
2024-04-29 13:05:00,0.5722148,1,1,0.0028161253,0.0028161252848803997,0.5738262,0.44005296,0,8
2024-04-29 13:10:00,0.5134969,1,1,0.0027494868,0.0027494868263602257,0.51490873,0.76403964,1,8
2024-04-29 13:15:00,0.53953564,1,1,0.0027458947,0.0027458947151899338,0.5410171,0.27649012,0,8
2024-04-29 13:20:00,0.596299,1,1,0.0026306855,0.002630685456097126,0.59786767,0.1756837,0,8
2024-04-29 13:25:00,0.54816276,1,1,0.0025247526,0.0025247526355087757,0.5495467,0.1394619,0,8
2024-04-29 13:30:00,0.5504988,1,1,0.0019475869,0.001947586890310049,0.55157095,0.07529534,0,8
2024-04-29 13:35:00,0.5363565,1,1,0.002079538,0.002079538069665432,0.53747183,0.1639547,0,8
2024-04-29 13:40:00,0.44868186,0,-1,0.0012059369,-0.0012059368891641498,0.44922292,0.3086059,0,8
2024-04-29 13:45:00,0.521598,1,1,0.0011972709,0.0011972709326073527,0.52222246,0.053886853,0,8
2024-04-29 13:50:00,0.51046103,0,-1,0.0011646085,-0.0011646085185930133,0.51105547,0.35532814,0,8
2024-04-29 13:55:00,0.51117074,0,-1,0.0011816121,-0.0011816121404990554,0.5117747,0.34017533,0,8
2024-04-29 14:00:00,0.4957874,0,-1,0.0015475695,-0.0015475695254281163,0.49655467,0.3593007,0,8
2024-04-29 14:05:00,0.43956977,0,-1,0.0011584859,-0.0011584858875721693,0.440079,0.33914712,0,8
2024-04-29 14:10:00,0.4236235,0,-1,0.0011584859,-0.0011584858875721693,0.42411426,0.3208112,0,8
2024-04-29 14:15:00,0.5462893,1,1,0.0015327946,0.001532794558443129,0.54712665,0.17814334,0,8
2024-04-29 14:20:00,0.51492935,1,1,0.0011307508,0.0011307507520541549,0.5155116,0.33430392,0,8
2024-04-29 14:25:00,0.49818426,0,-1,0.0012144893,-0.0012144893407821655,0.4987893,0.29226992,0,8
2024-04-29 14:30:00,0.50611603,0,-1,0.0024302811,-0.002430281136184931,0.50734603,0.569778,-1,8
2024-04-29 14:35:00,0.5149361,1,1,0.0015891906,0.0015891905641183257,0.5157544,0.40742105,0,8
2024-04-29 14:40:00,0.53345585,1,1,0.0019684967,0.001968496711924672,0.53450596,0.15809621,0,8
2024-04-29 14:45:00,0.40473008,0,-1,0.0012501517,-0.0012501516612246633,0.40523607,0.2405738,0,8
2024-04-29 14:50:00,0.4179002,0,-1,0.0014977173,-0.0014977173414081335,0.4185261,0.28758013,0,8
2024-04-29 14:55:00,0.56144744,1,1,0.0017261957,0.0017261956818401814,0.5624166,0.20450103,0,8
2024-04-29 15:00:00,0.40439343,0,-1,0.0025913815,-0.00259138154797256,0.40544137,0.21145953,0,8
2024-04-29 15:05:00,0.57655525,1,1,0.0030819625,0.003081962466239929,0.5783321,0.4919856,0,8
2024-04-29 15:10:00,0.61254776,1,1,0.0028505283,0.0028505283407866955,0.6142938,0.48643774,0,8
2024-04-29 15:15:00,0.5424887,1,1,0.0015604974,0.0015604974469169974,0.5433352,0.14337692,0,8
2024-04-29 15:20:00,0.5394417,1,1,0.0013817835,0.001381783513352275,0.54018706,0.11732438,0,8
2024-04-29 15:25:00,0.5852117,1,1,0.0010072938,0.0010072938166558743,0.5858012,0.11769912,0,8
2024-04-29 15:30:00,0.57478756,1,1,0.00096408656,0.000964086560998112,0.5753417,0.07855763,0,8
2024-04-29 15:35:00,0.5049131,0,-1,0.0014027292,-0.0014027291908860207,0.5056214,0.24356088,0,8
2024-04-29 15:40:00,0.5474034,1,1,0.0016733127,0.0016733127413317561,0.5483194,0.113971926,0,8
2024-04-29 15:45:00,0.53224516,1,1,0.0013585589,0.001358558889478445,0.5329682,0.07206106,0,8
2024-04-29 15:50:00,0.47759384,0,-1,0.0024056374,-0.0024056374095380306,0.47874275,0.46407768,0,8
2024-04-29 15:55:00,0.5089757,0,-1,0.003941488,-0.0039414879865944386,0.51098186,0.6813098,-1,8
2024-04-30 09:30:00,0.41470745,0,-1,0.0019084165,-0.0019084165105596185,0.41549888,0.6759303,-1,8
2024-04-30 09:35:00,0.4686659,0,-1,0.0012111304,-0.001211130409501493,0.46923354,0.44489276,0,8
2024-04-30 09:40:00,0.48672962,0,-1,0.0016027377,-0.0016027376987040043,0.48750973,0.5309452,-1,8
2024-04-30 09:45:00,0.532556,1,1,0.0016700488,0.0016700488049536943,0.53344536,0.26116526,0,8
2024-04-30 09:50:00,0.50500095,0,-1,0.0013312314,-0.0013312314404174685,0.5056732,0.32589006,0,8
2024-04-30 09:55:00,0.5464261,1,1,0.0010231336,0.0010231336345896125,0.5469852,0.1181617,0,8
2024-04-30 10:00:00,0.5204784,1,1,0.0016228794,0.0016228794120252132,0.52132314,0.23032743,0,8
2024-04-30 10:05:00,0.52151155,1,1,0.0012553061,0.0012553060660138726,0.5221662,0.13467127,0,8
2024-04-30 10:10:00,0.55543673,1,1,0.0015525898,0.001552589819766581,0.5562991,0.20653388,0,8
2024-04-30 10:15:00,0.54268116,1,1,0.0012226483,0.0012226483086124063,0.5433446,0.09697166,0,8
2024-04-30 10:20:00,0.5226356,1,1,0.0012244893,0.0012244893005117774,0.52327555,0.11257988,0,8
2024-04-30 10:25:00,0.5296882,1,1,0.001043974,0.0010439739562571049,0.53024113,0.16224268,0,8
2024-04-30 10:30:00,0.55870324,1,1,0.0013826462,0.0013826461508870125,0.5594757,0.066312656,0,8
2024-04-30 10:35:00,0.5383675,1,1,0.0010614146,0.0010614146012812853,0.53893894,0.11637574,0,8
2024-04-30 10:40:00,0.47906882,0,-1,0.0014872068,-0.0014872067840769887,0.4797813,0.5778433,-1,8
2024-04-30 10:45:00,0.5180126,1,1,0.0009999886,0.0009999886387959123,0.5185306,0.20348316,0,8
2024-04-30 10:50:00,0.5233431,1,1,0.0014750137,0.0014750136760994792,0.524115,0.28488156,0,8
2024-04-30 10:55:00,0.4962904,0,-1,0.0017119858,-0.001711985794827342,0.49714002,0.62672913,-1,8
2024-04-30 11:00:00,0.56061304,1,1,0.0017397128,0.0017397127812728286,0.56158835,0.18483634,0,8
2024-04-30 11:05:00,0.5289422,1,1,0.0018126412,0.001812641159631312,0.529901,0.4206903,0,8
2024-04-30 11:10:00,0.39573812,0,-1,0.0025314842,-0.0025314842350780964,0.39673996,0.556724,-1,8
2024-04-30 11:15:00,0.5491756,1,1,0.0025497153,0.0025497153401374817,0.5505759,0.3157558,0,8
2024-04-30 11:20:00,0.60356843,1,1,0.0021924023,0.002192402258515358,0.60489166,0.5208587,1,8
2024-04-30 11:25:00,0.5992739,1,1,0.001569018,0.0015690180007368326,0.6002142,0.1361603,0,8
2024-04-30 11:30:00,0.3842307,0,-1,0.0013966776,-0.001396677573211491,0.38476735,0.1578849,0,8
2024-04-30 11:35:00,0.55224544,1,1,0.0021641573,0.0021641573403030634,0.5534406,0.29712576,0,8
2024-04-30 11:40:00,0.6926428,1,1,0.0018796078,0.001879607792943716,0.6939447,0.1857017,0,8
2024-04-30 11:45:00,0.64190024,1,1,0.002614674,0.002614673925563693,0.6435786,0.34969902,0,8
2024-04-30 11:50:00,0.64833295,1,1,0.0019601511,0.001960151130333543,0.6496038,0.15741317,0,8
2024-04-30 11:55:00,0.5598115,1,1,0.0021379222,0.002137922216206789,0.5610083,0.18969345,0,8
2024-04-30 12:00:00,0.42413816,0,-1,0.0018006989,-0.0018006989266723394,0.42490187,0.36650735,0,8
2024-04-30 12:05:00,0.47055936,0,-1,0.0020590846,-0.0020590845961123705,0.4715283,0.6721337,-1,8
2024-04-30 12:10:00,0.5477077,1,1,0.0015840522,0.0015840522246435285,0.5485753,0.21050857,0,8
2024-04-30 12:15:00,0.51476693,1,1,0.0017653602,0.0017653602408245206,0.51567566,0.5615901,1,8
2024-04-30 12:20:00,0.6215281,1,1,0.0015764355,0.0015764355193823576,0.62250787,0.26299885,0,8
2024-04-30 12:25:00,0.6531532,1,1,0.0021408221,0.002140822121873498,0.6545515,0.73763967,1,8
2024-04-30 12:30:00,0.4346159,0,-1,0.002015963,-0.002015962963923812,0.43549207,0.5727343,-1,8
2024-04-30 12:35:00,0.4892218,0,-1,0.0031304366,-0.0031304366420954466,0.4907533,0.76622915,-1,8
2024-04-30 12:40:00,0.55233115,1,1,0.0034476973,0.003447697265073657,0.5542354,0.50035226,1,8
2024-04-30 12:45:00,0.5866969,1,1,0.0037975253,0.003797525307163596,0.58892494,0.6866029,1,8
2024-04-30 12:50:00,0.52827513,1,1,0.0036566388,0.0036566387861967087,0.53020686,0.49857032,0,8
2024-04-30 12:55:00,0.5898152,1,1,0.0033743526,0.0033743525855243206,0.59180546,0.5577002,1,8
2024-04-30 13:00:00,0.51759076,1,1,0.0027323898,0.0027323898393660784,0.519005,0.41648668,0,8
2024-04-30 13:05:00,0.4665052,0,-1,0.0026832155,-0.002683215541765094,0.4677569,0.78685415,-1,8
2024-04-30 13:10:00,0.53698945,1,1,0.0028010844,0.0028010844253003597,0.5384936,0.3315143,0,8
2024-04-30 13:15:00,0.5307514,1,1,0.002548145,0.0025481448974460363,0.53210384,0.40782842,0,8
2024-04-30 13:20:00,0.52541006,1,1,0.003250423,0.003250422887504101,0.5271179,0.5030223,1,8
2024-04-30 13:25:00,0.4392559,0,-1,0.0026863448,-0.002686344785615802,0.44043592,0.66358113,-1,8
2024-04-30 13:30:00,0.57412565,1,1,0.0040549682,0.004054968245327473,0.57645375,0.5424223,1,8
2024-04-30 13:35:00,0.6960119,1,1,0.0027269307,0.002726930659264326,0.6979099,0.70578396,1,8
2024-04-30 13:40:00,0.5841779,1,1,0.0039305766,0.003930576611310244,0.58647406,0.66022336,1,8
2024-04-30 13:45:00,0.58000517,1,1,0.0030555725,0.003055572509765625,0.5817774,0.6118291,1,8
2024-04-30 13:50:00,0.6251777,1,1,0.0022184832,0.0022184832487255335,0.6265646,0.4993461,0,8
2024-04-30 13:55:00,0.6035002,1,1,0.002685059,0.002685059094801545,0.6051206,0.64407456,1,8
2024-04-30 14:00:00,0.52515745,1,1,0.0018702903,0.0018702902598306537,0.5261396,0.04182372,0,8
2024-04-30 14:05:00,0.63362783,1,1,0.003396826,0.003396826097741723,0.63578016,0.8032654,1,8
2024-04-30 14:10:00,0.6148706,1,1,0.0031863118,0.0031863118056207895,0.6168298,0.7385451,1,8
2024-04-30 14:15:00,0.63287324,1,1,0.003617073,0.003617072943598032,0.63516235,0.7460185,1,8
2024-04-30 14:20:00,0.57872355,1,1,0.0031935968,0.0031935968436300755,0.5805718,0.69348526,1,8
2024-04-30 14:25:00,0.5506849,1,1,0.003410214,0.0034102140925824642,0.5525629,0.5569118,1,8
2024-04-30 14:30:00,0.56952107,1,1,0.0033228635,0.0033228634856641293,0.5714135,0.50850594,1,8
2024-04-30 14:35:00,0.65538156,1,1,0.0031980923,0.0031980923376977444,0.65747756,0.6816174,1,8
2024-04-30 14:40:00,0.58978957,1,1,0.0027332723,0.0027332722675055265,0.5914016,0.7000315,1,8
2024-04-30 14:45:00,0.56563,1,1,0.0034761613,0.00347616127692163,0.56759626,0.70410275,1,8
2024-04-30 14:50:00,0.562132,1,1,0.002900601,0.0029006008990108967,0.56376255,0.5048808,1,8
2024-04-30 14:55:00,0.58350044,1,1,0.0038924962,0.0038924962282180786,0.58577174,0.5993025,1,8
2024-04-30 15:00:00,0.5944572,1,1,0.0037325043,0.0037325043231248856,0.59667605,0.6811474,1,8
2024-04-30 15:05:00,0.5214366,1,1,0.00476702,0.004767019767314196,0.52392226,0.4280205,0,8
2024-04-30 15:10:00,0.5100476,0,-1,0.0040723975,-0.004072397481650114,0.5121247,0.753143,-1,8
2024-04-30 15:15:00,0.51558506,1,1,0.0038226696,0.003822669619694352,0.517556,0.43192816,0,8
2024-04-30 15:20:00,0.48347074,0,-1,0.0033086683,-0.00330866826698184,0.48507038,0.46488273,0,8
2024-04-30 15:25:00,0.56599456,1,1,0.004210775,0.004210774786770344,0.56837785,0.16008796,0,8
2024-04-30 15:30:00,0.63189316,1,1,0.0045885127,0.0045885127037763596,0.63479257,0.44854203,0,8
2024-04-30 15:35:00,0.57886463,1,1,0.0058844606,0.005884460639208555,0.5822709,0.23579392,0,8
2024-04-30 15:40:00,0.5031281,0,-1,0.0061687836,-0.006168783642351627,0.50623184,0.48872256,0,8
2024-04-30 15:45:00,0.6195541,1,1,0.0061000637,0.006100063677877188,0.6233334,0.25713128,0,8
2024-04-30 15:50:00,0.3722114,0,-1,0.0030927842,-0.0030927842017263174,0.37336257,0.20600857,0,8
2024-04-30 15:55:00,0.43347973,0,-1,0.0041903076,-0.004190307576209307,0.43529615,0.21535681,0,8
2024-05-01 09:30:00,0.4903685,0,-1,0.002838176,-0.0028381759766489267,0.49176022,0.49783078,0,8
2024-05-01 09:35:00,0.4695606,0,-1,0.002053487,-0.002053487114608288,0.47052485,0.57226086,-1,8
2024-05-01 09:40:00,0.43658972,0,-1,0.0019456049,-0.0019456049194559455,0.43743914,0.44536313,0,8
2024-05-01 09:45:00,0.40338418,0,-1,0.001725236,-0.00172523595392704,0.4040801,0.5376588,-1,8
2024-05-01 09:50:00,0.54824495,1,1,0.0018664097,0.0018664096714928746,0.54926825,0.20136616,0,8
2024-05-01 09:55:00,0.5846076,1,1,0.0016829543,0.0016829542582854629,0.5855915,0.14336213,0,8
2024-05-01 10:00:00,0.52020603,1,1,0.0027609575,0.0027609574608504772,0.5216423,0.18315852,0,8
2024-05-01 10:05:00,0.39837515,0,-1,0.0020498727,-0.002049872651696205,0.3991918,0.5321628,-1,8
2024-05-01 10:10:00,0.44595984,0,-1,0.0019322359,-0.0019322359003126621,0.44682154,0.60776883,-1,8
2024-05-01 10:15:00,0.38836926,0,-1,0.0015950716,-0.0015950716333463788,0.38898873,0.3734862,0,8
2024-05-01 10:20:00,0.33805093,0,-1,0.0017107101,-0.0017107101157307625,0.33862922,0.31623954,0,8
2024-05-01 10:25:00,0.47902635,0,-1,0.0016389822,-0.0016389822121709585,0.4798115,0.50674963,-1,8
2024-05-01 10:30:00,0.5371629,1,1,0.0018820363,0.0018820363329723477,0.53817385,0.19053894,0,8
2024-05-01 10:35:00,0.55636597,1,1,0.0021474373,0.0021474373061209917,0.55756074,0.35227832,0,8
2024-05-01 10:40:00,0.4744457,0,-1,0.0019812016,-0.001981201581656933,0.4753857,0.3445588,0,8
2024-05-01 10:45:00,0.51103544,0,-1,0.0028585214,-0.002858521416783333,0.51249623,0.8023614,-1,8
2024-05-01 10:50:00,0.54342866,1,1,0.0027396663,0.002739666262641549,0.54491746,0.732315,1,8
2024-05-01 10:55:00,0.521298,1,1,0.0025968868,0.0025968868285417557,0.52265173,0.8006372,1,8
2024-05-01 11:00:00,0.5106199,0,-1,0.0026133421,-0.002613342134281993,0.5119543,0.83487785,-1,8
2024-05-01 11:05:00,0.4932326,0,-1,0.0020378313,-0.002037831349298358,0.49423775,0.65023595,-1,8
2024-05-01 11:10:00,0.45198712,0,-1,0.002361173,-0.00236117304302752,0.45305434,0.5470291,-1,8
2024-05-01 11:15:00,0.51526546,1,1,0.0029588745,0.002958874450996518,0.5167901,0.4413184,0,8
2024-05-01 11:20:00,0.4961319,0,-1,0.0023566228,-0.0023566228337585926,0.4973011,0.63445777,-1,8
2024-05-01 11:25:00,0.46801504,0,-1,0.0025456417,-0.0025456417351961136,0.46920642,0.8073391,-1,8
2024-05-01 11:30:00,0.55725616,1,1,0.002084329,0.0020843290258198977,0.5584177,0.70829767,1,8
2024-05-01 11:35:00,0.61809576,1,1,0.0011933439,0.0011933438945561647,0.6188333,0.24016495,0,8
2024-05-01 13:15:00,0.53132796,1,1,0.001593316,0.0015933159738779068,0.5321745,0.84079313,1,9
2024-05-01 13:20:00,0.5865073,1,1,0.0018003274,0.0018003274453803897,0.5875632,0.94173235,1,9
2024-05-01 13:25:00,0.5305745,1,1,0.0013421298,0.0013421297771856189,0.5312866,0.9437791,1,9
2024-05-01 13:30:00,0.56518304,1,1,0.0013342248,0.0013342248275876045,0.5659371,0.9774525,1,9
2024-05-01 13:35:00,0.37844017,0,-1,0.0013415609,-0.0013415608555078506,0.37894788,0.7548946,-1,9
2024-05-01 13:40:00,0.58522075,1,1,0.001038128,0.0010381280444562435,0.58582824,0.97193366,1,9
2024-05-01 13:45:00,0.6193477,1,1,0.0013169139,0.0013169138692319393,0.6201633,0.9737284,1,9
2024-05-01 13:50:00,0.5061599,1,1,0.0014095464,0.0014095463557168841,0.50687337,0.92460954,1,9
2024-05-01 13:55:00,0.4769908,1,1,0.001500477,0.001500476966612041,0.47770652,0.8716752,1,9
2024-05-01 14:00:00,0.51828676,1,1,0.0032965357,0.0032965356949716806,0.5199953,0.5909356,1,9
2024-05-01 14:05:00,0.5931919,1,1,0.0018037867,0.001803786726668477,0.5942619,0.95423365,1,9
2024-05-01 14:10:00,0.54377127,1,1,0.0015417084,0.0015417083632200956,0.5446096,0.972582,1,9
2024-05-01 14:15:00,0.47773108,1,1,0.0016402936,0.001640293630771339,0.4785147,0.9657895,1,9
2024-05-01 14:20:00,0.51031774,1,1,0.0021288893,0.0021288893185555935,0.51140416,0.93323785,1,9
2024-05-01 14:25:00,0.5470112,1,1,0.003032138,0.003032138105481863,0.54866976,0.47865194,0,9
2024-05-01 14:30:00,0.69718283,1,1,0.0039828927,0.0039828927256166935,0.69995964,0.71853197,1,9
2024-05-01 14:35:00,0.5806929,1,1,0.0037666094,0.0037666093558073044,0.58288014,0.31144127,0,9
2024-05-01 14:40:00,0.38853812,0,-1,0.0022462562,-0.0022462562192231417,0.38941088,0.5874976,-1,9
2024-05-01 14:45:00,0.4102666,0,-1,0.0024232839,-0.002423283876851201,0.4112608,0.49575454,0,9
2024-05-01 14:50:00,0.28761363,0,-1,0.0010981184,-0.0010981183731928468,0.28792948,0.8632427,-1,9
2024-05-01 14:55:00,0.28071865,0,-1,0.001920228,-0.0019202280091121793,0.2812577,0.45006424,0,9
2024-05-01 15:00:00,0.34798014,0,-1,0.0027734314,-0.0027734313625842333,0.34894523,0.189745,0,9
2024-05-01 15:05:00,0.28108346,0,-1,0.0026453794,-0.0026453793980181217,0.28182703,0.41311347,0,9
2024-05-01 15:10:00,0.39343372,0,-1,0.0015675916,-0.0015675915637984872,0.39405048,0.35210466,0,9
2024-05-01 15:15:00,0.4200468,0,-1,0.0015658154,-0.0015658154152333736,0.4207045,0.15541744,0,9
2024-05-01 15:20:00,0.48419586,1,1,0.0032752266,0.003275226568803191,0.48578173,0.045611102,0,9
2024-05-01 15:25:00,0.6409421,1,1,0.0024162428,0.0024162428453564644,0.6424908,0.14469905,0,9
2024-05-01 15:30:00,0.7972203,1,1,0.0024713364,0.0024713363964110613,0.79919046,0.43067268,0,9
2024-05-01 15:35:00,0.8023485,1,1,0.0024629738,0.0024629738181829453,0.8043247,0.38466573,0,9
2024-05-01 15:40:00,0.58955705,1,1,0.0027789588,0.002778958762064576,0.59119546,0.17781422,0,9
2024-05-01 15:45:00,0.5993133,1,1,0.003124408,0.003124407958239317,0.6011858,0.20651104,0,9
2024-05-01 15:50:00,0.56753004,1,1,0.0021029655,0.0021029654890298843,0.56872356,0.51821405,1,9
2024-05-01 15:55:00,0.6331328,1,1,0.0025957408,0.0025957408361136913,0.6347763,0.59147197,1,9
2024-05-02 09:30:00,0.32514954,0,-1,0.0029530858,-0.0029530858155339956,0.3261097,0.28229964,0,9
2024-05-02 09:35:00,0.5384641,1,1,0.001744007,0.0017440069932490587,0.5394032,0.6115719,1,9
2024-05-02 09:40:00,0.36472085,0,-1,0.0018795662,-0.0018795662326738238,0.36540636,0.339062,0,9
2024-05-02 09:45:00,0.4652696,0,-1,0.0019031338,-0.0019031338160857558,0.46615508,0.2908076,0,9
2024-05-02 09:50:00,0.3363277,0,-1,0.0019769613,-0.0019769612699747086,0.33699262,0.46642235,0,9
2024-05-02 09:55:00,0.3756495,0,-1,0.0015518564,-0.0015518564032390714,0.37623248,0.32730183,0,9
2024-05-02 10:00:00,0.46035433,0,-1,0.0019844219,-0.0019844218622893095,0.4612679,0.16029699,0,9
2024-05-02 10:05:00,0.41063324,0,-1,0.0018575012,-0.001857501221820712,0.411396,0.085457355,0,9
2024-05-02 10:10:00,0.20398986,0,-1,0.0021878097,-0.0021878096740692854,0.20443617,0.189827,0,9
2024-05-02 10:15:00,0.40285084,0,-1,0.0021516758,-0.0021516757551580667,0.40371767,0.43676353,0,9
2024-05-02 10:20:00,0.3650368,0,-1,0.0020137643,-0.0020137643441557884,0.3657719,0.23328654,0,9
2024-05-02 10:25:00,0.43446377,0,-1,0.0015152639,-0.0015152639243751764,0.4351221,0.52313924,-1,9
2024-05-02 10:30:00,0.3402499,0,-1,0.0019905407,-0.001990540651604533,0.34092718,0.75837946,-1,9
2024-05-02 10:35:00,0.2978535,0,-1,0.0024273703,-0.00242737028747797,0.2985765,0.4128477,0,9
2024-05-02 10:40:00,0.43037343,0,-1,0.0023041232,-0.0023041232489049435,0.43136504,0.11024227,0,9
2024-05-02 10:45:00,0.38366023,0,-1,0.0023645763,-0.002364576328545809,0.38456744,0.38318467,0,9
2024-05-02 10:50:00,0.46546963,0,-1,0.0015789967,-0.0015789966564625502,0.4662046,0.7927213,-1,9
2024-05-02 10:55:00,0.37256408,0,-1,0.001918136,-0.0019181360257789493,0.37327868,0.66091144,-1,9
2024-05-02 11:00:00,0.48451105,1,1,0.0017522592,0.0017522592097520828,0.48536003,0.96002114,1,9
2024-05-02 11:05:00,0.4357091,0,-1,0.0020573554,-0.002057355362921953,0.43660548,0.73007566,-1,9
2024-05-02 11:10:00,0.6124919,1,1,0.0016313138,0.0016313138185068965,0.61349106,0.96242446,1,9
2024-05-02 11:15:00,0.48783365,1,1,0.001499581,0.001499581034295261,0.48856518,0.941925,1,9
2024-05-02 11:20:00,0.47436655,1,1,0.0015182032,0.0015182031784206629,0.47508675,0.94000053,1,9
2024-05-02 11:25:00,0.48502734,1,1,0.0018086327,0.0018086327472701669,0.48590457,0.94534814,1,9
2024-05-02 11:30:00,0.46913907,0,-1,0.001749217,-0.0017492170445621014,0.46995968,0.6757878,-1,9
2024-05-02 11:35:00,0.41466212,0,-1,0.0014404064,-0.001440406427718699,0.4152594,0.5117116,-1,9
2024-05-02 11:40:00,0.4253299,0,-1,0.0017184659,-0.0017184659373015165,0.42606083,0.7080053,-1,9
2024-05-02 11:45:00,0.5177614,1,1,0.001352811,0.001352810999378562,0.5184618,0.9242543,1,9
2024-05-02 11:50:00,0.5166541,1,1,0.0017759558,0.001775955781340599,0.5175716,0.97388655,1,9
2024-05-02 11:55:00,0.36600733,0,-1,0.0013469198,-0.00134691980201751,0.36650032,0.8595209,-1,9
2024-05-02 12:00:00,0.41840476,0,-1,0.001451127,-0.0014511269982904196,0.41901192,0.69665956,-1,9
2024-05-02 12:05:00,0.5196733,1,1,0.0017221089,0.0017221089219674468,0.5205682,0.9589259,1,9
2024-05-02 12:10:00,0.504031,1,1,0.0016047314,0.0016047314275056124,0.50483984,0.9543876,1,9
2024-05-02 12:15:00,0.39729443,0,-1,0.001377058,-0.001377057982608676,0.39784154,0.4649239,0,9
2024-05-02 12:20:00,0.4572676,0,-1,0.0016038454,-0.0016038453904911876,0.458001,0.38553423,0,9
2024-05-02 12:25:00,0.48835486,1,1,0.0013168079,0.0013168079312890768,0.4889979,0.8167961,1,9
2024-05-02 12:30:00,0.51087415,1,1,0.0016631624,0.0016631623730063438,0.5117238,0.9288827,1,9
2024-05-02 12:35:00,0.44886032,0,-1,0.0019909323,-0.001990932272747159,0.44975397,0.45662725,0,9
2024-05-02 12:40:00,0.44392502,0,-1,0.0013314533,-0.0013314533280208707,0.4445161,0.36031693,0,9
2024-05-02 12:45:00,0.46285212,0,-1,0.0012518507,-0.0012518507428467274,0.46343154,0.6295717,-1,9
2024-05-02 12:50:00,0.42448542,0,-1,0.0013589234,-0.0013589233858510852,0.42506224,0.45459652,0,9
2024-05-02 12:55:00,0.42801064,0,-1,0.0013632812,-0.0013632811605930328,0.42859414,0.5079406,-1,9
2024-05-02 13:00:00,0.48405632,1,1,0.0012963554,0.00129635538905859,0.48468384,0.8284209,1,9
2024-05-02 13:05:00,0.47025204,0,-1,0.0019270339,-0.0019270338816568255,0.4711582,0.9228364,-1,9
2024-05-02 13:10:00,0.40946612,0,-1,0.0020398952,-0.002039895160123706,0.4103014,0.5347914,-1,9
2024-05-02 13:15:00,0.42669228,0,-1,0.0014805924,-0.0014805924147367477,0.42732403,0.6133037,-1,9
2024-05-02 13:20:00,0.52580553,1,1,0.0014995246,0.0014995245728641748,0.526594,0.8587661,1,9
2024-05-02 13:25:00,0.5209455,1,1,0.0019229918,0.0019229918252676725,0.52194726,0.76861393,1,9
2024-05-02 13:30:00,0.5298906,1,1,0.0017877562,0.0017877562204375863,0.53083795,0.7569684,1,9
2024-05-02 13:35:00,0.5407335,1,1,0.0020393655,0.0020393654704093933,0.54183626,0.65855545,1,9
2024-05-02 13:40:00,0.5904306,1,1,0.0020044849,0.0020044848788529634,0.5916141,0.6458261,1,9
2024-05-02 13:45:00,0.6154024,1,1,0.0017967942,0.0017967942403629422,0.6165082,0.6050546,1,9
2024-05-02 13:50:00,0.58707863,1,1,0.0016536836,0.0016536836046725512,0.5880495,0.7100151,1,9
2024-05-02 13:55:00,0.5450355,1,1,0.0018269228,0.0018269227584823966,0.5460312,0.5392851,1,9
2024-05-02 14:00:00,0.5725064,1,1,0.0019975954,0.0019975954201072454,0.57365006,0.29585868,0,9
2024-05-02 14:05:00,0.44647518,0,-1,0.002009494,-0.002009493997320533,0.44737238,0.1524647,0,9
2024-05-02 14:10:00,0.5798,1,1,0.0018188319,0.0018188318936154246,0.58085454,0.2935658,0,9
2024-05-02 14:15:00,0.5623478,1,1,0.0019689037,0.001968903699889779,0.563455,0.40603358,0,9
2024-05-02 14:20:00,0.5392012,1,1,0.0016641803,0.0016641803085803986,0.5400985,0.24737859,0,9
2024-05-02 14:25:00,0.5766357,1,1,0.0018076712,0.0018076711567118764,0.5776781,0.41595525,0,9
2024-05-02 14:30:00,0.47817677,1,1,0.0019086505,0.0019086505053564906,0.47908944,0.311961,0,9
2024-05-02 14:35:00,0.47722888,1,1,0.0017151957,0.001715195714496076,0.4780474,0.19698143,0,9
2024-05-02 14:40:00,0.56098557,1,1,0.0017922998,0.0017922997940331697,0.56199104,0.22904155,0,9
2024-05-02 14:45:00,0.4998878,1,1,0.0018252737,0.001825273735448718,0.50080025,0.28479663,0,9
2024-05-02 14:50:00,0.5199631,1,1,0.0017733899,0.0017733898712322116,0.52088517,0.12430144,0,9
2024-05-02 14:55:00,0.5252072,1,1,0.0018164336,0.001816433621570468,0.5261612,0.14590771,0,9
2024-05-02 15:00:00,0.53540045,1,1,0.002479398,0.002479397924616933,0.53672796,0.079554826,0,9
2024-05-02 15:05:00,0.34768108,0,-1,0.0019644082,-0.00196440820582211,0.34836408,0.13723059,0,9
2024-05-02 15:10:00,0.48704648,1,1,0.002418813,0.0024188130628317595,0.48822454,0.1041686,0,9
2024-05-02 15:15:00,0.52582496,1,1,0.0023183867,0.002318386686965823,0.527044,0.112169795,0,9
2024-05-02 15:20:00,0.46698403,0,-1,0.0021138794,-0.0021138794254511595,0.4679712,0.24465834,0,9
2024-05-02 15:25:00,0.53345335,1,1,0.002510519,0.0025105189997702837,0.5347926,0.025187206,0,9
2024-05-02 15:30:00,0.36914688,0,-1,0.0021311312,-0.0021311312448233366,0.36993358,0.060762342,0,9
2024-05-02 15:35:00,0.5337268,1,1,0.0020571735,0.0020571735221892595,0.5348248,0.063846216,0,9
2024-05-02 15:40:00,0.56679434,1,1,0.0019868317,0.001986831659451127,0.5679205,0.27290648,0,9
2024-05-02 15:45:00,0.5050348,1,1,0.002298581,0.0022985809482634068,0.50619566,0.07742016,0,9
2024-05-02 15:50:00,0.55410093,1,1,0.0021339366,0.002133936621248722,0.55528337,0.23063931,0,9
2024-05-02 15:55:00,0.63404506,1,1,0.00461213,0.0046121301129460335,0.6369693,0.055163004,0,9
2024-05-03 09:30:00,0.4221958,0,-1,0.0016982653,-0.0016982653178274632,0.42291278,0.09281773,0,9
2024-05-03 09:35:00,0.30117583,0,-1,0.0015966508,-0.0015966508071869612,0.30165672,0.24702755,0,9
2024-05-03 09:40:00,0.2684918,0,-1,0.001026671,-0.0010266710305586457,0.26876745,0.531007,-1,9
2024-05-03 09:45:00,0.37695643,0,-1,0.0012889985,-0.0012889985227957368,0.37744233,0.6304871,-1,9
2024-05-03 09:50:00,0.3716567,0,-1,0.0011774846,-0.0011774846352636814,0.37209427,0.70848614,-1,9
2024-05-03 09:55:00,0.51807797,1,1,0.0011444459,0.0011444458505138755,0.51867086,0.7407168,1,9
2024-05-03 10:00:00,0.6932584,1,1,0.002844495,0.0028444950003176928,0.69523036,0.50385404,1,9
2024-05-03 10:05:00,0.62668616,1,1,0.002965424,0.0029654239770025015,0.62854457,0.5394203,1,9
2024-05-03 10:10:00,0.7235625,1,1,0.0026140814,0.002614081371575594,0.725454,0.6038123,1,9
2024-05-03 10:15:00,0.7506772,1,1,0.0031394584,0.0031394583638757467,0.753034,0.59493655,1,9
2024-05-03 10:20:00,0.7373557,1,1,0.0029348356,0.0029348356183618307,0.7395197,0.5870378,1,9
2024-05-03 10:25:00,0.73487264,1,1,0.0029585944,0.0029585943557322025,0.7370468,0.5841401,1,9
2024-05-03 10:30:00,0.7839321,1,1,0.002850774,0.0028507739771157503,0.7861669,0.68240106,1,9
2024-05-03 10:35:00,0.54853535,1,1,0.0025927392,0.0025927391834557056,0.5499575,0.40321898,0,9
2024-05-03 10:40:00,0.3662148,0,-1,0.0030482442,-0.0030482441652566195,0.36733115,0.4485417,0,9
2024-05-03 10:45:00,0.49864364,1,1,0.0023693803,0.002369380323216319,0.49982512,0.4912869,0,9
2024-05-03 10:50:00,0.5202057,1,1,0.004286471,0.004286470822989941,0.52243555,0.29782283,0,9
2024-05-03 10:55:00,0.56836075,1,1,0.0039045352,0.0039045352023094893,0.57057995,0.26571193,0,9
2024-05-03 11:00:00,0.51645255,1,1,0.0035191968,0.0035191967617720366,0.51827,0.14880392,0,9
2024-05-03 11:05:00,0.52510685,1,1,0.0038917274,0.0038917274214327335,0.5271504,0.17240588,0,9
2024-05-03 11:10:00,0.5797285,1,1,0.0030189015,0.003018901450559497,0.5814786,0.3783342,0,9
2024-05-03 11:15:00,0.554395,1,1,0.0033154795,0.0033154794946312904,0.5562331,0.105695456,0,9
2024-05-03 11:20:00,0.54812264,1,1,0.0029652617,0.0029652616940438747,0.54974794,0.2419682,0,9
2024-05-03 11:25:00,0.43771783,0,-1,0.0022150823,-0.0022150822915136814,0.43868738,0.6770916,-1,9
2024-05-03 11:30:00,0.3898745,0,-1,0.0033553515,-0.003355351509526372,0.39118266,0.6225154,-1,9
2024-05-03 11:35:00,0.5282694,1,1,0.0017458131,0.0017458130605518818,0.5291917,0.22504823,0,9
2024-05-03 11:40:00,0.5588651,1,1,0.002092748,0.002092747949063778,0.56003463,0.22826408,0,9
2024-05-03 11:45:00,0.51415765,1,1,0.0020674497,0.0020674497354775667,0.51522064,0.2590392,0,9
2024-05-03 11:50:00,0.42951977,0,-1,0.0033739014,-0.0033739013597369194,0.4309689,0.61525375,-1,9
2024-05-03 11:55:00,0.5557132,1,1,0.0029996377,0.0029996377415955067,0.55738014,0.43806982,0,9
2024-05-03 12:00:00,0.51239806,1,1,0.0026666308,0.002666630782186985,0.51376444,0.48746666,0,9
2024-05-03 12:05:00,0.6326124,1,1,0.0022639998,0.0022639997769147158,0.63404465,0.5395223,1,9
2024-05-03 12:10:00,0.56228536,1,1,0.0035916853,0.0035916853230446577,0.5643049,0.63675296,1,9
2024-05-03 12:15:00,0.5344487,1,1,0.0040510804,0.00405108043923974,0.53661376,0.16498435,0,9
2024-05-03 12:20:00,0.563554,1,1,0.0038580215,0.0038580214604735374,0.5657282,0.41116813,0,9
2024-05-03 12:25:00,0.58516896,1,1,0.0024968458,0.0024968457873910666,0.58663005,0.35054362,0,9
2024-05-03 12:30:00,0.63325214,1,1,0.0022346468,0.0022346468176692724,0.6346673,0.4581068,0,9
2024-05-03 12:35:00,0.48936832,1,1,0.0023217136,0.0023217136040329933,0.4905045,0.109826684,0,9
2024-05-03 12:40:00,0.6045292,1,1,0.0016410373,0.0016410372918471694,0.60552126,0.22811979,0,9
2024-05-03 12:45:00,0.55650884,1,1,0.0022566402,0.0022566402330994606,0.55776465,0.27706257,0,9
2024-05-03 12:50:00,0.47157997,1,1,0.0020644,0.0020643998868763447,0.47255346,0.3537039,0,9
2024-05-03 12:55:00,0.51874834,1,1,0.0013155794,0.0013155794003978372,0.5194308,0.32135117,0,9
2024-05-03 13:00:00,0.52352935,1,1,0.0012587992,0.0012587992241606116,0.5241884,0.25922894,0,9
2024-05-03 13:05:00,0.53508586,1,1,0.0011489239,0.0011489238822832704,0.5357006,0.3971781,0,9
2024-05-03 13:10:00,0.4756659,1,1,0.0013198334,0.001319833449088037,0.4762937,0.17890719,0,9
2024-05-03 13:15:00,0.5972713,1,1,0.0016354114,0.001635411405004561,0.5982481,0.5323104,1,9
2024-05-03 13:20:00,0.5529752,1,1,0.00117975,0.0011797499610111117,0.5536275,0.22039334,0,9
2024-05-03 13:25:00,0.5611529,1,1,0.0011251454,0.001125145354308188,0.5617842,0.2794301,0,9
2024-05-03 13:30:00,0.5602175,1,1,0.002513818,0.0025138179771602154,0.5616258,0.32042632,0,9
2024-05-03 13:35:00,0.6435919,1,1,0.0012043659,0.0012043658643960953,0.644367,0.21134141,0,9
2024-05-03 13:40:00,0.53208876,1,1,0.0019928108,0.0019928107503801584,0.5331491,0.54593956,1,9
2024-05-03 13:45:00,0.5748822,1,1,0.0015449099,0.0015449099009856582,0.5757704,0.39590344,0,9
2024-05-03 13:50:00,0.48477787,1,1,0.0011280921,0.0011280920589342713,0.48532474,0.2747466,0,9
2024-05-03 13:55:00,0.52833074,1,1,0.0012788185,0.0012788184685632586,0.5290064,0.18666592,0,9
2024-05-03 14:00:00,0.523339,1,1,0.0011220066,0.0011220065644010901,0.52392614,0.17064767,0,9
2024-05-03 14:05:00,0.47353348,1,1,0.0012484475,0.0012484474573284388,0.47412467,0.2017059,0,9
2024-05-03 14:10:00,0.5894111,1,1,0.001477083,0.001477082958444953,0.5902817,0.17747751,0,9
2024-05-03 14:15:00,0.5027114,1,1,0.0011251651,0.0011251651449128985,0.50327706,0.086665355,0,9
2024-05-03 14:20:00,0.515246,1,1,0.0012070036,0.00120700360275805,0.5158679,0.05538989,0,9
2024-05-03 14:25:00,0.5287333,1,1,0.0012145701,0.0012145701330155134,0.52937555,0.059619267,0,9
2024-05-03 14:30:00,0.5775927,1,1,0.0013684214,0.0013684213627129793,0.578383,0.05479117,0,9
2024-05-03 14:35:00,0.5238478,1,1,0.0025858188,0.0025858187582343817,0.5252024,0.1744399,0,9
2024-05-03 14:40:00,0.5836786,1,1,0.0032096715,0.0032096714712679386,0.58555204,0.13277067,0,9
2024-05-03 14:45:00,0.554736,1,1,0.0022213254,0.0022213254123926163,0.5559683,0.10977292,0,9
2024-05-03 14:50:00,0.42717716,0,-1,0.0021770122,-0.002177012152969837,0.4281071,0.4159214,0,9
2024-05-03 14:55:00,0.49831578,1,1,0.0025818625,0.002581862499937415,0.49960235,0.11027418,0,9
2024-05-03 15:00:00,0.55706173,1,1,0.0029868125,0.002986812498420477,0.55872554,0.1132509,0,9
2024-05-03 15:05:00,0.49539742,1,1,0.0027663684,0.002766368445008993,0.49676788,0.07229449,0,9
2024-05-03 15:10:00,0.5034446,1,1,0.0027815748,0.002781574847176671,0.504845,0.10857625,0,9
2024-05-03 15:15:00,0.5864704,1,1,0.0023761853,0.0023761852644383907,0.587864,0.31273264,0,9
2024-05-03 15:20:00,0.55718815,1,1,0.0025692326,0.002569232601672411,0.5586197,0.1043006,0,9
2024-05-03 15:25:00,0.56620914,1,1,0.0023590967,0.002359096659347415,0.56754494,0.102938116,0,9
2024-05-03 15:30:00,0.52753186,1,1,0.0027007395,0.0027007395401597023,0.52895653,0.20830609,0,9
2024-05-03 15:35:00,0.51604414,1,1,0.0034475378,0.003447537776082754,0.5178232,0.12447566,0,9
2024-05-03 15:40:00,0.61530596,1,1,0.0026560822,0.002656082157045603,0.61694026,0.24527691,0,9
2024-05-03 15:45:00,0.5200311,1,1,0.0027854785,0.002785478485748172,0.5214796,0.17303436,0,9
2024-05-03 15:50:00,0.58119875,1,1,0.004583872,0.004583871923387051,0.5838629,0.20218752,0,9
2024-05-03 15:55:00,0.5443667,1,1,0.0037542756,0.003754275618121028,0.5464104,0.1634651,0,9
2024-05-06 09:30:00,0.2460571,0,-1,0.0028489633,-0.002848963253200054,0.2467581,0.5423414,-1,9
2024-05-06 09:35:00,0.3796111,0,-1,0.003183076,-0.003183075925335288,0.38081947,0.50777984,-1,9
2024-05-06 09:40:00,0.35802072,0,-1,0.0023882077,-0.002388207707554102,0.35887575,0.5485379,-1,9
2024-05-06 09:45:00,0.2790761,0,-1,0.0018791053,-0.001879105344414711,0.2796005,0.4513905,0,9
2024-05-06 09:50:00,0.5510506,1,1,0.0018287101,0.0018287100829184055,0.5520583,0.14930047,0,9
2024-05-06 09:55:00,0.40833035,0,-1,0.0016757667,-0.001675766659900546,0.4090146,0.4768564,0,9
2024-05-06 10:00:00,0.48776194,1,1,0.0016805463,0.0016805463237687945,0.48858163,0.30051944,0,9
2024-05-06 10:05:00,0.335161,0,-1,0.0018397192,-0.001839719247072935,0.3357776,0.57787275,-1,9
2024-05-06 10:10:00,0.5813073,1,1,0.0016591,0.0016590999439358711,0.58227175,0.40492958,0,9
2024-05-06 10:15:00,0.4806431,1,1,0.0018703456,0.0018703455571085215,0.48154208,0.4978731,0,9
2024-05-06 10:20:00,0.46875286,0,-1,0.0014934625,-0.0014934624778106809,0.46945292,0.49066013,0,9
2024-05-06 10:25:00,0.475364,1,1,0.0014811725,0.0014811725122854114,0.4760681,0.4229241,0,9
2024-05-06 10:30:00,0.41043144,0,-1,0.0016070935,-0.0016070934943854809,0.41109103,0.5427975,-1,9
2024-05-06 10:35:00,0.5210933,1,1,0.0010694173,0.0010694173397496343,0.52165055,0.27821442,0,9
2024-05-06 10:40:00,0.45698765,0,-1,0.0014154671,-0.0014154671225696802,0.4576345,0.37901637,0,9
2024-05-06 10:45:00,0.40687364,0,-1,0.0012398922,-0.0012398922117426991,0.40737814,0.20038001,0,9
2024-05-06 10:50:00,0.45250973,0,-1,0.0011545069,-0.0011545069282874465,0.45303217,0.121807136,0,9
2024-05-06 10:55:00,0.44714004,0,-1,0.0010978222,-0.001097822212614119,0.4476309,0.09385523,0,9
2024-05-06 11:00:00,0.48288718,1,1,0.0015268495,0.0015268494607880712,0.48362446,0.56106716,1,9
2024-05-06 11:05:00,0.41659862,0,-1,0.0017236562,-0.0017236561980098486,0.41731668,0.54743564,-1,9
2024-05-06 11:10:00,0.44784898,0,-1,0.0012126429,-0.0012126428773626685,0.44839203,0.17222813,0,9
2024-05-06 11:15:00,0.42203787,0,-1,0.0009827897,-0.0009827896719798446,0.42245263,0.3901292,0,9
2024-05-06 11:20:00,0.4517441,0,-1,0.0011013575,-0.0011013575131073594,0.45224166,0.1388311,0,9
2024-05-06 11:25:00,0.48002052,1,1,0.0010283431,0.001028343103826046,0.48051414,0.36548612,0,9
2024-05-06 11:30:00,0.5068996,1,1,0.0010125976,0.0010125975823029876,0.50741285,0.2989412,0,9
2024-05-06 11:35:00,0.49519774,1,1,0.0010763812,0.0010763811878859997,0.49573076,0.23581523,0,9
2024-05-06 11:40:00,0.4785822,1,1,0.0009559888,0.0009559888276271522,0.4790397,0.34050635,0,9
2024-05-06 11:45:00,0.44956636,0,-1,0.0010351476,-0.0010351475793868303,0.4500317,0.116483465,0,9
2024-05-06 11:50:00,0.42094022,0,-1,0.0014037291,-0.0014037290820851922,0.42153108,0.44294512,0,9
2024-05-06 11:55:00,0.41002747,0,-1,0.0010580806,-0.0010580805828794837,0.41046134,0.27359766,0,9
2024-05-06 12:00:00,0.44445962,0,-1,0.0010446416,-0.0010446415981277823,0.4449239,0.1009211,0,9
2024-05-06 12:05:00,0.3981739,0,-1,0.0010258736,-0.0010258735856041312,0.3985824,0.2957143,0,9
2024-05-06 12:10:00,0.3435827,0,-1,0.0010562298,-0.001056229812093079,0.3439456,0.31244972,0,9
2024-05-06 12:15:00,0.4680328,0,-1,0.0010445068,-0.0010445067891851068,0.46852168,0.120312124,0,9
2024-05-06 12:20:00,0.5267132,1,1,0.001816657,0.0018166570225730538,0.52767,0.16032337,0,9
2024-05-06 12:25:00,0.47692677,1,1,0.001177473,0.0011774729937314987,0.4774883,0.31741372,0,9
2024-05-06 12:30:00,0.40567046,0,-1,0.001108722,-0.0011087219463661313,0.40612027,0.1784359,0,9
2024-05-06 12:35:00,0.44711125,0,-1,0.0010159086,-0.0010159085504710674,0.44756547,0.2395293,0,9
2024-05-06 12:40:00,0.45443812,0,-1,0.0009935284,-0.0009935284033417702,0.4548896,0.27446043,0,9
2024-05-06 12:45:00,0.5052287,1,1,0.0023791292,0.0023791291750967503,0.50643075,0.147516,0,9
2024-05-06 12:50:00,0.46497673,0,-1,0.001046009,-0.0010460090124979615,0.46546313,0.17751573,0,9
2024-05-06 12:55:00,0.36038494,0,-1,0.0010644773,-0.0010644772555679083,0.36076856,0.36320093,0,9
2024-05-06 13:00:00,0.4530671,0,-1,0.0013934218,-0.0013934217859059572,0.45369843,0.43254358,0,9
2024-05-06 13:05:00,0.4502363,0,-1,0.0013646509,-0.0013646509032696486,0.45085073,0.3613454,0,9
2024-05-06 13:10:00,0.4013462,0,-1,0.0010554049,-0.0010554048931226134,0.40176976,0.1896943,0,9
2024-05-06 13:15:00,0.46319818,0,-1,0.0011011903,-0.001101190340705216,0.46370822,0.18932122,0,9
2024-05-06 13:20:00,0.41482115,0,-1,0.0010101718,-0.0010101718362420797,0.4152402,0.4173812,0,9
2024-05-06 13:25:00,0.33706823,0,-1,0.0010160861,-0.0010160860838368535,0.33741075,0.3953144,0,9
2024-05-06 13:30:00,0.40981564,0,-1,0.0010040487,-0.0010040487395599484,0.41022715,0.46941292,0,9
2024-05-06 13:35:00,0.2961463,0,-1,0.0015475382,-0.0015475382097065449,0.2966046,0.5844521,-1,9
2024-05-06 13:40:00,0.45447478,0,-1,0.0010544027,-0.0010544026736170053,0.45495397,0.4657577,0,9
2024-05-06 13:45:00,0.45623368,0,-1,0.0010780382,-0.0010780382435768843,0.4567255,0.21260834,0,9
2024-05-06 13:50:00,0.44523668,0,-1,0.0010399005,-0.0010399004677310586,0.44569966,0.42729527,0,9
2024-05-06 13:55:00,0.32673693,0,-1,0.0014366092,-0.001436609192751348,0.3272063,0.62172747,-1,9
2024-05-06 14:00:00,0.53416,1,1,0.0014345362,0.0014345361851155758,0.5349263,0.46537212,0,9
2024-05-06 14:05:00,0.3487116,0,-1,0.0010759827,-0.001075982698239386,0.34908682,0.6533722,-1,9
2024-05-06 14:10:00,0.54547566,1,1,0.001074947,0.0010749469511210918,0.546062,0.38396,0,9
2024-05-06 14:15:00,0.3426228,0,-1,0.00184171,-0.0018417099490761757,0.3432538,0.863147,-1,9
2024-05-06 14:20:00,0.5389187,1,1,0.0012414565,0.0012414564844220877,0.53958774,0.20573372,0,9
2024-05-06 14:25:00,0.4454057,0,-1,0.0013904615,-0.00139046146068722,0.446025,0.19891965,0,9
2024-05-06 14:30:00,0.4928744,1,1,0.0011397648,0.0011397647904232144,0.49343616,0.09030394,0,9
2024-05-06 14:35:00,0.5542812,1,1,0.0013749583,0.0013749583158642054,0.5550433,0.23125142,0,9
2024-05-06 14:40:00,0.53562254,1,1,0.0012142087,0.0012142086634412408,0.53627294,0.1530451,0,9
2024-05-06 14:45:00,0.52237505,1,1,0.0010509838,0.001050983788445592,0.52292407,0.19041497,0,9
2024-05-06 14:50:00,0.5030933,1,1,0.0010500012,0.0010500012431293726,0.5036215,0.2511655,0,9
2024-05-06 14:55:00,0.537622,1,1,0.0012594379,0.0012594378786161542,0.5382991,0.1932875,0,9
2024-05-06 15:00:00,0.5844366,1,1,0.001631597,0.0016315970569849014,0.58539015,0.40436015,0,9
2024-05-06 15:05:00,0.41223407,0,-1,0.0012809057,-0.0012809056788682938,0.4127621,0.55699503,-1,9
2024-05-06 15:10:00,0.44629154,0,-1,0.0015183097,-0.0015183096984401345,0.44696918,0.39583182,0,9
2024-05-06 15:15:00,0.4922364,1,1,0.0016763302,0.0016763302264735103,0.49306154,0.49770567,0,9
2024-05-06 15:20:00,0.42489174,0,-1,0.0013432079,-0.0013432078994810581,0.42546248,0.5218898,-1,9
2024-05-06 15:25:00,0.37182406,0,-1,0.0013520774,-0.0013520773500204086,0.3723268,0.13093638,0,9
2024-05-06 15:30:00,0.47018182,0,-1,0.00164418,-0.0016441800398752093,0.47095487,0.3384592,0,9
2024-05-06 15:35:00,0.5213395,1,1,0.002132975,0.0021329750306904316,0.5224515,0.12916155,0,9
2024-05-06 15:40:00,0.5395485,1,1,0.0019943481,0.001994348131120205,0.54062456,0.13021305,0,9
2024-05-06 15:45:00,0.45466188,0,-1,0.00225597,-0.002255969913676381,0.45568755,0.29338798,0,9
2024-05-06 15:50:00,0.48602748,1,1,0.002715908,0.0027159079909324646,0.4873475,0.022179862,0,9
2024-05-06 15:55:00,0.3622947,0,-1,0.003058375,-0.0030583750922232866,0.36340275,0.3215893,0,9
2024-05-07 09:30:00,0.3030841,0,-1,0.0015408059,-0.0015408059116452932,0.30355108,0.2811327,0,9
2024-05-07 09:35:00,0.38856807,0,-1,0.0013243046,-0.001324304612353444,0.38908264,0.3375553,0,9
2024-05-07 09:40:00,0.33886793,0,-1,0.0012336313,-0.0012336312793195248,0.33928594,0.2966385,0,9
2024-05-07 09:45:00,0.61769706,1,1,0.0019582324,0.0019582323729991913,0.6189067,0.41257375,0,9
2024-05-07 09:50:00,0.33180448,0,-1,0.0014181453,-0.0014181452570483088,0.33227503,0.53482527,-1,9
2024-05-07 09:55:00,0.59572387,1,1,0.0018626679,0.0018626678502187133,0.59683347,0.5563136,1,9
2024-05-07 10:00:00,0.5950213,1,1,0.0015531917,0.0015531916869804263,0.5959455,0.44681707,0,9
2024-05-07 10:05:00,0.48211166,1,1,0.0011575997,0.0011575997341424227,0.48266977,0.35673526,0,9
2024-05-07 10:10:00,0.51818675,1,1,0.0014247723,0.001424772315658629,0.5189251,0.3368808,0,9
2024-05-07 10:15:00,0.39194283,0,-1,0.0013521607,-0.0013521607033908367,0.3924728,0.45260534,0,9
2024-05-07 10:20:00,0.60056925,1,1,0.0024839994,0.0024839993566274643,0.60206103,0.49182242,0,9
2024-05-07 10:25:00,0.54893416,1,1,0.0014242709,0.0014242709148675203,0.549716,0.14942387,0,9
2024-05-07 10:30:00,0.47025564,0,-1,0.0012928124,-0.001292812405154109,0.4708636,0.18580754,0,9
2024-05-07 10:35:00,0.474788,1,1,0.0011931837,0.0011931837070733309,0.47535452,0.22186133,0,9
2024-05-07 10:40:00,0.43463314,0,-1,0.0014387551,-0.001438755076378584,0.43525845,0.36874956,0,9
2024-05-07 10:45:00,0.46699435,0,-1,0.000881016,-0.0008810160215944052,0.46740574,0.20002836,0,9
2024-05-07 10:50:00,0.41538134,0,-1,0.0008278643,-0.0008278642781078815,0.41572523,0.31273445,0,9
2024-05-07 10:55:00,0.44411004,0,-1,0.0012769399,-0.0012769398745149374,0.44467714,0.1824213,0,9
2024-05-07 11:00:00,0.38547555,0,-1,0.0010275424,-0.0010275423992425203,0.38587165,0.42461216,0,9
2024-05-07 11:05:00,0.39115608,0,-1,0.00082070974,-0.0008207097416743636,0.3914771,0.41556075,0,9
2024-05-07 11:10:00,0.37352458,0,-1,0.0008108211,-0.0008108210749924183,0.37382746,0.4378351,0,9
2024-05-07 11:15:00,0.4757127,1,1,0.0011173466,0.0011173465754836798,0.4762442,0.40068024,0,9
2024-05-07 11:20:00,0.5485793,1,1,0.0010778818,0.0010778817813843489,0.5491706,0.51234543,1,9
2024-05-07 11:25:00,0.44701916,0,-1,0.00094814505,-0.0009481450542807579,0.447443,0.20693082,0,9
2024-05-07 11:30:00,0.49014214,1,1,0.0012566672,0.0012566671939566731,0.4907581,0.30310106,0,9
2024-05-07 11:35:00,0.45534253,0,-1,0.0010146152,-0.0010146151762455702,0.45580453,0.2456133,0,9
2024-05-07 11:40:00,0.44222608,0,-1,0.0011349655,-0.0011349654523655772,0.442728,0.16872479,0,9
2024-05-07 11:45:00,0.3539288,0,-1,0.001068537,-0.001068537007085979,0.354307,0.24471298,0,9
2024-05-07 11:50:00,0.22590232,0,-1,0.0010901612,-0.0010901611531153321,0.22614859,0.42199835,0,9
2024-05-07 11:55:00,0.4155374,0,-1,0.00097425585,-0.0009742558468133211,0.41594225,0.25000477,0,9
2024-05-07 12:00:00,0.27022985,0,-1,0.0010302746,-0.0010302745504304767,0.27050826,0.38024378,0,9
2024-05-07 12:05:00,0.34296015,0,-1,0.0010242619,-0.0010242619318887591,0.34331143,0.34916803,0,9
2024-05-07 12:10:00,0.47858456,1,1,0.0009857813,0.0009857813129201531,0.47905633,0.33887917,0,9
2024-05-07 12:15:00,0.34392756,0,-1,0.00094395474,-0.0009439547429792583,0.3442522,0.36301553,0,9
2024-05-07 12:20:00,0.42579618,0,-1,0.0009365695,-0.0009365694713778794,0.426195,0.3932863,0,9
2024-05-07 12:25:00,0.265724,0,-1,0.0010286443,-0.0010286442702636123,0.26599735,0.39036077,0,9
2024-05-07 12:30:00,0.51045203,1,1,0.0014588599,0.0014588598860427737,0.51119673,0.5168488,1,9
2024-05-07 12:35:00,0.37068436,0,-1,0.0021459719,-0.0021459718700498343,0.37147984,0.5156166,-1,9
2024-05-07 12:40:00,0.39917392,0,-1,0.0011655927,-0.0011655926937237382,0.3996392,0.18403037,0,9
2024-05-07 12:45:00,0.43081507,0,-1,0.00097037293,-0.0009703729301691055,0.4312331,0.30334803,0,9
2024-05-07 12:50:00,0.5226592,1,1,0.001066833,0.0010668330360203981,0.5232168,0.29723647,0,9
2024-05-07 12:55:00,0.53174144,1,1,0.0009511692,0.0009511691750958562,0.53224725,0.21532564,0,9
2024-05-07 13:00:00,0.41459844,0,-1,0.00097817,-0.0009781699627637863,0.41500396,0.29378057,0,9
2024-05-07 13:05:00,0.49044484,1,1,0.0009958566,0.000995856593362987,0.49093327,0.35679403,0,9
2024-05-07 13:10:00,0.43922633,0,-1,0.0010029293,-0.0010029292898252606,0.43966684,0.12615998,0,9
2024-05-07 13:15:00,0.47620884,1,1,0.0017776443,0.001777644269168377,0.47705537,0.27039576,0,9
2024-05-07 13:20:00,0.49729046,1,1,0.0010200301,0.0010200301185250282,0.49779773,0.15503463,0,9
2024-05-07 13:25:00,0.38166675,0,-1,0.000969707,-0.0009697069763205945,0.38203683,0.35346234,0,9
2024-05-07 13:30:00,0.4711982,1,1,0.0012914815,0.0012914815451949835,0.47180676,0.21342994,0,9
2024-05-07 13:35:00,0.45260265,0,-1,0.000988925,-0.0009889249922707677,0.45305026,0.20781673,0,9
2024-05-07 13:40:00,0.44180575,0,-1,0.0014698239,-0.0014698238810524344,0.44245514,0.33547792,0,9
2024-05-07 13:45:00,0.5998261,1,1,0.0020499637,0.002049963688477874,0.6010557,0.8138668,1,9
2024-05-07 13:50:00,0.46080294,0,-1,0.0022837592,-0.002283759182319045,0.46185532,0.64452106,-1,9
2024-05-07 13:55:00,0.54163307,1,1,0.0021326048,0.002132604829967022,0.5427882,0.4987836,0,9
2024-05-07 14:00:00,0.4582082,0,-1,0.0014955727,-0.0014955727383494377,0.4588935,0.32752413,0,9
2024-05-07 14:05:00,0.4928027,1,1,0.0019727973,0.0019727973267436028,0.49377492,0.6533846,1,9
2024-05-07 14:10:00,0.5709916,1,1,0.0024126098,0.0024126097559928894,0.5723691,0.3098296,0,9
2024-05-07 14:15:00,0.50967014,1,1,0.0018047128,0.0018047128105536103,0.51058996,0.5730388,1,9
2024-05-07 14:20:00,0.48013952,1,1,0.0020734454,0.0020734453573822975,0.48113504,0.6165298,1,9
2024-05-07 14:25:00,0.544948,1,1,0.0023838917,0.00238389172591269,0.5462471,0.28737,0,9
2024-05-07 14:30:00,0.55276835,1,1,0.0017827936,0.001782793551683426,0.5537538,0.37263492,0,9
2024-05-07 14:35:00,0.52683824,1,1,0.0017709202,0.001770920236594975,0.52777123,0.3692227,0,9
2024-05-07 14:40:00,0.56026614,1,1,0.0014977852,0.0014977852115407586,0.56110525,0.21021514,0,9
2024-05-07 14:45:00,0.56233305,1,1,0.0009634037,0.0009634037269279361,0.56287485,0.17030734,0,9
2024-05-07 14:50:00,0.61713624,1,1,0.0016795931,0.0016795931151136756,0.61817276,0.5647622,1,9
2024-05-07 14:55:00,0.54178226,1,1,0.0012557314,0.0012557314475998282,0.5424626,0.11679251,0,9
2024-05-07 15:00:00,0.52258176,1,1,0.0014367641,0.0014367641415446997,0.52333254,0.11490263,0,9
2024-05-07 15:05:00,0.39323422,0,-1,0.0014819052,-0.00148190523032099,0.39381695,0.1423001,0,9
2024-05-07 15:10:00,0.40962112,0,-1,0.0018218058,-0.0018218058394268155,0.41036734,0.46695262,0,9
2024-05-07 15:15:00,0.47527006,1,1,0.0017105194,0.00171051942743361,0.47608304,0.18261483,0,9
2024-05-07 15:20:00,0.4495284,0,-1,0.0017315629,-0.0017315628938376904,0.45030677,0.3109269,0,9
2024-05-07 15:25:00,0.39441684,0,-1,0.001337892,-0.0013378920266404748,0.39494452,0.1947353,0,9
2024-05-07 15:30:00,0.49304357,1,1,0.0014864431,0.001486443099565804,0.49377644,0.15037414,0,9
2024-05-07 15:35:00,0.4029879,0,-1,0.0016912357,-0.0016912356950342655,0.40366945,0.33200186,0,9
2024-05-07 15:40:00,0.54853445,1,1,0.0019298777,0.001929877675138414,0.54959303,0.4635508,0,9
2024-05-07 15:45:00,0.41980895,0,-1,0.0023136844,-0.0023136844392865896,0.42078027,0.5375152,-1,9
2024-05-07 15:50:00,0.55657846,1,1,0.0030960517,0.003096051746979356,0.5583017,0.1097648,0,9
2024-05-07 15:55:00,0.70588946,1,1,0.0037109978,0.0037109977565705776,0.708509,0.4525574,0,9
2024-05-08 09:30:00,0.5238784,1,1,0.0023788426,0.0023788425605744123,0.5251246,0.53751415,1,9
2024-05-08 09:35:00,0.46827364,0,-1,0.0022078638,-0.0022078638430684805,0.46930754,0.6846336,-1,9
2024-05-08 09:40:00,0.43719038,0,-1,0.0015742601,-0.0015742600662633777,0.43787864,0.4074826,0,9
2024-05-08 09:45:00,0.5202372,1,1,0.002398993,0.0023989928886294365,0.52148527,0.09785403,0,9
2024-05-08 09:50:00,0.46072096,0,-1,0.0015251942,-0.001525194151327014,0.46142364,0.28749758,0,9
2024-05-08 09:55:00,0.5155111,1,1,0.0015921167,0.0015921166632324457,0.51633185,0.22457443,0,9
2024-05-08 10:00:00,0.5658176,1,1,0.0016959544,0.0016959543572738767,0.5667772,0.34039038,0,9
2024-05-08 10:05:00,0.48046938,1,1,0.0015672744,0.0015672744484618306,0.4812224,0.28814223,0,9
2024-05-08 10:10:00,0.461243,0,-1,0.0014997126,-0.0014997125836089253,0.46193478,0.22867341,0,9
2024-05-08 10:15:00,0.4429475,0,-1,0.001352205,-0.0013522050576284528,0.44354644,0.13583077,0,9
2024-05-08 10:20:00,0.53836346,1,1,0.0024009584,0.0024009584449231625,0.53965604,0.075845346,0,9
2024-05-08 10:25:00,0.4691842,0,-1,0.0016760281,-0.0016760281287133694,0.46997058,0.5862259,-1,9
2024-05-08 10:30:00,0.3551844,0,-1,0.0012927394,-0.0012927394127473235,0.35564354,0.11609309,0,9
2024-05-08 10:35:00,0.40703517,0,-1,0.0012378715,-0.0012378714745864272,0.40753904,0.10544311,0,9
2024-05-08 10:40:00,0.6038771,1,1,0.0017756125,0.0017756124725565314,0.60494936,0.3864089,0,9
2024-05-08 10:45:00,0.6688733,1,1,0.002765272,0.002765272045508027,0.67072296,0.067106165,0,9
2024-05-08 10:50:00,0.49220416,1,1,0.0013203311,0.0013203311245888472,0.49285406,0.12678765,0,9
2024-05-08 10:55:00,0.5947578,1,1,0.001548234,0.0015482340240851045,0.5956786,0.3002391,0,9
2024-05-08 11:00:00,0.61625504,1,1,0.0018933736,0.0018933735555037856,0.61742187,0.6093655,1,9
2024-05-08 11:05:00,0.52783483,1,1,0.0017772373,0.00177723728120327,0.52877295,0.398753,0,9
2024-05-08 11:10:00,0.40150082,0,-1,0.0014213454,-0.0014213453978300095,0.40207148,0.15414195,0,9
2024-05-08 11:15:00,0.5335749,1,1,0.0018910742,0.0018910742364823818,0.53458387,0.22410096,0,9
2024-05-08 11:20:00,0.45033586,0,-1,0.0012631328,-0.0012631327845156193,0.4509047,0.143852,0,9
2024-05-08 11:25:00,0.4344433,0,-1,0.0016366325,-0.0016366324853152037,0.43515432,0.3090074,0,9
2024-05-08 11:30:00,0.5160328,1,1,0.0014254528,0.0014254527632147074,0.5167684,0.28738952,0,9
2024-05-08 11:35:00,0.40652534,0,-1,0.001175757,-0.0011757570318877697,0.4070033,0.123057306,0,9
2024-05-08 11:40:00,0.47260657,1,1,0.0012596401,0.0012596400920301676,0.4732019,0.26987326,0,9
2024-05-08 11:45:00,0.36905363,0,-1,0.0012269076,-0.0012269075959920883,0.36950642,0.105171,0,9
2024-05-08 11:50:00,0.41637537,0,-1,0.0011092053,-0.0011092053027823567,0.41683722,0.08549318,0,9
2024-05-08 11:55:00,0.48766214,1,1,0.0010868509,0.0010868508834391832,0.48819214,0.1941185,0,9
2024-05-08 12:00:00,0.5107167,1,1,0.0017152717,0.001715271733701229,0.5115927,0.22575991,0,9
2024-05-08 12:05:00,0.54152304,1,1,0.0010895804,0.0010895803570747375,0.54211307,0.24147628,0,9
2024-05-08 12:10:00,0.5006624,1,1,0.0011079316,0.0011079316027462482,0.50121707,0.12916821,0,9
2024-05-08 12:15:00,0.53226435,1,1,0.00110792,0.0011079199612140656,0.5328541,0.13022156,0,9
2024-05-08 12:20:00,0.46835798,0,-1,0.0011544507,-0.001154450699687004,0.46889865,0.12309386,0,9
2024-05-08 12:25:00,0.46098062,0,-1,0.0014650673,-0.0014650672674179077,0.461656,0.24039692,0,9
2024-05-08 12:30:00,0.5194878,1,1,0.0015727372,0.0015727372374385595,0.5203048,0.14494845,0,9
2024-05-08 12:35:00,0.5137782,1,1,0.0014069651,0.0014069650787860155,0.51450104,0.33513582,0,9
2024-05-08 12:40:00,0.49006045,1,1,0.0011357547,0.0011357547482475638,0.490617,0.21823308,0,9
2024-05-08 12:45:00,0.45238706,0,-1,0.0012294895,-0.001229489454999566,0.4529433,0.11227156,0,9
2024-05-08 12:50:00,0.6740797,1,1,0.0011187014,0.0011187014169991016,0.6748338,0.2158992,0,9
2024-05-08 12:55:00,0.6538691,1,1,0.0011578527,0.0011578527046367526,0.6546262,0.31485724,0,9
2024-05-08 13:00:00,0.50952137,1,1,0.0023375428,0.0023375428281724453,0.5107124,0.20368645,0,9
2024-05-08 13:05:00,0.5037957,1,1,0.0011904897,0.0011904897401109338,0.5043955,0.15329619,0,9
2024-05-08 13:10:00,0.5241011,1,1,0.001280743,0.0012807430466637015,0.52477235,0.17337584,0,9
2024-05-08 13:15:00,0.4631297,0,-1,0.0011912879,-0.0011912878835573792,0.4636814,0.16440411,0,9
2024-05-08 13:20:00,0.49445167,1,1,0.0013971897,0.0013971896842122078,0.4951425,0.27755854,0,9
2024-05-08 13:25:00,0.47053644,0,-1,0.0012892034,-0.0012892034137621522,0.47114307,0.12203549,0,9
2024-05-08 13:30:00,0.58944803,1,1,0.0013035176,0.0013035176089033484,0.5902164,0.2873692,0,9
2024-05-08 13:35:00,0.65768105,1,1,0.0011956634,0.0011956633534282446,0.6584674,0.22312067,0,9
2024-05-08 13:40:00,0.51704913,1,1,0.0016579753,0.001657975255511701,0.51790637,0.06826312,0,9
2024-05-08 13:45:00,0.42202955,0,-1,0.001188199,-0.0011881990358233452,0.42253098,0.12712704,0,9
2024-05-08 13:50:00,0.3929812,0,-1,0.0011609643,-0.001160964253358543,0.39343745,0.25113684,0,9
2024-05-08 13:55:00,0.4405464,0,-1,0.0011706903,-0.001170690287835896,0.44106212,0.1017169,0,9
2024-05-08 14:00:00,0.49131316,1,1,0.001222602,0.0012226019753143191,0.49191386,0.24853739,0,9
2024-05-08 14:05:00,0.47843808,1,1,0.0012334051,0.001233405084349215,0.47902822,0.22777194,0,9
2024-05-08 14:10:00,0.36941034,0,-1,0.0011511293,-0.0011511292541399598,0.36983556,0.2915259,0,9
2024-05-08 14:15:00,0.4040544,0,-1,0.0011450237,-0.0011450237361714244,0.40451705,0.37061304,0,9
2024-05-08 14:20:00,0.57197464,1,1,0.0014052639,0.0014052639016881585,0.5727784,0.2831218,0,9
2024-05-08 14:25:00,0.5163969,1,1,0.0014101794,0.001410179422236979,0.51712507,0.19426396,0,9
2024-05-08 14:30:00,0.46127385,0,-1,0.0012763297,-0.0012763297418132424,0.4618626,0.17334402,0,9
2024-05-08 14:35:00,0.41982874,0,-1,0.0012343064,-0.0012343063717707992,0.42034695,0.1981305,0,9
2024-05-08 14:40:00,0.44285035,0,-1,0.0012940711,-0.0012940710876137018,0.44342342,0.20710823,0,9
2024-05-08 14:45:00,0.5292051,1,1,0.0012381702,0.0012381701963022351,0.5298604,0.15494344,0,9
2024-05-08 14:50:00,0.33505657,0,-1,0.0012192543,-0.0012192543363198638,0.3354651,0.32180187,0,9
2024-05-08 14:55:00,0.52599525,1,1,0.0017047791,0.0017047791043296456,0.526892,0.30041033,0,9
2024-05-08 15:00:00,0.51620674,1,1,0.0015772644,0.0015772643964737654,0.51702094,0.4987713,0,9
2024-05-08 15:05:00,0.38009855,0,-1,0.0014649568,-0.001464956789277494,0.38065538,0.37730742,0,9
2024-05-08 15:10:00,0.4102576,0,-1,0.0010462045,-0.001046204473823309,0.41068682,0.11625591,0,9
2024-05-08 15:15:00,0.43775007,0,-1,0.0011179892,-0.0011179891880601645,0.43823946,0.15809289,0,9
2024-05-08 15:20:00,0.47739363,1,1,0.0017776054,0.0017776053864508867,0.47824228,0.13180602,0,9
2024-05-08 15:25:00,0.4851887,1,1,0.001505103,0.001505102962255478,0.48591897,0.42276865,0,9
2024-05-08 15:30:00,0.45420232,0,-1,0.0013350787,-0.001335078733973205,0.45480868,0.3513986,0,9
2024-05-08 15:35:00,0.38249764,0,-1,0.0012107483,-0.001210748334415257,0.38296074,0.28780368,0,9
2024-05-08 15:40:00,0.44224858,0,-1,0.0013350787,-0.001335078733973205,0.442839,0.2644329,0,9
2024-05-08 15:45:00,0.48840335,1,1,0.0018615925,0.0018615925218909979,0.48931256,0.14922144,0,9
2024-05-08 15:50:00,0.51864785,1,1,0.0028563994,0.0028563993982970715,0.5201293,0.12353492,0,9
2024-05-08 15:55:00,0.5287381,1,1,0.002735232,0.002735232003033161,0.5301843,0.1459142,0,9
2024-05-09 09:30:00,0.45612556,0,-1,0.002206975,-0.00220697489567101,0.4571322,0.47657228,0,9
2024-05-09 09:35:00,0.5731297,1,1,0.0020108433,0.002010843250900507,0.57428217,0.37013742,0,9
2024-05-09 09:40:00,0.56244814,1,1,0.0023433338,0.0023433337919414043,0.5637661,0.30719948,0,9
2024-05-09 09:45:00,0.4840424,1,1,0.0014433194,0.0014433193719014525,0.484741,0.36082107,0,9
2024-05-09 09:50:00,0.515578,1,1,0.001911133,0.0019111329456791282,0.5165633,0.28518313,0,9
2024-05-09 09:55:00,0.40377825,0,-1,0.0011349807,-0.0011349807027727365,0.40423653,0.18945111,0,9
2024-05-09 10:00:00,0.5175028,1,1,0.0014703707,0.0014703706838190556,0.5182637,0.23750392,0,9
2024-05-09 10:05:00,0.49889857,1,1,0.0019641237,0.001964123686775565,0.49987844,0.26745808,0,9
2024-05-09 10:10:00,0.5601457,1,1,0.0021891093,0.0021891093347221613,0.5613719,0.28334272,0,9
2024-05-09 10:15:00,0.4851795,1,1,0.0016003266,0.0016003266209736466,0.48595598,0.48771772,0,9
2024-05-09 10:20:00,0.56011146,1,1,0.002060826,0.0020608259364962578,0.5612657,0.13640165,0,9
2024-05-09 10:25:00,0.5604824,1,1,0.0014637386,0.001463738619349897,0.5613028,0.4394544,0,9
2024-05-09 10:30:00,0.5401081,1,1,0.0014271588,0.001427158829756081,0.5408789,0.33197367,0,9
2024-05-09 10:35:00,0.5257691,1,1,0.0021111164,0.002111116424202919,0.5268791,0.04206482,0,9
2024-05-09 10:40:00,0.5437061,1,1,0.0014867049,0.0014867049176245928,0.5445144,0.087934285,0,9
2024-05-09 10:45:00,0.4762343,1,1,0.0010257319,0.0010257319081574678,0.47672275,0.26893303,0,9
2024-05-09 10:50:00,0.4840203,1,1,0.0011710533,0.0011710532708093524,0.48458713,0.15396868,0,9
2024-05-09 10:55:00,0.5586989,1,1,0.001270916,0.0012709159636870027,0.55940896,0.16430369,0,9
2024-05-09 11:00:00,0.455717,0,-1,0.0012524176,-0.0012524175690487027,0.45628774,0.15079796,0,9
2024-05-09 11:05:00,0.473629,1,1,0.0010625803,0.0010625802678987384,0.4741323,0.23763011,0,9
2024-05-09 11:10:00,0.5200276,1,1,0.0011878037,0.001187803689390421,0.52064526,0.14051537,0,9
2024-05-09 11:15:00,0.68350416,1,1,0.0012421843,0.0012421843130141497,0.6843532,0.44557852,0,9
2024-05-09 11:20:00,0.5835176,1,1,0.0013423866,0.001342386589385569,0.58430094,0.21462487,0,9
2024-05-09 11:25:00,0.5905422,1,1,0.0012531177,0.00125311769079417,0.59128225,0.11642172,0,9
2024-05-09 11:30:00,0.52785987,1,1,0.0008568638,0.0008568638004362583,0.5283122,0.21139897,0,9
2024-05-09 11:35:00,0.5748754,1,1,0.0012827197,0.001282719662413001,0.5756128,0.32487386,0,9
2024-05-09 11:40:00,0.4986131,1,1,0.0011514366,0.001151436590589583,0.4991872,0.23666573,0,9
2024-05-09 11:45:00,0.51524675,1,1,0.0015493842,0.0015493842074647546,0.51604503,0.43377462,0,9
2024-05-09 11:50:00,0.38877797,0,-1,0.0010527939,-0.001052793930284679,0.38918725,0.20532595,0,9
2024-05-09 11:55:00,0.4774571,1,1,0.0012366034,0.0012366033624857664,0.47804752,0.31205487,0,9
2024-05-09 12:00:00,0.459346,0,-1,0.0010545143,-0.0010545143159106374,0.45983037,0.16201854,0,9
2024-05-09 12:05:00,0.41957682,0,-1,0.0010220277,-0.0010220276890322566,0.42000562,0.17790073,0,9
2024-05-09 12:10:00,0.41132846,0,-1,0.00097540626,-0.0009754062630236149,0.41172966,0.3832774,0,9
2024-05-09 12:15:00,0.5132294,1,1,0.0011387725,0.0011387724662199616,0.5138139,0.19264053,0,9
2024-05-09 12:20:00,0.51567614,1,1,0.001105383,0.001105383038520813,0.5162462,0.14416732,0,9
2024-05-09 12:25:00,0.57825536,1,1,0.0010612397,0.0010612397454679012,0.578869,0.216009,0,9
2024-05-09 12:30:00,0.45947644,0,-1,0.0010995704,-0.0010995704215019941,0.45998168,0.14108774,0,9
2024-05-09 12:35:00,0.42222562,0,-1,0.0012090234,-0.0012090234085917473,0.4227361,0.1798327,0,9
2024-05-09 12:40:00,0.36994925,0,-1,0.0013797806,-0.0013797805877402425,0.37045968,0.49645582,0,9
2024-05-09 12:45:00,0.5430746,1,1,0.0010382414,0.001038241432979703,0.5436384,0.26128954,0,9
2024-05-09 12:50:00,0.43087628,0,-1,0.0013198912,-0.0013198911910876632,0.431445,0.45234033,0,9
2024-05-09 12:55:00,0.46529856,0,-1,0.0010368322,-0.001036832225508988,0.46578103,0.4010939,0,9
2024-05-09 13:00:00,0.63210344,1,1,0.0020363468,0.002036346821114421,0.6333906,0.13493015,0,9
2024-05-09 13:05:00,0.6533424,1,1,0.0013557622,0.0013557622442021966,0.6542282,0.3584792,0,9
2024-05-09 13:10:00,0.5658926,1,1,0.001216142,0.0012161419726908207,0.5665808,0.28565547,0,9
2024-05-09 13:15:00,0.6205458,1,1,0.0015804612,0.001580461161211133,0.62152654,0.48674408,0,9
2024-05-09 13:20:00,0.5866316,1,1,0.0016586356,0.0016586355632171035,0.58760464,0.48004368,0,9
2024-05-09 13:25:00,0.67771345,1,1,0.0018293258,0.0018293258035555482,0.6789532,0.2212806,0,9
2024-05-09 13:30:00,0.5358725,1,1,0.0011907911,0.0011907911393791437,0.53651065,0.37477773,0,9
2024-05-09 13:35:00,0.5204917,1,1,0.0011668026,0.0011668025981634855,0.52109903,0.20572758,0,9
2024-05-09 13:40:00,0.50707847,1,1,0.0011546575,0.0011546574532985687,0.50766397,0.42709765,0,9
2024-05-09 13:45:00,0.5701387,1,1,0.0012141683,0.0012141682673245668,0.57083094,0.43995458,0,9
2024-05-09 13:50:00,0.3512365,0,-1,0.0010975344,-0.0010975344339385629,0.351622,0.309405,0,9
2024-05-09 13:55:00,0.25826374,0,-1,0.001101755,-0.0011017549550160766,0.25854826,0.29489446,0,9
2024-05-09 14:00:00,0.31754428,0,-1,0.001114628,-0.0011146280448883772,0.3178982,0.115426466,0,9
2024-05-09 14:05:00,0.40484357,0,-1,0.0011037921,-0.001103792106732726,0.40529042,0.28523314,0,9
2024-05-09 14:10:00,0.38515607,0,-1,0.00108527,-0.0010852699633687735,0.38557407,0.1448771,0,9
2024-05-09 14:15:00,0.34716386,0,-1,0.0011290472,-0.0011290472466498613,0.34755582,0.23542471,0,9
