,clf_prob,direction,signed_dir,magnitude,signal,confidence,meta_prob,trade_signal,width,fold,primary,bet_size
2017-07-05 09:30:00-04:00,,1,1,0.053522712225971096,0.053522712225971096,0.053522712225971096,0.5062233008015253,1,0.00800095387402003,1,wavelet_trend,1.0
2017-07-06 09:30:00-04:00,,0,-1,0.09590525593041736,-0.09590525593041736,0.09590525593041736,0.48614170520427047,0,0.008301086289651583,1,wavelet_trend,0.0
2017-07-06 14:30:00-04:00,,0,-1,0.29108853603139684,-0.29108853603139684,0.29108853603139684,0.49269213172484655,0,0.008154165569307982,1,wavelet_trend,0.0
2017-07-07 11:30:00-04:00,,0,-1,0.007619828527816103,-0.007619828527816103,0.007619828527816103,0.5034949310067516,-1,0.008018922992502788,1,wavelet_trend,1.0
2017-07-10 09:30:00-04:00,,0,-1,0.1555009710589978,-0.1555009710589978,0.1555009710589978,0.48826539984041967,0,0.007867354097806855,1,wavelet_trend,0.0
2017-07-10 11:30:00-04:00,,1,1,0.10686375421714311,0.10686375421714311,0.10686375421714311,0.510338664952778,1,0.007907028119977098,1,wavelet_trend,1.0
2017-07-11 10:30:00-04:00,,1,1,0.0079868098435226,0.0079868098435226,0.0079868098435226,0.4717609430724906,0,0.007717616011944656,1,wavelet_trend,0.0
2017-07-11 11:30:00-04:00,,1,1,0.07761457838978048,0.07761457838978048,0.07761457838978048,0.49078685523949434,0,0.00806417555166844,1,wavelet_trend,0.0
2017-07-12 09:30:00-04:00,,1,1,0.20099737164401135,0.20099737164401135,0.20099737164401135,0.5194707471176614,1,0.009126939343836718,1,wavelet_trend,1.0
2017-07-12 12:30:00-04:00,,1,1,0.16404365064421353,0.16404365064421353,0.16404365064421353,0.5197113294471996,1,0.008932790588107625,1,wavelet_trend,1.0
2017-07-14 13:30:00-04:00,,1,1,0.1001697456998214,0.1001697456998214,0.1001697456998214,0.5231593545738521,1,0.0076075864110804045,1,wavelet_trend,1.0
2017-07-17 10:30:00-04:00,,1,1,0.14663578849185657,0.14663578849185657,0.14663578849185657,0.5060204417921682,1,0.007421505149400272,1,wavelet_trend,1.0
2017-07-18 09:30:00-04:00,,1,1,0.06525500533939764,0.06525500533939764,0.06525500533939764,0.5003368330889969,1,0.007060339046254014,1,wavelet_trend,1.0
2017-07-19 09:30:00-04:00,,1,1,0.07794371493906854,0.07794371493906854,0.07794371493906854,0.5190009233021955,1,0.00726118942517255,1,wavelet_trend,1.0
2017-07-20 12:30:00-04:00,,1,1,0.3419561492177952,0.3419561492177952,0.3419561492177952,0.5244557593510604,1,0.0064844053410733,1,wavelet_trend,1.0
2017-07-21 09:30:00-04:00,,1,1,0.19060246318519375,0.19060246318519375,0.19060246318519375,0.5138878589047934,1,0.006259521484951667,1,wavelet_trend,1.0
2017-07-21 14:30:00-04:00,,0,-1,0.12016039107533967,-0.12016039107533967,0.12016039107533967,0.5039192912983372,-1,0.005905215528635867,1,wavelet_trend,1.0
2017-07-24 14:30:00-04:00,,0,-1,0.13259857743966624,-0.13259857743966624,0.13259857743966624,0.5007072565957815,-1,0.005517084162856304,1,wavelet_trend,1.0
2017-07-25 09:30:00-04:00,,1,1,0.045933472916586,0.045933472916586,0.045933472916586,0.5245594744080744,1,0.005983019718780208,1,wavelet_trend,1.0
2017-07-26 12:30:00-04:00,,1,1,0.2713099981280207,0.2713099981280207,0.2713099981280207,0.508583124983471,1,0.00549175863587082,1,wavelet_trend,1.0
2017-07-27 12:30:00-04:00,,0,-1,0.33083007791834196,-0.33083007791834196,0.33083007791834196,0.4596149359219812,0,0.006890672454971178,1,wavelet_trend,0.0
2017-07-28 10:30:00-04:00,,0,-1,0.380889795826696,-0.380889795826696,0.380889795826696,0.4932924663138123,0,0.006684364438438278,1,wavelet_trend,0.0
2017-07-31 09:30:00-04:00,,0,-1,0.3051174971635373,-0.3051174971635373,0.3051174971635373,0.49400040642201526,0,0.006482461173350705,1,wavelet_trend,0.0
2017-07-31 13:30:00-04:00,,0,-1,0.2898945099131002,-0.2898945099131002,0.2898945099131002,0.5127536210649579,-1,0.006264006933260698,1,wavelet_trend,1.0
2017-08-01 09:30:00-04:00,,0,-1,0.1719238982545824,-0.1719238982545824,0.1719238982545824,0.4983914272778352,0,0.0061297791474826425,1,wavelet_trend,0.0
2017-08-01 14:30:00-04:00,,1,1,0.033110221484153116,0.033110221484153116,0.033110221484153116,0.5204197723945667,1,0.005851449473852801,1,wavelet_trend,1.0
2017-08-02 09:30:00-04:00,,0,-1,0.20090353511476186,-0.20090353511476186,0.20090353511476186,0.47998528388010786,0,0.00683813171938799,1,wavelet_trend,0.0
2017-08-02 11:30:00-04:00,,0,-1,0.23556286457732226,-0.23556286457732226,0.23556286457732226,0.47828020756601,0,0.006733737077577418,1,wavelet_trend,0.0
2017-08-03 12:30:00-04:00,,0,-1,0.3221805333322186,-0.3221805333322186,0.3221805333322186,0.4814341276106892,0,0.006173443367738063,2,wavelet_trend,0.0
2017-08-04 09:30:00-04:00,,0,-1,0.2942498600445383,-0.2942498600445383,0.2942498600445383,0.4830686014193678,0,0.006122503522938078,2,wavelet_trend,0.0
2017-08-07 11:30:00-04:00,,1,1,0.10309902875072877,0.10309902875072877,0.10309902875072877,0.4897735168815279,0,0.005691601131306938,2,wavelet_trend,0.0
2017-08-08 10:30:00-04:00,,1,1,0.37287187873710603,0.37287187873710603,0.37287187873710603,0.4854302151103551,0,0.005794647261128784,2,wavelet_trend,0.0
2017-08-08 12:30:00-04:00,,1,1,0.04989335619229726,0.04989335619229726,0.04989335619229726,0.48729857175124547,0,0.006124321840718635,2,wavelet_trend,0.0
2017-08-08 14:30:00-04:00,,0,-1,0.0038518470837571807,-0.0038518470837571807,0.0038518470837571807,0.4849916064960627,0,0.006354684729025264,2,wavelet_trend,0.0
2017-08-09 09:30:00-04:00,,0,-1,0.18416444072291158,-0.18416444072291158,0.18416444072291158,0.47783884545742744,0,0.006737570048666038,2,wavelet_trend,0.0
2017-08-09 14:30:00-04:00,,0,-1,0.38513762816253644,-0.38513762816253644,0.38513762816253644,0.4752295098465896,0,0.006608431097066021,2,wavelet_trend,0.0
2017-08-10 09:30:00-04:00,,0,-1,0.45111894067052166,-0.45111894067052166,0.45111894067052166,0.474385767198686,0,0.00771686095453419,2,wavelet_trend,0.0
2017-08-10 14:30:00-04:00,,0,-1,0.5592575284474921,-0.5592575284474921,0.5592575284474921,0.4792442197681975,0,0.0075257640223092975,2,wavelet_trend,0.0
2017-08-11 10:30:00-04:00,,0,-1,0.6294657502782541,-0.6294657502782541,0.6294657502782541,0.47916040296314844,0,0.007390963763394949,2,wavelet_trend,0.0
2017-08-11 14:30:00-04:00,,0,-1,0.39568663488890826,-0.39568663488890826,0.39568663488890826,0.48536672985547136,0,0.007178521776541952,2,wavelet_trend,0.0
2017-08-14 09:30:00-04:00,,0,-1,0.09315529523466581,-0.09315529523466581,0.09315529523466581,0.49325076861238193,0,0.008004975466917667,2,wavelet_trend,0.0
2017-08-14 13:30:00-04:00,,1,1,0.24519591951533734,0.24519591951533734,0.24519591951533734,0.49285247898242174,0,0.007776460390959555,2,wavelet_trend,0.0
2017-08-15 10:30:00-04:00,,1,1,0.2307760961069683,0.2307760961069683,0.2307760961069683,0.4913268177032012,0,0.00753760832326477,2,wavelet_trend,0.0
2017-08-16 11:30:00-04:00,,1,1,0.08356603092479715,0.08356603092479715,0.08356603092479715,0.4885110089087699,0,0.007142315785542784,2,wavelet_trend,0.0
2017-08-16 13:30:00-04:00,,0,-1,0.1298705940456625,-0.1298705940456625,0.1298705940456625,0.48290374395791136,0,0.007087455676009379,2,wavelet_trend,0.0
2017-08-17 09:30:00-04:00,,0,-1,0.308769128052179,-0.308769128052179,0.308769128052179,0.47691283622403086,0,0.007311465003718524,2,wavelet_trend,0.0
2017-08-17 12:30:00-04:00,,0,-1,0.27739884396621184,-0.27739884396621184,0.27739884396621184,0.48069678481017286,0,0.007451651960075723,2,wavelet_trend,0.0
2017-08-17 14:30:00-04:00,,0,-1,0.3062895714681537,-0.3062895714681537,0.3062895714681537,0.4803366997054392,0,0.0075065318326869405,2,wavelet_trend,0.0
2017-08-18 09:30:00-04:00,,0,-1,0.4797048382441552,-0.4797048382441552,0.4797048382441552,0.4749390983038452,0,0.007513855773645261,2,wavelet_trend,0.0
2017-08-18 11:30:00-04:00,,0,-1,0.40583907268344893,-0.40583907268344893,0.40583907268344893,0.479197343838051,0,0.007580358051791296,2,wavelet_trend,0.0
2017-08-21 09:30:00-04:00,,0,-1,0.44553284519806036,-0.44553284519806036,0.44553284519806036,0.4787663239248166,0,0.007168117139382967,2,wavelet_trend,0.0
2017-08-22 09:30:00-04:00,,1,1,0.02133131127829537,0.02133131127829537,0.02133131127829537,0.49134166614405095,0,0.007117606933937694,2,wavelet_trend,0.0
2017-08-22 14:30:00-04:00,,1,1,0.2123860393835239,0.2123860393835239,0.2123860393835239,0.4911414530737891,0,0.006724215533371588,2,wavelet_trend,0.0
2017-08-24 09:30:00-04:00,,1,1,0.3111048222089169,0.3111048222089169,0.3111048222089169,0.48830116295123455,0,0.006458191451776926,2,wavelet_trend,0.0
2017-08-25 13:30:00-04:00,,1,1,0.12057588545799318,0.12057588545799318,0.12057588545799318,0.49114427810149125,0,0.005828061708736851,2,wavelet_trend,0.0
2017-08-28 14:30:00-04:00,,1,1,0.18713363699140884,0.18713363699140884,0.18713363699140884,0.49053602690485554,0,0.00542474272883324,2,wavelet_trend,0.0
2017-08-29 09:30:00-04:00,,0,-1,0.0063809920145343774,-0.0063809920145343774,0.0063809920145343774,0.48547309358892926,0,0.005902830542086848,2,wavelet_trend,0.0
2017-08-29 11:30:00-04:00,,1,1,0.08876759730549133,0.08876759730549133,0.08876759730549133,0.48993672583229947,0,0.006061552276756592,2,wavelet_trend,0.0
2017-08-30 10:30:00-04:00,,1,1,0.23641330675535507,0.23641330675535507,0.23641330675535507,0.4870486558259548,0,0.005857973538538433,2,wavelet_trend,0.0
2017-08-31 09:30:00-04:00,,1,1,0.3417900186133148,0.3417900186133148,0.3417900186133148,0.49080572039675474,0,0.00609813587634159,2,wavelet_trend,0.0
2017-08-31 11:30:00-04:00,,1,1,0.5882692879727971,0.5882692879727971,0.5882692879727971,0.487486607936557,0,0.006013427795331199,2,wavelet_trend,0.0
2017-09-01 10:30:00-04:00,,1,1,0.5133182668104328,0.5133182668104328,0.5133182668104328,0.47934753921159856,0,0.005609432438701116,3,wavelet_trend,0.0
2017-09-05 10:30:00-04:00,,1,1,0.31994093600723184,0.31994093600723184,0.31994093600723184,0.4792686446603464,0,0.005357238162598345,3,wavelet_trend,0.0
2017-09-05 11:30:00-04:00,,0,-1,0.010689868725849365,-0.010689868725849365,0.010689868725849365,0.480859319767158,0,0.005764733527988504,3,wavelet_trend,0.0
2017-09-05 13:30:00-04:00,,0,-1,0.08395423802909453,-0.08395423802909453,0.08395423802909453,0.48124356394367007,0,0.006002072467389789,3,wavelet_trend,0.0
2017-09-06 14:30:00-04:00,,0,-1,0.10541932974471833,-0.10541932974471833,0.10541932974471833,0.4865985800110056,0,0.0058093923343011285,3,wavelet_trend,0.0
2017-09-07 09:30:00-04:00,,0,-1,0.3102599674130503,-0.3102599674130503,0.3102599674130503,0.5013789394497368,-1,0.006221265775797098,3,wavelet_trend,1.0
2017-09-08 10:30:00-04:00,,1,1,0.07340049038536059,0.07340049038536059,0.07340049038536059,0.4825772428177927,0,0.005869375816440611,3,wavelet_trend,0.0
2017-09-11 09:30:00-04:00,,1,1,0.12416250343045511,0.12416250343045511,0.12416250343045511,0.4666251710040912,0,0.0068015851773419195,3,wavelet_trend,0.0
2017-09-12 09:30:00-04:00,,1,1,0.38248415478699715,0.38248415478699715,0.38248415478699715,0.4662948020656319,0,0.006369980545228353,3,wavelet_trend,0.0
2017-09-13 09:30:00-04:00,,1,1,0.5329112928935655,0.5329112928935655,0.5329112928935655,0.47300753309931953,0,0.005910219018136427,3,wavelet_trend,0.0
2017-09-14 14:30:00-04:00,,1,1,0.0,0.0,0.0,0.4697213383232513,0,0.005127787205050289,3,wavelet_trend,0.0
2017-09-15 10:30:00-04:00,,1,1,0.10620650181490138,0.10620650181490138,0.10620650181490138,0.4719011960003354,0,0.005012612631389214,3,wavelet_trend,0.0
2017-09-18 09:30:00-04:00,,1,1,0.29391245261680005,0.29391245261680005,0.29391245261680005,0.4615115049892855,0,0.005400311942705496,3,wavelet_trend,0.0
2017-09-20 10:30:00-04:00,,1,1,0.3147911123660934,0.3147911123660934,0.3147911123660934,0.4689080734297758,0,0.004495701430982292,3,wavelet_trend,0.0
2017-09-21 10:30:00-04:00,,1,1,0.16424419208847435,0.16424419208847435,0.16424419208847435,0.47059192904851666,0,0.004287560223348518,3,wavelet_trend,0.0
2017-09-22 09:30:00-04:00,,1,1,0.21511189786037122,0.21511189786037122,0.21511189786037122,0.47572591735753694,0,0.004217437934213987,3,wavelet_trend,0.0
2017-09-25 09:30:00-04:00,,1,1,0.2698944538235964,0.2698944538235964,0.2698944538235964,0.4694101757918063,0,0.004141050214763519,3,wavelet_trend,0.0
2017-09-25 10:30:00-04:00,,1,1,0.07925598744328358,0.07925598744328358,0.07925598744328358,0.46486894469916834,0,0.004508587532014767,3,wavelet_trend,0.0
2017-09-25 13:30:00-04:00,,1,1,0.05778887492765166,0.05778887492765166,0.05778887492765166,0.4620655836028709,0,0.004526051526955955,3,wavelet_trend,0.0
2017-09-26 09:30:00-04:00,,1,1,0.24152698866628305,0.24152698866628305,0.24152698866628305,0.4650840600852097,0,0.00447504185135074,3,wavelet_trend,0.0
2017-09-27 09:30:00-04:00,,1,1,0.329604572233537,0.329604572233537,0.329604572233537,0.452060188217596,0,0.0051592948723109995,3,wavelet_trend,0.0
2017-09-27 12:30:00-04:00,,1,1,0.5576994414553196,0.5576994414553196,0.5576994414553196,0.4558264696491628,0,0.005783779200874688,3,wavelet_trend,0.0
2017-09-27 13:30:00-04:00,,1,1,0.7137811800654055,0.7137811800654055,0.7137811800654055,0.45953249988468803,0,0.00588154837512147,3,wavelet_trend,0.0
2017-09-28 11:30:00-04:00,,1,1,0.5598013978645411,0.5598013978645411,0.5598013978645411,0.4592103432846941,0,0.005711822076450417,3,wavelet_trend,0.0
2017-09-29 10:30:00-04:00,,1,1,0.7129728505204251,0.7129728505204251,0.7129728505204251,0.469581253693609,0,0.005311837993381222,3,wavelet_trend,0.0
2017-10-02 09:30:00-04:00,,1,1,0.2616152755263795,0.2616152755263795,0.2616152755263795,0.4617703136062314,0,0.005382461391166037,3,wavelet_trend,0.0
2017-10-02 12:30:00-04:00,,1,1,0.37128341360464723,0.37128341360464723,0.37128341360464723,0.4599083179057558,0,0.005409991078621073,3,wavelet_trend,0.0
2017-10-03 10:30:00-04:00,,1,1,0.3068330343787578,0.3068330343787578,0.3068330343787578,0.502090255083129,1,0.005327944228625885,4,wavelet_trend,1.0
2017-10-03 14:30:00-04:00,,1,1,0.3768563033067633,0.3768563033067633,0.3768563033067633,0.49996243608310853,0,0.005056709067231413,4,wavelet_trend,0.0
2017-10-04 13:30:00-04:00,,1,1,0.13593878964580114,0.13593878964580114,0.13593878964580114,0.5026916311357417,1,0.004973272427295441,4,wavelet_trend,1.0
2017-10-05 10:30:00-04:00,,1,1,0.06035709131133322,0.06035709131133322,0.06035709131133322,0.49937647932005935,0,0.004721800465997509,4,wavelet_trend,0.0
2017-10-06 10:30:00-04:00,,0,-1,0.09345060107248862,-0.09345060107248862,0.09345060107248862,0.49016585674388197,0,0.004513859518858542,4,wavelet_trend,0.0
2017-10-09 12:30:00-04:00,,0,-1,0.16892387924979838,-0.16892387924979838,0.16892387924979838,0.48974480247973406,0,0.004122093382247753,4,wavelet_trend,0.0
2017-10-10 09:30:00-04:00,,0,-1,0.06602625530424622,-0.06602625530424622,0.06602625530424622,0.4932589479845516,0,0.004145109796214766,4,wavelet_trend,0.0
2017-10-10 12:30:00-04:00,,0,-1,0.09452008602965252,-0.09452008602965252,0.09452008602965252,0.49150916606826556,0,0.004111807891747227,4,wavelet_trend,0.0
2017-10-11 09:30:00-04:00,,0,-1,0.01154606252855361,-0.01154606252855361,0.01154606252855361,0.49262643881802687,0,0.003952700825187399,4,wavelet_trend,0.0
2017-10-11 12:30:00-04:00,,0,-1,0.03736598702843212,-0.03736598702843212,0.03736598702843212,0.487630571775874,0,0.00397645492304062,4,wavelet_trend,0.0
2017-10-13 09:30:00-04:00,,1,1,0.031823569734478994,0.031823569734478994,0.031823569734478994,0.4894500185309719,0,0.003587920135359792,4,wavelet_trend,0.0
2017-10-13 13:30:00-04:00,,0,-1,0.17227192997955287,-0.17227192997955287,0.17227192997955287,0.48097711724951125,0,0.0035155541650725504,4,wavelet_trend,0.0
2017-10-16 09:30:00-04:00,,0,-1,6.179240230781652e-13,-6.179240230781652e-13,6.179240230781652e-13,0.48686618125881637,0,0.003520795190935028,4,wavelet_trend,0.0
2017-10-16 11:30:00-04:00,,0,-1,0.16214421594586442,-0.16214421594586442,0.16214421594586442,0.4807218440875736,0,0.003602256980795057,4,wavelet_trend,0.0
2017-10-17 10:30:00-04:00,,0,-1,0.0033711335299290643,-0.0033711335299290643,0.0033711335299290643,0.48334699145996435,0,0.0033929505924241428,4,wavelet_trend,0.0
2017-10-17 12:30:00-04:00,,0,-1,0.18566953457128,-0.18566953457128,0.18566953457128,0.480674093130617,0,0.0033902818235691592,4,wavelet_trend,0.0
2017-10-17 14:30:00-04:00,,0,-1,0.34337923447282775,-0.34337923447282775,0.34337923447282775,0.47321472585132257,0,0.003576520576401595,4,wavelet_trend,0.0
2017-10-18 09:30:00-04:00,,0,-1,0.07552305984418951,-0.07552305984418951,0.07552305984418951,0.4826007554338213,0,0.003792241465615394,4,wavelet_trend,0.0
2017-10-18 11:30:00-04:00,,0,-1,0.024259179343590353,-0.024259179343590353,0.024259179343590353,0.48508105258370654,0,0.0037712582555669686,4,wavelet_trend,0.0
2017-10-19 09:30:00-04:00,,0,-1,0.12909700666588847,-0.12909700666588847,0.12909700666588847,0.4764478954846567,0,0.004270868431423952,4,wavelet_trend,0.0
2017-10-19 12:30:00-04:00,,0,-1,0.14179023048819323,-0.14179023048819323,0.14179023048819323,0.4824847241977815,0,0.004365105648967413,4,wavelet_trend,0.0
2017-10-20 09:30:00-04:00,,1,1,0.3301954451655011,0.3301954451655011,0.3301954451655011,0.4899412391350525,0,0.004549480559215762,4,wavelet_trend,0.0
2017-10-23 09:30:00-04:00,,0,-1,0.10369761598712343,-0.10369761598712343,0.10369761598712343,0.48606868984889023,0,0.004523075267928747,4,wavelet_trend,0.0
2017-10-23 14:30:00-04:00,,0,-1,0.02925126647612569,-0.02925126647612569,0.02925126647612569,0.4871171894747667,0,0.004320686509939405,4,wavelet_trend,0.0
2017-10-24 09:30:00-04:00,,1,1,0.08600256909675137,0.08600256909675137,0.08600256909675137,0.4929266125612749,0,0.004662563849720296,4,wavelet_trend,0.0
2017-10-25 09:30:00-04:00,,0,-1,0.31556942592003584,-0.31556942592003584,0.31556942592003584,0.47769368499833487,0,0.004796140174502474,4,wavelet_trend,0.0
2017-10-25 10:30:00-04:00,,0,-1,0.4604034602459009,-0.4604034602459009,0.4604034602459009,0.46658080681548203,0,0.005346408484786346,4,wavelet_trend,0.0
2017-10-25 12:30:00-04:00,,0,-1,0.27356556929274917,-0.27356556929274917,0.27356556929274917,0.4770172093380886,0,0.005426112088253698,4,wavelet_trend,0.0
2017-10-25 13:30:00-04:00,,0,-1,0.14815359989246954,-0.14815359989246954,0.14815359989246954,0.4830413617777709,0,0.0055835417690491855,4,wavelet_trend,0.0
2017-10-26 10:30:00-04:00,,1,1,0.06255362226507803,0.06255362226507803,0.06255362226507803,0.4882374155888635,0,0.005508006801826236,4,wavelet_trend,0.0
2017-10-27 09:30:00-04:00,,0,-1,0.14437786365872823,-0.14437786365872823,0.14437786365872823,0.4767143583264167,0,0.005254461769306186,4,wavelet_trend,0.0
2017-10-27 10:30:00-04:00,,1,1,0.045754403756528415,0.045754403756528415,0.045754403756528415,0.4865929366818705,0,0.0057622292669354865,4,wavelet_trend,0.0
2017-10-30 09:30:00-04:00,,1,1,0.11365899464113317,0.11365899464113317,0.11365899464113317,0.4833325490708477,0,0.005560699285731277,4,wavelet_trend,0.0
2017-10-30 10:30:00-04:00,,1,1,0.03827760073466891,0.03827760073466891,0.03827760073466891,0.48239417995959954,0,0.005719016267223213,4,wavelet_trend,0.0
2017-10-30 13:30:00-04:00,,0,-1,0.2113554069452376,-0.2113554069452376,0.2113554069452376,0.47611420801859106,0,0.005619505274467751,4,wavelet_trend,0.0
2017-10-31 09:30:00-04:00,,1,1,0.050265189456935554,0.050265189456935554,0.050265189456935554,0.48924753241980135,0,0.0059473107871842335,4,wavelet_trend,0.0
2017-10-31 13:30:00-04:00,,1,1,0.029844541924282573,0.029844541924282573,0.029844541924282573,0.4937548270897009,0,0.005750983820505918,4,wavelet_trend,0.0
2017-11-01 10:30:00-04:00,,0,-1,0.1962680043670469,-0.1962680043670469,0.1962680043670469,0.4592480903916938,0,0.006370891348214672,5,wavelet_trend,0.0
2017-11-01 12:30:00-04:00,,0,-1,0.11697192329034743,-0.11697192329034743,0.11697192329034743,0.46263926941617595,0,0.006314625134014915,5,wavelet_trend,0.0
2017-11-02 11:30:00-04:00,,1,1,0.029117867023604437,0.029117867023604437,0.029117867023604437,0.4808495973776736,0,0.006307983259608025,5,wavelet_trend,0.0
2017-11-02 12:30:00-04:00,,0,-1,0.10587887007758541,-0.10587887007758541,0.10587887007758541,0.4750244309351143,0,0.00651759915330682,5,wavelet_trend,0.0
2017-11-06 09:30:00-05:00,,1,1,0.12592416360660844,0.12592416360660844,0.12592416360660844,0.4947635234056524,0,0.0058471902116086355,5,wavelet_trend,0.0
2017-11-07 09:30:00-05:00,,0,-1,0.13666315065471235,-0.13666315065471235,0.13666315065471235,0.45997919912801294,0,0.005907914016304688,5,wavelet_trend,0.0
2017-11-07 11:30:00-05:00,,0,-1,0.28357169295433526,-0.28357169295433526,0.28357169295433526,0.4201913009361232,0,0.006125721241819098,5,wavelet_trend,0.0
2017-11-07 14:30:00-05:00,,0,-1,0.32207388841055484,-0.32207388841055484,0.32207388841055484,0.43738521331657226,0,0.006149686473884226,5,wavelet_trend,0.0
2017-11-08 09:30:00-05:00,,0,-1,0.3780063534098795,-0.3780063534098795,0.3780063534098795,0.42173568502633496,0,0.006389233366468535,5,wavelet_trend,0.0
2017-11-08 11:30:00-05:00,,0,-1,0.3561643328877356,-0.3561643328877356,0.3561643328877356,0.4359386475636362,0,0.006559075592982271,5,wavelet_trend,0.0
2017-11-09 10:30:00-05:00,,0,-1,0.4029450409279468,-0.4029450409279468,0.4029450409279468,0.41795063636971536,0,0.006302425554689269,5,wavelet_trend,0.0
2017-11-09 11:30:00-05:00,,0,-1,0.3960366786306407,-0.3960366786306407,0.3960366786306407,0.412802584578807,0,0.006656410405790342,5,wavelet_trend,0.0
2017-11-09 12:30:00-05:00,,0,-1,0.17293909330178314,-0.17293909330178314,0.17293909330178314,0.47787615288526425,0,0.007265504419125563,5,wavelet_trend,0.0
2017-11-13 09:30:00-05:00,,0,-1,0.15732488041547482,-0.15732488041547482,0.15732488041547482,0.46124363719857087,0,0.006519472409425327,5,wavelet_trend,0.0
2017-11-14 09:30:00-05:00,,0,-1,0.08670374411535646,-0.08670374411535646,0.08670374411535646,0.47040940727723257,0,0.006210141991065694,5,wavelet_trend,0.0
2017-11-15 09:30:00-05:00,,0,-1,0.2671217769448914,-0.2671217769448914,0.2671217769448914,0.4277202566709715,0,0.006046745895112717,5,wavelet_trend,0.0
2017-11-15 10:30:00-05:00,,0,-1,0.08228537960105688,-0.08228537960105688,0.08228537960105688,0.47697809458067897,0,0.006254312587989281,5,wavelet_trend,0.0
2017-11-16 09:30:00-05:00,,1,1,0.0777889733645577,0.0777889733645577,0.0777889733645577,0.5388579705216311,1,0.007483114275546889,5,wavelet_trend,1.0
2017-11-16 11:30:00-05:00,,1,1,0.28490513813891044,0.28490513813891044,0.28490513813891044,0.5030295850120753,1,0.007398278067318868,5,wavelet_trend,1.0
2017-11-17 11:30:00-05:00,,1,1,0.46587950267161504,0.46587950267161504,0.46587950267161504,0.4845659223669076,0,0.007194506708197487,5,wavelet_trend,0.0
2017-11-20 12:30:00-05:00,,1,1,0.22148745493338778,0.22148745493338778,0.22148745493338778,0.5108752263601993,1,0.006558657353327287,5,wavelet_trend,1.0
2017-11-21 09:30:00-05:00,,1,1,0.4151680892904057,0.4151680892904057,0.4151680892904057,0.5203198581453825,1,0.007360077655861511,5,wavelet_trend,1.0
2017-11-22 09:30:00-05:00,,1,1,0.39820807875592185,0.39820807875592185,0.39820807875592185,0.5366671849743784,1,0.006796063453258515,5,wavelet_trend,1.0
2017-11-27 10:30:00-05:00,,0,-1,0.020300521483220053,-0.020300521483220053,0.020300521483220053,0.5174720785043798,-1,0.006152314357827067,5,wavelet_trend,1.0
2017-11-28 10:30:00-05:00,,1,1,0.06339762785821373,0.06339762785821373,0.06339762785821373,0.5237950205537756,1,0.006063775517020296,5,wavelet_trend,1.0
2017-11-28 14:30:00-05:00,,1,1,0.23428861711208754,0.23428861711208754,0.23428861711208754,0.5353184520447589,1,0.0065875696650938755,5,wavelet_trend,1.0
2017-11-29 09:30:00-05:00,,1,1,0.39558049992918204,0.39558049992918204,0.39558049992918204,0.534782852507523,1,0.006592378678001618,5,wavelet_trend,1.0
2017-11-30 11:30:00-05:00,,1,1,0.5049558260945763,0.5049558260945763,0.5049558260945763,0.5121350985983487,1,0.005978696137267463,5,wavelet_trend,1.0
2017-12-01 10:30:00-05:00,,0,-1,0.25454457167294814,-0.25454457167294814,0.25454457167294814,0.4413831401630261,0,0.010961787073617241,6,wavelet_trend,0.0
2017-12-01 11:30:00-05:00,,0,-1,0.20907677535849856,-0.20907677535849856,0.20907677535849856,0.5194321110434098,-1,0.011226929496244702,6,wavelet_trend,1.0
2017-12-01 13:30:00-05:00,,0,-1,0.10992597762599768,-0.10992597762599768,0.10992597762599768,0.5567047347479663,-1,0.011199431603450518,6,wavelet_trend,1.0
2017-12-04 09:30:00-05:00,,1,1,0.09423243896444913,0.09423243896444913,0.09423243896444913,0.6089444611505671,1,0.011446524873378506,6,wavelet_trend,1.0
2017-12-04 13:30:00-05:00,,0,-1,0.08170933438934151,-0.08170933438934151,0.08170933438934151,0.5911274546210604,-1,0.0110490712478666,6,wavelet_trend,1.0
2017-12-05 11:30:00-05:00,,0,-1,0.1412790345616477,-0.1412790345616477,0.1412790345616477,0.5397208928178029,-1,0.010464500108531257,6,wavelet_trend,1.0
2017-12-07 09:30:00-05:00,,0,-1,0.14425916199876287,-0.14425916199876287,0.14425916199876287,0.48576849033833763,0,0.009749422222013016,6,wavelet_trend,0.0
2017-12-08 11:30:00-05:00,,1,1,0.1763989658022142,0.1763989658022142,0.1763989658022142,0.49729648174840196,0,0.00878434895332254,6,wavelet_trend,0.0
2017-12-11 13:30:00-05:00,,0,-1,0.02298618137137996,-0.02298618137137996,0.02298618137137996,0.5156271626897173,-1,0.00787086128163792,6,wavelet_trend,1.0
2017-12-12 10:30:00-05:00,,1,1,0.06876527661775533,0.06876527661775533,0.06876527661775533,0.5131298493011306,1,0.007555186245602734,6,wavelet_trend,1.0
2017-12-12 14:30:00-05:00,,0,-1,0.10995008792757602,-0.10995008792757602,0.10995008792757602,0.4928790688551161,0,0.0074008654581613105,6,wavelet_trend,0.0
2017-12-13 09:30:00-05:00,,1,1,0.04363394322520832,0.04363394322520832,0.04363394322520832,0.5204607691688429,1,0.007752625292817759,6,wavelet_trend,1.0
2017-12-14 11:30:00-05:00,,0,-1,0.03680719183836495,-0.03680719183836495,0.03680719183836495,0.5019670557092735,-1,0.007055686120725616,6,wavelet_trend,1.0
2017-12-14 13:30:00-05:00,,0,-1,0.2129348419439679,-0.2129348419439679,0.2129348419439679,0.4292683631296085,0,0.007851219292837913,6,wavelet_trend,0.0
2017-12-15 09:30:00-05:00,,1,1,0.07118792062992406,0.07118792062992406,0.07118792062992406,0.5033812636781868,1,0.00873723772406195,6,wavelet_trend,1.0
2017-12-15 13:30:00-05:00,,1,1,0.09791137171706468,0.09791137171706468,0.09791137171706468,0.5203464563790187,1,0.008481589456284643,6,wavelet_trend,1.0
2017-12-18 09:30:00-05:00,,1,1,0.2407240889998345,0.2407240889998345,0.2407240889998345,0.5753979777315559,1,0.010171265632898696,6,wavelet_trend,1.0
2017-12-19 14:30:00-05:00,,1,1,0.07405235380146823,0.07405235380146823,0.07405235380146823,0.5640163440420364,1,0.00892704040501881,6,wavelet_trend,1.0
2017-12-21 10:30:00-05:00,,1,1,0.0,0.0,0.0,0.5255860093153409,1,0.007998311987395335,6,wavelet_trend,1.0
2017-12-22 09:30:00-05:00,,1,1,0.06607897086456642,0.06607897086456642,0.06607897086456642,0.49345324274330066,0,0.007601400776557654,6,wavelet_trend,0.0
2017-12-27 09:30:00-05:00,,0,-1,0.04026940177390388,-0.04026940177390388,0.04026940177390388,0.5053459573269168,-1,0.006332764662622918,6,wavelet_trend,1.0
2017-12-27 12:30:00-05:00,,0,-1,0.031681846362011885,-0.031681846362011885,0.031681846362011885,0.4867664551429473,0,0.006330397678560806,6,wavelet_trend,0.0
2017-12-28 11:30:00-05:00,,1,1,0.04307073881926871,0.04307073881926871,0.04307073881926871,0.5154792809623149,1,0.005935495014872689,6,wavelet_trend,1.0
2017-12-29 14:30:00-05:00,,1,1,0.03344223323123287,0.03344223323123287,0.03344223323123287,0.49312147766687836,0,0.005331203731370052,6,wavelet_trend,0.0
2018-01-02 09:30:00-05:00,,1,1,0.07279505297138066,0.07279505297138066,0.07279505297138066,0.5230821766967109,1,0.006409943259338047,6,wavelet_trend,1.0
2018-01-03 11:30:00-05:00,,0,-1,0.010975918702350368,-0.010975918702350368,0.010975918702350368,0.4941193300455038,0,0.0060674650303673226,7,wavelet_trend,0.0
2018-01-03 14:30:00-05:00,,1,1,0.11642831532911005,0.11642831532911005,0.11642831532911005,0.509497565920327,1,0.005898187279248731,7,wavelet_trend,1.0
2018-01-04 12:30:00-05:00,,1,1,0.1774371644775964,0.1774371644775964,0.1774371644775964,0.5138549752052727,1,0.005798798305419208,7,wavelet_trend,1.0
2018-01-05 12:30:00-05:00,,1,1,0.03078747167346552,0.03078747167346552,0.03078747167346552,0.4912376379404937,0,0.005390718718408955,7,wavelet_trend,0.0
2018-01-08 09:30:00-05:00,,1,1,0.002062450028360113,0.002062450028360113,0.002062450028360113,0.4850223787831083,0,0.0053581232468408934,7,wavelet_trend,0.0
2018-01-08 12:30:00-05:00,,1,1,0.17172161498969327,0.17172161498969327,0.17172161498969327,0.48904640665743654,0,0.005331722472253326,7,wavelet_trend,0.0
2018-01-10 09:30:00-05:00,,0,-1,0.06904842210124255,-0.06904842210124255,0.06904842210124255,0.4589567287410055,0,0.004954962047976871,7,wavelet_trend,0.0
2018-01-10 11:30:00-05:00,,1,1,0.10830580579993607,0.10830580579993607,0.10830580579993607,0.4621069649986878,0,0.0050923260522090135,7,wavelet_trend,0.0
2018-01-11 09:30:00-05:00,,1,1,0.13479507373830774,0.13479507373830774,0.13479507373830774,0.48500801830081725,0,0.005531114576634893,7,wavelet_trend,0.0
2018-01-11 10:30:00-05:00,,1,1,0.3015207293063593,0.3015207293063593,0.3015207293063593,0.48083726784641895,0,0.005947414752351727,7,wavelet_trend,0.0
2018-01-11 14:30:00-05:00,,1,1,0.3783055677803217,0.3783055677803217,0.3783055677803217,0.4863604001991101,0,0.005674874957441781,7,wavelet_trend,0.0
2018-01-12 10:30:00-05:00,,1,1,0.6488702226575886,0.6488702226575886,0.6488702226575886,0.47377000921823387,0,0.005766318134804127,7,wavelet_trend,0.0
2018-01-12 12:30:00-05:00,,1,1,0.6446668700281404,0.6446668700281404,0.6446668700281404,0.4738215408022255,0,0.00581036680991682,7,wavelet_trend,0.0
2018-01-16 09:30:00-05:00,,1,1,0.7332569962520558,0.7332569962520558,0.7332569962520558,0.47027533905413643,0,0.0060895330420247034,7,wavelet_trend,0.0
2018-01-16 11:30:00-05:00,,1,1,0.32827312095723327,0.32827312095723327,0.32827312095723327,0.4850232101362554,0,0.006452264814297019,7,wavelet_trend,0.0
2018-01-16 13:30:00-05:00,,0,-1,0.08731805149355736,-0.08731805149355736,0.08731805149355736,0.48271162056435357,0,0.007098062570333867,7,wavelet_trend,0.0
2018-01-17 11:30:00-05:00,,0,-1,0.10508242733341774,-0.10508242733341774,0.10508242733341774,0.47470152384701164,0,0.0070017975343459795,7,wavelet_trend,0.0
2018-01-18 09:30:00-05:00,,0,-1,0.14872361022685424,-0.14872361022685424,0.14872361022685424,0.46487341688640343,0,0.006846050378027279,7,wavelet_trend,0.0
2018-01-18 13:30:00-05:00,,0,-1,0.11414544410224012,-0.11414544410224012,0.11414544410224012,0.47908753404207777,0,0.006631698190299625,7,wavelet_trend,0.0
2018-01-19 09:30:00-05:00,,1,1,0.10016708521304221,0.10016708521304221,0.10016708521304221,0.47186475251629384,0,0.006933885387101264,7,wavelet_trend,0.0
2018-01-19 12:30:00-05:00,,1,1,0.2076557303098411,0.2076557303098411,0.2076557303098411,0.4839636328838326,0,0.0067276369777780395,7,wavelet_trend,0.0
2018-01-22 11:30:00-05:00,,1,1,0.33664435180308017,0.33664435180308017,0.33664435180308017,0.4680300938794297,0,0.0064429054397110675,7,wavelet_trend,0.0
2018-01-23 09:30:00-05:00,,1,1,0.29635595729469066,0.29635595729469066,0.29635595729469066,0.47944145917847725,0,0.006379701731535671,7,wavelet_trend,0.0
2018-01-23 10:30:00-05:00,,1,1,0.43834343547078597,0.43834343547078597,0.43834343547078597,0.4758596159578904,0,0.006498848509653752,7,wavelet_trend,0.0
2018-01-24 09:30:00-05:00,,1,1,0.25789226703851476,0.25789226703851476,0.25789226703851476,0.5050917910638002,1,0.005976211806534029,7,wavelet_trend,1.0
2018-01-24 11:30:00-05:00,,1,1,0.0493875523718181,0.0493875523718181,0.0493875523718181,0.4851731672860824,0,0.006308210611039116,7,wavelet_trend,0.0
2018-01-25 09:30:00-05:00,,0,-1,0.07757400139372,-0.07757400139372,0.07757400139372,0.4778299680335065,0,0.006088524216470632,7,wavelet_trend,0.0
2018-01-26 12:30:00-05:00,,0,-1,0.04139290887906082,-0.04139290887906082,0.04139290887906082,0.4923304736017825,0,0.005426671942561345,7,wavelet_trend,0.0
2018-01-29 10:30:00-05:00,,1,1,0.025955719849986455,0.025955719849986455,0.025955719849986455,0.4844338029282123,0,0.005369736144200865,7,wavelet_trend,0.0
2018-01-30 09:30:00-05:00,,0,-1,0.19504404347774976,-0.19504404347774976,0.19504404347774976,0.42462304894072705,0,0.006027420400264891,7,wavelet_trend,0.0
2018-01-30 12:30:00-05:00,,0,-1,0.36894215480719667,-0.36894215480719667,0.36894215480719667,0.4157773537134573,0,0.005909589982441767,7,wavelet_trend,0.0
2018-01-31 09:30:00-05:00,,0,-1,0.31867411143953733,-0.31867411143953733,0.31867411143953733,0.44408619398608934,0,0.005902909753834628,7,wavelet_trend,0.0
2018-01-31 10:30:00-05:00,,0,-1,0.42655424250074114,-0.42655424250074114,0.42655424250074114,0.43441776675704286,0,0.006086089690282163,7,wavelet_trend,0.0
2018-01-31 14:30:00-05:00,,0,-1,0.49792708975390365,-0.49792708975390365,0.49792708975390365,0.4354421254571731,0,0.005939991938199879,7,wavelet_trend,0.0
2018-02-01 11:30:00-05:00,,0,-1,0.1104871271830852,-0.1104871271830852,0.1104871271830852,0.4638443785537063,0,0.006088917867576047,7,wavelet_trend,0.0
2018-02-01 14:30:00-05:00,,0,-1,0.05241131333852475,-0.05241131333852475,0.05241131333852475,0.475259502739581,0,0.006021170937939788,7,wavelet_trend,0.0
2018-02-02 09:30:00-05:00,,0,-1,0.30271973947931397,-0.30271973947931397,0.30271973947931397,0.43711331110970875,0,0.007717847084887872,8,wavelet_trend,0.0
2018-02-02 13:30:00-05:00,,0,-1,0.3530693820720548,-0.3530693820720548,0.3530693820720548,0.45599456309195935,0,0.007794472184411753,8,wavelet_trend,0.0
2018-02-05 10:30:00-05:00,,0,-1,0.43905279109077805,-0.43905279109077805,0.43905279109077805,0.42763044698574576,0,0.007556218574602335,8,wavelet_trend,0.0
2018-02-05 12:30:00-05:00,,0,-1,0.575015532589207,-0.575015532589207,0.575015532589207,0.4010341440497637,0,0.0077937490845634855,8,wavelet_trend,0.0
2018-02-05 14:30:00-05:00,,0,-1,0.8417455347601875,-0.8417455347601875,0.8417455347601875,0.38123900776277314,0,0.007864485398239189,8,wavelet_trend,0.0
2018-02-06 10:30:00-05:00,,0,-1,1.0042735342030376,-1.0042735342030376,1.0042735342030376,0.34145479910397536,0,0.009891031732718446,8,wavelet_trend,0.0
2018-02-06 11:30:00-05:00,,0,-1,0.5481595136043722,-0.5481595136043722,0.5481595136043722,0.4001891929025957,0,0.011283116166648786,8,wavelet_trend,0.0
2018-02-06 13:30:00-05:00,,0,-1,0.6872118075636715,-0.6872118075636715,0.6872118075636715,0.4281669772172793,0,0.011132027349681562,8,wavelet_trend,0.0
2018-02-06 14:30:00-05:00,,0,-1,0.4175204387042529,-0.4175204387042529,0.4175204387042529,0.45535320354870384,0,0.012391650596904951,8,wavelet_trend,0.0
2018-02-08 09:30:00-05:00,,0,-1,0.11917686803605768,-0.11917686803605768,0.11917686803605768,0.4850328512859841,0,0.011844881938186634,8,wavelet_trend,0.0
2018-02-08 10:30:00-05:00,,0,-1,0.011483533940396268,-0.011483533940396268,0.011483533940396268,0.47170273181593925,0,0.012042939174650678,8,wavelet_trend,0.0
2018-02-09 11:30:00-05:00,,0,-1,0.5135577326815468,-0.5135577326815468,0.5135577326815468,0.3825708607432966,0,0.012806789677650315,8,wavelet_trend,0.0
2018-02-09 13:30:00-05:00,,0,-1,0.31752218084512623,-0.31752218084512623,0.31752218084512623,0.42710625624386783,0,0.015395025157387244,8,wavelet_trend,0.0
2018-02-12 11:30:00-05:00,,0,-1,0.07945260021910457,-0.07945260021910457,0.07945260021910457,0.456624773995701,0,0.015173819231916559,8,wavelet_trend,0.0
2018-02-14 09:30:00-05:00,,1,1,0.2769412382036495,0.2769412382036495,0.2769412382036495,0.44634622407261926,0,0.013385439275644801,8,wavelet_trend,0.0
2018-02-14 13:30:00-05:00,,1,1,0.23799482601044633,0.23799482601044633,0.23799482601044633,0.4774909559881898,0,0.012898763944715477,8,wavelet_trend,0.0
2018-02-15 12:30:00-05:00,,1,1,0.36661409841367454,0.36661409841367454,0.36661409841367454,0.4731554454787998,0,0.01194737360975444,8,wavelet_trend,0.0
2018-02-16 09:30:00-05:00,,1,1,0.4312640919341836,0.4312640919341836,0.4312640919341836,0.49825758967405653,0,0.01144415716024163,8,wavelet_trend,0.0
2018-02-20 12:30:00-05:00,,1,1,0.12678200503547635,0.12678200503547635,0.12678200503547635,0.5056106604229879,1,0.01043190996398548,8,wavelet_trend,1.0
2018-02-21 09:30:00-05:00,,1,1,0.06082520393607986,0.06082520393607986,0.06082520393607986,0.496921933166787,0,0.010451719220954917,8,wavelet_trend,0.0
2018-02-22 10:30:00-05:00,,1,1,0.041098891890927386,0.041098891890927386,0.041098891890927386,0.48708698765802877,0,0.010808839188880925,8,wavelet_trend,0.0
2018-02-22 14:30:00-05:00,,0,-1,0.03696023563599182,-0.03696023563599182,0.03696023563599182,0.46849256528712563,0,0.01058163494328596,8,wavelet_trend,0.0
2018-02-23 13:30:00-05:00,,0,-1,0.038302495177888564,-0.038302495177888564,0.038302495177888564,0.46497547238064457,0,0.009866864543595562,8,wavelet_trend,0.0
2018-02-26 10:30:00-05:00,,1,1,0.1944706428473994,0.1944706428473994,0.1944706428473994,0.4691156248038512,0,0.009558949518851435,8,wavelet_trend,0.0
2018-02-26 14:30:00-05:00,,1,1,0.23281354950476355,0.23281354950476355,0.23281354950476355,0.4933102848890157,0,0.009130535000381515,8,wavelet_trend,0.0
2018-02-27 10:30:00-05:00,,1,1,0.22878217405193113,0.22878217405193113,0.22878217405193113,0.482202189337344,0,0.00963895204742251,8,wavelet_trend,0.0
2018-02-27 14:30:00-05:00,,1,1,0.041861769871277855,0.041861769871277855,0.041861769871277855,0.4901705038903746,0,0.009310705868560075,8,wavelet_trend,0.0
2018-02-28 14:30:00-05:00,,0,-1,0.36407790112512,-0.36407790112512,0.36407790112512,0.4278782557124291,0,0.009914629947788751,8,wavelet_trend,0.0
2018-03-01 12:30:00-05:00,,0,-1,0.4093564210466756,-0.4093564210466756,0.4093564210466756,0.4136587455058508,0,0.009908551168707237,8,wavelet_trend,0.0
2018-03-02 10:30:00-05:00,,0,-1,0.20834562133380868,-0.20834562133380868,0.20834562133380868,0.44703747941365235,0,0.010412971452307214,8,wavelet_trend,0.0
2018-03-02 11:30:00-05:00,,0,-1,0.15847933499755798,-0.15847933499755798,0.15847933499755798,0.4265180797261486,0,0.010655571975035702,8,wavelet_trend,0.0
2018-03-05 10:30:00-05:00,,1,1,0.27256519778347393,0.27256519778347393,0.27256519778347393,0.4577291274773051,0,0.01046655610477715,8,wavelet_trend,0.0
2018-03-06 11:30:00-05:00,,1,1,0.5029644771687433,0.5029644771687433,0.5029644771687433,0.47322204008739893,0,0.009915439852947185,9,wavelet_trend,0.0
2018-03-06 14:30:00-05:00,,1,1,0.4119161279159635,0.4119161279159635,0.4119161279159635,0.5083468266544106,1,0.00969687316830344,9,wavelet_trend,1.0
2018-03-07 14:30:00-05:00,,1,1,0.32399115130165074,0.32399115130165074,0.32399115130165074,0.5101122328320411,1,0.009023964761861085,9,wavelet_trend,1.0
2018-03-08 11:30:00-05:00,,1,1,0.211538113749725,0.211538113749725,0.211538113749725,0.4852485571967857,0,0.008793211991773615,9,wavelet_trend,0.0
2018-03-09 09:30:00-05:00,,1,1,0.25153211405479386,0.25153211405479386,0.25153211405479386,0.5162598787087,1,0.008713308732520571,9,wavelet_trend,1.0
2018-03-09 12:30:00-05:00,,1,1,0.3046621513691392,0.3046621513691392,0.3046621513691392,0.4801701865340462,0,0.008514456757370985,9,wavelet_trend,0.0
2018-03-12 09:30:00-04:00,,1,1,0.343082223096548,0.343082223096548,0.343082223096548,0.5067131492616853,1,0.008144059620847827,9,wavelet_trend,1.0
2018-03-12 10:30:00-04:00,,1,1,0.20896172906074525,0.20896172906074525,0.20896172906074525,0.5173207708890641,1,0.008488436847173254,9,wavelet_trend,1.0
2018-03-13 09:30:00-04:00,,1,1,0.4283280622263029,0.4283280622263029,0.4283280622263029,0.5244667512727157,1,0.008251040708866625,9,wavelet_trend,1.0
2018-03-13 10:30:00-04:00,,1,1,0.28565588657808083,0.28565588657808083,0.28565588657808083,0.522472707559033,1,0.00870474242990989,9,wavelet_trend,1.0
2018-03-14 10:30:00-04:00,,0,-1,0.12278967507051462,-0.12278967507051462,0.12278967507051462,0.49352738592567913,0,0.00850576596011264,9,wavelet_trend,0.0
2018-03-15 09:30:00-04:00,,0,-1,0.24310291187018498,-0.24310291187018498,0.24310291187018498,0.4730541903066373,0,0.007976063329149637,9,wavelet_trend,0.0
2018-03-15 13:30:00-04:00,,0,-1,0.24020687321312922,-0.24020687321312922,0.24020687321312922,0.47625517921414073,0,0.007929104257983785,9,wavelet_trend,0.0
2018-03-16 09:30:00-04:00,,0,-1,0.08973302179668882,-0.08973302179668882,0.08973302179668882,0.4643784386640423,0,0.00781869106037276,9,wavelet_trend,0.0
2018-03-19 09:30:00-04:00,,0,-1,0.1402064979206198,-0.1402064979206198,0.1402064979206198,0.43962151929863064,0,0.007893931086827335,9,wavelet_trend,0.0
2018-03-19 12:30:00-04:00,,0,-1,0.35287444685028685,-0.35287444685028685,0.35287444685028685,0.3992856329542134,0,0.008194473764927917,9,wavelet_trend,0.0
2018-03-19 14:30:00-04:00,,0,-1,0.1702980079360636,-0.1702980079360636,0.1702980079360636,0.43457067488491835,0,0.008195811186789212,9,wavelet_trend,0.0
2018-03-20 09:30:00-04:00,,0,-1,0.0039766306540874674,-0.0039766306540874674,0.0039766306540874674,0.45617474818458664,0,0.008210029527906323,9,wavelet_trend,0.0
2018-03-21 09:30:00-04:00,,0,-1,0.1171245564921219,-0.1171245564921219,0.1171245564921219,0.45854199918764416,0,0.007763854953124294,9,wavelet_trend,0.0
2018-03-22 09:30:00-04:00,,1,1,0.14042050539390188,0.14042050539390188,0.14042050539390188,0.4442275710275819,0,0.007463218156381558,9,wavelet_trend,0.0
2018-03-22 10:30:00-04:00,,0,-1,0.11146333605445546,-0.11146333605445546,0.11146333605445546,0.42550683658841687,0,0.00814660423865162,9,wavelet_trend,0.0
2018-03-22 11:30:00-04:00,,0,-1,0.048200075184775926,-0.048200075184775926,0.048200075184775926,0.4445904723525335,0,0.008365865176330149,9,wavelet_trend,0.0
2018-03-22 13:30:00-04:00,,0,-1,0.09510363061869001,-0.09510363061869001,0.09510363061869001,0.43873619610396397,0,0.00861845090967101,9,wavelet_trend,0.0
2018-03-22 14:30:00-04:00,,0,-1,0.16646135792238564,-0.16646135792238564,0.16646135792238564,0.4347397933789111,0,0.008832481806488435,9,wavelet_trend,0.0
2018-03-23 13:30:00-04:00,,0,-1,0.5450290081151457,-0.5450290081151457,0.5450290081151457,0.3909584789518229,0,0.008596250943124634,9,wavelet_trend,0.0
2018-03-23 14:30:00-04:00,,0,-1,0.642629763103195,-0.642629763103195,0.642629763103195,0.3884781291726467,0,0.008990195479507182,9,wavelet_trend,0.0
2018-03-26 09:30:00-04:00,,0,-1,0.5864068655164542,-0.5864068655164542,0.5864068655164542,0.40588804500763265,0,0.009840076153397484,9,wavelet_trend,0.0
2018-03-26 13:30:00-04:00,,0,-1,0.367687045127071,-0.367687045127071,0.367687045127071,0.4366466319067706,0,0.010032724776181562,9,wavelet_trend,0.0
2018-03-27 13:30:00-04:00,,0,-1,0.0699888022920636,-0.0699888022920636,0.0699888022920636,0.46983851241221186,0,0.009738442812717355,9,wavelet_trend,0.0
2018-03-27 14:30:00-04:00,,0,-1,0.23527614658307514,-0.23527614658307514,0.23527614658307514,0.45915513960802246,0,0.010247383611607656,9,wavelet_trend,0.0
2018-03-28 12:30:00-04:00,,1,1,0.003296829773550732,0.003296829773550732,0.003296829773550732,0.44002446184775723,0,0.01026031192291026,9,wavelet_trend,0.0
2018-03-29 09:30:00-04:00,,0,-1,0.17375894294881697,-0.17375894294881697,0.17375894294881697,0.44632886127565274,0,0.010224506602052097,9,wavelet_trend,0.0
2018-03-29 13:30:00-04:00,,0,-1,0.011278312738385522,-0.011278312738385522,0.011278312738385522,0.47165236577093467,0,0.009874956451590982,9,wavelet_trend,0.0
2018-04-02 09:30:00-04:00,,0,-1,0.029906109646463463,-0.029906109646463463,0.029906109646463463,0.4557771045555694,0,0.01059312296369659,9,wavelet_trend,0.0
2018-04-02 11:30:00-04:00,,0,-1,0.17423845454539788,-0.17423845454539788,0.17423845454539788,0.43119393503565623,0,0.01056652158850306,9,wavelet_trend,0.0
2018-04-02 13:30:00-04:00,,0,-1,0.290555240468495,-0.290555240468495,0.290555240468495,0.4319581371064119,0,0.010402102809199336,9,wavelet_trend,0.0
2018-04-03 09:30:00-04:00,,0,-1,0.15361017583406547,-0.15361017583406547,0.15361017583406547,0.42133428715175847,0,0.010227296654131418,9,wavelet_trend,0.0
2018-04-03 10:30:00-04:00,,0,-1,0.041163331952149725,-0.041163331952149725,0.041163331952149725,0.4187693379974714,0,0.0107359037181514,9,wavelet_trend,0.0
2018-04-03 14:30:00-04:00,,0,-1,0.16098442141005254,-0.16098442141005254,0.16098442141005254,0.4374804249018072,0,0.010816630170047598,9,wavelet_trend,0.0
2018-04-04 11:30:00-04:00,,1,1,0.05600415293515235,0.05600415293515235,0.05600415293515235,0.443613922712904,0,0.010697466161633324,9,wavelet_trend,0.0
2018-04-04 13:30:00-04:00,,1,1,0.24976727293267875,0.24976727293267875,0.24976727293267875,0.44897084616588906,0,0.010844013842909709,9,wavelet_trend,0.0
2018-04-05 09:30:00-04:00,,1,1,0.46785103330085337,0.46785103330085337,0.46785103330085337,0.486340990647263,0,0.01060346280389002,10,wavelet_trend,0.0
2018-04-06 10:30:00-04:00,,1,1,0.12860527207682793,0.12860527207682793,0.12860527207682793,0.48036598494381977,0,0.010431117810175822,10,wavelet_trend,0.0
2018-04-06 13:30:00-04:00,,0,-1,0.06406154796697655,-0.06406154796697655,0.06406154796697655,0.4797491540707802,0,0.01094369735159814,10,wavelet_trend,0.0
2018-04-09 09:30:00-04:00,,0,-1,0.0784920317662121,-0.0784920317662121,0.0784920317662121,0.46611300743359174,0,0.011003656499500416,10,wavelet_trend,0.0
2018-04-09 12:30:00-04:00,,0,-1,0.11278739907883306,-0.11278739907883306,0.11278739907883306,0.46780828915732703,0,0.010755135304591623,10,wavelet_trend,0.0
2018-04-10 09:30:00-04:00,,0,-1,0.0983101676514148,-0.0983101676514148,0.0983101676514148,0.47497207560530763,0,0.01154946654832198,10,wavelet_trend,0.0
2018-04-10 12:30:00-04:00,,1,1,0.16008950049898568,0.16008950049898568,0.16008950049898568,0.47669116630004765,0,0.01142942535686688,10,wavelet_trend,0.0
2018-04-12 09:30:00-04:00,,1,1,0.35097747675438357,0.35097747675438357,0.35097747675438357,0.49553839246562287,0,0.010626981023223257,10,wavelet_trend,0.0
2018-04-13 09:30:00-04:00,,1,1,0.024072010079439533,0.024072010079439533,0.024072010079439533,0.49544908693583006,0,0.010100748907311172,10,wavelet_trend,0.0
2018-04-13 14:30:00-04:00,,0,-1,0.03420045834109484,-0.03420045834109484,0.03420045834109484,0.4789382405488384,0,0.009703067461037296,10,wavelet_trend,0.0
2018-04-16 09:30:00-04:00,,1,1,0.14394322225829967,0.14394322225829967,0.14394322225829967,0.4750382185880204,0,0.009806757328555116,10,wavelet_trend,0.0
2018-04-17 09:30:00-04:00,,1,1,0.1221814133298907,0.1221814133298907,0.1221814133298907,0.49623942467191684,0,0.00937643447767775,10,wavelet_trend,0.0
2018-04-18 09:30:00-04:00,,1,1,0.4412911960230712,0.4412911960230712,0.4412911960230712,0.48947646124095995,0,0.00899149048480171,10,wavelet_trend,0.0
2018-04-19 09:30:00-04:00,,1,1,0.2021179434612034,0.2021179434612034,0.2021179434612034,0.48049450167236396,0,0.00834227962007873,10,wavelet_trend,0.0
2018-04-19 11:30:00-04:00,,0,-1,0.007869832243111568,-0.007869832243111568,0.007869832243111568,0.4740406297307966,0,0.008289110442907229,10,wavelet_trend,0.0
2018-04-20 10:30:00-04:00,,0,-1,0.17874894550783893,-0.17874894550783893,0.17874894550783893,0.44892572397247793,0,0.008160398741562835,10,wavelet_trend,0.0
2018-04-23 10:30:00-04:00,,0,-1,0.16286611947435056,-0.16286611947435056,0.16286611947435056,0.46654344941954284,0,0.007593526957694924,10,wavelet_trend,0.0
2018-04-23 11:30:00-04:00,,0,-1,0.25140907365040976,-0.25140907365040976,0.25140907365040976,0.47444497739755853,0,0.007926145491690871,10,wavelet_trend,0.0
2018-04-24 09:30:00-04:00,,0,-1,0.04713221390071257,-0.04713221390071257,0.04713221390071257,0.4880398784451357,0,0.00762832617177196,10,wavelet_trend,0.0
2018-04-24 11:30:00-04:00,,0,-1,0.1659826094661623,-0.1659826094661623,0.1659826094661623,0.47948921940172284,0,0.007958948068628444,10,wavelet_trend,0.0
2018-04-24 13:30:00-04:00,,0,-1,0.2537084516212015,-0.2537084516212015,0.2537084516212015,0.46293774761560896,0,0.008189895889275541,10,wavelet_trend,0.0
2018-04-25 14:30:00-04:00,,0,-1,0.08502133333811539,-0.08502133333811539,0.08502133333811539,0.4807874488845002,0,0.008011487583732132,10,wavelet_trend,0.0
2018-04-26 13:30:00-04:00,,1,1,0.00863239446832151,0.00863239446832151,0.00863239446832151,0.49319905843379835,0,0.007619644014231185,10,wavelet_trend,0.0
2018-04-27 11:30:00-04:00,,1,1,0.09877492404778535,0.09877492404778535,0.09877492404778535,0.48482149010147096,0,0.007151249177776059,10,wavelet_trend,0.0
2018-04-30 11:30:00-04:00,,0,-1,0.04915249372714596,-0.04915249372714596,0.04915249372714596,0.47866258812478263,0,0.006719381266163925,10,wavelet_trend,0.0
2018-04-30 14:30:00-04:00,,0,-1,0.16548550731763137,-0.16548550731763137,0.16548550731763137,0.4770185492187509,0,0.006533701157988019,10,wavelet_trend,0.0
2018-05-01 09:30:00-04:00,,0,-1,0.3916146767735044,-0.3916146767735044,0.3916146767735044,0.4368981595398633,0,0.006956296891500197,10,wavelet_trend,0.0
2018-05-01 13:30:00-04:00,,0,-1,0.13156293521312326,-0.13156293521312326,0.13156293521312326,0.47145963142318725,0,0.007557280939491628,10,wavelet_trend,0.0
2018-05-02 09:30:00-04:00,,1,1,0.017493773317537945,0.017493773317537945,0.017493773317537945,0.48738264089876276,0,0.007545301332710937,10,wavelet_trend,0.0
2018-05-02 13:30:00-04:00,,1,1,0.1493140664752142,0.1493140664752142,0.1493140664752142,0.49430484061424,0,0.007208086833028627,10,wavelet_trend,0.0
2018-05-03 09:30:00-04:00,,0,-1,0.08312895725903766,-0.08312895725903766,0.08312895725903766,0.4721934505618617,0,0.008410216355697346,10,wavelet_trend,0.0
2018-05-03 12:30:00-04:00,,1,1,0.1547046324808669,0.1547046324808669,0.1547046324808669,0.47040688233207417,0,0.008334591774497413,10,wavelet_trend,0.0
2018-05-04 10:30:00-04:00,,1,1,0.15232937019795298,0.15232937019795298,0.15232937019795298,0.47819976794402064,0,0.008373959736694992,11,wavelet_trend,0.0
2018-05-04 13:30:00-04:00,,1,1,0.17000428024395156,0.17000428024395156,0.17000428024395156,0.4933742498214569,0,0.008223443273830821,11,wavelet_trend,0.0
2018-05-07 09:30:00-04:00,,1,1,0.21007213930047475,0.21007213930047475,0.21007213930047475,0.5043638540997298,1,0.00851940497299176,11,wavelet_trend,1.0
2018-05-07 13:30:00-04:00,,1,1,0.5876155314034479,0.5876155314034479,0.5876155314034479,0.48912220792493033,0,0.008104751647582262,11,wavelet_trend,0.0
2018-05-09 12:30:00-04:00,,1,1,0.23131376080958235,0.23131376080958235,0.23131376080958235,0.4954893367177427,0,0.007356459817134683,11,wavelet_trend,0.0
2018-05-10 10:30:00-04:00,,1,1,0.36066785319828976,0.36066785319828976,0.36066785319828976,0.4898380526211877,0,0.0070304925513196516,11,wavelet_trend,0.0
2018-05-14 09:30:00-04:00,,1,1,0.22863170778359868,0.22863170778359868,0.22863170778359868,0.490195166900863,0,0.006340834434325787,11,wavelet_trend,0.0
2018-05-14 10:30:00-04:00,,1,1,0.1401426543005199,0.1401426543005199,0.1401426543005199,0.49627003954064297,0,0.0065582871612712085,11,wavelet_trend,0.0
2018-05-15 09:30:00-04:00,,0,-1,0.1220243968023954,-0.1220243968023954,0.1220243968023954,0.47380486968827723,0,0.006306790315693275,11,wavelet_trend,0.0
2018-05-16 09:30:00-04:00,,1,1,0.003517647309207105,0.003517647309207105,0.003517647309207105,0.5095411978345448,1,0.006052211005649098,11,wavelet_trend,1.0
2018-05-16 11:30:00-04:00,,1,1,0.06627809938865907,0.06627809938865907,0.06627809938865907,0.501812933327961,1,0.006234442845911691,11,wavelet_trend,1.0
2018-05-17 09:30:00-04:00,,1,1,0.33634983274333935,0.33634983274333935,0.33634983274333935,0.49682389327396365,0,0.006269482091973493,11,wavelet_trend,0.0
2018-05-18 12:30:00-04:00,,1,1,0.40689513354909945,0.40689513354909945,0.40689513354909945,0.4774261653181984,0,0.005579515553408223,11,wavelet_trend,0.0
2018-05-21 09:30:00-04:00,,1,1,0.3498697604024267,0.3498697604024267,0.3498697604024267,0.49254294600430626,0,0.0058900727914576465,11,wavelet_trend,0.0
2018-05-22 14:30:00-04:00,,0,-1,0.03391187270814144,-0.03391187270814144,0.03391187270814144,0.49954000192193443,0,0.005566892325047813,11,wavelet_trend,0.0
2018-05-23 12:30:00-04:00,,0,-1,0.2126979308877704,-0.2126979308877704,0.2126979308877704,0.4730722932754965,0,0.005429255074788232,11,wavelet_trend,0.0
2018-05-24 09:30:00-04:00,,0,-1,0.28606483820619844,-0.28606483820619844,0.28606483820619844,0.46303003506723156,0,0.005728896070424204,11,wavelet_trend,0.0
2018-05-24 11:30:00-04:00,,0,-1,0.12574632835972663,-0.12574632835972663,0.12574632835972663,0.47053873463525797,0,0.0057528495102013915,11,wavelet_trend,0.0
2018-05-29 11:30:00-04:00,,0,-1,0.06067736273388427,-0.06067736273388427,0.06067736273388427,0.4491402338370896,0,0.005925151924823079,11,wavelet_trend,0.0
2018-05-29 12:30:00-04:00,,0,-1,0.04526481356327002,-0.04526481356327002,0.04526481356327002,0.4704565011723171,0,0.006052470017133175,11,wavelet_trend,0.0
2018-05-30 09:30:00-04:00,,1,1,0.2039853425682224,0.2039853425682224,0.2039853425682224,0.49060633078513066,0,0.008036779963593785,11,wavelet_trend,0.0
2018-05-31 11:30:00-04:00,,1,1,0.11636692651933898,0.11636692651933898,0.11636692651933898,0.48599756253748994,0,0.007369861458784161,11,wavelet_trend,0.0
2018-06-01 09:30:00-04:00,,1,1,0.3017314037022138,0.3017314037022138,0.3017314037022138,0.4813806771158812,0,0.007360537058767908,11,wavelet_trend,0.0
2018-06-04 14:30:00-04:00,,1,1,0.19766968619872388,0.19766968619872388,0.19766968619872388,0.5095581054690693,1,0.006571306715592724,11,wavelet_trend,1.0
2018-06-05 09:30:00-04:00,,1,1,0.3337710065581188,0.3337710065581188,0.3337710065581188,0.5052224424324954,1,0.006552419257574942,12,wavelet_trend,1.0
2018-06-05 13:30:00-04:00,,1,1,0.24257342297674303,0.24257342297674303,0.24257342297674303,0.5188746489551334,1,0.00651809549154459,12,wavelet_trend,1.0
2018-06-06 09:30:00-04:00,,1,1,0.3021976639711352,0.3021976639711352,0.3021976639711352,0.5166610420316736,1,0.006310188344087508,12,wavelet_trend,1.0
2018-06-06 14:30:00-04:00,,1,1,0.3936413989077178,0.3936413989077178,0.3936413989077178,0.5025879407035699,1,0.005928978333222091,12,wavelet_trend,1.0
2018-06-07 10:30:00-04:00,,1,1,0.23327612039429077,0.23327612039429077,0.23327612039429077,0.48998701451658494,0,0.005906463962124737,12,wavelet_trend,0.0
2018-06-07 14:30:00-04:00,,1,1,0.15719089596377023,0.15719089596377023,0.15719089596377023,0.4978240791600947,0,0.005874543837234225,12,wavelet_trend,0.0
2018-06-08 14:30:00-04:00,,1,1,0.062363337304391066,0.062363337304391066,0.062363337304391066,0.49548928380269797,0,0.005409163133073218,12,wavelet_trend,0.0
2018-06-11 14:30:00-04:00,,1,1,0.21052135702397146,0.21052135702397146,0.21052135702397146,0.5109495528887704,1,0.00519662981344081,12,wavelet_trend,1.0
2018-06-12 10:30:00-04:00,,1,1,0.2764042197918157,0.2764042197918157,0.2764042197918157,0.4951211825689428,0,0.005202811850250999,12,wavelet_trend,0.0
2018-06-12 13:30:00-04:00,,1,1,0.13522433235553777,0.13522433235553777,0.13522433235553777,0.5099406552891453,1,0.0052062992239197275,12,wavelet_trend,1.0
2018-06-13 10:30:00-04:00,,1,1,0.22507142120901297,0.22507142120901297,0.22507142120901297,0.48272560667710923,0,0.005019266074599662,12,wavelet_trend,0.0
2018-06-13 11:30:00-04:00,,1,1,0.0847830617122158,0.0847830617122158,0.0847830617122158,0.48938288259075136,0,0.005166882220819659,12,wavelet_trend,0.0
2018-06-14 09:30:00-04:00,,1,1,0.07469527458434627,0.07469527458434627,0.07469527458434627,0.4949304047674744,0,0.005040316779852762,12,wavelet_trend,0.0
2018-06-14 14:30:00-04:00,,1,1,0.027232039987474376,0.027232039987474376,0.027232039987474376,0.5090196222101945,1,0.00484493468035217,12,wavelet_trend,1.0
2018-06-15 09:30:00-04:00,,0,-1,0.052046454098732244,-0.052046454098732244,0.052046454098732244,0.474292695140164,0,0.005082962369555083,12,wavelet_trend,0.0
2018-06-15 12:30:00-04:00,,0,-1,0.032683772549183934,-0.032683772549183934,0.032683772549183934,0.48975748740185104,0,0.0049665435336800744,12,wavelet_trend,0.0
2018-06-18 10:30:00-04:00,,1,1,0.2629541368868858,0.2629541368868858,0.2629541368868858,0.478689859859056,0,0.004747990258916759,12,wavelet_trend,0.0
2018-06-18 11:30:00-04:00,,1,1,0.011851642183608095,0.011851642183608095,0.011851642183608095,0.49125585019856605,0,0.005144007336145569,12,wavelet_trend,0.0
2018-06-18 13:30:00-04:00,,1,1,0.1406565273807435,0.1406565273807435,0.1406565273807435,0.5081358735194503,1,0.0051856968465411445,12,wavelet_trend,1.0
2018-06-19 09:30:00-04:00,,0,-1,0.1036268961475401,-0.1036268961475401,0.1036268961475401,0.47382619527475117,0,0.006475308889755497,12,wavelet_trend,0.0
2018-06-19 11:30:00-04:00,,1,1,0.10694554435270887,0.10694554435270887,0.10694554435270887,0.4902371675728842,0,0.006460643969350794,12,wavelet_trend,0.0
2018-06-19 13:30:00-04:00,,1,1,0.18912339807501766,0.18912339807501766,0.18912339807501766,0.5082440646927677,1,0.006377962893992396,12,wavelet_trend,1.0
2018-06-20 10:30:00-04:00,,1,1,0.2982902927891567,0.2982902927891567,0.2982902927891567,0.5115154263169501,1,0.006317757538283868,12,wavelet_trend,1.0
2018-06-21 09:30:00-04:00,,0,-1,0.04207015846182013,-0.04207015846182013,0.04207015846182013,0.4887858057964274,0,0.007446868909542515,12,wavelet_trend,0.0
2018-06-21 11:30:00-04:00,,1,1,0.25173372812830175,0.25173372812830175,0.25173372812830175,0.4883972560443031,0,0.007442372546349798,12,wavelet_trend,0.0
2018-06-22 11:30:00-04:00,,0,-1,0.11436450165300442,-0.11436450165300442,0.11436450165300442,0.48171423089187315,0,0.006968203837223196,12,wavelet_trend,0.0
2018-06-22 13:30:00-04:00,,0,-1,0.30419817534029225,-0.30419817534029225,0.30419817534029225,0.48404371584881395,0,0.007025382236020282,12,wavelet_trend,0.0
2018-06-25 09:30:00-04:00,,0,-1,0.4773208249650603,-0.4773208249650603,0.4773208249650603,0.45797844398156107,0,0.008252421282501149,12,wavelet_trend,0.0
2018-06-25 10:30:00-04:00,,0,-1,0.5688402549887167,-0.5688402549887167,0.5688402549887167,0.4308373985991161,0,0.008615533027028867,12,wavelet_trend,0.0
2018-06-25 14:30:00-04:00,,0,-1,0.46851303313963766,-0.46851303313963766,0.46851303313963766,0.4716761570921657,0,0.008605564803004869,12,wavelet_trend,0.0
2018-06-26 10:30:00-04:00,,0,-1,0.3131166330316407,-0.3131166330316407,0.3131166330316407,0.4525888247751352,0,0.008528877470683833,12,wavelet_trend,0.0
2018-06-26 12:30:00-04:00,,0,-1,0.2283921706572489,-0.2283921706572489,0.2283921706572489,0.46187681999762054,0,0.008494314114481287,12,wavelet_trend,0.0
2018-06-27 10:30:00-04:00,,0,-1,0.27047671048420063,-0.27047671048420063,0.27047671048420063,0.46419899647395246,0,0.008117580073751894,12,wavelet_trend,0.0
2018-06-27 12:30:00-04:00,,1,1,0.0,0.0,0.0,0.46813100859154194,0,0.00827330462123639,12,wavelet_trend,0.0
2018-06-28 13:30:00-04:00,,0,-1,0.2413179142097629,-0.2413179142097629,0.2413179142097629,0.4493029544518741,0,0.008161713661432635,12,wavelet_trend,0.0
2018-06-29 09:30:00-04:00,,0,-1,0.16562153618108738,-0.16562153618108738,0.16562153618108738,0.4697870412786235,0,0.00819062021711335,12,wavelet_trend,0.0
2018-06-29 14:30:00-04:00,,0,-1,0.07827306337157146,-0.07827306337157146,0.07827306337157146,0.49209820338682125,0,0.007803710353749791,12,wavelet_trend,0.0
2018-07-02 10:30:00-04:00,,0,-1,0.03728988532991369,-0.03728988532991369,0.03728988532991369,0.44745700587798826,0,0.0075450538130108265,12,wavelet_trend,0.0
2018-07-02 13:30:00-04:00,,1,1,0.12632335327615077,0.12632335327615077,0.12632335327615077,0.4672151834899416,0,0.007498016465147974,12,wavelet_trend,0.0
2018-07-03 09:30:00-04:00,,1,1,0.2445223221678725,0.2445223221678725,0.2445223221678725,0.4895146624133349,0,0.007925836004848199,12,wavelet_trend,0.0
2018-07-05 11:30:00-04:00,,1,1,0.23735598834603464,0.23735598834603464,0.23735598834603464,0.4800000000000001,0,0.007451648602249773,13,wavelet_trend,0.0
2018-07-06 09:30:00-04:00,,1,1,0.6430293459721967,0.6430293459721967,0.6430293459721967,0.4800000000000001,0,0.0075248487014573425,13,wavelet_trend,0.0
2018-07-09 10:30:00-04:00,,1,1,0.5361023267457072,0.5361023267457072,0.5361023267457072,0.42637397462306353,0,0.006854541901918046,13,wavelet_trend,0.0
2018-07-10 10:30:00-04:00,,1,1,0.2537137221442775,0.2537137221442775,0.2537137221442775,0.42637397462306353,0,0.006530721291269242,13,wavelet_trend,0.0
2018-07-11 10:30:00-04:00,,0,-1,0.08880798668293587,-0.08880798668293587,0.08880798668293587,0.42637397462306353,0,0.0064775044255951505,13,wavelet_trend,0.0
2018-07-12 10:30:00-04:00,,0,-1,0.35345654397126547,-0.35345654397126547,0.35345654397126547,0.42637397462306353,0,0.006104158205290965,13,wavelet_trend,0.0
2018-07-12 11:30:00-04:00,,0,-1,0.2561381427073595,-0.2561381427073595,0.2561381427073595,0.42637397462306353,0,0.006244275784587752,13,wavelet_trend,0.0
2018-07-13 10:30:00-04:00,,1,1,0.0100331650123269,0.0100331650123269,0.0100331650123269,0.5438592291118026,1,0.006014863244684343,13,wavelet_trend,1.0
2018-07-13 11:30:00-04:00,,0,-1,0.09710308585571203,-0.09710308585571203,0.09710308585571203,0.5438592291118026,-1,0.00622877198716998,13,wavelet_trend,1.0
2018-07-16 09:30:00-04:00,,0,-1,0.05079973584387295,-0.05079973584387295,0.05079973584387295,0.42637397462306353,0,0.005986215728327565,13,wavelet_trend,0.0
2018-07-16 14:30:00-04:00,,0,-1,0.2825819347205725,-0.2825819347205725,0.2825819347205725,0.42637397462306353,0,0.005702657349271549,13,wavelet_trend,0.0
2018-07-17 09:30:00-04:00,,1,1,0.015942803649302076,0.015942803649302076,0.015942803649302076,0.42637397462306353,0,0.006332528967988338,13,wavelet_trend,0.0
2018-07-18 09:30:00-04:00,,0,-1,0.08829198123719903,-0.08829198123719903,0.08829198123719903,0.42637397462306353,0,0.006083809267873874,13,wavelet_trend,0.0
2018-07-18 13:30:00-04:00,,1,1,0.14482569265627562,0.14482569265627562,0.14482569265627562,0.4800000000000001,0,0.005879710836853118,13,wavelet_trend,0.0
2018-07-19 10:30:00-04:00,,1,1,0.306273789490944,0.306273789490944,0.306273789490944,0.42637397462306353,0,0.005740995413868873,13,wavelet_trend,0.0
2018-07-23 11:30:00-04:00,,1,1,0.13516080074433617,0.13516080074433617,0.13516080074433617,0.42637397462306353,0,0.00535755298768701,13,wavelet_trend,0.0
2018-07-24 10:30:00-04:00,,0,-1,0.1457001365818913,-0.1457001365818913,0.1457001365818913,0.42637397462306353,0,0.005171149640106528,13,wavelet_trend,0.0
2018-07-24 11:30:00-04:00,,0,-1,0.19078439046642784,-0.19078439046642784,0.19078439046642784,0.42637397462306353,0,0.0053887176097332,13,wavelet_trend,0.0
2018-07-24 12:30:00-04:00,,0,-1,0.32335130385591154,-0.32335130385591154,0.32335130385591154,0.42637397462306353,0,0.005621964268548089,13,wavelet_trend,0.0
2018-07-24 14:30:00-04:00,,0,-1,0.32330875594203545,-0.32330875594203545,0.32330875594203545,0.42637397462306353,0,0.0058032412061558404,13,wavelet_trend,0.0
2018-07-25 11:30:00-04:00,,0,-1,0.1525560268699643,-0.1525560268699643,0.1525560268699643,0.42637397462306353,0,0.0057022134149208,13,wavelet_trend,0.0
2018-07-26 09:30:00-04:00,,0,-1,0.0797246319830952,-0.0797246319830952,0.0797246319830952,0.4800000000000001,0,0.005928137709812417,13,wavelet_trend,0.0
2018-07-26 10:30:00-04:00,,1,1,0.06030009027767764,0.06030009027767764,0.06030009027767764,0.5438592291118026,1,0.00615722045885526,13,wavelet_trend,1.0
2018-07-26 11:30:00-04:00,,0,-1,0.09874675532991577,-0.09874675532991577,0.09874675532991577,0.42637397462306353,0,0.006518410462747854,13,wavelet_trend,0.0
2018-07-27 09:30:00-04:00,,0,-1,0.004341892810874722,-0.004341892810874722,0.004341892810874722,0.42637397462306353,0,0.007013333110776171,13,wavelet_trend,0.0
2018-07-27 10:30:00-04:00,,0,-1,0.16445327155077685,-0.16445327155077685,0.16445327155077685,0.42637397462306353,0,0.00775126574812954,13,wavelet_trend,0.0
2018-07-30 11:30:00-04:00,,0,-1,0.45128871241714386,-0.45128871241714386,0.45128871241714386,0.42637397462306353,0,0.0074227979263669225,13,wavelet_trend,0.0
2018-07-31 10:30:00-04:00,,0,-1,0.33003353707192135,-0.33003353707192135,0.33003353707192135,0.42637397462306353,0,0.007440795285913553,13,wavelet_trend,0.0
2018-07-31 11:30:00-04:00,,0,-1,0.04087279243138271,-0.04087279243138271,0.04087279243138271,0.42637397462306353,0,0.007707253259071563,13,wavelet_trend,0.0
2018-08-01 10:30:00-04:00,,1,1,0.016548571808273203,0.016548571808273203,0.016548571808273203,0.42637397462306353,0,0.007432622713818592,13,wavelet_trend,0.0
2018-08-01 13:30:00-04:00,,1,1,0.10653516904675142,0.10653516904675142,0.10653516904675142,0.42637397462306353,0,0.007517119702653909,13,wavelet_trend,0.0
2018-08-02 11:30:00-04:00,,1,1,0.2624856144393875,0.2624856144393875,0.2624856144393875,0.42637397462306353,0,0.00735853553961882,13,wavelet_trend,0.0
2018-08-03 10:30:00-04:00,,1,1,0.02592716229364923,0.02592716229364923,0.02592716229364923,0.4817383229178916,0,0.007088522253037155,14,wavelet_trend,0.0
2018-08-06 09:30:00-04:00,,1,1,0.13931183499054062,0.13931183499054062,0.13931183499054062,0.47529645085168687,0,0.006659943626674804,14,wavelet_trend,0.0
2018-08-07 09:30:00-04:00,,1,1,0.1968048822193943,0.1968048822193943,0.1968048822193943,0.5046566173225275,1,0.006578414180369497,14,wavelet_trend,1.0
2018-08-08 09:30:00-04:00,,1,1,0.09181906103806135,0.09181906103806135,0.09181906103806135,0.4768800619232385,0,0.006429889223549284,14,wavelet_trend,0.0
2018-08-08 12:30:00-04:00,,1,1,0.15187309019826437,0.15187309019826437,0.15187309019826437,0.4867584184702987,0,0.006341321371546968,14,wavelet_trend,0.0
2018-08-09 09:30:00-04:00,,1,1,0.19512395487477877,0.19512395487477877,0.19512395487477877,0.49414907871141545,0,0.0064686753516571055,14,wavelet_trend,0.0
2018-08-10 09:30:00-04:00,,0,-1,0.0067036893280264685,-0.0067036893280264685,0.0067036893280264685,0.47265034485860125,0,0.006024836485969667,14,wavelet_trend,0.0
2018-08-10 13:30:00-04:00,,1,1,0.05409251337986908,0.05409251337986908,0.05409251337986908,0.4811685477899313,0,0.005987486201926679,14,wavelet_trend,0.0
2018-08-13 10:30:00-04:00,,0,-1,0.07454193423038762,-0.07454193423038762,0.07454193423038762,0.4629014966968704,0,0.005978604386859551,14,wavelet_trend,0.0
2018-08-13 12:30:00-04:00,,0,-1,0.35524306096473696,-0.35524306096473696,0.35524306096473696,0.43609683797087445,0,0.006015452437581885,14,wavelet_trend,0.0
2018-08-13 13:30:00-04:00,,0,-1,0.17001679540003542,-0.17001679540003542,0.17001679540003542,0.466639375591235,0,0.006361171597159718,14,wavelet_trend,0.0
2018-08-14 09:30:00-04:00,,0,-1,0.07322886117848265,-0.07322886117848265,0.07322886117848265,0.4853903184040439,0,0.00688517165354439,14,wavelet_trend,0.0
2018-08-15 09:30:00-04:00,,0,-1,0.22183472402567075,-0.22183472402567075,0.22183472402567075,0.4401238148577561,0,0.00883757028669748,14,wavelet_trend,0.0
2018-08-15 13:30:00-04:00,,0,-1,0.11208594536866788,-0.11208594536866788,0.11208594536866788,0.4780294393499638,0,0.00856223787373546,14,wavelet_trend,0.0
2018-08-16 09:30:00-04:00,,1,1,0.07430392692030237,0.07430392692030237,0.07430392692030237,0.4888991394653536,0,0.00887824213360175,14,wavelet_trend,0.0
2018-08-17 13:30:00-04:00,,1,1,0.22284946831612312,0.22284946831612312,0.22284946831612312,0.4883302366614382,0,0.008089160404348794,14,wavelet_trend,0.0
2018-08-20 12:30:00-04:00,,1,1,0.12264619476411372,0.12264619476411372,0.12264619476411372,0.49665810154550505,0,0.0074640132548389635,14,wavelet_trend,0.0
2018-08-21 09:30:00-04:00,,1,1,0.3078579385742669,0.3078579385742669,0.3078579385742669,0.5126266864265351,1,0.008107820388296655,14,wavelet_trend,1.0
2018-08-21 13:30:00-04:00,,1,1,0.3857735645648529,0.3857735645648529,0.3857735645648529,0.5165451636396611,1,0.007850405322490057,14,wavelet_trend,1.0
2018-08-22 09:30:00-04:00,,1,1,0.2622617721729673,0.2622617721729673,0.2622617721729673,0.5098205023654994,1,0.007671630469355486,14,wavelet_trend,1.0
2018-08-22 14:30:00-04:00,,1,1,0.2853726655567771,0.2853726655567771,0.2853726655567771,0.5167552872653475,1,0.007260990752643262,14,wavelet_trend,1.0
2018-08-23 10:30:00-04:00,,1,1,0.21390019651023012,0.21390019651023012,0.21390019651023012,0.49106316217712365,0,0.007425587610321398,14,wavelet_trend,0.0
2018-08-24 09:30:00-04:00,,1,1,0.07343622870124168,0.07343622870124168,0.07343622870124168,0.5172842547799047,1,0.007281182187864532,14,wavelet_trend,1.0
2018-08-27 09:30:00-04:00,,1,1,0.17911706185296414,0.17911706185296414,0.17911706185296414,0.517536739466359,1,0.007206284644780696,14,wavelet_trend,1.0
2018-08-27 12:30:00-04:00,,1,1,0.1753683953979175,0.1753683953979175,0.1753683953979175,0.5004855262274125,1,0.007054992660264932,14,wavelet_trend,1.0
2018-08-28 11:30:00-04:00,,0,-1,0.011606813350250822,-0.011606813350250822,0.011606813350250822,0.471280734743877,0,0.006814742901917735,14,wavelet_trend,0.0
2018-08-29 10:30:00-04:00,,1,1,0.1208592009112267,0.1208592009112267,0.1208592009112267,0.4746447768502152,0,0.006442621080293549,14,wavelet_trend,0.0
2018-08-30 10:30:00-04:00,,1,1,0.00822222856933864,0.00822222856933864,0.00822222856933864,0.4771936778860944,0,0.005996012608907403,14,wavelet_trend,0.0
2018-08-30 12:30:00-04:00,,1,1,0.13672055016510412,0.13672055016510412,0.13672055016510412,0.47434911317697676,0,0.00610416260083921,14,wavelet_trend,0.0
2018-08-30 14:30:00-04:00,,1,1,0.1336231596545165,0.1336231596545165,0.1336231596545165,0.4830040934425105,0,0.00612699216428035,14,wavelet_trend,0.0
2018-09-04 10:30:00-04:00,,0,-1,0.11492841553478823,-0.11492841553478823,0.11492841553478823,0.4539297706296343,0,0.005825903627518536,15,wavelet_trend,0.0
2018-09-04 13:30:00-04:00,,0,-1,0.04658113889309122,-0.04658113889309122,0.04658113889309122,0.4671252498068449,0,0.005909616426135521,15,wavelet_trend,0.0
2018-09-05 09:30:00-04:00,,0,-1,0.18121277469421004,-0.18121277469421004,0.18121277469421004,0.43795637907928386,0,0.006539770598535555,15,wavelet_trend,0.0
2018-09-05 11:30:00-04:00,,0,-1,0.08489827017488631,-0.08489827017488631,0.08489827017488631,0.4422281942497545,0,0.006499891178588869,15,wavelet_trend,0.0
2018-09-06 10:30:00-04:00,,0,-1,0.26554390409474166,-0.26554390409474166,0.26554390409474166,0.4555070424036235,0,0.006753058980556307,15,wavelet_trend,0.0
2018-09-07 11:30:00-04:00,,0,-1,0.09532338176063664,-0.09532338176063664,0.09532338176063664,0.44752155052220344,0,0.00667012788692267,15,wavelet_trend,0.0
2018-09-10 09:30:00-04:00,,0,-1,0.12754462503313366,-0.12754462503313366,0.12754462503313366,0.4753147108278655,0,0.006356193922738206,15,wavelet_trend,0.0
2018-09-10 11:30:00-04:00,,0,-1,0.23938867973907926,-0.23938867973907926,0.23938867973907926,0.465356378592544,0,0.0066104797973173994,15,wavelet_trend,0.0
2018-09-11 11:30:00-04:00,,1,1,0.04296116003342364,0.04296116003342364,0.04296116003342364,0.4806955597134003,0,0.006218864519367425,15,wavelet_trend,0.0
2018-09-12 09:30:00-04:00,,0,-1,0.09531747341145651,-0.09531747341145651,0.09531747341145651,0.46019005510450256,0,0.006694434590195375,15,wavelet_trend,0.0
2018-09-12 10:30:00-04:00,,1,1,0.009965163991381715,0.009965163991381715,0.009965163991381715,0.47991490739412385,0,0.006982424039378045,15,wavelet_trend,0.0
2018-09-14 09:30:00-04:00,,1,1,0.029918609245964897,0.029918609245964897,0.029918609245964897,0.5215309666600162,1,0.006287647466233963,15,wavelet_trend,1.0
2018-09-14 11:30:00-04:00,,1,1,0.1925523976007771,0.1925523976007771,0.1925523976007771,0.48853618574380825,0,0.006511093861352147,15,wavelet_trend,0.0
2018-09-17 09:30:00-04:00,,0,-1,0.10200591723745098,-0.10200591723745098,0.10200591723745098,0.46724374025164445,0,0.006920077813143663,15,wavelet_trend,0.0
2018-09-17 14:30:00-04:00,,0,-1,0.17586086814534826,-0.17586086814534826,0.17586086814534826,0.4745001893449317,0,0.006742879486519899,15,wavelet_trend,0.0
2018-09-18 10:30:00-04:00,,0,-1,0.043358058122835746,-0.043358058122835746,0.043358058122835746,0.4668719799343594,0,0.006651049002458678,15,wavelet_trend,0.0
2018-09-19 11:30:00-04:00,,0,-1,0.07908015708679443,-0.07908015708679443,0.07908015708679443,0.45919992801815046,0,0.006437305492151599,15,wavelet_trend,0.0
2018-09-20 09:30:00-04:00,,1,1,0.08407913499687075,0.08407913499687075,0.08407913499687075,0.46882634484133806,0,0.006176308959058233,15,wavelet_trend,0.0
2018-09-20 11:30:00-04:00,,1,1,0.11720569958321572,0.11720569958321572,0.11720569958321572,0.463062413879067,0,0.0061927047116203445,15,wavelet_trend,0.0
2018-09-21 14:30:00-04:00,,1,1,0.22361819911164246,0.22361819911164246,0.22361819911164246,0.4943532953190254,0,0.005576733202071653,15,wavelet_trend,0.0
2018-09-24 09:30:00-04:00,,1,1,0.0880088637863397,0.0880088637863397,0.0880088637863397,0.478419801201486,0,0.005564285916437489,15,wavelet_trend,0.0
2018-09-24 10:30:00-04:00,,0,-1,0.06341905477909471,-0.06341905477909471,0.06341905477909471,0.444141825325447,0,0.00567849988979537,15,wavelet_trend,0.0
2018-09-24 13:30:00-04:00,,0,-1,0.20879185737414976,-0.20879185737414976,0.20879185737414976,0.45317571443118504,0,0.005579570823490878,15,wavelet_trend,0.0
2018-09-25 09:30:00-04:00,,0,-1,0.16553938568343188,-0.16553938568343188,0.16553938568343188,0.474961542660346,0,0.005459684099540457,15,wavelet_trend,0.0
2018-09-26 09:30:00-04:00,,0,-1,0.13729280970533153,-0.13729280970533153,0.13729280970533153,0.47300812171549483,0,0.005077477560793032,15,wavelet_trend,0.0
2018-09-27 11:30:00-04:00,,0,-1,0.17351616391232177,-0.17351616391232177,0.17351616391232177,0.4318328504340194,0,0.00541289325349292,15,wavelet_trend,0.0
2018-09-27 14:30:00-04:00,,0,-1,0.3535135060690201,-0.3535135060690201,0.3535135060690201,0.45366661295893634,0,0.005264046605997743,15,wavelet_trend,0.0
2018-09-28 09:30:00-04:00,,0,-1,0.17305916593627044,-0.17305916593627044,0.17305916593627044,0.45788710034621527,0,0.005592913275936461,15,wavelet_trend,0.0
2018-10-01 10:30:00-04:00,,0,-1,0.016963336380685548,-0.016963336380685548,0.016963336380685548,0.4586134609983179,0,0.005340377448284096,15,wavelet_trend,0.0
2018-10-01 12:30:00-04:00,,0,-1,0.18257476529030547,-0.18257476529030547,0.18257476529030547,0.44515132604129287,0,0.005299088908361193,15,wavelet_trend,0.0
2018-10-01 14:30:00-04:00,,0,-1,0.3741114007741918,-0.3741114007741918,0.3741114007741918,0.45527434203035794,0,0.005537174635693852,15,wavelet_trend,0.0
2018-10-02 10:30:00-04:00,,0,-1,0.4912704891724198,-0.4912704891724198,0.4912704891724198,0.4149761032751125,0,0.005705189171878866,15,wavelet_trend,0.0
2018-10-02 14:30:00-04:00,,0,-1,0.7271144391452082,-0.7271144391452082,0.7271144391452082,0.4221765259412869,0,0.005670845810319467,15,wavelet_trend,0.0
2018-10-03 09:30:00-04:00,,0,-1,0.5040042059065368,-0.5040042059065368,0.5040042059065368,0.43244092529753664,0,0.005930324488420957,16,wavelet_trend,0.0
2018-10-03 11:30:00-04:00,,0,-1,0.33688403446284615,-0.33688403446284615,0.33688403446284615,0.4270560145240766,0,0.006260780437299692,16,wavelet_trend,0.0
2018-10-04 09:30:00-04:00,,0,-1,0.20967738484539264,-0.20967738484539264,0.20967738484539264,0.4604283641074666,0,0.006873644122018328,16,wavelet_trend,0.0
2018-10-04 11:30:00-04:00,,0,-1,0.3017545426180939,-0.3017545426180939,0.3017545426180939,0.43522006194720225,0,0.0075592127092442745,16,wavelet_trend,0.0
2018-10-05 10:30:00-04:00,,0,-1,0.2622301347852009,-0.2622301347852009,0.2622301347852009,0.4598643872510196,0,0.007569280919515428,16,wavelet_trend,0.0
2018-10-05 11:30:00-04:00,,0,-1,0.4383733378140773,-0.4383733378140773,0.4383733378140773,0.40976410564841603,0,0.007668950522623955,16,wavelet_trend,0.0
2018-10-05 12:30:00-04:00,,0,-1,0.5673238348923907,-0.5673238348923907,0.5673238348923907,0.4003413270783432,0,0.007743441021429036,16,wavelet_trend,0.0
2018-10-05 13:30:00-04:00,,0,-1,0.456982665840756,-0.456982665840756,0.456982665840756,0.44208592201650126,0,0.008535281529961542,16,wavelet_trend,0.0
2018-10-08 10:30:00-04:00,,0,-1,0.5143158947299971,-0.5143158947299971,0.5143158947299971,0.4751686102892067,0,0.00837356383551929,16,wavelet_trend,0.0
2018-10-08 14:30:00-04:00,,0,-1,0.1892504901558208,-0.1892504901558208,0.1892504901558208,0.49926231238977214,0,0.008394858181287823,16,wavelet_trend,0.0
2018-10-09 12:30:00-04:00,,0,-1,0.12419417240971889,-0.12419417240971889,0.12419417240971889,0.46669768822384133,0,0.008238149422392128,16,wavelet_trend,0.0
2018-10-10 09:30:00-04:00,,0,-1,0.26157189564210986,-0.26157189564210986,0.26157189564210986,0.42251286697390267,0,0.00825708284852091,16,wavelet_trend,0.0
2018-10-10 10:30:00-04:00,,0,-1,0.3508369358887463,-0.3508369358887463,0.3508369358887463,0.4096162986032311,0,0.008459400833532155,16,wavelet_trend,0.0
2018-10-10 14:30:00-04:00,,0,-1,0.3355713244346798,-0.3355713244346798,0.3355713244346798,0.42235950850243154,0,0.008349703006119424,16,wavelet_trend,0.0
2018-10-11 10:30:00-04:00,,0,-1,0.6925286482940808,-0.6925286482940808,0.6925286482940808,0.3641754034516091,0,0.008736045659139277,16,wavelet_trend,0.0
2018-10-11 11:30:00-04:00,,0,-1,0.6021188657547466,-0.6021188657547466,0.6021188657547466,0.36659409553666195,0,0.009255058071243468,16,wavelet_trend,0.0
2018-10-11 13:30:00-04:00,,0,-1,0.6862739142513221,-0.6862739142513221,0.6862739142513221,0.4092978902939068,0,0.00931671217504915,16,wavelet_trend,0.0
2018-10-12 09:30:00-04:00,,0,-1,0.6615257298692118,-0.6615257298692118,0.6615257298692118,0.4521490210577758,0,0.009825212844943872,16,wavelet_trend,0.0
2018-10-12 11:30:00-04:00,,0,-1,0.6932142977726646,-0.6932142977726646,0.6932142977726646,0.4321421088007026,0,0.009778886041893822,16,wavelet_trend,0.0
2018-10-15 10:30:00-04:00,,0,-1,0.2423318435503875,-0.2423318435503875,0.2423318435503875,0.4755227978644814,0,0.009963158085820774,16,wavelet_trend,0.0
2018-10-16 09:30:00-04:00,,1,1,0.04424389282075018,0.04424389282075018,0.04424389282075018,0.5546424450822451,1,0.009859556000033002,16,wavelet_trend,1.0
2018-10-16 10:30:00-04:00,,1,1,0.28356630503491626,0.28356630503491626,0.28356630503491626,0.4835147531542708,0,0.010455907993516212,16,wavelet_trend,0.0
2018-10-16 12:30:00-04:00,,1,1,0.3272264709728323,0.3272264709728323,0.3272264709728323,0.474030367370239,0,0.01037390609510899,16,wavelet_trend,0.0
2018-10-17 09:30:00-04:00,,1,1,0.32877759128168105,0.32877759128168105,0.32877759128168105,0.4994896684165508,0,0.010763545886096376,16,wavelet_trend,0.0
2018-10-17 14:30:00-04:00,,1,1,0.36008014838432706,0.36008014838432706,0.36008014838432706,0.5134993371898758,1,0.010551112850458342,16,wavelet_trend,1.0
2018-10-18 10:30:00-04:00,,1,1,0.1860530812932603,0.1860530812932603,0.1860530812932603,0.461978190445776,0,0.010651503324232797,16,wavelet_trend,0.0
2018-10-18 12:30:00-04:00,,0,-1,0.1510542797556492,-0.1510542797556492,0.1510542797556492,0.42062609430742837,0,0.010632946791029212,16,wavelet_trend,0.0
2018-10-19 11:30:00-04:00,,0,-1,0.30383446019333793,-0.30383446019333793,0.30383446019333793,0.3938159119184789,0,0.010343685858658734,16,wavelet_trend,0.0
2018-10-22 09:30:00-04:00,,0,-1,0.5210019384213604,-0.5210019384213604,0.5210019384213604,0.4070943290391514,0,0.00978491386493086,16,wavelet_trend,0.0
2018-10-22 10:30:00-04:00,,0,-1,0.3997578131562229,-0.3997578131562229,0.3997578131562229,0.424961830467441,0,0.010085734242471821,16,wavelet_trend,0.0
2018-10-22 11:30:00-04:00,,0,-1,0.4359045312825781,-0.4359045312825781,0.4359045312825781,0.4533671889337954,0,0.01022049464694007,16,wavelet_trend,0.0
2018-10-23 09:30:00-04:00,,0,-1,0.4234176077154771,-0.4234176077154771,0.4234176077154771,0.4051795150227106,0,0.013924717864015057,16,wavelet_trend,0.0
2018-10-23 10:30:00-04:00,,0,-1,0.3045667730735025,-0.3045667730735025,0.3045667730735025,0.4708240217119705,0,0.014377175876299579,16,wavelet_trend,0.0
2018-10-23 13:30:00-04:00,,0,-1,0.1184440030688279,-0.1184440030688279,0.1184440030688279,0.4939652904724532,0,0.01408340223900216,16,wavelet_trend,0.0
2018-10-24 09:30:00-04:00,,0,-1,0.18286426324410932,-0.18286426324410932,0.18286426324410932,0.5198768561597626,-1,0.013859355014541733,16,wavelet_trend,1.0
2018-10-24 12:30:00-04:00,,0,-1,0.37214717255792323,-0.37214717255792323,0.37214717255792323,0.4786121334601038,0,0.013864947395620856,16,wavelet_trend,0.0
2018-10-24 14:30:00-04:00,,0,-1,0.45213683018291745,-0.45213683018291745,0.45213683018291745,0.4984259173469486,0,0.014170017758778398,16,wavelet_trend,0.0
2018-10-25 09:30:00-04:00,,0,-1,0.3487476175546899,-0.3487476175546899,0.3487476175546899,0.4941104116120554,0,0.015472108446127422,16,wavelet_trend,0.0
2018-10-25 14:30:00-04:00,,0,-1,0.13589860635706194,-0.13589860635706194,0.13589860635706194,0.4919675843783122,0,0.015268707430229568,16,wavelet_trend,0.0
2018-10-26 09:30:00-04:00,,0,-1,0.39317372168139486,-0.39317372168139486,0.39317372168139486,0.40261520865929057,0,0.01684509768144873,16,wavelet_trend,0.0
2018-10-26 11:30:00-04:00,,0,-1,0.19332661344988042,-0.19332661344988042,0.19332661344988042,0.416461744581487,0,0.016816286551528,16,wavelet_trend,0.0
2018-10-29 09:30:00-04:00,,1,1,0.1967027953958105,0.1967027953958105,0.1967027953958105,0.5282603336316617,1,0.01825660554656313,16,wavelet_trend,1.0
2018-10-29 11:30:00-04:00,,1,1,0.016829781704866067,0.016829781704866067,0.016829781704866067,0.5123568950524453,1,0.01829953332793213,16,wavelet_trend,1.0
2018-10-29 14:30:00-04:00,,0,-1,0.1340650412138136,-0.1340650412138136,0.1340650412138136,0.5251441199277381,-1,0.018366978860760372,16,wavelet_trend,1.0
2018-10-30 09:30:00-04:00,,0,-1,0.0714418772248706,-0.0714418772248706,0.0714418772248706,0.5250153539064777,-1,0.01857401768573215,16,wavelet_trend,1.0
2018-10-31 09:30:00-04:00,,1,1,0.2203869444478964,0.2203869444478964,0.2203869444478964,0.53403871263076,1,0.018163987592644218,16,wavelet_trend,1.0
2018-11-01 10:30:00-04:00,,1,1,0.34074015245902745,0.34074015245902745,0.34074015245902745,0.49964250196523446,0,0.01701666710671805,17,wavelet_trend,0.0
2018-11-02 13:30:00-04:00,,1,1,0.2056323818096955,0.2056323818096955,0.2056323818096955,0.5308874820382905,1,0.015225238837478729,17,wavelet_trend,1.0
2018-11-06 09:30:00-05:00,,1,1,0.055204135726714655,0.055204135726714655,0.055204135726714655,0.5328054605756797,1,0.013527920042934329,17,wavelet_trend,1.0
2018-11-07 10:30:00-05:00,,1,1,0.15174023314378185,0.15174023314378185,0.15174023314378185,0.523799089581889,1,0.012442145226551968,17,wavelet_trend,1.0
2018-11-07 14:30:00-05:00,,1,1,0.3325568996888584,0.3325568996888584,0.3325568996888584,0.5016877560639313,1,0.011888943015366344,17,wavelet_trend,1.0
2018-11-09 09:30:00-05:00,,1,1,0.058956341158513025,0.058956341158513025,0.058956341158513025,0.4664268074789252,0,0.012055790990138968,17,wavelet_trend,0.0
2018-11-09 12:30:00-05:00,,0,-1,0.18999842209830423,-0.18999842209830423,0.18999842209830423,0.4361616342386232,0,0.011962110957523524,17,wavelet_trend,0.0
2018-11-12 09:30:00-05:00,,0,-1,0.3595968453917668,-0.3595968453917668,0.3595968453917668,0.4273003339349879,0,0.012039475748739788,17,wavelet_trend,0.0
2018-11-12 10:30:00-05:00,,0,-1,0.47889394584479905,-0.47889394584479905,0.47889394584479905,0.39456113988586505,0,0.012585674576692154,17,wavelet_trend,0.0
2018-11-12 11:30:00-05:00,,0,-1,0.31647737557622413,-0.31647737557622413,0.31647737557622413,0.4305599620757035,0,0.013109381876713472,17,wavelet_trend,0.0
2018-11-13 10:30:00-05:00,,0,-1,0.3092666587745667,-0.3092666587745667,0.3092666587745667,0.4863464251162083,0,0.013446025775159375,17,wavelet_trend,0.0
2018-11-13 12:30:00-05:00,,0,-1,0.2619181950177257,-0.2619181950177257,0.2619181950177257,0.4852928226564212,0,0.01331259859564226,17,wavelet_trend,0.0
2018-11-14 10:30:00-05:00,,0,-1,0.30343071054409465,-0.30343071054409465,0.30343071054409465,0.5037304977929701,-1,0.01318369473598401,17,wavelet_trend,1.0
2018-11-14 13:30:00-05:00,,0,-1,0.26490110580007925,-0.26490110580007925,0.26490110580007925,0.5041246912040884,-1,0.013013274402717693,17,wavelet_trend,1.0
2018-11-15 09:30:00-05:00,,0,-1,0.23421292901090338,-0.23421292901090338,0.23421292901090338,0.5107108932832561,-1,0.012993346074940073,17,wavelet_trend,1.0
2018-11-15 11:30:00-05:00,,0,-1,0.058147294808795234,-0.058147294808795234,0.058147294808795234,0.49570374768858233,0,0.012927434594679793,17,wavelet_trend,0.0
2018-11-16 11:30:00-05:00,,0,-1,0.08561624033944229,-0.08561624033944229,0.08561624033944229,0.5078934820041884,-1,0.01229770540058618,17,wavelet_trend,1.0
2018-11-16 14:30:00-05:00,,1,1,0.22432547918649942,0.22432547918649942,0.22432547918649942,0.5449510646718801,1,0.012142042838615587,17,wavelet_trend,1.0
2018-11-19 09:30:00-05:00,,0,-1,0.011463669384247055,-0.011463669384247055,0.011463669384247055,0.5034808117799384,-1,0.012759361717195794,17,wavelet_trend,1.0
2018-11-19 12:30:00-05:00,,0,-1,0.05868111108965745,-0.05868111108965745,0.05868111108965745,0.47138750255937756,0,0.012533075631448369,17,wavelet_trend,0.0
2018-11-20 09:30:00-05:00,,0,-1,0.28041331819812904,-0.28041331819812904,0.28041331819812904,0.39213204137131136,0,0.012486216164311705,17,wavelet_trend,0.0
2018-11-20 12:30:00-05:00,,0,-1,0.37579710844333786,-0.37579710844333786,0.37579710844333786,0.41905973052752504,0,0.01226737434854216,17,wavelet_trend,0.0
2018-11-21 09:30:00-05:00,,0,-1,0.2929589970371005,-0.2929589970371005,0.2929589970371005,0.4737786121404706,0,0.013444425669028112,17,wavelet_trend,0.0
2018-11-26 09:30:00-05:00,,1,1,0.21990822411875813,0.21990822411875813,0.21990822411875813,0.5206499030444107,1,0.013500173850744283,17,wavelet_trend,1.0
2018-11-27 11:30:00-05:00,,1,1,0.01926881290593783,0.01926881290593783,0.01926881290593783,0.48551349904765856,0,0.012395352252172592,17,wavelet_trend,0.0
2018-11-28 10:30:00-05:00,,1,1,0.13159687495958608,0.13159687495958608,0.13159687495958608,0.501732313227284,1,0.012349986026557437,17,wavelet_trend,1.0
2018-11-28 11:30:00-05:00,,1,1,0.07201316019233878,0.07201316019233878,0.07201316019233878,0.4868336924862205,0,0.012788841859245796,17,wavelet_trend,0.0
2018-12-03 12:30:00-05:00,,1,1,0.19383925181614836,0.19383925181614836,0.19383925181614836,0.5015843162672436,1,0.01033171549211008,18,wavelet_trend,1.0
2018-12-04 09:30:00-05:00,,1,1,0.012245334699956829,0.012245334699956829,0.012245334699956829,0.4988487762927064,0,0.010869867062642664,18,wavelet_trend,0.0
2018-12-04 11:30:00-05:00,,0,-1,0.21033871999190068,-0.21033871999190068,0.21033871999190068,0.431410730299906,0,0.012602694637441217,18,wavelet_trend,0.0
2018-12-04 14:30:00-05:00,,0,-1,0.33225137583737846,-0.33225137583737846,0.33225137583737846,0.4421964193558802,0,0.012556694326624061,18,wavelet_trend,0.0
2018-12-06 09:30:00-05:00,,0,-1,0.5091462257150007,-0.5091462257150007,0.5091462257150007,0.39191587799300637,0,0.01334122303638689,18,wavelet_trend,0.0
2018-12-06 10:30:00-05:00,,0,-1,0.6634657717572758,-0.6634657717572758,0.6634657717572758,0.384245383327703,0,0.0142385245868434,18,wavelet_trend,0.0
2018-12-06 11:30:00-05:00,,0,-1,0.49067089267749564,-0.49067089267749564,0.49067089267749564,0.398766141351066,0,0.01586099770950691,18,wavelet_trend,0.0
2018-12-07 11:30:00-05:00,,0,-1,0.46009386623684,-0.46009386623684,0.46009386623684,0.49715185440174825,0,0.015513646518338841,18,wavelet_trend,0.0
2018-12-07 14:30:00-05:00,,0,-1,0.3201274927455953,-0.3201274927455953,0.3201274927455953,0.5234291368845425,-1,0.014983564715370847,18,wavelet_trend,1.0
2018-12-10 10:30:00-05:00,,0,-1,0.38400813939640105,-0.38400813939640105,0.38400813939640105,0.507599217514954,-1,0.015078121747163217,18,wavelet_trend,1.0
2018-12-10 13:30:00-05:00,,0,-1,0.1782809118194052,-0.1782809118194052,0.1782809118194052,0.5237874374213459,-1,0.014749906671945012,18,wavelet_trend,1.0
2018-12-11 09:30:00-05:00,,1,1,0.005816518255032095,0.005816518255032095,0.005816518255032095,0.5864031209460261,1,0.01591919834151842,18,wavelet_trend,1.0
2018-12-11 11:30:00-05:00,,0,-1,0.21095134573906946,-0.21095134573906946,0.21095134573906946,0.5039709650956323,-1,0.016098526548945395,18,wavelet_trend,1.0
2018-12-12 09:30:00-05:00,,1,1,0.11900511186449055,0.11900511186449055,0.11900511186449055,0.5473134255477641,1,0.01676136998323381,18,wavelet_trend,1.0
2018-12-12 14:30:00-05:00,,1,1,0.14220016306242253,0.14220016306242253,0.14220016306242253,0.5383612197116696,1,0.01608931862749529,18,wavelet_trend,1.0
2018-12-13 10:30:00-05:00,,0,-1,0.010555337260089582,-0.010555337260089582,0.010555337260089582,0.4971745368247848,0,0.01561713786545843,18,wavelet_trend,0.0
2018-12-14 11:30:00-05:00,,0,-1,0.29721025724273703,-0.29721025724273703,0.29721025724273703,0.4486047663365147,0,0.014031991865494647,18,wavelet_trend,0.0
2018-12-14 14:30:00-05:00,,0,-1,0.4773512373688716,-0.4773512373688716,0.4773512373688716,0.4543308018221685,0,0.013555038340266721,18,wavelet_trend,0.0
2018-12-17 10:30:00-05:00,,0,-1,0.2897272272537086,-0.2897272272537086,0.2897272272537086,0.46358062001346373,0,0.013796600903891263,18,wavelet_trend,0.0
2018-12-17 12:30:00-05:00,,0,-1,0.34067589017681144,-0.34067589017681144,0.34067589017681144,0.45213539912437306,0,0.01387141236510568,18,wavelet_trend,0.0
2018-12-17 14:30:00-05:00,,0,-1,0.4179056171470644,-0.4179056171470644,0.4179056171470644,0.4603254462124623,0,0.013621224373415827,18,wavelet_trend,0.0
2018-12-18 09:30:00-05:00,,0,-1,0.3306959425540006,-0.3306959425540006,0.3306959425540006,0.473353371694755,0,0.01403567089996084,18,wavelet_trend,0.0
2018-12-18 14:30:00-05:00,,0,-1,0.37578099515309155,-0.37578099515309155,0.37578099515309155,0.483837021752781,0,0.013599020774662763,18,wavelet_trend,0.0
2018-12-19 11:30:00-05:00,,0,-1,0.09634848397459544,-0.09634848397459544,0.09634848397459544,0.4992899596653497,0,0.013486604251418887,18,wavelet_trend,0.0
2018-12-19 14:30:00-05:00,,0,-1,0.35026581120564326,-0.35026581120564326,0.35026581120564326,0.4654065156502356,0,0.016939934527128383,18,wavelet_trend,0.0
2018-12-20 10:30:00-05:00,,0,-1,0.33406248157735313,-0.33406248157735313,0.33406248157735313,0.4715320454087769,0,0.017141204348203844,18,wavelet_trend,0.0
2018-12-21 10:30:00-05:00,,0,-1,0.3852595722029712,-0.3852595722029712,0.3852595722029712,0.5108162356330892,-1,0.016849643116914573,18,wavelet_trend,1.0
2018-12-21 11:30:00-05:00,,0,-1,0.5573124338320066,-0.5573124338320066,0.5573124338320066,0.48751683350119984,0,0.017530995733422473,18,wavelet_trend,0.0
2018-12-24 09:30:00-05:00,,0,-1,0.421371405528845,-0.421371405528845,0.421371405528845,0.4972812284296335,0,0.016683381619134297,18,wavelet_trend,0.0
2018-12-26 11:30:00-05:00,,0,-1,0.19005216174102,-0.19005216174102,0.19005216174102,0.5020454858932736,-1,0.01700520803195282,18,wavelet_trend,1.0
2018-12-26 14:30:00-05:00,,0,-1,0.10323062186014773,-0.10323062186014773,0.10323062186014773,0.5076224762893975,-1,0.017344015535679158,18,wavelet_trend,1.0
2018-12-27 09:30:00-05:00,,1,1,0.05283996382492453,0.05283996382492453,0.05283996382492453,0.526992521647561,1,0.018220509983951118,18,wavelet_trend,1.0
2018-12-27 12:30:00-05:00,,1,1,0.015330036945638946,0.015330036945638946,0.015330036945638946,0.5074943153780463,1,0.017952843267197968,18,wavelet_trend,1.0
2018-12-27 14:30:00-05:00,,1,1,0.1888825265544471,0.1888825265544471,0.1888825265544471,0.5106528372017857,1,0.019027982436221252,18,wavelet_trend,1.0
2018-12-28 13:30:00-05:00,,1,1,0.3176161653528669,0.3176161653528669,0.3176161653528669,0.5163880615169288,1,0.019268261438058855,18,wavelet_trend,1.0
2019-01-02 10:30:00-05:00,,1,1,0.1475176688325011,0.1475176688325011,0.1475176688325011,0.5178687634890424,1,0.01762206729338366,18,wavelet_trend,1.0
2019-01-03 09:30:00-05:00,,0,-1,0.020798174086930486,-0.020798174086930486,0.020798174086930486,0.5448399917771599,-1,0.01830309718494432,18,wavelet_trend,1.0
2019-01-04 09:30:00-05:00,,1,1,0.18189784839716447,0.18189784839716447,0.18189784839716447,0.5722738370298314,1,0.022286045130911085,19,wavelet_trend,1.0
2019-01-07 09:30:00-05:00,,1,1,0.24284514937648724,0.24284514937648724,0.24284514937648724,0.5866682857809623,1,0.020498945919737083,19,wavelet_trend,1.0
2019-01-07 12:30:00-05:00,,1,1,0.3789567447451408,0.3789567447451408,0.3789567447451408,0.5558186121288881,1,0.01982791001766322,19,wavelet_trend,1.0
2019-01-08 11:30:00-05:00,,1,1,0.2591423785184034,0.2591423785184034,0.2591423785184034,0.5449485207379715,1,0.018425010862999597,19,wavelet_trend,1.0
2019-01-09 09:30:00-05:00,,1,1,0.35995964531876085,0.35995964531876085,0.35995964531876085,0.5158077761879586,1,0.017363217799625737,19,wavelet_trend,1.0
2019-01-11 13:30:00-05:00,,1,1,0.08645667796250367,0.08645667796250367,0.08645667796250367,0.5203223807309855,1,0.014279765949139855,19,wavelet_trend,1.0
2019-01-14 10:30:00-05:00,,0,-1,0.03825118651800325,-0.03825118651800325,0.03825118651800325,0.49727044866605835,0,0.013894243699320945,19,wavelet_trend,0.0
2019-01-15 14:30:00-05:00,,0,-1,0.01225239029895325,-0.01225239029895325,0.01225239029895325,0.5071342480050093,-1,0.012454243787454924,19,wavelet_trend,1.0
2019-01-16 10:30:00-05:00,,1,1,0.08434934612260145,0.08434934612260145,0.08434934612260145,0.5145541035321114,1,0.012189544742141315,19,wavelet_trend,1.0
2019-01-17 14:30:00-05:00,,1,1,0.28375880369648177,0.28375880369648177,0.28375880369648177,0.5093498318161339,1,0.010807578068453718,19,wavelet_trend,1.0
2019-01-18 10:30:00-05:00,,1,1,0.3782127456636043,0.3782127456636043,0.3782127456636043,0.5207685454659136,1,0.010658373319157042,19,wavelet_trend,1.0
2019-01-22 09:30:00-05:00,,1,1,0.08507076881332162,0.08507076881332162,0.08507076881332162,0.5036164500333097,1,0.011322118784481831,19,wavelet_trend,1.0
2019-01-22 12:30:00-05:00,,0,-1,0.022989559082962775,-0.022989559082962775,0.022989559082962775,0.48935077527333076,0,0.011129096515927204,19,wavelet_trend,0.0
2019-01-23 11:30:00-05:00,,0,-1,0.2667160922421199,-0.2667160922421199,0.2667160922421199,0.4786717616610513,0,0.010832425779169935,19,wavelet_trend,0.0
2019-01-24 09:30:00-05:00,,0,-1,0.1558347866272541,-0.1558347866272541,0.1558347866272541,0.49993280575625015,0,0.010422528664029833,19,wavelet_trend,0.0
2019-01-25 09:30:00-05:00,,1,1,0.2541969783661992,0.2541969783661992,0.2541969783661992,0.5056008189045939,1,0.010588191396179966,19,wavelet_trend,1.0
2019-01-28 11:30:00-05:00,,1,1,0.08070302013742642,0.08070302013742642,0.08070302013742642,0.488318479920721,0,0.009732597296886924,19,wavelet_trend,0.0
2019-01-30 11:30:00-05:00,,1,1,0.06277311685668317,0.06277311685668317,0.06277311685668317,0.5016927180594714,1,0.008403475633020432,19,wavelet_trend,1.0
2019-01-30 13:30:00-05:00,,1,1,0.1745667129497529,0.1745667129497529,0.1745667129497529,0.5033341422396008,1,0.008538117788197337,19,wavelet_trend,1.0
2019-01-31 09:30:00-05:00,,1,1,0.2824804786446519,0.2824804786446519,0.2824804786446519,0.5223530540724008,1,0.00864182168562625,19,wavelet_trend,1.0
2019-02-01 11:30:00-05:00,,1,1,0.4034530919297329,0.4034530919297329,0.4034530919297329,0.5093332974111878,1,0.007818313333882413,19,wavelet_trend,1.0
2019-02-04 10:30:00-05:00,,1,1,0.29331270650753416,0.29331270650753416,0.29331270650753416,0.5142782425906424,1,0.007409073503456879,19,wavelet_trend,1.0
2019-02-05 11:30:00-05:00,,1,1,0.1850200432547644,0.1850200432547644,0.1850200432547644,0.49457270216443033,0,0.007168767256251566,20,wavelet_trend,0.0
2019-02-05 14:30:00-05:00,,1,1,0.2743791013862692,0.2743791013862692,0.2743791013862692,0.4920891723476973,0,0.00690388981678507,20,wavelet_trend,0.0
2019-02-06 09:30:00-05:00,,1,1,0.2216106843283012,0.2216106843283012,0.2216106843283012,0.4860327905541408,0,0.007060389387494412,20,wavelet_trend,0.0
2019-02-07 09:30:00-05:00,,0,-1,0.005060528742073084,-0.005060528742073084,0.005060528742073084,0.46869749465006283,0,0.006639878706803879,20,wavelet_trend,0.0
2019-02-07 10:30:00-05:00,,0,-1,0.26180386594354327,-0.26180386594354327,0.26180386594354327,0.45872562957022395,0,0.007681086781543334,20,wavelet_trend,0.0
2019-02-08 10:30:00-05:00,,0,-1,0.3080243666950167,-0.3080243666950167,0.3080243666950167,0.46433696824808357,0,0.007218053601739662,20,wavelet_trend,0.0
2019-02-08 13:30:00-05:00,,0,-1,0.15399036428022791,-0.15399036428022791,0.15399036428022791,0.46344130607371936,0,0.007135071533206563,20,wavelet_trend,0.0
2019-02-11 11:30:00-05:00,,1,1,0.04957372592395222,0.04957372592395222,0.04957372592395222,0.4894268958424449,0,0.00677136031292777,20,wavelet_trend,0.0
2019-02-12 09:30:00-05:00,,1,1,0.4089149032623447,0.4089149032623447,0.4089149032623447,0.5084846205578281,1,0.007338247506634379,20,wavelet_trend,1.0
2019-02-13 09:30:00-05:00,,1,1,0.5084089169686611,0.5084089169686611,0.5084089169686611,0.49750259042208067,0,0.0069538196827424684,20,wavelet_trend,0.0
2019-02-13 14:30:00-05:00,,1,1,0.4675129211763304,0.4675129211763304,0.4675129211763304,0.4854024153241731,0,0.006631905767062107,20,wavelet_trend,0.0
2019-02-14 11:30:00-05:00,,1,1,0.2365014545027633,0.2365014545027633,0.2365014545027633,0.4808896629465946,0,0.006460050047672452,20,wavelet_trend,0.0
2019-02-15 09:30:00-05:00,,1,1,0.3355031990197765,0.3355031990197765,0.3355031990197765,0.528477788801367,1,0.0071712288631794905,20,wavelet_trend,1.0
2019-02-15 11:30:00-05:00,,1,1,0.3990089717511359,0.3990089717511359,0.3990089717511359,0.4968203200616349,0,0.007095342845213395,20,wavelet_trend,0.0
2019-02-19 13:30:00-05:00,,1,1,0.4247439474256757,0.4247439474256757,0.4247439474256757,0.49783658738035896,0,0.006734461007603397,20,wavelet_trend,0.0
2019-02-20 12:30:00-05:00,,1,1,0.21505242085584486,0.21505242085584486,0.21505242085584486,0.49276574243699506,0,0.00635416945911866,20,wavelet_trend,0.0
2019-02-21 09:30:00-05:00,,1,1,0.12950374074932502,0.12950374074932502,0.12950374074932502,0.5059824442190624,1,0.006581181135477914,20,wavelet_trend,1.0
2019-02-22 09:30:00-05:00,,1,1,0.09744170740492532,0.09744170740492532,0.09744170740492532,0.5026218984564175,1,0.006488853076548719,20,wavelet_trend,1.0
2019-02-25 09:30:00-05:00,,1,1,0.236213546900976,0.236213546900976,0.236213546900976,0.5120476191379976,1,0.006265931580616294,20,wavelet_trend,1.0
2019-02-25 14:30:00-05:00,,1,1,0.19167581376555412,0.19167581376555412,0.19167581376555412,0.49475526633535316,0,0.006194381977883266,20,wavelet_trend,0.0
2019-02-26 11:30:00-05:00,,1,1,0.005362722095900301,0.005362722095900301,0.005362722095900301,0.4830450831463419,0,0.005982114887753125,20,wavelet_trend,0.0
2019-02-27 09:30:00-05:00,,0,-1,0.282053652789128,-0.282053652789128,0.282053652789128,0.45540128147095654,0,0.00611814476931397,20,wavelet_trend,0.0
2019-02-27 11:30:00-05:00,,0,-1,0.3135202326049872,-0.3135202326049872,0.3135202326049872,0.4582304120165865,0,0.006087933520617356,20,wavelet_trend,0.0
2019-02-28 09:30:00-05:00,,0,-1,0.23216281208317563,-0.23216281208317563,0.23216281208317563,0.4720003792392761,0,0.006039839004294743,20,wavelet_trend,0.0
2019-02-28 11:30:00-05:00,,0,-1,0.10006419469215087,-0.10006419469215087,0.10006419469215087,0.4800722368672493,0,0.005980542364723891,20,wavelet_trend,0.0
2019-03-01 11:30:00-05:00,,1,1,0.23833257816005965,0.23833257816005965,0.23833257816005965,0.48980173288926554,0,0.005897504192240122,20,wavelet_trend,0.0
2019-03-04 09:30:00-05:00,,1,1,0.21564382805538426,0.21564382805538426,0.21564382805538426,0.5091128042047353,1,0.0055992374778882905,20,wavelet_trend,1.0
2019-03-04 10:30:00-05:00,,0,-1,0.07842902682897518,-0.07842902682897518,0.07842902682897518,0.4908224270921871,0,0.006838556318038083,20,wavelet_trend,0.0
2019-03-04 13:30:00-05:00,,0,-1,0.07265344271451142,-0.07265344271451142,0.07265344271451142,0.4672642231464033,0,0.006938039843114006,20,wavelet_trend,0.0
2019-03-06 09:30:00-05:00,,0,-1,0.4392977802104625,-0.4392977802104625,0.4392977802104625,0.44671943972695777,0,0.006954460597111428,20,wavelet_trend,0.0
2019-03-06 11:30:00-05:00,,0,-1,0.6133354753751933,-0.6133354753751933,0.6133354753751933,0.43022761988265673,0,0.007057444118400948,20,wavelet_trend,0.0
2019-03-06 14:30:00-05:00,,0,-1,0.43455141886344323,-0.43455141886344323,0.43455141886344323,0.4448525672671425,0,0.0071696101691371755,20,wavelet_trend,0.0
2019-03-07 09:30:00-05:00,,0,-1,0.590369823713585,-0.590369823713585,0.590369823713585,0.4333571718525637,0,0.007110594740215845,21,wavelet_trend,0.0
2019-03-07 13:30:00-05:00,,0,-1,0.6736678799758709,-0.6736678799758709,0.6736678799758709,0.45399607381531093,0,0.006875189804733099,21,wavelet_trend,0.0
2019-03-08 09:30:00-05:00,,0,-1,0.772676524648501,-0.772676524648501,0.772676524648501,0.45677027816070365,0,0.006799331142727847,21,wavelet_trend,0.0
2019-03-11 09:30:00-04:00,,0,-1,0.05986471643142727,-0.05986471643142727,0.05986471643142727,0.5066098848445856,-1,0.007363961223615561,21,wavelet_trend,1.0
2019-03-11 11:30:00-04:00,,1,1,0.16574290740551098,0.16574290740551098,0.16574290740551098,0.4865035595853965,0,0.007439950861800755,21,wavelet_trend,0.0
2019-03-12 11:30:00-04:00,,1,1,0.540766029780975,0.540766029780975,0.540766029780975,0.478917566449853,0,0.007232051789206193,21,wavelet_trend,0.0
2019-03-13 09:30:00-04:00,,1,1,0.5780285355720459,0.5780285355720459,0.5780285355720459,0.4851091937705565,0,0.007158649151910018,21,wavelet_trend,0.0
2019-03-13 14:30:00-04:00,,1,1,0.13998334933072082,0.13998334933072082,0.13998334933072082,0.48691821002800423,0,0.0069324723968077475,21,wavelet_trend,0.0
2019-03-15 09:30:00-04:00,,1,1,0.1388019301834113,0.1388019301834113,0.1388019301834113,0.5023910275403626,1,0.006820763304299934,21,wavelet_trend,1.0
2019-03-18 09:30:00-04:00,,1,1,0.13053225458187825,0.13053225458187825,0.13053225458187825,0.519644429870562,1,0.007139321000271148,21,wavelet_trend,1.0
2019-03-18 10:30:00-04:00,,0,-1,0.018467290456527247,-0.018467290456527247,0.018467290456527247,0.5222652194663064,-1,0.007655986538564015,21,wavelet_trend,1.0
2019-03-19 11:30:00-04:00,,1,1,0.12691203811686858,0.12691203811686858,0.12691203811686858,0.5224639568598117,1,0.007244001340346157,21,wavelet_trend,1.0
2019-03-19 14:30:00-04:00,,0,-1,0.09499932871161978,-0.09499932871161978,0.09499932871161978,0.5136058865353741,-1,0.007310037271131876,21,wavelet_trend,1.0
2019-03-20 09:30:00-04:00,,0,-1,0.1426790957248664,-0.1426790957248664,0.1426790957248664,0.4958477726049282,0,0.007485290034952554,21,wavelet_trend,0.0
2019-03-20 13:30:00-04:00,,1,1,0.04049403421892723,0.04049403421892723,0.04049403421892723,0.4988103287166057,0,0.008322363989638556,21,wavelet_trend,0.0
2019-03-21 09:30:00-04:00,,0,-1,0.03756738535244484,-0.03756738535244484,0.03756738535244484,0.5095164536945045,-1,0.009245971238850133,21,wavelet_trend,1.0
2019-03-21 10:30:00-04:00,,1,1,0.02401856779363251,0.02401856779363251,0.02401856779363251,0.5095763788505819,1,0.009449887990380178,21,wavelet_trend,1.0
2019-03-22 09:30:00-04:00,,0,-1,0.1621546695510906,-0.1621546695510906,0.1621546695510906,0.485648577294764,0,0.01113160460702622,21,wavelet_trend,0.0
2019-03-22 10:30:00-04:00,,0,-1,0.2821041165505657,-0.2821041165505657,0.2821041165505657,0.4594172037163448,0,0.011569677093620499,21,wavelet_trend,0.0
2019-03-22 11:30:00-04:00,,0,-1,0.3026486686316199,-0.3026486686316199,0.3026486686316199,0.44679688694376957,0,0.011771153345140171,21,wavelet_trend,0.0
2019-03-25 10:30:00-04:00,,0,-1,0.15633800418288868,-0.15633800418288868,0.15633800418288868,0.4556704064561518,0,0.012844121410996858,21,wavelet_trend,0.0
2019-03-25 13:30:00-04:00,,0,-1,0.4592447712492005,-0.4592447712492005,0.4592447712492005,0.451313666943662,0,0.012639900132744523,21,wavelet_trend,0.0
2019-03-26 09:30:00-04:00,,0,-1,0.24684520867347928,-0.24684520867347928,0.24684520867347928,0.5110825355148895,-1,0.013217925062561312,21,wavelet_trend,1.0
2019-03-27 10:30:00-04:00,,1,1,0.030810078473709437,0.030810078473709437,0.030810078473709437,0.5348568926192658,1,0.012742252192810584,21,wavelet_trend,1.0
2019-03-27 12:30:00-04:00,,1,1,0.0,0.0,0.0,0.5255937822235007,1,0.012694258018522682,21,wavelet_trend,1.0
2019-03-28 09:30:00-04:00,,1,1,0.14751417649401563,0.14751417649401563,0.14751417649401563,0.5444568516799735,1,0.012477738452778164,21,wavelet_trend,1.0
2019-03-28 10:30:00-04:00,,1,1,0.05526161893261676,0.05526161893261676,0.05526161893261676,0.5358911312162505,1,0.012919094958637337,21,wavelet_trend,1.0
2019-03-28 12:30:00-04:00,,1,1,0.0068928328054190845,0.0068928328054190845,0.0068928328054190845,0.5339350451478336,1,0.012815277755331913,21,wavelet_trend,1.0
2019-03-29 09:30:00-04:00,,1,1,0.2049496163657988,0.2049496163657988,0.2049496163657988,0.5414423754993173,1,0.012573533987137262,21,wavelet_trend,1.0
2019-03-29 11:30:00-04:00,,1,1,0.09222364586242449,0.09222364586242449,0.09222364586242449,0.5337802921770156,1,0.012460693217083565,21,wavelet_trend,1.0
2019-04-01 09:30:00-04:00,,1,1,0.24550317272661434,0.24550317272661434,0.24550317272661434,0.5491372864238414,1,0.012336311053408665,21,wavelet_trend,1.0
2019-04-03 09:30:00-04:00,,1,1,0.22863123884077477,0.22863123884077477,0.22863123884077477,0.5252038616646167,1,0.010723093499591992,21,wavelet_trend,1.0
2019-04-05 09:30:00-04:00,,1,1,0.26430539222008415,0.26430539222008415,0.26430539222008415,0.4931503841290864,0,0.009550623243646344,22,wavelet_trend,0.0
2019-04-09 09:30:00-04:00,,1,1,0.08322182911876734,0.08322182911876734,0.08322182911876734,0.49220491772401226,0,0.008416768927440444,22,wavelet_trend,0.0
2019-04-09 14:30:00-04:00,,0,-1,0.21462331153124414,-0.21462331153124414,0.21462331153124414,0.49071752153014875,0,0.008120701669135037,22,wavelet_trend,0.0
2019-04-10 09:30:00-04:00,,0,-1,0.14943061578679073,-0.14943061578679073,0.14943061578679073,0.49162628675994813,0,0.008182340038684448,22,wavelet_trend,0.0
2019-04-10 14:30:00-04:00,,1,1,0.0551885392904022,0.0551885392904022,0.0551885392904022,0.49147284536005725,0,0.007756738584593128,22,wavelet_trend,0.0
2019-04-12 09:30:00-04:00,,1,1,0.33168491108170306,0.33168491108170306,0.33168491108170306,0.49181806037949966,0,0.007121511086189739,22,wavelet_trend,0.0
2019-04-15 11:30:00-04:00,,0,-1,0.13170157384365477,-0.13170157384365477,0.13170157384365477,0.4914813946094399,0,0.0070693946546727966,22,wavelet_trend,0.0
2019-04-16 09:30:00-04:00,,1,1,0.06717759710725037,0.06717759710725037,0.06717759710725037,0.49284912639659356,0,0.006684953964579119,22,wavelet_trend,0.0
2019-04-17 09:30:00-04:00,,0,-1,0.15096194394778656,-0.15096194394778656,0.15096194394778656,0.49164775252011755,0,0.006736460610153157,22,wavelet_trend,0.0
2019-04-17 13:30:00-04:00,,0,-1,0.19087773000110408,-0.19087773000110408,0.19087773000110408,0.49080777548148974,0,0.006606832901926934,22,wavelet_trend,0.0
2019-04-17 14:30:00-04:00,,0,-1,0.13897564653928224,-0.13897564653928224,0.13897564653928224,0.49139833566740887,0,0.006800866292077431,22,wavelet_trend,0.0
2019-04-18 09:30:00-04:00,,0,-1,0.3069932533829287,-0.3069932533829287,0.3069932533829287,0.49090853764208847,0,0.007335033990535073,22,wavelet_trend,0.0
2019-04-18 11:30:00-04:00,,0,-1,0.1743817631370198,-0.1743817631370198,0.1743817631370198,0.4906063649735376,0,0.007563280488842005,22,wavelet_trend,0.0
2019-04-22 09:30:00-04:00,,0,-1,0.3307858402511607,-0.3307858402511607,0.3307858402511607,0.4913219330170073,0,0.007214388383910072,22,wavelet_trend,0.0
2019-04-23 09:30:00-04:00,,1,1,0.0298832518125084,0.0298832518125084,0.0298832518125084,0.4922176400682927,0,0.007205402716827953,22,wavelet_trend,0.0
2019-04-23 10:30:00-04:00,,1,1,0.15744161271891607,0.15744161271891607,0.15744161271891607,0.4919673374906099,0,0.007630825586971181,22,wavelet_trend,0.0
2019-04-24 09:30:00-04:00,,1,1,0.3118360786769883,0.3118360786769883,0.3118360786769883,0.49221092620232954,0,0.007248901577045808,22,wavelet_trend,0.0
2019-04-25 09:30:00-04:00,,1,1,0.1225557369929979,0.1225557369929979,0.1225557369929979,0.4913424990121518,0,0.008912919800755776,22,wavelet_trend,0.0
2019-04-25 12:30:00-04:00,,0,-1,0.01339612425933911,-0.01339612425933911,0.01339612425933911,0.49087888828544535,0,0.008777085941716535,22,wavelet_trend,0.0
2019-04-26 10:30:00-04:00,,1,1,0.011458896806194092,0.011458896806194092,0.011458896806194092,0.4924912677465857,0,0.008371341889596956,22,wavelet_trend,0.0
2019-04-29 09:30:00-04:00,,1,1,0.06328645808459274,0.06328645808459274,0.06328645808459274,0.4932683658910901,0,0.007864115648211741,22,wavelet_trend,0.0
2019-04-30 09:30:00-04:00,,1,1,0.21657600079593867,0.21657600079593867,0.21657600079593867,0.4918706692555646,0,0.00738236235891159,22,wavelet_trend,0.0
2019-04-30 10:30:00-04:00,,1,1,0.10319900542043482,0.10319900542043482,0.10319900542043482,0.4916729620004269,0,0.007666552745913989,22,wavelet_trend,0.0
2019-05-01 13:30:00-04:00,,0,-1,0.14729504710852268,-0.14729504710852268,0.14729504710852268,0.49111847462599784,0,0.007034879526114835,22,wavelet_trend,0.0
2019-05-01 14:30:00-04:00,,0,-1,0.24064018461267342,-0.24064018461267342,0.24064018461267342,0.4914034654068514,0,0.007317180265334093,22,wavelet_trend,0.0
2019-05-02 09:30:00-04:00,,0,-1,0.17646249124183797,-0.17646249124183797,0.17646249124183797,0.4919195415672553,0,0.007813268263946259,22,wavelet_trend,0.0
2019-05-02 10:30:00-04:00,,0,-1,0.32921059888735144,-0.32921059888735144,0.32921059888735144,0.49241798938584197,0,0.008877749804156475,22,wavelet_trend,0.0
2019-05-02 12:30:00-04:00,,0,-1,0.029495654826877216,-0.029495654826877216,0.029495654826877216,0.49196324071659103,0,0.009046541527147475,22,wavelet_trend,0.0
2019-05-03 09:30:00-04:00,,1,1,0.09125835674363382,0.09125835674363382,0.09125835674363382,0.49418402585273485,0,0.009517216854258211,22,wavelet_trend,0.0
2019-05-03 13:30:00-04:00,,1,1,0.228026512289016,0.228026512289016,0.228026512289016,0.49311851645748955,0,0.009075383367538931,22,wavelet_trend,0.0
2019-05-06 09:30:00-04:00,,1,1,0.17195510210388054,0.17195510210388054,0.17195510210388054,0.49349059821207053,0,0.009442241361194922,22,wavelet_trend,0.0
2019-05-06 10:30:00-04:00,,1,1,0.348067622038028,0.348067622038028,0.348067622038028,0.493735407172269,0,0.00965642934659934,22,wavelet_trend,0.0
2019-05-07 09:30:00-04:00,,1,1,0.18415888644541695,0.18415888644541695,0.18415888644541695,0.4922103884465585,0,0.009977338256302842,23,wavelet_trend,0.0
2019-05-07 12:30:00-04:00,,0,-1,0.19417173373736793,-0.19417173373736793,0.19417173373736793,0.47559127108245386,0,0.010667718584795866,23,wavelet_trend,0.0
2019-05-09 09:30:00-04:00,,0,-1,0.5559210348751259,-0.5559210348751259,0.5559210348751259,0.47559127108245386,0,0.012138093546586976,23,wavelet_trend,0.0
2019-05-09 11:30:00-04:00,,0,-1,0.27439787031759744,-0.27439787031759744,0.27439787031759744,0.47559127108245386,0,0.012528523028361339,23,wavelet_trend,0.0
2019-05-10 09:30:00-04:00,,0,-1,0.15964800250917535,-0.15964800250917535,0.15964800250917535,0.47559127108245386,0,0.012292559429843477,23,wavelet_trend,0.0
2019-05-10 12:30:00-04:00,,0,-1,0.15139773378499077,-0.15139773378499077,0.15139773378499077,0.47559127108245386,0,0.012530847739072886,23,wavelet_trend,0.0
2019-05-13 09:30:00-04:00,,0,-1,0.3094263805850877,-0.3094263805850877,0.3094263805850877,0.47559127108245386,0,0.01640601358308914,23,wavelet_trend,0.0
2019-05-14 09:30:00-04:00,,0,-1,0.21076375315772247,-0.21076375315772247,0.21076375315772247,0.47559127108245386,0,0.01564151205892287,23,wavelet_trend,0.0
2019-05-15 13:30:00-04:00,,1,1,0.17486246861757243,0.17486246861757243,0.17486246861757243,0.47559127108245386,0,0.01376303506455977,23,wavelet_trend,0.0
2019-05-16 09:30:00-04:00,,1,1,0.31003573163379544,0.31003573163379544,0.31003573163379544,0.4922103884465585,0,0.014266833093581918,23,wavelet_trend,0.0
2019-05-17 09:30:00-04:00,,1,1,0.008230827300565695,0.008230827300565695,0.008230827300565695,0.4922103884465585,0,0.013254448019786197,23,wavelet_trend,0.0
2019-05-17 14:30:00-04:00,,0,-1,0.01460178663058028,-0.01460178663058028,0.01460178663058028,0.4922103884465585,0,0.012750818052964592,23,wavelet_trend,0.0
2019-05-20 09:30:00-04:00,,0,-1,0.18216582260542474,-0.18216582260542474,0.18216582260542474,0.47559127108245386,0,0.012653314520806863,23,wavelet_trend,0.0
2019-05-21 09:30:00-04:00,,0,-1,0.12206626031074293,-0.12206626031074293,0.12206626031074293,0.4922103884465585,0,0.012664092111609173,23,wavelet_trend,0.0
2019-05-22 11:30:00-04:00,,1,1,0.053103755771863825,0.053103755771863825,0.053103755771863825,0.4922103884465585,0,0.011431455936759602,23,wavelet_trend,0.0
2019-05-23 09:30:00-04:00,,0,-1,0.120450226863964,-0.120450226863964,0.120450226863964,0.47559127108245386,0,0.012292861071134469,23,wavelet_trend,0.0
2019-05-23 13:30:00-04:00,,0,-1,0.38977067850672453,-0.38977067850672453,0.38977067850672453,0.47559127108245386,0,0.011711956715058328,23,wavelet_trend,0.0
2019-05-24 09:30:00-04:00,,0,-1,0.2668012531782069,-0.2668012531782069,0.2668012531782069,0.47559127108245386,0,0.011795700002652941,23,wavelet_trend,0.0
2019-05-28 11:30:00-04:00,,1,1,0.08830638140749525,0.08830638140749525,0.08830638140749525,0.4922103884465585,0,0.010734761865544227,23,wavelet_trend,0.0
2019-05-28 14:30:00-04:00,,1,1,0.048509953866110775,0.048509953866110775,0.048509953866110775,0.4922103884465585,0,0.010413648755612005,23,wavelet_trend,0.0
2019-05-29 09:30:00-04:00,,0,-1,0.04476631199388875,-0.04476631199388875,0.04476631199388875,0.47559127108245386,0,0.010323828322780997,23,wavelet_trend,0.0
2019-05-30 09:30:00-04:00,,0,-1,0.1720233278428078,-0.1720233278428078,0.1720233278428078,0.47559127108245386,0,0.009900800199026833,23,wavelet_trend,0.0
2019-05-30 12:30:00-04:00,,0,-1,0.26608141242810823,-0.26608141242810823,0.26608141242810823,0.47559127108245386,0,0.009637495005676186,23,wavelet_trend,0.0
2019-05-31 09:30:00-04:00,,0,-1,0.3816819351005208,-0.3816819351005208,0.3816819351005208,0.47559127108245386,0,0.01053163294872362,23,wavelet_trend,0.0
2019-06-03 09:30:00-04:00,,0,-1,0.12108347274509161,-0.12108347274509161,0.12108347274509161,0.4922103884465585,0,0.010349783083793886,23,wavelet_trend,0.0
2019-06-03 11:30:00-04:00,,0,-1,0.3675149286556263,-0.3675149286556263,0.3675149286556263,0.4922103884465585,0,0.010399481464480788,23,wavelet_trend,0.0
2019-06-03 13:30:00-04:00,,0,-1,0.13393302932449977,-0.13393302932449977,0.13393302932449977,0.4922103884465585,0,0.010627630259217655,23,wavelet_trend,0.0
2019-06-04 09:30:00-04:00,,1,1,0.05602463489829435,0.05602463489829435,0.05602463489829435,0.5981001096090618,1,0.011959783326760126,23,wavelet_trend,1.0
2019-06-04 14:30:00-04:00,,1,1,0.30811422255441767,0.30811422255441767,0.30811422255441767,0.4922103884465585,0,0.011485460283067033,23,wavelet_trend,0.0
2019-06-06 09:30:00-04:00,,1,1,0.2686251839012664,0.2686251839012664,0.2686251839012664,0.4960656178283257,0,0.01116389481541439,24,wavelet_trend,0.0
2019-06-06 14:30:00-04:00,,1,1,0.06683422628355046,0.06683422628355046,0.06683422628355046,0.49331478900507936,0,0.010761299881963313,24,wavelet_trend,0.0
2019-06-07 11:30:00-04:00,,1,1,0.14644409523281,0.14644409523281,0.14644409523281,0.5002217666529288,1,0.010385389980220833,24,wavelet_trend,1.0
2019-06-10 09:30:00-04:00,,1,1,0.26784163795348365,0.26784163795348365,0.26784163795348365,0.5035672956360748,1,0.01103135627447499,24,wavelet_trend,1.0
2019-06-11 11:30:00-04:00,,1,1,0.03125276097094345,0.03125276097094345,0.03125276097094345,0.4976969777054473,0,0.010351434180850536,24,wavelet_trend,0.0
2019-06-13 09:30:00-04:00,,1,1,0.058932795200355485,0.058932795200355485,0.058932795200355485,0.4984451253167573,0,0.009369401592264168,24,wavelet_trend,0.0
2019-06-14 11:30:00-04:00,,1,1,0.12867384845065882,0.12867384845065882,0.12867384845065882,0.4935605880246675,0,0.008626606859763719,24,wavelet_trend,0.0
2019-06-17 09:30:00-04:00,,1,1,0.16042583174974206,0.16042583174974206,0.16042583174974206,0.49674608018935684,0,0.008605657743622885,24,wavelet_trend,0.0
2019-06-18 09:30:00-04:00,,1,1,0.2498415626796422,0.2498415626796422,0.2498415626796422,0.5030862885315266,1,0.010218738867274963,24,wavelet_trend,1.0
2019-06-19 11:30:00-04:00,,1,1,0.16846352251666796,0.16846352251666796,0.16846352251666796,0.5001117770938867,1,0.009350011704510051,24,wavelet_trend,1.0
2019-06-20 09:30:00-04:00,,1,1,0.33893549256280603,0.33893549256280603,0.33893549256280603,0.5029526286864434,1,0.009264569780274472,24,wavelet_trend,1.0
2019-06-21 09:30:00-04:00,,1,1,0.0011775972802529873,0.0011775972802529873,0.0011775972802529873,0.4985083378866581,0,0.009227058357144463,24,wavelet_trend,0.0
2019-06-24 09:30:00-04:00,,0,-1,0.10672851911274364,-0.10672851911274364,0.10672851911274364,0.49593281241086773,0,0.008657346598819254,24,wavelet_trend,0.0
2019-06-24 12:30:00-04:00,,0,-1,0.27843873250250595,-0.27843873250250595,0.27843873250250595,0.48898789449360547,0,0.008401029474598117,24,wavelet_trend,0.0
2019-06-25 09:30:00-04:00,,0,-1,0.42601496568082925,-0.42601496568082925,0.42601496568082925,0.4902157922155931,0,0.008006876585357446,24,wavelet_trend,0.0
2019-06-27 09:30:00-04:00,,1,1,0.03515593536567425,0.03515593536567425,0.03515593536567425,0.4945324670012492,0,0.00813142095735823,24,wavelet_trend,0.0
2019-06-27 12:30:00-04:00,,1,1,0.10004685223314996,0.10004685223314996,0.10004685223314996,0.49517522744538234,0,0.008012472700582807,24,wavelet_trend,0.0
2019-06-28 09:30:00-04:00,,1,1,0.4125410575058509,0.4125410575058509,0.4125410575058509,0.49886905335550086,0,0.008344987393146774,24,wavelet_trend,0.0
2019-06-28 13:30:00-04:00,,1,1,0.5617588847716908,0.5617588847716908,0.5617588847716908,0.4949405293860803,0,0.007981446565017649,24,wavelet_trend,0.0
2019-07-01 09:30:00-04:00,,1,1,0.6838096653170256,0.6838096653170256,0.6838096653170256,0.5011631043175931,1,0.00792460645992127,24,wavelet_trend,1.0
2019-07-01 13:30:00-04:00,,1,1,0.33267719023835374,0.33267719023835374,0.33267719023835374,0.49830115874377456,0,0.00784592710563292,24,wavelet_trend,0.0
2019-07-02 10:30:00-04:00,,1,1,0.15590717882347485,0.15590717882347485,0.15590717882347485,0.4951194440775041,0,0.007933589576097501,24,wavelet_trend,0.0
2019-07-03 09:30:00-04:00,,1,1,0.05278406125380258,0.05278406125380258,0.05278406125380258,0.4961145815297256,0,0.007741376856214741,24,wavelet_trend,0.0
2019-07-05 09:30:00-04:00,,0,-1,0.10893621751749422,-0.10893621751749422,0.10893621751749422,0.4937204134454291,0,0.007795712631974746,24,wavelet_trend,0.0
2019-07-05 12:30:00-04:00,,1,1,0.046432691661893545,0.046432691661893545,0.046432691661893545,0.4911712976451004,0,0.007624952807947959,24,wavelet_trend,0.0
2019-07-08 10:30:00-04:00,,1,1,0.10191295954784874,0.10191295954784874,0.10191295954784874,0.4942167130201881,0,0.007520257169442229,25,wavelet_trend,0.0
2019-07-09 09:30:00-04:00,,0,-1,0.20739613483259678,-0.20739613483259678,0.20739613483259678,0.49419305896993077,0,0.007170263319310795,25,wavelet_trend,0.0
2019-07-10 11:30:00-04:00,,0,-1,0.03485077855441151,-0.03485077855441151,0.03485077855441151,0.49419851211367516,0,0.006777139098016823,25,wavelet_trend,0.0
2019-07-11 09:30:00-04:00,,0,-1,0.06277993515810397,-0.06277993515810397,0.06277993515810397,0.49420301139654954,0,0.0068871541659003485,25,wavelet_trend,0.0
2019-07-11 13:30:00-04:00,,0,-1,0.08584520371360045,-0.08584520371360045,0.08584520371360045,0.4941927472416824,0,0.006806734998710175,25,wavelet_trend,0.0
2019-07-12 09:30:00-04:00,,1,1,0.08680227302106532,0.08680227302106532,0.08680227302106532,0.49421565232317166,0,0.006831959944855988,25,wavelet_trend,0.0
2019-07-12 14:30:00-04:00,,1,1,0.06829857922417445,0.06829857922417445,0.06829857922417445,0.4942136073618245,0,0.006595502426461995,25,wavelet_trend,0.0
2019-07-15 09:30:00-04:00,,0,-1,0.030535981554838897,-0.030535981554838897,0.030535981554838897,0.4942102035074476,0,0.006697635074995417,25,wavelet_trend,0.0
2019-07-16 09:30:00-04:00,,1,1,0.18689605317097163,0.18689605317097163,0.18689605317097163,0.4942073007283314,0,0.006346785018324028,25,wavelet_trend,0.0
2019-07-16 11:30:00-04:00,,0,-1,0.04213477713009545,-0.04213477713009545,0.04213477713009545,0.4941990807108401,0,0.006390782366973847,25,wavelet_trend,0.0
2019-07-16 12:30:00-04:00,,0,-1,0.014798984127828508,-0.014798984127828508,0.014798984127828508,0.49419583212472545,0,0.006526483793079597,25,wavelet_trend,0.0
2019-07-16 14:30:00-04:00,,0,-1,0.08295941864435413,-0.08295941864435413,0.08295941864435413,0.4941985017528696,0,0.006485553741416509,25,wavelet_trend,0.0
2019-07-17 09:30:00-04:00,,0,-1,0.2843855762315915,-0.2843855762315915,0.2843855762315915,0.49419900579710724,0,0.006707178517592835,25,wavelet_trend,0.0
2019-07-18 09:30:00-04:00,,0,-1,0.1896924338449065,-0.1896924338449065,0.1896924338449065,0.49420054013688774,0,0.006166020514005067,25,wavelet_trend,0.0
2019-07-18 11:30:00-04:00,,0,-1,0.20552239744975045,-0.20552239744975045,0.20552239744975045,0.49419736132513237,0,0.00624578582947549,25,wavelet_trend,0.0
2019-07-19 09:30:00-04:00,,0,-1,0.023156939115387135,-0.023156939115387135,0.023156939115387135,0.4942244830256086,0,0.006054345170872987,25,wavelet_trend,0.0
2019-07-19 14:30:00-04:00,,0,-1,0.047981869279808846,-0.047981869279808846,0.047981869279808846,0.4942102431096559,0,0.0058722157658651,25,wavelet_trend,0.0
2019-07-22 10:30:00-04:00,,0,-1,0.11649458734995533,-0.11649458734995533,0.11649458734995533,0.4942032123116112,0,0.005980283339625988,25,wavelet_trend,0.0
2019-07-23 11:30:00-04:00,,0,-1,0.19271068201879019,-0.19271068201879019,0.19271068201879019,0.4942053858839807,0,0.005562279022000519,25,wavelet_trend,0.0
2019-07-24 11:30:00-04:00,,1,1,0.29564564478168587,0.29564564478168587,0.29564564478168587,0.49420835822886816,0,0.005375598244436272,25,wavelet_trend,0.0
2019-07-24 12:30:00-04:00,,1,1,0.49951411151282826,0.49951411151282826,0.49951411151282826,0.49419558314278805,0,0.005476747431706157,25,wavelet_trend,0.0
2019-07-24 14:30:00-04:00,,1,1,0.5715982465374302,0.5715982465374302,0.5715982465374302,0.49420186801020144,0,0.005573395490526025,25,wavelet_trend,0.0
2019-07-25 09:30:00-04:00,,1,1,0.46134891175285353,0.46134891175285353,0.46134891175285353,0.4942152187806591,0,0.005824947190446663,25,wavelet_trend,0.0
2019-07-25 12:30:00-04:00,,1,1,0.2666780654365241,0.2666780654365241,0.2666780654365241,0.494203309611531,0,0.005922529524171746,25,wavelet_trend,0.0
2019-07-26 09:30:00-04:00,,1,1,0.2611295250694886,0.2611295250694886,0.2611295250694886,0.494210388946014,0,0.006027502753116278,25,wavelet_trend,0.0
2019-07-26 13:30:00-04:00,,1,1,0.18102728613775387,0.18102728613775387,0.18102728613775387,0.4942009739607684,0,0.005861569191495011,25,wavelet_trend,0.0
2019-07-29 09:30:00-04:00,,0,-1,0.19285648340148,-0.19285648340148,0.19285648340148,0.4942086049421591,0,0.006655405446680148,25,wavelet_trend,0.0
2019-07-30 10:30:00-04:00,,1,1,0.16406876809564705,0.16406876809564705,0.16406876809564705,0.49421329980558953,0,0.006611977944632839,25,wavelet_trend,0.0
2019-07-30 13:30:00-04:00,,1,1,0.16771596411667855,0.16771596411667855,0.16771596411667855,0.4942042365959467,0,0.0065530592691212955,25,wavelet_trend,0.0
2019-07-31 09:30:00-04:00,,1,1,0.14171428604997618,0.14171428604997618,0.14171428604997618,0.49423598974915706,0,0.006372550460507562,25,wavelet_trend,0.0
2019-07-31 10:30:00-04:00,,1,1,0.26663692518197296,0.26663692518197296,0.26663692518197296,0.49422769134001104,0,0.00667361995001396,25,wavelet_trend,0.0
2019-07-31 14:30:00-04:00,,1,1,0.2876748466606443,0.2876748466606443,0.2876748466606443,0.4942245650261961,0,0.00671416678377205,25,wavelet_trend,0.0
2019-08-01 09:30:00-04:00,,1,1,0.23382442540335224,0.23382442540335224,0.23382442540335224,0.4942350176841148,0,0.008171458443499608,25,wavelet_trend,0.0
2019-08-01 12:30:00-04:00,,0,-1,0.02482931234086732,-0.02482931234086732,0.02482931234086732,0.4942149470149546,0,0.008627147822439448,25,wavelet_trend,0.0
2019-08-01 13:30:00-04:00,,0,-1,0.2508899771670831,-0.2508899771670831,0.2508899771670831,0.4941991972944939,0,0.009777134029597895,25,wavelet_trend,0.0
2019-08-02 09:30:00-04:00,,0,-1,0.46891837149196436,-0.46891837149196436,0.46891837149196436,0.4941908959964919,0,0.010746101447182538,25,wavelet_trend,0.0
2019-08-05 09:30:00-04:00,,0,-1,0.6389852116274457,-0.6389852116274457,0.6389852116274457,0.4941941333421113,0,0.01485602388742056,25,wavelet_trend,0.0
2019-08-05 13:30:00-04:00,,0,-1,0.7210857695734566,-0.7210857695734566,0.7210857695734566,0.4942047953126482,0,0.014222310723973352,25,wavelet_trend,0.0
2019-08-06 09:30:00-04:00,,0,-1,0.45177548205642315,-0.45177548205642315,0.45177548205642315,0.4946419608281719,0,0.013967168318340197,26,wavelet_trend,0.0
2019-08-06 14:30:00-04:00,,0,-1,0.23387133450718336,-0.23387133450718336,0.23387133450718336,0.49446583625290896,0,0.013398517207635163,26,wavelet_trend,0.0
2019-08-07 09:30:00-04:00,,0,-1,0.3555820672584841,-0.3555820672584841,0.3555820672584841,0.4943607875231117,0,0.013708000136558261,26,wavelet_trend,0.0
2019-08-07 13:30:00-04:00,,1,1,0.0705589112301037,0.0705589112301037,0.0705589112301037,0.4938960502414063,0,0.013252923641511602,26,wavelet_trend,0.0
2019-08-08 09:30:00-04:00,,1,1,0.2841647864632744,0.2841647864632744,0.2841647864632744,0.4935645704610893,0,0.013741889812543718,26,wavelet_trend,0.0
2019-08-08 14:30:00-04:00,,1,1,0.3236575210077296,0.3236575210077296,0.3236575210077296,0.4941867448362477,0,0.012973177971999239,26,wavelet_trend,0.0
2019-08-09 09:30:00-04:00,,1,1,0.11962270907893377,0.11962270907893377,0.11962270907893377,0.49416904327879885,0,0.013536065394792421,26,wavelet_trend,0.0
2019-08-12 09:30:00-04:00,,0,-1,0.015396302008658146,-0.015396302008658146,0.015396302008658146,0.49579004007792415,0,0.013111347332320295,26,wavelet_trend,0.0
2019-08-13 09:30:00-04:00,,0,-1,0.06046245733161287,-0.06046245733161287,0.06046245733161287,0.4959029300686646,0,0.014395406436362557,26,wavelet_trend,0.0
2019-08-13 10:30:00-04:00,,0,-1,0.1710105944683927,-0.1710105944683927,0.1710105944683927,0.49443924553487945,0,0.014754671077990446,26,wavelet_trend,0.0
2019-08-14 09:30:00-04:00,,0,-1,0.22983990229466428,-0.22983990229466428,0.22983990229466428,0.49514743258794075,0,0.015727350876008912,26,wavelet_trend,0.0
2019-08-16 09:30:00-04:00,,0,-1,0.22958030488175432,-0.22958030488175432,0.22958030488175432,0.49547709564538833,0,0.013880208906800813,26,wavelet_trend,0.0
2019-08-16 12:30:00-04:00,,1,1,0.13373169832353193,0.13373169832353193,0.13373169832353193,0.49534602180941306,0,0.013734448928081728,26,wavelet_trend,0.0
2019-08-19 09:30:00-04:00,,1,1,0.30812696476083734,0.30812696476083734,0.30812696476083734,0.4943794575441644,0,0.013850139321952237,26,wavelet_trend,0.0
2019-08-20 09:30:00-04:00,,1,1,0.350671376871052,0.350671376871052,0.350671376871052,0.4952416420937192,0,0.012728365440201497,26,wavelet_trend,0.0
2019-08-21 09:30:00-04:00,,1,1,0.13981183953288778,0.13981183953288778,0.13981183953288778,0.4948401438408071,0,0.012090655265564068,26,wavelet_trend,0.0
2019-08-22 10:30:00-04:00,,0,-1,0.06705437455761205,-0.06705437455761205,0.06705437455761205,0.49478798010161057,0,0.011001397241756422,26,wavelet_trend,0.0
2019-08-22 12:30:00-04:00,,1,1,0.09364439408330442,0.09364439408330442,0.09364439408330442,0.4948225356303098,0,0.010954505396877423,26,wavelet_trend,0.0
2019-08-23 09:30:00-04:00,,1,1,0.006370585906045619,0.006370585906045619,0.006370585906045619,0.4946763328408537,0,0.010550045412001509,26,wavelet_trend,0.0
2019-08-23 10:30:00-04:00,,0,-1,0.13168860255576992,-0.13168860255576992,0.13168860255576992,0.4959226092747576,0,0.011566793058331687,26,wavelet_trend,0.0
2019-08-23 12:30:00-04:00,,0,-1,0.36639837856850854,-0.36639837856850854,0.36639837856850854,0.49671289604481933,0,0.011636786065745362,26,wavelet_trend,0.0
2019-08-26 11:30:00-04:00,,0,-1,0.31047680075898354,-0.31047680075898354,0.31047680075898354,0.49650634695763946,0,0.011090954755176857,26,wavelet_trend,0.0
2019-08-27 10:30:00-04:00,,0,-1,0.403522959969272,-0.403522959969272,0.403522959969272,0.49563861947807886,0,0.011087947208617607,26,wavelet_trend,0.0
2019-08-28 10:30:00-04:00,,1,1,0.140390081783136,0.140390081783136,0.140390081783136,0.4955963282955432,0,0.011179525435573504,26,wavelet_trend,0.0
2019-08-29 09:30:00-04:00,,1,1,0.19052872964708073,0.19052872964708073,0.19052872964708073,0.494657953122407,0,0.012479994188202993,26,wavelet_trend,0.0
2019-09-03 09:30:00-04:00,,1,1,0.02365652115781319,0.02365652115781319,0.02365652115781319,0.4947177065730122,0,0.012063339317148395,26,wavelet_trend,0.0
2019-09-04 09:30:00-04:00,,0,-1,0.11952939210753474,-0.11952939210753474,0.11952939210753474,0.4946674044755741,0,0.011524339177387839,26,wavelet_trend,0.0
2019-09-05 09:30:00-04:00,,1,1,0.20009049528799622,0.20009049528799622,0.20009049528799622,0.48934557421019426,0,0.014386139550676809,27,wavelet_trend,0.0
2019-09-09 10:30:00-04:00,,1,1,0.30222600089026397,0.30222600089026397,0.30222600089026397,0.49079747323150835,0,0.012543721365623473,27,wavelet_trend,0.0
2019-09-10 09:30:00-04:00,,1,1,0.11858887451985972,0.11858887451985972,0.11858887451985972,0.4918419562286326,0,0.011725898916620929,27,wavelet_trend,0.0
2019-09-10 11:30:00-04:00,,1,1,0.2328699135197573,0.2328699135197573,0.2328699135197573,0.4918397380835122,0,0.011983426841165842,27,wavelet_trend,0.0
2019-09-11 09:30:00-04:00,,1,1,0.41096243085847256,0.41096243085847256,0.41096243085847256,0.49045606095901884,0,0.01186013528300371,27,wavelet_trend,0.0
2019-09-11 13:30:00-04:00,,1,1,0.47469888101254765,0.47469888101254765,0.47469888101254765,0.49111280162843934,0,0.01135337404971934,27,wavelet_trend,0.0
2019-09-13 09:30:00-04:00,,1,1,0.41968120091032046,0.41968120091032046,0.41968120091032046,0.48763567318607914,0,0.010251743683090366,27,wavelet_trend,0.0
2019-09-16 10:30:00-04:00,,1,1,0.13527846571334046,0.13527846571334046,0.13527846571334046,0.48842032285477166,0,0.009422941073567162,27,wavelet_trend,0.0
2019-09-17 09:30:00-04:00,,0,-1,0.08519448303326194,-0.08519448303326194,0.08519448303326194,0.4922978191227946,0,0.009642711410730621,27,wavelet_trend,0.0
2019-09-18 10:30:00-04:00,,0,-1,0.12701604642552033,-0.12701604642552033,0.12701604642552033,0.4945944236445504,0,0.009169062146654399,27,wavelet_trend,0.0
2019-09-19 10:30:00-04:00,,0,-1,0.02641912479408959,-0.02641912479408959,0.02641912479408959,0.49429166688561726,0,0.008837799799884798,27,wavelet_trend,0.0
2019-09-19 11:30:00-04:00,,1,1,0.023545473687222384,0.023545473687222384,0.023545473687222384,0.49447860379780906,0,0.009080398997251023,27,wavelet_trend,0.0
2019-09-20 12:30:00-04:00,,0,-1,0.06912908104784461,-0.06912908104784461,0.06912908104784461,0.4977961760277186,0,0.009016977765614366,27,wavelet_trend,0.0
2019-09-23 12:30:00-04:00,,0,-1,0.22010523579022812,-0.22010523579022812,0.22010523579022812,0.49660260611149704,0,0.008349747810337628,27,wavelet_trend,0.0
2019-09-24 09:30:00-04:00,,0,-1,0.15175693455878544,-0.15175693455878544,0.15175693455878544,0.49480494198689545,0,0.008165054290685784,27,wavelet_trend,0.0
2019-09-24 11:30:00-04:00,,0,-1,0.37498103479892725,-0.37498103479892725,0.37498103479892725,0.4997324012284352,0,0.008360551445536159,27,wavelet_trend,0.0
2019-09-24 13:30:00-04:00,,0,-1,0.3428508952693723,-0.3428508952693723,0.3428508952693723,0.49883709037050644,0,0.008697677839046267,27,wavelet_trend,0.0
2019-09-25 10:30:00-04:00,,0,-1,0.18616502888584158,-0.18616502888584158,0.18616502888584158,0.4950868237497748,0,0.008846330377555181,27,wavelet_trend,0.0
2019-09-25 13:30:00-04:00,,0,-1,0.11291935068197452,-0.11291935068197452,0.11291935068197452,0.49682937815184947,0,0.008694869314364877,27,wavelet_trend,0.0
2019-09-26 09:30:00-04:00,,0,-1,0.267781321313521,-0.267781321313521,0.267781321313521,0.49576846450981416,0,0.008851982636306118,27,wavelet_trend,0.0
2019-09-26 12:30:00-04:00,,0,-1,0.1540254086033803,-0.1540254086033803,0.1540254086033803,0.4965520556288132,0,0.008934734857596865,27,wavelet_trend,0.0
2019-09-27 10:30:00-04:00,,1,1,0.06262871694616093,0.06262871694616093,0.06262871694616093,0.4925307381834124,0,0.008549801171823945,27,wavelet_trend,0.0
2019-09-27 11:30:00-04:00,,0,-1,0.022445073674411984,-0.022445073674411984,0.022445073674411984,0.49318954467664783,0,0.008798496263497341,27,wavelet_trend,0.0
2019-09-27 13:30:00-04:00,,0,-1,0.2911240405444463,-0.2911240405444463,0.2911240405444463,0.49727866520762165,0,0.00869162558879153,27,wavelet_trend,0.0
2019-09-30 11:30:00-04:00,,0,-1,0.147458087039807,-0.147458087039807,0.147458087039807,0.4970775771906175,0,0.00839280793734921,27,wavelet_trend,0.0
2019-10-01 11:30:00-04:00,,0,-1,0.30642133604585686,-0.30642133604585686,0.30642133604585686,0.49707684246884215,0,0.008674800248471384,27,wavelet_trend,0.0
2019-10-01 12:30:00-04:00,,0,-1,0.4506788306442054,-0.4506788306442054,0.4506788306442054,0.49863936381388585,0,0.00887723946649219,27,wavelet_trend,0.0
2019-10-02 09:30:00-04:00,,0,-1,0.42528762416383054,-0.42528762416383054,0.42528762416383054,0.5003430261021826,-1,0.009329998321219928,27,wavelet_trend,1.0
2019-10-03 09:30:00-04:00,,0,-1,0.6601406938996337,-0.6601406938996337,0.6601406938996337,0.4998274233097044,0,0.00939845110379,27,wavelet_trend,0.0
2019-10-03 12:30:00-04:00,,0,-1,0.41651568310419024,-0.41651568310419024,0.41651568310419024,0.49712745373384337,0,0.00960320847508796,27,wavelet_trend,0.0
2019-10-04 12:30:00-04:00,,1,1,0.1461603165098121,0.1461603165098121,0.1461603165098121,0.4790088347502927,0,0.0091256535505848,28,wavelet_trend,0.0
2019-10-08 09:30:00-04:00,,0,-1,0.0779171609863057,-0.0779171609863057,0.0779171609863057,0.5058125866088621,-1,0.010197036643805323,28,wavelet_trend,1.0
2019-10-09 14:30:00-04:00,,0,-1,0.19268666749610944,-0.19268666749610944,0.19268666749610944,0.5022971527200828,-1,0.009217660642135883,28,wavelet_trend,1.0
2019-10-10 10:30:00-04:00,,0,-1,0.08800255032178007,-0.08800255032178007,0.08800255032178007,0.48365208370792406,0,0.009192327877377138,28,wavelet_trend,0.0
2019-10-11 09:30:00-04:00,,1,1,0.33366166568418676,0.33366166568418676,0.33366166568418676,0.46769412931448495,0,0.01320409472730735,28,wavelet_trend,0.0
2019-10-15 09:30:00-04:00,,1,1,0.26964662948378126,0.26964662948378126,0.26964662948378126,0.4980675246818645,0,0.012450440903525286,28,wavelet_trend,0.0
2019-10-17 09:30:00-04:00,,1,1,0.30742406057472427,0.30742406057472427,0.30742406057472427,0.4963127755629885,0,0.01114928903288302,28,wavelet_trend,0.0
2019-10-18 11:30:00-04:00,,0,-1,0.016784901221023392,-0.016784901221023392,0.016784901221023392,0.4910204782101502,0,0.010474743991344506,28,wavelet_trend,0.0
2019-10-18 13:30:00-04:00,,1,1,0.10559532941201373,0.10559532941201373,0.10559532941201373,0.48813966479409615,0,0.010472475844706891,28,wavelet_trend,0.0
2019-10-21 09:30:00-04:00,,1,1,0.25719825386151973,0.25719825386151973,0.25719825386151973,0.47764370424927494,0,0.010946943034994362,28,wavelet_trend,0.0
2019-10-24 09:30:00-04:00,,0,-1,0.04902861462986115,-0.04902861462986115,0.04902861462986115,0.4940948459541076,0,0.008836925932103674,28,wavelet_trend,0.0
2019-10-25 09:30:00-04:00,,1,1,0.0433152952883015,0.0433152952883015,0.0433152952883015,0.47854404845421805,0,0.008468589710061246,28,wavelet_trend,0.0
2019-10-28 09:30:00-04:00,,1,1,0.27548299775235147,0.27548299775235147,0.27548299775235147,0.47807598809702817,0,0.009038297332199513,28,wavelet_trend,0.0
2019-10-29 11:30:00-04:00,,1,1,0.2795138337955182,0.2795138337955182,0.2795138337955182,0.48521751727947293,0,0.008340566161810814,28,wavelet_trend,0.0
2019-10-30 09:30:00-04:00,,1,1,0.10840976657626161,0.10840976657626161,0.10840976657626161,0.48971878509171646,0,0.008106855588637541,28,wavelet_trend,0.0
2019-10-30 14:30:00-04:00,,0,-1,0.02450171143335345,-0.02450171143335345,0.02450171143335345,0.49106410038474,0,0.007829358029879012,28,wavelet_trend,0.0
2019-10-31 09:30:00-04:00,,0,-1,0.23222418729623548,-0.23222418729623548,0.23222418729623548,0.5156253046575883,-1,0.009002778201045641,28,wavelet_trend,1.0
2019-11-01 09:30:00-04:00,,1,1,0.0451518642272932,0.0451518642272932,0.0451518642272932,0.49080027541676047,0,0.009870142431685904,28,wavelet_trend,0.0
2019-11-04 09:30:00-05:00,,1,1,0.2492013595962734,0.2492013595962734,0.2492013595962734,0.4816834841843529,0,0.009132260522115599,29,wavelet_trend,0.0
2019-11-06 09:30:00-05:00,,1,1,0.08322735455748323,0.08322735455748323,0.08322735455748323,0.4944820896522612,0,0.007980851163344679,29,wavelet_trend,0.0
2019-11-07 09:30:00-05:00,,1,1,0.08989809969204463,0.08989809969204463,0.08989809969204463,0.4866103639676168,0,0.008051848010108253,29,wavelet_trend,0.0
2019-11-07 14:30:00-05:00,,0,-1,0.10222513845893398,-0.10222513845893398,0.10222513845893398,0.49890448551929717,0,0.007812905647074878,29,wavelet_trend,0.0
2019-11-08 14:30:00-05:00,,1,1,0.1132847279698245,0.1132847279698245,0.1132847279698245,0.49201479721253,0,0.007148076888208479,29,wavelet_trend,0.0
2019-11-11 10:30:00-05:00,,0,-1,0.007397178090769348,-0.007397178090769348,0.007397178090769348,0.4949265657149239,0,0.007129474118546592,29,wavelet_trend,0.0
2019-11-12 09:30:00-05:00,,1,1,0.16825574090233145,0.16825574090233145,0.16825574090233145,0.4888913642853092,0,0.006924517297774143,29,wavelet_trend,0.0
2019-11-12 13:30:00-05:00,,0,-1,0.009392990202568148,-0.009392990202568148,0.009392990202568148,0.49356383054435593,0,0.006709566571758239,29,wavelet_trend,0.0
2019-11-13 09:30:00-05:00,,0,-1,0.1968884200376867,-0.1968884200376867,0.1968884200376867,0.5146217175544622,-1,0.007117696617765499,29,wavelet_trend,1.0
2019-11-13 11:30:00-05:00,,0,-1,0.07026120676893487,-0.07026120676893487,0.07026120676893487,0.504551134657058,-1,0.007038179780285874,29,wavelet_trend,1.0
2019-11-14 09:30:00-05:00,,1,1,0.0046249609764985895,0.0046249609764985895,0.0046249609764985895,0.4905264537510655,0,0.006826222818475285,29,wavelet_trend,0.0
2019-11-14 13:30:00-05:00,,0,-1,0.13412804499142686,-0.13412804499142686,0.13412804499142686,0.49848349235546163,0,0.0065931415733799965,29,wavelet_trend,0.0
2019-11-15 10:30:00-05:00,,1,1,0.01483252698741012,0.01483252698741012,0.01483252698741012,0.4817632916579539,0,0.006374104119088642,29,wavelet_trend,0.0
2019-11-18 09:30:00-05:00,,0,-1,0.0338200996736296,-0.0338200996736296,0.0338200996736296,0.49778625774426843,0,0.0062359702067084685,29,wavelet_trend,0.0
2019-11-19 09:30:00-05:00,,1,1,0.1201331616014627,0.1201331616014627,0.1201331616014627,0.4937527091709328,0,0.0057822096367005785,29,wavelet_trend,0.0
2019-11-19 13:30:00-05:00,,1,1,0.10797787343754844,0.10797787343754844,0.10797787343754844,0.4942751694760681,0,0.005528701924974381,29,wavelet_trend,0.0
2019-11-20 12:30:00-05:00,,0,-1,0.09329771231505206,-0.09329771231505206,0.09329771231505206,0.5103914963095972,-1,0.006676123030790072,29,wavelet_trend,1.0
2019-11-20 13:30:00-05:00,,1,1,0.016600242703739183,0.016600242703739183,0.016600242703739183,0.4961090978541758,0,0.006973894921723745,29,wavelet_trend,0.0
2019-11-21 09:30:00-05:00,,0,-1,0.15560984417180818,-0.15560984417180818,0.15560984417180818,0.5016786572276932,-1,0.007398503451775918,29,wavelet_trend,1.0
2019-11-22 11:30:00-05:00,,0,-1,0.15747512080863574,-0.15747512080863574,0.15747512080863574,0.49428374899089206,0,0.006678875586759218,29,wavelet_trend,0.0
2019-11-25 09:30:00-05:00,,1,1,0.22404458206162994,0.22404458206162994,0.22404458206162994,0.47374655399858934,0,0.009276022306181669,29,wavelet_trend,0.0
2019-11-25 14:30:00-05:00,,1,1,0.4287599863022257,0.4287599863022257,0.4287599863022257,0.49478794078365634,0,0.008715748545223037,29,wavelet_trend,0.0
2019-11-27 09:30:00-05:00,,1,1,0.4829258486857995,0.4829258486857995,0.4829258486857995,0.4888894786953422,0,0.008288779970667879,29,wavelet_trend,0.0
2019-12-02 09:30:00-05:00,,0,-1,0.2151745790125514,-0.2151745790125514,0.2151745790125514,0.5071771655302706,-1,0.008068750315818898,29,wavelet_trend,1.0
2019-12-03 09:30:00-05:00,,0,-1,0.4487889041878704,-0.4487889041878704,0.4487889041878704,0.5190059326195646,-1,0.008236445909627032,29,wavelet_trend,1.0
2019-12-03 14:30:00-05:00,,0,-1,0.3556622782056548,-0.3556622782056548,0.3556622782056548,0.5096649717063187,-1,0.007890817946912154,29,wavelet_trend,1.0
2019-12-04 09:30:00-05:00,,0,-1,0.183921624388669,-0.183921624388669,0.183921624388669,0.49219802817027564,0,0.008195899714859062,30,wavelet_trend,0.0
2019-12-06 09:30:00-05:00,,1,1,0.3762168170457493,0.3762168170457493,0.3762168170457493,0.48829150181286013,0,0.00873965269893085,30,wavelet_trend,0.0
2019-12-12 09:30:00-05:00,,1,1,0.23090450527816184,0.23090450527816184,0.23090450527816184,0.48424277010823913,0,0.008295515251141342,30,wavelet_trend,0.0
2019-12-12 10:30:00-05:00,,1,1,0.14377379070562238,0.14377379070562238,0.14377379070562238,0.4790590183597497,0,0.008607665322786047,30,wavelet_trend,0.0
2019-12-12 14:30:00-05:00,,1,1,0.17803186749173114,0.17803186749173114,0.17803186749173114,0.48281744304950014,0,0.008485175495884888,30,wavelet_trend,0.0
2019-12-13 10:30:00-05:00,,1,1,0.0033391818496340225,0.0033391818496340225,0.0033391818496340225,0.47959784669855804,0,0.009218355462428827,30,wavelet_trend,0.0
2019-12-16 09:30:00-05:00,,1,1,0.22958468441723287,0.22958468441723287,0.22958468441723287,0.47720802438558957,0,0.0097115573768431,30,wavelet_trend,0.0
2019-12-18 10:30:00-05:00,,1,1,0.245222946210119,0.245222946210119,0.245222946210119,0.49420890248768085,0,0.008114380715998949,30,wavelet_trend,0.0
2019-12-23 09:30:00-05:00,,1,1,0.07974111592980132,0.07974111592980132,0.07974111592980132,0.4925171740612094,0,0.006303363335675807,30,wavelet_trend,0.0
2019-12-23 13:30:00-05:00,,1,1,0.13499920843267715,0.13499920843267715,0.13499920843267715,0.4951901120066871,0,0.006015298734480634,30,wavelet_trend,0.0
2019-12-27 09:30:00-05:00,,0,-1,0.021913798444642096,-0.021913798444642096,0.021913798444642096,0.49234057127097697,0,0.0054857884112043155,30,wavelet_trend,0.0
2019-12-30 09:30:00-05:00,,0,-1,0.24673190353049898,-0.24673190353049898,0.24673190353049898,0.4999246542449917,0,0.005611594833897127,30,wavelet_trend,0.0
2019-12-30 11:30:00-05:00,,0,-1,0.1278292672985218,-0.1278292672985218,0.1278292672985218,0.49619046975094633,0,0.005708072622590815,30,wavelet_trend,0.0
2019-12-31 11:30:00-05:00,,1,1,0.04883831803853128,0.04883831803853128,0.04883831803853128,0.48897200255730733,0,0.00533076227733146,30,wavelet_trend,0.0
2020-01-02 09:30:00-05:00,,0,-1,0.16452534475467595,-0.16452534475467595,0.16452534475467595,0.49756541844982005,0,0.00556043015647227,30,wavelet_trend,0.0
2020-01-02 14:30:00-05:00,,0,-1,0.12957318320405814,-0.12957318320405814,0.12957318320405814,0.49763161368811726,0,0.005347473907762658,30,wavelet_trend,0.0
2020-01-03 09:30:00-05:00,,0,-1,0.14050414560823807,-0.14050414560823807,0.14050414560823807,0.49996655566675935,0,0.006092564246674501,30,wavelet_trend,0.0
2020-01-06 09:30:00-05:00,,0,-1,0.2709154575153967,-0.2709154575153967,0.2709154575153967,0.4929059337086725,0,0.006016847693823653,31,wavelet_trend,0.0
2020-01-06 11:30:00-05:00,,1,1,0.036853237230942026,0.036853237230942026,0.036853237230942026,0.4904061841817926,0,0.006014930787435806,31,wavelet_trend,0.0
2020-01-08 10:30:00-05:00,,1,1,0.04954560447658833,0.04954560447658833,0.04954560447658833,0.48789803087498734,0,0.005279525893195305,31,wavelet_trend,0.0
2020-01-08 14:30:00-05:00,,1,1,0.14097129522078247,0.14097129522078247,0.14097129522078247,0.4884343443331498,0,0.005057575956808274,31,wavelet_trend,0.0
2020-01-09 10:30:00-05:00,,1,1,0.10171178838474103,0.10171178838474103,0.10171178838474103,0.48665368684448096,0,0.005130691525520726,31,wavelet_trend,0.0
2020-01-10 10:30:00-05:00,,1,1,0.018410369419125713,0.018410369419125713,0.018410369419125713,0.4897132473797855,0,0.00492938083019546,31,wavelet_trend,0.0
2020-01-10 12:30:00-05:00,,0,-1,0.018162048801834,-0.018162048801834,0.018162048801834,0.4911861492475445,0,0.004982665843358523,31,wavelet_trend,0.0
2020-01-10 14:30:00-05:00,,0,-1,0.1679304682298386,-0.1679304682298386,0.1679304682298386,0.49257101302186435,0,0.004973007160548424,31,wavelet_trend,0.0
2020-01-13 11:30:00-05:00,,0,-1,0.04947032759518703,-0.04947032759518703,0.04947032759518703,0.4901287088372672,0,0.004866432885135755,31,wavelet_trend,0.0
2020-01-14 10:30:00-05:00,,1,1,0.16720280763825363,0.16720280763825363,0.16720280763825363,0.4874237854339226,0,0.0051503007761995465,31,wavelet_trend,0.0
2020-01-14 12:30:00-05:00,,1,1,0.44081101025530717,0.44081101025530717,0.44081101025530717,0.49024431600474816,0,0.005265297734138399,31,wavelet_trend,0.0
2020-01-14 13:30:00-05:00,,1,1,0.3244516924881945,0.3244516924881945,0.3244516924881945,0.48902251884070613,0,0.005533984401747995,31,wavelet_trend,0.0
2020-01-15 09:30:00-05:00,,1,1,0.4065937320640183,0.4065937320640183,0.4065937320640183,0.4882336178337725,0,0.005542137054010386,31,wavelet_trend,0.0
2020-01-15 14:30:00-05:00,,1,1,0.1946465933291353,0.1946465933291353,0.1946465933291353,0.4872126117166183,0,0.005808003430077228,31,wavelet_trend,0.0
2020-01-16 09:30:00-05:00,,1,1,0.4501926658846042,0.4501926658846042,0.4501926658846042,0.4873406186329497,0,0.0076035151545649025,31,wavelet_trend,0.0
2020-01-21 09:30:00-05:00,,1,1,0.16464769268278326,0.16464769268278326,0.16464769268278326,0.48942638857617443,0,0.006936079470713008,31,wavelet_trend,0.0
2020-01-22 14:30:00-05:00,,0,-1,0.2744113399856773,-0.2744113399856773,0.2744113399856773,0.4923199921816581,0,0.00636944831842317,31,wavelet_trend,0.0
2020-01-23 09:30:00-05:00,,0,-1,0.3005092877885822,-0.3005092877885822,0.3005092877885822,0.4932302626648836,0,0.006460028397092913,31,wavelet_trend,0.0
2020-01-23 12:30:00-05:00,,0,-1,0.12227854007460187,-0.12227854007460187,0.12227854007460187,0.4924688379991557,0,0.0064115943061655795,31,wavelet_trend,0.0
2020-01-23 14:30:00-05:00,,1,1,0.026227068390391857,0.026227068390391857,0.026227068390391857,0.4904667756064273,0,0.006422621379375215,31,wavelet_trend,0.0
2020-01-24 09:30:00-05:00,,0,-1,0.17399406195082995,-0.17399406195082995,0.17399406195082995,0.49280244502683374,0,0.006683715388728605,31,wavelet_trend,0.0
2020-01-24 11:30:00-05:00,,0,-1,0.35823918076155975,-0.35823918076155975,0.35823918076155975,0.49548128375763056,0,0.006902300462382123,31,wavelet_trend,0.0
2020-01-24 13:30:00-05:00,,0,-1,0.43438323078380575,-0.43438323078380575,0.43438323078380575,0.4963580109640779,0,0.006986045003310887,31,wavelet_trend,0.0
2020-01-24 14:30:00-05:00,,0,-1,0.33985508995310315,-0.33985508995310315,0.33985508995310315,0.49594445419598454,0,0.007282787608264246,31,wavelet_trend,0.0
2020-01-27 09:30:00-05:00,,0,-1,0.41712070538948126,-0.41712070538948126,0.41712070538948126,0.4968481663071726,0,0.008039792562648319,31,wavelet_trend,0.0
2020-01-28 09:30:00-05:00,,0,-1,0.2744554158907445,-0.2744554158907445,0.2744554158907445,0.49288758314450654,0,0.008801151148390075,31,wavelet_trend,0.0
2020-01-29 14:30:00-05:00,,1,1,0.001330493184146723,0.001330493184146723,0.001330493184146723,0.4890985203360439,0,0.007608856533558946,31,wavelet_trend,0.0
2020-01-30 09:30:00-05:00,,0,-1,0.0965395510267935,-0.0965395510267935,0.0965395510267935,0.49208800956128274,0,0.007576028860309433,31,wavelet_trend,0.0
2020-01-30 11:30:00-05:00,,0,-1,0.343602457170537,-0.343602457170537,0.343602457170537,0.4937508337783026,0,0.007440326526083409,31,wavelet_trend,0.0
2020-01-30 14:30:00-05:00,,0,-1,0.16647898020740856,-0.16647898020740856,0.16647898020740856,0.49333133339059027,0,0.0075451812158477865,31,wavelet_trend,0.0
2020-01-31 09:30:00-05:00,,0,-1,0.34468456261704367,-0.34468456261704367,0.34468456261704367,0.4936840346406617,0,0.009204987178024588,31,wavelet_trend,0.0
2020-01-31 12:30:00-05:00,,0,-1,0.44256067059324716,-0.44256067059324716,0.44256067059324716,0.496695151589223,0,0.009074965530714716,31,wavelet_trend,0.0
2020-02-03 09:30:00-05:00,,0,-1,0.12599224252062063,-0.12599224252062063,0.12599224252062063,0.4930220188299023,0,0.010490364863245415,31,wavelet_trend,0.0
2020-02-04 09:30:00-05:00,,1,1,0.10148477259143444,0.10148477259143444,0.10148477259143444,0.4865469458359034,0,0.011382946521130949,31,wavelet_trend,0.0
2020-02-05 09:30:00-05:00,,1,1,0.48284380714506536,0.48284380714506536,0.48284380714506536,0.47861955036507703,0,0.01094128372706105,32,wavelet_trend,0.0
2020-02-05 14:30:00-05:00,,1,1,0.48080329136797334,0.48080329136797334,0.48080329136797334,0.4839488674642084,0,0.010265782313610682,32,wavelet_trend,0.0
2020-02-07 09:30:00-05:00,,1,1,0.06140577300498223,0.06140577300498223,0.06140577300498223,0.489623831381483,0,0.009657313269934851,32,wavelet_trend,0.0
2020-02-07 13:30:00-05:00,,0,-1,0.22967730934156816,-0.22967730934156816,0.22967730934156816,0.4996518669458345,0,0.009346456533175387,32,wavelet_trend,0.0
2020-02-10 14:30:00-05:00,,0,-1,0.15401149921408872,-0.15401149921408872,0.15401149921408872,0.49774848790153886,0,0.00843674146899985,32,wavelet_trend,0.0
2020-02-11 09:30:00-05:00,,1,1,0.06360067717250531,0.06360067717250531,0.06360067717250531,0.4838119082455064,0,0.009219917447396616,32,wavelet_trend,0.0
2020-02-12 12:30:00-05:00,,1,1,0.26767766414886285,0.26767766414886285,0.26767766414886285,0.4869378890407798,0,0.008315208262279664,32,wavelet_trend,0.0
2020-02-13 11:30:00-05:00,,1,1,0.117718513934991,0.117718513934991,0.117718513934991,0.48382701042890336,0,0.007729601014505916,32,wavelet_trend,0.0
2020-02-14 11:30:00-05:00,,1,1,0.0507099038267182,0.0507099038267182,0.0507099038267182,0.4886921906615835,0,0.007231136896192069,32,wavelet_trend,0.0
2020-02-18 09:30:00-05:00,,0,-1,0.11164582427648442,-0.11164582427648442,0.11164582427648442,0.49511651772186327,0,0.00701675147991385,32,wavelet_trend,0.0
2020-02-19 10:30:00-05:00,,0,-1,0.0014997094191882083,-0.0014997094191882083,0.0014997094191882083,0.48731147962710575,0,0.0065772267638297055,32,wavelet_trend,0.0
2020-02-20 10:30:00-05:00,,0,-1,0.046691542860786875,-0.046691542860786875,0.046691542860786875,0.4841149511373589,0,0.007217395085955034,32,wavelet_trend,0.0
2020-02-20 12:30:00-05:00,,1,1,0.1548919926281965,0.1548919926281965,0.1548919926281965,0.49171964834353593,0,0.0073638650811028335,32,wavelet_trend,0.0
2020-02-21 09:30:00-05:00,,0,-1,0.05360333648497586,-0.05360333648497586,0.05360333648497586,0.4895667016224322,0,0.008344755613137113,32,wavelet_trend,0.0
2020-02-24 09:30:00-05:00,,0,-1,0.42853172050370386,-0.42853172050370386,0.42853172050370386,0.5064670717360439,-1,0.014586544353484106,32,wavelet_trend,1.0
2020-02-25 09:30:00-05:00,,0,-1,0.578876259920246,-0.578876259920246,0.578876259920246,0.49941575338675287,0,0.014374601523764583,32,wavelet_trend,0.0
2020-02-25 12:30:00-05:00,,0,-1,0.6619548705665501,-0.6619548705665501,0.6619548705665501,0.5023431281282272,-1,0.014008723499487591,32,wavelet_trend,1.0
2020-02-25 13:30:00-05:00,,0,-1,0.770855759842935,-0.770855759842935,0.770855759842935,0.5019108988968569,-1,0.014151846367297301,32,wavelet_trend,1.0
2020-02-26 10:30:00-05:00,,0,-1,0.6043174139903826,-0.6043174139903826,0.6043174139903826,0.4941062623307672,0,0.0141364517830461,32,wavelet_trend,0.0
2020-02-26 11:30:00-05:00,,0,-1,0.3946970161491941,-0.3946970161491941,0.3946970161491941,0.48692752848438203,0,0.014671516599606792,32,wavelet_trend,0.0
2020-02-26 14:30:00-05:00,,0,-1,0.480630555230973,-0.480630555230973,0.480630555230973,0.485913706951842,0,0.014241694234401725,32,wavelet_trend,0.0
2020-02-27 09:30:00-05:00,,0,-1,0.667837892834147,-0.667837892834147,0.667837892834147,0.49741509112832494,0,0.01872459956919378,32,wavelet_trend,0.0
2020-02-27 10:30:00-05:00,,0,-1,0.4980219745419995,-0.4980219745419995,0.4980219745419995,0.4895080722992098,0,0.019747245471724642,32,wavelet_trend,0.0
2020-02-27 11:30:00-05:00,,0,-1,0.28568891080966397,-0.28568891080966397,0.28568891080966397,0.49054855749323006,0,0.020373920625990187,32,wavelet_trend,0.0
2020-02-27 14:30:00-05:00,,0,-1,0.31081909264767255,-0.31081909264767255,0.31081909264767255,0.478273123110793,0,0.019811224428740115,32,wavelet_trend,0.0
2020-02-28 09:30:00-05:00,,0,-1,0.5420067165252721,-0.5420067165252721,0.5420067165252721,0.49858744334978405,0,0.023043840975787662,32,wavelet_trend,0.0
2020-02-28 11:30:00-05:00,,0,-1,0.45146702578995335,-0.45146702578995335,0.45146702578995335,0.4920689688270109,0,0.02328864438364238,32,wavelet_trend,0.0
2020-02-28 14:30:00-05:00,,0,-1,0.5315278557256271,-0.5315278557256271,0.5315278557256271,0.48757829086795207,0,0.022493326498051896,32,wavelet_trend,0.0
2020-03-02 10:30:00-05:00,,0,-1,0.25064087052786815,-0.25064087052786815,0.25064087052786815,0.4754635041267632,0,0.02451258430319986,32,wavelet_trend,0.0
2020-03-03 10:30:00-05:00,,1,1,0.008826313339713746,0.008826313339713746,0.008826313339713746,0.4510118380637024,0,0.02399130550785083,32,wavelet_trend,0.0
2020-03-03 13:30:00-05:00,,1,1,0.03209528784377228,0.03209528784377228,0.03209528784377228,0.45439916931802454,0,0.023558858700375253,32,wavelet_trend,0.0
2020-03-04 09:30:00-05:00,,1,1,0.2583653003320524,0.2583653003320524,0.2583653003320524,0.45185430049504804,0,0.024381541672904707,32,wavelet_trend,0.0
2020-03-04 13:30:00-05:00,,1,1,0.1323634788049767,0.1323634788049767,0.1323634788049767,0.45222563851291825,0,0.023613678779577547,32,wavelet_trend,0.0
2020-03-05 09:30:00-05:00,,0,-1,0.017746658019948854,-0.017746658019948854,0.017746658019948854,0.4573910237606677,0,0.024526128128068914,32,wavelet_trend,0.0
2020-03-05 13:30:00-05:00,,0,-1,0.17414921568089445,-0.17414921568089445,0.17414921568089445,0.4639388258514372,0,0.023904362311635476,32,wavelet_trend,0.0
2020-03-06 10:30:00-05:00,,0,-1,0.16744316567899542,-0.16744316567899542,0.16744316567899542,0.4876475739591624,0,0.02371758322434114,33,wavelet_trend,0.0
2020-03-06 14:30:00-05:00,,0,-1,0.4308800677925895,-0.4308800677925895,0.4308800677925895,0.48742094960298654,0,0.02267738579645428,33,wavelet_trend,0.0
2020-03-09 09:30:00-04:00,,0,-1,0.5114638465906075,-0.5114638465906075,0.5114638465906075,0.4873932951885191,0,0.03656956587054861,33,wavelet_trend,0.0
2020-03-09 13:30:00-04:00,,0,-1,0.5386670351889846,-0.5386670351889846,0.5386670351889846,0.48747959810544855,0,0.03533030924849641,33,wavelet_trend,0.0
2020-03-10 10:30:00-04:00,,0,-1,0.5438946310009438,-0.5438946310009438,0.5438946310009438,0.48773100124637575,0,0.037319118857936796,33,wavelet_trend,0.0
2020-03-10 14:30:00-04:00,,0,-1,0.3120044797581634,-0.3120044797581634,0.3120044797581634,0.4877004202515639,0,0.036777448315088175,33,wavelet_trend,0.0
2020-03-11 09:30:00-04:00,,0,-1,0.36249345277810935,-0.36249345277810935,0.36249345277810935,0.4879480736779113,0,0.039058230018948266,33,wavelet_trend,0.0
2020-03-11 14:30:00-04:00,,0,-1,0.26917432994781465,-0.26917432994781465,0.26917432994781465,0.48798216815157286,0,0.03735879278413244,33,wavelet_trend,0.0
2020-03-12 09:30:00-04:00,,0,-1,0.4136163598056092,-0.4136163598056092,0.4136163598056092,0.48740830917827954,0,0.05098413103066834,33,wavelet_trend,0.0
2020-03-13 09:30:00-04:00,,0,-1,0.39674704945791145,-0.39674704945791145,0.39674704945791145,0.48738677453209334,0,0.05091021798973517,33,wavelet_trend,0.0
2020-03-13 10:30:00-04:00,,0,-1,0.5293761579810986,-0.5293761579810986,0.5293761579810986,0.4878585682541596,0,0.05204523612872184,33,wavelet_trend,0.0
2020-03-16 09:30:00-04:00,,0,-1,0.33955610681676074,-0.33955610681676074,0.33955610681676074,0.48822829898628217,0,0.06903008815016372,33,wavelet_trend,0.0
2020-03-16 13:30:00-04:00,,0,-1,0.1610410668667959,-0.1610410668667959,0.1610410668667959,0.4886017508914412,0,0.06771764282073704,33,wavelet_trend,0.0
2020-03-17 11:30:00-04:00,,0,-1,0.18158846771912873,-0.18158846771912873,0.18158846771912873,0.4884647180880309,0,0.06567245398997645,33,wavelet_trend,0.0
2020-03-18 09:30:00-04:00,,0,-1,0.23419826731089993,-0.23419826731089993,0.23419826731089993,0.48884297239269764,0,0.06666881375079431,33,wavelet_trend,0.0
2020-03-18 12:30:00-04:00,,0,-1,0.2858730820210513,-0.2858730820210513,0.2858730820210513,0.4889767649949897,0,0.06552704634364329,33,wavelet_trend,0.0
2020-03-19 09:30:00-04:00,,0,-1,0.09332263709346388,-0.09332263709346388,0.09332263709346388,0.48817623757706924,0,0.06506199331819405,33,wavelet_trend,0.0
2020-03-19 14:30:00-04:00,,1,1,0.023062232766420748,0.023062232766420748,0.023062232766420748,0.4883404810594145,0,0.0634461668467979,33,wavelet_trend,0.0
2020-03-20 14:30:00-04:00,,1,1,0.11666398334403505,0.11666398334403505,0.11666398334403505,0.48860730181506185,0,0.06184479336799171,33,wavelet_trend,0.0
2020-03-23 10:30:00-04:00,,0,-1,0.0890366691559439,-0.0890366691559439,0.0890366691559439,0.4885125128708158,0,0.061455463619547825,33,wavelet_trend,0.0
2020-03-24 09:30:00-04:00,,1,1,0.022069285543568858,0.022069285543568858,0.022069285543568858,0.48857632508178905,0,0.06567306892285024,33,wavelet_trend,0.0
2020-03-25 11:30:00-04:00,,1,1,0.2481261477507641,0.2481261477507641,0.2481261477507641,0.4885369380286769,0,0.06057610992919869,33,wavelet_trend,0.0
2020-03-26 09:30:00-04:00,,1,1,0.40221714669671904,0.40221714669671904,0.40221714669671904,0.4886322996649062,0,0.06042637380119166,33,wavelet_trend,0.0
2020-03-27 09:30:00-04:00,,1,1,0.11719545374509885,0.11719545374509885,0.11719545374509885,0.4882285968594533,0,0.05791914859874001,33,wavelet_trend,0.0
2020-03-31 14:30:00-04:00,,0,-1,0.03560798793764962,-0.03560798793764962,0.03560798793764962,0.48771657037408095,0,0.046992989609198205,33,wavelet_trend,0.0
2020-04-01 09:30:00-04:00,,0,-1,0.1590543277339329,-0.1590543277339329,0.1590543277339329,0.4876394842941332,0,0.04971761512091431,33,wavelet_trend,0.0
2020-04-01 14:30:00-04:00,,0,-1,0.24117887697646792,-0.24117887697646792,0.24117887697646792,0.4874560039182183,0,0.04681935422879211,33,wavelet_trend,0.0
2020-04-03 10:30:00-04:00,,0,-1,0.30627337876570326,-0.30627337876570326,0.30627337876570326,0.48780229365598254,0,0.04263503503990688,33,wavelet_trend,0.0
2020-04-06 09:30:00-04:00,,1,1,0.1620499909777675,0.1620499909777675,0.1620499909777675,0.49029715982867955,0,0.04766239015252242,34,wavelet_trend,0.0
2020-04-07 09:30:00-04:00,,1,1,0.26935504097822316,0.26935504097822316,0.26935504097822316,0.47959528716120525,0,0.04464548068924736,34,wavelet_trend,0.0
2020-04-07 14:30:00-04:00,,1,1,0.3188396646361365,0.3188396646361365,0.3188396646361365,0.48032846902884235,0,0.04268946309774187,34,wavelet_trend,0.0
2020-04-08 10:30:00-04:00,,1,1,0.40916299408701734,0.40916299408701734,0.40916299408701734,0.4817186370698404,0,0.042070134210493916,34,wavelet_trend,0.0
2020-04-09 09:30:00-04:00,,1,1,0.34469401404411165,0.34469401404411165,0.34469401404411165,0.4781393159630827,0,0.041855160156854004,34,wavelet_trend,0.0
2020-04-13 09:30:00-04:00,,1,1,0.2587866865195495,0.2587866865195495,0.2587866865195495,0.4781985201064151,0,0.04028823612414915,34,wavelet_trend,0.0
2020-04-14 09:30:00-04:00,,1,1,0.17863045366983563,0.17863045366983563,0.17863045366983563,0.481385536193949,0,0.03860323933859868,34,wavelet_trend,0.0
2020-04-15 09:30:00-04:00,,0,-1,0.2093600197270811,-0.2093600197270811,0.2093600197270811,0.48184236124610624,0,0.04100155050891024,34,wavelet_trend,0.0
2020-04-16 11:30:00-04:00,,0,-1,0.3073820604104968,-0.3073820604104968,0.3073820604104968,0.49369119787246946,0,0.03686305415131234,34,wavelet_trend,0.0
2020-04-17 09:30:00-04:00,,0,-1,0.07053317354329212,-0.07053317354329212,0.07053317354329212,0.48958948791426543,0,0.03698840993251924,34,wavelet_trend,0.0
2020-04-21 09:30:00-04:00,,1,1,0.12177047166811236,0.12177047166811236,0.12177047166811236,0.4875547553331816,0,0.03213755987512124,34,wavelet_trend,0.0
2020-04-21 10:30:00-04:00,,0,-1,0.007353372049334878,-0.007353372049334878,0.007353372049334878,0.48896075102109177,0,0.032760735038622035,34,wavelet_trend,0.0
2020-04-22 09:30:00-04:00,,0,-1,0.0983353847322887,-0.0983353847322887,0.0983353847322887,0.4889532164306073,0,0.03097887856029065,34,wavelet_trend,0.0
2020-04-23 09:30:00-04:00,,1,1,0.045847235072438326,0.045847235072438326,0.045847235072438326,0.4877212326886067,0,0.029220799569025336,34,wavelet_trend,0.0
2020-04-24 14:30:00-04:00,,1,1,0.19284583872227426,0.19284583872227426,0.19284583872227426,0.48485405811119703,0,0.02555018097722648,34,wavelet_trend,0.0
2020-04-27 09:30:00-04:00,,1,1,0.2718725866225148,0.2718725866225148,0.2718725866225148,0.481045329144169,0,0.02681727865331488,34,wavelet_trend,0.0
2020-04-27 13:30:00-04:00,,1,1,0.2540951001770508,0.2540951001770508,0.2540951001770508,0.4798500756940854,0,0.025449179663973313,34,wavelet_trend,0.0
2020-04-28 09:30:00-04:00,,1,1,0.405405141110802,0.405405141110802,0.405405141110802,0.4780995130418378,0,0.025665362176199788,34,wavelet_trend,0.0
2020-04-29 09:30:00-04:00,,1,1,0.449568544774321,0.449568544774321,0.449568544774321,0.4767856077430513,0,0.027096304097921953,34,wavelet_trend,0.0
2020-04-29 12:30:00-04:00,,1,1,0.445055986484644,0.445055986484644,0.445055986484644,0.4735297727589524,0,0.026176868770034552,34,wavelet_trend,0.0
2020-04-30 09:30:00-04:00,,1,1,0.1756165646877333,0.1756165646877333,0.1756165646877333,0.4762389505604157,0,0.027161662294634806,34,wavelet_trend,0.0
2020-05-01 09:30:00-04:00,,0,-1,0.17097998828989538,-0.17097998828989538,0.17097998828989538,0.48937989073417226,0,0.028816382247844795,34,wavelet_trend,0.0
2020-05-04 10:30:00-04:00,,0,-1,0.5159661055802809,-0.5159661055802809,0.5159661055802809,0.4945704629990336,0,0.02649709274473156,34,wavelet_trend,0.0
2020-05-05 09:30:00-04:00,,0,-1,0.12339588352753475,-0.12339588352753475,0.12339588352753475,0.4887936013080797,0,0.026497258228871546,34,wavelet_trend,0.0
2020-05-05 14:30:00-04:00,,1,1,0.15044379384022116,0.15044379384022116,0.15044379384022116,0.48526203116703726,0,0.025333087383790524,34,wavelet_trend,0.0
2020-05-07 09:30:00-04:00,,1,1,0.11715877465850397,0.11715877465850397,0.11715877465850397,0.4870400413875043,0,0.023484595772260804,35,wavelet_trend,0.0
2020-05-08 09:30:00-04:00,,1,1,0.1864672121699444,0.1864672121699444,0.1864672121699444,0.48200281946216295,0,0.023954967523500438,35,wavelet_trend,0.0
2020-05-11 09:30:00-04:00,,1,1,0.21045144207468539,0.21045144207468539,0.21045144207468539,0.482348818920391,0,0.022758660010437533,35,wavelet_trend,0.0
2020-05-11 12:30:00-04:00,,1,1,0.27149423283786006,0.27149423283786006,0.27149423283786006,0.4851060467260876,0,0.022546450911458217,35,wavelet_trend,0.0
2020-05-12 09:30:00-04:00,,1,1,0.12082753909076817,0.12082753909076817,0.12082753909076817,0.48561872514755633,0,0.022358199187697256,35,wavelet_trend,0.0
2020-05-12 14:30:00-04:00,,0,-1,0.1490771916690834,-0.1490771916690834,0.1490771916690834,0.4923203769179919,0,0.02160976670288765,35,wavelet_trend,0.0
2020-05-13 10:30:00-04:00,,0,-1,0.46544449525760745,-0.46544449525760745,0.46544449525760745,0.49653345140088473,0,0.022821705061125044,35,wavelet_trend,0.0
2020-05-13 11:30:00-04:00,,0,-1,0.45455083676493335,-0.45455083676493335,0.45455083676493335,0.49846435595713856,0,0.023206900046670982,35,wavelet_trend,0.0
2020-05-14 09:30:00-04:00,,0,-1,0.6362915946732042,-0.6362915946732042,0.6362915946732042,0.49799348428220536,0,0.025656938222428583,35,wavelet_trend,0.0
2020-05-14 10:30:00-04:00,,0,-1,0.5001890607045382,-0.5001890607045382,0.5001890607045382,0.4953663379442538,0,0.02649671767282314,35,wavelet_trend,0.0
2020-05-14 12:30:00-04:00,,0,-1,0.3700290468799589,-0.3700290468799589,0.3700290468799589,0.4938785730921542,0,0.02666065916965781,35,wavelet_trend,0.0
2020-05-15 09:30:00-04:00,,0,-1,0.21090157388403055,-0.21090157388403055,0.21090157388403055,0.48642835633803183,0,0.025963198623173065,35,wavelet_trend,0.0
2020-05-18 09:30:00-04:00,,1,1,0.3543932471869939,0.3543932471869939,0.3543932471869939,0.47766956684978823,0,0.02990092972797997,35,wavelet_trend,0.0
2020-05-19 13:30:00-04:00,,1,1,0.38267875974129134,0.38267875974129134,0.38267875974129134,0.4849214173238378,0,0.026279001900923474,35,wavelet_trend,0.0
2020-05-20 09:30:00-04:00,,1,1,0.3675882821990338,0.3675882821990338,0.3675882821990338,0.4847711958269078,0,0.028938193892005044,35,wavelet_trend,0.0
2020-05-26 09:30:00-04:00,,1,1,0.23598428603697946,0.23598428603697946,0.23598428603697946,0.4807893564072105,0,0.026709022618505603,35,wavelet_trend,0.0
2020-05-27 12:30:00-04:00,,1,1,0.3554238547133675,0.3554238547133675,0.3554238547133675,0.4833528301789144,0,0.024183137833412343,35,wavelet_trend,0.0
2020-05-28 10:30:00-04:00,,1,1,0.41941610985239874,0.41941610985239874,0.41941610985239874,0.47901195530109514,0,0.022788024665603424,35,wavelet_trend,0.0
2020-05-28 14:30:00-04:00,,1,1,0.038780306460981406,0.038780306460981406,0.038780306460981406,0.48166287911786476,0,0.0222029380888521,35,wavelet_trend,0.0
2020-05-29 09:30:00-04:00,,0,-1,0.09232846203166062,-0.09232846203166062,0.09232846203166062,0.4877755261165164,0,0.02276592934976486,35,wavelet_trend,0.0
2020-06-01 09:30:00-04:00,,0,-1,0.08753035140167205,-0.08753035140167205,0.08753035140167205,0.48828147942750005,0,0.021513212374620946,35,wavelet_trend,0.0
2020-06-03 09:30:00-04:00,,1,1,0.3057211478765624,0.3057211478765624,0.3057211478765624,0.48236264299128606,0,0.020870439019404684,35,wavelet_trend,0.0
2020-06-04 10:30:00-04:00,,1,1,0.2044859448640567,0.2044859448640567,0.2044859448640567,0.48286001248971966,0,0.01921607380878723,35,wavelet_trend,0.0
2020-06-05 09:30:00-04:00,,1,1,0.4141390077699874,0.4141390077699874,0.4141390077699874,0.48151611497455205,0,0.024523595823643805,36,wavelet_trend,0.0
2020-06-08 10:30:00-04:00,,1,1,0.36689213190771897,0.36689213190771897,0.36689213190771897,0.4803770815924411,0,0.023170778495876367,36,wavelet_trend,0.0
2020-06-09 09:30:00-04:00,,1,1,0.27141024337229486,0.27141024337229486,0.27141024337229486,0.48433001183783825,0,0.023114373727487907,36,wavelet_trend,0.0
2020-06-10 09:30:00-04:00,,0,-1,0.17442720175437582,-0.17442720175437582,0.17442720175437582,0.4893777227740899,0,0.023862505657914267,36,wavelet_trend,0.0
2020-06-11 09:30:00-04:00,,0,-1,0.4671559602348949,-0.4671559602348949,0.4671559602348949,0.4920843375477474,0,0.02906994757223473,36,wavelet_trend,0.0
2020-06-11 11:30:00-04:00,,0,-1,0.4921344168773866,-0.4921344168773866,0.4921344168773866,0.49564105486614907,0,0.028807098601510116,36,wavelet_trend,0.0
2020-06-12 09:30:00-04:00,,0,-1,0.48455113018324153,-0.48455113018324153,0.48455113018324153,0.49304811871522586,0,0.029363973068702826,36,wavelet_trend,0.0
2020-06-15 11:30:00-04:00,,0,-1,0.01739924902132732,-0.01739924902132732,0.01739924902132732,0.48327745486677,0,0.029319247129817358,36,wavelet_trend,0.0
2020-06-15 13:30:00-04:00,,1,1,0.192233754275901,0.192233754275901,0.192233754275901,0.48560358402290094,0,0.029001075574578407,36,wavelet_trend,0.0
2020-06-16 09:30:00-04:00,,1,1,0.3967670910217579,0.3967670910217579,0.3967670910217579,0.4762290133662361,0,0.03168939931862836,36,wavelet_trend,0.0
2020-06-17 09:30:00-04:00,,1,1,0.2319840715748964,0.2319840715748964,0.2319840715748964,0.47832914895212675,0,0.029961203387371595,36,wavelet_trend,0.0
2020-06-19 12:30:00-04:00,,0,-1,0.05591248467465251,-0.05591248467465251,0.05591248467465251,0.4893657834969442,0,0.025016935317118495,36,wavelet_trend,0.0
2020-06-24 09:30:00-04:00,,0,-1,0.05666618153098217,-0.05666618153098217,0.05666618153098217,0.48637714949509875,0,0.0216936090049739,36,wavelet_trend,0.0
2020-06-24 10:30:00-04:00,,0,-1,0.13794576904693304,-0.13794576904693304,0.13794576904693304,0.4884024661202032,0,0.02238470788030357,36,wavelet_trend,0.0
2020-06-25 09:30:00-04:00,,0,-1,0.12032969239049726,-0.12032969239049726,0.12032969239049726,0.48939630470467954,0,0.021163712584419365,36,wavelet_trend,0.0
2020-06-25 14:30:00-04:00,,0,-1,0.20053943238222077,-0.20053943238222077,0.20053943238222077,0.4894614571057283,0,0.020798754804630615,36,wavelet_trend,0.0
2020-06-26 09:30:00-04:00,,0,-1,0.27663735197642914,-0.27663735197642914,0.27663735197642914,0.48584048094664817,0,0.021593531956791038,36,wavelet_trend,0.0
2020-06-29 09:30:00-04:00,,1,1,0.09210335693274707,0.09210335693274707,0.09210335693274707,0.4825892575304804,0,0.022960713880654876,36,wavelet_trend,0.0
2020-06-30 10:30:00-04:00,,1,1,0.1266148361875029,0.1266148361875029,0.1266148361875029,0.47976178709855416,0,0.02162083653996593,36,wavelet_trend,0.0
2020-07-01 10:30:00-04:00,,1,1,0.24799479344940173,0.24799479344940173,0.24799479344940173,0.48056625706615047,0,0.02062004193000028,36,wavelet_trend,0.0
2020-07-02 09:30:00-04:00,,1,1,0.16946558162395567,0.16946558162395567,0.16946558162395567,0.48086842271710345,0,0.01996101087102441,36,wavelet_trend,0.0
2020-07-07 09:30:00-04:00,,0,-1,0.008761482014967457,-0.008761482014967457,0.008761482014967457,0.4866855309803737,0,0.017188495193133525,37,wavelet_trend,0.0
2020-07-07 14:30:00-04:00,,0,-1,0.11161559396966603,-0.11161559396966603,0.11161559396966603,0.49227521759935355,0,0.016439128922596132,37,wavelet_trend,0.0
2020-07-08 10:30:00-04:00,,0,-1,0.17455268370049934,-0.17455268370049934,0.17455268370049934,0.4903181963879831,0,0.01648934043422807,37,wavelet_trend,0.0
2020-07-08 14:30:00-04:00,,0,-1,0.14902351466814576,-0.14902351466814576,0.14902351466814576,0.4910435402632703,0,0.016096369832145185,37,wavelet_trend,0.0
2020-07-09 09:30:00-04:00,,0,-1,0.22443285324884982,-0.22443285324884982,0.22443285324884982,0.4871580110236947,0,0.016761638739903884,37,wavelet_trend,0.0
2020-07-09 10:30:00-04:00,,0,-1,0.33293509894436657,-0.33293509894436657,0.33293509894436657,0.49037999155970824,0,0.01736339097741226,37,wavelet_trend,0.0
2020-07-09 13:30:00-04:00,,0,-1,0.18036186847678096,-0.18036186847678096,0.18036186847678096,0.492394741977091,0,0.016981968369516025,37,wavelet_trend,0.0
2020-07-10 10:30:00-04:00,,0,-1,0.016960769446538612,-0.016960769446538612,0.016960769446538612,0.48644390349500877,0,0.0166001091750112,37,wavelet_trend,0.0
2020-07-13 09:30:00-04:00,,1,1,0.07474762384639812,0.07474762384639812,0.07474762384639812,0.4844590393189349,0,0.015720826413644175,37,wavelet_trend,0.0
2020-07-13 12:30:00-04:00,,1,1,0.416577205745401,0.416577205745401,0.416577205745401,0.4899870885725068,0,0.015750707367248196,37,wavelet_trend,0.0
2020-07-13 14:30:00-04:00,,1,1,0.10371783509452669,0.10371783509452669,0.10371783509452669,0.4846466764310397,0,0.0166723440461243,37,wavelet_trend,0.0
2020-07-14 13:30:00-04:00,,1,1,0.006492728573174442,0.006492728573174442,0.006492728573174442,0.49052242383324435,0,0.016232262236548615,37,wavelet_trend,0.0
2020-07-15 09:30:00-04:00,,1,1,0.2721418938158228,0.2721418938158228,0.2721418938158228,0.48249265989098283,0,0.020447842212851217,37,wavelet_trend,0.0
2020-07-16 11:30:00-04:00,,1,1,0.31588355318753647,0.31588355318753647,0.31588355318753647,0.48263773779644265,0,0.018582189523189116,37,wavelet_trend,0.0
2020-07-17 11:30:00-04:00,,1,1,0.04333116066564043,0.04333116066564043,0.04333116066564043,0.48453758042918144,0,0.01712075837690402,37,wavelet_trend,0.0
2020-07-20 11:30:00-04:00,,0,-1,0.06303445331594577,-0.06303445331594577,0.06303445331594577,0.4899208213817352,0,0.015810638744979996,37,wavelet_trend,0.0
2020-07-21 09:30:00-04:00,,1,1,0.12052375998738882,0.12052375998738882,0.12052375998738882,0.48461839506179244,0,0.015408256712743406,37,wavelet_trend,0.0
2020-07-22 13:30:00-04:00,,1,1,0.16979331787761495,0.16979331787761495,0.16979331787761495,0.49069006960606,0,0.013812461213373895,37,wavelet_trend,0.0
2020-07-23 09:30:00-04:00,,1,1,0.22145736860154908,0.22145736860154908,0.22145736860154908,0.4872397203751641,0,0.013392286751695922,37,wavelet_trend,0.0
2020-07-23 13:30:00-04:00,,0,-1,0.06361564791771127,-0.06361564791771127,0.06361564791771127,0.48900794749400184,0,0.013676504295226481,37,wavelet_trend,0.0
2020-07-24 10:30:00-04:00,,0,-1,0.08668866801446157,-0.08668866801446157,0.08668866801446157,0.48955763475398995,0,0.013428821390140651,37,wavelet_trend,0.0
2020-07-27 09:30:00-04:00,,0,-1,0.055555405486459056,-0.055555405486459056,0.055555405486459056,0.4899211807978356,0,0.013097858103762582,37,wavelet_trend,0.0
2020-07-27 14:30:00-04:00,,0,-1,0.14456368285632004,-0.14456368285632004,0.14456368285632004,0.4893790598825878,0,0.012630226903099237,37,wavelet_trend,0.0
2020-07-29 09:30:00-04:00,,1,1,0.1553240012282028,0.1553240012282028,0.1553240012282028,0.48526521624753494,0,0.012241397964652744,37,wavelet_trend,0.0
2020-07-29 14:30:00-04:00,,1,1,0.19553741994464519,0.19553741994464519,0.19553741994464519,0.4867761055720881,0,0.011585721835792909,37,wavelet_trend,0.0
2020-07-30 09:30:00-04:00,,0,-1,0.03572531948454707,-0.03572531948454707,0.03572531948454707,0.48446958980758714,0,0.013187429185738488,37,wavelet_trend,0.0
2020-07-30 11:30:00-04:00,,1,1,0.07462394283013717,0.07462394283013717,0.07462394283013717,0.4841484336119668,0,0.013169092186855804,37,wavelet_trend,0.0
2020-07-31 09:30:00-04:00,,0,-1,0.08343704328170873,-0.08343704328170873,0.08343704328170873,0.4852152668336372,0,0.015001487027980032,37,wavelet_trend,0.0
2020-08-03 10:30:00-04:00,,0,-1,0.04063764114267957,-0.04063764114267957,0.04063764114267957,0.4818483515433521,0,0.014170895068683345,37,wavelet_trend,0.0
2020-08-04 10:30:00-04:00,,1,1,0.13313244867732074,0.13313244867732074,0.13313244867732074,0.48319337314453303,0,0.0133362824287718,37,wavelet_trend,0.0
2020-08-05 09:30:00-04:00,,1,1,0.45033186462737684,0.45033186462737684,0.45033186462737684,0.48363877683581824,0,0.012873642275656925,38,wavelet_trend,0.0
2020-08-05 13:30:00-04:00,,1,1,0.3407813257336708,0.3407813257336708,0.3407813257336708,0.48517216868874324,0,0.012400063676779923,38,wavelet_trend,0.0
2020-08-07 09:30:00-04:00,,1,1,0.35132525147907234,0.35132525147907234,0.35132525147907234,0.4840436050016433,0,0.01156024832194192,38,wavelet_trend,0.0
2020-08-07 13:30:00-04:00,,1,1,0.20107396991574794,0.20107396991574794,0.20107396991574794,0.48502182184866593,0,0.011338502438336994,38,wavelet_trend,0.0
2020-08-10 09:30:00-04:00,,1,1,0.40432966450337215,0.40432966450337215,0.40432966450337215,0.4824811796939849,0,0.012758288876721601,38,wavelet_trend,0.0
2020-08-11 09:30:00-04:00,,1,1,0.4079696756272822,0.4079696756272822,0.4079696756272822,0.48372166862784777,0,0.012101913805473208,38,wavelet_trend,0.0
2020-08-11 14:30:00-04:00,,1,1,0.2379384211099049,0.2379384211099049,0.2379384211099049,0.48555812632463324,0,0.01176714439947341,38,wavelet_trend,0.0
2020-08-12 09:30:00-04:00,,1,1,0.24086568996400554,0.24086568996400554,0.24086568996400554,0.4848874598990402,0,0.012789597012367997,38,wavelet_trend,0.0
2020-08-12 12:30:00-04:00,,0,-1,0.12888791027686133,-0.12888791027686133,0.12888791027686133,0.4886795894884151,0,0.012667392372352298,38,wavelet_trend,0.0
2020-08-14 09:30:00-04:00,,0,-1,0.12118446380720585,-0.12118446380720585,0.12118446380720585,0.48921091432775315,0,0.011065023484245342,38,wavelet_trend,0.0
2020-08-17 10:30:00-04:00,,1,1,0.017393773344777482,0.017393773344777482,0.017393773344777482,0.4851023234571297,0,0.010233374732094208,38,wavelet_trend,0.0
2020-08-18 09:30:00-04:00,,0,-1,0.13656447537092598,-0.13656447537092598,0.13656447537092598,0.4892222051461507,0,0.01087677362658646,38,wavelet_trend,0.0
2020-08-19 10:30:00-04:00,,1,1,0.05564193552366487,0.05564193552366487,0.05564193552366487,0.48466728303861745,0,0.010177809307086737,38,wavelet_trend,0.0
2020-08-19 14:30:00-04:00,,0,-1,0.09674626739152371,-0.09674626739152371,0.09674626739152371,0.48881693116350233,0,0.009758008914640322,38,wavelet_trend,0.0
2020-08-20 10:30:00-04:00,,0,-1,0.21814547017541308,-0.21814547017541308,0.21814547017541308,0.4894981291805377,0,0.009501767215374254,38,wavelet_trend,0.0
2020-08-21 09:30:00-04:00,,0,-1,0.22744565622028368,-0.22744565622028368,0.22744565622028368,0.4918114801747046,0,0.00972066368725515,38,wavelet_trend,0.0
2020-08-24 09:30:00-04:00,,0,-1,0.13468689894505056,-0.13468689894505056,0.13468689894505056,0.4880300512710932,0,0.00949215417950461,38,wavelet_trend,0.0
2020-08-25 10:30:00-04:00,,0,-1,0.040925307768345714,-0.040925307768345714,0.040925307768345714,0.48563311194020303,0,0.008814069594500965,38,wavelet_trend,0.0
2020-08-25 14:30:00-04:00,,1,1,0.28591645618911016,0.28591645618911016,0.28591645618911016,0.48740854144150125,0,0.008444127146400415,38,wavelet_trend,0.0
2020-08-26 13:30:00-04:00,,1,1,0.004040304377997883,0.004040304377997883,0.004040304377997883,0.48949408035226605,0,0.007875190531697749,38,wavelet_trend,0.0
2020-08-27 09:30:00-04:00,,1,1,0.07997840844728006,0.07997840844728006,0.07997840844728006,0.48546727889042707,0,0.007939374667391901,38,wavelet_trend,0.0
2020-08-27 11:30:00-04:00,,0,-1,0.021566762616328148,-0.021566762616328148,0.021566762616328148,0.4881926759959662,0,0.007872536444385193,38,wavelet_trend,0.0
2020-08-27 13:30:00-04:00,,1,1,0.0855337191282249,0.0855337191282249,0.0855337191282249,0.48750471943224377,0,0.007921376271267964,38,wavelet_trend,0.0
2020-08-28 13:30:00-04:00,,1,1,0.08515198498214335,0.08515198498214335,0.08515198498214335,0.48686005944471533,0,0.007443623728602921,38,wavelet_trend,0.0
2020-08-31 09:30:00-04:00,,1,1,0.04763617115238249,0.04763617115238249,0.04763617115238249,0.4847105894493029,0,0.007779179207453942,38,wavelet_trend,0.0
2020-08-31 13:30:00-04:00,,1,1,0.12392422631450693,0.12392422631450693,0.12392422631450693,0.487966114499201,0,0.007686965358126924,38,wavelet_trend,0.0
2020-09-01 09:30:00-04:00,,1,1,0.002576640660870463,0.002576640660870463,0.002576640660870463,0.48553236518170645,0,0.008194149478842762,38,wavelet_trend,0.0
2020-09-02 14:30:00-04:00,,1,1,0.3187511716345077,0.3187511716345077,0.3187511716345077,0.4867039180764089,0,0.007182907721052734,38,wavelet_trend,0.0
2020-09-03 09:30:00-04:00,,1,1,0.009412295664748577,0.009412295664748577,0.009412295664748577,0.4815674550678192,0,0.008975155548843875,39,wavelet_trend,0.0
2020-09-03 10:30:00-04:00,,0,-1,0.125365742965147,-0.125365742965147,0.125365742965147,0.4856805927976885,0,0.010810290336025515,39,wavelet_trend,0.0
2020-09-03 14:30:00-04:00,,0,-1,0.2883584794944383,-0.2883584794944383,0.2883584794944383,0.48687703885067324,0,0.010753492737289446,39,wavelet_trend,0.0
2020-09-04 09:30:00-04:00,,0,-1,0.43913882711558605,-0.43913882711558605,0.43913882711558605,0.48645335856528754,0,0.012647450428508681,39,wavelet_trend,0.0
2020-09-04 11:30:00-04:00,,0,-1,0.37139990072731593,-0.37139990072731593,0.37139990072731593,0.48767259396313223,0,0.013209166161851912,39,wavelet_trend,0.0
2020-09-04 14:30:00-04:00,,0,-1,0.29063192787135517,-0.29063192787135517,0.29063192787135517,0.48640360487413087,0,0.013676200804113987,39,wavelet_trend,0.0
2020-09-08 09:30:00-04:00,,0,-1,0.5069621200669755,-0.5069621200669755,0.5069621200669755,0.48498452678014126,0,0.014251913148006038,39,wavelet_trend,0.0
2020-09-08 12:30:00-04:00,,0,-1,0.1266117804429271,-0.1266117804429271,0.1266117804429271,0.4861876362064559,0,0.014135338601746107,39,wavelet_trend,0.0
2020-09-09 09:30:00-04:00,,0,-1,0.14350270822502645,-0.14350270822502645,0.14350270822502645,0.48247416102934976,0,0.014424506206654975,39,wavelet_trend,0.0
2020-09-09 14:30:00-04:00,,1,1,0.09226283873845617,0.09226283873845617,0.09226283873845617,0.48100859001899576,0,0.01376739811334239,39,wavelet_trend,0.0
2020-09-10 13:30:00-04:00,,0,-1,0.013012503933017758,-0.013012503933017758,0.013012503933017758,0.48392135853138807,0,0.01344580359021711,39,wavelet_trend,0.0
2020-09-11 12:30:00-04:00,,0,-1,0.2337639343852923,-0.2337639343852923,0.2337639343852923,0.48656961844119756,0,0.01322419323521096,39,wavelet_trend,0.0
2020-09-14 09:30:00-04:00,,0,-1,0.04857539722392261,-0.04857539722392261,0.04857539722392261,0.4828648464123909,0,0.015171545757503162,39,wavelet_trend,0.0
2020-09-15 09:30:00-04:00,,1,1,0.24467451536988008,0.24467451536988008,0.24467451536988008,0.48173763608590314,0,0.014002534778446511,39,wavelet_trend,0.0
2020-09-16 09:30:00-04:00,,1,1,0.41619833012144314,0.41619833012144314,0.41619833012144314,0.4821050096318078,0,0.01357062825955638,39,wavelet_trend,0.0
2020-09-16 13:30:00-04:00,,1,1,0.29472969907629637,0.29472969907629637,0.29472969907629637,0.4835838527386127,0,0.013016028686597318,39,wavelet_trend,0.0
2020-09-16 14:30:00-04:00,,1,1,0.17171967300262317,0.17171967300262317,0.17171967300262317,0.4820205200806998,0,0.01336444587185292,39,wavelet_trend,0.0
2020-09-17 09:30:00-04:00,,1,1,0.05614772201348319,0.05614772201348319,0.05614772201348319,0.4841556613640324,0,0.01342878322695356,39,wavelet_trend,0.0
2020-09-18 09:30:00-04:00,,1,1,0.12120358872962674,0.12120358872962674,0.12120358872962674,0.4837318927206481,0,0.013320594623013632,39,wavelet_trend,0.0
2020-09-18 11:30:00-04:00,,0,-1,0.14357305185382252,-0.14357305185382252,0.14357305185382252,0.4843356429085764,0,0.013578024031635674,39,wavelet_trend,0.0
2020-09-18 12:30:00-04:00,,0,-1,0.2930173537912074,-0.2930173537912074,0.2930173537912074,0.48664275520116784,0,0.01400771478178939,39,wavelet_trend,0.0
2020-09-18 14:30:00-04:00,,0,-1,0.18518377946185438,-0.18518377946185438,0.18518377946185438,0.4855875385337615,0,0.013973205496973395,39,wavelet_trend,0.0
2020-09-21 09:30:00-04:00,,0,-1,0.3664738707079489,-0.3664738707079489,0.3664738707079489,0.484899437711006,0,0.020323826415325312,39,wavelet_trend,0.0
2020-09-22 13:30:00-04:00,,0,-1,0.24299027740330753,-0.24299027740330753,0.24299027740330753,0.48672919257235664,0,0.0181823584610745,39,wavelet_trend,0.0
2020-09-23 13:30:00-04:00,,0,-1,0.05501284498399964,-0.05501284498399964,0.05501284498399964,0.4861444900660369,0,0.017185787334374154,39,wavelet_trend,0.0
2020-09-24 11:30:00-04:00,,0,-1,0.16766991290536493,-0.16766991290536493,0.16766991290536493,0.48807335455127593,0,0.016814142004269988,39,wavelet_trend,0.0
2020-09-24 14:30:00-04:00,,0,-1,0.2241898669486895,-0.2241898669486895,0.2241898669486895,0.4870555982680107,0,0.01723270200306088,39,wavelet_trend,0.0
2020-09-25 09:30:00-04:00,,0,-1,0.18063529332790093,-0.18063529332790093,0.18063529332790093,0.48618378513358496,0,0.017292621984351473,39,wavelet_trend,0.0
2020-09-25 14:30:00-04:00,,0,-1,0.03787234400136808,-0.03787234400136808,0.03787234400136808,0.4845644880859701,0,0.01652468628351834,39,wavelet_trend,0.0
2020-09-28 09:30:00-04:00,,1,1,0.24707065297559644,0.24707065297559644,0.24707065297559644,0.48091557014524167,0,0.018169969422948417,39,wavelet_trend,0.0
2020-09-30 09:30:00-04:00,,1,1,0.26931907622732115,0.26931907622732115,0.26931907622732115,0.48209786913089897,0,0.016029766853603276,39,wavelet_trend,0.0
2020-09-30 14:30:00-04:00,,0,-1,0.015704152913727305,-0.015704152913727305,0.015704152913727305,0.48596649779485823,0,0.015409447453458824,39,wavelet_trend,0.0
2020-10-01 11:30:00-04:00,,1,1,0.10081333044946507,0.10081333044946507,0.10081333044946507,0.48311269438354465,0,0.014755198039101016,39,wavelet_trend,0.0
2020-10-02 11:30:00-04:00,,1,1,0.12927352050725696,0.12927352050725696,0.12927352050725696,0.4833650415436541,0,0.013981355511258594,39,wavelet_trend,0.0
2020-10-05 09:30:00-04:00,,1,1,0.4226250462785858,0.4226250462785858,0.4226250462785858,0.47826383770471304,0,0.015075987693754319,40,wavelet_trend,0.0
2020-10-06 09:30:00-04:00,,1,1,0.5083243370106013,0.5083243370106013,0.5083243370106013,0.47825091731853425,0,0.014291068898318953,40,wavelet_trend,0.0
2020-10-06 13:30:00-04:00,,1,1,0.5520871819142678,0.5520871819142678,0.5520871819142678,0.4802554974495932,0,0.013706647569408668,40,wavelet_trend,0.0
2020-10-06 14:30:00-04:00,,1,1,0.2811376582749402,0.2811376582749402,0.2811376582749402,0.47873194178764067,0,0.015895408211694592,40,wavelet_trend,0.0
2020-10-07 09:30:00-04:00,,1,1,0.3577969371434077,0.3577969371434077,0.3577969371434077,0.47800131446198607,0,0.017467994458399812,40,wavelet_trend,0.0
2020-10-08 09:30:00-04:00,,1,1,0.26897913467549855,0.26897913467549855,0.26897913467549855,0.47737319158317293,0,0.01631172576181844,40,wavelet_trend,0.0
2020-10-09 11:30:00-04:00,,1,1,0.19790976709425415,0.19790976709425415,0.19790976709425415,0.4785937369889848,0,0.014630711331515642,40,wavelet_trend,0.0
2020-10-12 14:30:00-04:00,,1,1,0.222082626384058,0.222082626384058,0.222082626384058,0.4811490529779058,0,0.013068460472914663,40,wavelet_trend,0.0
2020-10-13 09:30:00-04:00,,1,1,0.009625759197151099,0.009625759197151099,0.009625759197151099,0.48157734928524243,0,0.013713979526133449,40,wavelet_trend,0.0
2020-10-14 13:30:00-04:00,,0,-1,0.1688009969437788,-0.1688009969437788,0.1688009969437788,0.48628579188531085,0,0.012461020577976944,40,wavelet_trend,0.0
2020-10-15 09:30:00-04:00,,0,-1,0.3220265735400431,-0.3220265735400431,0.3220265735400431,0.48677898226110305,0,0.012512629605927417,40,wavelet_trend,0.0
2020-10-15 11:30:00-04:00,,0,-1,0.06332791695312288,-0.06332791695312288,0.06332791695312288,0.4843137895068214,0,0.012372981230124213,40,wavelet_trend,0.0
2020-10-15 13:30:00-04:00,,0,-1,0.013953468049969303,-0.013953468049969303,0.013953468049969303,0.4838128154142027,0,0.012316751671683146,40,wavelet_trend,0.0
2020-10-19 13:30:00-04:00,,1,1,0.08847517319475277,0.08847517319475277,0.08847517319475277,0.4847474203601976,0,0.010690792867904305,40,wavelet_trend,0.0
2020-10-19 14:30:00-04:00,,0,-1,0.13666219097231977,-0.13666219097231977,0.13666219097231977,0.48734803933561116,0,0.011251949130863022,40,wavelet_trend,0.0
2020-10-20 09:30:00-04:00,,0,-1,0.11985441110076316,-0.11985441110076316,0.11985441110076316,0.48558437812165284,0,0.011327779861013944,40,wavelet_trend,0.0
2020-10-20 14:30:00-04:00,,0,-1,0.20744359643689272,-0.20744359643689272,0.20744359643689272,0.487155255740296,0,0.010989231360315998,40,wavelet_trend,0.0
2020-10-21 12:30:00-04:00,,0,-1,0.2765862646580445,-0.2765862646580445,0.2765862646580445,0.4876069851033278,0,0.010494256862391964,40,wavelet_trend,0.0
2020-10-22 10:30:00-04:00,,1,1,0.03998532042345909,0.03998532042345909,0.03998532042345909,0.4842919321914562,0,0.010494945292869167,40,wavelet_trend,0.0
2020-10-22 14:30:00-04:00,,0,-1,0.019146847077572127,-0.019146847077572127,0.019146847077572127,0.4826215768908086,0,0.010062525498047818,40,wavelet_trend,0.0
2020-10-23 13:30:00-04:00,,1,1,0.26014309149185566,0.26014309149185566,0.26014309149185566,0.48195328066538257,0,0.009737120149990808,40,wavelet_trend,0.0
2020-10-26 09:30:00-04:00,,1,1,0.01950115866341558,0.01950115866341558,0.01950115866341558,0.4808456951228728,0,0.011570322210965558,40,wavelet_trend,0.0
2020-10-26 11:30:00-04:00,,0,-1,0.05261958118252021,-0.05261958118252021,0.05261958118252021,0.48342317802873147,0,0.01156054357991916,40,wavelet_trend,0.0
2020-10-26 12:30:00-04:00,,0,-1,0.24472151473441045,-0.24472151473441045,0.24472151473441045,0.4866904174494437,0,0.011847918537734588,40,wavelet_trend,0.0
2020-10-26 13:30:00-04:00,,0,-1,0.10382583512684754,-0.10382583512684754,0.10382583512684754,0.48721672566195695,0,0.012461629207413873,40,wavelet_trend,0.0
2020-10-27 13:30:00-04:00,,0,-1,0.2781203359737495,-0.2781203359737495,0.2781203359737495,0.4867148294502124,0,0.011559436014809086,40,wavelet_trend,0.0
2020-10-28 09:30:00-04:00,,0,-1,0.5665093066320492,-0.5665093066320492,0.5665093066320492,0.48577037859394506,0,0.01609304775944895,40,wavelet_trend,0.0
2020-10-29 13:30:00-04:00,,0,-1,0.20698772853297231,-0.20698772853297231,0.20698772853297231,0.48592080225066114,0,0.01501492749921089,40,wavelet_trend,0.0
2020-10-30 09:30:00-04:00,,0,-1,0.350917106276127,-0.350917106276127,0.350917106276127,0.4819070575406427,0,0.015310196011711866,40,wavelet_trend,0.0
2020-10-30 14:30:00-04:00,,0,-1,0.1134687666201032,-0.1134687666201032,0.1134687666201032,0.4846378261400365,0,0.014795357189407738,40,wavelet_trend,0.0
2020-11-02 09:30:00-05:00,,1,1,0.08130522016971395,0.08130522016971395,0.08130522016971395,0.479773498095864,0,0.016078546083964265,40,wavelet_trend,0.0
2020-11-03 09:30:00-05:00,,1,1,0.2011833912906149,0.2011833912906149,0.2011833912906149,0.4761351820574404,0,0.017372200605011146,41,wavelet_trend,0.0
2020-11-04 09:30:00-05:00,,1,1,0.5437564344070309,0.5437564344070309,0.5437564344070309,0.4835910159548599,0,0.015843930412132317,41,wavelet_trend,0.0
2020-11-04 14:30:00-05:00,,1,1,0.3445833915962263,0.3445833915962263,0.3445833915962263,0.48483614294612115,0,0.015416589564328417,41,wavelet_trend,0.0
2020-11-05 09:30:00-05:00,,1,1,0.47493906657392926,0.47493906657392926,0.47493906657392926,0.4808957546395247,0,0.017620395470038352,41,wavelet_trend,0.0
2020-11-06 14:30:00-05:00,,1,1,0.15111791374117564,0.15111791374117564,0.15111791374117564,0.48493409959073674,0,0.015366623972109006,41,wavelet_trend,0.0
2020-11-09 09:30:00-05:00,,1,1,0.45384905020288574,0.45384905020288574,0.45384905020288574,0.48113558410594764,0,0.025744573008326558,41,wavelet_trend,0.0
2020-11-10 11:30:00-05:00,,1,1,0.27917004922587235,0.27917004922587235,0.27917004922587235,0.4783364957226178,0,0.023636346741499375,41,wavelet_trend,0.0
2020-11-12 12:30:00-05:00,,0,-1,0.12633461292415812,-0.12633461292415812,0.12633461292415812,0.49440244018044965,0,0.021087386812268034,41,wavelet_trend,0.0
2020-11-13 09:30:00-05:00,,0,-1,0.009032572514669213,-0.009032572514669213,0.009032572514669213,0.48258138283129487,0,0.021053358570279686,41,wavelet_trend,0.0
2020-11-16 09:30:00-05:00,,1,1,0.2409086259889293,0.2409086259889293,0.2409086259889293,0.47661654522700525,0,0.02065993525269036,41,wavelet_trend,0.0
2020-11-17 09:30:00-05:00,,1,1,0.25218349404493534,0.25218349404493534,0.25218349404493534,0.4792687778277313,0,0.02012572038093635,41,wavelet_trend,0.0
2020-11-17 11:30:00-05:00,,1,1,0.1913789045878279,0.1913789045878279,0.1913789045878279,0.47647373659645326,0,0.01983645854009396,41,wavelet_trend,0.0
2020-11-18 10:30:00-05:00,,1,1,0.2782019550669383,0.2782019550669383,0.2782019550669383,0.4760230405142565,0,0.018356028620911728,41,wavelet_trend,0.0
2020-11-20 11:30:00-05:00,,0,-1,0.07251896479067797,-0.07251896479067797,0.07251896479067797,0.489261503049952,0,0.015795254486508887,41,wavelet_trend,0.0
2020-11-23 09:30:00-05:00,,1,1,0.07346216893844681,0.07346216893844681,0.07346216893844681,0.4816832573976145,0,0.015074913493759182,41,wavelet_trend,0.0
2020-11-23 12:30:00-05:00,,1,1,0.27179527626890215,0.27179527626890215,0.27179527626890215,0.483092322392046,0,0.014720989431959647,41,wavelet_trend,0.0
2020-11-24 09:30:00-05:00,,1,1,0.38253083309534536,0.38253083309534536,0.38253083309534536,0.47937180564239085,0,0.015079784106385491,41,wavelet_trend,0.0
2020-11-25 09:30:00-05:00,,1,1,0.3352461572981195,0.3352461572981195,0.3352461572981195,0.4827539845375923,0,0.014667117712583682,41,wavelet_trend,0.0
2020-11-30 09:30:00-05:00,,0,-1,0.16826606520455692,-0.16826606520455692,0.16826606520455692,0.487563114557966,0,0.01385091296784978,41,wavelet_trend,0.0
2020-12-01 09:30:00-05:00,,1,1,0.03396957697795506,0.03396957697795506,0.03396957697795506,0.48224959784390165,0,0.014224434111457152,41,wavelet_trend,0.0
2020-12-02 09:30:00-05:00,,0,-1,0.12400901555782663,-0.12400901555782663,0.12400901555782663,0.4857537317310958,0,0.013327629100407289,41,wavelet_trend,0.0
2020-12-03 09:30:00-05:00,,1,1,0.17133103660558058,0.17133103660558058,0.17133103660558058,0.48167932653697304,0,0.01249228892374177,42,wavelet_trend,0.0
2020-12-04 09:30:00-05:00,,1,1,0.213890252718632,0.213890252718632,0.213890252718632,0.48091202855732157,0,0.01266119651320943,42,wavelet_trend,0.0
2020-12-04 14:30:00-05:00,,1,1,0.41125896114304444,0.41125896114304444,0.41125896114304444,0.48463732149994404,0,0.012040295042143101,42,wavelet_trend,0.0
2020-12-08 10:30:00-05:00,,1,1,0.40664666039773617,0.40664666039773617,0.40664666039773617,0.4849587267536373,0,0.010727183125344647,42,wavelet_trend,0.0
2020-12-08 13:30:00-05:00,,1,1,0.2706832007169086,0.2706832007169086,0.2706832007169086,0.4862222504299092,0,0.01040915747066383,42,wavelet_trend,0.0
2020-12-09 09:30:00-05:00,,1,1,0.32647580416355343,0.32647580416355343,0.32647580416355343,0.4834823266730512,0,0.010413653416300215,42,wavelet_trend,0.0
2020-12-09 12:30:00-05:00,,1,1,0.06292407690374432,0.06292407690374432,0.06292407690374432,0.485562220006034,0,0.011054000856338855,42,wavelet_trend,0.0
2020-12-10 09:30:00-05:00,,1,1,0.13737596432375396,0.13737596432375396,0.13737596432375396,0.4862968289987893,0,0.010686072486194466,42,wavelet_trend,0.0
2020-12-11 09:30:00-05:00,,1,1,0.09189800466000704,0.09189800466000704,0.09189800466000704,0.48597992683142227,0,0.010120831153110302,42,wavelet_trend,0.0
2020-12-11 10:30:00-05:00,,0,-1,0.04619244410503496,-0.04619244410503496,0.04619244410503496,0.48536429683251753,0,0.010465064167801554,42,wavelet_trend,0.0
2020-12-11 14:30:00-05:00,,1,1,0.06040766093289882,0.06040766093289882,0.06040766093289882,0.48652009606789337,0,0.010318491555673128,42,wavelet_trend,0.0
2020-12-14 09:30:00-05:00,,1,1,0.29375147897215265,0.29375147897215265,0.29375147897215265,0.4812285716430597,0,0.011604072143418255,42,wavelet_trend,0.0
2020-12-14 12:30:00-05:00,,1,1,0.070998205381755,0.070998205381755,0.070998205381755,0.4822020073080385,0,0.011534590416232861,42,wavelet_trend,0.0
2020-12-15 09:30:00-05:00,,1,1,0.07882281658073872,0.07882281658073872,0.07882281658073872,0.4786685472489633,0,0.011855254474378412,42,wavelet_trend,0.0
2020-12-15 12:30:00-05:00,,1,1,0.24888054580445493,0.24888054580445493,0.24888054580445493,0.47975032860952066,0,0.01149481650641606,42,wavelet_trend,0.0
2020-12-16 13:30:00-05:00,,1,1,0.12909630485594836,0.12909630485594836,0.12909630485594836,0.4841489777030529,0,0.010621592386178056,42,wavelet_trend,0.0
2020-12-17 09:30:00-05:00,,1,1,0.3056443814455174,0.3056443814455174,0.3056443814455174,0.48098800128865177,0,0.010689165328306554,42,wavelet_trend,0.0
2020-12-18 11:30:00-05:00,,1,1,0.2875224761802361,0.2875224761802361,0.2875224761802361,0.4831725623345851,0,0.009688958683537932,42,wavelet_trend,0.0
2020-12-18 14:30:00-05:00,,1,1,0.1470797098847498,0.1470797098847498,0.1470797098847498,0.4869328061385641,0,0.010207088435575952,42,wavelet_trend,0.0
2020-12-21 09:30:00-05:00,,0,-1,0.1543049897466142,-0.1543049897466142,0.1543049897466142,0.4878881642327387,0,0.012258035767915563,42,wavelet_trend,0.0
2020-12-21 11:30:00-05:00,,0,-1,0.09602735505694997,-0.09602735505694997,0.09602735505694997,0.48503424938199496,0,0.012287948089448119,42,wavelet_trend,0.0
2020-12-21 13:30:00-05:00,,1,1,0.008286929413328621,0.008286929413328621,0.008286929413328621,0.4851544307009419,0,0.012151978892268678,42,wavelet_trend,0.0
2020-12-22 09:30:00-05:00,,1,1,0.0872482437244655,0.0872482437244655,0.0872482437244655,0.4812597500636976,0,0.012329721085889558,42,wavelet_trend,0.0
2020-12-23 09:30:00-05:00,,1,1,0.19454961999709677,0.19454961999709677,0.19454961999709677,0.47883616100245674,0,0.011477317632941042,42,wavelet_trend,0.0
2020-12-28 09:30:00-05:00,,1,1,0.2736843429356455,0.2736843429356455,0.2736843429356455,0.48315807698009955,0,0.01039609438943127,42,wavelet_trend,0.0
2020-12-28 14:30:00-05:00,,1,1,0.044975235144382765,0.044975235144382765,0.044975235144382765,0.4882266036343282,0,0.009916541782472253,42,wavelet_trend,0.0
2020-12-29 09:30:00-05:00,,0,-1,0.27690295446236346,-0.27690295446236346,0.27690295446236346,0.49402109446972814,0,0.012140390295254927,42,wavelet_trend,0.0
2020-12-30 09:30:00-05:00,,0,-1,0.0779037721880794,-0.0779037721880794,0.0779037721880794,0.4867200586237144,0,0.013068156005964936,42,wavelet_trend,0.0
2020-12-31 09:30:00-05:00,,0,-1,0.1899164269621174,-0.1899164269621174,0.1899164269621174,0.48505940482585685,0,0.012075435936698584,42,wavelet_trend,0.0
2021-01-04 10:30:00-05:00,,0,-1,0.06541043682795868,-0.06541043682795868,0.06541043682795868,0.4909457469754914,0,0.012020153638418733,42,wavelet_trend,0.0
2021-01-04 11:30:00-05:00,,0,-1,0.35370387244473067,-0.35370387244473067,0.35370387244473067,0.49284167574477816,0,0.012239446723524488,42,wavelet_trend,0.0
2021-01-04 12:30:00-05:00,,0,-1,0.17862610075639007,-0.17862610075639007,0.17862610075639007,0.49318971507951415,0,0.012742683859043428,42,wavelet_trend,0.0
2021-01-05 09:30:00-05:00,,0,-1,0.07520120921336168,-0.07520120921336168,0.07520120921336168,0.4871601945991909,0,0.012786556500206207,43,wavelet_trend,0.0
2021-01-05 12:30:00-05:00,,1,1,0.03293595946691557,0.03293595946691557,0.03293595946691557,0.48500457652456735,0,0.012400283437658604,43,wavelet_trend,0.0
2021-01-06 09:30:00-05:00,,1,1,0.26628191408399027,0.26628191408399027,0.26628191408399027,0.47893923904437796,0,0.0166442815660581,43,wavelet_trend,0.0
2021-01-06 11:30:00-05:00,,1,1,0.4433326062642545,0.4433326062642545,0.4433326062642545,0.4782977571917631,0,0.016663085426297974,43,wavelet_trend,0.0
2021-01-07 09:30:00-05:00,,1,1,0.6553927299976613,0.6553927299976613,0.6553927299976613,0.4789851031889016,0,0.016901804156540388,43,wavelet_trend,0.0
2021-01-08 12:30:00-05:00,,1,1,0.09870040426443437,0.09870040426443437,0.09870040426443437,0.4844179117066012,0,0.015541779298253455,43,wavelet_trend,0.0
2021-01-12 09:30:00-05:00,,1,1,0.10290569688374454,0.10290569688374454,0.10290569688374454,0.4820623179882757,0,0.014112401474867656,43,wavelet_trend,0.0
2021-01-13 14:30:00-05:00,,1,1,0.10651258655292548,0.10651258655292548,0.10651258655292548,0.4858543300032505,0,0.012473838784606969,43,wavelet_trend,0.0
2021-01-14 09:30:00-05:00,,1,1,0.34860766204421517,0.34860766204421517,0.34860766204421517,0.48349815097462495,0,0.014240033291294208,43,wavelet_trend,0.0
2021-01-15 09:30:00-05:00,,0,-1,0.0655181246760805,-0.0655181246760805,0.0655181246760805,0.4864998662194104,0,0.01595478678062645,43,wavelet_trend,0.0
2021-01-15 12:30:00-05:00,,1,1,0.06630244930500331,0.06630244930500331,0.06630244930500331,0.48482994353511466,0,0.01556866365336075,43,wavelet_trend,0.0
2021-01-19 10:30:00-05:00,,1,1,0.14943121742062015,0.14943121742062015,0.14943121742062015,0.48044325082554457,0,0.014849671195109057,43,wavelet_trend,0.0
2021-01-20 09:30:00-05:00,,1,1,0.06664059571357933,0.06664059571357933,0.06664059571357933,0.47961211071266596,0,0.014191475557330155,43,wavelet_trend,0.0
2021-01-20 11:30:00-05:00,,1,1,0.21659503738531732,0.21659503738531732,0.21659503738531732,0.4814886193648568,0,0.014168303481903056,43,wavelet_trend,0.0
2021-01-21 11:30:00-05:00,,1,1,0.013333473588553274,0.013333473588553274,0.013333473588553274,0.48450523345929697,0,0.013310963710963289,43,wavelet_trend,0.0
2021-01-22 09:30:00-05:00,,0,-1,0.14043163740530026,-0.14043163740530026,0.14043163740530026,0.49147133055998077,0,0.012863082796768125,43,wavelet_trend,0.0
2021-01-22 12:30:00-05:00,,0,-1,0.08516324063223428,-0.08516324063223428,0.08516324063223428,0.48956326183510096,0,0.012439862248577514,43,wavelet_trend,0.0
2021-01-25 09:30:00-05:00,,1,1,0.18088870756490658,0.18088870756490658,0.18088870756490658,0.48296043036326225,0,0.012806063280760116,43,wavelet_trend,0.0
2021-01-25 10:30:00-05:00,,0,-1,0.07145597707935693,-0.07145597707935693,0.07145597707935693,0.484013636445723,0,0.015570038074691504,43,wavelet_trend,0.0
2021-01-27 09:30:00-05:00,,0,-1,0.17573090129753555,-0.17573090129753555,0.17573090129753555,0.4900009307973778,0,0.014484873258935566,43,wavelet_trend,0.0
2021-01-27 12:30:00-05:00,,0,-1,0.004251392719009332,-0.004251392719009332,0.004251392719009332,0.4885272522972373,0,0.014493905415782632,43,wavelet_trend,0.0
2021-01-27 14:30:00-05:00,,0,-1,0.26793516448851773,-0.26793516448851773,0.26793516448851773,0.49086739605001617,0,0.015182204275049401,43,wavelet_trend,0.0
2021-01-28 09:30:00-05:00,,0,-1,0.11329711553458903,-0.11329711553458903,0.11329711553458903,0.4874613962869996,0,0.015373870084541812,43,wavelet_trend,0.0
2021-01-28 10:30:00-05:00,,0,-1,0.296544706201516,-0.296544706201516,0.296544706201516,0.48734560380083203,0,0.016634624695459333,43,wavelet_trend,0.0
2021-01-29 09:30:00-05:00,,0,-1,0.15014144274053118,-0.15014144274053118,0.15014144274053118,0.4854760201280731,0,0.016193159239815885,43,wavelet_trend,0.0
2021-01-29 10:30:00-05:00,,0,-1,0.20915163192728017,-0.20915163192728017,0.20915163192728017,0.48390465430363605,0,0.01649876974549121,43,wavelet_trend,0.0
2021-01-29 13:30:00-05:00,,0,-1,0.24182593209613218,-0.24182593209613218,0.24182593209613218,0.4888933656843404,0,0.016110387390831628,43,wavelet_trend,0.0
2021-02-01 10:30:00-05:00,,0,-1,0.06912889320412272,-0.06912889320412272,0.06912889320412272,0.4856113396771708,0,0.01602116396775988,43,wavelet_trend,0.0
2021-02-01 13:30:00-05:00,,1,1,0.06129298466539153,0.06129298466539153,0.06129298466539153,0.48275086646924503,0,0.015789911349235776,43,wavelet_trend,0.0
2021-02-02 10:30:00-05:00,,1,1,0.20422928838724966,0.20422928838724966,0.20422928838724966,0.4808935021679124,0,0.015376453367784483,43,wavelet_trend,0.0
2021-02-03 13:30:00-05:00,,1,1,0.3301471619316305,0.3301471619316305,0.3301471619316305,0.4862832176580472,0,0.01391192507983538,43,wavelet_trend,0.0
2021-02-04 09:30:00-05:00,,1,1,0.28864030130752794,0.28864030130752794,0.28864030130752794,0.4820676145846843,0,0.013959594417479706,44,wavelet_trend,0.0
2021-02-04 11:30:00-05:00,,1,1,0.38890636351739427,0.38890636351739427,0.38890636351739427,0.48283118977278294,0,0.01384743790776778,44,wavelet_trend,0.0
2021-02-05 10:30:00-05:00,,1,1,0.4041143670303073,0.4041143670303073,0.4041143670303073,0.48166456397471263,0,0.0130266316376704,44,wavelet_trend,0.0
2021-02-08 09:30:00-05:00,,1,1,0.594056836858094,0.594056836858094,0.594056836858094,0.4817653930837087,0,0.014059136681852134,44,wavelet_trend,0.0
2021-02-09 11:30:00-05:00,,1,1,0.4681476398788627,0.4681476398788627,0.4681476398788627,0.4839807063365027,0,0.012684367766484657,44,wavelet_trend,0.0
2021-02-10 09:30:00-05:00,,1,1,0.32403639139604506,0.32403639139604506,0.32403639139604506,0.4858096815501934,0,0.012444781147512927,44,wavelet_trend,0.0
2021-02-11 11:30:00-05:00,,0,-1,0.15690382493049196,-0.15690382493049196,0.15690382493049196,0.4902243130072958,0,0.014464888612813297,44,wavelet_trend,0.0
2021-02-11 12:30:00-05:00,,0,-1,0.054897279083158564,-0.054897279083158564,0.054897279083158564,0.4893056833691979,0,0.014766324985746794,44,wavelet_trend,0.0
2021-02-12 11:30:00-05:00,,1,1,0.022052196913935715,0.022052196913935715,0.022052196913935715,0.48289739944941334,0,0.013743258211868748,44,wavelet_trend,0.0
2021-02-16 09:30:00-05:00,,1,1,0.058193161333669266,0.058193161333669266,0.058193161333669266,0.48207576221797094,0,0.013091531674929519,44,wavelet_trend,0.0
2021-02-16 10:30:00-05:00,,0,-1,0.012865869286579276,-0.012865869286579276,0.012865869286579276,0.48365410747312815,0,0.013483475183513253,44,wavelet_trend,0.0
2021-02-17 09:30:00-05:00,,0,-1,0.15206530263711515,-0.15206530263711515,0.15206530263711515,0.48839937048736326,0,0.013280139100763458,44,wavelet_trend,0.0
2021-02-17 14:30:00-05:00,,0,-1,0.1420930763743281,-0.1420930763743281,0.1420930763743281,0.4894409248932164,0,0.012743345546041202,44,wavelet_trend,0.0
2021-02-18 09:30:00-05:00,,0,-1,0.30595891243381557,-0.30595891243381557,0.30595891243381557,0.4906923384041623,0,0.014315458194533868,44,wavelet_trend,0.0
2021-02-19 09:30:00-05:00,,0,-1,0.07423349410525597,-0.07423349410525597,0.07423349410525597,0.4865520043139971,0,0.015271427236558955,44,wavelet_trend,0.0
2021-02-22 14:30:00-05:00,,1,1,0.14716562495030777,0.14716562495030777,0.14716562495030777,0.4845609366896593,0,0.013616262819516457,44,wavelet_trend,0.0
2021-02-23 09:30:00-05:00,,0,-1,0.0723707499888974,-0.0723707499888974,0.0723707499888974,0.4896569559836284,0,0.01498179675772971,44,wavelet_trend,0.0
2021-02-23 14:30:00-05:00,,0,-1,0.1090488202907106,-0.1090488202907106,0.1090488202907106,0.48893864575154267,0,0.014698498594175676,44,wavelet_trend,0.0
2021-02-24 10:30:00-05:00,,1,1,0.02972947547123435,0.02972947547123435,0.02972947547123435,0.4836250856021445,0,0.015159378992902964,44,wavelet_trend,0.0
2021-02-25 10:30:00-05:00,,1,1,0.03012782575206885,0.03012782575206885,0.03012782575206885,0.4817944637051068,0,0.014326613778798038,44,wavelet_trend,0.0
2021-02-25 11:30:00-05:00,,1,1,0.060964003717358044,0.060964003717358044,0.060964003717358044,0.4841594523011322,0,0.015234613000884618,44,wavelet_trend,0.0
2021-02-25 13:30:00-05:00,,1,1,0.19264759103982476,0.19264759103982476,0.19264759103982476,0.4857760965150433,0,0.015073486215354712,44,wavelet_trend,0.0
2021-02-25 14:30:00-05:00,,0,-1,0.0068206520170841075,-0.0068206520170841075,0.0068206520170841075,0.486389672050663,0,0.0164095467689504,44,wavelet_trend,0.0
2021-02-26 09:30:00-05:00,,0,-1,0.3149894539681707,-0.3149894539681707,0.3149894539681707,0.49011755908458127,0,0.017260555810473636,44,wavelet_trend,0.0
2021-02-26 10:30:00-05:00,,0,-1,0.1134539558174059,-0.1134539558174059,0.1134539558174059,0.488337624102549,0,0.018564550447233163,44,wavelet_trend,0.0
2021-02-26 12:30:00-05:00,,0,-1,0.1501760235474585,-0.1501760235474585,0.1501760235474585,0.4886567979496147,0,0.018582947028551417,44,wavelet_trend,0.0
2021-02-26 13:30:00-05:00,,0,-1,0.2890899683473852,-0.2890899683473852,0.2890899683473852,0.4897354287014716,0,0.01905468860775751,44,wavelet_trend,0.0
2021-03-01 09:30:00-05:00,,0,-1,0.09625102959074006,-0.09625102959074006,0.09625102959074006,0.4839171305176731,0,0.02102326455360177,44,wavelet_trend,0.0
2021-03-02 09:30:00-05:00,,1,1,0.13037753811596894,0.13037753811596894,0.13037753811596894,0.4789998530161443,0,0.01986898800087599,44,wavelet_trend,0.0
2021-03-03 09:30:00-05:00,,1,1,0.04684240142673049,0.04684240142673049,0.04684240142673049,0.4861440037077352,0,0.018284682305695566,44,wavelet_trend,0.0
2021-03-03 10:30:00-05:00,,1,1,0.21025042187365542,0.21025042187365542,0.21025042187365542,0.4853109785958438,0,0.019136421384550396,44,wavelet_trend,0.0
2021-03-03 13:30:00-05:00,,0,-1,0.17466392990694649,-0.17466392990694649,0.17466392990694649,0.4896639036940986,0,0.01950997368866784,44,wavelet_trend,0.0
2021-03-04 09:30:00-05:00,,0,-1,0.3257784740632001,-0.3257784740632001,0.3257784740632001,0.4910460456415668,0,0.019358606216290913,44,wavelet_trend,0.0
2021-03-04 12:30:00-05:00,,0,-1,0.36364567362766864,-0.36364567362766864,0.36364567362766864,0.4942909780905596,0,0.019468597625146796,44,wavelet_trend,0.0
2021-03-05 09:30:00-05:00,,0,-1,0.4343953349424257,-0.4343953349424257,0.4343953349424257,0.4916112878707655,0,0.018907921322019725,44,wavelet_trend,0.0
2021-03-05 10:30:00-05:00,,0,-1,0.5035491909853687,-0.5035491909853687,0.5035491909853687,0.491465812748654,0,0.019354396816059317,44,wavelet_trend,0.0
2021-03-05 11:30:00-05:00,,0,-1,0.25451324770491845,-0.25451324770491845,0.25451324770491845,0.4916504381259699,0,0.02162817301520448,44,wavelet_trend,0.0
2021-03-05 14:30:00-05:00,,0,-1,0.22204369466607352,-0.22204369466607352,0.22204369466607352,0.488626363539715,0,0.02137109339931864,44,wavelet_trend,0.0
2021-03-08 09:30:00-05:00,,0,-1,0.009597530076349087,-0.009597530076349087,0.009597530076349087,0.48892764561185775,0,0.021655105385932173,45,wavelet_trend,0.0
2021-03-08 14:30:00-05:00,,1,1,0.1802145635356637,0.1802145635356637,0.1802145635356637,0.4815719660464143,0,0.02070115240029045,45,wavelet_trend,0.0
2021-03-09 09:30:00-05:00,,1,1,0.33998060161248406,0.33998060161248406,0.33998060161248406,0.48094703296455155,0,0.021686180873253903,45,wavelet_trend,0.0
2021-03-10 09:30:00-05:00,,1,1,0.33104047447889273,0.33104047447889273,0.33104047447889273,0.4809310275216392,0,0.020847255592971937,45,wavelet_trend,0.0
2021-03-11 09:30:00-05:00,,1,1,0.4091438976584608,0.4091438976584608,0.4091438976584608,0.4823264516216921,0,0.020033230347683065,45,wavelet_trend,0.0
2021-03-16 09:30:00-04:00,,0,-1,0.0017315334066166537,-0.0017315334066166537,0.0017315334066166537,0.48743973469167695,0,0.01633151868778513,45,wavelet_trend,0.0
2021-03-16 13:30:00-04:00,,0,-1,0.11396367440987662,-0.11396367440987662,0.11396367440987662,0.49152494553868165,0,0.015979497648684626,45,wavelet_trend,0.0
2021-03-17 14:30:00-04:00,,0,-1,0.09749129165325529,-0.09749129165325529,0.09749129165325529,0.4910936297811204,0,0.014881294254605642,45,wavelet_trend,0.0
2021-03-18 13:30:00-04:00,,0,-1,0.10249266667229048,-0.10249266667229048,0.10249266667229048,0.48919521119894294,0,0.015093257963324648,45,wavelet_trend,0.0
2021-03-19 11:30:00-04:00,,0,-1,0.04415919582343857,-0.04415919582343857,0.04415919582343857,0.4899353994103547,0,0.015116019665103618,45,wavelet_trend,0.0
2021-03-22 09:30:00-04:00,,0,-1,0.3089098951113731,-0.3089098951113731,0.3089098951113731,0.49080216269602855,0,0.014645654217674487,45,wavelet_trend,0.0
2021-03-23 09:30:00-04:00,,0,-1,0.24865552907281668,-0.24865552907281668,0.24865552907281668,0.49061395141788205,0,0.014671002726951432,45,wavelet_trend,0.0
2021-03-23 13:30:00-04:00,,0,-1,0.4041511978730667,-0.4041511978730667,0.4041511978730667,0.4968922089553455,0,0.014069577033243035,45,wavelet_trend,0.0
2021-03-23 14:30:00-04:00,,0,-1,0.5144439838997835,-0.5144439838997835,0.5144439838997835,0.4973963405960627,0,0.014571880200233601,45,wavelet_trend,0.0
2021-03-24 09:30:00-04:00,,0,-1,0.3744097966530456,-0.3744097966530456,0.3744097966530456,0.4928006080596305,0,0.014776930260380164,45,wavelet_trend,0.0
2021-03-24 12:30:00-04:00,,0,-1,0.34387473707865746,-0.34387473707865746,0.34387473707865746,0.4954685946162892,0,0.014606526557906598,45,wavelet_trend,0.0
2021-03-24 14:30:00-04:00,,0,-1,0.5352046743038192,-0.5352046743038192,0.5352046743038192,0.49578220589552263,0,0.014765948696571558,45,wavelet_trend,0.0
2021-03-25 11:30:00-04:00,,0,-1,0.2979470132539527,-0.2979470132539527,0.2979470132539527,0.49484795602454296,0,0.016417260922401117,45,wavelet_trend,0.0
2021-03-25 14:30:00-04:00,,0,-1,0.1612187915341703,-0.1612187915341703,0.1612187915341703,0.49001156909591265,0,0.017420903210566663,45,wavelet_trend,0.0
2021-03-26 09:30:00-04:00,,1,1,0.14186790873739852,0.14186790873739852,0.14186790873739852,0.4832322847163546,0,0.018321556378182387,45,wavelet_trend,0.0
2021-03-26 13:30:00-04:00,,0,-1,0.065860716629975,-0.065860716629975,0.065860716629975,0.4835406399568696,0,0.018338656422335967,45,wavelet_trend,0.0
2021-03-29 09:30:00-04:00,,1,1,0.1387909401429458,0.1387909401429458,0.1387909401429458,0.4762355392009175,0,0.019200105355840692,45,wavelet_trend,0.0
2021-03-30 10:30:00-04:00,,1,1,0.02593202926764281,0.02593202926764281,0.02593202926764281,0.483123839815523,0,0.018603281142404598,45,wavelet_trend,0.0
2021-03-31 09:30:00-04:00,,1,1,0.06709448500684423,0.06709448500684423,0.06709448500684423,0.4794674087103694,0,0.017681638522083692,45,wavelet_trend,0.0
2021-04-01 09:30:00-04:00,,1,1,0.2911186503428382,0.2911186503428382,0.2911186503428382,0.48036093138600716,0,0.016890689684177493,45,wavelet_trend,0.0
2021-04-05 09:30:00-04:00,,1,1,0.3036354178956427,0.3036354178956427,0.3036354178956427,0.48049783552881453,0,0.015812586237631016,45,wavelet_trend,0.0
2021-04-06 09:30:00-04:00,,1,1,0.2021795467741783,0.2021795467741783,0.2021795467741783,0.47981789601269303,0,0.014659466743473886,45,wavelet_trend,0.0
2021-04-06 14:30:00-04:00,,1,1,0.07718088234551918,0.07718088234551918,0.07718088234551918,0.4861498792464532,0,0.013937759456318364,45,wavelet_trend,0.0
2021-04-07 10:30:00-04:00,,0,-1,0.1027341266234299,-0.1027341266234299,0.1027341266234299,0.4869892793550335,0,0.01379515250219747,46,wavelet_trend,0.0
2021-04-08 09:30:00-04:00,,0,-1,0.2416975255187604,-0.2416975255187604,0.2416975255187604,0.490104607456375,0,0.012956694549681772,46,wavelet_trend,0.0
2021-04-08 11:30:00-04:00,,0,-1,0.21235924113447494,-0.21235924113447494,0.21235924113447494,0.4879471853739976,0,0.013020155510765255,46,wavelet_trend,0.0
2021-04-13 10:30:00-04:00,,0,-1,0.16539538167959705,-0.16539538167959705,0.16539538167959705,0.48945907785239606,0,0.010593432603836507,46,wavelet_trend,0.0
2021-04-13 14:30:00-04:00,,0,-1,0.029460146431926577,-0.029460146431926577,0.029460146431926577,0.48814523735356175,0,0.010275694226818176,46,wavelet_trend,0.0
2021-04-14 09:30:00-04:00,,1,1,0.13780595933220394,0.13780595933220394,0.13780595933220394,0.4812384711254536,0,0.01184934975547464,46,wavelet_trend,0.0
2021-04-14 14:30:00-04:00,,1,1,0.10894501113091613,0.10894501113091613,0.10894501113091613,0.48432414226180376,0,0.011253513358051897,46,wavelet_trend,0.0
2021-04-16 14:30:00-04:00,,1,1,0.011032549322200887,0.011032549322200887,0.011032549322200887,0.4823131108830592,0,0.009882839534055572,46,wavelet_trend,0.0
2021-04-19 09:30:00-04:00,,0,-1,0.10554290644949085,-0.10554290644949085,0.10554290644949085,0.48733976252810723,0,0.010848251158302373,46,wavelet_trend,0.0
2021-04-20 09:30:00-04:00,,0,-1,0.24685259023452016,-0.24685259023452016,0.24685259023452016,0.48828495694728324,0,0.010921319628064285,46,wavelet_trend,0.0
2021-04-20 10:30:00-04:00,,0,-1,0.45506677179778365,-0.45506677179778365,0.45506677179778365,0.490026727115082,0,0.01249254295506803,46,wavelet_trend,0.0
2021-04-21 09:30:00-04:00,,0,-1,0.25924132557401564,-0.25924132557401564,0.25924132557401564,0.48767814323177733,0,0.013150799150063348,46,wavelet_trend,0.0
2021-04-21 13:30:00-04:00,,1,1,0.04006924045814796,0.04006924045814796,0.04006924045814796,0.484349741233453,0,0.012735417584217382,46,wavelet_trend,0.0
2021-04-22 10:30:00-04:00,,1,1,0.12315248833949186,0.12315248833949186,0.12315248833949186,0.4790242541571806,0,0.012575821315882123,46,wavelet_trend,0.0
2021-04-22 13:30:00-04:00,,1,1,0.3236468744507885,0.3236468744507885,0.3236468744507885,0.4839480905097819,0,0.012483539956100891,46,wavelet_trend,0.0
2021-04-23 09:30:00-04:00,,1,1,0.4458846563280479,0.4458846563280479,0.4458846563280479,0.4791831172145755,0,0.013633264163106078,46,wavelet_trend,0.0
2021-04-26 09:30:00-04:00,,1,1,0.2989342112764239,0.2989342112764239,0.2989342112764239,0.4775578044649241,0,0.012982654532342168,46,wavelet_trend,0.0
2021-04-27 10:30:00-04:00,,1,1,0.43950897145240353,0.43950897145240353,0.43950897145240353,0.48077612536548486,0,0.011757895503515515,46,wavelet_trend,0.0
2021-04-29 11:30:00-04:00,,0,-1,0.15720617392694378,-0.15720617392694378,0.15720617392694378,0.4906577024381493,0,0.010522129571514277,46,wavelet_trend,0.0
2021-04-30 10:30:00-04:00,,0,-1,0.15447876599156507,-0.15447876599156507,0.15447876599156507,0.4874205292652638,0,0.010297356565794114,46,wavelet_trend,0.0
2021-05-03 11:30:00-04:00,,0,-1,0.13372786365821815,-0.13372786365821815,0.13372786365821815,0.484755241997715,0,0.009676332614432464,46,wavelet_trend,0.0
2021-05-04 09:30:00-04:00,,0,-1,0.25136252281851923,-0.25136252281851923,0.25136252281851923,0.489785176678241,0,0.010402031616387034,46,wavelet_trend,0.0
2021-05-05 09:30:00-04:00,,0,-1,0.21235341606922772,-0.21235341606922772,0.21235341606922772,0.4885861742526232,0,0.010067264922811178,46,wavelet_trend,0.0
2021-05-05 10:30:00-04:00,,0,-1,0.07981044954058225,-0.07981044954058225,0.07981044954058225,0.4871476505608177,0,0.010509257381611277,46,wavelet_trend,0.0
2021-05-05 14:30:00-04:00,,0,-1,0.2883695127261462,-0.2883695127261462,0.2883695127261462,0.48895071730252165,0,0.010373270310301639,46,wavelet_trend,0.0
2021-05-06 09:30:00-04:00,,0,-1,0.44909731777530604,-0.44909731777530604,0.44909731777530604,0.48785495463375395,0,0.011629826318284986,47,wavelet_trend,0.0
2021-05-06 11:30:00-04:00,,0,-1,0.12883093386542574,-0.12883093386542574,0.12883093386542574,0.48575110949752004,0,0.011656507448892853,47,wavelet_trend,0.0
2021-05-07 09:30:00-04:00,,1,1,0.11745932067347303,0.11745932067347303,0.11745932067347303,0.48132158561677163,0,0.012387956713619211,47,wavelet_trend,0.0
2021-05-10 09:30:00-04:00,,1,1,0.09595183488193788,0.09595183488193788,0.09595183488193788,0.4809382896947011,0,0.011705100064111325,47,wavelet_trend,0.0
2021-05-10 13:30:00-04:00,,1,1,0.03142981043990671,0.03142981043990671,0.03142981043990671,0.48654986570469155,0,0.011519427410769216,47,wavelet_trend,0.0
2021-05-11 09:30:00-04:00,,0,-1,0.26759980860823723,-0.26759980860823723,0.26759980860823723,0.49061189469855737,0,0.01309626779115281,47,wavelet_trend,0.0
2021-05-11 10:30:00-04:00,,0,-1,0.21284406257295685,-0.21284406257295685,0.21284406257295685,0.4880099047510119,0,0.013900616911736378,47,wavelet_trend,0.0
2021-05-11 13:30:00-04:00,,0,-1,0.2550145183651972,-0.2550145183651972,0.2550145183651972,0.48982775301273374,0,0.013647090255964452,47,wavelet_trend,0.0
2021-05-12 09:30:00-04:00,,0,-1,0.4320654935409217,-0.4320654935409217,0.4320654935409217,0.48651955169392763,0,0.013831131436318828,47,wavelet_trend,0.0
2021-05-12 13:30:00-04:00,,0,-1,0.4776052446651045,-0.4776052446651045,0.4776052446651045,0.49056849891593685,0,0.013427937975631191,47,wavelet_trend,0.0
2021-05-12 14:30:00-04:00,,0,-1,0.565622557537503,-0.565622557537503,0.565622557537503,0.4910542349801497,0,0.013912512461161788,47,wavelet_trend,0.0
2021-05-13 09:30:00-04:00,,0,-1,0.17993992708818385,-0.17993992708818385,0.17993992708818385,0.48784698105573177,0,0.016467634416769208,47,wavelet_trend,0.0
2021-05-13 10:30:00-04:00,,0,-1,0.2310127430979002,-0.2310127430979002,0.2310127430979002,0.4838128967167326,0,0.016784004359487948,47,wavelet_trend,0.0
2021-05-13 14:30:00-04:00,,0,-1,0.14111751327955777,-0.14111751327955777,0.14111751327955777,0.48425337616163494,0,0.016574500711779922,47,wavelet_trend,0.0
2021-05-14 09:30:00-04:00,,0,-1,0.005474231732006098,-0.005474231732006098,0.005474231732006098,0.48136878803238436,0,0.017691903923504254,47,wavelet_trend,0.0
2021-05-17 09:30:00-04:00,,1,1,0.2789426107005882,0.2789426107005882,0.2789426107005882,0.4779020472134124,0,0.016799704402947792,47,wavelet_trend,0.0
2021-05-19 09:30:00-04:00,,0,-1,0.21931811164428003,-0.21931811164428003,0.21931811164428003,0.48874720423216134,0,0.016262857665647716,47,wavelet_trend,0.0
2021-05-19 14:30:00-04:00,,0,-1,0.07806804311137831,-0.07806804311137831,0.07806804311137831,0.4904393535053024,0,0.015319062167899536,47,wavelet_trend,0.0
2021-05-21 09:30:00-04:00,,0,-1,0.002595200648930037,-0.002595200648930037,0.002595200648930037,0.4830186881204,0,0.014245902275083796,47,wavelet_trend,0.0
2021-05-24 13:30:00-04:00,,1,1,0.19387419497412983,0.19387419497412983,0.19387419497412983,0.4826393253929622,0,0.01273412095684707,47,wavelet_trend,0.0
2021-05-25 14:30:00-04:00,,0,-1,0.02652593846118984,-0.02652593846118984,0.02652593846118984,0.48673008453137057,0,0.01204281984142126,47,wavelet_trend,0.0
2021-05-26 09:30:00-04:00,,1,1,0.05616691226679914,0.05616691226679914,0.05616691226679914,0.4790512135236439,0,0.012884298480074167,47,wavelet_trend,0.0
2021-05-27 09:30:00-04:00,,1,1,0.19473672289492414,0.19473672289492414,0.19473672289492414,0.47723769671155747,0,0.012310300950169927,47,wavelet_trend,0.0
2021-06-01 09:30:00-04:00,,1,1,0.21519979743736842,0.21519979743736842,0.21519979743736842,0.48343259891616464,0,0.010563450368831873,47,wavelet_trend,0.0
2021-06-03 09:30:00-04:00,,0,-1,0.004848261971262281,-0.004848261971262281,0.004848261971262281,0.4882308011186232,0,0.010473516966237726,47,wavelet_trend,0.0
2021-06-03 12:30:00-04:00,,1,1,0.00703965812931796,0.00703965812931796,0.00703965812931796,0.4860265984755865,0,0.010225813098354596,47,wavelet_trend,0.0
2021-06-07 09:30:00-04:00,,1,1,0.0845918539732124,0.0845918539732124,0.0845918539732124,0.4803836830826677,0,0.009231242886379054,48,wavelet_trend,0.0
2021-06-07 12:30:00-04:00,,1,1,0.3597960916836128,0.3597960916836128,0.3597960916836128,0.4832025213539179,0,0.008931773417812603,48,wavelet_trend,0.0
2021-06-08 09:30:00-04:00,,1,1,0.40102989675898776,0.40102989675898776,0.40102989675898776,0.4813034583308535,0,0.00899363871181508,48,wavelet_trend,0.0
2021-06-08 10:30:00-04:00,,1,1,0.3008011548675838,0.3008011548675838,0.3008011548675838,0.48109494117451135,0,0.009400829531927554,48,wavelet_trend,0.0
2021-06-08 12:30:00-04:00,,1,1,0.3718139046188587,0.3718139046188587,0.3718139046188587,0.48116614036082916,0,0.009371129581415552,48,wavelet_trend,0.0
2021-06-09 14:30:00-04:00,,1,1,0.060378803464411435,0.060378803464411435,0.060378803464411435,0.48237469588600196,0,0.008684985865424991,48,wavelet_trend,0.0
2021-06-10 10:30:00-04:00,,0,-1,0.048030836853770666,-0.048030836853770666,0.048030836853770666,0.4845503421288185,0,0.008582982138351488,48,wavelet_trend,0.0
2021-06-11 09:30:00-04:00,,0,-1,0.15130223437380882,-0.15130223437380882,0.15130223437380882,0.48221795787213956,0,0.008610633391907893,48,wavelet_trend,0.0
2021-06-14 13:30:00-04:00,,1,1,0.10417460190787971,0.10417460190787971,0.10417460190787971,0.4849954954069334,0,0.007846522249129604,48,wavelet_trend,0.0
2021-06-15 09:30:00-04:00,,0,-1,0.032034885014275934,-0.032034885014275934,0.032034885014275934,0.4849699484193262,0,0.008221373383552078,48,wavelet_trend,0.0
2021-06-15 13:30:00-04:00,,1,1,0.024287478675617202,0.024287478675617202,0.024287478675617202,0.48454078116995164,0,0.007879038575867414,48,wavelet_trend,0.0
2021-06-16 09:30:00-04:00,,0,-1,0.17090907171865358,-0.17090907171865358,0.17090907171865358,0.48576853279040394,0,0.008056848077757667,48,wavelet_trend,0.0
2021-06-16 12:30:00-04:00,,0,-1,0.2383976802901482,-0.2383976802901482,0.2383976802901482,0.4868711634768269,0,0.008165123471914684,48,wavelet_trend,0.0
2021-06-16 14:30:00-04:00,,0,-1,0.09731199587990594,-0.09731199587990594,0.09731199587990594,0.48595669095622746,0,0.008154431451531208,48,wavelet_trend,0.0
2021-06-17 09:30:00-04:00,,0,-1,0.17103557518389914,-0.17103557518389914,0.17103557518389914,0.4853443334442924,0,0.008409792770741395,48,wavelet_trend,0.0
2021-06-17 11:30:00-04:00,,0,-1,0.30998329882198156,-0.30998329882198156,0.30998329882198156,0.4884333645097869,0,0.009748314290875354,48,wavelet_trend,0.0
2021-06-17 12:30:00-04:00,,0,-1,0.15732083931003657,-0.15732083931003657,0.15732083931003657,0.4864611269797486,0,0.010380116534313718,48,wavelet_trend,0.0
2021-06-18 09:30:00-04:00,,0,-1,0.36127128731307745,-0.36127128731307745,0.36127128731307745,0.4847848542388734,0,0.011866395628923283,48,wavelet_trend,0.0
2021-06-18 13:30:00-04:00,,0,-1,0.37272102503614013,-0.37272102503614013,0.37272102503614013,0.4852833741802778,0,0.011889602930893643,48,wavelet_trend,0.0
2021-06-21 09:30:00-04:00,,0,-1,0.20628422616979122,-0.20628422616979122,0.20628422616979122,0.48166897537007797,0,0.013587777636985423,48,wavelet_trend,0.0
2021-06-22 14:30:00-04:00,,1,1,0.300539082600685,0.300539082600685,0.300539082600685,0.4807312153938445,0,0.012077078156003672,48,wavelet_trend,0.0
2021-06-23 12:30:00-04:00,,1,1,0.21892856376298067,0.21892856376298067,0.21892856376298067,0.4815228339117012,0,0.01152727022039522,48,wavelet_trend,0.0
2021-06-24 10:30:00-04:00,,1,1,0.21215113962956944,0.21215113962956944,0.21215113962956944,0.4780420426251478,0,0.011147446578791359,48,wavelet_trend,0.0
2021-06-25 09:30:00-04:00,,1,1,0.28625201617583035,0.28625201617583035,0.28625201617583035,0.4807218806250475,0,0.010378433605230374,48,wavelet_trend,0.0
2021-06-28 11:30:00-04:00,,0,-1,0.016591075081626196,-0.016591075081626196,0.016591075081626196,0.48397473397982077,0,0.009841688116123789,48,wavelet_trend,0.0
2021-06-29 09:30:00-04:00,,0,-1,0.028682780180231706,-0.028682780180231706,0.028682780180231706,0.48314339410920837,0,0.00959952423560703,48,wavelet_trend,0.0
2021-06-29 13:30:00-04:00,,0,-1,0.2131432532119637,-0.2131432532119637,0.2131432532119637,0.48636558013037184,0,0.009326725257243438,48,wavelet_trend,0.0
2021-07-01 09:30:00-04:00,,1,1,0.0735772161885879,0.0735772161885879,0.0735772161885879,0.48129457510100443,0,0.008941462269195094,48,wavelet_trend,0.0
2021-07-02 09:30:00-04:00,,1,1,0.007996517642152787,0.007996517642152787,0.007996517642152787,0.4840290934640742,0,0.008898016669208303,48,wavelet_trend,0.0
2021-07-06 09:30:00-04:00,,0,-1,0.26943285312881027,-0.26943285312881027,0.26943285312881027,0.4886017075637358,0,0.010546290826732458,48,wavelet_trend,0.0
2021-07-07 09:30:00-04:00,,0,-1,0.5345068716885306,-0.5345068716885306,0.5345068716885306,0.4825569520042768,0,0.011472309294940445,49,wavelet_trend,0.0
2021-07-07 11:30:00-04:00,,0,-1,0.281823030159385,-0.281823030159385,0.281823030159385,0.48218534904602284,0,0.011659646382053931,49,wavelet_trend,0.0
2021-07-08 09:30:00-04:00,,0,-1,0.48141007914557005,-0.48141007914557005,0.48141007914557005,0.4823937435369458,0,0.012130909361599882,49,wavelet_trend,0.0
2021-07-08 11:30:00-04:00,,0,-1,0.1256487775127913,-0.1256487775127913,0.1256487775127913,0.4822444267882272,0,0.012339865959538657,49,wavelet_trend,0.0
2021-07-08 13:30:00-04:00,,0,-1,0.1764390214729565,-0.1764390214729565,0.1764390214729565,0.482185906162554,0,0.01228950716834495,49,wavelet_trend,0.0
2021-07-09 09:30:00-04:00,,0,-1,0.007321676402985569,-0.007321676402985569,0.007321676402985569,0.4813434796108579,0,0.013840196571503408,49,wavelet_trend,0.0
2021-07-13 09:30:00-04:00,,1,1,0.12160054298929873,0.12160054298929873,0.12160054298929873,0.4818205735189287,0,0.012544708448277504,49,wavelet_trend,0.0
2021-07-14 09:30:00-04:00,,0,-1,0.260355868331112,-0.260355868331112,0.260355868331112,0.48253569021231735,0,0.01151441498055762,49,wavelet_trend,0.0
2021-07-14 10:30:00-04:00,,0,-1,0.37390839315614544,-0.37390839315614544,0.37390839315614544,0.48249550178980116,0,0.011808485333345617,49,wavelet_trend,0.0
2021-07-15 09:30:00-04:00,,0,-1,0.5531451652771029,-0.5531451652771029,0.5531451652771029,0.4826768991977354,0,0.01108923692305593,49,wavelet_trend,0.0
2021-07-15 12:30:00-04:00,,0,-1,0.44478722723957365,-0.44478722723957365,0.44478722723957365,0.48271848446975674,0,0.011095114291109051,49,wavelet_trend,0.0
2021-07-16 13:30:00-04:00,,0,-1,0.28290823575326574,-0.28290823575326574,0.28290823575326574,0.4823577250266513,0,0.010857068621538742,49,wavelet_trend,0.0
2021-07-19 09:30:00-04:00,,0,-1,0.45485279861523303,-0.45485279861523303,0.45485279861523303,0.48235643847980797,0,0.01297131196083471,49,wavelet_trend,0.0
2021-07-19 10:30:00-04:00,,0,-1,0.3380355407298012,-0.3380355407298012,0.3380355407298012,0.48205933870585416,0,0.013399045998363545,49,wavelet_trend,0.0
2021-07-19 14:30:00-04:00,,0,-1,0.33685664892970685,-0.33685664892970685,0.33685664892970685,0.48208110656844927,0,0.01289829807323796,49,wavelet_trend,0.0
2021-07-20 09:30:00-04:00,,0,-1,0.021581031928093346,-0.021581031928093346,0.021581031928093346,0.48193480015550966,0,0.015402445270884479,49,wavelet_trend,0.0
2021-07-20 13:30:00-04:00,,1,1,0.03831031809873771,0.03831031809873771,0.03831031809873771,0.48172476001849934,0,0.015046948308644673,49,wavelet_trend,0.0
2021-07-21 09:30:00-04:00,,1,1,0.2684317276854351,0.2684317276854351,0.2684317276854351,0.48103047005492927,0,0.01538002178952643,49,wavelet_trend,0.0
2021-07-22 09:30:00-04:00,,1,1,0.39795691747698697,0.39795691747698697,0.39795691747698697,0.48135018099144383,0,0.015214828369078084,49,wavelet_trend,0.0
2021-07-26 09:30:00-04:00,,0,-1,0.0033075747620922766,-0.0033075747620922766,0.0033075747620922766,0.4816844495000571,0,0.013367041299169645,49,wavelet_trend,0.0
2021-07-26 11:30:00-04:00,,1,1,0.039195521354080665,0.039195521354080665,0.039195521354080665,0.48161441984199027,0,0.013296958142575758,49,wavelet_trend,0.0
2021-07-27 09:30:00-04:00,,0,-1,0.09486617066572435,-0.09486617066572435,0.09486617066572435,0.4822755741613395,0,0.0136611244976953,49,wavelet_trend,0.0
2021-07-28 11:30:00-04:00,,0,-1,0.10167659279459117,-0.10167659279459117,0.10167659279459117,0.4819585206624185,0,0.012738235512230047,49,wavelet_trend,0.0
2021-07-28 14:30:00-04:00,,1,1,0.13275028254089738,0.13275028254089738,0.13275028254089738,0.4818946459489911,0,0.012583773689976721,49,wavelet_trend,0.0
2021-07-29 09:30:00-04:00,,1,1,0.1774210841243045,0.1774210841243045,0.1774210841243045,0.4809161884358835,0,0.013366024752027753,49,wavelet_trend,0.0
2021-07-30 10:30:00-04:00,,1,1,0.22577538411709658,0.22577538411709658,0.22577538411709658,0.4813176323054864,0,0.012353272159689703,49,wavelet_trend,0.0
2021-08-02 09:30:00-04:00,,1,1,0.03345937185840367,0.03345937185840367,0.03345937185840367,0.4815941221141867,0,0.011849066728781374,49,wavelet_trend,0.0
2021-08-02 14:30:00-04:00,,0,-1,0.19679846342811583,-0.19679846342811583,0.19679846342811583,0.4818568262960687,0,0.011298965188417363,49,wavelet_trend,0.0
2021-08-03 09:30:00-04:00,,0,-1,0.2539329632893261,-0.2539329632893261,0.2539329632893261,0.48277275533702807,0,0.01136183796850071,49,wavelet_trend,0.0
2021-08-03 13:30:00-04:00,,0,-1,0.07761387761712471,-0.07761387761712471,0.07761387761712471,0.48242830307963486,0,0.010858331116450935,49,wavelet_trend,0.0
2021-08-04 11:30:00-04:00,,0,-1,0.2657297420615769,-0.2657297420615769,0.2657297420615769,0.4824354363472917,0,0.010497789423423418,49,wavelet_trend,0.0
2021-08-05 09:30:00-04:00,,0,-1,0.062196148565329686,-0.062196148565329686,0.062196148565329686,0.47940657619128274,0,0.010481394168798168,50,wavelet_trend,0.0
2021-08-05 10:30:00-04:00,,1,1,0.14269759330484827,0.14269759330484827,0.14269759330484827,0.4793039058042542,0,0.011081761523224971,50,wavelet_trend,0.0
2021-08-06 10:30:00-04:00,,1,1,0.17643807187093527,0.17643807187093527,0.17643807187093527,0.4792336323000449,0,0.010249380875760727,50,wavelet_trend,0.0
2021-08-09 09:30:00-04:00,,1,1,0.27060808493747385,0.27060808493747385,0.27060808493747385,0.4793734150305887,0,0.009758115332396204,50,wavelet_trend,0.0
2021-08-11 09:30:00-04:00,,0,-1,0.1473842363109653,-0.1473842363109653,0.1473842363109653,0.4795879016574638,0,0.0084144810546445,50,wavelet_trend,0.0
2021-08-11 13:30:00-04:00,,0,-1,0.02329557118949551,-0.02329557118949551,0.02329557118949551,0.4795029897318529,0,0.00818323812238414,50,wavelet_trend,0.0
2021-08-12 09:30:00-04:00,,0,-1,0.013304447162577726,-0.013304447162577726,0.013304447162577726,0.47942896390299305,0,0.00827577467195463,50,wavelet_trend,0.0
2021-08-13 09:30:00-04:00,,0,-1,0.09160865589329381,-0.09160865589329381,0.09160865589329381,0.479458952955561,0,0.008185703626120103,50,wavelet_trend,0.0
2021-08-16 09:30:00-04:00,,0,-1,0.3573429438063834,-0.3573429438063834,0.3573429438063834,0.47963211928549915,0,0.008604692525668343,50,wavelet_trend,0.0
2021-08-17 09:30:00-04:00,,0,-1,0.44459170642112844,-0.44459170642112844,0.44459170642112844,0.47956752997608965,0,0.008684664596158954,50,wavelet_trend,0.0
2021-08-17 10:30:00-04:00,,0,-1,0.5904753069535051,-0.5904753069535051,0.5904753069535051,0.47954853983451157,0,0.00920047577058748,50,wavelet_trend,0.0
2021-08-17 14:30:00-04:00,,0,-1,0.40871403659546957,-0.40871403659546957,0.40871403659546957,0.4795299106713142,0,0.00919377182519261,50,wavelet_trend,0.0
2021-08-18 13:30:00-04:00,,0,-1,0.13564925593786628,-0.13564925593786628,0.13564925593786628,0.47955084153779903,0,0.008704004336661462,50,wavelet_trend,0.0
2021-08-18 14:30:00-04:00,,0,-1,0.2861993105679191,-0.2861993105679191,0.2861993105679191,0.4794821827698347,0,0.00911501261993168,50,wavelet_trend,0.0
2021-08-19 09:30:00-04:00,,0,-1,0.47061414064712687,-0.47061414064712687,0.47061414064712687,0.4795098247283891,0,0.009565649703995701,50,wavelet_trend,0.0
2021-08-19 10:30:00-04:00,,0,-1,0.5447263143927452,-0.5447263143927452,0.5447263143927452,0.4794545089821233,0,0.009777707452047821,50,wavelet_trend,0.0
2021-08-19 13:30:00-04:00,,0,-1,0.3014480499397025,-0.3014480499397025,0.3014480499397025,0.4795654618181604,0,0.009914967504136398,50,wavelet_trend,0.0
2021-08-19 14:30:00-04:00,,0,-1,0.20416342120531725,-0.20416342120531725,0.20416342120531725,0.47952037985108853,0,0.01028265745663384,50,wavelet_trend,0.0
2021-08-20 10:30:00-04:00,,0,-1,0.15443479492770942,-0.15443479492770942,0.15443479492770942,0.47940099663351693,0,0.010466774610224303,50,wavelet_trend,0.0
2021-08-23 09:30:00-04:00,,1,1,0.13530796647919754,0.13530796647919754,0.13530796647919754,0.4791795043917234,0,0.011120458541744883,50,wavelet_trend,0.0
2021-08-23 14:30:00-04:00,,1,1,0.5276174183747017,0.5276174183747017,0.5276174183747017,0.47926448316064435,0,0.010440781506035394,50,wavelet_trend,0.0
2021-08-24 12:30:00-04:00,,1,1,0.50302025232886,0.50302025232886,0.50302025232886,0.4792451526635457,0,0.00987822007160203,50,wavelet_trend,0.0
2021-08-25 09:30:00-04:00,,1,1,0.536513130173756,0.536513130173756,0.536513130173756,0.4792618694129036,0,0.009493722291547366,50,wavelet_trend,0.0
2021-08-26 10:30:00-04:00,,1,1,0.1268278276604361,0.1268278276604361,0.1268278276604361,0.4793907986968667,0,0.009113713940816141,50,wavelet_trend,0.0
2021-08-26 14:30:00-04:00,,0,-1,0.06171489629950355,-0.06171489629950355,0.06171489629950355,0.4794662307966418,0,0.008751368787451187,50,wavelet_trend,0.0
2021-08-27 09:30:00-04:00,,1,1,0.1219735191514922,0.1219735191514922,0.1219735191514922,0.4793093932703032,0,0.010582270160415207,50,wavelet_trend,0.0
2021-08-27 11:30:00-04:00,,1,1,0.2251026295603523,0.2251026295603523,0.2251026295603523,0.4792459529470875,0,0.010700840690387124,50,wavelet_trend,0.0
2021-08-30 13:30:00-04:00,,1,1,0.2654760442052745,0.2654760442052745,0.2654760442052745,0.4793315726923004,0,0.009635774342682169,50,wavelet_trend,0.0
2021-08-31 13:30:00-04:00,,1,1,0.010584631999694907,0.010584631999694907,0.010584631999694907,0.4793892824317978,0,0.008865287304336465,50,wavelet_trend,0.0
2021-09-01 11:30:00-04:00,,1,1,0.14825993622817438,0.14825993622817438,0.14825993622817438,0.47926325914690115,0,0.00865284596572794,50,wavelet_trend,0.0
2021-09-02 09:30:00-04:00,,1,1,0.27814686475305544,0.27814686475305544,0.27814686475305544,0.4792643274875446,0,0.008503908203103617,50,wavelet_trend,0.0
2021-09-03 09:30:00-04:00,,1,1,0.23039061002977967,0.23039061002977967,0.23039061002977967,0.4787756642053007,0,0.00796670928747601,51,wavelet_trend,0.0
2021-09-07 11:30:00-04:00,,0,-1,0.1842189127045025,-0.1842189127045025,0.1842189127045025,0.47953987544284615,0,0.007390865891910116,51,wavelet_trend,0.0
2021-09-08 09:30:00-04:00,,0,-1,0.37191153259398263,-0.37191153259398263,0.37191153259398263,0.47987406364832086,0,0.007829526455906032,51,wavelet_trend,0.0
2021-09-09 09:30:00-04:00,,0,-1,0.20900073032171068,-0.20900073032171068,0.20900073032171068,0.4795734928165052,0,0.007866777481037786,51,wavelet_trend,0.0
2021-09-09 13:30:00-04:00,,0,-1,0.23166181109214848,-0.23166181109214848,0.23166181109214848,0.47996166421314246,0,0.007562266857308633,51,wavelet_trend,0.0
2021-09-10 09:30:00-04:00,,0,-1,0.32630062955452416,-0.32630062955452416,0.32630062955452416,0.4795825747783224,0,0.007612792015698402,51,wavelet_trend,0.0
2021-09-10 11:30:00-04:00,,0,-1,0.030314825395216693,-0.030314825395216693,0.030314825395216693,0.47949942971949566,0,0.00768698340035924,51,wavelet_trend,0.0
2021-09-10 14:30:00-04:00,,0,-1,0.13828995052173576,-0.13828995052173576,0.13828995052173576,0.4797041837365776,0,0.007614760711384818,51,wavelet_trend,0.0
2021-09-13 11:30:00-04:00,,0,-1,0.195663814371277,-0.195663814371277,0.195663814371277,0.47967225350513426,0,0.007595738016954004,51,wavelet_trend,0.0
2021-09-14 09:30:00-04:00,,0,-1,0.31413712494319873,-0.31413712494319873,0.31413712494319873,0.4797773283577813,0,0.007857750461246404,51,wavelet_trend,0.0
2021-09-14 13:30:00-04:00,,0,-1,0.33193615036752855,-0.33193615036752855,0.33193615036752855,0.4798476478718446,0,0.007682071903392678,51,wavelet_trend,0.0
2021-09-14 14:30:00-04:00,,0,-1,0.39969236919605533,-0.39969236919605533,0.39969236919605533,0.47974849874424874,0,0.0078019102342568765,51,wavelet_trend,0.0
2021-09-15 09:30:00-04:00,,0,-1,0.17386385975957813,-0.17386385975957813,0.17386385975957813,0.47939758879406635,0,0.007842851178161072,51,wavelet_trend,0.0
2021-09-15 12:30:00-04:00,,0,-1,0.06774213623041274,-0.06774213623041274,0.06774213623041274,0.479195610617552,0,0.007709960290263017,51,wavelet_trend,0.0
2021-09-16 09:30:00-04:00,,0,-1,0.16189950705442105,-0.16189950705442105,0.16189950705442105,0.4792624501516843,0,0.007774201225916887,51,wavelet_trend,0.0
2021-09-16 13:30:00-04:00,,1,1,0.07078060621114853,0.07078060621114853,0.07078060621114853,0.4791188746871951,0,0.007581746025279632,51,wavelet_trend,0.0
2021-09-17 13:30:00-04:00,,0,-1,0.027025095594295827,-0.027025095594295827,0.027025095594295827,0.47976028931985076,0,0.007104288809450893,51,wavelet_trend,0.0
2021-09-20 09:30:00-04:00,,0,-1,0.3059743426432163,-0.3059743426432163,0.3059743426432163,0.479712788540131,0,0.012135063908642454,51,wavelet_trend,0.0
2021-09-20 13:30:00-04:00,,0,-1,0.3929467175206412,-0.3929467175206412,0.3929467175206412,0.4792995736140617,0,0.011767227802696215,51,wavelet_trend,0.0
2021-09-22 09:30:00-04:00,,0,-1,0.09024758690308776,-0.09024758690308776,0.09024758690308776,0.47755320436939586,0,0.01214686346806204,51,wavelet_trend,0.0
2021-09-22 13:30:00-04:00,,1,1,0.3698700103593748,0.3698700103593748,0.3698700103593748,0.47806620732394683,0,0.012075978145426712,51,wavelet_trend,0.0
2021-09-23 09:30:00-04:00,,1,1,0.4143203061474399,0.4143203061474399,0.4143203061474399,0.4773744621145562,0,0.012521894101813508,51,wavelet_trend,0.0
2021-09-23 12:30:00-04:00,,1,1,0.4646526138237543,0.4646526138237543,0.4646526138237543,0.4776118797805152,0,0.012167481618968676,51,wavelet_trend,0.0
2021-09-27 09:30:00-04:00,,1,1,0.2799053132722349,0.2799053132722349,0.2799053132722349,0.4779571317848722,0,0.011945199059448615,51,wavelet_trend,0.0
2021-09-27 13:30:00-04:00,,1,1,0.2383467937867907,0.2383467937867907,0.2383467937867907,0.4783572770765291,0,0.011506941933604652,51,wavelet_trend,0.0
2021-09-28 09:30:00-04:00,,0,-1,0.07487378717497808,-0.07487378717497808,0.07487378717497808,0.47904526171143264,0,0.013039613534014158,51,wavelet_trend,0.0
2021-09-30 11:30:00-04:00,,0,-1,0.22437751260839647,-0.22437751260839647,0.22437751260839647,0.4796685653133281,0,0.01196186003504813,51,wavelet_trend,0.0
2021-10-01 10:30:00-04:00,,0,-1,0.04924912420314552,-0.04924912420314552,0.04924912420314552,0.47950236402361024,0,0.012278468447559825,51,wavelet_trend,0.0
2021-10-01 13:30:00-04:00,,1,1,0.14928856136842023,0.14928856136842023,0.14928856136842023,0.4790887180800869,0,0.01219132144425989,51,wavelet_trend,0.0
2021-10-04 09:30:00-04:00,,0,-1,0.06927779277090386,-0.06927779277090386,0.06927779277090386,0.47906370451504887,0,0.012344934312068002,51,wavelet_trend,0.0
2021-10-05 09:30:00-04:00,,1,1,0.11764824725811474,0.11764824725811474,0.11764824725811474,0.4577467687049045,0,0.01182903054848567,52,wavelet_trend,0.0
2021-10-05 11:30:00-04:00,,1,1,0.1295665835027601,0.1295665835027601,0.1295665835027601,0.4577467687049045,0,0.011981275209420513,52,wavelet_trend,0.0
2021-10-06 09:30:00-04:00,,0,-1,0.2784672173130945,-0.2784672173130945,0.2784672173130945,0.4577467687049045,0,0.012709726111477129,52,wavelet_trend,0.0
2021-10-06 13:30:00-04:00,,0,-1,0.002355136182373033,-0.002355136182373033,0.002355136182373033,0.4577467687049045,0,0.01257633485656236,52,wavelet_trend,0.0
2021-10-07 09:30:00-04:00,,1,1,0.19222462345460922,0.19222462345460922,0.19222462345460922,0.4577467687049045,0,0.014310563080199918,52,wavelet_trend,0.0
2021-10-08 11:30:00-04:00,,1,1,0.21634927175909766,0.21634927175909766,0.21634927175909766,0.4577467687049045,0,0.013110474234102028,52,wavelet_trend,0.0
2021-10-11 12:30:00-04:00,,0,-1,0.15552157377899567,-0.15552157377899567,0.15552157377899567,0.4577467687049045,0,0.012495821228885614,52,wavelet_trend,0.0
2021-10-12 11:30:00-04:00,,0,-1,0.08411549612193424,-0.08411549612193424,0.08411549612193424,0.4577467687049045,0,0.011910751291111993,52,wavelet_trend,0.0
2021-10-13 09:30:00-04:00,,0,-1,0.10082083158048503,-0.10082083158048503,0.10082083158048503,0.4577467687049045,0,0.011302781795602629,52,wavelet_trend,0.0
2021-10-14 09:30:00-04:00,,1,1,0.22260154504838353,0.22260154504838353,0.22260154504838353,0.5127174022318296,1,0.011688329308160116,52,wavelet_trend,1.0
2021-10-15 09:30:00-04:00,,1,1,0.331144438440561,0.331144438440561,0.331144438440561,0.4577467687049045,0,0.010874379452654948,52,wavelet_trend,0.0
2021-10-19 11:30:00-04:00,,0,-1,0.049521865139671856,-0.049521865139671856,0.049521865139671856,0.4577467687049045,0,0.00943238203487725,52,wavelet_trend,0.0
2021-10-20 09:30:00-04:00,,1,1,0.08491906043417966,0.08491906043417966,0.08491906043417966,0.4577467687049045,0,0.009216807577314506,52,wavelet_trend,0.0
2021-10-21 09:30:00-04:00,,1,1,0.26571509802956805,0.26571509802956805,0.26571509802956805,0.4577467687049045,0,0.00862309262472962,52,wavelet_trend,0.0
2021-10-21 10:30:00-04:00,,1,1,0.13957205847979412,0.13957205847979412,0.13957205847979412,0.4577467687049045,0,0.008983635017724506,52,wavelet_trend,0.0
2021-10-22 09:30:00-04:00,,1,1,0.19684499094892904,0.19684499094892904,0.19684499094892904,0.4577467687049045,0,0.008380839062188882,52,wavelet_trend,0.0
2021-10-22 10:30:00-04:00,,1,1,0.08846749115740213,0.08846749115740213,0.08846749115740213,0.4577467687049045,0,0.008617566355010296,52,wavelet_trend,0.0
2021-10-25 09:30:00-04:00,,1,1,0.16737342692517426,0.16737342692517426,0.16737342692517426,0.4577467687049045,0,0.008530534175392507,52,wavelet_trend,0.0
2021-10-26 10:30:00-04:00,,1,1,0.20601915059939743,0.20601915059939743,0.20601915059939743,0.4577467687049045,0,0.0076591280987778135,52,wavelet_trend,0.0
2021-10-26 11:30:00-04:00,,1,1,0.060835716355604696,0.060835716355604696,0.060835716355604696,0.4577467687049045,0,0.007961763124662447,52,wavelet_trend,0.0
2021-10-27 09:30:00-04:00,,0,-1,0.09694183039861574,-0.09694183039861574,0.09694183039861574,0.4577467687049045,0,0.008529764961415448,52,wavelet_trend,0.0
2021-10-27 14:30:00-04:00,,0,-1,0.4308993909644569,-0.4308993909644569,0.4308993909644569,0.4577467687049045,0,0.008106273098060189,52,wavelet_trend,0.0
2021-10-28 09:30:00-04:00,,0,-1,0.172054461554586,-0.172054461554586,0.172054461554586,0.4577467687049045,0,0.010200467753437059,52,wavelet_trend,0.0
2021-11-01 09:30:00-04:00,,1,1,0.4582037480816665,0.4582037480816665,0.4582037480816665,0.5127174022318296,1,0.011225166959256735,52,wavelet_trend,1.0
2021-11-03 09:30:00-04:00,,1,1,0.5979969127785687,0.5979969127785687,0.5979969127785687,0.4772675081516107,0,0.010239648483736666,53,wavelet_trend,0.0
2021-11-03 14:30:00-04:00,,1,1,0.348863782022867,0.348863782022867,0.348863782022867,0.47609166417841764,0,0.009896468539707208,53,wavelet_trend,0.0
2021-11-04 09:30:00-04:00,,1,1,0.4302063382817704,0.4302063382817704,0.4302063382817704,0.4842499929990243,0,0.00989651007813978,53,wavelet_trend,0.0
2021-11-04 10:30:00-04:00,,1,1,0.24848899758549362,0.24848899758549362,0.24848899758549362,0.4849785072438278,0,0.010554129441440624,53,wavelet_trend,0.0
2021-11-05 09:30:00-04:00,,1,1,0.4255366191030874,0.4255366191030874,0.4255366191030874,0.48269831625610254,0,0.010629932460876582,53,wavelet_trend,0.0
2021-11-05 10:30:00-04:00,,1,1,0.5031771899606475,0.5031771899606475,0.5031771899606475,0.4815055731636956,0,0.010793702841799205,53,wavelet_trend,0.0
2021-11-05 12:30:00-04:00,,1,1,0.16984822507534295,0.16984822507534295,0.16984822507534295,0.4777855855591442,0,0.011202555301260107,53,wavelet_trend,0.0
2021-11-08 09:30:00-05:00,,1,1,0.26656851040601937,0.26656851040601937,0.26656851040601937,0.48447475526450534,0,0.011013368026234985,53,wavelet_trend,0.0
2021-11-08 13:30:00-05:00,,1,1,0.22762642490392512,0.22762642490392512,0.22762642490392512,0.47748726377673,0,0.01068456717859418,53,wavelet_trend,0.0
2021-11-09 10:30:00-05:00,,1,1,0.15037402353235793,0.15037402353235793,0.15037402353235793,0.47436626469815435,0,0.010480416392518937,53,wavelet_trend,0.0
2021-11-10 12:30:00-05:00,,0,-1,0.35175831528123663,-0.35175831528123663,0.35175831528123663,0.4637296699790846,0,0.009766030210117552,53,wavelet_trend,0.0
2021-11-10 13:30:00-05:00,,0,-1,0.4090420178036068,-0.4090420178036068,0.4090420178036068,0.4624954261977456,0,0.010222393580791593,53,wavelet_trend,0.0
2021-11-11 09:30:00-05:00,,0,-1,0.22332275521695197,-0.22332275521695197,0.22332275521695197,0.47222195454992955,0,0.010273279223450673,53,wavelet_trend,0.0
2021-11-15 11:30:00-05:00,,0,-1,0.0718093873177972,-0.0718093873177972,0.0718093873177972,0.46926123493624144,0,0.008658494541350367,53,wavelet_trend,0.0
2021-11-16 11:30:00-05:00,,0,-1,0.00974707438110045,-0.00974707438110045,0.00974707438110045,0.47342805951703276,0,0.008385782523770797,53,wavelet_trend,0.0
2021-11-17 09:30:00-05:00,,0,-1,0.24843289397563778,-0.24843289397563778,0.24843289397563778,0.46954340720283305,0,0.009144677094951228,53,wavelet_trend,0.0
2021-11-18 09:30:00-05:00,,0,-1,0.34967769954162004,-0.34967769954162004,0.34967769954162004,0.4661735993013582,0,0.009672962210907384,53,wavelet_trend,0.0
2021-11-18 10:30:00-05:00,,0,-1,0.23405467353525575,-0.23405467353525575,0.23405467353525575,0.4724403411665428,0,0.009993499762599122,53,wavelet_trend,0.0
2021-11-18 13:30:00-05:00,,0,-1,0.3487108743935411,-0.3487108743935411,0.3487108743935411,0.47236306767154956,0,0.009719653085531061,53,wavelet_trend,0.0
2021-11-19 09:30:00-05:00,,0,-1,0.35177203584719385,-0.35177203584719385,0.35177203584719385,0.4730897870693048,0,0.00976532597176674,53,wavelet_trend,0.0
2021-11-22 09:30:00-05:00,,0,-1,0.07847943661284562,-0.07847943661284562,0.07847943661284562,0.47385185333399027,0,0.009866043583773867,53,wavelet_trend,0.0
2021-11-22 11:30:00-05:00,,0,-1,0.05065073875609426,-0.05065073875609426,0.05065073875609426,0.4698862140070618,0,0.010214506124676913,53,wavelet_trend,0.0
2021-11-23 10:30:00-05:00,,0,-1,0.3288502611905422,-0.3288502611905422,0.3288502611905422,0.4694351028750014,0,0.010038595599148983,53,wavelet_trend,0.0
2021-11-26 09:30:00-05:00,,0,-1,0.3930494279706597,-0.3930494279706597,0.3930494279706597,0.46544348697751153,0,0.018336046292365585,53,wavelet_trend,0.0
2021-11-26 11:30:00-05:00,,0,-1,0.2821055035645929,-0.2821055035645929,0.2821055035645929,0.4678121616399482,0,0.0190674915210824,53,wavelet_trend,0.0
2021-11-29 12:30:00-05:00,,0,-1,0.2144252975812805,-0.2144252975812805,0.2144252975812805,0.46984606789685057,0,0.01849280883726769,53,wavelet_trend,0.0
2021-11-30 09:30:00-05:00,,0,-1,0.3799761261059433,-0.3799761261059433,0.3799761261059433,0.4762693786074004,0,0.017863232142760966,53,wavelet_trend,0.0
2021-11-30 11:30:00-05:00,,0,-1,0.5094237338558523,-0.5094237338558523,0.5094237338558523,0.4722973794569327,0,0.0176971529220838,53,wavelet_trend,0.0
2021-12-01 09:30:00-05:00,,1,1,0.013517844446191847,0.013517844446191847,0.013517844446191847,0.4770364076527884,0,0.019449004245388406,53,wavelet_trend,0.0
2021-12-01 12:30:00-05:00,,0,-1,0.1043816762485994,-0.1043816762485994,0.1043816762485994,0.4675967225394652,0,0.019456318243514358,53,wavelet_trend,0.0
2021-12-01 14:30:00-05:00,,0,-1,0.3481127256169127,-0.3481127256169127,0.3481127256169127,0.4703920083041688,0,0.019637070406991246,53,wavelet_trend,0.0
2021-12-02 09:30:00-05:00,,0,-1,0.21801907935917805,-0.21801907935917805,0.21801907935917805,0.47295971333268716,0,0.020488034738462235,53,wavelet_trend,0.0
2021-12-02 13:30:00-05:00,,1,1,0.0722329067849072,0.0722329067849072,0.0722329067849072,0.47070218002909725,0,0.020223593835142165,53,wavelet_trend,0.0
2021-12-03 10:30:00-05:00,,0,-1,0.10019180936365282,-0.10019180936365282,0.10019180936365282,0.47786199273525637,0,0.01964095449491558,54,wavelet_trend,0.0
2021-12-06 09:30:00-05:00,,1,1,0.12353722822712523,0.12353722822712523,0.12353722822712523,0.469975018449833,0,0.019486370782833093,54,wavelet_trend,0.0
2021-12-07 09:30:00-05:00,,1,1,0.18228384485989435,0.18228384485989435,0.18228384485989435,0.48510648106476945,0,0.020965927321279075,54,wavelet_trend,0.0
2021-12-09 09:30:00-05:00,,1,1,0.14685844959424263,0.14685844959424263,0.14685844959424263,0.479068737947532,0,0.01808825385580791,54,wavelet_trend,0.0
2021-12-13 09:30:00-05:00,,0,-1,0.36895481893432963,-0.36895481893432963,0.36895481893432963,0.4679356625374959,0,0.016088250769864015,54,wavelet_trend,0.0
2021-12-14 11:30:00-05:00,,0,-1,0.27670891538578224,-0.27670891538578224,0.27670891538578224,0.47290730991776586,0,0.015079042293924181,54,wavelet_trend,0.0
2021-12-15 09:30:00-05:00,,0,-1,0.31764682625059043,-0.31764682625059043,0.31764682625059043,0.46645588697085555,0,0.014878178733584331,54,wavelet_trend,0.0
2021-12-15 13:30:00-05:00,,0,-1,0.0937008124034927,-0.0937008124034927,0.0937008124034927,0.4541276868571523,0,0.01459128585920106,54,wavelet_trend,0.0
2021-12-15 14:30:00-05:00,,1,1,0.08595934786562355,0.08595934786562355,0.08595934786562355,0.4607564344282353,0,0.016043531183492332,54,wavelet_trend,0.0
2021-12-16 11:30:00-05:00,,0,-1,0.03701362602566048,-0.03701362602566048,0.03701362602566048,0.48091153915000007,0,0.015997383127978194,54,wavelet_trend,0.0
2021-12-16 13:30:00-05:00,,0,-1,0.05856980519179678,-0.05856980519179678,0.05856980519179678,0.47402376000025576,0,0.01606937618755552,54,wavelet_trend,0.0
2021-12-17 10:30:00-05:00,,1,1,0.0943982539341226,0.0943982539341226,0.0943982539341226,0.46828578518825176,0,0.016931954983588786,54,wavelet_trend,0.0
2021-12-20 09:30:00-05:00,,0,-1,0.2755368590060406,-0.2755368590060406,0.2755368590060406,0.47306173517868777,0,0.01780263418948321,54,wavelet_trend,0.0
2021-12-20 14:30:00-05:00,,0,-1,0.10348277222175581,-0.10348277222175581,0.10348277222175581,0.46907642177384895,0,0.017517517794937643,54,wavelet_trend,0.0
2021-12-21 09:30:00-05:00,,1,1,0.0766127482296925,0.0766127482296925,0.0766127482296925,0.4811389229532094,0,0.018728084513687796,54,wavelet_trend,0.0
2021-12-22 10:30:00-05:00,,1,1,0.17903345984155974,0.17903345984155974,0.17903345984155974,0.4872210180643212,0,0.016992104649255203,54,wavelet_trend,0.0
2021-12-23 09:30:00-05:00,,1,1,0.3592715258600626,0.3592715258600626,0.3592715258600626,0.4868831472919147,0,0.015882897568027583,54,wavelet_trend,0.0
2021-12-27 10:30:00-05:00,,1,1,0.2447558356995112,0.2447558356995112,0.2447558356995112,0.48319026560599143,0,0.014367348572900212,54,wavelet_trend,0.0
2021-12-28 09:30:00-05:00,,1,1,0.2890218687764815,0.2890218687764815,0.2890218687764815,0.47679500672088254,0,0.013294221806813106,54,wavelet_trend,0.0
2021-12-28 11:30:00-05:00,,1,1,0.09566618612859125,0.09566618612859125,0.09566618612859125,0.481372741074589,0,0.013466494055445768,54,wavelet_trend,0.0
2021-12-30 09:30:00-05:00,,1,1,0.05430973391860661,0.05430973391860661,0.05430973391860661,0.4785386044710384,0,0.012007780637009927,54,wavelet_trend,0.0
2022-01-03 09:30:00-05:00,,1,1,0.21986239787830245,0.21986239787830245,0.21986239787830245,0.48174329000133437,0,0.012667470360671097,54,wavelet_trend,0.0
2022-01-03 10:30:00-05:00,,1,1,0.06655136416035409,0.06655136416035409,0.06655136416035409,0.4894997702246383,0,0.01320020701919234,54,wavelet_trend,0.0
2022-01-05 12:30:00-05:00,,0,-1,0.0815249850980976,-0.0815249850980976,0.0815249850980976,0.4774187079006752,0,0.011401022672948765,55,wavelet_trend,0.0
2022-01-05 13:30:00-05:00,,0,-1,0.18585749974530502,-0.18585749974530502,0.18585749974530502,0.4703854983227704,0,0.011901917919580842,55,wavelet_trend,0.0
2022-01-05 14:30:00-05:00,,0,-1,0.30717866666482857,-0.30717866666482857,0.30717866666482857,0.47130865055087434,0,0.012652522951034258,55,wavelet_trend,0.0
2022-01-06 10:30:00-05:00,,0,-1,0.3369566427413284,-0.3369566427413284,0.3369566427413284,0.4715334534523714,0,0.01264035976425457,55,wavelet_trend,0.0
2022-01-07 09:30:00-05:00,,0,-1,0.4130537789493649,-0.4130537789493649,0.4130537789493649,0.4741785888961969,0,0.01197109541452532,55,wavelet_trend,0.0
2022-01-10 09:30:00-05:00,,0,-1,0.3201209736655017,-0.3201209736655017,0.3201209736655017,0.4677098860229559,0,0.01293465919920166,55,wavelet_trend,0.0
2022-01-10 13:30:00-05:00,,0,-1,0.30969322647926434,-0.30969322647926434,0.30969322647926434,0.4660277220262139,0,0.013235300629087947,55,wavelet_trend,0.0
2022-01-11 10:30:00-05:00,,0,-1,0.1589166719162231,-0.1589166719162231,0.1589166719162231,0.4790697059721828,0,0.01308081943448033,55,wavelet_trend,0.0
2022-01-11 13:30:00-05:00,,0,-1,0.018132505028434658,-0.018132505028434658,0.018132505028434658,0.4790144845718667,0,0.012759716300684051,55,wavelet_trend,0.0
2022-01-12 10:30:00-05:00,,0,-1,0.02849929709325764,-0.02849929709325764,0.02849929709325764,0.4820228385268337,0,0.012671261708437222,55,wavelet_trend,0.0
2022-01-13 10:30:00-05:00,,1,1,0.11432651375568538,0.11432651375568538,0.11432651375568538,0.4797949709731089,0,0.011821341997510476,55,wavelet_trend,0.0
2022-01-13 11:30:00-05:00,,1,1,0.03244266510993703,0.03244266510993703,0.03244266510993703,0.4788445053204505,0,0.012094336789919002,55,wavelet_trend,0.0
2022-01-14 10:30:00-05:00,,0,-1,0.33394653183070433,-0.33394653183070433,0.33394653183070433,0.47236922018227123,0,0.011792269765749952,55,wavelet_trend,0.0
2022-01-14 14:30:00-05:00,,0,-1,0.19375144810048542,-0.19375144810048542,0.19375144810048542,0.4699279165126466,0,0.012105820458311017,55,wavelet_trend,0.0
2022-01-18 09:30:00-05:00,,0,-1,0.26429329586119815,-0.26429329586119815,0.26429329586119815,0.47437148339485147,0,0.012984579474786501,55,wavelet_trend,0.0
2022-01-18 10:30:00-05:00,,0,-1,0.35146634290476064,-0.35146634290476064,0.35146634290476064,0.474578743280432,0,0.01331673244174382,55,wavelet_trend,0.0
2022-01-19 10:30:00-05:00,,0,-1,0.4616545647234859,-0.4616545647234859,0.4616545647234859,0.470907992994627,0,0.012764500960431538,55,wavelet_trend,0.0
2022-01-19 11:30:00-05:00,,0,-1,0.2862428799621166,-0.2862428799621166,0.2862428799621166,0.46801083623932604,0,0.013409307026582985,55,wavelet_trend,0.0
2022-01-19 13:30:00-05:00,,0,-1,0.3402084701439035,-0.3402084701439035,0.3402084701439035,0.4720295541882788,0,0.013298698089377984,55,wavelet_trend,0.0
2022-01-20 09:30:00-05:00,,0,-1,0.33771835804671185,-0.33771835804671185,0.33771835804671185,0.47366605707768594,0,0.014032273070626428,55,wavelet_trend,0.0
2022-01-20 13:30:00-05:00,,0,-1,0.21069930559095462,-0.21069930559095462,0.21069930559095462,0.4765399631262733,0,0.013777369705793685,55,wavelet_trend,0.0
2022-01-20 14:30:00-05:00,,0,-1,0.2798588484366964,-0.2798588484366964,0.2798588484366964,0.46867894838450824,0,0.014418445171457163,55,wavelet_trend,0.0
2022-01-21 10:30:00-05:00,,0,-1,0.24620586183296822,-0.24620586183296822,0.24620586183296822,0.46414953910158185,0,0.015748546218319684,55,wavelet_trend,0.0
2022-01-21 11:30:00-05:00,,0,-1,0.312121176243536,-0.312121176243536,0.312121176243536,0.4711483897959938,0,0.016361082255301522,55,wavelet_trend,0.0
2022-01-21 14:30:00-05:00,,0,-1,0.43274893872672227,-0.43274893872672227,0.43274893872672227,0.4738828675062596,0,0.015896557850378162,55,wavelet_trend,0.0
2022-01-24 09:30:00-05:00,,0,-1,0.5463435063089346,-0.5463435063089346,0.5463435063089346,0.4648892635137941,0,0.016695243517073598,55,wavelet_trend,0.0
2022-01-24 12:30:00-05:00,,0,-1,0.5982974061878964,-0.5982974061878964,0.5982974061878964,0.46009594234648926,0,0.017333711653869127,55,wavelet_trend,0.0
2022-01-24 13:30:00-05:00,,0,-1,0.46307018945151374,-0.46307018945151374,0.46307018945151374,0.4566257823878806,0,0.01814643129310946,55,wavelet_trend,0.0
2022-01-24 14:30:00-05:00,,0,-1,0.27261273792765633,-0.27261273792765633,0.27261273792765633,0.4605959817322327,0,0.019069127199912016,55,wavelet_trend,0.0
2022-01-25 09:30:00-05:00,,0,-1,0.19372784914584185,-0.19372784914584185,0.19372784914584185,0.47550395223332526,0,0.020756457761005365,55,wavelet_trend,0.0
2022-01-25 13:30:00-05:00,,1,1,0.010761115652764983,0.010761115652764983,0.010761115652764983,0.4715245517429254,0,0.02037479428501258,55,wavelet_trend,0.0
2022-01-26 10:30:00-05:00,,1,1,0.175298921564912,0.175298921564912,0.175298921564912,0.4915690877772822,0,0.01984441954588525,55,wavelet_trend,0.0
2022-01-26 14:30:00-05:00,,1,1,0.06842142939643389,0.06842142939643389,0.06842142939643389,0.46880600825443647,0,0.022101966813729775,55,wavelet_trend,0.0
2022-01-27 11:30:00-05:00,,0,-1,0.14424076419915843,-0.14424076419915843,0.14424076419915843,0.48033071751543627,0,0.02099289663062525,55,wavelet_trend,0.0
2022-01-28 09:30:00-05:00,,0,-1,0.3880865819271494,-0.3880865819271494,0.3880865819271494,0.46560355430098677,0,0.020186795568855997,55,wavelet_trend,0.0
2022-01-28 11:30:00-05:00,,0,-1,0.34331777669387037,-0.34331777669387037,0.34331777669387037,0.46728984653337885,0,0.02023107884807107,55,wavelet_trend,0.0
2022-01-28 13:30:00-05:00,,0,-1,0.5052641888675254,-0.5052641888675254,0.5052641888675254,0.4679798010451364,0,0.020256083052615805,55,wavelet_trend,0.0
2022-01-28 14:30:00-05:00,,0,-1,0.337002524558231,-0.337002524558231,0.337002524558231,0.4679703528256289,0,0.0216393258153832,55,wavelet_trend,0.0
2022-01-31 11:30:00-05:00,,1,1,0.11636325784263453,0.11636325784263453,0.11636325784263453,0.48380993573060455,0,0.02198394120263592,55,wavelet_trend,0.0
2022-02-01 10:30:00-05:00,,1,1,0.40986573937195653,0.40986573937195653,0.40986573937195653,0.4869499309136326,0,0.021118681178175197,55,wavelet_trend,0.0
2022-02-02 09:30:00-05:00,,1,1,0.30414965264683314,0.30414965264683314,0.30414965264683314,0.484870135057868,0,0.02049882912092485,55,wavelet_trend,0.0
2022-02-03 11:30:00-05:00,,0,-1,0.08734639748660478,-0.08734639748660478,0.08734639748660478,0.4794372406057436,0,0.018348300062087812,56,wavelet_trend,0.0
2022-02-04 09:30:00-05:00,,0,-1,0.2766882388341387,-0.2766882388341387,0.2766882388341387,0.46444673749289855,0,0.01725407637223109,56,wavelet_trend,0.0
2022-02-04 12:30:00-05:00,,0,-1,0.09242024148807214,-0.09242024148807214,0.09242024148807214,0.4612339349492212,0,0.017007856162888937,56,wavelet_trend,0.0
2022-02-07 13:30:00-05:00,,1,1,0.08843849702284606,0.08843849702284606,0.08843849702284606,0.4777592440827401,0,0.01592412128096239,56,wavelet_trend,0.0
2022-02-08 10:30:00-05:00,,1,1,0.2057071110586019,0.2057071110586019,0.2057071110586019,0.4866451978494929,0,0.015466998548121386,56,wavelet_trend,0.0
2022-02-09 09:30:00-05:00,,1,1,0.30119057107803215,0.30119057107803215,0.30119057107803215,0.4954359605849537,0,0.01548382783458099,56,wavelet_trend,0.0
2022-02-10 09:30:00-05:00,,1,1,0.3776169768536604,0.3776169768536604,0.3776169768536604,0.46785873849661747,0,0.014211149532499315,56,wavelet_trend,0.0
2022-02-10 12:30:00-05:00,,1,1,0.20447255510232507,0.20447255510232507,0.20447255510232507,0.480424454287842,0,0.01532075232247165,56,wavelet_trend,0.0
2022-02-10 14:30:00-05:00,,1,1,0.05844800518262786,0.05844800518262786,0.05844800518262786,0.4835165404442987,0,0.015344853858781005,56,wavelet_trend,0.0
2022-02-11 09:30:00-05:00,,1,1,0.1549632521692514,0.1549632521692514,0.1549632521692514,0.48025217754848903,0,0.015414266802776804,56,wavelet_trend,0.0
2022-02-11 12:30:00-05:00,,0,-1,0.1161555679791818,-0.1161555679791818,0.1161555679791818,0.4824550596303614,0,0.015109127975637095,56,wavelet_trend,0.0
2022-02-11 13:30:00-05:00,,0,-1,0.20989649274470687,-0.20989649274470687,0.20989649274470687,0.463009044794111,0,0.015653308931985317,56,wavelet_trend,0.0
2022-02-14 13:30:00-05:00,,0,-1,0.41193498875493534,-0.41193498875493534,0.41193498875493534,0.4671231138212611,0,0.01455046841767895,56,wavelet_trend,0.0
2022-02-15 09:30:00-05:00,,1,1,0.01570554481602474,0.01570554481602474,0.01570554481602474,0.4798034266769103,0,0.015239532219343547,56,wavelet_trend,0.0
2022-02-15 13:30:00-05:00,,1,1,0.06107656201884351,0.06107656201884351,0.06107656201884351,0.4777537718079433,0,0.014510643207010709,56,wavelet_trend,0.0
2022-02-16 13:30:00-05:00,,1,1,0.2514514849425509,0.2514514849425509,0.2514514849425509,0.46857187027708197,0,0.013876249666281591,56,wavelet_trend,0.0
2022-02-17 09:30:00-05:00,,1,1,0.06768876908372427,0.06768876908372427,0.06768876908372427,0.47432382267301704,0,0.015575587798722491,56,wavelet_trend,0.0
2022-02-17 14:30:00-05:00,,0,-1,0.21771565951305036,-0.21771565951305036,0.21771565951305036,0.47546150168642637,0,0.014820537657338173,56,wavelet_trend,0.0
2022-02-18 12:30:00-05:00,,0,-1,0.3382292431189444,-0.3382292431189444,0.3382292431189444,0.4714360348825985,0,0.014023139148805269,56,wavelet_trend,0.0
2022-02-18 13:30:00-05:00,,0,-1,0.2225324900595981,-0.2225324900595981,0.2225324900595981,0.4676476112376193,0,0.014336355067160895,56,wavelet_trend,0.0
2022-02-22 10:30:00-05:00,,0,-1,0.41492019252728074,-0.41492019252728074,0.41492019252728074,0.48310889384209393,0,0.014402261076781716,56,wavelet_trend,0.0
2022-02-22 13:30:00-05:00,,0,-1,0.37224284076046266,-0.37224284076046266,0.37224284076046266,0.4677647441664579,0,0.01395755201081113,56,wavelet_trend,0.0
2022-02-22 14:30:00-05:00,,0,-1,0.22818826812524692,-0.22818826812524692,0.22818826812524692,0.46479821776608327,0,0.014333284421012107,56,wavelet_trend,0.0
2022-02-23 12:30:00-05:00,,0,-1,0.2645537116680379,-0.2645537116680379,0.2645537116680379,0.4746950009299034,0,0.015109137828028854,56,wavelet_trend,0.0
2022-02-24 09:30:00-05:00,,0,-1,0.4498581247611667,-0.4498581247611667,0.4498581247611667,0.45154194704123585,0,0.014856464220585449,56,wavelet_trend,0.0
2022-02-24 13:30:00-05:00,,0,-1,0.18346697334981785,-0.18346697334981785,0.18346697334981785,0.45785225466295876,0,0.015175431179170907,56,wavelet_trend,0.0
2022-02-24 14:30:00-05:00,,0,-1,0.028500575220259953,-0.028500575220259953,0.028500575220259953,0.4565144886610116,0,0.015654676702491647,56,wavelet_trend,0.0
2022-02-25 10:30:00-05:00,,1,1,0.17189465837266035,0.17189465837266035,0.17189465837266035,0.48518353946215437,0,0.015946459609797813,56,wavelet_trend,0.0
2022-02-28 10:30:00-05:00,,1,1,0.5829970167810736,0.5829970167810736,0.5829970167810736,0.48968149963813346,0,0.015062534474925508,56,wavelet_trend,0.0
2022-02-28 13:30:00-05:00,,1,1,0.47022790171811896,0.47022790171811896,0.47022790171811896,0.4857837691034914,0,0.015101501720280972,56,wavelet_trend,0.0
2022-03-01 10:30:00-05:00,,1,1,0.12038436426963213,0.12038436426963213,0.12038436426963213,0.4871966077142379,0,0.01501868594037549,56,wavelet_trend,0.0
2022-03-02 09:30:00-05:00,,1,1,0.03531318489469239,0.03531318489469239,0.03531318489469239,0.48008540350962386,0,0.01591102920620724,56,wavelet_trend,0.0
2022-03-03 09:30:00-05:00,,0,-1,0.009526779682825857,-0.009526779682825857,0.009526779682825857,0.47793247530363064,0,0.015158567659493768,56,wavelet_trend,0.0
2022-03-04 09:30:00-05:00,,0,-1,0.016896810683659384,-0.016896810683659384,0.016896810683659384,0.46988098749342544,0,0.01544179957330295,56,wavelet_trend,0.0
2022-03-07 11:30:00-05:00,,0,-1,0.3441996096662292,-0.3441996096662292,0.3441996096662292,0.47483915622960077,0,0.014578039427453336,57,wavelet_trend,0.0
2022-03-08 11:30:00-05:00,,0,-1,0.03833229078652665,-0.03833229078652665,0.03833229078652665,0.4560087542432224,0,0.015357667745455503,57,wavelet_trend,0.0
2022-03-08 14:30:00-05:00,,0,-1,0.12834286753504395,-0.12834286753504395,0.12834286753504395,0.47303658433365203,0,0.014929575512139219,57,wavelet_trend,0.0
2022-03-09 09:30:00-05:00,,1,1,0.05948524969834022,0.05948524969834022,0.05948524969834022,0.4848742826555544,0,0.017842012978783732,57,wavelet_trend,0.0
2022-03-10 09:30:00-05:00,,1,1,0.13147407330976016,0.13147407330976016,0.13147407330976016,0.4837075374848083,0,0.01702320722139947,57,wavelet_trend,0.0
2022-03-10 13:30:00-05:00,,1,1,0.035931359349277936,0.035931359349277936,0.035931359349277936,0.47780422083714147,0,0.01661097694655767,57,wavelet_trend,0.0
2022-03-11 11:30:00-05:00,,0,-1,0.08415129498915158,-0.08415129498915158,0.08415129498915158,0.49115570145331283,0,0.01573025204756213,57,wavelet_trend,0.0
2022-03-14 11:30:00-04:00,,0,-1,0.19396086491501696,-0.19396086491501696,0.19396086491501696,0.4753078466842289,0,0.014891667334923493,57,wavelet_trend,0.0
2022-03-14 13:30:00-04:00,,0,-1,0.30804390787659025,-0.30804390787659025,0.30804390787659025,0.47251759277058786,0,0.01481064550888875,57,wavelet_trend,0.0
2022-03-15 09:30:00-04:00,,0,-1,0.23788928436976148,-0.23788928436976148,0.23788928436976148,0.47363892928490037,0,0.014893594254498356,57,wavelet_trend,0.0
2022-03-15 14:30:00-04:00,,0,-1,0.17836619623146735,-0.17836619623146735,0.17836619623146735,0.4715426100878249,0,0.014518940678889015,57,wavelet_trend,0.0
2022-03-16 09:30:00-04:00,,1,1,0.14616666933844907,0.14616666933844907,0.14616666933844907,0.48514497621725416,0,0.01736889312123638,57,wavelet_trend,0.0
2022-03-16 13:30:00-04:00,,1,1,0.13153007637225267,0.13153007637225267,0.13153007637225267,0.48242673633892114,0,0.01727562958055873,57,wavelet_trend,0.0
2022-03-16 14:30:00-04:00,,1,1,0.32679939530488805,0.32679939530488805,0.32679939530488805,0.47452873627163844,0,0.01827131176223696,57,wavelet_trend,0.0
2022-03-17 09:30:00-04:00,,1,1,0.4554458502118707,0.4554458502118707,0.4554458502118707,0.4878798251304527,0,0.018127325949914726,57,wavelet_trend,0.0
2022-03-18 14:30:00-04:00,,1,1,0.3502774334071594,0.3502774334071594,0.3502774334071594,0.488717351608496,0,0.015898249698336062,57,wavelet_trend,0.0
2022-03-21 12:30:00-04:00,,1,1,0.057408237020175834,0.057408237020175834,0.057408237020175834,0.4834856355640543,0,0.01611079215859999,57,wavelet_trend,0.0
2022-03-22 09:30:00-04:00,,1,1,0.14856704515253638,0.14856704515253638,0.14856704515253638,0.48903832503918143,0,0.01600363167059012,57,wavelet_trend,0.0
2022-03-23 09:30:00-04:00,,0,-1,0.0666122775146827,-0.0666122775146827,0.0666122775146827,0.4804647766630709,0,0.015363625601088534,57,wavelet_trend,0.0
2022-03-23 14:30:00-04:00,,1,1,0.012352753567839348,0.012352753567839348,0.012352753567839348,0.4840139500339962,0,0.014791995615258194,57,wavelet_trend,0.0
2022-03-24 14:30:00-04:00,,0,-1,0.061243097749909804,-0.061243097749909804,0.061243097749909804,0.47520413741387096,0,0.0137381598453047,57,wavelet_trend,0.0
2022-03-28 11:30:00-04:00,,1,1,0.007908662810854346,0.007908662810854346,0.007908662810854346,0.4738068797972084,0,0.013098895476456438,57,wavelet_trend,0.0
2022-03-28 14:30:00-04:00,,1,1,0.01477705190198807,0.01477705190198807,0.01477705190198807,0.47541443802667105,0,0.012837248313890154,57,wavelet_trend,0.0
2022-03-29 09:30:00-04:00,,1,1,0.21978619093484253,0.21978619093484253,0.21978619093484253,0.49165495792811414,0,0.014415174570456655,57,wavelet_trend,0.0
2022-03-29 14:30:00-04:00,,1,1,0.37249981439871366,0.37249981439871366,0.37249981439871366,0.48586276272972717,0,0.013797966502217174,57,wavelet_trend,0.0
2022-03-30 11:30:00-04:00,,1,1,0.28957312204626906,0.28957312204626906,0.28957312204626906,0.4928585098998017,0,0.013292316382666156,57,wavelet_trend,0.0
2022-03-30 14:30:00-04:00,,1,1,0.14455926099163957,0.14455926099163957,0.14455926099163957,0.47803442741584884,0,0.013344647595615535,57,wavelet_trend,0.0
2022-04-01 10:30:00-04:00,,0,-1,0.29274954961969135,-0.29274954961969135,0.29274954961969135,0.48067521533878477,0,0.012112945733857971,57,wavelet_trend,0.0
2022-04-01 12:30:00-04:00,,0,-1,0.30182572811213704,-0.30182572811213704,0.30182572811213704,0.47635582164625595,0,0.012014260281688406,57,wavelet_trend,0.0
2022-04-05 09:30:00-04:00,,0,-1,0.05731967119894205,-0.05731967119894205,0.05731967119894205,0.4793105170538755,0,0.012086004484665507,58,wavelet_trend,0.0
2022-04-05 14:30:00-04:00,,0,-1,0.1164165994573432,-0.1164165994573432,0.1164165994573432,0.48212384495785787,0,0.01177955152782454,58,wavelet_trend,0.0
2022-04-06 09:30:00-04:00,,0,-1,0.40762603994810137,-0.40762603994810137,0.40762603994810137,0.47731660410498583,0,0.013342744300087615,58,wavelet_trend,0.0
2022-04-07 10:30:00-04:00,,0,-1,0.6246991861829578,-0.6246991861829578,0.6246991861829578,0.4827998454605967,0,0.012612948810986912,58,wavelet_trend,0.0
2022-04-07 14:30:00-04:00,,0,-1,0.3350417225729856,-0.3350417225729856,0.3350417225729856,0.4775575933227157,0,0.012583736271994871,58,wavelet_trend,0.0
2022-04-11 11:30:00-04:00,,0,-1,0.16665691188338908,-0.16665691188338908,0.16665691188338908,0.48030523793805685,0,0.01155626270204559,58,wavelet_trend,0.0
2022-04-12 09:30:00-04:00,,1,1,0.007336429922674829,0.007336429922674829,0.007336429922674829,0.48304047671240585,0,0.013263255618126663,58,wavelet_trend,0.0
2022-04-12 13:30:00-04:00,,0,-1,0.16439935558880844,-0.16439935558880844,0.16439935558880844,0.4849922428909188,0,0.013201370420952761,58,wavelet_trend,0.0
2022-04-13 10:30:00-04:00,,1,1,0.11380452702808176,0.11380452702808176,0.11380452702808176,0.48675172173700826,0,0.013311409713140689,58,wavelet_trend,0.0
2022-04-14 11:30:00-04:00,,0,-1,0.04363763717832343,-0.04363763717832343,0.04363763717832343,0.48843320062021733,0,0.012281695536903047,58,wavelet_trend,0.0
2022-04-18 09:30:00-04:00,,1,1,0.08975246048024264,0.08975246048024264,0.08975246048024264,0.4812620065227862,0,0.011799948335213774,58,wavelet_trend,0.0
2022-04-18 13:30:00-04:00,,0,-1,0.10254371478523074,-0.10254371478523074,0.10254371478523074,0.4795679947391791,0,0.011588116077655865,58,wavelet_trend,0.0
2022-04-19 09:30:00-04:00,,0,-1,0.038299476990775294,-0.038299476990775294,0.038299476990775294,0.48361882154444785,0,0.012851255458439197,58,wavelet_trend,0.0
2022-04-20 09:30:00-04:00,,1,1,0.19269000356653038,0.19269000356653038,0.19269000356653038,0.4862327949345852,0,0.011972214811284156,58,wavelet_trend,0.0
2022-04-21 10:30:00-04:00,,1,1,0.2753089538100194,0.2753089538100194,0.2753089538100194,0.48777565755255875,0,0.011467136936653893,58,wavelet_trend,0.0
2022-04-21 11:30:00-04:00,,0,-1,0.024046192919845593,-0.024046192919845593,0.024046192919845593,0.48795147377290743,0,0.011774165104720909,58,wavelet_trend,0.0
2022-04-21 13:30:00-04:00,,0,-1,0.2254113693840394,-0.2254113693840394,0.2254113693840394,0.48211058923098143,0,0.011882538824607722,58,wavelet_trend,0.0
2022-04-22 09:30:00-04:00,,0,-1,0.3955494155708477,-0.3955494155708477,0.3955494155708477,0.47826531850388715,0,0.012229058258205647,58,wavelet_trend,0.0
2022-04-22 12:30:00-04:00,,0,-1,0.6107455336244875,-0.6107455336244875,0.6107455336244875,0.47791428657534835,0,0.011910043413156908,58,wavelet_trend,0.0
2022-04-25 09:30:00-04:00,,0,-1,0.8067766541771177,-0.8067766541771177,0.8067766541771177,0.4748844404960404,0,0.011792345376586353,58,wavelet_trend,0.0
2022-04-25 12:30:00-04:00,,0,-1,0.6540486700897054,-0.6540486700897054,0.6540486700897054,0.47519390608355083,0,0.011735537335675353,58,wavelet_trend,0.0
2022-04-25 13:30:00-04:00,,0,-1,0.4354519263447089,-0.4354519263447089,0.4354519263447089,0.47404155109218826,0,0.012106138721810567,58,wavelet_trend,0.0
2022-04-26 09:30:00-04:00,,0,-1,0.42669528541293805,-0.42669528541293805,0.42669528541293805,0.47814045476021155,0,0.013039041536498396,58,wavelet_trend,0.0
2022-04-26 12:30:00-04:00,,0,-1,0.38784257673501643,-0.38784257673501643,0.38784257673501643,0.48057424853867925,0,0.012985925931918418,58,wavelet_trend,0.0
2022-04-27 11:30:00-04:00,,0,-1,0.12154006880868748,-0.12154006880868748,0.12154006880868748,0.4803697466471813,0,0.013132396997838802,58,wavelet_trend,0.0
2022-04-27 14:30:00-04:00,,0,-1,0.2879094958021653,-0.2879094958021653,0.2879094958021653,0.4780060826402897,0,0.01291596327214716,58,wavelet_trend,0.0
2022-04-28 09:30:00-04:00,,0,-1,0.5133872887793565,-0.5133872887793565,0.5133872887793565,0.47785043017979634,0,0.012879303143073761,58,wavelet_trend,0.0
2022-04-28 11:30:00-04:00,,0,-1,0.22514413401295544,-0.22514413401295544,0.22514413401295544,0.4823993669571143,0,0.013161770636544506,58,wavelet_trend,0.0
2022-04-28 12:30:00-04:00,,0,-1,0.02644293415787952,-0.02644293415787952,0.02644293415787952,0.477412961494691,0,0.014186168370865088,58,wavelet_trend,0.0
2022-04-29 09:30:00-04:00,,1,1,0.06090882242326955,0.06090882242326955,0.06090882242326955,0.48514209502954425,0,0.013815011959312548,58,wavelet_trend,0.0
2022-04-29 13:30:00-04:00,,0,-1,0.11173074184765823,-0.11173074184765823,0.11173074184765823,0.4845903551497073,0,0.01342735736347213,58,wavelet_trend,0.0
2022-05-02 09:30:00-04:00,,0,-1,0.015515365077274131,-0.015515365077274131,0.015515365077274131,0.47968844703028035,0,0.013952876369352487,58,wavelet_trend,0.0
2022-05-02 10:30:00-04:00,,0,-1,0.08936436495223438,-0.08936436495223438,0.08936436495223438,0.48384756184959576,0,0.014124800260948157,58,wavelet_trend,0.0
2022-05-02 12:30:00-04:00,,0,-1,0.12178447060302662,-0.12178447060302662,0.12178447060302662,0.48282061340030935,0,0.014465512592628986,58,wavelet_trend,0.0
2022-05-02 14:30:00-04:00,,0,-1,0.22309822488514053,-0.22309822488514053,0.22309822488514053,0.47998051673896985,0,0.015595123068387012,58,wavelet_trend,0.0
2022-05-03 09:30:00-04:00,,0,-1,0.16531349958661015,-0.16531349958661015,0.16531349958661015,0.48439962337306824,0,0.01567599654869261,58,wavelet_trend,0.0
2022-05-04 09:30:00-04:00,,1,1,0.06809890147417495,0.06809890147417495,0.06809890147417495,0.48708367190120394,0,0.015337596846357332,58,wavelet_trend,0.0
2022-05-04 14:30:00-04:00,,1,1,0.41199977911209246,0.41199977911209246,0.41199977911209246,0.4733859953753169,0,0.01787796969861528,58,wavelet_trend,0.0
2022-05-05 09:30:00-04:00,,1,1,0.08411577953015363,0.08411577953015363,0.08411577953015363,0.537552561514578,1,0.02156836052778273,59,wavelet_trend,1.0
2022-05-05 11:30:00-04:00,,0,-1,0.09945987089111911,-0.09945987089111911,0.09945987089111911,0.537552561514578,-1,0.021395120784898584,59,wavelet_trend,1.0
2022-05-06 09:30:00-04:00,,0,-1,0.23002913818819595,-0.23002913818819595,0.23002913818819595,0.4677857093985909,0,0.021732077788463748,59,wavelet_trend,0.0
2022-05-06 13:30:00-04:00,,0,-1,0.23051320218191004,-0.23051320218191004,0.23051320218191004,0.4677857093985909,0,0.021271658813911395,59,wavelet_trend,0.0
2022-05-09 09:30:00-04:00,,0,-1,0.5346050138543915,-0.5346050138543915,0.5346050138543915,0.4677857093985909,0,0.023266189799032822,59,wavelet_trend,0.0
2022-05-09 13:30:00-04:00,,0,-1,0.37039743286700205,-0.37039743286700205,0.37039743286700205,0.4677857093985909,0,0.022989112049412952,59,wavelet_trend,0.0
2022-05-10 10:30:00-04:00,,0,-1,0.4349339016578117,-0.4349339016578117,0.4349339016578117,0.4677857093985909,0,0.024204680656316143,59,wavelet_trend,0.0
2022-05-10 13:30:00-04:00,,0,-1,0.2997628592753018,-0.2997628592753018,0.2997628592753018,0.4677857093985909,0,0.02411182096441424,59,wavelet_trend,0.0
2022-05-11 11:30:00-04:00,,0,-1,0.11563648066712288,-0.11563648066712288,0.11563648066712288,0.537552561514578,-1,0.02361289828777063,59,wavelet_trend,1.0
2022-05-11 12:30:00-04:00,,0,-1,0.1514881096134808,-0.1514881096134808,0.1514881096134808,0.537552561514578,-1,0.023963428553673678,59,wavelet_trend,1.0
2022-05-12 10:30:00-04:00,,0,-1,0.06689441608021988,-0.06689441608021988,0.06689441608021988,0.4677857093985909,0,0.023103090719975686,59,wavelet_trend,0.0
2022-05-12 13:30:00-04:00,,0,-1,0.07709789877162085,-0.07709789877162085,0.07709789877162085,0.49516783245726576,0,0.022355608800157363,59,wavelet_trend,0.0
2022-05-13 09:30:00-04:00,,1,1,0.09258570523497764,0.09258570523497764,0.09258570523497764,0.49516783245726576,0,0.025023850151637817,59,wavelet_trend,0.0
2022-05-16 09:30:00-04:00,,1,1,0.27931741988534964,0.27931741988534964,0.27931741988534964,0.4677857093985909,0,0.023833351312320547,59,wavelet_trend,0.0
2022-05-17 10:30:00-04:00,,1,1,0.30197910378255627,0.30197910378255627,0.30197910378255627,0.537552561514578,1,0.022801447349325377,59,wavelet_trend,1.0
2022-05-18 09:30:00-04:00,,1,1,0.05862690327809965,0.05862690327809965,0.05862690327809965,0.537552561514578,1,0.02202871511775966,59,wavelet_trend,1.0
2022-05-18 11:30:00-04:00,,0,-1,0.07228042308293013,-0.07228042308293013,0.07228042308293013,0.537552561514578,-1,0.021862900290373376,59,wavelet_trend,1.0
2022-05-19 11:30:00-04:00,,0,-1,0.08838093116691458,-0.08838093116691458,0.08838093116691458,0.4677857093985909,0,0.02043155800162231,59,wavelet_trend,0.0
2022-05-20 10:30:00-04:00,,0,-1,0.37613892478234046,-0.37613892478234046,0.37613892478234046,0.4677857093985909,0,0.019796925150186592,59,wavelet_trend,0.0
2022-05-20 12:30:00-04:00,,0,-1,0.29323030156784996,-0.29323030156784996,0.29323030156784996,0.4677857093985909,0,0.019530043281789134,59,wavelet_trend,0.0
2022-05-20 14:30:00-04:00,,0,-1,0.12617660894418464,-0.12617660894418464,0.12617660894418464,0.4677857093985909,0,0.019516521284625943,59,wavelet_trend,0.0
2022-05-23 09:30:00-04:00,,1,1,0.07316377451254763,0.07316377451254763,0.07316377451254763,0.4677857093985909,0,0.01961588461420575,59,wavelet_trend,0.0
2022-05-24 09:30:00-04:00,,0,-1,0.13072566978707267,-0.13072566978707267,0.13072566978707267,0.4677857093985909,0,0.020925718358661582,59,wavelet_trend,0.0
2022-05-25 09:30:00-04:00,,1,1,0.1769599382948831,0.1769599382948831,0.1769599382948831,0.4677857093985909,0,0.02061101809933395,59,wavelet_trend,0.0
2022-05-25 14:30:00-04:00,,1,1,0.07258333683438141,0.07258333683438141,0.07258333683438141,0.4677857093985909,0,0.019636938729231394,59,wavelet_trend,0.0
2022-05-26 09:30:00-04:00,,1,1,0.1765457833828381,0.1765457833828381,0.1765457833828381,0.537552561514578,1,0.02050066443084333,59,wavelet_trend,1.0
2022-05-27 09:30:00-04:00,,1,1,0.4626307189729103,0.4626307189729103,0.4626307189729103,0.537552561514578,1,0.019714007530070177,59,wavelet_trend,1.0
2022-05-31 10:30:00-04:00,,1,1,0.2760741455253074,0.2760741455253074,0.2760741455253074,0.537552561514578,1,0.01836947074973259,59,wavelet_trend,1.0
2022-06-01 09:30:00-04:00,,1,1,0.031708929358170414,0.031708929358170414,0.031708929358170414,0.4677857093985909,0,0.01757644103286375,59,wavelet_trend,0.0
2022-06-01 13:30:00-04:00,,0,-1,0.06730588038794731,-0.06730588038794731,0.06730588038794731,0.4677857093985909,0,0.017243100448904553,59,wavelet_trend,0.0
2022-06-02 10:30:00-04:00,,0,-1,0.028919936525128805,-0.028919936525128805,0.028919936525128805,0.49516783245726576,0,0.01704892805173287,59,wavelet_trend,0.0
2022-06-03 10:30:00-04:00,,1,1,0.04867874616239934,0.04867874616239934,0.04867874616239934,0.537552561514578,1,0.016131754189805877,59,wavelet_trend,1.0
2022-06-06 09:30:00-04:00,,1,1,0.16027561740822951,0.16027561740822951,0.16027561740822951,0.4855013081732621,0,0.015095447909486028,60,wavelet_trend,0.0
2022-06-07 09:30:00-04:00,,1,1,0.039928480856452495,0.039928480856452495,0.039928480856452495,0.48374638261807185,0,0.014003999802528285,60,wavelet_trend,0.0
2022-06-07 14:30:00-04:00,,1,1,0.1988660290043472,0.1988660290043472,0.1988660290043472,0.4848575228731332,0,0.013169409643927496,60,wavelet_trend,0.0
2022-06-08 09:30:00-04:00,,1,1,0.13537811029359256,0.13537811029359256,0.13537811029359256,0.4862110491613054,0,0.013355967571161259,60,wavelet_trend,0.0
2022-06-08 12:30:00-04:00,,1,1,0.01809367424700104,0.01809367424700104,0.01809367424700104,0.4859076337406534,0,0.013340388872646694,60,wavelet_trend,0.0
2022-06-09 10:30:00-04:00,,0,-1,0.11837997308915872,-0.11837997308915872,0.11837997308915872,0.48545644735743926,0,0.013034980489566804,60,wavelet_trend,0.0
2022-06-09 14:30:00-04:00,,0,-1,0.2731329262739322,-0.2731329262739322,0.2731329262739322,0.4831171677567916,0,0.012650361514913295,60,wavelet_trend,0.0
2022-06-10 09:30:00-04:00,,0,-1,0.5585568919772629,-0.5585568919772629,0.5585568919772629,0.48052854541956974,0,0.016701211053054943,60,wavelet_trend,0.0
2022-06-13 09:30:00-04:00,,0,-1,0.603262266557815,-0.603262266557815,0.603262266557815,0.4795510940298013,0,0.023563777866271396,60,wavelet_trend,0.0
2022-06-14 09:30:00-04:00,,0,-1,0.611048621712993,-0.611048621712993,0.611048621712993,0.4836393700163074,0,0.021836457740443675,60,wavelet_trend,0.0
2022-06-15 09:30:00-04:00,,0,-1,0.300433951136816,-0.300433951136816,0.300433951136816,0.485743429469228,0,0.021288835376781088,60,wavelet_trend,0.0
2022-06-15 13:30:00-04:00,,0,-1,0.07752052230372236,-0.07752052230372236,0.07752052230372236,0.4837551736614906,0,0.020495519759996427,60,wavelet_trend,0.0
2022-06-15 14:30:00-04:00,,1,1,0.10216603975089505,0.10216603975089505,0.10216603975089505,0.48109445605893164,0,0.021964465497640976,60,wavelet_trend,0.0
2022-06-16 09:30:00-04:00,,0,-1,0.14764767978311893,-0.14764767978311893,0.14764767978311893,0.48271935623641493,0,0.025960891392467333,60,wavelet_trend,0.0
2022-06-17 13:30:00-04:00,,0,-1,0.24357486259716588,-0.24357486259716588,0.24357486259716588,0.4840135480920888,0,0.022885133151254452,60,wavelet_trend,0.0
2022-06-21 09:30:00-04:00,,0,-1,0.1616998313018388,-0.1616998313018388,0.1616998313018388,0.48716633449831337,0,0.024169780479429824,60,wavelet_trend,0.0
2022-06-24 09:30:00-04:00,,1,1,0.22110430632336825,0.22110430632336825,0.22110430632336825,0.4876350851675076,0,0.02172186524210153,60,wavelet_trend,0.0
2022-06-27 10:30:00-04:00,,1,1,0.39556128890982456,0.39556128890982456,0.39556128890982456,0.4884374794175132,0,0.020207227124815985,60,wavelet_trend,0.0
2022-06-28 12:30:00-04:00,,0,-1,0.018296663041261572,-0.018296663041261572,0.018296663041261572,0.48838435633932464,0,0.01878859645948908,60,wavelet_trend,0.0
2022-06-29 09:30:00-04:00,,0,-1,0.19760390297396235,-0.19760390297396235,0.19760390297396235,0.483628386980998,0,0.018738107360657983,60,wavelet_trend,0.0
2022-06-30 09:30:00-04:00,,0,-1,0.4124588500067947,-0.4124588500067947,0.4124588500067947,0.48234985817324805,0,0.01908312863712597,60,wavelet_trend,0.0
2022-06-30 11:30:00-04:00,,0,-1,0.25503971398662706,-0.25503971398662706,0.25503971398662706,0.4828115447866599,0,0.019660074661652663,60,wavelet_trend,0.0
2022-07-01 09:30:00-04:00,,0,-1,0.22157992359004447,-0.22157992359004447,0.22157992359004447,0.4845237975238969,0,0.018653196605544264,60,wavelet_trend,0.0
2022-07-01 13:30:00-04:00,,1,1,0.06938364491708733,0.06938364491708733,0.06938364491708733,0.48465487804295393,0,0.017957288934897314,60,wavelet_trend,0.0
2022-07-05 09:30:00-04:00,,0,-1,0.12255035539575618,-0.12255035539575618,0.12255035539575618,0.4841337672006214,0,0.019072525464034196,60,wavelet_trend,0.0
2022-07-05 12:30:00-04:00,,1,1,0.044337149032337896,0.044337149032337896,0.044337149032337896,0.48712084522111265,0,0.018695317938902386,60,wavelet_trend,0.0
2022-07-06 10:30:00-04:00,,1,1,0.04056027677186201,0.04056027677186201,0.04056027677186201,0.48881645469661134,0,0.018287371377292545,60,wavelet_trend,0.0
2022-07-06 14:30:00-04:00,,1,1,0.1328687958134231,0.1328687958134231,0.1328687958134231,0.48514443650817407,0,0.0174327654406723,60,wavelet_trend,0.0
2022-07-07 09:30:00-04:00,,1,1,0.17892092711576005,0.17892092711576005,0.17892092711576005,0.53332081711641,1,0.01874649673676432,61,wavelet_trend,1.0
2022-07-08 11:30:00-04:00,,1,1,0.1551285600070752,0.1551285600070752,0.1551285600070752,0.53332081711641,1,0.01720959267635373,61,wavelet_trend,1.0
2022-07-11 09:30:00-04:00,,1,1,0.0026104480530540846,0.0026104480530540846,0.0026104480530540846,0.47381949711487703,0,0.017969266889604152,61,wavelet_trend,0.0
2022-07-12 14:30:00-04:00,,0,-1,0.20415577091387546,-0.20415577091387546,0.20415577091387546,0.47381949711487703,0,0.016019855834321563,61,wavelet_trend,0.0
2022-07-13 13:30:00-04:00,,0,-1,0.008672782067329573,-0.008672782067329573,0.008672782067329573,0.47381949711487703,0,0.01516041270546213,61,wavelet_trend,0.0
2022-07-14 09:30:00-04:00,,0,-1,0.24911848402607015,-0.24911848402607015,0.24911848402607015,0.43151826642589924,0,0.016940200202915756,61,wavelet_trend,0.0
2022-07-14 13:30:00-04:00,,0,-1,0.1825603717531136,-0.1825603717531136,0.1825603717531136,0.44919157587115693,0,0.01654585158355003,61,wavelet_trend,0.0
2022-07-15 09:30:00-04:00,,1,1,0.024470657834880786,0.024470657834880786,0.024470657834880786,0.47381949711487703,0,0.016574743210152496,61,wavelet_trend,0.0
2022-07-15 12:30:00-04:00,,1,1,0.13844063143903007,0.13844063143903007,0.13844063143903007,0.47381949711487703,0,0.016079546151724196,61,wavelet_trend,0.0
2022-07-18 09:30:00-04:00,,1,1,0.21485262647820758,0.21485262647820758,0.21485262647820758,0.53332081711641,1,0.016371210076116895,61,wavelet_trend,1.0
2022-07-18 13:30:00-04:00,,1,1,0.3186029174788935,0.3186029174788935,0.3186029174788935,0.53332081711641,1,0.01622355223014376,61,wavelet_trend,1.0
2022-07-19 09:30:00-04:00,,1,1,0.34280101419233316,0.34280101419233316,0.34280101419233316,0.53332081711641,1,0.018709411014422125,61,wavelet_trend,1.0
2022-07-20 09:30:00-04:00,,1,1,0.369342653203037,0.369342653203037,0.369342653203037,0.53332081711641,1,0.017315211865554098,61,wavelet_trend,1.0
2022-07-21 09:30:00-04:00,,1,1,0.31919376747160616,0.31919376747160616,0.31919376747160616,0.47381949711487703,0,0.017065982139222,61,wavelet_trend,0.0
2022-07-21 11:30:00-04:00,,1,1,0.20889089027062854,0.20889089027062854,0.20889089027062854,0.53332081711641,1,0.016849678328848566,61,wavelet_trend,1.0
2022-07-22 11:30:00-04:00,,0,-1,0.010097131778289976,-0.010097131778289976,0.010097131778289976,0.53332081711641,-1,0.015982474397945458,61,wavelet_trend,1.0
2022-07-22 13:30:00-04:00,,0,-1,0.12758599680581656,-0.12758599680581656,0.12758599680581656,0.47381949711487703,0,0.01587173494921402,61,wavelet_trend,0.0
2022-07-25 10:30:00-04:00,,0,-1,0.06261310629997123,-0.06261310629997123,0.06261310629997123,0.5317756014477331,-1,0.015120337558121923,61,wavelet_trend,1.0
2022-07-27 09:30:00-04:00,,1,1,0.10299614432661629,0.10299614432661629,0.10299614432661629,0.47381949711487703,0,0.01352587830102924,61,wavelet_trend,0.0
2022-07-27 14:30:00-04:00,,1,1,0.22252419336923593,0.22252419336923593,0.22252419336923593,0.47381949711487703,0,0.014387911095190864,61,wavelet_trend,0.0
2022-07-28 09:30:00-04:00,,1,1,0.1406662302432054,0.1406662302432054,0.1406662302432054,0.5317756014477331,1,0.014480968016549273,61,wavelet_trend,1.0
2022-07-28 10:30:00-04:00,,1,1,0.22393466091671255,0.22393466091671255,0.22393466091671255,0.53332081711641,1,0.015149351662707443,61,wavelet_trend,1.0
2022-07-29 09:30:00-04:00,,1,1,0.43877694940745066,0.43877694940745066,0.43877694940745066,0.53332081711641,1,0.014047591648344598,61,wavelet_trend,1.0
2022-08-01 09:30:00-04:00,,1,1,0.07829624870387243,0.07829624870387243,0.07829624870387243,0.47381949711487703,0,0.013739529980052173,61,wavelet_trend,0.0
2022-08-01 11:30:00-04:00,,1,1,0.33305960706058735,0.33305960706058735,0.33305960706058735,0.53332081711641,1,0.013729170632173014,61,wavelet_trend,1.0
2022-08-02 11:30:00-04:00,,1,1,0.11826047202218883,0.11826047202218883,0.11826047202218883,0.5317756014477331,1,0.012672407836376116,61,wavelet_trend,1.0
2022-08-03 09:30:00-04:00,,1,1,0.07631020839303568,0.07631020839303568,0.07631020839303568,0.53332081711641,1,0.01250530921713574,61,wavelet_trend,1.0
2022-08-05 09:30:00-04:00,,1,1,0.21342697291682886,0.21342697291682886,0.21342697291682886,0.4836873932658232,0,0.010696438384032645,62,wavelet_trend,0.0
2022-08-05 10:30:00-04:00,,1,1,0.09264240886906433,0.09264240886906433,0.09264240886906433,0.48862431567746384,0,0.01162013969006997,62,wavelet_trend,0.0
2022-08-05 11:30:00-04:00,,1,1,0.09705513462771137,0.09705513462771137,0.09705513462771137,0.4903147795165591,0,0.011963922909967926,62,wavelet_trend,0.0
2022-08-08 09:30:00-04:00,,1,1,0.26033869766231,0.26033869766231,0.26033869766231,0.4933208070749477,0,0.01300298002859562,62,wavelet_trend,0.0
2022-08-08 11:30:00-04:00,,1,1,0.1479603771259462,0.1479603771259462,0.1479603771259462,0.4933046516396192,0,0.013399790927621467,62,wavelet_trend,0.0
2022-08-09 09:30:00-04:00,,1,1,0.06543751578704561,0.06543751578704561,0.06543751578704561,0.4902674957544821,0,0.013375093303042578,62,wavelet_trend,0.0
2022-08-10 09:30:00-04:00,,1,1,0.19120019889046666,0.19120019889046666,0.19120019889046666,0.4932098899615612,0,0.014643654400303966,62,wavelet_trend,0.0
2022-08-11 09:30:00-04:00,,1,1,0.32254105208642775,0.32254105208642775,0.32254105208642775,0.4929402109749141,0,0.014693904774347856,62,wavelet_trend,0.0
2022-08-11 14:30:00-04:00,,1,1,0.3781304556482553,0.3781304556482553,0.3781304556482553,0.49067762312081226,0,0.014239234143021513,62,wavelet_trend,0.0
2022-08-12 10:30:00-04:00,,1,1,0.4943020982980609,0.4943020982980609,0.4943020982980609,0.4897853378591094,0,0.01406398333825217,62,wavelet_trend,0.0
2022-08-15 12:30:00-04:00,,1,1,0.16132756910927917,0.16132756910927917,0.16132756910927917,0.490313604065835,0,0.013138584696789192,62,wavelet_trend,0.0
2022-08-16 11:30:00-04:00,,1,1,0.1919265574921814,0.1919265574921814,0.1919265574921814,0.4890014846685788,0,0.012700799041402536,62,wavelet_trend,0.0
2022-08-17 09:30:00-04:00,,0,-1,0.13969490004948676,-0.13969490004948676,0.13969490004948676,0.48665358494016203,0,0.014009708490593098,62,wavelet_trend,0.0
2022-08-18 14:30:00-04:00,,0,-1,0.12134033560971426,-0.12134033560971426,0.12134033560971426,0.4872776788317876,0,0.012379333670445084,62,wavelet_trend,0.0
2022-08-19 09:30:00-04:00,,0,-1,0.3031664359033381,-0.3031664359033381,0.3031664359033381,0.4850159954552813,0,0.014345546171375618,62,wavelet_trend,0.0
2022-08-22 09:30:00-04:00,,0,-1,0.3658459899616421,-0.3658459899616421,0.3658459899616421,0.4832633880743914,0,0.015292907480513866,62,wavelet_trend,0.0
2022-08-23 09:30:00-04:00,,0,-1,0.3934683324763392,-0.3934683324763392,0.3934683324763392,0.485256377870377,0,0.014370220856247808,62,wavelet_trend,0.0
2022-08-24 09:30:00-04:00,,0,-1,0.13663585767629155,-0.13663585767629155,0.13663585767629155,0.48694559623652467,0,0.013581330697843105,62,wavelet_trend,0.0
2022-08-25 09:30:00-04:00,,1,1,0.28315810010933273,0.28315810010933273,0.28315810010933273,0.4895242396184078,0,0.013861634932377059,62,wavelet_trend,0.0
2022-08-26 09:30:00-04:00,,1,1,0.06187337452599448,0.06187337452599448,0.06187337452599448,0.4875526222189005,0,0.01414509649712227,62,wavelet_trend,0.0
2022-08-26 10:30:00-04:00,,0,-1,0.006458540918531838,-0.006458540918531838,0.006458540918531838,0.4885609307007406,0,0.014419674329746597,62,wavelet_trend,0.0
2022-08-26 14:30:00-04:00,,0,-1,0.16570960792497855,-0.16570960792497855,0.16570960792497855,0.4875346427519117,0,0.01386678804464585,62,wavelet_trend,0.0
2022-08-30 09:30:00-04:00,,0,-1,0.5656933001645348,-0.5656933001645348,0.5656933001645348,0.4824113519892415,0,0.01275534641617245,62,wavelet_trend,0.0
2022-08-30 12:30:00-04:00,,0,-1,0.4578488279413634,-0.4578488279413634,0.4578488279413634,0.48356280052070766,0,0.012398232106904968,62,wavelet_trend,0.0
2022-09-01 09:30:00-04:00,,0,-1,0.48259326392950497,-0.48259326392950497,0.48259326392950497,0.4819462286172507,0,0.012704004177032997,62,wavelet_trend,0.0
2022-09-02 09:30:00-04:00,,0,-1,0.08126392601287749,-0.08126392601287749,0.08126392601287749,0.4859284509319415,0,0.012984256676567045,62,wavelet_trend,0.0
2022-09-02 12:30:00-04:00,,0,-1,0.2482634354835497,-0.2482634354835497,0.2482634354835497,0.48656677882837573,0,0.013471737818818086,62,wavelet_trend,0.0
2022-09-06 09:30:00-04:00,,0,-1,0.3546423496502805,-0.3546423496502805,0.3546423496502805,0.4878593583671502,0,0.013337816608763356,63,wavelet_trend,0.0
2022-09-07 10:30:00-04:00,,0,-1,0.13116416972342687,-0.13116416972342687,0.13116416972342687,0.4895442852864594,0,0.01262721523921919,63,wavelet_trend,0.0
2022-09-07 13:30:00-04:00,,0,-1,0.08361912701464776,-0.08361912701464776,0.08361912701464776,0.48883440044361764,0,0.012544406960879344,63,wavelet_trend,0.0
2022-09-08 10:30:00-04:00,,1,1,0.21938961020430156,0.21938961020430156,0.21938961020430156,0.4897838559850045,0,0.012406266737309097,63,wavelet_trend,0.0
2022-09-08 11:30:00-04:00,,1,1,0.22129854582753733,0.22129854582753733,0.22129854582753733,0.4897831609873419,0,0.012783191478214113,63,wavelet_trend,0.0
2022-09-08 13:30:00-04:00,,1,1,0.2928522903804661,0.2928522903804661,0.2928522903804661,0.49002365790949676,0,0.012858787332386002,63,wavelet_trend,0.0
2022-09-09 09:30:00-04:00,,1,1,0.5161356071392182,0.5161356071392182,0.5161356071392182,0.4913323729319061,0,0.014172925181901767,63,wavelet_trend,0.0
2022-09-12 09:30:00-04:00,,1,1,0.4437886733412725,0.4437886733412725,0.4437886733412725,0.4910536187641257,0,0.013604497761488452,63,wavelet_trend,0.0
2022-09-13 09:30:00-04:00,,1,1,0.0726033497577015,0.0726033497577015,0.0726033497577015,0.4898071264133857,0,0.016434052097486933,63,wavelet_trend,0.0
2022-09-13 14:30:00-04:00,,0,-1,0.2686853601633263,-0.2686853601633263,0.2686853601633263,0.48962453819931173,0,0.015895364932298817,63,wavelet_trend,0.0
2022-09-14 10:30:00-04:00,,0,-1,0.24664748734485772,-0.24664748734485772,0.24664748734485772,0.48881879981947784,0,0.01622410281098307,63,wavelet_trend,0.0
2022-09-15 09:30:00-04:00,,0,-1,0.32109256403915476,-0.32109256403915476,0.32109256403915476,0.4889846936950126,0,0.01545394418548986,63,wavelet_trend,0.0
2022-09-15 14:30:00-04:00,,0,-1,0.16939953789238205,-0.16939953789238205,0.16939953789238205,0.489742803186179,0,0.015569495269822096,63,wavelet_trend,0.0
2022-09-16 09:30:00-04:00,,0,-1,0.1904643454616729,-0.1904643454616729,0.1904643454616729,0.48746979260548107,0,0.0169046494005621,63,wavelet_trend,0.0
2022-09-19 14:30:00-04:00,,0,-1,0.18924713455512215,-0.18924713455512215,0.18924713455512215,0.48897813792372996,0,0.015057155229724587,63,wavelet_trend,0.0
2022-09-20 09:30:00-04:00,,0,-1,0.16871681265528204,-0.16871681265528204,0.16871681265528204,0.48986534992548963,0,0.015745010440907103,63,wavelet_trend,0.0
2022-09-21 09:30:00-04:00,,1,1,0.10193977952055121,0.10193977952055121,0.10193977952055121,0.4895653630083774,0,0.01515236695679455,63,wavelet_trend,0.0
2022-09-21 13:30:00-04:00,,0,-1,0.09752603338178772,-0.09752603338178772,0.09752603338178772,0.4869966606072283,0,0.015096714023186084,63,wavelet_trend,0.0
2022-09-22 09:30:00-04:00,,0,-1,0.41483022938207886,-0.41483022938207886,0.41483022938207886,0.48738460058237437,0,0.01629497934283061,63,wavelet_trend,0.0
2022-09-23 09:30:00-04:00,,0,-1,0.5442945807139788,-0.5442945807139788,0.5442945807139788,0.4865500047663243,0,0.017660850446831414,63,wavelet_trend,0.0
2022-09-23 11:30:00-04:00,,0,-1,0.7245646797482376,-0.7245646797482376,0.7245646797482376,0.4877960615348712,0,0.01754057501480621,63,wavelet_trend,0.0
2022-09-26 09:30:00-04:00,,0,-1,0.4022944519556256,-0.4022944519556256,0.4022944519556256,0.48738123920853693,0,0.017668663122111503,63,wavelet_trend,0.0
2022-09-26 10:30:00-04:00,,0,-1,0.4220167482345414,-0.4220167482345414,0.4220167482345414,0.48972859692065124,0,0.018344284552801265,63,wavelet_trend,0.0
2022-09-26 12:30:00-04:00,,0,-1,0.3565559954435601,-0.3565559954435601,0.3565559954435601,0.48962921680694005,0,0.01804438525290905,63,wavelet_trend,0.0
2022-09-27 09:30:00-04:00,,0,-1,0.2432854226688971,-0.2432854226688971,0.2432854226688971,0.48880532981081304,0,0.01811830971704311,63,wavelet_trend,0.0
2022-09-27 11:30:00-04:00,,0,-1,0.12616863755206517,-0.12616863755206517,0.12616863755206517,0.48910251651038783,0,0.018049773802143856,63,wavelet_trend,0.0
2022-09-28 09:30:00-04:00,,1,1,0.08163733927502889,0.08163733927502889,0.08163733927502889,0.4895062604639446,0,0.01855034628456513,63,wavelet_trend,0.0
2022-09-28 13:30:00-04:00,,1,1,0.2616402618572103,0.2616402618572103,0.2616402618572103,0.4896886113154442,0,0.017813947267992424,63,wavelet_trend,0.0
2022-09-29 09:30:00-04:00,,0,-1,0.008581133078673465,-0.008581133078673465,0.008581133078673465,0.48918524766353616,0,0.02162022200341254,63,wavelet_trend,0.0
2022-09-30 09:30:00-04:00,,1,1,0.14176936994138764,0.14176936994138764,0.14176936994138764,0.4895781073562824,0,0.02040714459611294,63,wavelet_trend,0.0
2022-09-30 13:30:00-04:00,,0,-1,0.09143161633785082,-0.09143161633785082,0.09143161633785082,0.49013447356014883,0,0.020224874129091484,63,wavelet_trend,0.0
2022-10-03 09:30:00-04:00,,0,-1,0.07439225124596352,-0.07439225124596352,0.07439225124596352,0.4899204971641908,0,0.021671882097797454,63,wavelet_trend,0.0
2022-10-04 09:30:00-04:00,,1,1,0.3623755064428272,0.3623755064428272,0.3623755064428272,0.4921132068079379,0,0.023175678591852933,63,wavelet_trend,0.0
2022-10-05 09:30:00-04:00,,1,1,0.20813782725222268,0.20813782725222268,0.20813782725222268,0.48960551314108036,0,0.02401911435536097,64,wavelet_trend,0.0
2022-10-05 12:30:00-04:00,,1,1,0.19999360329972118,0.19999360329972118,0.19999360329972118,0.48942915750236893,0,0.02328007256837764,64,wavelet_trend,0.0
2022-10-07 09:30:00-04:00,,0,-1,0.17708575049362593,-0.17708575049362593,0.17708575049362593,0.4880003173397012,0,0.021862317557042182,64,wavelet_trend,0.0
2022-10-07 14:30:00-04:00,,0,-1,0.26217657957672774,-0.26217657957672774,0.26217657957672774,0.48872521920253253,0,0.02048589209843607,64,wavelet_trend,0.0
2022-10-11 09:30:00-04:00,,0,-1,0.3953905667089425,-0.3953905667089425,0.3953905667089425,0.4876690962069517,0,0.018862087526524202,64,wavelet_trend,0.0
2022-10-11 10:30:00-04:00,,0,-1,0.2682704066000738,-0.2682704066000738,0.2682704066000738,0.488054199360727,0,0.019404798298000743,64,wavelet_trend,0.0
2022-10-11 14:30:00-04:00,,0,-1,0.11601259734904759,-0.11601259734904759,0.11601259734904759,0.487573402889922,0,0.019316760530672564,64,wavelet_trend,0.0
2022-10-12 13:30:00-04:00,,1,1,0.054550413495702166,0.054550413495702166,0.054550413495702166,0.48816863544697525,0,0.018451426431443933,64,wavelet_trend,0.0
2022-10-13 09:30:00-04:00,,0,-1,0.16742939195351414,-0.16742939195351414,0.16742939195351414,0.48743570908959605,0,0.01901583006083318,64,wavelet_trend,0.0
2022-10-13 10:30:00-04:00,,1,1,0.04660022922152864,0.04660022922152864,0.04660022922152864,0.48785141290579126,0,0.02174171829668884,64,wavelet_trend,0.0
2022-10-13 12:30:00-04:00,,1,1,0.14389745608633214,0.14389745608633214,0.14389745608633214,0.4884639498470497,0,0.02206187867375043,64,wavelet_trend,0.0
2022-10-14 11:30:00-04:00,,1,1,0.10200334266447147,0.10200334266447147,0.10200334266447147,0.48972858235450445,0,0.020996709765037008,64,wavelet_trend,0.0
2022-10-17 09:30:00-04:00,,1,1,0.16350908058081343,0.16350908058081343,0.16350908058081343,0.48992430613684185,0,0.02353515894893177,64,wavelet_trend,0.0
2022-10-18 09:30:00-04:00,,1,1,0.1380953092917586,0.1380953092917586,0.1380953092917586,0.489998738135665,0,0.02225689042903459,64,wavelet_trend,0.0
2022-10-19 10:30:00-04:00,,1,1,0.21717628712810422,0.21717628712810422,0.21717628712810422,0.48930635064436834,0,0.02080531393707777,64,wavelet_trend,0.0
2022-10-20 09:30:00-04:00,,1,1,0.06389185510753048,0.06389185510753048,0.06389185510753048,0.4884669752878522,0,0.020141786579725585,64,wavelet_trend,0.0
2022-10-20 11:30:00-04:00,,0,-1,0.18157492406336453,-0.18157492406336453,0.18157492406336453,0.489024706688524,0,0.020084253969831736,64,wavelet_trend,0.0
2022-10-20 13:30:00-04:00,,0,-1,0.24187093233773163,-0.24187093233773163,0.24187093233773163,0.48875786714272473,0,0.019877273426046203,64,wavelet_trend,0.0
2022-10-21 11:30:00-04:00,,0,-1,0.11441293013590473,-0.11441293013590473,0.11441293013590473,0.48828568042619774,0,0.01878891098011163,64,wavelet_trend,0.0
2022-10-21 14:30:00-04:00,,1,1,0.15142786936649982,0.15142786936649982,0.15142786936649982,0.48831149597191914,0,0.01826910084584717,64,wavelet_trend,0.0
2022-10-24 14:30:00-04:00,,1,1,0.19795797411317598,0.19795797411317598,0.19795797411317598,0.48885996895205547,0,0.01712135262235009,64,wavelet_trend,0.0
2022-10-25 09:30:00-04:00,,1,1,0.41091029006040225,0.41091029006040225,0.41091029006040225,0.4890842551454774,0,0.01927266000473104,64,wavelet_trend,0.0
2022-10-26 09:30:00-04:00,,1,1,0.3555106912928883,0.3555106912928883,0.3555106912928883,0.4894536062421411,0,0.018422144143837648,64,wavelet_trend,0.0
2022-10-26 14:30:00-04:00,,1,1,0.3279737686841738,0.3279737686841738,0.3279737686841738,0.4894153259814543,0,0.01795493257630046,64,wavelet_trend,0.0
2022-10-27 09:30:00-04:00,,1,1,0.3691882493130429,0.3691882493130429,0.3691882493130429,0.4890957600022747,0,0.018229056349521326,64,wavelet_trend,0.0
2022-10-28 11:30:00-04:00,,1,1,0.0804500961766945,0.0804500961766945,0.0804500961766945,0.4888874032416239,0,0.017188546041884994,64,wavelet_trend,0.0
2022-10-31 12:30:00-04:00,,1,1,0.13022558787307514,0.13022558787307514,0.13022558787307514,0.48869477111162885,0,0.015686609680260446,64,wavelet_trend,0.0
2022-11-02 09:30:00-04:00,,0,-1,0.0877482268820308,-0.0877482268820308,0.0877482268820308,0.48825402086667896,0,0.015089923404633302,64,wavelet_trend,0.0
2022-11-02 13:30:00-04:00,,1,1,0.06686135313821782,0.06686135313821782,0.06686135313821782,0.48763240878248254,0,0.01671614565590072,64,wavelet_trend,0.0
2022-11-02 14:30:00-04:00,,0,-1,0.21449249604254417,-0.21449249604254417,0.21449249604254417,0.4878850519533439,0,0.022619721390793202,64,wavelet_trend,0.0
2022-11-04 09:30:00-04:00,,0,-1,0.16224692176715663,-0.16224692176715663,0.16224692176715663,0.4868930443335057,0,0.02135470461578342,65,wavelet_trend,0.0
2022-11-04 11:30:00-04:00,,0,-1,0.18713739303097382,-0.18713739303097382,0.18713739303097382,0.4869480388448816,0,0.02121259048735169,65,wavelet_trend,0.0
2022-11-08 10:30:00-05:00,,1,1,0.22914557844511613,0.22914557844511613,0.22914557844511613,0.48698048418406653,0,0.018665312151896717,65,wavelet_trend,0.0
2022-11-08 12:30:00-05:00,,1,1,0.06794816824529593,0.06794816824529593,0.06794816824529593,0.4869345702468911,0,0.018685823881375626,65,wavelet_trend,0.0
2022-11-09 11:30:00-05:00,,0,-1,0.05874640327263564,-0.05874640327263564,0.05874640327263564,0.48688101099921355,0,0.018485622421067764,65,wavelet_trend,0.0
2022-11-09 14:30:00-05:00,,0,-1,0.16792733784060235,-0.16792733784060235,0.16792733784060235,0.48678555042382216,0,0.01787525197833379,65,wavelet_trend,0.0
2022-11-10 09:30:00-05:00,,1,1,0.1318475724211117,0.1318475724211117,0.1318475724211117,0.48704663217904265,0,0.028070973222908892,65,wavelet_trend,0.0
2022-11-11 09:30:00-05:00,,1,1,0.28497453324322863,0.28497453324322863,0.28497453324322863,0.48702489887011036,0,0.02628873767920134,65,wavelet_trend,0.0
2022-11-14 10:30:00-05:00,,1,1,0.3811617585935828,0.3811617585935828,0.3811617585935828,0.4870472985942471,0,0.024273072393781348,65,wavelet_trend,0.0
2022-11-15 09:30:00-05:00,,1,1,0.14330763902771781,0.14330763902771781,0.14330763902771781,0.48702691888650107,0,0.02463510275936462,65,wavelet_trend,0.0
2022-11-16 09:30:00-05:00,,0,-1,0.08844765817802538,-0.08844765817802538,0.08844765817802538,0.4867872259900542,0,0.02386392188605225,65,wavelet_trend,0.0
2022-11-17 09:30:00-05:00,,0,-1,0.1681771267408597,-0.1681771267408597,0.1681771267408597,0.48675900245177545,0,0.022402173585244847,65,wavelet_trend,0.0
2022-11-18 09:30:00-05:00,,0,-1,0.13810663892923464,-0.13810663892923464,0.13810663892923464,0.48680678733654087,0,0.021005626373602412,65,wavelet_trend,0.0
2022-11-21 09:30:00-05:00,,0,-1,0.07351180454272155,-0.07351180454272155,0.07351180454272155,0.48677028076826934,0,0.01948515146558425,65,wavelet_trend,0.0
2022-11-22 14:30:00-05:00,,1,1,0.05596093734273753,0.05596093734273753,0.05596093734273753,0.486789094565694,0,0.016874637495516185,65,wavelet_trend,0.0
2022-11-25 11:30:00-05:00,,1,1,0.12182421701708873,0.12182421701708873,0.12182421701708873,0.48688826351991366,0,0.014767343670652895,65,wavelet_trend,0.0
2022-11-28 09:30:00-05:00,,1,1,0.05456117936466994,0.05456117936466994,0.05456117936466994,0.48674808438851985,0,0.01475778751942921,65,wavelet_trend,0.0
2022-11-28 13:30:00-05:00,,0,-1,0.1579260678808176,-0.1579260678808176,0.1579260678808176,0.48672730833634503,0,0.014264670915296773,65,wavelet_trend,0.0
2022-11-29 09:30:00-05:00,,0,-1,0.0531042913376373,-0.0531042913376373,0.0531042913376373,0.4867496752905236,0,0.014321813776398542,65,wavelet_trend,0.0
2022-11-30 09:30:00-05:00,,0,-1,0.28599072266690195,-0.28599072266690195,0.28599072266690195,0.4867526103558388,0,0.013429670437198544,65,wavelet_trend,0.0
2022-11-30 13:30:00-05:00,,1,1,0.1179350070675765,0.1179350070675765,0.1179350070675765,0.4866401576491426,0,0.01637322742533083,65,wavelet_trend,0.0
2022-12-02 14:30:00-05:00,,1,1,0.4067447323094525,0.4067447323094525,0.4067447323094525,0.48679261436465426,0,0.014082339281272683,65,wavelet_trend,0.0
2022-12-05 09:30:00-05:00,,0,-1,0.07957720582322132,-0.07957720582322132,0.07957720582322132,0.48658960756917935,0,0.01592476213339948,66,wavelet_trend,0.0
2022-12-05 14:30:00-05:00,,0,-1,0.251986270725323,-0.251986270725323,0.251986270725323,0.486928080392524,0,0.01497796680708707,66,wavelet_trend,0.0
2022-12-06 10:30:00-05:00,,0,-1,0.33877630517040247,-0.33877630517040247,0.33877630517040247,0.48707789839700083,0,0.014810961054786628,66,wavelet_trend,0.0
2022-12-06 13:30:00-05:00,,0,-1,0.46783637161923114,-0.46783637161923114,0.46783637161923114,0.48732801156286404,0,0.014341205881426955,66,wavelet_trend,0.0
2022-12-08 09:30:00-05:00,,1,1,0.002479846433133913,0.002479846433133913,0.002479846433133913,0.4873511076993777,0,0.014232833507426643,66,wavelet_trend,0.0
2022-12-08 13:30:00-05:00,,0,-1,0.00902733230867664,-0.00902733230867664,0.00902733230867664,0.48675995995822047,0,0.01381334718366238,66,wavelet_trend,0.0
2022-12-09 13:30:00-05:00,,0,-1,0.04174303230346004,-0.04174303230346004,0.04174303230346004,0.48724587151229043,0,0.012643283452221014,66,wavelet_trend,0.0
2022-12-12 10:30:00-05:00,,1,1,0.04566748379844733,0.04566748379844733,0.04566748379844733,0.487291324897013,0,0.012331644022145219,66,wavelet_trend,0.0
2022-12-13 09:30:00-05:00,,1,1,0.21120052515624266,0.21120052515624266,0.21120052515624266,0.4857395436372929,0,0.013574366519198374,66,wavelet_trend,0.0
2022-12-13 11:30:00-05:00,,1,1,0.10003237683717818,0.10003237683717818,0.10003237683717818,0.48562289126195735,0,0.013770592734813758,66,wavelet_trend,0.0
2022-12-14 10:30:00-05:00,,1,1,0.3306831201047878,0.3306831201047878,0.3306831201047878,0.4859240058622132,0,0.012965610700198927,66,wavelet_trend,0.0
2022-12-14 13:30:00-05:00,,1,1,0.09248446707441585,0.09248446707441585,0.09248446707441585,0.487242577953914,0,0.012878337911482816,66,wavelet_trend,0.0
2022-12-15 09:30:00-05:00,,0,-1,0.17006422353231992,-0.17006422353231992,0.17006422353231992,0.48744432155282263,0,0.014004330933608927,66,wavelet_trend,0.0
2022-12-15 10:30:00-05:00,,0,-1,0.2547038992632344,-0.2547038992632344,0.2547038992632344,0.4872611441177333,0,0.01423809010185342,66,wavelet_trend,0.0
2022-12-16 09:30:00-05:00,,0,-1,0.4831083445368462,-0.4831083445368462,0.4831083445368462,0.4877536145293318,0,0.014608825432330226,66,wavelet_trend,0.0
2022-12-19 11:30:00-05:00,,0,-1,0.3112137961356741,-0.3112137961356741,0.3112137961356741,0.48670396949941946,0,0.01328330578847905,66,wavelet_trend,0.0
2022-12-20 09:30:00-05:00,,0,-1,0.18332291022283737,-0.18332291022283737,0.18332291022283737,0.487455852648036,0,0.01303583831587747,66,wavelet_trend,0.0
2022-12-21 09:30:00-05:00,,1,1,0.09472606738762834,0.09472606738762834,0.09472606738762834,0.4863165611234137,0,0.013532574755002103,66,wavelet_trend,0.0
2022-12-22 09:30:00-05:00,,1,1,0.03667256715926995,0.03667256715926995,0.03667256715926995,0.4871821327810916,0,0.014961358120098136,66,wavelet_trend,0.0
2022-12-22 14:30:00-05:00,,0,-1,0.003122356825653385,-0.003122356825653385,0.003122356825653385,0.4874139768113817,0,0.01478314790133372,66,wavelet_trend,0.0
2022-12-27 13:30:00-05:00,,1,1,0.09245703282635498,0.09245703282635498,0.09245703282635498,0.48730305901556137,0,0.012571272586742777,66,wavelet_trend,0.0
2022-12-28 10:30:00-05:00,,0,-1,0.1376564697398457,-0.1376564697398457,0.1376564697398457,0.4873712324209454,0,0.012187760585609525,66,wavelet_trend,0.0
2022-12-29 09:30:00-05:00,,0,-1,0.015069533322002072,-0.015069533322002072,0.015069533322002072,0.48668667917902786,0,0.01404584546555698,66,wavelet_trend,0.0
2022-12-30 12:30:00-05:00,,1,1,0.1097361758822741,0.1097361758822741,0.1097361758822741,0.4866327194632337,0,0.01259789359590017,66,wavelet_trend,0.0
2023-01-03 13:30:00-05:00,,0,-1,0.19880826131223253,-0.19880826131223253,0.19880826131223253,0.4868820177260364,0,0.011962785599891501,66,wavelet_trend,0.0
2023-01-04 09:30:00-05:00,,1,1,0.029861558956113053,0.029861558956113053,0.029861558956113053,0.4862344992396535,0,0.012267921880157807,66,wavelet_trend,0.0
2023-01-04 13:30:00-05:00,,1,1,0.06682684634746491,0.06682684634746491,0.06682684634746491,0.48685889059990456,0,0.01222544746901309,66,wavelet_trend,0.0
2023-01-05 09:30:00-05:00,,1,1,0.02901881290971772,0.02901881290971772,0.02901881290971772,0.48800239537322454,0,0.012374106503220164,67,wavelet_trend,0.0
2023-01-06 09:30:00-05:00,,1,1,0.1900219954129777,0.1900219954129777,0.1900219954129777,0.48718982745798645,0,0.012505325455322668,67,wavelet_trend,0.0
2023-01-06 10:30:00-05:00,,1,1,0.26296305199866404,0.26296305199866404,0.26296305199866404,0.48636281068832726,0,0.01271029669091887,67,wavelet_trend,0.0
2023-01-09 09:30:00-05:00,,1,1,0.2587587435171538,0.2587587435171538,0.2587587435171538,0.48640631380930366,0,0.012171953636243018,67,wavelet_trend,0.0
2023-01-09 14:30:00-05:00,,1,1,0.28571624032706955,0.28571624032706955,0.28571624032706955,0.4869062033035929,0,0.011766301865283187,67,wavelet_trend,0.0
2023-01-10 11:30:00-05:00,,1,1,0.2620589033137348,0.2620589033137348,0.2620589033137348,0.48697379860874845,0,0.011216969974998235,67,wavelet_trend,0.0
2023-01-11 09:30:00-05:00,,1,1,0.3499970133846408,0.3499970133846408,0.3499970133846408,0.48689222244502367,0,0.011187633254834174,67,wavelet_trend,0.0
2023-01-12 09:30:00-05:00,,1,1,0.46688457753626506,0.46688457753626506,0.46688457753626506,0.4880968482363141,0,0.010494112161476476,67,wavelet_trend,0.0
2023-01-12 11:30:00-05:00,,1,1,0.5393385036355604,0.5393385036355604,0.5393385036355604,0.48774382331766186,0,0.010433542816603778,67,wavelet_trend,0.0
2023-01-13 14:30:00-05:00,,1,1,0.43746523906240514,0.43746523906240514,0.43746523906240514,0.4888354240149522,0,0.00926180731157394,67,wavelet_trend,0.0
2023-01-18 09:30:00-05:00,,1,1,0.2956156615767653,0.2956156615767653,0.2956156615767653,0.4876197623457455,0,0.009344957872266215,67,wavelet_trend,0.0
2023-01-18 10:30:00-05:00,,1,1,0.012916650096502084,0.012916650096502084,0.012916650096502084,0.48676362897082687,0,0.011329559960430136,67,wavelet_trend,0.0
2023-01-18 14:30:00-05:00,,0,-1,0.15999632336606195,-0.15999632336606195,0.15999632336606195,0.4867274609547407,0,0.011116920894744375,67,wavelet_trend,0.0
2023-01-19 09:30:00-05:00,,0,-1,0.3656569680265767,-0.3656569680265767,0.3656569680265767,0.4885829795449865,0,0.011898953021456563,67,wavelet_trend,0.0
2023-01-19 13:30:00-05:00,,0,-1,0.26444031952246133,-0.26444031952246133,0.26444031952246133,0.4888383543022477,0,0.011605265348882982,67,wavelet_trend,0.0
2023-01-20 09:30:00-05:00,,0,-1,0.21546138033725826,-0.21546138033725826,0.21546138033725826,0.48837120289083796,0,0.011789741718578108,67,wavelet_trend,0.0
2023-01-20 14:30:00-05:00,,0,-1,0.024984648712060784,-0.024984648712060784,0.024984648712060784,0.48742378869878694,0,0.011436084496957195,67,wavelet_trend,0.0
2023-01-23 09:30:00-05:00,,1,1,0.149995915545385,0.149995915545385,0.149995915545385,0.4862784400568588,0,0.011457407304413032,67,wavelet_trend,0.0
2023-01-23 12:30:00-05:00,,1,1,0.5140147658329608,0.5140147658329608,0.5140147658329608,0.4867282630248478,0,0.011074197243852845,67,wavelet_trend,0.0
2023-01-25 09:30:00-05:00,,0,-1,0.006179771643600858,-0.006179771643600858,0.006179771643600858,0.4879389514749436,0,0.011221681009953521,67,wavelet_trend,0.0
2023-01-25 12:30:00-05:00,,0,-1,0.025327088804897015,-0.025327088804897015,0.025327088804897015,0.48724449780798096,0,0.01117277531141692,67,wavelet_trend,0.0
2023-01-26 14:30:00-05:00,,1,1,0.03397603839577395,0.03397603839577395,0.03397603839577395,0.4872916888350783,0,0.010042157164117252,67,wavelet_trend,0.0
2023-01-27 11:30:00-05:00,,1,1,0.37535019909563705,0.37535019909563705,0.37535019909563705,0.4871043302202542,0,0.009768652614200691,67,wavelet_trend,0.0
2023-01-27 14:30:00-05:00,,1,1,0.32500762610376505,0.32500762610376505,0.32500762610376505,0.4877641057306513,0,0.009412317380041845,67,wavelet_trend,0.0
2023-01-30 09:30:00-05:00,,1,1,0.12612611250351297,0.12612611250351297,0.12612611250351297,0.4879643271841968,0,0.009516420012019886,67,wavelet_trend,0.0
2023-01-30 13:30:00-05:00,,1,1,0.03351329105462298,0.03351329105462298,0.03351329105462298,0.4882725045237685,0,0.009169377013866586,67,wavelet_trend,0.0
2023-01-31 09:30:00-05:00,,1,1,0.10420953105161138,0.10420953105161138,0.10420953105161138,0.48741276604452405,0,0.010022390359071334,67,wavelet_trend,0.0
2023-01-31 11:30:00-05:00,,1,1,0.12125133767279163,0.12125133767279163,0.12125133767279163,0.48636366268078635,0,0.009951448976483802,67,wavelet_trend,0.0
2023-02-01 09:30:00-05:00,,1,1,0.1295781629632053,0.1295781629632053,0.1295781629632053,0.48680690989407416,0,0.009505896224973578,67,wavelet_trend,0.0
2023-02-01 14:30:00-05:00,,1,1,0.44632353397575836,0.44632353397575836,0.44632353397575836,0.4889085525467373,0,0.011845536115393364,67,wavelet_trend,0.0
2023-02-02 09:30:00-05:00,,1,1,0.6329593134137868,0.6329593134137868,0.6329593134137868,0.48534153519659856,0,0.012564359518640029,67,wavelet_trend,0.0
2023-02-03 10:30:00-05:00,,1,1,0.4665758786303704,0.4665758786303704,0.4665758786303704,0.4860087975747967,0,0.011925292600126971,67,wavelet_trend,0.0
2023-02-03 12:30:00-05:00,,1,1,0.3708955327746516,0.3708955327746516,0.3708955327746516,0.4866966197515373,0,0.012271187342392846,67,wavelet_trend,0.0
2023-02-06 09:30:00-05:00,,0,-1,0.06058134721137501,-0.06058134721137501,0.06058134721137501,0.4884113799983018,0,0.013451633204125634,68,wavelet_trend,0.0
2023-02-07 09:30:00-05:00,,0,-1,0.30007288315487507,-0.30007288315487507,0.30007288315487507,0.48835806360980466,0,0.013289353266800951,68,wavelet_trend,0.0
2023-02-07 13:30:00-05:00,,0,-1,0.28380940453881354,-0.28380940453881354,0.28380940453881354,0.4882421138686601,0,0.012807752351521307,68,wavelet_trend,0.0
2023-02-08 10:30:00-05:00,,0,-1,0.24429868395643636,-0.24429868395643636,0.24429868395643636,0.4884821921232938,0,0.012970552846812465,68,wavelet_trend,0.0
2023-02-09 11:30:00-05:00,,0,-1,0.006326261584709259,-0.006326261584709259,0.006326261584709259,0.48841751842132214,0,0.01185384164874729,68,wavelet_trend,0.0
2023-02-09 13:30:00-05:00,,0,-1,0.16848312376756883,-0.16848312376756883,0.16848312376756883,0.4883433664193952,0,0.011742010239662513,68,wavelet_trend,0.0
2023-02-13 09:30:00-05:00,,0,-1,0.11842729667656464,-0.11842729667656464,0.11842729667656464,0.4883139700952428,0,0.010773593309381256,68,wavelet_trend,0.0
2023-02-13 12:30:00-05:00,,1,1,0.007932510137534451,0.007932510137534451,0.007932510137534451,0.48833535946391204,0,0.010482566819262011,68,wavelet_trend,0.0
2023-02-14 10:30:00-05:00,,1,1,0.08940881887646909,0.08940881887646909,0.08940881887646909,0.4883836741826149,0,0.010334225223640466,68,wavelet_trend,0.0
2023-02-14 12:30:00-05:00,,1,1,0.21100201201408095,0.21100201201408095,0.21100201201408095,0.4883454269465144,0,0.010282691619216638,68,wavelet_trend,0.0
2023-02-15 12:30:00-05:00,,1,1,0.15285978193002678,0.15285978193002678,0.15285978193002678,0.48843422353419047,0,0.01006348994535227,68,wavelet_trend,0.0
2023-02-16 09:30:00-05:00,,1,1,0.07300057092912485,0.07300057092912485,0.07300057092912485,0.4883655158264062,0,0.010129801963523373,68,wavelet_trend,0.0
2023-02-16 11:30:00-05:00,,1,1,0.13808252065743779,0.13808252065743779,0.13808252065743779,0.4884450665075635,0,0.010004884119615077,68,wavelet_trend,0.0
2023-02-16 14:30:00-05:00,,1,1,0.043386491880937524,0.043386491880937524,0.043386491880937524,0.4883917297042936,0,0.010337671217676767,68,wavelet_trend,0.0
2023-02-17 10:30:00-05:00,,0,-1,0.06932718904893422,-0.06932718904893422,0.06932718904893422,0.48836677188502203,0,0.010096062222069116,68,wavelet_trend,0.0
2023-02-21 09:30:00-05:00,,0,-1,0.32558126068204046,-0.32558126068204046,0.32558126068204046,0.488324978255402,0,0.012902378594112444,68,wavelet_trend,0.0
2023-02-21 13:30:00-05:00,,0,-1,0.44103605832640547,-0.44103605832640547,0.44103605832640547,0.4883655249473205,0,0.01225765147210264,68,wavelet_trend,0.0
2023-02-22 12:30:00-05:00,,0,-1,0.18611825785202118,-0.18611825785202118,0.18611825785202118,0.48834294113378973,0,0.011568333980291237,68,wavelet_trend,0.0
2023-02-22 14:30:00-05:00,,0,-1,0.3245338147038512,-0.3245338147038512,0.3245338147038512,0.4883096478145661,0,0.011437126820238301,68,wavelet_trend,0.0
2023-02-23 09:30:00-05:00,,0,-1,0.2432248519572329,-0.2432248519572329,0.2432248519572329,0.4884035356095315,0,0.01157542363899532,68,wavelet_trend,0.0
2023-02-23 10:30:00-05:00,,0,-1,0.35622969585125985,-0.35622969585125985,0.35622969585125985,0.48846099853822805,0,0.01177044613855327,68,wavelet_trend,0.0
2023-02-23 13:30:00-05:00,,1,1,0.05348239614897546,0.05348239614897546,0.05348239614897546,0.48835590802602546,0,0.011758907066619093,68,wavelet_trend,0.0
2023-02-24 09:30:00-05:00,,0,-1,0.09547434866712563,-0.09547434866712563,0.09547434866712563,0.48831686092544696,0,0.01326992508376179,68,wavelet_trend,0.0
2023-02-27 09:30:00-05:00,,1,1,0.13434748968512839,0.13434748968512839,0.13434748968512839,0.4884716247772943,0,0.013206788098824508,68,wavelet_trend,0.0
2023-02-27 14:30:00-05:00,,1,1,0.03352821757628833,0.03352821757628833,0.03352821757628833,0.4884495555035698,0,0.01245658291490312,68,wavelet_trend,0.0
2023-02-28 10:30:00-05:00,,1,1,0.03173725137116496,0.03173725137116496,0.03173725137116496,0.4884806243947924,0,0.012237668513488363,68,wavelet_trend,0.0
2023-03-02 09:30:00-05:00,,0,-1,0.05772344349067401,-0.05772344349067401,0.05772344349067401,0.48827898690418753,0,0.011230564639948716,68,wavelet_trend,0.0
2023-03-02 13:30:00-05:00,,0,-1,0.055649663664884365,-0.055649663664884365,0.055649663664884365,0.4882937672568383,0,0.011097418405676117,68,wavelet_trend,0.0
2023-03-03 11:30:00-05:00,,1,1,0.19644080443764994,0.19644080443764994,0.19644080443764994,0.4884510754459679,0,0.01069864400548735,68,wavelet_trend,0.0
2023-03-06 10:30:00-05:00,,1,1,0.15564337598677594,0.15564337598677594,0.15564337598677594,0.48846650226397137,0,0.010042787932506219,68,wavelet_trend,0.0
2023-03-06 12:30:00-05:00,,1,1,0.13174094170617176,0.13174094170617176,0.13174094170617176,0.48835461789348944,0,0.010073635035600052,68,wavelet_trend,0.0
2023-03-07 09:30:00-05:00,,0,-1,0.07597226985210165,-0.07597226985210165,0.07597226985210165,0.4883000347839443,0,0.009959510816424409,68,wavelet_trend,0.0
2023-03-07 13:30:00-05:00,,0,-1,0.3659522873696361,-0.3659522873696361,0.3659522873696361,0.48827046365866467,0,0.009803431577930748,68,wavelet_trend,0.0
2023-03-08 11:30:00-05:00,,0,-1,0.4428045344640306,-0.4428045344640306,0.4428045344640306,0.4873364179432615,0,0.009396077259242025,69,wavelet_trend,0.0
2023-03-09 10:30:00-05:00,,0,-1,0.3230220293599229,-0.3230220293599229,0.3230220293599229,0.4873231413497613,0,0.00925346796801846,69,wavelet_trend,0.0
2023-03-09 12:30:00-05:00,,0,-1,0.31918088042635817,-0.31918088042635817,0.31918088042635817,0.48725554832198614,0,0.00930693332790241,69,wavelet_trend,0.0
2023-03-09 14:30:00-05:00,,0,-1,0.4456306246255019,-0.4456306246255019,0.4456306246255019,0.4871408936845244,0,0.009368950758103506,69,wavelet_trend,0.0
2023-03-10 09:30:00-05:00,,0,-1,0.6123085652001719,-0.6123085652001719,0.6123085652001719,0.4869457909909232,0,0.0114684665690988,69,wavelet_trend,0.0
2023-03-10 10:30:00-05:00,,0,-1,0.4506276306573914,-0.4506276306573914,0.4506276306573914,0.4871258595930543,0,0.012212168014509023,69,wavelet_trend,0.0
2023-03-10 11:30:00-05:00,,0,-1,0.6138448928686556,-0.6138448928686556,0.6138448928686556,0.48718300814844123,0,0.013181741221020345,69,wavelet_trend,0.0
2023-03-10 12:30:00-05:00,,0,-1,0.7122492006615595,-0.7122492006615595,0.7122492006615595,0.4871851153860582,0,0.01362850974697512,69,wavelet_trend,0.0
2023-03-13 09:30:00-04:00,,0,-1,0.7411567937638518,-0.7411567937638518,0.7411567937638518,0.48708280176966257,0,0.015471460931333258,69,wavelet_trend,0.0
2023-03-13 10:30:00-04:00,,0,-1,0.48202287073102895,-0.48202287073102895,0.48202287073102895,0.48712406081806187,0,0.01821663102114214,69,wavelet_trend,0.0
2023-03-13 12:30:00-04:00,,0,-1,0.5468215033218958,-0.5468215033218958,0.5468215033218958,0.48728675711998,0,0.0181310086293069,69,wavelet_trend,0.0
2023-03-14 09:30:00-04:00,,0,-1,0.1288056991488278,-0.1288056991488278,0.1288056991488278,0.4875548599227709,0,0.02185583468621902,69,wavelet_trend,0.0
2023-03-14 12:30:00-04:00,,0,-1,0.14381834004608854,-0.14381834004608854,0.14381834004608854,0.4875541830982083,0,0.021299869219954345,69,wavelet_trend,0.0
2023-03-15 09:30:00-04:00,,0,-1,0.13571079810257586,-0.13571079810257586,0.13571079810257586,0.48735942115400654,0,0.022783490546178082,69,wavelet_trend,0.0
2023-03-16 09:30:00-04:00,,0,-1,0.08796133767265207,-0.08796133767265207,0.08796133767265207,0.487297766766938,0,0.021847715992375068,69,wavelet_trend,0.0
2023-03-16 10:30:00-04:00,,1,1,0.05735575665914317,0.05735575665914317,0.05735575665914317,0.4872417540857167,0,0.02325158336766019,69,wavelet_trend,0.0
2023-03-17 09:30:00-04:00,,0,-1,0.10298100340453238,-0.10298100340453238,0.10298100340453238,0.48735871474221704,0,0.02314157354944981,69,wavelet_trend,0.0
2023-03-20 09:30:00-04:00,,1,1,0.04826186683149678,0.04826186683149678,0.04826186683149678,0.48744708138755655,0,0.022874690831719394,69,wavelet_trend,0.0
2023-03-21 09:30:00-04:00,,1,1,0.004821680964657985,0.004821680964657985,0.004821680964657985,0.48755187937515465,0,0.02257312687482417,69,wavelet_trend,0.0
2023-03-23 09:30:00-04:00,,1,1,0.007376422119253664,0.007376422119253664,0.007376422119253664,0.48736609064958375,0,0.021232109870410028,69,wavelet_trend,0.0
2023-03-23 12:30:00-04:00,,0,-1,0.2245061699841248,-0.2245061699841248,0.2245061699841248,0.48727443171005363,0,0.0207330820999364,69,wavelet_trend,0.0
2023-03-24 10:30:00-04:00,,0,-1,0.32043720298936235,-0.32043720298936235,0.32043720298936235,0.48726766101552454,0,0.0197599960320115,69,wavelet_trend,0.0
2023-03-24 14:30:00-04:00,,0,-1,0.1263725399165924,-0.1263725399165924,0.1263725399165924,0.487162731307395,0,0.01921348157288529,69,wavelet_trend,0.0
2023-03-27 12:30:00-04:00,,1,1,0.012631903154519578,0.012631903154519578,0.012631903154519578,0.48743377634239476,0,0.018174073011952414,69,wavelet_trend,0.0
2023-03-29 09:30:00-04:00,,1,1,0.16132662171999368,0.16132662171999368,0.16132662171999368,0.4873755288404374,0,0.01612459490500639,69,wavelet_trend,0.0
2023-03-30 09:30:00-04:00,,1,1,0.12064693546286047,0.12064693546286047,0.12064693546286047,0.48737325577237295,0,0.014910213289079705,69,wavelet_trend,0.0
2023-03-30 12:30:00-04:00,,1,1,0.06121731553203407,0.06121731553203407,0.06121731553203407,0.48738307513094514,0,0.014487122294847745,69,wavelet_trend,0.0
2023-03-31 09:30:00-04:00,,1,1,0.26301688694997843,0.26301688694997843,0.26301688694997843,0.48744991088531947,0,0.01486353042276714,69,wavelet_trend,0.0
2023-04-03 09:30:00-04:00,,1,1,0.2755027991195293,0.2755027991195293,0.2755027991195293,0.4874645614266169,0,0.013958930006699398,69,wavelet_trend,0.0
2023-04-03 10:30:00-04:00,,1,1,0.08860358827479804,0.08860358827479804,0.08860358827479804,0.4874262458020685,0,0.015217087994712938,69,wavelet_trend,0.0
2023-04-04 09:30:00-04:00,,1,1,0.08341140376426556,0.08341140376426556,0.08341140376426556,0.48730030953128867,0,0.015135815804175418,69,wavelet_trend,0.0
2023-04-04 13:30:00-04:00,,0,-1,0.2133093344423551,-0.2133093344423551,0.2133093344423551,0.4873608686150832,0,0.014657053176415325,69,wavelet_trend,0.0
2023-04-05 09:30:00-04:00,,0,-1,0.2724172744869674,-0.2724172744869674,0.2724172744869674,0.4872438073396808,0,0.014967467374413554,69,wavelet_trend,0.0
2023-04-10 09:30:00-04:00,,1,1,0.03444663516532366,0.03444663516532366,0.03444663516532366,0.4883979672151113,0,0.012719367550539545,70,wavelet_trend,0.0
2023-04-10 14:30:00-04:00,,1,1,0.16451646584064675,0.16451646584064675,0.16451646584064675,0.4879379248200614,0,0.01228210103226346,70,wavelet_trend,0.0
2023-04-11 09:30:00-04:00,,1,1,0.276194859296244,0.276194859296244,0.276194859296244,0.48753722848017533,0,0.012295803282884408,70,wavelet_trend,0.0
2023-04-12 14:30:00-04:00,,1,1,0.04578795668208324,0.04578795668208324,0.04578795668208324,0.4879967525091049,0,0.011509558678089329,70,wavelet_trend,0.0
2023-04-13 09:30:00-04:00,,1,1,0.13551844076427122,0.13551844076427122,0.13551844076427122,0.48770031108987644,0,0.011735011205843287,70,wavelet_trend,0.0
2023-04-13 13:30:00-04:00,,1,1,0.07257730981207117,0.07257730981207117,0.07257730981207117,0.4878468327051304,0,0.011232277857299036,70,wavelet_trend,0.0
2023-04-14 10:30:00-04:00,,0,-1,0.05785990780199853,-0.05785990780199853,0.05785990780199853,0.48764404193957284,0,0.011069210819520281,70,wavelet_trend,0.0
2023-04-17 09:30:00-04:00,,1,1,0.15965028438956824,0.15965028438956824,0.15965028438956824,0.48777590781199687,0,0.010734590234189182,70,wavelet_trend,0.0
2023-04-17 14:30:00-04:00,,1,1,0.06885305349677456,0.06885305349677456,0.06885305349677456,0.48824333392597724,0,0.010385846900625832,70,wavelet_trend,0.0
2023-04-18 10:30:00-04:00,,0,-1,0.04496261546223219,-0.04496261546223219,0.04496261546223219,0.48734636967429895,0,0.0101665592376841,70,wavelet_trend,0.0
2023-04-19 13:30:00-04:00,,1,1,0.10978214693940405,0.10978214693940405,0.10978214693940405,0.4880059713822235,0,0.009378642651983949,70,wavelet_trend,0.0
2023-04-20 10:30:00-04:00,,0,-1,0.14472514457164348,-0.14472514457164348,0.14472514457164348,0.48792275526921647,0,0.009161349058940569,70,wavelet_trend,0.0
2023-04-20 14:30:00-04:00,,0,-1,0.06387634000936634,-0.06387634000936634,0.06387634000936634,0.48852286162438124,0,0.009028763761858499,70,wavelet_trend,0.0
2023-04-21 13:30:00-04:00,,1,1,0.05073703402667392,0.05073703402667392,0.05073703402667392,0.4882425609167665,0,0.008848120487750976,70,wavelet_trend,0.0
2023-04-24 09:30:00-04:00,,0,-1,0.03791087084430791,-0.03791087084430791,0.03791087084430791,0.48754813986843015,0,0.008719608646898623,70,wavelet_trend,0.0
2023-04-24 10:30:00-04:00,,0,-1,0.15121813684664903,-0.15121813684664903,0.15121813684664903,0.48743010740751447,0,0.009386234421833103,70,wavelet_trend,0.0
2023-04-25 09:30:00-04:00,,0,-1,0.1449684226260839,-0.1449684226260839,0.1449684226260839,0.48823839530042057,0,0.010514842992732948,70,wavelet_trend,0.0
2023-04-25 12:30:00-04:00,,0,-1,0.28066520061332223,-0.28066520061332223,0.28066520061332223,0.4881883524724252,0,0.010411133883832866,70,wavelet_trend,0.0
2023-04-26 09:30:00-04:00,,0,-1,0.44473022235694604,-0.44473022235694604,0.44473022235694604,0.4885419391582476,0,0.010032142609674144,70,wavelet_trend,0.0
2023-04-26 14:30:00-04:00,,0,-1,0.527436607015274,-0.527436607015274,0.527436607015274,0.4884059343124033,0,0.009626745085917833,70,wavelet_trend,0.0
2023-04-27 11:30:00-04:00,,0,-1,0.17396218046421055,-0.17396218046421055,0.17396218046421055,0.488222492463394,0,0.009592063183362953,70,wavelet_trend,0.0
2023-04-28 09:30:00-04:00,,1,1,0.1692253805663698,0.1692253805663698,0.1692253805663698,0.4880055273942583,0,0.00988956370735932,70,wavelet_trend,0.0
2023-05-01 09:30:00-04:00,,1,1,0.44984230652186896,0.44984230652186896,0.44984230652186896,0.4878654280149399,0,0.009341353835129402,70,wavelet_trend,0.0
2023-05-01 14:30:00-04:00,,1,1,0.19494861215149123,0.19494861215149123,0.19494861215149123,0.48766473644346864,0,0.009075993365864128,70,wavelet_trend,0.0
2023-05-02 09:30:00-04:00,,0,-1,0.1485665675519616,-0.1485665675519616,0.1485665675519616,0.4883897587215754,0,0.012689734963921976,70,wavelet_trend,0.0
2023-05-02 14:30:00-04:00,,0,-1,0.2674272427235989,-0.2674272427235989,0.2674272427235989,0.4882256224811787,0,0.012252528628203162,70,wavelet_trend,0.0
2023-05-03 09:30:00-04:00,,0,-1,0.09906622377825543,-0.09906622377825543,0.09906622377825543,0.48771386766556835,0,0.012833076793643263,70,wavelet_trend,0.0
2023-05-03 13:30:00-04:00,,0,-1,0.09874083186449704,-0.09874083186449704,0.09874083186449704,0.48802349517992144,0,0.012338138870406844,70,wavelet_trend,0.0
2023-05-03 14:30:00-04:00,,0,-1,0.17532423161190067,-0.17532423161190067,0.17532423161190067,0.48810738269128834,0,0.012899393440824242,70,wavelet_trend,0.0
2023-05-04 09:30:00-04:00,,0,-1,0.35188289058011235,-0.35188289058011235,0.35188289058011235,0.48817530365553113,0,0.01472626933845729,70,wavelet_trend,0.0
2023-05-05 09:30:00-04:00,,1,1,0.09902079656561906,0.09902079656561906,0.09902079656561906,0.4870691582023623,0,0.015660317425676924,70,wavelet_trend,0.0
2023-05-09 09:30:00-04:00,,1,1,0.1637922748875089,0.1637922748875089,0.1637922748875089,0.4870675150227562,0,0.013444761398267207,71,wavelet_trend,0.0
2023-05-10 10:30:00-04:00,,0,-1,0.00446981366896202,-0.00446981366896202,0.00446981366896202,0.48761139099404194,0,0.012269548896724687,71,wavelet_trend,0.0
2023-05-10 12:30:00-04:00,,0,-1,0.03665166508946213,-0.03665166508946213,0.03665166508946213,0.48697777731559644,0,0.012310724494157854,71,wavelet_trend,0.0
2023-05-10 14:30:00-04:00,,1,1,0.06780266327433634,0.06780266327433634,0.06780266327433634,0.4872453363621313,0,0.01229079633254451,71,wavelet_trend,0.0
2023-05-11 09:30:00-04:00,,0,-1,0.0785815555600248,-0.0785815555600248,0.0785815555600248,0.48667366142135565,0,0.012649976383506996,71,wavelet_trend,0.0
2023-05-15 09:30:00-04:00,,0,-1,0.06353567486613741,-0.06353567486613741,0.06353567486613741,0.48731955500074864,0,0.010949296299426146,71,wavelet_trend,0.0
2023-05-15 12:30:00-04:00,,1,1,0.21756196029966732,0.21756196029966732,0.21756196029966732,0.4869458176841758,0,0.01066994783376259,71,wavelet_trend,0.0
2023-05-16 09:30:00-04:00,,0,-1,0.012248529344250525,-0.012248529344250525,0.012248529344250525,0.4867138911734465,0,0.01129656677709632,71,wavelet_trend,0.0
2023-05-17 09:30:00-04:00,,1,1,0.10199929600666338,0.10199929600666338,0.10199929600666338,0.4871770701244151,0,0.01076324235336664,71,wavelet_trend,0.0
2023-05-17 11:30:00-04:00,,1,1,0.094209147311395,0.094209147311395,0.094209147311395,0.487449183928919,0,0.01077374845625749,71,wavelet_trend,0.0
2023-05-17 12:30:00-04:00,,1,1,0.13675429513702847,0.13675429513702847,0.13675429513702847,0.487089374518569,0,0.010973057758694539,71,wavelet_trend,0.0
2023-05-19 10:30:00-04:00,,1,1,0.3289353523796934,0.3289353523796934,0.3289353523796934,0.48772885278611716,0,0.010242270607645982,71,wavelet_trend,0.0
2023-05-22 09:30:00-04:00,,1,1,0.11386696385769396,0.11386696385769396,0.11386696385769396,0.4875933660812677,0,0.009834107719722712,71,wavelet_trend,0.0
2023-05-22 12:30:00-04:00,,1,1,0.1397591579068907,0.1397591579068907,0.1397591579068907,0.48754978368306306,0,0.009513038432153165,71,wavelet_trend,0.0
2023-05-23 09:30:00-04:00,,1,1,0.2902601086515222,0.2902601086515222,0.2902601086515222,0.4873954066408461,0,0.009650241753457344,71,wavelet_trend,0.0
2023-05-23 11:30:00-04:00,,1,1,0.1702028443642988,0.1702028443642988,0.1702028443642988,0.48785563194264897,0,0.009877505546217597,71,wavelet_trend,0.0
2023-05-23 13:30:00-04:00,,1,1,0.16954899836688153,0.16954899836688153,0.16954899836688153,0.48736067976536246,0,0.010002654568948867,71,wavelet_trend,0.0
2023-05-24 09:30:00-04:00,,0,-1,0.06004934486990381,-0.06004934486990381,0.06004934486990381,0.4868366685551477,0,0.011201756406416486,71,wavelet_trend,0.0
2023-05-25 09:30:00-04:00,,0,-1,0.3462946956434062,-0.3462946956434062,0.3462946956434062,0.4867363709752939,0,0.01097505504541968,71,wavelet_trend,0.0
2023-05-26 09:30:00-04:00,,0,-1,0.16902473429222925,-0.16902473429222925,0.16902473429222925,0.4870805162589952,0,0.010883781769310109,71,wavelet_trend,0.0
2023-05-26 11:30:00-04:00,,1,1,0.09121302305758162,0.09121302305758162,0.09121302305758162,0.48773082245011906,0,0.011148978654935656,71,wavelet_trend,0.0
2023-05-30 12:30:00-04:00,,1,1,0.1532268758644925,0.1532268758644925,0.1532268758644925,0.4876535227654154,0,0.010162322271301283,71,wavelet_trend,0.0
2023-05-31 09:30:00-04:00,,0,-1,0.1026687213484247,-0.1026687213484247,0.1026687213484247,0.4865103802854861,0,0.011269441666772576,71,wavelet_trend,0.0
2023-05-31 13:30:00-04:00,,0,-1,0.18823683795240861,-0.18823683795240861,0.18823683795240861,0.48700397796156286,0,0.010938388303028873,71,wavelet_trend,0.0
2023-06-01 10:30:00-04:00,,0,-1,0.03238660529576142,-0.03238660529576142,0.03238660529576142,0.48725468111238257,0,0.011196902721781551,71,wavelet_trend,0.0
2023-06-02 09:30:00-04:00,,1,1,0.2216350176286545,0.2216350176286545,0.2216350176286545,0.488272540447781,0,0.012668600978589961,71,wavelet_trend,0.0
2023-06-02 11:30:00-04:00,,1,1,0.500006749412167,0.500006749412167,0.500006749412167,0.48813517404893453,0,0.01251592284859985,71,wavelet_trend,0.0
2023-06-02 14:30:00-04:00,,1,1,0.5838945761838211,0.5838945761838211,0.5838945761838211,0.48762194396805514,0,0.01215855618597246,71,wavelet_trend,0.0
2023-06-05 09:30:00-04:00,,1,1,0.30794376633682663,0.30794376633682663,0.30794376633682663,0.4876033171456828,0,0.014359014474289424,71,wavelet_trend,0.0
2023-06-05 11:30:00-04:00,,1,1,0.3937663767289613,0.3937663767289613,0.3937663767289613,0.48831995002537837,0,0.01428491778177376,71,wavelet_trend,0.0
2023-06-06 09:30:00-04:00,,1,1,0.3897774309286297,0.3897774309286297,0.3897774309286297,0.48770006660798815,0,0.01502409646282973,71,wavelet_trend,0.0
2023-06-06 11:30:00-04:00,,1,1,0.31164145430327705,0.31164145430327705,0.31164145430327705,0.4880213574222997,0,0.014852835037760456,71,wavelet_trend,0.0
2023-06-07 09:30:00-04:00,,1,1,0.30190474251514393,0.30190474251514393,0.30190474251514393,0.4889832444688332,0,0.015044906256799866,72,wavelet_trend,0.0
2023-06-08 09:30:00-04:00,,1,1,0.38301803316190264,0.38301803316190264,0.38301803316190264,0.4869202269250125,0,0.014487341717302229,72,wavelet_trend,0.0
2023-06-09 10:30:00-04:00,,1,1,0.06886617583185942,0.06886617583185942,0.06886617583185942,0.4867418721266138,0,0.013526981046754651,72,wavelet_trend,0.0
2023-06-12 14:30:00-04:00,,0,-1,0.03292010745832069,-0.03292010745832069,0.03292010745832069,0.485660084983543,0,0.011922892152426773,72,wavelet_trend,0.0
2023-06-13 09:30:00-04:00,,1,1,0.14090649962695928,0.14090649962695928,0.14090649962695928,0.4873058325202912,0,0.013283360338885124,72,wavelet_trend,0.0
2023-06-14 11:30:00-04:00,,1,1,0.09374671018371306,0.09374671018371306,0.09374671018371306,0.48851187734095264,0,0.012170732790230445,72,wavelet_trend,0.0
2023-06-14 13:30:00-04:00,,0,-1,0.06010041150963949,-0.06010041150963949,0.06010041150963949,0.4852312816360581,0,0.012708269798152745,72,wavelet_trend,0.0
2023-06-15 10:30:00-04:00,,1,1,0.03599859538749951,0.03599859538749951,0.03599859538749951,0.48710822313132773,0,0.012341961950107538,72,wavelet_trend,0.0
2023-06-16 10:30:00-04:00,,0,-1,0.16275112686887733,-0.16275112686887733,0.16275112686887733,0.48644005914120847,0,0.011823116087534818,72,wavelet_trend,0.0
2023-06-20 09:30:00-04:00,,0,-1,0.15838697034205512,-0.15838697034205512,0.15838697034205512,0.4852889463411788,0,0.011882618056485455,72,wavelet_trend,0.0
2023-06-20 14:30:00-04:00,,0,-1,0.03728832331742622,-0.03728832331742622,0.03728832331742622,0.4863459100117952,0,0.011252475084605657,72,wavelet_trend,0.0
2023-06-21 13:30:00-04:00,,0,-1,0.012690131906205267,-0.012690131906205267,0.012690131906205267,0.4859408484189192,0,0.010785829398495199,72,wavelet_trend,0.0
2023-06-22 09:30:00-04:00,,0,-1,0.12031066622122154,-0.12031066622122154,0.12031066622122154,0.4847469947445293,0,0.010668816302208516,72,wavelet_trend,0.0
2023-06-23 09:30:00-04:00,,0,-1,0.28573621073335065,-0.28573621073335065,0.28573621073335065,0.48391075627474006,0,0.010393323207419614,72,wavelet_trend,0.0
2023-06-23 14:30:00-04:00,,0,-1,0.35702672081580566,-0.35702672081580566,0.35702672081580566,0.48393541244003396,0,0.010085283603674658,72,wavelet_trend,0.0
2023-06-26 09:30:00-04:00,,0,-1,0.2831071070417488,-0.2831071070417488,0.2831071070417488,0.4858852647339451,0,0.010318005912511169,72,wavelet_trend,0.0
2023-06-27 10:30:00-04:00,,0,-1,0.05566097265764254,-0.05566097265764254,0.05566097265764254,0.48762239377789207,0,0.010149011064468758,72,wavelet_trend,0.0
2023-06-28 11:30:00-04:00,,1,1,0.20470633876331687,0.20470633876331687,0.20470633876331687,0.4878223983321267,0,0.009346334605100955,72,wavelet_trend,0.0
2023-06-29 09:30:00-04:00,,1,1,0.39773505967493766,0.39773505967493766,0.39773505967493766,0.4878417357237792,0,0.01047135239023253,72,wavelet_trend,0.0
2023-06-30 09:30:00-04:00,,1,1,0.34385587039268484,0.34385587039268484,0.34385587039268484,0.48841705205879626,0,0.009932738955129602,72,wavelet_trend,0.0
2023-07-03 09:30:00-04:00,,1,1,0.37690152462607057,0.37690152462607057,0.37690152462607057,0.487086674637926,0,0.00956528751377057,72,wavelet_trend,0.0
2023-07-05 09:30:00-04:00,,0,-1,0.03391621437745865,-0.03391621437745865,0.03391621437745865,0.48608596554826344,0,0.010062112795902363,72,wavelet_trend,0.0
2023-07-06 09:30:00-04:00,,0,-1,0.4052212130544478,-0.4052212130544478,0.4052212130544478,0.4847815428262037,0,0.013578214921917724,72,wavelet_trend,0.0
2023-07-06 14:30:00-04:00,,0,-1,0.3610823339232531,-0.3610823339232531,0.3610823339232531,0.486420093585288,0,0.012939286031232676,72,wavelet_trend,0.0
2023-07-07 09:30:00-04:00,,0,-1,0.17482123506922817,-0.17482123506922817,0.17482123506922817,0.4877573358743886,0,0.013385576635819468,72,wavelet_trend,0.0
2023-07-07 12:30:00-04:00,,0,-1,0.0026010263123258603,-0.0026010263123258603,0.0026010263123258603,0.4875204510959197,0,0.013119075355500207,72,wavelet_trend,0.0
2023-07-10 09:30:00-04:00,,1,1,0.0322502132441992,0.0322502132441992,0.0322502132441992,0.48829688430410867,0,0.013458559176422701,73,wavelet_trend,0.0
2023-07-11 09:30:00-04:00,,1,1,0.4339363192586394,0.4339363192586394,0.4339363192586394,0.48881021999203644,0,0.01253308836343442,73,wavelet_trend,0.0
2023-07-12 09:30:00-04:00,,1,1,0.41149856546340974,0.41149856546340974,0.41149856546340974,0.48993679685249825,0,0.01236147597033747,73,wavelet_trend,0.0
2023-07-13 11:30:00-04:00,,1,1,0.2874962088850325,0.2874962088850325,0.2874962088850325,0.48883416184364653,0,0.011390601949318449,73,wavelet_trend,0.0
2023-07-14 09:30:00-04:00,,1,1,0.10919599116488764,0.10919599116488764,0.10919599116488764,0.48565841682294547,0,0.011779678901481412,73,wavelet_trend,0.0
2023-07-17 09:30:00-04:00,,1,1,0.07346122997656139,0.07346122997656139,0.07346122997656139,0.48611594822347903,0,0.01102528344244073,73,wavelet_trend,0.0
2023-07-17 13:30:00-04:00,,1,1,0.06427572769460257,0.06427572769460257,0.06427572769460257,0.48660036842172566,0,0.010467864757905189,73,wavelet_trend,0.0
2023-07-18 09:30:00-04:00,,1,1,0.17964347774108783,0.17964347774108783,0.17964347774108783,0.4874145803055506,0,0.011226845135993996,73,wavelet_trend,0.0
2023-07-19 09:30:00-04:00,,1,1,0.4295841055141525,0.4295841055141525,0.4295841055141525,0.48788866584882984,0,0.010424914793064441,73,wavelet_trend,0.0
2023-07-20 09:30:00-04:00,,1,1,0.05680375093736807,0.05680375093736807,0.05680375093736807,0.48540170928922627,0,0.01066235655873101,73,wavelet_trend,0.0
2023-07-25 09:30:00-04:00,,1,1,0.08437634408476685,0.08437634408476685,0.08437634408476685,0.4872929561453431,0,0.008492988858080253,73,wavelet_trend,0.0
2023-07-26 09:30:00-04:00,,1,1,0.16280211506743011,0.16280211506743011,0.16280211506743011,0.4877060240170117,0,0.008349949596067545,73,wavelet_trend,0.0
2023-07-27 12:30:00-04:00,,0,-1,0.01885430468212865,-0.01885430468212865,0.01885430468212865,0.4866584922008133,0,0.0077639490181868895,73,wavelet_trend,0.0
2023-07-27 13:30:00-04:00,,0,-1,0.10008820127699715,-0.10008820127699715,0.10008820127699715,0.4851022955387552,0,0.007989094209752775,73,wavelet_trend,0.0
2023-07-28 09:30:00-04:00,,1,1,0.07390219330530902,0.07390219330530902,0.07390219330530902,0.48992166461220604,0,0.009229428643425493,73,wavelet_trend,0.0
2023-07-31 09:30:00-04:00,,1,1,0.1599193456280181,0.1599193456280181,0.1599193456280181,0.48986525453397595,0,0.009124791961560607,73,wavelet_trend,0.0
2023-08-01 09:30:00-04:00,,1,1,0.1714788824162959,0.1714788824162959,0.1714788824162959,0.48670484919705087,0,0.010185916320444438,73,wavelet_trend,0.0
2023-08-01 12:30:00-04:00,,1,1,0.05369705645702409,0.05369705645702409,0.05369705645702409,0.48875051065369085,0,0.009927700371834674,73,wavelet_trend,0.0
2023-08-02 09:30:00-04:00,,0,-1,0.07606137352955948,-0.07606137352955948,0.07606137352955948,0.4863065894473139,0,0.010670425334878187,73,wavelet_trend,0.0
2023-08-03 09:30:00-04:00,,0,-1,0.37376160250914814,-0.37376160250914814,0.37376160250914814,0.4863343645053334,0,0.010759286312947723,73,wavelet_trend,0.0
2023-08-03 10:30:00-04:00,,0,-1,0.2889856283984055,-0.2889856283984055,0.2889856283984055,0.48840068337416465,0,0.011053688535666156,73,wavelet_trend,0.0
2023-08-04 11:30:00-04:00,,1,1,0.05187084769800491,0.05187084769800491,0.05187084769800491,0.48850323702205284,0,0.010179780642826236,73,wavelet_trend,0.0
2023-08-04 13:30:00-04:00,,0,-1,0.0023740461176828026,-0.0023740461176828026,0.0023740461176828026,0.4862854917778874,0,0.010330732876528982,73,wavelet_trend,0.0
2023-08-08 09:30:00-04:00,,0,-1,0.24571638240923743,-0.24571638240923743,0.24571638240923743,0.48654231346280213,0,0.011065076696384329,74,wavelet_trend,0.0
2023-08-08 13:30:00-04:00,,0,-1,0.2530332539295927,-0.2530332539295927,0.2530332539295927,0.48793241991442504,0,0.010637268097750813,74,wavelet_trend,0.0
2023-08-09 10:30:00-04:00,,0,-1,0.21504158196315687,-0.21504158196315687,0.21504158196315687,0.4892128168574491,0,0.010395465264894363,74,wavelet_trend,0.0
2023-08-10 09:30:00-04:00,,0,-1,0.06362145324843918,-0.06362145324843918,0.06362145324843918,0.4890904249728543,0,0.010454108862926095,74,wavelet_trend,0.0
2023-08-10 11:30:00-04:00,,0,-1,0.007859335740469705,-0.007859335740469705,0.007859335740469705,0.48966303944610856,0,0.010579590192407923,74,wavelet_trend,0.0
2023-08-14 09:30:00-04:00,,0,-1,0.22215346948972486,-0.22215346948972486,0.22215346948972486,0.4878592483735406,0,0.009913040791178466,74,wavelet_trend,0.0
2023-08-14 14:30:00-04:00,,1,1,0.01328090283942084,0.01328090283942084,0.01328090283942084,0.48862462855507216,0,0.009431866230438419,74,wavelet_trend,0.0
2023-08-15 09:30:00-04:00,,0,-1,0.18573680445030316,-0.18573680445030316,0.18573680445030316,0.4875156566977028,0,0.010435654328484827,74,wavelet_trend,0.0
2023-08-16 09:30:00-04:00,,0,-1,0.2921837956986929,-0.2921837956986929,0.2921837956986929,0.4879827718494079,0,0.009653786295073227,74,wavelet_trend,0.0
2023-08-16 14:30:00-04:00,,0,-1,0.36127714904588604,-0.36127714904588604,0.36127714904588604,0.48749404963468795,0,0.009303915873788178,74,wavelet_trend,0.0
2023-08-17 10:30:00-04:00,,0,-1,0.5145522273233809,-0.5145522273233809,0.5145522273233809,0.48872703068165957,0,0.00896703878964866,74,wavelet_trend,0.0
2023-08-17 13:30:00-04:00,,0,-1,0.38559158361793844,-0.38559158361793844,0.38559158361793844,0.48817584685346904,0,0.008797803271860397,74,wavelet_trend,0.0
2023-08-18 09:30:00-04:00,,0,-1,0.4428797049347801,-0.4428797049347801,0.4428797049347801,0.4854957836249549,0,0.008463603867283922,74,wavelet_trend,0.0
2023-08-18 10:30:00-04:00,,0,-1,0.34179771227224254,-0.34179771227224254,0.34179771227224254,0.4869797345607859,0,0.008737706558703531,74,wavelet_trend,0.0
2023-08-21 09:30:00-04:00,,0,-1,0.24982361288505966,-0.24982361288505966,0.24982361288505966,0.4874655692603079,0,0.00832777648698352,74,wavelet_trend,0.0
2023-08-21 14:30:00-04:00,,0,-1,0.05279683289517524,-0.05279683289517524,0.05279683289517524,0.48800735752728475,0,0.007983797748550783,74,wavelet_trend,0.0
2023-08-22 11:30:00-04:00,,1,1,0.0034180529038100554,0.0034180529038100554,0.0034180529038100554,0.48864761655459765,0,0.007603265003700935,74,wavelet_trend,0.0
2023-08-23 09:30:00-04:00,,0,-1,0.031026536452578118,-0.031026536452578118,0.031026536452578118,0.4879220014950169,0,0.0074872926801401755,74,wavelet_trend,0.0
2023-08-23 11:30:00-04:00,,1,1,0.21381970984573112,0.21381970984573112,0.21381970984573112,0.4897349862638883,0,0.00753025263778063,74,wavelet_trend,0.0
2023-08-24 09:30:00-04:00,,1,1,0.054846011114488544,0.054846011114488544,0.054846011114488544,0.4878936383959368,0,0.007215570533989783,74,wavelet_trend,0.0
2023-08-24 10:30:00-04:00,,0,-1,0.011788902312202584,-0.011788902312202584,0.011788902312202584,0.4890119200023202,0,0.007319058737751214,74,wavelet_trend,0.0
2023-08-25 13:30:00-04:00,,0,-1,0.11082059312481105,-0.11082059312481105,0.11082059312481105,0.48794472894860813,0,0.007361964550974986,74,wavelet_trend,0.0
2023-08-28 09:30:00-04:00,,1,1,0.05286325430230197,0.05286325430230197,0.05286325430230197,0.49109660975867814,0,0.009208856185358006,74,wavelet_trend,0.0
2023-08-28 13:30:00-04:00,,1,1,0.11828922600193331,0.11828922600193331,0.11828922600193331,0.4904498019167831,0,0.008949071256082812,74,wavelet_trend,0.0
2023-08-29 09:30:00-04:00,,1,1,0.2715554782605317,0.2715554782605317,0.2715554782605317,0.4902917920896666,0,0.009003729611730994,74,wavelet_trend,0.0
2023-08-29 11:30:00-04:00,,1,1,0.4630806089236002,0.4630806089236002,0.4630806089236002,0.4915265876533647,0,0.00893985344549547,74,wavelet_trend,0.0
2023-08-30 10:30:00-04:00,,1,1,0.505022714451054,0.505022714451054,0.505022714451054,0.49127637624455595,0,0.008487929810863815,74,wavelet_trend,0.0
2023-08-31 09:30:00-04:00,,1,1,0.44584632834309684,0.44584632834309684,0.44584632834309684,0.48997742396675725,0,0.008151807859759686,74,wavelet_trend,0.0
2023-08-31 13:30:00-04:00,,1,1,0.10188971760221914,0.10188971760221914,0.10188971760221914,0.4896515791913407,0,0.00794644801140226,74,wavelet_trend,0.0
2023-09-01 09:30:00-04:00,,1,1,0.2767153940858523,0.2767153940858523,0.2767153940858523,0.49078871740461216,0,0.009989486149820792,74,wavelet_trend,0.0
2023-09-05 09:30:00-04:00,,0,-1,0.09340419395427942,-0.09340419395427942,0.09340419395427942,0.48824509236360414,0,0.01148113916505126,74,wavelet_trend,0.0
2023-09-06 09:30:00-04:00,,0,-1,0.2029192419977257,-0.2029192419977257,0.2029192419977257,0.48874843297144943,0,0.010477238257519741,74,wavelet_trend,0.0
2023-09-07 09:30:00-04:00,,0,-1,0.5224964172773647,-0.5224964172773647,0.5224964172773647,0.49195029890595726,0,0.010970922591738132,75,wavelet_trend,0.0
2023-09-11 09:30:00-04:00,,0,-1,0.05125035302715887,-0.05125035302715887,0.05125035302715887,0.4902676124817219,0,0.009689907720681543,75,wavelet_trend,0.0
2023-09-12 14:30:00-04:00,,0,-1,0.019226950090402192,-0.019226950090402192,0.019226950090402192,0.49051990933425976,0,0.008526760646469813,75,wavelet_trend,0.0
2023-09-13 13:30:00-04:00,,0,-1,0.16137689559092433,-0.16137689559092433,0.16137689559092433,0.49182218027131264,0,0.007927037718291367,75,wavelet_trend,0.0
2023-09-14 09:30:00-04:00,,1,1,0.025772192422167283,0.025772192422167283,0.025772192422167283,0.48962862850530653,0,0.008689943680999932,75,wavelet_trend,0.0
2023-09-15 09:30:00-04:00,,0,-1,0.009014234951209092,-0.009014234951209092,0.009014234951209092,0.4901689982030485,0,0.008621787130960845,75,wavelet_trend,0.0
2023-09-15 12:30:00-04:00,,0,-1,0.08796279761874902,-0.08796279761874902,0.08796279761874902,0.49036247357096935,0,0.00838050430977789,75,wavelet_trend,0.0
2023-09-19 11:30:00-04:00,,0,-1,0.3192593814343138,-0.3192593814343138,0.3192593814343138,0.4920096381398538,0,0.007196292971963475,75,wavelet_trend,0.0
2023-09-20 09:30:00-04:00,,0,-1,0.0715676190429271,-0.0715676190429271,0.0715676190429271,0.49011546857838656,0,0.007396628935985932,75,wavelet_trend,0.0
2023-09-20 14:30:00-04:00,,0,-1,0.2121117335571691,-0.2121117335571691,0.2121117335571691,0.49242245995545164,0,0.007288248180143449,75,wavelet_trend,0.0
2023-09-21 09:30:00-04:00,,0,-1,0.4728106403446107,-0.4728106403446107,0.4728106403446107,0.49304546494615753,0,0.008538552046592192,75,wavelet_trend,0.0
2023-09-22 13:30:00-04:00,,0,-1,0.6637878565251295,-0.6637878565251295,0.6637878565251295,0.4915062085450694,0,0.007717226895189851,75,wavelet_trend,0.0
2023-09-25 09:30:00-04:00,,0,-1,0.5068228206142987,-0.5068228206142987,0.5068228206142987,0.4912973587008715,0,0.007789755299425202,75,wavelet_trend,0.0
2023-09-25 11:30:00-04:00,,0,-1,0.02582327971297785,-0.02582327971297785,0.02582327971297785,0.48896589837797677,0,0.007960728495356484,75,wavelet_trend,0.0
2023-09-26 10:30:00-04:00,,0,-1,0.08806783436084141,-0.08806783436084141,0.08806783436084141,0.4899346540976344,0,0.007560739961286007,75,wavelet_trend,0.0
2023-09-26 13:30:00-04:00,,0,-1,0.20977700253870554,-0.20977700253870554,0.20977700253870554,0.4913407446510245,0,0.007345857674375359,75,wavelet_trend,0.0
2023-09-27 09:30:00-04:00,,1,1,0.003995950111645302,0.003995950111645302,0.003995950111645302,0.489129648890178,0,0.008969755294637541,75,wavelet_trend,0.0
2023-09-27 11:30:00-04:00,,0,-1,0.05213689183173393,-0.05213689183173393,0.05213689183173393,0.48858186051996977,0,0.009171020876986263,75,wavelet_trend,0.0
2023-09-27 13:30:00-04:00,,0,-1,0.11265761014652412,-0.11265761014652412,0.11265761014652412,0.4895210035530421,0,0.009320556273212408,75,wavelet_trend,0.0
2023-09-28 10:30:00-04:00,,1,1,0.08499078845532237,0.08499078845532237,0.08499078845532237,0.48795403759278905,0,0.009567653909977535,75,wavelet_trend,0.0
2023-09-29 12:30:00-04:00,,1,1,0.03809839220719895,0.03809839220719895,0.03809839220719895,0.48735380079347346,0,0.009171392123707298,75,wavelet_trend,0.0
2023-10-02 09:30:00-04:00,,0,-1,0.14789358753436693,-0.14789358753436693,0.14789358753436693,0.490959678317767,0,0.009681550030714574,75,wavelet_trend,0.0
2023-10-02 11:30:00-04:00,,0,-1,0.20633391429218298,-0.20633391429218298,0.20633391429218298,0.48941107129867467,0,0.009846659741010339,75,wavelet_trend,0.0
2023-10-03 09:30:00-04:00,,0,-1,0.5253826950983004,-0.5253826950983004,0.5253826950983004,0.49180150640567327,0,0.010856788412104223,75,wavelet_trend,0.0
2023-10-03 13:30:00-04:00,,0,-1,0.6107068557647267,-0.6107068557647267,0.6107068557647267,0.4906509948698437,0,0.010505505935857293,75,wavelet_trend,0.0
2023-10-04 09:30:00-04:00,,0,-1,0.6172005869761628,-0.6172005869761628,0.6172005869761628,0.4918889850141536,0,0.011134772214101571,75,wavelet_trend,0.0
2023-10-04 10:30:00-04:00,,0,-1,0.4797429052937339,-0.4797429052937339,0.4797429052937339,0.48945504582193106,0,0.011524529048886133,75,wavelet_trend,0.0
2023-10-05 14:30:00-04:00,,1,1,0.03492720492438294,0.03492720492438294,0.03492720492438294,0.48925752255428,0,0.010836765934994589,75,wavelet_trend,0.0
2023-10-06 09:30:00-04:00,,0,-1,0.02943147689089972,-0.02943147689089972,0.02943147689089972,0.49121746359270574,0,0.010712123819681117,76,wavelet_trend,0.0
2023-10-06 10:30:00-04:00,,1,1,0.06126769988412938,0.06126769988412938,0.06126769988412938,0.48996253855771493,0,0.011145771106478377,76,wavelet_trend,0.0
2023-10-06 11:30:00-04:00,,1,1,0.3159962230437813,0.3159962230437813,0.3159962230437813,0.4907718619168337,0,0.01141584264215251,76,wavelet_trend,0.0
2023-10-09 09:30:00-04:00,,1,1,0.1169782429524994,0.1169782429524994,0.1169782429524994,0.4898913820895628,0,0.010791611457612498,76,wavelet_trend,0.0
2023-10-09 13:30:00-04:00,,1,1,0.31858078533873235,0.31858078533873235,0.31858078533873235,0.4909402938958751,0,0.010770145085977923,76,wavelet_trend,0.0
2023-10-10 09:30:00-04:00,,1,1,0.35282501249173254,0.35282501249173254,0.35282501249173254,0.4892620004805754,0,0.0117049225553399,76,wavelet_trend,0.0
2023-10-11 10:30:00-04:00,,1,1,0.18817695370104182,0.18817695370104182,0.18817695370104182,0.4891943388797922,0,0.01062859795513764,76,wavelet_trend,0.0
2023-10-12 09:30:00-04:00,,0,-1,0.04239634156474811,-0.04239634156474811,0.04239634156474811,0.49216759842465785,0,0.010947305350341502,76,wavelet_trend,0.0
2023-10-12 12:30:00-04:00,,0,-1,0.39229016369277514,-0.39229016369277514,0.39229016369277514,0.49177764986898675,0,0.011301111839114437,76,wavelet_trend,0.0
2023-10-13 12:30:00-04:00,,0,-1,0.4515952992899358,-0.4515952992899358,0.4515952992899358,0.4915253028250518,0,0.010645569809862736,76,wavelet_trend,0.0
2023-10-16 09:30:00-04:00,,0,-1,0.196798599698421,-0.196798599698421,0.196798599698421,0.4903751774672889,0,0.01182886443933387,76,wavelet_trend,0.0
2023-10-17 09:30:00-04:00,,1,1,0.2309705173739638,0.2309705173739638,0.2309705173739638,0.49117320820620136,0,0.011588219685629671,76,wavelet_trend,0.0
2023-10-17 11:30:00-04:00,,1,1,0.3983968621680567,0.3983968621680567,0.3983968621680567,0.4899545046879041,0,0.01156860978020008,76,wavelet_trend,0.0
2023-10-18 09:30:00-04:00,,1,1,0.18416554105873728,0.18416554105873728,0.18416554105873728,0.49071818125767996,0,0.012175921301028198,76,wavelet_trend,0.0
2023-10-18 14:30:00-04:00,,0,-1,0.12022577505348211,-0.12022577505348211,0.12022577505348211,0.49082000969507084,0,0.011620046686444705,76,wavelet_trend,0.0
2023-10-19 13:30:00-04:00,,0,-1,0.5073359452507958,-0.5073359452507958,0.5073359452507958,0.4925673469385314,0,0.01146331252716431,76,wavelet_trend,0.0
2023-10-20 09:30:00-04:00,,0,-1,0.6158282439538056,-0.6158282439538056,0.6158282439538056,0.49258431405506975,0,0.011663217592326131,76,wavelet_trend,0.0
2023-10-20 14:30:00-04:00,,0,-1,0.4348775908466966,-0.4348775908466966,0.4348775908466966,0.49163102193077285,0,0.011234588140005677,76,wavelet_trend,0.0
2023-10-23 14:30:00-04:00,,0,-1,0.502733592256312,-0.502733592256312,0.502733592256312,0.4914128193189059,0,0.01060857401704897,76,wavelet_trend,0.0
2023-10-24 09:30:00-04:00,,0,-1,0.10222588770863866,-0.10222588770863866,0.10222588770863866,0.4897125165706656,0,0.011975675312717234,76,wavelet_trend,0.0
2023-10-24 11:30:00-04:00,,0,-1,0.11791469329944153,-0.11791469329944153,0.11791469329944153,0.4888336046299457,0,0.01193363271873628,76,wavelet_trend,0.0
2023-10-25 09:30:00-04:00,,0,-1,0.2173421665812966,-0.2173421665812966,0.2173421665812966,0.49132711193710027,0,0.01248993544409658,76,wavelet_trend,0.0
2023-10-26 12:30:00-04:00,,0,-1,0.23184614022201472,-0.23184614022201472,0.23184614022201472,0.49001693647866995,0,0.01167496283505076,76,wavelet_trend,0.0
2023-10-27 09:30:00-04:00,,0,-1,0.27946466217239435,-0.27946466217239435,0.27946466217239435,0.4919985311223618,0,0.011719194026554124,76,wavelet_trend,0.0
2023-10-27 12:30:00-04:00,,0,-1,0.22906972571488776,-0.22906972571488776,0.22906972571488776,0.49107097395707927,0,0.011545376852766272,76,wavelet_trend,0.0
2023-10-30 13:30:00-04:00,,0,-1,0.05717624844527038,-0.05717624844527038,0.05717624844527038,0.490762296576012,0,0.010504253928896926,76,wavelet_trend,0.0
2023-10-31 10:30:00-04:00,,1,1,0.01847613954495553,0.01847613954495553,0.01847613954495553,0.48961778548720997,0,0.010431159024220912,76,wavelet_trend,0.0
2023-11-01 12:30:00-04:00,,1,1,0.12612196102078332,0.12612196102078332,0.12612196102078332,0.49079446931684095,0,0.009384095126630075,76,wavelet_trend,0.0
2023-11-01 14:30:00-04:00,,1,1,0.2198220056503163,0.2198220056503163,0.2198220056503163,0.49288965824812997,0,0.009570510482816605,76,wavelet_trend,0.0
2023-11-02 09:30:00-04:00,,1,1,0.3508960829478937,0.3508960829478937,0.3508960829478937,0.48875381561032527,0,0.011076271889816075,76,wavelet_trend,0.0
2023-11-02 13:30:00-04:00,,1,1,0.3958669534569603,0.3958669534569603,0.3958669534569603,0.4901361429201942,0,0.01081812343403265,76,wavelet_trend,0.0
2023-11-03 09:30:00-04:00,,1,1,0.593764647516521,0.593764647516521,0.593764647516521,0.4879598231426891,0,0.013982983033267784,76,wavelet_trend,0.0
2023-11-06 09:30:00-05:00,,1,1,0.49003074226010157,0.49003074226010157,0.49003074226010157,0.491319926126331,0,0.013755573209603468,77,wavelet_trend,0.0
2023-11-08 09:30:00-05:00,,0,-1,0.3444114968053225,-0.3444114968053225,0.3444114968053225,0.49123484693775,0,0.012249064059762615,77,wavelet_trend,0.0
2023-11-09 12:30:00-05:00,,0,-1,0.24829710118363116,-0.24829710118363116,0.24829710118363116,0.4912180023170563,0,0.01088988538864952,77,wavelet_trend,0.0
2023-11-09 14:30:00-05:00,,0,-1,0.3499642584318663,-0.3499642584318663,0.3499642584318663,0.4912395486717654,0,0.010921219322102455,77,wavelet_trend,0.0
2023-11-10 12:30:00-05:00,,0,-1,0.0669872199236378,-0.0669872199236378,0.0669872199236378,0.49122346501330044,0,0.010734542180931879,77,wavelet_trend,0.0
2023-11-13 09:30:00-05:00,,0,-1,0.14344383647220496,-0.14344383647220496,0.14344383647220496,0.4912654212710783,0,0.01058586529632127,77,wavelet_trend,0.0
2023-11-13 10:30:00-05:00,,0,-1,0.05685677742682019,-0.05685677742682019,0.05685677742682019,0.4912945913010735,0,0.010836787508559782,77,wavelet_trend,0.0
2023-11-14 09:30:00-05:00,,1,1,0.4113065287910035,0.4113065287910035,0.4113065287910035,0.49141759794555784,0,0.020084493532449805,77,wavelet_trend,0.0
2023-11-15 09:30:00-05:00,,1,1,0.5226877380080718,0.5226877380080718,0.5226877380080718,0.491367864974471,0,0.01934848304392186,77,wavelet_trend,0.0
2023-11-16 09:30:00-05:00,,1,1,0.33270845306135205,0.33270845306135205,0.33270845306135205,0.4912993487178635,0,0.018881677859180407,77,wavelet_trend,0.0
2023-11-17 09:30:00-05:00,,1,1,0.008870752176039194,0.008870752176039194,0.008870752176039194,0.4913199802287828,0,0.018016901319816217,77,wavelet_trend,0.0
2023-11-21 09:30:00-05:00,,1,1,0.07074373147015091,0.07074373147015091,0.07074373147015091,0.491267060056539,0,0.01555286649494014,77,wavelet_trend,0.0
2023-11-22 09:30:00-05:00,,1,1,0.014606362144814125,0.014606362144814125,0.014606362144814125,0.4912646130374449,0,0.014569958250488306,77,wavelet_trend,0.0
2023-11-28 09:30:00-05:00,,0,-1,0.017033293682064094,-0.017033293682064094,0.017033293682064094,0.4912300600658912,0,0.012009245550753164,77,wavelet_trend,0.0
2023-11-29 09:30:00-05:00,,1,1,0.09819944727095922,0.09819944727095922,0.09819944727095922,0.49131602711964345,0,0.012632996053282984,77,wavelet_trend,0.0
2023-11-29 14:30:00-05:00,,1,1,0.02739178229166556,0.02739178229166556,0.02739178229166556,0.49131731907573717,0,0.012271490872359271,77,wavelet_trend,0.0
2023-12-01 09:30:00-05:00,,1,1,0.1893672565018029,0.1893672565018029,0.1893672565018029,0.4912673737270382,0,0.011507818097697157,77,wavelet_trend,0.0
2023-12-01 10:30:00-05:00,,1,1,0.3459614875235397,0.3459614875235397,0.3459614875235397,0.49129787447524687,0,0.012517430909669156,77,wavelet_trend,0.0
2023-12-04 11:30:00-05:00,,1,1,0.4676611914068342,0.4676611914068342,0.4676611914068342,0.4912951068926439,0,0.011446640222663996,77,wavelet_trend,0.0
2023-12-05 09:30:00-05:00,,1,1,0.41740182295793066,0.41740182295793066,0.41740182295793066,0.4912827288221705,0,0.011594440223904509,77,wavelet_trend,0.0
2023-12-06 09:30:00-05:00,,1,1,0.15355145214662994,0.15355145214662994,0.15355145214662994,0.4906690311036626,0,0.011613035449315447,78,wavelet_trend,0.0
2023-12-06 13:30:00-05:00,,0,-1,0.1047841003220336,-0.1047841003220336,0.1047841003220336,0.4906521106240713,0,0.011217516993130141,78,wavelet_trend,0.0
2023-12-07 13:30:00-05:00,,1,1,0.050234539782079105,0.050234539782079105,0.050234539782079105,0.4899729618257345,0,0.010729980065238494,78,wavelet_trend,0.0
2023-12-08 09:30:00-05:00,,1,1,0.20299270020909532,0.20299270020909532,0.20299270020909532,0.4903020136657791,0,0.010947058450945797,78,wavelet_trend,0.0
2023-12-08 11:30:00-05:00,,0,-1,0.046151963080142584,-0.046151963080142584,0.046151963080142584,0.4914034331837009,0,0.01104613974337626,78,wavelet_trend,0.0
2023-12-11 12:30:00-05:00,,1,1,0.20838677891042212,0.20838677891042212,0.20838677891042212,0.49039558742828215,0,0.010174525378355462,78,wavelet_trend,0.0
2023-12-12 10:30:00-05:00,,1,1,0.05929454019071901,0.05929454019071901,0.05929454019071901,0.4908023077934538,0,0.009767999535547314,78,wavelet_trend,0.0
2023-12-12 14:30:00-05:00,,1,1,0.07538132605993772,0.07538132605993772,0.07538132605993772,0.49020119709391324,0,0.009312282838554425,78,wavelet_trend,0.0
2023-12-13 11:30:00-05:00,,1,1,0.02433439281291056,0.02433439281291056,0.02433439281291056,0.49011126341453815,0,0.00907925425917156,78,wavelet_trend,0.0
2023-12-13 13:30:00-05:00,,1,1,0.2042046703776561,0.2042046703776561,0.2042046703776561,0.4897845854338279,0,0.012313125657461916,78,wavelet_trend,0.0
2023-12-13 14:30:00-05:00,,1,1,0.3065227561882642,0.3065227561882642,0.3065227561882642,0.48997917190863316,0,0.013015924755548044,78,wavelet_trend,0.0
2023-12-14 09:30:00-05:00,,1,1,0.5572632152797701,0.5572632152797701,0.5572632152797701,0.4930567649443136,0,0.015508697080731581,78,wavelet_trend,0.0
2023-12-15 12:30:00-05:00,,1,1,0.5560718360467577,0.5560718360467577,0.5560718360467577,0.49126650770337954,0,0.014463006986085799,78,wavelet_trend,0.0
2023-12-19 09:30:00-05:00,,1,1,0.05678648095748856,0.05678648095748856,0.05678648095748856,0.4910575953195802,0,0.013978062518071705,78,wavelet_trend,0.0
2023-12-20 09:30:00-05:00,,1,1,0.27491683063368944,0.27491683063368944,0.27491683063368944,0.49006854164816627,0,0.012858528501312352,78,wavelet_trend,0.0
2023-12-20 14:30:00-05:00,,1,1,0.05174461790810793,0.05174461790810793,0.05174461790810793,0.48957668708635393,0,0.014865955604234881,78,wavelet_trend,0.0
2023-12-21 09:30:00-05:00,,1,1,0.08560620865610692,0.08560620865610692,0.08560620865610692,0.49089174755235815,0,0.015204139758962721,78,wavelet_trend,0.0
2023-12-22 09:30:00-05:00,,1,1,0.09575288443693261,0.09575288443693261,0.09575288443693261,0.49112538270691536,0,0.01473289765289695,78,wavelet_trend,0.0
2023-12-26 10:30:00-05:00,,1,1,0.36105177455179,0.36105177455179,0.36105177455179,0.4921764999528458,0,0.013879843607679842,78,wavelet_trend,0.0
2023-12-27 09:30:00-05:00,,1,1,0.33212751174424726,0.33212751174424726,0.33212751174424726,0.490999423176787,0,0.012925686690489513,78,wavelet_trend,0.0
2023-12-29 09:30:00-05:00,,0,-1,0.12418567847750878,-0.12418567847750878,0.12418567847750878,0.4893403229779603,0,0.011546728345814342,78,wavelet_trend,0.0
2023-12-29 11:30:00-05:00,,0,-1,0.24916499271302342,-0.24916499271302342,0.24916499271302342,0.4898206102079536,0,0.011600322393705134,78,wavelet_trend,0.0
2024-01-02 09:30:00-05:00,,0,-1,0.26518859163876873,-0.26518859163876873,0.26518859163876873,0.4883272143724612,0,0.011131335688890541,78,wavelet_trend,0.0
2024-01-02 13:30:00-05:00,,0,-1,0.3296335116788939,-0.3296335116788939,0.3296335116788939,0.4891565179974963,0,0.010853091258421248,78,wavelet_trend,0.0
2024-01-03 09:30:00-05:00,,0,-1,0.4407580075348938,-0.4407580075348938,0.4407580075348938,0.4888031956981841,0,0.012174833448232721,78,wavelet_trend,0.0
2024-01-03 14:30:00-05:00,,0,-1,0.45817020326591235,-0.45817020326591235,0.45817020326591235,0.4889847856467187,0,0.012569166037724207,78,wavelet_trend,0.0
2024-01-05 11:30:00-05:00,,0,-1,0.2242014333765616,-0.2242014333765616,0.2242014333765616,0.4900564401911598,0,0.011215885563168342,78,wavelet_trend,0.0
2024-01-08 10:30:00-05:00,,1,1,0.055828673561747186,0.055828673561747186,0.055828673561747186,0.49118546769256477,0,0.01074517812465381,79,wavelet_trend,0.0
2024-01-08 13:30:00-05:00,,1,1,0.14228039201552806,0.14228039201552806,0.14228039201552806,0.492114792197973,0,0.010601029918015833,79,wavelet_trend,0.0
2024-01-09 09:30:00-05:00,,0,-1,0.008349289909666642,-0.008349289909666642,0.008349289909666642,0.49193342355917913,0,0.01166663668778727,79,wavelet_trend,0.0
2024-01-11 09:30:00-05:00,,0,-1,0.27976557820428205,-0.27976557820428205,0.27976557820428205,0.4930910750277121,0,0.011332876394667377,79,wavelet_trend,0.0
2024-01-11 13:30:00-05:00,,0,-1,0.13005303799019044,-0.13005303799019044,0.13005303799019044,0.49203334606987176,0,0.011351910401413152,79,wavelet_trend,0.0
2024-01-16 09:30:00-05:00,,0,-1,0.19930496677555834,-0.19930496677555834,0.19930496677555834,0.49222982052232345,0,0.010526208064810002,79,wavelet_trend,0.0
2024-01-16 13:30:00-05:00,,0,-1,0.0905752000849789,-0.0905752000849789,0.0905752000849789,0.4922486257557146,0,0.010211261062521237,79,wavelet_trend,0.0
2024-01-17 09:30:00-05:00,,0,-1,0.3320905983975847,-0.3320905983975847,0.3320905983975847,0.49315293137724486,0,0.010448627254557218,79,wavelet_trend,0.0
2024-01-18 09:30:00-05:00,,0,-1,0.2390742957911196,-0.2390742957911196,0.2390742957911196,0.49165503941566585,0,0.009884441351298429,79,wavelet_trend,0.0
2024-01-18 12:30:00-05:00,,0,-1,0.2754107442526712,-0.2754107442526712,0.2754107442526712,0.49103354991547493,0,0.009641381302965674,79,wavelet_trend,0.0
2024-01-18 13:30:00-05:00,,0,-1,0.10423399030248458,-0.10423399030248458,0.10423399030248458,0.4914418058749325,0,0.010086862000891114,79,wavelet_trend,0.0
2024-01-19 12:30:00-05:00,,1,1,0.1889189764118321,0.1889189764118321,0.1889189764118321,0.4913453074796989,0,0.009914709533981884,79,wavelet_trend,0.0
2024-01-22 09:30:00-05:00,,1,1,0.49017551007791155,0.49017551007791155,0.49017551007791155,0.488542463913922,0,0.012734638746082256,79,wavelet_trend,0.0
2024-01-22 12:30:00-05:00,,1,1,0.3237369510693281,0.3237369510693281,0.3237369510693281,0.4883275212845073,0,0.012438950567938842,79,wavelet_trend,0.0
2024-01-22 14:30:00-05:00,,1,1,0.5150890119821552,0.5150890119821552,0.5150890119821552,0.4893276091480106,0,0.01235000655467308,79,wavelet_trend,0.0
2024-01-23 10:30:00-05:00,,1,1,0.30318072862066675,0.30318072862066675,0.30318072862066675,0.48837891209160667,0,0.01247801473792812,79,wavelet_trend,0.0
2024-01-24 10:30:00-05:00,,1,1,0.2930291041231064,0.2930291041231064,0.2930291041231064,0.48968198835536386,0,0.0114458157746569,79,wavelet_trend,0.0
2024-01-24 13:30:00-05:00,,0,-1,0.07474856915972407,-0.07474856915972407,0.07474856915972407,0.49094076113632557,0,0.011353474833220882,79,wavelet_trend,0.0
2024-01-25 09:30:00-05:00,,1,1,0.01414691781428407,0.01414691781428407,0.01414691781428407,0.49015137967213107,0,0.01191281654312315,79,wavelet_trend,0.0
2024-01-25 11:30:00-05:00,,0,-1,0.14748725527048065,-0.14748725527048065,0.14748725527048065,0.48965394438608706,0,0.01189176796301573,79,wavelet_trend,0.0
2024-01-26 09:30:00-05:00,,1,1,0.02835652318502689,0.02835652318502689,0.02835652318502689,0.49056365363854443,0,0.011321944825382856,79,wavelet_trend,0.0
2024-01-29 12:30:00-05:00,,1,1,0.10395681087836008,0.10395681087836008,0.10395681087836008,0.49123755912857464,0,0.00995853290936149,79,wavelet_trend,0.0
2024-01-29 14:30:00-05:00,,1,1,0.31737172496583754,0.31737172496583754,0.31737172496583754,0.4919685590496764,0,0.010141889149363701,79,wavelet_trend,0.0
2024-01-30 09:30:00-05:00,,1,1,0.16335078568290312,0.16335078568290312,0.16335078568290312,0.49092881801074945,0,0.010772302654843538,79,wavelet_trend,0.0
2024-01-31 10:30:00-05:00,,1,1,0.056413612655585615,0.056413612655585615,0.056413612655585615,0.49113188638245375,0,0.009824484956716192,79,wavelet_trend,0.0
2024-01-31 14:30:00-05:00,,0,-1,0.2073606222139552,-0.2073606222139552,0.2073606222139552,0.4943105168773412,0,0.009901796040360455,79,wavelet_trend,0.0
2024-02-01 10:30:00-05:00,,0,-1,0.5103966387992619,-0.5103966387992619,0.5103966387992619,0.4915918881269929,0,0.011081264434060559,79,wavelet_trend,0.0
2024-02-01 11:30:00-05:00,,0,-1,0.24218223349093743,-0.24218223349093743,0.24218223349093743,0.4912856964415541,0,0.011551580064658111,79,wavelet_trend,0.0
2024-02-01 14:30:00-05:00,,0,-1,0.16620399872775435,-0.16620399872775435,0.16620399872775435,0.49139127740426103,0,0.011254168624287434,79,wavelet_trend,0.0
2024-02-02 09:30:00-05:00,,0,-1,0.30365136038235463,-0.30365136038235463,0.30365136038235463,0.4912143799830407,0,0.011972786192813181,79,wavelet_trend,0.0
2024-02-02 13:30:00-05:00,,0,-1,0.13119617094277417,-0.13119617094277417,0.13119617094277417,0.4911966347224775,0,0.01178203292490534,79,wavelet_trend,0.0
2024-02-05 09:30:00-05:00,,0,-1,0.2259877809418435,-0.2259877809418435,0.2259877809418435,0.49177876005147525,0,0.01424562657387567,79,wavelet_trend,0.0
2024-02-05 13:30:00-05:00,,0,-1,0.07226469917324937,-0.07226469917324937,0.07226469917324937,0.4905691884342734,0,0.01378077801456714,79,wavelet_trend,0.0
2024-02-06 10:30:00-05:00,,0,-1,0.11519345467371754,-0.11519345467371754,0.11519345467371754,0.48946538580312665,0,0.01350615972309812,79,wavelet_trend,0.0
2024-02-07 12:30:00-05:00,,1,1,0.2027608010087489,0.2027608010087489,0.2027608010087489,0.49070257160160574,0,0.012285276928034447,80,wavelet_trend,0.0
2024-02-08 09:30:00-05:00,,1,1,0.13409255418380642,0.13409255418380642,0.13409255418380642,0.49056155900217446,0,0.012137437587555963,80,wavelet_trend,0.0
2024-02-08 13:30:00-05:00,,1,1,0.1967661936223533,0.1967661936223533,0.1967661936223533,0.4909276989123177,0,0.011607924191718594,80,wavelet_trend,0.0
2024-02-09 11:30:00-05:00,,1,1,0.3360512477351259,0.3360512477351259,0.3360512477351259,0.48926737722266855,0,0.011117146594206382,80,wavelet_trend,0.0
2024-02-12 09:30:00-05:00,,1,1,0.5453288382332481,0.5453288382332481,0.5453288382332481,0.4895634010721702,0,0.011598720495786348,80,wavelet_trend,0.0
2024-02-13 09:30:00-05:00,,0,-1,0.012313039013377065,-0.012313039013377065,0.012313039013377065,0.4935049544923335,0,0.018297889657809874,80,wavelet_trend,0.0
2024-02-13 14:30:00-05:00,,0,-1,0.26163582234870014,-0.26163582234870014,0.26163582234870014,0.49186078760485064,0,0.017668669087950093,80,wavelet_trend,0.0
2024-02-14 09:30:00-05:00,,0,-1,0.06806609363975179,-0.06806609363975179,0.06806609363975179,0.4886341925952882,0,0.018446557231923507,80,wavelet_trend,0.0
2024-02-14 14:30:00-05:00,,0,-1,0.15268259593758546,-0.15268259593758546,0.15268259593758546,0.49084058857918156,0,0.01733857958097058,80,wavelet_trend,0.0
2024-02-15 09:30:00-05:00,,0,-1,0.03034323353296394,-0.03034323353296394,0.03034323353296394,0.48752445899210844,0,0.01795327839860041,80,wavelet_trend,0.0
2024-02-15 13:30:00-05:00,,1,1,0.37463679877987816,0.37463679877987816,0.37463679877987816,0.48932404339802976,0,0.017213699130670817,80,wavelet_trend,0.0
2024-02-16 09:30:00-05:00,,1,1,0.3977665574469857,0.3977665574469857,0.3977665574469857,0.49041625434354175,0,0.0171077837984528,80,wavelet_trend,0.0
2024-02-20 09:30:00-05:00,,0,-1,0.013397085428507845,-0.013397085428507845,0.013397085428507845,0.4916369880300629,0,0.01652373985146966,80,wavelet_trend,0.0
2024-02-21 11:30:00-05:00,,0,-1,0.26785020872956594,-0.26785020872956594,0.26785020872956594,0.49106644562023843,0,0.014916296554410001,80,wavelet_trend,0.0
2024-02-22 10:30:00-05:00,,0,-1,0.14200587159686434,-0.14200587159686434,0.14200587159686434,0.49129002745949424,0,0.014024580362410848,80,wavelet_trend,0.0
2024-02-23 12:30:00-05:00,,1,1,0.19667031007989877,0.19667031007989877,0.19667031007989877,0.49057139532136357,0,0.01263339112051462,80,wavelet_trend,0.0
2024-02-26 14:30:00-05:00,,1,1,0.13733847736669774,0.13733847736669774,0.13733847736669774,0.49097081596863446,0,0.011805120725893051,80,wavelet_trend,0.0
2024-02-27 09:30:00-05:00,,1,1,0.23677910769180358,0.23677910769180358,0.23677910769180358,0.48852266745831396,0,0.012264889809480102,80,wavelet_trend,0.0
2024-02-29 09:30:00-05:00,,1,1,0.2296704525933471,0.2296704525933471,0.2296704525933471,0.4896792443302508,0,0.011389561361193783,80,wavelet_trend,0.0
2024-02-29 11:30:00-05:00,,0,-1,0.026930938862642348,-0.026930938862642348,0.026930938862642348,0.4897362790122771,0,0.011528406851560606,80,wavelet_trend,0.0
2024-03-01 09:30:00-05:00,,1,1,0.11188139756539399,0.11188139756539399,0.11188139756539399,0.4898635162511319,0,0.011496218867427441,80,wavelet_trend,0.0
2024-03-04 11:30:00-05:00,,1,1,0.158673511153287,0.158673511153287,0.158673511153287,0.4886193777847274,0,0.010228326311248124,80,wavelet_trend,0.0
2024-03-05 13:30:00-05:00,,0,-1,0.11640219246886184,-0.11640219246886184,0.11640219246886184,0.49246518471745143,0,0.009572874511657423,80,wavelet_trend,0.0
2024-03-05 14:30:00-05:00,,0,-1,0.2063836392117475,-0.2063836392117475,0.2063836392117475,0.49300835850725727,0,0.00982763795938193,80,wavelet_trend,0.0
2024-03-06 09:30:00-05:00,,0,-1,0.08071401186123991,-0.08071401186123991,0.08071401186123991,0.49112334976595273,0,0.009806207186227784,80,wavelet_trend,0.0
2024-03-06 12:30:00-05:00,,0,-1,0.07135690520956796,-0.07135690520956796,0.07135690520956796,0.4899667729732291,0,0.009638183860364857,80,wavelet_trend,0.0
2024-03-07 09:30:00-05:00,,1,1,0.058722275565024525,0.058722275565024525,0.058722275565024525,0.48891358537080604,0,0.00987527863412634,80,wavelet_trend,0.0
2024-03-08 09:30:00-05:00,,1,1,0.4634188068863845,0.4634188068863845,0.4634188068863845,0.4916435314570644,0,0.010518730073159267,81,wavelet_trend,0.0
2024-03-08 10:30:00-05:00,,1,1,0.25303735065878136,0.25303735065878136,0.25303735065878136,0.4920634203053293,0,0.011304615439371583,81,wavelet_trend,0.0
2024-03-11 09:30:00-04:00,,1,1,0.0068613189538585815,0.0068613189538585815,0.0068613189538585815,0.4897470467090451,0,0.011201049313477224,81,wavelet_trend,0.0
2024-03-12 11:30:00-04:00,,0,-1,0.38872352158631956,-0.38872352158631956,0.38872352158631956,0.4895362154646181,0,0.010448528737210944,81,wavelet_trend,0.0
2024-03-13 09:30:00-04:00,,0,-1,0.014942273653579419,-0.014942273653579419,0.014942273653579419,0.49005801311297803,0,0.01022314673413582,81,wavelet_trend,0.0
2024-03-13 14:30:00-04:00,,0,-1,0.049800050073582895,-0.049800050073582895,0.049800050073582895,0.4899040289331802,0,0.009864433946884086,81,wavelet_trend,0.0
2024-03-14 09:30:00-04:00,,0,-1,0.17188252980033727,-0.17188252980033727,0.17188252980033727,0.4880389445391117,0,0.011753180490265676,81,wavelet_trend,0.0
2024-03-14 14:30:00-04:00,,0,-1,0.23431931549770296,-0.23431931549770296,0.23431931549770296,0.48846931619018397,0,0.011308562073915387,81,wavelet_trend,0.0
2024-03-15 09:30:00-04:00,,0,-1,0.17640549615614468,-0.17640549615614468,0.17640549615614468,0.4893756985376226,0,0.011412283060135024,81,wavelet_trend,0.0
2024-03-19 11:30:00-04:00,,0,-1,0.02273564131701805,-0.02273564131701805,0.02273564131701805,0.4897248948731921,0,0.009949047957583338,81,wavelet_trend,0.0
2024-03-20 13:30:00-04:00,,1,1,0.1425716243911314,0.1425716243911314,0.1425716243911314,0.48820569117070944,0,0.009751218453453227,81,wavelet_trend,0.0
2024-03-20 14:30:00-04:00,,1,1,0.3071906520206172,0.3071906520206172,0.3071906520206172,0.488459911829626,0,0.010687655337917538,81,wavelet_trend,0.0
2024-03-21 09:30:00-04:00,,1,1,0.44982056794636316,0.44982056794636316,0.44982056794636316,0.4921454790426656,0,0.011650505891883824,81,wavelet_trend,0.0
2024-03-22 09:30:00-04:00,,1,1,0.33638195240704327,0.33638195240704327,0.33638195240704327,0.49039247152989535,0,0.01114234625036043,81,wavelet_trend,0.0
2024-03-25 09:30:00-04:00,,1,1,0.05651974882727325,0.05651974882727325,0.05651974882727325,0.4905598318018737,0,0.010661661245567985,81,wavelet_trend,0.0
2024-03-27 09:30:00-04:00,,1,1,0.1072411180790824,0.1072411180790824,0.1072411180790824,0.49066221868423043,0,0.009746415772125396,81,wavelet_trend,0.0
2024-03-27 12:30:00-04:00,,1,1,0.11780427045939501,0.11780427045939501,0.11780427045939501,0.4898914123824644,0,0.009465398482071672,81,wavelet_trend,0.0
2024-03-28 10:30:00-04:00,,1,1,0.4694250424075884,0.4694250424075884,0.4694250424075884,0.4906533534845722,0,0.00922764794880876,81,wavelet_trend,0.0
2024-04-01 09:30:00-04:00,,1,1,0.2112247831798438,0.2112247831798438,0.2112247831798438,0.4896002169774125,0,0.0094918729950765,81,wavelet_trend,0.0
2024-04-02 09:30:00-04:00,,0,-1,0.25938272197918893,-0.25938272197918893,0.25938272197918893,0.4883899098494128,0,0.011207991589157827,81,wavelet_trend,0.0
2024-04-03 09:30:00-04:00,,0,-1,0.36334531687731403,-0.36334531687731403,0.36334531687731403,0.488713030099875,0,0.010414353298378982,81,wavelet_trend,0.0
2024-04-04 09:30:00-04:00,,0,-1,0.049066407235663835,-0.049066407235663835,0.049066407235663835,0.4912051278073864,0,0.010475382709469072,81,wavelet_trend,0.0
2024-04-04 13:30:00-04:00,,1,1,0.11458199370375484,0.11458199370375484,0.11458199370375484,0.4899935622743141,0,0.010727483842213786,81,wavelet_trend,0.0
2024-04-04 14:30:00-04:00,,0,-1,0.011567204334139759,-0.011567204334139759,0.011567204334139759,0.4897290376726619,0,0.011356301223185617,81,wavelet_trend,0.0
2024-04-05 11:30:00-04:00,,0,-1,0.002089230254779113,-0.002089230254779113,0.002089230254779113,0.48978337055273496,0,0.011003420594810931,81,wavelet_trend,0.0
2024-04-08 10:30:00-04:00,,0,-1,0.0007343589152180318,-0.0007343589152180318,0.0007343589152180318,0.49093460438354714,0,0.010409276158512237,81,wavelet_trend,0.0
2024-04-10 09:30:00-04:00,,0,-1,0.1630965092100959,-0.1630965092100959,0.1630965092100959,0.48379778582157656,0,0.012424047471218103,82,wavelet_trend,0.0
2024-04-10 12:30:00-04:00,,0,-1,0.348723225052362,-0.348723225052362,0.348723225052362,0.4859684560930632,0,0.012044874551176896,82,wavelet_trend,0.0
2024-04-11 11:30:00-04:00,,0,-1,0.27654972952255635,-0.27654972952255635,0.27654972952255635,0.48737313795342635,0,0.011512428684265483,82,wavelet_trend,0.0
2024-04-12 09:30:00-04:00,,0,-1,0.39469431173911435,-0.39469431173911435,0.39469431173911435,0.4872001599513167,0,0.011850505000738948,82,wavelet_trend,0.0
2024-04-12 12:30:00-04:00,,0,-1,0.19796398788655517,-0.19796398788655517,0.19796398788655517,0.4879802171795764,0,0.011509992837436603,82,wavelet_trend,0.0
2024-04-15 11:30:00-04:00,,0,-1,0.20507252833496434,-0.20507252833496434,0.20507252833496434,0.48815593912858624,0,0.010923822728465066,82,wavelet_trend,0.0
2024-04-15 12:30:00-04:00,,0,-1,0.3273988680797992,-0.3273988680797992,0.3273988680797992,0.48680490361843226,0,0.01105143677666698,82,wavelet_trend,0.0
2024-04-16 09:30:00-04:00,,0,-1,0.579848180158779,-0.579848180158779,0.579848180158779,0.48513104520848055,0,0.011107862220972034,82,wavelet_trend,0.0
2024-04-16 12:30:00-04:00,,0,-1,0.3470440083848335,-0.3470440083848335,0.3470440083848335,0.48716527679942667,0,0.011026932514985377,82,wavelet_trend,0.0
2024-04-17 10:30:00-04:00,,0,-1,0.3331866186359528,-0.3331866186359528,0.3331866186359528,0.4888802838675187,0,0.010745082234321286,82,wavelet_trend,0.0
2024-04-17 14:30:00-04:00,,0,-1,0.19358770467231032,-0.19358770467231032,0.19358770467231032,0.48696606429265554,0,0.010605670324938348,82,wavelet_trend,0.0
2024-04-18 09:30:00-04:00,,0,-1,0.051448748213402215,-0.051448748213402215,0.051448748213402215,0.4877075143369551,0,0.010974459856050042,82,wavelet_trend,0.0
2024-04-18 12:30:00-04:00,,0,-1,0.10192593418463469,-0.10192593418463469,0.10192593418463469,0.4867666250133652,0,0.010878664467969167,82,wavelet_trend,0.0
2024-04-19 11:30:00-04:00,,0,-1,0.2415711667641117,-0.2415711667641117,0.2415711667641117,0.48854205523009603,0,0.010459144746484147,82,wavelet_trend,0.0
2024-04-22 09:30:00-04:00,,1,1,0.04593850567044785,0.04593850567044785,0.04593850567044785,0.4884231442728214,0,0.010435004029593554,82,wavelet_trend,0.0
2024-04-22 12:30:00-04:00,,1,1,0.022979991019707668,0.022979991019707668,0.022979991019707668,0.4900851622014079,0,0.01051510365170539,82,wavelet_trend,0.0
2024-04-23 09:30:00-04:00,,1,1,0.3496018502656839,0.3496018502656839,0.3496018502656839,0.4903757827265278,0,0.0121846659291003,82,wavelet_trend,0.0
2024-04-24 10:30:00-04:00,,1,1,0.294403680362342,0.294403680362342,0.294403680362342,0.49032983071835473,0,0.011169917641423508,82,wavelet_trend,0.0
2024-04-25 09:30:00-04:00,,0,-1,0.012676157798427174,-0.012676157798427174,0.012676157798427174,0.48611470362899456,0,0.011429573653121356,82,wavelet_trend,0.0
2024-04-25 14:30:00-04:00,,0,-1,0.15681714902931,-0.15681714902931,0.15681714902931,0.4864760904625353,0,0.01090512720746139,82,wavelet_trend,0.0
2024-04-26 09:30:00-04:00,,0,-1,0.033482390500123374,-0.033482390500123374,0.033482390500123374,0.48813575634504236,0,0.011131564413359692,82,wavelet_trend,0.0
2024-04-29 09:30:00-04:00,,1,1,0.17660328999383754,0.17660328999383754,0.17660328999383754,0.4900473309982668,0,0.010667995426278611,82,wavelet_trend,0.0
2024-04-30 09:30:00-04:00,,1,1,0.10223984920608092,0.10223984920608092,0.10223984920608092,0.4872376821140113,0,0.010602151795800317,82,wavelet_trend,0.0
2024-04-30 13:30:00-04:00,,0,-1,0.1322800097837188,-0.1322800097837188,0.1322800097837188,0.48777742322443673,0,0.010109950221994887,82,wavelet_trend,0.0
2024-05-01 10:30:00-04:00,,0,-1,0.2403818092230439,-0.2403818092230439,0.2403818092230439,0.4867727955484653,0,0.009671204048838838,82,wavelet_trend,0.0
2024-05-01 13:30:00-04:00,,0,-1,0.2372539658222804,-0.2372539658222804,0.2372539658222804,0.48513813564545855,0,0.009780308245329527,82,wavelet_trend,0.0
2024-05-01 14:30:00-04:00,,0,-1,0.10981653222357282,-0.10981653222357282,0.10981653222357282,0.48399523176670517,0,0.01019783346339463,82,wavelet_trend,0.0
2024-05-02 09:30:00-04:00,,0,-1,0.11190866296846341,-0.11190866296846341,0.11190866296846341,0.4891678019338574,0,0.011604239225520516,82,wavelet_trend,0.0
2024-05-02 12:30:00-04:00,,1,1,0.12121409627238285,0.12121409627238285,0.12121409627238285,0.48927678168592015,0,0.011311575076375499,82,wavelet_trend,0.0
2024-05-03 09:30:00-04:00,,1,1,0.36477272842240605,0.36477272842240605,0.36477272842240605,0.4905843105485831,0,0.011425085433491267,82,wavelet_trend,0.0
2024-05-06 09:30:00-04:00,,1,1,0.37718245321691046,0.37718245321691046,0.37718245321691046,0.49150881066752794,0,0.011707473055019787,82,wavelet_trend,0.0
2024-05-07 10:30:00-04:00,,1,1,0.4120352799234691,0.4120352799234691,0.4120352799234691,0.48941951907034936,0,0.010688047972913861,82,wavelet_trend,0.0
2024-05-08 09:30:00-04:00,,1,1,0.13579478517205568,0.13579478517205568,0.13579478517205568,0.48430205272255034,0,0.010403370014533472,83,wavelet_trend,0.0
2024-05-09 09:30:00-04:00,,1,1,0.03120123168392622,0.03120123168392622,0.03120123168392622,0.48461283752005196,0,0.009619650278591891,83,wavelet_trend,0.0
2024-05-10 09:30:00-04:00,,0,-1,0.05862263706064315,-0.05862263706064315,0.05862263706064315,0.485137732041039,0,0.009167308453003594,83,wavelet_trend,0.0
2024-05-13 09:30:00-04:00,,1,1,0.209252419079128,0.209252419079128,0.209252419079128,0.4896919123439847,0,0.009169200908572334,83,wavelet_trend,0.0
2024-05-13 12:30:00-04:00,,0,-1,0.005100625250893553,-0.005100625250893553,0.005100625250893553,0.4901750519405064,0,0.009028298133081768,83,wavelet_trend,0.0
2024-05-14 09:30:00-04:00,,1,1,0.09991763964117323,0.09991763964117323,0.09991763964117323,0.4914280797237682,0,0.009394597867550498,83,wavelet_trend,0.0
2024-05-15 09:30:00-04:00,,1,1,0.31679617132214244,0.31679617132214244,0.31679617132214244,0.48995894185112454,0,0.008773098238015503,83,wavelet_trend,0.0
2024-05-15 11:30:00-04:00,,1,1,0.23370439205259752,0.23370439205259752,0.23370439205259752,0.49137434731330815,0,0.00872036923856842,83,wavelet_trend,0.0
2024-05-16 12:30:00-04:00,,1,1,0.1217360468711135,0.1217360468711135,0.1217360468711135,0.4861861249094584,0,0.008031719181977445,83,wavelet_trend,0.0
2024-05-20 10:30:00-04:00,,1,1,0.0020739471807767495,0.0020739471807767495,0.0020739471807767495,0.49061735973911685,0,0.007245866523172649,83,wavelet_trend,0.0
2024-05-21 09:30:00-04:00,,0,-1,0.02777744628460769,-0.02777744628460769,0.02777744628460769,0.48640096636126706,0,0.006792312724288849,83,wavelet_trend,0.0
2024-05-22 10:30:00-04:00,,0,-1,0.05466623107214351,-0.05466623107214351,0.05466623107214351,0.4859185632755171,0,0.006229039993153913,83,wavelet_trend,0.0
2024-05-22 13:30:00-04:00,,0,-1,0.33514103564999115,-0.33514103564999115,0.33514103564999115,0.48127939573276246,0,0.007168595757596418,83,wavelet_trend,0.0
2024-05-23 09:30:00-04:00,,0,-1,0.36364599748726095,-0.36364599748726095,0.36364599748726095,0.4821796874200828,0,0.007414095828158412,83,wavelet_trend,0.0
2024-05-23 12:30:00-04:00,,0,-1,0.3873377691880358,-0.3873377691880358,0.3873377691880358,0.48300437167670573,0,0.007393107723410671,83,wavelet_trend,0.0
2024-05-23 13:30:00-04:00,,0,-1,0.5110349233004353,-0.5110349233004353,0.5110349233004353,0.4803172592121794,0,0.008348076668592067,83,wavelet_trend,0.0
2024-05-24 09:30:00-04:00,,0,-1,0.2499291781081339,-0.2499291781081339,0.2499291781081339,0.48800143694548154,0,0.008957558925317684,83,wavelet_trend,0.0
2024-05-28 10:30:00-04:00,,0,-1,0.0485246772734437,-0.0485246772734437,0.0485246772734437,0.4919156258244554,0,0.00816898286065103,83,wavelet_trend,0.0
2024-05-28 13:30:00-04:00,,0,-1,0.11123673713369336,-0.11123673713369336,0.11123673713369336,0.48761307180528507,0,0.008209630957717247,83,wavelet_trend,0.0
2024-05-29 09:30:00-04:00,,0,-1,0.008276066802703092,-0.008276066802703092,0.008276066802703092,0.48564425031182873,0,0.009374768617011078,83,wavelet_trend,0.0
2024-05-30 09:30:00-04:00,,0,-1,0.08233952890878472,-0.08233952890878472,0.08233952890878472,0.4888454256681096,0,0.009342718825652593,83,wavelet_trend,0.0
2024-05-31 11:30:00-04:00,,1,1,0.06484200999806537,0.06484200999806537,0.06484200999806537,0.4899374749317208,0,0.008482348402532452,83,wavelet_trend,0.0
2024-06-03 11:30:00-04:00,,1,1,0.0017662710319813534,0.0017662710319813534,0.0017662710319813534,0.49124010865488216,0,0.008732207069909613,83,wavelet_trend,0.0
2024-06-04 09:30:00-04:00,,0,-1,0.10620388922349704,-0.10620388922349704,0.10620388922349704,0.4851629001119056,0,0.008875285808661074,83,wavelet_trend,0.0
2024-06-05 09:30:00-04:00,,0,-1,0.1097165206648445,-0.1097165206648445,0.1097165206648445,0.48831730656118366,0,0.008727573617335824,83,wavelet_trend,0.0
2024-06-05 11:30:00-04:00,,0,-1,0.10784571144200382,-0.10784571144200382,0.10784571144200382,0.4921409002692496,0,0.0087532791055091,83,wavelet_trend,0.0
2024-06-06 09:30:00-04:00,,0,-1,0.04598462174608652,-0.04598462174608652,0.04598462174608652,0.49041606617676525,0,0.008547434877351295,83,wavelet_trend,0.0
2024-06-07 09:30:00-04:00,,1,1,0.07185656072555736,0.07185656072555736,0.07185656072555736,0.4808086262248944,0,0.008114695064142058,84,wavelet_trend,0.0
2024-06-07 13:30:00-04:00,,0,-1,0.29608176418789794,-0.29608176418789794,0.29608176418789794,0.4804559048764203,0,0.00796546312088894,84,wavelet_trend,0.0
2024-06-10 14:30:00-04:00,,0,-1,0.17423124664154174,-0.17423124664154174,0.17423124664154174,0.48269462914196265,0,0.007385385056260425,84,wavelet_trend,0.0
2024-06-11 09:30:00-04:00,,0,-1,0.3631654419239914,-0.3631654419239914,0.3631654419239914,0.48124169147373086,0,0.008592877501995014,84,wavelet_trend,0.0
2024-06-11 13:30:00-04:00,,0,-1,0.06191089334228808,-0.06191089334228808,0.06191089334228808,0.4837446607393069,0,0.008559886235339,84,wavelet_trend,0.0
2024-06-12 09:30:00-04:00,,1,1,0.30370051341585724,0.30370051341585724,0.30370051341585724,0.506022940649695,1,0.015426012042689825,84,wavelet_trend,1.0
2024-06-12 14:30:00-04:00,,1,1,0.1349579978006295,0.1349579978006295,0.1349579978006295,0.4941846623958824,0,0.015127921315268737,84,wavelet_trend,0.0
2024-06-13 09:30:00-04:00,,1,1,0.005574107622532314,0.005574107622532314,0.005574107622532314,0.4933552055363324,0,0.015357249335370624,84,wavelet_trend,0.0
2024-06-14 09:30:00-04:00,,0,-1,0.08565725896078957,-0.08565725896078957,0.08565725896078957,0.4844287114343595,0,0.015506914381700583,84,wavelet_trend,0.0
2024-06-17 12:30:00-04:00,,0,-1,0.09129615288906452,-0.09129615288906452,0.09129615288906452,0.48691711788142134,0,0.013983770333876712,84,wavelet_trend,0.0
2024-06-18 11:30:00-04:00,,1,1,0.16548479875919517,0.16548479875919517,0.16548479875919517,0.48984884595951916,0,0.01311978599963536,84,wavelet_trend,0.0
2024-06-20 12:30:00-04:00,,1,1,0.10156952112281242,0.10156952112281242,0.10156952112281242,0.48738318888670445,0,0.012036823601278512,84,wavelet_trend,0.0
2024-06-24 09:30:00-04:00,,1,1,0.05105360064264762,0.05105360064264762,0.05105360064264762,0.4880449066407473,0,0.010842916739345933,84,wavelet_trend,0.0
2024-06-26 09:30:00-04:00,,0,-1,0.027658420590120456,-0.027658420590120456,0.027658420590120456,0.48292763166284064,0,0.009651503085677207,84,wavelet_trend,0.0
2024-06-27 09:30:00-04:00,,0,-1,0.09343982190873534,-0.09343982190873534,0.09343982190873534,0.48512566182791717,0,0.00900229717048546,84,wavelet_trend,0.0
2024-06-27 14:30:00-04:00,,1,1,0.09232330726805109,0.09232330726805109,0.09232330726805109,0.49003747067072145,0,0.008619898801478006,84,wavelet_trend,0.0
2024-06-28 09:30:00-04:00,,1,1,0.2553235117567459,0.2553235117567459,0.2553235117567459,0.49283801754456075,0,0.008966498710974977,84,wavelet_trend,0.0
2024-06-28 12:30:00-04:00,,1,1,0.2297077387032814,0.2297077387032814,0.2297077387032814,0.4936786450631465,0,0.008831583536213753,84,wavelet_trend,0.0
2024-07-01 09:30:00-04:00,,1,1,0.15481475564152855,0.15481475564152855,0.15481475564152855,0.48910661187436183,0,0.00909506569786627,84,wavelet_trend,0.0
2024-07-02 14:30:00-04:00,,0,-1,0.04105763771859968,-0.04105763771859968,0.04105763771859968,0.4873239079548609,0,0.00793750575867183,84,wavelet_trend,0.0
2024-07-03 09:30:00-04:00,,1,1,0.08880560518155932,0.08880560518155932,0.08880560518155932,0.48979611555459646,0,0.008027141067827441,84,wavelet_trend,0.0
2024-07-05 09:30:00-04:00,,0,-1,0.11342208070331385,-0.11342208070331385,0.11342208070331385,0.48358884801771584,0,0.00861591458583154,84,wavelet_trend,0.0
2024-07-08 09:30:00-04:00,,1,1,0.1271828083788614,0.1271828083788614,0.1271828083788614,0.4960054322628501,0,0.009027216369924977,84,wavelet_trend,0.0
2024-07-09 09:30:00-04:00,,0,-1,0.091292025843339,-0.091292025843339,0.091292025843339,0.4887884245823407,0,0.008610089158428598,84,wavelet_trend,0.0
2024-07-09 12:30:00-04:00,,1,1,0.10274503477195958,0.10274503477195958,0.10274503477195958,0.48823960753568335,0,0.008569293907058663,84,wavelet_trend,0.0
2024-07-10 11:30:00-04:00,,0,-1,0.03074385084835209,-0.03074385084835209,0.03074385084835209,0.4914072832498023,0,0.008050740463899878,85,wavelet_trend,0.0
2024-07-11 09:30:00-04:00,,1,1,0.38366597400781993,0.38366597400781993,0.38366597400781993,0.4985963911125547,0,0.014591099341349207,85,wavelet_trend,0.0
2024-07-12 09:30:00-04:00,,1,1,0.6501989966002597,0.6501989966002597,0.6501989966002597,0.49430391126802586,0,0.015276847751313249,85,wavelet_trend,0.0
2024-07-15 09:30:00-04:00,,1,1,0.6478499542056831,0.6478499542056831,0.6478499542056831,0.49133327212907685,0,0.015469610392308828,85,wavelet_trend,0.0
2024-07-16 09:30:00-04:00,,1,1,0.470181076110813,0.470181076110813,0.470181076110813,0.48969649867183085,0,0.015553989365634216,85,wavelet_trend,0.0
2024-07-16 13:30:00-04:00,,1,1,0.4896627625359859,0.4896627625359859,0.4896627625359859,0.4854022408190511,0,0.014914690322622366,85,wavelet_trend,0.0
2024-07-17 11:30:00-04:00,,1,1,0.28301151245991824,0.28301151245991824,0.28301151245991824,0.486722581452095,0,0.014423308053135984,85,wavelet_trend,0.0
2024-07-18 10:30:00-04:00,,1,1,0.20229513190563642,0.20229513190563642,0.20229513190563642,0.48739409516829973,0,0.014712407334088741,85,wavelet_trend,0.0
2024-07-18 13:30:00-04:00,,0,-1,0.1837374031285359,-0.1837374031285359,0.1837374031285359,0.48523686660009724,0,0.015236169125826976,85,wavelet_trend,0.0
2024-07-19 10:30:00-04:00,,0,-1,0.40259437568832324,-0.40259437568832324,0.40259437568832324,0.48717903638372034,0,0.01491501292353119,85,wavelet_trend,0.0
2024-07-22 12:30:00-04:00,,0,-1,0.14411088951763,-0.14411088951763,0.14411088951763,0.48850462070609035,0,0.013507817479271739,85,wavelet_trend,0.0
2024-07-23 09:30:00-04:00,,1,1,0.2616073650463874,0.2616073650463874,0.2616073650463874,0.4880521350432156,0,0.013471690170898817,85,wavelet_trend,0.0
2024-07-24 10:30:00-04:00,,1,1,0.28170850865087543,0.28170850865087543,0.28170850865087543,0.4885675023292088,0,0.012366852100610223,85,wavelet_trend,0.0
2024-07-24 13:30:00-04:00,,1,1,0.1450323325537443,0.1450323325537443,0.1450323325537443,0.48774641117238243,0,0.012209077807348876,85,wavelet_trend,0.0
2024-07-25 09:30:00-04:00,,1,1,0.031742987472284045,0.031742987472284045,0.031742987472284045,0.4862881216992642,0,0.013221708897739643,85,wavelet_trend,0.0
2024-07-25 11:30:00-04:00,,1,1,0.04115878974936933,0.04115878974936933,0.04115878974936933,0.48938473884780975,0,0.013170881046890019,85,wavelet_trend,0.0
2024-07-26 09:30:00-04:00,,0,-1,0.011249309468226859,-0.011249309468226859,0.011249309468226859,0.49284104815598634,0,0.013733337115766084,85,wavelet_trend,0.0
2024-07-29 10:30:00-04:00,,1,1,0.2320930881116333,0.2320930881116333,0.2320930881116333,0.49228400272958817,0,0.012899198551178083,85,wavelet_trend,0.0
2024-07-31 09:30:00-04:00,,0,-1,0.054305573787714015,-0.054305573787714015,0.054305573787714015,0.48415640800871135,0,0.011108005804826807,85,wavelet_trend,0.0
2024-07-31 11:30:00-04:00,,1,1,0.12046546863178544,0.12046546863178544,0.12046546863178544,0.4896769258201284,0,0.011044336940155965,85,wavelet_trend,0.0
2024-08-01 09:30:00-04:00,,0,-1,0.0851060123005758,-0.0851060123005758,0.0851060123005758,0.4834978113447247,0,0.013101430713521956,85,wavelet_trend,0.0
2024-08-01 10:30:00-04:00,,0,-1,0.23520989629302547,-0.23520989629302547,0.23520989629302547,0.4838133933134173,0,0.014105152759555326,85,wavelet_trend,0.0
2024-08-02 09:30:00-04:00,,0,-1,0.4822257658552653,-0.4822257658552653,0.4822257658552653,0.47723474851882414,0,0.021237220933581904,85,wavelet_trend,0.0
2024-08-05 09:30:00-04:00,,0,-1,0.6827186571575952,-0.6827186571575952,0.6827186571575952,0.4711859742571962,0,0.02764327143733705,85,wavelet_trend,0.0
2024-08-05 11:30:00-04:00,,0,-1,0.3930539579640279,-0.3930539579640279,0.3930539579640279,0.4801806342182088,0,0.028393573504372337,85,wavelet_trend,0.0
2024-08-06 12:30:00-04:00,,0,-1,0.05235335148883297,-0.05235335148883297,0.05235335148883297,0.49058600076906794,0,0.026382442412082246,85,wavelet_trend,0.0
2024-08-07 12:30:00-04:00,,1,1,0.05527677538518211,0.05527677538518211,0.05527677538518211,0.49306173900113776,0,0.024657201104986447,85,wavelet_trend,0.0
2024-08-08 09:30:00-04:00,,1,1,0.10387555532070046,0.10387555532070046,0.10387555532070046,0.49333034461837644,0,0.02467216681840478,86,wavelet_trend,0.0
2024-08-12 11:30:00-04:00,,0,-1,0.04172368133578796,-0.04172368133578796,0.04172368133578796,0.48971197430669666,0,0.020176691621881328,86,wavelet_trend,0.0
2024-08-13 11:30:00-04:00,,1,1,0.02420887775450261,0.02420887775450261,0.02420887775450261,0.4880056825911541,0,0.01850866495148414,86,wavelet_trend,0.0
2024-08-15 09:30:00-04:00,,1,1,0.25376840420097674,0.25376840420097674,0.25376840420097674,0.4925623381991266,0,0.017962603638036367,86,wavelet_trend,0.0
2024-08-19 09:30:00-04:00,,1,1,0.3339789958191409,0.3339789958191409,0.3339789958191409,0.4849851796513962,0,0.01505478129805452,86,wavelet_trend,0.0
2024-08-20 09:30:00-04:00,,1,1,0.03409003012996283,0.03409003012996283,0.03409003012996283,0.4828264500488947,0,0.014266962700159588,86,wavelet_trend,0.0
2024-08-21 10:30:00-04:00,,1,1,0.08836184018263141,0.08836184018263141,0.08836184018263141,0.4835413691005087,0,0.013060369276378523,86,wavelet_trend,0.0
2024-08-23 09:30:00-04:00,,1,1,0.27848876665899996,0.27848876665899996,0.27848876665899996,0.4922530990110086,0,0.015527426220777104,86,wavelet_trend,0.0
2024-08-26 09:30:00-04:00,,1,1,0.3323450441586098,0.3323450441586098,0.3323450441586098,0.4927268734576984,0,0.014615970249463695,86,wavelet_trend,0.0
2024-08-27 09:30:00-04:00,,1,1,0.24556869743146062,0.24556869743146062,0.24556869743146062,0.4853958330139731,0,0.01404989023854793,86,wavelet_trend,0.0
2024-08-28 11:30:00-04:00,,0,-1,0.2849755383093402,-0.2849755383093402,0.2849755383093402,0.4866157914357754,0,0.01266335703549626,86,wavelet_trend,0.0
2024-08-29 09:30:00-04:00,,0,-1,0.045190530305668,-0.045190530305668,0.045190530305668,0.4870226300523293,0,0.013232703944654995,86,wavelet_trend,0.0
2024-08-30 11:30:00-04:00,,0,-1,0.02427306259223094,-0.02427306259223094,0.02427306259223094,0.49325216807444167,0,0.012443588373411049,86,wavelet_trend,0.0
2024-09-03 09:30:00-04:00,,0,-1,0.08101926874638991,-0.08101926874638991,0.08101926874638991,0.48536764169486984,0,0.013732148908979147,86,wavelet_trend,0.0
2024-09-03 12:30:00-04:00,,0,-1,0.2752559157351939,-0.2752559157351939,0.2752559157351939,0.4875546244407527,0,0.013338777933758842,86,wavelet_trend,0.0
2024-09-04 14:30:00-04:00,,0,-1,0.3017652321976621,-0.3017652321976621,0.3017652321976621,0.48308247979102903,0,0.011921713602096783,86,wavelet_trend,0.0
2024-09-05 10:30:00-04:00,,0,-1,0.5291344120777072,-0.5291344120777072,0.5291344120777072,0.48417275746513005,0,0.011853028911544498,86,wavelet_trend,0.0
2024-09-06 09:30:00-04:00,,0,-1,0.26299381848699377,-0.26299381848699377,0.26299381848699377,0.47947071702473976,0,0.012305457072885436,86,wavelet_trend,0.0
2024-09-06 11:30:00-04:00,,0,-1,0.384558260261726,-0.384558260261726,0.384558260261726,0.4841640515937782,0,0.012160254789998133,86,wavelet_trend,0.0
2024-09-09 09:30:00-04:00,,0,-1,0.20948704362433543,-0.20948704362433543,0.20948704362433543,0.4854078623966077,0,0.012201562943563143,87,wavelet_trend,0.0
2024-09-10 09:30:00-04:00,,0,-1,0.30164475760896176,-0.30164475760896176,0.30164475760896176,0.4833908715931479,0,0.011513224704999676,87,wavelet_trend,0.0
2024-09-10 11:30:00-04:00,,0,-1,0.20000595927589435,-0.20000595927589435,0.20000595927589435,0.488164486240919,0,0.011868739074573247,87,wavelet_trend,0.0
2024-09-10 13:30:00-04:00,,1,1,0.030087623646407928,0.030087623646407928,0.030087623646407928,0.4887940182660262,0,0.012048528829168395,87,wavelet_trend,0.0
2024-09-11 09:30:00-04:00,,0,-1,0.2044133086340795,-0.2044133086340795,0.2044133086340795,0.48186586796823355,0,0.013482715514342276,87,wavelet_trend,0.0
2024-09-11 11:30:00-04:00,,0,-1,0.12325452190254614,-0.12325452190254614,0.12325452190254614,0.49082602920017104,0,0.013630996708339654,87,wavelet_trend,0.0
2024-09-11 14:30:00-04:00,,0,-1,0.04961872565685485,-0.04961872565685485,0.04961872565685485,0.4897375539256952,0,0.013288700085816462,87,wavelet_trend,0.0
2024-09-12 10:30:00-04:00,,1,1,0.14977808768745948,0.14977808768745948,0.14977808768745948,0.4973852832859296,0,0.013176757595172471,87,wavelet_trend,0.0
2024-09-13 09:30:00-04:00,,1,1,0.3706616777116591,0.3706616777116591,0.3706616777116591,0.5008166755010106,1,0.014688354821004864,87,wavelet_trend,1.0
2024-09-16 13:30:00-04:00,,1,1,0.3909179863833022,0.3909179863833022,0.3909179863833022,0.48932919174935263,0,0.012859128383346855,87,wavelet_trend,0.0
2024-09-17 09:30:00-04:00,,1,1,0.4656418453050703,0.4656418453050703,0.4656418453050703,0.4906919076069386,0,0.013313832556669368,87,wavelet_trend,0.0
2024-09-17 12:30:00-04:00,,1,1,0.1787524125004298,0.1787524125004298,0.1787524125004298,0.48620951919499494,0,0.013216762431357476,87,wavelet_trend,0.0
2024-09-18 13:30:00-04:00,,1,1,0.30241147060743834,0.30241147060743834,0.30241147060743834,0.4782847912026573,0,0.014204276811459794,87,wavelet_trend,0.0
2024-09-18 14:30:00-04:00,,1,1,0.20343938639329348,0.20343938639329348,0.20343938639329348,0.4808021591697617,0,0.014652842584935545,87,wavelet_trend,0.0
2024-09-19 09:30:00-04:00,,1,1,0.25647214445776806,0.25647214445776806,0.25647214445776806,0.4972423884566252,0,0.016669609182148947,87,wavelet_trend,0.0
2024-09-20 10:30:00-04:00,,1,1,0.11166585113590681,0.11166585113590681,0.11166585113590681,0.49016974390651946,0,0.015284362066304144,87,wavelet_trend,0.0
2024-09-23 10:30:00-04:00,,1,1,0.04585755028797875,0.04585755028797875,0.04585755028797875,0.4861875211969026,0,0.014312773688957591,87,wavelet_trend,0.0
2024-09-25 11:30:00-04:00,,0,-1,0.12875412877815842,-0.12875412877815842,0.12875412877815842,0.4820377389734131,0,0.011872497595092991,87,wavelet_trend,0.0
2024-09-26 10:30:00-04:00,,0,-1,0.04080257418252858,-0.04080257418252858,0.04080257418252858,0.48380054912217635,0,0.011335756516253645,87,wavelet_trend,0.0
2024-09-27 09:30:00-04:00,,1,1,0.05924642150207416,0.05924642150207416,0.05924642150207416,0.49155738004128624,0,0.011692354813081876,87,wavelet_trend,0.0
2024-09-27 13:30:00-04:00,,1,1,0.0658861906990247,0.0658861906990247,0.0658861906990247,0.48982531160543324,0,0.011467642680452049,87,wavelet_trend,0.0
2024-09-30 13:30:00-04:00,,0,-1,0.0026404666290270164,-0.0026404666290270164,0.0026404666290270164,0.4838647079247932,0,0.010797945072694586,87,wavelet_trend,0.0
2024-10-01 09:30:00-04:00,,0,-1,0.11847998271873326,-0.11847998271873326,0.11847998271873326,0.4797067120238783,0,0.012948162930541168,87,wavelet_trend,0.0
2024-10-01 13:30:00-04:00,,0,-1,0.1263903362693321,-0.1263903362693321,0.1263903362693321,0.4875615447274054,0,0.012997634565652725,87,wavelet_trend,0.0
2024-10-03 09:30:00-04:00,,0,-1,0.24536120932535163,-0.24536120932535163,0.24536120932535163,0.4810100217412486,0,0.011718674375459374,87,wavelet_trend,0.0
2024-10-04 09:30:00-04:00,,0,-1,0.023357579101301915,-0.023357579101301915,0.023357579101301915,0.4907216200700838,0,0.01166249883238527,87,wavelet_trend,0.0
2024-10-07 11:30:00-04:00,,1,1,0.10694006678618047,0.10694006678618047,0.10694006678618047,0.49053017677246114,0,0.010654284484880844,87,wavelet_trend,0.0
2024-10-08 11:30:00-04:00,,1,1,0.026624107697453457,0.026624107697453457,0.026624107697453457,0.4880186528000553,0,0.009962599451613182,88,wavelet_trend,0.0
2024-10-09 10:30:00-04:00,,0,-1,0.0007429931247746145,-0.0007429931247746145,0.0007429931247746145,0.4893472519927038,0,0.009599532233073816,88,wavelet_trend,0.0
2024-10-09 14:30:00-04:00,,1,1,0.029812961351367056,0.029812961351367056,0.029812961351367056,0.48678630819254093,0,0.009153512505250053,88,wavelet_trend,0.0
2024-10-10 09:30:00-04:00,,0,-1,0.03111982451248635,-0.03111982451248635,0.03111982451248635,0.4789222678836498,0,0.009511608760118603,88,wavelet_trend,0.0
2024-10-11 09:30:00-04:00,,1,1,0.116339450524838,0.116339450524838,0.116339450524838,0.49108516658088264,0,0.01031760200503688,88,wavelet_trend,0.0
2024-10-11 14:30:00-04:00,,1,1,0.18113194665106558,0.18113194665106558,0.18113194665106558,0.48924012172240994,0,0.009698149679615542,88,wavelet_trend,0.0
2024-10-14 11:30:00-04:00,,1,1,0.46925149437852376,0.46925149437852376,0.46925149437852376,0.4885711730616014,0,0.00921640284065326,88,wavelet_trend,0.0
2024-10-15 09:30:00-04:00,,1,1,0.5916394125013233,0.5916394125013233,0.5916394125013233,0.48228656644920337,0,0.008665629366507445,88,wavelet_trend,0.0
2024-10-15 11:30:00-04:00,,1,1,0.4420053408553048,0.4420053408553048,0.4420053408553048,0.48377516811308463,0,0.008634609944669058,88,wavelet_trend,0.0
2024-10-15 14:30:00-04:00,,1,1,0.2692091721250048,0.2692091721250048,0.2692091721250048,0.48415926568707984,0,0.008463702466532514,88,wavelet_trend,0.0
2024-10-16 09:30:00-04:00,,1,1,0.3434009855740887,0.3434009855740887,0.3434009855740887,0.4905998447718444,0,0.009937263242035105,88,wavelet_trend,0.0
2024-10-17 09:30:00-04:00,,1,1,0.18461311899704194,0.18461311899704194,0.18461311899704194,0.48559454315267925,0,0.009443737518539125,88,wavelet_trend,0.0
2024-10-21 09:30:00-04:00,,0,-1,0.24962934192668523,-0.24962934192668523,0.24962934192668523,0.47774184416921966,0,0.009157990737209147,88,wavelet_trend,0.0
2024-10-21 10:30:00-04:00,,0,-1,0.35293754435457975,-0.35293754435457975,0.35293754435457975,0.4808985448952049,0,0.009420455663170181,88,wavelet_trend,0.0
2024-10-22 09:30:00-04:00,,0,-1,0.42194493211421524,-0.42194493211421524,0.42194493211421524,0.479498728776164,0,0.009193553043573182,88,wavelet_trend,0.0
2024-10-23 09:30:00-04:00,,0,-1,0.44580441549717303,-0.44580441549717303,0.44580441549717303,0.47762173809490643,0,0.008697540936479783,88,wavelet_trend,0.0
2024-10-23 12:30:00-04:00,,0,-1,0.25033147983344,-0.25033147983344,0.25033147983344,0.4797558931780134,0,0.008532039285226863,88,wavelet_trend,0.0
2024-10-25 09:30:00-04:00,,1,1,0.0333638297549263,0.0333638297549263,0.0333638297549263,0.48847871190051767,0,0.008881154764066491,88,wavelet_trend,0.0
2024-10-25 10:30:00-04:00,,0,-1,0.07948443970970615,-0.07948443970970615,0.07948443970970615,0.4916633952490299,0,0.009268141360253782,88,wavelet_trend,0.0
2024-10-25 13:30:00-04:00,,1,1,0.007072052865625359,0.007072052865625359,0.007072052865625359,0.48829641617438024,0,0.00907678155044542,88,wavelet_trend,0.0
2024-10-28 09:30:00-04:00,,1,1,0.20950265899473755,0.20950265899473755,0.20950265899473755,0.4968970856000239,0,0.010851599059472375,88,wavelet_trend,0.0
2024-10-29 09:30:00-04:00,,1,1,0.06365677428593072,0.06365677428593072,0.06365677428593072,0.48786491720575587,0,0.010365577677811735,88,wavelet_trend,0.0
2024-10-30 09:30:00-04:00,,1,1,0.3287881143828163,0.3287881143828163,0.3287881143828163,0.4887649328921282,0,0.01020096264847549,88,wavelet_trend,0.0
2024-10-30 14:30:00-04:00,,0,-1,0.031205859757046015,-0.031205859757046015,0.031205859757046015,0.4904500125238424,0,0.00968590447325166,88,wavelet_trend,0.0
2024-10-31 09:30:00-04:00,,0,-1,0.18259227820132304,-0.18259227820132304,0.18259227820132304,0.48068321014015414,0,0.009905110848760449,88,wavelet_trend,0.0
2024-11-01 09:30:00-04:00,,0,-1,0.04241620840080933,-0.04241620840080933,0.04241620840080933,0.49009332592337285,0,0.011328028389662024,88,wavelet_trend,0.0
2024-11-01 12:30:00-04:00,,0,-1,0.24191750685811145,-0.24191750685811145,0.24191750685811145,0.4876050296927017,0,0.010985215784233162,88,wavelet_trend,0.0
2024-11-04 09:30:00-05:00,,0,-1,0.07593297585831005,-0.07593297585831005,0.07593297585831005,0.4877246961606256,0,0.011057159122592678,88,wavelet_trend,0.0
2024-11-05 10:30:00-05:00,,1,1,0.2808334186825081,0.2808334186825081,0.2808334186825081,0.4929025566328757,0,0.010207793477028692,88,wavelet_trend,0.0
2024-11-05 13:30:00-05:00,,1,1,0.25185069475567606,0.25185069475567606,0.25185069475567606,0.48587273677335496,0,0.009895719422708314,88,wavelet_trend,0.0
2024-11-06 09:30:00-05:00,,1,1,0.5074294406536257,0.5074294406536257,0.5074294406536257,0.5294924314716344,1,0.02290115722017948,89,wavelet_trend,1.0
2024-11-08 13:30:00-05:00,,1,1,0.08279929410715081,0.08279929410715081,0.08279929410715081,0.4837422510049182,0,0.01819062476743302,89,wavelet_trend,0.0
2024-11-11 09:30:00-05:00,,1,1,0.12640145438832825,0.12640145438832825,0.12640145438832825,0.49276233079367693,0,0.01799101168393693,89,wavelet_trend,0.0
2024-11-12 10:30:00-05:00,,1,1,0.08949408362236495,0.08949408362236495,0.08949408362236495,0.476984167474326,0,0.016698018628433006,89,wavelet_trend,0.0
2024-11-13 13:30:00-05:00,,0,-1,0.21302466486578536,-0.21302466486578536,0.21302466486578536,0.48184427423189774,0,0.015251790163319366,89,wavelet_trend,0.0
2024-11-14 09:30:00-05:00,,0,-1,0.3238582248104876,-0.3238582248104876,0.3238582248104876,0.47445885868194343,0,0.014850952619003531,89,wavelet_trend,0.0
2024-11-15 09:30:00-05:00,,0,-1,0.3520095804239131,-0.3520095804239131,0.3520095804239131,0.467849728014019,0,0.01433308687348111,89,wavelet_trend,0.0
2024-11-15 13:30:00-05:00,,0,-1,0.49088269164226106,-0.49088269164226106,0.49088269164226106,0.4735596523704302,0,0.013765462259032525,89,wavelet_trend,0.0
2024-11-18 10:30:00-05:00,,0,-1,0.2477051449249444,-0.2477051449249444,0.2477051449249444,0.4837459322585852,0,0.013320993113484378,89,wavelet_trend,0.0
2024-11-19 09:30:00-05:00,,0,-1,0.20905915503920108,-0.20905915503920108,0.20905915503920108,0.47840628153122505,0,0.012500417638776476,89,wavelet_trend,0.0
2024-11-19 13:30:00-05:00,,1,1,0.07444028832933029,0.07444028832933029,0.07444028832933029,0.478709216337184,0,0.011989140741450285,89,wavelet_trend,0.0
2024-11-21 10:30:00-05:00,,1,1,0.30759782716835277,0.30759782716835277,0.30759782716835277,0.49270822627661665,0,0.011974983448872255,89,wavelet_trend,0.0
2024-11-22 09:30:00-05:00,,1,1,0.34794851091184914,0.34794851091184914,0.34794851091184914,0.4957267068491995,0,0.011626918873367474,89,wavelet_trend,0.0
2024-11-22 11:30:00-05:00,,1,1,0.5358599895901743,0.5358599895901743,0.5358599895901743,0.4957048930432017,0,0.011504253083698868,89,wavelet_trend,0.0
2024-11-25 09:30:00-05:00,,1,1,0.6600367176509078,0.6600367176509078,0.6600367176509078,0.5059202128368514,1,0.014072569895786717,89,wavelet_trend,1.0
2024-11-26 09:30:00-05:00,,1,1,0.20378396121971326,0.20378396121971326,0.20378396121971326,0.491479773477772,0,0.01426818057094652,89,wavelet_trend,0.0
2024-11-29 09:30:00-05:00,,0,-1,0.07667367357134405,-0.07667367357134405,0.07667367357134405,0.4919191814764754,0,0.012102171823198763,89,wavelet_trend,0.0
2024-12-03 10:30:00-05:00,,0,-1,0.05138263318811157,-0.05138263318811157,0.05138263318811157,0.48100462567181723,0,0.010625621986382951,89,wavelet_trend,0.0
2024-12-04 12:30:00-05:00,,0,-1,0.1025349333998206,-0.1025349333998206,0.1025349333998206,0.48374191384374965,0,0.009703405242371047,89,wavelet_trend,0.0
2024-12-05 09:30:00-05:00,,0,-1,0.22548925889767502,-0.22548925889767502,0.22548925889767502,0.47955916008490973,0,0.009942384857978022,89,wavelet_trend,0.0
2024-12-09 09:30:00-05:00,,0,-1,0.04247245107150875,-0.04247245107150875,0.04247245107150875,0.49257795484267847,0,0.008737509029977686,90,wavelet_trend,0.0
2024-12-09 14:30:00-05:00,,0,-1,0.03168164343511602,-0.03168164343511602,0.03168164343511602,0.4889539749508816,0,0.008281820136672327,90,wavelet_trend,0.0
2024-12-10 09:30:00-05:00,,0,-1,0.1678985933081299,-0.1678985933081299,0.1678985933081299,0.47804901818708245,0,0.008349007218891886,90,wavelet_trend,0.0
2024-12-10 10:30:00-05:00,,1,1,0.01192613442773044,0.01192613442773044,0.01192613442773044,0.4898916808341992,0,0.008807393409144453,90,wavelet_trend,0.0
2024-12-10 14:30:00-05:00,,0,-1,0.15702547744260112,-0.15702547744260112,0.15702547744260112,0.4854581824655089,0,0.00870055041186996,90,wavelet_trend,0.0
2024-12-11 11:30:00-05:00,,0,-1,0.13377919137831423,-0.13377919137831423,0.13377919137831423,0.4913088299203328,0,0.00836257415500373,90,wavelet_trend,0.0
2024-12-12 09:30:00-05:00,,0,-1,0.1190695861550426,-0.1190695861550426,0.1190695861550426,0.48347931923263426,0,0.008352793570892286,90,wavelet_trend,0.0
2024-12-12 13:30:00-05:00,,0,-1,0.22693941627879277,-0.22693941627879277,0.22693941627879277,0.4845515609407902,0,0.008040052456891334,90,wavelet_trend,0.0
2024-12-13 09:30:00-05:00,,0,-1,0.2847427683013523,-0.2847427683013523,0.2847427683013523,0.477523994459886,0,0.007936342093093043,90,wavelet_trend,0.0
2024-12-13 11:30:00-05:00,,0,-1,0.4314261980948319,-0.4314261980948319,0.4314261980948319,0.47971572392571477,0,0.007790476655345827,90,wavelet_trend,0.0
2024-12-16 09:30:00-05:00,,0,-1,0.34925560691320146,-0.34925560691320146,0.34925560691320146,0.48133409944384903,0,0.007851209334620246,90,wavelet_trend,0.0
2024-12-17 09:30:00-05:00,,0,-1,0.252221154579384,-0.252221154579384,0.252221154579384,0.48146574764640754,0,0.008822765767874838,90,wavelet_trend,0.0
2024-12-18 10:30:00-05:00,,0,-1,0.009717103904588095,-0.009717103904588095,0.009717103904588095,0.4930731439367769,0,0.008284119421036847,90,wavelet_trend,0.0
2024-12-18 13:30:00-05:00,,0,-1,0.3875950678077288,-0.3875950678077288,0.3875950678077288,0.47541244158529394,0,0.011173080539825707,90,wavelet_trend,0.0
2024-12-18 14:30:00-05:00,,0,-1,0.5530574455429744,-0.5530574455429744,0.5530574455429744,0.4737897346418798,0,0.01381545075313347,90,wavelet_trend,0.0
2024-12-20 09:30:00-05:00,,0,-1,0.4403959476140659,-0.4403959476140659,0.4403959476140659,0.4805573400261269,0,0.013998576942328679,90,wavelet_trend,0.0
2024-12-20 11:30:00-05:00,,0,-1,0.3620052343198796,-0.3620052343198796,0.3620052343198796,0.4852420445259859,0,0.01403438321068915,90,wavelet_trend,0.0
2024-12-23 09:30:00-05:00,,0,-1,0.13718519445480756,-0.13718519445480756,0.13718519445480756,0.48974758289597364,0,0.01378915969851701,90,wavelet_trend,0.0
2024-12-24 09:30:00-05:00,,1,1,0.07217596811133538,0.07217596811133538,0.07217596811133538,0.49541376274814064,0,0.01286292417470068,90,wavelet_trend,0.0
2024-12-26 10:30:00-05:00,,1,1,0.1329217740760114,0.1329217740760114,0.1329217740760114,0.49697343734718713,0,0.012329558834060948,90,wavelet_trend,0.0
2024-12-27 09:30:00-05:00,,1,1,0.012258769969371391,0.012258769969371391,0.012258769969371391,0.49006266279854827,0,0.013784169129144002,90,wavelet_trend,0.0
2024-12-30 09:30:00-05:00,,0,-1,0.2282865252022352,-0.2282865252022352,0.2282865252022352,0.4857658726772879,0,0.014972679255619835,90,wavelet_trend,0.0
2024-12-30 11:30:00-05:00,,0,-1,0.13516466072127092,-0.13516466072127092,0.13516466072127092,0.4936207737984083,0,0.015046764824236804,90,wavelet_trend,0.0
2024-12-31 09:30:00-05:00,,0,-1,0.11304567324562587,-0.11304567324562587,0.11304567324562587,0.4986894600828126,0,0.014705302332302472,90,wavelet_trend,0.0
2024-12-31 11:30:00-05:00,,0,-1,0.0500995698737483,-0.0500995698737483,0.0500995698737483,0.49782576232575243,0,0.014642527042768598,90,wavelet_trend,0.0
2025-01-02 09:30:00-05:00,,1,1,0.044779723848899895,0.044779723848899895,0.044779723848899895,0.4974264840806145,0,0.0142447120818307,90,wavelet_trend,0.0
2025-01-02 12:30:00-05:00,,1,1,0.03295537975345414,0.03295537975345414,0.03295537975345414,0.4902872202516552,0,0.013973277625020564,90,wavelet_trend,0.0
2025-01-03 09:30:00-05:00,,1,1,0.07826151019719003,0.07826151019719003,0.07826151019719003,0.49607567672351477,0,0.013634428098903847,90,wavelet_trend,0.0
2025-01-03 14:30:00-05:00,,1,1,0.21450248127458607,0.21450248127458607,0.21450248127458607,0.49721085089098754,0,0.01282592530337112,90,wavelet_trend,0.0
2025-01-06 09:30:00-05:00,,1,1,0.26127226372110346,0.26127226372110346,0.26127226372110346,0.4972821934060007,0,0.013019037645614077,90,wavelet_trend,0.0
2025-01-06 14:30:00-05:00,,1,1,0.24480726663822872,0.24480726663822872,0.24480726663822872,0.494203452800856,0,0.01233167849154542,90,wavelet_trend,0.0
2025-01-07 11:30:00-05:00,,1,1,0.004697634302855154,0.004697634302855154,0.004697634302855154,0.48685591222255375,0,0.011911332532372533,90,wavelet_trend,0.0
2025-01-07 14:30:00-05:00,,0,-1,0.1313180468893339,-0.1313180468893339,0.1313180468893339,0.4870859054758873,0,0.011721158889132473,90,wavelet_trend,0.0
2025-01-08 09:30:00-05:00,,0,-1,0.2731669046522823,-0.2731669046522823,0.2731669046522823,0.4816489049543112,0,0.01300116153882979,91,wavelet_trend,0.0
2025-01-08 12:30:00-05:00,,0,-1,0.2618305160847509,-0.2618305160847509,0.2618305160847509,0.4895303284541443,0,0.013042047592481025,91,wavelet_trend,0.0
2025-01-10 09:30:00-05:00,,0,-1,0.33203031650562137,-0.33203031650562137,0.33203031650562137,0.47785196533186136,0,0.014298582207833635,91,wavelet_trend,0.0
2025-01-10 11:30:00-05:00,,0,-1,0.37041947503876993,-0.37041947503876993,0.37041947503876993,0.48681541297069914,0,0.014275158233957518,91,wavelet_trend,0.0
2025-01-13 09:30:00-05:00,,0,-1,0.35540022690877565,-0.35540022690877565,0.35540022690877565,0.48290789285004154,0,0.014220266677672087,91,wavelet_trend,0.0
2025-01-13 13:30:00-05:00,,0,-1,0.18855022978979816,-0.18855022978979816,0.18855022978979816,0.4831682236655039,0,0.01367835941712404,91,wavelet_trend,0.0
2025-01-14 09:30:00-05:00,,0,-1,0.08989244352938625,-0.08989244352938625,0.08989244352938625,0.4955028516558684,0,0.014138655606734175,91,wavelet_trend,0.0
2025-01-14 11:30:00-05:00,,0,-1,0.014792772417460466,-0.014792772417460466,0.014792772417460466,0.49912413492792523,0,0.014034761307911826,91,wavelet_trend,0.0
2025-01-14 13:30:00-05:00,,1,1,0.19792587628978564,0.19792587628978564,0.19792587628978564,0.49889042718682863,0,0.014028944781318407,91,wavelet_trend,0.0
2025-01-15 09:30:00-05:00,,1,1,0.3561974443474787,0.3561974443474787,0.3561974443474787,0.5116806540447308,1,0.016763729427457928,91,wavelet_trend,1.0
2025-01-17 09:30:00-05:00,,1,1,0.3111890184259769,0.3111890184259769,0.3111890184259769,0.4963928254793518,0,0.014243148788047513,91,wavelet_trend,0.0
2025-01-21 09:30:00-05:00,,1,1,0.17307167820629413,0.17307167820629413,0.17307167820629413,0.4992945938354985,0,0.013879709477542121,91,wavelet_trend,0.0
2025-01-23 09:30:00-05:00,,1,1,0.12134555518292489,0.12134555518292489,0.12134555518292489,0.4824544956980112,0,0.011811180703627347,91,wavelet_trend,0.0
2025-01-23 12:30:00-05:00,,0,-1,0.007672608024016396,-0.007672608024016396,0.007672608024016396,0.4879220078015505,0,0.011534926164247195,91,wavelet_trend,0.0
2025-01-24 14:30:00-05:00,,0,-1,0.00853822539356928,-0.00853822539356928,0.00853822539356928,0.4902310635657664,0,0.010396474632947612,91,wavelet_trend,0.0
2025-01-27 10:30:00-05:00,,0,-1,0.08445026578690182,-0.08445026578690182,0.08445026578690182,0.48878913581446864,0,0.010786039626367655,91,wavelet_trend,0.0
2025-01-27 12:30:00-05:00,,0,-1,0.1809428005034328,-0.1809428005034328,0.1809428005034328,0.48788388220093076,0,0.010922279436854004,91,wavelet_trend,0.0
2025-01-28 14:30:00-05:00,,0,-1,0.13432905998824407,-0.13432905998824407,0.13432905998824407,0.4910601716958634,0,0.0103636350568635,91,wavelet_trend,0.0
2025-01-29 13:30:00-05:00,,0,-1,0.15309915410361064,-0.15309915410361064,0.15309915410361064,0.4855368109010089,0,0.010309658792607127,91,wavelet_trend,0.0
2025-01-30 09:30:00-05:00,,1,1,0.15914615437479346,0.15914615437479346,0.15914615437479346,0.5040086950578243,1,0.010827375525528439,91,wavelet_trend,1.0
2025-01-31 11:30:00-05:00,,1,1,0.16286412560506622,0.16286412560506622,0.16286412560506622,0.4979033708418632,0,0.01021072430222102,91,wavelet_trend,0.0
2025-01-31 12:30:00-05:00,,1,1,0.09574196000479258,0.09574196000479258,0.09574196000479258,0.49183767364197817,0,0.010672813551974516,91,wavelet_trend,0.0
2025-01-31 14:30:00-05:00,,0,-1,0.04447675883665583,-0.04447675883665583,0.04447675883665583,0.4932132818349093,0,0.010680362403495491,91,wavelet_trend,0.0
2025-02-03 09:30:00-05:00,,0,-1,0.09944550009447374,-0.09944550009447374,0.09944550009447374,0.47760464433694133,0,0.010841854201930972,91,wavelet_trend,0.0
2025-02-04 09:30:00-05:00,,0,-1,0.2945482483200515,-0.2945482483200515,0.2945482483200515,0.48814301224365086,0,0.010304042379410319,91,wavelet_trend,0.0
2025-02-05 09:30:00-05:00,,1,1,0.15304634063906813,0.15304634063906813,0.15304634063906813,0.49562553346226257,0,0.010041242751507185,91,wavelet_trend,0.0
2025-02-06 10:30:00-05:00,,1,1,0.4518383185945383,0.4518383185945383,0.4518383185945383,0.4955059383969148,0,0.009092173227270114,91,wavelet_trend,0.0
2025-02-06 13:30:00-05:00,,1,1,0.19421331041590423,0.19421331041590423,0.19421331041590423,0.4919039571479012,0,0.009103256086974787,91,wavelet_trend,0.0
2025-02-07 10:30:00-05:00,,0,-1,0.04663243884860039,-0.04663243884860039,0.04663243884860039,0.487976349180431,0,0.009293322252226245,91,wavelet_trend,0.0
2025-02-10 12:30:00-05:00,,0,-1,0.23588528970252895,-0.23588528970252895,0.23588528970252895,0.4867707960550008,0,0.00835845676618809,92,wavelet_trend,0.0
2025-02-11 09:30:00-05:00,,0,-1,0.20676190097766378,-0.20676190097766378,0.20676190097766378,0.48365493796449976,0,0.008306107793564431,92,wavelet_trend,0.0
2025-02-12 09:30:00-05:00,,0,-1,0.20929895055312384,-0.20929895055312384,0.20929895055312384,0.47810076050809847,0,0.009060971417981558,92,wavelet_trend,0.0
2025-02-12 11:30:00-05:00,,0,-1,0.15798518903396405,-0.15798518903396405,0.15798518903396405,0.4871739943425319,0,0.009334356509362955,92,wavelet_trend,0.0
2025-02-13 11:30:00-05:00,,0,-1,0.07506861888012968,-0.07506861888012968,0.07506861888012968,0.49039796095824784,0,0.008761208267635413,92,wavelet_trend,0.0
2025-02-13 13:30:00-05:00,,1,1,0.00859396566101437,0.00859396566101437,0.00859396566101437,0.4896322708329313,0,0.008844098388920984,92,wavelet_trend,0.0
2025-02-18 10:30:00-05:00,,1,1,0.28481709713349845,0.28481709713349845,0.28481709713349845,0.4948718756298531,0,0.007869394472414594,92,wavelet_trend,0.0
2025-02-19 09:30:00-05:00,,0,-1,0.015909416791292718,-0.015909416791292718,0.015909416791292718,0.48980313782495744,0,0.007799809923011363,92,wavelet_trend,0.0
2025-02-20 09:30:00-05:00,,0,-1,0.16407844679373085,-0.16407844679373085,0.16407844679373085,0.48269458208728055,0,0.008614763374555572,92,wavelet_trend,0.0
2025-02-21 09:30:00-05:00,,0,-1,0.35765883675873406,-0.35765883675873406,0.35765883675873406,0.4816265402538482,0,0.008993754596335871,92,wavelet_trend,0.0
2025-02-21 12:30:00-05:00,,0,-1,0.5598648191252285,-0.5598648191252285,0.5598648191252285,0.47789089718337574,0,0.009651394233655797,92,wavelet_trend,0.0
2025-02-24 09:30:00-05:00,,0,-1,0.7415038031335064,-0.7415038031335064,0.7415038031335064,0.47416746193582293,0,0.00972631606479207,92,wavelet_trend,0.0
2025-02-24 10:30:00-05:00,,0,-1,0.629437680100764,-0.629437680100764,0.629437680100764,0.48436630418432713,0,0.010036837378240323,92,wavelet_trend,0.0
2025-02-25 09:30:00-05:00,,0,-1,0.7056006409836608,-0.7056006409836608,0.7056006409836608,0.4758453248842748,0,0.010267959512667676,92,wavelet_trend,0.0
2025-02-25 14:30:00-05:00,,0,-1,0.13990030157901837,-0.13990030157901837,0.13990030157901837,0.48676248952604717,0,0.010400284428476302,92,wavelet_trend,0.0
2025-02-26 09:30:00-05:00,,0,-1,0.0570461101265199,-0.0570461101265199,0.0570461101265199,0.49640825887276435,0,0.011034649191985709,92,wavelet_trend,0.0
2025-02-26 12:30:00-05:00,,0,-1,0.0825630774926396,-0.0825630774926396,0.0825630774926396,0.4925988243226937,0,0.010981245544726922,92,wavelet_trend,0.0
2025-02-27 13:30:00-05:00,,0,-1,0.04962614451676116,-0.04962614451676116,0.04962614451676116,0.4883637328316411,0,0.01011813472178533,92,wavelet_trend,0.0
2025-02-28 12:30:00-05:00,,0,-1,0.40498204846466196,-0.40498204846466196,0.40498204846466196,0.47834619080824625,0,0.010262764585570702,92,wavelet_trend,0.0
2025-02-28 14:30:00-05:00,,0,-1,0.176859719959165,-0.176859719959165,0.176859719959165,0.484051749786586,0,0.010344693341870402,92,wavelet_trend,0.0
2025-03-03 12:30:00-05:00,,0,-1,0.24532617249055352,-0.24532617249055352,0.24532617249055352,0.48775542901289737,0,0.011279107008295998,92,wavelet_trend,0.0
2025-03-03 14:30:00-05:00,,0,-1,0.3957626290359725,-0.3957626290359725,0.3957626290359725,0.4816439414154299,0,0.012643196998452368,92,wavelet_trend,0.0
2025-03-04 09:30:00-05:00,,0,-1,0.4125375334461808,-0.4125375334461808,0.4125375334461808,0.4744908683001546,0,0.015023304080024284,92,wavelet_trend,0.0
2025-03-04 11:30:00-05:00,,0,-1,0.369682656495825,-0.369682656495825,0.369682656495825,0.484280068548621,0,0.015640419578389075,92,wavelet_trend,0.0
2025-03-04 13:30:00-05:00,,0,-1,0.23732184685064353,-0.23732184685064353,0.23732184685064353,0.4823749430447502,0,0.015830372165022068,92,wavelet_trend,0.0
2025-03-05 13:30:00-05:00,,0,-1,0.2704913652926487,-0.2704913652926487,0.2704913652926487,0.48796678535498456,0,0.01593804429232314,92,wavelet_trend,0.0
2025-03-06 11:30:00-05:00,,1,1,0.04274422194497281,0.04274422194497281,0.04274422194497281,0.49296083178011724,0,0.01585061339259632,92,wavelet_trend,0.0
2025-03-07 10:30:00-05:00,,0,-1,0.17972177156356053,-0.17972177156356053,0.17972177156356053,0.4890755035591963,0,0.015345719543395715,92,wavelet_trend,0.0
2025-03-07 12:30:00-05:00,,0,-1,0.032097077957607315,-0.032097077957607315,0.032097077957607315,0.48520289949565426,0,0.015612746874955685,92,wavelet_trend,0.0
2025-03-10 09:30:00-04:00,,0,-1,0.27734755384368026,-0.27734755384368026,0.27734755384368026,0.4833944709732969,0,0.016745668416560538,92,wavelet_trend,0.0
2025-03-10 13:30:00-04:00,,0,-1,0.2375935480448264,-0.2375935480448264,0.2375935480448264,0.4843924111514643,0,0.016317596961029864,92,wavelet_trend,0.0
2025-03-11 12:30:00-04:00,,0,-1,0.19773175283518207,-0.19773175283518207,0.19773175283518207,0.4848757099947565,0,0.015472092878565272,92,wavelet_trend,0.0
2025-03-11 13:30:00-04:00,,0,-1,0.07976488581934668,-0.07976488581934668,0.07976488581934668,0.48334319135462755,0,0.016246540589526574,92,wavelet_trend,0.0
2025-03-13 10:30:00-04:00,,0,-1,0.08136185943533948,-0.08136185943533948,0.08136185943533948,0.4907110730227196,0,0.01475572211902522,93,wavelet_trend,0.0
2025-03-14 09:30:00-04:00,,0,-1,0.07598970291688278,-0.07598970291688278,0.07598970291688278,0.4939554040098147,0,0.01477811691149753,93,wavelet_trend,0.0
2025-03-14 14:30:00-04:00,,1,1,0.02888714098018248,0.02888714098018248,0.02888714098018248,0.4992974118047233,0,0.014402810332433333,93,wavelet_trend,0.0
2025-03-17 10:30:00-04:00,,1,1,0.17768754846117885,0.17768754846117885,0.17768754846117885,0.5040510556591088,1,0.014016872348429077,93,wavelet_trend,1.0
2025-03-18 09:30:00-04:00,,1,1,0.32159502509434124,0.32159502509434124,0.32159502509434124,0.48614207002800963,0,0.013400367994224258,93,wavelet_trend,0.0
2025-03-19 09:30:00-04:00,,1,1,0.14266789989486936,0.14266789989486936,0.14266789989486936,0.49309713946982775,0,0.012546317782745696,93,wavelet_trend,0.0
2025-03-19 14:30:00-04:00,,1,1,0.10147528266980925,0.10147528266980925,0.10147528266980925,0.4805590415451428,0,0.012032088317788205,93,wavelet_trend,0.0
2025-03-20 12:30:00-04:00,,1,1,0.15167127405119704,0.15167127405119704,0.15167127405119704,0.4884285634695769,0,0.011709287019901463,93,wavelet_trend,0.0
2025-03-21 09:30:00-04:00,,0,-1,0.05256700217588377,-0.05256700217588377,0.05256700217588377,0.47711130220245485,0,0.012246551938145072,93,wavelet_trend,0.0
2025-03-24 09:30:00-04:00,,1,1,0.10517539346365044,0.10517539346365044,0.10517539346365044,0.509597816916858,1,0.013866348050093987,93,wavelet_trend,1.0
2025-03-26 09:30:00-04:00,,1,1,0.2246850461998609,0.2246850461998609,0.2246850461998609,0.48914841076963655,0,0.011768066351499882,93,wavelet_trend,0.0
2025-03-26 12:30:00-04:00,,0,-1,0.20985907407006152,-0.20985907407006152,0.20985907407006152,0.4895324623208761,0,0.011529094094609347,93,wavelet_trend,0.0
2025-03-28 09:30:00-04:00,,0,-1,0.3797615626928613,-0.3797615626928613,0.3797615626928613,0.47158929441907244,0,0.012604147449527717,93,wavelet_trend,0.0
2025-03-28 12:30:00-04:00,,0,-1,0.4190314255807323,-0.4190314255807323,0.4190314255807323,0.4804844183377944,0,0.012162690644734705,93,wavelet_trend,0.0
2025-03-31 09:30:00-04:00,,0,-1,0.435833300631818,-0.435833300631818,0.435833300631818,0.4668799848647947,0,0.013185196911891468,93,wavelet_trend,0.0
2025-03-31 13:30:00-04:00,,0,-1,0.3363866687123577,-0.3363866687123577,0.3363866687123577,0.47592089429716156,0,0.0130686762920673,93,wavelet_trend,0.0
2025-04-01 09:30:00-04:00,,0,-1,0.4927954995480445,-0.4927954995480445,0.4927954995480445,0.48004026727967986,0,0.013411751703516925,93,wavelet_trend,0.0
2025-04-01 10:30:00-04:00,,0,-1,0.21781677765358246,-0.21781677765358246,0.21781677765358246,0.49384172866167864,0,0.014951875409509008,93,wavelet_trend,0.0
2025-04-01 13:30:00-04:00,,0,-1,0.11189719789314338,-0.11189719789314338,0.11189719789314338,0.4950389743398575,0,0.014593271053795593,93,wavelet_trend,0.0
2025-04-02 09:30:00-04:00,,1,1,0.0,0.0,0.0,0.4901675681530335,0,0.014279568333268608,93,wavelet_trend,0.0
2025-04-02 11:30:00-04:00,,1,1,0.2588999324621226,0.2588999324621226,0.2588999324621226,0.5002287255991479,1,0.01422620771181896,93,wavelet_trend,1.0
2025-04-02 13:30:00-04:00,,1,1,0.09865299881087806,0.09865299881087806,0.09865299881087806,0.49389840318669603,0,0.014515026223571325,93,wavelet_trend,0.0
2025-04-03 09:30:00-04:00,,0,-1,0.2372840098254563,-0.2372840098254563,0.2372840098254563,0.46941698376288227,0,0.028169298171357264,93,wavelet_trend,0.0
2025-04-04 09:30:00-04:00,,0,-1,0.4681651155758601,-0.4681651155758601,0.4681651155758601,0.45894863669401575,0,0.03479885675262559,93,wavelet_trend,0.0
2025-04-07 10:30:00-04:00,,0,-1,0.6520562305770217,-0.6520562305770217,0.6520562305770217,0.47052490188411833,0,0.03280461338461495,93,wavelet_trend,0.0
2025-04-07 12:30:00-04:00,,0,-1,0.23969002138118858,-0.23969002138118858,0.23969002138118858,0.4699185035304945,0,0.03310605103993705,93,wavelet_trend,0.0
2025-04-08 09:30:00-04:00,,0,-1,0.1225067770199789,-0.1225067770199789,0.1225067770199789,0.5037271527035656,-1,0.034167389230087955,93,wavelet_trend,1.0
2025-04-08 11:30:00-04:00,,1,1,0.03553522461967113,0.03553522461967113,0.03553522461967113,0.5004225943869861,1,0.03412073056972205,93,wavelet_trend,1.0
2025-04-08 12:30:00-04:00,,0,-1,0.1341952765608435,-0.1341952765608435,0.1341952765608435,0.495183020811784,0,0.03481770276685815,93,wavelet_trend,0.0
2025-04-09 12:30:00-04:00,,1,1,0.1641411731094764,0.1641411731094764,0.1641411731094764,0.45677107117204035,0,0.04137097912471236,93,wavelet_trend,0.0
2025-04-09 13:30:00-04:00,,1,1,0.23730086050169844,0.23730086050169844,0.23730086050169844,0.46396302642980003,0,0.043624865913085134,93,wavelet_trend,0.0
2025-04-10 09:30:00-04:00,,1,1,0.07934358056403194,0.07934358056403194,0.07934358056403194,0.5034069397718047,1,0.044577615306106405,94,wavelet_trend,1.0
2025-04-10 11:30:00-04:00,,0,-1,0.14496555896892852,-0.14496555896892852,0.14496555896892852,0.5009826868891631,-1,0.044031291808288804,94,wavelet_trend,1.0
2025-04-10 13:30:00-04:00,,1,1,0.05812861044667869,0.05812861044667869,0.05812861044667869,0.49131327175122425,0,0.0440026555749721,94,wavelet_trend,0.0
2025-04-11 14:30:00-04:00,,1,1,0.0004142669238666686,0.0004142669238666686,0.0004142669238666686,0.49107726000585955,0,0.04074441591609308,94,wavelet_trend,0.0
2025-04-16 14:30:00-04:00,,0,-1,0.054477523773773615,-0.054477523773773615,0.054477523773773615,0.48083248757963637,0,0.03151376677425096,94,wavelet_trend,0.0
2025-04-17 11:30:00-04:00,,0,-1,0.017060554061387862,-0.017060554061387862,0.017060554061387862,0.4821188343775013,0,0.030251663969450247,94,wavelet_trend,0.0
2025-04-21 10:30:00-04:00,,0,-1,0.12317668123247447,-0.12317668123247447,0.12317668123247447,0.4868849235383396,0,0.02872560204112303,94,wavelet_trend,0.0
2025-04-22 09:30:00-04:00,,1,1,0.06711204904086258,0.06711204904086258,0.06711204904086258,0.4971027518270517,0,0.027084213465216146,94,wavelet_trend,0.0
2025-04-23 09:30:00-04:00,,1,1,0.21803296663244037,0.21803296663244037,0.21803296663244037,0.520663309738713,1,0.02930289277728343,94,wavelet_trend,1.0
2025-04-23 14:30:00-04:00,,1,1,0.26058892651960747,0.26058892651960747,0.26058892651960747,0.5116760113083985,1,0.027995497245096475,94,wavelet_trend,1.0
2025-04-24 12:30:00-04:00,,1,1,0.207637164430159,0.207637164430159,0.207637164430159,0.5048229261482213,1,0.026443017740729297,94,wavelet_trend,1.0
2025-04-28 09:30:00-04:00,,1,1,0.18822313693609327,0.18822313693609327,0.18822313693609327,0.49309172462066775,0,0.02338730796367525,94,wavelet_trend,0.0
2025-04-28 12:30:00-04:00,,1,1,0.01721938071594861,0.01721938071594861,0.01721938071594861,0.49226002693570275,0,0.02301052201857483,94,wavelet_trend,0.0
2025-04-29 11:30:00-04:00,,1,1,0.13383089897469935,0.13383089897469935,0.13383089897469935,0.5017684839645182,1,0.02189491634144362,94,wavelet_trend,1.0
2025-04-30 09:30:00-04:00,,0,-1,0.05850346849709364,-0.05850346849709364,0.05850346849709364,0.4733083774916463,0,0.022179501152427422,94,wavelet_trend,0.0
2025-05-01 10:30:00-04:00,,1,1,0.09605780553420139,0.09605780553420139,0.09605780553420139,0.5003512686433045,1,0.020548960075642247,94,wavelet_trend,1.0
2025-05-02 09:30:00-04:00,,1,1,0.1256520664982198,0.1256520664982198,0.1256520664982198,0.516653968532465,1,0.0208703990790753,94,wavelet_trend,1.0
2025-05-06 09:30:00-04:00,,1,1,0.0303945080952333,0.0303945080952333,0.0303945080952333,0.47784552707926453,0,0.017868138069603332,94,wavelet_trend,0.0
2025-05-08 09:30:00-04:00,,0,-1,0.006818341241947679,-0.006818341241947679,0.006818341241947679,0.49488479760368553,0,0.01600202845259027,94,wavelet_trend,0.0
2025-05-08 11:30:00-04:00,,1,1,0.1825811820183698,0.1825811820183698,0.1825811820183698,0.4878647018830189,0,0.01581506616517756,94,wavelet_trend,0.0
2025-05-09 11:30:00-04:00,,1,1,0.13261966949820062,0.13261966949820062,0.13261966949820062,0.4952689046131541,0,0.014740943688289324,94,wavelet_trend,0.0
2025-05-12 09:30:00-04:00,,1,1,0.42873464397495675,0.42873464397495675,0.42873464397495675,0.5182197863552018,1,0.01749326590505759,95,wavelet_trend,1.0
2025-05-13 10:30:00-04:00,,1,1,0.3712788574331553,0.3712788574331553,0.3712788574331553,0.4991563794536143,0,0.015804624682715894,95,wavelet_trend,0.0
2025-05-14 11:30:00-04:00,,1,1,0.05509092267138425,0.05509092267138425,0.05509092267138425,0.4846242452172211,0,0.014465740870266064,95,wavelet_trend,0.0
2025-05-15 12:30:00-04:00,,0,-1,0.0741289349415411,-0.0741289349415411,0.0741289349415411,0.4767822087579223,0,0.01338806368236402,95,wavelet_trend,0.0
2025-05-16 12:30:00-04:00,,1,1,0.11535159228482733,0.11535159228482733,0.11535159228482733,0.4754288507904394,0,0.012223281702088303,95,wavelet_trend,0.0
2025-05-19 09:30:00-04:00,,1,1,0.019210010815878593,0.019210010815878593,0.019210010815878593,0.4713176502705322,0,0.01248456777611991,95,wavelet_trend,0.0
2025-05-20 10:30:00-04:00,,1,1,0.06910647122537814,0.06910647122537814,0.06910647122537814,0.4884572048191874,0,0.011322771248202775,95,wavelet_trend,0.0
2025-05-21 09:30:00-04:00,,0,-1,0.2049611475047883,-0.2049611475047883,0.2049611475047883,0.4718520450714494,0,0.011691334886330484,95,wavelet_trend,0.0
2025-05-21 12:30:00-04:00,,0,-1,0.22256091826550709,-0.22256091826550709,0.22256091826550709,0.47474466919782304,0,0.013008877224150275,95,wavelet_trend,0.0
2025-05-22 09:30:00-04:00,,0,-1,0.3658401449657065,-0.3658401449657065,0.3658401449657065,0.4708467949408027,0,0.012568604861914228,95,wavelet_trend,0.0
2025-05-22 13:30:00-04:00,,0,-1,0.3110638655564913,-0.3110638655564913,0.3110638655564913,0.48267408574231413,0,0.012040242485581753,95,wavelet_trend,0.0
2025-05-23 09:30:00-04:00,,0,-1,0.43758071376353586,-0.43758071376353586,0.43758071376353586,0.4682850869395099,0,0.012273488684564897,95,wavelet_trend,0.0
2025-05-23 12:30:00-04:00,,0,-1,0.24988747226456057,-0.24988747226456057,0.24988747226456057,0.48245767371937875,0,0.011993149400947131,95,wavelet_trend,0.0
2025-05-27 09:30:00-04:00,,1,1,0.17792254499277907,0.17792254499277907,0.17792254499277907,0.5045831828119894,1,0.01350286375195,95,wavelet_trend,1.0
2025-05-28 10:30:00-04:00,,1,1,0.16430762420888162,0.16430762420888162,0.16430762420888162,0.4997248140887102,0,0.012444756823117626,95,wavelet_trend,0.0
2025-05-30 11:30:00-04:00,,0,-1,0.14302678558466178,-0.14302678558466178,0.14302678558466178,0.47565391318051514,0,0.010801321377620748,95,wavelet_trend,0.0
2025-05-30 14:30:00-04:00,,0,-1,0.011389557936593471,-0.011389557936593471,0.011389557936593471,0.48377495265130627,0,0.010591181186271812,95,wavelet_trend,0.0
2025-06-02 09:30:00-04:00,,0,-1,0.09458096694847339,-0.09458096694847339,0.09458096694847339,0.46982257181763754,0,0.010574187814266132,95,wavelet_trend,0.0
2025-06-03 09:30:00-04:00,,1,1,0.11298929913169724,0.11298929913169724,0.11298929913169724,0.4937722350361517,0,0.010255119767512085,95,wavelet_trend,0.0
2025-06-03 11:30:00-04:00,,1,1,0.26842075567521156,0.26842075567521156,0.26842075567521156,0.49709406206306,0,0.01015183560329025,95,wavelet_trend,0.0
2025-06-05 09:30:00-04:00,,1,1,0.20665524841636143,0.20665524841636143,0.20665524841636143,0.47252944134676034,0,0.008837286559466759,95,wavelet_trend,0.0
2025-06-05 10:30:00-04:00,,1,1,0.2982726423264045,0.2982726423264045,0.2982726423264045,0.4812839075507288,0,0.009017451694840648,95,wavelet_trend,0.0
2025-06-05 14:30:00-04:00,,0,-1,0.0970700583726948,-0.0970700583726948,0.0970700583726948,0.47577035254707406,0,0.008907384516865518,95,wavelet_trend,0.0
2025-06-06 09:30:00-04:00,,1,1,0.1596301755033025,0.1596301755033025,0.1596301755033025,0.5019492189895788,1,0.010063854204244308,95,wavelet_trend,1.0
2025-06-09 09:30:00-04:00,,1,1,0.34560610052685925,0.34560610052685925,0.34560610052685925,0.49093674870320725,0,0.009653092701171888,95,wavelet_trend,0.0
2025-06-09 13:30:00-04:00,,1,1,0.3408910689518534,0.3408910689518534,0.3408910689518534,0.49131263127132063,0,0.009255175152264242,95,wavelet_trend,0.0
2025-06-10 09:30:00-04:00,,1,1,0.5369523025036611,0.5369523025036611,0.5369523025036611,0.4971867395943803,0,0.009581835864788708,95,wavelet_trend,0.0
2025-06-10 13:30:00-04:00,,1,1,0.17977882306884002,0.17977882306884002,0.17977882306884002,0.48598717618431087,0,0.009269917744238926,95,wavelet_trend,0.0
2025-06-11 09:30:00-04:00,,1,1,0.324934948555536,0.324934948555536,0.324934948555536,0.4906365068729048,0,0.00914143517663231,96,wavelet_trend,0.0
2025-06-11 13:30:00-04:00,,1,1,0.04704074696669342,0.04704074696669342,0.04704074696669342,0.48859190509908684,0,0.00943933336790456,96,wavelet_trend,0.0
2025-06-12 10:30:00-04:00,,0,-1,0.08046414415936985,-0.08046414415936985,0.08046414415936985,0.4874404195732208,0,0.009173235226287177,96,wavelet_trend,0.0
2025-06-13 09:30:00-04:00,,0,-1,0.34692185325073205,-0.34692185325073205,0.34692185325073205,0.47048420065618807,0,0.010895555601642197,96,wavelet_trend,0.0
2025-06-13 11:30:00-04:00,,0,-1,0.31326995731147134,-0.31326995731147134,0.31326995731147134,0.4847845194976418,0,0.010915396592398896,96,wavelet_trend,0.0
2025-06-13 13:30:00-04:00,,0,-1,0.3752596840745021,-0.3752596840745021,0.3752596840745021,0.4745135150573531,0,0.010912068057559177,96,wavelet_trend,0.0
2025-06-16 09:30:00-04:00,,0,-1,0.11475776143388551,-0.11475776143388551,0.11475776143388551,0.5009333703187326,-1,0.011978409228826278,96,wavelet_trend,1.0
2025-06-17 12:30:00-04:00,,0,-1,0.06375609117848974,-0.06375609117848974,0.06375609117848974,0.4889932745662819,0,0.010914177842033374,96,wavelet_trend,0.0
2025-06-18 09:30:00-04:00,,1,1,0.1853522084813876,0.1853522084813876,0.1853522084813876,0.49648420524425413,0,0.011196888678122064,96,wavelet_trend,0.0
2025-06-18 14:30:00-04:00,,0,-1,0.13019051963593103,-0.13019051963593103,0.13019051963593103,0.48221974704683906,0,0.010825474548602308,96,wavelet_trend,0.0
2025-06-20 12:30:00-04:00,,0,-1,0.08413462239434578,-0.08413462239434578,0.08413462239434578,0.48896392969988683,0,0.010483694797884992,96,wavelet_trend,0.0
2025-06-23 09:30:00-04:00,,1,1,0.08039861933302005,0.08039861933302005,0.08039861933302005,0.48866211741458604,0,0.010128618802564326,96,wavelet_trend,0.0
2025-06-23 11:30:00-04:00,,0,-1,0.2000416715013431,-0.2000416715013431,0.2000416715013431,0.4880252989065883,0,0.010449291634206812,96,wavelet_trend,0.0
2025-06-23 12:30:00-04:00,,0,-1,0.08651205706219266,-0.08651205706219266,0.08651205706219266,0.4838872279922962,0,0.010914641215118861,96,wavelet_trend,0.0
2025-06-23 14:30:00-04:00,,1,1,0.04289868632804559,0.04289868632804559,0.04289868632804559,0.49752908843679633,0,0.010805714776258623,96,wavelet_trend,0.0
2025-06-24 09:30:00-04:00,,1,1,0.28740237461910784,0.28740237461910784,0.28740237461910784,0.5058503103173051,1,0.0111287177232958,96,wavelet_trend,1.0
2025-06-25 09:30:00-04:00,,1,1,0.22999659887193508,0.22999659887193508,0.22999659887193508,0.4952891211702478,0,0.010897837152227882,96,wavelet_trend,0.0
2025-06-26 09:30:00-04:00,,1,1,0.19439811266981227,0.19439811266981227,0.19439811266981227,0.49670951896830784,0,0.010623349896712502,96,wavelet_trend,0.0
2025-06-26 14:30:00-04:00,,1,1,0.0796364416661959,0.0796364416661959,0.0796364416661959,0.49310477899186655,0,0.010080398124817142,96,wavelet_trend,0.0
2025-06-27 11:30:00-04:00,,1,1,0.3317814811261079,0.3317814811261079,0.3317814811261079,0.4917534909969425,0,0.009762229991398431,96,wavelet_trend,0.0
2025-06-27 13:30:00-04:00,,1,1,0.1324702225487614,0.1324702225487614,0.1324702225487614,0.48709847104626763,0,0.010349191849089811,96,wavelet_trend,0.0
2025-06-30 09:30:00-04:00,,1,1,0.24607528717949445,0.24607528717949445,0.24607528717949445,0.4966829270482117,0,0.010053688984294193,96,wavelet_trend,0.0
2025-07-01 10:30:00-04:00,,1,1,0.15084508071530828,0.15084508071530828,0.15084508071530828,0.4932411435180943,0,0.009785248324319713,96,wavelet_trend,0.0
2025-07-01 11:30:00-04:00,,1,1,0.257766376463524,0.257766376463524,0.257766376463524,0.495285044275811,0,0.010781080243831781,96,wavelet_trend,0.0
2025-07-01 14:30:00-04:00,,1,1,0.1180628926140602,0.1180628926140602,0.1180628926140602,0.4933568385966967,0,0.010625350444566674,96,wavelet_trend,0.0
2025-07-02 10:30:00-04:00,,1,1,0.27060289681695315,0.27060289681695315,0.27060289681695315,0.49689317192609916,0,0.010380992656894888,96,wavelet_trend,0.0
2025-07-03 09:30:00-04:00,,1,1,0.43062287336062033,0.43062287336062033,0.43062287336062033,0.49343661381513104,0,0.009801491579474183,96,wavelet_trend,0.0
2025-07-07 09:30:00-04:00,,1,1,0.1115990275569673,0.1115990275569673,0.1115990275569673,0.4856141742127623,0,0.009685060938033499,96,wavelet_trend,0.0
2025-07-07 11:30:00-04:00,,1,1,0.09029808495125245,0.09029808495125245,0.09029808495125245,0.4870067653162269,0,0.009785431885058645,96,wavelet_trend,0.0
2025-07-07 13:30:00-04:00,,1,1,0.041991343105974785,0.041991343105974785,0.041991343105974785,0.4820491530302629,0,0.009980458789289843,96,wavelet_trend,0.0
2025-07-08 09:30:00-04:00,,1,1,0.08041435955835426,0.08041435955835426,0.08041435955835426,0.4891895990612486,0,0.009807571934331776,96,wavelet_trend,0.0
2025-07-08 11:30:00-04:00,,1,1,0.12343928976120189,0.12343928976120189,0.12343928976120189,0.49285167070799873,0,0.009705086843439445,96,wavelet_trend,0.0
2025-07-09 12:30:00-04:00,,1,1,0.1544697271839174,0.1544697271839174,0.1544697271839174,0.48730801333472623,0,0.008832276543108088,96,wavelet_trend,0.0
2025-07-10 09:30:00-04:00,,1,1,0.3892923133476453,0.3892923133476453,0.3892923133476453,0.48336899645907355,0,0.008411915625349512,96,wavelet_trend,0.0
2025-07-10 11:30:00-04:00,,1,1,0.3794558659220067,0.3794558659220067,0.3794558659220067,0.48682459245004334,0,0.008280786229358125,96,wavelet_trend,0.0
2025-07-11 09:30:00-04:00,,1,1,0.12355569526684988,0.12355569526684988,0.12355569526684988,0.4783826319282463,0,0.008524844706352359,96,wavelet_trend,0.0
2025-07-14 12:30:00-04:00,,0,-1,0.17347700956305498,-0.17347700956305498,0.17347700956305498,0.4845833680521233,0,0.007751073295037427,97,wavelet_trend,0.0
2025-07-15 09:30:00-04:00,,0,-1,0.32104812957355444,-0.32104812957355444,0.32104812957355444,0.47757640048944144,0,0.008044711042326149,97,wavelet_trend,0.0
2025-07-15 12:30:00-04:00,,0,-1,0.17343046044023905,-0.17343046044023905,0.17343046044023905,0.4776510733701447,0,0.007917319706918516,97,wavelet_trend,0.0
2025-07-16 10:30:00-04:00,,0,-1,0.2598334289311492,-0.2598334289311492,0.2598334289311492,0.4773089539660195,0,0.008187190318695482,97,wavelet_trend,0.0
2025-07-16 12:30:00-04:00,,0,-1,0.1774085308048356,-0.1774085308048356,0.1774085308048356,0.4836271311617863,0,0.008220430578857123,97,wavelet_trend,0.0
2025-07-17 09:30:00-04:00,,0,-1,0.019852806629339293,-0.019852806629339293,0.019852806629339293,0.49404447166750093,0,0.008416655191154268,97,wavelet_trend,0.0
2025-07-17 14:30:00-04:00,,1,1,0.297237891000139,0.297237891000139,0.297237891000139,0.4946424254337474,0,0.007963979335559826,97,wavelet_trend,0.0
2025-07-18 11:30:00-04:00,,1,1,0.24232171792911972,0.24232171792911972,0.24232171792911972,0.48987493383078856,0,0.007724265080505536,97,wavelet_trend,0.0
2025-07-21 09:30:00-04:00,,1,1,0.2671589704261362,0.2671589704261362,0.2671589704261362,0.4970588280218738,0,0.00800521116109612,97,wavelet_trend,0.0
2025-07-21 11:30:00-04:00,,1,1,0.014403597037689196,0.014403597037689196,0.014403597037689196,0.4967138705736495,0,0.008218589251144626,97,wavelet_trend,0.0
2025-07-21 14:30:00-04:00,,0,-1,0.10034728866069306,-0.10034728866069306,0.10034728866069306,0.4879734488279523,0,0.008197864137177756,97,wavelet_trend,0.0
2025-07-22 10:30:00-04:00,,0,-1,0.1036823670541151,-0.1036823670541151,0.1036823670541151,0.49309472692885625,0,0.008039724615382299,97,wavelet_trend,0.0
2025-07-22 14:30:00-04:00,,1,1,0.12421131957938635,0.12421131957938635,0.12421131957938635,0.49303722934562977,0,0.007787143194302183,97,wavelet_trend,0.0
2025-07-23 09:30:00-04:00,,1,1,0.24638472843474366,0.24638472843474366,0.24638472843474366,0.49939257673411297,0,0.008600052780770409,97,wavelet_trend,0.0
2025-07-24 09:30:00-04:00,,1,1,0.2673212844298281,0.2673212844298281,0.2673212844298281,0.4932104652205159,0,0.008436045437862307,97,wavelet_trend,0.0
2025-07-25 12:30:00-04:00,,0,-1,0.1235188823719669,-0.1235188823719669,0.1235188823719669,0.48739600027415203,0,0.007821893700988188,97,wavelet_trend,0.0
2025-07-29 10:30:00-04:00,,0,-1,0.08263769019521751,-0.08263769019521751,0.08263769019521751,0.4879721225884535,0,0.007738730688948862,97,wavelet_trend,0.0
2025-07-30 09:30:00-04:00,,0,-1,0.021293443509433435,-0.021293443509433435,0.021293443509433435,0.4974502094537546,0,0.007791231724979681,97,wavelet_trend,0.0
2025-07-30 14:30:00-04:00,,0,-1,0.22877485560602778,-0.22877485560602778,0.22877485560602778,0.4807890003397527,0,0.010530900794134504,97,wavelet_trend,0.0
2025-07-31 12:30:00-04:00,,0,-1,0.18740628959169114,-0.18740628959169114,0.18740628959169114,0.49005317186733865,0,0.010737826409737106,97,wavelet_trend,0.0
2025-08-01 09:30:00-04:00,,0,-1,0.42524736537290636,-0.42524736537290636,0.42524736537290636,0.4737230434000459,0,0.013078155992063408,97,wavelet_trend,0.0
2025-08-01 11:30:00-04:00,,0,-1,0.4101071011201984,-0.4101071011201984,0.4101071011201984,0.4864109210678291,0,0.013671631840250177,97,wavelet_trend,0.0
2025-08-04 09:30:00-04:00,,0,-1,0.13584201382422956,-0.13584201382422956,0.13584201382422956,0.5013617966736995,-1,0.014077178267316625,97,wavelet_trend,1.0
2025-08-04 14:30:00-04:00,,0,-1,0.012786247297834598,-0.012786247297834598,0.012786247297834598,0.4991123392799122,0,0.01325514806706579,97,wavelet_trend,0.0
2025-08-07 10:30:00-04:00,,0,-1,0.03867278810576917,-0.03867278810576917,0.03867278810576917,0.48636335005753584,0,0.011150955061759924,97,wavelet_trend,0.0
2025-08-08 09:30:00-04:00,,0,-1,0.0019321476659753445,-0.0019321476659753445,0.0019321476659753445,0.4925157460784067,0,0.010900105517349138,97,wavelet_trend,0.0
2025-08-12 09:30:00-04:00,,1,1,0.29435445647875685,0.29435445647875685,0.29435445647875685,0.49464816178963844,0,0.01132502358041405,98,wavelet_trend,0.0
2025-08-12 12:30:00-04:00,,1,1,0.31901072982931167,0.31901072982931167,0.31901072982931167,0.49066898107603746,0,0.010927852225280607,98,wavelet_trend,0.0
2025-08-13 09:30:00-04:00,,1,1,0.5174591221308336,0.5174591221308336,0.5174591221308336,0.48854805138293006,0,0.010937121747798253,98,wavelet_trend,0.0
2025-08-13 14:30:00-04:00,,1,1,0.7117241742183793,0.7117241742183793,0.7117241742183793,0.48053838467779214,0,0.010297797528481754,98,wavelet_trend,0.0
2025-08-14 09:30:00-04:00,,1,1,0.446035809174475,0.446035809174475,0.446035809174475,0.4843105355959862,0,0.011907655803624172,98,wavelet_trend,0.0
2025-08-14 14:30:00-04:00,,1,1,0.1578923667638258,0.1578923667638258,0.1578923667638258,0.48685034013269435,0,0.01147832862393575,98,wavelet_trend,0.0
2025-08-15 09:30:00-04:00,,1,1,0.005301422320108675,0.005301422320108675,0.005301422320108675,0.48513630486818865,0,0.011625240376965832,98,wavelet_trend,0.0
2025-08-18 12:30:00-04:00,,1,1,0.06957300212179446,0.06957300212179446,0.06957300212179446,0.48596079141336274,0,0.010180568380845124,98,wavelet_trend,0.0
2025-08-19 11:30:00-04:00,,1,1,0.005613063462788335,0.005613063462788335,0.005613063462788335,0.482930798708913,0,0.009756112040337538,98,wavelet_trend,0.0
2025-08-20 09:30:00-04:00,,0,-1,0.20299888450349993,-0.20299888450349993,0.20299888450349993,0.4733980443646158,0,0.009923043907350652,98,wavelet_trend,0.0
2025-08-22 09:30:00-04:00,,1,1,0.30595356223884385,0.30595356223884385,0.30595356223884385,0.500750019246885,1,0.015534701663662082,98,wavelet_trend,1.0
2025-08-25 14:30:00-04:00,,1,1,0.38927833169765197,0.38927833169765197,0.38927833169765197,0.48707976962986554,0,0.013472471584649212,98,wavelet_trend,0.0
2025-08-26 11:30:00-04:00,,1,1,0.05721279182696837,0.05721279182696837,0.05721279182696837,0.4889794111603947,0,0.01309735850055911,98,wavelet_trend,0.0
2025-08-29 13:30:00-04:00,,0,-1,0.04480107806043779,-0.04480107806043779,0.04480107806043779,0.47881752414391204,0,0.0100193188904744,98,wavelet_trend,0.0
2025-09-02 10:30:00-04:00,,0,-1,0.22122977224793314,-0.22122977224793314,0.22122977224793314,0.4757887038409664,0,0.010145764087021369,98,wavelet_trend,0.0
2025-09-02 14:30:00-04:00,,0,-1,0.1409058804841271,-0.1409058804841271,0.1409058804841271,0.47982186190828485,0,0.009848276836489889,98,wavelet_trend,0.0
2025-09-04 09:30:00-04:00,,0,-1,0.010280945735656525,-0.010280945735656525,0.010280945735656525,0.48492365116106423,0,0.009010779222784489,98,wavelet_trend,0.0
2025-09-04 14:30:00-04:00,,1,1,0.233704455861889,0.233704455861889,0.233704455861889,0.4856368636379965,0,0.008466170163205501,98,wavelet_trend,0.0
2025-09-05 14:30:00-04:00,,1,1,0.32459539078203536,0.32459539078203536,0.32459539078203536,0.4824774581305467,0,0.008011499792701094,98,wavelet_trend,0.0
2025-09-08 10:30:00-04:00,,1,1,0.35602359065063727,0.35602359065063727,0.35602359065063727,0.48772837054660867,0,0.008124754940402356,98,wavelet_trend,0.0
2025-09-09 09:30:00-04:00,,1,1,0.02162209000230951,0.02162209000230951,0.02162209000230951,0.4833617492135495,0,0.00850900490491037,98,wavelet_trend,0.0
2025-09-10 09:30:00-04:00,,1,1,0.020415949825320863,0.020415949825320863,0.020415949825320863,0.4887876775828532,0,0.007989411644577287,98,wavelet_trend,0.0
2025-09-10 11:30:00-04:00,,0,-1,0.0391124803859336,-0.0391124803859336,0.0391124803859336,0.48908033783629434,0,0.008043517671183397,98,wavelet_trend,0.0
