,headline,rv63,ewm33,vix,target10,target20,benchmark
2016-01-05,,,,,,,0.0005016000981930935
2016-01-06,,,,,,,-0.012802126575957336
2016-01-07,,,,,,,-0.02615196849608863
2016-01-08,,,,,,,-0.011551151486760858
2016-01-11,,,,,,,0.0011465088650055254
2016-01-12,,,,,,,0.007465678111361977
2016-01-13,,,,,,,-0.027849959490651048
2016-01-14,,,,,,,0.01595945900421215
2016-01-15,,,,,,,-0.022908989852103413
2016-01-19,,,,,,,-0.0014573366199715138
2016-01-20,,,,,,,-0.007302996968316698
2016-01-21,,,,,,,0.0030064648258951786
2016-01-22,,,,,,,0.021009933342815017
2016-01-25,,,,,,,-0.015632688373598963
2016-01-26,,,,,,,0.015026859012309771
2016-01-27,,,,,,,-0.01565771424232268
2016-01-28,,,,,,,0.006816161960150185
2016-01-29,,,,,,,0.025269721062208032
2016-02-01,,,,,,,-0.0005502512548211688
2016-02-02,,,,,,,-0.01947680935952707
2016-02-03,,,,,,,0.003935819665485125
2016-02-04,,,,,,,0.0028681216430749205
2016-02-05,,,,,,,-0.02268297981295623
2016-02-08,,,,,,,-0.013563262031154528
2016-02-09,,,,,,,-0.0021652620961835497
2016-02-10,,,,,,,-0.0007606980859423763
2016-02-11,,,,,,,-0.010364597765620567
2016-02-12,,,,,,,0.018344472801226478
2016-02-16,,,,,,,0.01869777660001162
2016-02-17,,,,,,,0.01784828225041466
2016-02-18,,,,,,,-0.00556953230803442
2016-02-19,,,,,,,0.0015154276631442858
2016-02-22,,,,,,,0.013845792659018087
2016-02-23,,,,,,,-0.01219530490974662
2016-02-24,,,,,,,0.006340266280970805
2016-02-25,,,,,,,0.011185836469392531
2016-02-26,,,,,,,-0.0004904354328416753
2016-02-29,,,,,,,-0.007149120019088914
2016-03-01,,,,,,,0.024272454754366846
2016-03-02,,,,,,,0.0041638919230447885
2016-03-03,,,,,,,0.003606125255844809
2016-03-04,,,,,,,0.0031789196438673753
2016-03-07,,,,,,,0.0024945940928803104
2016-03-08,,,,,,,-0.011833497230557868
2016-03-09,,,,,,,0.0047192837463316695
2016-03-10,,,,,,,-0.0018821414554505947
2016-03-11,,,,,,,0.016496715452969647
2016-03-14,,,,,,,-0.00027484531764505643
2016-03-15,,,,,,,-0.0033794448807459585
2016-03-16,0.0,,0.0,,0.0,0.0,0.006439611761711591
2016-03-17,0.007541628458941827,,0.0071587420169836324,,0.004996747152674691,0.00864453711268119,0.007291103999958291
2016-03-18,0.0029337826767853892,,0.00275838280536242,,0.002038000262595205,0.003474033567465863,0.003474033567465886
2016-03-21,0.0009755587576986167,,0.001006726424566813,,0.0007795657103942357,0.0009696366501775653,0.0009696366501777003
2016-03-22,-0.00025700988919938447,,-0.000299249863931301,,-0.00023972704137807763,-0.00024254460481342826,-0.00024254460481348667
2016-03-23,-0.007904915811571416,,-0.007324763887493852,,-0.005568606293670784,-0.009076966640357249,-0.00907696664035731
2016-03-24,0.0008080506571008706,,0.0006012968483345871,,0.0007805564872409634,0.0008167211658742922,0.000816721165874316
2016-03-28,0.0003975380891986876,,0.0004292206968411815,,0.00042256879233220127,0.0004607312861844092,0.0004607312861845713
2016-03-29,0.012257984088881915,,0.011334987358210775,,0.008787898971483481,0.013703852315103009,0.01370385231510309
2016-03-30,0.003636412226437403,,0.003515036338508415,,0.0030439879950816527,0.003758355284578477,0.0037583552845784885
2016-03-31,-0.0009869682174451977,,-0.001008608542819717,,-0.0009997122102952441,-0.0009363082812370708,-0.0009363082812370197
2016-04-01,0.006511281671383041,,0.006177943315531927,,0.007092004628742957,0.006861680263586759,0.006861680263586742
2016-04-04,-0.004033717937571095,,-0.0037652506820940305,,-0.003595399930027066,-0.004456000886602609,-0.0044560008866027
2016-04-05,-0.00865713639968024,0.0,-0.0082091952033459,,-0.008206146684846533,-0.00941188212457666,-0.009411882124576701
2016-04-06,0.010259243123591933,0.008125537532812395,0.009648583491705942,,0.00948798525336032,0.011031282190886043,0.01103128219088617
2016-04-07,-0.011387117853600222,-0.009493161472143755,-0.010771394967228278,,-0.010536618798456632,-0.012269229097303151,-0.012269229097303196
2016-04-08,0.0019028526471406926,0.0016966748566227148,0.0018216748348207999,,0.0018963904774129585,0.0021574780735066504,0.002157478073506675
2016-04-11,-0.0023352129700396408,-0.0019155387432476171,-0.002185120213036508,,-0.0020382590550074788,-0.00254392998517182,-0.0025439299851718424
2016-04-12,0.008734797928476673,0.007400485639609036,0.008311226088455718,,0.007924058738106282,0.009460429137512327,0.009460429137512424
2016-04-13,0.01210074096048367,0.01017634659065906,0.011355978316014549,,0.010430810349660228,0.01326351779148907,0.013263517791489167
2016-04-14,0.0001581142415163608,0.00014764973163401796,0.0001795569918700137,,0.0002230215705546473,0.00011437095096724128,0.00011437095096713493
2016-04-15,-0.0008824805578361043,-0.0006904708562772306,-0.0008755325976822205,,-0.0009446919685970771,-0.0008088117252610287,-0.0008088117252610859
2016-04-18,0.005980208998468545,0.005097271163487107,0.005938172534953775,,0.005471790822928348,0.006474524514398857,0.006474524514398911
2016-04-19,0.00023174596153454686,0.00035979751411229985,0.0003689834256098495,,0.0005632491776737837,0.000338590932946488,0.0003385909329465796
2016-04-20,0.0015041632681324474,0.0014439290803383103,0.0014841450649916107,,0.0013615574756771212,0.0016146838523951076,0.0016146838523951104
2016-04-21,-0.004022725102779032,-0.00403107676412595,-0.00401578527083333,,-0.0038958736082014903,-0.0043984312937748555,-0.0043984312937748946
2016-04-22,-0.001229797085561805,-0.0007625274185746621,-0.0009088002608944792,,-0.000993423290706988,-0.0007942516942706205,-0.0007942516942707334
2016-04-25,-0.0024068851847774257,-0.002081801209054326,-0.002188406227778042,,-0.0019145059164357796,-0.0025495832293737867,-0.0025495832293738444
2016-04-26,0.0018083904739475893,0.001405687017613205,0.0014662994122586434,,0.001167462144009384,0.001855914247354816,0.0018559142473549243
2016-04-27,0.0002570644794297549,0.0005301584171364697,0.0003623990701638846,,0.00040107488722767107,0.0003110118462821273,0.000311011846282203
2016-04-28,-0.010663299975571236,-0.009822001384138019,-0.010133277562663728,,-0.009503486518058454,-0.010885927950791786,-0.010885927950791947
2016-04-29,-0.005674981444733692,-0.005137122430283256,-0.005334755046260433,,-0.0049514188744125024,-0.005814841150399834,-0.005814841150399876
2016-05-02,0.00805941112707134,0.007383426795026534,0.007619223830406887,,0.007197165684416245,0.00826366912207839,0.008263669122078475
2016-05-03,-0.010130339172577382,-0.009192719882475813,-0.009547890864307126,,-0.008868550771212968,-0.010353385503216085,-0.010353385503216109
2016-05-04,-0.006148455552243965,-0.005637372161313962,-0.005811222730406263,,-0.005409942639813835,-0.006291179980584891,-0.006291179980584919
2016-05-05,-0.0007559202789326282,-0.0005698919329323756,-0.0006594221918291073,,-0.00039382956099413575,-0.0007556279441487157,-0.00075562794414873
2016-05-06,0.004837424285720687,0.004533558147902639,0.004572497544695606,,0.0041551172585136105,0.004925476568475421,0.004925476568475598
2016-05-09,0.0008269392111322953,0.000684504357239441,0.0007111823249574231,,0.000571103009351205,0.0008483168303839326,0.0008483168303839306
2016-05-10,0.011851495318605638,0.011748877307386031,0.011300730125520814,,0.011028140454270908,0.012170810322498076,0.012170810322498145
2016-05-11,-0.009868435405486084,-0.009809336968112876,-0.009388426005576114,,-0.00888147607624817,-0.010097181333744813,-0.010097181333744902
2016-05-12,-0.0019573713000260833,-0.001831982501148544,-0.00173929866342882,,-0.0014095391714225474,-0.001950700223402729,-0.0019507002234027734
2016-05-13,-0.007463018719407834,-0.007529502545523505,-0.007221663402187091,,-0.0072273027659366315,-0.0076941139823904926,-0.0076941139823904926
2016-05-16,0.010821237283897157,0.01075929189078809,0.010233222418240732,,0.01026189355818074,0.011074707652302465,0.011074707652302541
2016-05-17,-0.011256050974811993,-0.011111005431651201,-0.01060718789640256,,-0.01055665472251564,-0.01148790052166618,-0.011487900521666275
2016-05-18,0.002047995266278102,0.001936021256140721,0.0018511959800160999,,0.0017591929625641479,0.0020532781491976776,0.0020532781491977964
2016-05-19,-0.005209786920670727,-0.005110561243823051,-0.004907461457275778,,-0.004825282313010336,-0.005300486503432844,-0.0053004865034329066
2016-05-20,0.008670939937516515,0.008426756774552409,0.008031838308159494,,0.0076327313301989,0.008820854102841636,0.008820854102841651
2016-05-23,-0.0009524544856672466,-0.0009632126771690567,-0.0008914467517064012,,-0.0008277669269327458,-0.0009928733778543967,-0.0009928733778543405
2016-05-24,0.015679893547134886,0.015512140881507047,0.014734131666017882,,0.013344962192310024,0.01601246174070738,0.0160124617407073
2016-05-25,0.0066742937006045305,0.006765091511818417,0.006440654147901471,,0.005976919653734451,0.006894387446162733,0.006894387446162766
2016-05-26,0.0002948465546055736,0.000303974061899232,0.00023436184647310368,,0.0002880356753188593,0.0002901855055495973,0.0002901855055495506
2016-05-27,0.004889747546761462,0.0049915526199957655,0.00477348957738731,,0.0037458465234001433,0.005218274516187555,0.0052182745161875885
2016-05-31,-0.0005868231922057524,-0.0006243286696122572,-0.0006340543870695181,,-0.0006594439125896013,-0.0005584426744828256,-0.0005584426744828596
2016-06-01,0.0018813798195573173,0.001929104907912189,0.0018883444768962574,,0.0014205736281334715,0.0020877771703714833,0.00208777717037164
2016-06-02,0.0035574125720909833,0.00363340723186581,0.0035118813152583174,,0.0027667944749314617,0.003798035409161713,0.003798035409161733
2016-06-03,-0.003417564321499435,-0.0034013751315702576,-0.0032315236413608607,,-0.002590207044007137,-0.003535241883154759,-0.003535241883154811
2016-06-06,0.006201937431954208,0.0060809688996767185,0.005883399693262658,,0.005072156764848582,0.006327469409088529,0.006327469409088588
2016-06-07,0.000790845904864809,0.0007782587309821162,0.0007861914622589352,,0.0006848033253888877,0.0008321647389347151,0.0008321647389347551
2016-06-08,0.003877961109193213,0.003785145540478322,0.003672587416728262,,0.00313202694788742,0.00395763312640194,0.003957633126401997
2016-06-09,-0.002513660831119949,-0.0024070420518740245,-0.002333578147885777,,-0.0018941303831583492,-0.002550497972913565,-0.0025504979729135944
2016-06-10,-0.009675136465946033,-0.009593642008774992,-0.009122692120687358,,-0.008075405715446182,-0.009903588111527794,-0.009903588111527827
2016-06-13,-0.008130161866700493,-0.008076283982192496,-0.007707072946754061,,-0.006850410355214023,-0.008323527667360268,-0.008323527667360312
2016-06-14,-0.0020002753430022543,-0.0019830776280529033,-0.0019387152669738392,,-0.0017169371079890298,-0.002046425200889295,-0.0020464252008893574
2016-06-15,-0.001241481718493845,-0.0012977899217667846,-0.00119528192069846,,-0.0011899343874940717,-0.0012818769628643578,-0.0012818769628642555
2016-06-16,0.0028692198301055144,0.002949672322033873,0.0028049674666559754,,0.0026916100295232663,0.002953972825048388,0.0029539728250485104
2016-06-17,-0.005373006957445745,-0.0054202279723649565,-0.005020505045574661,,-0.004776461340225543,-0.0054590084823830445,-0.0054590084823831035
2016-06-20,0.007410438964470211,0.007558211006412836,0.0070259704705622605,,0.006511605105677381,0.007567154626644845,0.007567154626644849
2016-06-21,0.0011308171859788418,0.0011942943201862818,0.001118631951802269,,0.0012559436809665167,0.0011989692767633256,0.0011989692767633605
2016-06-22,-0.002509833959671421,-0.0025486655584268086,-0.0023764818462012217,,-0.0021756715666685343,-0.0025514817775432264,-0.002551481777543377
2016-06-23,0.014446095169682222,0.01476538186348585,0.013685370172568793,,0.012840545221387743,0.014784556771679596,0.01478455677167959
2016-06-24,-0.036076800274271285,-0.036925839377041095,-0.03432840218116213,,-0.03273884506728994,-0.03698218603394786,-0.036982186033947935
2016-06-27,-0.01900751131666084,-0.02018585653006268,-0.017821822271272936,,-0.014690236452656665,-0.020625403843713568,-0.020625403843713606
2016-06-28,0.01569719814303596,0.017129488500968123,0.015020139623974537,,0.011102704295673418,0.017475164607680824,0.017475164607680897
2016-06-29,0.015610463433333926,0.01771362709187116,0.015246630449932842,,0.011458570490001287,0.018183600281432028,0.018183600281432028
2016-06-30,0.011977167857108471,0.014071111017930642,0.010926429147008572,,0.007509979436218074,0.013717291145696791,0.01445332742584903
2016-07-01,0.001885174818179916,0.0023594114990613912,0.001806789367465218,,0.0011808819634763603,0.0022815908590183174,0.0024272111544128097
2016-07-05,-0.006248421381750585,-0.007694231331101433,-0.005768862254766742,,-0.0038634530313226495,-0.007346136090961086,-0.00798043082483699
2016-07-06,0.005245647290516301,0.006444734155099928,0.004957914205157404,,0.0032722376532767915,0.0062638574163797625,0.0066049100093171316
2016-07-07,0.0002674534890072665,0.0003947603319103629,0.00026675080542133515,,0.00013770248010302208,0.00034456012586324425,0.00043510053709683695
2016-07-08,0.013157424348645579,0.016093773196183506,0.012288816252617366,,0.00821652662479402,0.015556715245871365,0.016553210584372917
2016-07-11,0.004567222778141278,0.005760307415708003,0.004333075570911983,,0.0029142146675214396,0.005497706170098334,0.005975870527011133
2016-07-12,0.006007745883119841,0.007719521901353691,0.005860915662559997,,0.003962857614129569,0.007416623745258552,0.007970029030401261
2016-07-13,-0.0006799616130362965,-0.0010255399801303757,-0.0007444430889387108,,-0.00044807601964757626,-0.0009350263121756433,-0.0010967718808408253
2016-07-14,0.004343618982978456,0.005181969730895041,0.004316877824665065,,0.00283435407030381,0.005168188580761209,0.005211890761963337
2016-07-15,-6.399318285453905e-05,7.963808735170837e-06,-9.085124437278213e-05,,-1.624238524864212e-05,-5.8737176016348744e-05,5.625965442418891e-05
2016-07-18,0.0023433358713418045,0.0029198732559353674,0.002489297077420591,,0.0015127348136246559,0.0028885947394393435,0.002955671488576135
2016-07-19,-0.001205983165893908,-0.0017473840119520232,-0.0013695956935005906,,-0.0007882972284577683,-0.0016224718059209982,-0.0018467212935432086
2016-07-20,0.004564729476033007,0.005852661126516874,0.005081605873482659,,0.002973015487506348,0.005693000141288302,0.005994942484139635
2016-07-21,-0.0030558794746037934,-0.0038208363615106905,-0.0033057475506855774,,-0.0020233867633153548,-0.003708525438582271,-0.003916360684922221
2016-07-22,0.003482223387812949,0.004500468409942768,0.0038471140926542285,,0.002294407233463566,0.00432742189211226,0.004644000396882465
2016-07-25,-0.001786899484480368,-0.0021461352871281697,-0.0018825393937368742,,-0.0011884633741364118,-0.0021070920422422354,-0.0021812559471507766
2016-07-26,0.0006611142176474124,0.0010427894877399024,0.0009419986180038853,,0.0004458915425911379,0.0009231447355679834,0.0011346117936686447
2016-07-27,0.0010082021155174308,0.0017056758437966123,0.0016775435685852489,,0.0003758179284084804,0.0016877495007451985,0.0017519472625990456
2016-07-28,0.00044513963062270043,0.00037482026763380264,0.0004302637809791443,,0.000521651371515636,0.00033794569047847786,0.00033733472747099485
2016-07-29,0.0010422885049216194,0.0010046898911585435,0.0009444939382865661,,0.0008060058901156989,0.0010443753148817584,0.0010449634657873322
2016-08-01,0.0005119677858600282,0.0005071400034175749,0.0005705391676712084,,0.0005154742490364574,0.0005176779118894857,0.0005178052197273539
2016-08-02,-0.007746370539960209,-0.0075032374987017165,-0.007143867834040056,,-0.006991399122893694,-0.0077569051764236965,-0.007760669956465496
2016-08-03,0.004007601714234438,0.003854383109662599,0.0036773866789118056,,0.003553439400891996,0.004011014474133817,0.0040133687451352216
2016-08-04,0.0011474673931530207,0.0011396011891354,0.0010981898871779384,,0.001101320773746754,0.0011522397230468728,0.0011523940227102442
2016-08-05,0.010376971873744305,0.010120997366509973,0.009559283881380939,,0.00953550839138475,0.01039527770885619,0.010399284966011717
2016-08-08,-0.0005855971536826801,-0.0005715113307798574,-0.0005526845841644002,,-0.0005332244542119168,-0.0005870594864340078,-0.0005872840258997014
2016-08-09,0.0010065862749445297,0.0009851055256260377,0.0009579272396229756,,0.0009542814070601888,0.0010096555981230655,0.0010100054661931802
2016-08-10,-0.0030680605336128115,-0.0029408696709037627,-0.00281855867516632,,-0.002847908234998988,-0.0030698511418369347,-0.0030717953450314435
2016-08-11,0.005082659762562467,0.004998588306720894,0.004673950852080876,,0.004860385141610607,0.0050934666348444735,0.0050948070307367
2016-08-12,-0.0005199731074554552,-0.0005350435499279134,-0.00045373523054016913,,-0.0005158049231383721,-0.000521511849355924,-0.0005212864736699013
2016-08-15,0.004919727722094404,0.00474771475782329,0.00453140854973338,,0.004627956495378039,0.004925110781667834,0.004927760767649735
2016-08-16,-0.00566348841454218,-0.00552205073900436,-0.005230061025920389,,-0.005353454746565461,-0.005673098317957963,-0.0056753046207093935
2016-08-17,0.0007329341652884444,0.0007827217849661636,0.0006945009944335221,,0.0007481139683177338,0.0007387640973823984,0.0007380412526050838
2016-08-18,0.002821558286194013,0.002689041509815888,0.0025532287662852755,,0.0025981773175468336,0.002820834048415333,0.002822838879442367
2016-08-19,-0.00115695290369006,-0.0011529768128503944,-0.0010528266404366822,,-0.0011166582629413922,-0.0011598143478867122,-0.0011598884221043994
2016-08-22,0.00021935097234752703,0.00018006074330499796,0.0002121574251601976,,0.00017877679148829652,0.00021812102589598598,0.00021871394818099237
2016-08-23,0.0028873932358256553,0.002759846877051835,0.0026462686579927534,,0.00267702851144111,0.0028883438136436206,0.0028902868896087666
2016-08-24,-0.00565570220498992,-0.005513359059892148,-0.005251665780365782,,-0.00535380169144432,-0.005666331868356496,-0.005668562088812812
2016-08-25,-0.0007411949155437895,-0.0007791292505372236,-0.0007064921892316178,,-0.0007590704452367608,-0.0007466482907435247,-0.0007461058816996701
2016-08-26,-0.0013699585917429202,-0.0013335158486030832,-0.0011961421114146044,,-0.0012811382143789196,-0.0013695853985959685,-0.0013701256115886688
2016-08-29,0.004477178518772625,0.004388055404280257,0.004065353055281492,,0.004236042504693699,0.004483660735958177,0.004485041413524828
2016-08-30,-0.001302748317166521,-0.001339900593564656,-0.0012462756092709994,,-0.0013027398547436964,-0.0013107286066193873,-0.0013102161634393071
2016-08-31,-0.003026282864237931,-0.002929223753711588,-0.0027528223764454293,,-0.0028387482207900966,-0.003028662927177143,-0.003030145728653047
2016-09-01,0.0009900603127233716,0.0009826080968942154,0.0009550348186182841,,0.0009803116780962974,0.0009945071557952371,0.0009946546495929371
2016-09-02,0.005151522960408328,0.004979959102663915,0.004705647412833698,,0.0048252797688984675,0.005155994309198309,0.005158621708753568
2016-09-06,0.003296942094252758,0.0032835501698216998,0.0031215197137282966,,0.0031967162323464533,0.003309579423355466,0.003309868361553009
2016-09-07,0.001337901865413022,0.0012342023715671202,0.0012208637469893332,,0.001211612087717396,0.0013355384365111899,0.0013371000979930305
2016-09-08,-0.0030939146301217505,-0.0030691956812998987,-0.0029260068562315705,,-0.0030016778530453448,-0.0031049339719584853,-0.003105385098489413
2016-09-09,-0.02495059989955671,-0.024426509236460944,-0.023059952409985356,,-0.02368196082000807,-0.02499938417781647,-0.025007627777938853
2016-09-12,0.014496668616311105,0.01426630389417459,0.013446127442251234,,0.013052239106302144,0.014533400833787076,0.014537133873968303
2016-09-13,-0.013827715823315037,-0.013502811213836138,-0.012645814372443788,,-0.012091693206601743,-0.013848429089303962,-0.013853469860118312
2016-09-14,0.0004420142313860412,0.0004472289063598111,0.0005178626628669573,,0.00024435475773651585,0.000447952221452063,0.0004479265532552628
2016-09-15,0.011689748846526469,0.01148302216245152,0.010871078270512584,,0.009979608872310662,0.011719264036212571,0.011722601530373165
2016-09-16,-0.0030711677767112436,-0.0030396777903295468,-0.002773901968042305,,-0.0028087118826164237,-0.0030769290453104255,-0.003077430159803571
2016-09-19,0.0005847091646677318,0.0004573988310437374,0.0004209096237627563,,0.0003128892131918676,0.0005746663547560453,0.0005765273982461367
2016-09-20,-0.00028392156476017067,-0.00020965655272472283,-0.00021210782580170234,,-0.00011173319879749966,-0.00027856928258255707,-0.00027966073921115685
2016-09-21,0.010847108342537978,0.01060270239837278,0.009982268082081613,,0.00893751825213113,0.010866581721940417,0.010870408124071754
2016-09-22,0.008004435242147794,0.007946722145931168,0.0075653404664283806,,0.006355751826104474,0.008207946762750423,0.008211812478390281
2016-09-23,-0.006224774573532761,-0.006270395290485342,-0.005904726084690511,,-0.004855892845356294,-0.006398613625412545,-0.006400432308399574
2016-09-26,-0.008576539542390169,-0.00864192967282301,-0.00812409170079606,,-0.006679261549536415,-0.008828057755115398,-0.008830716350349493
2016-09-27,0.006713987143481911,0.0068283340110214695,0.0063606181464837385,,0.005237118799152861,0.006829719259038548,0.006830794726298244
2016-09-28,0.0049443042631733165,0.005122999899821843,0.004646179976555051,,0.0038935326108363983,0.00512667815877094,0.005128690573819155
2016-09-29,-0.009924278083881195,-0.010264783396141177,-0.009408283653239435,,-0.007713628543196351,-0.01027391981361041,-0.01027771700985469
2016-09-30,0.008342888918851038,0.00859999221355907,0.007900930954977979,,0.006484278937584195,0.008609115315398866,0.008611967387823327
2016-10-03,-0.002455186732168625,-0.002528284703128246,-0.0022994772546527874,,-0.001924138159920352,-0.002530661791234759,-0.0025314801508624866
2016-10-04,-0.0037624060397848528,-0.003874863923825112,-0.003520698826167098,,-0.002611074776632481,-0.003878482179618707,-0.0038797415861453054
2016-10-05,0.004949466201198401,0.005094861330301222,0.004663461449435465,,0.0034315588419622824,0.005100243870382859,0.005101857664433276
2016-10-06,-0.00023901425620637985,-0.000266962114483685,-0.00025392450314161007,,-0.00015979349371947492,-0.00026669447649744165,-0.000267008523226058
2016-10-07,-0.003658954593432152,-0.0038516292716320073,-0.0035182936305374482,,-0.0025139564481371822,-0.0038527415130348687,-0.0038549208563610957
2016-10-10,0.0065012809172744854,0.006782587248145223,0.006245691911979934,,0.004480030216208163,0.006787286579584712,0.006790437758831623
2016-10-11,-0.013137013699289473,-0.01356724592352856,-0.012542614198691206,,-0.010514325500097135,-0.013581448378077395,-0.013586209776355452
2016-10-12,0.00026829674144550906,0.00024849629053272056,0.0002094269118584482,,0.0002925157153331439,0.00024941291074635763,0.0002491884546466592
2016-10-13,-0.003977457941986831,-0.004155100666773804,-0.003816003574281023,,-0.0028760581554700985,-0.004157083204360508,-0.004159306539196535
2016-10-14,6.618611972723672e-05,7.304991621481586e-05,9.09022864948901e-05,,0.00038762033309081587,7.665880214804635e-05,7.556661980616557e-05
2016-10-17,-0.002611741207588744,-0.0026133987202086005,-0.002410871183242116,,-0.0025269993739820426,-0.0026180414393969457,-0.0026183230994901523
2016-10-18,0.0059463147521958346,0.005947435811881162,0.00554797406660357,,0.005506536745501032,0.005956541002743086,0.005957977880447742
2016-10-19,0.002456613360706112,0.0024514075732163573,0.0021984739353632667,,0.002072147987208975,0.0024522723763174565,0.0024534657098104675
2016-10-20,-0.001881091807232485,-0.0018790744838387183,-0.001714467190398859,,-0.0016568033325086765,-0.0018806959938524096,-0.0018814006978945662
2016-10-21,0.0004996263839273546,0.0005033835088636723,0.0005409107020708447,,0.0007344675302025774,0.0005059789471644572,0.0005057765475834238
2016-10-24,0.006375143965765988,0.006376673965617172,0.006006939075158549,,0.005977031414208963,0.006386283922655405,0.006388082909091346
2016-10-25,-0.004010616242157449,-0.004003595949088537,-0.0036789186778503256,,-0.0035194688862534847,-0.004005592408984611,-0.004007692788274653
2016-10-26,-0.003656226472687539,-0.0036481564741051528,-0.003426959456597834,,-0.003046558968306355,-0.0036490695027917896,-0.00365163486131564
2016-10-27,-0.004662484513286829,-0.004650520024543355,-0.004281035451669782,,-0.0039041782787499093,-0.004650878863669651,-0.004654088869252068
2016-10-28,-0.0031334536574351025,-0.0031354002846506286,-0.0029758061313692277,,-0.002973975390687833,-0.003140865321459781,-0.00314160746597382
2016-10-31,0.0003767403130569929,0.00037063041992656313,0.000314526705625848,,0.0001721092659331339,0.00036804065784638395,0.00036910656887840886
2016-11-01,-0.007925908994312393,-0.00791719293178211,-0.007280733712851647,,-0.007431596456408621,-0.007924062276749983,-0.007927367825615407
2016-11-02,-0.007383153479196956,-0.007373215048500379,-0.00680142005533666,,-0.006844810050193878,-0.007378739783795061,-0.007382288290163173
2016-11-03,-0.004775561172875992,-0.004776547729873155,-0.004507383690675367,,-0.0045700167334864015,-0.004783955567040533,-0.004785400527262296
2016-11-04,-0.000500277069112148,-0.0005131317234122429,-0.0005522687574180674,,-0.0008145437253794816,-0.0005204535761765723,-0.0005186007553028873
2016-11-07,0.02245364026153658,0.022445351015372712,0.020683979784787816,,0.021486973829391,0.02247397257527737,0.022480817344336837
2016-11-08,0.004857504592530827,0.004860837120821944,0.0045170116645795195,,0.004335388495657069,0.0048694457630540705,0.004870132660476642
2016-11-09,0.014591619716757546,0.014556299564177675,0.013172771279356678,,0.012414766644990218,0.014558797004735682,0.014567393300063281
2016-11-10,0.003758587036967888,0.003772774565182736,0.002994305641581688,,0.003504363834927418,0.0037625814832545363,0.0037667597320037854
2016-11-11,0.004780624880739432,0.005360766888242643,0.004279783943258272,,0.0033674905288897357,0.0053523830918129804,0.0053586149664678765
2016-11-14,0.0008726289414133482,0.0011534049571238312,0.0005270372671042122,,0.0004639802399093693,0.001179659548640539,0.0011831591994502706
2016-11-15,0.006750628753573732,0.006761691339716967,0.006404999462356448,,0.005983863596404793,0.006845640171656691,0.006846374876066662
2016-11-16,0.0003891925336398739,0.0003928901113945845,0.0004814192488841541,,0.00010753411067913605,0.0004075972808316722,0.0004077300935364004
2016-11-17,0.004467258682322705,0.004471306160222957,0.004187398770990575,,0.0038338061854015556,0.0046076872144910136,0.004609058173324549
2016-11-18,-0.0008715263204940515,-0.0008771149911718694,-0.0008837892900602161,,-0.0010237707241816353,-0.0007627563167094409,-0.0007614875951579717
2016-11-21,0.0066805893395093284,0.006688122487115165,0.006260485293791805,,0.005942619831547317,0.006820807707630983,0.006822085386316205
2016-11-22,0.003963823764895462,0.003963282189924831,0.0036334580623654748,,0.0033129261057388906,0.004182805216044249,0.0041850988908192065
2016-11-23,0.001334066126188968,0.0013293010207785583,0.0011037839767958678,,0.0013421572094562783,0.001464583202293436,0.0014660354320664628
2016-11-25,0.003345713198223994,0.0033475370071827616,0.003138114019944305,,0.002880991583367356,0.0034349433161928954,0.003435816970692462
2016-11-28,-0.004812777067903401,-0.0048098405857382315,-0.004640081193347243,,-0.0038836547790113557,-0.005105250721743706,-0.0051083488148012226
2016-11-29,0.0016599799295829202,0.0016635460142657578,0.0015625381863808552,,0.0014116253251559435,0.0016498008029648611,0.0016496101154409282
2016-11-30,-0.004259766810551643,-0.004267243859494207,-0.004231898364424585,,-0.002849591566642614,-0.004393996487550546,-0.004395248477634642
2016-12-01,-0.004861751090122787,-0.004871767028525797,-0.004870040540685948,,-0.0030674606541338137,-0.005007965703161339,-0.005009294748358027
2016-12-02,9.436374875047219e-05,9.527556650684312e-05,0.0001066556378365062,,-2.035160200886956e-06,8.78577601000264e-05,8.777109284175686e-05
2016-12-05,0.00750574886154708,0.007505687249540317,0.007312368943756981,,0.005698997646499927,0.007929423894804005,0.007933846986024484
2016-12-06,0.003999496734838865,0.0039971177671964155,0.0038678646880404817,,0.00318112360284872,0.004250366011813347,0.004253024880208433
2016-12-07,0.012638441357359852,0.012649043804314383,0.011898826076276747,,0.01097454873387629,0.012885061615443038,0.012887336107284713
2016-12-08,0.005345954733410411,0.005341865083624052,0.0051895923538683095,,0.0042382389048326845,0.005711021601031208,0.0057149034975358635
2016-12-09,0.0057404823220108415,0.00574780513868226,0.005396284416284245,,0.005002329900114342,0.005792289191024253,0.005792639858540447
2016-12-12,-0.0029753619986391173,-0.0027893790523990116,-0.0028242998004943914,,-0.001920943449022741,-0.0030243457169984497,-0.003026812579730857
2016-12-13,0.006315057677611101,0.006322584225603291,0.006000808750126986,,0.005624650794153319,0.006340673119413125,0.006340712788803017
2016-12-14,-0.007092761380197473,-0.006804082222571855,-0.006459713392327678,,-0.006189026337369338,-0.007095506670255916,-0.00709852054580956
2016-12-15,0.003997296493293932,0.0038165063090042682,0.0036494631708168107,,0.003410763399904886,0.00399859183748167,0.004000483143256605
2016-12-16,-0.0018420048745665903,-0.0017945820707679619,-0.0017492641378822806,,-0.001538095846191047,-0.0018469720543396408,-0.0018474926579298198
2016-12-19,0.0033660568416041398,0.0032196937973367253,0.0031287763316384058,,0.0027767011536213304,0.0033697550611513135,0.003371303538879228
2016-12-20,0.00503976359017697,0.004845753612207113,0.004642072846053487,,0.004324340276258758,0.005044588798630275,0.005046633803223384
2016-12-21,-0.002699405108940711,-0.0025529020687818657,-0.0024598136406250135,,-0.0022438067642105482,-0.0026987175789596326,-0.002700240134695158
2016-12-22,-0.0032525632315994653,-0.003057549214312315,-0.00299550806044886,,-0.002653695830866173,-0.003252316166029652,-0.0032543527279975133
2016-12-23,0.0018239242861885037,0.001698116800195379,0.0016629574123812347,,0.0014513350972393396,0.0018223529971639657,0.001823660371634496
2016-12-27,0.003074839399161966,0.0029730409377797264,0.0028941526079118863,,0.002672155502036849,0.003081013639338676,0.0030821079874324892
2016-12-28,-0.007803733849799177,-0.007566449942092917,-0.007225351294342359,,-0.006978407158731751,-0.007815331494313179,-0.007817855270078257
2016-12-29,-0.00038272033982070426,-0.0004114954486830429,-0.00038659335985281396,,-0.0004261467147921785,-0.000386563154771747,-0.0003862811904616807
2016-12-30,-0.004680511115966764,-0.004601163674499609,-0.004453024201986476,,-0.004237297550929519,-0.004695615135027937,-0.004696519335677815
2017-01-03,0.00642534275729701,0.00631572262564437,0.005997629439699363,,0.005938268327169034,0.006441385891133984,0.006442600583846737
2017-01-04,0.0075644961917395006,0.007175635818462017,0.006948938524626396,,0.006450182632538613,0.00756634422829798,0.007570413001029155
2017-01-05,-0.0022348980042117004,-0.0019490282701019658,-0.001886094103136701,,-0.0014354255085160667,-0.0022204218230499123,-0.0022233292443977933
2017-01-06,0.0032731727852630937,0.0033616338730131728,0.003164538935918958,,0.0035282082263168083,0.0032924124525019693,0.0032915780143281275
2017-01-09,-0.002612252578328345,-0.002457547789866817,-0.002282249369786065,,-0.0021908933819743607,-0.002607082770740348,-0.0026086632898373588
2017-01-10,0.0020806729557308204,0.0018503507624055098,0.0019185416331208485,,0.001425762018490524,0.002075704937956473,0.002078097033571479
2017-01-11,0.0030047839754132498,0.002969336299717276,0.0027768651618190854,,0.0029150656252986294,0.003011806748719485,0.0030122042978335106
2017-01-12,-0.0035332820089981755,-0.0033528146845191306,-0.0032255204304257592,,-0.003030901608271544,-0.003533323960760776,-0.0035352060748341796
2017-01-13,0.0028629414536006344,0.0026899995802304654,0.0026553483875398766,,0.0023754827846128863,0.0028632986359205205,0.0028651100545721937
2017-01-17,-0.005385898073060824,-0.005062111379377515,-0.004924375081733425,,-0.0044789126016146616,-0.005383894165057619,-0.005387264946926739
2017-01-18,0.001558276909152159,0.0014787919259131354,0.0014515800334732906,,0.001335211558420949,0.001559319657981287,0.0015601559813080786
2017-01-19,-0.003949076514857663,-0.003756425760826454,-0.0035806822078605824,,-0.003417716738996661,-0.003948634631688245,-0.003950640216340946
2017-01-20,0.0038195502114759246,0.0037049338264029293,0.0035030434403109495,,0.003508571439004339,0.0038242190244891063,0.003825434320310094
2017-01-23,-0.001504502127563557,-0.0014193003582471456,-0.0013376643162257193,,-0.0012713264190941014,-0.0015026232077754598,-0.0015035001801099767
2017-01-24,0.007986191272709152,0.007644981312434172,0.007360986422777678,,0.007039868988041646,0.007992412218887737,0.007996007198381321
2017-01-25,0.008999342365555427,0.008767060858708622,0.008355387713078847,,0.008363446663614372,0.009015417933617516,0.009017911700576893
2017-01-26,-0.0004655743981003542,-0.0003697371275234569,-0.0003933534603640064,,-0.00019457402195075836,-0.0004607683300295333,-0.00046174545040633864
2017-01-27,-0.0008978799513409693,-0.0008105334001457479,-0.0007605855417244702,,-0.000656678920792292,-0.0008935107936522675,-0.0008943974729972035
2017-01-30,-0.008082488313611889,-0.007772283341668551,-0.007477095582691561,,-0.007220238171988718,-0.00809087207827319,-0.008094147513907635
2017-01-31,-0.0005381253206901672,-0.0006868293343365503,-0.0005426513308103161,,-0.0009635624259640585,-0.0005485820780269664,-0.0005470721094005938
2017-02-01,0.0019988261820385014,0.0019962597525650847,0.0019602716351464293,,0.0019878533128914497,0.0020089092922686547,0.0020089899072897074
2017-02-02,-0.0008665321508622055,-0.0007873482122899659,-0.000803273712838765,,-0.0006412099695395173,-0.0008654629597289744,-0.0008662887123512302
2017-02-03,0.008502136216162113,0.00814537706295936,0.007743095538326576,,0.00752169238276567,0.008505209580992374,0.008508940877395583
2017-02-06,-0.0019888204385081613,-0.0018164655675345105,-0.001764542567443223,,-0.0015069062489736417,-0.0019833310832190094,-0.00198510122723224
2017-02-07,0.0003507842559863059,0.0004505499336939915,0.0004070010360429804,,0.0006314765863213732,0.00035974780511759124,0.0003587496354658473
2017-02-08,0.00024453324584471233,0.00028668065932961726,0.00026228235698578633,,0.00036385177561908675,0.00024845278097149654,0.000248030046117597
2017-02-09,0.0071629432692476465,0.0071150075486023446,0.006549803324867929,,0.006265353793934978,0.0071651502899138676,0.00716854404571663
2017-02-10,0.004855369211413469,0.004852855217301208,0.0044597309580884995,,0.004376823398283073,0.004859626916660536,0.004861453956281453
2017-02-13,0.005348580803184677,0.005352561149468903,0.004979556358742299,,0.005211365945598711,0.0053621212247431105,0.005362740359454274
2017-02-14,0.0040066563537549576,0.004007572389970043,0.0037038751005098354,,0.003807051730574431,0.00401401467006085,0.004014823048796291
2017-02-15,0.005624233820855048,0.005625688012872424,0.005230566171559529,,0.005290728371183728,0.005634899744444613,0.00563621874452908
2017-02-16,-0.0008009442793029766,-0.0007988075503169208,-0.0007294027170201904,,-0.0006089394209670153,-0.0007994419194687598,-0.0008001413431648676
2017-02-17,0.0012627759548388296,0.0012660875571631933,0.0012395611988138314,,0.0012913141831300957,0.001269344822427063,0.0012692687548170488
2017-02-21,0.005952348992943957,0.005951328426150764,0.0055014625361312405,,0.005488752924320698,0.005960193967556736,0.005961982716158881
2017-02-22,-0.00043476409191092383,-0.00043089034639592357,-0.0003775787502669145,,-0.00016757205903488673,-0.00043047988271597995,-0.00043143574719637826
2017-02-23,-0.0015039933252919827,-0.0015012419083023562,-0.0014351497620855311,,-0.0010909282465573623,-0.0015030891778058887,-0.0015045820592754938
2017-02-24,0.0008039761688568522,0.000805834781289859,0.0007700859826177546,,0.0012138183679380006,0.000807723368967291,0.000807589383196965
2017-02-27,0.003222743754567085,0.003216665698340665,0.0029432353824809924,,0.003031282987379781,0.0032198083253739494,0.003222069516321342
2017-02-28,-0.005054309298503515,-0.005045339661202411,-0.004639168418151115,,-0.004755884317431387,-0.005050524128356269,-0.0050540397069857934
2017-03-01,0.01438551232477709,0.01438254813420171,0.013283681870966315,,0.01407086313433216,0.014403663009119844,0.0144080428070777
2017-03-02,-0.00678462640257462,-0.006780671643864611,-0.006261377350868492,,-0.006577794438473925,-0.006789790426462583,-0.006792461989131651
2017-03-03,0.00039316657819947877,0.0003954142964778343,0.0003996163476986599,,0.00047338289811909976,0.00039680681012177737,0.0003965391434115945
2017-03-06,-0.00340358431524578,-0.003400574570289034,-0.0031322340492889573,,-0.002979455264985326,-0.003404906863882146,-0.003406478199964222
2017-03-07,-0.0031222272896788833,-0.0031184323235499186,-0.002863294969688274,,-0.002674674613654902,-0.0031221415754504782,-0.0031237923548281536
2017-03-08,-0.0023214248421445393,-0.0023157510314656925,-0.0020616405556404265,,-0.001897879684816881,-0.0023173582094043964,-0.002318914053918515
2017-03-09,-0.0002798007871660582,-0.00027611916059096616,-0.00022911266509413597,,-2.2301729406558552e-05,-0.0002754397771182412,-0.00027635763576193943
2017-03-10,0.0034446443818788195,0.003444697623824426,0.0032109768441138512,,0.0031720108197740454,0.0034501870320019887,0.003451232582906689
2017-03-13,0.00089918472180236,0.0008978496546840063,0.0008449037760129005,,0.0007072676284647508,0.0008990140921940876,0.0008997117675829525
2017-03-14,-0.0032767695316696047,-0.0032748217731296035,-0.0030183636200598104,,-0.0029399820481046286,-0.0032793100545454625,-0.0032805784248025036
2017-03-15,0.00848281346689503,0.008476319618716137,0.007809791182627784,,0.007712098771821788,0.008487608472745965,0.008491314000265475
2017-03-16,-0.0003398365312943035,-0.00034187782271326034,-0.0003244041700299766,,-0.00042811292862035083,-0.0003429921118532636,-0.0003425452839777026
2017-03-17,-0.00021504056790940288,-0.00021851536141464682,-0.0002207511435597816,,-0.00036908575958417063,-0.00021986763203981935,-0.0002190741061925308
2017-03-20,-0.0010699410319444896,-0.001065889816468844,-0.0009364845136898177,,-0.0008894236864359072,-0.0010662247159009377,-0.001067205198938069
2017-03-21,-0.016074480080619763,-0.016066314457338728,-0.014889591620582197,,-0.01492179952551758,-0.016088822112826112,-0.016095374574663823
2017-03-22,0.0019936923609530696,0.0019985285233956153,0.001953793106061045,,0.001930194280583939,0.002003524398702103,0.0020034833892668465
2017-03-23,0.0003229014605696101,0.0003167023630919594,0.00023163881380836693,,-0.00017234791352906587,0.00031526918409161746,0.0003166434628274402
2017-03-24,-0.0002431865779356873,-0.00024330346909779901,-0.00018491172531266524,,-0.0003346279366939555,-0.00024340724133252404,-0.00024316385517125758
2017-03-27,-0.00034495449301184507,-0.00034577461642439967,-0.000281391105397768,,-0.0005032677738364374,-0.00034626525141686086,-0.000345840180072317
2017-03-28,0.007099789433007996,0.007099833854406172,0.006566629391528179,,0.006473364621279289,0.007110828680085047,0.007112684373764197
2017-03-29,0.0016216909731599457,0.0016214528610628814,0.001560763379235641,,0.0013045252195583454,0.0016243231477154976,0.0016252170404879704
2017-03-30,0.00367397064360951,0.003670060249070272,0.003359974782533041,,0.003050968721819937,0.0036744796533163876,0.0036762541831512215
2017-03-31,-0.0013717521541557142,-0.0013743698741047817,-0.0012686608720613602,,-0.001511815180742583,-0.0013771044300808426,-0.0013767158841022002
2017-04-03,-0.0029212957490519715,-0.002913587534595655,-0.0026473247637960984,,-0.002234193795221357,-0.002915807552598112,-0.0029183054813322023
2017-04-04,0.0007923678411607167,0.0007948821911866788,0.0007571889341875181,,0.0008812496121666306,0.0007968187104756658,0.0007965220257010356
2017-04-05,-0.004797403943652496,-0.0047914323045642505,-0.0044176548322437436,,-0.00404647065749348,-0.004797200099098111,-0.004799976037108072
2017-04-06,0.0031344208073668936,0.0031277485149791453,0.002835424768652786,,0.00253470579219127,0.003130621813159408,0.003132834052075997
2017-04-07,-0.0004977720195526532,-0.0004982730154816401,-0.00046417901268501255,,-0.0005011518541683403,-0.0004992001415864735,-0.0004992001415865078
2017-04-10,0.0007163220001297176,0.0007152183288809319,0.0006586812930701015,,0.0005918997333854531,0.000716039759866147,0.0007164981561768718
2017-04-11,0.00047876940339833756,0.00046939742838823047,0.00033040482032532315,,-7.06162392879187e-05,0.00046712682324836856,0.00046909241018737793
2017-04-12,-0.005830856604864977,-0.005824263758359,-0.00536667563053115,,-0.004975504617637755,-0.005831392173556771,-0.005834556483289955
2017-04-13,-0.006869171289926646,-0.006865409867954818,-0.0063095898247543525,,-0.0062050355968986115,-0.006874833758752833,-0.00687736172772694
2017-04-17,0.00936541595810826,0.009364096105296333,0.008662632964687939,,0.008618595057011298,0.009378349544301733,0.009381238763668124
2017-04-18,-0.0026391224146371634,-0.0026418229343379493,-0.0024335572703085414,,-0.00268619782931045,-0.0026464440835653924,-0.002646344017435341
2017-04-19,-0.0008950006319476509,-0.000898320658735225,-0.0007914139495334997,,-0.0011622283442099058,-0.0009002244117382208,-0.0008993045683998538
2017-04-20,0.009197546636909934,0.009195683976406025,0.008507195767491883,,0.008420673135450139,0.009209389063607309,0.009212365746193189
2017-04-21,-0.0018220271470399023,-0.0018205393962127826,-0.0016534002468516548,,-0.001678707737852983,-0.00182283006234194,-0.001823430241602257
2017-04-24,0.0114023963428994,0.011403417818204553,0.010599035622021271,,0.010902337002309342,0.011421430377189744,0.01142446600791547
2017-04-25,0.008458800604971988,0.008459331138341923,0.007840865340506811,,0.008096866294404063,0.00847217095872796,0.008474371564789803
2017-04-26,0.0005198557423836695,0.0005145294729891991,0.0004331397783057495,,0.0002823163226491471,0.0005136938908544559,0.0005149600083071044
2017-04-27,0.0014768639094399154,0.001481206163995368,0.0014687878289079978,,0.0015019582169125154,0.0014850794793185645,0.0014849873897189625
2017-04-28,-0.0037292124860136442,-0.0037183728365023103,-0.0033344970005399896,,-0.0031646396633964553,-0.003720522247745297,-0.003723618928094177
2017-05-01,0.0035634575879916826,0.0035647820702429784,0.0034132297127640104,,0.00329716530887377,0.0035711356310122884,0.0035724612208406815
2017-05-02,-0.00014974416129211136,-0.00014419039102794907,-8.222520166510086e-05,,0.00018995899118904604,-0.00014271918996108804,-0.00014389882432498538
2017-05-03,-0.0021809947374086497,-0.0021787337271123265,-0.0020439029241362226,,-0.0018062142411689598,-0.0021815796220801403,-0.0021829226276010786
2017-05-04,-8.342224919946585e-05,-8.180808304288014e-05,-6.52552778554042e-05,,3.738399781780941e-05,-8.142594189447392e-05,-8.184690308370294e-05
2017-05-05,0.004058661091807639,0.004056860691543648,0.0037578645551979402,,0.003653690643015988,0.004062545710694517,0.004064043563412416
2017-05-08,-0.00024153634337751548,-0.00023672810212524388,-0.00016494061158208302,,3.523379596705446e-05,-0.0002356063238804742,-0.00023657336190861997
2017-05-09,1.5294754885396115e-05,1.7417326300476967e-05,8.747253204804126e-05,,2.9912479291073404e-05,1.8353559700097174e-05,1.829620254785409e-05
2017-05-10,0.001685541919232643,0.0016809985464500254,0.0015298379711652808,,0.001283046962649933,0.0016822891365304872,0.0016837237648598738
2017-05-11,-0.0023111935770673904,-0.0023066121113659013,-0.002104890575996881,,-0.0018681119468720313,-0.002308756573310174,-0.0023103439409489245
2017-05-12,-0.001479050173868476,-0.001473781252453396,-0.0012866005281153032,,-0.0011315432775724766,-0.0014742685746297365,-0.0014755137406091015
2017-05-15,0.004962815423518738,0.004960205131551152,0.004568041512075645,,0.0045814578049886865,0.004966886966052704,0.004968648782591032
2017-05-16,0.0009404665583991992,0.0009426180534670311,0.0009445246514916614,,0.0009077558258550346,0.0009448920937957512,0.0009450828499442521
2017-05-17,-0.021115191184415624,-0.021115124979401118,-0.01970972274913218,,-0.02001861672139509,-0.02114732139775562,-0.021153682320799616
2017-05-18,0.004335841967249691,0.004339796843730209,0.00412087934228841,,0.0039001172357312985,0.004347957475419494,0.004348742161736477
2017-05-19,0.005825088212540356,0.005825921474201811,0.005378542590593709,,0.0054568499213292435,0.005834918599164881,0.005836058026168681
2017-05-22,0.006069897369454001,0.0060709212995405815,0.005685983779575188,,0.005448262457607132,0.006080687931117273,0.006082410696062518
2017-05-23,0.002075954856285231,0.0020745203754886986,0.0019022794966957357,,0.0018539714786592974,0.002077176650058393,0.0020779574478714635
2017-05-24,0.0027844466507347104,0.0027878387056719444,0.0026338328019879847,,0.0026576583138386727,0.0027930863726376323,0.0027932415112750723
2017-05-25,0.004339067180459228,0.0043449112328316775,0.004126435402710579,,0.004136279840940098,0.004353383489472949,0.00435355779208374
2017-05-26,0.00021970386488468052,0.0002212940229837956,0.00023788349809409382,,0.00022599892587596353,0.00022218691436888885,0.0002220322065954037
2017-05-30,-0.0022015251639775427,-0.0021954027908150067,-0.0019715029180043873,,-0.0017301080933667676,-0.00219681276628197,-0.0021986329624138004
2017-05-31,-0.0007373268771676624,-0.0007373298853649474,-0.0006830243787469238,,-0.0007458912030265765,-0.0007384093870227226,-0.0007386060372675763
2017-06-01,0.009260505778524226,0.009249964079015223,0.008483471736185785,,0.008343781924857213,0.00926076578209117,0.009265374993326957
2017-06-02,0.005493047307022685,0.005495996993833702,0.0052239045850273995,,0.005006059504150811,0.005505468069943993,0.005506946829886918
2017-06-05,-0.0017214254969553588,-0.0017169955622151033,-0.0015625489921724759,,-0.0014492420934067531,-0.0017182605158177332,-0.0017197020592461293
2017-06-06,-0.0024859151766326395,-0.0024881738121102976,-0.0023443071233251287,,-0.0023761665954106946,-0.00249259317968509,-0.002492820644393847
2017-06-07,0.0020290043108715213,0.0020311009008384183,0.001928393698445078,,0.0019116517308274594,0.002034828667863978,0.002035075567277634
2017-06-08,0.003457486033059395,0.0034481306989518415,0.0031477498056104937,,0.002854065845869446,0.003450610226936454,0.00345373736051604
2017-06-09,-0.0036975988104348597,-0.0037167134997556648,-0.0038975559519366255,,-0.003445680898826977,-0.0037291739478260933,-0.0037279558399672176
2017-06-12,-0.0019965076512696084,-0.0019990949387248317,-0.001929516332783539,,-0.001914481740440516,-0.0020030422288486506,-0.002003407492100884
2017-06-13,0.00549821277566161,0.005500683839739943,0.005167912173141518,,0.004672919734810302,0.005509768940277299,0.005510941505502226
2017-06-14,-0.0019308537257588338,-0.0019287696735855683,-0.001835722263735726,,-0.0012709606488733513,-0.001931373254246649,-0.0019327153302237253
2017-06-15,-0.0027376413972643927,-0.002736928703138385,-0.002579371683221774,,-0.0021217044045759663,-0.002741013277313004,-0.0027421693600998905
2017-06-16,-0.0010952153062048983,-0.0010955282480137895,-0.0010709639171040783,,-0.0006812325618841712,-0.0010975267796032714,-0.0010981199323754896
2017-06-19,0.009357054009931868,0.009363821538947884,0.008853831687217317,,0.00830102551590042,0.009380286033300163,0.009381981484089
2017-06-20,-0.0064832612096114685,-0.006481286708896534,-0.006052909195288771,,-0.006147446807281155,-0.006490578715218694,-0.0064929290787994285
2017-06-21,0.0008774495214284249,0.0008853138282824528,0.001009850412029831,,0.0004317834420160786,0.000889628813521774,0.0008890477978571611
2017-06-22,0.00039271467125571286,0.0003893165023703118,0.0003413897962467084,,0.00040356775323933513,0.0003889469243099439,0.0003898510668494269
2017-06-23,0.002618761679915703,0.0026162174192612994,0.002453010955003233,,0.0024451033862234006,0.002619594891892095,0.0026211275756701105
2017-06-26,-0.0003868263679324852,-0.0003906504839479874,-0.0004506986302851599,,-0.00018295735172216762,-0.00039262898051515817,-0.00039231537573623446
2017-06-27,-0.009363892337897164,-0.009370222089660415,-0.008899562048125953,,-0.008574078549370014,-0.00938668709588775,-0.00938871080634357
2017-06-28,0.01073309419818043,0.010732393132658221,0.010052180139651808,,0.009659235840890278,0.010748698786473516,0.01075229386263013
2017-06-29,-0.00967122994750232,-0.009679876439302917,-0.009170487300206233,,-0.008426380297148392,-0.009697232393966228,-0.009698612489682939
2017-06-30,0.0008872201691575829,0.0008072051230335189,0.0007229776323706925,,0.0009017667870167118,0.0008085741065598636,0.0008082248907584076
2017-07-03,0.0022157110057712598,0.0020009985323071596,0.00162709222311404,,0.002462871286573277,0.0019998268800300516,0.002001707307504676
2017-07-05,0.0018357781046036041,0.002059157284594753,0.002077872910867101,,0.001476898879625607,0.0020655174159093367,0.0020647555765021448
2017-07-06,-0.009107132748017657,-0.009296484766121323,-0.008638273753022084,,-0.008437575218113178,-0.009309680802551474,-0.009312730266210356
2017-07-07,0.007146867271677448,0.007375070411549962,0.006917794747625542,,0.006475077488044289,0.007386691969349186,0.007388942510856384
2017-07-10,0.0006989265555845572,0.0008526378742471361,0.0009180599019085213,,0.00037201428645461604,0.0008565744158194821,0.0008555809579594716
2017-07-11,0.0009429405258976572,0.0010021157094568577,0.0009664555160581097,,0.0006892296303222158,0.001003639690691134,0.001004326292628816
2017-07-12,0.007829499168434357,0.008095084661013519,0.007615921371143147,,0.006871757243255781,0.008108503416736686,0.008110292808710048
2017-07-13,0.001390224874952894,0.0014362925454657195,0.001351130686858704,,0.0012365356914036613,0.0014387530333009413,0.0014389528473007652
2017-07-14,0.004303681711192577,0.004475298308997995,0.00423834545392761,,0.0037670957072208086,0.0044834850471433185,0.0044838658462519445
2017-07-17,0.000442117970046309,0.0004450771800001926,0.00040732192222746316,,0.00037013347575982257,0.0004452484398756124,0.0004458087077634752
2017-07-18,0.00030522908036159966,0.00045663037895459836,0.000555650752243197,,-8.310234594310727e-05,0.0004595680045446428,0.00045892054689145636
2017-07-19,0.005684431742676006,0.005804384020510506,0.005399873345611523,,0.005081478300505997,0.005812096695727776,0.005814448063960619
2017-07-20,0.0002025990909735208,0.000252216714767045,0.0002554796550049864,,0.00010819597927254785,0.0002528089445802564,0.00025289755125037545
2017-07-21,-0.0018248766368154728,-0.0018218192879221429,-0.001669163966072605,,-0.001690212968218249,-0.0018236140888571355,-0.0018246588299024819
2017-07-24,0.0006431347755146883,0.000641096553418163,0.0006691192200980044,,0.0003115267034759029,0.0006426961076492681,0.0006430535486524137
2017-07-25,0.0031278322818087466,0.0031221893543926984,0.002793241524447203,,0.003090243297427523,0.0031242889109457167,0.0031263377516322663
2017-07-26,0.0008380491563985376,0.0008427423361940982,0.0008446760085836271,,0.0007493504963045597,0.0008459647382043347,0.0008447398215369945
2017-07-27,-0.0017116898052963825,-0.0017055049771536699,-0.0016611442883505086,,-0.0011746767705503652,-0.0017079436883411113,-0.0017093766485181377
2017-07-28,-0.0007744495617363117,-0.0007719543323978683,-0.0007223575660550213,,-0.0005151876231093514,-0.0007727624402211216,-0.0007733895378860147
2017-07-31,-0.001100177774752614,-0.0010967052729590596,-0.0010851902440623235,,-0.0009375878600130444,-0.0010986814688000834,-0.0010994201315901652
2017-08-01,0.0024545584351421826,0.002453433905109035,0.002284315654748138,,0.002307339452576833,0.0024571202460652204,0.00245760984491909
2017-08-02,-0.0008290722398280596,-0.0008206624281637647,-0.0006731270864035199,,-0.0008149660218002826,-0.0008188142571512931,-0.0008212879334931453
2017-08-03,-0.0022760466811725007,-0.002271739629568952,-0.002136443622701665,,-0.002273847392324699,-0.002274816456969464,-0.0022759974638424216
2017-08-04,0.0025726435357585377,0.002569449571570991,0.0023679974419732325,,0.0025769601717275242,0.0025725081075138965,0.0025736267050284903
2017-08-07,0.0026445464782813705,0.002643036473344052,0.002529304536149553,,0.002648678132729806,0.0026479232961669624,0.002648329526734155
2017-08-08,-0.0018592383570421392,-0.0018569666649718292,-0.0017137358926955825,,-0.001862790949154709,-0.0018592709955719837,-0.0018600070076398281
2017-08-09,-0.002552967380072756,-0.0025465413577760946,-0.002337693130060741,,-0.0025485281152420242,-0.0025486941283791175,-0.0025506940978891816
2017-08-10,-0.014944862337285918,-0.014931135742845101,-0.014030742931196747,,-0.01497011096759994,-0.014954186496170842,-0.014958388347518234
2017-08-11,0.0024331725740157116,0.0024316945517375396,0.0023676033264019686,,0.0024344456585073957,0.0024368773747878176,0.0024371509235357
2017-08-14,0.010528231302434932,0.010516688795007577,0.009823589224769582,,0.010544450263277768,0.01053206580882604,0.010535652764003763
2017-08-15,-0.001332236991439115,-0.0013259203525904735,-0.0011790792105000432,,-0.0008914676827653969,-0.0013259357254925194,-0.0013278275884391082
2017-08-16,0.0013305555771793028,0.001330513645736796,0.0012485833831523126,,0.001321926698668955,0.001332793161189799,0.001332870074356763
2017-08-17,-0.01623983905984507,-0.016226670556958644,-0.015190217177896696,,-0.015474954717081303,-0.016251289544981933,-0.01625561309092195
2017-08-18,-0.001752807208576152,-0.001753440709930621,-0.0016185412455861198,,-0.0016911449550458344,-0.00175620226425833,-0.0017562421446609968
2017-08-21,0.0003400924461081701,0.00034079967996505456,0.00029392447287069647,,0.0004033995889245734,0.00034118079014982806,0.000341081056032871
2017-08-22,0.011032953467330778,0.011025325626531737,0.010338040497922609,,0.00992531150676171,0.011043038265082274,0.011045593579391009
2017-08-23,-0.003198991430339821,-0.0031981906335579536,-0.0029883913743531617,,-0.002979628173989886,-0.003203372031365262,-0.0032037824893766686
2017-08-24,-0.0008888472498490361,-0.000891482785489449,-0.0008781847500658776,,-0.0009153752192511942,-0.0008942024234527476,-0.00089341789321161
2017-08-25,0.0012509819803484994,0.0012494718470323655,0.0010914028877750843,,0.0012297942245539585,0.0012502051709706603,0.0012508676516456122
2017-08-28,0.0014929065593516108,0.0014890688345832763,0.0014082972740942902,,0.0011659161053378933,0.0014910139555397702,0.00149206028469061
2017-08-29,0.0022088967776270627,0.002209063547084383,0.0021023476368793883,,0.0020222969751330947,0.0022132638301515417,0.002213321449257947
2017-08-30,0.00569000212196727,0.005684638832331591,0.005410083536351892,,0.004918446169804617,0.005694506161173949,0.005695926738040489
2017-08-31,0.006672788103761038,0.00666482631541273,0.006255859818757353,,0.005825820914260728,0.006674653094907888,0.006677024053722407
2017-09-01,0.002072543902553524,0.0020688814787173625,0.001873525684491173,,0.0019173157910938213,0.0020706722672729373,0.002071917766584531
2017-09-05,-0.008958579369344041,-0.008953005752298255,-0.00834782322804115,,-0.00797735023191505,-0.008966114996136025,-0.008968285193378686
2017-09-06,0.00276641032325076,0.0027652883480703302,0.0025828726604377582,,0.002530503774444822,0.002769657536812193,0.0027701073553912854
2017-09-07,-0.00021592045303021293,-0.0002143797384297182,-0.0001454379655087745,,-0.00021042445131314185,-0.00021361862402361295,-0.00021419740190824348
2017-09-08,-0.00196364557692453,-0.0019633259298134182,-0.0019614315330113226,,-0.0014443398783981294,-0.001968299814667637,-0.0019681309425013077
2017-09-11,0.011034085668986452,0.011027628077763495,0.010274587410991612,,0.00962395999760754,0.011044104282092623,0.011046596224526533
2017-09-12,0.0036965607690889555,0.003692406183804484,0.0034160159659172924,,0.003212121283365561,0.003697088390114367,0.003698482363606192
2017-09-13,0.0015762285945144293,0.00157423748216491,0.0014630092947320132,,0.0013559230901172043,0.001576191878843175,0.0015768805077684084
2017-09-14,-0.0008293390044605522,-0.0008275929725990407,-0.0008666047390766565,,-0.00044522836910194794,-0.0008299390060177245,-0.0008301371525717143
2017-09-15,0.0027091506271792144,0.0027066437373641596,0.0025306080251533466,,0.002643222257428284,0.002710462057393246,0.002711328199532073
2017-09-18,0.0026540859838514175,0.002649481487530714,0.002394614394765442,,0.0027031567128408193,0.002651561120029387,0.002653190804523543
2017-09-19,0.0011215486435878922,0.0011220164148172177,0.0010619954341635545,,0.0010458461980755605,0.0011241050584202836,0.0011240344385789617
2017-09-20,0.000701532461112765,0.0006995731738782971,0.0005761832925193547,,0.0007047300126344023,0.0006991203298851807,0.0006999152997374953
2017-09-21,-0.0029909508848547364,-0.0029900851894228446,-0.0028551586373496726,,-0.0030009795479719755,-0.0029956053505293366,-0.0029958509445711106
2017-09-22,0.0004055033254502537,0.0004024405461872214,0.0003423735107237574,,0.0004030069542173383,0.0004019498990698121,0.00040284651654245236
2017-09-25,-0.003075097554969859,-0.0030758092128692566,-0.003020835670662896,,-0.0030843322239182906,-0.0030830654056315603,-0.0030826991277868422
2017-09-26,0.0012915694390541817,0.0012889939209458122,0.0012251126080990735,,0.0012916421148803313,0.001290821939596182,0.0012915173425101084
2017-09-27,0.008003107123485741,0.007988396301864629,0.007458558729445084,,0.008012636132891436,0.007997915205595738,0.008002303761715008
2017-09-28,0.0013287455225795453,0.0013271583540961653,0.001201902585478901,,0.0013339140840564687,0.0013283420553439032,0.0013289569613211673
2017-09-29,0.003259598150474083,0.0032577786009860797,0.003117256074330426,,0.0032686754223990966,0.0032637566754503693,0.003264186358727608
2017-10-02,0.006054546483639862,0.00604715421284509,0.005543736464567611,,0.006074085811668347,0.006053386040464518,0.0060560857318623
2017-10-03,0.0026885480004474856,0.0026876149929957035,0.002504668530956562,,0.0026999925498584335,0.0026914978388474994,0.0026919796916970227
2017-10-04,5.849221482125231e-05,6.082481437330329e-05,7.218141049516145e-05,,6.302658976172756e-05,6.175222652102865e-05,6.108063769645466e-05
2017-10-05,0.005898434169132623,0.0058969889750773805,0.005588477289315724,,0.005920707944574564,0.005907136157425709,0.005907683234996869
2017-10-06,-0.00032099857127794185,-0.0003203616581631902,-0.00027099282449598164,,-0.0003228381516506971,-0.000320331060210915,-0.0003205711988664794
2017-10-09,-0.0017330828830271912,-0.00173004246806823,-0.0015975523809481503,,-0.001736452879145681,-0.0017317937545839436,-0.0017327243659409504
2017-10-10,0.0024507354889606813,0.0024493157945361154,0.0022587284658836383,,0.0024612977645798494,0.0024523624388932213,0.0024529936346366684
2017-10-11,0.001353553966882781,0.001354221382570468,0.0012986726218102954,,0.0013599607296672842,0.0013569879166819058,0.0013568109209971802
2017-10-12,-0.0013465759262209895,-0.0013462161649551126,-0.001268680539720292,,-0.0013519850720825589,-0.0013484021611868161,-0.00134854721367897
2017-10-13,0.001309248336157812,0.001310563536809617,0.001278210660438156,,0.0013156524545460055,0.0013136838600161468,0.0013132965332817372
2017-10-16,0.0019037414957970072,0.001904646034949754,0.001814345380203042,,0.0019130105595925148,0.0019082680022203902,0.0019081060360633755
2017-10-17,0.00033226083800956655,0.00033475933485178303,0.00033530144220882976,,0.0003377940287129964,0.0003361446136481839,0.00033547955775568064
2017-10-18,0.003023302895674615,0.0030214022282540574,0.0027492191260397635,,0.0030369946267696,0.0030243389665076453,0.0030253998258106905
2017-10-19,-0.000782207616045997,-0.0007806859018558526,-0.0007818294227622774,,-0.0007801599530623161,-0.0007822841665564131,-0.0007826074214246002
2017-10-20,0.004934565072633162,0.0049326074564946375,0.004567599609863464,,0.004956565495747514,0.0049390895372469525,0.004940094629477025
2017-10-23,-0.004651058193873887,-0.004645575570817769,-0.004373112505282204,,-0.004661025849877358,-0.004651960773332817,-0.004653599073021185
2017-10-24,0.0033390889290806666,0.0033388577899718806,0.0031039273380279687,,0.0033549322032629695,0.0033434809447409047,0.003343953895975531
2017-10-25,-0.0047414085328224935,-0.00473859174765862,-0.004420866212726104,,-0.004759224219424969,-0.0047451277763576084,-0.0047461994770765315
2017-10-26,0.0010349287634250602,0.0010341541096758385,0.0008931439271707309,,0.0010418588011674244,0.0010344221435734,0.0010349305322387085
2017-10-27,0.010566133342956129,0.010559048003797792,0.010218032370064141,,0.010586512247950382,0.010579253789367717,0.010580739215476281
2017-10-30,-0.0037774706915465173,-0.0037708268643022284,-0.003404507439662913,,-0.0038608684271316685,-0.0037733387628212395,-0.0037756575258314352
2017-10-31,0.003065040564672652,0.003059660721483154,0.0028666666075213127,,0.002987767200403295,0.0030632173676931667,0.003064829868180085
2017-11-01,-0.00034252119560958727,-0.000337380591463278,-0.0003059456473561068,,-0.0003264341600956887,-0.000336605485041169,-0.00033799985393503685
2017-11-02,0.0012991581684758168,0.0012980483696637068,0.0011567808417598559,,0.001344902872035632,0.0012988554284508464,0.0012994631294682131
2017-11-03,0.0030617606616586946,0.0030618028341204465,0.002988617419993934,,0.0028643391498377013,0.003068351918037223,0.0030681559199342684
2017-11-06,0.0016535165732148214,0.0016523723745169292,0.0015765748737341981,,0.0015861390263506626,0.001655091448132278,0.001655402338723035
2017-11-07,-0.002517849598908217,-0.0025093670904952356,-0.0022718519715771556,,-0.0025310534259289927,-0.00251025077726794,-0.0025128450230265634
2017-11-08,0.0017221710411086312,0.0017209608803954305,0.0016527481656011494,,0.0016387564472819679,0.0017239614864645856,0.001724245601767853
2017-11-09,-0.0039127609911521494,-0.0039102782943980655,-0.0036831952766888587,,-0.0038123007708476065,-0.003916033581927638,-0.003916867060364966
2017-11-10,-0.0006304569736699947,-0.0006301939142413737,-0.0005808569846915805,,-0.0006303325623453955,-0.0006309510623957824,-0.0006311022336014348
2017-11-13,0.0008884688065640398,0.0008882526454561406,0.0008406295443713427,,0.0008622044193309602,0.000889703319290557,0.0008897874185756319
2017-11-14,-0.0024313077780116574,-0.0024293921537090254,-0.0022935780999573277,,-0.002359769311857443,-0.00243300135162552,-0.0024335895980970353
2017-11-15,-0.004969397491858886,-0.004967212311670447,-0.0046431253905149334,,-0.004886344907142161,-0.004974284871076285,-0.004975197312069512
2017-11-16,0.01085415831938303,0.010844063274817961,0.010167443837689576,,0.010606634848994231,0.010858918618867668,0.010862223866379795
2017-11-17,-0.0019183863843611126,-0.0019220641436178028,-0.0018475962700962945,,-0.001848995423391465,-0.001926420078340066,-0.0019254772256221838
2017-11-20,0.002778543011849437,0.0027740221095055085,0.0025228094243095267,,0.0028022545295354143,0.0027761816494605096,0.0027777888136281555
2017-11-21,0.00838387941934272,0.008376996939558203,0.007880317042769985,,0.008175417707314803,0.008388766372727039,0.008391028818651376
2017-11-22,-0.0008914898548298331,-0.0008911146618259398,-0.0007945110950894104,,-0.0009243073814050098,-0.0008917660190850473,-0.0008920667405410942
2017-11-24,0.0019415991452668858,0.0019412008441529321,0.001849072831881801,,0.0018719147821448477,0.0019445155973764365,0.0019446425735011967
2017-11-27,-0.0006025021696590162,-0.0005998505625432008,-0.0005522277269099441,,-0.0005919129930156171,-0.000600074546412879,-0.0006008037948146701
2017-11-28,0.00993693674733271,0.009927682484044666,0.009148947021878868,,0.009915125103596562,0.009938595702041305,0.009942059396000048
2017-11-29,-0.001967392001818337,-0.001967269673088822,-0.0021294491140949993,,-0.0019504645334693625,-0.0019743220139593954,-0.001973626338749928
2017-11-30,0.008355048849891186,0.008356358108541595,0.00784330447476746,,0.00840010271571052,0.008369208346285163,0.008369484794993122
2017-12-01,-0.0026077708267609415,-0.002604912621540117,-0.0024674206030153175,,-0.0026149385377147666,-0.002608534343577125,-0.002609376837125548
2017-12-04,-0.0029202490487520772,-0.0029164063099584416,-0.0028841625803298415,,-0.002924707869177247,-0.0029222187453040666,-0.002922944490504914
2017-12-05,-0.004350283559830613,-0.004344305725041364,-0.003978674309793989,,-0.004383788293716123,-0.004348089412237772,-0.004350203934262926
2017-12-06,-0.000393264931232896,-0.00039071843396184006,-0.0002706238832313226,,-0.0004931905077935652,-0.0003892973198827455,-0.0003902808021171697
2017-12-07,0.004041932610644643,0.004037357367513507,0.003770659089771183,,0.003970845207229162,0.0040422702795574125,0.004043759139221601
2017-12-08,0.004143195746094782,0.004143233807648699,0.0038903660721229093,,0.00406836118610552,0.004149584581554847,0.004149789852301572
2017-12-11,0.0031621220722280225,0.003162399473712113,0.0030516870208297524,,0.0030071112964445454,0.0031684600838409738,0.0031683340056214947
2017-12-12,0.0009718689711860342,0.000975029511482955,0.0008827771651887001,,0.001013350492197744,0.0009765640833302935,0.0009759487256928283
2017-12-13,0.002617678236320345,0.002614083793396428,0.0024359141748829414,,0.002581530632594009,0.0026168107304065523,0.00261806443394754
2017-12-14,-0.004509774775315735,-0.004502555736296775,-0.004139244832088682,,-0.004504166848322078,-0.0045065453716878695,-0.0045089138991182
2017-12-15,0.009354748574871664,0.009344802548104473,0.008776173722022268,,0.009137836507875589,0.00935695545630856,0.009360035183510603
2017-12-18,0.00825885493378278,0.008250050068281889,0.0077252718074559525,,0.007920748486491715,0.008260121300095766,0.008262990108576843
2017-12-19,-0.004381775833722279,-0.004376378664310238,-0.004115878843307986,,-0.003927210754381493,-0.004381808303282546,-0.004383432414622357
2017-12-20,-0.0003280928978295244,-0.0003294805699096315,-0.0003268465181827226,,-0.0003914908873718869,-0.0003304952735967249,-0.00033010985850057676
2017-12-21,0.00212466132421621,0.002122071895672048,0.0019494419980312424,,0.0019318945845638678,0.002124037759776167,0.002124959389737457
2017-12-22,-0.0010379939413020659,-0.0010369016441511194,-0.0009754821689260641,,-0.0009360283418197813,-0.001038185332887556,-0.0010385507830870191
2017-12-26,-0.0015074317479640668,-0.0015075244945918866,-0.0014830445973468877,,-0.0014273021767212263,-0.001510753062730128,-0.0015106308207671918
2017-12-27,0.00028444455770744415,0.00028535526756525326,0.00026787829100854694,,0.00033061172153165845,0.00028595305987822085,0.0002857393849260772
2017-12-28,0.0023358169111359294,0.002333475427098428,0.0021627826947065235,,0.0021406711744958486,0.002335993661409295,0.0023368348081608333
2017-12-29,-0.005173930442141431,-0.00516831399060033,-0.00486259102576653,,-0.00516480591363664,-0.005174869369055877,-0.005176629323091803
2018-01-02,0.008862511624477055,0.008854795411628752,0.00845209384248083,,0.008760023277454025,0.008868476664959298,0.008870575160553732
2018-01-03,0.0051635397385775186,0.005163128122512385,0.004931443722113491,0.0,0.005175629313471937,0.005171891462426472,0.005172027615984633
2018-01-04,0.00392777780815212,0.003927172008151503,0.0036523469477007593,3.774956031807683e-05,0.003943109841641816,0.0039321741454714804,0.003932702943150406
2018-01-05,0.0068802429240656555,0.00687963185719055,0.006520467453350765,0.006890659692229715,0.006899111337940762,0.006890193688391792,0.006890659692229794
2018-01-08,0.0015925484668419705,0.0015912367315403966,0.0015327068503357146,0.0015941577780907556,0.0015920169391308789,0.0015938734347717537,0.0015941577780907458
2018-01-09,0.001770207995939862,0.0017718037666033144,0.0016491174956326867,0.0017741378486322793,0.0017824412668753344,0.0017743617180588298,0.0017741378486323643
2018-01-10,-0.001228012698288524,-0.001227872420681664,-0.0011761739710320286,-0.0012299743208601197,-0.001230573907986615,-0.0012299444071951582,-0.0012299743208602047
2018-01-11,0.009558596012291313,0.009547872199751723,0.008905446001451161,0.009561924288879255,0.009566527580048613,0.009558333616661835,0.009561924288879241
2018-01-12,0.006861172558082104,0.006859545049118416,0.006459722428000741,0.006869841754467968,0.006880247574347299,0.00686898873977908,0.006869841754468085
2018-01-16,-0.004454811302633359,-0.004446151806361914,-0.004134778084568371,-0.004452657638855004,-0.004449052928598105,-0.004450062452274214,-0.004452657638855092
2018-01-17,0.01068042297910856,0.010675574321183885,0.010043412557074699,0.010691550824443195,0.01047544825360688,0.010689594331837037,0.010691550824443239
2018-01-18,-0.002828991669449051,-0.0028250674164517348,-0.0025980645217150793,-0.002828689046880673,-0.00253398778267242,-0.002827288810995703,-0.002828689046880713
2018-01-19,0.005339165898304877,0.005330406327286383,0.00495385631010534,0.005338081261953797,0.004759285648902672,0.005335359105367467,0.005338081261953787
2018-01-22,0.007298049990908962,0.007294845316153303,0.006918723631822726,0.0073062866028102465,0.00708655841542033,0.007305231684576903,0.007306286602810302
2018-01-23,0.003077249143570693,0.003074429053352526,0.0029766231676983915,0.0030799883785022414,0.003030241268556868,0.0030793252684306036,0.00307998837850219
2018-01-24,-0.0021005315244693886,-0.0020954763316958975,-0.002027936144463464,-0.0020994271422823214,-0.0019575735920955603,-0.002098165649821869,-0.0020994271422822746
2018-01-25,0.0013225927551241132,0.001323149903035608,0.0012176039064233227,0.0013246266843950434,0.0013201068760705893,0.001324527327632032,0.001324626684395107
2018-01-26,0.009672576446600311,0.009670576754612036,0.009196706558287807,0.0096856773273862,0.00961667762759687,0.009684925791748261,0.009685677327386157
2018-01-29,-0.005953829699216821,-0.005950912299012742,-0.005578606481239088,-0.005959244557789871,-0.005846813676801596,-0.005958076308524296,-0.005959244557789834
2018-01-30,-0.010579496296512489,-0.010575153889218175,-0.00991280485747929,-0.010589975556657716,-0.010407427810571076,-0.010588053202903288,-0.010589975556657782
2018-01-31,0.0007217030373268252,0.0007255214080555952,0.0007443452558417334,0.0007269669417248124,0.0008882787988853484,0.0007280409196001641,0.0007269669417248145
2018-02-01,-0.0010550394109595299,-0.001056435342278378,-0.0011191824743103252,-0.0010592638066144395,-0.0009430702809123976,-0.001059938466624745,-0.0010592638066144315
2018-02-02,-0.021985926641177683,-0.021976325555249993,-0.020650163874705866,-0.022008237963869713,-0.021166413842355257,-0.022004274668512635,-0.022008237963869724
2018-02-05,-0.04126749357764189,-0.04124743505109271,-0.03871063362441622,-0.041308902072444954,-0.03355288723905951,-0.0413009482848831,-0.04130890207244498
2018-02-06,0.012171362708942332,0.0203310733788604,0.012379761985846102,0.017219170044543583,0.006107367176670326,0.0203614618113056,0.020363950058449497
2018-02-07,-0.0037362911159481917,-0.0046013710580993725,-0.0034481235510542356,-0.0031420944671729017,-0.0023794524868723343,-0.004668154148143624,-0.004610040921295622
2018-02-08,-0.029562986940055047,-0.037463412846347154,-0.02859342690641465,-0.015022225063988313,-0.019311955212017083,-0.03639709687296694,-0.037522058307073315
2018-02-09,0.01063784969747724,0.014091450788168224,0.010304445379130093,0.005802986617910681,0.006984239533984656,0.013236518541879258,0.014195343266937338
2018-02-12,0.008914506088818438,0.013900273978864765,0.009165641566994514,0.007291677758639059,0.006300600343786612,0.011538869611088132,0.014632492067189192
2018-02-13,0.001709496227469593,0.0026091392856716577,0.0017699361360280453,0.0013920149297780623,0.0011685948834561787,0.002255524915763522,0.002772908815013355
2018-02-14,0.009329586347258563,0.014138402968871568,0.009789149641087803,0.007505013955096649,0.0064273313920940895,0.012360656632206205,0.014932016594262036
2018-02-15,0.008384951832408855,0.012684506379988796,0.008662523117833804,0.006850454434563991,0.005743752301150668,0.010879355235154877,0.013523804495544542
2018-02-16,0.00012711011076145897,0.00017120047887210794,0.00021078660782939987,0.000672305170793855,0.00011540555146403829,0.0002080030260036031,9.631011245481565e-05
2018-02-20,-0.0038484928851201926,-0.005792410353903273,-0.004052712286477854,-0.004862313136566862,-0.0026676422640067115,-0.0049183740485758375,-0.006068612169491594
2018-02-21,-0.002215038806704742,-0.0034415443781177744,-0.0021842079219659156,-0.0029684386128636933,-0.0014782892044342833,-0.0027231134782123587,-0.0037094818264647093
2018-02-22,0.0012024277906558809,0.001836287280863459,0.0011601513097471146,0.001643043630863037,0.0007889144258823342,0.0013754912108074017,0.0020572812765354102
2018-02-23,0.009769154447758072,0.014802506249105351,0.010105781867364452,0.012559333147653468,0.006706317520627824,0.012709266057421457,0.01569897366100908
2018-02-26,0.007464992589628833,0.011274765783282084,0.0076270286696402834,0.009674698709342917,0.005101097849462794,0.009484457723650929,0.01205605616248334
2018-02-27,-0.008015577217403211,-0.012000159254684058,-0.008375201213766304,-0.011446669286872801,-0.005563316310386771,-0.010429089859739109,-0.012629403488046758
2018-02-28,-0.007666569930268819,-0.011489356996406037,-0.008056917197324591,-0.010851692246103828,-0.005318529174112976,-0.009537077924075016,-0.012084617402093272
2018-03-01,-0.00765159151284673,-0.011663544818174675,-0.007727781350667937,-0.01004084359881077,-0.005183750547305218,-0.009598835824172123,-0.012533063822968394
2018-03-02,0.004056153404156484,0.006020341497967306,0.004467356887549749,0.00492389425653726,0.00288486291729773,0.005325210503123588,0.006158903481488083
2018-03-05,0.00712866379193179,0.010823922079838968,0.008422057922397167,0.00764791073690612,0.004585645073258736,0.00863533627192668,0.011519863578629821
2018-03-06,0.002672647766136938,0.003913957042431625,0.003016291280436549,0.0028335097781126977,0.0016363892781010906,0.003391179614084692,0.004020454160899061
2018-03-07,0.0011115431682540025,0.0015368552961209983,0.0014361091696281328,0.002089862152833822,0.0006186303315561546,0.0014386176609779264,0.0015066088852188435
2018-03-08,0.0018920088869783611,0.0030348999511715324,0.002271843586588381,0.002653139913521151,0.001285999006226994,0.00230167503034907,0.003287879499497499
2018-03-09,0.011510612456489,0.01645609591273583,0.012718685746833745,0.014071440265469536,0.0074543865219826675,0.015152553257761454,0.017433615967581254
2018-03-12,-0.00041799951588452396,-0.0005081090190759167,-0.0003674694418514862,-0.0007263447196393239,-0.0001852300199534887,-0.0005776955416783663,-0.0005877344236590066
2018-03-13,-0.00837998269517058,-0.006969605323637944,-0.005498927749532963,-0.006792488279619158,-0.005534548098585916,-0.007716237972109812,-0.007563670389992931
2018-03-14,-0.004858478814449384,-0.004765110637872971,-0.003763137113426924,-0.004626373848985117,-0.0031686600248287903,-0.004999643738578847,-0.005154987353770038
2018-03-15,-0.0004719172552747333,-0.00038780066778345234,-0.0005944256653468913,-0.00033804767048114224,-0.00033316971065385474,-0.0003512415817111056,-0.00037504669757705995
2018-03-16,0.0015165908429765798,0.0013437512294922265,0.0013795542438965246,0.0013739257124233662,0.0010259655284181953,0.0015011917051240848,0.0015315928442785666
2018-03-19,-0.01316724147797695,-0.012630251298604487,-0.011265949848533026,-0.012609642024305085,-0.0085577162642031,-0.013643521491170305,-0.014058710367296745
2018-03-20,0.0022426967836103573,0.0020424779637842378,0.0019616380757461766,0.002202821093320136,0.001449666305451662,0.002404268838337285,0.0024602832496895344
2018-03-21,-0.0007925226362440758,-0.0007573119741148347,-0.0006558248665392914,-0.0008212450545602347,-0.00044648712283768,-0.0009049690525988663,-0.0009639923929823902
2018-03-22,-0.024040752888433395,-0.022241475824145873,-0.020884641650115006,-0.020450284691326114,-0.015593976542781936,-0.02478443042341794,-0.02555670377181373
2018-03-23,-0.01973983482166794,-0.01744211713309355,-0.017540662238724337,-0.017094664814741603,-0.01303849337172044,-0.020795470107853237,-0.021470596220504318
2018-03-26,0.025282882396725326,0.02342764672693707,0.023014003271543064,0.020472063790392483,0.01679137684456711,0.028094481705799278,0.0289938164644929
2018-03-27,-0.013772299844771182,-0.016737372979975882,-0.01251855843051551,-0.01218996949873782,-0.010401170995432927,-0.018126944189880274,-0.02048822761381709
2018-03-28,-0.00208483875713141,-0.002351782385534646,-0.0020034833341491714,-0.0019213336192166724,-0.0016099594757998234,-0.002683734360430685,-0.0032697438534327514
2018-03-29,0.009695959105800284,0.010389156882002537,0.008767951329295271,0.008133793785011301,0.007005763440508982,0.012506806889793623,0.013815886034147138
2018-04-02,-0.01700491135409953,-0.018306891684646193,-0.015340625993364852,-0.014153480706937204,-0.011922063800908156,-0.021865528467133168,-0.02389509926168099
2018-04-03,0.009336392723498649,0.010049355088733784,0.008599289645871547,0.009489829597845376,0.006693785672431694,0.012557800013616982,0.013501140099133233
2018-04-04,0.008225431322708664,0.008246639716155309,0.007916890057584862,0.004362595866408636,0.006047831818305528,0.010263123286729701,0.012371814751089191
2018-04-05,0.005212502768038621,0.005441848051272056,0.00491561613446429,0.004704331276511713,0.003857352819679562,0.006863136041430622,0.00764626740400414
2018-04-06,-0.015063559455478073,-0.0156778489888115,-0.014357118156759295,-0.014992353856482815,-0.011050028101162372,-0.019568558510003897,-0.02235479287691426
2018-04-09,0.0022482942916616675,0.002261904631064028,0.0021260639803265717,0.0023758696832359713,0.0015566377747507146,0.00279192637930926,0.0033880785894008585
2018-04-10,0.011902875640047895,0.012901772615391879,0.011795144956836973,0.012969591090079152,0.009068663674094736,0.01611347017448879,0.01848033251472276
2018-04-11,-0.002953980743527149,-0.003047311882022928,-0.002793024906264637,-0.003197677880122438,-0.0021076734122222785,-0.0038601552609605844,-0.004528068641895257
2018-04-12,0.006263974310114659,0.00671240628533382,0.0061197876988826165,0.006811185562672641,0.004714885113730255,0.008406489337334035,0.009665406488609368
2018-04-13,-0.002788260499287655,-0.003013574374536811,-0.0027274697142662934,-0.0030058411847430195,-0.002138753673218434,-0.003766086717597769,-0.0042531630431674764
2018-04-16,0.0054823965031954094,0.005880386956794744,0.005353848363722648,0.005831932355078243,0.00416837342372038,0.007366155937298226,0.008264362511123318
2018-04-17,0.007790926478825564,0.008559465848288653,0.007940068338973504,0.009537502894898442,0.005773508885180715,0.010399564258170898,0.012423587740174427
2018-04-18,0.0005046698886614856,0.0006174065514440777,0.0005959017620602712,0.0007713338230434855,0.0003229416246328151,0.0006554405481125505,0.0008598719930807634
2018-04-19,-0.003693997394906879,-0.00405338596434886,-0.0037585163951062983,-0.005499665268224232,-0.002581413356441997,-0.004830410029869238,-0.005764147478161565
2018-04-20,-0.005797594853473734,-0.006315616046008899,-0.0058641688960295825,-0.009235009425100273,-0.004181830199689129,-0.007649994945901056,-0.009210067351716719
2018-04-23,-0.000764065392890926,-0.0008699239578849039,-0.0009547300109384128,-0.001279389238277629,-0.0005388863150385398,-0.0010185017445103757,-0.0012756248853688496
2018-04-24,-0.009254752188002778,-0.009934294711430225,-0.010012702888197555,-0.014558230827183697,-0.006692234237088386,-0.012229999411086276,-0.014520440465050057
2018-04-25,0.0008328235047288313,0.0008421807396821737,0.0008655440593900476,0.0012912240982230145,0.0006444707768135224,0.0010835855252848115,0.001287907025807988
2018-04-26,0.007216273381710148,0.0076294166131145105,0.007880731496033707,0.01009150790952689,0.005222872934814396,0.009564426634658004,0.01132051679052752
2018-04-27,-0.0003693894013992214,-0.00010023997330503028,-0.00011261178244004733,-6.271197082755365e-05,-8.886521844431552e-05,-0.0004246020922034759,-7.611377279204055e-05
2018-04-30,-0.005604360824262845,-0.005293582182757613,-0.005629024042391781,-0.005928995134943911,-0.0037539771981177396,-0.006859327177651047,-0.007441651459971405
2018-05-01,0.0020281365416494924,0.002112707362331265,0.0022248238226876983,0.00369380251540769,0.001459955159461306,0.0026091253724460236,0.0031923030299925745
2018-05-02,-0.0024806238390127503,-0.002042845993630358,-0.0021495578361885714,-0.0030061741974192883,-0.0017977528449936008,-0.0027984513716240037,-0.0038595447304196817
2018-05-03,-0.0015931983838691382,-0.0013420838622996364,-0.0013873265640945477,-0.001735017307460343,-0.0012213414983706203,-0.0016681374156964596,-0.0022293154797450466
2018-05-04,0.011585820794095012,0.009263428405513786,0.011223665747967215,0.013203300278533552,0.008446536681160483,0.013295097700036491,0.013177831579106423
2018-05-07,0.004780568474634648,0.0039564168909062445,0.004684644394195033,0.0055796971282407294,0.003473757541959267,0.005481394440338544,0.005569779999196764
2018-05-08,0.0010860066974125436,0.0008292772631178475,0.001064667160226194,0.0009942288394054024,0.0010541666765443002,0.000992862856649897,0.0009927097373788637
2018-05-09,0.007693747782900908,0.0060200469813427235,0.0073682335136709635,0.008679103082293286,0.00608964577266112,0.00839861690409497,0.008662913374704114
2018-05-10,0.00749770994714608,0.005864584743422482,0.007235949887074624,0.008417849778888492,0.006020203716321816,0.00814640067210092,0.008402079380974063
2018-05-11,0.0019983387366832627,0.001720264978465249,0.0019354556344065381,0.002044631220223369,0.0016702986179802418,0.001969669484003239,0.002040269349233051
2018-05-14,0.0005331617177292657,0.000488595733398551,0.0004776535410739069,0.0007574753793107859,0.0002533178583862619,0.0007265092645207044,0.0007554025931126922
2018-05-15,-0.006104933885248711,-0.0049977275433847074,-0.005829472208661575,-0.0065721075553133845,-0.004613506149465755,-0.0063762471006369925,-0.0065594865861731315
2018-05-16,0.005406383390059303,0.004573087181709099,0.0051915649211498605,0.005632086449099612,0.004653826133039649,0.005509069389426486,0.00562257802915531
2018-05-17,-0.00029496430430237035,-9.522944487298842e-05,-0.0001571637313909349,-0.00041935447025646293,4.429255034607213e-05,-0.00040205067034364104,-0.0004181918525692935
2018-05-18,-0.0014218192711119636,-0.0010627293281135677,-0.001230692517993918,-0.0015380248646144224,-0.0010220479730974994,-0.001474660217463235,-0.0015355344473552402
2018-05-21,0.007750469008746905,0.00667002095378426,0.007926149193363874,0.008210193481105726,0.0067887335759848995,0.007984977577309357,0.008194040971415323
2018-05-22,-0.004497272034135696,-0.003952373026607666,-0.004638916263978267,-0.004720237803666728,-0.004098381130828471,-0.004627488798820536,-0.004711132196874344
2018-05-23,0.0033389268143080818,0.0026334636577767566,0.0032052165158701546,0.0035891780374761634,0.0026356607893916004,0.003511393068338144,0.0035829421653083694
2018-05-24,-0.0013743488161370853,-0.0011920401029268388,-0.001429337022290745,-0.001461117940482942,-0.0012385035853247496,-0.0014019161695723492,-0.0014579830659167843
2018-05-25,-0.0013127630262914614,-0.001252929509357112,-0.0013983993822152074,-0.0013729518144731745,-0.0014195800571345676,-0.0012976830380234138,-0.0013702246632917936
2018-05-29,-0.00850805859590924,-0.007294155913565559,-0.008798793694808349,-0.008939979299147836,-0.008203540931225366,-0.008597961206903152,-0.008921505840559662
2018-05-30,0.011967072019822184,0.010240293809676714,0.012139835809530807,0.01234010605465179,0.011450268672397491,0.011950786329115204,0.012317054626721455
2018-05-31,-0.00655409066287544,-0.005799416311443637,-0.006791900252927781,-0.006834267648094491,-0.006290220701480002,-0.006624460996465977,-0.006820901345103009
2018-06-01,0.010533384315192455,0.008433035773762722,0.010401091061829345,0.010788123756935922,0.009498558173833353,0.010483886009620334,0.010768620059907655
2018-06-04,0.006110612480915437,0.004938288060312843,0.0061076451165955545,0.006314483588187943,0.0055871628548876204,0.006183324557370624,0.006302635358818063
2018-06-05,0.0024064859998776792,0.001952387082623508,0.002324130720520825,0.0024029852781711067,0.002221711241944528,0.002374693318481136,0.002399463748736429
2018-06-06,0.008724532500352114,0.007425352274228468,0.009034979937017396,0.00909642517685943,0.008388491082504269,0.008845191815599455,0.009078657827482793
2018-06-07,-0.0021082957023388325,-0.0014380755439411868,-0.002006647878413106,-0.002005660332937312,-0.002100753005946936,-0.0020027514002852456,-0.0020037914034751942
2018-06-08,0.0022489682818461454,0.002032157689916284,0.0023206262144308,0.0023285433988902713,0.0021514776330096227,0.0022346638383171314,0.002324220286664891
2018-06-11,0.0014208901236002559,0.001117997862129542,0.0014317739102591492,0.0014355364415177341,0.001382274405235492,0.0014011286158521795,0.0014332155184026887
2018-06-12,0.00247225406635908,0.0019033788369971643,0.002462733177046446,0.0024670793522395874,0.0024288507837240247,0.0024309611859058503,0.002463451598033567
2018-06-13,-0.003080989750702484,-0.002739372827714777,-0.003190595121504924,-0.003202032298986647,-0.002959917215761203,-0.0030882031414442967,-0.0031959808100227743
2018-06-14,0.004046394183174941,0.0030180192281801933,0.004022656936747023,0.004030723425798015,0.003965130291185955,0.003962167643165157,0.004024830256938114
2018-06-15,-0.0030764107744644265,-0.002562516059626756,-0.0031523577197888546,-0.0031652548062026196,-0.0029167803760725168,-0.003011907129497408,-0.00315947631687637
2018-06-18,-0.0008338900563815192,-0.0006786208267518779,-0.0009379359643410412,-0.0009476768829143981,-0.0007590075424373229,-0.0008791378706041095,-0.0009448914195688638
2018-06-19,-0.004543490511895695,-0.0037092325165505474,-0.004828110822765346,-0.00485231052866038,-0.004397230771494752,-0.00473018321609619,-0.004841630223730864
2018-06-20,0.003357345434920689,0.0026602809525055927,0.0033144339532059914,0.003317912917537406,0.003474730317869995,0.003278275309866904,0.0033134793797847083
2018-06-21,-0.00785751954656722,-0.006710395963716267,-0.008055437911089975,-0.008080503676936576,-0.007423013826849929,-0.00789708034868385,-0.008066047319151321
2018-06-22,0.00024921474644235204,0.0004001076630328556,0.0003724479835789901,0.00038034356340621643,5.030749770168269e-05,0.00031925884479854514,0.0003782242627980409
2018-06-25,-0.015393352738129409,-0.013626505391863334,-0.01571434165811205,-0.015763364698737247,-0.0145927657109754,-0.015383943280007433,-0.015735564000563917
2018-06-26,0.003037696425764291,0.0025965516561403277,0.0030599309852788596,0.003066240037271345,0.0028109172663695553,0.003011002627416589,0.0030613096205700688
2018-06-27,-0.010635825392040525,-0.009531410058361858,-0.01079192102148719,-0.009442250318592953,-0.009205699441420268,-0.010582864927200033,-0.010801909871008
2018-06-28,0.005404104493376062,0.004840437308268417,0.005498246062495618,0.0049350854291935,0.004539636329641239,0.005340994136216926,0.0055073909876310004
2018-06-29,0.0008916011719318717,0.0007316723570722337,0.0009491553145302669,0.0008538949903223725,0.0006724870129477958,0.000928101906464841,0.0009525429589286618
2018-07-02,0.00450764813354437,0.0041958296240048,0.004534351773081135,0.004069038857257572,0.004031758972585914,0.004471644508811758,0.004536928921541686
2018-07-03,-0.00401201911891656,-0.003945462244933801,-0.004116808217451317,-0.0037007264443870624,-0.0034398409521237154,-0.0040274247583194575,-0.004127580943982139
2018-07-05,0.009372175192845725,0.009039565632442553,0.009544685510452473,0.00857274939997165,0.008316887304273931,0.009335176305402102,0.009556329755282414
2018-07-06,0.008570833320736795,0.008174101863469474,0.008668516719452329,0.007791685123426661,0.007478400362666954,0.008466328570106629,0.00867901816593133
2018-07-09,0.00941101836286097,0.00942451629223704,0.00974290215852519,0.008853805466673035,0.008484786751314383,0.009510710978852064,0.009761455437111412
2018-07-10,0.0014788011708077452,0.0017080883712862524,0.0016167241245131866,0.0014766177709926213,0.0014181823517492806,0.0015296156335840765,0.0016255123428904241
2018-07-11,-0.006897920697085039,-0.006782920814129294,-0.007104055521362411,-0.006510208628934098,-0.00619069397591972,-0.006927573337578286,-0.007114834508253933
2018-07-12,0.009321514483496083,0.00949550316266921,0.009534529958515725,0.008945578655603813,0.007843153628528604,0.009331150171549927,0.009550863299341456
2018-07-13,0.0009863161694076534,0.0011278930256618963,0.0010773011171432067,0.000998555469910366,0.000916740667909667,0.0010541736129256374,0.0010821596073493018
2018-07-16,-0.0012014003116893295,-0.0010685885958087885,-0.0011532971969863222,-0.0010850647903926523,-0.0009422604524476816,-0.0011344352992519718,-0.0011513760471818432
2018-07-17,0.004143953100032845,0.00412440536218733,0.004197428378144834,0.003917226498395898,0.003506905587241143,0.004096924015344273,0.004202301738529741
2018-07-18,0.0014815503942687473,0.001501170345284008,0.0015586610006915812,0.0013614295081064054,0.0015033939089833892,0.0015017154410420707,0.0015613291308873203
2018-07-19,-0.0018286290316781707,-0.0021054259729744477,-0.0019444616429619486,-0.0018593225316795605,-0.001542078580093215,-0.0018557874734866282,-0.0019542836128855147
2018-07-20,-0.0013349255740660116,-0.0012651766978253262,-0.0013434702739105698,-0.001221405589689973,-0.0011925607695987737,-0.0013175753935485146,-0.001343365621934761
2018-07-23,0.001280247908982716,0.0012455070782675228,0.0012640222587386382,0.0011987155546206258,0.001015985865639525,0.0012208947473261636,0.001264925732269109
2018-07-24,0.0019915930872652712,0.0024227431321134597,0.0021803908219422716,0.0020701409164253417,0.001757116108714599,0.00206500566815802,0.002194603062869821
2018-07-25,0.008130110754636587,0.008270979290224257,0.00829312263496451,0.007773671286502765,0.006876596709578709,0.00807406385058468,0.008307381692159768
2018-07-26,-0.0017112926175984345,-0.0017437904710040759,-0.0015931564637624949,-0.0017430328407446833,-0.0007994283214993671,-0.0015400424253434798,-0.0015961880494891583
2018-07-27,-0.009599738871528693,-0.009323366620123123,-0.009664652038986046,-0.009002702019041773,-0.00812513248975757,-0.009514720692873232,-0.009669109732655006
2018-07-30,-0.007593334912094951,-0.007626045263550453,-0.007726868763494236,-0.007264479167161265,-0.00634280864672388,-0.007602123951551784,-0.007736860151488803
2018-07-31,0.005942796135033423,0.005845921853729195,0.006044327382237317,0.005564263875985177,0.005197766514381786,0.005924876620895721,0.0060493696103757775
2018-08-01,-0.00011952506313661854,-0.00018104942006158347,-0.00020446374183743116,-7.20728199271969e-05,-0.0004353775710028854,-0.00016576188221313252,-0.00020656073099452552
2018-08-02,0.006022317694259767,0.0058958019683884415,0.006014623823002043,0.005703475562117192,0.004820463195323579,0.005902638385842357,0.006018861651686308
2018-08-03,0.002373304528617249,0.002599545638640445,0.0024945702787611203,0.0023228151841964773,0.0021131048541794075,0.002378844717771442,0.0025039636153142233
2018-08-06,0.0041802604357382665,0.004110514125835174,0.004221211189277583,0.0039322276306486305,0.003546956463672511,0.004133391978353329,0.004224686110407257
2018-08-07,0.003351710209007209,0.0034378823957459392,0.0034728110133647287,0.003204908450669448,0.00299464762016615,0.003398779564021919,0.0034792049755776075
2018-08-08,-0.0005807652427378887,-0.0006100202409930228,-0.0006277471350931197,-0.0005494136550325794,-0.0006065783636780951,-0.0006158151169439088,-0.0006292110685136023
2018-08-09,-0.00040378353730658514,-0.0005072928303076348,-0.0004508987591142989,-0.00041918583432010956,-0.0003891768721070143,-0.0004189245065858019,-0.00045425861921088415
2018-08-10,-0.005975835369061397,-0.006116976195545833,-0.006145547215957476,-0.00570458175284921,-0.00523361793767856,-0.005978307135127859,-0.006156991202039894
2018-08-13,-0.0037513447923148615,-0.0037627419247361956,-0.003871790934344332,-0.003511660941678413,-0.0035226551568125963,-0.003772839513650526,-0.0038770144657623764
2018-08-14,0.006428206743425348,0.006352114971627382,0.006532486650468118,0.0060179045268798975,0.005765124632988436,0.006370561777728288,0.00653894241204181
2018-08-15,-0.008811521143382368,-0.008707310834771864,-0.008932029226254655,-0.008307596991258812,-0.007805473716590932,-0.008754406293771933,-0.008940314892718754
2018-08-16,0.009076718806375386,0.009305400119294645,0.009473015976591805,0.008609200145881235,0.00849013558677778,0.009256308481373373,0.009490536094135908
2018-08-17,0.0031409370878450853,0.0031589412876513673,0.0032494636294630045,0.0029396427003013474,0.0029335362418542632,0.0031640135528282322,0.0032540619404423364
2018-08-20,0.001890898873387291,0.0019280000833402646,0.0019749362299610195,0.0017651021656665386,0.0018098914478129329,0.001909169619911174,0.001978514624668952
2018-08-21,0.00441277781724854,0.004236529723290575,0.004466989907628019,0.004101164930245288,0.003962536729918207,0.004420901689669358,0.004467545466538058
2018-08-22,0.000496261527772191,0.000366713536152953,0.0004129419522033896,0.0004489126967397828,0.00028469569934337196,0.00042403714855658754,0.00041006128227722316
2018-08-23,-0.0020530590570828873,-0.0020591334332285853,-0.00211464347856969,-0.0019410166785812522,-0.00188119565752107,-0.0020773367668710315,-0.002117277500557002
2018-08-24,0.006196937065686145,0.0062438359915197115,0.006315317232810885,0.005902182240584789,0.005497076242764673,0.006171900343841732,0.006324326017056923
2018-08-27,0.007473689139401014,0.007712221871470474,0.007718225753756276,0.0071875195463006894,0.006758538893851463,0.00753422871537525,0.007733742486384132
2018-08-28,0.000766528087137869,0.0007779521181099833,0.0007818684809905397,0.0007402880225979013,0.0006198896635525547,0.0007704105496600612,0.000783041767734782
2018-08-29,0.005521869649290804,0.0055445692970879324,0.005579206397697474,0.005283389109654594,0.00510511985633828,0.005455593597912981,0.005586603724082491
2018-08-30,-0.003129379894556971,-0.0032476596811985923,-0.0032500403366946557,-0.002986105746970266,-0.0029589719106709114,-0.0031444000100165174,-0.003257267000341685
2018-08-31,0.0008965636751904545,0.0008005701038452452,0.000875772206484028,0.0008182268611580879,0.000866548723395431,0.0008793201968933809,0.0008742103435593758
2018-09-04,-0.002167012034898868,-0.002094497556037811,-0.0021694667376068143,-0.0020414326989094548,-0.0020429572674266648,-0.002143969486116335,-0.002170063337783701
2018-09-05,-0.004020755737878733,-0.003971521805680872,-0.003995579989534424,-0.0038773658823308735,-0.003655209730586418,-0.0039450713069867725,-0.0039988460595136305
2018-09-06,-0.004004537109112665,-0.0038459260279792703,-0.0039674411112939146,-0.0037657266601649263,-0.0037212583571915063,-0.0039037020155827445,-0.003968140469974
2018-09-07,-0.0022575934591709456,-0.0023146886695263476,-0.002324215121950684,-0.00216635744116198,-0.00211926253336909,-0.002271211932483467,-0.0023284898900150434
2018-09-10,0.0009475660146813184,0.0008536557480233494,0.0008889426711260662,0.0008520902568385626,0.0008458007897154097,0.0008441411295024735,0.0008880261440383808
2018-09-11,0.00398406016201771,0.004079965348828381,0.004079644795489988,0.0038483151557612383,0.0037017764355784105,0.004000899057794248,0.004086910782095116
2018-09-12,-0.0008516209276154308,-0.0007849099714540256,-0.0008282924332806885,-0.0008057170445697415,-0.0007915974104521911,-0.0008378170980465841,-0.0008273613231555181
2018-09-13,0.0053271079930942485,0.005495574707574012,0.005461505301869736,0.005151492112651033,0.004928488512258758,0.005330941495111481,0.005472479725388279
2018-09-14,0.0006584487250489708,0.0005661416115456104,0.000667619479415414,0.000551182112943266,0.0007023912185072932,0.0006554078010661739,0.0006661087350455599
2018-09-17,-0.008013138694342064,-0.007894417360798123,-0.00808768575965073,-0.007605896709788593,-0.00752857201622348,-0.007972464390371291,-0.008093928913859265
2018-09-18,0.006134682142126041,0.0062367923356851426,0.006302657306787798,0.005869103364586389,0.00578314942659532,0.006177261291288918,0.006312737067849762
2018-09-19,0.0009515342710519814,0.001167175547658504,0.001092865500415961,0.0009841346524252584,0.0009209742043104112,0.0010619320010799255,0.0010995452899009155
2018-09-20,0.009090009691105174,0.009153424460203253,0.00931211331440367,0.008642607098992344,0.008609504189638493,0.009125340045877362,0.009324783893253351
2018-09-21,-0.0018619493290076964,-0.00171037248567156,-0.0018055485209023648,-0.0017308272857918855,-0.001539184685164862,-0.0017941432378703129,-0.0018037300400044825
2018-09-24,-0.002663058578917344,-0.0027332914569979288,-0.0028050312293949613,-0.0024906977605095243,-0.002679690390554613,-0.002718025245429189,-0.0028103562699666094
2018-09-25,-0.0002922400598710497,-0.0003918447873216288,-0.0003538852403464554,-0.0002936738675104227,-0.0003235847406955632,-0.0003189226898893112,-0.00035703941526403195
2018-09-26,-0.0037270709797279245,-0.0036240706829028806,-0.003813889289755584,-0.0034371744357164107,-0.0036556322358500815,-0.0037353609226831947,-0.003815880466178131
2018-09-27,0.0031959063065123824,0.003256460295993812,0.0032343797756933385,0.0031071837037995554,0.002721224919554171,0.0031772259429072173,0.003239675151452036
2018-09-28,0.0008087469215161916,0.0007496618534007789,0.000823718471430079,0.0007361162636980535,0.0008217195860897002,0.0008265481921331799,0.0008230248329087806
2018-10-01,0.0005048408391409981,0.0009859306754330015,0.000688169265172103,0.0006865236590774524,0.00030830861717503154,0.0006012662110643332,0.0007015967261561098
2018-10-02,-0.0016693308632546953,-0.0013626075406598921,-0.0015699501528030305,-0.0014449964775413537,-0.001570884634051133,-0.001561883314911072,-0.0015640813353283774
2018-10-03,0.002876307128456536,0.0027421581384170332,0.0029216501307332,0.002660780966553258,0.00278530768666154,0.0029033716710336467,0.0029213924830948554
2018-10-04,-0.011355814479720571,-0.011273411521447242,-0.011515997494489782,-0.011358006522769153,-0.010263692647977815,-0.011342614658818966,-0.01152704724051337
2018-10-05,-0.007995703851905293,-0.007986699190045006,-0.008149421421756044,-0.008156422560790385,-0.007270074090895593,-0.00802819517373284,-0.008158513254653157
2018-10-08,-0.0014091556171104754,-0.0013319189841595608,-0.0013622517603355138,-0.001355653693984026,-0.0011186216396288616,-0.0013644019029544385,-0.0013617350706124874
2018-10-09,-0.0012584200417755384,-0.001222175778282519,-0.0013124855121448644,-0.0013202998855219035,-0.001335957650076916,-0.0012735184222544532,-0.001313281358064257
2018-10-10,-0.032704541910623136,-0.03294392706711537,-0.0333996313108246,-0.03344540490534445,-0.029743515996741108,-0.03263293737051658,-0.033446979955708785
2018-10-11,-0.018281253371501483,-0.01880561090290504,-0.018626618197185082,-0.019216516194671185,-0.01456419899183967,-0.018616866882039437,-0.019197495664346063
2018-10-12,0.011753268447757854,0.013321412539252626,0.01140291981140675,0.0145799821343649,0.008431357850475068,0.012914299212997457,0.013265890245879318
2018-10-15,-0.003824344579866315,-0.004577169544321752,-0.0036244954011759073,-0.003053415917681333,-0.002571340859153095,-0.004322253068681757,-0.004459118794346871
2018-10-16,0.02273437700659061,0.023993110041161392,0.022605646558627405,0.016835962943558158,0.015305134826541889,0.023991930488269336,0.024549273037414165
2018-10-17,-0.0010315545433669312,-0.0011454441439234183,-0.0012508893984893613,-0.0009336477982599892,-0.0007352962409100757,-0.0011242623198922288,-0.0013441177096258723
2018-10-18,-0.012908264865054475,-0.015507513852324607,-0.012142378966885206,-0.014067620703468665,-0.008865745150126317,-0.015013581263162717,-0.01642496348332751
2018-10-19,-0.0017577922480853587,-0.002083916558493773,-0.0018058334807709356,-0.0021314879697781042,-0.0011163013331442805,-0.002258052369618523,-0.002365646958036345
2018-10-22,-0.0019509225148274475,-0.0018942895199193187,-0.001690012345674929,-0.0005003927896018913,-0.0013936641449250327,-0.0019401980944213268,-0.001817518257444208
2018-10-23,-0.0045571347004345186,-0.005238742226740657,-0.00424613481941997,-0.0038286732092457257,-0.0031139656792809373,-0.0051998856047961615,-0.005497657103817104
2018-10-24,-0.02646748906576782,-0.0319489061073295,-0.024866391050415552,-0.0235608344875376,-0.01810890388497094,-0.030859290087202257,-0.033889653097984036
2018-10-25,0.01564189883328171,0.020345568206647492,0.01554975758938789,0.015179783344492008,0.010907413813640219,0.019518354438219736,0.022084197449792405
2018-10-26,-0.011165910019849139,-0.014975110420680044,-0.01172542028103834,-0.011319434047172392,-0.007785808737298143,-0.01412802710172844,-0.016335719229562215
2018-10-29,-0.006013581193804766,-0.0082690607892229,-0.005963010922051061,-0.005634854788531602,-0.003411245827456665,-0.0076155611140401175,-0.009243181114797728
2018-10-30,0.011630015016183305,0.015228562159766913,0.011335663983507644,0.009852537784381029,0.007093234175113493,0.014112363967031857,0.016300823155033027
2018-10-31,0.0076834725644424305,0.010543726147251485,0.007532256939467389,0.0071485086038536,0.004727924995139927,0.009644802177170135,0.011710488611824233
2018-11-01,0.009133141198100797,0.012555024943890526,0.009341858544974135,0.008385880398946654,0.005789794955174221,0.01128654812993221,0.013711767097354713
2018-11-02,-0.0029353547519468397,-0.005103875106458454,-0.0035548156930777027,-0.004285585270855698,-0.0022740408112358725,-0.004333670777687619,-0.005717809183183991
2018-11-05,0.002127381157078407,0.0032396736569621923,0.002535129930305466,0.002127081153902859,0.0017154979613445698,0.0032162953958148575,0.003064702448435833
2018-11-06,0.0038561789845483257,0.005954388923525438,0.004402612211518917,0.004479137622599218,0.0027914733551473755,0.005166356251157547,0.006423347309082289
2018-11-07,0.013355295327985395,0.02064134124328302,0.015193377989583628,0.01567273335229883,0.009619045686375597,0.017455153416534922,0.02242880625017413
2018-11-08,-0.0007924929870001063,-0.0013268015179630946,-0.0008982277368176173,-0.0011642849324366338,-0.0005763572527305073,-0.001033331387419999,-0.0016502703846183115
2018-11-09,-0.006990129375477289,-0.01097644090101722,-0.008403072751284905,-0.010122230438531025,-0.004962752389945301,-0.009537493590004352,-0.012486229784329955
2018-11-12,-0.01285581109414098,-0.020163804676836032,-0.01540745508607478,-0.02039428579015761,-0.009163455405675789,-0.01852954988435184,-0.022576799808898023
2018-11-13,-0.0015445813503111548,-0.0023096810569812726,-0.0018031539891621815,-0.00214500642648849,-0.0010910080387841366,-0.0022077133669270296,-0.0023821434325587876
2018-11-14,-0.004379406089627886,-0.0068872728193901805,-0.005239442904243736,-0.003594148900074769,-0.00309494281648427,-0.006377167833413276,-0.007608795252727057
2018-11-15,0.006921727556953833,0.011069123252528724,0.008366085750844078,0.008726300763780106,0.004884363469809878,0.010102426449129542,0.012623502624690837
2018-11-16,0.0013799098619109228,0.001994295522021479,0.0015670814684372375,0.0012601859383672871,0.0009613981538502099,0.0019668847177397955,0.001815255259105818
2018-11-19,-0.011349843345089355,-0.018105147348215722,-0.013728050672451702,-0.014430495821849207,-0.00806769461947808,-0.01655366739624986,-0.020783923849616626
2018-11-20,-0.011255034248606296,-0.017663357920159693,-0.013430556923935612,-0.013318606146323204,-0.007927763965013674,-0.01641809687001425,-0.019297167622673868
2018-11-21,0.002943051844735587,0.004577466976766446,0.0035826994373206805,0.00381993623964982,0.0020434776570230264,0.0042399790541824646,0.005573800400982188
2018-11-23,-0.003167318507915369,-0.0050680175195204355,-0.003806968405440614,-0.003834607368295825,-0.0022437213463905063,-0.004722448409037085,-0.005586271606913181
2018-11-26,0.009379591497911288,0.01417605401203035,0.010831590197637755,0.011204550082455104,0.006499826601891793,0.013236594179163886,0.016348407874069975
2018-11-27,0.0008986354391113329,0.0012888881905105027,0.000802373641590268,0.0007998218268880133,0.0005962316650586669,0.0011655022814603536,0.0011695846075142947
2018-11-28,0.017313277361057856,0.022712002264508556,0.017587330618648273,0.017910180314475978,0.011025653805217502,0.02327331080375462,0.025976729301370228
2018-11-29,-0.001323457008707555,-0.0016954680065731972,-0.00130296098412082,-0.0013815678306606475,-0.0008108857888057515,-0.0017514434548089885,-0.0019876320764032215
2018-11-30,0.004510231471211179,0.005733126482118346,0.004376179141538818,0.004617018043663773,0.0029158666920056863,0.005989967722409371,0.006646936651406825
2018-12-03,0.008672505768657662,0.010986232208383297,0.008418401781219805,0.008981820385176247,0.00556974355900243,0.011492870157073402,0.012904709788712122
2018-12-04,-0.02370007426580456,-0.028868787665423497,-0.023082733524751778,-0.0242689295369434,-0.015126642960654248,-0.0315540383192516,-0.0347350766992005
2018-12-06,-0.0010025907063752767,-0.002395298094089577,-0.0011744036174629409,0.0029980751501831777,-0.000726139472334396,-0.0021404305900091926,-0.0009739688224368227
2018-12-07,-0.016294896296104255,-0.018371788158877505,-0.015425064398202574,-0.01754503891759566,-0.010354666050908616,-0.020365694525971735,-0.02451914366445608
2018-12-10,0.0013586811606073048,0.001478472890593853,0.0013766218727835453,0.001767488651795621,0.0008361611617985896,0.0018782507031512847,0.0025361272863850017
2018-12-11,-0.0001964349662168941,-0.00033545945364221735,-0.00019779551424014405,-9.579128871707956e-05,-0.00018236452423927118,-0.0002423628117337017,-0.00014123292767312612
2018-12-12,0.004598476651565642,0.005522796841788823,0.004634857714226086,0.00520680132284854,0.003090656012902787,0.006166280339797956,0.007474267374415173
2018-12-13,-0.0014604185371391593,-0.0016844205926349158,-0.0014715679132204413,-0.0017285085263197167,-0.0009473540610659239,-0.0019714270062827343,-0.0024827619703732574
2018-12-14,-0.012247614245168913,-0.014810276884781627,-0.012345145789065938,-0.013698326412285945,-0.008295961389638177,-0.01634338508769151,-0.019621464576953847
2018-12-17,-0.01307494826403831,-0.015962812322843706,-0.013180299944757404,-0.014499723849817103,-0.008870808303952874,-0.017489765925763574,-0.020910655328365467
2018-12-18,0.0009412995106338279,0.001297940668780037,0.00094858535354334,0.001174110691467896,0.0006008287647253747,0.0013081041178130337,0.0016975031955741744
2018-12-19,-0.011002021130744959,-0.012850617663904084,-0.011091591049331547,-0.0108444768177244,-0.007346888585483544,-0.01483480802347231,-0.018076463475311805
2018-12-20,-0.010626133075749443,-0.012322629152874775,-0.010713521453550414,-0.010140938819757974,-0.0072178644104412834,-0.014309620341824873,-0.01702777085097435
2018-12-21,-0.014271654020426058,-0.016188236259311983,-0.014390611907504883,-0.014121071562957492,-0.00943609077059986,-0.01939497277608733,-0.02387670771562869
2018-12-24,-0.015202494204226893,-0.017437802739346205,-0.015331691470423806,-0.01448545940525529,-0.010233864890820283,-0.020619626757917273,-0.024733340902505722
2018-12-26,0.030981885193652574,0.035446652850878876,0.03124862659321763,0.02634658829644546,0.020508207443119694,0.042421323366304456,0.05195468234391445
2018-12-27,0.002209825616495793,0.0028138489471450853,0.002483942449498196,0.003844653688936825,0.0009449121508692542,0.0025694369395341077,0.007555340220092911
2018-12-28,-0.0003027717220431905,-0.000436593500756895,-0.0003132672027227349,-0.0003791640912994362,-0.00016372496665109602,-0.0005823409640771177,-0.0007408702302588479
2018-12-31,0.004687591732865781,0.005487580695334156,0.004845506825603831,0.004758909573867917,0.0029259440309916764,0.00611373145587471,0.009317515612759012
2019-01-02,0.001279307913495683,0.0014291621028621163,0.0013615442728803432,0.0012859846369213026,0.0008377316549128609,0.001479124798914847,0.0025061009115229646
2019-01-03,-0.012921341160157637,-0.01517713059921522,-0.01357641218716412,-0.01343087805066817,-0.008156662585587603,-0.0167832879006834,-0.026150933845105064
2019-01-04,0.01822643307201619,0.02123602266261877,0.019111037841073892,0.020604920444178533,0.01149853949750171,0.023309460989504024,0.036893347787188564
2019-01-07,0.004525192877440138,0.005286988589136807,0.004864101371999351,0.005626386764553509,0.002805634363454575,0.0058627823382831215,0.009357338699696887
2019-01-08,0.005465259500678115,0.006396618627489106,0.005740725019229464,0.006793544206670747,0.003372677513596724,0.007219366257408762,0.011095682552652633
2019-01-09,0.002903165899781337,0.003343703701914097,0.003051189288097809,0.004084061263150421,0.0018150102858218234,0.0037861203964701705,0.005972247181384788
2019-01-10,0.0021498809798551604,0.0025295395625627784,0.002244423954267161,0.002986349669784962,0.0013235978952790338,0.0028580059815087053,0.004281017397743968
2019-01-11,-0.0002819561824823816,-0.00027455660090640365,-0.00026193102957018335,-0.0004642541074989942,-0.00019336495159748813,-0.00036344291806171547,-0.0006641281123220439
2019-01-14,-0.003316537710861737,-0.0038095901835442352,-0.0034918257509134855,-0.004757722955578539,-0.002080428189780617,-0.004305824686279401,-0.006806997589918432
2019-01-15,0.0054136852790944556,0.006095467571684798,0.005538222677130789,0.008862669504093788,0.0034283897359331924,0.007103027755645934,0.011330827178773437
2019-01-16,0.001904730564075157,0.0023058009133938876,0.002040867163018183,0.002939050128460948,0.0011524456235824754,0.0025270424778572496,0.003671574650389954
2019-01-17,0.003907748556233395,0.00454122132915836,0.004564629137896143,0.0062839241330476985,0.002430933271152408,0.00514798781609757,0.007844684393697279
2019-01-18,0.006068759397669325,0.007074147951632626,0.006855075251736745,0.009655371201326165,0.0037654748400795697,0.008079918836426248,0.01203270465197074
2019-01-22,-0.0073082494454565355,-0.008372044512491926,-0.008378532500448304,-0.011851050642433142,-0.004602141884681065,-0.009545184565381538,-0.014739287795579667
2019-01-23,0.0010296179222144802,0.0012039273433557872,0.0011807710101559867,0.0015943693143387792,0.0006321445909631692,0.0014523939837636844,0.0019837997251721073
2019-01-24,0.0012742666791385263,0.0014147754277172562,0.0015069744763912096,0.0019107428594897294,0.0008215392340139518,0.0015760524137741132,0.0027348647197400484
2019-01-25,0.004960477489290925,0.005601210469298444,0.0056937815663181375,0.006927231805496928,0.003063939923823123,0.006614312059365243,0.009888526263484966
2019-01-28,-0.004219076891281023,-0.0047565149330094335,-0.004893352288740499,-0.006006153629685383,-0.0025910177706383207,-0.006032844315447336,-0.008551606293349385
2019-01-29,-0.0016374292437679157,-0.0010492163769020805,-0.0012381907615108055,-0.002328009480943669,-0.0011454633905456043,-0.0021382378070613868,-0.0024210517839594005
2019-01-30,0.01299430358215915,0.009836822513665015,0.010626774686131527,0.015964559639869386,0.008702202861420661,0.016548110752326636,0.017754459728797068
2019-01-31,0.005129416158233367,0.0038486018179578903,0.004404360302935744,0.006466257718681862,0.0035335055184458454,0.006552844180331632,0.007179149661761455
2019-02-01,0.0003103332587815075,0.00030431343611338587,0.00029041617850151174,0.00013610227882406516,0.00019104758329745514,0.00033967174408937,0.00015227233555196554
2019-02-04,0.006842904021398236,0.005231636835390155,0.005905955801272568,0.008290586580842453,0.00456670306283964,0.00865406184464868,0.009197099708304185
2019-02-05,0.004185811235076252,0.0029644317207695894,0.003370079836687824,0.004838438003594987,0.0028348583503676247,0.004967254116122225,0.005361479027808764
2019-02-06,-0.0013765417712033462,-0.0008244764476352758,-0.0009433336112549607,-0.0013831746285637072,-0.0009446046589485179,-0.0015401858763776448,-0.0015317220605415964
2019-02-07,-0.008847111514860399,-0.005373404668639698,-0.006101385881212677,-0.008806199844824406,-0.007277577186460967,-0.009443590303882348,-0.009447958077185055
2019-02-08,0.00010662646507582981,3.652686480700663e-05,0.00017314549482023758,0.00017752539995681468,1.3224901305494642e-05,0.0001753525335821428,0.0001753397725689292
2019-02-11,0.0012913418625491698,0.0008374930502669552,0.0008940684011840338,0.0012683325253853045,0.0008114003875844314,0.0012590240537465555,0.0012605788376929457
2019-02-12,0.013055513361441335,0.007997106386088118,0.010346281701453058,0.013833331537104292,0.010829534501353632,0.013741297905494967,0.01374818662874125
2019-02-13,0.0028607467908457053,0.0018197805087409307,0.0023020929600490623,0.002895997845828565,0.0024255688443871838,0.002878108725512183,0.002879789494898919
2019-02-14,-0.0007085220164610826,-0.0004724507962279117,-0.000581720520241029,-0.000662997666207643,-0.0006864002452576354,-0.0006599796327667323,-0.0006601036837257235
2019-02-15,0.012158685443032589,0.007680162575481608,0.009931438468768419,0.012454739900378159,0.009664715775122365,0.01237619687343781,0.012383539058665884
2019-02-19,0.0015872824387940172,0.0009835326850412616,0.0013177263086256435,0.0016800511262975687,0.0012432306185237415,0.0016688209640792772,0.001669755072426676
2019-02-20,0.0023674039199218307,0.0015244892942680144,0.0021079318824256616,0.002383443641456289,0.0018611299492953498,0.0023686459125181955,0.002370262148267465
2019-02-21,-0.003662863062917394,-0.0022764617315690966,-0.003325253175020682,-0.0038639943279376414,-0.0029247245490529564,-0.0038391196410601756,-0.0038410382560002234
2019-02-22,0.007025117381232574,0.004211915034735234,0.0062476526934213275,0.007178073673082982,0.005724996253545287,0.00713127054222221,0.007134996897780366
2019-02-25,0.002065623359848179,0.001088830039425287,0.001747009268361359,0.002083093631601598,0.0015509284150303517,0.002069512681096468,0.002070270536569238
2019-02-26,-0.001977060783046483,-0.0013178791173281282,-0.001991012977196145,-0.001988081332268417,-0.001973238524237489,-0.001975713167599434,-0.0019775114755694284
2019-02-27,-0.0005820624791932231,-0.00034655530116534436,-0.0003761946309626651,-0.0005883395779594563,-0.00035848697895105345,-0.0005851221236535054,-0.0005851614176012529
2019-02-28,-0.0027136664026144136,-0.0016740728512899014,-0.0025506343680715103,-0.0027334906967152284,-0.002364658580504636,-0.002715891272859938,-0.0027173994579642153
2019-03-01,0.006909993499255736,0.00421347574261293,0.0064781569515360675,0.006960828205734393,0.006117359387741304,0.006915194011300534,0.006918862008187955
2019-03-04,-0.0052517449361608026,-0.003394201089461514,-0.00504603877645727,-0.005288351165688188,-0.005165782918668714,-0.0052563474114285065,-0.0052598185778987136
2019-03-05,-0.0013988013130171227,-0.0009208424272141917,-0.0014065197287381288,-0.001406972314386256,-0.0013574580967466,-0.001398087619303681,-0.0013992468639645603
2019-03-06,-0.008692548056155262,-0.005415936255138322,-0.008453193567924672,-0.008751613693020042,-0.008246037988459666,-0.008694366202232377,-0.008700114623673181
2019-03-07,-0.00904863054533227,-0.00541764783315434,-0.008569069974082636,-0.009119174322395167,-0.007959013106816865,-0.009058905937799127,-0.009063263797918554
2019-03-08,-0.0010847813136541584,-0.000643082009626306,-0.0010414093731567521,-0.0010934337167571796,-0.0009686901656838698,-0.0010861058394686612,-0.0010864934094193229
2019-03-11,0.014583735420588337,0.0100736129997153,0.013914264728085674,0.014696212914595445,0.01273521786637821,0.0145962262683643,0.014603413713983649
2019-03-12,0.001364120519564701,0.0007069260826997922,0.001332689785796991,0.0013750579783921297,0.001214723386097271,0.0013642845004631027,0.0013644244822643389
2019-03-13,0.00607104723885378,0.0042904179222592355,0.005750753523939469,0.006118737484367143,0.005384466691537809,0.006079056679693002,0.006081754667138304
2019-03-14,-0.0012317398001975236,-0.0007853745811396771,-0.0012144231313270827,-0.0012394020847402852,-0.001019175507613283,-0.0012306498185835483,-0.0012315496417177288
2019-03-15,0.005403800867043704,0.0037030582682683133,0.005073542021318359,0.005447261012810775,0.004811187644080986,0.005411587362512165,0.005413782773085038
2019-03-18,0.0037153465505512595,0.002675404203782239,0.0035930457628287815,0.003741431693957562,0.0032125317314077887,0.003717310475706859,0.0037195223050728444
2019-03-19,-0.00036030841834793495,-0.0004104532977352382,-0.0004274955957707505,-0.00035947193453967827,-0.0002136991761345455,-0.00035767880505684053,-0.0003586865701182009
2019-03-20,-0.0034450449446171844,-0.002883568065699951,-0.0033745347606811004,-0.003466971917492737,-0.0029392941947011656,-0.0034468688700444363,-0.0034496768363899994
2019-03-21,0.011776018903286481,0.008569633662750714,0.011215824892581225,0.011864769086014719,0.010342080296147691,0.011787377820182693,0.011793107326404432
2019-03-22,-0.02315259570085746,-0.016877869057021176,-0.0222158642712092,-0.02331789670546041,-0.020121444669698216,-0.023168285891169215,-0.02318131933140521
2019-03-25,0.0003194805094859721,0.0004008820575082398,0.00022321215172025778,0.00055149171497493,-2.371844674753978e-05,0.0005477548359310873,0.0005486800307933892
2019-03-26,0.006352719841743388,0.005024792886531082,0.005881472496361421,0.006855186905266832,0.005029800557588373,0.006810747632295611,0.006814744184330615
2019-03-27,-0.003621863430836648,-0.0026935795647743733,-0.0033798695624779338,-0.0038141871329488613,-0.0028304291757806415,-0.003788790839213493,-0.0037904689012876066
2019-03-28,0.004032842728219711,0.0033086280748748148,0.0037039372445440387,0.0044429666472875756,0.0031312398600470597,0.004414226041739218,0.004417140855131842
2019-03-29,0.0063896662995046125,0.005084932583480314,0.005936177108651243,0.006576198796449334,0.005278421594530115,0.006534444588754918,0.006537289284366664
2019-04-01,0.011655290900411959,0.010594018861977465,0.010798303969401941,0.012210434657919204,0.009419165741530186,0.012132514955655559,0.01213835913930583
2019-04-02,-0.000457705446474068,-0.0005826296969280577,-0.0003943731039131142,-0.0005709303773429689,-0.0004294039002997293,-0.0005683977928483313,-0.0005692470836243548
2019-04-03,0.003061840469162226,0.0028197767586141636,0.0027249923742831625,0.003301792846319076,0.0022753796322087304,0.0032797414534490458,0.0032814126862364037
2019-04-04,0.0034122654179607192,0.0032634549768900366,0.0032229458157912155,0.003643377479095632,0.0028665276051639196,0.003621807887242941,0.003624109002726533
2019-04-05,0.0044311289833454505,0.004228262337857939,0.004264278547208243,0.004858744143421441,0.003342416815656206,0.004827094226167565,0.004829894429851433
2019-04-08,-0.00034265385334000933,-0.00020885465579115284,-0.00030847619356052434,-0.0004174441392079122,-0.0003394457127317537,-0.0004158425218443622,-0.0004165057516735044
2019-04-09,-0.0061896545825073125,-0.006377893066761429,-0.005912085385826681,-0.006735421135343257,-0.00488002472534685,-0.006693515785285342,-0.006697629028964705
2019-04-10,0.004507382409571668,0.004992984081585326,0.0043598559367184,0.005107372227213048,0.0032816684691143933,0.005073265616484813,0.005076638350981772
2019-04-11,-0.0009758904933017821,-0.0010055878730873419,-0.0009067328795846933,-0.0010359072399975596,-0.0007711929317199217,-0.001029045506951674,-0.0010295134366951058
2019-04-12,0.006335283328099003,0.006024872951622333,0.005967402374808174,0.006535825287889405,0.005464150928918633,0.006496543216328597,0.006499630253361942
2019-04-15,-0.001070375545057571,-0.0011710015909425573,-0.0011528422034748976,-0.0012250441690694546,-0.0008062625578278835,-0.0012174665650819807,-0.0012184283978231266
2019-04-16,0.0021761136262815617,0.002184504152490151,0.0020747558762042612,0.002292223760391147,0.0017748373634755312,0.002277686372850949,0.0022787910319042627
2019-04-17,-0.001593255069947834,-0.0019186479732536653,-0.0018410246884310137,-0.001989988555574688,-0.0010749799178101749,-0.0019776660160473426,-0.0019797312802630265
2019-04-18,0.0016685321129003938,0.00140179898550063,0.001480395135435716,0.0015882356181456288,0.001588657216236427,0.0015794630663466462,0.0015798735331582865
2019-04-22,-5.613145181220674e-05,-0.0001573120533352378,-0.0001307879868589331,-0.00017990402989754336,1.9608987013577863e-05,-0.00017938329385696787,-0.00018008564760120389
2019-04-23,0.00931819918012322,0.00960180525608309,0.009231654832835869,0.01003280088600254,0.007428160490166455,0.00996844965840677,0.00997370877185172
2019-04-24,-0.001204553148441603,-0.0010832037327733954,-0.0011427971490971254,-0.0012022388302087535,-0.001211909182086563,-0.0011951548108747895,-0.0011951232431084541
2019-04-25,-0.0025775081800462883,-0.0024243787109788522,-0.002335561818637753,-0.002594116986287995,-0.002244618715514691,-0.002579184231801588,-0.0025816161060333905
2019-04-26,0.00452693665248804,0.004330598961284582,0.004209155471108566,0.004557721420533703,0.0041177515390576295,0.004529358254996193,0.004532321627437754
2019-04-29,0.0018946276390619486,0.0018538482219055093,0.0017438274200666602,0.0019074578350895546,0.001750106694235831,0.0018951641756069903,0.0018963859688027396
2019-04-30,-0.002326957331316238,-0.002380016395141131,-0.0020917081325544304,-0.002344109125999437,-0.0022639998914089307,-0.0023276469626353534,-0.002328737401746945
2019-05-01,-0.006520419873283353,-0.006179095483296318,-0.006087988655767611,-0.006566726319620565,-0.0059801002080570945,-0.006526611073931245,-0.006530219672120487
2019-05-02,-0.0015458401248211356,-0.0013651682402089824,-0.0014620904065687883,-0.0015604935145362236,-0.0014784831949654275,-0.0015518407699203545,-0.0015518019971853894
2019-05-03,0.012340080939232582,0.011904501084214529,0.011403956367480567,0.012429935952533704,0.01148606621498046,0.012350637933021288,0.012357174768269119
2019-05-06,-0.002795109220122184,-0.0026302443380447345,-0.002641082324285225,-0.0028175087069764676,-0.0033220406056345365,-0.002800080634694431,-0.0028007280139457787
2019-05-07,-0.018276892024880108,-0.01737575378740497,-0.0169820373909538,-0.018411838664973923,-0.016144438524501255,-0.018298524586166397,-0.018307451343876915
2019-05-08,-0.0021942983346417365,-0.00216216417996043,-0.0020248888683080004,-0.0022096650236935276,-0.001848859445956469,-0.0021949180787408304,-0.0021961680850589227
2019-05-09,-0.0038370318241164082,-0.0036378318117811065,-0.0035441640686752823,-0.004757430202687491,-0.003318475155261553,-0.0038423463539225037,-0.003844216546842944
2019-05-10,0.003474032613007043,0.0032070835655284196,0.0032583076331096183,0.0028094021920720543,0.0030431123536529756,0.003479476495301041,0.003481230176870936
2019-05-13,-0.02812313911220549,-0.026835234767587403,-0.026067439901928287,-0.02276113364780445,-0.024102955599717653,-0.028155581443672976,-0.02816934337117027
2019-05-14,0.00962615200785694,0.009407106380539786,0.008756381209350263,0.0085234291684568,0.007574799819857778,0.009872137796757205,0.009877417211828563
2019-05-15,0.006750440425662764,0.006530132527052774,0.005928697419032914,0.003557227857523493,0.004536616289622115,0.006828860858048224,0.0068313390380933614
2019-05-16,0.008085142516143576,0.00818198817921234,0.007692045961620988,0.006681821812414158,0.006222920181535125,0.008674018011024656,0.008677953541374111
2019-05-17,-0.007360129361548575,-0.0078597166582879,-0.006955123150989173,-0.006497834298664641,-0.005467525347735968,-0.008121731579398874,-0.008126256559635598
2019-05-20,-0.007176764334211648,-0.007813925505585528,-0.006936393862834201,-0.006575356457430084,-0.005435670493579295,-0.00808406131163214,-0.00808732253668288
2019-05-21,0.009224379030628766,0.0095389288415598,0.008711716055499684,0.010066431020548695,0.006951584325130214,0.009999439139846744,0.010004881159817111
2019-05-22,-0.004483475121162134,-0.004581554703593064,-0.004182263122876249,-0.004903039320185394,-0.0033300219805191484,-0.004871634430597192,-0.0048746311525520655
2019-05-23,-0.012816949566739871,-0.012909969739970939,-0.01210755052495408,-0.014039221236766196,-0.00964606122901806,-0.013944890225824097,-0.013952441813221484
2019-05-24,0.0032031640549924183,0.002996886765817897,0.002903392061683592,0.003368497869836657,0.0023520977506056896,0.0033516397124829125,0.0033543121909492967
2019-05-28,-0.006959002622184195,-0.006991104182473879,-0.006931009615363462,-0.007726691682940009,-0.005680673765008354,-0.007681984187613105,-0.007686082407766601
2019-05-29,-0.0069795302784630454,-0.007312798914022532,-0.0069369466409745315,-0.007980694380676813,-0.005590803877179566,-0.007927736635577025,-0.00793190945130585
2019-05-30,0.001638533541417866,0.0015823276765374497,0.0015258770378885878,0.0017561330420600696,0.0012533851514837891,0.0016599221250416464,0.0016600696888087604
2019-05-31,-0.012486151136716096,-0.013077138218442348,-0.01239641003783472,-0.012694513713548884,-0.009956181971646263,-0.014134655128269598,-0.014141668771492743
2019-06-03,-0.004094637342253332,-0.004900604631346717,-0.004046320580598206,-0.004404270883119291,-0.002986023089049176,-0.004913574556999064,-0.00491402740938643
2019-06-04,0.020245649264685105,0.021891037334653113,0.020606648518442856,0.021218924329433928,0.014900367093936056,0.0236757512504366,0.02368807396216092
2019-06-05,0.005921320899085935,0.006000059956753232,0.005892870682682858,0.0057773310951318895,0.004192334371234948,0.006482515525501991,0.006433337288135328
2019-06-06,0.0048293717805748615,0.004681039823639927,0.004573146090306204,0.004697826460744539,0.0033846953782475015,0.005034898515453902,0.005227016267161436
2019-06-07,0.009580951557798544,0.010135175194522597,0.009438072445390428,0.010161207193829484,0.006971827799375872,0.010837534114662428,0.011302911770813889
2019-06-10,0.004840708353558786,0.005391320129130471,0.004881517706477027,0.005403150613394884,0.0035980172743762737,0.005730063952771628,0.006004349970927878
2019-06-11,-0.00032778673069822637,-0.00037943846082301967,-0.00038630449956794985,-0.00037479492713143344,-0.00029619817655619855,-0.00045548891724750455,-0.00041721557649528095
2019-06-12,-0.0017601995662849493,-0.0018618110377754647,-0.0016918173434497716,-0.0018709428051267433,-0.0012471087964543357,-0.0019443614924659206,-0.0020759774478598734
2019-06-13,0.0052322754936555416,0.005512208246367073,0.005138491154609084,0.00551333263376117,0.003824511470510251,0.005982274050661559,0.006125236489299719
2019-06-14,-0.0029042715901111287,-0.0030595255817831638,-0.002713966270633539,-0.0030589892388626725,-0.002009409232083344,-0.003260477196259975,-0.0033970779767551426
2019-06-17,0.00273048193788985,0.0029586900025700357,0.002615720488122074,0.0029617656093493976,0.0018984668890090473,0.0032960027080468305,0.0032905782335108658
2019-06-18,0.01101105072340911,0.010995859084089822,0.010637729396077114,0.011435082978112894,0.007781971064221184,0.01223459517510366,0.01222341516929476
2019-06-19,0.002403852326286308,0.002466847316135257,0.0023692092871438605,0.0027182413480319875,0.0016943949815738674,0.002741337165403554,0.002738198727540504
2019-06-20,0.007697887764054086,0.007568769263937325,0.007353303306662319,0.008343799069897717,0.005481039938075081,0.0084080076797062,0.008401275575261076
2019-06-21,-0.0025402848639597846,-0.0025351912029377495,-0.002530377462072811,-0.0027867746481515577,-0.0017470549101323385,-0.002802994331154838,-0.0028040643377693067
2019-06-24,-0.0027367381256773846,-0.0027383260481092654,-0.0027537358665464355,-0.003009750875411394,-0.0018553429724402434,-0.0030257552836684366,-0.0030280662070929945
2019-06-25,-0.009305918891767085,-0.008713861657171364,-0.008566629163442523,-0.009602324531959045,-0.006611298851527352,-0.009690975872409595,-0.009675207385751576
2019-06-26,9.005321198507331e-05,0.00016671566364545365,2.90924160581256e-05,0.00018646890205129826,-9.1505594729782e-05,0.00019789142834531718,0.00019214921293968232
2019-06-27,0.005667521475793884,0.005196732125740659,0.005175761182443606,0.005723938454122976,0.0039412908850992665,0.005762635426110585,0.005762619611488034
2019-06-28,0.0049675885337245925,0.004519079934539459,0.004617424683023575,0.004974305124642731,0.0036678901632856446,0.005003096567852848,0.0050050141133188486
2019-07-01,0.007341681076905408,0.006887139917148344,0.0068017019953457835,0.00759053289748448,0.0051959813215279975,0.007660621696522464,0.0076481853916727975
2019-07-02,0.0010197684451468824,0.0009969265651278308,0.000984257054459361,0.0011034892698900242,0.0010929788524791724,0.0011191031579755556,0.0011138246221162956
2019-07-03,0.007199138448680371,0.0065544273368914625,0.006703129691819463,0.007214756713885103,0.006222153340968527,0.007268678863211779,0.00726364697087249
2019-07-05,-0.00040231804070885527,-0.0003612823801558551,-0.0004013244805815695,-0.0003994390052715968,-0.00018363567478052063,-0.000405701561438802,-0.00040338412846694564
2019-07-08,-0.006297410694591608,-0.00569892995295681,-0.005964005581077874,-0.00626690320102799,-0.00559476095626116,-0.00631461564836569,-0.006309890738445306
2019-07-09,0.0014714282229772444,0.001326597368909675,0.0013807309931728982,0.0014602188962627388,0.001211894282319962,0.0014792171316180514,0.0014738436264963401
2019-07-10,0.004668328201278389,0.0042161920740976435,0.0043809439650623165,0.00464143458581188,0.00416712935830909,0.004687148572360745,0.00467772825842662
2019-07-11,0.0017257040256671357,0.0015605410260680372,0.0015212084526285842,0.001723718690977106,0.001987573516994425,0.0017306668447252822,0.0017319092335208901
2019-07-12,0.006780452563253644,0.006137394566051243,0.006434050453551842,0.006751689388601402,0.006205547759720126,0.006798445901982876,0.006795529398683638
2019-07-15,-0.0001187679512263962,-0.00011176042472050219,-0.00021809184048571776,-0.00012020649201899049,-1.6118689506580775e-05,-0.00011407351652154364,-0.00011829729253508904
2019-07-16,-0.002260645186608287,-0.0020441733692854102,-0.0021309692620761437,-0.0022471359820860947,-0.002054977308824003,-0.0022697753859993812,-0.002264784976956642
2019-07-17,-0.005686738651832127,-0.005149383401071796,-0.005477282533044707,-0.0056606258653428155,-0.005183241960807883,-0.005700278961212486,-0.005697739799227626
2019-07-18,0.002256621290320536,0.0020421668115718785,0.0022132661266988226,0.0022453645935531577,0.00203277929325036,0.0022611363023541916,0.002260299207305797
2019-07-19,-0.0051936583867520465,-0.004697143609611685,-0.004964150329214245,-0.005165258339318801,-0.004909944310549595,-0.005210433242687147,-0.005203252705525206
2019-07-22,0.002598163222626013,0.0023429504815835386,0.0023872743148454527,0.0025797982381667093,0.002450343590653518,0.002612737445585955,0.002603232247167088
2019-07-23,0.006538213405599182,0.005916308256447034,0.006246255497482784,0.006508355865866337,0.006117057520522532,0.006555419660944964,0.0065516298708468415
2019-07-24,0.005610554650274076,0.005078497070035753,0.005548527720337468,0.005578903256726067,0.004747388562452172,0.005622847707589924,0.005618800557752095
2019-07-25,-0.007308627401688483,-0.0066205596313019515,-0.007002336138746894,-0.007272292693454757,-0.006581994794374595,-0.0073294535176906496,-0.007322817864351716
2019-07-26,0.007099504429484914,0.006424861366145166,0.006851483261326136,0.007061274736223211,0.006369382539338108,0.007119801498315364,0.007112072803142143
2019-07-29,-0.0022983735031499113,-0.0020828826141434235,-0.002261366141402699,-0.0022854733094148454,-0.001953991625273701,-0.0023038428356024565,-0.002301832280178723
2019-07-30,0.000557792466246779,0.0005117021406728317,0.0006795778458169885,0.000558912924133629,0.00020347397651890092,0.0005517063632450312,0.000558334632774846
2019-07-31,-0.011457127808272615,-0.010373443544789071,-0.010853656350547773,-0.011404164440869741,-0.010827534009171616,-0.011491174834479359,-0.0114813112569316
2019-08-01,-0.009525190782638297,-0.00862376596347098,-0.009157613580258683,-0.009485251354958533,-0.008801452882502699,-0.009545880801073669,-0.009544985387375233
2019-08-02,-0.00862205065495461,-0.0077898019737961165,-0.00822587781362487,-0.008574771555455992,-0.007815993282158047,-0.008650428902621835,-0.008638608133783053
2019-08-05,-0.030897632669489316,-0.027898742574657256,-0.029367514253681403,-0.02826463900034873,-0.02855173286918551,-0.03098922013429236,-0.03096273248455834
2019-08-06,0.01209638164338377,0.011053415227255519,0.011383877434280449,0.009989233214867685,0.010161474946493656,0.012318635334951275,0.012307466192280285
2019-08-07,0.0008158304229721763,0.0008186861656868584,0.0007497208726960352,-0.0017392500441251665,0.0005446827036238855,0.0009197780576088926,0.0009146661106126263
2019-08-08,0.018422993343980565,0.01752870394301386,0.017053492375016195,0.013080313492339665,0.013571497775189184,0.019504661834569732,0.019487603208435674
2019-08-09,-0.007184913188030237,-0.007032338646893803,-0.006705960698079284,-0.005466323768998193,-0.0050498780883972486,-0.007807641623058725,-0.007800788598214466
2019-08-12,-0.002001303915674384,-0.002127318399861175,-0.0019860728645998108,-0.0019863740820997176,-0.0014971465123361728,-0.0025049825509064613,-0.011181659830308499
2019-08-13,0.004134720336414066,0.004302295274755216,0.0043814270777322644,0.007213073976535292,0.0031756834119842695,0.005333496834086699,0.005308415231392777
2019-08-14,-0.027004065523326813,-0.025961122080659635,-0.02607437339612346,-0.02407494169191731,-0.01830959863157091,-0.029523688840806042,-0.02950343300080665
2019-08-15,0.0014304833717062458,0.0009985050541315558,0.0014845049961299366,0.000326911733232143,0.0009515657445416498,0.001227819936706786,0.0010976975573919222
2019-08-16,0.012219894044676757,0.013783593860817204,0.011722313835233778,0.012193211466312649,0.008916692089008312,0.014988779700710006,0.015705698508066166
2019-08-19,0.00896233046875146,0.010171177584913198,0.00870414366612217,0.008135055968536805,0.006855674679891344,0.010994272724796639,0.011657201086685541
2019-08-20,-0.005357913405736443,-0.006200925146923481,-0.005381359350112574,-0.005487045476559453,-0.0035251384338978228,-0.006569347600972272,-0.007040416363928312
2019-08-21,0.006583743081077095,0.007587853957590079,0.006613986455787642,0.0069036341086503175,0.004305632947123777,0.008041339661276303,0.008629898221504681
2019-08-22,-0.00037789079931245995,-0.0006388222000658283,-0.00038026368668952587,-0.0006249827173958279,-0.00040128158280946824,-0.0005844256381010745,-0.0007797597325802906
2019-08-23,-0.020541787392366305,-0.024058766678621533,-0.020638638580465253,-0.024254098835097698,-0.01374931097190672,-0.025302669016355393,-0.02741506383746415
2019-08-26,0.008733594668627236,0.010331580429783781,0.008853411793183816,0.010682338055089037,0.005856261444290416,0.010903128390601551,0.011843554497901615
2019-08-27,-0.004222927510978893,-0.005507230188379441,-0.004511020204796859,-0.0042586486476405595,-0.0030595253924144334,-0.005525219269516454,-0.006154564277496292
2019-08-28,0.005512739567324105,0.007193449201445318,0.006025457069712824,0.0064041656265269795,0.003987301167406667,0.0075688874392380754,0.008070277164911462
2019-08-29,0.009680346225545212,0.012655152148985145,0.010446866233261187,0.011458660255921476,0.007174658315032296,0.012954863949540017,0.014414546126079323
2019-08-30,-0.0003241135162216291,-0.00043292427424639627,-0.000298878148311312,-0.0004204337196177521,-8.486228977988676e-05,-3.623072641988885e-05,-0.0005281906724519358
2019-09-03,-0.006674387552997953,-0.00870335350495062,-0.007149350080787838,-0.007882201818178053,-0.004712884986725721,-0.008389558732484878,-0.009888033253700279
2019-09-04,0.007144964747055603,0.009342258792622658,0.007735557969007689,0.008524710377880858,0.004989187982939354,0.009034742132431143,0.010714035129119689
2019-09-05,0.010544535747958881,0.013754623006948633,0.011348865215243266,0.012507587860270411,0.007411855531193585,0.01325994429602073,0.01568840660944507
2019-09-06,-0.0001534576256203386,-0.0002122211771516707,-7.320086324635354e-05,-0.0003605240514474605,-0.0001091803122526998,-3.512925154254399e-05,-0.0002626845025446573
2019-09-09,0.002096798025720705,0.002715601678844074,0.002185099964217125,0.002657369016733543,0.0015420950572678936,0.0025292336155014294,0.0029566530647327704
2019-09-10,0.002087922397721881,0.002696738338216134,0.0021801400045426355,0.0031958889226809907,0.0015378864404112242,0.0026563135473126873,0.002934436793235606
2019-09-11,0.007517472648599617,0.009540471426553255,0.008188298496336031,0.01078687309878062,0.00524198068525058,0.009682925307209808,0.010765321045830603
2019-09-12,0.0017195823926002382,0.0021460205305306773,0.001884396791187281,0.002442477464442519,0.0011388177152972443,0.0023406685970186487,0.0024356419323580186
2019-09-13,-9.545799559996273e-06,-4.9263642203254435e-05,-3.866817320556768e-06,-8.252914366509411e-05,3.771055865131888e-05,-9.347821477049506e-05,-7.971446570309954e-05
2019-09-16,-0.0018033623175388448,-0.0023332398123293322,-0.002268312301557752,-0.0026084978679500447,-0.0011817867861489187,-0.0024878980868801434,-0.0026010154040517486
2019-09-17,0.0014660458902427142,0.0013072411417613782,0.0012384713567748656,0.0014877356946830654,0.0009482065364345865,0.0015472512533810778,0.0014817266313376738
2019-09-18,-0.00036836369204218313,-0.0005558881908344474,-0.0004410867654776085,-0.0007725654529304382,-0.00029109191285969294,-0.0006391570434667886,-0.0007717909841733901
2019-09-19,-0.0010907957109914201,-0.0011209852516804548,-0.0010749583862834197,-0.0013228443048820403,-0.0008085677326469659,-0.0012198447914703583,-0.0013225253539408362
2019-09-20,-0.005249739422415804,-0.005008195017724843,-0.004926590960694968,-0.005849840861110477,-0.0035480195468948613,-0.005797006045882508,-0.005833863426850063
2019-09-23,0.00027566972307087843,0.00023569954639467318,0.00024097335766425215,0.000252308467983667,0.00019067786380513277,0.00025925161631433545,0.00025190437909526934
2019-09-24,-0.008456136019461232,-0.008425848609708513,-0.008425171454569376,-0.010054664528690535,-0.005804158993649755,-0.00971781676554341,-0.010030066895008549
2019-09-25,0.008156534610921709,0.007012702964639009,0.0069703531855796275,0.00834603051308872,0.00633666793238154,0.008103053009123664,0.00832534180305912
2019-09-26,-0.004287829589917411,-0.00374989148757039,-0.003737306122166462,-0.0040628441039016255,-0.0032656760391364947,-0.004284445721359344,-0.004512989700456957
2019-09-27,-0.006521723213391738,-0.005601028248318101,-0.005562111688982297,-0.006017470915941821,-0.0051253571500080655,-0.006525641612085513,-0.006686446504035594
2019-09-30,0.004531494862250699,0.0038921633881892222,0.0038590037141794983,0.004085707533883764,0.0037723324027807677,0.004533593037049019,0.0045440980724989494
2019-10-01,-0.012690962137867298,-0.01118680852649687,-0.011139645685984417,-0.011769025346647415,-0.010484300979574786,-0.012669835801820437,-0.013088125559284576
2019-10-02,-0.015444284512202474,-0.013505912394345804,-0.013419479539573901,-0.014003056207329384,-0.013210193712204544,-0.015426603349409701,-0.015589918087734583
2019-10-03,0.006951073952111583,0.005984133246223361,0.00593793722236265,0.006298250409643103,0.005519374462119566,0.006950963205259652,0.007021271759935538
2019-10-04,0.012896388501843523,0.011244747827219619,0.01117422351508306,0.009723521128086846,0.010474715600175714,0.012883582849958825,0.01307954223217731
2019-10-07,-0.0032897488943183107,-0.0028799610405736394,-0.0028614973655519413,-0.0023244878556239754,-0.0027189823535680455,-0.0032856846560954554,-0.0033199605443550192
2019-10-08,-0.014345733775040764,-0.012524101566707179,-0.012453774080820757,-0.011701253027835899,-0.0114491484646232,-0.01433128623766975,-0.01468047834578699
2019-10-09,0.007917947465440611,0.006866481929391825,0.006818236559297187,0.007184393812279236,0.006404506175416088,0.007913153871999978,0.00800281430914783
2019-10-10,0.0061022071834823735,0.005271234616076773,0.005237657047673488,0.004284681620615443,0.00452683792043127,0.006038562867163845,0.006125280762857441
2019-10-11,0.012605693576741241,0.010678421140273384,0.010624149983750358,0.008828298144578504,0.009177116568747565,0.012218061325937843,0.012591846854007886
2019-10-14,-0.0012006620093843678,-0.0010032566009576507,-0.0010034877304263522,-0.0007723017217143107,-0.0009685855318814229,-0.0011142335231423568,-0.0012003643353041542
2019-10-15,0.010574340413655629,0.008993268570020314,0.008940940735594032,0.010169133879562009,0.008176995958930934,0.010315816877960937,0.010561441060180086
2019-10-16,-0.0010137306896885094,-0.0008810828246485254,-0.0008715796642929606,-0.0010083126666135425,-0.0008313791989376436,-0.0010316732523697073,-0.001011460600178167
2019-10-17,0.004197543860037117,0.0034605260822775995,0.003451870139224197,0.004184775351070671,0.0029973829158139375,0.00394270208413545,0.004197442834253356
2019-10-18,-0.0069717123766879704,-0.005987791466298023,-0.005948970237571315,-0.006938001632445078,-0.005070958217307497,-0.006872927829996987,-0.006961579271470621
2019-10-21,0.006521958344429898,0.005560278809268872,0.005527723159086136,0.006591196297677698,0.004693264354428427,0.006412473209653789,0.006611269739813329
2019-10-22,-0.0028553565752944096,-0.002590256207346702,-0.0025636787296977664,-0.0030277390830009574,-0.002091244637432,-0.003055525663771718,-0.0030368727502901676
2019-10-23,0.0019104419815725161,0.0016882166841881436,0.0016855674764110129,0.0019428476162790219,0.0014521390923603634,0.0019170476683858277,0.0019492803363258518
2019-10-24,0.0018565357974924118,0.0017144724000662031,0.0017576094530606166,0.0020760538058639164,0.0012663643940069831,0.0021257966586224857,0.002081210970716278
2019-10-25,0.005391420399922002,0.004748128914739875,0.005172995746898949,0.00554909093197691,0.004011656227206014,0.005462607039933684,0.005567185600631235
2019-10-28,0.006913256352802197,0.00604972742924441,0.006638731449208532,0.007118002282494751,0.0051095319117864715,0.006965232140321393,0.00714027585923014
2019-10-29,-0.0008508643449598946,-0.0008526987150062021,-0.0010810048302712534,-0.0010208123516103936,-0.0005610929885482821,-0.0011073698485997104,-0.0010231381946395896
2019-10-30,0.0019775353862814776,0.0018613126298408708,0.0019566872215544357,0.0020642833359897075,0.0015440807905757878,0.0021469532208510203,0.002071626070930629
2019-10-31,-0.003442108364295431,-0.002973516492128925,-0.0030776348409635645,-0.0034156719540611746,-0.002745542495283688,-0.0032991785430996306,-0.0034277488367495308
2019-11-01,0.011421858357674659,0.009837087886061028,0.010566144233142406,0.011483553435875773,0.009333763872870729,0.01116175762504449,0.01152098931538678
2019-11-04,0.004764089095925934,0.004075071848502738,0.004419477096404962,0.004749423517328828,0.004024029389706704,0.004661399653138705,0.004764530946080344
2019-11-05,0.00031603337300486204,0.00025191618933909424,0.0002884378377350376,0.00031559468608633124,0.00027849240617000163,0.00028826553301793806,0.00031674944125226683
2019-11-06,-0.0015150178743197807,-0.00121284427749288,-0.001405987926867672,-0.0015144320789246904,-0.0011743809594308356,-0.0014029052078299766,-0.0015184864243999834
2019-11-07,0.0046964646751542416,0.004114134665842244,0.004299246765151154,0.004674709337205194,0.004155235986480165,0.00463240436404614,0.00469127192851709
2019-11-08,0.0021696456842288897,0.0018273008028254188,0.0020441829438601847,0.002165957988514223,0.001897379124129244,0.0021216516898844868,0.002171999107398706
2019-11-11,-0.0012235266408852055,-0.0010300024917395778,-0.0011344984891697395,-0.0012207984238171046,-0.0010422614356327897,-0.0011780402165345633,-0.0012241403870948777
2019-11-12,0.0012652169214264711,0.001120043603935138,0.0011990786508804274,0.0012624368179956118,0.0010946855030931142,0.0012618411496071323,0.0012660745499545897
2019-11-13,-6.252217172101978e-06,0.0001386434060020966,-2.4141706678644013e-05,-1.1711754728579597e-05,-8.694001412373617e-06,6.608560955072893e-05,-1.0446735812877374e-05
2019-11-14,0.0005640249231140639,0.0005099461944962572,0.0005131053524017141,0.0005605136471928233,0.0005141959709415993,0.0005695707732534106,0.0005624632775715055
2019-11-15,0.006859551991482982,0.006202974333832137,0.006318131144489942,0.006832059511868674,0.0064841948623110685,0.006754875556152222,0.006854600059712716
2019-11-18,0.0002505392683915181,0.00022517460232816577,0.0002623934169055424,0.0002490160211311498,0.00019441201297341166,0.0003111335921459614,0.00025008667923363635
2019-11-19,0.00010314868856735595,9.472898017973453e-05,0.0001247295217362038,0.00010935222623189012,8.866611610730069e-05,2.7889367295156803e-05,0.00010819571503969429
2019-11-20,-0.0041533026035022865,-0.00375797900711514,-0.003875059175541009,-0.00414083150878274,-0.003909298791803544,-0.004093798107282542,-0.004153782312665788
2019-11-21,-0.002572347410514037,-0.002328254674022328,-0.0023659865890963954,-0.002565371006868058,-0.0024749459501348875,-0.002462334698470292,-0.002573172656038981
2019-11-22,0.0024933148475222086,0.0022551438804362836,0.002260140849445015,0.0024812364208835905,0.002404543366961037,0.002431051802334517,0.0024898868247695007
2019-11-25,0.011452805211312745,0.010363938434399724,0.010584602864043936,0.011423595455283018,0.010954227955784634,0.01101641190372726,0.011458040525071022
2019-11-26,0.001658718247750872,0.0015016545651535085,0.0015316426272136774,0.0016518228366296807,0.001557116059089764,0.0016445320140221838,0.0016572292776775891
2019-11-27,0.0048854565106190495,0.004426351919269366,0.004561203936345334,0.004874321892114788,0.004596660764484538,0.004753498883693956,0.004888408502183793
2019-11-29,-0.004406439195085984,-0.003994548994739685,-0.0040791927404396,-0.004393854156267187,-0.004192225032000523,-0.0042737956151363155,-0.00440707580657071
2019-12-02,-0.009608219355937218,-0.008702702535654083,-0.00889912269599167,-0.009576126353787599,-0.008840178703234778,-0.009416672664869489,-0.009606286785475926
2019-12-03,-0.007040798576859599,-0.0063685346483210795,-0.0064994703108084235,-0.007011264721664432,-0.006599276223922883,-0.006979724141625119,-0.007034933416450962
2019-12-04,0.006072746008870308,0.005493057942225999,0.005579493994392759,0.006050065034291754,0.0056038994812472355,0.005924725064670783,0.006069518561491413
2019-12-05,0.0013986455544794502,0.001265266803428383,0.0013014043168151658,0.0013938059227648198,0.0012869385899617694,0.001385851750975959,0.0013981820699329698
2019-12-06,0.010798619540141465,0.009772450512744234,0.009960185869750466,0.010760162017259892,0.010025781846149131,0.010559071598854306,0.010794894086173193
2019-12-09,-0.0032164565875642238,-0.0029128687102552716,-0.00299306378701993,-0.003205751190175377,-0.002983306744832671,-0.0031758955434547697,-0.003215873414384745
2019-12-10,-0.0005592623546329034,-0.0005055885938822907,-0.0005188085968540427,-0.0005561622298070056,-0.0005284498953481204,-0.0005738405460413102,-0.0005581446327331649
2019-12-11,0.00221682589947253,0.0020058311689605587,0.0021183693676352804,0.0022125433169493205,0.002016903232211935,0.002227821478942927,0.0022188719263503635
2019-12-12,0.008264713596897842,0.00748677063439093,0.007617472460328914,0.008234590713914497,0.0076433620051617225,0.008085731924633407,0.00826067929075994
2019-12-13,-3.27869844914273e-05,-3.312269905518631e-05,2.9852165208413476e-05,-3.206836394423348e-05,-1.3761989107791134e-05,6.105081068371664e-05,-3.2066715779542904e-05
2019-12-16,0.006594436229325949,0.0059790242094474215,0.006156458304523027,0.0065769978998793804,0.0060286288693357105,0.006460500013505182,0.006596290910429374
2019-12-17,0.00153789362151,0.0013967542747198533,0.00140508397926196,0.0015344239597897893,0.0014110465866366288,0.0014395126365231218,0.0015388969680784526
2019-12-18,0.0005399236879484635,0.0004914689710936215,0.0005033562290375129,0.0005404150538751469,0.0004708030443417618,0.0004902271070284599,0.0005415660231494377
2019-12-19,0.0047467022913293775,0.004305399215779304,0.004435539241871107,0.004732743344554064,0.00439301325348692,0.004680732445127582,0.004747150228987873
2019-12-20,0.003472574985450646,0.0031511274038806096,0.0032250489111503968,0.003459715380197341,0.0032044655859971433,0.0034432633020709535,0.0034703662238816427
2019-12-23,0.0021731513231696086,0.001972280347185268,0.0020079378269825493,0.0021655445210150208,0.0020458990496994194,0.0021242562927220993,0.002172551753950601
2019-12-24,0.0002968446882802721,0.00027127624333307085,0.00028261784995386785,0.00029828818715891035,0.00023897538147906255,0.0002574210418196131,0.00029859630356608865
2019-12-26,0.004501424152696518,0.0040854774032955685,0.0042568491808954185,0.004489101926900216,0.004157884093360341,0.004508848357113788,0.004502411093139642
2019-12-27,-0.0011332217225815137,-0.0010325099273190438,-0.0010468074997054334,-0.001133102486745603,-0.0011650707447661013,-0.0010335511471110924,-0.0011357232601630451
2019-12-30,-0.00519751990228179,-0.004719548524816654,-0.004839857176172515,-0.005178803860627374,-0.004892233631001806,-0.005159912482132759,-0.005195031697561714
2019-12-31,0.001974231414202805,0.00179217090582179,0.0018266393825448705,0.001966618483385181,0.0018583205286148486,0.0019504245188527245,0.0019727888277878774
2020-01-02,0.009818025686422526,0.00890973616256103,0.009222008488289711,0.009785680726112295,0.009187107642306604,0.009825807139499348,0.00981631743411997
2020-01-03,-0.007250151055815543,-0.006588574494500022,-0.006745833480329509,-0.007224621470159475,-0.006842892574569019,-0.007175267529458969,-0.007246982034533536
2020-01-06,0.0035421636565507626,0.003217503792715722,0.003333290426151835,0.0035326145044483016,0.003300916473819861,0.0035157725364105374,0.0035429561203039676
2020-01-07,-0.002771678781226974,-0.00251737779753332,-0.0025097887203683836,-0.0027580429473586165,-0.002681825143079777,-0.00269846100612254,-0.0027673366446597804
2020-01-08,0.005552597719108807,0.005043337176674424,0.0051761708031648835,0.005534500540921777,0.005242147238336853,0.005484704871467705,0.005551483899020867
2020-01-09,0.006130143940059905,0.005569732900084227,0.005725566946333354,0.006107909752122153,0.005747154965045982,0.006117268824847304,0.006126982953783696
2020-01-10,-0.0036230883712312137,-0.0032938105995365154,-0.0033326800533543498,-0.0036094314596451134,-0.0034825051132062563,-0.003535025294749397,-0.003620822099675379
2020-01-13,0.006726972155306991,0.006118854222064761,0.006327085983613378,0.00671220825016821,0.006294300577841475,0.006604493274287778,0.006730792183099903
2020-01-14,-0.00021752605351919283,-0.0001994387207671463,-0.00027640985592300335,-0.00021899635350175202,-9.818497564217043e-05,-0.0003010684388920607,-0.00021905841445600806
2020-01-15,0.0027267713783041916,0.0024793489353556065,0.002475883734870834,0.002715115185801866,0.002649027764594865,0.0026315203592736022,0.0027238588513866296
2020-01-16,0.009882226103148713,0.008992168808733204,0.009151198246846785,0.009851405333112274,0.009436753109442721,0.009623878134778,0.009880722357790852
2020-01-17,0.0017782837164771327,0.0016187614135697087,0.0017124469308425648,0.001772709077863699,0.0015832283451288893,0.0018471157225350438,0.0017778464865779652
2020-01-21,-0.003775098015313091,-0.00343743228252654,-0.0034303550291518454,-0.003760838834699798,-0.0037001041882711292,-0.0036087479209470663,-0.003772554798219479
2020-01-22,0.0003880529879780705,0.00035417652831656854,0.00039950047351427944,0.00038898746513495283,0.0003354039174626889,0.00040533908799697885,0.0003897470764820869
2020-01-23,0.0006932166951190577,0.000633144905676449,0.0006899828253076183,0.0006941558197937452,0.0006062217136699279,0.0006987242400432231,0.0006954492478198675
2020-01-24,-0.008843392280513503,-0.008054670210629845,-0.00818423905592822,-0.00881666020692192,-0.008419657067321017,-0.008587953320621788,-0.008842093970949757
2020-01-27,-0.015924895593515072,-0.014490625835403994,-0.014848630328149332,-0.01587367557263826,-0.015036271026827442,-0.01571451182144182,-0.015921194309337163
2020-01-28,0.010133966747944513,0.009210452347701922,0.009488446207631153,0.01010641519882324,0.009118615668397534,0.009978048731285077,0.010135791901198508
2020-01-29,-0.0010815175323684388,-0.0009839256434433952,-0.0009532839634919966,4.679571102577129e-05,-0.0011462646138811921,-0.0009636410557536552,-0.0010814976167625974
2020-01-30,0.0030163220540416185,0.0027420030051040593,0.002810095720185206,0.002395423246896682,0.002657329445015523,0.003013187290474577,0.0030140742608050363
2020-01-31,-0.019154558412807426,-0.01741739667685836,-0.01766854924048597,-0.015237223527777564,-0.01753997416376647,-0.018729838377839605,-0.01914389528409981
2020-02-03,0.009342189312062689,0.008487077112186905,0.008757260105625194,0.008241155917302082,0.007776469756972444,0.009133578885984322,0.009347665088968246
2020-02-04,0.016686286220919104,0.015167613110722896,0.015567312401907805,0.015824084622420333,0.01278386531334632,0.016400393880738814,0.016686542951916506
2020-02-05,0.012033330335252527,0.010939515340256419,0.01096633616095601,0.00950008047012477,0.009626467691200874,0.01170811047499107,0.012019474845990091
2020-02-06,0.0032655059675784468,0.002978087536876072,0.003130906500864931,0.0025777950127101297,0.002271672945176712,0.0033140723062470992,0.003266923063582126
2020-02-07,-0.007600792821870917,-0.006922187554353495,-0.0069792034101911465,-0.006817020482233202,-0.005605711678556996,-0.007353070834625398,-0.007597205504960932
2020-02-10,0.0077883422598521695,0.0070971128441930445,0.0073056876855619665,0.006988467531990984,0.005536742774666263,0.007680155386789287,0.007789441507933845
2020-02-11,0.0019915773529267993,0.0018138906068940624,0.0018081751028733862,0.0017860264933635087,0.0014345760159314236,0.0018556066817295908,0.0019919531472688563
2020-02-12,0.008103735644637872,0.007385863481354284,0.007549319381392231,0.007274115054423071,0.00588594821959813,0.007977047518467052,0.008101821683411283
2020-02-13,-0.000899256631596996,-0.0008193406575084364,-0.0008450376258008943,-0.0008064729840800792,-0.0007143732403347206,-0.0009519242881712324,-0.000896870141628676
2020-02-14,-4.997869814781712e-05,-4.2067580226035366e-05,9.055969064396437e-06,-4.230457936069842e-05,-7.536881880270882e-05,2.7515965077209374e-05,-4.941530186105675e-05
2020-02-18,-0.0025740214302608306,-0.002342100464176397,-0.002317985011076366,-0.0023049296707195258,-0.00204509358240168,-0.0025221670604086335,-0.0025682393147424824
2020-02-19,0.005629829157765998,0.005138314045953562,0.005300579353335537,0.00506163299347303,0.003971258326624549,0.005541155194528221,0.005632148857069663
2020-02-20,-0.003943674249238499,-0.003603177252127751,-0.003769149934998171,-0.0035494105257040266,-0.002799933809042852,-0.004004166906786107,-0.003944155620989311
2020-02-21,-0.011162378589049176,-0.010455817649739081,-0.010774418656760643,-0.010299309921049972,-0.00810559937282974,-0.011270107692098307,-0.01145864366926609
2020-02-24,-0.0336362491873019,-0.03137964296729388,-0.03200506662411355,-0.030896359851038672,-0.025094705364379674,-0.03384974533909364,-0.03443182269715012
2020-02-25,-0.02275151007293758,-0.02783713589134231,-0.02591875099366088,-0.02739281236466437,-0.0143687891172025,-0.029077599238248878,-0.0306424781084225
2020-02-26,-0.002538834096990068,-0.0034024166028375057,-0.0021509692204096003,-0.0008579369901415101,-0.0020410215850611402,-0.003623068000741424,-0.0037588802957227857
2020-02-27,-0.031800985950103576,-0.039956974133353515,-0.031823667390458936,-0.02627277360539095,-0.021680214942911138,-0.04210168805832138,-0.044119384817388065
2020-02-28,-0.006920054467681007,-0.005932985650029901,-0.007016548090850606,-0.0034440857573295614,-0.004722276130838236,-0.009378588241465594,-0.0058905430562943345
2020-03-02,0.02553527514437666,0.03743188155931686,0.025533582197141934,0.01825244873833264,0.01708046553538324,0.03396430571426143,0.04238510329727059
2020-03-03,-0.014411785352920672,-0.02277004827085255,-0.015486258994195071,-0.01127390773471158,-0.010750579269611933,-0.019201678634452185,-0.02773724279206032
2020-03-04,0.02045154029367416,0.03175614404955646,0.021142661162544617,0.01586047386231106,0.015327016297460536,0.026624345067402216,0.03968984924324115
2020-03-05,-0.017445652222750498,-0.026370512847377042,-0.017420011557777816,-0.013568205076772276,-0.012596979378596312,-0.022203318339003512,-0.033174721669736486
2020-03-06,-0.007594692315019438,-0.013089607491208452,-0.007581969133772522,-0.006085611207870012,-0.005008355101134574,-0.010713787275569094,-0.015195998959061681
2020-03-09,-0.04000507439767015,-0.05689766534978846,-0.039945855773431065,-0.03183177804833873,-0.026051480272126813,-0.048599844560316165,-0.08019653608206957
2020-03-10,0.020458492766044212,0.03005485615234283,0.020430121861324937,0.0178342117136134,0.013940236317059734,0.026262861181349746,0.04717496493607818
2020-03-11,-0.01684540829998044,-0.02625201921474024,-0.016845810779825755,-0.01859454343156443,-0.014278944494866507,-0.025714967079291204,-0.05353820759473762
2020-03-12,-0.030183182164470388,-0.0476613486999972,-0.03018395545940475,-0.029705944071212045,-0.025725086889914695,-0.04552225469572811,-0.10002769052231991
2020-03-13,0.0241941445449051,0.03777165725129963,0.024194856591759434,0.02445996719410638,0.019720186353539663,0.034547220678459827,0.08868118600822503
2020-03-16,-0.03586881921472685,-0.04998236856727758,-0.0358697036493275,-0.03691060437588843,-0.02482894282686346,-0.04076324418541192,-0.12613944329689503
2020-03-17,0.012934322276629924,0.02207967151630848,0.012934333850725836,0.016110746782689894,0.010243372131033313,0.016988159067805784,0.06052021768104173
2020-03-18,-0.011656418113196539,-0.02151876144993572,-0.011656428184635054,-0.015176008978995074,-0.009090608070906078,-0.016631838081134904,-0.05504684163132815
2020-03-19,0.0020385560542638243,0.0029999525703611127,0.0020385561740760357,0.002630861041060683,0.0013018691911706615,0.0024984565823627717,0.01020604630375664
2020-03-20,-0.007952759887447461,-0.012196774988520245,-0.007952768389484503,-0.010523905216099555,-0.006727785660981368,-0.008916256994543724,-0.03910495122288323
2020-03-23,-0.0038418479565654235,-0.0058784104084651494,-0.0038418531062943346,-0.005016201728969176,-0.0031574563579370254,-0.004695320291137775,-0.01945540268339847
2020-03-24,0.01857261059335225,0.02863751518320691,0.018572627668678315,0.02452093196959193,0.015056269452763314,0.021712356902567516,0.09591498398724131
2020-03-25,0.002248331942049842,0.0034005942302082386,0.0022483344258214704,0.0028793981118812035,0.0017632899942123506,0.002907086996165757,0.010741269108874988
2020-03-26,0.012585269400993294,0.01919535201285446,0.012585280756446842,0.01652022442312849,0.01017787972094199,0.01440734325760229,0.05979669788399996
2020-03-27,-0.007856093578849135,-0.011917647331312788,-0.007856099642425316,-0.01028882287409182,-0.0063835284963983585,-0.009031070826467657,-0.03569703758143493
2020-03-30,0.006765931508826367,0.010319302913724734,0.006765937874680145,0.008933572110563597,0.005694671828194413,0.007753311570439774,0.03171087153790018
2020-03-31,-0.0027611227040436415,-0.004183622803019351,-0.0027611257178460683,-0.0036190917345213357,-0.0023715332399619747,-0.003322375772368015,-0.01257639839073509
2020-04-01,-0.010745065665065182,-0.01630023651012603,-0.010745074493922695,-0.014010751893261956,-0.008376277968312086,-0.012045559662439146,-0.0493926924616188
2020-04-02,0.004037463935031758,0.006171293751781276,0.0040374684077492074,0.005338435440720336,0.0034585767340656205,0.004702201807806184,0.019350617432424975
2020-04-03,-0.0037336551094251415,-0.005682207547701688,-0.0037336579300488414,-0.004862300056699572,-0.002825607010847852,-0.004161387042009615,-0.017639964367578892
2020-04-06,0.015060784526422358,0.02300846215462785,0.015060797505854004,0.01980119035179119,0.012207053808514315,0.017253538201393533,0.07215384913448078
2020-04-07,0.00016496079234287118,0.00024466841650573113,0.00016496089931163462,0.00020031897633759164,8.554238686016771e-05,0.0001938776002108215,0.0007436887559867071
2020-04-08,0.007475704335292161,0.011302519852259395,0.007475711086506963,0.00971094558725116,0.005840086242093277,0.008463532477717863,0.033851698760188294
2020-04-09,0.0041644826587364184,0.006242380651644685,0.004164485757264942,0.005300256248920855,0.0027976402325804953,0.004457113306142736,0.018312088741696243
2020-04-13,-0.0022743810262344497,-0.0033698615152582866,-0.002274382998907234,-0.0028354127773361744,-0.0014739253635438461,-0.002621053409954496,-0.00964127406527744
2020-04-14,0.006609637403864236,0.010001801347962818,0.006609643553052031,0.008713001833476963,0.005617233539447858,0.007385220710768943,0.029093240565996544
2020-04-15,-0.005333084167948204,-0.007986678371304004,-0.005333088636502404,-0.006854727757678172,-0.003952957710404239,-0.005850263226947552,-0.02285071615814357
2020-04-16,0.000990053354540916,0.001520772030856929,0.000990054427161281,0.001379442112569711,0.0010767882679646361,0.0011623657910390963,0.0043043683073347595
2020-04-17,0.006310217820064511,0.009473847998949184,0.006310223351782919,0.00812061540011474,0.004793692559771655,0.007301812115342313,0.02759287421461088
2020-04-20,-0.0040783057853383264,-0.006049825736329558,-0.0040327335484701314,-0.005241516428273254,-0.0033827437866733165,-0.0050280872257352435,-0.017181723706992124
2020-04-21,-0.007373692528769059,-0.010252841868903004,-0.006802974726778313,-0.008916712551665519,-0.005697987344379544,-0.00874050311356829,-0.02939642425615523
2020-04-22,0.005334819203790189,0.007372786952489167,0.0048691532329715225,0.006420067207731429,0.004159714817913477,0.006334928458102942,0.021548396304914435
2020-04-23,0.00041623097567268654,0.0006754050858152671,0.00045417592686131575,0.000554651708547865,0.0002079941533931423,0.0004541744811868796,0.001993498818357181
2020-04-24,0.003774368903715399,0.005075073123390901,0.003368284534238276,0.0043956507700391514,0.0027040245124465402,0.00443621052480766,0.014632897229147691
2020-04-27,0.004560637171748869,0.006290388807535567,0.004203489527207946,0.005373278550122911,0.002972646205210525,0.0058496730650022585,0.01804707354772904
2020-04-28,-0.001194787587230396,-0.0008532511501823677,-0.0005427934781013119,-0.0008167524510895283,-0.0008337404977761843,-0.0028405258443690296,-0.0023979320193928686
2020-04-29,0.008789852479480213,0.01109632127431524,0.007398194519969934,0.011095028258033135,0.005715150810556896,0.013019090499400754,0.031304421907038034
2020-04-30,-0.003754361630976409,-0.005011964529448803,-0.0034419140200359177,-0.006854207029300331,-0.0022245599140376816,-0.005130370397054708,-0.013753920012403702
2020-05-01,-0.008352525650999617,-0.010432557126059212,-0.007384765759263214,-0.014417243231294676,-0.005504154147462372,-0.012365410090460474,-0.02914762895691411
2020-05-04,0.001275621203474051,0.0015477286028741316,0.001186733577864363,0.0021475132931404574,0.0008845364564099422,0.002328053917298625,0.004385749646925056
2020-05-05,0.0023392621047532364,0.002864898634203536,0.0020605683498946714,0.003979769329153333,0.0014495560016157694,0.0037347109091891116,0.008130005985041386
2020-05-06,-0.001314751299102956,-0.0016235794834610448,-0.001011971909332474,-0.0022598093600664495,-0.0013380482034257347,-0.0020066420276099173,-0.004651960754017894
2020-05-07,0.003688908180741084,0.004324328991325916,0.003062903221877409,0.005996177768782568,0.0028430653296740594,0.00542497577627434,0.012252503643426256
2020-05-08,0.008584928443391284,0.0074765984279850746,0.005559218209373811,0.010327665373107517,0.004823485043508199,0.011207608499643187,0.021068359772703913
2020-05-11,-0.00016490153111073703,-0.00013502966363328176,-5.6034407150455575e-05,-0.000184072714961066,0.0001776741157113506,-3.4363634427701166e-05,-0.0004188869325592855
2020-05-12,-0.009656337172036249,-0.008328735864226111,-0.006549262862008415,-0.011478578224830132,-0.0068027498949226025,-0.014351981894207628,-0.02310220952756631
2020-05-13,-0.008671745957739495,-0.007379423617918677,-0.00578667945000395,-0.010213876563290739,-0.006072249689399017,-0.012740030596499065,-0.02086495252956463
2020-05-14,0.005581103706013831,0.003981978796989788,0.0032926793002832767,0.005565973505825944,0.0037141646138921965,0.007434564971228934,0.01141074934856164
2020-05-15,0.0027149545442133305,0.002402669046755941,0.0018196662266093762,0.003311970502777893,0.0017503372158522944,0.0038805499507995845,0.006822813267155539
2020-05-18,0.015505867758141771,0.012850847573637664,0.010049163995225352,0.017796391070981916,0.01052570378157013,0.022174715710143653,0.036479214249354505
2020-05-19,-0.005264525702503826,-0.004365257158950062,-0.00343068439873558,-0.006018294208641194,-0.0036668382146217977,-0.007548410869785206,-0.012095705641351078
2020-05-20,0.008770470291256202,0.007174467978723699,0.0058181696668182835,0.009892065229396115,0.0057866794496884266,0.012181639000143362,0.019928956647056125
2020-05-21,-0.002740619491388426,-0.0017587924523204076,-0.0017260145810402516,-0.002441454589616276,-0.0018018088213782681,-0.003926285406995477,-0.004812040279616065
2020-05-22,0.0010371833370487896,0.0007617988160155598,0.0006501183986831659,0.0010415568660265264,0.0005887871629306955,0.0014011909763371202,0.0020737731341920244
2020-05-26,0.006931763691922276,0.00562010089832915,0.004342654716415662,0.00774251858159847,0.005061374437271262,0.01060144358631744,0.015560901648891056
2020-05-27,0.008366955297428057,0.00662789918692617,0.005292370377570334,0.009098212105375609,0.00604135888219746,0.01250471012893094,0.01805085098459092
2020-05-28,-0.0029591947057894456,-0.0028138516345550778,-0.002246136368865886,-0.0038068933672291247,-0.002063232431725698,-0.004555961831067776,-0.007447984788898085
2020-05-29,0.0018556965058214878,0.0008517988620009203,0.0011634963821404247,0.0011927406027371933,0.0012287848393525381,0.0022957951252235353,0.0023243773416978127
2020-06-01,0.003022214529797768,0.0022187188125627855,0.0021032391464069723,0.0030344009256199466,0.0019846518209299907,0.0044821311029990905,0.005975579785700214
2020-06-02,0.004504788304060731,0.0031455559988137517,0.0031724671191682083,0.004327024758806068,0.003126511470088445,0.006733312692067199,0.00849709947994421
2020-06-03,0.008244718489071733,0.005822434905085267,0.005812365788298175,0.007978113172360864,0.0056538161304385695,0.011639012556493343,0.015628877537155316
2020-06-04,-0.002033431616669904,-0.000911302907374872,-0.0011104290724750622,-0.0011421899467747478,-0.0013279766794714943,-0.0022811811392256525,-0.002412011832897505
2020-06-05,0.01754169823564796,0.010749488709605763,0.011165466073648142,0.01717101071583156,0.01163728231952903,0.022197505818345887,0.028538945301205022
2020-06-08,0.008847733172738962,0.005548050112525197,0.005729865611420892,0.008808039954492131,0.005921827619011067,0.011246070858686282,0.014465821240843868
2020-06-09,-0.003442237512813245,-0.002897018059105182,-0.002576424390581123,-0.004567623754154837,-0.002304021180050016,-0.00487336133076317,-0.007418305772572734
2020-06-10,-0.0026116388491018864,-0.003052772727050232,-0.0023892356824583576,-0.004804311821995385,-0.0017469830831365095,-0.004302580333998769,-0.00784031930665728
2020-06-11,-0.03972843470201673,-0.023892925828052646,-0.026116641486400066,-0.037973189983371625,-0.02654857302771558,-0.04963968131591294,-0.062492713936536666
2020-06-12,0.011326129023550843,0.005571632047731265,0.0063850055019191495,0.008987689538553695,0.00713489181047618,0.013373332328065425,0.015210094314032026
2020-06-15,0.005148537396598278,0.004527455571015298,0.004591066476768968,0.0007002859636676122,0.003634205124224614,0.007509945962130931,0.01215007832911853
2020-06-16,0.008912357893823166,0.007592047618405862,0.008020231937117091,0.008422736307750495,0.006685936709544045,0.012858356144808627,0.02031677180461113
2020-06-17,-0.002393913171174853,-0.002560006088735041,-0.0022627696403915653,-0.002849509350018127,-0.001864045290476908,-0.0037019330357229074,-0.006719696310215594
2020-06-18,0.00032346479380985236,0.00019334030875089273,0.00024193071554354015,0.00019367073730382184,0.00013535400730285192,0.00041385165236955445,0.000466702616023957
2020-06-19,-0.0021579651597734163,-0.0019643877875480708,-0.0019908036810466047,-0.002193989317868868,-0.0017264979211354832,-0.003175809664751523,-0.005249096231330626
2020-06-22,0.004029795953679133,0.00335762779586643,0.0035792035936055423,0.003665990026151991,0.0029010210289251905,0.005734445175753264,0.008797755327336848
2020-06-23,0.0024755019783974145,0.0019973028438352272,0.002206669996950491,0.002179074017775181,0.001839409158445139,0.0034829015076907836,0.005211100280141615
2020-06-24,-0.011389920453793001,-0.010218297652112974,-0.010274029859564262,-0.012450792260447173,-0.008558479971185716,-0.01642831607760193,-0.026021434832684393
2020-06-25,0.004880294132466804,0.004417938480369159,0.004389543387470201,0.005614677829067535,0.0036289669266802004,0.007068757316878348,0.011293189645768906
2020-06-26,-0.011327265018858706,-0.010049946419207447,-0.010205223985399877,-0.012707376373417399,-0.008574120098570615,-0.01624873355712221,-0.025418747557431016
2020-06-29,0.008232663194562386,0.00783900833717115,0.007553457354703801,0.01001798274971689,0.006337739582953533,0.012165476814083668,0.020288993068040925
2020-06-30,0.005932983414100304,0.00495579112044419,0.005182290808616801,0.006264874235918411,0.004146621338976485,0.008373065621378233,0.012578300726956067
2020-07-01,0.0017440074678283402,0.0009065800052349682,0.0013669390567886564,0.0010732354613099964,0.001055252597761102,0.002157723449047017,0.0021711002624591525
2020-07-02,0.0023815865860462044,0.0019516989892669474,0.001935317476553414,0.0025453624678471293,0.0017461354377526386,0.0033601737527329863,0.00506852932462526
2020-07-06,0.007893234585945388,0.007046387736182345,0.00744579502775797,0.008202108984169686,0.00593133107960885,0.011032507403317855,0.016296523482341438
2020-07-07,-0.005303572346196883,-0.005139442625493639,-0.005136151008476336,-0.006336035350221287,-0.00410400915739286,-0.007719512963807448,-0.012498081423773089
2020-07-08,0.0041116382376767,0.003983492386252236,0.0038489072108267514,0.004361409670280798,0.0029866037109009484,0.00577178179993757,0.008635803503028276
2020-07-09,-0.0025826228954611264,-0.003213197915607554,-0.002691694566515205,-0.0039870130192803865,-0.0022547797108872715,-0.004133085115263302,-0.00793602617680843
2020-07-10,0.005101097091841198,0.005857603071879738,0.0050681981315201996,0.006033840924017164,0.003944980640203231,0.0074145494851641965,0.011997779453812862
2020-07-13,-0.00483786198696297,-0.004741714621678782,-0.004729288688291493,-0.004887188179247468,-0.003152943632449044,-0.0066620372099162615,-0.009570597372219781
2020-07-14,0.010418943285238026,0.007315006950253179,0.006839187145712307,0.0074383368274804785,0.006329474521171215,0.014169577336235365,0.014759189834845482
2020-07-15,0.007997881287179478,0.0059899549981946385,0.005119933958989975,0.006707280676882445,0.0048872946159140025,0.010697513598539656,0.013251252010511234
2020-07-16,-0.003332665188535259,-0.0026158330305565683,-0.002465554886252055,-0.0027098418561154456,-0.0021590893213315637,-0.004769247240546758,-0.005290936122873682
2020-07-17,0.0007942908779819284,0.0006017083014639295,0.0005779353866862453,0.0006210789672212592,0.0004910241878593295,0.0010711957231146296,0.001214084398930317
2020-07-20,0.005926566209171969,0.0042759458226611985,0.004922965217335594,0.003997341850042297,0.003554288555745522,0.008132896135761281,0.007815650977041148
2020-07-21,0.001557326462073928,0.0012365520508710475,0.0010165319808629909,0.0015105357891739683,0.0009723586814558186,0.0019248182817949544,0.0029938485725138873
2020-07-22,0.0031407663672824385,0.002347323817058304,0.002373124773162873,0.002706431891835969,0.0019269841874209514,0.004055679914507585,0.004278951940024627
2020-07-23,-0.009256603208946983,-0.007275059056431204,-0.007277796764877132,-0.0070504114416627415,-0.00562007303388357,-0.012304557775923793,-0.012537647721198456
2020-07-24,-0.006167794072822096,-0.004702990742984307,-0.004700916627799555,-0.005351270849189893,-0.0036771895908270856,-0.008329030936843076,-0.009223622892044378
2020-07-27,0.006273990318383829,0.005175710825903951,0.005428100072687316,0.005407682538743337,0.004030360270104959,0.008212449966226302,0.009646287746173984
2020-07-28,-0.00585805345243086,-0.004662908062610128,-0.005023624781385976,-0.005039695095771236,-0.0037717333713670797,-0.007662097612515231,-0.008810897914230016
2020-07-29,0.008713203107461886,0.006294822166070047,0.006767092201341102,0.007136006524654216,0.0055408358180936,0.010756302684607505,0.012313100545054682
2020-07-30,-0.002737252775078516,-0.0012277211551120178,-0.0017085074347921165,-0.0018566110647126187,-0.0014475556456592302,-0.002988474583219095,-0.002925529713244663
2020-07-31,0.004251741007677971,0.003696532807543191,0.0038111344217665955,0.0028201374223928172,0.0034014276880624775,0.004999474382160831,0.005300923130977004
2020-08-03,0.007885003111426134,0.005790382296331246,0.006018533429697311,0.006305231111432553,0.005419079672432747,0.009636500379975876,0.010896249091458572
2020-08-04,0.004025330277709273,0.002820162247005504,0.0029842469352256555,0.0030802863824185437,0.002872135142374046,0.004785223713469758,0.005237163145967782
2020-08-05,0.008135010913138336,0.0052598013996421195,0.0060298168530607136,0.006234363671580995,0.00552593681206438,0.009462443125066647,0.01038757084671526
2020-08-06,0.005426938868636045,0.004071676217572658,0.004609236445437465,0.0038101752918942304,0.004408620213924043,0.0064122391577563186,0.006685581299946703
2020-08-07,0.0013886139687677454,0.00039138235568216787,0.0008278801984219719,0.0009660136823670506,0.0006928808862567824,0.0013970260807483084,0.0018257606889467756
2020-08-10,0.005190958448093319,0.0028347933018578477,0.0037849511188506398,0.0034351352281581293,0.0042064852038036175,0.005594765117865137,0.0057780490828847056
2020-08-11,-0.0064797292371894495,-0.005230934092495728,-0.006070114434582786,-0.005741462606765092,-0.005307021801583819,-0.008248434996621836,-0.00879863147058486
2020-08-12,0.010289705170142507,0.008021842461973034,0.00936557742854588,0.008601386217273155,0.008627928062377131,0.012674759242864,0.013342056625319615
2020-08-13,-0.0011267235471420437,-0.0006020644916401206,-0.0008500939745085315,-0.0006601853832134398,-0.0009970315650600298,-0.0011424890369932702,-0.0011400996338778587
2020-08-14,0.0003482284239484624,-9.211347246970345e-06,0.00018707807732325552,-3.288603014067584e-05,0.00023317942865236016,2.0336720366705092e-05,-2.0699053265063614e-05
2020-08-17,0.002577350763963746,0.0021892668245878533,0.002282564686289573,0.002494145899001003,0.0017703676139340207,0.003343287895457581,0.003710614260273067
2020-08-18,-0.0006665620992640543,0.00045721123568602556,7.247746577366632e-05,0.0001842824986291932,-0.0003968207899655502,3.064767241184969e-06,5.421332150040899e-06
2020-08-19,-0.0028700588501032204,-0.0022634030312599393,-0.0027063977990517464,-0.002225640674482659,-0.002401045885738276,-0.003283722771487451,-0.0034241879321853636
2020-08-20,0.0025194115373213637,0.0024875897145906537,0.0027014527729613018,0.0023633757985603043,0.001935443256660068,0.003222708007250856,0.0034284401025739763
2020-08-21,0.0025840922181571326,0.002181945268511076,0.0031350511657620454,0.0019699117334236603,0.002450579178283644,0.003015819274026194,0.003001581322735343
2020-08-24,0.009446759020720811,0.006660273410148551,0.008850883415395725,0.006548744395478268,0.00809049550820394,0.010123878038025006,0.010489338124732883
2020-08-25,0.0017912646452049198,0.0015511920886919035,0.0015602722957332384,0.0015504687411426763,0.0013506721652799662,0.0020709438784000883,0.002259793977511992
2020-08-26,0.005799353929584213,0.0049525138261800085,0.005646141480846641,0.004690208477727314,0.00499571587640894,0.006606089942218382,0.00690908697579123
2020-08-27,0.0021899633667345126,0.0013561026743836115,0.0021356129944213945,0.0012705054089990463,0.00215852924919358,0.0021790830329643093,0.0021738543085327404
2020-08-28,0.005880029359872906,0.0041024131906891225,0.005402905095251852,0.004099416134851913,0.005216394491097838,0.00617777389116981,0.006470938694852699
2020-08-31,-0.004011102289588297,-0.0023002947632584747,-0.0036830952587566367,-0.002266599441706434,-0.004146067987537901,-0.0038954195584907344,-0.003965336559796594
2020-09-01,0.010349815664113037,0.007234074784574401,0.00947332011790468,0.007418381313712896,0.008788963590744436,0.010833170654504516,0.011441593267131333
2020-09-02,0.01135784125259017,0.008053179514931397,0.010811372300635598,0.007721949175834824,0.010555282043013408,0.011786453705688281,0.01214125658092615
2020-09-03,-0.03224193435977327,-0.022814523045321507,-0.02984112211605126,-0.022866727262279014,-0.027397779165039018,-0.03330083633178695,-0.03495800912455818
2020-09-04,-0.006925952016343105,-0.005251473243651986,-0.005410337241354248,-0.0052640623238965605,-0.003564192576501201,-0.007520197656733631,-0.008113773339020644
2020-09-08,-0.023186478683484932,-0.018440707099194067,-0.01918461420482231,-0.01635928773019936,-0.015540771845365304,-0.026074092400409487,-0.02857783413249464
2020-09-09,0.015546947424197627,0.012415905794951405,0.013121375519796917,0.00785154934652452,0.010599248878068603,0.01742679948382565,0.019451334583332383
2020-09-10,-0.011763904811659552,-0.010320401367675935,-0.010432810204498006,-0.006520792222986776,-0.008351884327557572,-0.013880732832553354,-0.015979820507094886
2020-09-11,-0.0008142570048018369,-0.001235433994003067,-0.000641612851949555,-0.0006274738511519029,-0.0005111774887035063,-0.0007777689971379409,-0.001524590805032463
2020-09-14,0.012899107737600654,0.011916966486679434,0.011011247481484522,0.006672143728627641,0.008647311727174775,0.014386835991547806,0.01656417960446868
2020-09-15,0.0033466960697134417,0.003488789769381475,0.0029557718003664574,0.0013622730389253506,0.0024189327242483513,0.0038172481906215664,0.005179241336088804
2020-09-16,-0.0006486705687800423,-0.001527888051860807,-0.0007929878119912335,-0.0013546886256450208,-0.0007017470387894226,-0.000981844995573243,-0.002267805878073031
2020-09-17,-0.006063530425674774,-0.006429266432766359,-0.005538775246799356,-0.005194633044907929,-0.004139063321991276,-0.007215130559266668,-0.00872312743728683
2020-09-18,-0.006662503504324405,-0.0070612823699282255,-0.006050040746989364,-0.005489183017665539,-0.004520064804642161,-0.007963622383195812,-0.009253384716400224
2020-09-21,-0.012507151282293096,-0.011556100755244596,-0.010956413473015994,-0.008783569160344298,-0.00794981542102369,-0.014408631456931949,-0.01476203853075587
2020-09-22,0.006485028441679787,0.007207940046976695,0.006078865199785099,0.005818560571705187,0.00456811437759969,0.008043918280597214,0.009896942991036183
2020-09-23,-0.015948005277381896,-0.018649158938808117,-0.015884356633192345,-0.014801928717085295,-0.012163205705522975,-0.02158284553928105,-0.025061220345200638
2020-09-24,0.0013993385677565382,0.001667042148033312,0.0013886742369625918,0.0013296690857125528,0.0010405344028113044,0.0016116212844929762,0.0022735163695095824
2020-09-25,0.010710684901307829,0.01253237141943641,0.01063701160894519,0.00992857098338504,0.00809708196109781,0.01366813619208162,0.016972656070148424
2020-09-28,0.012146709510461021,0.014091099486500565,0.01206479487756252,0.011127542699595051,0.009014257516112251,0.015561849564776246,0.018896353981867894
2020-09-29,-0.0033946318029552257,-0.0038946311200468093,-0.003366326658222202,-0.0029994228999079345,-0.0023965082256782897,-0.004322724619244356,-0.0050529926690529485
2020-09-30,0.005390502387723538,0.006067110339375266,0.005339008300839419,0.004664417445566969,0.003798859986506896,0.006797877003981384,0.007871504241023373
2020-10-01,0.005403360224106855,0.006463607298662708,0.005386673152226777,0.0053982288485381995,0.0035900995564765036,0.0069114739307073025,0.009086875660956919
2020-10-02,-0.0054536911511968295,-0.0065912012729790834,-0.005423939425581514,-0.00553737920076387,-0.0036204673704742204,-0.006673415199359092,-0.009251300813592074
2020-10-05,0.013208858424522654,0.015536370749368245,0.013122712470720183,0.012143683171093026,0.009099765675753749,0.016847325673255954,0.020430009948424938
2020-10-06,-0.008163342836280457,-0.009793202272237643,-0.008094546774789073,-0.007384303997922063,-0.0056865590820309436,-0.010213917996636042,-0.012342604137515924
2020-10-07,0.012487418332565886,0.014827266003746889,0.012394291499299877,0.010536729524438576,0.00869206247881943,0.015872759625078284,0.018838854173419742
2020-10-08,0.00489174155028397,0.005846013828157196,0.004857950803801052,0.0038504113356001594,0.0034050992686540504,0.006317117362750363,0.007365202325677314
2020-10-09,0.005453613571043214,0.006580915239939635,0.005419433304389673,0.004308812185595413,0.003730846006822139,0.007044650665699172,0.008626746859852333
2020-10-12,0.009722686013394552,0.011544151667481219,0.009473929767933422,0.007677184467934408,0.006480298791517643,0.01225184979345665,0.01529541252916423
2020-10-13,-0.003690277256420088,-0.003986719858667041,-0.0035071684187159254,-0.00250771083910151,-0.002536607561683275,-0.0046552346149529794,-0.0049605336159151995
2020-10-14,-0.004803166355017566,-0.005295751456797836,-0.004627944198674009,-0.0035803609166495816,-0.0032347091566822584,-0.006026761735372285,-0.007092220295727406
2020-10-15,0.00010579568058428977,0.00027978962528767034,0.0001409133171870822,6.0415752534629524e-06,0.00012302185554337005,0.0002787224061208193,3.5226029474498496e-05
2020-10-16,-0.00023237659736739002,-0.0001932404217933837,-0.00035749047075277337,-0.0004381494843581456,-4.7499539634927266e-05,-0.00028997834503066277,-0.0008642759285467799
2020-10-19,-0.00989651748703495,-0.010879897278123416,-0.00986939242184345,-0.007197534261070289,-0.006669333379401796,-0.012843728768815663,-0.014311988554615856
2020-10-20,0.0021399658949787684,0.002367750692539883,0.0021336021570354355,0.0015025820513487947,0.0014407344407554431,0.002735198639813573,0.003009217046751021
2020-10-21,-0.0025475901928373582,-0.002815870160571102,-0.0024849463580724775,-0.0018158198479664269,-0.0017169566196547055,-0.003385103731364994,-0.0036331278285003355
2020-10-22,0.005120430863555786,0.005702862322450042,0.005391647744963522,0.003580166620074706,0.003429788574195259,0.006767029464982288,0.007183240452057249
2020-10-23,0.0014769106520310298,0.0016583168863842242,0.0015537312664925845,0.0011676743515167923,0.0008174091876842014,0.002045834586540315,0.0023283340817150584
2020-10-26,-0.016154902344848704,-0.015357815359722658,-0.014845174777898602,-0.00986260977791701,-0.011243308892880442,-0.018094214160524598,-0.019667390507774083
2020-10-27,-0.003399713606828619,-0.00342851722454448,-0.0032895026355988805,-0.00169409866652127,-0.002417904269560956,-0.0036594539711819383,-0.0034125442410191946
2020-10-28,-0.027485044368244182,-0.025943445382130746,-0.025018997240776313,-0.017001402807609124,-0.018929282803545215,-0.03183265579201318,-0.03429767115869821
2020-10-29,0.00678593386293001,0.007082556406096771,0.006511705595132479,0.004976893197317931,0.00459843384873687,0.009152275567635034,0.010206188084699195
2020-10-30,-0.008354451762694087,-0.008464759121418454,-0.00790142015864619,-0.0055272734528058025,-0.0055142234679370974,-0.010774805066408046,-0.012502060966430376
2020-11-02,0.008545998878807508,0.009510584707643335,0.008297386088570356,0.004644465413590559,0.005388040685330592,0.011107574018775263,0.011611182593254492
2020-11-03,0.01462832417809393,0.01564553421192892,0.014016292776402473,0.008289919377731096,0.00930561606285396,0.01879190911164928,0.020597759338752016
2020-11-04,0.013592661313109135,0.013521084164633466,0.012442525883540452,0.008225582671607404,0.009135293314875692,0.017325835401057837,0.020321510572573805
2020-11-05,0.016070500220270043,0.01581103964392172,0.01473277715311468,0.00937133498455121,0.010393919246351729,0.02044479340795616,0.02275546857134469
2020-11-06,-0.0016314360284594932,-0.0016544496688424982,-0.0014167142194245242,-0.001091579634711934,-0.0009617549897789026,-0.0017670190111392717,-0.0021561553421754515
2020-11-09,0.012301274775905714,0.013007546862813829,0.011040009261859478,0.007629091993163459,0.007619777104344073,0.014987716029736779,0.01534660489858374
2020-11-10,0.0016013358272359748,0.0026484011228990433,0.002037777697416145,0.0011325605194368862,0.001228909298052257,0.0023909806861574026,0.002163943589783976
2020-11-11,0.004272272883596925,0.0038224226103077607,0.0037066955978847043,0.003340902627945782,0.0028989535372954183,0.005401052904517963,0.006756585132716688
2020-11-12,-0.005991133964997926,-0.007470372029115324,-0.006633423997097747,-0.005093585398746884,-0.00481237505808335,-0.008390043590397456,-0.010051327748667549
2020-11-13,0.008484915872827622,0.010417328982397849,0.00927736431809774,0.007891218280585076,0.0067429485861342595,0.011832649135698162,0.014236579249349006
2020-11-16,0.00870027136587759,0.010935717571671905,0.009712508703556545,0.0088078915325668,0.0070382397790543245,0.012204224941638956,0.014677475373176515
2020-11-17,-0.001846045514450176,-0.0019673924988869067,-0.0018069546703694764,-0.0015780234727299901,-0.0013963786737027912,-0.002561102364093061,-0.0026230251730263022
2020-11-18,-0.006890860366531643,-0.008362261072381213,-0.007467177941994965,-0.006798446767465757,-0.005473931476686148,-0.00956465150340253,-0.011269810065843567
2020-11-19,0.0029610268940206373,0.00335337326716849,0.0030528429505089437,0.0029898816115738777,0.0019857043733586934,0.0039407803146278035,0.004978770278709584
2020-11-20,-0.0033886406953976666,-0.0037830431794988366,-0.0036233181044423336,-0.003146945645521924,-0.0026216752608680025,-0.004660027965452015,-0.005246494244144491
2020-11-23,0.00526124567949115,0.007021150432200481,0.006339758182856886,0.005482120958387808,0.003856444585166557,0.007525015389757123,0.009110682208411316
2020-11-24,0.00978471297559232,0.0116045312413044,0.010897772301925155,0.009655671384016233,0.007140422932793943,0.013451641635016467,0.01602397739121827
2020-11-25,-0.000813515985763575,-0.0015173582379978635,-0.001287085245044669,-0.0008512311659918667,-0.0007418193904357674,-0.0013990133877880401,-0.0013894098241735268
2020-11-27,0.002554053454903205,0.0027272162945443782,0.002616886786826969,0.0025530190284546108,0.0017796148789759377,0.0033253865038467903,0.004213629352032515
2020-11-30,-0.004563813728329195,-0.005791627403047005,-0.005204702117963337,-0.0045163181224862105,-0.003143447846019596,-0.006478538976717199,-0.007408016762041716
2020-12-01,0.007073046960352146,0.006857853841909449,0.006681676606372837,0.005994805122165587,0.004652184024483253,0.008621757822489019,0.009906476626590577
2020-12-02,0.0013302696919958383,0.0013213652451918745,0.0012511838035269064,0.0010409359246298785,0.0008755934272146443,0.0018421278937098087,0.0017178067418493236
2020-12-03,0.0013594016521781087,0.001619736286457422,0.001455856401967667,0.0013405356566430703,0.0008630147791537623,0.0019374461282879978,0.0021994748173165594
2020-12-04,0.007274737586504864,0.008054353555077469,0.007826457404119679,0.006582770900636122,0.00468458366910276,0.009706085189448469,0.010793674681574926
2020-12-07,-0.0004983980573494309,-0.0007484504339639333,-0.000689238856274985,-0.00026838009819376,-0.0002545558032024632,-0.0005062835834170679,-0.00045496533774842443
2020-12-08,0.004418996774223611,0.00389164235778805,0.003753046598020762,0.003255366637466672,0.002759316105578465,0.004754843970190361,0.00529919363307011
2020-12-09,-0.008791377003347506,-0.00668116344480061,-0.00817703006686946,-0.00626599601650525,-0.006141824942541424,-0.009912008306677277,-0.010229964361934742
2020-12-10,0.0019103064637424959,0.001607988166625025,0.0018415837460347027,0.0015178402008718948,0.0010807587662204285,0.0028296466933069604,0.0024471738058330214
2020-12-11,-0.0009290733854759956,-0.0009068751195194716,-0.0007560891921301455,-0.0008353936050384614,-0.0005047396036290655,-0.0013483774524167714,-0.0013452566940937141
2020-12-14,-0.0013929855836429085,-0.0015084939666150968,-0.0015216037580145778,-0.0007917788219984843,-0.000999372630436167,-0.0013226909071937987,-0.0013219803615723798
2020-12-15,0.013268166302098344,0.010949068203317642,0.012546817046509949,0.009134240006280894,0.009381963918486391,0.014963615142775635,0.014931969750238304
2020-12-16,0.000558590246025237,0.00012944550652367262,0.0005809995662127007,0.0003501450399652966,0.0007180218897431236,0.0005809797354848063,0.0005903950183860659
2020-12-17,0.00604382262810804,0.004932219487210731,0.005680135650116917,0.004206451129403749,0.004606749378267067,0.006840485383871157,0.006825823531547653
2020-12-18,-0.0036143424080855016,-0.002927690988404319,-0.0034443571855581117,-0.0024627342845558306,-0.00298323988472156,-0.004006696112915561,-0.004001005993342146
2020-12-21,-0.000419943512665087,-0.0006997966924015225,-0.0009192988702188916,-0.0005806675969659277,-0.0002500832492498373,-0.0009445737014234218,-0.0009500333667515396
2020-12-22,0.00027963351754902317,9.559960723106445e-05,-0.00011501094203232397,0.0003501870144331478,-0.0005974703274379778,0.0004919624888019234,0.00048352840159348996
2020-12-23,0.0020286100799162474,0.0016507697439301268,0.0015585755056560897,0.0013084912874673925,0.0012783351737501378,0.0021133302041862695,0.0020963111347667876
2020-12-24,0.0025227707323969605,0.002193666321354262,0.0025036169912034728,0.0016482653824444321,0.0025562018813864284,0.002709518420548785,0.002712773693480309
2020-12-28,0.005204963806173805,0.00452790946988862,0.00535763768850653,0.0033837631703614265,0.005545761032872271,0.005570638896934356,0.005579968019247068
2020-12-29,-0.004695664311878296,-0.003942233203348034,-0.004185288792664782,-0.003192886264808316,-0.003030596280176859,-0.005106671707592634,-0.0050793043380999384
2020-12-30,0.0030825706763937693,0.0025763715626062832,0.0027689419595281184,0.002061543346671458,0.002151489825962282,0.0033293491729702797,0.0033125722194198137
2020-12-31,0.00293269038014955,0.002596254238265372,0.0030191055444407713,0.0018738114969037217,0.0031762352735287738,0.0030808813312390897,0.0030832409847144832
2021-01-04,-0.012081031235687115,-0.010349245700353102,-0.012077645995003218,-0.008003359598807791,-0.011316100516648272,-0.01299369048768653,-0.012978724388054587
2021-01-05,0.007920104546760644,0.006696598454073587,0.007723346800267934,0.005284180423280859,0.00668298293540616,0.008587544355037016,0.008568003420997623
2021-01-06,0.011019173293119295,0.009389804998556291,0.009422655351659075,0.007248305374015343,0.007535775898310852,0.011696759346057453,0.01162652492475528
2021-01-07,0.013552478282624042,0.01202589363109319,0.013893633088992934,0.009514562866298863,0.012503240375242718,0.015380242840193098,0.015369516582049042
2021-01-08,0.004217056651427631,0.003503333067890563,0.004393593983234996,0.0027560387799453463,0.003943933995940023,0.004481714960168037,0.004491276767739776
2021-01-11,-0.005564060698100734,-0.0047587621905841,-0.005283300977382888,-0.0037809920682628376,-0.004692851732654512,-0.00609788513656821,-0.006103287167972864
2021-01-12,0.003065499681898693,0.0032716096874270124,0.0026607720558925203,0.0029026890395609595,0.0024336112204771583,0.004256699862120527,0.00423044879246508
2021-01-13,0.000715483816597783,0.000337228493143413,0.0007901457987498759,0.00019248501495547615,0.0006296550580955009,0.0004312696630929077,0.0004453166081544116
2021-01-14,0.0005243410128622273,0.0011055258982162939,0.00019162698462962628,0.001224550474083921,3.0819999725677206e-05,0.0016418520423856359,0.001612976987580409
2021-01-15,-0.0072254066553050405,-0.006912236209372842,-0.006771797664349116,-0.005829449458902037,-0.0063457908993372015,-0.008524668566153117,-0.008510148166353853
2021-01-19,0.007878864805956507,0.007279024640855499,0.007361279772313283,0.006172155861780187,0.0066056145883390625,0.008968829209137065,0.00921243552976911
2021-01-20,0.011076883998480445,0.009857380090820461,0.010572156735412435,0.008135538924362322,0.00970231261782522,0.012120904842669783,0.012214009075876593
2021-01-21,0.0006962140929424194,0.00019677923553121916,0.0006891002045791612,9.48717428211133e-05,0.00047569580602113524,0.0005052699994443782,0.00034793950982370443
2021-01-22,-0.0014771859429915852,-0.000996385254497763,-0.001576195298107904,-0.0005624153604770143,-0.0018090649220154572,-0.0010987347056501994,-0.0008775462878039664
2021-01-25,0.002346719306917427,0.0019601087248918183,0.0022946101817078153,0.0016147716745022662,0.0019121104820827358,0.0025684054299963885,0.0025511527535908548
2021-01-26,-0.0014870718575893268,-0.001588530398035891,-0.0013791125291323658,-0.0013697178909505038,-0.0013143491075197004,-0.001818310053604515,-0.0019453612193419884
2021-01-27,-0.019940288155024636,-0.018410539609982228,-0.019031658794704497,-0.015588694040149795,-0.018087015162180357,-0.021930829228217447,-0.02227535747864839
2021-01-28,0.005132102797906479,0.0046778673345596565,0.005158934128249736,0.0037049143377485736,0.004890578653517121,0.005400209331500389,0.005334884559262411
2021-01-29,-0.016279845604481168,-0.01589217061826606,-0.016373585128548432,-0.008776196319077398,-0.012647031754236312,-0.01885727110135798,-0.019140462249627066
2021-02-01,0.01369547112305766,0.014008585276266815,0.013637141306582754,0.006911548258073358,0.009887802255249909,0.016930875115495892,0.017418649549263164
2021-02-02,0.012774025872058335,0.012869145224529817,0.0122513064870184,0.006079030041403236,0.008791926893551036,0.014709535704975638,0.015142003855765628
2021-02-03,0.0005474047624269029,0.0003648768921272402,0.00025294347545770933,0.0001069709164275873,0.00017062429979432632,0.0003238881068578644,0.0002740520395581551
2021-02-04,0.01029321711277903,0.011297367362413529,0.01025489118853588,0.007416342318820007,0.007266277457021346,0.012788484850333823,0.013463519850362468
2021-02-05,0.004001359800729423,0.004593233686290866,0.004008218208837084,0.0033543400924147143,0.00279935682738198,0.00524072994486607,0.005570607320715411
2021-02-08,0.008476543349701434,0.009251987324059836,0.008148431284927066,0.007222048796564157,0.005746296244320338,0.010504728190196797,0.011116934455372736
2021-02-09,0.0006243156731786882,0.0006718943973101589,0.0005253154363354406,0.0006342611832165942,0.0003642363085361336,0.0008273061711058878,0.0009070559428715063
2021-02-10,-0.0008400481654765203,-0.0011214615665320017,-0.0008315658592680898,-0.0010419758071413252,-0.0005326008732143283,-0.0013150836200426514,-0.0014890201784242777
2021-02-11,0.001102642563784079,0.0013215940619840624,0.0011650777626047125,0.0010675062906560287,0.0008617960925439959,0.0014330493304730595,0.001529675128060672
2021-02-12,0.0029924044474563096,0.0031264847968809012,0.0029230388616379357,0.002485917915521344,0.0019483040468092983,0.0034970319768886787,0.0035568831745006733
2021-02-16,-0.0011533417299030024,-0.001456892167254976,-0.0011674563141453739,-0.0012077145089411274,-0.0006756037634516783,-0.0016064858961477464,-0.0017270393443957627
2021-02-17,-0.0009972909236902372,-0.001313112035204562,-0.0009149558465394697,-0.001178527037758849,-0.0005407400364156307,-0.001550501721779392,-0.0016901973726999259
2021-02-18,-0.005246823897962752,-0.005625251250044423,-0.005289465702092268,-0.004610627469960775,-0.003356330071362168,-0.006476384581839854,-0.006606619537658678
2021-02-19,0.0018586965456202568,0.002093381638142585,0.0018571934587056414,0.0020816539402697793,0.0010520434909867644,0.0030560100679099737,0.0030166697252416628
2021-02-22,-0.007101826513578433,-0.007999847180390832,-0.007326608150123844,-0.006195242526675977,-0.0045203219210169085,-0.00886167306621689,-0.00888886298323444
2021-02-23,-0.0014564234751463607,-0.0016617875325740258,-0.0014583356117762775,-0.0014879552393662697,-0.0008660148865741084,-0.0021559346322839626,-0.0021441370965565422
2021-02-24,0.01145597221204133,0.011936696023422086,0.011419734550136186,0.009521297738648885,0.007476299946677884,0.013712032528801297,0.013680108988870046
2021-02-25,-0.02277389772719118,-0.02428565304963197,-0.02296878093318708,-0.019150189256729115,-0.014802759424285565,-0.026618968900898307,-0.02744069363783399
2021-02-26,-0.004403089230056073,-0.00421723829366016,-0.004242310734906111,-0.003268743730211283,-0.0033075987759590315,-0.004426575015958298,-0.004659904253040172
2021-03-01,0.02023106743203712,0.02288169017754219,0.020949584042809426,0.016329919812203508,0.014383938522315499,0.02432950023597496,0.026638469885370164
2021-03-02,-0.007906366514450558,-0.009399539085490533,-0.008104384833826486,-0.005572816344043193,-0.005751876096199164,-0.009983782009749167,-0.011220745849773506
2021-03-03,-0.009680551172153096,-0.011555928843799215,-0.010181458172361085,-0.008069489833691476,-0.0071565912612022095,-0.012368739088848488,-0.01355371310080917
2021-03-04,-0.011806686144893358,-0.013556116145581455,-0.011854907806083535,-0.009544736833030299,-0.008400256993032436,-0.014387452293867958,-0.0159998814868122
2021-03-05,0.014228478112124054,0.015607590601237387,0.014037003132819383,0.01062250129798554,0.009987272110695028,0.016605708956284503,0.017908551318991613
2021-03-08,-0.0014854504004464006,-0.0029426781374361326,-0.0023730866110650236,-0.0015442552627424147,-0.0014155265831101598,-0.003266475540275694,-0.0037538065702931974
2021-03-09,0.011612471498248265,0.014133423270816048,0.012119306069697511,0.00863853026893537,0.007817264357665027,0.015510904226716105,0.017434073250572574
2021-03-10,0.008121208270859423,0.00808281111350503,0.007336816871167165,0.0045984151398484555,0.0049362196892825975,0.00923630339255799,0.009183461350984105
2021-03-11,0.009657082793371765,0.01155215765597243,0.009995989336477412,0.00725030519564843,0.006404171982664516,0.01183888859755171,0.014385485571776093
2021-03-12,0.003035756275249047,0.0027044865009390306,0.0026001718501800254,0.002642126413938812,0.0018557051129937312,0.003009721362083997,0.0027235485705787324
2021-03-15,0.004571738449491265,0.005145927358159305,0.004664864520406057,0.004343074034795601,0.003224171413316725,0.005309692932167103,0.006174401623784183
2021-03-16,-0.0029960522372383604,-0.0033091180994497876,-0.002777107626338774,-0.0026813377519322498,-0.0016056839117909692,-0.0034986094077005406,-0.0038265543435491694
2021-03-17,0.004029557370962916,0.0044291061627082014,0.0039625580431217975,0.0036990845755762594,0.0026536779336572345,0.004638516292673159,0.005267217791054868
2021-03-18,-0.012381747073872575,-0.015074178349442247,-0.012928754777082375,-0.01321811241727077,-0.008173820069390563,-0.015354768197535621,-0.0187506319361145
2021-03-19,-0.0014730466424240755,-0.0006024311271325916,-0.0009473999059113896,2.6447492470464662e-05,-0.0010329501811438483,-0.0012581388320030092,-0.0001542948572625633
2021-03-22,0.003919371092234744,0.004567010698803343,0.004272351611181057,0.0044416455846262234,0.0031396775385915243,0.004959807293795498,0.005554249374557383
2021-03-23,-0.008908025500096532,-0.01142740968119852,-0.009787623022538498,-0.011060822019058263,-0.006055947963555226,-0.010335950986536108,-0.013792715446438751
2021-03-24,-0.005448696052237982,-0.007851178665432654,-0.006483638198650595,-0.008114604031005996,-0.0037240265263615794,-0.006959536939023814,-0.010152120186899392
2021-03-25,0.005406922857971829,0.006901354120144594,0.00616410259067166,0.006513931908424062,0.003393858617092637,0.006172316957957484,0.008193848239062811
2021-03-26,0.011000721390982947,0.013238090545692659,0.012299979702493736,0.012454157815599875,0.007493210229130581,0.01293495620628901,0.015583705653711971
2021-03-29,-0.0022562597473131407,-0.003309444103376243,-0.002999102595297485,-0.004311062511098473,-0.0013924330734511037,-0.002909900076189214,-0.005396166141004022
2021-03-30,-2.1533776808028504e-05,0.00011183377266099246,0.00017927935792288172,0.0009246134935739876,-0.00022907079256884237,1.05864845705647e-05,0.0011881261054344212
2021-03-31,0.003407644711684695,0.004471003654718513,0.004155307549813232,0.005241647822439273,0.0023844196629074265,0.004396519793992021,0.006553480434445138
2021-04-01,0.007469268534178175,0.00842144488637853,0.008071434799158856,0.008724028683425799,0.005033577097221704,0.008513530799011263,0.01087427744360052
2021-04-05,0.010008504214508421,0.010664522487636875,0.010294701554532564,0.01027637481079449,0.007018830176710338,0.01098160509624413,0.012772816295280315
2021-04-06,-0.0013251129805408814,-0.0013530263462636976,-0.0013367633269557406,-0.0013760292260982488,-0.000980622416695014,-0.0014233949215096166,-0.0017102417973136569
2021-04-07,-0.0011211899117231,-0.0014098454405437185,-0.001439382790316019,-0.002118697225558906,-0.0005721204932196861,-0.0013772759727624338,-0.0026495910197352735
2021-04-08,0.0041374891820526866,0.004705429781713915,0.004489421981221179,0.005028915716390807,0.0030809721887954684,0.004789370622889333,0.006244070304111553
2021-04-09,0.005148546929093033,0.005057099405254393,0.00496838378488295,0.004975038086767698,0.004265544282931634,0.00588432522427787,0.00569256425462141
2021-04-12,-0.0007239454807777643,-0.0008621839139803964,-0.000793799485090131,-0.0011129735893057554,-0.0005223213333520342,-0.0009674445951598114,-0.001305785598946035
2021-04-13,0.0017295706932962777,0.0017336872342100043,0.001731274321538562,0.002012134965686315,0.0010633131160870442,0.0024221022692086248,0.002227323204340837
2021-04-14,-0.001129247985117397,-0.0009608608037691442,-0.0009676880264836717,-0.0007832607889580244,-0.0008219856576347804,-0.0015004846429738739,-0.0008578387210540183
2021-04-15,0.0081430659912274,0.008008627439026333,0.00803419294344467,0.00864960639415883,0.0066941026353076905,0.009340353985124672,0.009600280768649333
2021-04-16,0.0027938784945017235,0.0027061873008951795,0.002720684563562746,0.0027880851306943664,0.002457593097370615,0.002962030163811113,0.0030943703611096916
2021-04-19,-0.005172005358474983,-0.005391401947952385,-0.005387114342330711,-0.006488987168449201,-0.00393000064492584,-0.0063491661400377295,-0.007193568027787458
2021-04-20,-0.008160650451535419,-0.007816535349157543,-0.007819480382246046,-0.009213395668632935,-0.006196586100542651,-0.008942485377870828,-0.010226728723135282
2021-04-21,0.010133097788342614,0.009500536178301128,0.009506321881797142,0.011169495530878943,0.007788526318674626,0.01084599131106475,0.01241390542474504
2021-04-22,-0.008117947911398471,-0.0073381083227186126,-0.007363014834405617,-0.00787807212360094,-0.00677773303943215,-0.00847685090787097,-0.008737833454662253
2021-04-23,0.00978750828129447,0.009053152645719775,0.009062597195264283,0.010472878199367788,0.007486177823810233,0.010716571972443637,0.011627632258595573
2021-04-26,0.0028678480022640883,0.0026344716979813795,0.0026200409988794407,0.0035415383519776006,0.0018059635633279577,0.0034581580179196604,0.003924228809873709
2021-04-27,-0.0008333094248602055,-0.0006290101772716219,-0.0007435996993647651,-0.0007033891272839204,-0.0006094941124180831,-0.0008603797577930485,-0.0007782384504722042
2021-04-28,-0.0018082015381733008,-0.001590290126242195,-0.0016789864113913797,-0.0016339396023910295,-0.001690415797543498,-0.0017468516602813862,-0.0018133982599339144
2021-04-29,0.0037693824894081997,0.003699205936041871,0.0038208260648352386,0.0034927665996346306,0.003440257783350141,0.003879938092351101,0.003877225054702232
2021-04-30,-0.006961705353669112,-0.005983719210244478,-0.006208983763465099,-0.006970891187890198,-0.0059179767505199935,-0.007733102843400803,-0.0077256450281835256
2021-05-03,0.0022310420807807535,0.0020841722089870785,0.0020961658143316404,0.0021040647576919254,0.0023681183903457434,0.002342269631821809,0.0023392048609853443
2021-05-04,-0.007260255706853519,-0.005785414698313136,-0.00640973869260972,-0.00718353254303073,-0.005296942957866074,-0.007970106640226578,-0.007961915151924353
2021-05-05,-0.0006989585380678392,-0.0003682668850704451,-0.0005180303289062257,-0.0007892385579483541,-0.00019752198507912375,-0.000876850153303462,-0.0008758715383842048
2021-05-06,0.0068853305715300735,0.006033356748370619,0.006263213756818329,0.005613130079256453,0.00610509093534582,0.00695044796087621,0.006942658840079995
2021-05-07,0.007707101295294056,0.006510930404441254,0.0069475639482050764,0.006592201452285903,0.006465475729239513,0.008245067187849784,0.008236180081113317
2021-05-10,-0.012917195362184766,-0.010159857370075739,-0.011231677913712247,-0.011262071167277619,-0.009474932582429778,-0.014056042758865427,-0.014040596242726378
2021-05-11,-0.007427795787304735,-0.006532261909892999,-0.0066531210279146945,-0.00490866713883307,-0.00688483296403688,-0.007204023232712232,-0.007196714092615031
2021-05-12,-0.02247724250543756,-0.01934527852346269,-0.020645089179311762,-0.02063694398616292,-0.019172706908771965,-0.024489019540279038,-0.024460927863103214
2021-05-13,0.011453196748946563,0.010173373909414696,0.010771395719979775,0.010182639037097853,0.008695019549109251,0.012692636308269166,0.01267954299665004
2021-05-14,0.015639403394793222,0.013703804779073892,0.01472707848543665,0.011245996577106895,0.010945084657711443,0.01765854234563309,0.0176390492128529
2021-05-17,-0.0020996149521360138,-0.0018091923961885046,-0.0019110250887766282,-0.0008734259283370962,-0.0015401074677381978,-0.002431960074144237,-0.002128447607406409
2021-05-18,-0.006967177171932402,-0.0064220919707953916,-0.006761654397185337,-0.006420518654687438,-0.005096568473382841,-0.007446440967556674,-0.007765688538872439
2021-05-19,-0.002965791229654996,-0.002707546878118942,-0.0028506301338785617,-0.0027130450432395654,-0.0021564341503055025,-0.003072888642618863,-0.0033973776549873894
2021-05-20,0.009071971543493844,0.00829658412185258,0.008877487040524695,0.008260825667865119,0.006409515639786459,0.010081885621998576,0.010359332463929689
2021-05-21,0.00024200625414851152,0.00022092311251508008,0.00016200925740922503,0.0006559057686759251,0.00028058892488311597,5.2049167751466095e-05,0.00016660580625314593
2021-05-24,0.008416819952613867,0.007714243073104324,0.008235006935737013,0.006659147064163018,0.005984890121905421,0.009304804329884949,0.009570801425517207
2021-05-25,-0.0024921936421856447,-0.002250638534098087,-0.0024334539819299366,-0.0021322331033467234,-0.0017063020030212805,-0.0029165345223346752,-0.0030617664086373133
2021-05-26,0.0041067644151305555,0.0036121118943488006,0.004076945013642403,0.004156788002616209,0.0025367775312175695,0.005051575963853132,0.005481393392348548
2021-05-27,0.0020235110701718123,0.0017995265427435952,0.0019356411328815492,0.002001629469577443,0.0013964192474854474,0.0022826609352748967,0.0025016745636520623
2021-05-28,0.0019322507219715372,0.0017831830881834113,0.001844799245417803,0.0016231153120378921,0.0014725552853579974,0.0020421823590895827,0.0020310666295949185
2021-06-01,0.0012076553754514726,0.0010139255697960183,0.0011836505424154447,0.0014450640997777943,0.0006759260118167868,0.0015514610310361603,0.001799914688548943
2021-06-02,0.0012445025197048618,0.0011532859195453834,0.0012142329257216209,0.0011008181827930456,0.0009132740143450485,0.0013572753837485666,0.001376133788730954
2021-06-03,-0.004491969760062308,-0.0040359039982178066,-0.004437435655618455,-0.004389047084371398,-0.002985865106183014,-0.005301634481796724,-0.005481936427223147
2021-06-04,0.007822630253185804,0.007164371824531571,0.007647370517588966,0.007071652823236397,0.005575514691690174,0.00876856542533084,0.008853603071768154
2021-06-07,0.0012402955269100774,0.000996116457988854,0.0013135249665069272,0.0017683746922544838,0.0004596625693856662,0.0019038111706700717,0.002201577793990736
2021-06-08,0.0015014143772348633,0.001292021019659979,0.0015107348117401455,0.0017489058759225444,0.0008415664146405863,0.0019453836238225734,0.0021718151819544824
2021-06-09,-0.0025417717552177663,-0.002384536598262722,-0.0026980356583425924,-0.002344747826228423,-0.0018414294410170197,-0.002781861774293088,-0.0029179721411674306
2021-06-10,0.002175371698849733,0.002096335797030945,0.002231900474409623,0.0017129398510680298,0.0016747420627702583,0.0023158703291791356,0.0021515453525951583
2021-06-11,0.0026378085190858942,0.0025882868545631247,0.0028802762118183885,0.0027462058688385777,0.0016050170269290103,0.0031842034731982835,0.0034175852589963304
2021-06-14,0.0014083307550338902,0.0013227128587977796,0.0014709414352326693,0.001280859409665134,0.0010198673152000731,0.001569111718987471,0.0015003522221830382
2021-06-15,-0.0032858556049056805,-0.002798357219648658,-0.003012641448162134,-0.0030114997799535774,-0.0025853995950199035,-0.003294275402287935,-0.0033478074131258594
2021-06-16,-0.0050274508851245415,-0.004552569129902376,-0.0047086335891477265,-0.004565265116725077,-0.004390257245690469,-0.005032321934840748,-0.005074735323792538
2021-06-17,-0.0011887496049112366,-0.0011061917236258629,-0.000707146435474474,-0.0012866784137724918,-0.0013825366775463682,-0.001187099330822428,-0.001434617859536563
2021-06-18,-0.014466191439410367,-0.012647810893657851,-0.013573332560464457,-0.013022161455252855,-0.012467129298194973,-0.014487318108376902,-0.014990776343150002
2021-06-21,0.014591081178487135,0.012829741855065264,0.013660228260869392,0.012188258854749376,0.012406708338410758,0.014610542362198276,0.015096604911154006
2021-06-22,0.0051404740851208434,0.004434011791451147,0.004985922549931112,0.003607979943052499,0.004338584192039806,0.00514959986518391,0.005259399921536024
2021-06-23,-0.0001706545848268662,-0.000273238469943871,-0.00019075230223571796,-8.960136450973129e-05,-0.0003362953923337147,-0.00016850325725150945,-9.523995251045431e-05
2021-06-24,0.008369643788560855,0.007250273319068827,0.007845593820273647,0.006932539874529845,0.00694709354751539,0.008385441270519938,0.00866589751691336
2021-06-25,0.0026509116714938923,0.002500482805347546,0.0024869644312232064,0.002112714763085418,0.0025133778470411952,0.002650969281708127,0.002638379162825508
2021-06-28,0.0008212707955994167,0.0009137125203191774,0.0010750070032014352,0.0004655821545508194,0.0008044989251299882,0.0008241382417594975,0.0006985635186373424
2021-06-29,7.638273572431643e-05,1.3045857971056933e-05,0.0001773198951864967,-2.2367858216338976e-05,0.00021063115463510493,7.650693604104765e-05,-2.5383171730066745e-05
2021-06-30,0.0016790098045785804,0.0015481988007750582,0.001524928068729134,0.0015113346187225327,0.0015517276494877257,0.0016808050144831413,0.0016795359733316124
2021-07-01,0.004522424812030213,0.004203823008597214,0.004234492822088492,0.004240599155444892,0.0038185453142180813,0.00452601756973849,0.004718544403960054
2021-07-02,0.004014863984470653,0.00383804688398728,0.004138249594422966,0.0034170958302136645,0.004021999475504292,0.004015117492949348,0.003797219623101428
2021-07-06,-0.004073711193058519,-0.003699699737629382,-0.0036132161372209046,-0.003940234514792616,-0.003121044081931745,-0.004081168838770819,-0.004384253340922473
2021-07-07,0.0005272424605927849,0.0005975347953493958,0.0006578888480898705,0.00029271849212167086,0.00099081815744041,0.0005216256604995647,0.00031562530360799583
2021-07-08,-0.0072307012192487355,-0.00670784172499127,-0.0068662741395562055,-0.006680095176088091,-0.006324525017858584,-0.0072391217774636085,-0.007429734905327968
2021-07-09,0.011760418288260318,0.010824269609204795,0.011007346836963822,0.010976721502371263,0.009929199863790662,0.011778268075189308,0.012225531527270113
2021-07-12,0.003130120014331067,0.003004313554496521,0.003110668323922325,0.002565912011582654,0.002939010428168341,0.0032307478204411026,0.003258722656755969
2021-07-13,-0.005084538719273068,-0.0049664197641667,-0.004980577700382448,-0.00507846473186857,-0.004157751121617873,-0.005478331594761831,-0.005893074545336171
2021-07-14,-0.0015648401710635891,-0.0016105920499530817,-0.0015605112378195617,-0.002026334435305609,-0.0009447328592437574,-0.0018926809714095879,-0.002240209583125391
2021-07-15,-0.0030858677923971557,-0.002946758821694654,-0.0031159231506079823,-0.0030004988763799386,-0.002723866130710517,-0.0032049175946457847,-0.0033287119211745995
2021-07-16,-0.008469838734594894,-0.008036441066252054,-0.008249373873583597,-0.008130910010875349,-0.007480022775308997,-0.008745326960884044,-0.009023859416636358
2021-07-19,-0.014131236124260642,-0.01337404778680952,-0.013633357420747163,-0.01329954317050754,-0.012796098425573273,-0.014452068800104287,-0.014773122462146645
2021-07-20,0.01609133941679006,0.015338870389873707,0.015666040804907508,0.014121469666566907,0.012359356899268776,0.016759425699701458,0.017452003400334166
2021-07-21,0.009170935952233004,0.009000962036127548,0.009209355480474458,0.007481628843392039,0.007232896373081017,0.00982658153006093,0.010223940124082039
2021-07-22,-0.00018666718746623758,-0.0006877197072825671,-0.00026010206319286447,-0.0008733034822941292,0.00018865528380564264,-0.0008862650940800843,-0.001254570697139029
2021-07-23,0.007980537248363829,0.00762861424024324,0.007836603174377337,0.006117871345041237,0.006691316355789354,0.008191369535362557,0.008294232108145658
2021-07-26,0.002082028440402665,0.0020582807468300527,0.002030628618575366,0.0018279924844392683,0.0016681431114235717,0.002220745468614051,0.0022922830274158894
2021-07-27,-0.006068684143880657,-0.0059992774803347216,-0.006036836256511283,-0.005455668533107392,-0.005069845910894349,-0.006579335694127611,-0.006836255077767565
2021-07-28,0.001874466213409793,0.002192047263727142,0.0019783359270119432,0.002275971498560237,0.0015385453761831685,0.0025249119927713893,0.00286499441409728
2021-07-29,0.0039948376716488305,0.003986407061850594,0.0039001620846026534,0.00358237727522592,0.0031641311859228836,0.004323760013881452,0.0044929041932242056
2021-07-30,-0.004779490382068994,-0.00468241934807663,-0.0046939100589879915,-0.00416872389847524,-0.004023025607845612,-0.005074052879951923,-0.0052224389652142985
2021-08-02,-0.002191596527581266,-0.0022142137169708117,-0.0021235786479405004,-0.0020153259894210565,-0.0017600470146972,-0.0024137190595653352,-0.002527851005956941
2021-08-03,0.006546976684963993,0.0062794139730885,0.006369026771613445,0.005450171198494303,0.00555214715173984,0.006742938990938977,0.006838821606018278
2021-08-04,-0.005496659278937817,-0.005543342011014293,-0.005287407501307989,-0.005045744681092162,-0.0043745333490743405,-0.006045245278560879,-0.0063259667340933015
2021-08-05,0.008195383535729987,0.008210258698988237,0.008029004666013773,0.007497687191320302,0.00670311750470503,0.009002454951233177,0.009413963480168352
2021-08-06,0.0015242114820238906,0.0016347941950031007,0.0014260160888369881,0.0015215167836015323,0.0011060303874747821,0.001776437090912129,0.001909136427779793
2021-08-09,-0.001482221533028726,-0.0015660274294037047,-0.0014212945765037148,-0.001481719381375607,-0.001118361500163002,-0.0017283892901212201,-0.0018552359281587044
2021-08-10,0.0008202988292783874,0.0008506836755206188,0.0007031118429944484,0.0007551234503670127,0.0005529801903145726,0.0009039944488588807,0.0009481930613199067
2021-08-11,0.0028172859312932666,0.002787184416572437,0.0027718167863502565,0.002501050784113274,0.0022358371502660596,0.0030268820921123996,0.003131891823496487
2021-08-12,0.0014557797708374333,0.001300457739293394,0.0013898318478467342,0.001030729494285934,0.0013545901749414863,0.001346912141671791,0.0012901742744686397
2021-08-13,4.977380315755069e-05,-0.0002225333986706949,-0.00015321512242303975,-0.00042975727056161956,0.00024835443519094643,-0.00033705672878381755,-0.0005390518028786451
2021-08-16,0.0003419333021953115,6.235009590547808e-05,6.995207184122803e-05,0.00047411322460597414,0.0004331523277645274,-5.0098972935006154e-05,-0.0002550219422750518
2021-08-17,-0.007854453819537838,-0.007697538658727054,-0.007946296683883736,-0.00868446051524298,-0.006573406363811093,-0.00839010776206411,-0.008657757900120645
2021-08-18,-0.009395174858163286,-0.009074292120688509,-0.009351999117008038,-0.009994964565810775,-0.008678089228102141,-0.009776535077163698,-0.009966807551800815
2021-08-19,-0.0010053405765123383,-0.0011989501045623716,-0.001104268854103284,-0.002850949504544032,-0.0005237810435110497,-0.0014211524777729893,-0.001697681173506378
2021-08-20,0.009701387689186535,0.008838321179760375,0.009513759082563043,0.007149840137519065,0.008695731006227435,0.00966072512154448,0.01004721013271685
2021-08-23,0.01137965316677391,0.01036820135447983,0.011213188469808892,0.008251609738319593,0.010227549700306425,0.01133677153157232,0.011765558001613595
2021-08-24,0.00328908238871506,0.002945206915169872,0.0032610922796588184,0.002586390514863494,0.002796246175940772,0.0032644821528043603,0.0034825587958837246
2021-08-25,0.0017524863536788444,0.0016124430129503178,0.0017210366870442624,0.001458352692361157,0.0015846773887453727,0.00174183209032095,0.001824968033265242
2021-08-26,-0.006571472338798172,-0.006022838182089293,-0.0064333686920229,-0.005418506996980517,-0.005998849710802025,-0.0065465334300773715,-0.006777810806696957
2021-08-27,0.012114846988442557,0.010984152827483266,0.01192745009526185,0.010112846905340622,0.010690865185089287,0.012044038472169442,0.012668917157070702
2021-08-30,0.0027353607608343418,0.0024307690920260493,0.002946388876115123,0.0019690350726381456,0.0028545851755974435,0.002556387418473453,0.0024640514283496826
2021-08-31,-0.0004632839797364985,-0.00042162415642413753,-0.0004930552858853289,-0.0002972941237336581,-0.0005710774094437726,-0.0004192340871534782,-0.000375696388102067
2021-09-01,0.0014563638346004732,0.0014356871387727647,0.0013328084224130169,0.0015809527743707516,0.0009806971994802199,0.0016071620161645503,0.0017554133997169268
2021-09-02,0.002980898750356481,0.0028874031803214207,0.0027467831586895095,0.002955210496947939,0.002553290543074599,0.003131680253327181,0.0032801508932841436
2021-09-03,-0.0007699698397271168,-0.0007804770739460703,-0.0006213528608402609,-0.0008719381192086807,-0.0005442928081123735,-0.0008677709221654898,-0.000965487077508186
2021-09-07,-0.004001291058996281,-0.0038269579198618323,-0.003670648911408151,-0.003875574206472773,-0.0035902721852343394,-0.004154910083638396,-0.004301064547326799
2021-09-08,-0.003576537994100774,-0.003446587587605589,-0.0034665001728119435,-0.003658969803856599,-0.0027935486239081906,-0.0038245020117503585,-0.004062370319716182
2021-09-09,-0.0031830251594294747,-0.002994227955278984,-0.0030930524995055426,-0.002865851251864642,-0.003110988868531888,-0.0031859881256020577,-0.003184885795323124
2021-09-10,-0.007733337247825985,-0.00735569595029689,-0.007575964015977079,-0.00735897087072087,-0.006931480703994557,-0.007963127152061523,-0.00817982447618587
2021-09-13,0.0036908915004251093,0.003497610630837873,0.003516654820132312,0.0038348756239150288,0.0033315378881310954,0.003822308380947942,0.003943824721018811
2021-09-14,-0.006673061140379662,-0.006382553346241221,-0.006501124654326935,-0.005756769320328052,-0.005782626793564305,-0.0069641171470573035,-0.0072428164890308774
2021-09-15,0.007797627955113635,0.007436032480575491,0.00765695826912819,0.0065749772435972085,0.006942759162887948,0.008047314025525717,0.00828711940190384
2021-09-16,-0.001019039081201453,-0.0009820278212712083,-0.000971968104944788,-0.0008502455768347266,-0.000966003807877195,-0.001043995954897131,-0.0010695453529287564
2021-09-17,-0.0067503326040188796,-0.006346014826119442,-0.006645344725151025,-0.005361955242781189,-0.006523226387488422,-0.006752408478371009,-0.0067463516461859436
2021-09-20,-0.01813514848884868,-0.017192514114244713,-0.01776073122517758,-0.015202333601410703,-0.016243023446860783,-0.0186639736805573,-0.019156151080849393
2021-09-21,-7.917872609653333e-05,-6.136613341688717e-05,-4.89863371787786e-05,1.1812353921841393e-05,-0.0001301794742529571,-3.143369451353808e-05,1.5355950234490073e-05
2021-09-22,0.010186480730057375,0.009686463820231818,0.009975109021965009,0.007483266381270284,0.008789841986763355,0.010534400191228884,0.010865607178787226
2021-09-23,0.01263019261301841,0.012016256775911963,0.012308906782519209,0.00804749832602039,0.0110685316115945,0.013045258549210199,0.01343905695458328
2021-09-24,0.0002219193587601828,0.0001710476648853704,0.00019494489466578943,0.0004447531438115757,0.0003748402918045385,0.00011385982764647345,7.709252083639504e-06
2021-09-27,0.000582153235244702,0.0007000065870703122,0.0005415649419063727,0.0008645273689446631,-8.571669968244556e-05,0.0009096217953995433,0.0012357989296533868
2021-09-28,-0.020379354779928888,-0.0192980053959833,-0.02005690070773753,-0.016533594551599053,-0.01723704868069137,-0.020895105808348084,-0.021369631720217244
2021-09-29,0.0005076119126334474,0.00047063146921391225,0.00044289591424161737,0.00033396127771877075,0.0008382218202905327,0.00046210794805568795,0.00041803077486669653
2021-09-30,-0.01059530982526655,-0.010046952884140457,-0.010226708430098116,-0.0057035136072416705,-0.008530720334934825,-0.010814859176402777,-0.011020153752644897
2021-10-01,0.011655579918340726,0.011091896108529701,0.01133132581656993,0.0073578971027832745,0.008510071838270962,0.012030159894929657,0.012387916241003542
2021-10-04,-0.012324212656308745,-0.011593546213348094,-0.012136275977612028,-0.007607246145809225,-0.008829583931332692,-0.012545203838724213,-0.01273918134568625
2021-10-05,0.009013250379432996,0.008447444074221704,0.008809857231871315,0.0054484915696452795,0.006497861977646374,0.00910436957178792,0.00917672307730651
2021-10-06,0.002248320720524091,0.002335160121673267,0.002492296846175061,0.00138775624934352,0.0016483921266934863,0.0024486901375187753,0.0023277094226956583
2021-10-07,0.009782156647767172,0.009475228164910388,0.009752370077024541,0.006619400757062205,0.006765616029449552,0.010327572288022273,0.01067322016763933
2021-10-08,-0.0029508662186980023,-0.002924390810382127,-0.003059245489195478,-0.0024427598838879768,-0.002006248728840446,-0.0032271054077051956,-0.0033967497505228367
2021-10-11,-0.006635352079719145,-0.006409896490890356,-0.006625074691449323,-0.004909676029607243,-0.004472613735753122,-0.006921378473398795,-0.007045870533263903
2021-10-12,-0.001368936099886813,-0.0012696888194867989,-0.0013521848475557348,-0.0008240862866977592,-0.0009858759522490934,-0.0013148283643709586,-0.001185950746852089
2021-10-13,0.003487012209698866,0.003448030868723415,0.0036527509199524998,0.0026800529516432647,0.0024790500858842754,0.003755163292309579,0.0038556324538608676
2021-10-14,0.015163892558002257,0.01468802245233777,0.015208586251531736,0.011255183437034477,0.010072530749392215,0.015865177480083932,0.01617455810453361
2021-10-15,0.005980973617928675,0.0057455620164814335,0.005926181213398663,0.004136027961401558,0.0039285240831466815,0.00612685307690513,0.006054119341804275
2021-10-18,0.0022710434946131646,0.0025217040778158836,0.0027534350968072027,0.0025632810544519748,0.0017253863587276186,0.0027164423617979925,0.002709419355941998
2021-10-19,0.0057386136083743145,0.005745618371564154,0.005949570806882163,0.005302201249624274,0.003908001068970943,0.006153486640894163,0.006228195481514504
2021-10-20,0.0031945003840078198,0.0030477327995986807,0.00304862322968317,0.003072473523211064,0.002037248548415347,0.00328344949308883,0.0034255334166922724
2021-10-21,0.0022199365115041433,0.0023589001405908915,0.00257599312222883,0.0023513056738827245,0.0015968367485398366,0.002552197589156485,0.0026093639901863274
2021-10-22,-0.0016151953402007615,-0.0018271295129945002,-0.0020673799458321577,-0.0018606314301560646,-0.0012268114391807143,-0.002012333455441954,-0.002057887802953303
2021-10-25,0.005809907392301897,0.005763172226519984,0.006231077183166162,0.005961644785369833,0.004029274468599888,0.006276308976963086,0.00648071172413938
2021-10-26,-0.0007328031428684344,-0.0007090429773979944,-0.0006119360257934301,-0.0006414063455694023,-0.0004310684034470534,-0.0006154009901359925,-0.000777283827511864
2021-10-27,-0.006494239479222264,-0.006236032130235884,-0.006210388174686827,-0.006031236350835709,-0.0042245840677723875,-0.0063706078070958,-0.006780976895240315
2021-10-28,0.010662831044711668,0.010468461936498571,0.010764063877444205,0.010422127743385159,0.007780861038925487,0.01090368811873375,0.011341149223505794
2021-10-29,0.002457758695796526,0.0022889315171725137,0.002405333266673629,0.0020645401206281777,0.0019086319073018914,0.0024653462553511896,0.002467494455704258
2021-11-01,0.007018242503498002,0.00686543385089161,0.006966671371082674,0.006809222379488108,0.004896206258189143,0.007020977635504957,0.007572104514133429
2021-11-02,0.0036074789343538962,0.003410609943459717,0.0035122461462862237,0.003298339243391618,0.0030523462074731507,0.0036132966360514487,0.0036572174849892063
2021-11-03,0.008305775690781248,0.00800390317677488,0.007863503761188283,0.007841412550346132,0.006813568589879989,0.00831689716111329,0.008687538061658166
2021-11-04,0.0038591935346110797,0.003610061447200357,0.0039057310054504118,0.0035048450380809923,0.003634585452380828,0.0038749198200431455,0.003862289338881719
2021-11-05,0.005399641115290228,0.005237495493113015,0.00496499846471247,0.00505834669591772,0.004331634971926083,0.005399701520192295,0.005689022607529301
2021-11-08,0.0014213180906145909,0.0013714967742114988,0.0012840520855188944,0.0013097279897506364,0.00116624408230787,0.001419968758690376,0.0014826545859402197
2021-11-09,-0.004455893459539034,-0.0042396130671777344,-0.0042698784809727325,-0.004281387692555944,-0.0038450142920203306,-0.004464928596554456,-0.004584830173894636
2021-11-10,-0.01033471112500403,-0.009866771249961433,-0.009868296327699533,-0.00977923532665462,-0.008842207713291295,-0.010352856764400894,-0.010670341157265907
2021-11-11,0.0010780818649769994,0.001123566255341654,0.0010050697714580337,0.0011331747833141998,0.0007467947826492772,0.0010788193090632654,0.0012509713506241643
2021-11-12,0.005986626321452152,0.005637373116646402,0.00587036084501379,0.005287906290744308,0.005310405542244096,0.005999672785914527,0.006013819135766607
2021-11-15,-0.0007475571406416449,-0.0007394364216477558,-0.0006593843124909992,-0.000664909888149491,-0.0004898269123205453,-0.0007477995840454337,-0.0008273006869621704
2021-11-16,0.0035400558754954577,0.0033434386372659104,0.0034746003971692693,0.003277554835621442,0.0030550368562846306,0.0035489253277773726,0.0035818144459282145
2021-11-17,-0.004730347707203779,-0.004585715376667186,-0.004511185477038401,-0.004501367967705425,-0.0037570029692488606,-0.004729831897242875,-0.004995137626471938
2021-11-18,0.002049828314119842,0.00187614570450296,0.002100666927521332,0.0017936500815706508,0.0018974784415471523,0.0020624077647637016,0.001974079187791939
2021-11-19,-0.003252521802198183,-0.0031579885442934615,-0.0030597835682188794,-0.00308156917147428,-0.002676138014690035,-0.0032464682719040242,-0.0034366157320966082
2021-11-22,-0.003937083982627504,-0.0037289802065827177,-0.003975585056323125,-0.003657916438638937,-0.002942021886545133,-0.003950957436835987,-0.004037557714426845
2021-11-23,0.0005381602787201702,0.0004970067820177915,0.0004094328826117699,0.000434197492066288,0.0007396541249463554,0.0005330819299141311,0.0004953517838822771
2021-11-24,0.00162194050784217,0.0015501026269945858,0.0016319596273443849,0.0009622404380883764,0.0013785802100295128,0.0016251712449525876,0.0016473898921947007
2021-11-26,-0.024812033043261884,-0.02373771847805441,-0.024258268643265888,-0.021084658760434367,-0.01993518691015178,-0.024835268810711835,-0.02560866774241148
2021-11-29,0.010523668784447295,0.00918654222372917,0.010409298465303864,0.008368177227080303,0.008526588486278908,0.009840074392305852,0.009802523571931156
2021-11-30,-0.016784961079277995,-0.01689517516660121,-0.016380999448295193,-0.011029651514927035,-0.014350297471939898,-0.017719162916312287,-0.018153830801542096
2021-12-01,-0.013909001764393383,-0.014256045140284538,-0.013633864839207381,-0.01327067006658627,-0.00871900279547283,-0.01497562257838147,-0.015472254694137053
2021-12-02,0.015141299866602703,0.01598195840399229,0.014443932117389488,0.010507403764307605,0.011413594206107266,0.016681308994086333,0.01731520874835147
2021-12-03,-0.00948138843700843,-0.009834086285894106,-0.00857956442003814,-0.006809392887490296,-0.006163137268955529,-0.010817956454170169,-0.011284492168205967
2021-12-06,0.013267163770177786,0.01325494242451755,0.012248088768908491,0.008910113159416777,0.0091050897733739,0.014395033983646728,0.014844684927546455
2021-12-07,0.019133654438829202,0.019310648979104443,0.017712801627412112,0.012884166225265777,0.012978552046573992,0.02064637600025997,0.021352678153043234
2021-12-08,0.002717752693186993,0.003021693728591817,0.002545774679588341,0.0020929724738657654,0.0017724337441666137,0.0031191229485244857,0.003438515333951142
2021-12-09,-0.007218360970104389,-0.008709630591732884,-0.007081231730223682,-0.006652343468638008,-0.004886172037877201,-0.00898044526205138,-0.009998405930439071
2021-12-10,0.0053766284744485165,0.005872812282497345,0.005512765660460897,0.004304311831191491,0.003976868646030631,0.006275195721529332,0.006145773864185932
2021-12-13,-0.00853597067777729,-0.010097403764005475,-0.008841661301123963,-0.007899123246590279,-0.006303778726582318,-0.010616458051237468,-0.011261056960047826
2021-12-14,-0.005001408506774387,-0.006038287975940393,-0.0052212390813716255,-0.004605141025142165,-0.003663168248562506,-0.006305685207905216,-0.00670935901710315
2021-12-15,0.012001030163518334,0.014226176001472225,0.01252489204585231,0.012646637424540533,0.00886755424980008,0.014961747370800665,0.015713378802748017
2021-12-16,-0.0091688830847882,-0.010816973142544605,-0.009434097128153582,-0.008569944131802985,-0.006062369451033484,-0.012047350678535875,-0.01300330565203345
2021-12-17,-0.006009795932503752,-0.006002805836022791,-0.006327108647738885,-0.004326867585035704,-0.003978446018599389,-0.006814579148795831,-0.006205927889723856
2021-12-20,-0.008880350614029855,-0.010239498409364464,-0.009464441905610724,-0.008060035301946364,-0.006082618628984729,-0.010576024111549849,-0.011640661740182625
2021-12-21,0.015164247664617443,0.01792086165362649,0.01623503169405441,0.014282036638502648,0.010472876658909957,0.01791717587698086,0.020707826648573638
2021-12-22,0.00676801829597507,0.008474339879570499,0.007516604948502014,0.0067075056174513755,0.004818307225408242,0.008534643175823198,0.009661574353782192
2021-12-23,0.004685929470615196,0.005844619578855596,0.005186252897557277,0.004658002463479897,0.0033171171686973487,0.005876820276008163,0.006689151312454016
2021-12-27,0.008708402324747743,0.011034475947095506,0.009925107507998538,0.009691805451001942,0.0064810660798161135,0.011187884494646798,0.012450726384763197
2021-12-28,-0.0008093586861278143,-0.0013410306501779046,-0.0009587013994019327,-0.0013880798823114975,-0.0004002942006911323,-0.0011762396923766343,-0.0017339509045170467
2021-12-29,0.0008962969499682695,0.0010873762703596426,0.0010255586118411242,0.0009424347703860072,0.0006591832411177116,0.0011325553217465382,0.0011776394340179367
2021-12-30,-0.00170769092100904,-0.0021043181311511472,-0.001940643770374219,-0.0018779525275182574,-0.001219687729412167,-0.0021710364718558178,-0.0023469787165394202
2021-12-31,-0.0021734774957717085,-0.0026699652709983334,-0.0023917401496838697,-0.0024664251052638354,-0.0014497756723205575,-0.002711705572815328,-0.0030849343357837486
2022-01-03,0.0064033512193176646,0.007504370686680918,0.006662037476149595,0.0069618836592647195,0.004032367767664052,0.007491108187599059,0.008711492507517633
2022-01-04,-0.00046219258460637394,-0.0012287314867435025,-0.0008672727188088568,-0.001390483348989128,-0.00018713939221399605,-0.001172770173938193,-0.001741709938850839
2022-01-05,-0.016350244361713853,-0.019352604074427612,-0.01725664099539149,-0.018001614693678284,-0.011626878929091412,-0.019707568484788635,-0.022503881976180015
2022-01-06,-0.000899079392322502,-0.0005668587491897013,-0.0008160735117437513,-0.0004106115195597734,-0.0005185162732558281,-0.0006932547894569933,-0.00044304577725354336
2022-01-07,-0.004090306742895558,-0.005049769307756238,-0.004307047491711356,-0.004888127868792115,-0.00282772159726531,-0.0050864383946153694,-0.00608320708157536
2022-01-10,-0.0018228147755981767,-0.0018160842143402664,-0.0016993804906620513,-0.0016162134810255263,-0.0014325543690278252,-0.001918154985074267,-0.00201706341537234
2022-01-11,0.007241953622447503,0.008186622506362816,0.007414248499619383,0.007548869319450594,0.005008245538936244,0.00836496251222221,0.009483033278087121
2022-01-12,0.0006350904354141816,0.0004322192636523898,0.000679030164227791,0.00024021650109714557,0.0002026208903931961,0.00047940354562267583,0.0003053330756010146
2022-01-13,-0.009755824566311525,-0.01105272084387211,-0.01013247257329709,-0.010164818724290014,-0.006908802458302259,-0.011266790337283021,-0.01274755702070629
2022-01-14,-0.0005085134317991772,-3.96457039675234e-05,-0.00024938688420296783,0.0001281499578117876,-0.0005487237140537485,-0.0001639402216083993,0.00018140623348869458
2022-01-18,-0.016687785758981076,-0.018129933484662596,-0.016303085731521096,-0.016737026817248757,-0.011995396180754448,-0.018580643302445472,-0.021020344907755794
2022-01-19,-0.009600294175440135,-0.009715740838967405,-0.009193827323708922,-0.009245562996483509,-0.006837264814888799,-0.010417020355296331,-0.011659461885736633
2022-01-20,-0.010135766232595052,-0.010450175536028167,-0.009719416027321496,-0.008290529881369552,-0.007138702640373095,-0.011093787818855014,-0.012567863378408069
2022-01-21,-0.015756403375128063,-0.016563386270910488,-0.015509309174846532,-0.013548834908203692,-0.011016232117186633,-0.017395876741786657,-0.019550423868159316
2022-01-24,0.006778880855893569,0.0065856291226105155,0.006180619941781163,0.006194320395673478,0.004695967836128377,0.00955182950769189,0.00899239652838908
2022-01-25,-0.009419626049951913,-0.010030673761987793,-0.009476723098409622,-0.009216372251179434,-0.006328185646954272,-0.011568651987913167,-0.012664613131200647
2022-01-26,-0.004015419627364518,-0.003885006496487411,-0.0035418912460887506,-0.002515387542367993,-0.0032459796291899583,-0.0050145566606669,-0.0049700510869758
2022-01-27,-0.00632850693528444,-0.006633721901690424,-0.005968115518890805,-0.004527653687496511,-0.004214315428496796,-0.009029689640779747,-0.008983604269188044
2022-01-28,0.018516508681936397,0.018955180901926834,0.018238990444040225,0.011508170005825045,0.013326365201350113,0.022148149497586776,0.02290388536540859
2022-01-31,0.016765910062885706,0.01734895029630455,0.014835480557121868,0.011064301635977434,0.011868418519473655,0.01893231004900327,0.021796913345573127
2022-02-01,0.005982507978465298,0.006548112414298443,0.005776577743873314,0.004029565468597012,0.004655985621079122,0.00714861727834865,0.007858266158606802
2022-02-02,0.004000899265509955,0.004195433305125524,0.0037294791567982774,0.0022079355750143073,0.0027589706052346613,0.004277037316343263,0.004254041239939803
2022-02-03,-0.016603211722718503,-0.01942745805588885,-0.016760703420443775,-0.014197483383602612,-0.012453008412906594,-0.021048124095172784,-0.02361764853936086
2022-02-04,0.002873931627538934,0.00348759515518424,0.0032232153513164397,0.0035535248499778743,0.0022170554001956022,0.0037737943002755948,0.005038121680394199
2022-02-07,-0.0010870001615847394,-0.0011385930332937718,-0.001176289097085283,-0.0011199201313493957,-0.0006949501137728511,-0.0010921379997038435,-0.0015766955611827976
2022-02-08,0.007812395035361365,0.008713295911845517,0.008106427967369293,0.007966329890031317,0.00633024785905856,0.00962860105415239,0.01132029116401822
2022-02-09,0.010190436212617279,0.01164622549711357,0.010798720033232416,0.010895841907124854,0.00815033919089768,0.0127510657183299,0.015413507326633264
2022-02-10,-0.012258781408090457,-0.013521919278034738,-0.012705940233365475,-0.012296862806447158,-0.009713305548957314,-0.01473481481461219,-0.017330946134698128
2022-02-11,-0.012765705811444037,-0.014648190298552506,-0.013868630185866884,-0.013476176501873745,-0.009961239402692982,-0.0158349839495997,-0.019088150446606965
2022-02-14,-0.001963192856421762,-0.0021292673798872907,-0.001922308732208448,-0.0016699239347035002,-0.0015384242282348696,-0.002401745550962799,-0.002386436273315413
2022-02-15,0.012225946324434737,0.014462757333351069,0.012947362701502263,0.011801945700510408,0.009820998483883063,0.015915401635785364,0.019247991904098396
2022-02-16,9.11314197034083e-06,0.00015919748903565087,5.383271207280138e-05,0.00011008363794312927,-0.0004460595031414845,7.309339462838557e-05,0.00021927347243703586
2022-02-17,-0.01526823824888886,-0.017700821421793585,-0.01595656933489304,-0.011480398893356978,-0.010008376548924832,-0.018775563654007062,-0.023043627113170685
2022-02-18,-0.005128451455026998,-0.005948507872227951,-0.005386877699673412,-0.003877750308648105,-0.0033639359473213067,-0.006299848437832509,-0.007880549545104639
2022-02-22,-0.008807907554209467,-0.009842697907524386,-0.008932263637076752,-0.006081799842254133,-0.00574926244875433,-0.01054720444562531,-0.012396661149961777
2022-02-23,-0.01199977279252766,-0.014031602701726108,-0.012590562182277656,-0.009025371140557122,-0.007786892708521253,-0.014914135589852493,-0.01853517767952229
2022-02-24,0.010156464656318427,0.012851551477742562,0.011336486437154845,0.008866012186296578,0.006510387356076794,0.013391367797267992,0.018422854752422082
2022-02-25,0.015294601366381826,0.016638081224889557,0.015154400182123785,0.010399246269751371,0.009867497937253564,0.018476651962668032,0.021347668853050474
2022-02-28,-0.0015074923551313376,-0.0012966711067518124,-0.001129594322038793,-0.00025861108153060644,-0.0011435669986913357,-0.0015591067844927023,-0.0005267908090674118
2022-03-01,-0.010665830819639538,-0.011976723566042074,-0.011020700360901994,-0.008192470318897633,-0.006646579750998033,-0.013246110852483535,-0.016640425106446418
2022-03-02,0.011942388406943883,0.0133703081573246,0.0124149943932468,0.009277443499159035,0.00736681407837223,0.014940201228190973,0.018994748971209497
2022-03-03,-0.004463637681680009,-0.005012311506535709,-0.004708833846163232,-0.003923019465431616,-0.0028739732362519964,-0.00561870610788725,-0.007948645614387071
2022-03-04,-0.005953983584230131,-0.006674911816103624,-0.006250054216407825,-0.004999080383051083,-0.0037595627222566526,-0.007476855517212686,-0.01018094926464881
2022-03-07,-0.01778067813792596,-0.020171594281294926,-0.018313325016721893,-0.013910863556969646,-0.011139859697645015,-0.02194706116018187,-0.028515814919489877
2022-03-08,-0.0027218451585429232,-0.003212798510757512,-0.002651575340880545,-0.0017576466651330956,-0.001679190533654379,-0.0031790172174000104,-0.0036697692766757494
2022-03-09,0.016657453100972316,0.01890636469984312,0.0172370614333056,0.012606363615365688,0.010364155419054135,0.020748701258848496,0.027452540456540067
2022-03-10,-0.0034126279581826718,-0.003477954944446211,-0.0034141255725799544,-0.0019885060181143413,-0.0019452073730219527,-0.0036570566069315867,-0.005005094412349419
2022-03-11,-0.007486122790205636,-0.0090182720653468,-0.007749327521821478,-0.005404950601919157,-0.005017112087207805,-0.009920802572033354,-0.013639589946356253
2022-03-14,-0.005192935138074593,-0.006009315120696013,-0.005267999800998233,-0.004020507812664301,-0.0034049553352658137,-0.006823548746975228,-0.010246527536320256
2022-03-15,0.012156646484840314,0.01507604674912367,0.012775586212137435,0.008331171744688028,0.00824577979417224,0.016267878361679686,0.02137210097708436
2022-03-16,0.01418652866316783,0.016604434968150845,0.01476544504790201,0.010126308953224418,0.009508777417741086,0.018910249353089437,0.025651318691859028
2022-03-17,0.007593254504414887,0.008965187696378739,0.007991616326102288,0.005221486257601611,0.004867875510362801,0.010240538295983044,0.01300334229385987
2022-03-18,0.0065872520765885,0.0076198070390783934,0.0068467238637915945,0.007808688330900396,0.004247675495906428,0.008627066719780195,0.011654540001554232
2022-03-21,-0.002222070190602904,-0.0025236275969724546,-0.0023854887956556298,-0.0022923762602466862,-0.0014572562078121907,-0.0030419792514839532,-0.0037927501336872684
2022-03-22,0.006774479812855964,0.007867538441991858,0.007050294610400942,0.007161712181927105,0.004386590412139506,0.00888937946681203,0.01184931661983466
2022-03-23,-0.008414189900522076,-0.009874952472550642,-0.008855169246451232,-0.00863672502550717,-0.005515896221195378,-0.011252013499327406,-0.014239078345722961
2022-03-24,0.00839786526973799,0.00982010627976814,0.008760839990404879,0.008791861873247122,0.005455374633673254,0.011065585820755314,0.01455603203939644
2022-03-25,0.0018058880681087674,0.0022992481542626706,0.001927060449121052,0.0016574657960189319,0.001228229147970625,0.002472036675393574,0.002740587196814305
2022-03-28,0.003567369380621268,0.004125978369020763,0.003675484641057625,0.004551814453524855,0.0023115250134836856,0.004532770647604186,0.0062884120750807656
2022-03-29,0.009039759847472397,0.01030457355123122,0.009406557867665713,0.011146709564531376,0.00581764439570814,0.012047763087895005,0.015873023759131907
2022-03-30,-0.004948683567759987,-0.005443434088035675,-0.00507661050135453,-0.006373590710862291,-0.0031193575624827974,-0.006543737779543133,-0.00902232976479248
2022-03-31,-0.00891531826845252,-0.010298744718651453,-0.009390000096556304,-0.011207045835279912,-0.005731412575739914,-0.011486608320477657,-0.014197120384872535
2022-04-01,0.002442780753626468,0.0027086579492819427,0.0025403723512973254,0.003262164542975644,0.0015201508743821633,0.0032635178442741884,0.004080171471018642
2022-04-04,0.004866892190011463,0.0054778429144218006,0.005111487478138371,0.006795146909707876,0.003087186389858833,0.006105665874144522,0.008508692316831141
2022-04-05,-0.009122181459922416,-0.010104191230741882,-0.009518343179872879,-0.012688307550139647,-0.005732576552726469,-0.011776510964831519,-0.015838791946511974
2022-04-06,-0.006552201014731354,-0.007478843273779991,-0.007051203177625193,-0.009580317904968189,-0.00413963137909749,-0.008682276199228671,-0.012006030926402024
2022-04-07,0.001740490229689043,0.0017924300705004744,0.0017098239319800878,0.0013213197359934967,0.0010270061801310507,0.00204211303527469,0.0020205410213967405
2022-04-08,-0.0016555883226427516,-0.0018870883746793321,-0.0018167320791550741,-0.0030767933207260316,-0.0010089074966408034,-0.002636596117005736,-0.004234659883214954
2022-04-11,-0.010186618215830268,-0.01041444684196865,-0.009857463821270573,-0.010540890902944959,-0.006072572409363146,-0.01262993049955895,-0.015022874157801215
2022-04-12,-0.0016690846246621472,-0.0017094643345010297,-0.001733143300634458,-0.0014638436487807945,-0.000987557115502568,-0.0018803970886131444,-0.0020935354790687596
2022-04-13,0.00957811208573072,0.00969979224677531,0.009698896028895634,0.010423443575262491,0.005690654582255984,0.012298910186989998,0.01494792735511467
2022-04-14,-0.007159740222118878,-0.007477519417785718,-0.0072798775596009,-0.008300749933696361,-0.00497186726928414,-0.009376494514529939,-0.011855024334801921
2022-04-18,-0.0007148200942112378,-0.0006500820251053194,-0.0007933770418524883,-0.0008260637502575497,-0.00042596821664583044,-0.0009157386218423712,-0.001178470486002054
2022-04-19,0.013551352565102828,0.011892452386105187,0.011769611102687899,0.012346022208499736,0.010052259785668293,0.016377191393399274,0.017692178892445433
2022-04-20,0.0007313466495533238,0.0003723254276059718,0.0004617503683335279,-0.0005009644673194418,0.0005253353301543548,-0.00016444764336963875,-0.0007356747534835648
2022-04-21,-0.012508431509219195,-0.010885976580081783,-0.010859525294168535,-0.011652197259793096,-0.009257735499815062,-0.015310190975142898,-0.016621137290141034
2022-04-22,-0.021317442487245864,-0.018799154069753316,-0.018407368112809103,-0.01864307607982931,-0.015815905782041218,-0.025068830129267503,-0.02670123137029955
2022-04-25,0.005723458474811077,0.00513047650339789,0.005062381602102401,0.005395222920213877,0.0036148253676743292,0.0070923045611952056,0.007804077825287097
2022-04-26,-0.023221550542231854,-0.020442172611458576,-0.020126763466680107,-0.016753927417296057,-0.015805243690648205,-0.028213261877295844,-0.030561282247909213
2022-04-27,0.0009009211128734075,0.0008443702059625493,0.0006700740876107702,0.0002510587638396324,0.0004120188757943013,0.0007082667257976273,0.0005028235179312306
2022-04-28,0.015810852256766733,0.01492906422633883,0.01516053523154413,0.012040290850380244,0.012298331202128567,0.0218865574627936,0.024263444445530424
2022-04-29,-0.022807938444673735,-0.021476204933920096,-0.02183241976907699,-0.01720440286939669,-0.01711706596971957,-0.031124970458687125,-0.03422714655842083
2022-05-02,0.004676681020643985,0.004637387320636749,0.004662310471098646,0.0040922571428598075,0.00372326350572782,0.0060257330874981755,0.008304298097068981
2022-05-03,0.002377626104760988,0.0023367221267728954,0.0023925960423058445,0.0019599372932015816,0.00190971453014157,0.0031953797437516557,0.003953642439947482
2022-05-04,0.017733478966096908,0.018731915082018387,0.01846454130537003,0.014798544761482523,0.013952087354506388,0.02399890852737634,0.029783971655699865
2022-05-05,-0.02271637933209552,-0.023604468096051757,-0.022257799439559,-0.01928945267216598,-0.01745115948516383,-0.029797583948974693,-0.038254395987351815
2022-05-06,-0.005342508575252625,-0.0051162536134008296,-0.00487847401533712,-0.004533906620589084,-0.003820322075260182,-0.006639425067566122,-0.009183599710475507
2022-05-09,-0.018174473465750737,-0.01917557950946619,-0.017349925538452368,-0.015882758640128333,-0.011640969567154892,-0.02290734563146843,-0.03231961131213599
2022-05-10,0.0020148489274675026,0.0015306418804450531,0.0011959109993225827,0.0012428424686046072,0.0006201230839212743,0.0013747035248691418,0.002610712853356633
2022-05-11,-0.009100767239763644,-0.01063352803028401,-0.00999795911951713,-0.00790108142691271,-0.006684913151129034,-0.012823816859252664,-0.01922425595260324
2022-05-12,0.0005660092728255581,0.00035000726720343,0.0004997314865770016,0.00048803829230740006,0.00043893188282563827,0.0007699493866870299,0.0012532315040930662
2022-05-13,0.012034558429480745,0.01419860276463738,0.013245201604131559,0.010098534230311373,0.008775928639630658,0.01687454198927339,0.025470975376631944
2022-05-16,-0.0017029615489965312,-0.002024444240120858,-0.0019883727489901012,-0.0016399939249738668,-0.0011928382204426634,-0.002214742818799095,-0.004056554538182562
2022-05-17,0.010584680752880372,0.012323342369064766,0.011519435279927357,0.008774506926819579,0.0077683516230799415,0.01421518014315713,0.02183529466553329
2022-05-18,-0.019788998726871877,-0.023570084916161114,-0.02163100040962517,-0.018981560224110523,-0.013883556418253586,-0.02637998557606698,-0.03982282723906787
2022-05-19,-0.0024079457175480348,-0.0031050523450336653,-0.002696037524134275,-0.002328616729463159,-0.0017222017805617966,-0.003367996410584913,-0.004706722912382696
2022-05-20,-0.0004736415142043115,-0.000516251436003331,-0.0003936533972227701,-0.000563417207225948,-0.00033277126010793187,-0.0005973383719078086,-0.0011392901648169544
2022-05-23,0.008627788049938434,0.010019313416760977,0.008788555212431057,0.008515575096326524,0.005613756907484549,0.01113210497949784,0.017254096889142506
2022-05-24,-0.004086136956019004,-0.004576699024773358,-0.0038900491992947556,-0.004682357428766585,-0.00271685821641438,-0.00507553970020397,-0.009407467094902228
2022-05-25,0.005422462469374895,0.0060343817158193605,0.005380884966210259,0.005635748487780275,0.003518794110328104,0.006844606881850766,0.011385785363633522
2022-05-26,0.009991036180163141,0.011416363390746804,0.009976417687511006,0.010265805713905696,0.00655028908314582,0.012722654986516299,0.020608435630406336
2022-05-27,0.01224869915077814,0.01396334843331565,0.01225966835680578,0.012642165722452131,0.008040360466031633,0.015518728455669817,0.02511131324052841
2022-05-31,-0.0034407904200852314,-0.0037649097519019082,-0.0035215472165463987,-0.0033766552359966034,-0.0022055499822060567,-0.004317425887127269,-0.006615291359477482
2022-06-01,-0.003340475598697689,-0.0038589779255016844,-0.00340504459043107,-0.0033868970738310956,-0.002190109885963182,-0.004240707737754377,-0.006664987727652003
2022-06-02,0.009979259622593765,0.011317754991948108,0.009937496115539318,0.010334199395555048,0.0065696974333863825,0.012611414350546064,0.020397102748556262
2022-06-03,-0.007327082169622378,-0.008546831278393197,-0.007249926582954935,-0.007732915648531628,-0.00491458412217378,-0.009294930097439367,-0.01510686010713926
2022-06-06,0.0012179943173541246,0.0013648038320438912,0.0012223749116248737,0.0013126422483493137,0.0007934230173924309,0.0015115235381412168,0.002581634465019919
2022-06-07,0.00573746542885034,0.005876644182993041,0.005344126193396981,0.00529274319575679,0.003422337055845679,0.007548218425817802,0.010397946879655435
2022-06-08,-0.005473069825555307,-0.005852928847607049,-0.005363373286148082,-0.005215869144041195,-0.003387253149979439,-0.007074540039149768,-0.01019295771235551
2022-06-09,-0.011904108725865635,-0.013016874614465459,-0.011443684079893938,-0.011550216292048816,-0.007892616320918071,-0.015831873910232795,-0.02272083353732284
2022-06-10,-0.015377207768248961,-0.016747464279985046,-0.014676968087175335,-0.014793472817259224,-0.010319593209198062,-0.02061971614156509,-0.02943889644623498
2022-06-13,-0.019510281607136002,-0.021256949215668793,-0.018836688056533983,-0.019173693930117853,-0.012896816768696783,-0.02643883993929439,-0.03870666031213584
2022-06-14,-0.0013138580291133005,-0.001539191825795933,-0.001491989243411605,-0.0012039090816193473,-0.0009633754981675688,-0.001724980255427765,-0.002466493275929996
2022-06-15,0.006986506983078762,0.008040672631573943,0.00687589272196361,0.006811448858138211,0.004818933972154102,0.009297167033923345,0.015114292582549602
2022-06-16,-0.016527245479209474,-0.018607638102736582,-0.016532735872766595,-0.013778443234243577,-0.011257334932233822,-0.02183088029502221,-0.03448650507033705
2022-06-17,0.0015365884632113373,0.0016892344732678459,0.0013733650143084198,0.0015381143952762756,0.000978808392934583,0.0019568938617327957,0.003952534147392699
2022-06-21,0.01098717278816138,0.012694481248451192,0.011098925337909427,0.008957445049215829,0.0076370711386506765,0.014783582707269774,0.022838790835926565
2022-06-22,-0.001028774351905842,-0.001171244661144879,-0.001030245635550006,-0.0008160106191468562,-0.0007302534646291063,-0.0013706236289283255,-0.002052720897371962
2022-06-23,0.005061512375240474,0.005760710389644198,0.005016211112965553,0.0042780825854947455,0.0034692317044163227,0.006711306503067137,0.010776638827863056
2022-06-24,0.015059389126938227,0.017200841760924068,0.015120120600031775,0.012397665260497822,0.01043860216041682,0.020048061908053482,0.031021875771935988
2022-06-27,-0.001158136630090744,-0.001495633514598629,-0.0010923937663346423,-0.0010751076311898387,-0.0008782081247746519,-0.0015983724926854695,-0.002615462864350521
2022-06-28,-0.0101036938493227,-0.011589153238734294,-0.010003123920744896,-0.013411963880417793,-0.007040488821115595,-0.013377102189742095,-0.0210233222572267
2022-06-29,-0.0007739760131169528,-0.0007037717023194836,-0.0008276273408003298,-0.0009807767649269964,-0.0003811495618823829,-0.0009344042815086606,-0.001656323917090529
2022-06-30,-0.004053332786167061,-0.004506447153436319,-0.0040031923960332,-0.005044443848323335,-0.0028364871640110135,-0.0053907462997324134,-0.008516647616644552
2022-07-01,0.0048103291938005645,0.005353636931730295,0.004915597464563218,0.005685491292487184,0.0033158955915527748,0.006407085337349822,0.00963159829807274
2022-07-05,0.0019198258211397393,0.0019419397197932926,0.0016693590207793691,0.002986383864990044,0.0012347108973760769,0.002444566228296676,0.005061668010489811
2022-07-06,0.0005803067437537564,0.000813292839528039,0.0005649024237221383,0.0008045295309988702,0.000492673119185395,0.0008806176049512142,0.0013501090283233816
2022-07-07,0.008210265661818842,0.008934362782389849,0.008144821076257336,0.010188925392149037,0.005604771377689381,0.010791628600885273,0.01715600054112718
2022-07-08,-0.0002079542334511564,-0.00024988830686300124,-0.00024720037296212586,-0.00016093940138518835,-0.00015157596748562776,-0.0002864718395039316,-0.00027151601014540515
2022-07-11,-0.006520868398017994,-0.007023412124702978,-0.006384023801320218,-0.008337750877324555,-0.004412055245082412,-0.008511966521821391,-0.013927848291807153
2022-07-12,-0.0032922321080122653,-0.0037438686909203604,-0.003331886341696108,-0.0040793632964802925,-0.0022938937697872404,-0.004431793672696096,-0.0068527566054147
2022-07-13,-0.00225256299329989,-0.0026009947735497873,-0.0017307036010548817,-0.0025178304295113605,-0.0016388578342212108,-0.0030497760172674433,-0.004241762883235406
2022-07-14,-0.0013976041100220698,-0.0018912985802408274,-0.001942213891919804,-0.0018855406867696375,-0.0011810684789361748,-0.0015636635233338557,-0.0031914946193411097
2022-07-15,0.011023299036910166,0.010876514903613254,0.011024942869268644,0.01163449413584186,0.0072447954414103215,0.01518975721182492,0.019678809175255257
2022-07-18,-0.004148286001622435,-0.0036932023877105607,-0.003718679179667217,-0.003953323219474069,-0.0026070560799302854,-0.00565085762325301,-0.006627394873257504
2022-07-19,0.017179691039438533,0.015480475456439487,0.015678722413590748,0.017076709545396786,0.011312409410967887,0.023637749381099825,0.028732901510956147
2022-07-20,0.005509951151687056,0.004565197157571639,0.004622272827217139,0.0056190970309629275,0.003779033306938454,0.007074482885919996,0.009336962971801884
2022-07-21,0.0054045700515431335,0.004652489041916704,0.004674061135383973,0.005266195913531365,0.0036701397722010073,0.007148567029403211,0.008716477871284748
2022-07-22,-0.007215785322284233,-0.005720140328508791,-0.005782577574747255,-0.006780722721829335,-0.004680962160523617,-0.009038820498289135,-0.011172875024527686
2022-07-25,0.0009156810144406379,0.0007107824055683545,0.0007364264802514356,0.0005446515756563059,0.00044691942834218593,0.0009649383531454485,0.0009155434476039283
2022-07-26,-0.007261797546074523,-0.00593541401311575,-0.0059737946069566665,-0.006754341798562408,-0.004718261696540081,-0.009488723273528059,-0.011190734084517427
2022-07-27,0.01692626903707968,0.013238913396875003,0.013336896482007393,0.015246509133572455,0.012026155045423342,0.022345077068408003,0.025394378290247453
2022-07-28,0.008536267125944769,0.006453705271399053,0.006523459916475114,0.0069812341640393336,0.006209483048220735,0.010786312598904437,0.011514315764363249
2022-07-29,0.009245875093772839,0.007028352160812556,0.007071468681401833,0.007713642612430439,0.0068578632622082435,0.011707280349388255,0.01265661977521226
2022-08-01,-0.001309757077071701,-0.0009794528087418285,-0.0009766884885915672,-0.0009651264891000134,-0.0009694542783463427,-0.0015504418562831673,-0.001578816482303108
2022-08-02,-0.005266892569797973,-0.003832096809864163,-0.0038298707120748236,-0.003919191062449402,-0.003823352815096615,-0.005910866846178801,-0.006023375825978383
2022-08-03,0.012040743582620264,0.009216463138834386,0.009888339815804826,0.011439155399013027,0.00891151789948704,0.015559931307910585,0.017051134985173022
2022-08-04,-0.0004757456510347126,-0.00029661710093904233,-0.00036193401556945947,-0.00019443976678528547,-0.00029006866623883725,-0.00033315430106517605,-0.00015753699851420538
2022-08-05,0.00018182681922167455,8.080569700852396e-05,0.00022499233785176688,4.7225218734820156e-05,6.806217797993876e-06,5.900308728381089e-05,-0.00013110293068484597
2022-08-08,0.0011743799767922744,0.0008988271720368313,0.0009299751599002007,0.0012275123687256635,0.0008130119292029119,0.001573271559225117,0.0016479632477894774
2022-08-09,-0.004486179889847587,-0.0035502285076207387,-0.004075061378281421,-0.004864958896375194,-0.0035220238360896133,-0.006262571340613945,-0.007049888899175245
2022-08-10,0.0166589844979644,0.012479542637970195,0.014600232787458058,0.016040446337522662,0.012407239743017093,0.021195059576869315,0.02281550312196411
2022-08-11,0.0004841975930845443,0.00021495764485463068,0.00039870629611320245,4.957894123682614e-05,0.00023883542428312777,0.0003046745216885691,6.649227998667982e-05
2022-08-12,0.012975508216909189,0.009405364798581369,0.01097670371318954,0.011966302764046692,0.009349862299866972,0.016005313531190647,0.016904382259218326
2022-08-15,0.0038199571221791237,0.002824613023651934,0.0032789688163143834,0.0035652717164476296,0.002805511863510474,0.004686880288922758,0.005017027377033295
2022-08-16,0.002038755400020372,0.0014378397355019768,0.0018552750430273785,0.001332464946543262,0.001457050345210472,0.002006141223575276,0.0018803481209973617
2022-08-17,-0.007123453391345166,-0.0050923501320821836,-0.005897684829136383,-0.006734549040373686,-0.005066404756507697,-0.008903407023383467,-0.00943875356965592
2022-08-18,0.0024227421569165335,0.0017003345056958944,0.0022017956163572485,0.002233435738165866,0.0017244858685522594,0.0030090226832026517,0.0031390083934115043
2022-08-19,-0.011495772006080538,-0.008435088666296067,-0.010985497545501103,-0.010832611523818848,-0.008486604722508773,-0.014334143765750556,-0.015224023416277207
2022-08-22,-0.016360843390840707,-0.012460159409446793,-0.01601540482982095,-0.01497823813581646,-0.012328567684562534,-0.02001184089277796,-0.021161093744613103
2022-08-23,-0.0018724859011115984,-0.0015362092010362477,-0.0019685913721432884,-0.0014606167482878849,-0.001425693635289281,-0.0020474252851189947,-0.0020773097342897673
2022-08-24,0.0029861607862372956,0.0021441035316000284,0.002732129545378206,0.0026949871073218765,0.002072157095373009,0.003677644815306686,0.003827873190713146
2022-08-25,0.010614848783826875,0.00798685126647393,0.01030828567396671,0.009838979249383501,0.007635891159504688,0.013177326926412195,0.013979622418721986
2022-08-26,-0.028266681855166453,-0.020290446394879362,-0.02609380727727744,-0.024299347771051145,-0.019262152393757052,-0.03257125927012297,-0.034386098661169956
2022-08-29,-0.006209126203397376,-0.004269082129111358,-0.00568413040159167,-0.005267317302352777,-0.004111375501614632,-0.00713438062798223,-0.007531923169042808
2022-08-30,-0.00792725147591995,-0.006522759426143995,-0.007293557946533108,-0.006386072228193047,-0.005965676774440328,-0.010209205512167602,-0.011279430612394685
2022-08-31,-0.0050271731100783295,-0.004191321169638668,-0.004563000836071938,-0.004104437065172842,-0.0037407002251883684,-0.006403591928553266,-0.006898798819450459
2022-09-01,0.00047472556134874814,0.0004955754101214259,0.0002578760051413865,-7.425519334182677e-06,0.00022664915496859524,0.0004278347044640188,-1.4650448395355844e-05
2022-09-02,-0.007598237694956711,-0.0062120291510821685,-0.00693867081967805,-0.00633435183499245,-0.005581904918012521,-0.0097255434423013,-0.010677121020531125
2022-09-06,-0.004196326240341989,-0.003570386596745908,-0.003907937020251335,-0.003617504533210268,-0.003100541145545376,-0.005399125704049676,-0.006130766247879859
2022-09-07,0.012283577531945014,0.01041231311500148,0.011715906750250103,0.010500060735009737,0.009193510692719405,0.016007480398867825,0.017833802635865027
2022-09-08,0.004606432287006952,0.003917996470151803,0.004387631014476001,0.0038644408705621296,0.0034645798087753117,0.0059318255601100225,0.00651368460349902
2022-09-09,0.011733784020789586,0.00996135410402719,0.011185655507095552,0.010106253610095355,0.008756322612350917,0.015186539703411463,0.016994990635870583
2022-09-12,0.007212314204250987,0.006136362787817403,0.006844404244489262,0.00622877268506968,0.005452934076256227,0.00935906832220001,0.010399204364287316
2022-09-13,-0.0313974851810331,-0.027435721027292963,-0.02989632901223232,-0.026519775003226373,-0.02337547788990863,-0.04011291612498641,-0.04409009011491338
2022-09-14,0.002759539016537093,0.0023907262780609242,0.002460702708963553,0.0024850481867604818,0.0019832636906563896,0.0035223876873521987,0.004212658216762205
2022-09-15,-0.0062203731261826515,-0.006128933353736141,-0.005468417940752083,-0.005999537960084591,-0.004197812897362238,-0.008053597948059092,-0.01014446055299203
2022-09-16,-0.005018294507358763,-0.004844304391354407,-0.0047377900312412045,-0.004820620340370541,-0.0033873806310368553,-0.006699836678973409,-0.008176960729571863
2022-09-19,0.005138218946100359,0.005086371489615814,0.004690032748337972,0.004882998792326606,0.0034787303651563893,0.006826661125750142,0.008319941009229446
2022-09-20,-0.006675728822330894,-0.006746440142097356,-0.006305299403404959,-0.0063183631661238,-0.0045375414141748055,-0.008982941977561675,-0.010721725745284613
2022-09-21,-0.01066155728510153,-0.010844669765450276,-0.009851716703456486,-0.010056569232703459,-0.007241026350894325,-0.014288847149795968,-0.01714527030240549
2022-09-22,-0.006601639226000342,-0.0061325295000612,-0.0060661385965802075,-0.0064050792559768015,-0.004406321201966616,-0.008734556420383125,-0.01100589056800838
2022-09-23,-0.010900077353653398,-0.010839064304669778,-0.01017704950964579,-0.010338714984870531,-0.007338180096922399,-0.014715593815783015,-0.017846047383712666
2022-09-26,-0.006054796209279675,-0.006180842878969437,-0.006040579185308366,-0.0056742194201962965,-0.004084088816397758,-0.008355073190030468,-0.009864622865766464
2022-09-27,-0.0007007229439523752,-0.0010263223670377093,-0.0009190081055845719,-0.0005575359582536222,-0.0005071822341698717,-0.0010861445549569361,-0.0009548497330359914
2022-09-28,0.01367663726691614,0.013046884066409376,0.013890589700884949,0.011119688113785432,0.008830686493088769,0.01898637254418522,0.021870112101970266
2022-09-29,-0.013314551726585754,-0.012671560793548284,-0.013443492599672497,-0.01068516135307123,-0.008599331656898409,-0.01826266387222919,-0.021203430667997108
2022-09-30,-0.009463571296269907,-0.009281496152685477,-0.00955861255309534,-0.007240951597737073,-0.006013293379383885,-0.01293202915243321,-0.014529993524125671
2022-10-03,0.016519397285426868,0.015971918758307793,0.016638377659998538,0.012802247938756176,0.010497584735652002,0.02241465521300108,0.025875122885713312
2022-10-04,0.019089236453630445,0.019499556956921044,0.020552867984326463,0.016090492417464707,0.013092066846609737,0.025904413748760752,0.032100685493848244
2022-10-05,-0.0014202988912841497,-0.0014861831495593752,-0.00257737852677534,-0.0013558663461830623,-0.001070200712321856,-0.0021609995996853377,-0.0026521994904874072
2022-10-06,-0.005319032635662914,-0.006052653131948893,-0.005162477041929672,-0.004670571319391828,-0.003916890315374507,-0.007023057287550456,-0.009192250469373808
2022-10-07,-0.01625711672031507,-0.01722155500688685,-0.015912967645972866,-0.01450296035486288,-0.011696416860067452,-0.020346203377814148,-0.028657916977841928
2022-10-10,-0.003255517373194441,-0.003853433304820496,-0.0036044918758688206,-0.003284194012950144,-0.002595832003817994,-0.004565659591013348,-0.006594556854971366
2022-10-11,-0.001877674882145539,-0.0022222929195704244,-0.002263486495032947,-0.002025764847784328,-0.00150259680558659,-0.002632696778293444,-0.00410611236202078
2022-10-12,-0.0010191835384729194,-0.0011626161718877336,-0.0009760491606463108,-0.0009425212895048841,-0.0007429509725066656,-0.0013730396479494627,-0.001896914547106222
2022-10-13,0.016209652520046115,0.016250990178226524,0.014158922560396086,0.012863224333004731,0.010625812874088005,0.01909874880821811,0.02594381428555345
2022-10-14,-0.012692347503329116,-0.012932525447518467,-0.012097398533629797,-0.011111498595308134,-0.008830176724622718,-0.01537727996044488,-0.022173737009479902
2022-10-17,0.014960750779152102,0.015424573074956188,0.014303796859561152,0.013089239617687029,0.01046325193501123,0.018358280755279743,0.02642330316789709
2022-10-18,0.006233299338945468,0.006875075188527179,0.006799841328040207,0.005487871710881361,0.004523686754249274,0.008067208668963797,0.010900968161923612
2022-10-19,-0.004159731498282398,-0.004340197731844638,-0.00383492714599033,-0.0038494880736883344,-0.0030481738479171305,-0.005232881356873338,-0.007589158149681097
2022-10-20,-0.00412365620050583,-0.004309933241938693,-0.003663869384085305,-0.003722132063723066,-0.0029415916460558793,-0.005148390542955126,-0.007391155592057321
2022-10-21,0.013911545387793316,0.015121998977138524,0.012234225631315461,0.012119345880798344,0.00999527235941701,0.017739729555939884,0.024144522833426208
2022-10-24,0.006290305428241097,0.006779592480827119,0.005483944923729731,0.005374784334997314,0.004517507799525273,0.008093944887442537,0.010577982861810808
2022-10-25,0.010194404149992653,0.010147753234032471,0.008851581198454472,0.009083794419879658,0.007259968435169667,0.01242176666145468,0.017835528831041506
2022-10-26,-0.003769702019580537,-0.0033674599052567673,-0.0024930794805161326,-0.0030249678899039157,-0.002321702048954271,-0.003933892463972326,-0.0059435910990383424
2022-10-27,-0.0018533702137330378,-0.0017663343457920131,-0.0012552999808321994,-0.00188062482870146,-0.001239466301037832,-0.0019802333472555915,-0.0037762901284701567
2022-10-28,0.014193785380227763,0.015287336498411165,0.013012637492142263,0.013074992902857786,0.010765152496876207,0.018676223546712965,0.02555244529001754
2022-10-31,-0.0030167628918320952,-0.0032689249094849855,-0.0025744239722269714,-0.0027602287347488824,-0.0022220071890076366,-0.0038859639132811574,-0.005379755755880811
2022-11-01,-0.002228578539375487,-0.002397409315749204,-0.0018795141416074797,-0.002043967136298272,-0.001655685222961096,-0.0028646909275764853,-0.004009775861468297
2022-11-02,-0.014325828915269057,-0.015125374458690097,-0.01301764717931634,-0.013454854133753375,-0.010774367543860184,-0.018379911544249623,-0.026148505880651384
2022-11-03,-0.005270070677419023,-0.005578616853976672,-0.00458160770986586,-0.004925616347071086,-0.0038988132304128066,-0.006730637333842994,-0.009785489272096683
2022-11-04,0.007792424586041913,0.008427111901051563,0.007134499333549718,0.007159804738042535,0.005870075232147962,0.010292619793819378,0.014141215929871156
2022-11-07,0.005583510415670122,0.006128814077506397,0.005143582968223392,0.005211895269546456,0.0042552558628321515,0.0074901599947312,0.009882128730343403
2022-11-08,0.003749211673637465,0.0037915652125072637,0.0031298807633952947,0.003200345573976808,0.0026215705770059297,0.004752445658725557,0.005885526315071528
2022-11-09,-0.01328871153417703,-0.013148274042007541,-0.011650513377597748,-0.011981201483064613,-0.009335455282081677,-0.017084016466425406,-0.022227555025840263
2022-11-10,0.031858806511479314,0.03187563504810346,0.02790328987828569,0.02970560020013137,0.02244053138119586,0.04097093908095152,0.055229524169538136
2022-11-11,0.00490767073956452,0.00494377675285592,0.004370011687533542,0.005172318752202847,0.0028724351297624625,0.005484544739899734,0.00916369101817339
2022-11-14,-0.004380909704628193,-0.004703797612387988,-0.004220607008968612,-0.004773352179096063,-0.003147599836272957,-0.005124815017785653,-0.008295875894888111
2022-11-15,0.004651881549199307,0.004783515094721505,0.004372579473754208,0.005498871771853535,0.0030659346256467538,0.005206742101028841,0.009075617764820609
2022-11-16,-0.004753005782639827,-0.004808900039882093,-0.004481830446475217,-0.0056345713571205915,-0.0031446164752189313,-0.005293090016309287,-0.009255594682598501
2022-11-17,-0.0016090205666215492,-0.001630664998600456,-0.0015907238489748835,-0.0019123437313660336,-0.0011804761911975762,-0.0018448441805488224,-0.003174729089122351
2022-11-18,0.0022599810126607348,0.0025399217042507928,0.002298901895837076,0.0025086496392213685,0.0018743681289482418,0.0028250824180687762,0.004185431901640336
2022-11-21,-0.0024845529991039525,-0.002545831131679368,-0.002314688102155265,-0.002933924243948913,-0.0015137392324894204,-0.002841423078785009,-0.004829793297228091
2022-11-22,0.007064221093326655,0.007341494192804653,0.006787377496299521,0.0076580472586967405,0.004830853642936129,0.008822540111506547,0.012692627629671582
2022-11-23,0.003002714844454213,0.003042308114657435,0.002697597326574607,0.0032857040056923346,0.001820092410646194,0.00354245755732837,0.00539720161736835
2022-11-25,0.000340010041398954,0.0002540627353356897,0.00040212645421660296,-3.755671722131442e-05,0.00045809971706712324,0.0006158519134557444,1.3649699483344069e-05
2022-11-28,-0.009429960977326044,-0.009341330503894157,-0.008788531609805184,-0.010086562056264493,-0.006371076664565568,-0.011458038985757988,-0.016163110999828003
2022-11-29,-0.0007327570736571023,-0.0007628546624439062,-0.0005526567686742027,-0.0010317121232454166,-0.0002483288028576444,-0.000751211063787644,-0.0014427367717192213
2022-11-30,0.01845568520726676,0.017561204204086668,0.016061474903251063,0.019696085180506993,0.011185285629894421,0.02101042172476716,0.03115046561040985
2022-12-01,-0.0013291929071353116,-0.0012021471806358134,-0.0012137404633252883,-0.0010490261520165428,-0.000937184814556528,-0.001666792555386208,-0.0017651904973357748
2022-12-02,0.0002600780250654799,0.0002188805190476897,0.00036205115800563,0.00015362582283533818,0.0003676074598313795,0.0004072109844184494,0.0003997163720573857
2022-12-05,-0.011248900194223702,-0.010683810661289851,-0.010087960962488278,-0.013679829854725873,-0.007323567159409566,-0.013459598506330515,-0.018750847792126196
2022-12-06,-0.00873351504575889,-0.00830574459491142,-0.007649145125834928,-0.011337980136251414,-0.005370666826968549,-0.010287182583044719,-0.01470483545600666
2022-12-07,-0.0011670772053596714,-0.0011256258268291558,-0.001015922192467339,-0.0016461924452888636,-0.0006751340783836189,-0.0013346678384940037,-0.0021888805135644343
2022-12-08,0.004833550566525572,0.004590869933052442,0.004198890028026421,0.006248133393652816,0.002913585903366717,0.005659484041166443,0.008169466257685226
2022-12-09,-0.005342252059235352,-0.005028435896792493,-0.004989591787404565,-0.006806779329273008,-0.0035005048290469424,-0.006549683372233923,-0.00868712276983758
2022-12-12,0.008674055941570379,0.008170724180212828,0.008082178353703557,0.010793660902569715,0.005499921473494033,0.010444036560733758,0.013863731340084983
2022-12-13,0.0008915197901575096,0.003981622705297869,0.0033732827839952316,0.005540673654817129,-0.0005010144920282258,0.000718414974617424,0.007222249949720477
2022-12-14,-0.00473902674312562,-0.0036117678155396732,-0.003707275813554134,-0.003953272789235452,-0.0032411322038777696,-0.005751035989510492,-0.0063608288014853345
2022-12-15,-0.019278280977379377,-0.014686261665336126,-0.015074347463276388,-0.015369049474190221,-0.013210576154280384,-0.023227096375871066,-0.02565437524546119
2022-12-16,-0.007509603225281382,-0.005667024538618158,-0.005851527694988993,-0.006101675531163051,-0.005181622973410488,-0.008985926289354849,-0.009760467746179877
2022-12-19,-0.006863043526058651,-0.005204254497250951,-0.00535247625921354,-0.006790278672409425,-0.004581490812627828,-0.008561170090836968,-0.009671596417354144
2022-12-20,0.0017208510699829452,0.0012614847597989748,0.0014842332227450717,0.001515893516617793,0.001162102998217543,0.0020560993919733137,0.0021591729796067833
2022-12-21,0.011571227622949121,0.00892057865599611,0.00939328095745508,0.01090192148622238,0.00810072049106226,0.014253806681060903,0.01555627154303624
2022-12-22,-0.010434664448466077,-0.00826839856984497,-0.008287003506342074,-0.010495767633445157,-0.007262119384732415,-0.013260050021213223,-0.014929719030650497
2022-12-23,0.0033344023220292164,0.002644537576371824,0.0028121152917719807,0.003143930902582085,0.002333826285502514,0.0042037694571494515,0.00448149189051879
2022-12-27,-0.003258789496915291,-0.0026279771004529893,-0.0024553655860621772,-0.003790709310234391,-0.0021966080123265205,-0.004470056662670786,-0.005430532974743237
2022-12-28,-0.00922353032300027,-0.007286160852450869,-0.007646288784231132,-0.009081206684845178,-0.0063112637397330345,-0.011761630072984232,-0.012965414603085642
2022-12-29,0.012982986100658227,0.010237849355232288,0.011229009803937748,0.013265544603111187,0.00881834093526246,0.01690364777931002,0.019041297283084173
2022-12-30,-0.001581373256242222,-0.0012410988721208217,-0.0013796609426898706,-0.0014876660753358,-0.001094083316340022,-0.0021217850631125895,-0.0021153537490646458
2023-01-03,-0.002906533145336178,-0.002122528954801128,-0.002460687618024521,-0.002883564929468684,-0.0018269065039150639,-0.004129787705128945,-0.004121836468727762
2023-01-04,0.005206733799047588,0.0038956218824358533,0.004429269379632643,0.0050054662841042055,0.003400992112242317,0.006625884794532284,0.007140684679237602
2023-01-05,-0.008585152895244716,-0.0066297635184876325,-0.007911780478205918,-0.008266087661686407,-0.005729270205444531,-0.011055998016120559,-0.011790443378020559
2023-01-06,0.01715840744485659,0.013183321441372577,0.01640176533864581,0.016318681691566875,0.01171360365125356,0.021929257250696853,0.02334710627581109
2023-01-09,0.00024533751178790035,0.00022122856057585368,0.0002782047054292182,0.0006229791108756996,0.00016846483615408397,0.0007049149186893064,0.0009044792423506686
2023-01-10,0.006329706688545577,0.004801679916960727,0.0059553649622434675,0.006181947121531966,0.004475165072656491,0.008122693469514237,0.008770900780508087
2023-01-11,0.008659444918112037,0.0066904237636596356,0.008267228135464027,0.008491859128266976,0.006082730852058063,0.011246778940005064,0.01203817542974123
2023-01-12,0.0056727249851673415,0.004280773789006314,0.005324897020404571,0.0054736449450577445,0.004034296611591657,0.007118168191740326,0.007702773108214277
2023-01-13,0.0034798822152463105,0.002688807770707733,0.0033253432068068873,0.003452108634928996,0.0024569227016078155,0.004515364633290117,0.004860617437237569
2023-01-17,-0.0032135461924923357,-0.0027783545428880113,-0.0031413722744100606,-0.0028124914443250085,-0.002208204930181151,-0.003523618096661476,-0.0035249229281337836
2023-01-18,-0.012213485530987956,-0.010283060570309609,-0.012030765260718322,-0.012418382434207505,-0.008590953668609728,-0.015068466455248673,-0.015863055710655518
2023-01-19,-0.0060834145018088094,-0.00505652507561162,-0.006001973259538141,-0.006393911322032269,-0.004270596987787907,-0.007763434107124819,-0.008285595686343395
2023-01-20,0.012610383997507798,0.010515445365307496,0.01240837766065283,0.013514897644038541,0.008839337870081357,0.016538338321269733,0.017727802312156083
2023-01-23,0.00927665719984396,0.007739144037441281,0.009181284899995836,0.009979756527740042,0.006512000826377626,0.012176959063165859,0.0130656768412001
2023-01-24,-0.00017848286280576102,-7.691720394958619e-05,-0.00017099051369270154,-0.00038043568659070105,-0.0001625908789142,-0.0004063488013510317,-0.0005241149692829869
2023-01-25,0.0006836896903071231,0.0002949810803210556,0.00038175791670812503,0.0003861213179484572,0.0005693820065308753,0.0003981672821456679,0.00042193349704495287
2023-01-26,0.0076086838767410615,0.006296129040632273,0.007331401062141979,0.007949788991082292,0.005370903497994504,0.009778594855147985,0.010431120850158678
2023-01-27,0.002806465284701465,0.002277394148852739,0.0028115324834930904,0.0031568324953683558,0.0019862417212580096,0.0038153360497780613,0.004172189134334893
2023-01-30,-0.00966085186772373,-0.007879793515784198,-0.009606232696983621,-0.010108477207991773,-0.006888920385066449,-0.012238912921518727,-0.01309479794757769
2023-01-31,0.01207066189590247,0.009643492203969877,0.012319406615642804,0.01271158233943984,0.008659974035284066,0.01485960880278869,0.015907132249234818
2023-02-01,0.007658694970290836,0.006244062423635065,0.008151086055065246,0.009044082311066388,0.005483584351949318,0.010341131931855626,0.011264818331762273
2023-02-02,0.010533705683799735,0.008666662410240195,0.01129983273707008,0.012759418718312696,0.007533689882862664,0.014510220377944572,0.01583773652273967
2023-02-03,-0.006980653507354405,-0.005804782381161014,-0.007308946482136723,-0.0077359537993320696,-0.004992026668029975,-0.008975751509483132,-0.009571906053143092
2023-02-06,-0.004929910754712487,-0.003921646502905912,-0.00515741113176876,-0.005600279677311533,-0.0035908321098061186,-0.006374196286846731,-0.00693796395822209
2023-02-07,0.009100885450379069,0.0075351410136716476,0.009399583535265932,0.009765774828961649,0.006470784122052062,0.011444003524686334,0.012137711282271996
2023-02-08,-0.009125031190763867,-0.007162693748918807,-0.009094822914989495,-0.009625120283018774,-0.0063963302575210665,-0.011131232771680193,-0.011927002753649394
2023-02-09,-0.007666261294873498,-0.005771729042130366,-0.007333414605051146,-0.007544846216472349,-0.005373919102069672,-0.008172677465660498,-0.009380927515431918
2023-02-10,0.001428194601864973,0.0010040888632592239,0.0011784149733731495,0.0007619464112965801,0.0010941164750778941,0.0012041546401604813,0.0009607472590994115
2023-02-13,0.010446152111316914,0.008584190244664268,0.009953897548624868,0.010185621899107012,0.007298524716143434,0.011536761496518026,0.012688011152536014
2023-02-14,-0.0004527879532662145,-5.317424862161272e-05,-0.0002658250626320913,0.00013146241886941381,-0.0004457214419967832,-0.00016215363080806676,0.00015361203817405302
2023-02-15,0.00397250180460859,0.004030676300292177,0.003929169100456572,0.004342967905861632,0.0027800711327524603,0.004722426391805149,0.005389912626194501
2023-02-16,-0.011398597025626216,-0.0110313074832407,-0.010850312329028675,-0.0110596121757846,-0.007942685462475426,-0.012499812523837276,-0.013723910244982708
2023-02-17,-8.996228173590399e-05,-2.9609460143752197e-05,-0.00019288894214268006,-0.00046368778604084424,0.0001710298160760563,-0.0002803395522123426,-0.000564858110568231
2023-02-21,-0.018987376136156326,-0.01845615844450909,-0.018091428855057747,-0.018475601678668033,-0.013997396342501427,-0.021017165685566695,-0.022997001820962842
2023-02-22,-0.0005199798699461291,-0.00046853786112352605,-0.0004006634844355377,-0.00016309995557523574,-0.00028267072833648016,-0.0003497937996059685,-0.00024687645874298087
2023-02-23,0.004661398965278169,0.00452638919976144,0.004498401942941876,0.00462795676465938,0.0032064642964469855,0.005292193541735447,0.0059345712708363104
2023-02-24,-0.009640342781526548,-0.009349233667525773,-0.009189359164985998,-0.008224367949976392,-0.006705479971223182,-0.010667293564351933,-0.011788977101996684
2023-02-27,0.003232556827221326,0.0031448078982825385,0.0031232969603640737,0.002882610292325644,0.002225827547399498,0.0036748096860809145,0.0041469229972910535
2023-02-28,-0.0035223835413451814,-0.0033964664232975367,-0.0032035150655989426,-0.002558868005266764,-0.00253897980268841,-0.00356759942395932,-0.0036792862981500133
2023-03-01,-0.0013231738228547596,-0.001230934716237655,-0.0013309118272865042,-0.0013458686484280852,-0.000731441265215811,-0.0015706912952242866,-0.0019310071119309322
2023-03-02,0.006599215521715815,0.006369051909073766,0.006517200451846599,0.005237871327801277,0.004625005510667798,0.007004768633683045,0.0075429130895684855
2023-03-03,0.012449595749815334,0.012010756987069634,0.012739722161191833,0.010576928159570323,0.008868176528025844,0.013759991344475794,0.015194728750399013
2023-03-06,-0.0017974634591735768,-0.0015052955582907617,-0.0017976322331023972,-0.001986670567988376,-0.0010959346292298998,-0.002012817418220916,-0.002322051288148879
2023-03-07,-0.012795698654500712,-0.012093852685054782,-0.012593601110290266,-0.011482789815577286,-0.009269531768018528,-0.013717877915713238,-0.01436954377563924
2023-03-08,0.0009584064915124739,0.0008187325963838578,0.001029467419519025,0.00108732541946858,0.0005825111285177958,0.0012262486597627719,0.0013635210516202828
2023-03-09,-0.017454687078318272,-0.015872949897904946,-0.016959780183505198,-0.015804542229575686,-0.011534717501678036,-0.0186105717435384,-0.019840648021066873
2023-03-10,-0.014098536292743487,-0.012699123040114703,-0.01378447689102804,-0.012929249555485793,-0.00922374072689712,-0.015137555646262464,-0.016306646723853287
2023-03-13,-0.002793977204958247,-0.002565006547794837,-0.002776575944253161,-0.0030669069675716616,-0.0019252977674826964,-0.002738873335675439,-0.0030096486179948495
2023-03-14,0.014396969839032006,0.012916969674007857,0.013782305830536603,0.011910241980651017,0.009282193281159708,0.015663572611079955,0.01681744503762233
2023-03-15,-0.006100893534485923,-0.005522182700335326,-0.005685139118843684,-0.004516143034336352,-0.004056702810739422,-0.005974002313494276,-0.006333600613868297
2023-03-16,0.014299570577263433,0.013054549855056859,0.013498496215710356,0.011956203836933209,0.00936801588382491,0.015770676308476544,0.01682632811444676
2023-03-17,-0.011320690824704233,-0.010874482609522765,-0.010870914421176499,-0.009588182303052202,-0.007903837769489054,-0.012541455353552684,-0.013436947895032199
2023-03-20,0.00822131070539155,0.008005139346014762,0.007873054862483304,0.0067089577685278,0.0057805582069602405,0.008971013680010643,0.009454017427756652
2023-03-21,0.01138032791525338,0.010868155133353905,0.011099410469774754,0.009841661867488279,0.00786159077258498,0.01287556140647775,0.013802735761447507
2023-03-22,-0.01532473564158229,-0.015244630788167141,-0.015368927273923853,-0.01355469028261355,-0.009551728190035878,-0.01719423411025643,-0.018944494906623716
2023-03-23,0.0024849810693652855,0.0022930006335485946,0.0027992420947279707,0.002268637101522457,0.0015390663848908492,0.003079515661686911,0.003167714086892114
2023-03-24,0.004910132478762442,0.004878280065314489,0.004691014089289299,0.004308100150171632,0.002983701756268329,0.005490103602678494,0.006054452959824825
2023-03-27,0.002707761883103472,0.0029623780193770836,0.0024220913560512062,0.002245103570529776,0.0018219775542755601,0.002785083034882547,0.003180105503017895
2023-03-28,-0.0020056293374494443,-0.0019153390701115572,-0.0019662614762465565,-0.0018263619862111879,-0.001216214673693095,-0.0023444191464306323,-0.0025520366738213487
2023-03-29,0.010850097057376594,0.01060566615333927,0.01060843325492382,0.009593620710364924,0.006626147532783316,0.012414891947858147,0.013431722897801415
2023-03-30,0.004051490417302604,0.0037058877471986182,0.003850314332740671,0.003274441659040378,0.002380835570788932,0.004404900793429731,0.004561455942278719
2023-03-31,0.01169932010208068,0.012021366631437345,0.011778278750309538,0.011775108117990377,0.007547737566436755,0.013820510477156746,0.015105187200576414
2023-04-03,0.0031717558179824943,0.0035000585909502144,0.003192704201355257,0.002748419668784624,0.0023261450076376483,0.003444293723522454,0.0034380580813575972
2023-04-04,-0.00564004541905219,-0.006064267122567792,-0.005686460565395282,-0.006150948787734999,-0.0037542897067797333,-0.0067844390713306755,-0.007693292005540349
2023-04-05,-0.002830362150776089,-0.0027072402923213916,-0.0029883233752848962,-0.0034429111361858706,-0.0016079089339957125,-0.003645204997351107,-0.0043132582453577996
2023-04-06,0.002355620116188318,0.002228627584671547,0.0025109349683792893,0.002456256701252955,0.001373908191451239,0.002818900429092185,0.0030746766378585647
2023-04-10,0.002367527784896552,0.002676072936705468,0.002916418218119498,0.002700358926189178,0.0016533967562860543,0.002901787979225365,0.0033930810233584424
2023-04-11,0.0007129910567823711,0.0010833876081778513,0.0007643965535465233,0.0008210509513109197,0.0005276448533443437,0.0008248889712511049,0.001035628850161187
2023-04-12,-0.0043473985142718306,-0.0035696938855654036,-0.004062563784370493,-0.003945054128771351,-0.0028649453116820545,-0.0043953581498293644,-0.004937700632322611
2023-04-13,0.012499640585986346,0.011139168808785658,0.01212094965353624,0.011291289458320574,0.008135803045845403,0.01302821281352028,0.014135281978329651
2023-04-14,-0.0035490231603742136,-0.003530639949275902,-0.0036119395596293383,-0.003530220318300956,-0.00240195889090111,-0.003928953554290203,-0.004411388914038404
2023-04-17,0.003881899170647229,0.003770549446686321,0.0038696648406087546,0.00382520041620642,0.0025024669102502494,0.004172511512823709,0.004790042711405385
2023-04-18,-0.0006025525991327117,-0.0006190362787226831,-0.0005981267005942661,-0.0007066217341053812,-0.00035956489196979614,-0.0006915514378750896,-0.0008855613496610305
2023-04-19,-0.00020904515126429069,-0.00037725815895444666,-0.0003227053087167757,-0.0002178171929341647,-7.666337717455939e-05,-2.6352861352982864e-05,-0.00026846177299943866
2023-04-20,-0.004962531833082239,-0.004083028570910261,-0.004510036709254567,-0.004210588177880684,-0.003343779948541576,-0.005127090933120042,-0.0053140782061708415
2023-04-21,0.0008967331378697849,0.0008350135762304113,0.0008570746147955536,0.000839974852094785,0.0007782549349851878,0.0009997500716275266,0.001022362858467874
2023-04-24,0.00019913032987938742,0.00037551901780428435,0.00018829926309779996,7.091973535426098e-05,0.00038343257154986593,0.00018559776615556143,0.0001482224747765851
2023-04-25,-0.016802536992047576,-0.013869205488235519,-0.01506570635709151,-0.013873164339475528,-0.01364127794159652,-0.016309024012920753,-0.016777571556489557
2023-04-26,-0.0038353958732164992,-0.0037014254703996953,-0.0034598112730716995,-0.002999915088599833,-0.0035237135890305357,-0.004054457529089324,-0.003941858759038303
2023-04-27,0.01869360146248973,0.016204174215325405,0.017376140979008064,0.015765490207950313,0.015380557477696944,0.018240808146443962,0.018934426379684885
2023-04-28,0.007645335793487459,0.007129055322154857,0.007251740541930503,0.006711377115050094,0.006160140454291255,0.007999172481348195,0.008184296451048916
2023-05-01,-0.0008605352612146083,-0.0008698843095586845,-0.0008352317832607458,-0.0007628842140344006,-0.0007814170920945465,-0.0008719220368129581,-0.0009071410980904317
2023-05-02,-0.011714030663545563,-0.010551329628948607,-0.010965970012360444,-0.011973569855990211,-0.009272051674027455,-0.012307204012157583,-0.012532918957096182
2023-05-03,-0.004563817263450979,-0.00464091955739214,-0.004460733281297225,-0.004637190823682256,-0.004092745048160189,-0.004589662743137298,-0.004764869636551475
2023-05-04,-0.007107457828090231,-0.0065002157743927,-0.006627776661931209,-0.00666470066184479,-0.005677568793271044,-0.0074012440255251544,-0.007504979874668545
2023-05-05,0.01812194168860691,0.01654424839261431,0.017142990041721817,0.016201092882632634,0.014616420472120074,0.019049064235705213,0.01957956984543875
2023-05-08,-0.00036447176820489667,-0.0002996907798731947,-0.000261363097784634,-0.0003754288524007918,-0.00015254717830216167,-0.00036007109232118537,-0.0003019139007692625
2023-05-09,-0.003406727044868655,-0.003122633256914583,-0.00330506914153034,-0.002936569620589716,-0.002740793145397038,-0.0036060210202745187,-0.003765377549899808
2023-05-10,0.003989718684336951,0.0035034674970029853,0.0038962434147519175,0.003938228009664463,0.0032098571136377424,0.004339012799909012,0.004589718934064302
2023-05-11,-0.003216399149201046,-0.0029116244932837375,-0.002861010508631618,-0.002538418966799449,-0.00231922932225026,-0.0033038977396415764,-0.0032402237756006275
2023-05-12,-0.0014502475193410751,-0.0012831264484758698,-0.0014006970459028434,-0.0014046534210847917,-0.0011606981753342414,-0.001567393482779257,-0.0016465439623340517
2023-05-15,0.004883602740705898,0.004251308176955835,0.004632897105874007,0.00446569198298437,0.0036546217998064782,0.005266739508238232,0.005391284202818086
2023-05-16,-0.00753795708609045,-0.006840969349256177,-0.00690319643690756,-0.006270500276692971,-0.005627698329463563,-0.0078042567228780255,-0.007811454726689482
2023-05-17,0.013715700259256846,0.012627059546862423,0.013100189997512696,0.012118461647607333,0.01053033189132236,0.014434908584293953,0.014735812072756161
2023-05-18,0.00807169864172948,0.008012496851203317,0.008439699970540868,0.007818606230151643,0.006752707239823656,0.008777909186186327,0.009197742749508877
2023-05-19,-0.002960230930796221,-0.0027951447627551354,-0.0029085582219542105,-0.0027452777271740787,-0.002350956106766427,-0.003289566748913442,-0.0033379312214581085
2023-05-22,0.001867788429916822,0.0015481354161166645,0.002024863124231724,0.002147530224396243,0.0014473777886821857,0.0024868685441057133,0.00254930790804311
2023-05-23,-0.008169790979092977,-0.008069944542172485,-0.008266853717345472,-0.007474920060235975,-0.006705875897662684,-0.0086001749457392,-0.008914033136331686
2023-05-24,-0.007020370283631905,-0.0067624778588812485,-0.006911366151690499,-0.006310745558603989,-0.005517192311257819,-0.007562081031971159,-0.0076945541029248485
2023-05-25,0.005171393910366384,0.005364136105933851,0.005736625309591687,0.005289960499791451,0.004326403752366298,0.005349485122611107,0.005898931220510104
2023-05-26,0.012834910568794043,0.012562051863895689,0.013107211775031623,0.011108696959081295,0.010205980108169106,0.013825077827711984,0.01439328254880194
2023-05-30,-5.454256380517806e-05,3.247049590754961e-05,0.00027881177053643957,-0.00012003789920815987,4.361462537488883e-05,-0.00011278717589588335,-2.0360278584373755e-05
2023-05-31,-0.005291554729190945,-0.005034862153433899,-0.005179880401550056,-0.0047888334010042395,-0.004134706374903076,-0.005860308055615096,-0.006008603536017575
2023-06-01,0.008119568557069358,0.007837716561546852,0.00793687692584338,0.007637305540604775,0.006598899119266281,0.008854244142372935,0.00914164690473778
2023-06-02,0.017669120725373782,0.016781137235171554,0.017031819713306737,0.015894318089266782,0.013957197580162135,0.019332218339410994,0.019521918333674494
2023-06-05,-0.004355586781997983,-0.004027540469100828,-0.0041941082253453416,-0.004821821389899139,-0.003379292751799292,-0.004896217083348004,-0.004881672684721137
2023-06-06,0.005272370785939248,0.004607099670955253,0.00523773254282904,0.006439838841195295,0.003316421054880057,0.006397701201643589,0.006384286109104149
2023-06-07,-0.0002385599282085691,-0.0003646777818750136,-0.0009101173262643862,0.00016652335185859837,-0.0007689268571334898,0.0005181590613109497,0.00015937978474975616
2023-06-08,0.00471995493655818,0.00459439696929896,0.004792503906005584,0.0048381308751194695,0.003915024915475797,0.004594527129494775,0.00483827343508592
2023-06-09,0.00034915808610423097,0.0004730366312644881,0.0006809721054766184,0.00011106239667399735,0.0005270141555940755,0.00019815956997218636,0.00011558780353660088
2023-06-12,0.008298552100456298,0.007872531325921736,0.007953733564203983,0.008885838253279042,0.006703972963480434,0.008404894917223042,0.008879179208905555
2023-06-13,0.00651762538309031,0.006106643219673191,0.005896291414230786,0.007156109869534389,0.005070982487175454,0.006730871731971531,0.007147701370800984
2023-06-14,-0.002094057524833253,-0.0017955633098234096,-0.0012593493343566577,-0.0021987749016149894,-0.0011802384775798358,-0.0021108541128561993,-0.0021945793605979633
2023-06-15,0.01071173921600712,0.010590562699675444,0.010288247920680699,0.01161102207388242,0.00891977627571692,0.01114065720528866,0.011605289872593662
2023-06-16,-0.004433395260063267,-0.00426577155049882,-0.004126133235687222,-0.005070336682750285,-0.0035342973106096895,-0.004751530506468967,-0.005063623827149224
2023-06-20,-0.004461284592249277,-0.004371318182336154,-0.004106040223373323,-0.004699876706049481,-0.0036120867222670175,-0.00455685422048354,-0.004698339482692855
2023-06-21,-0.005079714789412173,-0.005104074948576337,-0.005227911864285704,-0.005779398929844873,-0.00443075623123129,-0.005455725423187044,-0.005774898970118702
2023-06-22,0.0016515778126930958,0.0019063141377332578,0.0020659795464607706,0.001864734373508563,0.0011174955447440338,0.0017960708412320607,0.0018667626309212875
2023-06-23,-0.008472178547210111,-0.008141894534721895,-0.00852192219879977,-0.009595461271568295,-0.006219966343027414,-0.00901814463986886,-0.009583499566598661
2023-06-26,-0.0031697098330927586,-0.0032946725421926044,-0.0034945681379837286,-0.0036960034599600637,-0.002320082991199346,-0.0034691559487075056,-0.0036937777458916974
2023-06-27,0.010237156075475224,0.009985793614096648,0.010482601929875247,0.011644841911567075,0.0075401455271073,0.010939372319100787,0.011631914360930534
2023-06-28,0.0009665412607583379,0.0008498684306139924,0.0010443615552565729,0.001271273245555269,0.0005744550666082858,0.001117958426891253,0.001267056521050799
2023-06-29,0.005102101132770931,0.004787284996979067,0.00483959830025424,0.005540788220236695,0.004102751004295187,0.005279095351418838,0.0055344784963898665
2023-06-30,0.008873400219593585,0.008900907827220703,0.009049753649370924,0.009720333652640615,0.007114961160384178,0.00930008421089146,0.009716299273695583
2023-07-03,0.00154913812033152,0.001459617849458757,0.001586914084701647,0.001821023929419864,0.0010946982936247457,0.0016833303128378765,0.001817776543996864
2023-07-05,-0.0035326402874662375,-0.0032507668557751114,-0.0034263901081083435,-0.004019613596690451,-0.0026243303211653645,-0.00375550829607972,-0.0040124911662598305
2023-07-06,-0.00931778897681334,-0.008971018805033346,-0.00920679093222966,-0.010337769944454653,-0.007255225763736764,-0.009913447265033693,-0.010326988231623046
2023-07-07,-0.0007952939294506277,-0.0011115467068670295,-0.0007602979637566475,-0.0004549706074045449,-0.0012055093787477153,-0.00036035756078257853,-0.0004630510420011353
2023-07-10,0.005937170086559014,0.005167651448381093,0.005389844567255709,0.006298033639239134,0.0046377123971762125,0.006300447204888918,0.00628771415255088
2023-07-11,0.007141310318154327,0.006602443920844606,0.006659478138560207,0.007389547427957718,0.0059981797203737955,0.007284877032993037,0.0073840752869466985
2023-07-12,0.008053153020107926,0.007068203247786007,0.0075099255082772265,0.008299246590530565,0.006425451281107931,0.008036228347680602,0.008289537368395779
2023-07-13,0.007810065479577249,0.006801127841322096,0.007590768980998593,0.007993824649296802,0.006170069947178551,0.007656760301084416,0.007984597935292097
2023-07-14,-0.0010633467524924101,-0.0006467845281793884,-0.000955568914794593,-0.0012636420032966587,-0.0005455434655789216,-0.0012728330727816402,-0.0012571599598578394
2023-07-17,0.005621588943731998,0.004935910360499429,0.00533871721643849,0.005850110489890152,0.004306935678065547,0.005680707006436628,0.005841163074051559
2023-07-18,0.009436775889592845,0.008722853208816342,0.008889341213553092,0.00971172447259947,0.007816172156265693,0.009545156139964765,0.009703466569564211
2023-07-19,0.001993123419200391,0.0018607331948724657,0.0018403651920165433,0.0020711269270800373,0.0017400455499990372,0.002084361510913602,0.002069814157832543
2023-07-20,-0.007106517135948037,-0.00625682527576011,-0.007198648872233904,-0.007292910756873975,-0.005263571801926818,-0.006868335434377438,-0.007281040167843387
2023-07-21,-0.001124896895722952,-0.001134194828960958,-0.0011306380407781675,-0.0014229103211580215,-0.0009358280178345249,-0.0013743931985734693,-0.0014197342888421433
2023-07-24,0.003648481433044688,0.003552242557368047,0.0035113025528273854,0.0037457686502743387,0.003275910002080996,0.003695886310762308,0.0037450276794594706
2023-07-25,0.0023147834787214526,0.002317805413976165,0.0023027611431551344,0.002483644509120664,0.002004856075645207,0.0023463011818115227,0.0024818654535281974
2023-07-26,0.0016528249582463952,0.0013162712237660085,0.0015766226318158444,0.0017380333638570941,0.0012299749123630445,0.001808574143426742,0.0017344089881680563
2023-07-27,-0.0072366087941582394,-0.006340394783582269,-0.006699760508493672,-0.007221061509542789,-0.005777346300465173,-0.0071597136147568755,-0.007213856534611776
2023-07-28,0.010675750636920847,0.009766525013255985,0.010321508635178507,0.011013896884152745,0.008582536836691943,0.010647780588719234,0.011001816864620534
2023-07-31,0.003892474703255678,0.003389702103313644,0.0037968611396190393,0.0041345523618508,0.0030309985167891952,0.004125182597582281,0.004127662436777579
2023-08-01,-0.0018399042552278842,-0.0015986749051403425,-0.00187963213390258,-0.0019425237792901418,-0.0014347052395557655,-0.0018866659544904247,-0.0019391670232220403
2023-08-02,-0.014106521543906502,-0.013126683833992167,-0.013879059670358828,-0.014462759482919458,-0.011659388816734029,-0.014019362576178376,-0.014450759756866195
2023-08-03,-0.0022429594604743684,-0.002097663579496945,-0.002288546553991535,-0.0023072182332376143,-0.0019202372127430395,-0.0022675013871612804,-0.002305671198415823
2023-08-04,-0.0037472724854832303,-0.003580351001114427,-0.0035713345124285924,-0.003804649327880164,-0.003236397349339606,-0.003698492099696284,-0.003803152295111158
2023-08-07,0.007691901150004575,0.007473332579480383,0.007261590875995861,0.007740849121149416,0.006810950856747272,0.007540315360955537,0.0077404292119529405
2023-08-08,-0.005657383343146497,-0.005349809623848751,-0.005250624294790666,-0.005970129049940277,-0.00460190444530632,-0.0056459918547235415,-0.005812391767731647
2023-08-09,-0.007011725107053525,-0.006848094905972134,-0.007118267685846638,-0.006753617407489714,-0.006047290089634923,-0.007229786016717788,-0.007446232673219814
2023-08-10,0.0001487420692677236,0.00025481432728587447,3.450981118289885e-07,8.489828825947472e-05,0.00021520398040929711,5.2282949582361986e-05,9.926373236157616e-05
2023-08-11,-0.00028836910735102587,-0.00032437992367169953,-0.00034074529377743585,-0.00035868992232359655,-0.00016587900263226844,-0.000273909184664702,-0.000398521694534607
2023-08-14,0.003685009075251342,0.0037326087487525427,0.003954420566691552,0.003539647413661017,0.0032507522698125317,0.0036675491001341154,0.003914585572115914
2023-08-15,-0.010801533470428538,-0.010512704720020591,-0.011116933849318097,-0.010954173902569524,-0.009494818102995857,-0.01109664381838737,-0.011326072577883746
2023-08-16,-0.00814581481529264,-0.007858106426593276,-0.00856850951153739,-0.008693731214475179,-0.006983843104971688,-0.008448968305554399,-0.008658657310510708
2023-08-17,-0.008755488021684153,-0.008490642471049865,-0.00909036190362684,-0.009290068423285211,-0.007559896778358501,-0.009037647890394032,-0.009252616632321853
2023-08-18,0.001439567763031344,0.0013087645211818863,0.001496674823953573,0.0007133196579547439,0.0011986028180565624,0.0015625620828589855,0.001529016315785596
2023-08-21,0.00459574378403473,0.004373331571970457,0.004711729434774838,0.004237870660668201,0.0037341588726649355,0.004319504030836042,0.004664292466667321
2023-08-22,-0.0030772312928607445,-0.002983358608235764,-0.003017397246710328,-0.0028443365487199547,-0.0027175761458446785,-0.0030986636137789614,-0.003137873193419341
2023-08-23,0.010148378641982706,0.009562222904419618,0.01029133856809277,0.009429355658786357,0.00849615388884524,0.010054402957908075,0.01038636676357663
2023-08-24,-0.014418083879452448,-0.013634142882192342,-0.014501148566268697,-0.01338318238252829,-0.012093679385665123,-0.014287403582672137,-0.014730418763776548
2023-08-25,0.006419727057274555,0.0063924847621691285,0.006341124041961674,0.006134627554649736,0.0055235919962843966,0.006584073271093892,0.006766260638243684
2023-08-28,0.006603118882259827,0.006569295278933239,0.006658948847318434,0.006476985251147902,0.005514241726472825,0.006982544672198279,0.007137758208845765
2023-08-29,0.012947868468151266,0.01310857112889147,0.013075276927039421,0.012905786999146098,0.01073770693445629,0.013763769531720663,0.014204718786141463
2023-08-30,0.003653507637434856,0.003680217771379806,0.0037100404020978172,0.003987685452723684,0.003026373154631828,0.0038884435641804993,0.004005855875407353
2023-08-31,-0.0017291660257607753,-0.001628138923667716,-0.001664974044851615,-0.0016657796170972978,-0.0015718522909004616,-0.001708575186069952,-0.0016663970232956452
2023-09-01,0.003774111016892375,0.0034837562505280776,0.003966586722314303,0.004003379396666043,0.0031140583837190854,0.004025976962395496,0.003999643694696281
2023-09-05,-0.00668754536630063,-0.006858545213430771,-0.0070276089144210695,-0.0070817347741114044,-0.005533961182880057,-0.00711773894371487,-0.007075379017234369
2023-09-06,-0.005773657319611394,-0.006048601022912839,-0.005723103582324718,-0.00622717764586559,-0.004888374248709432,-0.00604787647993156,-0.00622965964253126
2023-09-07,-0.003496776606887496,-0.0038724056881345756,-0.003779042648675402,-0.0040295674201171515,-0.002705169385501434,-0.003898957844249978,-0.004025984337767619
2023-09-08,0.0009440982732868383,0.0009290300143702203,0.0008325376939854745,0.000959007153609972,0.000871077090638776,0.0009229422514796905,0.0009612089991308373
2023-09-11,0.005126816208312806,0.005441066417309122,0.005197080661757224,0.00569758168000178,0.00424868554575339,0.005455367093998209,0.005699912520891563
2023-09-12,-0.0038349213810422995,-0.00409807720966382,-0.004078363614218213,-0.0043366577938439245,-0.003142871338779289,-0.0041139402708107314,-0.004338573611879473
2023-09-13,-0.0008523822619727521,-0.0009201767930268491,-0.000880515129817689,-0.0008296929510195043,-0.0006949750397960158,-0.0009178653587952344,-0.0008266924614238549
2023-09-14,0.009444855434336964,0.009956010209375466,0.009708280676279865,0.01011354610052197,0.007926968392169373,0.009953211162840323,0.010112917766997001
2023-09-15,-0.011102060049997555,-0.011733739044226789,-0.011507158269190056,-0.012099632596967082,-0.009276167568588555,-0.011747483188646705,-0.012101838230526955
2023-09-18,-0.0007517518483354179,-0.0008686151172461986,-0.0008840229295989356,-0.0008325269729015576,-0.0005415855831820464,-0.0008749570954062875,-0.0008291642873940475
2023-09-19,-0.0025070755416913724,-0.0026435883393961554,-0.002571138526750159,-0.00268593166012861,-0.0021027786524110996,-0.002644811873240922,-0.0026857555304097536
2023-09-20,-0.007761439302003294,-0.008312254331845414,-0.008252483668898181,-0.008619331336648106,-0.006345391654780206,-0.008330272963755839,-0.00861891008264813
2023-09-21,-0.013910884426696036,-0.01469731447130888,-0.014416222518641254,-0.015087836431913219,-0.011618893306008422,-0.014695384356433154,-0.015089593851686242
2023-09-22,-0.0019645189733616735,-0.0020219698660357854,-0.0019446722883566336,-0.0020027776910612263,-0.0017082088263299382,-0.002006455642384024,-0.0020030031277615077
2023-09-25,0.0033812984286237897,0.003606476290512766,0.00356985824723349,0.0030253074519226843,0.0027801714922865684,0.0036065047641113835,0.0037074529834498155
2023-09-26,-0.012714739946569907,-0.013181066940878268,-0.01287915094932239,-0.012198530466410208,-0.010517244998811584,-0.013169007447661385,-0.013500523629736775
2023-09-27,0.001978092542327645,0.0021946474338273517,0.0022533417735715994,0.0020304606001711268,0.001391387454600958,0.002216307300802901,0.0022450377962219383
2023-09-28,0.0059769886961607566,0.0061798219810220364,0.006097358180601816,0.005739951105431705,0.004721955128421279,0.006190745153271477,0.006356734190400661
2023-09-29,-0.0030303034814909194,-0.0031724641207994705,-0.0030553741535805186,-0.0028400568586141365,-0.0028029692560463224,-0.003157145078868483,-0.003143045763992049
2023-10-02,-0.0019229059592454185,-0.0022893176092171033,-0.002250063294925346,-0.0018828801268515236,-0.0015540793531626691,-0.0022668690057480283,-0.002076661855037857
2023-10-03,-0.01402124546934798,-0.014396106665512552,-0.01406837262220528,-0.01333797276954004,-0.01167364785130002,-0.014410349591853843,-0.014773390289353781
2023-10-04,0.005680882105644989,0.005663506544780666,0.005565669962561123,0.005389711404904987,0.004722291591001083,0.005680601126588922,0.005979458884634778
2023-10-05,-0.0003597225697752663,-0.00031934134588048615,-0.00032842818815902137,-0.0003538697348272073,-0.00028062214469370267,-0.0003282182421705521,-0.0003915253851007509
2023-10-06,0.010963133794779766,0.01116218108588842,0.010919450064834187,0.010400603139477592,0.009142368448212828,0.011172487040305285,0.011530617015157082
2023-10-09,0.005659054958806098,0.005803068807597109,0.005647291006585787,0.005331857942228532,0.004539226156958421,0.0057912641769939655,0.005905878454816121
2023-10-10,0.005784690651150767,0.006045077573374086,0.005950327661382456,0.005557302649645337,0.004641509303562519,0.006049991393169637,0.006149501555679174
2023-10-11,0.002732204925844804,0.002678070168560454,0.0026251394784136198,0.0024849445705420695,0.002168327773157188,0.0026814975147865126,0.0028407772716262333
2023-10-12,-0.008068920469528982,-0.008586065890608598,-0.008480218180508852,-0.007723468069790816,-0.006491162495513287,-0.008590249738623037,-0.008635764456967574
2023-10-13,-0.005214147267370492,-0.005399068279217483,-0.005433892330430339,-0.004826476745584798,-0.0036556609883631394,-0.005435919578035456,-0.005667759765534435
2023-10-16,0.010885043342469387,0.011259912572797546,0.01102663540199028,0.010097179767315766,0.008521731541101646,0.011265095516812363,0.011495473743841784
2023-10-17,0.0017392422373147056,0.0020233738810334066,0.0020321672541731527,0.0018262089537437927,0.0012005209997300499,0.002021194055182545,0.0019334972048836833
2023-10-18,-0.01338057841169958,-0.01386748454480597,-0.013324863018465399,-0.012453132530403761,-0.010442517180447752,-0.013870259099350454,-0.01414816384050038
2023-10-19,-0.009086045974289277,-0.00970651672414639,-0.00916478461895225,-0.008706548438135142,-0.006731240479067008,-0.009706744481729635,-0.009877761169307607
2023-10-20,-0.010915648137925693,-0.01147376420054366,-0.010959295083823069,-0.010270167570766365,-0.008085745403638737,-0.011477488856883641,-0.011788365608002267
2023-10-23,-0.002993021207632826,-0.003389359447709398,-0.0030500896815153743,-0.0030501666625266993,-0.00249814108020222,-0.0033729549789446854,-0.003305810753477486
2023-10-24,0.007317763753052827,0.007677178446907306,0.007311059083144472,0.005546013211066833,0.005453741625232796,0.007683354966780654,0.007891656598058655
2023-10-25,-0.012605783191849372,-0.013304591135623824,-0.012837158059531973,-0.009759336300115107,-0.008912013999782474,-0.013348259910195486,-0.013847934771076615
2023-10-26,-0.008562416151122833,-0.008767828560373048,-0.00830325274465137,-0.006460163917718573,-0.006481905778488482,-0.008773385911737092,-0.009211833817365603
2023-10-27,-0.005460521873515477,-0.0058946298322676074,-0.00543653462567009,-0.004031883441457416,-0.004479465983286813,-0.005851152057450694,-0.005746084087619531
2023-10-30,0.010609173720035676,0.011105226311840636,0.010331017810749521,0.007921140681780259,0.008387320324738967,0.011081165734558852,0.011344400414375814
2023-10-31,0.0051950866961819955,0.0057184046756469115,0.005321189623495337,0.004076343940617348,0.003914016927633655,0.005710614187209694,0.005819980692946533
2023-11-01,0.008906288179188702,0.009504044351690067,0.008859686698055971,0.006949042345001353,0.006765288693003317,0.009522270188311734,0.009905251803856778
2023-11-02,0.0179640618920602,0.019572810666497978,0.01816584074413062,0.01489201320689789,0.013845830274979496,0.01956210572437112,0.019933695095099246
2023-11-03,0.011114213341166234,0.012544322513515574,0.01111481027654571,0.010158681440473194,0.008186746217948768,0.01257337834438727,0.012775638596714028
2023-11-06,-8.992510216656289e-05,-0.0008017215458442705,-0.00010501724581624269,-0.0009606863916579584,-3.0329053985911933e-05,-0.0005171635303126739,-0.0006982485882118393
2023-11-07,0.0024651008100860117,0.002414590588539513,0.0024348623562922486,0.0026622720698945244,0.0017696380861197147,0.0025452794193761286,0.0026668938128937246
2023-11-08,-0.0017408941591013606,-0.002238803823416811,-0.0016843733424365067,-0.002457850152391387,-0.0012835348071337789,-0.0022247567483805273,-0.002458366812298319
2023-11-09,-0.007423392401369581,-0.00827293906482586,-0.007259530681939162,-0.008747508824340252,-0.005234481682259019,-0.008237707433548092,-0.008755648264144676
2023-11-10,0.013190298100808458,0.01414623450410334,0.012901921427116016,0.01485173469700933,0.00931960371836876,0.014132009154837012,0.014869207768191499
2023-11-13,-0.00033111924683022943,-0.0003466960023438172,-0.0003428316303528412,-0.0004063596750861288,-0.0001669875731051158,-0.00035463712917977233,-0.000407478406675273
2023-11-14,0.020957214950860104,0.02441818453710424,0.02105324431857551,0.026000333046636286,0.015173797460828758,0.02431411916886631,0.02602266381033171
2023-11-15,0.0023391437023687718,0.002560725665171233,0.0022334484964393027,0.002623355355386354,0.0018410805155583264,0.0024540475651696086,0.0026254993484872155
2023-11-16,-0.0013528286594598022,-0.0020043414579389886,-0.0013132377106884014,-0.0029699313820262994,-0.000829050862649191,-0.0019876694393817255,-0.002970367609268425
2023-11-17,0.001873633373688512,0.0024559195874677203,0.001877070512607123,0.003330386931778697,0.0011409271230483676,0.0024550225043799326,0.003332023690115696
2023-11-20,0.006385955192135936,0.0068827679886646845,0.00654150727230603,0.0077748561839697476,0.004400049234303811,0.0071697548867980555,0.0077836314287608515
2023-11-21,-0.0035007929695320445,-0.0041755396554609605,-0.003597299482950448,-0.005262271926332047,-0.0023238588263831796,-0.004324600584898022,-0.005266469331537387
2023-11-22,0.0038570737030478837,0.004218535970503657,0.0038358744575251215,0.004803576941042135,0.0026867963257774527,0.004307643918093626,0.0048079066822161
2023-11-24,0.0015744167133256506,0.00183096051027424,0.0014571489496395154,0.002189751915818617,0.0011164099006270025,0.0017892224696918503,0.002190532824037389
2023-11-27,-0.0013238298346698683,-0.0014922822150566684,-0.0013281420441820274,-0.0017272858613722867,-0.0009170620246295501,-0.0015067643595883214,-0.0017287265408443173
2023-11-28,0.0009685459456214949,0.0007293113711100175,0.0009495149804302039,0.0005846405846193911,0.0009437963976125317,0.0007996274286794122,0.0005859983737806192
2023-11-29,0.0006146847989019287,0.000870196564302352,0.0005049343477378359,0.0011619624631341837,0.0002792551194990456,0.0008412977169626769,0.0011619917989995952
2023-11-30,0.005075425073557639,0.00529104889487962,0.004787296523197005,0.005400327688783501,0.004513821607325159,0.005200094202623817,0.005403718388605178
2023-12-01,0.007959610949286884,0.00920419517917892,0.008377025630872122,0.01125930750346177,0.006117236030044153,0.009246402474059848,0.011266354580238811
2023-12-04,-0.0024434119176073377,-0.001790258482266232,-0.002218722603293262,-0.0015501904646806244,-0.0023034647700787394,-0.0020189285904308406,-0.0015548875797639916
2023-12-05,-0.001546183569218981,-0.0021757682533671413,-0.0017698153857134355,-0.0028863094778379833,-0.0009412074796231747,-0.002101293140815532,-0.0028867290782221837
2023-12-06,-0.0031496904927896326,-0.003123178336317014,-0.0031568372082679402,-0.0035288968967262407,-0.0027331195758666833,-0.003260084185633329,-0.003533068566323213
2023-12-07,0.006435078585900039,0.006468270268689649,0.0065763972733912796,0.007625945382506627,0.005390141668123876,0.006820903399395884,0.0076349378655227555
2023-12-08,0.0037100588671351445,0.003924967004559455,0.003778038071452575,0.004537692980337263,0.003135823948883877,0.0040101174593293034,0.0045418051969653836
2023-12-11,0.004356692221103753,0.004257828679671571,0.004296932434735303,0.004765601115621449,0.0037624233573400425,0.004518436466171502,0.004771028056180075
2023-12-12,0.004183528832471039,0.003967765843084302,0.00405959718163939,0.004260134911025766,0.0037422596611345247,0.004141854268897665,0.004265474975151824
2023-12-13,0.014837449880177886,0.01542345807948717,0.014574966430608328,0.018167807593152625,0.012136260757571184,0.016371308741368877,0.018182113053330607
2023-12-14,0.005560347272984014,0.00621257108260551,0.005491462041753059,0.007784925048201337,0.003767528678362022,0.006675082388641438,0.00778847004549939
2023-12-15,-0.0007807289371735859,-0.0010378175151393022,-0.0007990388712285877,-0.0014362936937368587,-0.0005708406166791851,-0.0015386968081917394,-0.0014361475459568093
2023-12-18,0.0034235988349013554,0.0034388029784097364,0.00340984508185927,0.003626894072746149,0.0035410940085287695,0.003480501772041524,0.0036317077769029995
2023-12-19,0.0076779375888081265,0.0076489089447512116,0.007059495155864975,0.008942495449246938,0.006616022099002572,0.008832234482266256,0.008948822429212808
2023-12-20,-0.014009969231460584,-0.013702658367236428,-0.012989548377254925,-0.015192174053089327,-0.012728624284301673,-0.014881261138657158,-0.015205890493840747
2023-12-21,0.010646415517515639,0.010364869013468739,0.009785303672171612,0.011686809814131692,0.009488132776410607,0.011442717434200837,0.011697219227418374
2023-12-22,0.002349142448959424,0.0022138956196276816,0.002029810414322518,0.0027559752935160447,0.001797346660228154,0.002720223126706665,0.0027578266653991144
2023-12-26,0.005639253697417368,0.005440109375259019,0.0050797045227655956,0.006308052550304452,0.004714389158410477,0.006191765168057091,0.006313039872708824
2023-12-27,0.0024824135340708814,0.0024273830101501277,0.0022758254020707113,0.002679620383113314,0.002164083659222561,0.002637123146222364,0.002681773627987207
2023-12-28,-0.000280931051309684,-0.00022108246213506713,-0.00017644940652079998,-0.00045224428118354664,-8.188050405306233e-05,-0.00044201995463803224,-0.00045235390416903333
2023-12-29,-0.004552424131497381,-0.004302984464592263,-0.00395161990813493,-0.005317082858119264,-0.003519141295045652,-0.00523391432491907,-0.005320655101232134
2024-01-02,-0.005841402834254386,-0.005735457394988018,-0.005643700468146044,-0.006450921302135661,-0.005428715613414595,-0.006150496821636776,-0.006458923598747733
2024-01-03,-0.010546652223468959,-0.010789352614838524,-0.010030376820974539,-0.012625733365281663,-0.009178359669920427,-0.01209910720029233,-0.012635361438602844
2024-01-04,-0.0018979140838549916,-0.001934776138358946,-0.0019277371247712932,-0.002137947338287463,-0.0017713524529076748,-0.0020068033997119117,-0.002140896837790975
2024-01-05,0.00038555179607647534,0.0003097792414728295,0.00036942494624623033,0.00015230486262386196,0.00041792051120922665,0.00018346313005416901,0.00015317216918197567
2024-01-08,0.0121597653451701,0.012642868293473015,0.012115950169763075,0.014240938281105262,0.01112479935539109,0.013455043941318417,0.014255594510464422
2024-01-09,-0.0025279396679349217,-0.002785441609001589,-0.002464346651083906,-0.0033385979629785233,-0.002230630220624854,-0.0031701018090722803,-0.0033398741460221298
2024-01-10,0.004238682570250907,0.004249928020917882,0.004144197006422829,0.00440744339639273,0.003970867071520133,0.0042658708483718066,0.004412557596103489
2024-01-11,-0.0004893351894774301,-0.000675977287095934,-0.0005286527944571707,-0.0010713248721470462,-0.00038142041074923263,-0.0009593844053450584,-0.0010712283867366343
2024-01-12,-0.0008301720746125016,-0.0008761715395346679,-0.0007598648020302682,-0.0009757314565535575,-0.0007150252805514366,-0.0009517383625005063,-0.0009759179374200189
2024-01-16,-0.004358539662381297,-0.004678376520393884,-0.004259641830912166,-0.005421754785642308,-0.00391271864540732,-0.00516210253477193,-0.005424961762246918
2024-01-17,-0.004341272653706127,-0.004538243816236213,-0.004322206987256595,-0.005118122186718359,-0.003987009633742057,-0.004849609171766768,-0.005123011809590816
2024-01-18,0.007730560594343169,0.007907686068244112,0.007659503525657824,0.008596115934119608,0.007152162426008827,0.008183411075497903,0.008605643091341092
2024-01-19,0.01210851255184709,0.011932697292518765,0.011483010611154362,0.012949240485594678,0.010756776983017472,0.012568461805508324,0.012962667608954542
2024-01-22,0.00568683768093706,0.00531711612690062,0.004972237757421182,0.006632234388609968,0.0043469447156850504,0.00657868833561223,0.006635567887554872
2024-01-23,0.00021802115468437598,0.00027823985574676035,0.0003632674603829423,0.0001498372540478779,0.0002421849160412072,7.886435731474322e-05,0.00015148351206842241
2024-01-24,-0.00072639598042798,-0.0005874601589022329,-0.0004831365044114546,-0.0009684843293659892,-0.0005075406858459778,-0.0010517330977491352,-0.0009673013603119148
2024-01-25,0.004999841479377135,0.004864439898274985,0.004675350115114885,0.0053828027333023805,0.004207951160504986,0.005330846775977834,0.005386792089553155
2024-01-26,-0.0010659617735277608,-0.001066083225922991,-0.0011077900524478132,-0.0011710869489053113,-0.000713124249459969,-0.0010731860591837177,-0.0011731322145163
2024-01-29,0.008943329753182816,0.008642624219689444,0.008432252074644776,0.009897913466107777,0.0069339330267068405,0.009681016935934074,0.009906172972271405
2024-01-30,-0.0021813940365025637,-0.0020269593405782076,-0.0020718584334383735,-0.0026775148809415348,-0.001236136022137255,-0.002556076763656499,-0.0026800417725619586
2024-01-31,-0.015067947688494062,-0.014645969842294692,-0.014358010762408897,-0.016512703061168574,-0.011895025590703413,-0.016108635127328953,-0.01652773418737756
2024-02-01,0.01140720451652532,0.011162578097622146,0.010876809415221005,0.012292258665439633,0.009056565158281491,0.012020460630309777,0.01230364837112677
2024-02-02,0.006228530053934197,0.006331185816560399,0.006296798586038427,0.006312532564761029,0.0050735137110100685,0.006010886225414546,0.006321792636364822
2024-02-05,-0.005659691048205291,-0.005434500475669829,-0.005200254935484781,-0.006261355708975967,-0.004391918523692771,-0.0062060710645323106,-0.006265161638513533
2024-02-06,0.0030708409547254337,0.002920343257046278,0.002781669748916333,0.003425989481645261,0.002423414439349384,0.0034329303700219743,0.003427666322534364
2024-02-07,0.005207395528120327,0.005246553777371968,0.005169879190324807,0.005324126235122606,0.00429553347720789,0.005132006506250629,0.005330857258168172
2024-02-08,0.0037224269558070976,0.0034492546862606075,0.0033370238400627157,0.004430132136573852,0.0025125310326322907,0.004380843934073207,0.004432277647050042
2024-02-09,0.005873547818992011,0.0055885443978883525,0.0055629233440451205,0.006762648479260505,0.0040207373742335815,0.006567392126699387,0.006768557823418361
2024-02-12,0.003166670318394375,0.002862946503452783,0.0026886205443757433,0.0038414176094181637,0.0021973556499137216,0.0038851277222547768,0.003841744825893097
2024-02-13,-0.0179070117077961,-0.017216700104922412,-0.016725694783170094,-0.019913951633294395,-0.013464315475566556,-0.019571841381939716,-0.019928405509230272
2024-02-14,0.009500141131366158,0.009450345831366027,0.009082395919242028,0.01107760794446147,0.007209952217971418,0.01049111768394511,0.011086537781318169
2024-02-15,0.008714118693377388,0.008978692855834386,0.008491921457731274,0.011057132992957134,0.007532182899225267,0.009797607732626657,0.011063795603422433
2024-02-16,-0.006010754376711236,-0.006007739193468401,-0.005935576138171347,-0.007347985180460777,-0.00483670529730547,-0.0065888962902703,-0.007353997311139944
2024-02-20,-0.005161086301440374,-0.005160303795257484,-0.00514709920082312,-0.006508411511101244,-0.0038775368542493514,-0.005747469317651958,-0.006513830890483692
2024-02-21,-0.0009602131105894336,-0.0009530630401956759,-0.000978453790421804,-0.0014502737860042387,-0.0005280214184657842,-0.0011772994607717755,-0.0014514326826292883
2024-02-22,0.016071468852673357,0.016074911110688133,0.01584050943591131,0.01735849471926293,0.012822009818807007,0.01644709432408534,0.017377655763957885
2024-02-23,0.0004735255237312103,0.00031079611465349754,0.00026612209685982304,0.0004390847107863078,0.0005231905516118846,0.0003844314626614954,0.0004387316812418242
2024-02-26,-0.0006912342858369565,-0.0007055405939897564,-0.0006670826808341979,-0.00015787647365532562,-0.0006014119078540955,-0.00042281501707069945,-0.00015905746407741443
2024-02-27,0.001954765803019564,0.002010964694297758,0.002074726750205751,0.0032454089224897933,0.0011960227290253342,0.002587124901103294,0.003247255023183487
2024-02-28,-0.002338095121163075,-0.00246963860698175,-0.0024765512968801897,-0.0032348608605957917,-0.0016732720119738808,-0.0028079314205466436,-0.0032374959185996074
2024-02-29,0.003477085349873112,0.0036964900891818886,0.0036978259123283197,0.004404134905349806,0.00253183632660097,0.0039794123060089386,0.00440858744016264
2024-03-01,0.007776427182311668,0.008156058279433855,0.008094088834976036,0.009413711375720538,0.005776983489066947,0.008647267059996406,0.009422949543398527
2024-03-04,-0.0018891695767317156,-0.0019871407934525256,-0.001933729355686307,-0.0021565724544705175,-0.0015154099225008857,-0.002045086686723047,-0.0021586378232465826
2024-03-05,-0.010111414376049361,-0.01055531182104498,-0.010401277283753625,-0.011718955365250472,-0.008205562666693957,-0.010988097781630186,-0.011730022881353065
2024-03-06,0.004250751068861414,0.004416530542879394,0.004525831867605727,0.0051680034002348635,0.0034626045925492937,0.004723925974508874,0.005172699893002091
2024-03-07,0.007424574032720012,0.007809430879981949,0.00793662739020939,0.008815504273269076,0.0060810618613335345,0.008176926876911569,0.00882467209509024
2024-03-08,-0.004688159849499433,-0.005049722440153455,-0.00505194730728129,-0.005383669767554492,-0.0038550618406305577,-0.005114715090355621,-0.0053904064524720715
2024-03-11,-0.0015550956611361032,-0.0016468751414757188,-0.0018485594399687104,-0.0023697338359525565,-0.001083125573714984,-0.00197505038085623,-0.002371513640920868
2024-03-12,0.007081645205929054,0.007454527653680215,0.007307381982302068,0.0076265326819876375,0.006075463194973952,0.007416733351272239,0.007635614244490842
2024-03-13,-0.0009785098184885875,-0.0011691957560971574,-0.001124019632310093,-0.0010000337512095202,-0.0006683394825767845,-0.0010435920002221774,-0.0010025098841761274
2024-03-14,-0.004186519449277005,-0.004244481220302865,-0.004908768027283695,-0.005869007738058566,-0.0031268704849654657,-0.005010696439195156,-0.005872053022754493
2024-03-15,-0.005158524912901654,-0.005711559522846906,-0.00550953311859868,-0.0057709170210323325,-0.00423587997314137,-0.005395686056284573,-0.005777793390664324
2024-03-18,0.0029094884011550875,0.0034131410189153126,0.0031285456738639637,0.0030970748538188654,0.002434738386103336,0.0029201574369753167,0.0031021013420458234
2024-03-19,0.005740256389255973,0.005362381241895568,0.005099359745122859,0.005537683122592984,0.004896414341565479,0.0054795507383948875,0.005542040097055393
2024-03-20,0.011672370869943896,0.01072617773935367,0.010901692272094225,0.012183800325731312,0.00912837411984075,0.01197869385580241,0.01219338852000097
2024-03-21,0.006219481726914158,0.0055807185631517415,0.005666156461845799,0.006405547866500883,0.004906138101591408,0.0063323979135568075,0.006409832085453422
2024-03-22,-0.005478552769484745,-0.004606403739848256,-0.004694356916640075,-0.005423724453716728,-0.00443779916720506,-0.005439490202910187,-0.005426066800035061
2024-03-25,-0.0019531531311631064,-0.0022779542444241376,-0.0021542939360978024,-0.0022224417151235462,-0.001684961754609454,-0.002161082899228113,-0.002224864967351464
2024-03-26,-0.0017695368440064946,-0.001588079430368918,-0.0016246420705137731,-0.0017628442718653121,-0.0014357616758112401,-0.0017068838495964435,-0.0017647154991719167
2024-03-27,0.011386782321384998,0.00991179781295614,0.010087976618432512,0.011355549476061424,0.009431004931145263,0.011280728441341604,0.011362881014769998
2024-03-28,0.0003007493206802564,0.000146168695375447,0.000197646793730174,0.0002998605846617162,0.0002339441302352309,0.00033500029732608884,0.00029943754243380675
2024-04-01,-0.0037795165451951253,-0.0032264689525599347,-0.0032778503877246234,-0.00377167365429434,-0.003175109567326229,-0.0038061001097485663,-0.0037730830308818353
2024-04-02,-0.010338088827692885,-0.009015442482268874,-0.009173999693613297,-0.010304930567619454,-0.00836798308278522,-0.010158360197006418,-0.010312364603795192
2024-04-03,0.0015946464403997448,0.0014124014858717961,0.001557766779520158,0.0018401556600158662,0.0010640392483938267,0.001806418093372085,0.0018414339956301636
2024-04-04,-0.012577328731723021,-0.011834342945322516,-0.011750982142540549,-0.012761899074436794,-0.010548961803557197,-0.012486572096074917,-0.012773460068766902
2024-04-05,0.008425389029997702,0.008021177185142185,0.007936652366915514,0.00848339158393199,0.007178308915984076,0.008257990676530737,0.008492154975411635
2024-04-08,0.0014097415092530691,0.0011645040443550526,0.0012701873053750296,0.0015241841971105233,0.0010153198489504338,0.0015220080254434985,0.0015248624091541282
2024-04-09,0.0017878345409626214,0.0015463224926097535,0.0016376072364905864,0.0018596506286564965,0.0012997768382401668,0.0018006639250423692,0.0018613769509549366
2024-04-10,-0.013143416129938506,-0.011837466527217053,-0.012123935489105826,-0.013668600634917153,-0.010458988081558637,-0.013510319314475168,-0.013678168034220109
2024-04-11,0.007108852144501783,0.006497245383972162,0.006663554023667914,0.007277081922377651,0.0059689327558156285,0.007000585719912262,0.007285206561511083
2024-04-12,-0.013942538859227502,-0.013268455329924501,-0.013373858290280727,-0.014584848469321062,-0.012187932701566548,-0.01442541940722417,-0.01472358029608192
2024-04-15,-0.011601493421087138,-0.010969759386176397,-0.011127586377980567,-0.011895170261059634,-0.01007930709685008,-0.011936178677753255,-0.012241652763480557
2024-04-16,-0.0006350440683819138,-0.0005698155185812574,-0.0006870534613834583,-0.0006588901670831955,-0.000386160193817856,-0.0007989472633559108,-0.0008015858017815282
2024-04-17,-0.006591665925882948,-0.006120239843403414,-0.006317443180493839,-0.00596071878632747,-0.004943062830441724,-0.006839324131939503,-0.0070538161699930995
2024-04-18,-0.0017987682336756462,-0.001644254397442234,-0.0017057163982746137,-0.0015402706849753035,-0.0012592259956415858,-0.001758963552969103,-0.0018585385908040724
2024-04-19,-0.005150591728558054,-0.004727701205714789,-0.004857324540167678,-0.004064048623282653,-0.0034627462435318753,-0.004686811219675995,-0.0050578626757788025
2024-04-22,0.008687675269395395,0.008246716762093612,0.008327816939070299,0.00801947453239149,0.006802139079093607,0.008991014852839518,0.009192471778316188
2024-04-23,0.011554869159422578,0.010897270452287177,0.011101575847077274,0.010721023843416555,0.008938996552063544,0.012019333517113135,0.012307667760109954
2024-04-24,-0.0005930174961517219,-0.0005791090932387907,-0.0006252095401592609,-0.00087900965333711,-0.0005609810333371595,-0.0008368839461995805,-0.000786946425516655
2024-04-25,-0.0058738755413020064,-0.005655531908184324,-0.005566177103860901,-0.005518132510364914,-0.00482395714069068,-0.006048309393669262,-0.0061410030612538994
2024-04-26,0.008643379192521885,0.008314306701884494,0.008448696465776784,0.008327825280975882,0.00672884875627938,0.008979305181878366,0.009268847545271446
2024-04-29,0.0042060644639577704,0.004069821565035196,0.0041409175730422985,0.004296236130130554,0.003429881080226189,0.004572931095875301,0.0046461938031038845
2024-04-30,-0.015799499891362354,-0.015473075975991998,-0.015570871604610409,-0.0170520643960676,-0.012436523067170004,-0.01680630030939466,-0.017163805632649326
2024-05-01,-0.0015077072975624292,-0.0015739693190310764,-0.0014899359923548864,-0.0015899359640038917,-0.000909141405099586,-0.0014515058111456431,-0.0015848700421486916
2024-05-02,0.011016668746508806,0.010691356804260256,0.010575072423802711,0.012169063248633228,0.008312308645810895,0.011947356607849484,0.012189823862490899
2024-05-03,0.01229387025765247,0.012236870845926496,0.011712397450376657,0.013251668466667125,0.009292381435750634,0.012892153854157751,0.013263069540045785
2024-05-06,0.008266101511090602,0.008328803038109022,0.008236702070746458,0.009338925801335142,0.006303224540948925,0.00914106446636522,0.00935351059037653
2024-05-07,0.0009041976954941171,0.00085949460836447,0.0008916141293815673,0.0009992030273185707,0.0006984286842879986,0.0010000764309851273,0.0010026092055092227
2024-05-08,0.00024767450310831784,0.00033941443827937266,0.0001400749387361314,-4.027281176755401e-06,0.00037936370297428563,-1.9646360966599736e-06,-5.675126920933006e-06
2024-05-09,0.006238210994611627,0.006116268441080572,0.006054769808887636,0.006753659657924186,0.005042747746110209,0.006716985320126229,0.006770460459796651
2024-05-10,0.0003014144489173404,0.0005060426083105773,0.00024561854407909706,9.909997027998283e-05,0.00033126858450058965,4.7559449210958765e-05,9.41056226345567e-05
2024-05-13,0.00036345069667708356,0.0003843548021052523,0.0004106305481430088,0.0005641779731285163,0.0002066095654202069,0.0005277371981109431,0.0005634923416604282
2024-05-14,0.004998740288068406,0.004994754816262017,0.005001231158468608,0.005775354507849666,0.0038723572920912608,0.0056715489541432455,0.005785159813116478
2024-05-15,0.0113205644003056,0.011056324890057161,0.010924690489437115,0.012079732550260357,0.008874500911700821,0.011811657689466997,0.012094811218796986
2024-05-16,-0.0022765420164389152,-0.002148287017380613,-0.002152171805246937,-0.002463930521674044,-0.0016955563554454244,-0.002435746876159531,-0.0024697843521239503
2024-05-17,0.0013825375181526986,0.001373879249399561,0.0012987463320849343,0.00138186244854942,0.0012529129959816304,0.0013859518950530636,0.0013856843547559801
2024-05-20,0.0008866904106746909,0.0008539734179609736,0.0010020216120288836,0.001107120699768681,0.00037068648510303316,0.0009942061673510736,0.001102809611620636
2024-05-21,0.0014269901036604317,0.001318834054527439,0.0012465400989702116,0.0012967867576549345,0.001253231091263227,0.0012570950330559225,0.001297425354182245
2024-05-22,-0.003910547832670059,-0.003732431111813961,-0.0038078682238676526,-0.004094194488795895,-0.0031739876894654757,-0.00409440967743974,-0.004106082387469504
2024-05-23,-0.010473562844925581,-0.010041345769891796,-0.01006779692339745,-0.01083494065504467,-0.008931886074518574,-0.010769162291823384,-0.010859992770290275
2024-05-24,0.006067764013355895,0.005637357839381063,0.005872546736784255,0.006312787954901181,0.004738476273352428,0.006153455825697471,0.006321111589283908
2024-05-28,-0.0007260534624689487,-0.0007730789320531451,-0.0006952415840446042,-0.0007564058800241675,-0.0007541270015351381,-0.0008198832960995691,-0.0007622921772424055
2024-05-29,-0.009230990403366716,-0.0087828090277948,-0.008873085455568188,-0.009558270808020899,-0.007593153823498613,-0.009452846399291087,-0.009577721396368028
2024-05-30,-0.004841642905451381,-0.004829313183213926,-0.004384505137002994,-0.004618783761478448,-0.004467947185879576,-0.004415052719997308,-0.004613901623248578
2024-05-31,0.008658701541134916,0.008489004655156009,0.008310822302087186,0.008838586274986612,0.007691693196916474,0.0088209945520613,0.008862184792915428
2024-06-03,-0.0009542204001384517,-0.0009078924718656408,-0.0009667611217653133,-0.001072650952342584,-0.0006975343184958797,-0.001134113282434318,-0.0010801951177495167
2024-06-04,-0.0007724807398134122,-0.0005338730642984754,-0.0009324407118168892,-0.0010811621489661086,-0.0002843309500227767,-0.0011444148557718187,-0.0010914267465482123
2024-06-05,0.011540322764689345,0.010795001370495884,0.011043324459589422,0.011884549824958793,0.010440659359317454,0.011547228968647837,0.011895405417646497
2024-06-06,-0.0008765787330573741,-0.0007137075871713089,-0.00092835873217893,-0.0010396987099016443,-0.0006426155306728011,-0.0010431351325247038,-0.0010442672726906708
2024-06-07,-0.003347621648184798,-0.0030819234126433087,-0.003299690425008174,-0.0036074123713187027,-0.00283091669785666,-0.003605530424019661,-0.0036185631716443892
2024-06-10,0.003001270910538562,0.0028478192523194766,0.0028736456273463326,0.0030790184289602902,0.002795979241748306,0.0030127555237864753,0.003083126314439509
2024-06-11,0.00052246620667605,0.00046762270158152606,0.0004318634873025475,0.00043026490064365815,0.0007479922917617844,0.0003077419202035418,0.000422450683556719
2024-06-12,0.007952541449688797,0.007348672168489674,0.007716976054342348,0.00831550600388317,0.007294195167072898,0.008111648788360772,0.008326837077750223
2024-06-13,-0.0005703179902595027,-0.000476633724916982,-0.0006635155857509121,-0.0007825576862055112,-0.00011628053044494759,-0.0008848201097690359,-0.0007932389396351298
2024-06-14,-0.001963379576059331,-0.0017273533523427004,-0.0020835489042796535,-0.0023218203433573413,-0.0014358434712207543,-0.0024245864687368153,-0.002338382732650641
2024-06-17,0.008164371740713813,0.007745292050612124,0.007784207005879671,0.008353538861545492,0.007364730004038108,0.008157909566575198,0.008362657276348282
2024-06-18,0.0015410566028741706,0.001501382077998284,0.0015071580260560592,0.0015783771661635917,0.0014237342018002476,0.0015678677060161994,0.0015826112360234899
2024-06-20,-0.0013193870919668347,-0.001064727833443751,-0.0013237723256893145,-0.0014241805249098167,-0.001129519494102719,-0.001301087098571744,-0.001421168906649831
2024-06-21,-0.0006758650466639444,-0.0006706158355066298,-0.0006185610943162639,-0.0006254625052156316,-0.000698658236249163,-0.0005752379851271432,-0.0006233942748906598
2024-06-24,-0.00046562688696879866,-0.0003410858541872412,-0.00036296346645968143,-0.00036079056072144654,-0.0005435111346425302,-0.00017407805075076474,-0.0003481878907438402
2024-06-25,0.0008834120695787153,0.0007289291584807209,0.0007894147482237622,0.0008036518685115076,0.0009210132136298489,0.0006088487598402774,0.0007924399280310881
2024-06-26,0.0005533356900795385,0.00056086384687226,0.0004930712902867919,0.0005010801357160323,0.000577815197534886,0.0004614624821688531,0.0004991852732286612
2024-06-27,0.0032017475113934792,0.0029312269088352712,0.003144858640583546,0.0034365251088101286,0.0027014022299342464,0.0034099142997718033,0.0034453996917458668
2024-06-28,-0.0018406264038235195,-0.0018289884651293198,-0.001696165169567186,-0.0017436792393733498,-0.0018444000281166023,-0.0016448621706718954,-0.0017407835193806104
2024-07-01,0.0006318253044111736,0.0006929929619460178,0.0004646172155199161,0.00043896725128730874,0.0007948391519473312,0.0003272895117472738,0.00043034716301599993
2024-07-02,0.006008720353912219,0.005747661176173299,0.005684842843926882,0.006068483403448007,0.005514204332793699,0.005896415016930209,0.006072145526208274
2024-07-03,0.0027681739234143464,0.0025559312942893763,0.002613213293325029,0.0027637035505971843,0.002591449190145926,0.0026278304974813524,0.002761532538616125
2024-07-05,0.003768996563928624,0.0035617928622602183,0.003486248378743362,0.003658032917141486,0.003638881049646059,0.003477403869749414,0.003653605519909169
2024-07-08,0.0019682491487436797,0.0019363509577836264,0.001944193621622814,0.002123756692000756,0.0016524275977817186,0.002095039830906053,0.0021285834623221657
2024-07-09,-0.0007710917435663153,-0.0007917083920146689,-0.000764022623141438,-0.0008695639726083017,-0.0006430825854052736,-0.0008893266188801189,-0.0008735432402723378
2024-07-10,0.010021026574759657,0.009855565755857023,0.00958153623736191,0.010243643899091813,0.009296299597323886,0.010081116221913631,0.01025959105123816
2024-07-11,-4.123778127295601e-05,0.0004349689050768494,0.0004649585177733122,0.0007965012680705421,-0.00023268640272710965,0.0011903116503090443,0.0008339702695330317
2024-07-12,0.007128328607855925,0.007043635819559028,0.0068766612293259715,0.007372208002233258,0.006348972528016129,0.00728386011099685,0.007386330897532315
2024-07-15,0.0065317340521435655,0.0065179577553187915,0.006392727603833893,0.006943588960732315,0.0049908201626067674,0.0069226138628656845,0.00696210776964974
2024-07-16,0.013511517974008834,0.013578008402070739,0.012566964105202938,0.014245711218078303,0.010829071382855854,0.014274426510851073,0.014286982947901808
2024-07-17,-0.01075138740921981,-0.010222251291023674,-0.010031195601953449,-0.010955283760822863,-0.008266562929971362,-0.010496565657901713,-0.010952752276665081
2024-07-18,-0.00989533008953644,-0.010542101151079895,-0.009401813873073428,-0.010992676371888967,-0.008433116108032705,-0.01092882221116867,-0.011017630415910888
2024-07-19,-0.007122142574366507,-0.007209171875113839,-0.006836203962805711,-0.007566851325188035,-0.005974122259833381,-0.007422176988761215,-0.007575664383731331
2024-07-22,0.009485022761542308,0.00956588337414163,0.009111917523738852,0.01051975548542836,0.007351535764057952,0.010283835033242504,0.010532894832588362
2024-07-23,0.00025073085917300033,0.0002247505809597306,3.9697288346045984e-05,0.0005994524266091574,-0.00016476318928742575,0.0006709371467530532,0.0006077264862774256
2024-07-24,-0.02050107339413642,-0.020701306064749875,-0.01988934599600929,-0.022231600812112527,-0.016422656965384207,-0.021654218398620962,-0.022249501203404375
2024-07-25,-0.000882802777459577,-0.0010332806565093245,-0.0007842606400436222,-0.0007470487654987232,-0.0005242689028669045,-0.0007559091079974262,-0.0007337214576135727
2024-07-26,0.011562085354219941,0.01282100563404463,0.01159447316764615,0.012771293817887093,0.009711279555291047,0.01316361666727094,0.013740953457638207
2024-07-29,-0.0013423543688357367,-0.001736857243735964,-0.001557714637552532,-0.0017082183018812176,-0.0011967597178470075,-0.001957161251278309,-0.0021670775590679845
2024-07-30,-0.0018649615740109608,-0.002379745619652746,-0.001897803312702474,-0.0019875752559739505,-0.001143141777269315,-0.002352159365772754,-0.0025040466860217097
2024-07-31,0.01059062995484379,0.01231188467850705,0.010694004463322759,0.010418133607672974,0.00819019186454174,0.0125095417915265,0.01315922953760319
2024-08-01,-0.015359307952355784,-0.017924661644639593,-0.015822848715199168,-0.01567053166848854,-0.01256252537283392,-0.017863450046077242,-0.01975076552636199
2024-08-02,-0.017579687734004718,-0.020388436845080696,-0.018166566942684974,-0.01766680590739925,-0.014157804457387421,-0.02044038890055315,-0.02236724755058873
2024-08-05,-0.023580954525604776,-0.027331623703019257,-0.023524261694879058,-0.022607976247215597,-0.017541596815087476,-0.025324502404470206,-0.02871534176744956
2024-08-06,0.006523883123176257,0.008016235299199191,0.006806260536202948,0.005840154108784638,0.004650966772249434,0.007622587661005028,0.00891781224124115
2024-08-07,-0.005685375236497155,-0.007358367216189696,-0.005929394130570165,-0.0007727349568099719,-0.00407189459275049,-0.006832285915431145,-0.008390961650911731
2024-08-08,0.016358882664019928,0.020965142264029672,0.01688553570893049,0.010547677399592295,0.01154099184380537,0.01972583653608094,0.023370533812204292
2024-08-09,0.00177285134336511,0.002234954180731999,0.0017373998708001548,0.00114448931682021,0.0008623047663871748,0.0020420260587649553,0.0022820496015846245
2024-08-12,-0.0014273882145921762,-0.0017728319383876463,-0.0016090408292845641,-0.001098334671111334,-0.0011092900846824236,-0.0015875242592303246,-0.002194189814163569
2024-08-13,0.011403591123905979,0.014674868507931631,0.011747224408279165,0.010169696387319035,0.00709919304219795,0.0133137219082811,0.016398082390042538
2024-08-14,0.0015101040521051166,0.0016499514517292393,0.0014784796248745464,0.0009292279549181297,0.0009431529549950783,0.0017931075228445855,0.001325615196250621
2024-08-15,0.013489027628677512,0.017875550621664064,0.01453875507615701,0.014107839656283643,0.008956012729500987,0.016278023684871572,0.020157766412302134
2024-08-16,0.0015542264787956049,0.0019781196313703115,0.0016761119458475228,0.002489364809690678,0.001075510503595607,0.0019026271288859332,0.002156119091719535
2024-08-19,0.006623214964969698,0.008833584027741275,0.007152801697704948,0.008951423264625205,0.004407717663774071,0.00823194495103449,0.00992012880479007
2024-08-20,-0.0023264526821662906,-0.0031246729280588743,-0.0025912730537492653,-0.003455109019549335,-0.001667116338096746,-0.002929172171520034,-0.003824641197845709
2024-08-21,0.0031886539276774093,0.004194912709755744,0.0035356805614227063,0.004710849547332191,0.002223193536549482,0.004048137045201048,0.005217714731840302
2024-08-22,-0.005705683253097156,-0.007134992229635986,-0.006106297216501812,-0.007825122823298022,-0.0036721343010890587,-0.00705126647594546,-0.008659966986678919
2024-08-23,0.009904540911044136,0.01269465734609165,0.010843360593505984,0.013674859360114373,0.006905271096433486,0.012320227989895714,0.015151245113907636
2024-08-26,-0.0011818616635449703,-0.001468700921943039,-0.0012257875371218052,-0.0018901130109064443,-0.0005903619616296105,-0.0014956481626254904,-0.002090636151280867
2024-08-27,-6.826068125740905e-05,-0.00022461293720741683,-0.00016605367464096315,-0.00038420379200485336,-0.0001911248708372434,-0.0001367641557571801,-0.0004207425602208659
2024-08-28,-0.004490837647109629,-0.005567824065986681,-0.004920516256529759,-0.006052355099619897,-0.002905367813977631,-0.005504773359733129,-0.006698434481808744
2024-08-29,0.0021796815657967473,0.0026225641021605465,0.002334121286423608,0.0026168991947699864,0.0015826739047279065,0.0025433976683139547,0.002896994539535165
2024-08-30,0.005605291452445853,0.007012766503099484,0.006244811577676668,0.007351086316712218,0.003679624645305889,0.006990949252110409,0.008141188745137863
2024-09-03,-0.015791180626406366,-0.01933997017447065,-0.017096482671676922,-0.0207848057429109,-0.010284989121010567,-0.0195491970774528,-0.022992434535158757
2024-09-04,-0.000999176928451407,-0.0013201953799724226,-0.0011267476477010907,-0.0014235430554843968,-0.0006356594489164303,-0.0013123734246827817,-0.0015788561473066385
2024-09-05,-0.0025191198799664723,-0.0024596993176872117,-0.0023294880217053465,-0.001871449217681823,-0.0021470048719682147,-0.002867160596966175,-0.0028121956403864682
2024-09-06,-0.013457915266267426,-0.013959406920598858,-0.012847408828575971,-0.012162342372515218,-0.00927368524327379,-0.015653494533837867,-0.017382327887868688
2024-09-09,0.00835217904711292,0.008589376622132064,0.0077868749619903355,0.006739495023905622,0.006072552198708171,0.008977926484071632,0.009684886068881788
2024-09-10,0.0017992333431766884,0.0019676282494799266,0.0017130587015300241,0.0017791306275269166,0.0009608149707506885,0.002232732865058292,0.0025405543206941006
2024-09-11,0.0067378812009609695,0.007129148883914603,0.00640137981697096,0.006169419174588772,0.004430932029140989,0.00822628576199481,0.008811122102311544
2024-09-12,0.007329145924920964,0.007526669581000433,0.00700325429715074,0.006544321055279767,0.0051921712242812765,0.008798875440327016,0.00935665791754491
2024-09-13,0.0072851382798193405,0.007384500661303507,0.007096967002741908,0.00752607300303895,0.005296757956975593,0.009148618370185123,0.009817124912207077
2024-09-16,0.0019730666054587113,0.0018982359599324906,0.0018198449639877559,0.0015240119551040675,0.0016891867111222267,0.0019225684417716968,0.0019113313693996763
2024-09-17,0.0010890845411944254,0.0012058798773464995,0.001215896625958567,0.0015212285668757498,0.0007373755810557817,0.0017252136395306678,0.0019088121216934498
2024-09-18,-0.002333092451451786,-0.002338661232802918,-0.0021054917235849074,-0.0021027731671475073,-0.0017009858152510025,-0.002515873723563002,-0.0026255245812261915
2024-09-19,0.015005264592794335,0.015051125072944906,0.013933970098002473,0.014815160060200429,0.010624806112186884,0.017441133932023706,0.018527307455689628
2024-09-20,-0.0019780021775404268,-0.0019885294298570737,-0.0019890518505349944,-0.002401361385876999,-0.0013173583707410794,-0.002723541241046804,-0.002995340041020267
2024-09-23,0.0010296976120788694,0.0010315396871945666,0.000903716263746023,0.0007068342730192124,0.0008628467905764413,0.0008914752205431912,0.0008765143463080109
2024-09-24,0.0024448046841243345,0.002451341274406697,0.00231128455186098,0.002329668793449022,0.0019034808696129296,0.002751444584012253,0.00290141451886111
2024-09-25,-0.004531364371722977,-0.004047018436930696,-0.003883959003761271,-0.003987796913510936,-0.0037024892732821155,-0.004991740966081792,-0.004979146302628608
2024-09-26,0.004794447609011331,0.004594549708576902,0.004354188990026341,0.0036094670180165985,0.003766844874987774,0.005321766988515879,0.005494054527032165
2024-09-27,0.0008024572688184579,0.0005163621751444372,0.0004977434860174545,0.0007369826027089918,0.000794046014583036,0.0008605980304290421,0.0007380906182155718
2024-09-30,0.00228217225666702,0.0021693102477433556,0.002078884355145073,0.0025605107761085422,0.0016620463756459739,0.0025087838304809346,0.00258236175384963
2024-10-01,-0.00822759706735987,-0.0076727692597068076,-0.007552241581841469,-0.009675514546707778,-0.005882543163600579,-0.009426485812728804,-0.009764769847117829
2024-10-02,0.00031750502363603984,0.00037453286453881723,0.0003202476471187593,0.00036195079126380284,0.0002874448152735621,0.0003288314125858208,0.0003648206435061473
2024-10-03,-0.0029061589120290042,-0.002794012240093172,-0.002667743159969657,-0.003514852236896093,-0.002290950527368664,-0.003295423331015287,-0.0034058742668950513
2024-10-04,0.010036951447439785,0.008580411920419037,0.008688698598569472,0.008512708618005701,0.0077075161165275395,0.010569542999684012,0.010593430424442959
2024-10-07,-0.008818798871631405,-0.007823261600781482,-0.0077772743287587084,-0.00742031317659974,-0.007131190697606815,-0.009192923568805383,-0.0092174639289197
2024-10-08,0.0068111934442770415,0.005900891180642369,0.0059251099534250225,0.005587201668951379,0.005398242373657669,0.006932433112357703,0.00695466934319396
2024-10-09,0.006977208777929439,0.0063316696387623215,0.006137396364419798,0.0049017311897080335,0.006132194548899486,0.007009976098383033,0.007030527859785937
2024-10-10,-0.0022039653001249557,-0.0017451826229262619,-0.0017098560157473204,-0.0016325010331459157,-0.0017045747668544857,-0.0023228515311163106,-0.0023282291177512855
2024-10-11,0.00881315433139569,0.007379798925646584,0.007939588114460645,0.006474331103824855,0.007403676883817836,0.009220719879595624,0.009242501924553044
2024-10-14,0.0070290050329215,0.006018683610457669,0.006193617689501109,0.0050530458878421895,0.0059760565281982,0.007165643451608878,0.007188972952957998
2024-10-15,-0.007236858259902644,-0.006413094680872951,-0.006316340602928339,-0.00509833524643401,-0.006379081590149336,-0.007222345832767246,-0.0072399399424949605
2024-10-16,0.006577642356972389,0.00551867447516443,0.005951534237169883,0.0048634864747295085,0.005477099952705013,0.006890855410111517,0.00690682989084539
2024-10-17,0.0007602145322209657,0.0008826606938645581,0.0006983457955367651,0.0004929881834960466,0.0008845255980168407,0.0007040175475556026,0.0007042284948024872
2024-10-18,0.0024002211359158278,0.0021102651541306254,0.002062735663406196,0.0016621183321221468,0.0020974702446006945,0.002360301614880313,0.0023693243191542693
2024-10-21,-0.005207574086599794,-0.004334760084384088,-0.004727338845844039,-0.0039025201392340237,-0.004202621612455194,-0.005511014920804972,-0.005519018923853434
2024-10-22,-0.0007951134050717943,-0.0006200014880525576,-0.0007140991088362958,-0.0002766737306115854,-0.0005887480501490632,-0.0008688707449984524,-0.0008719672778609278
2024-10-23,-0.010438760060881458,-0.008896894839929195,-0.009465512488492646,-0.00853910445385536,-0.009179706505565812,-0.010610986940122226,-0.010632641038315809
2024-10-24,0.0019355484635134915,0.0012769003249993361,0.0017174215721004627,0.0015937802542502603,0.0014413266254428778,0.0019884644354922288,0.001988629572216723
2024-10-25,-0.0012733509499749471,-0.0014193187936418549,-0.0011852078700547648,-0.0010714134739874086,-0.001282907042947631,-0.0013345256248390523,-0.0013418102147716585
2024-10-28,0.006049274607158808,0.00499004697911111,0.005469927842891157,0.005105982567762524,0.004957063153354576,0.006370297494566006,0.006381820360971631
2024-10-29,0.0009170341892157933,0.0005061437998317066,0.0008064711833279121,0.0006989121646786376,0.000710402744635463,0.0008678419858070129,0.0008648270400753162
2024-10-30,-0.0032361682617039877,-0.002675870977752487,-0.0029281148546760147,-0.0026294965137793726,-0.002821955610427763,-0.0032671052110944763,-0.0032717676888910354
2024-10-31,-0.0171523932435891,-0.01447436548578411,-0.015505587533771004,-0.014061267048140737,-0.014922792710180259,-0.017471841582661886,-0.017523606815674518
2024-11-01,0.005814332577758114,0.0048720092001036264,0.005266819447092189,0.004749368592242877,0.004921605639529562,0.005932182149744858,0.005942866411193733
2024-11-04,-0.0018492034658692145,-0.0017774123732492168,-0.0017105861274278728,-0.0012673824154609305,-0.0018449350190016425,-0.0017427534933487955,-0.0017494184123677298
2024-11-05,0.01281481070085511,0.011538300477815287,0.011577637010300158,0.00793628783044007,0.010080747032521232,0.013178126624503201,0.013213233492134014
2024-11-06,0.03432276298878745,0.03124560581730635,0.031092137459785868,0.021449191185083285,0.027465248578275762,0.03543295702174897,0.035505252357092044
2024-11-07,0.00486807691632132,0.00403499217676539,0.004343601937324056,0.0029610663599781394,0.0035232439947392408,0.004967867745551474,0.004877813284578967
2024-11-08,0.004243551860339443,0.004547257072553593,0.003971648532330201,0.004336936576851169,0.002751982737885057,0.00458411743150198,0.004930710759506748
2024-11-11,0.003905924400662949,0.004602373911124794,0.003763771164127963,0.004666106981901948,0.0024871458840312857,0.004533702890774166,0.005180363850060909
2024-11-12,-0.005862071539307973,-0.0066081672857516175,-0.0055735972431260345,-0.006678145487503405,-0.0037971773812657808,-0.006649992511155728,-0.007407907835924089
2024-11-13,-0.0010856017892910198,-0.0014909999247042763,-0.0010914790910156501,-0.001755496000130003,-0.0007417944265989006,-0.0015353373750655727,-0.0019466768730568627
2024-11-14,-0.006254684255581079,-0.006717166272703544,-0.005837148656380735,-0.006828930327699476,-0.0041580386289877405,-0.006986080704870561,-0.007587243811424901
2024-11-15,-0.0122184181959374,-0.01239832202172816,-0.011211542713119952,-0.012678166107057182,-0.008191252745015176,-0.013410169164508153,-0.01409710309192674
2024-11-18,0.0026313446556536987,0.002574076465605038,0.002376103681357702,0.0026786519273660917,0.0017242860446022926,0.00288379119608101,0.002983887654881347
2024-11-19,0.0024672098804403987,0.002662168776659255,0.002281733849814646,0.0029480447707143217,0.001583710558565806,0.002947193799330144,0.0032819742166121844
2024-11-20,0.001084914449755592,0.0011375269696827755,0.0010150247768721163,0.0010420427882954705,0.0006687316376890158,0.0011154539922875921,0.0011605294055237957
2024-11-21,0.007189981228155823,0.007833701570713798,0.006752767626060984,0.007780658794465672,0.004548051449812289,0.007947013414507619,0.008659233137076795
2024-11-22,0.0062648481071423635,0.007045855264779065,0.005947753762820563,0.007079232137744267,0.0039849495586365405,0.007074138391860597,0.007868751917057748
2024-11-25,0.006038063393521962,0.006685674581742634,0.005568966547518348,0.006647782669663772,0.003842057111973169,0.006718506999945898,0.007380838839634123
2024-11-26,0.0024446861999174005,0.0020098015614818166,0.002243301379340612,0.001748666681241939,0.001514838869133693,0.0022421688410341734,0.0019494043606738556
2024-11-27,-0.002965430434693157,-0.002734583593791572,-0.002831060703305166,-0.0027230988677016932,-0.0018027127757212925,-0.0030820835668806655,-0.00302584121269849
2024-11-29,0.005457874892857407,0.005463814727279333,0.0051592174939514256,0.005425199960136172,0.003421979795623256,0.005830730195720944,0.006025994923704978
2024-12-02,0.0018179025678606497,0.0015566918453899965,0.0018109883412436782,0.0018172556089899382,0.0010564151436476099,0.0020501392217180865,0.002020566351070597
2024-12-03,-0.0007588962459943772,-0.001142471289541063,-0.0008710634186029227,-0.0011710908706312995,-0.0003735358008576912,-0.0009919591884063204,-0.0012962129485871272
2024-12-04,0.0065606846789867355,0.006459285393674593,0.006327502060448073,0.006432150104998867,0.0046706005528780415,0.006978471655739085,0.007138181146755989
2024-12-05,-0.003993288576568524,-0.004466768339788751,-0.0040854844773204335,-0.004579091223569104,-0.002691054110141249,-0.004565106382490798,-0.005075672740455929
2024-12-06,0.0019158167257330614,0.0022388073471226754,0.002182119422599746,0.002215168889996504,0.0014845913826787023,0.002290473348651883,0.0024554777571592183
2024-12-09,-0.00591925237158968,-0.005445662925533222,-0.005081162152981471,-0.005100885841285047,-0.0050460786444931904,-0.005911563356724051,-0.005656668603940605
2024-12-10,-0.0032908202558879626,-0.0032166559554026954,-0.003051293625041306,-0.00304559029742234,-0.002796056959822745,-0.0033669644609643874,-0.0033797460382291285
2024-12-11,0.00629065215160193,0.006207123728155862,0.006042630157891611,0.005755957360366804,0.004787630434073771,0.006367798097192692,0.006384800196263931
2024-12-12,-0.006921641638038279,-0.0066731944172690565,-0.006406465880929166,-0.00650916754840962,-0.005622631949467237,-0.0071911708288038105,-0.007220482741166714
2024-12-13,-0.00021634008287665503,-9.604502361899378e-05,-3.740808089565366e-05,-0.0003278353533975462,-0.00029500534491843354,-0.00035457739045448257,-0.0003695541795454999
2024-12-16,0.004923548286718633,0.004807285700548433,0.004729034732802966,0.004563218511780638,0.0035662169236307445,0.0050467820328309165,0.005056331659368276
2024-12-17,-0.006375435023106054,-0.005988554016969232,-0.0057249341185056845,-0.005832997699030099,-0.005153281470467334,-0.006449881602236132,-0.00647599694371864
2024-12-18,-0.03317527678364934,-0.03128647908817359,-0.02987310383517846,-0.02982706087771144,-0.029496816727988574,-0.03298503573754108,-0.033117883435818625
2024-12-19,-0.00023989170651643357,-0.0016825792035352893,-0.00012163688526957314,-0.0016902653740828802,0.0009851590898901797,-0.0018785079175695617,-0.0018813089851507354
2024-12-20,0.009690776311139739,0.010346138862882876,0.008720499594052075,0.0034547443123527314,0.007494952573887085,0.010710195194199934,0.010758832461881938
2024-12-23,0.0032840045742461256,0.0036620169499109413,0.0029475518550215107,0.0017848853681443123,0.002568227124976669,0.0035116627123035447,0.003523975293174148
2024-12-24,0.009229111151278654,0.010082896437507274,0.008267893804537515,0.007764942222335243,0.0071169132206684305,0.010449104387309179,0.010490304538902014
2024-12-26,0.0018401448275976535,0.0020326345862214483,0.0016106036286472772,0.001977973792476773,0.0013511654877832856,0.0024587192508128235,0.0024721610094146046
2024-12-27,-0.009565599431149416,-0.010518824395711888,-0.008539246779498143,-0.009928473987005386,-0.007339981832025566,-0.011111540946161782,-0.011157358239818305
2024-12-30,-0.009437651820143859,-0.010236580658184162,-0.008481200054766935,-0.010608430761867134,-0.007309551364014065,-0.010513621441795183,-0.010554291206785749
2024-12-31,-0.002537988642372023,-0.002656767660641057,-0.002263559204575972,-0.00286354603569742,-0.0017887729532982096,-0.002843275023577769,-0.002848408790511327
2025-01-02,-0.0020244136620282036,-0.0020556608822376956,-0.0018491364529060663,-0.0010920670085263846,-0.0015344400409915396,-0.0020566074938034033,-0.002063388043586954
2025-01-03,0.010839720670348512,0.011596983831548661,0.009901349443493565,0.011274655968640902,0.007955019900893624,0.012573780260962631,0.012625627395925933
2025-01-06,0.003692439451353022,0.003975999121713929,0.0032844917865730754,0.0037956330366829432,0.00268388885304131,0.004227762150985571,0.004239936031407736
2025-01-07,-0.008652335870640836,-0.009266656524996985,-0.00789137864213206,-0.008952801768714398,-0.006354287672304647,-0.009964966751348841,-0.010000977810417746
2025-01-08,0.0002223747418247028,0.00013397382333453858,0.00014716182787057248,-5.143025220676143e-05,0.00020260205281744434,-5.8565959491233054e-05,-5.981594352694057e-05
2025-01-10,-0.014420491643619967,-0.015632135191209935,-0.013689604629435428,-0.015126213608042182,-0.010919563123078018,-0.016858248586293877,-0.01692974459252321
2025-01-13,0.0027160062974970387,0.002620072680631107,0.0024934694672104135,0.0016210971613981506,0.002051396585622166,0.002617234763779801,0.0026303991132204216
2025-01-14,0.0033554944239982246,0.0035774589248126843,0.003230793765041518,0.0034132529260867475,0.0024862361452406678,0.004037431360539214,0.00405768403827474
2025-01-15,0.016147943589126055,0.017631721204880036,0.015302866172581416,0.015278761080816178,0.012267075616952824,0.01892966432969025,0.019004445911177142
2025-01-16,-0.001591886576655296,-0.00196534291980152,-0.0016157026362101585,-0.0016323026138788301,-0.00099245990123827,-0.002068986174043866,-0.0020412133496271983
2025-01-17,0.007918730703789994,0.00905691041659763,0.0077557138138514645,0.007621257634506768,0.005493799368427653,0.009505134396402829,0.009622527294953888
2025-01-21,0.009614812594300531,0.010564753377092012,0.00938965853204913,0.010280846619063247,0.006726199873301369,0.011060402784239708,0.011520762091566635
2025-01-22,0.00319256612608387,0.0037681552191368662,0.0031145894892199147,0.00334719966891709,0.002198714254244763,0.003584499355397651,0.0037635337676183624
2025-01-23,0.005820270865586602,0.0053839582042776645,0.004849884469841444,0.005031560918063474,0.004142113657480352,0.005855700085099549,0.005624967910645532
2025-01-24,-0.0031903840528022826,-0.0032557130043621343,-0.0028023857311140275,-0.003124657088647971,-0.002224364722336604,-0.0034976981119976868,-0.0034997805138628183
2025-01-27,-0.009066738381946979,-0.0095148277001463,-0.007748727761172405,-0.009389631489703775,-0.005714664621295445,-0.010540820182113412,-0.010551568242480835
2025-01-28,0.006062146566676346,0.006382597265145623,0.005376573845707978,0.006018917565171763,0.00410137700048461,0.006749938706719994,0.006765073421618661
2025-01-29,-0.0028300812541495472,-0.002828519599058631,-0.0025109193702464627,-0.0026530311121074754,-0.0020165009006692224,-0.0029568036675315726,-0.002968493364836593
2025-01-30,0.005262104737810579,0.005143466531225721,0.004506493182626832,0.005061369740533826,0.0036563972161031103,0.005667746471569144,0.005671435513487733
2025-01-31,-0.005718315874059824,-0.005555635680196514,-0.005171113851176137,-0.005348553262893201,-0.0041434754674234955,-0.005970310426815448,-0.005978242932808055
2025-02-03,-0.00625556534764945,-0.0061834602923634295,-0.0055662937125071045,-0.006102038127412685,-0.004263805386329891,-0.0068389655383814425,-0.006843507913926891
2025-02-04,0.007590110641414758,0.007563525172596354,0.006729297684375753,0.007503867563991115,0.0051224852285446905,0.00843083876816697,0.008428497765384492
2025-02-05,0.006075883852531249,0.005927660662598755,0.005458117003708941,0.005168795876045926,0.004319254901090846,0.0065036986806888,0.006502179886073729
2025-02-06,0.0004663016502245822,0.0006573839263927783,0.0003876921803760467,0.0005105370269705098,0.0001967765242858018,0.0006147968069385879,0.000626094421145208
2025-02-07,-0.00979281407674087,-0.009813701077192372,-0.008789047301169686,-0.01075988472006789,-0.0068908149828816705,-0.010576561019295841,-0.010585510024941075
2025-02-10,0.005938708706459982,0.006104106116811695,0.005295390184612819,0.006562302603765117,0.004064690115839818,0.006559656366994564,0.006567447092531142
2025-02-11,-0.0005015850315640623,-0.0004250226144569874,-0.00038657066374375785,-0.0007289386912289705,-0.00019286520970182276,-0.0007412604176377884,-0.000729448090499306
2025-02-12,-0.003887254444257692,-0.0038244991844826946,-0.0033637791462669373,-0.004191471879188065,-0.002363126380896554,-0.004192445800314877,-0.004194431095125129
2025-02-13,0.01013207262352329,0.009943673462928335,0.009186983473691825,0.010718163966817663,0.007934430699988674,0.010713728568671168,0.010726351378946276
2025-02-14,-0.00027689983633497094,-0.00016162965546373095,-0.00018140811415635026,-9.29287111623974e-05,-0.0005122681855229647,-8.923718961124021e-05,-9.289167084015738e-05
2025-02-18,0.0024476045697331816,0.002246879054403549,0.002112568583203177,0.002525732687380646,0.0018280737615625985,0.0025263076354994866,0.002527574850841472
2025-02-19,0.00044293564992871435,0.0007178503286558486,0.0007199362200562589,0.00047094845862471514,0.0006038308559781407,0.00045851269797005795,0.00047136168889249573
2025-02-20,-0.006771321013233501,-0.006587523299696421,-0.0064004246187034115,-0.006864961825715634,-0.005833698628499054,-0.006868862622901253,-0.006869986218462837
2025-02-21,-0.0201155192001971,-0.01944378348089286,-0.019313807643582943,-0.020462770289309512,-0.016761197030747785,-0.020468022216775024,-0.020478009053996795
2025-02-24,-0.004958271632718239,-0.004794601158611076,-0.00429966163472749,-0.0052002246921887575,-0.003422249777945384,-0.005207304530153739,-0.005204335950441318
2025-02-25,-0.003691659923851385,-0.0036102819345050093,-0.0034539192947177187,-0.003076977443618115,-0.0024226719167277713,-0.003964835922400937,-0.003966085521695601
2025-02-26,-0.00030574457629214155,-0.00033421559852252127,-0.00029216750289889925,-0.00020320300655924078,-0.0005719450898238189,-0.00025219818877455895,-0.0002551844402224486
2025-02-27,-0.014523744275963577,-0.014168017509223559,-0.013267419964899035,-0.0120703407983254,-0.011099058010877814,-0.015091255056817937,-0.015104371237134295
2025-02-28,0.01368731500085946,0.013438082598950709,0.012133575136001754,0.011163612658741329,0.011398882464584804,0.01398901488993284,0.014019414438855779
2025-03-03,-0.018228307987743345,-0.018359980767148513,-0.016520049392832623,-0.013140473676462979,-0.014521987864545366,-0.019409993066381047,-0.019419978757574962
2025-03-04,-0.010637920133546402,-0.01065988608293863,-0.00960888035685818,-0.007575016836491918,-0.008465742921211387,-0.010895137600291866,-0.010924642478919238
2025-03-05,0.010457042883640374,0.010476950445587638,0.009681624988916468,0.007778209579297557,0.0076151190482484565,0.011250100114685545,0.011265820561794409
2025-03-06,-0.01568002206190478,-0.015713201350510325,-0.01460499124834459,-0.011924270882301313,-0.011282149944682828,-0.01719480144775455,-0.017214786822954888
2025-03-07,0.0049019564636224346,0.00491019351096675,0.00455699434523814,0.003647877060580243,0.0031454027605208523,0.005285202985315122,0.0052944261406867
2025-03-10,-0.024646582985455853,-0.024697843201284722,-0.022875310684691768,-0.01747043264426218,-0.016590212532548387,-0.026846764693365992,-0.026877998266079697
2025-03-11,-0.005928541588743565,-0.00615470661625493,-0.005613867003550618,-0.003791936993571221,-0.004095566536602676,-0.00619773904911597,-0.006291639535554275
2025-03-12,0.0025671452471044227,0.003214712083262878,0.002567767065156118,0.002263207121303143,0.0019243256834980105,0.0032387037558161726,0.0037631340039996717
2025-03-13,-0.012166689175017233,-0.013351579744509897,-0.01153987079154102,-0.00872553570639054,-0.008555909457828461,-0.013660429003776378,-0.01449339110079114
2025-03-14,0.01724982266215546,0.01919808444848182,0.016594282604915165,0.012463021652478588,0.01221089091732945,0.01970255541499267,0.020823912142154496
2025-03-17,0.007467448099583684,0.007952921533577111,0.006786598980618593,0.005293968421723554,0.0048196809778648835,0.008482184512058524,0.00877697865807674
2025-03-18,-0.008086385747109993,-0.009110444597724364,-0.007487705730379797,-0.00616702033632765,-0.005580445773490522,-0.009429789632253627,-0.010180517653640316
2025-03-19,0.00971052924683248,0.01058858868419414,0.00889119783946967,0.00798883526191013,0.006466216225245912,0.011229443926117376,0.011814440579627642
2025-03-20,-0.0026454648791509614,-0.002525718602784599,-0.0021064683877802534,-0.0020548384840913324,-0.0015606058936584212,-0.00287037145717273,-0.002929702224624848
2025-03-21,-0.00014790292703153286,-6.92579950316966e-05,-0.00014047859082776964,-0.00011387653354811001,-5.5468645593402845e-05,-0.00020815142284088357,-0.0001588280754753863
2025-03-24,0.014073338229367603,0.016832993006818987,0.014110947863699388,0.013168389866548473,0.01031326398403914,0.01733956521309976,0.01880938886990995
2025-03-25,0.0006679435173153385,0.0009604989139070341,0.0006722107538528263,0.0006953816201000363,0.0004816577596702296,0.0008270892195394652,0.0009902320256744365
2025-03-26,-0.007610887818023375,-0.009335369992014536,-0.007609272443529606,-0.009519682677604946,-0.00534566453000089,-0.009534037951546594,-0.010562001863057065
2025-03-27,-0.0029668520201509684,-0.0035631828047994,-0.0029768588165931266,-0.0036060812727885783,-0.0020578807125671184,-0.0036192169702201266,-0.00401076310158565
2025-03-28,-0.015427812941687042,-0.01851892791976527,-0.01548285621842934,-0.01844063752321256,-0.010746595870896852,-0.018310827638374855,-0.02051905569279849
2025-03-31,0.003214931703247775,0.0037148594303336967,0.0032666219710525183,0.0031328929412188216,0.002213102217252086,0.003575765971287711,0.003491998028523745
2025-04-01,0.0016198115513550403,0.0021336246817928663,0.001612064868858723,0.0011090274153032604,0.001120477677209135,0.0019378389411982707,0.0024834631543065944
2025-04-02,0.0062992888854988575,0.007469337133712917,0.006311415452499126,0.005970479658552357,0.0044016852961107225,0.007645851345034717,0.008492584237887223
2025-04-03,-0.037864156011593146,-0.04523623228899642,-0.037975674476394466,-0.035511726727830456,-0.02645563053080212,-0.04531248111593401,-0.05036534689659962
2025-04-04,-0.03777828974379731,-0.047162781928619245,-0.03842351138701996,-0.03834727646035378,-0.026161725522972735,-0.047808501653085804,-0.05523837939387962
2025-04-07,-0.004910772223806613,-0.005872924516719015,-0.006177177498351092,-0.007946460375358505,-0.0025119846038346807,-0.00860605832317889,-0.004684789583180394
2025-04-08,-0.00831249651167717,-0.01092599940014989,-0.007974938361739903,0.0032047045205674876,-0.005827414206452962,-0.009936153683918491,-0.01629707359202868
2025-04-09,0.04693977628143804,0.06395077125740435,0.044764834702411854,0.026344736860671028,0.03415914195030519,0.056873561976014994,0.0926711199446859
2025-04-10,-0.015698866552646,-0.021717073544199602,-0.015237279762402332,-0.010514605771220284,-0.011200403993967923,-0.019298505533080497,-0.03472054268394282
2025-04-11,0.005374763222972827,0.008310938469523882,0.005372219661999341,0.0069495270368405745,0.003715026209953413,0.007044127191829116,0.016403760755793143
2025-04-14,0.0030493875269863597,0.004771602989106047,0.003048399246657821,0.0037261729683771283,0.002111423404034682,0.003990025237549259,0.00919807924101834
2025-04-15,-0.000548114117682795,-0.000860135101196433,-0.0005482958237435027,-0.0005633332176831337,-0.00040753198805577867,-0.0006900177510285236,-0.0013833317103511607
2025-04-16,-0.0065629139616086695,-0.009943353284595724,-0.006558634149828507,-0.008845653433971793,-0.004532571778411639,-0.008593713407375525,-0.019858644327349826
2025-04-17,-0.0008531008699759692,-0.0011717993970043433,-0.0008530541892632764,-0.0007791839820433235,-0.0006949891830469585,-0.0010158185808610263,-0.0015944504099683501
2025-04-21,-0.007759304299882901,-0.011993151142689791,-0.007755873270926167,-0.011145555943792127,-0.0053836362933099655,-0.010148689999998278,-0.023446785878976823
2025-04-22,0.00845333610992586,0.01316144311190386,0.008449753653754622,0.012518584591656683,0.0058456762309166705,0.01108813841975152,0.02599159766408594
2025-04-23,0.004965340679487682,0.007617641232415128,0.004962179215519022,0.00774256537414433,0.0033937200433816544,0.006542804221707909,0.015490879438584874
2025-04-24,0.0064822151410725715,0.009946159671384285,0.006478205623422278,0.01011078393189402,0.0044301932400072795,0.008534473644126976,0.02005817277403167
2025-04-25,0.0014695369605037926,0.002178371731343929,0.0014679024453234037,0.0024105947232593745,0.0009826956444897391,0.0019532254385863064,0.004715891950091296
2025-04-28,0.0006717835345859472,0.0010657520974583505,0.000671807649754924,0.0009621613640567833,0.0004755051107607941,0.0008679648871190901,0.001899048003815838
2025-04-29,0.002177096452098251,0.0033389249020364556,0.0021761906967861645,0.003821359181765842,0.0015207343715124039,0.0028315419399266477,0.006352590871492895
2025-04-30,-0.0001119539032507782,-0.00023444050082196095,-0.00011197450642525615,-0.0003463618744294034,-4.85719622724336e-05,-0.00017289227491090948,-0.0005685012311730873
2025-05-01,0.0022842129550890954,0.0034590276704000887,0.0022101801605509406,0.003935104718398023,0.0015521563489225274,0.0030102474512277004,0.007034815399987341
2025-05-02,0.005501486382515033,0.00849187955840091,0.006106975152839313,0.00979533828319191,0.003804187190132257,0.007186534368979613,0.016287269538707953
2025-05-05,-0.0016019201569759886,-0.0024739206846397035,-0.0018922278498799958,-0.0029513294500910286,-0.0010877893813485296,-0.0021092007885276853,-0.004876771548299843
2025-05-06,-0.003314184364953077,-0.005079775694476,-0.0038721015281659205,-0.0057997033386778815,-0.002310861335477972,-0.004308868539482581,-0.00959957975599585
2025-05-07,0.001674931657439112,0.002556156697808791,0.0020801491106219845,0.0028479758892525336,0.0011847866146804603,0.0021631040425607096,0.0047301813190515655
2025-05-08,0.0034280838773294567,0.005306221016658216,0.004278113986238273,0.006162976404224216,0.0023567050985653553,0.004488940475570496,0.01022519935554887
2025-05-09,-0.0006587782107029507,-0.0010168517892498981,-0.0008119608116934629,-0.0010808597444922534,-0.0004735917821288738,-0.0008980696909531486,-0.0017807732963420033
2025-05-12,0.011724298361952176,0.017576925434026582,0.014386758917222537,0.02043692469255162,0.0081369078597713,0.016003926067799205,0.03380265288388921
2025-05-13,0.002042875131578644,0.0017998122374964832,0.001604349207833233,0.002630439966996156,0.0015348419193928426,0.0026749394705413198,0.004312534030647675
2025-05-14,-0.0008336198732399524,-0.0006505391219757522,-0.00039970863161008127,-0.0008322332085711863,-0.0003926230353472807,-0.0011333337882084272,-0.0008520197200385887
2025-05-15,0.003287166796043626,0.002814450753314277,0.0022355343920272704,0.003988472569623857,0.0021769408297599878,0.0044608338938113105,0.004989645025343493
2025-05-16,0.004417238794971514,0.0037834092972508625,0.003219295855991892,0.00549709929002269,0.002962210238388972,0.005978425907952211,0.006869117152252794
2025-05-19,0.0016369759942252951,0.00034149998062246647,0.0007032640120812495,0.000417635222064805,0.0006357473776274168,0.0018912724010602354,0.0005238050504306804
2025-05-20,-0.0017683116978441504,-0.0012365973326925784,-0.001191988332170888,-0.0018648900811973515,-0.0011071507184017577,-0.0022707292847073453,-0.00232823486618582
2025-05-21,-0.015568333390230936,-0.010528330308730068,-0.009762563974744409,-0.015434072718960246,-0.009851139667693418,-0.018460859624279995,-0.01926426160243133
2025-05-22,0.0004388371060207768,0.0002470010843148665,0.0002483035210235166,0.0004234763721816339,0.0002764906252709154,0.0005310384054933056,0.0005308396755665162
2025-05-23,-0.005490781422685281,-0.0032867315126745055,-0.0032979416135837775,-0.005009029079113328,-0.0034720862450978987,-0.0062084621570750245,-0.006277351975230269
2025-05-27,0.01830050160281578,0.011358438851162705,0.01120927392398749,0.017147769250893813,0.012204317521755803,0.020949808808574763,0.021517998344452952
2025-05-28,-0.005421842606342615,-0.003491795997651567,-0.0033903131027875387,-0.005142002162007488,-0.0038640739989588687,-0.0061865248254256225,-0.006423642741712895
2025-05-29,0.002498028529378609,0.001556929471605642,0.0015126368550718882,0.0023016801713053475,0.0017961650173504333,0.002812893250210992,0.00287970939071594
2025-05-30,-0.0011422719981441817,-0.0007954246848476533,-0.0007752048986947537,-0.0012591978865460663,-0.0008079761399701121,-0.001463284423040757,-0.001574040928606904
2025-06-02,0.003978865172108072,0.0023895021193255433,0.002579508904561066,0.0037342424320660613,0.0027797669577199827,0.004611331561194269,0.0046705400683617814
2025-06-03,0.006844086436197922,0.004446585199850912,0.004679401700076264,0.006704622830746994,0.004826952426654448,0.008021003894545615,0.008379196133584507
2025-06-04,-0.0007896395168534315,-0.0005863014790381374,-0.0005911615775016992,-0.0007005353522799811,-0.0006012094890152308,-0.0007958703645307783,-0.0008744439562884318
2025-06-05,-0.00315662249609853,-0.0018137520220197257,-0.0022739294724926015,-0.0028722038759997435,-0.0021948937195205784,-0.0036060552613388953,-0.0035824535867480726
2025-06-06,0.00967628813285299,0.006153922599000007,0.006788136528858268,0.009119725428850192,0.006866900091545622,0.011023333700712568,0.011385705701657502
2025-06-09,0.0015308559416701219,0.0010771790308755206,0.0010974860914507438,0.0016477568490587565,0.001089190925583434,0.0019056708497786653,0.002049842452531758
2025-06-10,0.00442747346421316,0.002749078247561408,0.003207861180047721,0.004191338100396251,0.0031379156532101975,0.005107171942445811,0.005218546605644379
2025-06-11,-0.0019740344892466605,-0.001258138894322166,-0.00172877701790158,-0.0019693838997594474,-0.001403654699969998,-0.0023692808911497795,-0.00244764529402462
2025-06-12,0.0017254297015610722,0.0007169803509585852,0.00113575840342434,0.0010663586848516627,0.0017872401529519944,0.00142228251182324,0.0013313194454320145
2025-06-13,-0.014303958306849726,-0.008244194771242405,-0.010577272121563352,-0.011995726417462221,-0.011321637185911565,-0.014503111444288085,-0.014926463253246088
2025-06-16,0.010123735985480907,0.00559666782086102,0.0073120694741739545,0.00849031356394557,0.007965736067786612,0.010346804547285246,0.010594107903388737
2025-06-17,-0.008557087324905092,-0.004820592990642423,-0.006268107395567725,-0.007209820888216175,-0.006733344579956529,-0.008748915070126938,-0.008977641680730095
2025-06-18,0.0007736354236758699,0.00046133559497158014,0.0004229952631968592,0.0007084284966446995,0.0003469878003832752,0.0007659583482399379,0.0008823763758123959
2025-06-20,-0.0017909880856185809,-0.0009167449624121794,-0.0013310619697941427,-0.0007542210385523178,-0.0013774184794125989,-0.0018652434135839283,-0.0018942684730703283
2025-06-23,0.009847871105508537,0.005552835579776313,0.007957313236672925,0.007187594187706507,0.007752593898095116,0.010069743532563612,0.010336850243991292
2025-06-24,0.01205242918353888,0.0067568791513445275,0.00980670794931501,0.008764636870860062,0.009716100938952123,0.012290945397465024,0.01256496103867964
2025-06-25,-0.002081032110885632,-0.001360684112788424,-0.0014516652769405347,-0.0016052762293190283,-0.001406760929880196,-0.0020372295810437086,-0.0022943783179224866
2025-06-26,0.009870244062890061,0.0056611130562170585,0.007889565324221661,0.008667089088907488,0.007889080829174005,0.01002388349824788,0.010377243337563263
2025-06-27,0.004832101525465895,0.002839414925973999,0.004261793244665478,0.004445725101832874,0.00438919710097656,0.0049156829825121534,0.004946364643394627
2025-06-30,0.0045257161490287814,0.0026000056142491774,0.00384792062542129,0.004260317720335033,0.004192723338756126,0.004709336505758697,0.004738331229399317
2025-07-01,0.002996842383098725,0.0020417576897138958,0.0024828561451907256,0.002682565981859006,0.0021846717212927655,0.002707019586709894,0.002978925595711781
2025-07-02,0.00555521195187289,0.0029581462025709835,0.004478730832113099,0.005108870969302144,0.00420319042846805,0.0054067721594628325,0.005681794422910784
2025-07-03,0.008348401615509567,0.004669994702744725,0.007298835012649709,0.0076857391876926666,0.0071242637356387865,0.008346237876422309,0.008537903478323302
2025-07-07,-0.009244802667359173,-0.0052628045274954495,-0.007898786329236917,-0.008489231765693165,-0.00760502189075008,-0.00910231139879457,-0.00941979777896867
2025-07-08,0.0002656950302150275,4.646034797825378e-05,-9.476244247234981e-05,0.00023417894072272577,-0.00023491222237753955,0.00012878892833680008,0.0002610094899293665
2025-07-09,0.006799696610331486,0.0037888801335658516,0.005806352651786827,0.006254062689191903,0.005597712998339469,0.006726823306233165,0.006947064709501105
2025-07-10,0.0028039296159483008,0.0017227298127033331,0.002429034807363322,0.0025900670117287093,0.0023757733180661683,0.00275303936918731,0.002872977966923144
2025-07-11,-0.006215739561090537,-0.0036003287964249337,-0.005204711036907634,-0.005684395572915505,-0.00487554510752594,-0.006005355537086091,-0.006303771137150935
2025-07-14,0.0033601413088603154,0.002822834411559631,0.002826602334916017,0.0030673760007497637,0.0026127651345081364,0.003262630556114564,0.0034057688574864837
2025-07-15,-0.007872159176615491,-0.006390703651672809,-0.006484364226701702,-0.007191103164862139,-0.006101353792986235,-0.007540219435420211,-0.007976258798954649
2025-07-16,0.0044951979530618085,0.0038003180279619774,0.003935981071527232,0.004264114375939717,0.0037074160096959487,0.0045174672308682445,0.004736857758662186
2025-07-17,0.007296816518353413,0.006455558258000423,0.00682661576965979,0.007206268804200988,0.006531529240699476,0.007731271114777388,0.008001922195688458
2025-07-18,-0.002642235076454527,-0.0023384824014218747,-0.0023870781463288114,-0.0026667264799796705,-0.0022430302964776003,-0.00279975596075098,-0.0029573150804708083
2025-07-21,0.0010562359821488878,0.000986288886032918,0.001054211058858421,0.0008373954370060573,0.0010843868400826685,0.0010220196401418626,0.000930839346945063
2025-07-22,0.0012899241609182518,0.0011357370094288682,0.0011411349933397729,0.00148739233642258,0.0010636351800858664,0.0014572843683853544,0.0016499891051151364
2025-07-23,0.009181102736410292,0.008608541824917892,0.00863723570226702,0.009046085729486604,0.008628982371170614,0.009696861929785928,0.010035627017453542
2025-07-24,-0.003772255277069066,-0.003508351366540218,-0.0033360377578154055,-0.003922601834843479,-0.0032405325137837,-0.00403028278906842,-0.004342633245522937
2025-07-25,0.003438905234132393,0.0034129034530971276,0.003288077352175481,0.0035561772349667984,0.0033247149288584605,0.0036099678957174086,0.0036904173319034423
2025-07-28,3.668898127342797e-05,7.777004345712287e-05,2.692264362219391e-05,-9.853203486791404e-06,6.474512626799522e-06,2.0108092783614164e-05,-1.1264629186584324e-05
2025-07-29,-0.003351907226712978,-0.0032939958380755335,-0.0033837032640565926,-0.003689385568076682,-0.0031008284990075696,-0.00355080009595659,-0.003696011306512893
2025-07-30,-0.0019439958414383118,-0.0018619210784684896,-0.0018901848465906889,-0.0021788919739234073,-0.0017907735567858191,-0.00206663153532748,-0.002184009761387363
2025-07-31,-0.006087415592414873,-0.005956337098705739,-0.005834035038160186,-0.006584564491294784,-0.0056430675788391995,-0.006378446069163145,-0.006594672233169808
2025-08-01,-0.015618111528434932,-0.015632973502025964,-0.01519692054057842,-0.01686643159992814,-0.01469285783213828,-0.016471229853260546,-0.01688848501503398
2025-08-04,0.015659614138774747,0.01561211005298418,0.015193613267680445,0.016968503448334643,0.014655677154968953,0.016523940396161597,0.0169923148852905
2025-08-05,-0.0022718977095260405,-0.0023382055007243373,-0.002199041048698125,-0.001003838419085973,-0.0024491511667427846,-0.00227779432905056,-0.002148205368947848
2025-08-06,0.0050119707588449115,0.005129672410409635,0.004857361865549312,0.004294911149607218,0.004949828892468524,0.005184225102659373,0.0051291143082994066
2025-08-07,-0.0013692829815574856,-0.0012369571810085145,-0.0013136320269232836,-0.001365614464644888,-0.0013143981322239983,-0.001429556864200022,-0.0015199616360246676
2025-08-08,0.005798670712051084,0.005829635540767068,0.005635530719876255,0.005459824768782477,0.005670721344995995,0.00603539904342047,0.006070617609615139
2025-08-11,-0.002469086350886487,-0.002388746136655279,-0.002326854764387141,-0.0022668845892859363,-0.0024288794293593997,-0.002508763681031337,-0.0025198031403090774
2025-08-12,0.013593893701321866,0.013550733401536619,0.013253011353595828,0.014610362954429888,0.012331346389118838,0.014510673433470346,0.015134473675161315
2025-08-13,0.007505161208774379,0.007279711715177637,0.00725382740219367,0.008383010069228267,0.006512083678855356,0.007984543727001886,0.008423932630071181
2025-08-14,-0.0026396594955365137,-0.002628610685988818,-0.002573652117365487,-0.003178124325837413,-0.0017378462553921839,-0.002927331865711387,-0.0031967524121144187
2025-08-15,-0.0019991797802098865,-0.0021005208298402194,-0.0019022570872840054,-0.0022500317272481805,-0.0015374860575764525,-0.002179172079036059,-0.002260975295596003
2025-08-18,0.0002323050574676836,0.0002616809884463658,0.00018410009428171094,0.000388622110028245,-1.0844026555355157e-05,0.000316514869221845,0.00039224512426663566
2025-08-19,-0.005610421429912621,-0.0057556590894229775,-0.005298748720317663,-0.006049575616477256,-0.004599174788972752,-0.005945684005674307,-0.006076207848206149
2025-08-20,-0.0025747836718419148,-0.0026414761822115477,-0.0024389116526005845,-0.002772530266434361,-0.0021336992884083534,-0.002728317193398567,-0.0027847205729533086
2025-08-21,-0.002424716071674454,-0.002421754331654336,-0.002383284101548004,-0.0023964002828550397,-0.0024639556357843144,-0.002459174773667417,-0.0024035783164142494
2025-08-22,0.019553840295268125,0.019365097366148644,0.018227437812706214,0.0214751102887391,0.016584245885126005,0.020750395759547045,0.021574521250210095
2025-08-25,-0.005572818159826404,-0.005620476554464549,-0.005355560620855499,-0.006231335407320345,-0.004649340069698509,-0.006039616917840291,-0.006258591437894867
2025-08-26,0.004061053087570544,0.004253978080447271,0.004002246643299839,0.00465900471063717,0.0032495516493406926,0.004519077823794026,0.00468003185942147
2025-08-27,0.002976993638031224,0.0030987574554154464,0.002919912672011694,0.0034732555312954987,0.0023642434921899097,0.003340240490086288,0.0034893316215961583
2025-08-28,0.002955314137847039,0.0030102667676373328,0.0028560927902347593,0.003098923295330144,0.0023786580502594443,0.0030964747310226414,0.0031107308486137387
2025-08-29,-0.005209549234937888,-0.005402207503246213,-0.005063069042164888,-0.005604786459793841,-0.00413944568062378,-0.00556254065199337,-0.005627384045000084
2025-09-02,-0.006119504289787072,-0.006250900635041877,-0.005969103840083553,-0.006607727733099974,-0.004987248757392443,-0.0065321850684527324,-0.006634148523015581
2025-09-03,0.002699239810093303,0.002817281954996243,0.0026711778133617268,0.002751800148350282,0.002243113240111505,0.0028050255501427066,0.0027615362624634167
2025-09-04,0.008393976678666731,0.008631447306292148,0.008184782121071035,0.008550741451511539,0.007528226628792178,0.009128940538672248,0.00937708746202565
2025-09-05,-0.000885276114556177,-0.0007075676490093563,-0.0008473346227819348,-0.0005632230391036703,-0.0012117882408454598,-0.0007128297246623912,-0.000624367276308529
2025-09-08,0.002752876334395277,0.002783058076029252,0.0026380561874575713,0.0026945257736612563,0.002497378033784513,0.0029019793992264304,0.002941111400786371
2025-09-09,0.0014640574001880185,0.001260245719068203,0.0013304204517576913,0.0011251392901584609,0.0016410513287004036,0.0012408947331085415,0.0011258690892986792
2025-09-10,-0.000772121200185024,-0.0006091868156151496,-0.0006516855552689329,-0.0008062387740706369,-0.000636272250530418,-0.000749140060670129,-0.0008064068385948047
2025-09-11,0.009967997213325554,0.010193323150329489,0.010041210983900643,0.011293525539960323,0.009090758721587577,0.010929634905791808,0.01131703469468347
2025-09-12,-0.002420850697234348,-0.0023353314842470226,-0.0024100798299996895,-0.002895147212264824,-0.001964271608700134,-0.0026760075965113583,-0.002899109576619005
2025-09-15,0.0044715335712908495,0.004548574716961443,0.004360793399364311,0.004759449532761353,0.004124716281832185,0.0047043797209449945,0.004772191475774975
2025-09-16,-0.001630809067959102,-0.0015858906483536938,-0.0015666701090822606,-0.001726180448859088,-0.0015330389834531534,-0.001691364941842795,-0.0017292460924099304
2025-09-17,0.0012615852299295805,0.0010848750866341908,0.0011262697622696487,0.001342173059699622,0.001100710166230734,0.0012655637490695385,0.0013426980306805259
2025-09-18,0.008372087027961632,0.008453689704187825,0.008200303842294188,0.009514781330667849,0.006706701259548466,0.009064294778009682,0.00954056692977476
2025-09-19,0.002400359719632865,0.00238867725402862,0.0022722795943041496,0.0021739058437608913,0.0028328188526810802,0.0023344965548953737,0.0021780164679337135
2025-09-22,0.00397091118973657,0.004044356821903173,0.003913766454911823,0.004317170813122776,0.0035727146045032966,0.004224436546391326,0.00432818372360183
2025-09-23,-0.003652454709935789,-0.003731189657673115,-0.003590839125065634,-0.0038476942057280774,-0.003489342497309924,-0.0038320401624924285,-0.003857399888940053
2025-09-24,-0.004826693553977206,-0.004402205560810318,-0.004312950491008279,-0.0048773144029597044,-0.0042129561915646005,-0.004705749912140353,-0.004888293480857438
2025-09-25,-0.0052021992134967015,-0.004819305540785,-0.004714337831625174,-0.005290953984471949,-0.004581560162950115,-0.00511944086379554,-0.0053033565769558515
2025-09-26,0.006067435811555276,0.005665436748893038,0.005566436260635587,0.0061768527927438584,0.005526240796829025,0.006016346848941709,0.006189925601488669
2025-09-29,0.002409508374362594,0.0023848166456891563,0.002291273087784122,0.0024642846747214243,0.0023057182941078665,0.002457672881708551,0.002470315258867878
2025-09-30,-0.0011082149341051046,-0.0010224269645632829,-0.0010082187413364774,-0.0011289276511740301,-0.0009857457968411366,-0.0010911284500713077,0.0023799960807349345
